split,participant,sequence_id,target_definition_version,capture_timestamp_basis,status,eligible,reasons,receiving_hand_id,receiving_hand,handover_start_timestamp_ns,handover_end_timestamp_ns,handover_event_start_timestamp_ns,handover_event_end_timestamp_ns,handover_duration_seconds,aggregation_start_timestamp_ns,aggregation_end_timestamp_ns,aggregation_event_start_timestamp_ns,aggregation_event_end_timestamp_ns,aggregation_capture_start_timestamp_ns,aggregation_capture_end_timestamp_ns,target_capture_timestamp_ns,target_capture_aligned_event_timestamp_ns,target_capture_lag_seconds,stable_window_lag_seconds,candidate_rows,candidate_unique_captures,valid_samples,valid_ratio,valid_span_seconds,position_p90_deviation_m,orientation_p90_deviation_deg,target_timestamp_semantics,future_endpoint_policy,future_handover_endpoint_rows,strictly_before_aggregation_handover_endpoint_rows,partially_overlapping_aggregation_handover_endpoint_rows,already_observed_handover_endpoint_rows,overlap_interpretation,target_x_m,target_y_m,target_z_m,target_qx,target_qy,target_qz,target_qw
test,Edu,Edu_10_20260616_150412,terminal_endpose_unique_hand_capture_v2,hand_timestamp_ns,accepted,True,,1,right,3130712220000,3137078886000,3130712220000,3137078886000,6.366666,3136578886000,3137078886000,3136578886000,3137078886000,3136603912000.0,3137003922000.0,3137003922000.0,3137012219000.0,0.074964,0.0,14,14,13,0.9285714285714286,0.40001,0.011562904702967574,2.7630297063361886,latest unique valid physical hand capture used by the accepted robust aggregation,endpoint timestamp_ns < target_capture_timestamp_ns,189.0,177.0,12.0,3.0,"Endpoints inside the aggregation-capture interval are terminal-state estimation with partial target evidence, not fully pre-aggregation forecasting. Endpoints at or after the final target capture are masked.",0.2387268841266632,0.8014732599258423,-0.10167603194713593,0.47628337144851685,0.5094305872917175,0.5249170660972595,0.48795151710510254
test,Edu,Edu_2_20260604_170420,terminal_endpose_unique_hand_capture_v2,hand_timestamp_ns,accepted,True,,1,right,7541112241000,7544012241000,7541112241000,7544012241000,2.9,7543512241000,7544012241000,7543512241000,7544012241000,7543537268000.0,7543970600000.0,7543970600000.0,7543978908000.0,0.041641,0.0,14,14,14,1.0,0.433332,0.04440059561612941,10.761929450422649,latest unique valid physical hand capture used by the accepted robust aggregation,endpoint timestamp_ns < target_capture_timestamp_ns,86.0,73.0,13.0,2.0,"Endpoints inside the aggregation-capture interval are terminal-state estimation with partial target evidence, not fully pre-aggregation forecasting. Endpoints at or after the final target capture are masked.",0.3222968578338623,0.6817772388458252,0.028194677084684372,-0.09989653527736664,0.36480414867401123,0.766560435295105,0.5189641118049622
test,Edu,Edu_3_20260604_170622,terminal_endpose_unique_hand_capture_v2,hand_timestamp_ns,accepted,True,,1,right,7666945573000,7670712239000,7666945573000,7670712239000,3.766666,7669445573000,7669945573000,7669445573000,7669945573000,7669477311000.0,7669943849000.0,7669943849000.0,7669945573000.0,0.76839,0.766666,15,15,15,1.0,0.466538,0.038162534506635155,11.979262508184878,latest unique valid physical hand capture used by the accepted robust aggregation,endpoint timestamp_ns < target_capture_timestamp_ns,90.0,76.0,14.0,24.0,"Endpoints inside the aggregation-capture interval are terminal-state estimation with partial target evidence, not fully pre-aggregation forecasting. Endpoints at or after the final target capture are masked.",0.11493513733148575,0.40598538517951965,0.09133811295032501,-0.40391111373901367,-0.39222756028175354,0.3483380079269409,0.7494491338729858
test,Edu,Edu_4_20260604_170837,terminal_endpose_unique_hand_capture_v2,hand_timestamp_ns,accepted,True,,1,right,7807378905000,7811678904000,7807378905000,7811678904000,4.299999,7811178904000,7811678904000,7811178904000,7811678904000,7811211912000.0,7811578477000.0,7811578477000.0,7811578904000.0,0.100427,0.0,15,15,12,0.8,0.366565,0.020515361660276153,5.009550274338655,latest unique valid physical hand capture used by the accepted robust aggregation,endpoint timestamp_ns < target_capture_timestamp_ns,126.0,115.0,11.0,4.0,"Endpoints inside the aggregation-capture interval are terminal-state estimation with partial target evidence, not fully pre-aggregation forecasting. Endpoints at or after the final target capture are masked.",0.34674984216690063,0.6708824634552002,-0.0012553257402032614,-0.18162120878696442,0.24818308651447296,0.7678987383842468,0.5619167685508728
test,Edu,Edu_5_20260604_170944,terminal_endpose_unique_hand_capture_v2,hand_timestamp_ns,accepted,True,,1,right,7873045570000,7878278903000,7873045570000,7878278903000,5.233333,7877778903000,7878278903000,7877778903000,7878278903000,7877803928000.0,7878203928000.0,7878203928000.0,7878212236000.0,0.074975,0.0,13,13,12,0.9230769230769231,0.4,0.005847860713144129,1.4944880332683104,latest unique valid physical hand capture used by the accepted robust aggregation,endpoint timestamp_ns < target_capture_timestamp_ns,155.0,143.0,12.0,3.0,"Endpoints inside the aggregation-capture interval are terminal-state estimation with partial target evidence, not fully pre-aggregation forecasting. Endpoints at or after the final target capture are masked.",0.32645323872566223,0.6536480188369751,-0.0030596726574003696,-0.1554616242647171,0.19236429035663605,0.857928454875946,0.45031818747520447
test,Edu,Edu_6_20260616_145740,terminal_endpose_unique_hand_capture_v2,hand_timestamp_ns,accepted,True,,1,right,2735345557000,2745678889000,2735345557000,2745678889000,10.333332,2745178889000,2745678889000,2745178889000,2745678889000,2745203914000.0,2745570591000.0,2745570591000.0,2745578889000.0,0.108298,0.0,12,12,12,1.0,0.366677,0.020860459817814182,5.869012610458417,latest unique valid physical hand capture used by the accepted robust aggregation,endpoint timestamp_ns < target_capture_timestamp_ns,307.0,296.0,11.0,4.0,"Endpoints inside the aggregation-capture interval are terminal-state estimation with partial target evidence, not fully pre-aggregation forecasting. Endpoints at or after the final target capture are masked.",0.4133933484554291,0.569179892539978,-0.07046909630298615,0.08895720541477203,0.4663388431072235,0.7800748348236084,0.40755119919776917
test,Edu,Edu_7_20260616_145927,terminal_endpose_unique_hand_capture_v2,hand_timestamp_ns,accepted,True,,1,right,2842512223000,2846412222000,2842512223000,2846412222000,3.899999,2845912222000,2846412222000,2845912222000,2846412222000,2845937247000.0,2846337247000.0,2846337247000.0,2846345556000.0,0.074975,0.0,15,15,13,0.8666666666666667,0.4,0.02914841312491853,4.456459883224971,latest unique valid physical hand capture used by the accepted robust aggregation,endpoint timestamp_ns < target_capture_timestamp_ns,115.0,103.0,12.0,3.0,"Endpoints inside the aggregation-capture interval are terminal-state estimation with partial target evidence, not fully pre-aggregation forecasting. Endpoints at or after the final target capture are masked.",0.23826007544994354,0.683784544467926,-0.09152497351169586,0.3047759532928467,0.5419085621833801,0.537368893623352,0.5698082447052002
test,Edu,Edu_8_20260616_150108,terminal_endpose_unique_hand_capture_v2,hand_timestamp_ns,accepted,True,,1,right,2940545555000,2944545555000,2940545555000,2944545555000,4.0,2944045555000,2944545555000,2944045555000,2944545555000,2944076476000.0,2944443041000.0,2944443041000.0,2944445555000.0,0.102514,0.0,15,15,12,0.8,0.366565,0.018774050041713192,3.3748106955345634,latest unique valid physical hand capture used by the accepted robust aggregation,endpoint timestamp_ns < target_capture_timestamp_ns,117.0,106.0,11.0,4.0,"Endpoints inside the aggregation-capture interval are terminal-state estimation with partial target evidence, not fully pre-aggregation forecasting. Endpoints at or after the final target capture are masked.",0.21334010362625122,0.7277199029922485,-0.09970016777515411,0.2715410590171814,0.5918511748313904,0.5580874085426331,0.5143112540245056
test,Edu,Edu_9_20260616_150247,terminal_endpose_unique_hand_capture_v2,hand_timestamp_ns,rejected,False,insufficient_valid_samples;low_valid_ratio;insufficient_valid_span,1,right,3043078887000,3046745554000,3043078887000,3046745554000,3.666667,3046245554000,3046745554000,3046245554000,3046745554000,,,,,,0.0,13,13,0,0.0,0.0,,,,,,,,,,,,,,,,
test,Jona,Jona_1_20260616_181413,terminal_endpose_unique_hand_capture_v2,hand_timestamp_ns,accepted,True,,1,right,1786278904000,1790478904000,1786278904000,1790478904000,4.2,1789978904000,1790478904000,1789978904000,1790478904000,1790003930000.0,1790403931000.0,1790403931000.0,1790412237000.0,0.074973,0.0,15,15,13,0.8666666666666667,0.400001,0.018272852189456238,6.4477594835261,latest unique valid physical hand capture used by the accepted robust aggregation,endpoint timestamp_ns < target_capture_timestamp_ns,124.0,112.0,12.0,3.0,"Endpoints inside the aggregation-capture interval are terminal-state estimation with partial target evidence, not fully pre-aggregation forecasting. Endpoints at or after the final target capture are masked.",0.09426361322402954,0.3005768954753876,0.12050290405750275,-0.44601747393608093,-0.1729295402765274,0.4352027475833893,0.7627334594726562
test,Jona,Jona_2_20260616_181551,terminal_endpose_unique_hand_capture_v2,hand_timestamp_ns,accepted,True,,1,right,1903812235000,1907445568000,1903812235000,1907445568000,3.633333,1906845568000,1907345568000,1906845568000,1907345568000,1906870596000.0,1907237260000.0,1907237260000.0,1907245568000.0,0.208308,0.1,15,15,12,0.8,0.366664,0.002983127521271195,1.9249999570438774,latest unique valid physical hand capture used by the accepted robust aggregation,endpoint timestamp_ns < target_capture_timestamp_ns,103.0,92.0,11.0,7.0,"Endpoints inside the aggregation-capture interval are terminal-state estimation with partial target evidence, not fully pre-aggregation forecasting. Endpoints at or after the final target capture are masked.",0.13248103857040405,0.2388141006231308,0.07572950422763824,-0.4319661557674408,-0.32458987832069397,0.3729827404022217,0.754274845123291
test,Jona,Jona_3_20260616_181717,terminal_endpose_unique_hand_capture_v2,hand_timestamp_ns,accepted,True,,1,right,1994345567000,1997978900000,1994345567000,1997978900000,3.633333,1997312233000,1997812233000,1997312233000,1997812233000,1997337260000.0,1997803926000.0,1997803926000.0,1997812233000.0,0.174974,0.166667,15,15,15,1.0,0.466666,0.048304071459766486,8.143151020971425,latest unique valid physical hand capture used by the accepted robust aggregation,endpoint timestamp_ns < target_capture_timestamp_ns,104.0,90.0,14.0,6.0,"Endpoints inside the aggregation-capture interval are terminal-state estimation with partial target evidence, not fully pre-aggregation forecasting. Endpoints at or after the final target capture are masked.",0.10579894483089447,0.2626195251941681,0.07382240146398544,-0.38630977272987366,-0.22903139889240265,0.3942483067512512,0.8017964959144592
test,Jona,Jona_4_20260616_181855,terminal_endpose_unique_hand_capture_v2,hand_timestamp_ns,accepted,True,,1,right,2084612233000,2088745566000,2084612233000,2088745566000,4.133333,2088212233000,2088712233000,2088212233000,2088712233000,2088237259000.0,2088603927000.0,2088603927000.0,2088612233000.0,0.141639,0.033333,14,14,12,0.8571428571428571,0.366668,0.004339004358022094,1.555518420155879,latest unique valid physical hand capture used by the accepted robust aggregation,endpoint timestamp_ns < target_capture_timestamp_ns,120.0,109.0,11.0,5.0,"Endpoints inside the aggregation-capture interval are terminal-state estimation with partial target evidence, not fully pre-aggregation forecasting. Endpoints at or after the final target capture are masked.",0.10599170625209808,0.2604520320892334,0.07614167034626007,-0.3713161051273346,-0.28786924481391907,0.3997962176799774,0.7870315313339233
test,Jona,Jona_5_20260616_182002,terminal_endpose_unique_hand_capture_v2,hand_timestamp_ns,accepted,True,,1,right,2154312232000,2157945565000,2154312232000,2157945565000,3.633333,2157378899000,2157878899000,2157378899000,2157878899000,2157403925000.0,2157770592000.0,2157770592000.0,2157778899000.0,0.174973,0.066666,15,15,12,0.8,0.366667,0.005028723028563914,1.9634157192256148,latest unique valid physical hand capture used by the accepted robust aggregation,endpoint timestamp_ns < target_capture_timestamp_ns,104.0,93.0,11.0,6.0,"Endpoints inside the aggregation-capture interval are terminal-state estimation with partial target evidence, not fully pre-aggregation forecasting. Endpoints at or after the final target capture are masked.",0.10978442430496216,0.22429430484771729,0.052105389535427094,-0.38371482491493225,-0.35549306869506836,0.32623669505119324,0.7873736619949341
test,Jona,Jona_6_20260616_182111,terminal_endpose_unique_hand_capture_v2,hand_timestamp_ns,accepted,True,,1,right,2216645566000,2220678899000,2216645566000,2220678899000,4.033333,2220145565000,2220645565000,2220145565000,2220645565000,2220173321000.0,2220539886000.0,2220539886000.0,2220545565000.0,0.139013,0.033334,15,15,12,0.8,0.366565,0.006195110364246825,3.5421381452347984,latest unique valid physical hand capture used by the accepted robust aggregation,endpoint timestamp_ns < target_capture_timestamp_ns,117.0,106.0,11.0,5.0,"Endpoints inside the aggregation-capture interval are terminal-state estimation with partial target evidence, not fully pre-aggregation forecasting. Endpoints at or after the final target capture are masked.",0.11932498216629028,0.2494836002588272,0.05053223296999931,-0.4245203733444214,-0.34545624256134033,0.3678557276725769,0.7517476677894592
test,Jona,Jona_7_20260616_182214,terminal_endpose_unique_hand_capture_v2,hand_timestamp_ns,accepted,True,,1,right,2282112231000,2286012231000,2282112231000,2286012231000,3.9,2285512231000,2286012231000,2285512231000,2286012231000,2285537258000.0,2285903925000.0,2285903925000.0,2285912231000.0,0.108306,0.0,13,13,12,0.9230769230769231,0.366667,0.0030591562586810947,1.546431795871546,latest unique valid physical hand capture used by the accepted robust aggregation,endpoint timestamp_ns < target_capture_timestamp_ns,114.0,103.0,11.0,4.0,"Endpoints inside the aggregation-capture interval are terminal-state estimation with partial target evidence, not fully pre-aggregation forecasting. Endpoints at or after the final target capture are masked.",0.10355327278375626,0.307420015335083,0.056304678320884705,-0.3901456296443939,-0.33225199580192566,0.3680703938007355,0.7758345007896423
test,Mona,Mona_1_20260624_123312,terminal_endpose_unique_hand_capture_v2,hand_timestamp_ns,rejected,False,insufficient_valid_samples;low_valid_ratio;insufficient_valid_span,0,left,1101169609000,1108736275000,1101169609000,1108736275000,7.566666,1108236275000,1108736275000,1108236275000,1108736275000,,,,,,0.0,13,13,0,0.0,0.0,,,,,,,,,,,,,,,,
test,Mona,Mona_3_20260624_123548,terminal_endpose_unique_hand_capture_v2,hand_timestamp_ns,accepted,True,,0,left,1263902942000,1268236275000,1263902942000,1268236275000,4.333333,1267736275000,1268236275000,1267736275000,1268236275000,1267761309000.0,1268127977000.0,1268127977000.0,1268136275000.0,0.108298,0.0,13,13,12,0.9230769230769231,0.366668,0.0013047396548604736,0.7307269423262688,latest unique valid physical hand capture used by the accepted robust aggregation,endpoint timestamp_ns < target_capture_timestamp_ns,127.0,116.0,11.0,4.0,"Endpoints inside the aggregation-capture interval are terminal-state estimation with partial target evidence, not fully pre-aggregation forecasting. Endpoints at or after the final target capture are masked.",0.15562912821769714,0.3765174448490143,0.11220639944076538,-0.32210060954093933,0.4844549000263214,-0.6710684895515442,0.4595886766910553
test,Mona,Mona_4_20260624_123706,terminal_endpose_unique_hand_capture_v2,hand_timestamp_ns,accepted,True,,0,left,1344902942000,1348302942000,1344902942000,1348302942000,3.4,1347536275000,1348036275000,1347536275000,1348036275000,1347561310000.0,1348027984000.0,1348027984000.0,1348036275000.0,0.274958,0.266667,15,15,15,1.0,0.466674,0.03079172527234239,5.073841605567093,latest unique valid physical hand capture used by the accepted robust aggregation,endpoint timestamp_ns < target_capture_timestamp_ns,94.0,80.0,14.0,9.0,"Endpoints inside the aggregation-capture interval are terminal-state estimation with partial target evidence, not fully pre-aggregation forecasting. Endpoints at or after the final target capture are masked.",0.19429275393486023,0.3646407723426819,0.0990971177816391,-0.30750328302383423,0.47795963287353516,-0.7246209979057312,0.38977012038230896
test,Mona,Mona_5_20260624_123814,terminal_endpose_unique_hand_capture_v2,hand_timestamp_ns,accepted,True,,0,left,1417736276000,1420969609000,1417736276000,1420969609000,3.233333,1420469609000,1420969609000,1420469609000,1420969609000,1420494645000.0,1420861309000.0,1420861309000.0,1420869609000.0,0.1083,0.0,12,12,12,1.0,0.366664,0.001765200971069875,0.910066154068984,latest unique valid physical hand capture used by the accepted robust aggregation,endpoint timestamp_ns < target_capture_timestamp_ns,94.0,83.0,11.0,4.0,"Endpoints inside the aggregation-capture interval are terminal-state estimation with partial target evidence, not fully pre-aggregation forecasting. Endpoints at or after the final target capture are masked.",0.16167496144771576,0.3459152579307556,0.09508678317070007,-0.318111389875412,0.5242111682891846,-0.6451778411865234,0.4557996988296509
test,Mona,Mona_6_20260624_123930,terminal_endpose_unique_hand_capture_v2,hand_timestamp_ns,accepted,True,,0,left,1493602942000,1497102943000,1493602942000,1497102943000,3.500001,1496602943000,1497102943000,1496602943000,1497102943000,1496627991000.0,1497027978000.0,1497027978000.0,1497036276000.0,0.074965,0.0,13,13,13,1.0,0.399987,0.005683393906427841,1.5622864995933885,latest unique valid physical hand capture used by the accepted robust aggregation,endpoint timestamp_ns < target_capture_timestamp_ns,103.0,91.0,12.0,3.0,"Endpoints inside the aggregation-capture interval are terminal-state estimation with partial target evidence, not fully pre-aggregation forecasting. Endpoints at or after the final target capture are masked.",0.1626807004213333,0.3039877414703369,0.07187090069055557,-0.24795839190483093,0.5052233934402466,-0.6919838190078735,0.4521331489086151
test,Mona,Mona_7_20260624_124051,terminal_endpose_unique_hand_capture_v2,hand_timestamp_ns,accepted,True,,0,left,1573702942000,1577202943000,1573702942000,1577202943000,3.500001,1576702943000,1577202943000,1576702943000,1577202943000,1576734393000.0,1577100958000.0,1577100958000.0,1577102943000.0,0.101985,0.0,15,15,12,0.8,0.366565,0.001441668964044131,0.3731684522035461,latest unique valid physical hand capture used by the accepted robust aggregation,endpoint timestamp_ns < target_capture_timestamp_ns,102.0,91.0,11.0,4.0,"Endpoints inside the aggregation-capture interval are terminal-state estimation with partial target evidence, not fully pre-aggregation forecasting. Endpoints at or after the final target capture are masked.",0.20264247059822083,0.39580535888671875,0.06407803297042847,-0.29184505343437195,0.5112536549568176,-0.6889139413833618,0.4228992462158203
test,Mona,Mona_8_20260624_124414,terminal_endpose_unique_hand_capture_v2,hand_timestamp_ns,accepted,True,,0,left,1784636275000,1788669609000,1784636275000,1788669609000,4.033334,1788169609000,1788669609000,1788169609000,1788669609000,1788194651000.0,1788561311000.0,1788561311000.0,1788569609000.0,0.108298,0.0,13,13,12,0.9230769230769231,0.36666,0.0017253496196190945,0.6591312112058053,latest unique valid physical hand capture used by the accepted robust aggregation,endpoint timestamp_ns < target_capture_timestamp_ns,118.0,107.0,11.0,4.0,"Endpoints inside the aggregation-capture interval are terminal-state estimation with partial target evidence, not fully pre-aggregation forecasting. Endpoints at or after the final target capture are masked.",0.20902583003044128,0.37698930501937866,0.08505769073963165,-0.3361786901950836,0.4745401442050934,-0.6952105760574341,0.42246633768081665
train,Angelina,Angelina_10_20260715_153801,terminal_endpose_unique_hand_capture_v2,hand_timestamp_ns,accepted,True,,0,left,2405769609000,2410002943000,2405769609000,2410002943000,4.233334,2409469609000,2409969609000,2409469609000,2409969609000,2409494647000.0,2409861310000.0,2409861310000.0,2409869609000.0,0.141633,0.033334,13,13,12,0.9230769230769231,0.366663,0.0019241048097556421,1.4927267562079056,latest unique valid physical hand capture used by the accepted robust aggregation,endpoint timestamp_ns < target_capture_timestamp_ns,123.0,112.0,11.0,5.0,"Endpoints inside the aggregation-capture interval are terminal-state estimation with partial target evidence, not fully pre-aggregation forecasting. Endpoints at or after the final target capture are masked.",-0.27718454599380493,0.3533329367637634,0.1298292577266693,-0.5074684023857117,0.36806535720825195,-0.22611534595489502,0.7455706596374512
train,Angelina,Angelina_1_20260715_152929,terminal_endpose_unique_hand_capture_v2,hand_timestamp_ns,accepted,True,,1,right,1907902942000,1911936275000,1907902942000,1911936275000,4.033333,1911369609000,1911869609000,1911369609000,1911869609000,1911394656000.0,1911761310000.0,1911761310000.0,1911769609000.0,0.174965,0.066666,15,15,12,0.8,0.366654,0.0016958721712852596,1.3987965521454484,latest unique valid physical hand capture used by the accepted robust aggregation,endpoint timestamp_ns < target_capture_timestamp_ns,116.0,105.0,11.0,6.0,"Endpoints inside the aggregation-capture interval are terminal-state estimation with partial target evidence, not fully pre-aggregation forecasting. Endpoints at or after the final target capture are masked.",0.18195928633213043,0.29371964931488037,0.0816686600446701,-0.4861987233161926,-0.3606939911842346,0.24192585051059723,0.7582760453224182
train,Angelina,Angelina_2_20260715_153046,terminal_endpose_unique_hand_capture_v2,hand_timestamp_ns,accepted,True,,1,right,1982169609000,1986836276000,1982169609000,1986836276000,4.666667,1986336276000,1986836276000,1986336276000,1986836276000,1986361307000.0,1986727974000.0,1986727974000.0,1986736276000.0,0.108302,0.0,12,12,12,1.0,0.366667,0.002047827565873149,1.1882228452310906,latest unique valid physical hand capture used by the accepted robust aggregation,endpoint timestamp_ns < target_capture_timestamp_ns,137.0,126.0,11.0,4.0,"Endpoints inside the aggregation-capture interval are terminal-state estimation with partial target evidence, not fully pre-aggregation forecasting. Endpoints at or after the final target capture are masked.",0.20224082469940186,0.29695433378219604,0.0679716020822525,-0.5195189714431763,-0.3928028345108032,0.20071011781692505,0.7317932844161987
train,Angelina,Angelina_3_20260715_153144,terminal_endpose_unique_hand_capture_v2,hand_timestamp_ns,accepted,True,,0,left,2037602942000,2042769609000,2037602942000,2042769609000,5.166667,2042269609000,2042769609000,2042269609000,2042769609000,2042294649000.0,2042661310000.0,2042661310000.0,2042669609000.0,0.108299,0.0,15,15,12,0.8,0.366661,0.0027599731481153253,1.0223467176136454,latest unique valid physical hand capture used by the accepted robust aggregation,endpoint timestamp_ns < target_capture_timestamp_ns,152.0,141.0,11.0,4.0,"Endpoints inside the aggregation-capture interval are terminal-state estimation with partial target evidence, not fully pre-aggregation forecasting. Endpoints at or after the final target capture are masked.",-0.2392650842666626,0.36225947737693787,0.09546485543251038,-0.4647441506385803,0.3820471465587616,-0.27236077189445496,0.7509143948554993
train,Angelina,Angelina_4_20260715_153241,terminal_endpose_unique_hand_capture_v2,hand_timestamp_ns,accepted,True,,0,left,2087536276000,2092969609000,2087536276000,2092969609000,5.433333,2092469609000,2092969609000,2092469609000,2092969609000,2092494643000.0,2092861318000.0,2092861318000.0,2092869609000.0,0.108291,0.0,12,12,12,1.0,0.366675,0.0023922497306359393,1.339397347054446,latest unique valid physical hand capture used by the accepted robust aggregation,endpoint timestamp_ns < target_capture_timestamp_ns,160.0,149.0,11.0,4.0,"Endpoints inside the aggregation-capture interval are terminal-state estimation with partial target evidence, not fully pre-aggregation forecasting. Endpoints at or after the final target capture are masked.",-0.2390652596950531,0.35925883054733276,0.11820141971111298,-0.47662729024887085,0.36835816502571106,-0.27749237418174744,0.7484228014945984
train,Angelina,Angelina_6_20260715_153440,terminal_endpose_unique_hand_capture_v2,hand_timestamp_ns,accepted,True,,0,left,2209236276000,2216602942000,2209236276000,2216602942000,7.366666,2216102942000,2216602942000,2216102942000,2216602942000,2216133399000.0,2216500258000.0,2216500258000.0,2216502942000.0,0.102684,0.0,15,15,12,0.8,0.366859,0.02393556515539567,6.387514979652871,latest unique valid physical hand capture used by the accepted robust aggregation,endpoint timestamp_ns < target_capture_timestamp_ns,218.0,207.0,11.0,4.0,"Endpoints inside the aggregation-capture interval are terminal-state estimation with partial target evidence, not fully pre-aggregation forecasting. Endpoints at or after the final target capture are masked.",-0.5469242334365845,0.5800917148590088,-0.04151502251625061,0.27711012959480286,-0.5168616771697998,-0.8061885833740234,0.07825564593076706
train,Angelina,Angelina_7_20260715_153539,terminal_endpose_unique_hand_capture_v2,hand_timestamp_ns,rejected,False,insufficient_valid_samples;low_valid_ratio;insufficient_valid_span,0,left,2263036275000,2267902942000,2263036275000,2267902942000,4.866667,2267402942000,2267902942000,2267402942000,2267902942000,,,,,,0.0,13,13,0,0.0,0.0,,,,,,,,,,,,,,,,
train,Angelina,Angelina_8_20260715_153620,terminal_endpose_unique_hand_capture_v2,hand_timestamp_ns,accepted,True,,0,left,2307702942000,2316236275000,2307702942000,2316236275000,8.533333,2315736275000,2316236275000,2315736275000,2316236275000,2315761309000.0,2316127976000.0,2316127976000.0,2316136275000.0,0.108299,0.0,14,14,12,0.8571428571428571,0.366667,0.009007749458415515,2.5183287451996295,latest unique valid physical hand capture used by the accepted robust aggregation,endpoint timestamp_ns < target_capture_timestamp_ns,253.0,242.0,11.0,4.0,"Endpoints inside the aggregation-capture interval are terminal-state estimation with partial target evidence, not fully pre-aggregation forecasting. Endpoints at or after the final target capture are masked.",-0.5386302471160889,0.582534909248352,-0.04837656021118164,0.2592952847480774,-0.5495983362197876,-0.7924668788909912,0.051998239010572433
train,Angelina,Angelina_9_20260715_153718,terminal_endpose_unique_hand_capture_v2,hand_timestamp_ns,accepted,True,,0,left,2358436275000,2362669609000,2358436275000,2362669609000,4.233334,2362102942000,2362602942000,2362102942000,2362602942000,2362129850000.0,2362496416000.0,2362496416000.0,2362502942000.0,0.173193,0.066667,15,15,12,0.8,0.366566,0.002189663991017765,1.1356974455014626,latest unique valid physical hand capture used by the accepted robust aggregation,endpoint timestamp_ns < target_capture_timestamp_ns,122.0,111.0,11.0,6.0,"Endpoints inside the aggregation-capture interval are terminal-state estimation with partial target evidence, not fully pre-aggregation forecasting. Endpoints at or after the final target capture are masked.",-0.25828731060028076,0.3650053143501282,0.10921644419431686,-0.49493691325187683,0.3720482289791107,-0.24108755588531494,0.7473248243331909
train,Berat,Berat_10_20260616_142950,terminal_endpose_unique_hand_capture_v2,hand_timestamp_ns,accepted,True,,1,right,1074179011000,1080479011000,1074179011000,1080479011000,6.3,1079979011000,1080479011000,1079979011000,1080479011000,1080005160000.0,1080405050000.0,1080405050000.0,1080412344000.0,0.073961,0.0,15,15,13,0.8666666666666667,0.39989,0.0025832122722437025,0.8557632960754693,latest unique valid physical hand capture used by the accepted robust aggregation,endpoint timestamp_ns < target_capture_timestamp_ns,187.0,175.0,12.0,3.0,"Endpoints inside the aggregation-capture interval are terminal-state estimation with partial target evidence, not fully pre-aggregation forecasting. Endpoints at or after the final target capture are masked.",0.2952476441860199,0.28219538927078247,0.0016935702878981829,0.4348134398460388,0.4909338057041168,0.5139694213867188,0.5529527068138123
train,Berat,Berat_1_20260604_154611,terminal_endpose_unique_hand_capture_v2,hand_timestamp_ns,accepted,True,,1,right,2867378959000,2871545625000,2867378959000,2871545625000,4.166666,2871045625000,2871545625000,2871045625000,2871545625000,2871073349000.0,2871439915000.0,2871439915000.0,2871445625000.0,0.10571,0.0,15,15,12,0.8,0.366566,0.0069531333287190635,2.3991028319368457,latest unique valid physical hand capture used by the accepted robust aggregation,endpoint timestamp_ns < target_capture_timestamp_ns,122.0,111.0,11.0,4.0,"Endpoints inside the aggregation-capture interval are terminal-state estimation with partial target evidence, not fully pre-aggregation forecasting. Endpoints at or after the final target capture are masked.",0.21308191120624542,0.5887376070022583,0.13624466955661774,-0.2275158166885376,-0.19260556995868683,0.4300626218318939,0.8521653413772583
train,Berat,Berat_3_20260604_154928,terminal_endpose_unique_hand_capture_v2,hand_timestamp_ns,accepted,True,,1,right,3061278956000,3065945623000,3061278956000,3065945623000,4.666667,3064845623000,3065345623000,3064845623000,3065345623000,3064870649000.0,3065337328000.0,3065337328000.0,3065345623000.0,0.608295,0.6,15,15,15,1.0,0.466679,0.043639478140440426,11.89609453881796,latest unique valid physical hand capture used by the accepted robust aggregation,endpoint timestamp_ns < target_capture_timestamp_ns,122.0,108.0,14.0,19.0,"Endpoints inside the aggregation-capture interval are terminal-state estimation with partial target evidence, not fully pre-aggregation forecasting. Endpoints at or after the final target capture are masked.",0.1904609352350235,0.5397200584411621,0.15290877223014832,-0.26413843035697937,-0.1629052311182022,0.4673042595386505,0.827840268611908
train,Berat,Berat_4_20260604_155100,terminal_endpose_unique_hand_capture_v2,hand_timestamp_ns,accepted,True,,1,right,3154978956000,3159212289000,3154978956000,3159212289000,4.233333,3158678955000,3159178955000,3158678955000,3159178955000,3158703981000.0,3159070649000.0,3159070649000.0,3159078955000.0,0.14164,0.033334,14,14,12,0.8571428571428571,0.366668,0.04617560129430926,21.47420964991711,latest unique valid physical hand capture used by the accepted robust aggregation,endpoint timestamp_ns < target_capture_timestamp_ns,123.0,112.0,11.0,5.0,"Endpoints inside the aggregation-capture interval are terminal-state estimation with partial target evidence, not fully pre-aggregation forecasting. Endpoints at or after the final target capture are masked.",0.37228721380233765,0.6414629220962524,0.0295269675552845,0.1039808988571167,0.4942355155944824,0.6406390070915222,0.5783604979515076
train,Berat,Berat_5_20260604_155234,terminal_endpose_unique_hand_capture_v2,hand_timestamp_ns,accepted,True,,1,right,3258812287000,3263145620000,3258812287000,3263145620000,4.333333,3262645620000,3263145620000,3262645620000,3263145620000,3262670645000.0,3263037312000.0,3263037312000.0,3263045620000.0,0.108308,0.0,15,15,12,0.8,0.366667,0.00950861890402694,1.4208356902093042,latest unique valid physical hand capture used by the accepted robust aggregation,endpoint timestamp_ns < target_capture_timestamp_ns,127.0,116.0,11.0,4.0,"Endpoints inside the aggregation-capture interval are terminal-state estimation with partial target evidence, not fully pre-aggregation forecasting. Endpoints at or after the final target capture are masked.",0.1866363286972046,0.5439770221710205,0.15008804202079773,-0.2174653261899948,-0.1778039187192917,0.4669671952724457,0.8384725451469421
train,Berat,Berat_6_20260616_142129,terminal_endpose_unique_hand_capture_v2,hand_timestamp_ns,rejected,False,insufficient_valid_samples;low_valid_ratio;insufficient_valid_span,1,right,570479017000,575545683000,570479017000,575545683000,5.066666,575045683000,575545683000,575045683000,575545683000,,,,,,0.0,15,15,0,0.0,0.0,,,,,,,,,,,,,,,,
train,Berat,Berat_7_20260616_142358,terminal_endpose_unique_hand_capture_v2,hand_timestamp_ns,accepted,True,,1,right,717745682000,724012348000,717745682000,724012348000,6.266666,723512348000,724012348000,723512348000,724012348000,723537379000.0,723904040000.0,723904040000.0,723912348000.0,0.108308,0.0,15,15,12,0.8,0.366661,0.0022143683051173324,0.627635204586363,latest unique valid physical hand capture used by the accepted robust aggregation,endpoint timestamp_ns < target_capture_timestamp_ns,185.0,174.0,11.0,4.0,"Endpoints inside the aggregation-capture interval are terminal-state estimation with partial target evidence, not fully pre-aggregation forecasting. Endpoints at or after the final target capture are masked.",0.3387843072414398,0.3843405246734619,-0.002954644151031971,0.3167903423309326,0.5516643524169922,0.5083789229393005,0.5803974866867065
train,Berat,Berat_8_20260616_142539,terminal_endpose_unique_hand_capture_v2,hand_timestamp_ns,accepted,True,,1,right,825445681000,831212347000,825445681000,831212347000,5.766666,830712347000,831212347000,830712347000,831212347000,830744915000.0,831111480000.0,831111480000.0,831112347000.0,0.100867,0.0,15,15,12,0.8,0.366565,0.0034917373092448268,1.781186765002455,latest unique valid physical hand capture used by the accepted robust aggregation,endpoint timestamp_ns < target_capture_timestamp_ns,170.0,159.0,11.0,4.0,"Endpoints inside the aggregation-capture interval are terminal-state estimation with partial target evidence, not fully pre-aggregation forecasting. Endpoints at or after the final target capture are masked.",0.3497757911682129,0.31073716282844543,-0.0007244459120556712,0.43946826457977295,0.516790509223938,0.5253773331642151,0.5135892033576965
train,Berat,Berat_9_20260616_142847,terminal_endpose_unique_hand_capture_v2,hand_timestamp_ns,accepted,True,,1,right,1010445679000,1017279011000,1010445679000,1017279011000,6.833332,1016779011000,1017279011000,1016779011000,1017279011000,1016804040000.0,1017204037000.0,1017204037000.0,1017212345000.0,0.074974,0.0,13,13,13,1.0,0.399997,0.001293829839877673,1.001086383493305,latest unique valid physical hand capture used by the accepted robust aggregation,endpoint timestamp_ns < target_capture_timestamp_ns,203.0,191.0,12.0,3.0,"Endpoints inside the aggregation-capture interval are terminal-state estimation with partial target evidence, not fully pre-aggregation forecasting. Endpoints at or after the final target capture are masked.",0.3609873652458191,0.3248142898082733,-0.004266826901584864,0.39993634819984436,0.5219212770462036,0.5165491104125977,0.5484761595726013
train,David,David_1_20260715_140439,terminal_endpose_unique_hand_capture_v2,hand_timestamp_ns,accepted,True,,1,right,1579902942000,1585502942000,1579902942000,1585502942000,5.6,1585002942000,1585502942000,1585002942000,1585502942000,1585029115000.0,1585429025000.0,1585429025000.0,1585436276000.0,0.073917,0.0,15,15,13,0.8666666666666667,0.39991,0.0019898363722305797,1.1347060937184268,latest unique valid physical hand capture used by the accepted robust aggregation,endpoint timestamp_ns < target_capture_timestamp_ns,166.0,154.0,12.0,3.0,"Endpoints inside the aggregation-capture interval are terminal-state estimation with partial target evidence, not fully pre-aggregation forecasting. Endpoints at or after the final target capture are masked.",0.19516563415527344,0.4207238256931305,0.11732488870620728,-0.36926907300949097,-0.40744978189468384,0.32287299633026123,0.7703103423118591
train,David,David_2_20260715_140628,terminal_endpose_unique_hand_capture_v2,hand_timestamp_ns,accepted,True,,1,right,1687236276000,1692402942000,1687236276000,1692402942000,5.166666,1691902942000,1692402942000,1691902942000,1692402942000,1691934014000.0,1692333851000.0,1692333851000.0,1692336276000.0,0.069091,0.0,15,15,13,0.8666666666666667,0.399837,0.0017432152936942178,0.9070530893433649,latest unique valid physical hand capture used by the accepted robust aggregation,endpoint timestamp_ns < target_capture_timestamp_ns,153.0,141.0,12.0,3.0,"Endpoints inside the aggregation-capture interval are terminal-state estimation with partial target evidence, not fully pre-aggregation forecasting. Endpoints at or after the final target capture are masked.",0.20210756361484528,0.43518102169036865,0.1161157488822937,-0.4362258017063141,-0.41358476877212524,0.3594650626182556,0.7137503623962402
train,David,David_3_20260715_140810,terminal_endpose_unique_hand_capture_v2,hand_timestamp_ns,accepted,True,,1,right,1787369609000,1792669609000,1787369609000,1792669609000,5.3,1792069609000,1792569609000,1792069609000,1792569609000,1792094657000.0,1792461309000.0,1792461309000.0,1792469609000.0,0.2083,0.1,15,15,12,0.8,0.366652,0.00263241571563735,1.1347778432386069,latest unique valid physical hand capture used by the accepted robust aggregation,endpoint timestamp_ns < target_capture_timestamp_ns,153.0,142.0,11.0,7.0,"Endpoints inside the aggregation-capture interval are terminal-state estimation with partial target evidence, not fully pre-aggregation forecasting. Endpoints at or after the final target capture are masked.",0.1672215461730957,0.39964526891708374,0.1596679389476776,-0.36320680379867554,-0.38179612159729004,0.34798896312713623,0.775381326675415
train,David,David_4_20260715_140931,terminal_endpose_unique_hand_capture_v2,hand_timestamp_ns,accepted,True,,1,right,1867369609000,1874136275000,1867369609000,1874136275000,6.766666,1873636275000,1874136275000,1873636275000,1874136275000,1873665657000.0,1874065526000.0,1874065526000.0,1874069609000.0,0.070749,0.0,15,15,13,0.8666666666666667,0.399869,0.003025739978423654,0.7260126925561365,latest unique valid physical hand capture used by the accepted robust aggregation,endpoint timestamp_ns < target_capture_timestamp_ns,201.0,189.0,12.0,3.0,"Endpoints inside the aggregation-capture interval are terminal-state estimation with partial target evidence, not fully pre-aggregation forecasting. Endpoints at or after the final target capture are masked.",-0.4134145677089691,0.41904908418655396,0.1522223949432373,-0.14575845003128052,-0.47107529640197754,0.7124375700950623,0.49927476048469543
train,David,David_5_20260715_141027,terminal_endpose_unique_hand_capture_v2,hand_timestamp_ns,accepted,True,,0,left,1926569609000,1932469609000,1926569609000,1932469609000,5.9,1931969609000,1932469609000,1931969609000,1932469609000,1931994645000.0,1932361309000.0,1932361309000.0,1932369609000.0,0.1083,0.0,15,15,12,0.8,0.366664,0.0028944652001778527,1.023172616471359,latest unique valid physical hand capture used by the accepted robust aggregation,endpoint timestamp_ns < target_capture_timestamp_ns,174.0,163.0,11.0,4.0,"Endpoints inside the aggregation-capture interval are terminal-state estimation with partial target evidence, not fully pre-aggregation forecasting. Endpoints at or after the final target capture are masked.",-0.2160935401916504,0.35584643483161926,0.1086355522274971,-0.38219010829925537,0.4035128057003021,-0.34668660163879395,0.7555902004241943
train,David,David_6_20260715_141130,terminal_endpose_unique_hand_capture_v2,hand_timestamp_ns,accepted,True,,0,left,1988936275000,1995002942000,1988936275000,1995002942000,6.066667,1994502942000,1995002942000,1994502942000,1995002942000,1994527975000.0,1994894641000.0,1994894641000.0,1994902942000.0,0.108301,0.0,12,12,12,1.0,0.366666,0.0033965655284451664,1.1043109711884604,latest unique valid physical hand capture used by the accepted robust aggregation,endpoint timestamp_ns < target_capture_timestamp_ns,179.0,168.0,11.0,4.0,"Endpoints inside the aggregation-capture interval are terminal-state estimation with partial target evidence, not fully pre-aggregation forecasting. Endpoints at or after the final target capture are masked.",-0.23542019724845886,0.3759599030017853,0.09524762630462646,-0.41650545597076416,0.4115220010280609,-0.3047578036785126,0.7511960864067078
train,David,david_7_20260715_141225,terminal_endpose_unique_hand_capture_v2,hand_timestamp_ns,accepted,True,,0,left,2044069609000,2049402942000,2044069609000,2049402942000,5.333333,2048902942000,2049402942000,2048902942000,2049402942000,2048929787000.0,2049329687000.0,2049329687000.0,2049336275000.0,0.073255,0.0,15,15,13,0.8666666666666667,0.3999,0.002093993966163228,1.1254043635363353,latest unique valid physical hand capture used by the accepted robust aggregation,endpoint timestamp_ns < target_capture_timestamp_ns,158.0,146.0,12.0,3.0,"Endpoints inside the aggregation-capture interval are terminal-state estimation with partial target evidence, not fully pre-aggregation forecasting. Endpoints at or after the final target capture are masked.",-0.26594993472099304,0.4279758334159851,0.08448218554258347,-0.4080086052417755,0.42844921350479126,-0.3768517076969147,0.7127012610435486
train,David,david_8_20260715_141314,terminal_endpose_unique_hand_capture_v2,hand_timestamp_ns,accepted,True,,0,left,2094402942000,2099269609000,2094402942000,2099269609000,4.866667,2098769609000,2099269609000,2098769609000,2099269609000,2098794646000.0,2099161308000.0,2099161308000.0,2099169609000.0,0.108301,0.0,12,12,12,1.0,0.366662,0.0016366859580123167,1.3021265708630763,latest unique valid physical hand capture used by the accepted robust aggregation,endpoint timestamp_ns < target_capture_timestamp_ns,143.0,132.0,11.0,4.0,"Endpoints inside the aggregation-capture interval are terminal-state estimation with partial target evidence, not fully pre-aggregation forecasting. Endpoints at or after the final target capture are masked.",-0.23308739066123962,0.44269853830337524,0.0932149589061737,-0.3878498077392578,0.39739879965782166,-0.3878965675830841,0.7356513738632202
train,Felix,Felix_2_20260604_172102,terminal_endpose_unique_hand_capture_v2,hand_timestamp_ns,accepted,True,,1,right,8549406675000,8556440008000,8549406675000,8556440008000,7.033333,8555906674000,8556406674000,8555906674000,8556406674000,8555932855000.0,8556299421000.0,8556299421000.0,8556306674000.0,0.140587,0.033334,15,15,12,0.8,0.366566,0.011022324845612918,5.1101240846800415,latest unique valid physical hand capture used by the accepted robust aggregation,endpoint timestamp_ns < target_capture_timestamp_ns,207.0,196.0,11.0,5.0,"Endpoints inside the aggregation-capture interval are terminal-state estimation with partial target evidence, not fully pre-aggregation forecasting. Endpoints at or after the final target capture are masked.",0.3524925708770752,0.7492388486862183,-0.0942135602235794,0.12075946480035782,-0.02872859127819538,0.841607928276062,0.5256309509277344
train,Felix,Felix_3_20260604_172212,terminal_endpose_unique_hand_capture_v2,hand_timestamp_ns,accepted,True,,1,right,8620045563000,8625812229000,8620045563000,8625812229000,5.766666,8625212229000,8625712229000,8625212229000,8625712229000,8625237254000.0,8625603921000.0,8625603921000.0,8625612229000.0,0.208308,0.1,15,15,12,0.8,0.366667,0.007838895630275813,1.9935742117741098,latest unique valid physical hand capture used by the accepted robust aggregation,endpoint timestamp_ns < target_capture_timestamp_ns,167.0,156.0,11.0,7.0,"Endpoints inside the aggregation-capture interval are terminal-state estimation with partial target evidence, not fully pre-aggregation forecasting. Endpoints at or after the final target capture are masked.",0.3374404311180115,0.7163549661636353,-0.011511143296957016,0.03033829852938652,0.6376503109931946,0.5738845467567444,0.512969970703125
train,Felix,Felix_4_20260604_172358,terminal_endpose_unique_hand_capture_v2,hand_timestamp_ns,accepted,True,,1,right,8727345562000,8732612228000,8727345562000,8732612228000,5.266666,8732112228000,8732612228000,8732112228000,8732612228000,8732137257000.0,8732503920000.0,8732503920000.0,8732512228000.0,0.108308,0.0,12,12,12,1.0,0.366663,0.004576718614507031,1.6648574059976948,latest unique valid physical hand capture used by the accepted robust aggregation,endpoint timestamp_ns < target_capture_timestamp_ns,155.0,144.0,11.0,4.0,"Endpoints inside the aggregation-capture interval are terminal-state estimation with partial target evidence, not fully pre-aggregation forecasting. Endpoints at or after the final target capture are masked.",0.2976921796798706,0.6990405321121216,-0.012124989181756973,0.11567333340644836,0.5835612416267395,0.6122502088546753,0.5207932591438293
train,Florian,Florian_10_20260715_151601,terminal_endpose_unique_hand_capture_v2,hand_timestamp_ns,accepted,True,,0,left,1099069609000,1104136275000,1099069609000,1104136275000,5.066666,1103636275000,1104136275000,1103636275000,1104136275000,1103661324000.0,1104061309000.0,1104061309000.0,1104069609000.0,0.074966,0.0,14,14,13,0.9285714285714286,0.399985,0.002506056235299629,0.8519674920494678,latest unique valid physical hand capture used by the accepted robust aggregation,endpoint timestamp_ns < target_capture_timestamp_ns,150.0,138.0,12.0,3.0,"Endpoints inside the aggregation-capture interval are terminal-state estimation with partial target evidence, not fully pre-aggregation forecasting. Endpoints at or after the final target capture are masked.",-0.2391149252653122,0.4673607647418976,0.11967815458774567,-0.6069992780685425,0.293747216463089,-0.2578986585140228,0.6919196248054504
train,Florian,Florian_1_20260715_150317,terminal_endpose_unique_hand_capture_v2,hand_timestamp_ns,accepted,True,,1,right,342702942000,346702942000,342702942000,346702942000,4.0,346202942000,346702942000,346202942000,346702942000,346227976000.0,346627979000.0,346627979000.0,346636276000.0,0.074963,0.0,13,13,13,1.0,0.400003,0.0015282091361157805,0.8681726370322285,latest unique valid physical hand capture used by the accepted robust aggregation,endpoint timestamp_ns < target_capture_timestamp_ns,118.0,106.0,12.0,3.0,"Endpoints inside the aggregation-capture interval are terminal-state estimation with partial target evidence, not fully pre-aggregation forecasting. Endpoints at or after the final target capture are masked.",0.1700941026210785,0.3992166221141815,0.13946503400802612,-0.4963507652282715,-0.3444192111492157,0.42760252952575684,0.6724339127540588
train,Florian,Florian_2_20260715_150637,terminal_endpose_unique_hand_capture_v2,hand_timestamp_ns,accepted,True,,1,right,544036276000,547436276000,544036276000,547436276000,3.4,546936276000,547436276000,546936276000,547436276000,546961309000.0,547394643000.0,547394643000.0,547402942000.0,0.041633,0.0,14,14,14,1.0,0.433334,0.0016405438405266775,1.178614336182449,latest unique valid physical hand capture used by the accepted robust aggregation,endpoint timestamp_ns < target_capture_timestamp_ns,101.0,88.0,13.0,2.0,"Endpoints inside the aggregation-capture interval are terminal-state estimation with partial target evidence, not fully pre-aggregation forecasting. Endpoints at or after the final target capture are masked.",0.15886300802230835,0.4591643810272217,0.09907178580760956,-0.4420379102230072,-0.3598902225494385,0.4971492886543274,0.6541590690612793
train,Florian,Florian_3_20260715_150741,terminal_endpose_unique_hand_capture_v2,hand_timestamp_ns,accepted,True,,1,right,608802942000,612569609000,608802942000,612569609000,3.766667,612069609000,612569609000,612069609000,612569609000,612098492000.0,612464963000.0,612464963000.0,612469609000.0,0.104646,0.0,15,15,12,0.8,0.366471,0.0014622503853066612,1.0957553614334647,latest unique valid physical hand capture used by the accepted robust aggregation,endpoint timestamp_ns < target_capture_timestamp_ns,110.0,99.0,11.0,4.0,"Endpoints inside the aggregation-capture interval are terminal-state estimation with partial target evidence, not fully pre-aggregation forecasting. Endpoints at or after the final target capture are masked.",0.12995615601539612,0.44039589166641235,0.08935467898845673,-0.470632404088974,-0.33304980397224426,0.47391989827156067,0.6655696034431458
train,Florian,Florian_4_20260715_150849,terminal_endpose_unique_hand_capture_v2,hand_timestamp_ns,accepted,True,,1,right,679602942000,683302943000,679602942000,683302943000,3.700001,682769609000,683269609000,682769609000,683269609000,682801874000.0,683168656000.0,683168656000.0,683169609000.0,0.134287,0.033334,15,15,12,0.8,0.366782,0.0013706778566666144,0.6896355066343757,latest unique valid physical hand capture used by the accepted robust aggregation,endpoint timestamp_ns < target_capture_timestamp_ns,107.0,96.0,11.0,5.0,"Endpoints inside the aggregation-capture interval are terminal-state estimation with partial target evidence, not fully pre-aggregation forecasting. Endpoints at or after the final target capture are masked.",0.15136104822158813,0.41269880533218384,0.09056531637907028,-0.4255748689174652,-0.416102796792984,0.42097586393356323,0.6844879984855652
train,Florian,Florian_5_20260715_150959,terminal_endpose_unique_hand_capture_v2,hand_timestamp_ns,accepted,True,,1,right,748602942000,753436276000,748602942000,753436276000,4.833334,752869609000,753369609000,752869609000,753369609000,752894644000.0,753261322000.0,753261322000.0,753269609000.0,0.174954,0.066667,15,15,12,0.8,0.366678,0.001978883552073536,0.9997323252956841,latest unique valid physical hand capture used by the accepted robust aggregation,endpoint timestamp_ns < target_capture_timestamp_ns,140.0,129.0,11.0,6.0,"Endpoints inside the aggregation-capture interval are terminal-state estimation with partial target evidence, not fully pre-aggregation forecasting. Endpoints at or after the final target capture are masked.",0.15733066201210022,0.47414636611938477,0.13808345794677734,-0.45854562520980835,-0.3575934171676636,0.4251391887664795,0.6936278343200684
train,Florian,Florian_6_20260715_151126,terminal_endpose_unique_hand_capture_v2,hand_timestamp_ns,accepted,True,,0,left,833002942000,837802942000,833002942000,837802942000,4.8,837302942000,837802942000,837302942000,837802942000,837327991000.0,837727977000.0,837727977000.0,837736275000.0,0.074965,0.0,15,15,13,0.8666666666666667,0.399986,0.0021164904469170988,0.8199285174138602,latest unique valid physical hand capture used by the accepted robust aggregation,endpoint timestamp_ns < target_capture_timestamp_ns,142.0,130.0,12.0,3.0,"Endpoints inside the aggregation-capture interval are terminal-state estimation with partial target evidence, not fully pre-aggregation forecasting. Endpoints at or after the final target capture are masked.",-0.22311335802078247,0.44700804352760315,0.12104056775569916,-0.5647467970848083,0.34597668051719666,-0.2333061844110489,0.7119897603988647
train,Florian,Florian_7_20260715_151245,terminal_endpose_unique_hand_capture_v2,hand_timestamp_ns,accepted,True,,0,left,910102943000,914802942000,910102943000,914802942000,4.699999,914302942000,914802942000,914302942000,914802942000,914327975000.0,914694663000.0,914694663000.0,914702942000.0,0.108279,0.0,15,15,12,0.8,0.366688,0.013871680269590885,0.905522096206716,latest unique valid physical hand capture used by the accepted robust aggregation,endpoint timestamp_ns < target_capture_timestamp_ns,138.0,127.0,11.0,4.0,"Endpoints inside the aggregation-capture interval are terminal-state estimation with partial target evidence, not fully pre-aggregation forecasting. Endpoints at or after the final target capture are masked.",-0.23266693949699402,0.41705408692359924,0.12707951664924622,-0.5786852240562439,0.33559611439704895,-0.22908252477645874,0.7071208357810974
train,Florian,Florian_8_20260715_151356,terminal_endpose_unique_hand_capture_v2,hand_timestamp_ns,accepted,True,,0,left,975702942000,980602942000,975702942000,980602942000,4.9,980102942000,980602942000,980102942000,980602942000,980127976000.0,980527976000.0,980527976000.0,980536276000.0,0.074966,0.0,13,13,13,1.0,0.4,0.002712428682058017,0.7673815767434261,latest unique valid physical hand capture used by the accepted robust aggregation,endpoint timestamp_ns < target_capture_timestamp_ns,145.0,133.0,12.0,3.0,"Endpoints inside the aggregation-capture interval are terminal-state estimation with partial target evidence, not fully pre-aggregation forecasting. Endpoints at or after the final target capture are masked.",-0.24149854481220245,0.4551258683204651,0.14015637338161469,-0.5901561379432678,0.3259010314941406,-0.2228810340166092,0.7041507959365845
train,Florian,Florian_9_20260715_151452,terminal_endpose_unique_hand_capture_v2,hand_timestamp_ns,accepted,True,,0,left,1039402942000,1044669609000,1039402942000,1044669609000,5.266667,1044169609000,1044669609000,1044169609000,1044669609000,1044194643000.0,1044594641000.0,1044594641000.0,1044602942000.0,0.074968,0.0,13,13,13,1.0,0.399998,0.0020513658715319762,1.099800345376874,latest unique valid physical hand capture used by the accepted robust aggregation,endpoint timestamp_ns < target_capture_timestamp_ns,156.0,144.0,12.0,3.0,"Endpoints inside the aggregation-capture interval are terminal-state estimation with partial target evidence, not fully pre-aggregation forecasting. Endpoints at or after the final target capture are masked.",-0.24409858882427216,0.489703893661499,0.12982586026191711,-0.5495513081550598,0.33237823843955994,-0.2148171216249466,0.7357796430587769
train,Isa,Isa_10_20260730_182750,terminal_endpose_unique_hand_capture_v2,hand_timestamp_ns,accepted,True,,0,left,1977469609000,1984669609000,1977469609000,1984669609000,7.2,1984169609000,1984669609000,1984169609000,1984669609000,1984198223000.0,1984564789000.0,1984564789000.0,1984569609000.0,0.10482,0.0,15,15,12,0.8,0.366566,0.0036996524922120757,0.7390563409623355,latest unique valid physical hand capture used by the accepted robust aggregation,endpoint timestamp_ns < target_capture_timestamp_ns,213.0,202.0,11.0,4.0,"Endpoints inside the aggregation-capture interval are terminal-state estimation with partial target evidence, not fully pre-aggregation forecasting. Endpoints at or after the final target capture are masked.",0.22978121042251587,0.3119202256202698,0.07475529611110687,-0.10473893582820892,0.5197834372520447,-0.7088748216629028,0.4651359021663666
train,Isa,Isa_11_20260730_182938,terminal_endpose_unique_hand_capture_v2,hand_timestamp_ns,accepted,True,,0,left,2085936275000,2095736275000,2085936275000,2095736275000,9.8,2095236275000,2095736275000,2095236275000,2095736275000,2095261316000.0,2095661309000.0,2095661309000.0,2095669609000.0,0.074966,0.0,13,13,13,1.0,0.399993,0.0046850820715996335,1.0936532567923698,latest unique valid physical hand capture used by the accepted robust aggregation,endpoint timestamp_ns < target_capture_timestamp_ns,292.0,280.0,12.0,3.0,"Endpoints inside the aggregation-capture interval are terminal-state estimation with partial target evidence, not fully pre-aggregation forecasting. Endpoints at or after the final target capture are masked.",-0.14439250528812408,0.28229498863220215,0.04239146411418915,-0.3810545802116394,0.37802866101264954,-0.34745216369628906,0.768875002861023
train,Isa,Isa_12_20260730_183049,terminal_endpose_unique_hand_capture_v2,hand_timestamp_ns,accepted,True,,0,left,2154536275000,2161536275000,2154536275000,2161536275000,7.0,2161036275000,2161536275000,2161036275000,2161536275000,2161063001000.0,2161429567000.0,2161429567000.0,2161436275000.0,0.106708,0.0,15,15,12,0.8,0.366566,0.002827528083241831,0.8800693890876236,latest unique valid physical hand capture used by the accepted robust aggregation,endpoint timestamp_ns < target_capture_timestamp_ns,207.0,196.0,11.0,4.0,"Endpoints inside the aggregation-capture interval are terminal-state estimation with partial target evidence, not fully pre-aggregation forecasting. Endpoints at or after the final target capture are masked.",-0.128840371966362,0.2863377332687378,0.046937357634305954,-0.35721489787101746,0.3638771176338196,-0.33735331892967224,0.7913177013397217
train,Isa,Isa_12_2_20260730_183154,terminal_endpose_unique_hand_capture_v2,hand_timestamp_ns,accepted,True,,0,left,2220269609000,2236636275000,2220269609000,2236636275000,16.366666,2236136275000,2236636275000,2236136275000,2236636275000,2236161315000.0,2236561309000.0,2236561309000.0,2236569609000.0,0.074966,0.0,15,15,13,0.8666666666666667,0.399994,0.005855716188842931,0.9751334548177687,latest unique valid physical hand capture used by the accepted robust aggregation,endpoint timestamp_ns < target_capture_timestamp_ns,489.0,477.0,12.0,3.0,"Endpoints inside the aggregation-capture interval are terminal-state estimation with partial target evidence, not fully pre-aggregation forecasting. Endpoints at or after the final target capture are masked.",-0.16249443590641022,0.31093481183052063,0.04296562075614929,-0.347288578748703,0.37622910737991333,-0.36861762404441833,0.775862991809845
train,Isa,Isa_13_20260730_183253,terminal_endpose_unique_hand_capture_v2,hand_timestamp_ns,rejected,False,insufficient_valid_samples;low_valid_ratio;insufficient_valid_span,0,left,2281169609000,2288236275000,2281169609000,2288236275000,7.066666,2287736275000,2288236275000,2287736275000,2288236275000,,,,,,0.0,14,14,0,0.0,0.0,,,,,,,,,,,,,,,,
train,Isa,Isa_14_20260730_183443,terminal_endpose_unique_hand_capture_v2,hand_timestamp_ns,rejected,False,insufficient_valid_samples;low_valid_ratio;insufficient_valid_span,0,left,2390402942000,2396369609000,2390402942000,2396369609000,5.966667,2395869609000,2396369609000,2395869609000,2396369609000,,,,,,0.0,13,13,0,0.0,0.0,,,,,,,,,,,,,,,,
train,Isa,Isa_15_20260730_183544,terminal_endpose_unique_hand_capture_v2,hand_timestamp_ns,accepted,True,,0,left,2448136275000,2456669609000,2448136275000,2456669609000,8.533334,2456169609000,2456669609000,2456169609000,2456669609000,2456194649000.0,2456594643000.0,2456594643000.0,2456602942000.0,0.074966,0.0,15,15,13,0.8666666666666667,0.399994,0.004667863032432189,1.9245499959424168,latest unique valid physical hand capture used by the accepted robust aggregation,endpoint timestamp_ns < target_capture_timestamp_ns,254.0,242.0,12.0,3.0,"Endpoints inside the aggregation-capture interval are terminal-state estimation with partial target evidence, not fully pre-aggregation forecasting. Endpoints at or after the final target capture are masked.",-0.15064691007137299,0.29789799451828003,0.04426155611872673,-0.2482241988182068,0.3114933371543884,-0.41540104150772095,0.8178011178970337
train,Isa,Isa_16_20260730_183636,terminal_endpose_unique_hand_capture_v2,hand_timestamp_ns,accepted,True,,0,left,2502102943000,2509269609000,2502102943000,2509269609000,7.166666,2508769609000,2509269609000,2508769609000,2509269609000,2508794661000.0,2509194654000.0,2509194654000.0,2509202942000.0,0.074955,0.0,13,13,13,1.0,0.399993,0.002511059543528329,1.0040211471396734,latest unique valid physical hand capture used by the accepted robust aggregation,endpoint timestamp_ns < target_capture_timestamp_ns,213.0,201.0,12.0,3.0,"Endpoints inside the aggregation-capture interval are terminal-state estimation with partial target evidence, not fully pre-aggregation forecasting. Endpoints at or after the final target capture are masked.",-0.1457953006029129,0.2734120190143585,0.041199058294296265,-0.3123166263103485,0.34492045640945435,-0.33094751834869385,0.8209518790245056
train,Isa,Isa_17_20260730_183720,terminal_endpose_unique_hand_capture_v2,hand_timestamp_ns,accepted,True,,0,left,2544736276000,2552936276000,2544736276000,2552936276000,8.2,2552436276000,2552936276000,2552436276000,2552936276000,2552461316000.0,2552894643000.0,2552894643000.0,2552902942000.0,0.041633,0.0,14,14,14,1.0,0.433327,0.002639704059822432,1.0790651319771827,latest unique valid physical hand capture used by the accepted robust aggregation,endpoint timestamp_ns < target_capture_timestamp_ns,245.0,232.0,13.0,2.0,"Endpoints inside the aggregation-capture interval are terminal-state estimation with partial target evidence, not fully pre-aggregation forecasting. Endpoints at or after the final target capture are masked.",-0.14409072697162628,0.285659521818161,0.053165026009082794,-0.2989916205406189,0.3375939428806305,-0.32634779810905457,0.8307415246963501
train,Isa,Isa_18_20260730_183810,terminal_endpose_unique_hand_capture_v2,hand_timestamp_ns,accepted,True,,0,left,2592736276000,2600836276000,2592736276000,2600836276000,8.1,2600336276000,2600836276000,2600336276000,2600836276000,2600366969000.0,2600733534000.0,2600733534000.0,2600736276000.0,0.102742,0.0,15,15,12,0.8,0.366565,0.0009653705967014873,0.6939970370309488,latest unique valid physical hand capture used by the accepted robust aggregation,endpoint timestamp_ns < target_capture_timestamp_ns,240.0,229.0,11.0,4.0,"Endpoints inside the aggregation-capture interval are terminal-state estimation with partial target evidence, not fully pre-aggregation forecasting. Endpoints at or after the final target capture are masked.",-0.14579731225967407,0.2860668897628784,0.05636410042643547,-0.344320684671402,0.3238239884376526,-0.331276535987854,0.8166009783744812
train,Isa,Isa_19_20260730_183917,terminal_endpose_unique_hand_capture_v2,hand_timestamp_ns,accepted,True,,1,right,2663169609000,2671702942000,2663169609000,2671702942000,8.533333,2671202942000,2671702942000,2671202942000,2671702942000,2671227988000.0,2671627977000.0,2671627977000.0,2671636276000.0,0.074965,0.0,13,13,13,1.0,0.399989,0.0015693244345162864,0.7656254121395046,latest unique valid physical hand capture used by the accepted robust aggregation,endpoint timestamp_ns < target_capture_timestamp_ns,254.0,242.0,12.0,3.0,"Endpoints inside the aggregation-capture interval are terminal-state estimation with partial target evidence, not fully pre-aggregation forecasting. Endpoints at or after the final target capture are masked.",-0.28250083327293396,0.2520362436771393,0.08384896069765091,-0.09091664105653763,-0.49980318546295166,0.7281175255775452,0.4601910412311554
train,Isa,Isa_1_20260730_181722,terminal_endpose_unique_hand_capture_v2,hand_timestamp_ns,accepted,True,,1,right,1352302942000,1359836276000,1352302942000,1359836276000,7.533334,1359336276000,1359836276000,1359336276000,1359836276000,1359361310000.0,1359761311000.0,1359761311000.0,1359769609000.0,0.074965,0.0,15,15,13,0.8666666666666667,0.400001,0.0037656247852474105,1.1199529484443052,latest unique valid physical hand capture used by the accepted robust aggregation,endpoint timestamp_ns < target_capture_timestamp_ns,224.0,212.0,12.0,3.0,"Endpoints inside the aggregation-capture interval are terminal-state estimation with partial target evidence, not fully pre-aggregation forecasting. Endpoints at or after the final target capture are masked.",0.18087194859981537,0.3822023868560791,0.09508875012397766,-0.5644931793212891,-0.3425757884979248,0.34082794189453125,0.6691977381706238
train,Isa,Isa_2_20260730_181847,terminal_endpose_unique_hand_capture_v2,hand_timestamp_ns,rejected,False,insufficient_valid_samples;low_valid_ratio;insufficient_valid_span,1,right,1432202942000,1442702942000,1432202942000,1442702942000,10.5,1442202942000,1442702942000,1442202942000,1442702942000,,,,,,0.0,13,13,0,0.0,0.0,,,,,,,,,,,,,,,,
train,Isa,Isa_3_20260730_182001,terminal_endpose_unique_hand_capture_v2,hand_timestamp_ns,accepted,True,,0,left,1507402942000,1515302942000,1507402942000,1515302942000,7.9,1514802942000,1515302942000,1514802942000,1515302942000,1514827976000.0,1515227980000.0,1515227980000.0,1515236275000.0,0.074962,0.0,13,13,13,1.0,0.400004,0.007239220601349694,1.231849037185265,latest unique valid physical hand capture used by the accepted robust aggregation,endpoint timestamp_ns < target_capture_timestamp_ns,235.0,223.0,12.0,3.0,"Endpoints inside the aggregation-capture interval are terminal-state estimation with partial target evidence, not fully pre-aggregation forecasting. Endpoints at or after the final target capture are masked.",0.27362602949142456,0.3310511112213135,0.05806455761194229,-0.0650850310921669,0.4572156071662903,-0.7614340782165527,0.45490214228630066
train,Isa,Isa_4_20260730_182053,terminal_endpose_unique_hand_capture_v2,hand_timestamp_ns,accepted,True,,0,left,1559869609000,1565736276000,1559869609000,1565736276000,5.866667,1565236276000,1565736276000,1565236276000,1565736276000,1565261309000.0,1565627985000.0,1565627985000.0,1565636276000.0,0.108291,0.0,12,12,12,1.0,0.366676,0.0037339326341093364,0.6488644084975501,latest unique valid physical hand capture used by the accepted robust aggregation,endpoint timestamp_ns < target_capture_timestamp_ns,173.0,162.0,11.0,4.0,"Endpoints inside the aggregation-capture interval are terminal-state estimation with partial target evidence, not fully pre-aggregation forecasting. Endpoints at or after the final target capture are masked.",0.28582707047462463,0.33580145239830017,0.05900813639163971,-0.16646817326545715,0.538464367389679,-0.7163318395614624,0.41135528683662415
train,Isa,Isa_6_20260730_182331,terminal_endpose_unique_hand_capture_v2,hand_timestamp_ns,accepted,True,,0,left,1717102942000,1724402942000,1717102942000,1724402942000,7.3,1723902942000,1724402942000,1723902942000,1724402942000,1723927976000.0,1724327978000.0,1724327978000.0,1724336275000.0,0.074964,0.0,15,15,13,0.8666666666666667,0.400002,0.00607047588663128,1.3250402512810566,latest unique valid physical hand capture used by the accepted robust aggregation,endpoint timestamp_ns < target_capture_timestamp_ns,217.0,205.0,12.0,3.0,"Endpoints inside the aggregation-capture interval are terminal-state estimation with partial target evidence, not fully pre-aggregation forecasting. Endpoints at or after the final target capture are masked.",0.2717749774456024,0.3456813395023346,0.09350628405809402,-0.12273240834474564,0.4908739924430847,-0.727246880531311,0.4637795090675354
train,Isa,Isa_7_20260730_182452,terminal_endpose_unique_hand_capture_v2,hand_timestamp_ns,accepted,True,,0,left,1797369609000,1803002942000,1797369609000,1803002942000,5.633333,1802502942000,1803002942000,1802502942000,1803002942000,1802527987000.0,1802927980000.0,1802927980000.0,1802936275000.0,0.074962,0.0,13,13,13,1.0,0.399993,0.00468508559473967,0.9122838982777796,latest unique valid physical hand capture used by the accepted robust aggregation,endpoint timestamp_ns < target_capture_timestamp_ns,167.0,155.0,12.0,3.0,"Endpoints inside the aggregation-capture interval are terminal-state estimation with partial target evidence, not fully pre-aggregation forecasting. Endpoints at or after the final target capture are masked.",0.2668400704860687,0.30379247665405273,0.0996079072356224,-0.1262354999780655,0.48857080936431885,-0.7130522131919861,0.4867439866065979
train,Isa,Isa_8_20260730_182551,terminal_endpose_unique_hand_capture_v2,hand_timestamp_ns,accepted,True,,0,left,1857936276000,1864936276000,1857936276000,1864936276000,7.0,1864436276000,1864936276000,1864436276000,1864936276000,1864461312000.0,1864861308000.0,1864861308000.0,1864869609000.0,0.074968,0.0,15,15,13,0.8666666666666667,0.399996,0.00607248149136065,1.0313822875434222,latest unique valid physical hand capture used by the accepted robust aggregation,endpoint timestamp_ns < target_capture_timestamp_ns,208.0,196.0,12.0,3.0,"Endpoints inside the aggregation-capture interval are terminal-state estimation with partial target evidence, not fully pre-aggregation forecasting. Endpoints at or after the final target capture are masked.",0.286520391702652,0.31454378366470337,0.09293681383132935,-0.12019962072372437,0.4903513789176941,-0.7478716969490051,0.4310399889945984
train,Isa,Isa_9_20260730_182655,terminal_endpose_unique_hand_capture_v2,hand_timestamp_ns,rejected,False,insufficient_valid_samples;low_valid_ratio;insufficient_valid_span,0,left,1921069609000,1930069609000,1921069609000,1930069609000,9.0,1929569609000,1930069609000,1929569609000,1930069609000,,,,,,0.0,13,13,0,0.0,0.0,,,,,,,,,,,,,,,,
train,Jan,Jan_1_20260604_161550,terminal_endpose_unique_hand_capture_v2,hand_timestamp_ns,accepted,True,,1,right,4638078916000,4644045582000,4638078916000,4644045582000,5.966666,4643478916000,4643978916000,4643478916000,4643978916000,4643503943000.0,4643870608000.0,4643870608000.0,4643878916000.0,0.174974,0.066666,15,15,12,0.8,0.366665,0.001771543214730941,0.7287250704675658,latest unique valid physical hand capture used by the accepted robust aggregation,endpoint timestamp_ns < target_capture_timestamp_ns,174.0,163.0,11.0,6.0,"Endpoints inside the aggregation-capture interval are terminal-state estimation with partial target evidence, not fully pre-aggregation forecasting. Endpoints at or after the final target capture are masked.",0.42623358964920044,0.5204302072525024,0.011294050142168999,0.01879163831472397,0.2941175699234009,0.7999007105827332,0.5227816104888916
train,Jan,Jan_2_20260604_161704,terminal_endpose_unique_hand_capture_v2,hand_timestamp_ns,rejected,False,insufficient_valid_samples;low_valid_ratio;insufficient_valid_span,1,right,4713612249000,4718278915000,4713612249000,4718278915000,4.666666,4717778915000,4718278915000,4717778915000,4718278915000,,,,,,0.0,13,13,0,0.0,0.0,,,,,,,,,,,,,,,,
train,Jan,Jan_3_20260604_161835,terminal_endpose_unique_hand_capture_v2,hand_timestamp_ns,accepted,True,,1,right,4805578914000,4809078914000,4805578914000,4809078914000,3.5,4808578914000,4809078914000,4808578914000,4809078914000,4808603941000.0,4809003941000.0,4809003941000.0,4809012248000.0,0.074973,0.0,14,14,13,0.9285714285714286,0.4,0.033749461000734775,6.665287969433099,latest unique valid physical hand capture used by the accepted robust aggregation,endpoint timestamp_ns < target_capture_timestamp_ns,103.0,91.0,12.0,3.0,"Endpoints inside the aggregation-capture interval are terminal-state estimation with partial target evidence, not fully pre-aggregation forecasting. Endpoints at or after the final target capture are masked.",0.4236363172531128,0.5322741866111755,0.007982546463608742,-0.014306123368442059,0.3885921835899353,0.7720462083816528,0.5027286410331726
train,Jan,Jan_4_20260604_162000,terminal_endpose_unique_hand_capture_v2,hand_timestamp_ns,accepted,True,,1,right,4887778914000,4893612247000,4887778914000,4893612247000,5.833333,4893112247000,4893612247000,4893112247000,4893612247000,4893137273000.0,4893570605000.0,4893570605000.0,4893578913000.0,0.041642,0.0,15,15,14,0.9333333333333333,0.433332,0.0041142364086578275,2.9579955033090557,latest unique valid physical hand capture used by the accepted robust aggregation,endpoint timestamp_ns < target_capture_timestamp_ns,174.0,161.0,13.0,2.0,"Endpoints inside the aggregation-capture interval are terminal-state estimation with partial target evidence, not fully pre-aggregation forecasting. Endpoints at or after the final target capture are masked.",0.3977583646774292,0.5191274881362915,0.0037611068692058325,0.20399990677833557,0.5154380798339844,0.6165591478347778,0.5590728521347046
train,Jan,Jan_5_20260604_162111,terminal_endpose_unique_hand_capture_v2,hand_timestamp_ns,accepted,True,,1,right,4964478913000,4968445579000,4964478913000,4968445579000,3.966666,4967945579000,4968445579000,4967945579000,4968445579000,4967970605000.0,4968370604000.0,4968370604000.0,4968378912000.0,0.074975,0.0,15,15,13,0.8666666666666667,0.399999,0.004631904771015907,5.643096900779098,latest unique valid physical hand capture used by the accepted robust aggregation,endpoint timestamp_ns < target_capture_timestamp_ns,117.0,105.0,12.0,3.0,"Endpoints inside the aggregation-capture interval are terminal-state estimation with partial target evidence, not fully pre-aggregation forecasting. Endpoints at or after the final target capture are masked.",0.37830665707588196,0.541511058807373,-0.001085723633877933,0.04808599874377251,0.38024935126304626,0.7421711683273315,0.5498000383377075
train,Jola,Jola_1_20260624_131133,terminal_endpose_unique_hand_capture_v2,hand_timestamp_ns,accepted,True,,1,right,3412436276000,3416369609000,3412436276000,3416369609000,3.933333,3415436276000,3415936276000,3415436276000,3415936276000,3415463244000.0,3415930618000.0,3415930618000.0,3415936276000.0,0.438991,0.433333,15,15,15,1.0,0.467374,0.048038614022290274,14.880969435104657,latest unique valid physical hand capture used by the accepted robust aggregation,endpoint timestamp_ns < target_capture_timestamp_ns,105.0,91.0,14.0,14.0,"Endpoints inside the aggregation-capture interval are terminal-state estimation with partial target evidence, not fully pre-aggregation forecasting. Endpoints at or after the final target capture are masked.",0.15737296640872955,0.43174776434898376,0.1436268538236618,-0.5406200885772705,-0.39758753776550293,0.2753371298313141,0.6883629560470581
train,Jola,Jola_2_20260624_131246,terminal_endpose_unique_hand_capture_v2,hand_timestamp_ns,accepted,True,,1,right,3488269609000,3492002943000,3488269609000,3492002943000,3.733334,3491202942000,3491702942000,3491202942000,3491702942000,3491227976000.0,3491694656000.0,3491694656000.0,3491702942000.0,0.308287,0.300001,15,15,15,1.0,0.46668,0.04076655740833498,16.158416555284365,latest unique valid physical hand capture used by the accepted robust aggregation,endpoint timestamp_ns < target_capture_timestamp_ns,103.0,89.0,14.0,10.0,"Endpoints inside the aggregation-capture interval are terminal-state estimation with partial target evidence, not fully pre-aggregation forecasting. Endpoints at or after the final target capture are masked.",0.12450117617845535,0.4771830141544342,0.2048484981060028,-0.6218723058700562,-0.33592236042022705,0.24254219233989716,0.6645331382751465
train,Jola,Jola_3_20260624_131435,terminal_endpose_unique_hand_capture_v2,hand_timestamp_ns,accepted,True,,1,right,3594636276000,3598036276000,3594636276000,3598036276000,3.4,3597002943000,3597502943000,3597002943000,3597502943000,3597027976000.0,3597494646000.0,3597494646000.0,3597502943000.0,0.54163,0.533333,15,15,15,1.0,0.46667,0.04141360964884533,8.324451026378286,latest unique valid physical hand capture used by the accepted robust aggregation,endpoint timestamp_ns < target_capture_timestamp_ns,86.0,72.0,14.0,17.0,"Endpoints inside the aggregation-capture interval are terminal-state estimation with partial target evidence, not fully pre-aggregation forecasting. Endpoints at or after the final target capture are masked.",0.10513462126255035,0.33508747816085815,0.15901899337768555,-0.5201073288917542,-0.44363346695899963,0.23499782383441925,0.6909803152084351
train,Julienco,Julienco_1_20260624_125251,terminal_endpose_unique_hand_capture_v2,hand_timestamp_ns,accepted,True,,1,right,2280869609000,2287969609000,2280869609000,2287969609000,7.1,2287469609000,2287969609000,2287469609000,2287969609000,2287494643000.0,2287894644000.0,2287894644000.0,2287902942000.0,0.074965,0.0,13,13,13,1.0,0.400001,0.022327745672537303,12.10914278038842,latest unique valid physical hand capture used by the accepted robust aggregation,endpoint timestamp_ns < target_capture_timestamp_ns,211.0,199.0,12.0,3.0,"Endpoints inside the aggregation-capture interval are terminal-state estimation with partial target evidence, not fully pre-aggregation forecasting. Endpoints at or after the final target capture are masked.",0.3118703067302704,0.4738060534000397,-0.0017670465167611837,0.22155259549617767,0.40139931440353394,0.523951530456543,0.7178215980529785
train,Julienco,Julienco_2_20260624_125435,terminal_endpose_unique_hand_capture_v2,hand_timestamp_ns,accepted,True,,1,right,2379836275000,2382902942000,2379836275000,2382902942000,3.066667,2382402942000,2382902942000,2382402942000,2382902942000,2382427974000.0,2382827976000.0,2382827976000.0,2382836275000.0,0.074966,0.0,13,13,13,1.0,0.400002,0.005656761060843545,1.1626059259346517,latest unique valid physical hand capture used by the accepted robust aggregation,endpoint timestamp_ns < target_capture_timestamp_ns,90.0,78.0,12.0,3.0,"Endpoints inside the aggregation-capture interval are terminal-state estimation with partial target evidence, not fully pre-aggregation forecasting. Endpoints at or after the final target capture are masked.",0.07761041820049286,0.32203954458236694,0.06344904750585556,-0.5322408080101013,-0.31427621841430664,0.22949352860450745,0.7518529891967773
train,Julienco,Julienco_3_20260624_125549,terminal_endpose_unique_hand_capture_v2,hand_timestamp_ns,accepted,True,,1,right,2464402943000,2468602942000,2464402943000,2468602942000,4.199999,2467969609000,2468469609000,2467969609000,2468469609000,2467994646000.0,2468461308000.0,2468461308000.0,2468469609000.0,0.141634,0.133333,15,15,15,1.0,0.466662,0.03634612565263707,16.78259676878921,latest unique valid physical hand capture used by the accepted robust aggregation,endpoint timestamp_ns < target_capture_timestamp_ns,122.0,108.0,14.0,5.0,"Endpoints inside the aggregation-capture interval are terminal-state estimation with partial target evidence, not fully pre-aggregation forecasting. Endpoints at or after the final target capture are masked.",0.09508660435676575,0.3395983576774597,0.06352606415748596,-0.5433609485626221,-0.31321442127227783,0.29641494154930115,0.7202734351158142
train,Julienco,Julienco_4_20260624_125717,terminal_endpose_unique_hand_capture_v2,hand_timestamp_ns,accepted,True,,1,right,2548869609000,2552969609000,2548869609000,2552969609000,4.1,2552469609000,2552969609000,2552469609000,2552969609000,2552494647000.0,2552861308000.0,2552861308000.0,2552869609000.0,0.108301,0.0,15,15,12,0.8,0.366661,0.0034817373275845896,1.0082971046255655,latest unique valid physical hand capture used by the accepted robust aggregation,endpoint timestamp_ns < target_capture_timestamp_ns,120.0,109.0,11.0,4.0,"Endpoints inside the aggregation-capture interval are terminal-state estimation with partial target evidence, not fully pre-aggregation forecasting. Endpoints at or after the final target capture are masked.",0.13610053062438965,0.3217068910598755,0.05895891413092613,-0.45934614539146423,-0.3719213008880615,0.33461979031562805,0.7339654564857483
train,Julienco,Julienco_5_20260624_125942,terminal_endpose_unique_hand_capture_v2,hand_timestamp_ns,accepted,True,,1,right,2693902942000,2698436276000,2693902942000,2698436276000,4.533334,2697936276000,2698436276000,2697936276000,2698436276000,2697962687000.0,2698362673000.0,2698362673000.0,2698369609000.0,0.073603,0.0,15,15,13,0.8666666666666667,0.399986,0.006668412355333534,4.187675092436354,latest unique valid physical hand capture used by the accepted robust aggregation,endpoint timestamp_ns < target_capture_timestamp_ns,134.0,122.0,12.0,3.0,"Endpoints inside the aggregation-capture interval are terminal-state estimation with partial target evidence, not fully pre-aggregation forecasting. Endpoints at or after the final target capture are masked.",0.17327803373336792,0.4001305103302002,0.01262994296848774,0.16240940988063812,0.2922017574310303,0.5642510056495667,0.754892110824585
train,Julienco,Julienco_7_20260624_130215,terminal_endpose_unique_hand_capture_v2,hand_timestamp_ns,accepted,True,,1,right,2840569609000,2845169609000,2840569609000,2845169609000,4.6,2844669609000,2845169609000,2844669609000,2845169609000,2844702802000.0,2845069247000.0,2845069247000.0,2845069609000.0,0.100362,0.0,15,15,12,0.8,0.366445,0.019346471333534992,10.948754008792823,latest unique valid physical hand capture used by the accepted robust aggregation,endpoint timestamp_ns < target_capture_timestamp_ns,135.0,124.0,11.0,4.0,"Endpoints inside the aggregation-capture interval are terminal-state estimation with partial target evidence, not fully pre-aggregation forecasting. Endpoints at or after the final target capture are masked.",0.0697767585515976,0.339904248714447,0.05350370332598686,-0.5136296153068542,-0.27723249793052673,0.2828402817249298,0.7611360549926758
train,Julienco,Julienco_8_20260624_130311,terminal_endpose_unique_hand_capture_v2,hand_timestamp_ns,accepted,True,,1,right,2898202943000,2901369609000,2898202943000,2901369609000,3.166666,2900869609000,2901369609000,2900869609000,2901369609000,2900894649000.0,2901294645000.0,2901294645000.0,2901302943000.0,0.074964,0.0,13,13,13,1.0,0.399996,0.0017032882526944076,0.6012153412570663,latest unique valid physical hand capture used by the accepted robust aggregation,endpoint timestamp_ns < target_capture_timestamp_ns,93.0,81.0,12.0,3.0,"Endpoints inside the aggregation-capture interval are terminal-state estimation with partial target evidence, not fully pre-aggregation forecasting. Endpoints at or after the final target capture are masked.",0.07531137764453888,0.3315880596637726,0.031078003346920013,-0.5528458952903748,-0.32722118496894836,0.2919735014438629,0.7085472345352173
train,Leys,Leys_1_20260604_163147,terminal_endpose_unique_hand_capture_v2,hand_timestamp_ns,accepted,True,,1,right,5590012247000,5594278913000,5590012247000,5594278913000,4.266666,5593778913000,5594278913000,5593778913000,5594278913000,5593809180000.0,5594209070000.0,5594209070000.0,5594212246000.0,0.069843,0.0,15,15,13,0.8666666666666667,0.39989,0.0024955629773543765,0.6696786430653815,latest unique valid physical hand capture used by the accepted robust aggregation,endpoint timestamp_ns < target_capture_timestamp_ns,126.0,114.0,12.0,3.0,"Endpoints inside the aggregation-capture interval are terminal-state estimation with partial target evidence, not fully pre-aggregation forecasting. Endpoints at or after the final target capture are masked.",0.14479346573352814,0.46088042855262756,0.10083694756031036,-0.356978178024292,-0.3725714683532715,0.4640777111053467,0.7199923396110535
train,Leys,Leys_2_20260604_163417,terminal_endpose_unique_hand_capture_v2,hand_timestamp_ns,rejected,False,insufficient_valid_samples;low_valid_ratio;insufficient_valid_span,1,right,5737945578000,5742578911000,5737945578000,5742578911000,4.633333,5742078911000,5742578911000,5742078911000,5742578911000,,,,,,0.0,13,13,0,0.0,0.0,,,,,,,,,,,,,,,,
train,Leys,Leys_3_20260604_163535,terminal_endpose_unique_hand_capture_v2,hand_timestamp_ns,accepted,True,,1,right,5821512244000,5829178910000,5821512244000,5829178910000,7.666666,5828678910000,5829178910000,5828678910000,5829178910000,5828703984000.0,5829103935000.0,5829103935000.0,5829112243000.0,0.074975,0.0,13,13,13,1.0,0.399951,0.0043876257565476735,1.4987422947452633,latest unique valid physical hand capture used by the accepted robust aggregation,endpoint timestamp_ns < target_capture_timestamp_ns,228.0,216.0,12.0,3.0,"Endpoints inside the aggregation-capture interval are terminal-state estimation with partial target evidence, not fully pre-aggregation forecasting. Endpoints at or after the final target capture are masked.",0.2981994152069092,0.6876824498176575,0.016887415200471878,-0.08740587532520294,0.14440695941448212,0.672641396522522,0.7204585075378418
train,Leys,Leys_4_20260604_163704,terminal_endpose_unique_hand_capture_v2,hand_timestamp_ns,rejected,False,insufficient_valid_samples;low_valid_ratio;insufficient_valid_span,1,right,5911445576000,5918778909000,5911445576000,5918778909000,7.333333,5918278909000,5918778909000,5918278909000,5918778909000,,,,,,0.0,13,13,0,0.0,0.0,,,,,,,,,,,,,,,,
train,Leys,Leys_5_20260604_163854,terminal_endpose_unique_hand_capture_v2,hand_timestamp_ns,accepted,True,,1,right,6020145575000,6023978908000,6020145575000,6023978908000,3.833333,6023045575000,6023545575000,6023045575000,6023545575000,6023070601000.0,6023537267000.0,6023537267000.0,6023545575000.0,0.441641,0.433333,15,15,15,1.0,0.466666,0.0426466211848804,9.285602980844972,latest unique valid physical hand capture used by the accepted robust aggregation,endpoint timestamp_ns < target_capture_timestamp_ns,102.0,88.0,14.0,14.0,"Endpoints inside the aggregation-capture interval are terminal-state estimation with partial target evidence, not fully pre-aggregation forecasting. Endpoints at or after the final target capture are masked.",0.12137385457754135,0.48818787932395935,0.06383117288351059,-0.3462967276573181,-0.337555855512619,0.4554789066314697,0.7474446892738342
train,Maria,Maria_1_20260624_133852,terminal_endpose_unique_hand_capture_v2,hand_timestamp_ns,accepted,True,,1,right,5047169609000,5051036276000,5047169609000,5051036276000,3.866667,5050536276000,5051036276000,5050536276000,5051036276000,5050561332000.0,5050927975000.0,5050927975000.0,5050936276000.0,0.108301,0.0,12,12,12,1.0,0.366643,0.04725718379128945,17.26483640849868,latest unique valid physical hand capture used by the accepted robust aggregation,endpoint timestamp_ns < target_capture_timestamp_ns,113.0,102.0,11.0,4.0,"Endpoints inside the aggregation-capture interval are terminal-state estimation with partial target evidence, not fully pre-aggregation forecasting. Endpoints at or after the final target capture are masked.",0.11771533638238907,0.3198324143886566,0.16092699766159058,-0.5333308577537537,-0.4425415098667145,0.22881999611854553,0.683634877204895
train,Maria,Maria_2_20260624_134005,terminal_endpose_unique_hand_capture_v2,hand_timestamp_ns,accepted,True,,1,right,5112636275000,5115702942000,5112636275000,5115702942000,3.066667,5114669609000,5115169609000,5114669609000,5115169609000,5114696922000.0,5115163435000.0,5115163435000.0,5115169609000.0,0.539507,0.533333,15,15,15,1.0,0.466513,0.04917421137838951,11.615124520226775,latest unique valid physical hand capture used by the accepted robust aggregation,endpoint timestamp_ns < target_capture_timestamp_ns,76.0,62.0,14.0,17.0,"Endpoints inside the aggregation-capture interval are terminal-state estimation with partial target evidence, not fully pre-aggregation forecasting. Endpoints at or after the final target capture are masked.",0.0965086966753006,0.31045734882354736,0.11492451280355453,-0.3462676405906677,-0.4081387519836426,0.3153219521045685,0.7836412191390991
train,Maria,Maria_4_20260624_134233,terminal_endpose_unique_hand_capture_v2,hand_timestamp_ns,rejected,False,insufficient_valid_samples;low_valid_ratio;insufficient_valid_span,1,right,5259102942000,5262402942000,5259102942000,5262402942000,3.3,5261902942000,5262402942000,5261902942000,5262402942000,,,,,,0.0,13,13,0,0.0,0.0,,,,,,,,,,,,,,,,
train,Melih,Melih_10_20260616_180515,terminal_endpose_unique_hand_capture_v2,hand_timestamp_ns,accepted,True,,1,right,1266712242000,1269978908000,1266712242000,1269978908000,3.266666,1269478908000,1269978908000,1269478908000,1269978908000,1269503933000.0,1269903936000.0,1269903936000.0,1269912242000.0,0.074972,0.0,13,13,13,1.0,0.400003,0.010437607638984438,1.4508470683000845,latest unique valid physical hand capture used by the accepted robust aggregation,endpoint timestamp_ns < target_capture_timestamp_ns,96.0,84.0,12.0,3.0,"Endpoints inside the aggregation-capture interval are terminal-state estimation with partial target evidence, not fully pre-aggregation forecasting. Endpoints at or after the final target capture are masked.",0.15439893305301666,0.40305569767951965,0.0597744919359684,-0.36957427859306335,-0.35545578598976135,0.3909330666065216,0.7643542289733887
train,Melih,Melih_1_20260616_175140,terminal_endpose_unique_hand_capture_v2,hand_timestamp_ns,accepted,True,,1,right,437173363000,441173362000,437173363000,441173362000,3.999999,440673362000,441173362000,440673362000,441173362000,440700856000.0,441067421000.0,441067421000.0,441073362000.0,0.105941,0.0,15,15,12,0.8,0.366565,0.006204391238115076,1.337286557510594,latest unique valid physical hand capture used by the accepted robust aggregation,endpoint timestamp_ns < target_capture_timestamp_ns,117.0,106.0,11.0,4.0,"Endpoints inside the aggregation-capture interval are terminal-state estimation with partial target evidence, not fully pre-aggregation forecasting. Endpoints at or after the final target capture are masked.",0.15739035606384277,0.3576802611351013,0.0736493170261383,-0.38407739996910095,-0.3459891974925995,0.3814167380332947,0.7663532495498657
train,Melih,Melih_2_20260616_175310,terminal_endpose_unique_hand_capture_v2,hand_timestamp_ns,accepted,True,,1,right,530012250000,537812249000,530012250000,537812249000,7.799999,536712250000,537212250000,536712250000,537212250000,536737276000.0,537203943000.0,537203943000.0,537212250000.0,0.608306,0.599999,15,15,15,1.0,0.466667,0.027537759316868034,23.4582722283461,latest unique valid physical hand capture used by the accepted robust aggregation,endpoint timestamp_ns < target_capture_timestamp_ns,216.0,202.0,14.0,19.0,"Endpoints inside the aggregation-capture interval are terminal-state estimation with partial target evidence, not fully pre-aggregation forecasting. Endpoints at or after the final target capture are masked.",0.15505896508693695,0.36287006735801697,0.05752924084663391,-0.22727039456367493,-0.25637802481651306,0.35423436760902405,0.8701359033584595
train,Melih,Melih_3_20260616_175418,terminal_endpose_unique_hand_capture_v2,hand_timestamp_ns,rejected,False,insufficient_valid_samples;low_valid_ratio;insufficient_valid_span,1,right,597912250000,605745582000,597912250000,605745582000,7.833332,605245582000,605745582000,605245582000,605745582000,,,,,,0.0,13,13,0,0.0,0.0,,,,,,,,,,,,,,,,
train,Melih,Melih_4_20260616_175523,terminal_endpose_unique_hand_capture_v2,hand_timestamp_ns,rejected,False,unstable_position;unstable_orientation,1,right,661706693000,670773359000,661706693000,670773359000,9.066666,670273359000,670773359000,670273359000,670773359000,670298384000.0,670731719000.0,670731719000.0,670740025000.0,0.04164,0.0,15,15,14,0.9333333333333333,0.433335,0.12740914983063056,29.67116618718458,,,,,,,,0.2835536599159241,0.18923237919807434,0.12077274173498154,0.09597255289554596,0.3578270673751831,0.6288834810256958,0.6835602521896362
train,Melih,Melih_5_20260616_175612,terminal_endpose_unique_hand_capture_v2,hand_timestamp_ns,accepted,True,,1,right,713812248000,719845581000,713812248000,719845581000,6.033333,719345581000,719845581000,719345581000,719845581000,719370607000.0,719803940000.0,719803940000.0,719812248000.0,0.041641,0.0,14,14,14,1.0,0.433333,0.005112371943465902,1.5414599333281804,latest unique valid physical hand capture used by the accepted robust aggregation,endpoint timestamp_ns < target_capture_timestamp_ns,180.0,167.0,13.0,2.0,"Endpoints inside the aggregation-capture interval are terminal-state estimation with partial target evidence, not fully pre-aggregation forecasting. Endpoints at or after the final target capture are masked.",0.1469908058643341,0.3839861750602722,0.07016289979219437,-0.37077608704566956,-0.371578574180603,0.4024145305156708,0.7500113248825073
train,Melih,Melih_6_20260616_180104,terminal_endpose_unique_hand_capture_v2,hand_timestamp_ns,accepted,True,,1,right,1005945579000,1011778911000,1005945579000,1011778911000,5.833332,1011278911000,1011778911000,1011278911000,1011778911000,1011303937000.0,1011670608000.0,1011670608000.0,1011678911000.0,0.108303,0.0,15,15,12,0.8,0.366671,0.006298574667691024,1.925018530856674,latest unique valid physical hand capture used by the accepted robust aggregation,endpoint timestamp_ns < target_capture_timestamp_ns,172.0,161.0,11.0,4.0,"Endpoints inside the aggregation-capture interval are terminal-state estimation with partial target evidence, not fully pre-aggregation forecasting. Endpoints at or after the final target capture are masked.",0.1554398238658905,0.38550639152526855,0.05079202353954315,-0.4154040217399597,-0.3852008581161499,0.3770643472671509,0.7327225208282471
train,Melih,Melih_7_20260616_180202,terminal_endpose_unique_hand_capture_v2,hand_timestamp_ns,accepted,True,,1,right,1066678911000,1071878911000,1066678911000,1071878911000,5.2,1071345577000,1071845577000,1071345577000,1071845577000,1071370604000.0,1071737270000.0,1071737270000.0,1071745577000.0,0.141641,0.033334,14,14,12,0.8571428571428571,0.366666,0.009556542260726556,1.2632525589882826,latest unique valid physical hand capture used by the accepted robust aggregation,endpoint timestamp_ns < target_capture_timestamp_ns,152.0,141.0,11.0,5.0,"Endpoints inside the aggregation-capture interval are terminal-state estimation with partial target evidence, not fully pre-aggregation forecasting. Endpoints at or after the final target capture are masked.",0.1475413739681244,0.3702850341796875,0.07068504393100739,-0.39793792366981506,-0.35849884152412415,0.37812429666519165,0.7550801038742065
train,Melih,Melih_8_20260616_180307,terminal_endpose_unique_hand_capture_v2,hand_timestamp_ns,accepted,True,,1,right,1128812244000,1134778910000,1128812244000,1134778910000,5.966666,1134278910000,1134778910000,1134278910000,1134778910000,1134303936000.0,1134670601000.0,1134670601000.0,1134678910000.0,0.108309,0.0,12,12,12,1.0,0.366665,0.004440942089266517,1.2335823188492634,latest unique valid physical hand capture used by the accepted robust aggregation,endpoint timestamp_ns < target_capture_timestamp_ns,176.0,165.0,11.0,4.0,"Endpoints inside the aggregation-capture interval are terminal-state estimation with partial target evidence, not fully pre-aggregation forecasting. Endpoints at or after the final target capture are masked.",0.15034160017967224,0.3629806339740753,0.06221356242895126,-0.371802419424057,-0.3694886565208435,0.3852258324623108,0.7595012784004211
train,Melih,Melih_9_20260616_180402,terminal_endpose_unique_hand_capture_v2,hand_timestamp_ns,accepted,True,,1,right,1186578910000,1190212243000,1186578910000,1190212243000,3.633333,1189712243000,1190212243000,1189712243000,1190212243000,1189737280000.0,1190103943000.0,1190103943000.0,1190112243000.0,0.1083,0.0,15,15,12,0.8,0.366663,0.006823037716566273,1.4464276949313943,latest unique valid physical hand capture used by the accepted robust aggregation,endpoint timestamp_ns < target_capture_timestamp_ns,106.0,95.0,11.0,4.0,"Endpoints inside the aggregation-capture interval are terminal-state estimation with partial target evidence, not fully pre-aggregation forecasting. Endpoints at or after the final target capture are masked.",0.1388484239578247,0.37438398599624634,0.06574564427137375,-0.3538029193878174,-0.364279568195343,0.3930481970310211,0.7665748596191406
train,Miro,Miro_2_20260604_153451,terminal_endpose_unique_hand_capture_v2,hand_timestamp_ns,rejected,False,insufficient_valid_samples;low_valid_ratio;insufficient_valid_span,1,right,2172445636000,2177245636000,2172445636000,2177245636000,4.8,2176745636000,2177245636000,2176745636000,2177245636000,2176770660000.0,2176803994000.0,2176803994000.0,2176812302000.0,0.441642,0.0,15,15,2,0.13333333333333333,0.033334,,,,,,,,,,,,,,,,
train,Miro,Miro_3_20260604_153609,terminal_endpose_unique_hand_capture_v2,hand_timestamp_ns,accepted,True,,1,right,2248845635000,2253178968000,2248845635000,2253178968000,4.333333,2252112302000,2252612302000,2252112302000,2252612302000,2252137327000.0,2252603995000.0,2252603995000.0,2252612302000.0,0.574973,0.566666,15,15,15,1.0,0.466668,0.04099461158808574,14.154550767352417,latest unique valid physical hand capture used by the accepted robust aggregation,endpoint timestamp_ns < target_capture_timestamp_ns,113.0,99.0,14.0,18.0,"Endpoints inside the aggregation-capture interval are terminal-state estimation with partial target evidence, not fully pre-aggregation forecasting. Endpoints at or after the final target capture are masked.",0.20347264409065247,0.46665310859680176,0.07670995593070984,-0.38168907165527344,-0.35650569200515747,0.41511788964271545,0.7449122667312622
train,Paul,Paul_10_20260730_200732,terminal_endpose_unique_hand_capture_v2,hand_timestamp_ns,accepted,True,,0,left,663936275000,677069609000,663936275000,677069609000,13.133334,676569609000,677069609000,676569609000,677069609000,676594647000.0,676994643000.0,676994643000.0,677002942000.0,0.074966,0.0,13,13,13,1.0,0.399996,0.0016989869499385787,0.8242479909660989,latest unique valid physical hand capture used by the accepted robust aggregation,endpoint timestamp_ns < target_capture_timestamp_ns,392.0,380.0,12.0,3.0,"Endpoints inside the aggregation-capture interval are terminal-state estimation with partial target evidence, not fully pre-aggregation forecasting. Endpoints at or after the final target capture are masked.",-0.18675363063812256,0.31121036410331726,0.013326533138751984,-0.14923688769340515,0.12496159970760345,-0.5945619344711304,0.7801339626312256
train,Paul,Paul_11_20260730_200816,terminal_endpose_unique_hand_capture_v2,hand_timestamp_ns,rejected,False,insufficient_valid_samples;low_valid_ratio;insufficient_valid_span,0,left,710102943000,719636276000,710102943000,719636276000,9.533333,719136276000,719636276000,719136276000,719636276000,,,,,,0.0,13,13,0,0.0,0.0,,,,,,,,,,,,,,,,
train,Paul,Paul_12_20260730_200900,terminal_endpose_unique_hand_capture_v2,hand_timestamp_ns,rejected,False,insufficient_valid_samples;low_valid_ratio;insufficient_valid_span,0,left,753402942000,765869609000,753402942000,765869609000,12.466667,765369609000,765869609000,765369609000,765869609000,,,,,,0.0,14,14,0,0.0,0.0,,,,,,,,,,,,,,,,
train,Paul,Paul_13_20260730_201414,terminal_endpose_unique_hand_capture_v2,hand_timestamp_ns,accepted,True,,0,left,1065169609000,1076769609000,1065169609000,1076769609000,11.6,1076202942000,1076702942000,1076202942000,1076702942000,1076232890000.0,1076599352000.0,1076599352000.0,1076602942000.0,0.170257,0.066667,15,15,12,0.8,0.366462,0.002371599727462561,1.4842178099400183,latest unique valid physical hand capture used by the accepted robust aggregation,endpoint timestamp_ns < target_capture_timestamp_ns,343.0,332.0,11.0,6.0,"Endpoints inside the aggregation-capture interval are terminal-state estimation with partial target evidence, not fully pre-aggregation forecasting. Endpoints at or after the final target capture are masked.",-0.16457876563072205,0.3086269497871399,-0.002892687451094389,-0.1398075520992279,0.015950988978147507,-0.48830413818359375,0.8612540364265442
train,Paul,Paul_14_20260730_201501,terminal_endpose_unique_hand_capture_v2,hand_timestamp_ns,rejected,False,insufficient_valid_samples;low_valid_ratio;insufficient_valid_span,0,left,1114102942000,1125569609000,1114102942000,1125569609000,11.466667,1125069609000,1125569609000,1125069609000,1125569609000,,,,,,0.0,14,14,0,0.0,0.0,,,,,,,,,,,,,,,,
train,Paul,Paul_15_20260730_201546,terminal_endpose_unique_hand_capture_v2,hand_timestamp_ns,accepted,True,,0,left,1159636275000,1172969609000,1159636275000,1172969609000,13.333334,1171802942000,1172302942000,1171802942000,1172302942000,1171831363000.0,1172298684000.0,1172298684000.0,1172302942000.0,0.670925,0.666667,15,15,15,1.0,0.467321,0.04826740966430414,19.223025820281045,latest unique valid physical hand capture used by the accepted robust aggregation,endpoint timestamp_ns < target_capture_timestamp_ns,380.0,366.0,14.0,21.0,"Endpoints inside the aggregation-capture interval are terminal-state estimation with partial target evidence, not fully pre-aggregation forecasting. Endpoints at or after the final target capture are masked.",-0.11342913657426834,0.3021411895751953,0.19930653274059296,-0.4323555827140808,0.16337424516677856,-0.3363528549671173,0.8205146193504333
train,Paul,Paul_16_20260730_201647,terminal_endpose_unique_hand_capture_v2,hand_timestamp_ns,accepted,True,,0,left,1218602942000,1230169609000,1218602942000,1230169609000,11.566667,1229669609000,1230169609000,1229669609000,1230169609000,1229694646000.0,1230061309000.0,1230061309000.0,1230069609000.0,0.1083,0.0,12,12,12,1.0,0.366663,0.003232391847209224,4.210508700474592,latest unique valid physical hand capture used by the accepted robust aggregation,endpoint timestamp_ns < target_capture_timestamp_ns,344.0,333.0,11.0,4.0,"Endpoints inside the aggregation-capture interval are terminal-state estimation with partial target evidence, not fully pre-aggregation forecasting. Endpoints at or after the final target capture are masked.",-0.24268770217895508,0.321226567029953,-0.0031828139908611774,-0.04784470424056053,-0.1948210448026657,-0.46448802947998047,0.862558126449585
train,Paul,Paul_17_20260730_201734,terminal_endpose_unique_hand_capture_v2,hand_timestamp_ns,accepted,True,,0,left,1264902942000,1274136276000,1264902942000,1274136276000,9.233334,1273602943000,1274102943000,1273602943000,1274102943000,1273633235000.0,1273999801000.0,1273999801000.0,1274002943000.0,0.136475,0.033333,15,15,12,0.8,0.366566,0.0023110388722701915,2.2199262010760963,latest unique valid physical hand capture used by the accepted robust aggregation,endpoint timestamp_ns < target_capture_timestamp_ns,273.0,262.0,11.0,5.0,"Endpoints inside the aggregation-capture interval are terminal-state estimation with partial target evidence, not fully pre-aggregation forecasting. Endpoints at or after the final target capture are masked.",-0.23684294521808624,0.30845123529434204,-0.0025267605669796467,0.1827741265296936,-0.28673285245895386,-0.5880706906318665,0.7338601350784302
train,Paul,Paul_18_20260730_201826,terminal_endpose_unique_hand_capture_v2,hand_timestamp_ns,accepted,True,,0,left,1320369609000,1331736275000,1320369609000,1331736275000,11.366666,1331236275000,1331736275000,1331236275000,1331736275000,1331261309000.0,1331661324000.0,1331661324000.0,1331669609000.0,0.074951,0.0,13,13,13,1.0,0.400015,0.03826425487492303,3.518041821320396,latest unique valid physical hand capture used by the accepted robust aggregation,endpoint timestamp_ns < target_capture_timestamp_ns,339.0,327.0,12.0,3.0,"Endpoints inside the aggregation-capture interval are terminal-state estimation with partial target evidence, not fully pre-aggregation forecasting. Endpoints at or after the final target capture are masked.",-0.2785927653312683,0.2979448437690735,-0.00532458396628499,-0.021665116772055626,-0.23839114606380463,-0.5326322317123413,0.8117901086807251
train,Paul,Paul_19_20260730_201912,terminal_endpose_unique_hand_capture_v2,hand_timestamp_ns,rejected,False,insufficient_valid_samples;low_valid_ratio;insufficient_valid_span,0,left,1369736276000,1379636276000,1369736276000,1379636276000,9.9,1379136276000,1379636276000,1379136276000,1379636276000,,,,,,0.0,14,14,0,0.0,0.0,,,,,,,,,,,,,,,,
train,Paul,Paul_1_20260730_195810,terminal_endpose_unique_hand_capture_v2,hand_timestamp_ns,accepted,True,,0,left,103869609000,111002942000,103869609000,111002942000,7.133333,110502942000,111002942000,110502942000,111002942000,110527975000.0,110894654000.0,110894654000.0,110902942000.0,0.108288,0.0,13,13,12,0.9230769230769231,0.366679,0.004866795012102574,1.9292794741423132,latest unique valid physical hand capture used by the accepted robust aggregation,endpoint timestamp_ns < target_capture_timestamp_ns,211.0,200.0,11.0,4.0,"Endpoints inside the aggregation-capture interval are terminal-state estimation with partial target evidence, not fully pre-aggregation forecasting. Endpoints at or after the final target capture are masked.",-0.23382115364074707,0.42072251439094543,0.009962445124983788,0.19153477251529694,-0.28364336490631104,-0.6484058499336243,0.6800225973129272
train,Paul,Paul_20_20260730_202000,terminal_endpose_unique_hand_capture_v2,hand_timestamp_ns,accepted,True,,1,right,1412002942000,1422869609000,1412002942000,1422869609000,10.866667,1422336275000,1422836275000,1422336275000,1422836275000,1422361313000.0,1422727975000.0,1422727975000.0,1422736275000.0,0.141634,0.033334,14,14,12,0.8571428571428571,0.366662,0.010271817360380122,11.48539040722976,latest unique valid physical hand capture used by the accepted robust aggregation,endpoint timestamp_ns < target_capture_timestamp_ns,322.0,311.0,11.0,5.0,"Endpoints inside the aggregation-capture interval are terminal-state estimation with partial target evidence, not fully pre-aggregation forecasting. Endpoints at or after the final target capture are masked.",-0.892890214920044,0.47662442922592163,-0.012920992448925972,0.1988820731639862,0.4308711886405945,0.3668043613433838,0.8001565337181091
train,Paul,Paul_21_20260730_202043,terminal_endpose_unique_hand_capture_v2,hand_timestamp_ns,accepted,True,,1,right,1457769609000,1470336276000,1457769609000,1470336276000,12.566667,1469802943000,1470302943000,1469802943000,1470302943000,1469833080000.0,1470199298000.0,1470199298000.0,1470202943000.0,0.136978,0.033333,15,15,12,0.8,0.366218,0.015028176210394942,3.4676787425591904,latest unique valid physical hand capture used by the accepted robust aggregation,endpoint timestamp_ns < target_capture_timestamp_ns,373.0,362.0,11.0,5.0,"Endpoints inside the aggregation-capture interval are terminal-state estimation with partial target evidence, not fully pre-aggregation forecasting. Endpoints at or after the final target capture are masked.",-0.9162051677703857,0.4997079372406006,-0.023909781128168106,0.22554540634155273,0.4469992518424988,0.36000457406044006,0.7872214913368225
train,Paul,Paul_22_20260730_202129,terminal_endpose_unique_hand_capture_v2,hand_timestamp_ns,accepted,True,,1,right,1502269609000,1514636276000,1502269609000,1514636276000,12.366667,1514102942000,1514602942000,1514102942000,1514602942000,1514127976000.0,1514494646000.0,1514494646000.0,1514502942000.0,0.14163,0.033334,13,13,12,0.9230769230769231,0.36667,0.00536391533710963,5.527120821212111,latest unique valid physical hand capture used by the accepted robust aggregation,endpoint timestamp_ns < target_capture_timestamp_ns,367.0,356.0,11.0,5.0,"Endpoints inside the aggregation-capture interval are terminal-state estimation with partial target evidence, not fully pre-aggregation forecasting. Endpoints at or after the final target capture are masked.",-0.8761142492294312,0.4600164294242859,-0.0046949381940066814,0.2506585717201233,0.47538062930107117,0.4130132794380188,0.7352575063705444
train,Paul,Paul_23_20260730_202216,terminal_endpose_unique_hand_capture_v2,hand_timestamp_ns,rejected,False,insufficient_valid_samples;low_valid_ratio;insufficient_valid_span,1,right,1546936276000,1556969609000,1546936276000,1556969609000,10.033333,1556469609000,1556969609000,1556469609000,1556969609000,,,,,,0.0,12,12,0,0.0,0.0,,,,,,,,,,,,,,,,
train,Paul,Paul_24_20260730_202257,terminal_endpose_unique_hand_capture_v2,hand_timestamp_ns,accepted,True,,1,right,1594669609000,1603236275000,1594669609000,1603236275000,8.566666,1602736275000,1603236275000,1602736275000,1603236275000,1602769235000.0,1603135362000.0,1603135362000.0,1603136275000.0,0.100913,0.0,15,15,12,0.8,0.366127,0.012892598751039513,4.447871565326189,latest unique valid physical hand capture used by the accepted robust aggregation,endpoint timestamp_ns < target_capture_timestamp_ns,254.0,243.0,11.0,4.0,"Endpoints inside the aggregation-capture interval are terminal-state estimation with partial target evidence, not fully pre-aggregation forecasting. Endpoints at or after the final target capture are masked.",-0.922608494758606,0.4810827374458313,-0.012050771154463291,0.2249220907688141,0.4422164857387543,0.4061242341995239,0.7674097418785095
train,Paul,Paul_25_20260730_202344,terminal_endpose_unique_hand_capture_v2,hand_timestamp_ns,accepted,True,,0,left,1633802942000,1642936275000,1633802942000,1642936275000,9.133333,1642402942000,1642902942000,1642402942000,1642902942000,1642429992000.0,1642796387000.0,1642796387000.0,1642802942000.0,0.139888,0.033333,15,15,12,0.8,0.366395,0.0022798714858279522,3.026090720854802,latest unique valid physical hand capture used by the accepted robust aggregation,endpoint timestamp_ns < target_capture_timestamp_ns,270.0,259.0,11.0,5.0,"Endpoints inside the aggregation-capture interval are terminal-state estimation with partial target evidence, not fully pre-aggregation forecasting. Endpoints at or after the final target capture are masked.",-0.26616382598876953,0.3263949155807495,-0.0016469398979097605,0.0750388577580452,-0.30755814909935,-0.6247283220291138,0.7137868404388428
train,Paul,Paul_2_20260730_195858,terminal_endpose_unique_hand_capture_v2,hand_timestamp_ns,accepted,True,,0,left,150669609000,161169609000,150669609000,161169609000,10.5,160669609000,161169609000,160669609000,161169609000,160694647000.0,161061311000.0,161061311000.0,161069609000.0,0.108298,0.0,12,12,12,1.0,0.366664,0.020828059289627197,14.364033468867802,latest unique valid physical hand capture used by the accepted robust aggregation,endpoint timestamp_ns < target_capture_timestamp_ns,312.0,301.0,11.0,4.0,"Endpoints inside the aggregation-capture interval are terminal-state estimation with partial target evidence, not fully pre-aggregation forecasting. Endpoints at or after the final target capture are masked.",-0.27539175748825073,0.4335995316505432,0.00132242520339787,0.24546769261360168,-0.4252062439918518,-0.6526610255241394,0.5770432353019714
train,Paul,Paul_3_20260730_195956,terminal_endpose_unique_hand_capture_v2,hand_timestamp_ns,rejected,False,insufficient_valid_samples;low_valid_ratio;insufficient_valid_span,0,left,207102943000,217169609000,207102943000,217169609000,10.066666,216669609000,217169609000,216669609000,217169609000,,,,,,0.0,13,13,0,0.0,0.0,,,,,,,,,,,,,,,,
train,Paul,Paul_4_20260730_200057,terminal_endpose_unique_hand_capture_v2,hand_timestamp_ns,accepted,True,,0,left,271369609000,280202943000,271369609000,280202943000,8.833334,279702943000,280202943000,279702943000,280202943000,279727977000.0,280094646000.0,280094646000.0,280102943000.0,0.108297,0.0,13,13,12,0.9230769230769231,0.366669,0.004242031421454156,1.5887617629134354,latest unique valid physical hand capture used by the accepted robust aggregation,endpoint timestamp_ns < target_capture_timestamp_ns,262.0,251.0,11.0,4.0,"Endpoints inside the aggregation-capture interval are terminal-state estimation with partial target evidence, not fully pre-aggregation forecasting. Endpoints at or after the final target capture are masked.",-0.2540404796600342,0.4148087501525879,0.023182228207588196,0.3934866487979889,-0.3826870322227478,-0.556058406829834,0.6241137385368347
train,Paul,Paul_5_20260730_200140,terminal_endpose_unique_hand_capture_v2,hand_timestamp_ns,accepted,True,,0,left,312936275000,321736275000,312936275000,321736275000,8.8,321236275000,321736275000,321236275000,321736275000,321261310000.0,321627985000.0,321627985000.0,321636275000.0,0.10829,0.0,15,15,12,0.8,0.366675,0.0026378067341561204,0.9705651690735556,latest unique valid physical hand capture used by the accepted robust aggregation,endpoint timestamp_ns < target_capture_timestamp_ns,261.0,250.0,11.0,4.0,"Endpoints inside the aggregation-capture interval are terminal-state estimation with partial target evidence, not fully pre-aggregation forecasting. Endpoints at or after the final target capture are masked.",-0.2278989553451538,0.42648643255233765,0.011582259088754654,0.2784062623977661,-0.3121955990791321,-0.5790839791297913,0.6997753977775574
train,Paul,Paul_6_20260730_200221,terminal_endpose_unique_hand_capture_v2,hand_timestamp_ns,accepted,True,,0,left,353302943000,367136276000,353302943000,367136276000,13.833333,366602943000,367102943000,366602943000,367102943000,366627976000.0,366994645000.0,366994645000.0,367002943000.0,0.141631,0.033333,15,15,12,0.8,0.366669,0.0018710788943513022,1.606943487229514,latest unique valid physical hand capture used by the accepted robust aggregation,endpoint timestamp_ns < target_capture_timestamp_ns,411.0,400.0,11.0,5.0,"Endpoints inside the aggregation-capture interval are terminal-state estimation with partial target evidence, not fully pre-aggregation forecasting. Endpoints at or after the final target capture are masked.",-0.22011637687683105,0.4127076268196106,0.015183649025857449,0.3690685033798218,-0.4228789806365967,-0.5211672782897949,0.6429202556610107
train,Paul,Paul_7_20260730_200314,terminal_endpose_unique_hand_capture_v2,hand_timestamp_ns,accepted,True,,0,left,406002942000,415869609000,406002942000,415869609000,9.866667,415369609000,415869609000,415369609000,415869609000,415394646000.0,415761326000.0,415761326000.0,415769609000.0,0.108283,0.0,12,12,12,1.0,0.36668,0.0018613038984073408,1.194762580173491,latest unique valid physical hand capture used by the accepted robust aggregation,endpoint timestamp_ns < target_capture_timestamp_ns,293.0,282.0,11.0,4.0,"Endpoints inside the aggregation-capture interval are terminal-state estimation with partial target evidence, not fully pre-aggregation forecasting. Endpoints at or after the final target capture are masked.",-0.30116504430770874,0.4725232720375061,-0.001591844018548727,0.3350467383861542,-0.4768243730068207,-0.47739720344543457,0.6576276421546936
train,Paul,Paul_8_20260730_200353,terminal_endpose_unique_hand_capture_v2,hand_timestamp_ns,accepted,True,,0,left,450902942000,462202943000,450902942000,462202943000,11.300001,461702943000,462202943000,461702943000,462202943000,461727976000.0,462094662000.0,462094662000.0,462102943000.0,0.108281,0.0,15,15,12,0.8,0.366686,0.0038409366733692697,2.5536719072830474,latest unique valid physical hand capture used by the accepted robust aggregation,endpoint timestamp_ns < target_capture_timestamp_ns,336.0,325.0,11.0,4.0,"Endpoints inside the aggregation-capture interval are terminal-state estimation with partial target evidence, not fully pre-aggregation forecasting. Endpoints at or after the final target capture are masked.",-0.12782838940620422,0.3465943932533264,-0.00948401726782322,0.08572372794151306,-0.28815367817878723,-0.5352495908737183,0.7893838286399841
train,Paul,Paul_9_20260730_200546,terminal_endpose_unique_hand_capture_v2,hand_timestamp_ns,accepted,True,,0,left,559269609000,569602942000,559269609000,569602942000,10.333333,569036275000,569536275000,569036275000,569536275000,569066510000.0,569433075000.0,569433075000.0,569436275000.0,0.169867,0.066667,15,15,12,0.8,0.366565,0.005182986773328625,1.4758507820538989,latest unique valid physical hand capture used by the accepted robust aggregation,endpoint timestamp_ns < target_capture_timestamp_ns,305.0,294.0,11.0,6.0,"Endpoints inside the aggregation-capture interval are terminal-state estimation with partial target evidence, not fully pre-aggregation forecasting. Endpoints at or after the final target capture are masked.",-0.15144674479961395,0.30346694588661194,0.031935229897499084,-0.4552691876888275,0.32599037885665894,-0.34493160247802734,0.7533143162727356
train,Suthan,Suthan_1_20260604_164834,terminal_endpose_unique_hand_capture_v2,hand_timestamp_ns,rejected,False,insufficient_valid_samples;low_valid_ratio;insufficient_valid_span,1,right,6609845583000,6614845582000,6609845583000,6614845582000,4.999999,6614345582000,6614845582000,6614345582000,6614845582000,,,,,,0.0,13,13,0,0.0,0.0,,,,,,,,,,,,,,,,
train,Suthan,Suthan_2_20260604_165031,terminal_endpose_unique_hand_capture_v2,hand_timestamp_ns,accepted,True,,1,right,6722012249000,6725245582000,6722012249000,6725245582000,3.233333,6724745582000,6725245582000,6724745582000,6725245582000,6724770608000.0,6725137273000.0,6725137273000.0,6725145582000.0,0.108309,0.0,12,12,12,1.0,0.366665,0.0026272498636763586,1.601201060772013,latest unique valid physical hand capture used by the accepted robust aggregation,endpoint timestamp_ns < target_capture_timestamp_ns,94.0,83.0,11.0,4.0,"Endpoints inside the aggregation-capture interval are terminal-state estimation with partial target evidence, not fully pre-aggregation forecasting. Endpoints at or after the final target capture are masked.",0.09844142198562622,0.48759323358535767,0.13845273852348328,-0.32701486349105835,-0.2345701903104782,0.40418189764022827,0.8213860988616943
train,Suthan,Suthan_3_20260604_165324,terminal_endpose_unique_hand_capture_v2,hand_timestamp_ns,accepted,True,,1,right,6895306691000,6899073358000,6895306691000,6899073358000,3.766667,6898573358000,6899073358000,6898573358000,6899073358000,6898598383000.0,6898998382000.0,6898998382000.0,6899006691000.0,0.074976,0.0,15,15,13,0.8666666666666667,0.399999,0.009249684986391803,1.603112025808208,latest unique valid physical hand capture used by the accepted robust aggregation,endpoint timestamp_ns < target_capture_timestamp_ns,111.0,99.0,12.0,3.0,"Endpoints inside the aggregation-capture interval are terminal-state estimation with partial target evidence, not fully pre-aggregation forecasting. Endpoints at or after the final target capture are masked.",0.09019216895103455,0.45439448952674866,0.1152755469083786,-0.38028448820114136,-0.20877987146377563,0.4184320867061615,0.7979406118392944
train,Suthan,Suthan_4_20260604_165434,terminal_endpose_unique_hand_capture_v2,hand_timestamp_ns,rejected,False,insufficient_valid_samples;low_valid_ratio;insufficient_valid_span,1,right,6963178913000,6968145579000,6963178913000,6968145579000,4.966666,6967645579000,6968145579000,6967645579000,6968145579000,,,,,,0.0,13,13,0,0.0,0.0,,,,,,,,,,,,,,,,
train,Tarik,Tarik_10_20260704_142949,terminal_endpose_unique_hand_capture_v2,hand_timestamp_ns,accepted,True,,0,left,7627069609000,7634069609000,7627069609000,7634069609000,7.0,7633536276000,7634036276000,7633536276000,7634036276000,7633563980000.0,7633930545000.0,7633930545000.0,7633936276000.0,0.139064,0.033333,15,15,12,0.8,0.366565,0.007330136307494433,3.0237033792041417,latest unique valid physical hand capture used by the accepted robust aggregation,endpoint timestamp_ns < target_capture_timestamp_ns,206.0,195.0,11.0,5.0,"Endpoints inside the aggregation-capture interval are terminal-state estimation with partial target evidence, not fully pre-aggregation forecasting. Endpoints at or after the final target capture are masked.",1.078648328781128,0.5319148302078247,0.010324971750378609,0.49197110533714294,-0.39790675044059753,-0.21078114211559296,0.745121419429779
train,Tarik,Tarik_11_20260704_143216,terminal_endpose_unique_hand_capture_v2,hand_timestamp_ns,accepted,True,,1,right,7773236276000,7783302942000,7773236276000,7783302942000,10.066666,7782736276000,7783236276000,7782736276000,7783236276000,7782761315000.0,7783127976000.0,7783127976000.0,7783136276000.0,0.174966,0.066666,15,15,12,0.8,0.366661,0.001957861610167829,0.8583663943645599,latest unique valid physical hand capture used by the accepted robust aggregation,endpoint timestamp_ns < target_capture_timestamp_ns,297.0,286.0,11.0,6.0,"Endpoints inside the aggregation-capture interval are terminal-state estimation with partial target evidence, not fully pre-aggregation forecasting. Endpoints at or after the final target capture are masked.",0.4562346935272217,0.4436112344264984,0.0002978141128551215,0.12148812413215637,0.3092920482158661,0.6638182401657104,0.670018196105957
train,Tarik,Tarik_12_20260704_143334,terminal_endpose_unique_hand_capture_v2,hand_timestamp_ns,accepted,True,,0,left,7844169609000,7851302942000,7844169609000,7851302942000,7.133333,7850802942000,7851302942000,7850802942000,7851302942000,7850827981000.0,7851227976000.0,7851227976000.0,7851236276000.0,0.074966,0.0,15,15,13,0.8666666666666667,0.399995,0.004082478557102287,3.2623469650316808,latest unique valid physical hand capture used by the accepted robust aggregation,endpoint timestamp_ns < target_capture_timestamp_ns,212.0,200.0,12.0,3.0,"Endpoints inside the aggregation-capture interval are terminal-state estimation with partial target evidence, not fully pre-aggregation forecasting. Endpoints at or after the final target capture are masked.",1.1193665266036987,0.5312827229499817,0.0043121338821947575,0.5055465698242188,-0.39886608719825745,-0.2624642252922058,0.7186383008956909
train,Tarik,Tarik_13_20260704_143446,terminal_endpose_unique_hand_capture_v2,hand_timestamp_ns,accepted,True,,0,left,7918269609000,7928002943000,7918269609000,7928002943000,9.733334,7927436276000,7927936276000,7927436276000,7927936276000,7927461313000.0,7927827977000.0,7927827977000.0,7927836276000.0,0.174966,0.066667,14,14,12,0.8571428571428571,0.366664,0.0050445073033617074,3.5571118668177446,latest unique valid physical hand capture used by the accepted robust aggregation,endpoint timestamp_ns < target_capture_timestamp_ns,287.0,276.0,11.0,6.0,"Endpoints inside the aggregation-capture interval are terminal-state estimation with partial target evidence, not fully pre-aggregation forecasting. Endpoints at or after the final target capture are masked.",1.1026177406311035,0.5385341644287109,0.00493282824754715,0.5029356479644775,-0.39247140288352966,-0.23474736511707306,0.7334272861480713
train,Tarik,Tarik_14_20260704_143554,terminal_endpose_unique_hand_capture_v2,hand_timestamp_ns,accepted,True,,0,left,7989102942000,7998436275000,7989102942000,7998436275000,9.333333,7997936275000,7998436275000,7997936275000,7998436275000,7997961309000.0,7998361333000.0,7998361333000.0,7998369609000.0,0.074942,0.0,14,14,13,0.9285714285714286,0.400024,0.003979903069607909,2.1350962472861754,latest unique valid physical hand capture used by the accepted robust aggregation,endpoint timestamp_ns < target_capture_timestamp_ns,278.0,266.0,12.0,3.0,"Endpoints inside the aggregation-capture interval are terminal-state estimation with partial target evidence, not fully pre-aggregation forecasting. Endpoints at or after the final target capture are masked.",1.0979089736938477,0.5374342799186707,-0.01174026820808649,0.4830613136291504,-0.36970075964927673,-0.2166932076215744,0.7635555863380432
train,Tarik,Tarik_15_20260704_143803,terminal_endpose_unique_hand_capture_v2,hand_timestamp_ns,accepted,True,,0,left,8129302942000,8137436276000,8129302942000,8137436276000,8.133334,8136836276000,8137336276000,8136836276000,8137336276000,8136861818000.0,8137228383000.0,8137228383000.0,8137236276000.0,0.207893,0.1,15,15,12,0.8,0.366565,0.006582984509868599,1.950542597167262,latest unique valid physical hand capture used by the accepted robust aggregation,endpoint timestamp_ns < target_capture_timestamp_ns,238.0,227.0,11.0,7.0,"Endpoints inside the aggregation-capture interval are terminal-state estimation with partial target evidence, not fully pre-aggregation forecasting. Endpoints at or after the final target capture are masked.",1.097838282585144,0.5315043926239014,0.00118541088886559,0.5010178685188293,-0.36728325486183167,-0.23704826831817627,0.7469218373298645
train,Tarik,Tarik_16_20260704_143930,terminal_endpose_unique_hand_capture_v2,hand_timestamp_ns,accepted,True,,0,left,8199936276000,8208502942000,8199936276000,8208502942000,8.566666,8207969609000,8208469609000,8207969609000,8208469609000,8207994644000.0,8208361309000.0,8208361309000.0,8208369609000.0,0.141633,0.033333,15,15,12,0.8,0.366665,0.003808045501420572,1.6519295033741104,latest unique valid physical hand capture used by the accepted robust aggregation,endpoint timestamp_ns < target_capture_timestamp_ns,253.0,242.0,11.0,5.0,"Endpoints inside the aggregation-capture interval are terminal-state estimation with partial target evidence, not fully pre-aggregation forecasting. Endpoints at or after the final target capture are masked.",1.0780799388885498,0.5307790040969849,-0.0030450094491243362,0.4712871015071869,-0.41077324748039246,-0.2190677970647812,0.7491081953048706
train,Tarik,Tarik_17_20260704_144050,terminal_endpose_unique_hand_capture_v2,hand_timestamp_ns,accepted,True,,0,left,8284402942000,8292802942000,8284402942000,8292802942000,8.4,8292302942000,8292802942000,8292302942000,8292802942000,8292327986000.0,8292727977000.0,8292727977000.0,8292736275000.0,0.074965,0.0,13,13,13,1.0,0.399991,0.003290191443441828,1.3656873304104526,latest unique valid physical hand capture used by the accepted robust aggregation,endpoint timestamp_ns < target_capture_timestamp_ns,250.0,238.0,12.0,3.0,"Endpoints inside the aggregation-capture interval are terminal-state estimation with partial target evidence, not fully pre-aggregation forecasting. Endpoints at or after the final target capture are masked.",1.1221569776535034,0.5266206860542297,-0.016426710411906242,0.40009960532188416,-0.39425697922706604,-0.2880091667175293,0.7755852341651917
train,Tarik,Tarik_18_20260704_144512,terminal_endpose_unique_hand_capture_v2,hand_timestamp_ns,accepted,True,,0,left,8551736276000,8559536276000,8551736276000,8559536276000,7.8,8559002942000,8559502942000,8559002942000,8559502942000,8559028769000.0,8559395334000.0,8559395334000.0,8559402942000.0,0.140942,0.033334,15,15,12,0.8,0.366565,0.0034670375010976517,2.670596317122836,latest unique valid physical hand capture used by the accepted robust aggregation,endpoint timestamp_ns < target_capture_timestamp_ns,230.0,219.0,11.0,5.0,"Endpoints inside the aggregation-capture interval are terminal-state estimation with partial target evidence, not fully pre-aggregation forecasting. Endpoints at or after the final target capture are masked.",1.1108901500701904,0.5330997705459595,-0.010292420163750648,0.45224323868751526,-0.3544958531856537,-0.27939584851264954,0.769250750541687
train,Tarik,Tarik_1_20260704_141845,terminal_endpose_unique_hand_capture_v2,hand_timestamp_ns,accepted,True,,1,right,6967136275000,6975769609000,6967136275000,6975769609000,8.633334,6975269609000,6975769609000,6975269609000,6975769609000,6975294645000.0,6975694665000.0,6975694665000.0,6975702942000.0,0.074944,0.0,13,13,13,1.0,0.40002,0.00745840546446266,4.577065113522378,latest unique valid physical hand capture used by the accepted robust aggregation,endpoint timestamp_ns < target_capture_timestamp_ns,257.0,245.0,12.0,3.0,"Endpoints inside the aggregation-capture interval are terminal-state estimation with partial target evidence, not fully pre-aggregation forecasting. Endpoints at or after the final target capture are masked.",0.49038493633270264,0.5251472592353821,0.09330446273088455,-0.1957576721906662,-0.07934759557247162,0.8898983597755432,0.4043065011501312
train,Tarik,Tarik_20_20260704_145000,terminal_endpose_unique_hand_capture_v2,hand_timestamp_ns,accepted,True,,1,right,8836269609000,8843336276000,8836269609000,8843336276000,7.066667,8842802942000,8843302942000,8842802942000,8843302942000,8842829471000.0,8843196036000.0,8843196036000.0,8843202942000.0,0.14024,0.033334,15,15,12,0.8,0.366565,0.008094750533859272,1.672468730579218,latest unique valid physical hand capture used by the accepted robust aggregation,endpoint timestamp_ns < target_capture_timestamp_ns,208.0,197.0,11.0,5.0,"Endpoints inside the aggregation-capture interval are terminal-state estimation with partial target evidence, not fully pre-aggregation forecasting. Endpoints at or after the final target capture are masked.",0.4977549910545349,0.4939243197441101,-0.022944621741771698,-0.03015485219657421,0.31475353240966797,0.6797307133674622,0.6618059277534485
train,Tarik,Tarik_21_20260704_145054,terminal_endpose_unique_hand_capture_v2,hand_timestamp_ns,accepted,True,,1,right,8891502942000,8898169609000,8891502942000,8898169609000,6.666667,8897669609000,8898169609000,8897669609000,8898169609000,8897694646000.0,8898061308000.0,8898061308000.0,8898069609000.0,0.108301,0.0,12,12,12,1.0,0.366662,0.003065624535789846,2.0444167041201684,latest unique valid physical hand capture used by the accepted robust aggregation,endpoint timestamp_ns < target_capture_timestamp_ns,197.0,186.0,11.0,4.0,"Endpoints inside the aggregation-capture interval are terminal-state estimation with partial target evidence, not fully pre-aggregation forecasting. Endpoints at or after the final target capture are masked.",0.49660226702690125,0.5342438220977783,-0.078719362616539,0.29519781470298767,0.24403375387191772,0.8036986589431763,0.4553835988044739
train,Tarik,Tarik_23_20260704_145434,terminal_endpose_unique_hand_capture_v2,hand_timestamp_ns,accepted,True,,0,left,9112602942000,9119969609000,9112602942000,9119969609000,7.366667,9119436276000,9119936276000,9119436276000,9119936276000,9119461310000.0,9119827976000.0,9119827976000.0,9119836276000.0,0.141633,0.033333,13,13,12,0.9230769230769231,0.366666,0.006788902188731912,2.574886626389946,latest unique valid physical hand capture used by the accepted robust aggregation,endpoint timestamp_ns < target_capture_timestamp_ns,217.0,206.0,11.0,5.0,"Endpoints inside the aggregation-capture interval are terminal-state estimation with partial target evidence, not fully pre-aggregation forecasting. Endpoints at or after the final target capture are masked.",1.0295453071594238,0.2543359100818634,0.06223355978727341,0.3368202745914459,-0.218660369515419,-0.5361945629119873,0.742452085018158
train,Tarik,Tarik_24_20260704_145314,terminal_endpose_unique_hand_capture_v2,hand_timestamp_ns,accepted,True,,1,right,9024269609000,9031869609000,9024269609000,9031869609000,7.6,9031369609000,9031869609000,9031369609000,9031869609000,9031394645000.0,9031761310000.0,9031761310000.0,9031769609000.0,0.108299,0.0,12,12,12,1.0,0.366665,0.01445410552314685,3.1229171001714255,latest unique valid physical hand capture used by the accepted robust aggregation,endpoint timestamp_ns < target_capture_timestamp_ns,225.0,214.0,11.0,4.0,"Endpoints inside the aggregation-capture interval are terminal-state estimation with partial target evidence, not fully pre-aggregation forecasting. Endpoints at or after the final target capture are masked.",0.469411164522171,0.5470401048660278,-0.05858103185892105,0.024139219895005226,0.4139975905418396,0.6717743277549744,0.6137935519218445
train,Tarik,Tarik_2_20260704_142022,terminal_endpose_unique_hand_capture_v2,hand_timestamp_ns,accepted,True,,1,right,7069136275000,7076969609000,7069136275000,7076969609000,7.833334,7076369609000,7076869609000,7076369609000,7076869609000,7076396895000.0,7076763277000.0,7076763277000.0,7076769609000.0,0.206332,0.1,15,15,12,0.8,0.366382,0.02901023072822692,7.24824980010289,latest unique valid physical hand capture used by the accepted robust aggregation,endpoint timestamp_ns < target_capture_timestamp_ns,229.0,218.0,11.0,7.0,"Endpoints inside the aggregation-capture interval are terminal-state estimation with partial target evidence, not fully pre-aggregation forecasting. Endpoints at or after the final target capture are masked.",0.6194563508033752,0.500438928604126,0.11604012548923492,-0.12961487472057343,-0.17629356682300568,0.8338071703910828,0.5068393349647522
train,Tarik,Tarik_3_20260704_142144,terminal_endpose_unique_hand_capture_v2,hand_timestamp_ns,rejected,False,insufficient_valid_samples;low_valid_ratio;insufficient_valid_span,1,right,7130936275000,7140336275000,7130936275000,7140336275000,9.4,7139836275000,7140336275000,7139836275000,7140336275000,,,,,,0.0,14,14,0,0.0,0.0,,,,,,,,,,,,,,,,
train,Tarik,Tarik_4_20260704_142308,terminal_endpose_unique_hand_capture_v2,hand_timestamp_ns,rejected,False,insufficient_valid_samples;low_valid_ratio;insufficient_valid_span,1,right,7220669609000,7226736276000,7220669609000,7226736276000,6.066667,7226236276000,7226736276000,7226236276000,7226736276000,,,,,,0.0,13,13,0,0.0,0.0,,,,,,,,,,,,,,,,
train,Tarik,Tarik_5_20260704_142458,terminal_endpose_unique_hand_capture_v2,hand_timestamp_ns,accepted,True,,1,right,7331302942000,7337969609000,7331302942000,7337969609000,6.666667,7337436276000,7337936276000,7337436276000,7337936276000,7337461314000.0,7337827976000.0,7337827976000.0,7337836276000.0,0.141633,0.033333,15,15,12,0.8,0.366662,0.0012440088740649404,1.5270162418967728,latest unique valid physical hand capture used by the accepted robust aggregation,endpoint timestamp_ns < target_capture_timestamp_ns,196.0,185.0,11.0,5.0,"Endpoints inside the aggregation-capture interval are terminal-state estimation with partial target evidence, not fully pre-aggregation forecasting. Endpoints at or after the final target capture are masked.",0.5118279457092285,0.4523189067840576,-0.007740078493952751,-0.00275405403226614,0.4431804120540619,0.6676805019378662,0.5981523990631104
train,Tarik,Tarik_6_20260704_142555,terminal_endpose_unique_hand_capture_v2,hand_timestamp_ns,accepted,True,,1,right,7388202942000,7394302942000,7388202942000,7394302942000,6.1,7393769609000,7394269609000,7393769609000,7394269609000,7393797202000.0,7394163767000.0,7394163767000.0,7394169609000.0,0.139175,0.033333,15,15,12,0.8,0.366565,0.0012117433192815436,0.9368233769697137,latest unique valid physical hand capture used by the accepted robust aggregation,endpoint timestamp_ns < target_capture_timestamp_ns,179.0,168.0,11.0,5.0,"Endpoints inside the aggregation-capture interval are terminal-state estimation with partial target evidence, not fully pre-aggregation forecasting. Endpoints at or after the final target capture are masked.",0.4765552282333374,0.43510377407073975,-0.004045506007969379,0.0786026269197464,0.28247174620628357,0.659885585308075,0.6917964816093445
train,Tarik,Tarik_7_20260704_142646,terminal_endpose_unique_hand_capture_v2,hand_timestamp_ns,accepted,True,,1,right,7441336275000,7447036275000,7441336275000,7447036275000,5.7,7446502942000,7447002942000,7446502942000,7447002942000,7446528675000.0,7446895240000.0,7446895240000.0,7446902942000.0,0.141035,0.033333,15,15,12,0.8,0.366565,0.0024628875042973283,1.4479037942081936,latest unique valid physical hand capture used by the accepted robust aggregation,endpoint timestamp_ns < target_capture_timestamp_ns,167.0,156.0,11.0,5.0,"Endpoints inside the aggregation-capture interval are terminal-state estimation with partial target evidence, not fully pre-aggregation forecasting. Endpoints at or after the final target capture are masked.",0.5024701356887817,0.43480184674263,0.0055968863889575005,0.13497543334960938,0.39838624000549316,0.6784175634384155,0.6023451089859009
train,Tarik,Tarik_8_20260704_142759,terminal_endpose_unique_hand_capture_v2,hand_timestamp_ns,accepted,True,,1,right,7518169609000,7524902942000,7518169609000,7524902942000,6.733333,7524369609000,7524869609000,7524369609000,7524869609000,7524394804000.0,7524761370000.0,7524761370000.0,7524769609000.0,0.141572,0.033333,15,15,12,0.8,0.366566,0.0013105789144278051,0.8394574334059406,latest unique valid physical hand capture used by the accepted robust aggregation,endpoint timestamp_ns < target_capture_timestamp_ns,198.0,187.0,11.0,5.0,"Endpoints inside the aggregation-capture interval are terminal-state estimation with partial target evidence, not fully pre-aggregation forecasting. Endpoints at or after the final target capture are masked.",0.4431949853897095,0.4115142524242401,0.023743165656924248,0.3043709695339203,0.4411027133464813,0.5186282396316528,0.6661917567253113
train,Tarik,Tarik_9_20260704_142856,terminal_endpose_unique_hand_capture_v2,hand_timestamp_ns,accepted,True,,1,right,7575136275000,7580602942000,7575136275000,7580602942000,5.466667,7580069609000,7580569609000,7580069609000,7580569609000,7580099577000.0,7580466143000.0,7580466143000.0,7580469609000.0,0.136799,0.033333,15,15,12,0.8,0.366566,0.009131077344639922,2.2625715427115765,latest unique valid physical hand capture used by the accepted robust aggregation,endpoint timestamp_ns < target_capture_timestamp_ns,160.0,149.0,11.0,5.0,"Endpoints inside the aggregation-capture interval are terminal-state estimation with partial target evidence, not fully pre-aggregation forecasting. Endpoints at or after the final target capture are masked.",0.4893065094947815,0.4835324287414551,0.014202553778886795,-0.12301449477672577,0.5168063044548035,0.5419754385948181,0.6511845588684082
train,Test,Test_2_20260624_122206,terminal_endpose_unique_hand_capture_v2,hand_timestamp_ns,rejected,False,insufficient_valid_samples;low_valid_ratio;insufficient_valid_span,1,right,429002942000,433902942000,429002942000,433902942000,4.9,433402942000,433902942000,433402942000,433902942000,433794645000.0,433827978000.0,433827978000.0,433836275000.0,0.074964,0.0,13,13,2,0.15384615384615385,0.033333,,,,,,,,,,,,,,,,
train,Test,Test_3_20260624_122314,terminal_endpose_unique_hand_capture_v2,hand_timestamp_ns,accepted,True,,1,right,498136275000,500869609000,498136275000,500869609000,2.733334,500369609000,500869609000,500369609000,500869609000,500398740000.0,500765305000.0,500765305000.0,500769609000.0,0.104304,0.0,15,15,12,0.8,0.366565,0.012595688317687474,2.5544376178413897,latest unique valid physical hand capture used by the accepted robust aggregation,endpoint timestamp_ns < target_capture_timestamp_ns,79.0,68.0,11.0,4.0,"Endpoints inside the aggregation-capture interval are terminal-state estimation with partial target evidence, not fully pre-aggregation forecasting. Endpoints at or after the final target capture are masked.",0.2804105877876282,0.7760962247848511,0.056154198944568634,-0.3909434974193573,0.25104832649230957,0.6647542715072632,0.5850124955177307
train,Test,Test_4_20260624_122416,terminal_endpose_unique_hand_capture_v2,hand_timestamp_ns,accepted,True,,1,right,563902942000,566036276000,563902942000,566036276000,2.133334,564702943000,565202943000,564702943000,565202943000,564735034000.0,565101192000.0,565101192000.0,565102943000.0,0.935084,0.833333,15,15,12,0.8,0.366158,0.018978658638801812,8.855604226097935,latest unique valid physical hand capture used by the accepted robust aggregation,endpoint timestamp_ns < target_capture_timestamp_ns,36.0,25.0,11.0,29.0,"Endpoints inside the aggregation-capture interval are terminal-state estimation with partial target evidence, not fully pre-aggregation forecasting. Endpoints at or after the final target capture are masked.",0.29902029037475586,0.722528338432312,-0.11726938933134079,0.421893835067749,0.3389270305633545,0.7023899555206299,0.46236610412597656
train,Test,Test_5_20260624_122509,terminal_endpose_unique_hand_capture_v2,hand_timestamp_ns,accepted,True,,1,right,613202943000,615069609000,613202943000,615069609000,1.866666,614136276000,614636276000,614136276000,614636276000,614161311000.0,614635960000.0,614635960000.0,614636276000.0,0.433649,0.433333,15,15,15,1.0,0.474649,0.024194231360157758,24.302183455144174,latest unique valid physical hand capture used by the accepted robust aggregation,endpoint timestamp_ns < target_capture_timestamp_ns,43.0,29.0,14.0,14.0,"Endpoints inside the aggregation-capture interval are terminal-state estimation with partial target evidence, not fully pre-aggregation forecasting. Endpoints at or after the final target capture are masked.",0.3249538540840149,0.7547429203987122,-0.0048761251382529736,-0.2245202660560608,0.4480084180831909,0.6586470007896423,0.5613049268722534
train,Test,Test_6_20260624_122607,terminal_endpose_unique_hand_capture_v2,hand_timestamp_ns,rejected,False,insufficient_valid_samples;low_valid_ratio;insufficient_valid_span,1,right,672869609000,675536276000,672869609000,675536276000,2.666667,675036276000,675536276000,675036276000,675536276000,,,,,,0.0,15,15,0,0.0,0.0,,,,,,,,,,,,,,,,
train,Test,Test_7_20260624_122709,terminal_endpose_unique_hand_capture_v2,hand_timestamp_ns,accepted,True,,1,right,730336276000,735136276000,730336276000,735136276000,4.8,734636276000,735136276000,734636276000,735136276000,734664154000.0,735030211000.0,735030211000.0,735036276000.0,0.106065,0.0,15,15,12,0.8,0.366057,0.03139037691067067,11.184716204764609,latest unique valid physical hand capture used by the accepted robust aggregation,endpoint timestamp_ns < target_capture_timestamp_ns,141.0,130.0,11.0,4.0,"Endpoints inside the aggregation-capture interval are terminal-state estimation with partial target evidence, not fully pre-aggregation forecasting. Endpoints at or after the final target capture are masked.",0.34815824031829834,0.7066776752471924,0.036411456763744354,-0.17579226195812225,0.5653485059738159,0.5242714285850525,0.6120601296424866
train,Urim,Urim_10_20260616_145015,terminal_endpose_unique_hand_capture_v2,hand_timestamp_ns,accepted,True,,1,right,2302578894000,2306678893000,2302578894000,2306678893000,4.099999,2306178893000,2306678893000,2306178893000,2306678893000,2306203921000.0,2306570588000.0,2306570588000.0,2306578893000.0,0.108305,0.0,13,13,12,0.9230769230769231,0.366667,0.001665261845321949,1.051191140235288,latest unique valid physical hand capture used by the accepted robust aggregation,endpoint timestamp_ns < target_capture_timestamp_ns,120.0,109.0,11.0,4.0,"Endpoints inside the aggregation-capture interval are terminal-state estimation with partial target evidence, not fully pre-aggregation forecasting. Endpoints at or after the final target capture are masked.",0.180305615067482,0.21156632900238037,0.028160136193037033,-0.49364060163497925,-0.3734135329723358,0.3252541422843933,0.7149063348770142
train,Urim,Urim_1_20260604_160102,terminal_endpose_unique_hand_capture_v2,hand_timestamp_ns,accepted,True,,1,right,3756878950000,3762345616000,3756878950000,3762345616000,5.466666,3761845616000,3762345616000,3761845616000,3762345616000,3761870641000.0,3762237307000.0,3762237307000.0,3762245616000.0,0.108309,0.0,12,12,12,1.0,0.366666,0.0020690703490888395,1.37950686559195,latest unique valid physical hand capture used by the accepted robust aggregation,endpoint timestamp_ns < target_capture_timestamp_ns,161.0,150.0,11.0,4.0,"Endpoints inside the aggregation-capture interval are terminal-state estimation with partial target evidence, not fully pre-aggregation forecasting. Endpoints at or after the final target capture are masked.",0.26181459426879883,0.42035049200057983,0.11212388426065445,-0.38252753019332886,-0.43630698323249817,0.3469538986682892,0.7368391156196594
train,Urim,Urim_2_20260604_160234,terminal_endpose_unique_hand_capture_v2,hand_timestamp_ns,accepted,True,,1,right,3833612283000,3838845616000,3833612283000,3838845616000,5.233333,3838345616000,3838845616000,3838345616000,3838845616000,3838370643000.0,3838770642000.0,3838770642000.0,3838778949000.0,0.074974,0.0,13,13,13,1.0,0.399999,0.0018986340037651327,1.153450443994144,latest unique valid physical hand capture used by the accepted robust aggregation,endpoint timestamp_ns < target_capture_timestamp_ns,155.0,143.0,12.0,3.0,"Endpoints inside the aggregation-capture interval are terminal-state estimation with partial target evidence, not fully pre-aggregation forecasting. Endpoints at or after the final target capture are masked.",0.17604179680347443,0.4500540494918823,0.10344022512435913,-0.2723977565765381,-0.3229101002216339,0.38971683382987976,0.8183210492134094
train,Urim,Urim_3_20260604_160345,terminal_endpose_unique_hand_capture_v2,hand_timestamp_ns,accepted,True,,1,right,3913612282000,3919178948000,3913612282000,3919178948000,5.566666,3918678948000,3919178948000,3918678948000,3919178948000,3918704064000.0,3919103973000.0,3919103973000.0,3919112281000.0,0.074975,0.0,15,15,13,0.8666666666666667,0.399909,0.00898514321420481,1.5767284204675434,latest unique valid physical hand capture used by the accepted robust aggregation,endpoint timestamp_ns < target_capture_timestamp_ns,165.0,153.0,12.0,3.0,"Endpoints inside the aggregation-capture interval are terminal-state estimation with partial target evidence, not fully pre-aggregation forecasting. Endpoints at or after the final target capture are masked.",0.15915422141551971,0.4480312764644623,0.09772951155900955,-0.2958107590675354,-0.37203168869018555,0.35140979290008545,0.8065975308418274
train,Urim,Urim_4_20260604_160502,terminal_endpose_unique_hand_capture_v2,hand_timestamp_ns,accepted,True,,1,right,3992945614000,3997045614000,3992945614000,3997045614000,4.1,3996545614000,3997045614000,3996545614000,3997045614000,3996570640000.0,3996970640000.0,3996970640000.0,3996978947000.0,0.074974,0.0,13,13,13,1.0,0.4,0.0020031367920099494,0.8781382597369931,latest unique valid physical hand capture used by the accepted robust aggregation,endpoint timestamp_ns < target_capture_timestamp_ns,121.0,109.0,12.0,3.0,"Endpoints inside the aggregation-capture interval are terminal-state estimation with partial target evidence, not fully pre-aggregation forecasting. Endpoints at or after the final target capture are masked.",0.17240358889102936,0.4425674378871918,0.0935969278216362,-0.25358283519744873,-0.3007512092590332,0.3731357157230377,0.8402464985847473
train,Urim,Urim_5_20260604_160634,terminal_endpose_unique_hand_capture_v2,hand_timestamp_ns,accepted,True,,1,right,4086878946000,4091578946000,4086878946000,4091578946000,4.7,4091078946000,4091578946000,4091078946000,4091578946000,4091103972000.0,4091470639000.0,4091470639000.0,4091478946000.0,0.108307,0.0,13,13,12,0.9230769230769231,0.366667,0.001984045039288229,1.2341799317403561,latest unique valid physical hand capture used by the accepted robust aggregation,endpoint timestamp_ns < target_capture_timestamp_ns,138.0,127.0,11.0,4.0,"Endpoints inside the aggregation-capture interval are terminal-state estimation with partial target evidence, not fully pre-aggregation forecasting. Endpoints at or after the final target capture are masked.",0.16083326935768127,0.4342501759529114,0.11467510461807251,-0.3045631945133209,-0.3644953668117523,0.3448697030544281,0.8095982074737549
train,Urim,Urim_6_20260616_144055,terminal_endpose_unique_hand_capture_v2,hand_timestamp_ns,rejected,False,insufficient_valid_samples;low_valid_ratio;insufficient_valid_span,1,right,1736678900000,1741145566000,1736678900000,1741145566000,4.466666,1740645566000,1741145566000,1740645566000,1741145566000,,,,,,0.0,13,13,0,0.0,0.0,,,,,,,,,,,,,,,,
train,Urim,Urim_7_20260616_144229,terminal_endpose_unique_hand_capture_v2,hand_timestamp_ns,accepted,True,,1,right,1830945566000,1835712232000,1830945566000,1835712232000,4.766666,1835178899000,1835678899000,1835178899000,1835678899000,1835203925000.0,1835570591000.0,1835570591000.0,1835578899000.0,0.141641,0.033333,14,14,12,0.8571428571428571,0.366666,0.003393714893955786,0.951261315551491,latest unique valid physical hand capture used by the accepted robust aggregation,endpoint timestamp_ns < target_capture_timestamp_ns,139.0,128.0,11.0,5.0,"Endpoints inside the aggregation-capture interval are terminal-state estimation with partial target evidence, not fully pre-aggregation forecasting. Endpoints at or after the final target capture are masked.",0.17455700039863586,0.2150748074054718,0.015289070084691048,-0.4299466609954834,-0.38082775473594666,0.38222941756248474,0.7238900065422058
train,Urim,Urim_8_20260616_144352,terminal_endpose_unique_hand_capture_v2,hand_timestamp_ns,accepted,True,,1,right,1915112231000,1919945564000,1915112231000,1919945564000,4.833333,1919445564000,1919945564000,1919445564000,1919945564000,1919470589000.0,1919837255000.0,1919837255000.0,1919845564000.0,0.108309,0.0,12,12,12,1.0,0.366666,0.002157249626859543,1.18272609145351,latest unique valid physical hand capture used by the accepted robust aggregation,endpoint timestamp_ns < target_capture_timestamp_ns,142.0,131.0,11.0,4.0,"Endpoints inside the aggregation-capture interval are terminal-state estimation with partial target evidence, not fully pre-aggregation forecasting. Endpoints at or after the final target capture are masked.",0.19621270895004272,0.21038752794265747,0.017566390335559845,-0.46631211042404175,-0.3824721574783325,0.3713451325893402,0.7059538960456848
train,Urim,Urim_9_20260616_144841,terminal_endpose_unique_hand_capture_v2,hand_timestamp_ns,accepted,True,,1,right,2207645561000,2212512227000,2207645561000,2212512227000,4.866666,2211978894000,2212478894000,2211978894000,2212478894000,2212003923000.0,2212370589000.0,2212370589000.0,2212378894000.0,0.141638,0.033333,14,14,12,0.8571428571428571,0.366666,0.0037113656044645248,1.4536294574357087,latest unique valid physical hand capture used by the accepted robust aggregation,endpoint timestamp_ns < target_capture_timestamp_ns,142.0,131.0,11.0,5.0,"Endpoints inside the aggregation-capture interval are terminal-state estimation with partial target evidence, not fully pre-aggregation forecasting. Endpoints at or after the final target capture are masked.",0.17706425487995148,0.213398277759552,0.021051958203315735,-0.44288551807403564,-0.39348140358924866,0.4139590859413147,0.6911314725875854
train,Yuzhi,Yuzhi_10_20260715_135531,terminal_endpose_unique_hand_capture_v2,hand_timestamp_ns,accepted,True,,0,left,1019069609000,1022602942000,1019069609000,1022602942000,3.533333,1021736276000,1022236276000,1021736276000,1022236276000,1021766631000.0,1022232934000.0,1022232934000.0,1022236276000.0,0.370008,0.366666,15,15,15,1.0,0.466303,0.044412051160096604,9.12847069270105,latest unique valid physical hand capture used by the accepted robust aggregation,endpoint timestamp_ns < target_capture_timestamp_ns,95.0,81.0,14.0,12.0,"Endpoints inside the aggregation-capture interval are terminal-state estimation with partial target evidence, not fully pre-aggregation forecasting. Endpoints at or after the final target capture are masked.",-0.19143234193325043,0.39635011553764343,0.16257110238075256,-0.4312196373939514,0.1348687708377838,-0.42133086919784546,0.7863461971282959
train,Yuzhi,Yuzhi_1_20260715_134210,terminal_endpose_unique_hand_capture_v2,hand_timestamp_ns,accepted,True,,1,right,223969609000,228369609000,223969609000,228369609000,4.4,227869609000,228369609000,227869609000,228369609000,227894655000.0,228294644000.0,228294644000.0,228302943000.0,0.074965,0.0,15,15,13,0.8666666666666667,0.399989,0.002781648404192583,0.7975010338218825,latest unique valid physical hand capture used by the accepted robust aggregation,endpoint timestamp_ns < target_capture_timestamp_ns,130.0,118.0,12.0,3.0,"Endpoints inside the aggregation-capture interval are terminal-state estimation with partial target evidence, not fully pre-aggregation forecasting. Endpoints at or after the final target capture are masked.",0.13505065441131592,0.3961590528488159,0.1358383744955063,-0.42452582716941833,-0.23453685641288757,0.41629961133003235,0.7690675854682922
train,Yuzhi,Yuzhi_2_20260715_134641,terminal_endpose_unique_hand_capture_v2,hand_timestamp_ns,accepted,True,,1,right,490436275000,494069609000,490436275000,494069609000,3.633334,493036275000,493536275000,493036275000,493536275000,493061313000.0,493527978000.0,493527978000.0,493536275000.0,0.541631,0.533334,15,15,15,1.0,0.466665,0.04222799045609988,9.299461299685108,latest unique valid physical hand capture used by the accepted robust aggregation,endpoint timestamp_ns < target_capture_timestamp_ns,93.0,79.0,14.0,17.0,"Endpoints inside the aggregation-capture interval are terminal-state estimation with partial target evidence, not fully pre-aggregation forecasting. Endpoints at or after the final target capture are masked.",0.11890222132205963,0.3747020661830902,0.11068717390298843,-0.3628951907157898,-0.13326036930084229,0.4515717923641205,0.8041341304779053
train,Yuzhi,Yuzhi_3_20260715_134755,terminal_endpose_unique_hand_capture_v2,hand_timestamp_ns,accepted,True,,1,right,564936276000,568002943000,564936276000,568002943000,3.066667,567502943000,568002943000,567502943000,568002943000,567531678000.0,567898180000.0,567898180000.0,567902942000.0,0.104763,0.0,15,15,12,0.8,0.366502,0.0022441501805328342,0.9696966239621048,latest unique valid physical hand capture used by the accepted robust aggregation,endpoint timestamp_ns < target_capture_timestamp_ns,89.0,78.0,11.0,4.0,"Endpoints inside the aggregation-capture interval are terminal-state estimation with partial target evidence, not fully pre-aggregation forecasting. Endpoints at or after the final target capture are masked.",0.08987587690353394,0.3997166156768799,0.12881097197532654,-0.36701974272727966,-0.15824919939041138,0.4114380478858948,0.8191290497779846
train,Yuzhi,Yuzhi_4_20260715_134842,terminal_endpose_unique_hand_capture_v2,hand_timestamp_ns,accepted,True,,1,right,611902942000,615702942000,611902942000,615702942000,3.8,615202942000,615702942000,615202942000,615702942000,615227978000.0,615594648000.0,615594648000.0,615602942000.0,0.108294,0.0,13,13,12,0.9230769230769231,0.36667,0.0024178461360431975,1.1304218222113078,latest unique valid physical hand capture used by the accepted robust aggregation,endpoint timestamp_ns < target_capture_timestamp_ns,111.0,100.0,11.0,4.0,"Endpoints inside the aggregation-capture interval are terminal-state estimation with partial target evidence, not fully pre-aggregation forecasting. Endpoints at or after the final target capture are masked.",0.09794455766677856,0.4559100270271301,0.136083722114563,-0.3546786308288574,-0.18641409277915955,0.4458559453487396,0.8004156947135925
train,Yuzhi,Yuzhi_5_20260715_134954,terminal_endpose_unique_hand_capture_v2,hand_timestamp_ns,accepted,True,,0,left,683869609000,688369609000,683869609000,688369609000,4.5,687702943000,688202943000,687702943000,688202943000,687735331000.0,688201822000.0,688201822000.0,688202943000.0,0.167787,0.166666,15,15,15,1.0,0.466491,0.0401015129365033,10.055508213442874,latest unique valid physical hand capture used by the accepted robust aggregation,endpoint timestamp_ns < target_capture_timestamp_ns,130.0,116.0,14.0,6.0,"Endpoints inside the aggregation-capture interval are terminal-state estimation with partial target evidence, not fully pre-aggregation forecasting. Endpoints at or after the final target capture are masked.",-0.17811152338981628,0.34403684735298157,0.1496397852897644,-0.4168078601360321,0.14350342750549316,-0.3887583613395691,0.8090394735336304
train,Yuzhi,Yuzhi_6_20260715_135122,terminal_endpose_unique_hand_capture_v2,hand_timestamp_ns,accepted,True,,0,left,773036275000,818269609000,773036275000,818269609000,45.233334,817736275000,818236275000,817736275000,818236275000,817761317000.0,818127981000.0,818127981000.0,818136275000.0,0.141628,0.033334,15,15,12,0.8,0.366664,0.0011567226429828842,0.8256034480419817,latest unique valid physical hand capture used by the accepted robust aggregation,endpoint timestamp_ns < target_capture_timestamp_ns,1353.0,1342.0,11.0,5.0,"Endpoints inside the aggregation-capture interval are terminal-state estimation with partial target evidence, not fully pre-aggregation forecasting. Endpoints at or after the final target capture are masked.",-0.4256950616836548,0.5837123990058899,-0.028514783829450607,0.29005929827690125,-0.4637508988380432,-0.7922806739807129,0.2703554630279541
train,Yuzhi,Yuzhi_7_20260715_135245,terminal_endpose_unique_hand_capture_v2,hand_timestamp_ns,accepted,True,,0,left,854436275000,858969609000,854436275000,858969609000,4.533334,857836275000,858336275000,857836275000,858336275000,857869269000.0,858335629000.0,858335629000.0,858336275000.0,0.63398,0.633334,15,15,15,1.0,0.46636,0.042751461398131976,7.091125930512666,latest unique valid physical hand capture used by the accepted robust aggregation,endpoint timestamp_ns < target_capture_timestamp_ns,117.0,103.0,14.0,20.0,"Endpoints inside the aggregation-capture interval are terminal-state estimation with partial target evidence, not fully pre-aggregation forecasting. Endpoints at or after the final target capture are masked.",-0.19112028181552887,0.38043081760406494,0.08853248506784439,-0.4603586196899414,0.1776454895734787,-0.40085873007774353,0.7718965411186218
train,Yuzhi,Yuzhi_8_20260715_135404,terminal_endpose_unique_hand_capture_v2,hand_timestamp_ns,accepted,True,,0,left,928769609000,932636276000,928769609000,932636276000,3.866667,932136276000,932636276000,932136276000,932636276000,932163874000.0,932563787000.0,932563787000.0,932569609000.0,0.072489,0.0,15,15,13,0.8666666666666667,0.399913,0.005133481185031898,4.350605458303896,latest unique valid physical hand capture used by the accepted robust aggregation,endpoint timestamp_ns < target_capture_timestamp_ns,114.0,102.0,12.0,3.0,"Endpoints inside the aggregation-capture interval are terminal-state estimation with partial target evidence, not fully pre-aggregation forecasting. Endpoints at or after the final target capture are masked.",-0.17999869585037231,0.33547449111938477,0.08973174542188644,-0.46528860926628113,0.20145052671432495,-0.3945232629776001,0.7663390636444092
train,Yuzhi,Yuzhi_9_20260715_135444,terminal_endpose_unique_hand_capture_v2,hand_timestamp_ns,rejected,False,insufficient_valid_samples;low_valid_ratio;insufficient_valid_span,0,left,976569609000,980736276000,976569609000,980736276000,4.166667,980236276000,980736276000,980236276000,980736276000,,,,,,0.0,13,13,0,0.0,0.0,,,,,,,,,,,,,,,,
validation,Atilla,Atilla_1_20260616_184923,terminal_endpose_unique_hand_capture_v2,hand_timestamp_ns,accepted,True,,1,right,3910445551000,3915178884000,3910445551000,3915178884000,4.733333,3914678884000,3915178884000,3914678884000,3915178884000,3914703911000.0,3915103909000.0,3915103909000.0,3915112217000.0,0.074975,0.0,15,15,13,0.8666666666666667,0.399998,0.005180236873499299,1.18493785109117,latest unique valid physical hand capture used by the accepted robust aggregation,endpoint timestamp_ns < target_capture_timestamp_ns,140.0,128.0,12.0,3.0,"Endpoints inside the aggregation-capture interval are terminal-state estimation with partial target evidence, not fully pre-aggregation forecasting. Endpoints at or after the final target capture are masked.",0.12442941963672638,0.29753708839416504,0.10066701471805573,-0.33740296959877014,-0.37927618622779846,0.21631905436515808,0.8339753150939941
validation,Atilla,Atilla_2_20260616_185042,terminal_endpose_unique_hand_capture_v2,hand_timestamp_ns,accepted,True,,1,right,3982778884000,3990245550000,3982778884000,3990245550000,7.466666,3989745550000,3990245550000,3989745550000,3990245550000,3989770577000.0,3990203909000.0,3990203909000.0,3990212217000.0,0.041641,0.0,14,14,14,1.0,0.433332,0.004545686935978166,1.1880615286799796,latest unique valid physical hand capture used by the accepted robust aggregation,endpoint timestamp_ns < target_capture_timestamp_ns,223.0,210.0,13.0,2.0,"Endpoints inside the aggregation-capture interval are terminal-state estimation with partial target evidence, not fully pre-aggregation forecasting. Endpoints at or after the final target capture are masked.",0.09652182459831238,0.31218600273132324,0.11426565051078796,-0.32704028487205505,-0.39477449655532837,0.26538610458374023,0.8165585994720459
validation,Atilla,Atilla_3_20260616_185212,terminal_endpose_unique_hand_capture_v2,hand_timestamp_ns,accepted,True,,1,right,4071173328000,4080039994000,4071173328000,4080039994000,8.866666,4079539994000,4080039994000,4079539994000,4080039994000,4079566029000.0,4079965919000.0,4079965919000.0,4079973327000.0,0.074075,0.0,15,15,13,0.8666666666666667,0.39989,0.004367121729320167,1.3717936281781975,latest unique valid physical hand capture used by the accepted robust aggregation,endpoint timestamp_ns < target_capture_timestamp_ns,264.0,252.0,12.0,3.0,"Endpoints inside the aggregation-capture interval are terminal-state estimation with partial target evidence, not fully pre-aggregation forecasting. Endpoints at or after the final target capture are masked.",0.09130740910768509,0.29545268416404724,0.09824765473604202,-0.3593393564224243,-0.39435020089149475,0.2901364862918854,0.7944708466529846
validation,Atilla,Atilla_4_20260616_185327,terminal_endpose_unique_hand_capture_v2,hand_timestamp_ns,accepted,True,,1,right,4145412216000,4155912215000,4145412216000,4155912215000,10.499999,4155412215000,4155912215000,4155412215000,4155912215000,4155437241000.0,4155837240000.0,4155837240000.0,4155845549000.0,0.074975,0.0,14,14,13,0.9285714285714286,0.399999,0.0025552648480562873,1.9459055716550162,latest unique valid physical hand capture used by the accepted robust aggregation,endpoint timestamp_ns < target_capture_timestamp_ns,313.0,301.0,12.0,3.0,"Endpoints inside the aggregation-capture interval are terminal-state estimation with partial target evidence, not fully pre-aggregation forecasting. Endpoints at or after the final target capture are masked.",0.3636322319507599,0.6253392696380615,-0.030207080766558647,-0.04503728821873665,0.3866941034793854,0.61374831199646,0.6868422627449036
validation,Atilla,Atilla_5_20260616_185449,terminal_endpose_unique_hand_capture_v2,hand_timestamp_ns,accepted,True,,1,right,4232812215000,4236712214000,4232812215000,4236712214000,3.899999,4236212214000,4236712214000,4236212214000,4236712214000,4236237241000.0,4236670573000.0,4236670573000.0,4236678881000.0,0.041641,0.0,15,15,14,0.9333333333333333,0.433332,0.006435796835856705,1.7935598926595897,latest unique valid physical hand capture used by the accepted robust aggregation,endpoint timestamp_ns < target_capture_timestamp_ns,116.0,103.0,13.0,2.0,"Endpoints inside the aggregation-capture interval are terminal-state estimation with partial target evidence, not fully pre-aggregation forecasting. Endpoints at or after the final target capture are masked.",0.1037202849984169,0.30192774534225464,0.10254388302564621,-0.29681694507598877,-0.36347898840904236,0.2815696895122528,0.8369595408439636
validation,Atilla,Atilla_6_20260616_185613,terminal_endpose_unique_hand_capture_v2,hand_timestamp_ns,accepted,True,,1,right,4317878881000,4321478880000,4317878881000,4321478880000,3.599999,4320978880000,4321478880000,4320978880000,4321478880000,4321003907000.0,4321403906000.0,4321403906000.0,4321412214000.0,0.074974,0.0,13,13,13,1.0,0.399999,0.0028638217952565714,1.3234597063709466,latest unique valid physical hand capture used by the accepted robust aggregation,endpoint timestamp_ns < target_capture_timestamp_ns,106.0,94.0,12.0,3.0,"Endpoints inside the aggregation-capture interval are terminal-state estimation with partial target evidence, not fully pre-aggregation forecasting. Endpoints at or after the final target capture are masked.",0.09785549342632294,0.30738168954849243,0.08808816969394684,-0.37561070919036865,-0.36875250935554504,0.27350282669067383,0.8050679564476013
validation,Atilla,Atilla_7_20260616_185714,terminal_endpose_unique_hand_capture_v2,hand_timestamp_ns,accepted,True,,1,right,4377212213000,4381878879000,4377212213000,4381878879000,4.666666,4381378879000,4381878879000,4381378879000,4381878879000,4381403906000.0,4381803905000.0,4381803905000.0,4381812212000.0,0.074974,0.0,14,14,13,0.9285714285714286,0.399999,0.0019835763940084256,1.1196319311983967,latest unique valid physical hand capture used by the accepted robust aggregation,endpoint timestamp_ns < target_capture_timestamp_ns,138.0,126.0,12.0,3.0,"Endpoints inside the aggregation-capture interval are terminal-state estimation with partial target evidence, not fully pre-aggregation forecasting. Endpoints at or after the final target capture are masked.",0.12497661262750626,0.34402355551719666,0.09650212526321411,-0.3981678783893585,-0.37263742089271545,0.2987695038318634,0.7831605672836304
validation,Atilla,Atilla_8_20260616_185812,terminal_endpose_unique_hand_capture_v2,hand_timestamp_ns,rejected,False,insufficient_valid_samples;low_valid_ratio;insufficient_valid_span,1,right,4436645546000,4440112212000,4436645546000,4440112212000,3.466666,4439612212000,4440112212000,4439612212000,4440112212000,,,,,,0.0,13,13,0,0.0,0.0,,,,,,,,,,,,,,,,
validation,Ermal,Ermal_1_20260604_151723,terminal_endpose_unique_hand_capture_v2,hand_timestamp_ns,accepted,True,,1,right,1130212313000,1137278979000,1130212313000,1137278979000,7.066666,1136612312000,1137112312000,1136612312000,1137112312000,1136641956000.0,1137108495000.0,1137108495000.0,1137112312000.0,0.170484,0.166667,15,15,15,1.0,0.466539,0.0334470006650934,16.281898749127116,latest unique valid physical hand capture used by the accepted robust aggregation,endpoint timestamp_ns < target_capture_timestamp_ns,207.0,193.0,14.0,6.0,"Endpoints inside the aggregation-capture interval are terminal-state estimation with partial target evidence, not fully pre-aggregation forecasting. Endpoints at or after the final target capture are masked.",0.18219156563282013,0.5024175643920898,0.25497403740882874,-0.3421780467033386,-0.07457662373781204,0.29139137268066406,0.890192985534668
validation,Ermal,Ermal_2_20260604_151912,terminal_endpose_unique_hand_capture_v2,hand_timestamp_ns,accepted,True,,1,right,1247778977000,1251812310000,1247778977000,1251812310000,4.033333,1251312310000,1251812310000,1251312310000,1251812310000,1251343700000.0,1251710265000.0,1251710265000.0,1251712310000.0,0.102045,0.0,15,15,12,0.8,0.366565,0.0035568633791056947,1.625168838904398,latest unique valid physical hand capture used by the accepted robust aggregation,endpoint timestamp_ns < target_capture_timestamp_ns,118.0,107.0,11.0,4.0,"Endpoints inside the aggregation-capture interval are terminal-state estimation with partial target evidence, not fully pre-aggregation forecasting. Endpoints at or after the final target capture are masked.",0.12114336341619492,0.4799518585205078,0.2819780111312866,-0.3693845868110657,-0.10429893434047699,0.290334016084671,0.8765745162963867
validation,Ermal,Ermal_3_20260604_152032,terminal_endpose_unique_hand_capture_v2,hand_timestamp_ns,rejected,False,insufficient_valid_samples;low_valid_ratio;insufficient_valid_span,1,right,1317678978000,1321212311000,1317678978000,1321212311000,3.533333,1320712311000,1321212311000,1320712311000,1321212311000,,,,,,0.0,13,13,0,0.0,0.0,,,,,,,,,,,,,,,,
validation,Ermal,Ermal_4_20260604_152214,terminal_endpose_unique_hand_capture_v2,hand_timestamp_ns,accepted,True,,1,right,1422278976000,1428678976000,1422278976000,1428678976000,6.4,1428112309000,1428612309000,1428112309000,1428612309000,1428137346000.0,1428504001000.0,1428504001000.0,1428512309000.0,0.174975,0.066667,15,15,12,0.8,0.366655,0.018611075408759573,4.066908439440667,latest unique valid physical hand capture used by the accepted robust aggregation,endpoint timestamp_ns < target_capture_timestamp_ns,187.0,176.0,11.0,6.0,"Endpoints inside the aggregation-capture interval are terminal-state estimation with partial target evidence, not fully pre-aggregation forecasting. Endpoints at or after the final target capture are masked.",0.16475951671600342,0.37239521741867065,0.25458669662475586,-0.4023230969905853,-0.12083292007446289,0.3947872817516327,0.8171159625053406
validation,Ermal,Ermal_5_20260616_153530,terminal_endpose_unique_hand_capture_v2,hand_timestamp_ns,accepted,True,,1,right,5003278972000,5015245637000,5003278972000,5015245637000,11.966665,5014745637000,5015245637000,5014745637000,5015245637000,5014770663000.0,5015203996000.0,5015203996000.0,5015212304000.0,0.041641,0.0,15,15,14,0.9333333333333333,0.433333,0.0052415599762878256,1.8933742700129188,latest unique valid physical hand capture used by the accepted robust aggregation,endpoint timestamp_ns < target_capture_timestamp_ns,358.0,345.0,13.0,2.0,"Endpoints inside the aggregation-capture interval are terminal-state estimation with partial target evidence, not fully pre-aggregation forecasting. Endpoints at or after the final target capture are masked.",0.26346856355667114,0.4577785134315491,0.005107805132865906,0.29447680711746216,0.5248673558235168,0.5190410614013672,0.6069547533988953
validation,Ermal,Ermal_6_20260616_153648,terminal_endpose_unique_hand_capture_v2,hand_timestamp_ns,accepted,True,,1,right,5094545636000,5099545635000,5094545636000,5099545635000,4.999999,5099012302000,5099512302000,5099012302000,5099512302000,5099037328000.0,5099403995000.0,5099403995000.0,5099412302000.0,0.14164,0.033333,13,13,12,0.9230769230769231,0.366667,0.0024944235212870838,1.053320631172264,latest unique valid physical hand capture used by the accepted robust aggregation,endpoint timestamp_ns < target_capture_timestamp_ns,146.0,135.0,11.0,5.0,"Endpoints inside the aggregation-capture interval are terminal-state estimation with partial target evidence, not fully pre-aggregation forecasting. Endpoints at or after the final target capture are masked.",0.10249251127243042,0.3611789345741272,0.0840950459241867,-0.3324735462665558,-0.19879750907421112,0.40426361560821533,0.8285601139068604
validation,Ermal,Ermal_7_20260616_153921,terminal_endpose_unique_hand_capture_v2,hand_timestamp_ns,accepted,True,,1,right,5258578966000,5262978966000,5258578966000,5262978966000,4.4,5262478966000,5262978966000,5262478966000,5262978966000,5262504040000.0,5262903991000.0,5262903991000.0,5262912299000.0,0.074975,0.0,15,15,13,0.8666666666666667,0.399951,0.003695189826412976,1.4322243933562477,latest unique valid physical hand capture used by the accepted robust aggregation,endpoint timestamp_ns < target_capture_timestamp_ns,130.0,118.0,12.0,3.0,"Endpoints inside the aggregation-capture interval are terminal-state estimation with partial target evidence, not fully pre-aggregation forecasting. Endpoints at or after the final target capture are masked.",0.07197742164134979,0.329311728477478,0.10952416062355042,-0.30922332406044006,-0.16051779687404633,0.4228864014148712,0.8365297913551331
validation,Ermal,Ermal_8_20260616_154054,terminal_endpose_unique_hand_capture_v2,hand_timestamp_ns,accepted,True,,1,right,5342245633000,5346212299000,5342245633000,5346212299000,3.966666,5345712299000,5346212299000,5345712299000,5346212299000,5345744062000.0,5346110627000.0,5346110627000.0,5346112299000.0,0.101672,0.0,15,15,12,0.8,0.366565,0.0020204185148512137,0.9711115815331172,latest unique valid physical hand capture used by the accepted robust aggregation,endpoint timestamp_ns < target_capture_timestamp_ns,116.0,105.0,11.0,4.0,"Endpoints inside the aggregation-capture interval are terminal-state estimation with partial target evidence, not fully pre-aggregation forecasting. Endpoints at or after the final target capture are masked.",0.052682776004076004,0.30237293243408203,0.11981998383998871,-0.4494721293449402,-0.22849713265895844,0.31071433424949646,0.8057422041893005
validation,Ermal,Ermal_9_20260616_154205,terminal_endpose_unique_hand_capture_v2,hand_timestamp_ns,accepted,True,,1,right,5412212299000,5416745632000,5412212299000,5416745632000,4.533333,5416212299000,5416712299000,5416212299000,5416712299000,5416244545000.0,5416611110000.0,5416611110000.0,5416612299000.0,0.134522,0.033333,15,15,12,0.8,0.366565,0.0024790790453923235,0.9642268127349085,latest unique valid physical hand capture used by the accepted robust aggregation,endpoint timestamp_ns < target_capture_timestamp_ns,132.0,121.0,11.0,5.0,"Endpoints inside the aggregation-capture interval are terminal-state estimation with partial target evidence, not fully pre-aggregation forecasting. Endpoints at or after the final target capture are masked.",0.05502188205718994,0.30252379179000854,0.1116844192147255,-0.43897607922554016,-0.22786583006381989,0.31302911043167114,0.8107958436012268
validation,Vanessa,Vanessa_2_20260624_132710,terminal_endpose_unique_hand_capture_v2,hand_timestamp_ns,accepted,True,,1,right,4346036275000,4349002942000,4346036275000,4349002942000,2.966667,4348502942000,4349002942000,4348502942000,4349002942000,4348527978000.0,4348894647000.0,4348894647000.0,4348902942000.0,0.108295,0.0,14,14,12,0.8571428571428571,0.366669,0.0036304464893341546,2.4964416404975873,latest unique valid physical hand capture used by the accepted robust aggregation,endpoint timestamp_ns < target_capture_timestamp_ns,86.0,75.0,11.0,4.0,"Endpoints inside the aggregation-capture interval are terminal-state estimation with partial target evidence, not fully pre-aggregation forecasting. Endpoints at or after the final target capture are masked.",0.12914662063121796,0.32570916414260864,0.1086847111582756,-0.36142081022262573,-0.41490182280540466,0.2703248858451843,0.7900354266166687
validation,Vanessa,Vanessa_3_20260624_132807,terminal_endpose_unique_hand_capture_v2,hand_timestamp_ns,accepted,True,,1,right,4410002943000,4410969609000,4410002943000,4410969609000,0.966666,4410436276000,4410936276000,4410436276000,4410936276000,4410463527000.0,4410829691000.0,4410829691000.0,4410836276000.0,0.139918,0.033333,15,15,12,0.8,0.366164,0.011540053302052398,5.9123132972794235,latest unique valid physical hand capture used by the accepted robust aggregation,endpoint timestamp_ns < target_capture_timestamp_ns,25.0,14.0,11.0,5.0,"Endpoints inside the aggregation-capture interval are terminal-state estimation with partial target evidence, not fully pre-aggregation forecasting. Endpoints at or after the final target capture are masked.",0.10903241485357285,0.31601089239120483,0.12607857584953308,-0.15688073635101318,-0.3430371880531311,0.3463151752948761,0.8589410185813904
validation,Vanessa,Vanessa_5_20260624_133059,terminal_endpose_unique_hand_capture_v2,hand_timestamp_ns,accepted,True,,1,right,4572969609000,4575736276000,4572969609000,4575736276000,2.766667,4575236276000,4575736276000,4575236276000,4575736276000,4575261309000.0,4575627976000.0,4575627976000.0,4575636276000.0,0.1083,0.0,15,15,12,0.8,0.366667,0.003257425248318459,1.290233994193992,latest unique valid physical hand capture used by the accepted robust aggregation,endpoint timestamp_ns < target_capture_timestamp_ns,80.0,69.0,11.0,4.0,"Endpoints inside the aggregation-capture interval are terminal-state estimation with partial target evidence, not fully pre-aggregation forecasting. Endpoints at or after the final target capture are masked.",0.10845689475536346,0.29548051953315735,0.11561422049999237,-0.1276511698961258,-0.27243196964263916,0.34097132086753845,0.8906315565109253
validation,Vanessa,Vanessa_6_20260624_133209,terminal_endpose_unique_hand_capture_v2,hand_timestamp_ns,accepted,True,,1,right,4644136275000,4648136275000,4644136275000,4648136275000,4.0,4647169609000,4647669609000,4647169609000,4647669609000,4647197383000.0,4647663921000.0,4647663921000.0,4647669609000.0,0.472354,0.466666,15,15,15,1.0,0.466538,0.027286401357863466,9.09840758409111,latest unique valid physical hand capture used by the accepted robust aggregation,endpoint timestamp_ns < target_capture_timestamp_ns,106.0,92.0,14.0,15.0,"Endpoints inside the aggregation-capture interval are terminal-state estimation with partial target evidence, not fully pre-aggregation forecasting. Endpoints at or after the final target capture are masked.",0.111246258020401,0.2951201796531677,0.10073327273130417,-0.14605528116226196,-0.22364391386508942,0.4112105369567871,0.871525764465332
