sample_key,participant,sequence_id,endpoint_timestamp_ns,target_intention,predicted_intention,modality_gaze_weight,modality_hands_weight,modality_objects_weight,modality_vio_weight,modality_clip_weight,modality_gaze_available,modality_hands_available,modality_objects_available,modality_vio_available,modality_clip_available
test|Edu_10_20260616_150412|3106145555000,Edu,Edu_10_20260616_150412,3106145555000,continue,fetch,0.258994847536087,0.1991036832332611,0.1249092146754264,0.1810432970523834,0.2359489649534225,True,True,True,True,True
test|Edu_10_20260616_150412|3106478889000,Edu,Edu_10_20260616_150412,3106478889000,continue,continue,0.2531667947769165,0.2063862234354019,0.1279482692480087,0.1870118230581283,0.2254868745803833,True,True,True,True,True
test|Edu_10_20260616_150412|3106812222000,Edu,Edu_10_20260616_150412,3106812222000,continue,fetch,0.250322937965393,0.2143125236034393,0.1334947943687439,0.1866436898708343,0.2152260094881057,True,True,True,True,True
test|Edu_10_20260616_150412|3107145555000,Edu,Edu_10_20260616_150412,3107145555000,continue,continue,0.2481690794229507,0.2231954783201217,0.1399330645799636,0.1833558678627014,0.2053465545177459,True,True,True,True,True
test|Edu_10_20260616_150412|3107478889000,Edu,Edu_10_20260616_150412,3107478889000,continue,continue,0.2464046627283096,0.2290914505720138,0.1480946689844131,0.1803672760725021,0.1960420161485672,True,True,True,True,True
test|Edu_10_20260616_150412|3107812222000,Edu,Edu_10_20260616_150412,3107812222000,continue,continue,0.242487758398056,0.2348493039608001,0.1459195762872696,0.1879773139953613,0.1887660771608352,True,True,True,True,True
test|Edu_10_20260616_150412|3108145555000,Edu,Edu_10_20260616_150412,3108145555000,continue,continue,0.2406053692102432,0.2476685494184494,0.1352228224277496,0.1857212334871292,0.1907820403575897,True,True,True,True,True
test|Edu_10_20260616_150412|3108478889000,Edu,Edu_10_20260616_150412,3108478889000,continue,continue,0.2442409992218017,0.2621159255504608,0.125093787908554,0.1740942597389221,0.1944550573825836,True,True,True,True,True
test|Edu_10_20260616_150412|3108812222000,Edu,Edu_10_20260616_150412,3108812222000,continue,continue,0.2447415590286255,0.2735155820846557,0.1138346046209335,0.1700443625450134,0.1978639066219329,True,True,True,True,True
test|Edu_10_20260616_150412|3109145555000,Edu,Edu_10_20260616_150412,3109145555000,continue,continue,0.2418863922357559,0.2833991944789886,0.1078961566090583,0.170396476984024,0.1964217722415924,True,True,True,True,True
test|Edu_10_20260616_150412|3109478888000,Edu,Edu_10_20260616_150412,3109478888000,continue,continue,0.2372761070728302,0.2865946292877197,0.1072442755103111,0.1696507036685943,0.199234277009964,True,True,True,True,True
test|Edu_10_20260616_150412|3109812222000,Edu,Edu_10_20260616_150412,3109812222000,continue,continue,0.2335806488990783,0.2870512306690216,0.1120925173163414,0.1672312617301941,0.2000443339347839,True,True,True,True,True
test|Edu_10_20260616_150412|3110145555000,Edu,Edu_10_20260616_150412,3110145555000,continue,continue,0.236772209405899,0.2764692604541778,0.1243237853050232,0.1646858155727386,0.1977489292621612,True,True,True,True,True
test|Edu_10_20260616_150412|3110478888000,Edu,Edu_10_20260616_150412,3110478888000,continue,continue,0.2425097972154617,0.2654556632041931,0.1353207677602768,0.1606487780809402,0.1960649937391281,True,True,True,True,True
test|Edu_10_20260616_150412|3110812222000,Edu,Edu_10_20260616_150412,3110812222000,continue,continue,0.2444179505109787,0.2538290023803711,0.1441769748926162,0.1608871817588806,0.1966888606548309,True,True,True,True,True
test|Edu_10_20260616_150412|3111145555000,Edu,Edu_10_20260616_150412,3111145555000,continue,continue,0.2430696338415146,0.2426603138446808,0.1485907286405563,0.1692405045032501,0.1964388489723205,True,True,True,True,True
test|Edu_10_20260616_150412|3111478888000,Edu,Edu_10_20260616_150412,3111478888000,continue,continue,0.2491716295480728,0.2349673062562942,0.1428165882825851,0.1758843213319778,0.1971600800752639,True,True,True,True,True
test|Edu_10_20260616_150412|3111812222000,Edu,Edu_10_20260616_150412,3111812222000,continue,continue,0.2533976137638092,0.2305215299129486,0.1374025344848632,0.1816502064466476,0.1970281600952148,True,True,True,True,True
test|Edu_10_20260616_150412|3112145555000,Edu,Edu_10_20260616_150412,3112145555000,continue,continue,0.2536485493183136,0.2267298251390457,0.1340378522872924,0.1863649636507034,0.1992188096046447,True,True,True,True,True
test|Edu_10_20260616_150412|3112478888000,Edu,Edu_10_20260616_150412,3112478888000,continue,continue,0.2499923110008239,0.223044142127037,0.1297949999570846,0.1961649358272552,0.2010036557912826,True,True,True,True,True
test|Edu_10_20260616_150412|3112812221000,Edu,Edu_10_20260616_150412,3112812221000,continue,continue,0.2439067810773849,0.2231994718313217,0.1266323775053024,0.2012903988361358,0.2049709409475326,True,True,True,True,True
test|Edu_10_20260616_150412|3113145555000,Edu,Edu_10_20260616_150412,3113145555000,continue,continue,0.2431738525629043,0.2233081012964248,0.1234561949968338,0.1981305629014969,0.2119313031435012,True,True,True,True,True
test|Edu_10_20260616_150412|3113478888000,Edu,Edu_10_20260616_150412,3113478888000,continue,continue,0.2404394745826721,0.2297867089509964,0.1220644488930702,0.194397822022438,0.2133115977048874,True,True,True,True,True
test|Edu_10_20260616_150412|3113812221000,Edu,Edu_10_20260616_150412,3113812221000,continue,continue,0.2349186837673187,0.2384834289550781,0.1170187667012214,0.1940804868936538,0.215498685836792,True,True,True,True,True
test|Edu_10_20260616_150412|3114145555000,Edu,Edu_10_20260616_150412,3114145555000,continue,continue,0.2275354266166687,0.2517133057117462,0.1114067360758781,0.1919887214899063,0.217355877161026,True,True,True,True,True
test|Edu_10_20260616_150412|3114478888000,Edu,Edu_10_20260616_150412,3114478888000,continue,continue,0.2237770110368728,0.2602485716342926,0.1083394661545753,0.1882570683956146,0.2193778753280639,True,True,True,True,True
test|Edu_10_20260616_150412|3114812221000,Edu,Edu_10_20260616_150412,3114812221000,continue,continue,0.2257833778858184,0.2618185579776764,0.1081856936216354,0.1825665533542633,0.2216458618640899,True,True,True,True,True
test|Edu_10_20260616_150412|3115145555000,Edu,Edu_10_20260616_150412,3115145555000,continue,continue,0.2257408946752548,0.2667304575443268,0.1080664321780204,0.1787451803684234,0.2207169979810714,True,True,True,True,True
test|Edu_10_20260616_150412|3115478888000,Edu,Edu_10_20260616_150412,3115478888000,continue,continue,0.2232747077941894,0.2658575773239136,0.1075567528605461,0.1817869544029235,0.2215240001678466,True,True,True,True,True
test|Edu_10_20260616_150412|3115812221000,Edu,Edu_10_20260616_150412,3115812221000,continue,continue,0.226283773779869,0.2611653506755829,0.1107512935996055,0.18311208486557,0.2186874747276306,True,True,True,True,True
test|Edu_10_20260616_150412|3116145554000,Edu,Edu_10_20260616_150412,3116145554000,continue,continue,0.2300464808940887,0.2600755393505096,0.1148036941885948,0.1763785630464553,0.2186957150697708,True,True,True,True,True
test|Edu_10_20260616_150412|3116478888000,Edu,Edu_10_20260616_150412,3116478888000,continue,continue,0.2336221039295196,0.2617176473140716,0.119578793644905,0.1701457053422927,0.2149357795715332,True,True,True,True,True
test|Edu_10_20260616_150412|3116812221000,Edu,Edu_10_20260616_150412,3116812221000,continue,continue,0.2352309674024582,0.2560034394264221,0.1223247125744819,0.1697958707809448,0.2166450321674347,True,True,True,True,True
test|Edu_10_20260616_150412|3117145554000,Edu,Edu_10_20260616_150412,3117145554000,continue,continue,0.2363848537206649,0.2482787519693374,0.1269355118274688,0.1716950684785843,0.2167058289051056,True,True,True,True,True
test|Edu_10_20260616_150412|3117478888000,Edu,Edu_10_20260616_150412,3117478888000,continue,continue,0.2386410981416702,0.2407249808311462,0.1332142651081085,0.1778921484947204,0.2095275372266769,True,True,True,True,True
test|Edu_10_20260616_150412|3117812221000,Edu,Edu_10_20260616_150412,3117812221000,continue,continue,0.2368466407060623,0.2359900772571563,0.1375140100717544,0.1839108020067215,0.2057383954524994,True,True,True,True,True
test|Edu_10_20260616_150412|3118145554000,Edu,Edu_10_20260616_150412,3118145554000,continue,continue,0.2357042580842971,0.2274880707263946,0.1403806209564209,0.1922725588083267,0.2041545063257217,True,True,True,True,True
test|Edu_10_20260616_150412|3118478888000,Edu,Edu_10_20260616_150412,3118478888000,continue,continue,0.2357236444950103,0.2141715288162231,0.1411530375480651,0.2057610899209976,0.203190729022026,True,True,True,True,True
test|Edu_10_20260616_150412|3118812221000,Edu,Edu_10_20260616_150412,3118812221000,continue,fetch,0.2366653531789779,0.2072523236274719,0.1426422894001007,0.217186689376831,0.1962533295154571,True,True,True,True,True
test|Edu_10_20260616_150412|3119145554000,Edu,Edu_10_20260616_150412,3119145554000,continue,fetch,0.2392469346523285,0.2028603851795196,0.1422896385192871,0.2229949086904525,0.1926080882549286,True,True,True,True,True
test|Edu_10_20260616_150412|3119478887000,Edu,Edu_10_20260616_150412,3119478887000,continue,fetch,0.2431740760803222,0.198788970708847,0.1406957358121872,0.2242670059204101,0.1930741965770721,True,True,True,True,True
test|Edu_10_20260616_150412|3119812221000,Edu,Edu_10_20260616_150412,3119812221000,continue,fetch,0.2471309453248977,0.193923220038414,0.1390608698129654,0.2241997867822647,0.1956852078437805,True,True,True,True,True
test|Edu_10_20260616_150412|3120145554000,Edu,Edu_10_20260616_150412,3120145554000,continue,fetch,0.2452979236841201,0.1904083043336868,0.1368657946586609,0.2248970717191696,0.2025309354066848,True,True,True,True,True
test|Edu_10_20260616_150412|3120478887000,Edu,Edu_10_20260616_150412,3120478887000,continue,fetch,0.2433863878250122,0.1903417259454727,0.1350331008434295,0.2215559780597686,0.2096827924251556,True,True,True,True,True
test|Edu_10_20260616_150412|3120812221000,Edu,Edu_10_20260616_150412,3120812221000,continue,fetch,0.2416755259037017,0.1902907639741897,0.1317909061908722,0.2185955047607422,0.217647299170494,True,True,True,True,True
test|Edu_10_20260616_150412|3121145554000,Edu,Edu_10_20260616_150412,3121145554000,continue,fetch,0.2426077723503112,0.1941742449998855,0.1292685568332672,0.2168633639812469,0.217086061835289,True,True,True,True,True
test|Edu_10_20260616_150412|3121478887000,Edu,Edu_10_20260616_150412,3121478887000,continue,fetch,0.2434232085943222,0.1988162696361541,0.1268959045410156,0.2114075422286987,0.2194571048021316,True,True,True,True,True
test|Edu_10_20260616_150412|3121812220000,Edu,Edu_10_20260616_150412,3121812220000,continue,fetch,0.2469522953033447,0.2048826664686203,0.1247327402234077,0.2023614645004272,0.2210708856582641,True,True,True,True,True
test|Edu_10_20260616_150412|3122145554000,Edu,Edu_10_20260616_150412,3122145554000,continue,fetch,0.2564916014671325,0.200279027223587,0.1219621002674102,0.2059423625469207,0.2153248935937881,True,True,True,True,True
test|Edu_10_20260616_150412|3122478887000,Edu,Edu_10_20260616_150412,3122478887000,continue,fetch,0.2607384920120239,0.192040130496025,0.1207538321614265,0.2103936821222305,0.2160738110542297,True,True,True,True,True
test|Edu_10_20260616_150412|3122812220000,Edu,Edu_10_20260616_150412,3122812220000,continue,fetch,0.278594821691513,0.1861044764518737,0.1210173293948173,0.2030319273471832,0.2112515121698379,True,True,True,True,True
test|Edu_10_20260616_150412|3123145554000,Edu,Edu_10_20260616_150412,3123145554000,fetch,fetch,0.2943412661552429,0.178990289568901,0.1194782480597496,0.199794054031372,0.2073961347341537,True,True,True,True,True
test|Edu_10_20260616_150412|3123478887000,Edu,Edu_10_20260616_150412,3123478887000,fetch,fetch,0.3108507990837097,0.1748101711273193,0.1186342984437942,0.1939975619316101,0.2017071545124054,True,True,True,True,True
test|Edu_10_20260616_150412|3123812220000,Edu,Edu_10_20260616_150412,3123812220000,fetch,fetch,0.3257612287998199,0.172690063714981,0.1163091883063316,0.1936189979314804,0.1916205435991287,True,True,True,True,True
test|Edu_10_20260616_150412|3124145554000,Edu,Edu_10_20260616_150412,3124145554000,fetch,fetch,0.3407971560955047,0.178119882941246,0.1155706942081451,0.1805043518543243,0.1850079149007797,True,True,True,True,True
test|Edu_10_20260616_150412|3124478887000,Edu,Edu_10_20260616_150412,3124478887000,fetch,fetch,0.3618506491184234,0.1809577047824859,0.1121339872479438,0.1653577387332916,0.1796998977661132,True,True,True,True,True
test|Edu_10_20260616_150412|3124812220000,Edu,Edu_10_20260616_150412,3124812220000,fetch,fetch,0.3580206930637359,0.1887028515338897,0.109714075922966,0.1626684814691543,0.1808939576148986,True,True,True,True,True
test|Edu_10_20260616_150412|3125145554000,Edu,Edu_10_20260616_150412,3125145554000,fetch,fetch,0.3487545251846313,0.1993447691202163,0.1093331351876258,0.1600354760885238,0.1825320571660995,True,True,True,True,True
test|Edu_10_20260616_150412|3125478887000,Edu,Edu_10_20260616_150412,3125478887000,fetch,fetch,0.3388116359710693,0.2117204666137695,0.1081920638680458,0.159560814499855,0.181715041399002,True,True,True,True,True
test|Edu_10_20260616_150412|3125812220000,Edu,Edu_10_20260616_150412,3125812220000,fetch,fetch,0.3305309414863586,0.2203944474458694,0.1079379543662071,0.1575065553188324,0.1836300790309906,True,True,True,True,True
test|Edu_10_20260616_150412|3126145553000,Edu,Edu_10_20260616_150412,3126145553000,fetch,fetch,0.3251675069332123,0.2155089527368545,0.1091242432594299,0.1625980138778686,0.1876012682914734,True,True,True,True,True
test|Edu_10_20260616_150412|3126478887000,Edu,Edu_10_20260616_150412,3126478887000,fetch,fetch,0.3214954733848572,0.2098671644926071,0.1092789843678474,0.1695178598165512,0.189840480685234,True,True,True,True,True
test|Edu_10_20260616_150412|3126812220000,Edu,Edu_10_20260616_150412,3126812220000,fetch,fetch,0.3152728974819183,0.2137380540370941,0.1087598130106926,0.1721374690532684,0.1900917738676071,True,True,True,True,True
test|Edu_10_20260616_150412|3127145553000,Edu,Edu_10_20260616_150412,3127145553000,fetch,fetch,0.3137057423591614,0.2188519835472107,0.1056985035538673,0.1707382649183273,0.1910054385662078,True,True,True,True,True
test|Edu_10_20260616_150412|3127478887000,Edu,Edu_10_20260616_150412,3127478887000,fetch,fetch,0.3157529830932617,0.2076249718666076,0.1046483665704727,0.1733181923627853,0.1986554414033889,True,True,True,True,True
test|Edu_10_20260616_150412|3127812220000,Edu,Edu_10_20260616_150412,3127812220000,fetch,fetch,0.3141185343265533,0.1989501863718032,0.1070961952209472,0.1716804653406143,0.2081545889377594,True,True,True,True,True
test|Edu_10_20260616_150412|3128145553000,Edu,Edu_10_20260616_150412,3128145553000,fetch,fetch,0.3094832599163055,0.1919188350439071,0.1082240641117096,0.1758873611688614,0.2144864797592163,True,True,True,True,True
test|Edu_10_20260616_150412|3128478886000,Edu,Edu_10_20260616_150412,3128478886000,fetch,fetch,0.3160191774368286,0.1839063167572021,0.1084859818220138,0.1753476709127426,0.2162409275770187,True,True,True,True,True
test|Edu_10_20260616_150412|3130812220000,Edu,Edu_10_20260616_150412,3130812220000,handover,handover,0.3270270526409149,0.1756973415613174,0.1217796429991722,0.1946765333414077,0.180819422006607,True,True,True,True,True
test|Edu_10_20260616_150412|3131145553000,Edu,Edu_10_20260616_150412,3131145553000,handover,handover,0.3106829822063446,0.179013505578041,0.1247439458966255,0.1995426565408706,0.1860168725252151,True,True,True,True,True
test|Edu_10_20260616_150412|3131478886000,Edu,Edu_10_20260616_150412,3131478886000,handover,handover,0.2964342534542084,0.186989352107048,0.1273761242628097,0.2028528898954391,0.1863473653793335,True,True,True,True,True
test|Edu_10_20260616_150412|3131812220000,Edu,Edu_10_20260616_150412,3131812220000,handover,handover,0.2878594100475311,0.2040110528469085,0.1272117048501968,0.1934586018323898,0.1874592006206512,True,True,True,True,True
test|Edu_10_20260616_150412|3132145553000,Edu,Edu_10_20260616_150412,3132145553000,handover,handover,0.2756288647651672,0.2285567075014114,0.1247615218162536,0.1861476898193359,0.1849052757024765,True,True,True,True,True
test|Edu_10_20260616_150412|3132478886000,Edu,Edu_10_20260616_150412,3132478886000,handover,handover,0.2617785930633545,0.2570058107376098,0.1199404820799827,0.1792359203100204,0.1820392459630966,True,True,True,True,True
test|Edu_10_20260616_150412|3132812219000,Edu,Edu_10_20260616_150412,3132812219000,handover,handover,0.2478974461555481,0.2925688028335571,0.1138550043106079,0.1707403659820556,0.17493836581707,True,True,True,True,True
test|Edu_10_20260616_150412|3133145553000,Edu,Edu_10_20260616_150412,3133145553000,handover,handover,0.2309429943561554,0.336700290441513,0.1075579151511192,0.1592238545417785,0.1655749678611755,True,True,True,True,True
test|Edu_10_20260616_150412|3133478886000,Edu,Edu_10_20260616_150412,3133478886000,handover,handover,0.2171428948640823,0.3713701963424682,0.102733589708805,0.1511536389589309,0.1575996875762939,True,True,True,True,True
test|Edu_10_20260616_150412|3133812219000,Edu,Edu_10_20260616_150412,3133812219000,handover,handover,0.2138278782367706,0.3749532103538513,0.102956511080265,0.1555749177932739,0.1526873856782913,True,True,True,True,True
test|Edu_10_20260616_150412|3134145553000,Edu,Edu_10_20260616_150412,3134145553000,handover,handover,0.2197990268468856,0.3729505538940429,0.1025581434369087,0.153821662068367,0.1508706659078598,True,True,True,True,True
test|Edu_10_20260616_150412|3134478886000,Edu,Edu_10_20260616_150412,3134478886000,handover,handover,0.2325096130371093,0.3520496487617492,0.1038438528776168,0.1548076719045639,0.1567892134189605,True,True,True,True,True
test|Edu_10_20260616_150412|3134812219000,Edu,Edu_10_20260616_150412,3134812219000,handover,handover,0.2550143301486969,0.3059485256671905,0.1077132448554039,0.1606157422065735,0.1707081794738769,True,True,True,True,True
test|Edu_10_20260616_150412|3135145552000,Edu,Edu_10_20260616_150412,3135145552000,handover,handover,0.2768982350826263,0.266729861497879,0.1106858029961586,0.1667292118072509,0.1789568662643432,True,True,True,True,True
test|Edu_10_20260616_150412|3135478886000,Edu,Edu_10_20260616_150412,3135478886000,handover,handover,0.2945323884487152,0.2325562238693237,0.1122795194387435,0.1734116077423095,0.1872202455997467,True,True,True,True,True
test|Edu_10_20260616_150412|3135812219000,Edu,Edu_10_20260616_150412,3135812219000,handover,handover,0.3122683465480804,0.2072349786758422,0.1132450848817825,0.1732249706983566,0.1940265893936157,True,True,True,True,True
test|Edu_10_20260616_150412|3136145552000,Edu,Edu_10_20260616_150412,3136145552000,handover,fetch,0.3252084851264953,0.184600219130516,0.1132904067635536,0.1749686598777771,0.2019322514533996,True,True,True,True,True
test|Edu_10_20260616_150412|3136478886000,Edu,Edu_10_20260616_150412,3136478886000,handover,fetch,0.3341017067432403,0.1724671423435211,0.1131781935691833,0.1754069030284881,0.2048460692167282,True,True,True,True,True
test|Edu_10_20260616_150412|3136812219000,Edu,Edu_10_20260616_150412,3136812219000,handover,handover,0.3367402851581573,0.1702524423599243,0.1127244904637336,0.1763634979724884,0.2039192467927932,True,True,True,True,True
test|Edu_2_20260604_170420|7522078910000,Edu,Edu_2_20260604_170420,7522078910000,continue,continue,0.2614048421382904,0.2155637294054031,0.1318025290966034,0.190235897898674,0.2009930312633514,True,True,True,True,True
test|Edu_2_20260604_170420|7522412243000,Edu,Edu_2_20260604_170420,7522412243000,continue,continue,0.2610539197921753,0.2102709263563156,0.1318586319684982,0.1899444162845611,0.2068721055984497,True,True,True,True,True
test|Edu_2_20260604_170420|7522745577000,Edu,Edu_2_20260604_170420,7522745577000,continue,continue,0.2624480426311493,0.2037614583969116,0.1316087990999221,0.1888267993927002,0.2133548408746719,True,True,True,True,True
test|Edu_2_20260604_170420|7523078910000,Edu,Edu_2_20260604_170420,7523078910000,continue,continue,0.2625017166137695,0.2003374546766281,0.1293345987796783,0.1891233772039413,0.2187029123306274,True,True,True,True,True
test|Edu_2_20260604_170420|7523412243000,Edu,Edu_2_20260604_170420,7523412243000,continue,continue,0.2628891468048095,0.204131543636322,0.1278824657201767,0.1881188601255417,0.2169779986143112,True,True,True,True,True
test|Edu_2_20260604_170420|7523745576000,Edu,Edu_2_20260604_170420,7523745576000,continue,continue,0.2614065110683441,0.2063489258289337,0.1274215430021286,0.1845441609621048,0.2202788442373275,True,True,True,True,True
test|Edu_2_20260604_170420|7524078910000,Edu,Edu_2_20260604_170420,7524078910000,continue,continue,0.2611399590969085,0.2075271308422088,0.128480777144432,0.1759234815835952,0.2269286513328552,True,True,True,True,True
test|Edu_2_20260604_170420|7524412243000,Edu,Edu_2_20260604_170420,7524412243000,continue,continue,0.2621585428714752,0.2092845439910888,0.1324167996644973,0.1691078096628189,0.2270323038101196,True,True,True,True,True
test|Edu_2_20260604_170420|7524745576000,Edu,Edu_2_20260604_170420,7524745576000,continue,continue,0.257403552532196,0.205989196896553,0.1342144459486007,0.1663515716791153,0.2360412180423736,True,True,True,True,True
test|Edu_2_20260604_170420|7525078910000,Edu,Edu_2_20260604_170420,7525078910000,continue,continue,0.2525901794433594,0.2018744498491287,0.1354320645332336,0.1723219603300094,0.2377813756465912,True,True,True,True,True
test|Edu_2_20260604_170420|7525412243000,Edu,Edu_2_20260604_170420,7525412243000,continue,continue,0.250601202249527,0.2011748701333999,0.1336239278316497,0.1776719987392425,0.2369279116392135,True,True,True,True,True
test|Edu_2_20260604_170420|7525745576000,Edu,Edu_2_20260604_170420,7525745576000,continue,continue,0.2534229755401611,0.2015073895454406,0.1324392110109329,0.1801693588495254,0.2324610650539398,True,True,True,True,True
test|Edu_2_20260604_170420|7526078909000,Edu,Edu_2_20260604_170420,7526078909000,continue,continue,0.2532785832881927,0.2035760879516601,0.1292914599180221,0.181052416563034,0.2328014969825744,True,True,True,True,True
test|Edu_2_20260604_170420|7526412243000,Edu,Edu_2_20260604_170420,7526412243000,continue,continue,0.2585068345069885,0.204796701669693,0.1199904754757881,0.1839168965816497,0.2327890992164611,True,True,True,True,True
test|Edu_2_20260604_170420|7526745576000,Edu,Edu_2_20260604_170420,7526745576000,continue,continue,0.2673370540142059,0.2120086848735809,0.1122426241636276,0.1837300956249237,0.224681556224823,True,True,True,True,True
test|Edu_2_20260604_170420|7527078909000,Edu,Edu_2_20260604_170420,7527078909000,continue,continue,0.2742140591144562,0.2246923446655273,0.108104832470417,0.1721152067184448,0.2208735644817352,True,True,True,True,True
test|Edu_2_20260604_170420|7527412243000,Edu,Edu_2_20260604_170420,7527412243000,continue,continue,0.2825171947479248,0.2294967621564865,0.1086948439478874,0.1556160300970077,0.2236751616001129,True,True,True,True,True
test|Edu_2_20260604_170420|7527745576000,Edu,Edu_2_20260604_170420,7527745576000,continue,continue,0.2852457761764526,0.2259111851453781,0.1079258546233177,0.1499340534210205,0.2309831976890564,True,True,True,True,True
test|Edu_2_20260604_170420|7528078909000,Edu,Edu_2_20260604_170420,7528078909000,continue,continue,0.2856587171554565,0.2182740420103073,0.1070101857185363,0.1612483412027359,0.227808728814125,True,True,True,True,True
test|Edu_2_20260604_170420|7528412243000,Edu,Edu_2_20260604_170420,7528412243000,continue,continue,0.2831607758998871,0.2139467447996139,0.1091240644454956,0.1702727824449539,0.2234956473112106,True,True,True,True,True
test|Edu_2_20260604_170420|7528745576000,Edu,Edu_2_20260604_170420,7528745576000,continue,continue,0.2882715761661529,0.2067562192678451,0.1115258559584617,0.1770348697900772,0.2164115011692047,True,True,True,True,True
test|Edu_2_20260604_170420|7529078909000,Edu,Edu_2_20260604_170420,7529078909000,continue,continue,0.2984727323055267,0.2002100199460983,0.1125585883855819,0.1847068816423416,0.2040517628192901,True,True,True,True,True
test|Edu_2_20260604_170420|7529412243000,Edu,Edu_2_20260604_170420,7529412243000,continue,continue,0.3020606637001037,0.1972429007291793,0.1137133240699768,0.198146641254425,0.188836395740509,True,True,True,True,True
test|Edu_2_20260604_170420|7529745576000,Edu,Edu_2_20260604_170420,7529745576000,continue,continue,0.3069981038570404,0.1971478462219238,0.1161941215395927,0.2033319473266601,0.1763280481100082,True,True,True,True,True
test|Edu_2_20260604_170420|7530078909000,Edu,Edu_2_20260604_170420,7530078909000,continue,continue,0.3150798976421356,0.1990920156240463,0.120511807501316,0.1944058388471603,0.1709104180335998,True,True,True,True,True
test|Edu_2_20260604_170420|7530412242000,Edu,Edu_2_20260604_170420,7530412242000,continue,continue,0.3192726969718933,0.2028849273920059,0.124679759144783,0.1867352426052093,0.1664273738861084,True,True,True,True,True
test|Edu_2_20260604_170420|7530745576000,Edu,Edu_2_20260604_170420,7530745576000,continue,continue,0.3133005201816559,0.2114138454198837,0.1286962479352951,0.1817542910575866,0.1648351401090622,True,True,True,True,True
test|Edu_2_20260604_170420|7531078909000,Edu,Edu_2_20260604_170420,7531078909000,continue,continue,0.3014976680278778,0.2206735461950302,0.1325911432504654,0.1765696853399276,0.1686679571866989,True,True,True,True,True
test|Edu_2_20260604_170420|7531412242000,Edu,Edu_2_20260604_170420,7531412242000,continue,continue,0.2925966382026672,0.2250239551067352,0.1329486966133117,0.174807921051979,0.1746228188276291,True,True,True,True,True
test|Edu_2_20260604_170420|7531745576000,Edu,Edu_2_20260604_170420,7531745576000,continue,continue,0.2879795730113983,0.2274358570575714,0.1308198273181915,0.1745619624853134,0.1792028248310089,True,True,True,True,True
test|Edu_2_20260604_170420|7532078909000,Edu,Edu_2_20260604_170420,7532078909000,continue,continue,0.2822449803352356,0.2273430675268173,0.131387859582901,0.1765370965003967,0.1824869811534881,True,True,True,True,True
test|Edu_2_20260604_170420|7532412242000,Edu,Edu_2_20260604_170420,7532412242000,continue,continue,0.2803274691104889,0.2238990515470504,0.131148025393486,0.1773258596658706,0.1872995644807815,True,True,True,True,True
test|Edu_2_20260604_170420|7532745575000,Edu,Edu_2_20260604_170420,7532745575000,continue,continue,0.2875553965568542,0.2164419740438461,0.127624437212944,0.1771751493215561,0.1912030130624771,True,True,True,True,True
test|Edu_2_20260604_170420|7533078909000,Edu,Edu_2_20260604_170420,7533078909000,continue,continue,0.291841983795166,0.2103566229343414,0.126992642879486,0.1747009307146072,0.1961077898740768,True,True,True,True,True
test|Edu_2_20260604_170420|7533412242000,Edu,Edu_2_20260604_170420,7533412242000,continue,continue,0.2910817861557007,0.2052462249994278,0.1328285485506057,0.169330433011055,0.2015129774808883,True,True,True,True,True
test|Edu_2_20260604_170420|7533745575000,Edu,Edu_2_20260604_170420,7533745575000,continue,continue,0.2822693288326263,0.2029683291912078,0.1414136886596679,0.1624844521284103,0.2108642607927322,True,True,True,True,True
test|Edu_2_20260604_170420|7534078909000,Edu,Edu_2_20260604_170420,7534078909000,continue,continue,0.2703257799148559,0.204335555434227,0.1507950872182846,0.1568951457738876,0.217648446559906,True,True,True,True,True
test|Edu_2_20260604_170420|7534412242000,Edu,Edu_2_20260604_170420,7534412242000,continue,continue,0.2489400953054428,0.2038712054491043,0.1653903722763061,0.1591089963912964,0.2226893752813339,True,True,True,True,True
test|Edu_2_20260604_170420|7534745575000,Edu,Edu_2_20260604_170420,7534745575000,continue,continue,0.2260024696588516,0.2014864683151245,0.1872644126415252,0.163339614868164,0.2219071090221405,True,True,True,True,True
test|Edu_2_20260604_170420|7535078909000,Edu,Edu_2_20260604_170420,7535078909000,continue,continue,0.2169083058834076,0.1993530392646789,0.2006465345621109,0.1601925492286682,0.2228995710611343,True,True,True,True,True
test|Edu_2_20260604_170420|7535412242000,Edu,Edu_2_20260604_170420,7535412242000,continue,continue,0.2106541097164154,0.2007897496223449,0.2050997614860534,0.1595269292593002,0.2239293903112411,True,True,True,True,True
test|Edu_2_20260604_170420|7535745575000,Edu,Edu_2_20260604_170420,7535745575000,continue,continue,0.2128901332616806,0.201697900891304,0.2023471742868423,0.1615613400936126,0.2215033918619156,True,True,True,True,True
test|Edu_2_20260604_170420|7536078908000,Edu,Edu_2_20260604_170420,7536078908000,continue,continue,0.2244389802217483,0.2039201408624649,0.1924803406000137,0.161556527018547,0.2176040112972259,True,True,True,True,True
test|Edu_2_20260604_170420|7536412242000,Edu,Edu_2_20260604_170420,7536412242000,continue,continue,0.2414042949676513,0.2072548419237136,0.1791229099035263,0.1590853780508041,0.2131325453519821,True,True,True,True,True
test|Edu_2_20260604_170420|7536745575000,Edu,Edu_2_20260604_170420,7536745575000,continue,continue,0.2589417099952698,0.2050941586494445,0.1612713783979416,0.1620811522006988,0.2126116007566452,True,True,True,True,True
test|Edu_2_20260604_170420|7537078908000,Edu,Edu_2_20260604_170420,7537078908000,continue,continue,0.2785140573978424,0.1995737701654434,0.1457314640283584,0.1712558418512344,0.20492485165596,True,True,True,True,True
test|Edu_2_20260604_170420|7537412242000,Edu,Edu_2_20260604_170420,7537412242000,fetch,fetch,0.3085101842880249,0.1940957605838775,0.1319911032915115,0.1741224080324173,0.1912805736064911,True,True,True,True,True
test|Edu_2_20260604_170420|7537745575000,Edu,Edu_2_20260604_170420,7537745575000,fetch,fetch,0.3333357870578766,0.1902396380901336,0.1220770552754402,0.1789930015802383,0.1753545254468917,True,True,True,True,True
test|Edu_2_20260604_170420|7538078908000,Edu,Edu_2_20260604_170420,7538078908000,fetch,fetch,0.3506926894187927,0.187438815832138,0.1180108934640884,0.1786623895168304,0.1651952415704727,True,True,True,True,True
test|Edu_2_20260604_170420|7538412242000,Edu,Edu_2_20260604_170420,7538412242000,fetch,fetch,0.3700112402439117,0.1828620135784149,0.1150543168187141,0.1712596863508224,0.160812646150589,True,True,True,True,True
test|Edu_2_20260604_170420|7538745575000,Edu,Edu_2_20260604_170420,7538745575000,fetch,fetch,0.3857738971710205,0.1850455105304718,0.115141749382019,0.1584009975194931,0.1556378006935119,True,True,True,True,True
test|Edu_2_20260604_170420|7539078908000,Edu,Edu_2_20260604_170420,7539078908000,fetch,fetch,0.3888004422187805,0.1880260854959488,0.1157917007803917,0.1521227806806564,0.1552590280771255,True,True,True,True,True
test|Edu_2_20260604_170420|7539412241000,Edu,Edu_2_20260604_170420,7539412241000,fetch,fetch,0.384406715631485,0.1912359893321991,0.1163302361965179,0.1509345471858978,0.1570924371480941,True,True,True,True,True
test|Edu_2_20260604_170420|7539745575000,Edu,Edu_2_20260604_170420,7539745575000,fetch,fetch,0.3796422183513641,0.1916927546262741,0.117716372013092,0.1509009152650833,0.1600477248430252,True,True,True,True,True
test|Edu_2_20260604_170420|7541412241000,Edu,Edu_2_20260604_170420,7541412241000,handover,fetch,0.3787084817886352,0.1877966225147247,0.1064404845237732,0.1779248118400573,0.149129644036293,True,True,True,True,True
test|Edu_2_20260604_170420|7541745575000,Edu,Edu_2_20260604_170420,7541745575000,handover,handover,0.3716207146644592,0.1948208063840866,0.1042333990335464,0.1798411458730697,0.1494839787483215,True,True,True,True,True
test|Edu_2_20260604_170420|7542078908000,Edu,Edu_2_20260604_170420,7542078908000,handover,handover,0.3626643121242523,0.2112281918525695,0.1074268966913223,0.1673992276191711,0.1512813568115234,True,True,True,True,True
test|Edu_2_20260604_170420|7542412241000,Edu,Edu_2_20260604_170420,7542412241000,handover,handover,0.3500509858131408,0.2294806689023971,0.109147697687149,0.1594903171062469,0.1518302261829376,True,True,True,True,True
test|Edu_2_20260604_170420|7542745574000,Edu,Edu_2_20260604_170420,7542745574000,handover,handover,0.3366277813911438,0.250624418258667,0.1078962907195091,0.1572553515434265,0.1475961208343505,True,True,True,True,True
test|Edu_2_20260604_170420|7543078908000,Edu,Edu_2_20260604_170420,7543078908000,handover,handover,0.3229218125343323,0.2781361937522888,0.1062734425067901,0.1526042371988296,0.1400643140077591,True,True,True,True,True
test|Edu_2_20260604_170420|7543412241000,Edu,Edu_2_20260604_170420,7543412241000,handover,handover,0.3124938011169433,0.3040055930614471,0.1035831570625305,0.1435804069042205,0.1363370865583419,True,True,True,True,True
test|Edu_2_20260604_170420|7543745574000,Edu,Edu_2_20260604_170420,7543745574000,handover,handover,0.3210529088973999,0.2966674566268921,0.1026699319481849,0.1429211348295211,0.1366885602474212,True,True,True,True,True
test|Edu_3_20260604_170622|7645478909000,Edu,Edu_3_20260604_170622,7645478909000,continue,continue,0.3266743421554565,0.2482744008302688,0.0,0.2128947079181671,0.212156593799591,True,True,False,True,True
test|Edu_3_20260604_170622|7645812242000,Edu,Edu_3_20260604_170622,7645812242000,continue,continue,0.3216833770275116,0.247641772031784,0.0,0.216600701212883,0.2140741199254989,True,True,False,True,True
test|Edu_3_20260604_170622|7646145575000,Edu,Edu_3_20260604_170622,7646145575000,continue,continue,0.3142867684364319,0.2503150999546051,0.0,0.2164991945028305,0.2188989371061325,True,True,False,True,True
test|Edu_3_20260604_170622|7646478909000,Edu,Edu_3_20260604_170622,7646478909000,continue,continue,0.3075078129768371,0.248764231801033,0.0,0.2167908996343612,0.2269370704889297,True,True,False,True,True
test|Edu_3_20260604_170622|7646812242000,Edu,Edu_3_20260604_170622,7646812242000,continue,continue,0.3011733591556549,0.2494636625051498,0.0,0.2168030738830566,0.2325598448514938,True,True,False,True,True
test|Edu_3_20260604_170622|7647145575000,Edu,Edu_3_20260604_170622,7647145575000,continue,continue,0.2954237163066864,0.2538646459579468,0.0,0.2143224775791168,0.2363891452550888,True,True,False,True,True
test|Edu_3_20260604_170622|7647478908000,Edu,Edu_3_20260604_170622,7647478908000,continue,continue,0.2904467582702636,0.2572461366653442,0.0,0.207502081990242,0.244805097579956,True,True,False,True,True
test|Edu_3_20260604_170622|7647812242000,Edu,Edu_3_20260604_170622,7647812242000,continue,continue,0.2885181605815887,0.2566931247711181,0.0,0.2049918621778488,0.2497967779636383,True,True,False,True,True
test|Edu_3_20260604_170622|7648145575000,Edu,Edu_3_20260604_170622,7648145575000,continue,continue,0.2881644070148468,0.251116931438446,0.0,0.2087067365646362,0.2520119547843933,True,True,False,True,True
test|Edu_3_20260604_170622|7648478908000,Edu,Edu_3_20260604_170622,7648478908000,continue,continue,0.2898828387260437,0.2520032227039337,0.0,0.2076507359743118,0.2504632472991943,True,True,False,True,True
test|Edu_3_20260604_170622|7648812242000,Edu,Edu_3_20260604_170622,7648812242000,continue,continue,0.293900191783905,0.2484168112277984,0.0,0.2078861743211746,0.2497968673706054,True,True,False,True,True
test|Edu_3_20260604_170622|7649145575000,Edu,Edu_3_20260604_170622,7649145575000,continue,continue,0.3090905547142029,0.2430634647607803,0.0,0.2064115107059478,0.2414344996213913,True,True,False,True,True
test|Edu_3_20260604_170622|7649478908000,Edu,Edu_3_20260604_170622,7649478908000,continue,continue,0.328361302614212,0.2412533015012741,0.0,0.2012172043323516,0.2291682213544845,True,True,False,True,True
test|Edu_3_20260604_170622|7649812242000,Edu,Edu_3_20260604_170622,7649812242000,continue,continue,0.3440584242343902,0.2369034886360168,0.0,0.1977893263101577,0.2212487608194351,True,True,False,True,True
test|Edu_3_20260604_170622|7650145575000,Edu,Edu_3_20260604_170622,7650145575000,continue,continue,0.3519343733787536,0.2391203194856643,0.0,0.1994217187166214,0.2095235735177993,True,True,False,True,True
test|Edu_3_20260604_170622|7650478908000,Edu,Edu_3_20260604_170622,7650478908000,continue,continue,0.3571798801422119,0.2440361529588699,0.0,0.1978384852409362,0.200945571064949,True,True,False,True,True
test|Edu_3_20260604_170622|7650812241000,Edu,Edu_3_20260604_170622,7650812241000,continue,continue,0.353213369846344,0.254928320646286,0.0,0.1943586021661758,0.1974996924400329,True,True,False,True,True
test|Edu_3_20260604_170622|7651145575000,Edu,Edu_3_20260604_170622,7651145575000,continue,continue,0.3373044431209564,0.2703203558921814,0.0,0.1943829357624054,0.1979921758174896,True,True,False,True,True
test|Edu_3_20260604_170622|7651478908000,Edu,Edu_3_20260604_170622,7651478908000,continue,continue,0.329221248626709,0.273881584405899,0.0,0.1967763006687164,0.2001208811998367,True,True,False,True,True
test|Edu_3_20260604_170622|7651812241000,Edu,Edu_3_20260604_170622,7651812241000,continue,continue,0.3271911144256592,0.2780638337135315,0.0,0.1969983577728271,0.1977467238903045,True,True,False,True,True
test|Edu_3_20260604_170622|7652145575000,Edu,Edu_3_20260604_170622,7652145575000,continue,continue,0.3325070440769195,0.2736152410507202,0.0,0.1915595382452011,0.2023181915283203,True,True,False,True,True
test|Edu_3_20260604_170622|7652478908000,Edu,Edu_3_20260604_170622,7652478908000,continue,continue,0.3369039893150329,0.2664120495319366,0.0,0.1909670978784561,0.205716848373413,True,True,False,True,True
test|Edu_3_20260604_170622|7652812241000,Edu,Edu_3_20260604_170622,7652812241000,continue,continue,0.3443372249603271,0.2576860189437866,0.0,0.1930909007787704,0.2048858702182769,True,True,False,True,True
test|Edu_3_20260604_170622|7653145575000,Edu,Edu_3_20260604_170622,7653145575000,continue,continue,0.3565682470798492,0.2495562583208084,0.0,0.1899464130401611,0.2039290517568588,True,True,False,True,True
test|Edu_3_20260604_170622|7653478908000,Edu,Edu_3_20260604_170622,7653478908000,continue,continue,0.3625990152359009,0.2481156587600708,0.0,0.1876329034566879,0.2016524672508239,True,True,False,True,True
test|Edu_3_20260604_170622|7653812241000,Edu,Edu_3_20260604_170622,7653812241000,continue,continue,0.3603875041007995,0.2481472194194793,0.0,0.1901365369558334,0.20132876932621,True,True,False,True,True
test|Edu_3_20260604_170622|7654145574000,Edu,Edu_3_20260604_170622,7654145574000,continue,continue,0.3635563552379608,0.2455619871616363,0.0,0.1940548419952392,0.1968268454074859,True,True,False,True,True
test|Edu_3_20260604_170622|7654478908000,Edu,Edu_3_20260604_170622,7654478908000,continue,continue,0.3696286380290985,0.2393344193696975,0.0,0.1999776661396026,0.1910592764616012,True,True,False,True,True
test|Edu_3_20260604_170622|7654812241000,Edu,Edu_3_20260604_170622,7654812241000,continue,continue,0.3659403920173645,0.2375667989253997,0.0,0.2040233612060547,0.1924694925546646,True,True,False,True,True
test|Edu_3_20260604_170622|7655145574000,Edu,Edu_3_20260604_170622,7655145574000,continue,continue,0.3608825206756592,0.235740840435028,0.0,0.2056073546409607,0.1977693140506744,True,True,False,True,True
test|Edu_3_20260604_170622|7655478908000,Edu,Edu_3_20260604_170622,7655478908000,continue,continue,0.3547322154045105,0.2330824732780456,0.0,0.2100518643856048,0.2021334171295166,True,True,False,True,True
test|Edu_3_20260604_170622|7655812241000,Edu,Edu_3_20260604_170622,7655812241000,continue,continue,0.3578133881092071,0.2299880385398864,0.0,0.2101266533136367,0.202071875333786,True,True,False,True,True
test|Edu_3_20260604_170622|7656145574000,Edu,Edu_3_20260604_170622,7656145574000,continue,continue,0.3582257330417633,0.2304019778966903,0.0,0.2013974040746688,0.2099748402833938,True,True,False,True,True
test|Edu_3_20260604_170622|7656478908000,Edu,Edu_3_20260604_170622,7656478908000,continue,continue,0.3559735715389251,0.2289288491010666,0.0,0.1934465914964676,0.221651017665863,True,True,False,True,True
test|Edu_3_20260604_170622|7656812241000,Edu,Edu_3_20260604_170622,7656812241000,continue,continue,0.3446653485298157,0.2277039736509323,0.0,0.1909036636352539,0.2367270290851593,True,True,False,True,True
test|Edu_3_20260604_170622|7657145574000,Edu,Edu_3_20260604_170622,7657145574000,continue,continue,0.3309415578842163,0.2338308095932006,0.0,0.1928829848766327,0.2423446476459503,True,True,False,True,True
test|Edu_3_20260604_170622|7657478907000,Edu,Edu_3_20260604_170622,7657478907000,continue,continue,0.3179794251918793,0.2404393404722213,0.0,0.1964047700166702,0.2451764494180679,True,True,False,True,True
test|Edu_3_20260604_170622|7657812241000,Edu,Edu_3_20260604_170622,7657812241000,continue,continue,0.3100892007350921,0.2474798411130905,0.0,0.1955286562442779,0.2469023466110229,True,True,False,True,True
test|Edu_3_20260604_170622|7658145574000,Edu,Edu_3_20260604_170622,7658145574000,continue,continue,0.3041809201240539,0.254489928483963,0.0,0.1998406648635864,0.241488516330719,True,True,False,True,True
test|Edu_3_20260604_170622|7658478907000,Edu,Edu_3_20260604_170622,7658478907000,continue,continue,0.3054839074611664,0.2621436417102813,0.0,0.2036109119653701,0.2287615239620208,True,True,False,True,True
test|Edu_3_20260604_170622|7658812241000,Edu,Edu_3_20260604_170622,7658812241000,continue,continue,0.321543276309967,0.266362190246582,0.0,0.2041471600532531,0.2079473733901977,True,True,False,True,True
test|Edu_3_20260604_170622|7659145574000,Edu,Edu_3_20260604_170622,7659145574000,continue,continue,0.3343019187450409,0.2624025344848633,0.0,0.2027507573366165,0.2005447596311569,True,True,False,True,True
test|Edu_3_20260604_170622|7659478907000,Edu,Edu_3_20260604_170622,7659478907000,continue,continue,0.3445276319980621,0.2647992968559265,0.0,0.191653311252594,0.1990198045969009,True,True,False,True,True
test|Edu_3_20260604_170622|7659812241000,Edu,Edu_3_20260604_170622,7659812241000,continue,continue,0.3437240421772003,0.2680648565292358,0.0,0.1824211627244949,0.2057899981737136,True,True,False,True,True
test|Edu_3_20260604_170622|7660145574000,Edu,Edu_3_20260604_170622,7660145574000,continue,continue,0.3476314842700958,0.2680625021457672,0.0,0.1760579943656921,0.2082480192184448,True,True,False,True,True
test|Edu_3_20260604_170622|7660478907000,Edu,Edu_3_20260604_170622,7660478907000,continue,continue,0.346087634563446,0.2628501951694488,0.0,0.1765987873077392,0.2144633829593658,True,True,False,True,True
test|Edu_3_20260604_170622|7660812240000,Edu,Edu_3_20260604_170622,7660812240000,continue,continue,0.3359379172325134,0.2539042830467224,0.0,0.1804498434066772,0.2297079414129257,True,True,False,True,True
test|Edu_3_20260604_170622|7661145574000,Edu,Edu_3_20260604_170622,7661145574000,continue,continue,0.3337656557559967,0.2475576698780059,0.0,0.1893899887800216,0.2292867004871368,True,True,False,True,True
test|Edu_3_20260604_170622|7661478907000,Edu,Edu_3_20260604_170622,7661478907000,continue,continue,0.3425202369689941,0.2309714555740356,0.0,0.2005611658096313,0.2259470671415329,True,True,False,True,True
test|Edu_3_20260604_170622|7661812240000,Edu,Edu_3_20260604_170622,7661812240000,continue,continue,0.3624674677848816,0.2149395644664764,0.0,0.2076316028833389,0.2149613797664642,True,True,False,True,True
test|Edu_3_20260604_170622|7662145574000,Edu,Edu_3_20260604_170622,7662145574000,continue,fetch,0.3784450590610504,0.2033510506153106,0.0,0.2168289721012115,0.2013748884201049,True,True,False,True,True
test|Edu_3_20260604_170622|7662478907000,Edu,Edu_3_20260604_170622,7662478907000,fetch,fetch,0.3974853456020355,0.1940334290266037,0.0,0.2169984132051468,0.1914827972650528,True,True,False,True,True
test|Edu_3_20260604_170622|7662812240000,Edu,Edu_3_20260604_170622,7662812240000,fetch,fetch,0.423103779554367,0.1886492520570755,0.0,0.2124401330947876,0.1758068054914474,True,True,False,True,True
test|Edu_3_20260604_170622|7663145573000,Edu,Edu_3_20260604_170622,7663145573000,fetch,fetch,0.4426743984222412,0.1878043264150619,0.0,0.1965297162532806,0.1729915887117386,True,True,False,True,True
test|Edu_3_20260604_170622|7663478907000,Edu,Edu_3_20260604_170622,7663478907000,fetch,fetch,0.4499319493770599,0.1911100000143051,0.0,0.1887959837913513,0.170162096619606,True,True,False,True,True
test|Edu_3_20260604_170622|7663812240000,Edu,Edu_3_20260604_170622,7663812240000,fetch,fetch,0.3926121294498443,0.170632317662239,0.1232812777161598,0.1629587411880493,0.150515541434288,True,True,True,True,True
test|Edu_3_20260604_170622|7664145573000,Edu,Edu_3_20260604_170622,7664145573000,fetch,fetch,0.3921028673648834,0.1754824072122573,0.1174699291586875,0.1609172821044922,0.1540275961160659,True,True,True,True,True
test|Edu_3_20260604_170622|7664478907000,Edu,Edu_3_20260604_170622,7664478907000,fetch,fetch,0.3888724744319916,0.1809233725070953,0.1161647215485572,0.1605772078037262,0.1534622609615326,True,True,True,True,True
test|Edu_3_20260604_170622|7664812240000,Edu,Edu_3_20260604_170622,7664812240000,fetch,fetch,0.3882918357849121,0.1834181398153305,0.1153489872813224,0.1601148247718811,0.1528262346982956,True,True,True,True,True
test|Edu_3_20260604_170622|7665145573000,Edu,Edu_3_20260604_170622,7665145573000,fetch,fetch,0.3882866501808166,0.1813725680112838,0.116042211651802,0.1656690537929535,0.1486295163631439,True,True,True,True,True
test|Edu_3_20260604_170622|7665478907000,Edu,Edu_3_20260604_170622,7665478907000,fetch,fetch,0.3851048946380615,0.1812624633312225,0.1162446439266204,0.169605478644371,0.1477825343608856,True,True,True,True,True
test|Edu_3_20260604_170622|7665812240000,Edu,Edu_3_20260604_170622,7665812240000,fetch,fetch,0.3781898319721222,0.1858454048633575,0.1146204024553299,0.1737767904996872,0.1475676149129867,True,True,True,True,True
test|Edu_3_20260604_170622|7667145573000,Edu,Edu_3_20260604_170622,7667145573000,handover,handover,0.3661095201969147,0.184157133102417,0.1212958768010139,0.1719593554735183,0.1564780920743942,True,True,True,True,True
test|Edu_3_20260604_170622|7667478906000,Edu,Edu_3_20260604_170622,7667478906000,handover,handover,0.3613442778587341,0.1872826665639877,0.1227375641465187,0.1709502190351486,0.157685250043869,True,True,True,True,True
test|Edu_3_20260604_170622|7667812240000,Edu,Edu_3_20260604_170622,7667812240000,handover,handover,0.3579717576503753,0.1966146677732467,0.1240642294287681,0.1641954481601715,0.1571538895368576,True,True,True,True,True
test|Edu_3_20260604_170622|7668145573000,Edu,Edu_3_20260604_170622,7668145573000,handover,handover,0.3474120497703552,0.2158344537019729,0.1239187866449356,0.1597589701414108,0.1530757248401641,True,True,True,True,True
test|Edu_3_20260604_170622|7668478906000,Edu,Edu_3_20260604_170622,7668478906000,handover,handover,0.336542010307312,0.2362638562917709,0.1231491863727569,0.1568239480257034,0.1472209692001342,True,True,True,True,True
test|Edu_3_20260604_170622|7668812240000,Edu,Edu_3_20260604_170622,7668812240000,handover,handover,0.3198500275611877,0.2645159363746643,0.1209110841155052,0.1526988744735717,0.1420240402221679,True,True,True,True,True
test|Edu_3_20260604_170622|7669145573000,Edu,Edu_3_20260604_170622,7669145573000,handover,handover,0.306264728307724,0.2968309819698334,0.1146563366055488,0.1479396671056747,0.1343082189559936,True,True,True,True,True
test|Edu_3_20260604_170622|7669478906000,Edu,Edu_3_20260604_170622,7669478906000,handover,handover,0.2934219539165497,0.3234911262989044,0.1110830828547477,0.1424421370029449,0.1295616924762725,True,True,True,True,True
test|Edu_3_20260604_170622|7669812239000,Edu,Edu_3_20260604_170622,7669812239000,handover,handover,0.2910706996917724,0.3259079158306122,0.1104033514857292,0.1461797058582306,0.1264383941888809,True,True,True,True,True
test|Edu_3_20260604_170622|7670145573000,Edu,Edu_3_20260604_170622,7670145573000,handover,handover,0.2974714338779449,0.3162819743156433,0.1082061678171157,0.1501542329788208,0.1278861910104751,True,True,True,True,True
test|Edu_3_20260604_170622|7670478906000,Edu,Edu_3_20260604_170622,7670478906000,handover,handover,0.3128310441970825,0.2894537448883056,0.1084487959742546,0.1549239456653595,0.1343424469232559,True,True,True,True,True
test|Edu_4_20260604_170837|7779945574000,Edu,Edu_4_20260604_170837,7779945574000,continue,continue,0.2482481449842453,0.3003093302249908,0.0,0.2215639352798462,0.2298785895109176,True,True,False,True,True
test|Edu_4_20260604_170837|7780278907000,Edu,Edu_4_20260604_170837,7780278907000,continue,continue,0.2634908258914947,0.2935431897640228,0.0,0.2205476909875869,0.2224182784557342,True,True,False,True,True
test|Edu_4_20260604_170837|7780612241000,Edu,Edu_4_20260604_170837,7780612241000,continue,continue,0.267569899559021,0.2826712429523468,0.0,0.2253216505050659,0.2244372367858886,True,True,False,True,True
test|Edu_4_20260604_170837|7780945574000,Edu,Edu_4_20260604_170837,7780945574000,continue,continue,0.2767932415008545,0.2725240290164947,0.0,0.227449357509613,0.2232334166765213,True,True,False,True,True
test|Edu_4_20260604_170837|7781278907000,Edu,Edu_4_20260604_170837,7781278907000,continue,continue,0.2802491188049316,0.2676795125007629,0.0,0.2325085997581482,0.2195627838373184,True,True,False,True,True
test|Edu_4_20260604_170837|7781612240000,Edu,Edu_4_20260604_170837,7781612240000,continue,continue,0.2856168448925018,0.2635539770126343,0.0,0.2325391471385955,0.2182900607585907,True,True,False,True,True
test|Edu_4_20260604_170837|7781945574000,Edu,Edu_4_20260604_170837,7781945574000,continue,continue,0.3016912639141083,0.2631299793720245,0.0,0.2209077179431915,0.2142710536718368,True,True,False,True,True
test|Edu_4_20260604_170837|7782278907000,Edu,Edu_4_20260604_170837,7782278907000,continue,continue,0.3196098506450653,0.2571154236793518,0.0,0.2084282636642456,0.2148464769124984,True,True,False,True,True
test|Edu_4_20260604_170837|7782612240000,Edu,Edu_4_20260604_170837,7782612240000,continue,continue,0.3275253772735595,0.2532165944576263,0.0,0.2047067284584045,0.2145512849092483,True,True,False,True,True
test|Edu_4_20260604_170837|7782945574000,Edu,Edu_4_20260604_170837,7782945574000,continue,continue,0.3371205925941467,0.2499860078096389,0.0,0.2030408382415771,0.2098525017499923,True,True,False,True,True
test|Edu_4_20260604_170837|7783278907000,Edu,Edu_4_20260604_170837,7783278907000,continue,continue,0.3475396037101745,0.2520630359649658,0.0,0.1982284784317016,0.2021688520908355,True,True,False,True,True
test|Edu_4_20260604_170837|7783612240000,Edu,Edu_4_20260604_170837,7783612240000,continue,continue,0.3475910723209381,0.258877545595169,0.0,0.1939025372266769,0.1996288448572158,True,True,False,True,True
test|Edu_4_20260604_170837|7783945574000,Edu,Edu_4_20260604_170837,7783945574000,continue,continue,0.346213698387146,0.2696630656719208,0.0,0.1839271336793899,0.2001961171627044,True,True,False,True,True
test|Edu_4_20260604_170837|7784278907000,Edu,Edu_4_20260604_170837,7784278907000,continue,continue,0.3476764559745788,0.2689942121505737,0.0,0.1811127513647079,0.2022166401147842,True,True,False,True,True
test|Edu_4_20260604_170837|7784612240000,Edu,Edu_4_20260604_170837,7784612240000,continue,continue,0.3506717383861542,0.2644646465778351,0.0,0.1820183396339416,0.2028453201055526,True,True,False,True,True
test|Edu_4_20260604_170837|7784945573000,Edu,Edu_4_20260604_170837,7784945573000,continue,continue,0.3432439267635345,0.2599744200706482,0.0,0.1885831505060196,0.20819853246212,True,True,False,True,True
test|Edu_4_20260604_170837|7785278907000,Edu,Edu_4_20260604_170837,7785278907000,continue,continue,0.3375216722488403,0.2556963264942169,0.0,0.1931968927383422,0.2135851383209228,True,True,False,True,True
test|Edu_4_20260604_170837|7785612240000,Edu,Edu_4_20260604_170837,7785612240000,continue,continue,0.3388981223106384,0.2527820169925689,0.0,0.1958309113979339,0.212488979101181,True,True,False,True,True
test|Edu_4_20260604_170837|7785945573000,Edu,Edu_4_20260604_170837,7785945573000,continue,continue,0.3392192721366882,0.2489495128393173,0.0,0.200154960155487,0.2116762697696685,True,True,False,True,True
test|Edu_4_20260604_170837|7786278907000,Edu,Edu_4_20260604_170837,7786278907000,continue,continue,0.3320512473583221,0.2507901191711426,0.0,0.2063910365104675,0.2107675373554229,True,True,False,True,True
test|Edu_4_20260604_170837|7786612240000,Edu,Edu_4_20260604_170837,7786612240000,continue,continue,0.3279954493045807,0.2527153193950653,0.0,0.2066412568092346,0.2126480638980865,True,True,False,True,True
test|Edu_4_20260604_170837|7786945573000,Edu,Edu_4_20260604_170837,7786945573000,continue,continue,0.3358533978462219,0.255005270242691,0.0,0.1990823745727539,0.2100589424371719,True,True,False,True,True
test|Edu_4_20260604_170837|7787278907000,Edu,Edu_4_20260604_170837,7787278907000,continue,continue,0.3363837599754333,0.2624063193798065,0.0,0.1889515817165374,0.2122583538293838,True,True,False,True,True
test|Edu_4_20260604_170837|7787612240000,Edu,Edu_4_20260604_170837,7787612240000,continue,continue,0.3283741176128387,0.271379292011261,0.0,0.1819096058607101,0.2183369696140289,True,True,False,True,True
test|Edu_4_20260604_170837|7787945573000,Edu,Edu_4_20260604_170837,7787945573000,continue,continue,0.3173122406005859,0.2797219455242157,0.0,0.1801943182945251,0.2227714359760284,True,True,False,True,True
test|Edu_4_20260604_170837|7788278906000,Edu,Edu_4_20260604_170837,7788278906000,continue,continue,0.3119783699512481,0.2858634889125824,0.0,0.1786675602197647,0.2234905511140823,True,True,False,True,True
test|Edu_4_20260604_170837|7788612240000,Edu,Edu_4_20260604_170837,7788612240000,continue,continue,0.2974723875522613,0.2947147488594055,0.0,0.1773234158754348,0.2304894477128982,True,True,False,True,True
test|Edu_4_20260604_170837|7788945573000,Edu,Edu_4_20260604_170837,7788945573000,continue,continue,0.2762930393218994,0.3032886087894439,0.0,0.1800744533538818,0.2403439134359359,True,True,False,True,True
test|Edu_4_20260604_170837|7789278906000,Edu,Edu_4_20260604_170837,7789278906000,continue,continue,0.2592466473579407,0.3076248168945312,0.0,0.1945875436067581,0.2385409921407699,True,True,False,True,True
test|Edu_4_20260604_170837|7789612240000,Edu,Edu_4_20260604_170837,7789612240000,continue,continue,0.2524079382419586,0.3038586974143982,0.0,0.2064027637243271,0.2373305559158325,True,True,False,True,True
test|Edu_4_20260604_170837|7789945573000,Edu,Edu_4_20260604_170837,7789945573000,continue,continue,0.2473615258932113,0.2903443276882171,0.0,0.2226008921861648,0.2396932244300842,True,True,False,True,True
test|Edu_4_20260604_170837|7790278906000,Edu,Edu_4_20260604_170837,7790278906000,continue,continue,0.2397512197494506,0.2788027822971344,0.0,0.2361976653337478,0.2452483773231506,True,True,False,True,True
test|Edu_4_20260604_170837|7790612240000,Edu,Edu_4_20260604_170837,7790612240000,continue,continue,0.2401498556137085,0.2737748324871063,0.0,0.2517485618591308,0.2343267053365707,True,True,False,True,True
test|Edu_4_20260604_170837|7790945573000,Edu,Edu_4_20260604_170837,7790945573000,continue,continue,0.250331848859787,0.2724947333335876,0.0,0.2463188171386718,0.2308546006679535,True,True,False,True,True
test|Edu_4_20260604_170837|7791278906000,Edu,Edu_4_20260604_170837,7791278906000,continue,continue,0.2676583230495453,0.2681472599506378,0.0,0.2358399927616119,0.2283544540405273,True,True,False,True,True
test|Edu_4_20260604_170837|7791612239000,Edu,Edu_4_20260604_170837,7791612239000,continue,continue,0.2842120230197906,0.2589657008647918,0.0,0.2278895229101181,0.2289326936006546,True,True,False,True,True
test|Edu_4_20260604_170837|7791945573000,Edu,Edu_4_20260604_170837,7791945573000,continue,continue,0.2993143200874328,0.2535933554172516,0.0,0.2170582711696624,0.230034053325653,True,True,False,True,True
test|Edu_4_20260604_170837|7792278906000,Edu,Edu_4_20260604_170837,7792278906000,continue,continue,0.3109854757785797,0.2468418627977371,0.0,0.2143251001834869,0.2278475612401962,True,True,False,True,True
test|Edu_4_20260604_170837|7792612239000,Edu,Edu_4_20260604_170837,7792612239000,continue,continue,0.3157489001750946,0.2361828684806823,0.0,0.2115597426891327,0.2365085333585739,True,True,False,True,True
test|Edu_4_20260604_170837|7792945573000,Edu,Edu_4_20260604_170837,7792945573000,continue,continue,0.3179605901241302,0.2268466502428054,0.0,0.2157317996025085,0.2394610047340393,True,True,False,True,True
test|Edu_4_20260604_170837|7793278906000,Edu,Edu_4_20260604_170837,7793278906000,continue,continue,0.324614554643631,0.223963975906372,0.0,0.2152854949235916,0.2361359596252441,True,True,False,True,True
test|Edu_4_20260604_170837|7793612239000,Edu,Edu_4_20260604_170837,7793612239000,continue,continue,0.3311156928539276,0.2258827984333038,0.0,0.2091312110424041,0.2338703274726867,True,True,False,True,True
test|Edu_4_20260604_170837|7793945573000,Edu,Edu_4_20260604_170837,7793945573000,continue,continue,0.3364615142345428,0.2268755882978439,0.0,0.2096429467201233,0.2270200103521347,True,True,False,True,True
test|Edu_4_20260604_170837|7794278906000,Edu,Edu_4_20260604_170837,7794278906000,continue,continue,0.3374554216861725,0.232082262635231,0.0,0.2042451202869415,0.2262171655893325,True,True,False,True,True
test|Edu_4_20260604_170837|7794612239000,Edu,Edu_4_20260604_170837,7794612239000,continue,continue,0.3325144052505493,0.2414447218179702,0.0,0.2017768621444702,0.2242640554904937,True,True,False,True,True
test|Edu_4_20260604_170837|7794945572000,Edu,Edu_4_20260604_170837,7794945572000,continue,continue,0.3243685960769653,0.2507066130638122,0.0,0.2051250338554382,0.2197997123003006,True,True,False,True,True
test|Edu_4_20260604_170837|7795278906000,Edu,Edu_4_20260604_170837,7795278906000,continue,continue,0.3178007304668426,0.2538356184959411,0.0,0.2048597782850265,0.2235038429498672,True,True,False,True,True
test|Edu_4_20260604_170837|7795612239000,Edu,Edu_4_20260604_170837,7795612239000,continue,continue,0.3067321479320526,0.2540901601314544,0.0,0.2098933607339859,0.2292843610048294,True,True,False,True,True
test|Edu_4_20260604_170837|7795945572000,Edu,Edu_4_20260604_170837,7795945572000,continue,continue,0.2954359948635101,0.2553762793540954,0.0,0.2136377096176147,0.235550045967102,True,True,False,True,True
test|Edu_4_20260604_170837|7796278906000,Edu,Edu_4_20260604_170837,7796278906000,continue,continue,0.2907124161720276,0.2597166001796722,0.0,0.2159975618124008,0.2335734367370605,True,True,False,True,True
test|Edu_4_20260604_170837|7796612239000,Edu,Edu_4_20260604_170837,7796612239000,continue,continue,0.285846471786499,0.2643765211105346,0.0,0.2190356850624084,0.2307413071393966,True,True,False,True,True
test|Edu_4_20260604_170837|7796945572000,Edu,Edu_4_20260604_170837,7796945572000,continue,continue,0.2868523895740509,0.2667730450630188,0.0,0.2174592167139053,0.2289153635501861,True,True,False,True,True
test|Edu_4_20260604_170837|7797278906000,Edu,Edu_4_20260604_170837,7797278906000,continue,continue,0.2901183664798736,0.2630862593650818,0.0,0.2212027907371521,0.225592628121376,True,True,False,True,True
test|Edu_4_20260604_170837|7797612239000,Edu,Edu_4_20260604_170837,7797612239000,continue,continue,0.3011069893836975,0.2574750185012817,0.0,0.2181634753942489,0.2232545167207718,True,True,False,True,True
test|Edu_4_20260604_170837|7797945572000,Edu,Edu_4_20260604_170837,7797945572000,continue,continue,0.3156792223453522,0.2498566955327987,0.0,0.2148672342300415,0.2195968329906463,True,True,False,True,True
test|Edu_4_20260604_170837|7798278905000,Edu,Edu_4_20260604_170837,7798278905000,continue,continue,0.3314762413501739,0.2370699644088745,0.0,0.213935449719429,0.2175184190273285,True,True,False,True,True
test|Edu_4_20260604_170837|7798612239000,Edu,Edu_4_20260604_170837,7798612239000,continue,continue,0.3491067588329315,0.2271965891122818,0.0,0.2088956534862518,0.2148010432720184,True,True,False,True,True
test|Edu_4_20260604_170837|7798945572000,Edu,Edu_4_20260604_170837,7798945572000,continue,continue,0.369536817073822,0.2225795239210128,0.0,0.1963753551244735,0.2115082740783691,True,True,False,True,True
test|Edu_4_20260604_170837|7799278905000,Edu,Edu_4_20260604_170837,7799278905000,continue,continue,0.3720958530902862,0.224933922290802,0.0,0.186410903930664,0.2165592908859253,True,True,False,True,True
test|Edu_4_20260604_170837|7799612239000,Edu,Edu_4_20260604_170837,7799612239000,continue,continue,0.3564033806324005,0.237953245639801,0.0,0.1887713223695755,0.2168720364570617,True,True,False,True,True
test|Edu_4_20260604_170837|7799945572000,Edu,Edu_4_20260604_170837,7799945572000,continue,continue,0.3336049318313598,0.2524354159832001,0.0,0.191270425915718,0.222689151763916,True,True,False,True,True
test|Edu_4_20260604_170837|7800278905000,Edu,Edu_4_20260604_170837,7800278905000,continue,continue,0.3117577731609344,0.2742824256420135,0.0,0.1892941445112228,0.2246656268835067,True,True,False,True,True
test|Edu_4_20260604_170837|7800612239000,Edu,Edu_4_20260604_170837,7800612239000,continue,continue,0.2942650318145752,0.2918768525123596,0.0,0.1896823197603225,0.2241758406162262,True,True,False,True,True
test|Edu_4_20260604_170837|7800945572000,Edu,Edu_4_20260604_170837,7800945572000,continue,continue,0.2799020409584045,0.293682187795639,0.0,0.2006860375404358,0.2257297337055206,True,True,False,True,True
test|Edu_4_20260604_170837|7801278905000,Edu,Edu_4_20260604_170837,7801278905000,continue,continue,0.2812531888484955,0.2810957431793213,0.0,0.2178846448659896,0.2197663784027099,True,True,False,True,True
test|Edu_4_20260604_170837|7801612238000,Edu,Edu_4_20260604_170837,7801612238000,continue,continue,0.3050508201122284,0.257080078125,0.0,0.2245329171419143,0.213336244225502,True,True,False,True,True
test|Edu_4_20260604_170837|7801945572000,Edu,Edu_4_20260604_170837,7801945572000,continue,continue,0.3409584164619446,0.2351710647344589,0.0,0.2174074053764343,0.2064630687236786,True,True,False,True,True
test|Edu_4_20260604_170837|7802278905000,Edu,Edu_4_20260604_170837,7802278905000,fetch,fetch,0.3716564774513244,0.2138928920030594,0.0,0.2183155417442321,0.1961350440979004,True,True,False,True,True
test|Edu_4_20260604_170837|7802612238000,Edu,Edu_4_20260604_170837,7802612238000,fetch,fetch,0.4016455709934234,0.2021752297878265,0.0,0.2088132947683334,0.1873658895492553,True,True,False,True,True
test|Edu_4_20260604_170837|7802945572000,Edu,Edu_4_20260604_170837,7802945572000,fetch,fetch,0.4309240877628326,0.1959252506494522,0.0,0.1998558640480041,0.1732947379350662,True,True,False,True,True
test|Edu_4_20260604_170837|7803278905000,Edu,Edu_4_20260604_170837,7803278905000,fetch,fetch,0.4461468458175659,0.1967538893222808,0.0,0.1914909183979034,0.1656083166599273,True,True,False,True,True
test|Edu_4_20260604_170837|7803612238000,Edu,Edu_4_20260604_170837,7803612238000,fetch,fetch,0.4467604458332062,0.2014636397361755,0.0,0.1856060326099395,0.1661699265241623,True,True,False,True,True
test|Edu_4_20260604_170837|7803945572000,Edu,Edu_4_20260604_170837,7803945572000,fetch,fetch,0.4439545273780823,0.2032094299793243,0.0,0.1852212399244308,0.1676148325204849,True,True,False,True,True
test|Edu_4_20260604_170837|7804278905000,Edu,Edu_4_20260604_170837,7804278905000,fetch,fetch,0.4464162290096283,0.2045205533504486,0.0,0.1833370327949524,0.1657261848449707,True,True,False,True,True
test|Edu_4_20260604_170837|7804612238000,Edu,Edu_4_20260604_170837,7804612238000,fetch,fetch,0.4474389553070068,0.2066272944211959,0.0,0.1847380697727203,0.1611956357955932,True,True,False,True,True
test|Edu_4_20260604_170837|7804945571000,Edu,Edu_4_20260604_170837,7804945571000,fetch,fetch,0.4456242024898529,0.2120055854320526,0.0,0.1823121309280395,0.1600581109523773,True,True,False,True,True
test|Edu_4_20260604_170837|7805278905000,Edu,Edu_4_20260604_170837,7805278905000,fetch,fetch,0.4423063993453979,0.2136944532394409,0.0,0.1831209808588028,0.1608782112598419,True,True,False,True,True
test|Edu_4_20260604_170837|7805612238000,Edu,Edu_4_20260604_170837,7805612238000,fetch,fetch,0.4408213496208191,0.2095321267843246,0.0,0.1895804405212402,0.1600660532712936,True,True,False,True,True
test|Edu_4_20260604_170837|7805945571000,Edu,Edu_4_20260604_170837,7805945571000,fetch,fetch,0.4370027482509613,0.2089206278324127,0.0,0.1961772143840789,0.1578993648290634,True,True,False,True,True
test|Edu_4_20260604_170837|7806278905000,Edu,Edu_4_20260604_170837,7806278905000,fetch,fetch,0.4306228458881378,0.2104812115430832,0.0,0.1965755969285965,0.1623203605413437,True,True,False,True,True
test|Edu_4_20260604_170837|7806612238000,Edu,Edu_4_20260604_170837,7806612238000,fetch,fetch,0.4255792498588562,0.210679829120636,0.0,0.1979283094406128,0.165812537074089,True,True,False,True,True
test|Edu_4_20260604_170837|7807612238000,Edu,Edu_4_20260604_170837,7807612238000,handover,fetch,0.4190732538700104,0.2130993455648422,0.0,0.1979177892208099,0.1699096411466598,True,True,False,True,True
test|Edu_4_20260604_170837|7807945571000,Edu,Edu_4_20260604_170837,7807945571000,handover,handover,0.413589596748352,0.2190416306257248,0.0,0.1991078555583953,0.168260857462883,True,True,False,True,True
test|Edu_4_20260604_170837|7808278904000,Edu,Edu_4_20260604_170837,7808278904000,handover,handover,0.4068816304206848,0.2365802079439163,0.0,0.1914966702461242,0.1650414764881134,True,True,False,True,True
test|Edu_4_20260604_170837|7808612238000,Edu,Edu_4_20260604_170837,7808612238000,handover,handover,0.394419401884079,0.260261058807373,0.0,0.1833765655755996,0.1619430035352707,True,True,False,True,True
test|Edu_4_20260604_170837|7808945571000,Edu,Edu_4_20260604_170837,7808945571000,handover,handover,0.374419629573822,0.2870723009109497,0.0,0.1797662526369094,0.1587418615818023,True,True,False,True,True
test|Edu_4_20260604_170837|7809278904000,Edu,Edu_4_20260604_170837,7809278904000,handover,handover,0.3547880947589874,0.3182350099086761,0.0,0.1700327694416046,0.1569441258907318,True,True,False,True,True
test|Edu_4_20260604_170837|7809612238000,Edu,Edu_4_20260604_170837,7809612238000,handover,handover,0.3345464468002319,0.3509128093719482,0.0,0.1612788587808609,0.1532618552446365,True,True,False,True,True
test|Edu_4_20260604_170837|7809945571000,Edu,Edu_4_20260604_170837,7809945571000,handover,handover,0.314278781414032,0.3802319467067718,0.0,0.1522565335035324,0.1532327383756637,True,True,False,True,True
test|Edu_4_20260604_170837|7810278904000,Edu,Edu_4_20260604_170837,7810278904000,handover,handover,0.2804901897907257,0.3539384305477142,0.0837689936161041,0.1399436444044113,0.141858771443367,True,True,True,True,True
test|Edu_4_20260604_170837|7810612238000,Edu,Edu_4_20260604_170837,7810612238000,handover,handover,0.2828195095062256,0.3526039719581604,0.0812843739986419,0.1410401165485382,0.1422519981861114,True,True,True,True,True
test|Edu_4_20260604_170837|7810945571000,Edu,Edu_4_20260604_170837,7810945571000,handover,handover,0.2891494035720825,0.345974713563919,0.0797431468963623,0.1393107026815414,0.1458220481872558,True,True,True,True,True
test|Edu_4_20260604_170837|7811278904000,Edu,Edu_4_20260604_170837,7811278904000,handover,handover,0.304686963558197,0.3202250003814697,0.0843039602041244,0.1443626582622528,0.1464214324951172,True,True,True,True,True
test|Edu_4_20260604_170837|7811612237000,Edu,Edu_4_20260604_170837,7811612237000,handover,handover,0.3249241709709167,0.2933543920516968,0.0884221121668815,0.1486886441707611,0.1446106880903244,True,True,True,True,True
test|Edu_5_20260604_170944|7846612240000,Edu,Edu_5_20260604_170944,7846612240000,continue,continue,0.3322783708572387,0.2134116291999817,0.1197797507047653,0.1600081771612167,0.1745220273733139,True,True,True,True,True
test|Edu_5_20260604_170944|7846945573000,Edu,Edu_5_20260604_170944,7846945573000,continue,continue,0.327554851770401,0.2045215666294098,0.1223647072911262,0.1588165611028671,0.1867423057556152,True,True,True,True,True
test|Edu_5_20260604_170944|7847278906000,Edu,Edu_5_20260604_170944,7847278906000,continue,continue,0.3168582022190094,0.1992494165897369,0.1239503249526023,0.1630738675594329,0.19686821103096,True,True,True,True,True
test|Edu_5_20260604_170944|7847612239000,Edu,Edu_5_20260604_170944,7847612239000,continue,continue,0.3102763891220093,0.1983348578214645,0.1233109682798385,0.1641238629817962,0.2039538472890854,True,True,True,True,True
test|Edu_5_20260604_170944|7847945573000,Edu,Edu_5_20260604_170944,7847945573000,continue,continue,0.2992929518222809,0.2053209245204925,0.123295210301876,0.1629301309585571,0.2091608196496963,True,True,True,True,True
test|Edu_5_20260604_170944|7848278906000,Edu,Edu_5_20260604_170944,7848278906000,continue,continue,0.2914970517158508,0.2093177735805511,0.1227992549538612,0.1643635034561157,0.2120224684476852,True,True,True,True,True
test|Edu_5_20260604_170944|7848612239000,Edu,Edu_5_20260604_170944,7848612239000,continue,continue,0.2907014489173889,0.2122794687747955,0.1235849633812904,0.1611914187669754,0.2122426480054855,True,True,True,True,True
test|Edu_5_20260604_170944|7848945573000,Edu,Edu_5_20260604_170944,7848945573000,continue,continue,0.2874573171138763,0.2114845812320709,0.1226428970694542,0.1655290722846985,0.2128861546516418,True,True,True,True,True
test|Edu_5_20260604_170944|7849278906000,Edu,Edu_5_20260604_170944,7849278906000,continue,continue,0.2908824384212494,0.2111149430274963,0.1212059259414672,0.1651552468538284,0.2116414606571197,True,True,True,True,True
test|Edu_5_20260604_170944|7849612239000,Edu,Edu_5_20260604_170944,7849612239000,continue,continue,0.2933496236801147,0.2097117751836776,0.125628262758255,0.1646865904331207,0.2066237032413482,True,True,True,True,True
test|Edu_5_20260604_170944|7849945572000,Edu,Edu_5_20260604_170944,7849945572000,continue,continue,0.2894559502601623,0.2046480625867843,0.1304174810647964,0.1679017096757888,0.2075767964124679,True,True,True,True,True
test|Edu_5_20260604_170944|7850278906000,Edu,Edu_5_20260604_170944,7850278906000,continue,continue,0.289311796426773,0.2028131037950515,0.134114384651184,0.1643988937139511,0.2093618065118789,True,True,True,True,True
test|Edu_5_20260604_170944|7850612239000,Edu,Edu_5_20260604_170944,7850612239000,continue,continue,0.2838335335254669,0.2045814990997314,0.1423441618680954,0.1682502776384353,0.2009905129671096,True,True,True,True,True
test|Edu_5_20260604_170944|7850945572000,Edu,Edu_5_20260604_170944,7850945572000,continue,continue,0.2815578877925873,0.2057287842035293,0.1489646434783935,0.1734378784894943,0.190310850739479,True,True,True,True,True
test|Edu_5_20260604_170944|7851278906000,Edu,Edu_5_20260604_170944,7851278906000,continue,continue,0.2797093689441681,0.2077453285455703,0.1577185839414596,0.1697286665439605,0.1850980818271637,True,True,True,True,True
test|Edu_5_20260604_170944|7851612239000,Edu,Edu_5_20260604_170944,7851612239000,continue,continue,0.2806840538978576,0.212342694401741,0.1536215990781784,0.1724481880664825,0.1809034645557403,True,True,True,True,True
test|Edu_5_20260604_170944|7851945572000,Edu,Edu_5_20260604_170944,7851945572000,continue,continue,0.2901791036128998,0.2189718335866928,0.1484034955501556,0.1684147119522094,0.1740308701992035,True,True,True,True,True
test|Edu_5_20260604_170944|7852278906000,Edu,Edu_5_20260604_170944,7852278906000,continue,continue,0.2955471575260162,0.2241457551717758,0.1511969268321991,0.166760966181755,0.1623491644859314,True,True,True,True,True
test|Edu_5_20260604_170944|7852612239000,Edu,Edu_5_20260604_170944,7852612239000,continue,continue,0.2985439598560333,0.2244892716407776,0.1494369804859161,0.1649146825075149,0.162615105509758,True,True,True,True,True
test|Edu_5_20260604_170944|7852945572000,Edu,Edu_5_20260604_170944,7852945572000,continue,continue,0.3065501153469085,0.2292850315570831,0.1443794071674347,0.1530841886997223,0.1667012423276901,True,True,True,True,True
test|Edu_5_20260604_170944|7853278905000,Edu,Edu_5_20260604_170944,7853278905000,continue,continue,0.3069329559803009,0.2407684326171875,0.1342498958110809,0.1485254913568496,0.169523224234581,True,True,True,True,True
test|Edu_5_20260604_170944|7853612239000,Edu,Edu_5_20260604_170944,7853612239000,continue,continue,0.293639063835144,0.2516015768051147,0.1370827257633209,0.1458788067102432,0.171797826886177,True,True,True,True,True
test|Edu_5_20260604_170944|7853945572000,Edu,Edu_5_20260604_170944,7853945572000,continue,continue,0.2726543545722961,0.257150262594223,0.1393592357635498,0.1467317193746566,0.1841044574975967,True,True,True,True,True
test|Edu_5_20260604_170944|7854278905000,Edu,Edu_5_20260604_170944,7854278905000,continue,continue,0.2533969581127167,0.2573393881320953,0.1342238336801529,0.1528964042663574,0.202143445611,True,True,True,True,True
test|Edu_5_20260604_170944|7854612239000,Edu,Edu_5_20260604_170944,7854612239000,continue,continue,0.2373299449682235,0.2573428153991699,0.1329407095909118,0.1573507189750671,0.2150358408689499,True,True,True,True,True
test|Edu_5_20260604_170944|7854945572000,Edu,Edu_5_20260604_170944,7854945572000,continue,continue,0.2268217653036117,0.2560919821262359,0.1313094496726989,0.1669012308120727,0.2188755869865417,True,True,True,True,True
test|Edu_5_20260604_170944|7855278905000,Edu,Edu_5_20260604_170944,7855278905000,continue,continue,0.2211211174726486,0.2518033981323242,0.131828024983406,0.1808499693870544,0.2143974900245666,True,True,True,True,True
test|Edu_5_20260604_170944|7855612239000,Edu,Edu_5_20260604_170944,7855612239000,continue,continue,0.2142438441514969,0.2461832612752914,0.1377271264791488,0.1949540376663208,0.2068917751312255,True,True,True,True,True
test|Edu_5_20260604_170944|7855945572000,Edu,Edu_5_20260604_170944,7855945572000,continue,continue,0.2156729996204376,0.240777775645256,0.1479551941156387,0.2002702355384826,0.1953238099813461,True,True,True,True,True
test|Edu_5_20260604_170944|7856278905000,Edu,Edu_5_20260604_170944,7856278905000,continue,continue,0.2293984144926071,0.2400884330272674,0.1602405458688736,0.1885735243558883,0.1816990822553634,True,True,True,True,True
test|Edu_5_20260604_170944|7856612238000,Edu,Edu_5_20260604_170944,7856612238000,continue,continue,0.2452406585216522,0.232915386557579,0.1731448918581009,0.1814472079277038,0.1672518104314804,True,True,True,True,True
test|Edu_5_20260604_170944|7856945572000,Edu,Edu_5_20260604_170944,7856945572000,continue,continue,0.2582224011421203,0.2289196699857711,0.1950437128543853,0.1614101529121399,0.156404048204422,True,True,True,True,True
test|Edu_5_20260604_170944|7857278905000,Edu,Edu_5_20260604_170944,7857278905000,continue,continue,0.2690147459506988,0.2261613756418228,0.2059416025876999,0.1476849764585495,0.1511972993612289,True,True,True,True,True
test|Edu_5_20260604_170944|7857612238000,Edu,Edu_5_20260604_170944,7857612238000,continue,continue,0.2770885229110718,0.2278647422790527,0.1945635229349136,0.1467538625001907,0.1537293046712875,True,True,True,True,True
test|Edu_5_20260604_170944|7857945572000,Edu,Edu_5_20260604_170944,7857945572000,continue,continue,0.2788101434707641,0.2313925921916961,0.184876412153244,0.1506707817316055,0.1542500704526901,True,True,True,True,True
test|Edu_5_20260604_170944|7858278905000,Edu,Edu_5_20260604_170944,7858278905000,continue,continue,0.2705833315849304,0.2346806079149246,0.1802412569522857,0.1558463275432586,0.1586484760046005,True,True,True,True,True
test|Edu_5_20260604_170944|7858612238000,Edu,Edu_5_20260604_170944,7858612238000,continue,continue,0.2628979980945587,0.2446228265762329,0.1752544194459915,0.1546802371740341,0.1625445336103439,True,True,True,True,True
test|Edu_5_20260604_170944|7858945572000,Edu,Edu_5_20260604_170944,7858945572000,continue,continue,0.2613253891468048,0.2498102039098739,0.1646007746458053,0.1589505225419998,0.1653130799531936,True,True,True,True,True
test|Edu_5_20260604_170944|7859278905000,Edu,Edu_5_20260604_170944,7859278905000,continue,continue,0.2542751431465149,0.2559961974620819,0.162163034081459,0.1570754051208496,0.1704902648925781,True,True,True,True,True
test|Edu_5_20260604_170944|7859612238000,Edu,Edu_5_20260604_170944,7859612238000,continue,continue,0.2456424236297607,0.2569568455219269,0.1693184822797775,0.1503093540668487,0.1777729243040084,True,True,True,True,True
test|Edu_5_20260604_170944|7859945571000,Edu,Edu_5_20260604_170944,7859945571000,continue,continue,0.2345483005046844,0.2613695859909057,0.1721220165491104,0.1475140899419784,0.1844459772109985,True,True,True,True,True
test|Edu_5_20260604_170944|7860278905000,Edu,Edu_5_20260604_170944,7860278905000,continue,continue,0.226647600531578,0.2641828656196594,0.1732397228479385,0.1446290016174316,0.1913007944822311,True,True,True,True,True
test|Edu_5_20260604_170944|7860612238000,Edu,Edu_5_20260604_170944,7860612238000,continue,continue,0.2167380154132843,0.2662906944751739,0.1690198332071304,0.1432387977838516,0.2047126740217209,True,True,True,True,True
test|Edu_5_20260604_170944|7860945571000,Edu,Edu_5_20260604_170944,7860945571000,continue,continue,0.203901320695877,0.2665242552757263,0.1651096194982528,0.1468909978866577,0.2175738215446472,True,True,True,True,True
test|Edu_5_20260604_170944|7861278905000,Edu,Edu_5_20260604_170944,7861278905000,continue,continue,0.1976923942565918,0.265659898519516,0.1603536009788513,0.1526936143636703,0.2236004918813705,True,True,True,True,True
test|Edu_5_20260604_170944|7861612238000,Edu,Edu_5_20260604_170944,7861612238000,continue,continue,0.2013936936855316,0.2641379237174988,0.1506808251142501,0.1557627767324447,0.2280247658491134,True,True,True,True,True
test|Edu_5_20260604_170944|7861945571000,Edu,Edu_5_20260604_170944,7861945571000,continue,continue,0.2017169743776321,0.2682625949382782,0.1418567448854446,0.1559384167194366,0.2322253286838531,True,True,True,True,True
test|Edu_5_20260604_170944|7862278905000,Edu,Edu_5_20260604_170944,7862278905000,continue,continue,0.2006609737873077,0.266315758228302,0.1364588439464569,0.1588365286588668,0.2377278953790664,True,True,True,True,True
test|Edu_5_20260604_170944|7862612238000,Edu,Edu_5_20260604_170944,7862612238000,continue,continue,0.2002878040075302,0.2572380304336548,0.1306094974279403,0.1786004602909088,0.2332641929388046,True,True,True,True,True
test|Edu_5_20260604_170944|7862945571000,Edu,Edu_5_20260604_170944,7862945571000,continue,continue,0.2045692503452301,0.2554630041122436,0.1222054958343505,0.1917011886835098,0.2260610312223434,True,True,True,True,True
test|Edu_5_20260604_170944|7863278904000,Edu,Edu_5_20260604_170944,7863278904000,continue,continue,0.2197310924530029,0.2482482194900512,0.1232628598809242,0.1923959702253341,0.2163618952035904,True,True,True,True,True
test|Edu_5_20260604_170944|7863612238000,Edu,Edu_5_20260604_170944,7863612238000,continue,continue,0.2374632507562637,0.2375911772251129,0.1278255879878997,0.185104951262474,0.2120150327682495,True,True,True,True,True
test|Edu_5_20260604_170944|7863945571000,Edu,Edu_5_20260604_170944,7863945571000,continue,continue,0.2600661218166351,0.2202355116605758,0.1361469477415084,0.182671919465065,0.2008794248104095,True,True,True,True,True
test|Edu_5_20260604_170944|7864278904000,Edu,Edu_5_20260604_170944,7864278904000,continue,continue,0.2799293398857116,0.2106447070837021,0.1453746259212494,0.1845990717411041,0.1794522553682327,True,True,True,True,True
test|Edu_5_20260604_170944|7864612238000,Edu,Edu_5_20260604_170944,7864612238000,continue,continue,0.2924080193042755,0.2114508301019668,0.1537543833255767,0.172135517001152,0.1702512502670288,True,True,True,True,True
test|Edu_5_20260604_170944|7864945571000,Edu,Edu_5_20260604_170944,7864945571000,continue,continue,0.2941892147064209,0.205783262848854,0.168862298130989,0.1647542268037796,0.1664109826087951,True,True,True,True,True
test|Edu_5_20260604_170944|7865278904000,Edu,Edu_5_20260604_170944,7865278904000,continue,continue,0.2936275899410248,0.2058937400579452,0.1751431375741958,0.1586265116930008,0.1667090952396392,True,True,True,True,True
test|Edu_5_20260604_170944|7865612238000,Edu,Edu_5_20260604_170944,7865612238000,continue,continue,0.2940897047519684,0.2117071598768234,0.172281414270401,0.1528550237417221,0.1690667122602462,True,True,True,True,True
test|Edu_5_20260604_170944|7865945571000,Edu,Edu_5_20260604_170944,7865945571000,continue,continue,0.2868415117263794,0.2182210683822631,0.1666127294301986,0.1506104320287704,0.1777142733335495,True,True,True,True,True
test|Edu_5_20260604_170944|7866278904000,Edu,Edu_5_20260604_170944,7866278904000,continue,continue,0.27512326836586,0.2238192558288574,0.1582038104534149,0.1508837789297104,0.1919699311256408,True,True,True,True,True
test|Edu_5_20260604_170944|7866612237000,Edu,Edu_5_20260604_170944,7866612237000,continue,continue,0.2665664851665497,0.2247236371040344,0.1511342823505401,0.1581658124923706,0.1994098275899887,True,True,True,True,True
test|Edu_5_20260604_170944|7866945571000,Edu,Edu_5_20260604_170944,7866945571000,continue,continue,0.2624813616275787,0.22882941365242,0.1418981999158859,0.1690133810043335,0.1977776437997818,True,True,True,True,True
test|Edu_5_20260604_170944|7867278904000,Edu,Edu_5_20260604_170944,7867278904000,continue,continue,0.2584114968776703,0.2295885384082794,0.1365306824445724,0.1858380734920501,0.1896311789751052,True,True,True,True,True
test|Edu_5_20260604_170944|7867612237000,Edu,Edu_5_20260604_170944,7867612237000,continue,continue,0.2544180452823639,0.2262814939022064,0.139929324388504,0.198035329580307,0.181335762143135,True,True,True,True,True
test|Edu_5_20260604_170944|7867945571000,Edu,Edu_5_20260604_170944,7867945571000,continue,fetch,0.2648752927780151,0.2187784165143966,0.1439918279647827,0.1999043077230453,0.1724501848220825,True,True,True,True,True
test|Edu_5_20260604_170944|7868278904000,Edu,Edu_5_20260604_170944,7868278904000,fetch,fetch,0.2817541658878326,0.2118486166000366,0.1452740579843521,0.1985214650630951,0.1626016944646835,True,True,True,True,True
test|Edu_5_20260604_170944|7868612237000,Edu,Edu_5_20260604_170944,7868612237000,fetch,fetch,0.3016585111618042,0.2074470072984695,0.1513440012931823,0.1854730546474456,0.1540773659944534,True,True,True,True,True
test|Edu_5_20260604_170944|7868945571000,Edu,Edu_5_20260604_170944,7868945571000,fetch,fetch,0.3179126679897308,0.2001905292272567,0.1568116396665573,0.1744262278079986,0.1506589204072952,True,True,True,True,True
test|Edu_5_20260604_170944|7869278904000,Edu,Edu_5_20260604_170944,7869278904000,fetch,fetch,0.3311532735824585,0.1999955475330352,0.1541016101837158,0.161023274064064,0.1537263095378875,True,True,True,True,True
test|Edu_5_20260604_170944|7869612237000,Edu,Edu_5_20260604_170944,7869612237000,fetch,fetch,0.3478236496448517,0.1981347352266311,0.1456838846206665,0.1563232094049453,0.1520344316959381,True,True,True,True,True
test|Edu_5_20260604_170944|7869945570000,Edu,Edu_5_20260604_170944,7869945570000,fetch,fetch,0.3530524969100952,0.1999452412128448,0.1388531029224395,0.1566581577062606,0.1514909416437149,True,True,True,True,True
test|Edu_5_20260604_170944|7870278904000,Edu,Edu_5_20260604_170944,7870278904000,fetch,fetch,0.3563435673713684,0.2032504826784134,0.1329618990421295,0.1584646254777908,0.1489794105291366,True,True,True,True,True
test|Edu_5_20260604_170944|7870612237000,Edu,Edu_5_20260604_170944,7870612237000,fetch,fetch,0.3574283719062805,0.2069632709026336,0.1265677958726883,0.1604992896318435,0.1485412418842315,True,True,True,True,True
test|Edu_5_20260604_170944|7870945570000,Edu,Edu_5_20260604_170944,7870945570000,fetch,fetch,0.3581378161907196,0.2127470970153808,0.1214660331606864,0.1599504351615905,0.1476986408233642,True,True,True,True,True
test|Edu_5_20260604_170944|7871278904000,Edu,Edu_5_20260604_170944,7871278904000,fetch,fetch,0.3595325052738189,0.2120633870363235,0.1191219314932823,0.1630654484033584,0.1462167799472808,True,True,True,True,True
test|Edu_5_20260604_170944|7871612237000,Edu,Edu_5_20260604_170944,7871612237000,fetch,fetch,0.3589555919170379,0.2120122760534286,0.1127442717552185,0.1685605943202972,0.1477272659540176,True,True,True,True,True
test|Edu_5_20260604_170944|7871945570000,Edu,Edu_5_20260604_170944,7871945570000,fetch,fetch,0.3533732295036316,0.2117404490709304,0.111558973789215,0.1739291548728943,0.1493981331586837,True,True,True,True,True
test|Edu_5_20260604_170944|7873278903000,Edu,Edu_5_20260604_170944,7873278903000,handover,handover,0.3480614423751831,0.202923372387886,0.1322204917669296,0.1679652631282806,0.1488293558359146,True,True,True,True,True
test|Edu_5_20260604_170944|7873612237000,Edu,Edu_5_20260604_170944,7873612237000,handover,handover,0.3428079485893249,0.2016420662403106,0.1412233859300613,0.1658946275711059,0.1484320312738418,True,True,True,True,True
test|Edu_5_20260604_170944|7873945570000,Edu,Edu_5_20260604_170944,7873945570000,handover,handover,0.3354129493236542,0.2137623578310012,0.14737369120121,0.15692900121212,0.1465219259262085,True,True,True,True,True
test|Edu_5_20260604_170944|7874278903000,Edu,Edu_5_20260604_170944,7874278903000,handover,handover,0.3194662928581238,0.2346450090408325,0.1459023356437683,0.1540387272834777,0.1459476947784423,True,True,True,True,True
test|Edu_5_20260604_170944|7874612237000,Edu,Edu_5_20260604_170944,7874612237000,handover,handover,0.3090284764766693,0.2556338608264923,0.1427414715290069,0.1462584137916565,0.1463377177715301,True,True,True,True,True
test|Edu_5_20260604_170944|7874945570000,Edu,Edu_5_20260604_170944,7874945570000,handover,handover,0.2959426343441009,0.2781230509281158,0.1386298686265945,0.1425831019878387,0.1447212994098663,True,True,True,True,True
test|Edu_5_20260604_170944|7875278903000,Edu,Edu_5_20260604_170944,7875278903000,handover,handover,0.2823435068130493,0.3057424426078796,0.1337710469961166,0.1366703063249588,0.141472727060318,True,True,True,True,True
test|Edu_5_20260604_170944|7875612237000,Edu,Edu_5_20260604_170944,7875612237000,handover,handover,0.2707927227020263,0.3298298120498657,0.1298408210277557,0.1328062117099762,0.1367304623126983,True,True,True,True,True
test|Edu_5_20260604_170944|7875945570000,Edu,Edu_5_20260604_170944,7875945570000,handover,handover,0.2677584290504455,0.3344223201274872,0.129816934466362,0.1347505003213882,0.1332518309354782,True,True,True,True,True
test|Edu_5_20260604_170944|7876278903000,Edu,Edu_5_20260604_170944,7876278903000,handover,handover,0.2665478885173797,0.3363045454025268,0.1288420855998993,0.1359253376722335,0.1323801577091217,True,True,True,True,True
test|Edu_5_20260604_170944|7876612236000,Edu,Edu_5_20260604_170944,7876612236000,handover,handover,0.2699091136455536,0.3265054225921631,0.1285392791032791,0.1389902830123901,0.1360559165477752,True,True,True,True,True
test|Edu_5_20260604_170944|7876945570000,Edu,Edu_5_20260604_170944,7876945570000,handover,handover,0.2851274311542511,0.3024274408817291,0.1300621330738067,0.1430336534976959,0.1393493711948394,True,True,True,True,True
test|Edu_5_20260604_170944|7877278903000,Edu,Edu_5_20260604_170944,7877278903000,handover,handover,0.2996791899204254,0.2797057926654815,0.1305730044841766,0.1489970833063125,0.1410448551177978,True,True,True,True,True
test|Edu_5_20260604_170944|7877612236000,Edu,Edu_5_20260604_170944,7877612236000,handover,handover,0.3077219128608703,0.2611423134803772,0.1336401402950287,0.1551583111286163,0.1423372477293014,True,True,True,True,True
test|Edu_5_20260604_170944|7877945570000,Edu,Edu_5_20260604_170944,7877945570000,handover,handover,0.3099891543388366,0.2453162372112274,0.1360272169113159,0.1623824685811996,0.1462849527597427,True,True,True,True,True
test|Edu_5_20260604_170944|7878278903000,Edu,Edu_5_20260604_170944,7878278903000,handover,continue,0.2989423871040344,0.2345384210348129,0.1422130912542343,0.1723725944757461,0.1519334763288498,True,True,True,True,True
test|Edu_6_20260616_145740|2714312226000,Edu,Edu_6_20260616_145740,2714312226000,continue,fetch,0.3157261908054352,0.2024069428443908,0.1118491664528846,0.1594791412353515,0.2105385512113571,True,True,True,True,True
test|Edu_6_20260616_145740|2714645559000,Edu,Edu_6_20260616_145740,2714645559000,continue,fetch,0.3081954717636108,0.2113727182149887,0.1164277717471122,0.1627066284418106,0.2012974619865417,True,True,True,True,True
test|Edu_6_20260616_145740|2714978892000,Edu,Edu_6_20260616_145740,2714978892000,continue,continue,0.2961398661136627,0.22752046585083,0.1194584965705871,0.1678525358438491,0.1890286654233932,True,True,True,True,True
test|Edu_6_20260616_145740|2715312225000,Edu,Edu_6_20260616_145740,2715312225000,continue,continue,0.2862449586391449,0.2423859536647796,0.1220122650265693,0.1705903708934784,0.1787664592266082,True,True,True,True,True
test|Edu_6_20260616_145740|2715645559000,Edu,Edu_6_20260616_145740,2715645559000,continue,continue,0.2781976759433746,0.2453438490629196,0.1254492998123169,0.171704351902008,0.1793048083782196,True,True,True,True,True
test|Edu_6_20260616_145740|2715978892000,Edu,Edu_6_20260616_145740,2715978892000,continue,continue,0.2750175297260284,0.2404862940311432,0.1286016851663589,0.1846486032009124,0.1712459027767181,True,True,True,True,True
test|Edu_6_20260616_145740|2716312225000,Edu,Edu_6_20260616_145740,2716312225000,continue,continue,0.2680692374706268,0.2391320765018463,0.1281450390815735,0.19426329433918,0.170390322804451,True,True,True,True,True
test|Edu_6_20260616_145740|2716645559000,Edu,Edu_6_20260616_145740,2716645559000,continue,continue,0.2734744846820831,0.2418333739042282,0.1252095103263855,0.1911148577928543,0.168367713689804,True,True,True,True,True
test|Edu_6_20260616_145740|2716978892000,Edu,Edu_6_20260616_145740,2716978892000,continue,continue,0.2811582088470459,0.2375305593013763,0.1251602619886398,0.1858161240816116,0.1703348457813263,True,True,True,True,True
test|Edu_6_20260616_145740|2717312225000,Edu,Edu_6_20260616_145740,2717312225000,continue,continue,0.285784512758255,0.2369986772537231,0.1241383254528045,0.1765377670526504,0.1765407472848892,True,True,True,True,True
test|Edu_6_20260616_145740|2717645559000,Edu,Edu_6_20260616_145740,2717645559000,continue,continue,0.2828963994979858,0.2430991530418396,0.1257863938808441,0.1749550998210907,0.1732630282640457,True,True,True,True,True
test|Edu_6_20260616_145740|2717978892000,Edu,Edu_6_20260616_145740,2717978892000,continue,continue,0.3210119605064392,0.2846060693264007,0.0,0.1957527995109558,0.198629155755043,True,True,False,True,True
test|Edu_6_20260616_145740|2718312225000,Edu,Edu_6_20260616_145740,2718312225000,continue,continue,0.3160703778266907,0.284404456615448,0.0,0.2030944526195526,0.1964306235313415,True,True,False,True,True
test|Edu_6_20260616_145740|2718645558000,Edu,Edu_6_20260616_145740,2718645558000,continue,continue,0.305473655462265,0.2841928899288177,0.0,0.2117004096508026,0.198633074760437,True,True,False,True,True
test|Edu_6_20260616_145740|2718978892000,Edu,Edu_6_20260616_145740,2718978892000,continue,continue,0.2992816865444183,0.2812782526016235,0.0,0.2131191492080688,0.2063209414482116,True,True,False,True,True
test|Edu_6_20260616_145740|2719312225000,Edu,Edu_6_20260616_145740,2719312225000,continue,continue,0.2876757383346557,0.2856990694999695,0.0,0.2171323150396347,0.2094928622245788,True,True,False,True,True
test|Edu_6_20260616_145740|2719645558000,Edu,Edu_6_20260616_145740,2719645558000,continue,continue,0.2808720469474792,0.2857862114906311,0.0,0.2197569012641906,0.2135848701000213,True,True,False,True,True
test|Edu_6_20260616_145740|2719978892000,Edu,Edu_6_20260616_145740,2719978892000,continue,continue,0.2749743163585663,0.286418080329895,0.0,0.2210141122341156,0.2175934463739395,True,True,False,True,True
test|Edu_6_20260616_145740|2720312225000,Edu,Edu_6_20260616_145740,2720312225000,continue,continue,0.2784349024295807,0.2906850278377533,0.0,0.2135027348995208,0.2173773497343063,True,True,False,True,True
test|Edu_6_20260616_145740|2720645558000,Edu,Edu_6_20260616_145740,2720645558000,continue,continue,0.2855660021305084,0.2964288890361786,0.0,0.2043007016181945,0.2137044221162796,True,True,False,True,True
test|Edu_6_20260616_145740|2720978892000,Edu,Edu_6_20260616_145740,2720978892000,continue,continue,0.2855115234851837,0.3034155666828155,0.0,0.1993902027606964,0.2116826772689819,True,True,False,True,True
test|Edu_6_20260616_145740|2721312225000,Edu,Edu_6_20260616_145740,2721312225000,continue,continue,0.2913507521152496,0.3011367321014404,0.0,0.1991666555404663,0.2083458453416824,True,True,False,True,True
test|Edu_6_20260616_145740|2721645558000,Edu,Edu_6_20260616_145740,2721645558000,continue,continue,0.2959176301956177,0.3002474904060364,0.0,0.198824867606163,0.2050099670886993,True,True,False,True,True
test|Edu_6_20260616_145740|2721978891000,Edu,Edu_6_20260616_145740,2721978891000,continue,continue,0.3002992570400238,0.3014623522758484,0.0,0.1959844082593917,0.2022540271282196,True,True,False,True,True
test|Edu_6_20260616_145740|2722312225000,Edu,Edu_6_20260616_145740,2722312225000,continue,continue,0.3029865622520447,0.30465167760849,0.0,0.1858667880296707,0.206494927406311,True,True,False,True,True
test|Edu_6_20260616_145740|2722645558000,Edu,Edu_6_20260616_145740,2722645558000,continue,continue,0.3034648895263672,0.3014037013053894,0.0,0.1833921670913696,0.2117392271757125,True,True,False,True,True
test|Edu_6_20260616_145740|2722978891000,Edu,Edu_6_20260616_145740,2722978891000,continue,continue,0.3058328032493591,0.2983107268810272,0.0,0.1859437227249145,0.2099127173423767,True,True,False,True,True
test|Edu_6_20260616_145740|2723312225000,Edu,Edu_6_20260616_145740,2723312225000,continue,continue,0.3071944713592529,0.2979905307292938,0.0,0.1839492172002792,0.2108658254146576,True,True,False,True,True
test|Edu_6_20260616_145740|2723645558000,Edu,Edu_6_20260616_145740,2723645558000,continue,continue,0.3056537806987762,0.2986970543861389,0.0,0.1790422946214676,0.2166069149971008,True,True,False,True,True
test|Edu_6_20260616_145740|2723978891000,Edu,Edu_6_20260616_145740,2723978891000,continue,continue,0.3039135932922363,0.2931608855724334,0.0,0.1832424104213714,0.2196830809116363,True,True,False,True,True
test|Edu_6_20260616_145740|2724312225000,Edu,Edu_6_20260616_145740,2724312225000,continue,continue,0.2977306544780731,0.2922915518283844,0.0,0.1977027058601379,0.2122751176357269,True,True,False,True,True
test|Edu_6_20260616_145740|2724645558000,Edu,Edu_6_20260616_145740,2724645558000,continue,continue,0.2947181165218353,0.2906628847122192,0.0,0.2034775465726852,0.2111414968967437,True,True,False,True,True
test|Edu_6_20260616_145740|2724978891000,Edu,Edu_6_20260616_145740,2724978891000,continue,continue,0.299965888261795,0.2882785201072693,0.0,0.1973232626914978,0.2144322842359542,True,True,False,True,True
test|Edu_6_20260616_145740|2725312224000,Edu,Edu_6_20260616_145740,2725312224000,continue,continue,0.2996985614299774,0.2869455516338348,0.0,0.199024960398674,0.2143309116363525,True,True,False,True,True
test|Edu_6_20260616_145740|2725645558000,Edu,Edu_6_20260616_145740,2725645558000,continue,continue,0.3002864718437195,0.2854580879211426,0.0,0.2053169906139373,0.2089384645223617,True,True,False,True,True
test|Edu_6_20260616_145740|2725978891000,Edu,Edu_6_20260616_145740,2725978891000,continue,continue,0.3018873333930969,0.2888692915439605,0.0,0.2029181718826294,0.2063252329826355,True,True,False,True,True
test|Edu_6_20260616_145740|2726312224000,Edu,Edu_6_20260616_145740,2726312224000,continue,continue,0.3090773224830627,0.2851509749889374,0.0,0.1937713623046875,0.2120002955198288,True,True,False,True,True
test|Edu_6_20260616_145740|2726645558000,Edu,Edu_6_20260616_145740,2726645558000,continue,continue,0.3163817226886749,0.2820983529090881,0.0,0.1912701427936554,0.2102497667074203,True,True,False,True,True
test|Edu_6_20260616_145740|2726978891000,Edu,Edu_6_20260616_145740,2726978891000,continue,continue,0.3148760199546814,0.2830302119255066,0.0,0.1889619976282119,0.2131318300962448,True,True,False,True,True
test|Edu_6_20260616_145740|2727312224000,Edu,Edu_6_20260616_145740,2727312224000,continue,continue,0.3155933618545532,0.2872627079486847,0.0,0.1810656636953354,0.2160782366991043,True,True,False,True,True
test|Edu_6_20260616_145740|2727645557000,Edu,Edu_6_20260616_145740,2727645557000,continue,continue,0.3124684393405914,0.2865458130836487,0.0,0.1761693358421325,0.2248163819313049,True,True,False,True,True
test|Edu_6_20260616_145740|2727978891000,Edu,Edu_6_20260616_145740,2727978891000,continue,continue,0.3061341941356659,0.2854234576225281,0.0,0.1808886229991912,0.2275536656379699,True,True,False,True,True
test|Edu_6_20260616_145740|2728312224000,Edu,Edu_6_20260616_145740,2728312224000,continue,continue,0.30196213722229,0.2846622467041015,0.0,0.1895583420991897,0.2238171994686126,True,True,False,True,True
test|Edu_6_20260616_145740|2728645557000,Edu,Edu_6_20260616_145740,2728645557000,continue,continue,0.3090056180953979,0.2630004286766052,0.0,0.2001219540834427,0.2278720438480377,True,True,False,True,True
test|Edu_6_20260616_145740|2728978891000,Edu,Edu_6_20260616_145740,2728978891000,continue,continue,0.3227125108242035,0.2414431720972061,0.0,0.2009546160697937,0.2348896861076355,True,True,False,True,True
test|Edu_6_20260616_145740|2729312224000,Edu,Edu_6_20260616_145740,2729312224000,continue,fetch,0.3325885832309723,0.2190982103347778,0.0,0.209497645497322,0.238815575838089,True,True,False,True,True
test|Edu_6_20260616_145740|2729645557000,Edu,Edu_6_20260616_145740,2729645557000,continue,handover,0.3393952846527099,0.2029457539319992,0.0,0.2197397351264953,0.2379192113876342,True,True,False,True,True
test|Edu_6_20260616_145740|2729978891000,Edu,Edu_6_20260616_145740,2729978891000,fetch,handover,0.3597016632556915,0.1916662603616714,0.0,0.2132198214530944,0.2354122102260589,True,True,False,True,True
test|Edu_6_20260616_145740|2730312224000,Edu,Edu_6_20260616_145740,2730312224000,fetch,handover,0.3772995769977569,0.1823969483375549,0.0,0.2037637084722519,0.2365397810935974,True,True,False,True,True
test|Edu_6_20260616_145740|2730645557000,Edu,Edu_6_20260616_145740,2730645557000,fetch,handover,0.3864588439464569,0.1800346374511718,0.0,0.1983566135168075,0.235149934887886,True,True,False,True,True
test|Edu_6_20260616_145740|2730978891000,Edu,Edu_6_20260616_145740,2730978891000,fetch,handover,0.3862446844577789,0.1808239370584488,0.0,0.2040995657444,0.228831797838211,True,True,False,True,True
test|Edu_6_20260616_145740|2731312224000,Edu,Edu_6_20260616_145740,2731312224000,fetch,handover,0.3905661106109619,0.1850053966045379,0.0,0.1984769850969314,0.2259514778852462,True,True,False,True,True
test|Edu_6_20260616_145740|2731645557000,Edu,Edu_6_20260616_145740,2731645557000,fetch,fetch,0.4014826118946075,0.1871511787176132,0.0,0.1918850392103195,0.2194811403751373,True,True,False,True,True
test|Edu_6_20260616_145740|2731978890000,Edu,Edu_6_20260616_145740,2731978890000,fetch,fetch,0.4015843272209167,0.1898601353168487,0.0,0.1898435205221176,0.2187120169401168,True,True,False,True,True
test|Edu_6_20260616_145740|2732312224000,Edu,Edu_6_20260616_145740,2732312224000,fetch,fetch,0.4004072546958923,0.1937427371740341,0.0,0.1873383224010467,0.2185116410255432,True,True,False,True,True
test|Edu_6_20260616_145740|2732645557000,Edu,Edu_6_20260616_145740,2732645557000,fetch,fetch,0.384676456451416,0.2032273709774017,0.0,0.1865339279174804,0.2255622893571853,True,True,False,True,True
test|Edu_6_20260616_145740|2732978890000,Edu,Edu_6_20260616_145740,2732978890000,fetch,fetch,0.3639385998249054,0.2111086398363113,0.0,0.1894547492265701,0.2354979813098907,True,True,False,True,True
test|Edu_6_20260616_145740|2733312224000,Edu,Edu_6_20260616_145740,2733312224000,fetch,fetch,0.3447710275650024,0.2126471102237701,0.0,0.1969235837459564,0.2456582635641098,True,True,False,True,True
test|Edu_6_20260616_145740|2733645557000,Edu,Edu_6_20260616_145740,2733645557000,fetch,fetch,0.3301706314086914,0.2149352133274078,0.0,0.1996447443962097,0.2552494406700134,True,True,False,True,True
test|Edu_6_20260616_145740|2733978890000,Edu,Edu_6_20260616_145740,2733978890000,fetch,fetch,0.3209831714630127,0.2150324881076812,0.0,0.204428493976593,0.2595558166503906,True,True,False,True,True
test|Edu_6_20260616_145740|2735645557000,Edu,Edu_6_20260616_145740,2735645557000,handover,handover,0.3412769734859466,0.1944036036729812,0.0,0.2173209488391876,0.2469984591007232,True,True,False,True,True
test|Edu_6_20260616_145740|2735978890000,Edu,Edu_6_20260616_145740,2735978890000,handover,handover,0.3427075743675232,0.1930490732192993,0.0,0.2198830544948578,0.2443602383136749,True,True,False,True,True
test|Edu_6_20260616_145740|2736312223000,Edu,Edu_6_20260616_145740,2736312223000,handover,handover,0.3413683474063873,0.1988545805215835,0.0,0.2236141562461853,0.236162930727005,True,True,False,True,True
test|Edu_6_20260616_145740|2736645557000,Edu,Edu_6_20260616_145740,2736645557000,handover,handover,0.3402982354164123,0.2163064926862716,0.0,0.2195279896259308,0.223867267370224,True,True,False,True,True
test|Edu_6_20260616_145740|2736978890000,Edu,Edu_6_20260616_145740,2736978890000,handover,handover,0.329460471868515,0.2407637536525726,0.0,0.2205319553613662,0.2092438489198684,True,True,False,True,True
test|Edu_6_20260616_145740|2737312223000,Edu,Edu_6_20260616_145740,2737312223000,handover,handover,0.3172436356544494,0.2679519355297088,0.0,0.2159943580627441,0.1988100260496139,True,True,False,True,True
test|Edu_6_20260616_145740|2737645557000,Edu,Edu_6_20260616_145740,2737645557000,handover,handover,0.3061912953853607,0.2989194095134735,0.0,0.2095653712749481,0.1853238493204116,True,True,False,True,True
test|Edu_6_20260616_145740|2737978890000,Edu,Edu_6_20260616_145740,2737978890000,handover,handover,0.2936015725135803,0.3334234952926636,0.0,0.200991079211235,0.1719838827848434,True,True,False,True,True
test|Edu_6_20260616_145740|2738312223000,Edu,Edu_6_20260616_145740,2738312223000,handover,handover,0.2852177023887634,0.3625891804695129,0.0,0.1915377676486969,0.1606553643941879,True,True,False,True,True
test|Edu_6_20260616_145740|2738645556000,Edu,Edu_6_20260616_145740,2738645556000,handover,handover,0.2792314887046814,0.3681009411811828,0.0,0.1917781680822372,0.1608894020318985,True,True,False,True,True
test|Edu_6_20260616_145740|2738978890000,Edu,Edu_6_20260616_145740,2738978890000,handover,handover,0.27994105219841,0.3703767359256744,0.0,0.1870308965444564,0.1626512706279754,True,True,False,True,True
test|Edu_6_20260616_145740|2739312223000,Edu,Edu_6_20260616_145740,2739312223000,handover,handover,0.2871801853179931,0.3573762476444244,0.0,0.1854560077190399,0.1699875295162201,True,True,False,True,True
test|Edu_6_20260616_145740|2739645556000,Edu,Edu_6_20260616_145740,2739645556000,handover,handover,0.2997788190841675,0.3193867802619934,0.0,0.192014530301094,0.1888199001550674,True,True,False,True,True
test|Edu_6_20260616_145740|2739978890000,Edu,Edu_6_20260616_145740,2739978890000,handover,handover,0.3107517659664154,0.2864624261856079,0.0,0.1958790868520736,0.2069066911935806,True,True,False,True,True
test|Edu_6_20260616_145740|2740312223000,Edu,Edu_6_20260616_145740,2740312223000,handover,handover,0.3138495087623596,0.2592276334762573,0.0,0.2003663629293441,0.2265565246343612,True,True,False,True,True
test|Edu_6_20260616_145740|2740645556000,Edu,Edu_6_20260616_145740,2740645556000,handover,handover,0.317980945110321,0.2345378994941711,0.0,0.2034431248903274,0.2440380007028579,True,True,False,True,True
test|Edu_6_20260616_145740|2740978889000,Edu,Edu_6_20260616_145740,2740978889000,handover,fetch,0.3201138079166412,0.2122226357460022,0.0,0.2077629417181015,0.259900689125061,True,True,False,True,True
test|Edu_6_20260616_145740|2741312223000,Edu,Edu_6_20260616_145740,2741312223000,handover,fetch,0.3234900236129761,0.1971097588539123,0.0,0.2113142758607864,0.2680859267711639,True,True,False,True,True
test|Edu_6_20260616_145740|2741645556000,Edu,Edu_6_20260616_145740,2741645556000,handover,fetch,0.3317358195781708,0.1941730380058288,0.0,0.2100532501935959,0.2640378773212433,True,True,False,True,True
test|Edu_6_20260616_145740|2741978889000,Edu,Edu_6_20260616_145740,2741978889000,handover,fetch,0.3457498848438263,0.1920918375253677,0.0,0.2011025249958038,0.2610557079315185,True,True,False,True,True
test|Edu_6_20260616_145740|2742312223000,Edu,Edu_6_20260616_145740,2742312223000,handover,fetch,0.360622376203537,0.1945763677358627,0.0,0.1917306929826736,0.2530705630779266,True,True,False,True,True
test|Edu_6_20260616_145740|2742645556000,Edu,Edu_6_20260616_145740,2742645556000,handover,handover,0.3719215393066406,0.1964913308620453,0.0,0.1930603086948394,0.2385268211364746,True,True,False,True,True
test|Edu_6_20260616_145740|2742978889000,Edu,Edu_6_20260616_145740,2742978889000,handover,handover,0.3881551921367645,0.1963088363409042,0.0,0.194394364953041,0.2211416512727737,True,True,False,True,True
test|Edu_6_20260616_145740|2743312223000,Edu,Edu_6_20260616_145740,2743312223000,handover,fetch,0.4085615873336792,0.1941729485988617,0.0,0.1914872378110885,0.2057782560586929,True,True,False,True,True
test|Edu_6_20260616_145740|2743645556000,Edu,Edu_6_20260616_145740,2743645556000,handover,fetch,0.4232873022556305,0.1928110420703888,0.0,0.1889783591032028,0.1949232518672943,True,True,False,True,True
test|Edu_6_20260616_145740|2743978889000,Edu,Edu_6_20260616_145740,2743978889000,handover,fetch,0.4195984601974487,0.1930981427431106,0.0,0.1969521194696426,0.1903512775897979,True,True,False,True,True
test|Edu_6_20260616_145740|2744312222000,Edu,Edu_6_20260616_145740,2744312222000,handover,fetch,0.410010814666748,0.1888993084430694,0.0,0.2098505496978759,0.1912393122911453,True,True,False,True,True
test|Edu_6_20260616_145740|2744645556000,Edu,Edu_6_20260616_145740,2744645556000,handover,fetch,0.4173302352428436,0.1895951628684997,0.0,0.1962755173444748,0.1967991143465042,True,True,False,True,True
test|Edu_6_20260616_145740|2744978889000,Edu,Edu_6_20260616_145740,2744978889000,handover,fetch,0.4116604328155517,0.1932998299598693,0.0,0.1921969801187515,0.2028427422046661,True,True,False,True,True
test|Edu_6_20260616_145740|2745312222000,Edu,Edu_6_20260616_145740,2745312222000,handover,handover,0.3818928599357605,0.2038342356681823,0.0,0.2039873898029327,0.2102855145931244,True,True,False,True,True
test|Edu_6_20260616_145740|2745645556000,Edu,Edu_6_20260616_145740,2745645556000,handover,handover,0.356048047542572,0.2130004316568374,0.0,0.2142812460660934,0.2166702598333358,True,True,False,True,True
test|Edu_7_20260616_145927|2820778892000,Edu,Edu_7_20260616_145927,2820778892000,continue,fetch,0.3124743700027466,0.1873271763324737,0.1097482666373252,0.1643414050340652,0.2261088192462921,True,True,True,True,True
test|Edu_7_20260616_145927|2821112225000,Edu,Edu_7_20260616_145927,2821112225000,continue,fetch,0.3063060641288757,0.199257954955101,0.1125228181481361,0.1671844124794006,0.2147287875413894,True,True,True,True,True
test|Edu_7_20260616_145927|2821445558000,Edu,Edu_7_20260616_145927,2821445558000,continue,continue,0.2992526888847351,0.216520071029663,0.1128935888409614,0.1675115823745727,0.2038220912218094,True,True,True,True,True
test|Edu_7_20260616_145927|2821778892000,Edu,Edu_7_20260616_145927,2821778892000,continue,continue,0.2873692214488983,0.2368970811367035,0.1131468042731285,0.1666710674762725,0.1959158182144165,True,True,True,True,True
test|Edu_7_20260616_145927|2822112225000,Edu,Edu_7_20260616_145927,2822112225000,continue,continue,0.2745700776576996,0.2511690258979797,0.1147589385509491,0.1638989299535751,0.1956030577421188,True,True,True,True,True
test|Edu_7_20260616_145927|2822445558000,Edu,Edu_7_20260616_145927,2822445558000,continue,continue,0.2610200345516205,0.2599126994609833,0.1166241690516471,0.1710304021835327,0.1914126724004745,True,True,True,True,True
test|Edu_7_20260616_145927|2822778891000,Edu,Edu_7_20260616_145927,2822778891000,continue,continue,0.2579654157161712,0.2701297402381897,0.111906312406063,0.1734398603439331,0.1865586340427398,True,True,True,True,True
test|Edu_7_20260616_145927|2823112225000,Edu,Edu_7_20260616_145927,2823112225000,continue,continue,0.2539723813533783,0.2829778790473938,0.1066904664039611,0.1694546341896057,0.186904639005661,True,True,True,True,True
test|Edu_7_20260616_145927|2823445558000,Edu,Edu_7_20260616_145927,2823445558000,continue,continue,0.2555213868618011,0.2891978323459625,0.1019079685211181,0.1668014228343963,0.186571404337883,True,True,True,True,True
test|Edu_7_20260616_145927|2823778891000,Edu,Edu_7_20260616_145927,2823778891000,continue,continue,0.2584104537963867,0.2900916934013366,0.0978546813130378,0.1661973148584365,0.1874458640813827,True,True,True,True,True
test|Edu_7_20260616_145927|2824112225000,Edu,Edu_7_20260616_145927,2824112225000,continue,continue,0.2613208293914795,0.2898639440536499,0.0941322296857833,0.171803593635559,0.1828794032335281,True,True,True,True,True
test|Edu_7_20260616_145927|2824445558000,Edu,Edu_7_20260616_145927,2824445558000,continue,continue,0.2669167220592499,0.2897555232048034,0.0905881598591804,0.1721011847257614,0.1806384176015854,True,True,True,True,True
test|Edu_7_20260616_145927|2824778891000,Edu,Edu_7_20260616_145927,2824778891000,continue,continue,0.2691947221755981,0.2867639362812042,0.0947532057762146,0.1724354773759842,0.1768526881933212,True,True,True,True,True
test|Edu_7_20260616_145927|2825112225000,Edu,Edu_7_20260616_145927,2825112225000,continue,continue,0.2676081359386444,0.2817489802837372,0.0989465191960334,0.1766238510608673,0.1750724911689758,True,True,True,True,True
test|Edu_7_20260616_145927|2825445558000,Edu,Edu_7_20260616_145927,2825445558000,continue,continue,0.2661072313785553,0.2753324806690216,0.1021613851189613,0.1781110167503357,0.1782879084348678,True,True,True,True,True
test|Edu_7_20260616_145927|2825778891000,Edu,Edu_7_20260616_145927,2825778891000,continue,continue,0.2694261074066162,0.2713664174079895,0.1054952219128608,0.1730212271213531,0.1806910037994384,True,True,True,True,True
test|Edu_7_20260616_145927|2826112224000,Edu,Edu_7_20260616_145927,2826112224000,continue,continue,0.2702066302299499,0.2731834650039673,0.1086490750312805,0.1638564318418502,0.1841044127941131,True,True,True,True,True
test|Edu_7_20260616_145927|2826445558000,Edu,Edu_7_20260616_145927,2826445558000,continue,continue,0.2711112201213836,0.2678094208240509,0.1123106554150581,0.1609538942575454,0.1878148168325424,True,True,True,True,True
test|Edu_7_20260616_145927|2826778891000,Edu,Edu_7_20260616_145927,2826778891000,continue,continue,0.2694986462593078,0.2633600533008575,0.1101787388324737,0.1648604571819305,0.1921020895242691,True,True,True,True,True
test|Edu_7_20260616_145927|2827112224000,Edu,Edu_7_20260616_145927,2827112224000,continue,continue,0.2676904499530792,0.2627480924129486,0.1095985174179077,0.1655865460634231,0.1943763941526413,True,True,True,True,True
test|Edu_7_20260616_145927|2827445558000,Edu,Edu_7_20260616_145927,2827445558000,continue,continue,0.2672475576400757,0.2548041641712188,0.1118819043040275,0.1657551676034927,0.2003112137317657,True,True,True,True,True
test|Edu_7_20260616_145927|2827778891000,Edu,Edu_7_20260616_145927,2827778891000,continue,continue,0.2656420469284057,0.2442166656255722,0.1158374920487403,0.1696148663759231,0.2046889364719391,True,True,True,True,True
test|Edu_7_20260616_145927|2828112224000,Edu,Edu_7_20260616_145927,2828112224000,continue,continue,0.2606910169124603,0.2358301132917404,0.1215091571211814,0.1803842931985855,0.201585367321968,True,True,True,True,True
test|Edu_7_20260616_145927|2828445558000,Edu,Edu_7_20260616_145927,2828445558000,continue,continue,0.2630327939987182,0.2376682162284851,0.1227146163582801,0.1858784854412078,0.1907059103250503,True,True,True,True,True
test|Edu_7_20260616_145927|2828778891000,Edu,Edu_7_20260616_145927,2828778891000,continue,continue,0.2624042630195617,0.242356076836586,0.125926673412323,0.1821344047784805,0.1871785372495651,True,True,True,True,True
test|Edu_7_20260616_145927|2829112224000,Edu,Edu_7_20260616_145927,2829112224000,continue,continue,0.270535409450531,0.2466369718313217,0.1253198087215423,0.1792588829994201,0.1782489269971847,True,True,True,True,True
test|Edu_7_20260616_145927|2829445557000,Edu,Edu_7_20260616_145927,2829445557000,continue,continue,0.2740371525287628,0.2560727894306183,0.121799536049366,0.1778935343027115,0.1701970249414444,True,True,True,True,True
test|Edu_7_20260616_145927|2829778891000,Edu,Edu_7_20260616_145927,2829778891000,continue,continue,0.2701199352741241,0.2697221636772156,0.117179699242115,0.1767579615116119,0.1662202477455139,True,True,True,True,True
test|Edu_7_20260616_145927|2830112224000,Edu,Edu_7_20260616_145927,2830112224000,continue,continue,0.2772265374660492,0.2772048413753509,0.1060134842991828,0.1757028102874755,0.163852259516716,True,True,True,True,True
test|Edu_7_20260616_145927|2830445557000,Edu,Edu_7_20260616_145927,2830445557000,continue,continue,0.2752211391925812,0.2790522575378418,0.1053761541843414,0.174199566245079,0.1661509126424789,True,True,True,True,True
test|Edu_7_20260616_145927|2830778891000,Edu,Edu_7_20260616_145927,2830778891000,continue,continue,0.2651150226593017,0.2830367684364319,0.1075916439294815,0.1741193681955337,0.1701371669769287,True,True,True,True,True
test|Edu_7_20260616_145927|2831112224000,Edu,Edu_7_20260616_145927,2831112224000,continue,continue,0.2549768984317779,0.2810523211956024,0.1096257120370864,0.1748576760292053,0.1794873774051666,True,True,True,True,True
test|Edu_7_20260616_145927|2831445557000,Edu,Edu_7_20260616_145927,2831445557000,continue,continue,0.2498147934675216,0.2823061645030975,0.1125646755099296,0.173853114247322,0.1814612001180648,True,True,True,True,True
test|Edu_7_20260616_145927|2831778891000,Edu,Edu_7_20260616_145927,2831778891000,continue,continue,0.2491121292114257,0.2794053256511688,0.119397684931755,0.1713418811559677,0.1807429790496826,True,True,True,True,True
test|Edu_7_20260616_145927|2832112224000,Edu,Edu_7_20260616_145927,2832112224000,continue,continue,0.2425447702407837,0.2741660177707672,0.1356290131807327,0.1678427159786224,0.1798174977302551,True,True,True,True,True
test|Edu_7_20260616_145927|2832445557000,Edu,Edu_7_20260616_145927,2832445557000,continue,continue,0.2428817600011825,0.2749658226966858,0.1313474029302597,0.1686914414167404,0.1821136027574539,True,True,True,True,True
test|Edu_7_20260616_145927|2832778890000,Edu,Edu_7_20260616_145927,2832778890000,continue,continue,0.2535717785358429,0.2730892598628998,0.1225704103708267,0.1707345247268676,0.1800340414047241,True,True,True,True,True
test|Edu_7_20260616_145927|2833112224000,Edu,Edu_7_20260616_145927,2833112224000,continue,continue,0.2613643407821655,0.2722446322441101,0.1219332516193389,0.1688461005687713,0.1756116449832916,True,True,True,True,True
test|Edu_7_20260616_145927|2833445557000,Edu,Edu_7_20260616_145927,2833445557000,continue,continue,0.2677070796489715,0.2667005956172943,0.1305077672004699,0.1632025092840194,0.1718820482492447,True,True,True,True,True
test|Edu_7_20260616_145927|2833778890000,Edu,Edu_7_20260616_145927,2833778890000,continue,continue,0.2717109322547912,0.2625384926795959,0.1328108459711074,0.160449281334877,0.1724904924631118,True,True,True,True,True
test|Edu_7_20260616_145927|2834112224000,Edu,Edu_7_20260616_145927,2834112224000,continue,continue,0.2735001742839813,0.2628439664840698,0.1289540380239486,0.1602519750595092,0.1744498461484909,True,True,True,True,True
test|Edu_7_20260616_145927|2834445557000,Edu,Edu_7_20260616_145927,2834445557000,continue,continue,0.2724051177501678,0.2539090514183044,0.1336849629878997,0.162653386592865,0.1773474663496017,True,True,True,True,True
test|Edu_7_20260616_145927|2834778890000,Edu,Edu_7_20260616_145927,2834778890000,continue,continue,0.2724813818931579,0.2430862039327621,0.1389533877372741,0.1658254414796829,0.1796536445617675,True,True,True,True,True
test|Edu_7_20260616_145927|2835112224000,Edu,Edu_7_20260616_145927,2835112224000,continue,continue,0.2747137248516083,0.2344072163105011,0.1376855373382568,0.1751219779253006,0.1780715733766555,True,True,True,True,True
test|Edu_7_20260616_145927|2835445557000,Edu,Edu_7_20260616_145927,2835445557000,continue,continue,0.2777974009513855,0.2228970676660537,0.1237599775195121,0.1930448114871978,0.182500809431076,True,True,True,True,True
test|Edu_7_20260616_145927|2835778890000,Edu,Edu_7_20260616_145927,2835778890000,continue,fetch,0.2816101908683777,0.207726314663887,0.1147942692041397,0.2100454717874527,0.1858237236738205,True,True,True,True,True
test|Edu_7_20260616_145927|2836112223000,Edu,Edu_7_20260616_145927,2836112223000,continue,fetch,0.288951575756073,0.1938056647777557,0.1126307845115661,0.21226866543293,0.1923433542251587,True,True,True,True,True
test|Edu_7_20260616_145927|2836445557000,Edu,Edu_7_20260616_145927,2836445557000,fetch,fetch,0.2998722195625305,0.1828688085079193,0.1104908064007759,0.2085040807723999,0.1982641220092773,True,True,True,True,True
test|Edu_7_20260616_145927|2836778890000,Edu,Edu_7_20260616_145927,2836778890000,fetch,fetch,0.3046554327011108,0.1752929240465164,0.1087282672524452,0.2044500559568405,0.2068732678890228,True,True,True,True,True
test|Edu_7_20260616_145927|2837112223000,Edu,Edu_7_20260616_145927,2837112223000,fetch,fetch,0.3056417107582092,0.1706350892782211,0.107486255466938,0.1994200050830841,0.2168169021606445,True,True,True,True,True
test|Edu_7_20260616_145927|2837445557000,Edu,Edu_7_20260616_145927,2837445557000,fetch,fetch,0.3037092089653015,0.1729341447353363,0.1073990687727928,0.1938406080007553,0.2221169918775558,True,True,True,True,True
test|Edu_7_20260616_145927|2837778890000,Edu,Edu_7_20260616_145927,2837778890000,fetch,fetch,0.3084054291248321,0.1791058629751205,0.1077770739793777,0.1836903542280197,0.2210212498903274,True,True,True,True,True
test|Edu_7_20260616_145927|2838112223000,Edu,Edu_7_20260616_145927,2838112223000,fetch,fetch,0.309868574142456,0.1887043267488479,0.1092295348644256,0.1751971989870071,0.2170003801584243,True,True,True,True,True
test|Edu_7_20260616_145927|2838445557000,Edu,Edu_7_20260616_145927,2838445557000,fetch,fetch,0.3018490970134735,0.1961706429719925,0.1101366803050041,0.173347532749176,0.2184960395097732,True,True,True,True,True
test|Edu_7_20260616_145927|2838778890000,Edu,Edu_7_20260616_145927,2838778890000,fetch,fetch,0.3000588715076446,0.2059933990240097,0.109487235546112,0.1739057451486587,0.2105547785758972,True,True,True,True,True
test|Edu_7_20260616_145927|2839112223000,Edu,Edu_7_20260616_145927,2839112223000,fetch,fetch,0.2982836365699768,0.2152258902788162,0.107545793056488,0.1706480234861374,0.2082966566085815,True,True,True,True,True
test|Edu_7_20260616_145927|2839445556000,Edu,Edu_7_20260616_145927,2839445556000,fetch,fetch,0.2992169559001922,0.2174051403999328,0.106066346168518,0.1665369868278503,0.2107745110988617,True,True,True,True,True
test|Edu_7_20260616_145927|2839778890000,Edu,Edu_7_20260616_145927,2839778890000,fetch,fetch,0.2962337732315063,0.215685099363327,0.1051608845591545,0.1689364463090896,0.2139837741851806,True,True,True,True,True
test|Edu_7_20260616_145927|2840112223000,Edu,Edu_7_20260616_145927,2840112223000,fetch,fetch,0.2915967404842376,0.2124004513025283,0.1028971746563911,0.1787422150373459,0.2143633812665939,True,True,True,True,True
test|Edu_7_20260616_145927|2840445556000,Edu,Edu_7_20260616_145927,2840445556000,fetch,fetch,0.2943835258483886,0.2082843333482742,0.1022397056221962,0.1861047744750976,0.2089876532554626,True,True,True,True,True
test|Edu_7_20260616_145927|2840778890000,Edu,Edu_7_20260616_145927,2840778890000,fetch,fetch,0.3006881773471832,0.1967097669839859,0.1034247875213623,0.183942511677742,0.2152347415685653,True,True,True,True,True
test|Edu_7_20260616_145927|2842778889000,Edu,Edu_7_20260616_145927,2842778889000,handover,handover,0.2843873798847198,0.1756961494684219,0.1123970746994018,0.1947967261075973,0.232722669839859,True,True,True,True,True
test|Edu_7_20260616_145927|2843112223000,Edu,Edu_7_20260616_145927,2843112223000,handover,handover,0.2921597957611084,0.1770289242267608,0.1132408455014228,0.1960295140743255,0.2215409725904464,True,True,True,True,True
test|Edu_7_20260616_145927|2843445556000,Edu,Edu_7_20260616_145927,2843445556000,handover,handover,0.2899444997310638,0.1888341307640075,0.113246165215969,0.1910212934017181,0.2169538736343383,True,True,True,True,True
test|Edu_7_20260616_145927|2843778889000,Edu,Edu_7_20260616_145927,2843778889000,handover,handover,0.2778919339179992,0.2109096050262451,0.1127686575055122,0.1866132169961929,0.2118166238069534,True,True,True,True,True
test|Edu_7_20260616_145927|2844112223000,Edu,Edu_7_20260616_145927,2844112223000,handover,handover,0.2656567692756653,0.2376690953969955,0.1116825118660926,0.1827074289321899,0.2022842019796371,True,True,True,True,True
test|Edu_7_20260616_145927|2844445556000,Edu,Edu_7_20260616_145927,2844445556000,handover,handover,0.2517402470111847,0.2706498801708221,0.1099838986992836,0.1797512024641037,0.18787482380867,True,True,True,True,True
test|Edu_7_20260616_145927|2844778889000,Edu,Edu_7_20260616_145927,2844778889000,handover,handover,0.2366626411676406,0.3078415691852569,0.1059083715081214,0.1713110655546188,0.1782763749361038,True,True,True,True,True
test|Edu_7_20260616_145927|2845112223000,Edu,Edu_7_20260616_145927,2845112223000,handover,handover,0.2219363152980804,0.3489698767662048,0.1003510132431984,0.1585081815719604,0.1702346503734588,True,True,True,True,True
test|Edu_7_20260616_145927|2845445556000,Edu,Edu_7_20260616_145927,2845445556000,handover,handover,0.2332647293806076,0.3300596177577972,0.1032078862190246,0.1639693528413772,0.1694984585046768,True,True,True,True,True
test|Edu_7_20260616_145927|2845778889000,Edu,Edu_7_20260616_145927,2845778889000,handover,handover,0.2560501396656036,0.2847656905651092,0.1073412001132965,0.1715596616268158,0.1802832782268524,True,True,True,True,True
test|Edu_7_20260616_145927|2846112222000,Edu,Edu_7_20260616_145927,2846112222000,handover,handover,0.276844322681427,0.2506446540355682,0.1093446910381317,0.1741152703762054,0.1890511065721511,True,True,True,True,True
test|Edu_8_20260616_150108|2922078891000,Edu,Edu_8_20260616_150108,2922078891000,continue,continue,0.3069677054882049,0.218527153134346,0.0,0.2076654583215713,0.2668397426605224,True,True,False,True,True
test|Edu_8_20260616_150108|2922412224000,Edu,Edu_8_20260616_150108,2922412224000,continue,continue,0.3105173707008362,0.2280316799879074,0.0,0.2092194706201553,0.2522315084934234,True,True,False,True,True
test|Edu_8_20260616_150108|2922745557000,Edu,Edu_8_20260616_150108,2922745557000,continue,continue,0.3013830184936523,0.2470714300870895,0.0,0.2083541303873062,0.2431914508342743,True,True,False,True,True
test|Edu_8_20260616_150108|2923078891000,Edu,Edu_8_20260616_150108,2923078891000,continue,continue,0.2971352934837341,0.271426111459732,0.0,0.2003383338451385,0.2311002761125564,True,True,False,True,True
test|Edu_8_20260616_150108|2923412224000,Edu,Edu_8_20260616_150108,2923412224000,continue,continue,0.2951996624469757,0.2694456577301025,0.0,0.2073254138231277,0.2280292361974716,True,True,False,True,True
test|Edu_8_20260616_150108|2923745557000,Edu,Edu_8_20260616_150108,2923745557000,continue,continue,0.2913357615470886,0.2668443918228149,0.0,0.2120237946510315,0.2297960370779037,True,True,False,True,True
test|Edu_8_20260616_150108|2924078890000,Edu,Edu_8_20260616_150108,2924078890000,continue,continue,0.2901374697685241,0.2727906107902527,0.0,0.2096884846687317,0.227383404970169,True,True,False,True,True
test|Edu_8_20260616_150108|2924412224000,Edu,Edu_8_20260616_150108,2924412224000,continue,continue,0.2863048017024994,0.2761450111865997,0.0,0.2049569487571716,0.2325932383537292,True,True,False,True,True
test|Edu_8_20260616_150108|2924745557000,Edu,Edu_8_20260616_150108,2924745557000,continue,continue,0.2857175469398498,0.2788639366626739,0.0,0.2047401070594787,0.2306783348321914,True,True,False,True,True
test|Edu_8_20260616_150108|2925078890000,Edu,Edu_8_20260616_150108,2925078890000,continue,continue,0.2832750678062439,0.2773158252239227,0.0,0.2090167701244354,0.2303923666477203,True,True,False,True,True
test|Edu_8_20260616_150108|2925412224000,Edu,Edu_8_20260616_150108,2925412224000,continue,continue,0.2784689366817474,0.2827852070331573,0.0,0.212329551577568,0.2264163047075271,True,True,False,True,True
test|Edu_8_20260616_150108|2925745557000,Edu,Edu_8_20260616_150108,2925745557000,continue,continue,0.2779962122440338,0.2885323464870453,0.0,0.2080447077751159,0.2254267781972885,True,True,False,True,True
test|Edu_8_20260616_150108|2926078890000,Edu,Edu_8_20260616_150108,2926078890000,continue,continue,0.2785838842391968,0.2971913814544678,0.0,0.1963094919919967,0.2279152274131775,True,True,False,True,True
test|Edu_8_20260616_150108|2926412224000,Edu,Edu_8_20260616_150108,2926412224000,continue,continue,0.2795244455337524,0.2967160642147064,0.0,0.1989395916461944,0.2248199433088302,True,True,False,True,True
test|Edu_8_20260616_150108|2926745557000,Edu,Edu_8_20260616_150108,2926745557000,continue,continue,0.284724473953247,0.2830665707588196,0.0,0.2055992037057876,0.2266097515821457,True,True,False,True,True
test|Edu_8_20260616_150108|2927078890000,Edu,Edu_8_20260616_150108,2927078890000,continue,continue,0.2889419794082641,0.26499804854393,0.0,0.2158026099205017,0.2302574068307876,True,True,False,True,True
test|Edu_8_20260616_150108|2927412223000,Edu,Edu_8_20260616_150108,2927412223000,continue,continue,0.2981776893138885,0.2531453967094421,0.0,0.2178366482257843,0.230840265750885,True,True,False,True,True
test|Edu_8_20260616_150108|2927745557000,Edu,Edu_8_20260616_150108,2927745557000,continue,continue,0.3013544082641601,0.2482597827911377,0.0,0.2244875282049179,0.2258982509374618,True,True,False,True,True
test|Edu_8_20260616_150108|2928078890000,Edu,Edu_8_20260616_150108,2928078890000,continue,continue,0.2977985143661499,0.2457905858755111,0.0,0.2350633144378662,0.2213476300239563,True,True,False,True,True
test|Edu_8_20260616_150108|2928412223000,Edu,Edu_8_20260616_150108,2928412223000,continue,continue,0.2988798022270202,0.2522311806678772,0.0,0.2345979809761047,0.214291051030159,True,True,False,True,True
test|Edu_8_20260616_150108|2928745557000,Edu,Edu_8_20260616_150108,2928745557000,continue,continue,0.2986209690570831,0.2620880007743835,0.0,0.2304034084081649,0.2088876217603683,True,True,False,True,True
test|Edu_8_20260616_150108|2929078890000,Edu,Edu_8_20260616_150108,2929078890000,continue,continue,0.2975178956985473,0.283544510602951,0.0,0.2151292115449905,0.203808382153511,True,True,False,True,True
test|Edu_8_20260616_150108|2929412223000,Edu,Edu_8_20260616_150108,2929412223000,continue,continue,0.294254869222641,0.3000134527683258,0.0,0.2065074890851974,0.1992242038249969,True,True,False,True,True
test|Edu_8_20260616_150108|2929745557000,Edu,Edu_8_20260616_150108,2929745557000,continue,continue,0.2944450080394745,0.3118586242198944,0.0,0.2006970196962356,0.1929993331432342,True,True,False,True,True
test|Edu_8_20260616_150108|2930078890000,Edu,Edu_8_20260616_150108,2930078890000,continue,continue,0.2940362393856048,0.323679506778717,0.0,0.1930290460586547,0.1892552077770233,True,True,False,True,True
test|Edu_8_20260616_150108|2930412223000,Edu,Edu_8_20260616_150108,2930412223000,continue,continue,0.2923844754695892,0.3301515877246856,0.0,0.1876007169485092,0.189863234758377,True,True,False,True,True
test|Edu_8_20260616_150108|2930745556000,Edu,Edu_8_20260616_150108,2930745556000,continue,continue,0.2913687229156494,0.3360116481781006,0.0,0.1787424087524414,0.1938771903514862,True,True,False,True,True
test|Edu_8_20260616_150108|2931078890000,Edu,Edu_8_20260616_150108,2931078890000,continue,continue,0.2921121120452881,0.3353262841701507,0.0,0.1778195947408676,0.1947420686483383,True,True,False,True,True
test|Edu_8_20260616_150108|2931412223000,Edu,Edu_8_20260616_150108,2931412223000,continue,continue,0.2955922186374664,0.3291618824005127,0.0,0.1784020364284515,0.1968438774347305,True,True,False,True,True
test|Edu_8_20260616_150108|2931745556000,Edu,Edu_8_20260616_150108,2931745556000,continue,continue,0.3005242645740509,0.3213739395141601,0.0,0.1800966709852218,0.1980051100254058,True,True,False,True,True
test|Edu_8_20260616_150108|2932078890000,Edu,Edu_8_20260616_150108,2932078890000,continue,continue,0.303625077009201,0.3127646446228027,0.0,0.1836885064840316,0.1999217569828033,True,True,False,True,True
test|Edu_8_20260616_150108|2932412223000,Edu,Edu_8_20260616_150108,2932412223000,continue,continue,0.3122032582759857,0.2910360097885132,0.0,0.1949217170476913,0.2018389850854873,True,True,False,True,True
test|Edu_8_20260616_150108|2932745556000,Edu,Edu_8_20260616_150108,2932745556000,continue,continue,0.32387775182724,0.259947657585144,0.0,0.209425613284111,0.2067490071058273,True,True,False,True,True
test|Edu_8_20260616_150108|2933078890000,Edu,Edu_8_20260616_150108,2933078890000,continue,fetch,0.3361538052558899,0.2331537157297134,0.0,0.2123452872037887,0.2183471322059631,True,True,False,True,True
test|Edu_8_20260616_150108|2933412223000,Edu,Edu_8_20260616_150108,2933412223000,fetch,fetch,0.3423421382904053,0.2159867882728576,0.0,0.2204971611499786,0.2211739122867584,True,True,False,True,True
test|Edu_8_20260616_150108|2933745556000,Edu,Edu_8_20260616_150108,2933745556000,fetch,fetch,0.3477987647056579,0.2030106037855148,0.0,0.2206317335367202,0.2285588830709457,True,True,False,True,True
test|Edu_8_20260616_150108|2934078889000,Edu,Edu_8_20260616_150108,2934078889000,fetch,fetch,0.3526550233364105,0.193322479724884,0.0,0.2177777737379074,0.2362446784973144,True,True,False,True,True
test|Edu_8_20260616_150108|2934412223000,Edu,Edu_8_20260616_150108,2934412223000,fetch,fetch,0.3559022843837738,0.1939965337514877,0.0,0.2070908397436142,0.243010327219963,True,True,False,True,True
test|Edu_8_20260616_150108|2934745556000,Edu,Edu_8_20260616_150108,2934745556000,fetch,fetch,0.3574346303939819,0.202431708574295,0.0,0.1963884979486465,0.2437451928853988,True,True,False,True,True
test|Edu_8_20260616_150108|2935078889000,Edu,Edu_8_20260616_150108,2935078889000,fetch,fetch,0.3577542603015899,0.2092476338148117,0.0,0.1965917348861694,0.2364063709974289,True,True,False,True,True
test|Edu_8_20260616_150108|2935412223000,Edu,Edu_8_20260616_150108,2935412223000,fetch,fetch,0.3188685178756714,0.1946366280317306,0.1084518954157829,0.168898344039917,0.2091446369886398,True,True,True,True,True
test|Edu_8_20260616_150108|2935745556000,Edu,Edu_8_20260616_150108,2935745556000,fetch,fetch,0.313909500837326,0.2056536376476287,0.1063275933265686,0.166421040892601,0.2076882123947143,True,True,True,True,True
test|Edu_8_20260616_150108|2936078889000,Edu,Edu_8_20260616_150108,2936078889000,fetch,fetch,0.3094547688961029,0.2194066494703292,0.1048447862267494,0.1643419563770294,0.2019518762826919,True,True,True,True,True
test|Edu_8_20260616_150108|2936412223000,Edu,Edu_8_20260616_150108,2936412223000,fetch,fetch,0.3072661161422729,0.2254882901906967,0.1039548963308334,0.1646830439567566,0.1986076682806015,True,True,True,True,True
test|Edu_8_20260616_150108|2936745556000,Edu,Edu_8_20260616_150108,2936745556000,fetch,fetch,0.3072566390037536,0.2198170572519302,0.1044073402881622,0.1697651892900467,0.1987537592649459,True,True,True,True,True
test|Edu_8_20260616_150108|2937078889000,Edu,Edu_8_20260616_150108,2937078889000,fetch,fetch,0.3052334189414978,0.2156805396080017,0.1040447056293487,0.1751958578824997,0.1998455375432968,True,True,True,True,True
test|Edu_8_20260616_150108|2937412222000,Edu,Edu_8_20260616_150108,2937412222000,fetch,fetch,0.3040816187858581,0.2151080965995788,0.1038621664047241,0.1794939935207367,0.1974541544914245,True,True,True,True,True
test|Edu_8_20260616_150108|2937745556000,Edu,Edu_8_20260616_150108,2937745556000,fetch,fetch,0.3061353266239166,0.2163452059030532,0.1042840331792831,0.1818468570709228,0.1913885474205017,True,True,True,True,True
test|Edu_8_20260616_150108|2938078889000,Edu,Edu_8_20260616_150108,2938078889000,fetch,fetch,0.3112775385379791,0.2082640379667282,0.1015831306576728,0.1860587894916534,0.1928165256977081,True,True,True,True,True
test|Edu_8_20260616_150108|2938412222000,Edu,Edu_8_20260616_150108,2938412222000,fetch,fetch,0.3194951713085174,0.1969207972288131,0.0995590388774871,0.1870704442262649,0.1969545036554336,True,True,True,True,True
test|Edu_8_20260616_150108|2940745555000,Edu,Edu_8_20260616_150108,2940745555000,handover,handover,0.3275439739227295,0.1826091855764389,0.101279392838478,0.203311339020729,0.1852561831474304,True,True,True,True,True
test|Edu_8_20260616_150108|2941078889000,Edu,Edu_8_20260616_150108,2941078889000,handover,handover,0.3204469978809356,0.1936747878789901,0.1020382270216941,0.2016635090112686,0.1821764260530471,True,True,True,True,True
test|Edu_8_20260616_150108|2941412222000,Edu,Edu_8_20260616_150108,2941412222000,handover,handover,0.3086007535457611,0.2128501236438751,0.10053251683712,0.1977242827415466,0.1802923530340194,True,True,True,True,True
test|Edu_8_20260616_150108|2941745555000,Edu,Edu_8_20260616_150108,2941745555000,handover,handover,0.2948534190654754,0.2403119951486587,0.0980962738394737,0.1934414058923721,0.1732969135046005,True,True,True,True,True
test|Edu_8_20260616_150108|2942078889000,Edu,Edu_8_20260616_150108,2942078889000,handover,handover,0.2799998223781585,0.2725094258785248,0.0958909541368484,0.1869598776102066,0.1646399050951004,True,True,True,True,True
test|Edu_8_20260616_150108|2942412222000,Edu,Edu_8_20260616_150108,2942412222000,handover,handover,0.2611462473869324,0.3081787526607513,0.0928244441747665,0.1781062632799148,0.1597442477941513,True,True,True,True,True
test|Edu_8_20260616_150108|2942745555000,Edu,Edu_8_20260616_150108,2942745555000,handover,handover,0.2409168481826782,0.348389983177185,0.090290255844593,0.1668976545333862,0.153505191206932,True,True,True,True,True
test|Edu_8_20260616_150108|2943078889000,Edu,Edu_8_20260616_150108,2943078889000,handover,handover,0.2291937470436096,0.368285983800888,0.0907242000102996,0.162144273519516,0.1496517658233642,True,True,True,True,True
test|Edu_8_20260616_150108|2943412222000,Edu,Edu_8_20260616_150108,2943412222000,handover,handover,0.2298862487077713,0.3705371916294098,0.0927298739552497,0.1589401662349701,0.1479065269231796,True,True,True,True,True
test|Edu_8_20260616_150108|2943745555000,Edu,Edu_8_20260616_150108,2943745555000,handover,handover,0.2465523183345794,0.3402657806873321,0.0971161797642707,0.1620695292949676,0.1539961397647857,True,True,True,True,True
test|Edu_8_20260616_150108|2944078888000,Edu,Edu_8_20260616_150108,2944078888000,handover,handover,0.2703492641448974,0.2968273162841797,0.1002764552831649,0.1690708100795745,0.1634761989116668,True,True,True,True,True
test|Edu_8_20260616_150108|2944412222000,Edu,Edu_8_20260616_150108,2944412222000,handover,handover,0.2954007685184479,0.2608014643192291,0.1017709374427795,0.1719726771116256,0.1700541526079177,True,True,True,True,True
test|Edu_9_20260616_150247|3022645556000,Edu,Edu_9_20260616_150247,3022645556000,continue,continue,0.3412104845046997,0.0,0.0,0.2270899266004562,0.4316995739936828,True,False,False,True,True
test|Edu_9_20260616_150247|3022978890000,Edu,Edu_9_20260616_150247,3022978890000,continue,continue,0.3447206914424896,0.0,0.0,0.2278234809637069,0.427455872297287,True,False,False,True,True
test|Edu_9_20260616_150247|3023312223000,Edu,Edu_9_20260616_150247,3023312223000,continue,continue,0.344336062669754,0.0,0.0,0.2374741584062576,0.4181897938251495,True,False,False,True,True
test|Edu_9_20260616_150247|3023645556000,Edu,Edu_9_20260616_150247,3023645556000,continue,continue,0.3411475419998169,0.0,0.0,0.2481942176818847,0.4106582403182983,True,False,False,True,True
test|Edu_9_20260616_150247|3023978889000,Edu,Edu_9_20260616_150247,3023978889000,continue,continue,0.3474788665771484,0.0,0.0,0.2533482909202575,0.399172842502594,True,False,False,True,True
test|Edu_9_20260616_150247|3024312223000,Edu,Edu_9_20260616_150247,3024312223000,continue,continue,0.3466032147407532,0.0,0.0,0.254277765750885,0.3991189897060394,True,False,False,True,True
test|Edu_9_20260616_150247|3024645556000,Edu,Edu_9_20260616_150247,3024645556000,continue,continue,0.3421553075313568,0.0,0.0,0.2503561079502105,0.4074885845184326,True,False,False,True,True
test|Edu_9_20260616_150247|3024978889000,Edu,Edu_9_20260616_150247,3024978889000,continue,continue,0.339196503162384,0.0,0.0,0.2501894831657409,0.4106139838695526,True,False,False,True,True
test|Edu_9_20260616_150247|3025312223000,Edu,Edu_9_20260616_150247,3025312223000,continue,continue,0.348806083202362,0.0,0.0,0.2393267452716827,0.4118671715259552,True,False,False,True,True
test|Edu_9_20260616_150247|3025645556000,Edu,Edu_9_20260616_150247,3025645556000,continue,continue,0.3570167124271393,0.0,0.0,0.2287909984588623,0.4141922891139984,True,False,False,True,True
test|Edu_9_20260616_150247|3025978889000,Edu,Edu_9_20260616_150247,3025978889000,continue,continue,0.3613844811916351,0.0,0.0,0.2368783056735992,0.401737242937088,True,False,False,True,True
test|Edu_9_20260616_150247|3026312223000,Edu,Edu_9_20260616_150247,3026312223000,continue,continue,0.3649855256080627,0.0,0.0,0.2427705526351928,0.392243891954422,True,False,False,True,True
test|Edu_9_20260616_150247|3026645556000,Edu,Edu_9_20260616_150247,3026645556000,continue,continue,0.3679076135158539,0.0,0.0,0.2449684888124466,0.3871238231658935,True,False,False,True,True
test|Edu_9_20260616_150247|3026978889000,Edu,Edu_9_20260616_150247,3026978889000,continue,continue,0.3628996610641479,0.0,0.0,0.2533711791038513,0.3837291598320007,True,False,False,True,True
test|Edu_9_20260616_150247|3027312222000,Edu,Edu_9_20260616_150247,3027312222000,continue,continue,0.3516577482223511,0.0,0.0,0.2709127962589264,0.3774294853210449,True,False,False,True,True
test|Edu_9_20260616_150247|3027645556000,Edu,Edu_9_20260616_150247,3027645556000,continue,continue,0.3473341464996338,0.0,0.0,0.2754639089107513,0.3772019147872925,True,False,False,True,True
test|Edu_9_20260616_150247|3027978889000,Edu,Edu_9_20260616_150247,3027978889000,continue,continue,0.3442690372467041,0.0,0.0,0.266732782125473,0.3889981806278229,True,False,False,True,True
test|Edu_9_20260616_150247|3028312222000,Edu,Edu_9_20260616_150247,3028312222000,continue,continue,0.3385637402534485,0.0,0.0,0.2700018286705017,0.3914344608783722,True,False,False,True,True
test|Edu_9_20260616_150247|3028645556000,Edu,Edu_9_20260616_150247,3028645556000,continue,continue,0.3358584642410278,0.0,0.0,0.2671290934085846,0.3970125019550323,True,False,False,True,True
test|Edu_9_20260616_150247|3028978889000,Edu,Edu_9_20260616_150247,3028978889000,continue,continue,0.3411305844783783,0.0,0.0,0.2538295686244964,0.4050398468971252,True,False,False,True,True
test|Edu_9_20260616_150247|3029312222000,Edu,Edu_9_20260616_150247,3029312222000,continue,continue,0.3439679145812988,0.0,0.0,0.2371275126934051,0.4189046323299408,True,False,False,True,True
test|Edu_9_20260616_150247|3029645555000,Edu,Edu_9_20260616_150247,3029645555000,continue,continue,0.3403716385364532,0.0,0.0,0.2286588102579116,0.4309695661067962,True,False,False,True,True
test|Edu_9_20260616_150247|3029978889000,Edu,Edu_9_20260616_150247,3029978889000,continue,continue,0.3335241079330444,0.0,0.0,0.2264879494905471,0.4399878978729248,True,False,False,True,True
test|Edu_9_20260616_150247|3030312222000,Edu,Edu_9_20260616_150247,3030312222000,continue,continue,0.3287566602230072,0.0,0.0,0.2204425930976867,0.4508007764816284,True,False,False,True,True
test|Edu_9_20260616_150247|3030645555000,Edu,Edu_9_20260616_150247,3030645555000,continue,continue,0.3269966840744018,0.0,0.0,0.2198526263236999,0.4531506896018982,True,False,False,True,True
test|Edu_9_20260616_150247|3030978889000,Edu,Edu_9_20260616_150247,3030978889000,continue,continue,0.330335408449173,0.0,0.0,0.2219940423965454,0.4476705193519592,True,False,False,True,True
test|Edu_9_20260616_150247|3031312222000,Edu,Edu_9_20260616_150247,3031312222000,continue,continue,0.3302948474884033,0.0,0.0,0.2241275906562805,0.4455775618553161,True,False,False,True,True
test|Edu_9_20260616_150247|3031645555000,Edu,Edu_9_20260616_150247,3031645555000,continue,continue,0.3297134339809418,0.0,0.0,0.2403760403394699,0.4299106001853943,True,False,False,True,True
test|Edu_9_20260616_150247|3031978889000,Edu,Edu_9_20260616_150247,3031978889000,continue,continue,0.3303601741790771,0.0,0.0,0.251352995634079,0.4182868599891662,True,False,False,True,True
test|Edu_9_20260616_150247|3032312222000,Edu,Edu_9_20260616_150247,3032312222000,continue,continue,0.3376047313213348,0.0,0.0,0.2632463872432709,0.3991489112377167,True,False,False,True,True
test|Edu_9_20260616_150247|3032645555000,Edu,Edu_9_20260616_150247,3032645555000,continue,continue,0.3396617472171783,0.0,0.0,0.2751520574092865,0.3851861953735351,True,False,False,True,True
test|Edu_9_20260616_150247|3032978889000,Edu,Edu_9_20260616_150247,3032978889000,continue,continue,0.3403664231300354,0.0,0.0,0.2778571546077728,0.3817763924598694,True,False,False,True,True
test|Edu_9_20260616_150247|3033312222000,Edu,Edu_9_20260616_150247,3033312222000,continue,continue,0.3483069837093353,0.0,0.0,0.2754997014999389,0.3761933743953705,True,False,False,True,True
test|Edu_9_20260616_150247|3033645555000,Edu,Edu_9_20260616_150247,3033645555000,continue,fetch,0.3595808148384094,0.0,0.0,0.2654457688331604,0.3749734461307525,True,False,False,True,True
test|Edu_9_20260616_150247|3033978888000,Edu,Edu_9_20260616_150247,3033978888000,continue,fetch,0.367315411567688,0.0,0.0,0.2583470344543457,0.3743375539779663,True,False,False,True,True
test|Edu_9_20260616_150247|3034312222000,Edu,Edu_9_20260616_150247,3034312222000,continue,continue,0.3747233748435974,0.0,0.0,0.2502218186855316,0.3750547766685486,True,False,False,True,True
test|Edu_9_20260616_150247|3034645555000,Edu,Edu_9_20260616_150247,3034645555000,continue,continue,0.380588173866272,0.0,0.0,0.2437148094177246,0.375696986913681,True,False,False,True,True
test|Edu_9_20260616_150247|3034978888000,Edu,Edu_9_20260616_150247,3034978888000,continue,fetch,0.3784608840942383,0.0,0.0,0.2423101663589477,0.3792290091514587,True,False,False,True,True
test|Edu_9_20260616_150247|3035312222000,Edu,Edu_9_20260616_150247,3035312222000,continue,fetch,0.3722877502441406,0.0,0.0,0.2437204867601394,0.3839917182922363,True,False,False,True,True
test|Edu_9_20260616_150247|3035645555000,Edu,Edu_9_20260616_150247,3035645555000,continue,continue,0.3622772395610809,0.0,0.0,0.2488580197095871,0.3888647854328155,True,False,False,True,True
test|Edu_9_20260616_150247|3035978888000,Edu,Edu_9_20260616_150247,3035978888000,continue,continue,0.3504330813884735,0.0,0.0,0.2544447183609009,0.395122230052948,True,False,False,True,True
test|Edu_9_20260616_150247|3036312221000,Edu,Edu_9_20260616_150247,3036312221000,continue,continue,0.3402157723903656,0.0,0.0,0.25662562251091,0.4031586349010467,True,False,False,True,True
test|Edu_9_20260616_150247|3036645555000,Edu,Edu_9_20260616_150247,3036645555000,fetch,fetch,0.331689715385437,0.0,0.0,0.2656167149543762,0.4026935994625091,True,False,False,True,True
test|Edu_9_20260616_150247|3036978888000,Edu,Edu_9_20260616_150247,3036978888000,fetch,fetch,0.332951158285141,0.0,0.0,0.2633249759674072,0.4037238955497741,True,False,False,True,True
test|Edu_9_20260616_150247|3037312221000,Edu,Edu_9_20260616_150247,3037312221000,fetch,fetch,0.3304182291030884,0.0,0.0,0.2571014761924743,0.4124802649021148,True,False,False,True,True
test|Edu_9_20260616_150247|3037645555000,Edu,Edu_9_20260616_150247,3037645555000,fetch,handover,0.337598979473114,0.0,0.0,0.2493081092834472,0.4130929708480835,True,False,False,True,True
test|Edu_9_20260616_150247|3037978888000,Edu,Edu_9_20260616_150247,3037978888000,fetch,handover,0.351808488368988,0.0,0.0,0.2435155659914016,0.4046759903430938,True,False,False,True,True
test|Edu_9_20260616_150247|3038312221000,Edu,Edu_9_20260616_150247,3038312221000,fetch,handover,0.3671652972698211,0.0,0.0,0.2488084286451339,0.3840263187885284,True,False,False,True,True
test|Edu_9_20260616_150247|3038645555000,Edu,Edu_9_20260616_150247,3038645555000,fetch,handover,0.3809423446655273,0.0,0.0,0.2498366087675094,0.3692211210727691,True,False,False,True,True
test|Edu_9_20260616_150247|3038978888000,Edu,Edu_9_20260616_150247,3038978888000,fetch,handover,0.3880446553230285,0.0,0.0,0.2544687688350677,0.3574866056442261,True,False,False,True,True
test|Edu_9_20260616_150247|3039312221000,Edu,Edu_9_20260616_150247,3039312221000,fetch,handover,0.3967502415180206,0.0,0.0,0.257099449634552,0.346150279045105,True,False,False,True,True
test|Edu_9_20260616_150247|3039645555000,Edu,Edu_9_20260616_150247,3039645555000,fetch,handover,0.4013168811798095,0.0,0.0,0.2600094676017761,0.3386736214160919,True,False,False,True,True
test|Edu_9_20260616_150247|3039978888000,Edu,Edu_9_20260616_150247,3039978888000,fetch,handover,0.3989871740341186,0.0,0.0,0.2608610689640045,0.3401517570018768,True,False,False,True,True
test|Edu_9_20260616_150247|3040312221000,Edu,Edu_9_20260616_150247,3040312221000,fetch,handover,0.3953151404857635,0.0,0.0,0.2573497295379638,0.3473351001739502,True,False,False,True,True
test|Edu_9_20260616_150247|3040645554000,Edu,Edu_9_20260616_150247,3040645554000,fetch,handover,0.3803634941577911,0.0,0.0,0.2545050084590912,0.3651314675807953,True,False,False,True,True
test|Edu_9_20260616_150247|3040978888000,Edu,Edu_9_20260616_150247,3040978888000,fetch,handover,0.3661068081855774,0.0,0.0,0.256658524274826,0.3772347271442413,True,False,False,True,True
test|Edu_9_20260616_150247|3041312221000,Edu,Edu_9_20260616_150247,3041312221000,fetch,fetch,0.3581788539886474,0.0,0.0,0.2542558908462524,0.3875651657581329,True,False,False,True,True
test|Edu_9_20260616_150247|3041645554000,Edu,Edu_9_20260616_150247,3041645554000,fetch,fetch,0.3507736027240753,0.0,0.0,0.2483269572257995,0.4008994698524475,True,False,False,True,True
test|Edu_9_20260616_150247|3043312221000,Edu,Edu_9_20260616_150247,3043312221000,handover,handover,0.3386255800724029,0.0,0.0,0.2431061565876007,0.4182682931423187,True,False,False,True,True
test|Edu_9_20260616_150247|3043645554000,Edu,Edu_9_20260616_150247,3043645554000,handover,handover,0.3419159948825836,0.0,0.0,0.2498990297317505,0.4081849455833435,True,False,False,True,True
test|Edu_9_20260616_150247|3043978887000,Edu,Edu_9_20260616_150247,3043978887000,handover,handover,0.3510748744010925,0.0,0.0,0.2558791041374206,0.3930460512638092,True,False,False,True,True
test|Edu_9_20260616_150247|3044312221000,Edu,Edu_9_20260616_150247,3044312221000,handover,handover,0.359442800283432,0.0,0.0,0.2617489397525787,0.3788082599639892,True,False,False,True,True
test|Edu_9_20260616_150247|3044645554000,Edu,Edu_9_20260616_150247,3044645554000,handover,handover,0.3663916885852813,0.0,0.0,0.2666319608688354,0.3669763803482055,True,False,False,True,True
test|Edu_9_20260616_150247|3044978887000,Edu,Edu_9_20260616_150247,3044978887000,handover,handover,0.3785954415798187,0.0,0.0,0.2587974667549133,0.3626070916652679,True,False,False,True,True
test|Edu_9_20260616_150247|3045312221000,Edu,Edu_9_20260616_150247,3045312221000,handover,handover,0.3827404975891113,0.0,0.0,0.2571430504322052,0.3601164221763611,True,False,False,True,True
test|Edu_9_20260616_150247|3045645554000,Edu,Edu_9_20260616_150247,3045645554000,handover,handover,0.3874624967575073,0.0,0.0,0.2587435245513916,0.3537940680980682,True,False,False,True,True
test|Edu_9_20260616_150247|3045978887000,Edu,Edu_9_20260616_150247,3045978887000,handover,handover,0.3868364989757538,0.0,0.0,0.2537595927715301,0.3594038784503937,True,False,False,True,True
test|Edu_9_20260616_150247|3046312220000,Edu,Edu_9_20260616_150247,3046312220000,handover,handover,0.3851162791252136,0.0,0.0,0.2515661418437958,0.363317608833313,True,False,False,True,True
test|Edu_9_20260616_150247|3046645554000,Edu,Edu_9_20260616_150247,3046645554000,handover,handover,0.3752838373184204,0.0,0.0,0.2541206181049347,0.3705955147743225,True,False,False,True,True
test|Jona_1_20260616_181413|1769278906000,Jona,Jona_1_20260616_181413,1769278906000,continue,continue,0.2270417213439941,0.2707670927047729,0.1247474923729896,0.1952794343233108,0.1821642518043518,True,True,True,True,True
test|Jona_1_20260616_181413|1769612240000,Jona,Jona_1_20260616_181413,1769612240000,continue,continue,0.2398559004068374,0.2652235031127929,0.1198276355862617,0.196304589509964,0.1787883639335632,True,True,True,True,True
test|Jona_1_20260616_181413|1769945573000,Jona,Jona_1_20260616_181413,1769945573000,continue,continue,0.2400500774383545,0.2666327357292175,0.1176634803414344,0.1975919008255005,0.1780617535114288,True,True,True,True,True
test|Jona_1_20260616_181413|1770278906000,Jona,Jona_1_20260616_181413,1770278906000,continue,continue,0.2375527024269104,0.2714753150939941,0.1155947223305702,0.1985095143318176,0.1768677979707718,True,True,True,True,True
test|Jona_1_20260616_181413|1770612239000,Jona,Jona_1_20260616_181413,1770612239000,continue,continue,0.2376437932252884,0.2702476680278778,0.114919327199459,0.1972353905439376,0.179953783750534,True,True,True,True,True
test|Jona_1_20260616_181413|1770945573000,Jona,Jona_1_20260616_181413,1770945573000,continue,continue,0.2360394299030304,0.2729457914829254,0.1153656989336013,0.1967439502477646,0.1789051443338394,True,True,True,True,True
test|Jona_1_20260616_181413|1771278906000,Jona,Jona_1_20260616_181413,1771278906000,continue,continue,0.2358024418354034,0.2750738859176636,0.1159702092409133,0.1931177377700805,0.1800357103347778,True,True,True,True,True
test|Jona_1_20260616_181413|1771612239000,Jona,Jona_1_20260616_181413,1771612239000,continue,continue,0.2401290088891983,0.2746871411800384,0.1176877841353416,0.187700092792511,0.1797959506511688,True,True,True,True,True
test|Jona_1_20260616_181413|1771945573000,Jona,Jona_1_20260616_181413,1771945573000,continue,continue,0.2422416806221008,0.2720379531383514,0.1197788938879966,0.1839703619480133,0.1819711327552795,True,True,True,True,True
test|Jona_1_20260616_181413|1772278906000,Jona,Jona_1_20260616_181413,1772278906000,continue,continue,0.240894079208374,0.2681674063205719,0.1216030195355415,0.1830349117517471,0.1863005757331848,True,True,True,True,True
test|Jona_1_20260616_181413|1772612239000,Jona,Jona_1_20260616_181413,1772612239000,continue,continue,0.2372118383646011,0.2659036517143249,0.122256338596344,0.1892364770174026,0.1853916943073272,True,True,True,True,True
test|Jona_1_20260616_181413|1772945572000,Jona,Jona_1_20260616_181413,1772945572000,continue,continue,0.2342923134565353,0.2638731598854065,0.1206934824585914,0.1998541951179504,0.1812868565320968,True,True,True,True,True
test|Jona_1_20260616_181413|1773278906000,Jona,Jona_1_20260616_181413,1773278906000,continue,continue,0.2305047661066055,0.2645878791809082,0.1208797693252563,0.2062205225229263,0.1778071373701095,True,True,True,True,True
test|Jona_1_20260616_181413|1773612239000,Jona,Jona_1_20260616_181413,1773612239000,continue,continue,0.2245506048202514,0.2612931728363037,0.1228143870830535,0.2117162495851516,0.1796256005764007,True,True,True,True,True
test|Jona_1_20260616_181413|1773945572000,Jona,Jona_1_20260616_181413,1773945572000,continue,continue,0.2217740714550018,0.2635692954063415,0.1246146261692047,0.2074286192655563,0.1826134026050567,True,True,True,True,True
test|Jona_1_20260616_181413|1774278906000,Jona,Jona_1_20260616_181413,1774278906000,continue,continue,0.2205102145671844,0.2709330320358276,0.1278007179498672,0.2003136724233627,0.1804423928260803,True,True,True,True,True
test|Jona_1_20260616_181413|1774612239000,Jona,Jona_1_20260616_181413,1774612239000,continue,continue,0.2193142920732498,0.2785242795944214,0.1304959207773208,0.1936726123094558,0.1779928207397461,True,True,True,True,True
test|Jona_1_20260616_181413|1774945572000,Jona,Jona_1_20260616_181413,1774945572000,continue,continue,0.21584053337574,0.277231752872467,0.1316311210393905,0.1946789771318435,0.1806176304817199,True,True,True,True,True
test|Jona_1_20260616_181413|1775278906000,Jona,Jona_1_20260616_181413,1775278906000,continue,continue,0.2181878089904785,0.2701230645179748,0.1336880028247833,0.1962351202964782,0.1817660480737686,True,True,True,True,True
test|Jona_1_20260616_181413|1775612239000,Jona,Jona_1_20260616_181413,1775612239000,continue,continue,0.2224976122379303,0.2670608162879944,0.1324392855167389,0.1996683031320572,0.1783339828252792,True,True,True,True,True
test|Jona_1_20260616_181413|1775945572000,Jona,Jona_1_20260616_181413,1775945572000,continue,continue,0.2231293618679046,0.2703070342540741,0.1332100480794906,0.1994278728961944,0.1739256531000137,True,True,True,True,True
test|Jona_1_20260616_181413|1776278906000,Jona,Jona_1_20260616_181413,1776278906000,continue,continue,0.2235572338104248,0.2680717408657074,0.1338424533605575,0.204719990491867,0.1698085367679596,True,True,True,True,True
test|Jona_1_20260616_181413|1776612239000,Jona,Jona_1_20260616_181413,1776612239000,continue,continue,0.224796175956726,0.2638901174068451,0.1363330632448196,0.2089565098285675,0.1660240590572357,True,True,True,True,True
test|Jona_1_20260616_181413|1776945572000,Jona,Jona_1_20260616_181413,1776945572000,continue,continue,0.2276200354099273,0.2678097188472748,0.1376516819000244,0.2037979513406753,0.163120612502098,True,True,True,True,True
test|Jona_1_20260616_181413|1777278905000,Jona,Jona_1_20260616_181413,1777278905000,continue,continue,0.2228029817342758,0.2742243111133575,0.1356077939271927,0.2025435119867324,0.1648213863372802,True,True,True,True,True
test|Jona_1_20260616_181413|1777612239000,Jona,Jona_1_20260616_181413,1777612239000,continue,fetch,0.2167609632015228,0.2772143483161926,0.1346742361783981,0.1982626616954803,0.1730877757072448,True,True,True,True,True
test|Jona_1_20260616_181413|1777945572000,Jona,Jona_1_20260616_181413,1777945572000,continue,fetch,0.2179631888866424,0.2669593095779419,0.1340754777193069,0.2023999691009521,0.1786020398139953,True,True,True,True,True
test|Jona_1_20260616_181413|1778278905000,Jona,Jona_1_20260616_181413,1778278905000,continue,fetch,0.2170455604791641,0.2657106816768646,0.1322707235813141,0.2029551416635513,0.1820178925991058,True,True,True,True,True
test|Jona_1_20260616_181413|1778612239000,Jona,Jona_1_20260616_181413,1778612239000,continue,fetch,0.2189782261848449,0.2592429220676422,0.1295945197343826,0.2038392275571823,0.188345119357109,True,True,True,True,True
test|Jona_1_20260616_181413|1778945572000,Jona,Jona_1_20260616_181413,1778945572000,fetch,fetch,0.226044625043869,0.2491095066070556,0.1288283318281173,0.2035384327173233,0.1924791634082794,True,True,True,True,True
test|Jona_1_20260616_181413|1779278905000,Jona,Jona_1_20260616_181413,1779278905000,fetch,fetch,0.2339621633291244,0.2404826432466507,0.1299796402454376,0.2015931904315948,0.1939823031425476,True,True,True,True,True
test|Jona_1_20260616_181413|1779612238000,Jona,Jona_1_20260616_181413,1779612238000,fetch,fetch,0.239007756114006,0.2369274944067001,0.130251795053482,0.2015046924352646,0.19230817258358,True,True,True,True,True
test|Jona_1_20260616_181413|1779945572000,Jona,Jona_1_20260616_181413,1779945572000,fetch,fetch,0.2387195229530334,0.2385723292827606,0.131704494357109,0.2021819055080413,0.1888217777013778,True,True,True,True,True
test|Jona_1_20260616_181413|1780278905000,Jona,Jona_1_20260616_181413,1780278905000,fetch,fetch,0.2415216714143753,0.2343200296163559,0.1324830651283264,0.2035179287195205,0.1881573647260666,True,True,True,True,True
test|Jona_1_20260616_181413|1780612238000,Jona,Jona_1_20260616_181413,1780612238000,fetch,fetch,0.2442994564771652,0.2295139133930206,0.1337987035512924,0.2076228111982345,0.1847651153802871,True,True,True,True,True
test|Jona_1_20260616_181413|1780945572000,Jona,Jona_1_20260616_181413,1780945572000,fetch,fetch,0.242723673582077,0.2301398515701294,0.1346671283245086,0.2098550200462341,0.1826143264770507,True,True,True,True,True
test|Jona_1_20260616_181413|1781278905000,Jona,Jona_1_20260616_181413,1781278905000,fetch,fetch,0.2406278997659683,0.2309090942144394,0.1344756484031677,0.211006686091423,0.1829806715250015,True,True,True,True,True
test|Jona_1_20260616_181413|1781612238000,Jona,Jona_1_20260616_181413,1781612238000,fetch,fetch,0.2397555708885193,0.2336249947547912,0.1342511028051376,0.2119799256324768,0.1803884208202362,True,True,True,True,True
test|Jona_1_20260616_181413|1781945572000,Jona,Jona_1_20260616_181413,1781945572000,fetch,fetch,0.2383243143558502,0.2370385378599167,0.1333156824111938,0.2111989706754684,0.1801225841045379,True,True,True,True,True
test|Jona_1_20260616_181413|1782278905000,Jona,Jona_1_20260616_181413,1782278905000,fetch,fetch,0.2359504550695419,0.2388764768838882,0.1326139420270919,0.2138397544622421,0.1787192821502685,True,True,True,True,True
test|Jona_1_20260616_181413|1782612238000,Jona,Jona_1_20260616_181413,1782612238000,fetch,fetch,0.2367393374443054,0.2410189360380172,0.1327815353870391,0.2098491936922073,0.1796110123395919,True,True,True,True,True
test|Jona_1_20260616_181413|1786278904000,Jona,Jona_1_20260616_181413,1786278904000,handover,handover,0.2492327690124511,0.2576916217803955,0.1225955411791801,0.1972689181566238,0.1732111722230911,True,True,True,True,True
test|Jona_1_20260616_181413|1786612238000,Jona,Jona_1_20260616_181413,1786612238000,handover,handover,0.2476362884044647,0.2798430323600769,0.1189533174037933,0.1892074942588806,0.1643598824739456,True,True,True,True,True
test|Jona_1_20260616_181413|1786945571000,Jona,Jona_1_20260616_181413,1786945571000,handover,handover,0.2428022474050521,0.3009440898895263,0.1133669316768646,0.1812015771865844,0.1616851687431335,True,True,True,True,True
test|Jona_1_20260616_181413|1787278904000,Jona,Jona_1_20260616_181413,1787278904000,handover,handover,0.2342648804187774,0.3252788186073303,0.1087043136358261,0.1726247668266296,0.1591272205114364,True,True,True,True,True
test|Jona_1_20260616_181413|1787612238000,Jona,Jona_1_20260616_181413,1787612238000,handover,handover,0.2239464521408081,0.3484551608562469,0.1042318791151046,0.1659899204969406,0.157376617193222,True,True,True,True,True
test|Jona_1_20260616_181413|1787945571000,Jona,Jona_1_20260616_181413,1787945571000,handover,handover,0.221057578921318,0.3524462878704071,0.1040418595075607,0.1634056121110916,0.1590486615896225,True,True,True,True,True
test|Jona_1_20260616_181413|1788278904000,Jona,Jona_1_20260616_181413,1788278904000,handover,handover,0.2207296937704086,0.3469188213348388,0.1081597954034805,0.1668432354927063,0.1573485285043716,True,True,True,True,True
test|Jona_1_20260616_181413|1788612238000,Jona,Jona_1_20260616_181413,1788612238000,handover,handover,0.2186048626899719,0.3414189517498016,0.1111700236797332,0.1717661917209625,0.1570400148630142,True,True,True,True,True
test|Jona_1_20260616_181413|1788945571000,Jona,Jona_1_20260616_181413,1788945571000,handover,handover,0.214109256863594,0.3453567326068878,0.1137269660830497,0.1723714470863342,0.1544356197118759,True,True,True,True,True
test|Jona_1_20260616_181413|1789278904000,Jona,Jona_1_20260616_181413,1789278904000,handover,handover,0.2110639661550521,0.3500320315361023,0.1152837499976158,0.1735170930624008,0.150103211402893,True,True,True,True,True
test|Jona_1_20260616_181413|1789612237000,Jona,Jona_1_20260616_181413,1789612237000,handover,handover,0.2102427333593368,0.352649062871933,0.1152243316173553,0.1764366179704666,0.1454472839832306,True,True,True,True,True
test|Jona_1_20260616_181413|1789945571000,Jona,Jona_1_20260616_181413,1789945571000,handover,handover,0.2097365707159042,0.3561034798622131,0.1156027764081955,0.1779085397720337,0.1406486183404922,True,True,True,True,True
test|Jona_1_20260616_181413|1790278904000,Jona,Jona_1_20260616_181413,1790278904000,handover,handover,0.2107279598712921,0.358574241399765,0.1145832687616348,0.1760879158973693,0.140026643872261,True,True,True,True,True
test|Jona_2_20260616_181551|1867578905000,Jona,Jona_2_20260616_181551,1867578905000,continue,continue,0.2383029013872146,0.2524658143520355,0.1292878240346908,0.189693808555603,0.1902496516704559,True,True,True,True,True
test|Jona_2_20260616_181551|1867912238000,Jona,Jona_2_20260616_181551,1867912238000,continue,continue,0.2419821619987487,0.2399348765611648,0.1326791793107986,0.1942077428102493,0.1911960244178772,True,True,True,True,True
test|Jona_2_20260616_181551|1868245572000,Jona,Jona_2_20260616_181551,1868245572000,continue,continue,0.2416189461946487,0.2316658496856689,0.1338092535734176,0.197326198220253,0.1955796778202057,True,True,True,True,True
test|Jona_2_20260616_181551|1868578905000,Jona,Jona_2_20260616_181551,1868578905000,continue,continue,0.2418939173221588,0.2310282588005066,0.1340114474296569,0.1974666863679886,0.1955997347831726,True,True,True,True,True
test|Jona_2_20260616_181551|1868912238000,Jona,Jona_2_20260616_181551,1868912238000,continue,continue,0.2409639954566955,0.2380924373865127,0.1342082023620605,0.1944388747215271,0.1922964602708816,True,True,True,True,True
test|Jona_2_20260616_181551|1869245572000,Jona,Jona_2_20260616_181551,1869245572000,continue,continue,0.2387678325176239,0.2451283484697342,0.1342875957489013,0.1935762614011764,0.1882398575544357,True,True,True,True,True
test|Jona_2_20260616_181551|1869578905000,Jona,Jona_2_20260616_181551,1869578905000,continue,continue,0.2336276471614837,0.2522726058959961,0.1341532915830612,0.193578839302063,0.1863676458597183,True,True,True,True,True
test|Jona_2_20260616_181551|1869912238000,Jona,Jona_2_20260616_181551,1869912238000,continue,continue,0.2299040257930755,0.2568434774875641,0.1333560943603515,0.192762941122055,0.1871334463357925,True,True,True,True,True
test|Jona_2_20260616_181551|1870245572000,Jona,Jona_2_20260616_181551,1870245572000,continue,continue,0.2289394438266754,0.2565635442733764,0.1338192969560623,0.1935945451259613,0.1870831847190857,True,True,True,True,True
test|Jona_2_20260616_181551|1870578905000,Jona,Jona_2_20260616_181551,1870578905000,continue,continue,0.2272098511457443,0.2541362345218658,0.1350142657756805,0.1958391517400741,0.1878004521131515,True,True,True,True,True
test|Jona_2_20260616_181551|1870912238000,Jona,Jona_2_20260616_181551,1870912238000,continue,continue,0.2241663485765457,0.2518520355224609,0.1355596631765365,0.1982378512620926,0.1901840567588806,True,True,True,True,True
test|Jona_2_20260616_181551|1871245571000,Jona,Jona_2_20260616_181551,1871245571000,continue,continue,0.2215494513511657,0.2496437728404998,0.1364252269268036,0.1987802684307098,0.1936012357473373,True,True,True,True,True
test|Jona_2_20260616_181551|1871578905000,Jona,Jona_2_20260616_181551,1871578905000,continue,continue,0.2210031300783157,0.2487194836139679,0.1364323049783706,0.1978158354759216,0.1960291862487793,True,True,True,True,True
test|Jona_2_20260616_181551|1871912238000,Jona,Jona_2_20260616_181551,1871912238000,continue,continue,0.2208369225263595,0.2471318542957306,0.136183962225914,0.1975548863410949,0.1982922852039337,True,True,True,True,True
test|Jona_2_20260616_181551|1872245571000,Jona,Jona_2_20260616_181551,1872245571000,continue,continue,0.221852108836174,0.246336817741394,0.1363313198089599,0.1973001360893249,0.198179692029953,True,True,True,True,True
test|Jona_2_20260616_181551|1872578905000,Jona,Jona_2_20260616_181551,1872578905000,continue,continue,0.223194271326065,0.2446022629737854,0.1361318081617355,0.1982721835374832,0.1977995336055755,True,True,True,True,True
test|Jona_2_20260616_181551|1872912238000,Jona,Jona_2_20260616_181551,1872912238000,continue,continue,0.2254391014575958,0.2424132078886032,0.1366539001464843,0.2002633213996887,0.1952304542064666,True,True,True,True,True
test|Jona_2_20260616_181551|1873245571000,Jona,Jona_2_20260616_181551,1873245571000,continue,continue,0.2284935116767883,0.2408147305250167,0.1368580758571624,0.2004889696836471,0.1933446377515792,True,True,True,True,True
test|Jona_2_20260616_181551|1873578905000,Jona,Jona_2_20260616_181551,1873578905000,continue,continue,0.2305978834629058,0.2424623817205429,0.1386815905570984,0.1971513926982879,0.1911067068576812,True,True,True,True,True
test|Jona_2_20260616_181551|1873912238000,Jona,Jona_2_20260616_181551,1873912238000,continue,continue,0.2314098626375198,0.2430177181959152,0.1419987827539444,0.1909952461719513,0.1925783455371856,True,True,True,True,True
test|Jona_2_20260616_181551|1874245571000,Jona,Jona_2_20260616_181551,1874245571000,continue,continue,0.2305666506290435,0.2426490038633346,0.1456386595964431,0.1896566897630691,0.1914890259504318,True,True,True,True,True
test|Jona_2_20260616_181551|1874578904000,Jona,Jona_2_20260616_181551,1874578904000,continue,continue,0.232417806982994,0.2415399551391601,0.148459792137146,0.1907233148813247,0.1868591755628585,True,True,True,True,True
test|Jona_2_20260616_181551|1874912238000,Jona,Jona_2_20260616_181551,1874912238000,continue,continue,0.2347171157598495,0.2418260127305984,0.1509156078100204,0.190247505903244,0.1822938174009323,True,True,True,True,True
test|Jona_2_20260616_181551|1875245571000,Jona,Jona_2_20260616_181551,1875245571000,continue,continue,0.2327035814523697,0.2445398271083831,0.1523047536611557,0.192772701382637,0.1776791661977768,True,True,True,True,True
test|Jona_2_20260616_181551|1875578904000,Jona,Jona_2_20260616_181551,1875578904000,continue,continue,0.2284627854824066,0.2439261376857757,0.1534134149551391,0.2029952853918075,0.1712024062871933,True,True,True,True,True
test|Jona_2_20260616_181551|1875912238000,Jona,Jona_2_20260616_181551,1875912238000,continue,continue,0.225619375705719,0.2392727583646774,0.1552993357181549,0.2113919109106063,0.1684165894985199,True,True,True,True,True
test|Jona_2_20260616_181551|1876245571000,Jona,Jona_2_20260616_181551,1876245571000,continue,continue,0.2243728190660476,0.2366653978824615,0.1563765853643417,0.2145340740680694,0.1680510640144348,True,True,True,True,True
test|Jona_2_20260616_181551|1876578904000,Jona,Jona_2_20260616_181551,1876578904000,continue,continue,0.2226548194885254,0.2342806458473205,0.1588494181632995,0.2148514091968536,0.169363722205162,True,True,True,True,True
test|Jona_2_20260616_181551|1876912238000,Jona,Jona_2_20260616_181551,1876912238000,continue,continue,0.2199881225824356,0.2340060621500015,0.1619934290647506,0.2130762040615081,0.170936182141304,True,True,True,True,True
test|Jona_2_20260616_181551|1877245571000,Jona,Jona_2_20260616_181551,1877245571000,continue,continue,0.2184796929359436,0.2342772483825683,0.165697231888771,0.2111820727586746,0.1703638285398483,True,True,True,True,True
test|Jona_2_20260616_181551|1877578904000,Jona,Jona_2_20260616_181551,1877578904000,continue,continue,0.21839240193367,0.2344468533992767,0.1670603305101394,0.2075696885585785,0.172530710697174,True,True,True,True,True
test|Jona_2_20260616_181551|1877912237000,Jona,Jona_2_20260616_181551,1877912237000,continue,continue,0.2186042070388794,0.235034167766571,0.1682882755994796,0.2102778851985931,0.1677954494953155,True,True,True,True,True
test|Jona_2_20260616_181551|1878245571000,Jona,Jona_2_20260616_181551,1878245571000,continue,continue,0.2194808423519134,0.2363991290330886,0.1698356419801712,0.2109395712614059,0.1633447855710983,True,True,True,True,True
test|Jona_2_20260616_181551|1878578904000,Jona,Jona_2_20260616_181551,1878578904000,continue,continue,0.2197230905294418,0.2372457981109619,0.1699556559324264,0.2122347503900528,0.1608406603336334,True,True,True,True,True
test|Jona_2_20260616_181551|1878912237000,Jona,Jona_2_20260616_181551,1878912237000,continue,continue,0.2203065007925033,0.2382931262254715,0.1707619279623031,0.2130836695432663,0.1575548201799392,True,True,True,True,True
test|Jona_2_20260616_181551|1879245571000,Jona,Jona_2_20260616_181551,1879245571000,continue,continue,0.2206462919712066,0.2387901991605758,0.1712256968021392,0.2129985839128494,0.1563391983509063,True,True,True,True,True
test|Jona_2_20260616_181551|1879578904000,Jona,Jona_2_20260616_181551,1879578904000,continue,continue,0.2199431806802749,0.2375376522541046,0.1766562163829803,0.2119850218296051,0.1538778394460678,True,True,True,True,True
test|Jona_2_20260616_181551|1879912237000,Jona,Jona_2_20260616_181551,1879912237000,continue,continue,0.2670792043209076,0.2855377197265625,0.0,0.2556068897247314,0.191776156425476,True,True,False,True,True
test|Jona_2_20260616_181551|1880245571000,Jona,Jona_2_20260616_181551,1880245571000,continue,continue,0.2680546045303345,0.2827483117580414,0.0,0.2548697590827942,0.1943273395299911,True,True,False,True,True
test|Jona_2_20260616_181551|1880578904000,Jona,Jona_2_20260616_181551,1880578904000,continue,continue,0.2685309648513794,0.2806434631347656,0.0,0.2529843747615814,0.1978412568569183,True,True,False,True,True
test|Jona_2_20260616_181551|1880912237000,Jona,Jona_2_20260616_181551,1880912237000,continue,continue,0.2695726752281189,0.2786374688148498,0.0,0.252278596162796,0.1995112597942352,True,True,False,True,True
test|Jona_2_20260616_181551|1881245570000,Jona,Jona_2_20260616_181551,1881245570000,continue,continue,0.271267294883728,0.276548683643341,0.0,0.2487518042325973,0.2034322619438171,True,True,False,True,True
test|Jona_2_20260616_181551|1881578904000,Jona,Jona_2_20260616_181551,1881578904000,continue,continue,0.2709264755249023,0.2749134600162506,0.0,0.2476721107959747,0.2064879387617111,True,True,False,True,True
test|Jona_2_20260616_181551|1881912237000,Jona,Jona_2_20260616_181551,1881912237000,continue,continue,0.269684225320816,0.2749237716197967,0.0,0.2464612126350402,0.2089308202266693,True,True,False,True,True
test|Jona_2_20260616_181551|1882245570000,Jona,Jona_2_20260616_181551,1882245570000,continue,continue,0.266005128622055,0.2758818566799164,0.0,0.2471628487110138,0.2109501659870147,True,True,False,True,True
test|Jona_2_20260616_181551|1882578904000,Jona,Jona_2_20260616_181551,1882578904000,continue,continue,0.2651818096637726,0.2759856879711151,0.0,0.2491450309753418,0.2096874713897705,True,True,False,True,True
test|Jona_2_20260616_181551|1882912237000,Jona,Jona_2_20260616_181551,1882912237000,continue,continue,0.2640551626682281,0.2747940421104431,0.0,0.2477904707193374,0.2133603245019912,True,True,False,True,True
test|Jona_2_20260616_181551|1883245570000,Jona,Jona_2_20260616_181551,1883245570000,continue,continue,0.2625190019607544,0.2739697396755218,0.0,0.2469509392976761,0.2165603339672088,True,True,False,True,True
test|Jona_2_20260616_181551|1883578904000,Jona,Jona_2_20260616_181551,1883578904000,continue,continue,0.2634817659854889,0.276591956615448,0.0,0.2392388880252838,0.2206874191761016,True,True,False,True,True
test|Jona_2_20260616_181551|1883912237000,Jona,Jona_2_20260616_181551,1883912237000,continue,continue,0.2630799412727356,0.278426855802536,0.0,0.2344062775373459,0.2240869402885437,True,True,False,True,True
test|Jona_2_20260616_181551|1884245570000,Jona,Jona_2_20260616_181551,1884245570000,continue,continue,0.2651749551296234,0.2833360731601715,0.0,0.2274546027183532,0.2240343391895294,True,True,False,True,True
test|Jona_2_20260616_181551|1884578903000,Jona,Jona_2_20260616_181551,1884578903000,continue,continue,0.2583440542221069,0.290091872215271,0.0,0.2276742309331894,0.2238898426294326,True,True,False,True,True
test|Jona_2_20260616_181551|1884912237000,Jona,Jona_2_20260616_181551,1884912237000,continue,continue,0.2502550184726715,0.2984510064125061,0.0,0.231699913740158,0.2195940911769867,True,True,False,True,True
test|Jona_2_20260616_181551|1885245570000,Jona,Jona_2_20260616_181551,1885245570000,continue,continue,0.2444661259651184,0.3043943643569946,0.0,0.2371765524148941,0.2139629423618316,True,True,False,True,True
test|Jona_2_20260616_181551|1885578903000,Jona,Jona_2_20260616_181551,1885578903000,continue,continue,0.2401609867811203,0.3045735359191894,0.0,0.2434058189392089,0.2118596881628036,True,True,False,True,True
test|Jona_2_20260616_181551|1885912237000,Jona,Jona_2_20260616_181551,1885912237000,continue,continue,0.2362398952245712,0.304106593132019,0.0,0.2521572709083557,0.2074961513280868,True,True,False,True,True
test|Jona_2_20260616_181551|1886245570000,Jona,Jona_2_20260616_181551,1886245570000,continue,continue,0.2328967601060867,0.2965705096721649,0.0,0.2635999321937561,0.2069328129291534,True,True,False,True,True
test|Jona_2_20260616_181551|1886578903000,Jona,Jona_2_20260616_181551,1886578903000,continue,continue,0.2334018498659134,0.2921252250671386,0.0,0.2677915692329407,0.2066813558340072,True,True,False,True,True
test|Jona_2_20260616_181551|1886912237000,Jona,Jona_2_20260616_181551,1886912237000,continue,continue,0.234348252415657,0.2922643721103668,0.0,0.2666994035243988,0.2066879868507385,True,True,False,True,True
test|Jona_2_20260616_181551|1887245570000,Jona,Jona_2_20260616_181551,1887245570000,continue,continue,0.2362716645002365,0.2958322763442993,0.0,0.2634978890419006,0.2043981403112411,True,True,False,True,True
test|Jona_2_20260616_181551|1887578903000,Jona,Jona_2_20260616_181551,1887578903000,continue,continue,0.2348047196865081,0.3004224598407745,0.0,0.2634954452514648,0.2012773752212524,True,True,False,True,True
test|Jona_2_20260616_181551|1887912236000,Jona,Jona_2_20260616_181551,1887912236000,continue,continue,0.2323107123374939,0.3047601282596588,0.0,0.2608875036239624,0.2020416259765625,True,True,False,True,True
test|Jona_2_20260616_181551|1888245570000,Jona,Jona_2_20260616_181551,1888245570000,continue,continue,0.2297016829252243,0.3089408874511719,0.0,0.2571486532688141,0.2042087614536285,True,True,False,True,True
test|Jona_2_20260616_181551|1888578903000,Jona,Jona_2_20260616_181551,1888578903000,continue,continue,0.2263689786195755,0.3171062767505646,0.0,0.2502628266811371,0.2062619477510452,True,True,False,True,True
test|Jona_2_20260616_181551|1888912236000,Jona,Jona_2_20260616_181551,1888912236000,continue,continue,0.2230755686759948,0.3261529803276062,0.0,0.2404210567474365,0.2103504091501236,True,True,False,True,True
test|Jona_2_20260616_181551|1889245570000,Jona,Jona_2_20260616_181551,1889245570000,continue,continue,0.2170504331588745,0.332078218460083,0.0,0.2386163026094436,0.2122550904750824,True,True,False,True,True
test|Jona_2_20260616_181551|1889578903000,Jona,Jona_2_20260616_181551,1889578903000,continue,continue,0.2115813940763473,0.3366425037384033,0.0,0.239835113286972,0.211941048502922,True,True,False,True,True
test|Jona_2_20260616_181551|1889912236000,Jona,Jona_2_20260616_181551,1889912236000,continue,continue,0.2073511481285095,0.3413442969322204,0.0,0.2402163594961166,0.2110881507396698,True,True,False,True,True
test|Jona_2_20260616_181551|1890245570000,Jona,Jona_2_20260616_181551,1890245570000,continue,continue,0.2045554369688034,0.3475927710533142,0.0,0.2426086515188217,0.2052431255578994,True,True,False,True,True
test|Jona_2_20260616_181551|1890578903000,Jona,Jona_2_20260616_181551,1890578903000,continue,continue,0.200305551290512,0.3472010493278503,0.0,0.2543554604053497,0.1981379389762878,True,True,False,True,True
test|Jona_2_20260616_181551|1890912236000,Jona,Jona_2_20260616_181551,1890912236000,continue,continue,0.1990040838718414,0.3415572643280029,0.0,0.2670611441135406,0.1923775225877761,True,True,False,True,True
test|Jona_2_20260616_181551|1891245569000,Jona,Jona_2_20260616_181551,1891245569000,continue,continue,0.2019599825143814,0.3393852412700653,0.0,0.2683934271335602,0.1902613788843155,True,True,False,True,True
test|Jona_2_20260616_181551|1891578903000,Jona,Jona_2_20260616_181551,1891578903000,continue,continue,0.2046808153390884,0.3405369520187378,0.0,0.2637776732444763,0.1910045892000198,True,True,False,True,True
test|Jona_2_20260616_181551|1891912236000,Jona,Jona_2_20260616_181551,1891912236000,continue,continue,0.2096298933029174,0.3349020481109619,0.0,0.2627495527267456,0.1927185356616974,True,True,False,True,True
test|Jona_2_20260616_181551|1892245569000,Jona,Jona_2_20260616_181551,1892245569000,continue,continue,0.2142332345247268,0.322272926568985,0.0,0.2636977136135101,0.1997960954904556,True,True,False,True,True
test|Jona_2_20260616_181551|1892578903000,Jona,Jona_2_20260616_181551,1892578903000,continue,fetch,0.2227795869112014,0.3072854876518249,0.0,0.2640216052532196,0.2059133499860763,True,True,False,True,True
test|Jona_2_20260616_181551|1892912236000,Jona,Jona_2_20260616_181551,1892912236000,continue,fetch,0.2291668802499771,0.2910427451133728,0.0,0.2687659561634063,0.2110243886709213,True,True,False,True,True
test|Jona_2_20260616_181551|1893245569000,Jona,Jona_2_20260616_181551,1893245569000,continue,fetch,0.2386591583490371,0.279418021440506,0.0,0.267215371131897,0.2147074341773986,True,True,False,True,True
test|Jona_2_20260616_181551|1893578903000,Jona,Jona_2_20260616_181551,1893578903000,continue,fetch,0.2438170462846756,0.2702966630458832,0.0,0.2645348906517029,0.2213513851165771,True,True,False,True,True
test|Jona_2_20260616_181551|1893912236000,Jona,Jona_2_20260616_181551,1893912236000,continue,fetch,0.2517151236534118,0.2650515437126159,0.0,0.2596023082733154,0.2236310690641403,True,True,False,True,True
test|Jona_2_20260616_181551|1894245569000,Jona,Jona_2_20260616_181551,1894245569000,fetch,fetch,0.2629803717136383,0.2601327300071716,0.0,0.2538827657699585,0.2230041176080703,True,True,False,True,True
test|Jona_2_20260616_181551|1894578902000,Jona,Jona_2_20260616_181551,1894578902000,fetch,fetch,0.269640177488327,0.2574449479579925,0.0,0.2459226846694946,0.2269921898841858,True,True,False,True,True
test|Jona_2_20260616_181551|1894912236000,Jona,Jona_2_20260616_181551,1894912236000,fetch,fetch,0.271934449672699,0.2554709315299988,0.0,0.2403921037912368,0.2322025299072265,True,True,False,True,True
test|Jona_2_20260616_181551|1895245569000,Jona,Jona_2_20260616_181551,1895245569000,fetch,fetch,0.2697824239730835,0.2546313405036926,0.0,0.2392236739397049,0.2363625764846801,True,True,False,True,True
test|Jona_2_20260616_181551|1895578902000,Jona,Jona_2_20260616_181551,1895578902000,fetch,fetch,0.2698771357536316,0.2631425261497497,0.0,0.2336884886026382,0.2332918792963028,True,True,False,True,True
test|Jona_2_20260616_181551|1895912236000,Jona,Jona_2_20260616_181551,1895912236000,fetch,fetch,0.2681755125522613,0.2757650017738342,0.0,0.2264125943183899,0.2296469509601593,True,True,False,True,True
test|Jona_2_20260616_181551|1896245569000,Jona,Jona_2_20260616_181551,1896245569000,fetch,fetch,0.2677188515663147,0.2834306955337524,0.0,0.2183682471513748,0.2304821759462356,True,True,False,True,True
test|Jona_2_20260616_181551|1896578902000,Jona,Jona_2_20260616_181551,1896578902000,fetch,fetch,0.2688142657279968,0.2882980704307556,0.0,0.2179967910051345,0.2248908877372741,True,True,False,True,True
test|Jona_2_20260616_181551|1896912236000,Jona,Jona_2_20260616_181551,1896912236000,fetch,fetch,0.271972119808197,0.2936752438545227,0.0,0.2161367088556289,0.2182158827781677,True,True,False,True,True
test|Jona_2_20260616_181551|1897245569000,Jona,Jona_2_20260616_181551,1897245569000,fetch,fetch,0.2729453146457672,0.2952732443809509,0.0,0.2168707549571991,0.2149107009172439,True,True,False,True,True
test|Jona_2_20260616_181551|1897578902000,Jona,Jona_2_20260616_181551,1897578902000,fetch,fetch,0.2790486812591553,0.2864696085453033,0.0,0.2208049446344375,0.2136767655611038,True,True,False,True,True
test|Jona_2_20260616_181551|1897912235000,Jona,Jona_2_20260616_181551,1897912235000,fetch,fetch,0.2842210531234741,0.2723758816719055,0.0,0.2270783931016922,0.2163246572017669,True,True,False,True,True
test|Jona_2_20260616_181551|1898245569000,Jona,Jona_2_20260616_181551,1898245569000,fetch,fetch,0.2861372828483581,0.2646182477474212,0.0,0.2351939976215362,0.2140504121780395,True,True,False,True,True
test|Jona_2_20260616_181551|1898578902000,Jona,Jona_2_20260616_181551,1898578902000,fetch,fetch,0.2850506007671356,0.2617841064929962,0.0,0.2372376322746276,0.2159276753664016,True,True,False,True,True
test|Jona_2_20260616_181551|1898912235000,Jona,Jona_2_20260616_181551,1898912235000,fetch,fetch,0.2828484177589416,0.2607592046260834,0.0,0.2378935664892196,0.2184988409280777,True,True,False,True,True
test|Jona_2_20260616_181551|1899245569000,Jona,Jona_2_20260616_181551,1899245569000,fetch,fetch,0.2819225490093231,0.2604165077209472,0.0,0.238334521651268,0.2193263620138168,True,True,False,True,True
test|Jona_2_20260616_181551|1899578902000,Jona,Jona_2_20260616_181551,1899578902000,fetch,fetch,0.2806915044784546,0.2602536380290985,0.0,0.2381672412157058,0.2208875715732574,True,True,False,True,True
test|Jona_2_20260616_181551|1903912235000,Jona,Jona_2_20260616_181551,1903912235000,handover,handover,0.2499829083681106,0.3287968337535858,0.0,0.2165838629007339,0.2046363651752472,True,True,False,True,True
test|Jona_2_20260616_181551|1904245568000,Jona,Jona_2_20260616_181551,1904245568000,handover,handover,0.2469651252031326,0.343635082244873,0.0,0.2074294090270996,0.2019703984260559,True,True,False,True,True
test|Jona_2_20260616_181551|1904578901000,Jona,Jona_2_20260616_181551,1904578901000,handover,handover,0.2395440936088562,0.3612263202667236,0.0,0.2049623131752014,0.1942672878503799,True,True,False,True,True
test|Jona_2_20260616_181551|1904912235000,Jona,Jona_2_20260616_181551,1904912235000,handover,handover,0.2317884117364883,0.3866710066795349,0.0,0.1997404396533966,0.1818001270294189,True,True,False,True,True
test|Jona_2_20260616_181551|1905245568000,Jona,Jona_2_20260616_181551,1905245568000,handover,handover,0.2228480577468872,0.4095251858234405,0.0,0.1905016452074051,0.1771251410245895,True,True,False,True,True
test|Jona_2_20260616_181551|1905578901000,Jona,Jona_2_20260616_181551,1905578901000,handover,handover,0.221848726272583,0.4207020699977875,0.0,0.183577075600624,0.1738720834255218,True,True,False,True,True
test|Jona_2_20260616_181551|1905912235000,Jona,Jona_2_20260616_181551,1905912235000,handover,handover,0.2223432213068008,0.4214406609535217,0.0,0.1849203109741211,0.1712958514690399,True,True,False,True,True
test|Jona_2_20260616_181551|1906245568000,Jona,Jona_2_20260616_181551,1906245568000,handover,handover,0.2243825495243072,0.4208113849163055,0.0,0.1844920217990875,0.170314073562622,True,True,False,True,True
test|Jona_2_20260616_181551|1906578901000,Jona,Jona_2_20260616_181551,1906578901000,handover,handover,0.226013645529747,0.4168748259544372,0.0,0.1850429773330688,0.1720685362815857,True,True,False,True,True
test|Jona_2_20260616_181551|1906912235000,Jona,Jona_2_20260616_181551,1906912235000,handover,handover,0.2273811995983123,0.408843994140625,0.0,0.1876300573348999,0.1761447191238403,True,True,False,True,True
test|Jona_2_20260616_181551|1907245568000,Jona,Jona_2_20260616_181551,1907245568000,handover,handover,0.2290048003196716,0.3999584317207336,0.0,0.1926834881305694,0.178353264927864,True,True,False,True,True
test|Jona_3_20260616_181717|1954878904000,Jona,Jona_3_20260616_181717,1954878904000,continue,continue,0.2202662378549575,0.3043132722377777,0.1186669021844863,0.177617147564888,0.1791364550590515,True,True,True,True,True
test|Jona_3_20260616_181717|1955212238000,Jona,Jona_3_20260616_181717,1955212238000,continue,continue,0.2201782464981079,0.3038440644741058,0.1189968287944793,0.179532915353775,0.1774479448795318,True,True,True,True,True
test|Jona_3_20260616_181717|1955545571000,Jona,Jona_3_20260616_181717,1955545571000,continue,continue,0.219411700963974,0.2994469404220581,0.1207545474171638,0.1819662600755691,0.1784205287694931,True,True,True,True,True
test|Jona_3_20260616_181717|1955878904000,Jona,Jona_3_20260616_181717,1955878904000,continue,continue,0.2207601368427276,0.2788324952125549,0.1257790625095367,0.1894498467445373,0.1851784735918045,True,True,True,True,True
test|Jona_3_20260616_181717|1956212237000,Jona,Jona_3_20260616_181717,1956212237000,continue,continue,0.2184565216302871,0.2720896899700165,0.1308193355798721,0.1926859468221664,0.1859485805034637,True,True,True,True,True
test|Jona_3_20260616_181717|1956545571000,Jona,Jona_3_20260616_181717,1956545571000,continue,continue,0.2531131505966186,0.3113864064216614,0.0,0.2227677404880523,0.2127326875925064,True,True,False,True,True
test|Jona_3_20260616_181717|1956878904000,Jona,Jona_3_20260616_181717,1956878904000,continue,continue,0.25015988945961,0.3060597777366638,0.0,0.2295076251029968,0.2142727524042129,True,True,False,True,True
test|Jona_3_20260616_181717|1957212237000,Jona,Jona_3_20260616_181717,1957212237000,continue,continue,0.2478399127721786,0.2972492575645447,0.0,0.2365891337394714,0.2183216661214828,True,True,False,True,True
test|Jona_3_20260616_181717|1957545571000,Jona,Jona_3_20260616_181717,1957545571000,continue,continue,0.2468451559543609,0.2946091890335083,0.0,0.2387329339981079,0.2198127657175064,True,True,False,True,True
test|Jona_3_20260616_181717|1957878904000,Jona,Jona_3_20260616_181717,1957878904000,continue,continue,0.2411864995956421,0.3089459836483001,0.0,0.2304395139217376,0.2194279432296753,True,True,False,True,True
test|Jona_3_20260616_181717|1958212237000,Jona,Jona_3_20260616_181717,1958212237000,continue,continue,0.2398351579904556,0.3084079027175903,0.0,0.2216163426637649,0.2301405966281891,True,True,False,True,True
test|Jona_3_20260616_181717|1958545571000,Jona,Jona_3_20260616_181717,1958545571000,continue,continue,0.2356700301170349,0.3024287521839142,0.0,0.2239186018705368,0.2379825711250305,True,True,False,True,True
test|Jona_3_20260616_181717|1958878904000,Jona,Jona_3_20260616_181717,1958878904000,continue,continue,0.2343616038560867,0.3045044243335724,0.0,0.2249244600534439,0.2362094670534134,True,True,False,True,True
test|Jona_3_20260616_181717|1959212237000,Jona,Jona_3_20260616_181717,1959212237000,continue,continue,0.2337079346179962,0.3068271279335022,0.0,0.222879484295845,0.2365854978561401,True,True,False,True,True
test|Jona_3_20260616_181717|1959545570000,Jona,Jona_3_20260616_181717,1959545570000,continue,continue,0.2325139045715332,0.311472624540329,0.0,0.2201957404613495,0.2358177751302719,True,True,False,True,True
test|Jona_3_20260616_181717|1959878904000,Jona,Jona_3_20260616_181717,1959878904000,continue,continue,0.2309748232364654,0.3174290359020233,0.0,0.2177900671958923,0.2338061034679412,True,True,False,True,True
test|Jona_3_20260616_181717|1960212237000,Jona,Jona_3_20260616_181717,1960212237000,continue,continue,0.2280924767255783,0.3259284496307373,0.0,0.215456336736679,0.2305227220058441,True,True,False,True,True
test|Jona_3_20260616_181717|1960545570000,Jona,Jona_3_20260616_181717,1960545570000,continue,continue,0.2284802049398422,0.3329772651195526,0.0,0.2160958647727966,0.2224466055631637,True,True,False,True,True
test|Jona_3_20260616_181717|1960878904000,Jona,Jona_3_20260616_181717,1960878904000,continue,continue,0.2304968386888504,0.3346540927886963,0.0,0.2148728370666504,0.2199762612581253,True,True,False,True,True
test|Jona_3_20260616_181717|1961212237000,Jona,Jona_3_20260616_181717,1961212237000,continue,continue,0.2362480759620666,0.3333157002925873,0.0,0.2174383550882339,0.2129979580640792,True,True,False,True,True
test|Jona_3_20260616_181717|1961545570000,Jona,Jona_3_20260616_181717,1961545570000,continue,continue,0.2451276630163192,0.3203529417514801,0.0,0.2217132896184921,0.2128061056137085,True,True,False,True,True
test|Jona_3_20260616_181717|1961878904000,Jona,Jona_3_20260616_181717,1961878904000,continue,continue,0.2513261139392853,0.3045196533203125,0.0,0.2270811647176742,0.2170731127262115,True,True,False,True,True
test|Jona_3_20260616_181717|1962212237000,Jona,Jona_3_20260616_181717,1962212237000,continue,continue,0.2566564977169037,0.2912863492965698,0.0,0.2367347180843353,0.2153224498033523,True,True,False,True,True
test|Jona_3_20260616_181717|1962545570000,Jona,Jona_3_20260616_181717,1962545570000,continue,continue,0.2578788995742798,0.2857939004898071,0.0,0.2390757203102111,0.2172514945268631,True,True,False,True,True
test|Jona_3_20260616_181717|1962878903000,Jona,Jona_3_20260616_181717,1962878903000,continue,continue,0.2583187818527221,0.2800619304180145,0.0,0.2375778406858444,0.2240414470434188,True,True,False,True,True
test|Jona_3_20260616_181717|1963212237000,Jona,Jona_3_20260616_181717,1963212237000,continue,continue,0.2595038115978241,0.2734091281890869,0.0,0.2390090674161911,0.2280780375003814,True,True,False,True,True
test|Jona_3_20260616_181717|1963545570000,Jona,Jona_3_20260616_181717,1963545570000,continue,continue,0.2591365873813629,0.2630323469638824,0.0,0.2452780455350875,0.2325530350208282,True,True,False,True,True
test|Jona_3_20260616_181717|1963878903000,Jona,Jona_3_20260616_181717,1963878903000,continue,continue,0.2629277408123016,0.2561517655849457,0.0,0.251485139131546,0.2294353544712066,True,True,False,True,True
test|Jona_3_20260616_181717|1964212237000,Jona,Jona_3_20260616_181717,1964212237000,continue,continue,0.2685550153255462,0.2576448321342468,0.0,0.2423472702503204,0.2314528673887252,True,True,False,True,True
test|Jona_3_20260616_181717|1964545570000,Jona,Jona_3_20260616_181717,1964545570000,continue,continue,0.2710432410240173,0.2605248391628265,0.0,0.2410466521978378,0.2273852378129959,True,True,False,True,True
test|Jona_3_20260616_181717|1964878903000,Jona,Jona_3_20260616_181717,1964878903000,continue,continue,0.268533319234848,0.2616103291511535,0.0,0.251420110464096,0.2184362411499023,True,True,False,True,True
test|Jona_3_20260616_181717|1965212236000,Jona,Jona_3_20260616_181717,1965212236000,continue,continue,0.2653237581253052,0.2604569494724273,0.0,0.2543723881244659,0.2198469042778015,True,True,False,True,True
test|Jona_3_20260616_181717|1965545570000,Jona,Jona_3_20260616_181717,1965545570000,continue,continue,0.2629350423812866,0.2650916576385498,0.0,0.2525710165500641,0.2194023430347442,True,True,False,True,True
test|Jona_3_20260616_181717|1965878903000,Jona,Jona_3_20260616_181717,1965878903000,continue,continue,0.260146290063858,0.2690690755844116,0.0,0.2533408999443054,0.2174437642097473,True,True,False,True,True
test|Jona_3_20260616_181717|1966212236000,Jona,Jona_3_20260616_181717,1966212236000,continue,continue,0.2590892910957336,0.2740485370159149,0.0,0.2556301951408386,0.2112319320440292,True,True,False,True,True
test|Jona_3_20260616_181717|1966545570000,Jona,Jona_3_20260616_181717,1966545570000,continue,continue,0.2602172195911407,0.2788228392601013,0.0,0.2521665096282959,0.2087934166193008,True,True,False,True,True
test|Jona_3_20260616_181717|1966878903000,Jona,Jona_3_20260616_181717,1966878903000,continue,continue,0.261259526014328,0.2830826938152313,0.0,0.2461329400539398,0.2095247656106948,True,True,False,True,True
test|Jona_3_20260616_181717|1967212236000,Jona,Jona_3_20260616_181717,1967212236000,continue,continue,0.2603673934936523,0.2899520695209503,0.0,0.2455038875341415,0.2041766047477722,True,True,False,True,True
test|Jona_3_20260616_181717|1967545570000,Jona,Jona_3_20260616_181717,1967545570000,continue,continue,0.2594877481460571,0.2951823472976684,0.0,0.2458095997571945,0.1995202600955963,True,True,False,True,True
test|Jona_3_20260616_181717|1967878903000,Jona,Jona_3_20260616_181717,1967878903000,continue,continue,0.2585140168666839,0.2968543767929077,0.0,0.2488791495561599,0.1957524716854095,True,True,False,True,True
test|Jona_3_20260616_181717|1968212236000,Jona,Jona_3_20260616_181717,1968212236000,continue,continue,0.2592202723026275,0.2938832342624664,0.0,0.2471358627080917,0.1997606307268142,True,True,False,True,True
test|Jona_3_20260616_181717|1968545570000,Jona,Jona_3_20260616_181717,1968545570000,continue,continue,0.260564774274826,0.2939856648445129,0.0,0.2397951185703277,0.205654501914978,True,True,False,True,True
test|Jona_3_20260616_181717|1968878903000,Jona,Jona_3_20260616_181717,1968878903000,continue,continue,0.2626889050006866,0.2949649393558502,0.0,0.2327145785093307,0.2096315175294876,True,True,False,True,True
test|Jona_3_20260616_181717|1969212236000,Jona,Jona_3_20260616_181717,1969212236000,continue,continue,0.2601104378700256,0.2916255891323089,0.0,0.2333055734634399,0.2149583995342254,True,True,False,True,True
test|Jona_3_20260616_181717|1969545569000,Jona,Jona_3_20260616_181717,1969545569000,continue,continue,0.2596311867237091,0.2857971787452698,0.0,0.2337918728590011,0.2207798063755035,True,True,False,True,True
test|Jona_3_20260616_181717|1969878903000,Jona,Jona_3_20260616_181717,1969878903000,continue,continue,0.2588214576244354,0.2829557657241821,0.0,0.233006551861763,0.2252161800861358,True,True,False,True,True
test|Jona_3_20260616_181717|1970212236000,Jona,Jona_3_20260616_181717,1970212236000,continue,continue,0.259507417678833,0.2871032059192657,0.0,0.2296668589115142,0.2237225025892257,True,True,False,True,True
test|Jona_3_20260616_181717|1970545569000,Jona,Jona_3_20260616_181717,1970545569000,continue,continue,0.2559784054756164,0.2834499180316925,0.0,0.2360532730817794,0.2245183885097503,True,True,False,True,True
test|Jona_3_20260616_181717|1970878903000,Jona,Jona_3_20260616_181717,1970878903000,continue,continue,0.2532992660999298,0.2779482305049896,0.0,0.2432293593883514,0.2255231440067291,True,True,False,True,True
test|Jona_3_20260616_181717|1971212236000,Jona,Jona_3_20260616_181717,1971212236000,continue,continue,0.2549312710762024,0.2771925032138824,0.0,0.244743674993515,0.2231326103210449,True,True,False,True,True
test|Jona_3_20260616_181717|1971545569000,Jona,Jona_3_20260616_181717,1971545569000,continue,continue,0.2538152635097503,0.2794795036315918,0.0,0.247602179646492,0.2191030979156494,True,True,False,True,True
test|Jona_3_20260616_181717|1971878902000,Jona,Jona_3_20260616_181717,1971878902000,continue,continue,0.2541715204715729,0.2792187035083771,0.0,0.2505114376544952,0.2160983234643936,True,True,False,True,True
test|Jona_3_20260616_181717|1972212236000,Jona,Jona_3_20260616_181717,1972212236000,continue,continue,0.253319650888443,0.2690897583961487,0.0,0.2605087757110595,0.2170818150043487,True,True,False,True,True
test|Jona_3_20260616_181717|1972545569000,Jona,Jona_3_20260616_181717,1972545569000,continue,continue,0.2565245330333709,0.2678486406803131,0.0,0.2621637284755707,0.2134631276130676,True,True,False,True,True
test|Jona_3_20260616_181717|1972878902000,Jona,Jona_3_20260616_181717,1972878902000,continue,continue,0.262520968914032,0.2655017375946045,0.0,0.2597461342811584,0.2122311443090438,True,True,False,True,True
test|Jona_3_20260616_181717|1973212236000,Jona,Jona_3_20260616_181717,1973212236000,continue,continue,0.2671414613723755,0.2623946964740753,0.0,0.2609649300575256,0.2094989120960235,True,True,False,True,True
test|Jona_3_20260616_181717|1973545569000,Jona,Jona_3_20260616_181717,1973545569000,continue,continue,0.272165298461914,0.259053885936737,0.0,0.2565531730651855,0.2122275978326797,True,True,False,True,True
test|Jona_3_20260616_181717|1973878902000,Jona,Jona_3_20260616_181717,1973878902000,continue,continue,0.2711268365383148,0.2580656409263611,0.0,0.2538906335830688,0.2169168442487716,True,True,False,True,True
test|Jona_3_20260616_181717|1974212236000,Jona,Jona_3_20260616_181717,1974212236000,continue,continue,0.2675393521785736,0.2580223679542541,0.0,0.2544851303100586,0.2199531197547912,True,True,False,True,True
test|Jona_3_20260616_181717|1974545569000,Jona,Jona_3_20260616_181717,1974545569000,continue,continue,0.2647090256214142,0.2582293450832367,0.0,0.255607932806015,0.2214536368846893,True,True,False,True,True
test|Jona_3_20260616_181717|1974878902000,Jona,Jona_3_20260616_181717,1974878902000,continue,fetch,0.2537831962108612,0.2672815024852752,0.0,0.2571935057640075,0.2217417806386947,True,True,False,True,True
test|Jona_3_20260616_181717|1975212236000,Jona,Jona_3_20260616_181717,1975212236000,continue,continue,0.2455972135066986,0.2776810228824615,0.0,0.2488021254539489,0.2279196381568908,True,True,False,True,True
test|Jona_3_20260616_181717|1975545569000,Jona,Jona_3_20260616_181717,1975545569000,continue,continue,0.2406903058290481,0.2882933318614959,0.0,0.2466927319765091,0.2243236452341079,True,True,False,True,True
test|Jona_3_20260616_181717|1975878902000,Jona,Jona_3_20260616_181717,1975878902000,continue,continue,0.2379237413406372,0.2992592751979828,0.0,0.2415540814399719,0.221262902021408,True,True,False,True,True
test|Jona_3_20260616_181717|1976212235000,Jona,Jona_3_20260616_181717,1976212235000,continue,continue,0.2365388125181198,0.3134205937385559,0.0,0.2312689870595932,0.218771606683731,True,True,False,True,True
test|Jona_3_20260616_181717|1976545569000,Jona,Jona_3_20260616_181717,1976545569000,continue,continue,0.2324622720479965,0.3288853168487549,0.0,0.221450001001358,0.2172023952007293,True,True,False,True,True
test|Jona_3_20260616_181717|1976878902000,Jona,Jona_3_20260616_181717,1976878902000,continue,continue,0.233361467719078,0.3373387455940246,0.0,0.2162143439054489,0.2130854129791259,True,True,False,True,True
test|Jona_3_20260616_181717|1977212235000,Jona,Jona_3_20260616_181717,1977212235000,continue,continue,0.2333193719387054,0.336338609457016,0.0,0.2190454602241516,0.2112966030836105,True,True,False,True,True
test|Jona_3_20260616_181717|1977545569000,Jona,Jona_3_20260616_181717,1977545569000,continue,continue,0.2305831164121627,0.3359006345272064,0.0,0.2182350605726242,0.2152811288833618,True,True,False,True,True
test|Jona_3_20260616_181717|1977878902000,Jona,Jona_3_20260616_181717,1977878902000,continue,continue,0.2280852943658828,0.3351113796234131,0.0,0.2176100462675094,0.219193235039711,True,True,False,True,True
test|Jona_3_20260616_181717|1978212235000,Jona,Jona_3_20260616_181717,1978212235000,continue,continue,0.2265490889549255,0.3326996564865112,0.0,0.2202311903238296,0.22052001953125,True,True,False,True,True
test|Jona_3_20260616_181717|1978545568000,Jona,Jona_3_20260616_181717,1978545568000,continue,continue,0.2283005267381668,0.3276709318161011,0.0,0.2218933701515197,0.2221351861953735,True,True,False,True,True
test|Jona_3_20260616_181717|1978878902000,Jona,Jona_3_20260616_181717,1978878902000,continue,continue,0.2292853146791458,0.3231634199619293,0.0,0.2246357798576355,0.2229154855012893,True,True,False,True,True
test|Jona_3_20260616_181717|1979212235000,Jona,Jona_3_20260616_181717,1979212235000,continue,continue,0.226888820528984,0.3184179067611694,0.0,0.2299288511276245,0.2247644215822219,True,True,False,True,True
test|Jona_3_20260616_181717|1979545568000,Jona,Jona_3_20260616_181717,1979545568000,continue,continue,0.2260204255580902,0.3159506916999817,0.0,0.2358217984437942,0.2222070842981338,True,True,False,True,True
test|Jona_3_20260616_181717|1979878902000,Jona,Jona_3_20260616_181717,1979878902000,continue,continue,0.2326801866292953,0.3129009008407593,0.0,0.2342881709337234,0.2201306670904159,True,True,False,True,True
test|Jona_3_20260616_181717|1980212235000,Jona,Jona_3_20260616_181717,1980212235000,continue,continue,0.2404648214578628,0.3070200979709625,0.0,0.2319366782903671,0.2205784767866134,True,True,False,True,True
test|Jona_3_20260616_181717|1980545568000,Jona,Jona_3_20260616_181717,1980545568000,continue,continue,0.246534839272499,0.3028349578380584,0.0,0.2307679951190948,0.2198622375726699,True,True,False,True,True
test|Jona_3_20260616_181717|1980878902000,Jona,Jona_3_20260616_181717,1980878902000,continue,continue,0.2496664375066757,0.3032070994377136,0.0,0.2270943969488144,0.2200320959091186,True,True,False,True,True
test|Jona_3_20260616_181717|1981212235000,Jona,Jona_3_20260616_181717,1981212235000,continue,fetch,0.2506100535392761,0.3001491129398346,0.0,0.2245655059814453,0.2246753275394439,True,True,False,True,True
test|Jona_3_20260616_181717|1981545568000,Jona,Jona_3_20260616_181717,1981545568000,continue,fetch,0.2515419423580169,0.2882875502109527,0.0,0.2273433208465576,0.2328272014856338,True,True,False,True,True
test|Jona_3_20260616_181717|1981878901000,Jona,Jona_3_20260616_181717,1981878901000,continue,continue,0.2464374154806137,0.273155927658081,0.0,0.2327270209789276,0.2476796656847,True,True,False,True,True
test|Jona_3_20260616_181717|1982212235000,Jona,Jona_3_20260616_181717,1982212235000,continue,continue,0.2400027811527252,0.2639006078243255,0.0,0.2392259240150451,0.2568706572055816,True,True,False,True,True
test|Jona_3_20260616_181717|1982545568000,Jona,Jona_3_20260616_181717,1982545568000,continue,continue,0.2356680482625961,0.2564895749092102,0.0,0.2457280904054641,0.2621143460273742,True,True,False,True,True
test|Jona_3_20260616_181717|1982878901000,Jona,Jona_3_20260616_181717,1982878901000,continue,fetch,0.23885078728199,0.2455213814973831,0.0,0.2522502541542053,0.2633775472640991,True,True,False,True,True
test|Jona_3_20260616_181717|1983212235000,Jona,Jona_3_20260616_181717,1983212235000,continue,fetch,0.2437567859888076,0.2355633378028869,0.0,0.2589221000671386,0.2617577910423279,True,True,False,True,True
test|Jona_3_20260616_181717|1983545568000,Jona,Jona_3_20260616_181717,1983545568000,continue,fetch,0.2519835531711578,0.2316056340932846,0.0,0.2574716210365295,0.2589391767978668,True,True,False,True,True
test|Jona_3_20260616_181717|1983878901000,Jona,Jona_3_20260616_181717,1983878901000,continue,fetch,0.2543461918830871,0.2278123497962951,0.0,0.2593988180160522,0.258442610502243,True,True,False,True,True
test|Jona_3_20260616_181717|1984212235000,Jona,Jona_3_20260616_181717,1984212235000,continue,fetch,0.2584645748138428,0.2221741676330566,0.0,0.2632082998752594,0.2561529278755188,True,True,False,True,True
test|Jona_3_20260616_181717|1984545568000,Jona,Jona_3_20260616_181717,1984545568000,continue,fetch,0.2616227865219116,0.2199061810970306,0.0,0.2655744552612304,0.2528966069221496,True,True,False,True,True
test|Jona_3_20260616_181717|1984878901000,Jona,Jona_3_20260616_181717,1984878901000,continue,fetch,0.2624245882034302,0.2216402739286422,0.0,0.2652968764305115,0.2506382763385772,True,True,False,True,True
test|Jona_3_20260616_181717|1985212234000,Jona,Jona_3_20260616_181717,1985212234000,continue,fetch,0.2657728195190429,0.2344289124011993,0.0,0.2580020129680633,0.2417962402105331,True,True,False,True,True
test|Jona_3_20260616_181717|1985545568000,Jona,Jona_3_20260616_181717,1985545568000,continue,fetch,0.2656092047691345,0.2425356656312942,0.0,0.2527279853820801,0.2391271442174911,True,True,False,True,True
test|Jona_3_20260616_181717|1985878901000,Jona,Jona_3_20260616_181717,1985878901000,continue,fetch,0.2681292593479156,0.2486599832773208,0.0,0.2480986565351486,0.2351121604442596,True,True,False,True,True
test|Jona_3_20260616_181717|1986212234000,Jona,Jona_3_20260616_181717,1986212234000,continue,fetch,0.2706659734249115,0.250569075345993,0.0,0.2454528659582138,0.2333120256662368,True,True,False,True,True
test|Jona_3_20260616_181717|1986545568000,Jona,Jona_3_20260616_181717,1986545568000,fetch,fetch,0.2732568383216858,0.2501960396766662,0.0,0.2426206022500991,0.2339265048503875,True,True,False,True,True
test|Jona_3_20260616_181717|1986878901000,Jona,Jona_3_20260616_181717,1986878901000,fetch,fetch,0.2720535397529602,0.2511211931705475,0.0,0.2421390116214752,0.2346862852573394,True,True,False,True,True
test|Jona_3_20260616_181717|1987212234000,Jona,Jona_3_20260616_181717,1987212234000,fetch,fetch,0.2688683569431305,0.2529801428318023,0.0,0.2422999888658523,0.2358515709638595,True,True,False,True,True
test|Jona_3_20260616_181717|1987545568000,Jona,Jona_3_20260616_181717,1987545568000,fetch,fetch,0.2686882615089416,0.2538426220417022,0.0,0.2424949556589126,0.2349741607904434,True,True,False,True,True
test|Jona_3_20260616_181717|1987878901000,Jona,Jona_3_20260616_181717,1987878901000,fetch,fetch,0.2687567174434662,0.2519627809524536,0.0,0.2417528927326202,0.2375276237726211,True,True,False,True,True
test|Jona_3_20260616_181717|1988212234000,Jona,Jona_3_20260616_181717,1988212234000,fetch,fetch,0.2696535885334015,0.2538028657436371,0.0,0.2420679628849029,0.234475553035736,True,True,False,True,True
test|Jona_3_20260616_181717|1988545567000,Jona,Jona_3_20260616_181717,1988545567000,fetch,fetch,0.2676974534988403,0.2586942017078399,0.0,0.2431735843420028,0.2304347306489944,True,True,False,True,True
test|Jona_3_20260616_181717|1988878901000,Jona,Jona_3_20260616_181717,1988878901000,fetch,fetch,0.2687691152095794,0.2576804161071777,0.0,0.2460022419691085,0.227548211812973,True,True,False,True,True
test|Jona_3_20260616_181717|1989212234000,Jona,Jona_3_20260616_181717,1989212234000,fetch,fetch,0.2754440307617187,0.2449991852045059,0.0,0.2502220571041107,0.2293348014354705,True,True,False,True,True
test|Jona_3_20260616_181717|1989545567000,Jona,Jona_3_20260616_181717,1989545567000,fetch,fetch,0.2745230197906494,0.237611323595047,0.0,0.2553072571754455,0.2325583696365356,True,True,False,True,True
test|Jona_3_20260616_181717|1989878901000,Jona,Jona_3_20260616_181717,1989878901000,fetch,fetch,0.2743788957595825,0.2347176373004913,0.0,0.2593124508857727,0.231591060757637,True,True,False,True,True
test|Jona_3_20260616_181717|1990212234000,Jona,Jona_3_20260616_181717,1990212234000,fetch,fetch,0.2727893590927124,0.2355767339468002,0.0,0.2574342489242553,0.234199658036232,True,True,False,True,True
test|Jona_3_20260616_181717|1990545567000,Jona,Jona_3_20260616_181717,1990545567000,fetch,fetch,0.2715542316436767,0.2348800748586654,0.0,0.2584536075592041,0.2351120561361313,True,True,False,True,True
test|Jona_3_20260616_181717|1994545567000,Jona,Jona_3_20260616_181717,1994545567000,handover,handover,0.2590008676052093,0.2852153778076172,0.0,0.2418930381536483,0.2138907015323639,True,True,False,True,True
test|Jona_3_20260616_181717|1994878900000,Jona,Jona_3_20260616_181717,1994878900000,handover,handover,0.2509600520133972,0.3172862827777862,0.0,0.2203351855278015,0.211418405175209,True,True,False,True,True
test|Jona_3_20260616_181717|1995212233000,Jona,Jona_3_20260616_181717,1995212233000,handover,handover,0.2412882447242736,0.3564417958259582,0.0,0.2035492062568664,0.198720782995224,True,True,False,True,True
test|Jona_3_20260616_181717|1995545567000,Jona,Jona_3_20260616_181717,1995545567000,handover,handover,0.2318565845489502,0.390439510345459,0.0,0.1916761994361877,0.1860277503728866,True,True,False,True,True
test|Jona_3_20260616_181717|1995878900000,Jona,Jona_3_20260616_181717,1995878900000,handover,handover,0.2252435237169265,0.4091259837150574,0.0,0.1866205781698227,0.1790099143981933,True,True,False,True,True
test|Jona_3_20260616_181717|1996212233000,Jona,Jona_3_20260616_181717,1996212233000,handover,handover,0.2256598472595214,0.4058616459369659,0.0,0.1870749294757843,0.181403562426567,True,True,False,True,True
test|Jona_3_20260616_181717|1996545567000,Jona,Jona_3_20260616_181717,1996545567000,handover,handover,0.2256992310285568,0.3969908952713012,0.0,0.1894172132015228,0.1878927648067474,True,True,False,True,True
test|Jona_3_20260616_181717|1996878900000,Jona,Jona_3_20260616_181717,1996878900000,handover,handover,0.2280353605747223,0.3842300772666931,0.0,0.1991468667984008,0.1885877400636673,True,True,False,True,True
test|Jona_3_20260616_181717|1997212233000,Jona,Jona_3_20260616_181717,1997212233000,handover,handover,0.2298386245965957,0.3718873560428619,0.0,0.208187073469162,0.190087005496025,True,True,False,True,True
test|Jona_3_20260616_181717|1997545567000,Jona,Jona_3_20260616_181717,1997545567000,handover,handover,0.2287698835134506,0.3697091042995453,0.0,0.2134172469377517,0.1881038248538971,True,True,False,True,True
test|Jona_3_20260616_181717|1997878900000,Jona,Jona_3_20260616_181717,1997878900000,handover,handover,0.2294296324253082,0.3759118914604187,0.0,0.2118323296308517,0.1828261166810989,True,True,False,True,True
test|Jona_4_20260616_181855|2052512237000,Jona,Jona_4_20260616_181855,2052512237000,continue,fetch,0.2436975538730621,0.2274544984102249,0.1301928758621215,0.2027343213558197,0.1959207952022552,True,True,True,True,True
test|Jona_4_20260616_181855|2052845570000,Jona,Jona_4_20260616_181855,2052845570000,continue,continue,0.2467936873435974,0.230828195810318,0.1333484649658203,0.1987544000148773,0.1902753263711929,True,True,True,True,True
test|Jona_4_20260616_181855|2053178903000,Jona,Jona_4_20260616_181855,2053178903000,continue,continue,0.2516847252845764,0.2329164445400238,0.1364449709653854,0.1994320899248123,0.1795217245817184,True,True,True,True,True
test|Jona_4_20260616_181855|2053512236000,Jona,Jona_4_20260616_181855,2053512236000,continue,continue,0.2519514560699463,0.2331464737653732,0.1381464600563049,0.2034525871276855,0.1733029931783676,True,True,True,True,True
test|Jona_4_20260616_181855|2053845570000,Jona,Jona_4_20260616_181855,2053845570000,continue,continue,0.2516809403896332,0.2297004014253616,0.1412846446037292,0.2106309086084365,0.1667030751705169,True,True,True,True,True
test|Jona_4_20260616_181855|2054178903000,Jona,Jona_4_20260616_181855,2054178903000,continue,continue,0.2465841174125671,0.2273383885622024,0.1423210799694061,0.2181082069873809,0.1656482368707656,True,True,True,True,True
test|Jona_4_20260616_181855|2054512236000,Jona,Jona_4_20260616_181855,2054512236000,continue,continue,0.2447592467069625,0.2293838858604431,0.1429807990789413,0.2202028632164001,0.1626731306314468,True,True,True,True,True
test|Jona_4_20260616_181855|2054845570000,Jona,Jona_4_20260616_181855,2054845570000,continue,continue,0.2423282712697982,0.2344559133052826,0.1389451771974563,0.2200020551681518,0.1642686128616333,True,True,True,True,True
test|Jona_4_20260616_181855|2055178903000,Jona,Jona_4_20260616_181855,2055178903000,continue,continue,0.2364618927240371,0.2427777349948883,0.1348925828933715,0.213304728269577,0.1725630015134811,True,True,True,True,True
test|Jona_4_20260616_181855|2055512236000,Jona,Jona_4_20260616_181855,2055512236000,continue,continue,0.2305239737033844,0.2541340589523315,0.132037341594696,0.2041497230529785,0.1791549324989318,True,True,True,True,True
test|Jona_4_20260616_181855|2055845570000,Jona,Jona_4_20260616_181855,2055845570000,continue,continue,0.2266807705163955,0.2645051479339599,0.1288321912288665,0.2012468427419662,0.1787350922822952,True,True,True,True,True
test|Jona_4_20260616_181855|2056178903000,Jona,Jona_4_20260616_181855,2056178903000,continue,continue,0.2268092781305313,0.2702529430389404,0.1284429430961609,0.2007994353771209,0.1736953854560852,True,True,True,True,True
test|Jona_4_20260616_181855|2056512236000,Jona,Jona_4_20260616_181855,2056512236000,continue,continue,0.2262807339429855,0.271685391664505,0.1266708374023437,0.2021806687116623,0.1731823533773422,True,True,True,True,True
test|Jona_4_20260616_181855|2056845570000,Jona,Jona_4_20260616_181855,2056845570000,continue,continue,0.2260697185993194,0.2714861333370209,0.1288498938083648,0.2011536955833435,0.1724406033754348,True,True,True,True,True
test|Jona_4_20260616_181855|2057178903000,Jona,Jona_4_20260616_181855,2057178903000,continue,continue,0.2250445038080215,0.273266464471817,0.1306313425302505,0.2006868720054626,0.1703708320856094,True,True,True,True,True
test|Jona_4_20260616_181855|2057512236000,Jona,Jona_4_20260616_181855,2057512236000,continue,continue,0.2239159494638443,0.2744051516056061,0.1278412938117981,0.2019140571355819,0.1719235479831695,True,True,True,True,True
test|Jona_4_20260616_181855|2057845569000,Jona,Jona_4_20260616_181855,2057845569000,continue,continue,0.2229298502206802,0.2766065001487732,0.1242871358990669,0.1999362856149673,0.1762402504682541,True,True,True,True,True
test|Jona_4_20260616_181855|2058178903000,Jona,Jona_4_20260616_181855,2058178903000,continue,continue,0.2230579107999801,0.2810242176055908,0.1222802549600601,0.1947248131036758,0.178912729024887,True,True,True,True,True
test|Jona_4_20260616_181855|2058512236000,Jona,Jona_4_20260616_181855,2058512236000,continue,continue,0.2219744622707367,0.2795109450817108,0.123700127005577,0.1955111026763916,0.1793033480644226,True,True,True,True,True
test|Jona_4_20260616_181855|2058845569000,Jona,Jona_4_20260616_181855,2058845569000,continue,continue,0.2249084115028381,0.2720659375190735,0.1249078437685966,0.199578195810318,0.1785396486520767,True,True,True,True,True
test|Jona_4_20260616_181855|2059178903000,Jona,Jona_4_20260616_181855,2059178903000,continue,continue,0.2323267161846161,0.261909157037735,0.1248467341065406,0.2049275040626526,0.175989881157875,True,True,True,True,True
test|Jona_4_20260616_181855|2059512236000,Jona,Jona_4_20260616_181855,2059512236000,continue,continue,0.2387045919895172,0.2529591023921966,0.1297786086797714,0.2075399607419967,0.1710176914930343,True,True,True,True,True
test|Jona_4_20260616_181855|2059845569000,Jona,Jona_4_20260616_181855,2059845569000,continue,continue,0.2429985105991363,0.2468330115079879,0.1357608884572982,0.2046853452920913,0.1697221994400024,True,True,True,True,True
test|Jona_4_20260616_181855|2060178902000,Jona,Jona_4_20260616_181855,2060178902000,continue,continue,0.2448552548885345,0.2423431575298309,0.1398975253105163,0.2070827782154083,0.1658213287591934,True,True,True,True,True
test|Jona_4_20260616_181855|2060512236000,Jona,Jona_4_20260616_181855,2060512236000,continue,continue,0.2465296685695648,0.2422118335962295,0.1420782506465912,0.2032290548086166,0.165951132774353,True,True,True,True,True
test|Jona_4_20260616_181855|2060845569000,Jona,Jona_4_20260616_181855,2060845569000,continue,continue,0.2438892871141433,0.2399082779884338,0.1468876898288726,0.2019055336713791,0.1674092710018158,True,True,True,True,True
test|Jona_4_20260616_181855|2061178902000,Jona,Jona_4_20260616_181855,2061178902000,continue,continue,0.2370004504919052,0.2369262278079986,0.1535405367612838,0.199317067861557,0.1732157617807388,True,True,True,True,True
test|Jona_4_20260616_181855|2061512236000,Jona,Jona_4_20260616_181855,2061512236000,continue,continue,0.2306282818317413,0.2334215939044952,0.156992569565773,0.2010568231344223,0.1779007613658905,True,True,True,True,True
test|Jona_4_20260616_181855|2061845569000,Jona,Jona_4_20260616_181855,2061845569000,continue,continue,0.2258589714765548,0.2356475293636322,0.1538402736186981,0.2103524804115295,0.174300730228424,True,True,True,True,True
test|Jona_4_20260616_181855|2062178902000,Jona,Jona_4_20260616_181855,2062178902000,continue,continue,0.2241005003452301,0.24048513174057,0.1488911509513855,0.2119738757610321,0.1745492815971374,True,True,True,True,True
test|Jona_4_20260616_181855|2062512236000,Jona,Jona_4_20260616_181855,2062512236000,continue,continue,0.2234230190515518,0.2459128946065902,0.1406995952129364,0.2178701609373092,0.172094315290451,True,True,True,True,True
test|Jona_4_20260616_181855|2062845569000,Jona,Jona_4_20260616_181855,2062845569000,continue,continue,0.224528431892395,0.2526319324970245,0.1306345015764236,0.2187158316373825,0.1734893023967743,True,True,True,True,True
test|Jona_4_20260616_181855|2063178902000,Jona,Jona_4_20260616_181855,2063178902000,continue,continue,0.2251752912998199,0.2608522772789001,0.120977334678173,0.2201421111822128,0.172853022813797,True,True,True,True,True
test|Jona_4_20260616_181855|2063512236000,Jona,Jona_4_20260616_181855,2063512236000,continue,continue,0.226712942123413,0.2691892981529236,0.1108598038554191,0.218896135687828,0.1743417978286743,True,True,True,True,True
test|Jona_4_20260616_181855|2063845569000,Jona,Jona_4_20260616_181855,2063845569000,continue,continue,0.229867547750473,0.2689580917358398,0.1061131805181503,0.2151414602994918,0.1799197047948837,True,True,True,True,True
test|Jona_4_20260616_181855|2064178902000,Jona,Jona_4_20260616_181855,2064178902000,continue,continue,0.2297960966825485,0.2671214640140533,0.1045101657509803,0.2190483063459396,0.1795239746570587,True,True,True,True,True
test|Jona_4_20260616_181855|2064512235000,Jona,Jona_4_20260616_181855,2064512235000,continue,continue,0.2310951650142669,0.2662408053874969,0.1060549840331077,0.2199036031961441,0.1767054349184036,True,True,True,True,True
test|Jona_4_20260616_181855|2064845569000,Jona,Jona_4_20260616_181855,2064845569000,continue,continue,0.2329578697681427,0.2655667662620544,0.1062801480293273,0.2213664352893829,0.1738288104534149,True,True,True,True,True
test|Jona_4_20260616_181855|2065178902000,Jona,Jona_4_20260616_181855,2065178902000,continue,continue,0.2344720959663391,0.2658878564834595,0.1058202236890792,0.2213874757289886,0.1724323481321334,True,True,True,True,True
test|Jona_4_20260616_181855|2065512235000,Jona,Jona_4_20260616_181855,2065512235000,continue,continue,0.2341275066137313,0.2670278549194336,0.1075532957911491,0.222206100821495,0.169085219502449,True,True,True,True,True
test|Jona_4_20260616_181855|2065845569000,Jona,Jona_4_20260616_181855,2065845569000,continue,continue,0.2302377074956894,0.2730406522750854,0.1117500662803649,0.2185239642858505,0.1664476543664932,True,True,True,True,True
test|Jona_4_20260616_181855|2066178902000,Jona,Jona_4_20260616_181855,2066178902000,continue,continue,0.2277907431125641,0.2775402963161468,0.1157869696617126,0.212663471698761,0.1662185192108154,True,True,True,True,True
test|Jona_4_20260616_181855|2066512235000,Jona,Jona_4_20260616_181855,2066512235000,continue,continue,0.2251694947481155,0.2773814797401428,0.1208247989416122,0.2081597298383712,0.1684645116329193,True,True,True,True,True
test|Jona_4_20260616_181855|2066845568000,Jona,Jona_4_20260616_181855,2066845568000,continue,continue,0.2210176587104797,0.2748818695545196,0.1275873780250549,0.2069579362869262,0.1695551425218582,True,True,True,True,True
test|Jona_4_20260616_181855|2067178902000,Jona,Jona_4_20260616_181855,2067178902000,continue,continue,0.2174641638994217,0.2722473442554474,0.1353481858968734,0.2094118744134903,0.1655284464359283,True,True,True,True,True
test|Jona_4_20260616_181855|2067512235000,Jona,Jona_4_20260616_181855,2067512235000,continue,continue,0.2144637554883957,0.2718135416507721,0.1401359736919403,0.2127242535352707,0.1608624756336212,True,True,True,True,True
test|Jona_4_20260616_181855|2067845568000,Jona,Jona_4_20260616_181855,2067845568000,continue,continue,0.2124313116073608,0.2674025297164917,0.1423513293266296,0.2174055427312851,0.1604092568159103,True,True,True,True,True
test|Jona_4_20260616_181855|2068178902000,Jona,Jona_4_20260616_181855,2068178902000,continue,continue,0.2157774865627288,0.2595265209674835,0.1422759443521499,0.2233965992927551,0.1590234786272049,True,True,True,True,True
test|Jona_4_20260616_181855|2068512235000,Jona,Jona_4_20260616_181855,2068512235000,continue,continue,0.2208752483129501,0.2523549497127533,0.1382144391536712,0.2282726019620895,0.1602827757596969,True,True,True,True,True
test|Jona_4_20260616_181855|2068845568000,Jona,Jona_4_20260616_181855,2068845568000,continue,continue,0.2273574024438858,0.2429333478212356,0.1326654404401779,0.2328703701496124,0.164173424243927,True,True,True,True,True
test|Jona_4_20260616_181855|2069178902000,Jona,Jona_4_20260616_181855,2069178902000,continue,continue,0.2377843260765075,0.2351913899183273,0.1278982013463974,0.2276505231857299,0.1714755445718765,True,True,True,True,True
test|Jona_4_20260616_181855|2069512235000,Jona,Jona_4_20260616_181855,2069512235000,continue,continue,0.2459584325551986,0.2276138216257095,0.1235167309641838,0.225245252251625,0.1776657402515411,True,True,True,True,True
test|Jona_4_20260616_181855|2069845568000,Jona,Jona_4_20260616_181855,2069845568000,continue,continue,0.2534298896789551,0.2202347218990326,0.120117574930191,0.2243548929691314,0.181862935423851,True,True,True,True,True
test|Jona_4_20260616_181855|2070178901000,Jona,Jona_4_20260616_181855,2070178901000,continue,continue,0.252374529838562,0.2135204672813415,0.1217052936553955,0.2197446972131729,0.1926550269126892,True,True,True,True,True
test|Jona_4_20260616_181855|2070512235000,Jona,Jona_4_20260616_181855,2070512235000,continue,fetch,0.250366598367691,0.2055740058422088,0.124472476541996,0.2172320038080215,0.2023549675941467,True,True,True,True,True
test|Jona_4_20260616_181855|2070845568000,Jona,Jona_4_20260616_181855,2070845568000,continue,fetch,0.2517250478267669,0.2005056738853454,0.1294871419668197,0.2121687829494476,0.2061134129762649,True,True,True,True,True
test|Jona_4_20260616_181855|2071178901000,Jona,Jona_4_20260616_181855,2071178901000,continue,fetch,0.2460811734199524,0.2020648568868637,0.1326814293861389,0.2124096602201461,0.2067628055810928,True,True,True,True,True
test|Jona_4_20260616_181855|2071512235000,Jona,Jona_4_20260616_181855,2071512235000,continue,fetch,0.2444292902946472,0.2100863754749298,0.1342206001281738,0.2067728489637375,0.204490914940834,True,True,True,True,True
test|Jona_4_20260616_181855|2071845568000,Jona,Jona_4_20260616_181855,2071845568000,continue,fetch,0.2437894642353058,0.217365100979805,0.134767934679985,0.2031465619802475,0.2009309828281402,True,True,True,True,True
test|Jona_4_20260616_181855|2072178901000,Jona,Jona_4_20260616_181855,2072178901000,continue,fetch,0.2475836127996444,0.2226809859275818,0.1312368214130401,0.2058221250772476,0.1926764249801635,True,True,True,True,True
test|Jona_4_20260616_181855|2072512235000,Jona,Jona_4_20260616_181855,2072512235000,continue,fetch,0.2488801181316375,0.2285619527101516,0.1267243474721908,0.2100854665040969,0.1857481300830841,True,True,True,True,True
test|Jona_4_20260616_181855|2072845568000,Jona,Jona_4_20260616_181855,2072845568000,continue,fetch,0.2446858137845993,0.2383962869644165,0.1231342032551765,0.2124838978052139,0.1812997460365295,True,True,True,True,True
test|Jona_4_20260616_181855|2073178901000,Jona,Jona_4_20260616_181855,2073178901000,continue,fetch,0.2429709285497665,0.2445161044597625,0.1221749633550643,0.2123669534921646,0.1779710054397583,True,True,True,True,True
test|Jona_4_20260616_181855|2073512234000,Jona,Jona_4_20260616_181855,2073512234000,continue,fetch,0.2446047067642212,0.2429637759923935,0.1202501133084297,0.2144580483436584,0.1777233630418777,True,True,True,True,True
test|Jona_4_20260616_181855|2073845568000,Jona,Jona_4_20260616_181855,2073845568000,continue,fetch,0.2449818551540374,0.2428385317325592,0.1191817745566368,0.2151601612567901,0.1778377592563629,True,True,True,True,True
test|Jona_4_20260616_181855|2074178901000,Jona,Jona_4_20260616_181855,2074178901000,continue,fetch,0.2440275251865387,0.2433426082134246,0.119231030344963,0.2159306854009628,0.1774681359529495,True,True,True,True,True
test|Jona_4_20260616_181855|2074512234000,Jona,Jona_4_20260616_181855,2074512234000,continue,fetch,0.2474301308393478,0.2425611168146133,0.1205661818385124,0.2156348973512649,0.1738076359033584,True,True,True,True,True
test|Jona_4_20260616_181855|2074845568000,Jona,Jona_4_20260616_181855,2074845568000,continue,fetch,0.2527366280555725,0.239614650607109,0.1208922713994979,0.2133192121982574,0.1734372675418853,True,True,True,True,True
test|Jona_4_20260616_181855|2075178901000,Jona,Jona_4_20260616_181855,2075178901000,fetch,fetch,0.2583279609680176,0.2369932681322097,0.120675504207611,0.2085043042898178,0.1754990220069885,True,True,True,True,True
test|Jona_4_20260616_181855|2075512234000,Jona,Jona_4_20260616_181855,2075512234000,fetch,fetch,0.259471446275711,0.2343147695064544,0.1222112849354744,0.2069952338933944,0.1770072281360626,True,True,True,True,True
test|Jona_4_20260616_181855|2075845568000,Jona,Jona_4_20260616_181855,2075845568000,fetch,fetch,0.2590855956077575,0.234335646033287,0.1227765530347824,0.2071011960506439,0.1767009794712066,True,True,True,True,True
test|Jona_4_20260616_181855|2076178901000,Jona,Jona_4_20260616_181855,2076178901000,fetch,fetch,0.2577560842037201,0.2428413182497024,0.1234786733984947,0.2039609551429748,0.1719629466533661,True,True,True,True,True
test|Jona_4_20260616_181855|2076512234000,Jona,Jona_4_20260616_181855,2076512234000,fetch,fetch,0.2553305625915527,0.2538411617279053,0.1219941899180412,0.2002144753932953,0.1686195582151413,True,True,True,True,True
test|Jona_4_20260616_181855|2076845567000,Jona,Jona_4_20260616_181855,2076845567000,fetch,fetch,0.2546480000019073,0.2594702839851379,0.1216685324907302,0.1998713910579681,0.1643417924642563,True,True,True,True,True
test|Jona_4_20260616_181855|2077178901000,Jona,Jona_4_20260616_181855,2077178901000,fetch,fetch,0.2545060217380523,0.2624560892581939,0.1216510906815528,0.2009632587432861,0.160423532128334,True,True,True,True,True
test|Jona_4_20260616_181855|2077512234000,Jona,Jona_4_20260616_181855,2077512234000,fetch,fetch,0.2559671401977539,0.2659829258918762,0.1224527284502983,0.1975304931402206,0.1580666601657867,True,True,True,True,True
test|Jona_4_20260616_181855|2077845567000,Jona,Jona_4_20260616_181855,2077845567000,fetch,fetch,0.2958754301071167,0.3049992620944977,0.0,0.2202408760786056,0.1788844019174575,True,True,False,True,True
test|Jona_4_20260616_181855|2078178901000,Jona,Jona_4_20260616_181855,2078178901000,fetch,fetch,0.2996129691600799,0.2927983105182647,0.0,0.2222628593444824,0.1853258460760116,True,True,False,True,True
test|Jona_4_20260616_181855|2078512234000,Jona,Jona_4_20260616_181855,2078512234000,fetch,fetch,0.3013944625854492,0.2769785523414612,0.0,0.2283850908279419,0.1932419389486313,True,True,False,True,True
test|Jona_4_20260616_181855|2078845567000,Jona,Jona_4_20260616_181855,2078845567000,fetch,fetch,0.3003445267677307,0.2662656307220459,0.0,0.2333265393972396,0.2000632882118225,True,True,False,True,True
test|Jona_4_20260616_181855|2079178901000,Jona,Jona_4_20260616_181855,2079178901000,fetch,fetch,0.2971277832984924,0.2596816718578338,0.0,0.2361915707588195,0.2069989740848541,True,True,False,True,True
test|Jona_4_20260616_181855|2079512234000,Jona,Jona_4_20260616_181855,2079512234000,fetch,fetch,0.2944889664649963,0.253884345293045,0.0,0.2382262796163559,0.2134003341197967,True,True,False,True,True
test|Jona_4_20260616_181855|2079845567000,Jona,Jona_4_20260616_181855,2079845567000,fetch,fetch,0.2911792397499084,0.2493207305669784,0.0,0.2402273714542389,0.219272643327713,True,True,False,True,True
test|Jona_4_20260616_181855|2080178900000,Jona,Jona_4_20260616_181855,2080178900000,fetch,fetch,0.2893246710300445,0.2467529773712158,0.0,0.2441243678331375,0.2197979688644409,True,True,False,True,True
test|Jona_4_20260616_181855|2080512234000,Jona,Jona_4_20260616_181855,2080512234000,fetch,fetch,0.290620744228363,0.2456583380699157,0.0,0.2425644844770431,0.2211564928293228,True,True,False,True,True
test|Jona_4_20260616_181855|2084845567000,Jona,Jona_4_20260616_181855,2084845567000,handover,handover,0.2890188097953796,0.288733959197998,0.0,0.2294716387987136,0.1927755922079086,True,True,False,True,True
test|Jona_4_20260616_181855|2085178900000,Jona,Jona_4_20260616_181855,2085178900000,handover,handover,0.2775707840919494,0.3210971057415008,0.0,0.2153772711753845,0.1859548836946487,True,True,False,True,True
test|Jona_4_20260616_181855|2085512233000,Jona,Jona_4_20260616_181855,2085512233000,handover,handover,0.2638577222824096,0.3569868505001068,0.0,0.2011360228061676,0.1780193746089935,True,True,False,True,True
test|Jona_4_20260616_181855|2085845567000,Jona,Jona_4_20260616_181855,2085845567000,handover,handover,0.2474704831838607,0.3887313306331634,0.0,0.191865935921669,0.1719322055578231,True,True,False,True,True
test|Jona_4_20260616_181855|2086178900000,Jona,Jona_4_20260616_181855,2086178900000,handover,handover,0.2352075427770614,0.4135733246803283,0.0,0.1854888200759887,0.1657303422689438,True,True,False,True,True
test|Jona_4_20260616_181855|2086512233000,Jona,Jona_4_20260616_181855,2086512233000,handover,handover,0.2308074831962585,0.4254920780658722,0.0,0.1830693483352661,0.1606310755014419,True,True,False,True,True
test|Jona_4_20260616_181855|2086845566000,Jona,Jona_4_20260616_181855,2086845566000,handover,handover,0.2290174067020416,0.4301682710647583,0.0,0.1848929673433303,0.1559213995933532,True,True,False,True,True
test|Jona_4_20260616_181855|2087178900000,Jona,Jona_4_20260616_181855,2087178900000,handover,handover,0.2323698103427887,0.4269490242004394,0.0,0.1922398507595062,0.1484413295984268,True,True,False,True,True
test|Jona_4_20260616_181855|2087512233000,Jona,Jona_4_20260616_181855,2087512233000,handover,handover,0.2355195432901382,0.4192538559436798,0.0,0.2012899816036224,0.1439366191625595,True,True,False,True,True
test|Jona_4_20260616_181855|2087845566000,Jona,Jona_4_20260616_181855,2087845566000,handover,handover,0.2371930330991745,0.4157254695892334,0.0,0.2052000910043716,0.1418814361095428,True,True,False,True,True
test|Jona_4_20260616_181855|2088178900000,Jona,Jona_4_20260616_181855,2088178900000,handover,handover,0.2376283705234527,0.4168506860733032,0.0,0.2052796185016632,0.1402412950992584,True,True,False,True,True
test|Jona_4_20260616_181855|2088512233000,Jona,Jona_4_20260616_181855,2088512233000,handover,handover,0.2370563596487045,0.4196377396583557,0.0,0.2056515216827392,0.1376543492078781,True,True,False,True,True
test|Jona_5_20260616_182002|2119378903000,Jona,Jona_5_20260616_182002,2119378903000,continue,continue,0.2762941718101501,0.2703427970409393,0.0,0.2386131584644317,0.2147498726844787,True,True,False,True,True
test|Jona_5_20260616_182002|2119712236000,Jona,Jona_5_20260616_182002,2119712236000,continue,continue,0.2788283228874206,0.2739306688308716,0.0,0.2466073632240295,0.2006336003541946,True,True,False,True,True
test|Jona_5_20260616_182002|2120045569000,Jona,Jona_5_20260616_182002,2120045569000,continue,continue,0.2792267799377441,0.2810302674770355,0.0,0.2515502274036407,0.1881927102804184,True,True,False,True,True
test|Jona_5_20260616_182002|2120378903000,Jona,Jona_5_20260616_182002,2120378903000,continue,continue,0.2780497074127197,0.2870737016201019,0.0,0.2468062490224838,0.1880703419446945,True,True,False,True,True
test|Jona_5_20260616_182002|2120712236000,Jona,Jona_5_20260616_182002,2120712236000,continue,continue,0.2766664624214172,0.29389089345932,0.0,0.2377284318208694,0.191714197397232,True,True,False,True,True
test|Jona_5_20260616_182002|2121045569000,Jona,Jona_5_20260616_182002,2121045569000,continue,continue,0.2721530497074127,0.3004310429096222,0.0,0.2362943291664123,0.1911216229200363,True,True,False,True,True
test|Jona_5_20260616_182002|2121378902000,Jona,Jona_5_20260616_182002,2121378902000,continue,continue,0.2678278684616089,0.3075269758701324,0.0,0.2258032113313675,0.1988419145345688,True,True,False,True,True
test|Jona_5_20260616_182002|2121712236000,Jona,Jona_5_20260616_182002,2121712236000,continue,continue,0.2613448202610016,0.308489590883255,0.0,0.2202379703521728,0.2099276930093765,True,True,False,True,True
test|Jona_5_20260616_182002|2122045569000,Jona,Jona_5_20260616_182002,2122045569000,continue,continue,0.2309971153736114,0.2783116698265075,0.0993870571255683,0.1969365924596786,0.1943675279617309,True,True,True,True,True
test|Jona_5_20260616_182002|2122378902000,Jona,Jona_5_20260616_182002,2122378902000,continue,continue,0.2290575802326202,0.280669242143631,0.1004234254360199,0.1955060511827469,0.1943437308073043,True,True,True,True,True
test|Jona_5_20260616_182002|2122712236000,Jona,Jona_5_20260616_182002,2122712236000,continue,continue,0.2283945977687835,0.280597448348999,0.1001778692007064,0.1966634392738342,0.194166675209999,True,True,True,True,True
test|Jona_5_20260616_182002|2123045569000,Jona,Jona_5_20260616_182002,2123045569000,continue,continue,0.2272756695747375,0.2795774042606354,0.1006463319063186,0.1988066136837005,0.1936939805746078,True,True,True,True,True
test|Jona_5_20260616_182002|2123378902000,Jona,Jona_5_20260616_182002,2123378902000,continue,continue,0.2267086654901504,0.2780109643936157,0.1006318032741546,0.2014468759298324,0.1932016760110855,True,True,True,True,True
test|Jona_5_20260616_182002|2123712236000,Jona,Jona_5_20260616_182002,2123712236000,continue,continue,0.2264400720596313,0.2752446830272674,0.1002422198653221,0.204102024435997,0.1939710080623626,True,True,True,True,True
test|Jona_5_20260616_182002|2124045569000,Jona,Jona_5_20260616_182002,2124045569000,continue,continue,0.2269051223993301,0.2719791531562805,0.1002005189657211,0.2048568129539489,0.1960583627223968,True,True,True,True,True
test|Jona_5_20260616_182002|2124378902000,Jona,Jona_5_20260616_182002,2124378902000,continue,continue,0.2276302427053451,0.2679556608200073,0.1002428978681564,0.2042096853256225,0.1999614983797073,True,True,True,True,True
test|Jona_5_20260616_182002|2124712235000,Jona,Jona_5_20260616_182002,2124712235000,continue,continue,0.2277552336454391,0.2637994587421417,0.1011625975370407,0.2044167220592498,0.2028659880161285,True,True,True,True,True
test|Jona_5_20260616_182002|2125045569000,Jona,Jona_5_20260616_182002,2125045569000,continue,continue,0.22913458943367,0.2602989673614502,0.1011817827820777,0.2050842940807342,0.2043003737926483,True,True,True,True,True
test|Jona_5_20260616_182002|2125378902000,Jona,Jona_5_20260616_182002,2125378902000,continue,continue,0.230301022529602,0.2575885057449341,0.102087490260601,0.2057617455720901,0.2042612582445144,True,True,True,True,True
test|Jona_5_20260616_182002|2125712235000,Jona,Jona_5_20260616_182002,2125712235000,continue,continue,0.23072549700737,0.2556587159633636,0.103831797838211,0.205507144331932,0.2042768597602844,True,True,True,True,True
test|Jona_5_20260616_182002|2126045569000,Jona,Jona_5_20260616_182002,2126045569000,continue,continue,0.2308659255504608,0.2535513937473297,0.1043256372213363,0.2059450447559356,0.2053119987249374,True,True,True,True,True
test|Jona_5_20260616_182002|2126378902000,Jona,Jona_5_20260616_182002,2126378902000,continue,continue,0.23040871322155,0.2531112432479858,0.1048808842897415,0.2065638452768325,0.2050352841615677,True,True,True,True,True
test|Jona_5_20260616_182002|2126712235000,Jona,Jona_5_20260616_182002,2126712235000,continue,continue,0.2313405275344848,0.2547374367713928,0.1037590056657791,0.2074075043201446,0.2027555555105209,True,True,True,True,True
test|Jona_5_20260616_182002|2127045569000,Jona,Jona_5_20260616_182002,2127045569000,continue,continue,0.2304053008556366,0.2580329775810241,0.1040205508470535,0.2059475183486938,0.201593667268753,True,True,True,True,True
test|Jona_5_20260616_182002|2127378902000,Jona,Jona_5_20260616_182002,2127378902000,continue,continue,0.227820873260498,0.2659027278423309,0.103262223303318,0.2032485604286193,0.1997656375169754,True,True,True,True,True
test|Jona_5_20260616_182002|2127712235000,Jona,Jona_5_20260616_182002,2127712235000,continue,continue,0.2245796471834182,0.2746792435646057,0.1019361913204193,0.2019786238670349,0.1968262940645218,True,True,True,True,True
test|Jona_5_20260616_182002|2128045568000,Jona,Jona_5_20260616_182002,2128045568000,continue,continue,0.2216147929430008,0.2825109660625458,0.1015821248292923,0.199491411447525,0.1948007047176361,True,True,True,True,True
test|Jona_5_20260616_182002|2128378902000,Jona,Jona_5_20260616_182002,2128378902000,continue,continue,0.2209295481443405,0.2891140878200531,0.1005763038992881,0.1997299343347549,0.1896501034498214,True,True,True,True,True
test|Jona_5_20260616_182002|2128712235000,Jona,Jona_5_20260616_182002,2128712235000,continue,continue,0.2195309847593307,0.2926571369171142,0.1008603200316429,0.1973420530557632,0.1896095126867294,True,True,True,True,True
test|Jona_5_20260616_182002|2129045568000,Jona,Jona_5_20260616_182002,2129045568000,continue,continue,0.2195259481668472,0.2937467992305755,0.1006787866353988,0.195779412984848,0.1902690231800079,True,True,True,True,True
test|Jona_5_20260616_182002|2129378902000,Jona,Jona_5_20260616_182002,2129378902000,continue,continue,0.2225077748298645,0.2882515788078308,0.1016387343406677,0.1947698444128036,0.1928321123123169,True,True,True,True,True
test|Jona_5_20260616_182002|2129712235000,Jona,Jona_5_20260616_182002,2129712235000,continue,continue,0.2266275882720947,0.278353601694107,0.1030304655432701,0.1969015747308731,0.1950867176055908,True,True,True,True,True
test|Jona_5_20260616_182002|2130045568000,Jona,Jona_5_20260616_182002,2130045568000,continue,continue,0.2309181243181228,0.2700124382972717,0.1033239588141441,0.1979013085365295,0.1978441327810287,True,True,True,True,True
test|Jona_5_20260616_182002|2130378901000,Jona,Jona_5_20260616_182002,2130378901000,continue,continue,0.2326463013887405,0.2610360085964203,0.1033665612339973,0.2007384151220321,0.2022126764059066,True,True,True,True,True
test|Jona_5_20260616_182002|2130712235000,Jona,Jona_5_20260616_182002,2130712235000,continue,continue,0.2379775792360305,0.2534266114234924,0.1029826253652572,0.2038835734128952,0.2017296105623245,True,True,True,True,True
test|Jona_5_20260616_182002|2131045568000,Jona,Jona_5_20260616_182002,2131045568000,continue,continue,0.2428227663040161,0.2458758652210235,0.1033680588006973,0.2065490186214447,0.2013842016458511,True,True,True,True,True
test|Jona_5_20260616_182002|2131378901000,Jona,Jona_5_20260616_182002,2131378901000,continue,continue,0.2453465908765792,0.2423682063817978,0.1046557277441024,0.211768165230751,0.195861354470253,True,True,True,True,True
test|Jona_5_20260616_182002|2131712235000,Jona,Jona_5_20260616_182002,2131712235000,continue,continue,0.2457729429006576,0.2394433766603469,0.1043809503316879,0.2186214029788971,0.1917812973260879,True,True,True,True,True
test|Jona_5_20260616_182002|2132045568000,Jona,Jona_5_20260616_182002,2132045568000,continue,continue,0.2480033785104751,0.2383053004741668,0.1052495166659355,0.2215422242879867,0.1868995577096939,True,True,True,True,True
test|Jona_5_20260616_182002|2132378901000,Jona,Jona_5_20260616_182002,2132378901000,continue,continue,0.2497691214084625,0.2429869174957275,0.1058369278907775,0.2173516452312469,0.1840554177761078,True,True,True,True,True
test|Jona_5_20260616_182002|2132712235000,Jona,Jona_5_20260616_182002,2132712235000,continue,continue,0.2444373965263366,0.2444448471069336,0.1067820042371749,0.2191668897867202,0.1851688623428344,True,True,True,True,True
test|Jona_5_20260616_182002|2133045568000,Jona,Jona_5_20260616_182002,2133045568000,continue,continue,0.2401152104139328,0.2521086931228637,0.1062843576073646,0.2149305641651153,0.1865611672401428,True,True,True,True,True
test|Jona_5_20260616_182002|2133378901000,Jona,Jona_5_20260616_182002,2133378901000,continue,continue,0.2333662211894989,0.2593525648117065,0.1031510457396507,0.2140371054410934,0.1900930255651474,True,True,True,True,True
test|Jona_5_20260616_182002|2133712235000,Jona,Jona_5_20260616_182002,2133712235000,continue,continue,0.2287547141313552,0.2646826505661011,0.1008042320609092,0.2104771137237548,0.19528129696846,True,True,True,True,True
test|Jona_5_20260616_182002|2134045568000,Jona,Jona_5_20260616_182002,2134045568000,continue,continue,0.2265583723783493,0.2665207386016845,0.0997180193662643,0.2070511877536773,0.200151652097702,True,True,True,True,True
test|Jona_5_20260616_182002|2134378901000,Jona,Jona_5_20260616_182002,2134378901000,continue,continue,0.2244246155023574,0.2679232656955719,0.1002451330423355,0.2022187411785125,0.2051882743835449,True,True,True,True,True
test|Jona_5_20260616_182002|2134712234000,Jona,Jona_5_20260616_182002,2134712234000,continue,continue,0.2200975716114044,0.279177188873291,0.1008496433496475,0.1960581690073013,0.2038174420595169,True,True,True,True,True
test|Jona_5_20260616_182002|2135045568000,Jona,Jona_5_20260616_182002,2135045568000,continue,continue,0.2198570072650909,0.2826059460639953,0.102371796965599,0.1976462751626968,0.1975189745426178,True,True,True,True,True
test|Jona_5_20260616_182002|2135378901000,Jona,Jona_5_20260616_182002,2135378901000,continue,continue,0.2257540822029113,0.2758116722106933,0.1055460050702095,0.1935758143663406,0.1993123590946197,True,True,True,True,True
test|Jona_5_20260616_182002|2135712234000,Jona,Jona_5_20260616_182002,2135712234000,continue,continue,0.2280521392822265,0.2688125669956207,0.1084932163357734,0.1953626275062561,0.1992794722318649,True,True,True,True,True
test|Jona_5_20260616_182002|2136045568000,Jona,Jona_5_20260616_182002,2136045568000,continue,continue,0.2290598601102829,0.2639810144901275,0.1099627241492271,0.198026955127716,0.1989695131778717,True,True,True,True,True
test|Jona_5_20260616_182002|2136378901000,Jona,Jona_5_20260616_182002,2136378901000,continue,continue,0.2290264368057251,0.2574970126152038,0.1133741065859794,0.1969286650419235,0.2031737267971038,True,True,True,True,True
test|Jona_5_20260616_182002|2136712234000,Jona,Jona_5_20260616_182002,2136712234000,continue,continue,0.223991185426712,0.2540423274040222,0.1200018897652626,0.193930298089981,0.2080343216657638,True,True,True,True,True
test|Jona_5_20260616_182002|2137045567000,Jona,Jona_5_20260616_182002,2137045567000,continue,continue,0.2142316848039627,0.2506922483444214,0.1285512149333953,0.1918433606624603,0.2146815061569214,True,True,True,True,True
test|Jona_5_20260616_182002|2137378901000,Jona,Jona_5_20260616_182002,2137378901000,continue,continue,0.2031589597463607,0.247720181941986,0.1329963207244873,0.2004092037677765,0.2157152742147445,True,True,True,True,True
test|Jona_5_20260616_182002|2137712234000,Jona,Jona_5_20260616_182002,2137712234000,continue,continue,0.1952749192714691,0.2493614554405212,0.1363488584756851,0.2026466727256775,0.2163681089878082,True,True,True,True,True
test|Jona_5_20260616_182002|2138045567000,Jona,Jona_5_20260616_182002,2138045567000,continue,continue,0.1917415112257003,0.2522664368152618,0.1430023163557052,0.2036775946617126,0.209312155842781,True,True,True,True,True
test|Jona_5_20260616_182002|2138378901000,Jona,Jona_5_20260616_182002,2138378901000,continue,continue,0.1909149587154388,0.2511559426784515,0.1470213234424591,0.2122953534126281,0.1986124962568283,True,True,True,True,True
test|Jona_5_20260616_182002|2138712234000,Jona,Jona_5_20260616_182002,2138712234000,continue,continue,0.1907999217510223,0.2493531554937362,0.1455700099468231,0.2249131500720977,0.189363807439804,True,True,True,True,True
test|Jona_5_20260616_182002|2139045567000,Jona,Jona_5_20260616_182002,2139045567000,continue,continue,0.1870595514774322,0.2495324462652206,0.1421352177858352,0.2352169454097747,0.1860558688640594,True,True,True,True,True
test|Jona_5_20260616_182002|2139378901000,Jona,Jona_5_20260616_182002,2139378901000,continue,continue,0.1854978799819946,0.2528503835201263,0.1431067585945129,0.2344003319740295,0.1841446459293365,True,True,True,True,True
test|Jona_5_20260616_182002|2139712234000,Jona,Jona_5_20260616_182002,2139712234000,continue,continue,0.1853763908147812,0.2525772750377655,0.1406183242797851,0.2388630509376526,0.1825649440288543,True,True,True,True,True
test|Jona_5_20260616_182002|2140045567000,Jona,Jona_5_20260616_182002,2140045567000,continue,continue,0.1906063109636306,0.2463048249483108,0.1312195807695388,0.2486525177955627,0.1832167208194732,True,True,True,True,True
test|Jona_5_20260616_182002|2140378901000,Jona,Jona_5_20260616_182002,2140378901000,continue,continue,0.1920890510082245,0.2370147258043289,0.1225057169795036,0.2601229846477508,0.1882674992084503,True,True,True,True,True
test|Jona_5_20260616_182002|2140712234000,Jona,Jona_5_20260616_182002,2140712234000,continue,continue,0.193895012140274,0.2335478663444519,0.1187981143593788,0.2613307535648346,0.1924282908439636,True,True,True,True,True
test|Jona_5_20260616_182002|2141045567000,Jona,Jona_5_20260616_182002,2141045567000,continue,fetch,0.2013968974351883,0.2328339666128158,0.1137255802750587,0.2593879103660583,0.1926556229591369,True,True,True,True,True
test|Jona_5_20260616_182002|2141378900000,Jona,Jona_5_20260616_182002,2141378900000,continue,fetch,0.2107463777065277,0.23380908370018,0.1093838885426521,0.2527877390384674,0.1932728886604309,True,True,True,True,True
test|Jona_5_20260616_182002|2141712234000,Jona,Jona_5_20260616_182002,2141712234000,continue,fetch,0.2222794741392135,0.2378768920898437,0.1074888259172439,0.2422632724046707,0.1900915652513504,True,True,True,True,True
test|Jona_5_20260616_182002|2142045567000,Jona,Jona_5_20260616_182002,2142045567000,continue,fetch,0.2310818880796432,0.2418902069330215,0.1075823903083801,0.2284615784883499,0.1909839659929275,True,True,True,True,True
test|Jona_5_20260616_182002|2142378900000,Jona,Jona_5_20260616_182002,2142378900000,continue,fetch,0.2393488585948944,0.2413835078477859,0.1084459573030471,0.2187206000089645,0.1921010315418243,True,True,True,True,True
test|Jona_5_20260616_182002|2142712234000,Jona,Jona_5_20260616_182002,2142712234000,continue,fetch,0.2415484637022018,0.2400401085615158,0.1093819066882133,0.2170773893594741,0.1919520944356918,True,True,True,True,True
test|Jona_5_20260616_182002|2143045567000,Jona,Jona_5_20260616_182002,2143045567000,continue,fetch,0.2432734370231628,0.2382584363222122,0.1099276468157768,0.2144371122121811,0.1941033452749252,True,True,True,True,True
test|Jona_5_20260616_182002|2143378900000,Jona,Jona_5_20260616_182002,2143378900000,continue,fetch,0.2438570410013198,0.2394559383392334,0.1095359921455383,0.2145619690418243,0.1925891190767288,True,True,True,True,True
test|Jona_5_20260616_182002|2143712233000,Jona,Jona_5_20260616_182002,2143712233000,continue,fetch,0.2430277466773986,0.2431451231241226,0.1096971556544303,0.2155395150184631,0.1885904371738433,True,True,True,True,True
test|Jona_5_20260616_182002|2144045567000,Jona,Jona_5_20260616_182002,2144045567000,continue,fetch,0.2444283664226532,0.2449294626712799,0.1104763448238372,0.2143557965755462,0.1858100295066833,True,True,True,True,True
test|Jona_5_20260616_182002|2144378900000,Jona,Jona_5_20260616_182002,2144378900000,fetch,fetch,0.2475955933332443,0.248019129037857,0.1112823337316513,0.2095593810081482,0.1835436522960662,True,True,True,True,True
test|Jona_5_20260616_182002|2144712233000,Jona,Jona_5_20260616_182002,2144712233000,fetch,fetch,0.247018501162529,0.2516783773899078,0.1097483187913894,0.2064041197299957,0.1851506680250167,True,True,True,True,True
test|Jona_5_20260616_182002|2145045567000,Jona,Jona_5_20260616_182002,2145045567000,fetch,fetch,0.246258869767189,0.2589122056961059,0.1095971763134002,0.203899398446083,0.1813323944807052,True,True,True,True,True
test|Jona_5_20260616_182002|2145378900000,Jona,Jona_5_20260616_182002,2145378900000,fetch,fetch,0.2469326555728912,0.2677630186080932,0.1098744571208953,0.1970326155424118,0.1783972084522247,True,True,True,True,True
test|Jona_5_20260616_182002|2145712233000,Jona,Jona_5_20260616_182002,2145712233000,fetch,fetch,0.2480255216360092,0.2711129486560821,0.108914740383625,0.1904284060001373,0.181518405675888,True,True,True,True,True
test|Jona_5_20260616_182002|2146045567000,Jona,Jona_5_20260616_182002,2146045567000,fetch,fetch,0.247386172413826,0.2730343639850616,0.1095615997910499,0.1870798617601394,0.1829380095005035,True,True,True,True,True
test|Jona_5_20260616_182002|2146378900000,Jona,Jona_5_20260616_182002,2146378900000,fetch,fetch,0.2461880296468734,0.2708358466625213,0.111926294863224,0.1874353438615799,0.1836144626140594,True,True,True,True,True
test|Jona_5_20260616_182002|2146712233000,Jona,Jona_5_20260616_182002,2146712233000,fetch,fetch,0.2471647411584854,0.2674152255058288,0.1163083165884018,0.1871337443590164,0.1819779574871063,True,True,True,True,True
test|Jona_5_20260616_182002|2147045566000,Jona,Jona_5_20260616_182002,2147045566000,fetch,fetch,0.2471788674592971,0.2591826915740967,0.1194090619683265,0.1889414340257644,0.1852879822254181,True,True,True,True,True
test|Jona_5_20260616_182002|2147378900000,Jona,Jona_5_20260616_182002,2147378900000,fetch,fetch,0.2475909888744354,0.2486150860786438,0.123289979994297,0.1914517134428024,0.1890522092580795,True,True,True,True,True
test|Jona_5_20260616_182002|2147712233000,Jona,Jona_5_20260616_182002,2147712233000,fetch,fetch,0.2477448880672454,0.2391044795513153,0.1288532316684723,0.19466033577919,0.189637154340744,True,True,True,True,True
test|Jona_5_20260616_182002|2148045566000,Jona,Jona_5_20260616_182002,2148045566000,fetch,fetch,0.2463434040546417,0.2322504967451095,0.1317643374204635,0.1981746405363083,0.1914670169353485,True,True,True,True,True
test|Jona_5_20260616_182002|2148378900000,Jona,Jona_5_20260616_182002,2148378900000,fetch,fetch,0.2449519336223602,0.2293970286846161,0.1322868764400482,0.201100543141365,0.1922637075185775,True,True,True,True,True
test|Jona_5_20260616_182002|2148712233000,Jona,Jona_5_20260616_182002,2148712233000,fetch,fetch,0.2442122846841812,0.2275403589010238,0.1332221776247024,0.2023311257362365,0.1926940083503723,True,True,True,True,True
test|Jona_5_20260616_182002|2149045566000,Jona,Jona_5_20260616_182002,2149045566000,fetch,fetch,0.2431997209787368,0.2269691228866577,0.1343540996313095,0.2028188109397888,0.1926581859588623,True,True,True,True,True
test|Jona_5_20260616_182002|2149378900000,Jona,Jona_5_20260616_182002,2149378900000,fetch,fetch,0.2414038181304931,0.2260265350341797,0.1350450366735458,0.2010610103607177,0.1964635848999023,True,True,True,True,True
test|Jona_5_20260616_182002|2149712233000,Jona,Jona_5_20260616_182002,2149712233000,fetch,fetch,0.2389892339706421,0.2263291925191879,0.1345137953758239,0.200731948018074,0.1994358301162719,True,True,True,True,True
test|Jona_5_20260616_182002|2150045566000,Jona,Jona_5_20260616_182002,2150045566000,fetch,fetch,0.2395691275596618,0.2260869741439819,0.1334796696901321,0.2007885128259658,0.2000757157802581,True,True,True,True,True
test|Jona_5_20260616_182002|2150378899000,Jona,Jona_5_20260616_182002,2150378899000,fetch,fetch,0.2388008534908294,0.2257721424102783,0.1330073028802871,0.2004737257957458,0.201945960521698,True,True,True,True,True
test|Jona_5_20260616_182002|2150712233000,Jona,Jona_5_20260616_182002,2150712233000,fetch,fetch,0.2378740906715393,0.2263648509979248,0.1320120841264724,0.2007407695055008,0.2030082195997238,True,True,True,True,True
test|Jona_5_20260616_182002|2151045566000,Jona,Jona_5_20260616_182002,2151045566000,fetch,fetch,0.2382142543792724,0.2269849628210067,0.1318169832229614,0.2009862512350082,0.2019975036382675,True,True,True,True,True
test|Jona_5_20260616_182002|2154378899000,Jona,Jona_5_20260616_182002,2154378899000,handover,handover,0.2462741732597351,0.276263564825058,0.1084263995289802,0.2006157040596008,0.1684201806783676,True,True,True,True,True
test|Jona_5_20260616_182002|2154712232000,Jona,Jona_5_20260616_182002,2154712232000,handover,handover,0.2436576336622238,0.30218505859375,0.1049694344401359,0.1892618834972381,0.1599260568618774,True,True,True,True,True
test|Jona_5_20260616_182002|2155045566000,Jona,Jona_5_20260616_182002,2155045566000,handover,handover,0.2384604513645172,0.3261915445327759,0.1036978214979171,0.1788527518510818,0.1527974605560302,True,True,True,True,True
test|Jona_5_20260616_182002|2155378899000,Jona,Jona_5_20260616_182002,2155378899000,handover,handover,0.2316820472478866,0.3562101423740387,0.1012092605233192,0.1674511134624481,0.1434474289417266,True,True,True,True,True
test|Jona_5_20260616_182002|2155712232000,Jona,Jona_5_20260616_182002,2155712232000,handover,handover,0.2217964231967926,0.3810983896255493,0.098325215280056,0.1610004156827926,0.1377795785665512,True,True,True,True,True
test|Jona_5_20260616_182002|2156045566000,Jona,Jona_5_20260616_182002,2156045566000,handover,handover,0.2168624997138977,0.3873462677001953,0.0987158194184303,0.158827468752861,0.1382479816675186,True,True,True,True,True
test|Jona_5_20260616_182002|2156378899000,Jona,Jona_5_20260616_182002,2156378899000,handover,handover,0.2149271368980407,0.3820495307445526,0.1016332283616066,0.1602781862020492,0.1411119550466537,True,True,True,True,True
test|Jona_5_20260616_182002|2156712232000,Jona,Jona_5_20260616_182002,2156712232000,handover,handover,0.2130082845687866,0.3731428384780884,0.1046590283513069,0.166076198220253,0.1431136280298233,True,True,True,True,True
test|Jona_5_20260616_182002|2157045565000,Jona,Jona_5_20260616_182002,2157045565000,handover,handover,0.2122974097728729,0.3622046709060669,0.106374904513359,0.1740631461143493,0.1450598984956741,True,True,True,True,True
test|Jona_5_20260616_182002|2157378899000,Jona,Jona_5_20260616_182002,2157378899000,handover,handover,0.2110759764909744,0.3536353409290313,0.1068822741508483,0.1798041760921478,0.1486023068428039,True,True,True,True,True
test|Jona_5_20260616_182002|2157712232000,Jona,Jona_5_20260616_182002,2157712232000,handover,handover,0.2111549377441406,0.3500937223434448,0.1068627536296844,0.180939644575119,0.1509489864110946,True,True,True,True,True
test|Jona_6_20260616_182111|2188112235000,Jona,Jona_6_20260616_182111,2188112235000,continue,continue,0.2613589465618133,0.326399028301239,0.0,0.2148961275815963,0.1973458230495453,True,True,False,True,True
test|Jona_6_20260616_182111|2188445569000,Jona,Jona_6_20260616_182111,2188445569000,continue,continue,0.2616788446903229,0.3174228072166443,0.0,0.2187060415744781,0.202192336320877,True,True,False,True,True
test|Jona_6_20260616_182111|2188778902000,Jona,Jona_6_20260616_182111,2188778902000,continue,continue,0.2653738558292389,0.3075755536556244,0.0,0.2235352545976638,0.2035152912139892,True,True,False,True,True
test|Jona_6_20260616_182111|2189112235000,Jona,Jona_6_20260616_182111,2189112235000,continue,continue,0.2674368917942047,0.2943354845046997,0.0,0.2315298467874527,0.206697791814804,True,True,False,True,True
test|Jona_6_20260616_182111|2189445568000,Jona,Jona_6_20260616_182111,2189445568000,continue,continue,0.2698391079902649,0.2850646078586578,0.0,0.2360119819641113,0.2090842872858047,True,True,False,True,True
test|Jona_6_20260616_182111|2189778902000,Jona,Jona_6_20260616_182111,2189778902000,continue,continue,0.2662077844142914,0.2857063412666321,0.0,0.2345757186412811,0.2135101854801178,True,True,False,True,True
test|Jona_6_20260616_182111|2190112235000,Jona,Jona_6_20260616_182111,2190112235000,continue,continue,0.2598092257976532,0.2907678186893463,0.0,0.2272273898124694,0.2221955507993698,True,True,False,True,True
test|Jona_6_20260616_182111|2190445568000,Jona,Jona_6_20260616_182111,2190445568000,continue,continue,0.2573441565036773,0.2929841876029968,0.0,0.2250768840312957,0.2245947420597076,True,True,False,True,True
test|Jona_6_20260616_182111|2190778902000,Jona,Jona_6_20260616_182111,2190778902000,continue,continue,0.2543427348136902,0.2916405200958252,0.0,0.2238261699676513,0.2301905751228332,True,True,False,True,True
test|Jona_6_20260616_182111|2191112235000,Jona,Jona_6_20260616_182111,2191112235000,continue,continue,0.2535693347454071,0.2942222058773041,0.0,0.2229835987091064,0.2292248308658599,True,True,False,True,True
test|Jona_6_20260616_182111|2191445568000,Jona,Jona_6_20260616_182111,2191445568000,continue,continue,0.2570056915283203,0.2936339676380157,0.0,0.2224549800157547,0.2269053906202316,True,True,False,True,True
test|Jona_6_20260616_182111|2191778902000,Jona,Jona_6_20260616_182111,2191778902000,continue,continue,0.2615986168384552,0.2913187146186828,0.0,0.226063534617424,0.2210190892219543,True,True,False,True,True
test|Jona_6_20260616_182111|2192112235000,Jona,Jona_6_20260616_182111,2192112235000,continue,continue,0.2685457170009613,0.2818801701068878,0.0,0.2356149852275848,0.2139591127634048,True,True,False,True,True
test|Jona_6_20260616_182111|2192445568000,Jona,Jona_6_20260616_182111,2192445568000,continue,continue,0.270497977733612,0.2728419899940491,0.0,0.2392978966236114,0.2173621505498886,True,True,False,True,True
test|Jona_6_20260616_182111|2192778901000,Jona,Jona_6_20260616_182111,2192778901000,continue,continue,0.2737894654273987,0.2653753757476806,0.0,0.2392057180404663,0.2216294109821319,True,True,False,True,True
test|Jona_6_20260616_182111|2193112235000,Jona,Jona_6_20260616_182111,2193112235000,continue,continue,0.2764248549938202,0.2600003480911255,0.0,0.2425348460674286,0.2210399508476257,True,True,False,True,True
test|Jona_6_20260616_182111|2193445568000,Jona,Jona_6_20260616_182111,2193445568000,continue,continue,0.2768933773040771,0.2578704357147217,0.0,0.2453452795743942,0.2198908627033233,True,True,False,True,True
test|Jona_6_20260616_182111|2193778901000,Jona,Jona_6_20260616_182111,2193778901000,continue,continue,0.2741073369979858,0.2583076953887939,0.0,0.2474445253610611,0.2201404720544815,True,True,False,True,True
test|Jona_6_20260616_182111|2194112235000,Jona,Jona_6_20260616_182111,2194112235000,continue,continue,0.2691278755664825,0.2662749290466308,0.0,0.2373429983854293,0.2272541970014572,True,True,False,True,True
test|Jona_6_20260616_182111|2194445568000,Jona,Jona_6_20260616_182111,2194445568000,continue,continue,0.2653820514678955,0.2739496231079101,0.0,0.2334508895874023,0.2272174656391143,True,True,False,True,True
test|Jona_6_20260616_182111|2194778901000,Jona,Jona_6_20260616_182111,2194778901000,continue,continue,0.2626464366912842,0.2804545164108276,0.0,0.2305402159690857,0.2263588160276413,True,True,False,True,True
test|Jona_6_20260616_182111|2195112235000,Jona,Jona_6_20260616_182111,2195112235000,continue,continue,0.2590351402759552,0.2880315482616424,0.0,0.224857211112976,0.2280760258436203,True,True,False,True,True
test|Jona_6_20260616_182111|2195445568000,Jona,Jona_6_20260616_182111,2195445568000,continue,continue,0.2543555796146393,0.2954269051551819,0.0,0.2232354283332824,0.2269821316003799,True,True,False,True,True
test|Jona_6_20260616_182111|2195778901000,Jona,Jona_6_20260616_182111,2195778901000,continue,continue,0.2497748732566833,0.2949901521205902,0.0,0.2194477766752243,0.2357872277498245,True,True,False,True,True
test|Jona_6_20260616_182111|2196112234000,Jona,Jona_6_20260616_182111,2196112234000,continue,continue,0.2506609559059143,0.2919064462184906,0.0,0.2198452204465866,0.2375874072313308,True,True,False,True,True
test|Jona_6_20260616_182111|2196445568000,Jona,Jona_6_20260616_182111,2196445568000,continue,continue,0.2522687315940857,0.2955054938793182,0.0,0.2226836234331131,0.2295421659946441,True,True,False,True,True
test|Jona_6_20260616_182111|2196778901000,Jona,Jona_6_20260616_182111,2196778901000,continue,continue,0.2529956698417663,0.3025433421134949,0.0,0.2245223224163055,0.2199386805295944,True,True,False,True,True
test|Jona_6_20260616_182111|2197112234000,Jona,Jona_6_20260616_182111,2197112234000,continue,continue,0.2542414665222168,0.3081363141536712,0.0,0.2283897548913955,0.2092324346303939,True,True,False,True,True
test|Jona_6_20260616_182111|2197445568000,Jona,Jona_6_20260616_182111,2197445568000,continue,continue,0.2570449113845825,0.3078159689903259,0.0,0.2281291484832763,0.2070100158452987,True,True,False,True,True
test|Jona_6_20260616_182111|2197778901000,Jona,Jona_6_20260616_182111,2197778901000,continue,continue,0.2636244297027588,0.3031560480594635,0.0,0.2272512465715408,0.2059682607650756,True,True,False,True,True
test|Jona_6_20260616_182111|2198112234000,Jona,Jona_6_20260616_182111,2198112234000,continue,continue,0.2685418128967285,0.2980849146842956,0.0,0.2304223179817199,0.2029509246349334,True,True,False,True,True
test|Jona_6_20260616_182111|2198445568000,Jona,Jona_6_20260616_182111,2198445568000,continue,continue,0.2727156579494476,0.2911854088306427,0.0,0.231171652674675,0.2049272805452346,True,True,False,True,True
test|Jona_6_20260616_182111|2198778901000,Jona,Jona_6_20260616_182111,2198778901000,continue,continue,0.2752731740474701,0.2857386171817779,0.0,0.2331063598394394,0.2058818340301513,True,True,False,True,True
test|Jona_6_20260616_182111|2199112234000,Jona,Jona_6_20260616_182111,2199112234000,continue,continue,0.2774215638637543,0.2827226221561432,0.0,0.2327405363321304,0.2071152627468109,True,True,False,True,True
test|Jona_6_20260616_182111|2199445567000,Jona,Jona_6_20260616_182111,2199445567000,continue,continue,0.2770665287971496,0.2799332439899444,0.0,0.2354669570922851,0.2075332552194595,True,True,False,True,True
test|Jona_6_20260616_182111|2199778901000,Jona,Jona_6_20260616_182111,2199778901000,continue,continue,0.2740944325923919,0.2799550294876098,0.0,0.2395247668027877,0.206425741314888,True,True,False,True,True
test|Jona_6_20260616_182111|2200112234000,Jona,Jona_6_20260616_182111,2200112234000,continue,continue,0.2695508599281311,0.2815777957439422,0.0,0.2373092025518417,0.2115621417760849,True,True,False,True,True
test|Jona_6_20260616_182111|2200445567000,Jona,Jona_6_20260616_182111,2200445567000,continue,continue,0.2685062885284424,0.285950630903244,0.0,0.2285289466381073,0.2170141041278839,True,True,False,True,True
test|Jona_6_20260616_182111|2200778901000,Jona,Jona_6_20260616_182111,2200778901000,continue,continue,0.2721344828605652,0.2898786962032318,0.0,0.2189324051141739,0.2190544456243515,True,True,False,True,True
test|Jona_6_20260616_182111|2201112234000,Jona,Jona_6_20260616_182111,2201112234000,continue,continue,0.2670392990112304,0.3036240935325622,0.0,0.2152603864669799,0.2140761762857437,True,True,False,True,True
test|Jona_6_20260616_182111|2201445567000,Jona,Jona_6_20260616_182111,2201445567000,continue,continue,0.2596352398395538,0.3194295465946197,0.0,0.2103379815816879,0.2105972170829773,True,True,False,True,True
test|Jona_6_20260616_182111|2201778901000,Jona,Jona_6_20260616_182111,2201778901000,continue,continue,0.2514780461788177,0.3343810737133026,0.0,0.2066124230623245,0.2075284570455551,True,True,False,True,True
test|Jona_6_20260616_182111|2202112234000,Jona,Jona_6_20260616_182111,2202112234000,continue,continue,0.2463999092578888,0.3479452133178711,0.0,0.2032731622457504,0.2023816853761673,True,True,False,True,True
test|Jona_6_20260616_182111|2202445567000,Jona,Jona_6_20260616_182111,2202445567000,continue,continue,0.2415676414966583,0.3617620170116424,0.0,0.1978496462106704,0.1988206654787063,True,True,False,True,True
test|Jona_6_20260616_182111|2202778900000,Jona,Jona_6_20260616_182111,2202778900000,continue,continue,0.2360350787639618,0.3750860095024109,0.0,0.1924742609262466,0.1964046359062194,True,True,False,True,True
test|Jona_6_20260616_182111|2203112234000,Jona,Jona_6_20260616_182111,2203112234000,continue,continue,0.2359684258699417,0.3653869330883026,0.0,0.1925608962774276,0.2060837596654892,True,True,False,True,True
test|Jona_6_20260616_182111|2203445567000,Jona,Jona_6_20260616_182111,2203445567000,continue,continue,0.2365046590566635,0.3584738671779632,0.0,0.1965200752019882,0.2085015028715133,True,True,False,True,True
test|Jona_6_20260616_182111|2203778900000,Jona,Jona_6_20260616_182111,2203778900000,continue,continue,0.2384898662567138,0.3515708744525909,0.0,0.1969000548124313,0.2130392044782638,True,True,False,True,True
test|Jona_6_20260616_182111|2204112234000,Jona,Jona_6_20260616_182111,2204112234000,continue,continue,0.2384960204362869,0.3467735350131988,0.0,0.1973440796136856,0.2173863500356674,True,True,False,True,True
test|Jona_6_20260616_182111|2204445567000,Jona,Jona_6_20260616_182111,2204445567000,continue,continue,0.2404056936502456,0.3353447616100311,0.0,0.2083781659603119,0.2158713489770889,True,True,False,True,True
test|Jona_6_20260616_182111|2204778900000,Jona,Jona_6_20260616_182111,2204778900000,continue,continue,0.2096561789512634,0.2809218466281891,0.1271032392978668,0.193410649895668,0.1889081299304962,True,True,True,True,True
test|Jona_6_20260616_182111|2205112234000,Jona,Jona_6_20260616_182111,2205112234000,continue,fetch,0.2113916724920272,0.2756045758724212,0.1242472603917121,0.1995921432971954,0.1891644299030304,True,True,True,True,True
test|Jona_6_20260616_182111|2205445567000,Jona,Jona_6_20260616_182111,2205445567000,continue,fetch,0.213066279888153,0.2649575471878052,0.1200364083051681,0.2029476016759872,0.1989921927452087,True,True,True,True,True
test|Jona_6_20260616_182111|2205778900000,Jona,Jona_6_20260616_182111,2205778900000,continue,continue,0.2157333940267563,0.2489386796951294,0.1199732422828674,0.2102733701467514,0.2050812691450119,True,True,True,True,True
test|Jona_6_20260616_182111|2206112233000,Jona,Jona_6_20260616_182111,2206112233000,continue,fetch,0.2228626608848571,0.2357984781265258,0.1195462048053741,0.2152785658836364,0.2065141052007675,True,True,True,True,True
test|Jona_6_20260616_182111|2206445567000,Jona,Jona_6_20260616_182111,2206445567000,continue,fetch,0.2292229235172271,0.2258782833814621,0.1216563433408737,0.2120058536529541,0.2112366110086441,True,True,True,True,True
test|Jona_6_20260616_182111|2206778900000,Jona,Jona_6_20260616_182111,2206778900000,continue,fetch,0.2363305836915969,0.2152366787195205,0.1206178069114685,0.2148217111825943,0.2129932194948196,True,True,True,True,True
test|Jona_6_20260616_182111|2207112233000,Jona,Jona_6_20260616_182111,2207112233000,continue,fetch,0.2460075914859771,0.2100635319948196,0.1186744272708892,0.2154101580381393,0.2098442912101745,True,True,True,True,True
test|Jona_6_20260616_182111|2207445567000,Jona,Jona_6_20260616_182111,2207445567000,continue,fetch,0.2549098432064056,0.2071276009082794,0.1194598972797393,0.2136750966310501,0.2048275172710418,True,True,True,True,True
test|Jona_6_20260616_182111|2207778900000,Jona,Jona_6_20260616_182111,2207778900000,fetch,fetch,0.2615744471549988,0.2069005221128463,0.1194227114319801,0.2142233103513717,0.1978789865970611,True,True,True,True,True
test|Jona_6_20260616_182111|2208112233000,Jona,Jona_6_20260616_182111,2208112233000,fetch,fetch,0.2651678025722503,0.2044097632169723,0.1178740859031677,0.2151269763708114,0.1974214017391204,True,True,True,True,True
test|Jona_6_20260616_182111|2208445566000,Jona,Jona_6_20260616_182111,2208445566000,fetch,fetch,0.2656567394733429,0.2060283720493316,0.1152276173233985,0.2164002507925033,0.1966870725154876,True,True,True,True,True
test|Jona_6_20260616_182111|2208778900000,Jona,Jona_6_20260616_182111,2208778900000,fetch,fetch,0.2665392458438873,0.2149624228477478,0.113603726029396,0.210185095667839,0.1947095543146133,True,True,True,True,True
test|Jona_6_20260616_182111|2209112233000,Jona,Jona_6_20260616_182111,2209112233000,fetch,fetch,0.2687833905220032,0.2202436476945877,0.1117072999477386,0.2001041173934936,0.1991616040468216,True,True,True,True,True
test|Jona_6_20260616_182111|2209445566000,Jona,Jona_6_20260616_182111,2209445566000,fetch,fetch,0.2711771130561828,0.2251242846250534,0.1109499335289001,0.1936951279640197,0.1990534961223602,True,True,True,True,True
test|Jona_6_20260616_182111|2209778900000,Jona,Jona_6_20260616_182111,2209778900000,fetch,fetch,0.2711274623870849,0.2277777194976806,0.1107214093208313,0.1895460933446884,0.200827345252037,True,True,True,True,True
test|Jona_6_20260616_182111|2210112233000,Jona,Jona_6_20260616_182111,2210112233000,fetch,fetch,0.2679526209831238,0.2291112244129181,0.1098237708210945,0.1881425976753235,0.2049697637557983,True,True,True,True,True
test|Jona_6_20260616_182111|2210445566000,Jona,Jona_6_20260616_182111,2210445566000,fetch,fetch,0.2669776082038879,0.2263682782649994,0.1097079813480377,0.1884668916463852,0.2084792703390121,True,True,True,True,True
test|Jona_6_20260616_182111|2210778900000,Jona,Jona_6_20260616_182111,2210778900000,fetch,fetch,0.2676047384738922,0.2177899032831192,0.1108649596571922,0.1902629733085632,0.2134773731231689,True,True,True,True,True
test|Jona_6_20260616_182111|2211112233000,Jona,Jona_6_20260616_182111,2211112233000,fetch,fetch,0.2646613717079162,0.2108193486928939,0.11093270778656,0.1962358951568603,0.2173506915569305,True,True,True,True,True
test|Jona_6_20260616_182111|2211445566000,Jona,Jona_6_20260616_182111,2211445566000,fetch,fetch,0.2615621984004974,0.2069139778614044,0.1102398782968521,0.2027012556791305,0.2185826599597931,True,True,True,True,True
test|Jona_6_20260616_182111|2211778900000,Jona,Jona_6_20260616_182111,2211778900000,fetch,fetch,0.263440191745758,0.2077353149652481,0.1101097539067268,0.2072124034166336,0.2115023583173751,True,True,True,True,True
test|Jona_6_20260616_182111|2212112233000,Jona,Jona_6_20260616_182111,2212112233000,fetch,fetch,0.2676856219768524,0.2107960730791092,0.1109987944364547,0.2082763910293579,0.2022431641817093,True,True,True,True,True
test|Jona_6_20260616_182111|2212445566000,Jona,Jona_6_20260616_182111,2212445566000,fetch,fetch,0.2702168524265289,0.2130977511405944,0.1119347289204597,0.2091559767723083,0.1955946087837219,True,True,True,True,True
test|Jona_6_20260616_182111|2212778899000,Jona,Jona_6_20260616_182111,2212778899000,fetch,fetch,0.2716858088970184,0.2144148349761963,0.1122048422694206,0.2098884433507919,0.1918060481548309,True,True,True,True,True
test|Jona_6_20260616_182111|2216778899000,Jona,Jona_6_20260616_182111,2216778899000,handover,handover,0.2415353506803512,0.2993805408477783,0.1027872115373611,0.184645876288414,0.1716510355472564,True,True,True,True,True
test|Jona_6_20260616_182111|2217112232000,Jona,Jona_6_20260616_182111,2217112232000,handover,handover,0.2399193048477172,0.3172737956047058,0.1016019210219383,0.1748435795307159,0.1663613766431808,True,True,True,True,True
test|Jona_6_20260616_182111|2217445566000,Jona,Jona_6_20260616_182111,2217445566000,handover,handover,0.2380337417125702,0.3296449780464172,0.1010730192065239,0.1701440662145614,0.161104217171669,True,True,True,True,True
test|Jona_6_20260616_182111|2217778899000,Jona,Jona_6_20260616_182111,2217778899000,handover,handover,0.2337979972362518,0.3394379317760467,0.100332036614418,0.1687617897987365,0.157670259475708,True,True,True,True,True
test|Jona_6_20260616_182111|2218112232000,Jona,Jona_6_20260616_182111,2218112232000,handover,handover,0.2297960668802261,0.3491767942905426,0.0993311032652854,0.1669500768184662,0.154745951294899,True,True,True,True,True
test|Jona_6_20260616_182111|2218445566000,Jona,Jona_6_20260616_182111,2218445566000,handover,handover,0.2258249223232269,0.3534265160560608,0.099538117647171,0.1689872741699218,0.1522231549024582,True,True,True,True,True
test|Jona_6_20260616_182111|2218778899000,Jona,Jona_6_20260616_182111,2218778899000,handover,handover,0.2250969558954239,0.3467931151390075,0.1013334915041923,0.1756362915039062,0.1511402577161789,True,True,True,True,True
test|Jona_6_20260616_182111|2219112232000,Jona,Jona_6_20260616_182111,2219112232000,handover,handover,0.2226312458515167,0.3363433480262756,0.1021709069609642,0.1810267269611358,0.1578277498483657,True,True,True,True,True
test|Jona_6_20260616_182111|2219445565000,Jona,Jona_6_20260616_182111,2219445565000,handover,handover,0.2205889225006103,0.3312546908855438,0.1023776829242706,0.1818984448909759,0.1638801544904709,True,True,True,True,True
test|Jona_6_20260616_182111|2219778899000,Jona,Jona_6_20260616_182111,2219778899000,handover,handover,0.219529926776886,0.329932689666748,0.1023635789752006,0.1812219768762588,0.1669518500566482,True,True,True,True,True
test|Jona_6_20260616_182111|2220112232000,Jona,Jona_6_20260616_182111,2220112232000,handover,handover,0.2167824506759643,0.3298143744468689,0.102233201265335,0.1812340766191482,0.169935941696167,True,True,True,True,True
test|Jona_6_20260616_182111|2220445565000,Jona,Jona_6_20260616_182111,2220445565000,handover,handover,0.2159707844257354,0.3289151191711426,0.1019241884350776,0.1802978217601776,0.1728920489549636,True,True,True,True,True
test|Jona_7_20260616_182214|2250878901000,Jona,Jona_7_20260616_182214,2250878901000,continue,continue,0.2244345843791961,0.2700623273849487,0.1344538033008575,0.1865105330944061,0.1845387071371078,True,True,True,True,True
test|Jona_7_20260616_182214|2251212235000,Jona,Jona_7_20260616_182214,2251212235000,continue,continue,0.2290187180042266,0.2558006048202514,0.1411263197660446,0.1888733953237533,0.1851809322834015,True,True,True,True,True
test|Jona_7_20260616_182214|2251545568000,Jona,Jona_7_20260616_182214,2251545568000,continue,continue,0.2342096120119094,0.2418140918016433,0.1466202586889267,0.1934807002544403,0.1838753372430801,True,True,True,True,True
test|Jona_7_20260616_182214|2251878901000,Jona,Jona_7_20260616_182214,2251878901000,continue,continue,0.2383816987276077,0.2288794666528701,0.1505974978208542,0.1949175000190735,0.1872238665819168,True,True,True,True,True
test|Jona_7_20260616_182214|2252212235000,Jona,Jona_7_20260616_182214,2252212235000,continue,continue,0.2360112965106964,0.2272504717111587,0.1521778702735901,0.1932114511728286,0.1913489252328872,True,True,True,True,True
test|Jona_7_20260616_182214|2252545568000,Jona,Jona_7_20260616_182214,2252545568000,continue,continue,0.2313218414783477,0.2247000485658645,0.1507358700037002,0.1969224661588668,0.1963197886943817,True,True,True,True,True
test|Jona_7_20260616_182214|2252878901000,Jona,Jona_7_20260616_182214,2252878901000,continue,continue,0.2278775423765182,0.2190546542406082,0.1488211452960968,0.2025704234838485,0.2016762197017669,True,True,True,True,True
test|Jona_7_20260616_182214|2253212234000,Jona,Jona_7_20260616_182214,2253212234000,continue,continue,0.2262818366289138,0.2144286334514618,0.1467832922935485,0.2052009850740432,0.2073051780462265,True,True,True,True,True
test|Jona_7_20260616_182214|2253545568000,Jona,Jona_7_20260616_182214,2253545568000,continue,continue,0.228201612830162,0.2140366286039352,0.1475988328456878,0.2056068331003189,0.2045560777187347,True,True,True,True,True
test|Jona_7_20260616_182214|2253878901000,Jona,Jona_7_20260616_182214,2253878901000,continue,continue,0.2342297881841659,0.2159945517778396,0.1494695842266082,0.2015253454446792,0.1987807750701904,True,True,True,True,True
test|Jona_7_20260616_182214|2254212234000,Jona,Jona_7_20260616_182214,2254212234000,continue,continue,0.2386412620544433,0.2197001129388809,0.1517908275127411,0.1936549842357635,0.1962127983570099,True,True,True,True,True
test|Jona_7_20260616_182214|2254545568000,Jona,Jona_7_20260616_182214,2254545568000,continue,continue,0.2371191084384918,0.2257176041603088,0.152375727891922,0.1876798123121261,0.1971078515052795,True,True,True,True,True
test|Jona_7_20260616_182214|2254878901000,Jona,Jona_7_20260616_182214,2254878901000,continue,continue,0.2256182730197906,0.2377058714628219,0.1519062370061874,0.1864392161369323,0.1983304321765899,True,True,True,True,True
test|Jona_7_20260616_182214|2255212234000,Jona,Jona_7_20260616_182214,2255212234000,continue,continue,0.2101154327392578,0.2561509907245636,0.1480925381183624,0.1845764517784118,0.2010645717382431,True,True,True,True,True
test|Jona_7_20260616_182214|2255545567000,Jona,Jona_7_20260616_182214,2255545567000,continue,continue,0.1962160170078277,0.2758581638336181,0.1407069861888885,0.1826166361570358,0.2046022117137909,True,True,True,True,True
test|Jona_7_20260616_182214|2255878901000,Jona,Jona_7_20260616_182214,2255878901000,continue,continue,0.1853742450475692,0.2981934249401092,0.1320990324020385,0.1802252531051635,0.2041080296039581,True,True,True,True,True
test|Jona_7_20260616_182214|2256212234000,Jona,Jona_7_20260616_182214,2256212234000,continue,continue,0.1783189624547958,0.3180324733257293,0.1230286508798599,0.1811769306659698,0.1994429379701614,True,True,True,True,True
test|Jona_7_20260616_182214|2256545567000,Jona,Jona_7_20260616_182214,2256545567000,continue,continue,0.1715850085020065,0.3373764157295227,0.1155628338456153,0.1837654858827591,0.191710278391838,True,True,True,True,True
test|Jona_7_20260616_182214|2256878901000,Jona,Jona_7_20260616_182214,2256878901000,continue,continue,0.163292720913887,0.3501724600791931,0.1134702265262603,0.1911176443099975,0.1819469630718231,True,True,True,True,True
test|Jona_7_20260616_182214|2257212234000,Jona,Jona_7_20260616_182214,2257212234000,continue,continue,0.162867933511734,0.3506666421890259,0.1136980056762695,0.1958840936422348,0.1768833249807357,True,True,True,True,True
test|Jona_7_20260616_182214|2257545567000,Jona,Jona_7_20260616_182214,2257545567000,continue,continue,0.1643462777137756,0.3529931902885437,0.1128339692950248,0.1970934271812439,0.1727330833673477,True,True,True,True,True
test|Jona_7_20260616_182214|2257878901000,Jona,Jona_7_20260616_182214,2257878901000,continue,continue,0.1646559685468673,0.3543353080749511,0.1163540333509445,0.1959041506052017,0.1687505096197128,True,True,True,True,True
test|Jona_7_20260616_182214|2258212234000,Jona,Jona_7_20260616_182214,2258212234000,continue,continue,0.1649767905473709,0.3546075820922851,0.1184954643249511,0.1962746381759643,0.165645569562912,True,True,True,True,True
test|Jona_7_20260616_182214|2258545567000,Jona,Jona_7_20260616_182214,2258545567000,continue,continue,0.1641235947608947,0.3537856340408325,0.1210440918803215,0.1983363628387451,0.1627103239297866,True,True,True,True,True
test|Jona_7_20260616_182214|2258878901000,Jona,Jona_7_20260616_182214,2258878901000,continue,continue,0.1639435440301895,0.3536292612552643,0.1191429793834686,0.2008133828639984,0.1624708920717239,True,True,True,True,True
test|Jona_7_20260616_182214|2259212234000,Jona,Jona_7_20260616_182214,2259212234000,continue,continue,0.1623106151819229,0.3502566814422607,0.1189330741763114,0.2069777101278305,0.1615218967199325,True,True,True,True,True
test|Jona_7_20260616_182214|2259545567000,Jona,Jona_7_20260616_182214,2259545567000,continue,continue,0.1620830744504928,0.3494487404823303,0.1191855370998382,0.2096043080091476,0.1596782803535461,True,True,True,True,True
test|Jona_7_20260616_182214|2259878900000,Jona,Jona_7_20260616_182214,2259878900000,continue,continue,0.1643260717391967,0.352028340101242,0.1154943779110908,0.2078991383314132,0.1602520644664764,True,True,True,True,True
test|Jona_7_20260616_182214|2260212234000,Jona,Jona_7_20260616_182214,2260212234000,continue,continue,0.1672175079584121,0.3534766137599945,0.1155242398381233,0.2036682069301605,0.1601134538650512,True,True,True,True,True
test|Jona_7_20260616_182214|2260545567000,Jona,Jona_7_20260616_182214,2260545567000,continue,continue,0.1696469783782959,0.3525542020797729,0.113657146692276,0.20353364944458,0.1606080085039138,True,True,True,True,True
test|Jona_7_20260616_182214|2260878900000,Jona,Jona_7_20260616_182214,2260878900000,continue,continue,0.175482228398323,0.3538336753845215,0.1143632531166076,0.1982539296150207,0.1580668687820434,True,True,True,True,True
test|Jona_7_20260616_182214|2261212234000,Jona,Jona_7_20260616_182214,2261212234000,continue,continue,0.1791774183511734,0.3554469048976898,0.1173404082655906,0.1926498860120773,0.1553853452205658,True,True,True,True,True
test|Jona_7_20260616_182214|2261545567000,Jona,Jona_7_20260616_182214,2261545567000,continue,continue,0.1817338317632675,0.3517937362194061,0.1229991316795349,0.1885175704956054,0.1549557745456695,True,True,True,True,True
test|Jona_7_20260616_182214|2261878900000,Jona,Jona_7_20260616_182214,2261878900000,continue,continue,0.1829175949096679,0.3442966938018799,0.1301776319742202,0.1886831670999527,0.1539248675107956,True,True,True,True,True
test|Jona_7_20260616_182214|2262212233000,Jona,Jona_7_20260616_182214,2262212233000,continue,continue,0.181246742606163,0.3350926041603088,0.1379609107971191,0.1909653842449188,0.1547343432903289,True,True,True,True,True
test|Jona_7_20260616_182214|2262545567000,Jona,Jona_7_20260616_182214,2262545567000,continue,continue,0.1837937235832214,0.3263959884643554,0.1414671242237091,0.1913143843412399,0.1570287644863128,True,True,True,True,True
test|Jona_7_20260616_182214|2262878900000,Jona,Jona_7_20260616_182214,2262878900000,continue,continue,0.1869517862796783,0.3109928667545318,0.1436726152896881,0.1974440366029739,0.1609387546777725,True,True,True,True,True
test|Jona_7_20260616_182214|2263212233000,Jona,Jona_7_20260616_182214,2263212233000,continue,continue,0.1952892690896988,0.2834244668483734,0.1464307606220245,0.2085499018430709,0.1663056313991546,True,True,True,True,True
test|Jona_7_20260616_182214|2263545567000,Jona,Jona_7_20260616_182214,2263545567000,continue,continue,0.2016390413045883,0.258439153432846,0.1506029665470123,0.2162538021802902,0.173065036535263,True,True,True,True,True
test|Jona_7_20260616_182214|2263878900000,Jona,Jona_7_20260616_182214,2263878900000,continue,continue,0.2066330313682556,0.2372599393129348,0.152657613158226,0.224147766828537,0.1793016940355301,True,True,True,True,True
test|Jona_7_20260616_182214|2264212233000,Jona,Jona_7_20260616_182214,2264212233000,continue,continue,0.2121839076280594,0.2208034843206405,0.153409332036972,0.2292148470878601,0.1843884140253067,True,True,True,True,True
test|Jona_7_20260616_182214|2264545567000,Jona,Jona_7_20260616_182214,2264545567000,continue,fetch,0.213282898068428,0.2091005593538284,0.1567117720842361,0.2360520213842392,0.1848527938127517,True,True,True,True,True
test|Jona_7_20260616_182214|2264878900000,Jona,Jona_7_20260616_182214,2264878900000,continue,fetch,0.2170846462249755,0.2043316662311554,0.1567096412181854,0.2343703508377075,0.1875036805868148,True,True,True,True,True
test|Jona_7_20260616_182214|2265212233000,Jona,Jona_7_20260616_182214,2265212233000,continue,continue,0.2196698784828186,0.2061726301908493,0.159583106637001,0.2267873883247375,0.1877870261669159,True,True,True,True,True
test|Jona_7_20260616_182214|2265545566000,Jona,Jona_7_20260616_182214,2265545566000,continue,fetch,0.2180446833372116,0.2098176032304763,0.1565431356430053,0.2264231443405151,0.1891714483499527,True,True,True,True,True
test|Jona_7_20260616_182214|2265878900000,Jona,Jona_7_20260616_182214,2265878900000,continue,continue,0.2157100737094879,0.2119988054037094,0.1569109410047531,0.2231290191411972,0.1922511458396911,True,True,True,True,True
test|Jona_7_20260616_182214|2266212233000,Jona,Jona_7_20260616_182214,2266212233000,continue,continue,0.2160186469554901,0.2164266258478164,0.1540552526712417,0.2165636867284774,0.196935772895813,True,True,True,True,True
test|Jona_7_20260616_182214|2266545566000,Jona,Jona_7_20260616_182214,2266545566000,continue,continue,0.2135613709688186,0.2229941189289093,0.1551578193902969,0.206225961446762,0.202060729265213,True,True,True,True,True
test|Jona_7_20260616_182214|2266878900000,Jona,Jona_7_20260616_182214,2266878900000,continue,continue,0.2052626460790634,0.2266989946365356,0.1573648601770401,0.2036003619432449,0.2070731520652771,True,True,True,True,True
test|Jona_7_20260616_182214|2267212233000,Jona,Jona_7_20260616_182214,2267212233000,continue,continue,0.196011483669281,0.2316160798072815,0.1559357196092605,0.2048378735780716,0.2115988135337829,True,True,True,True,True
test|Jona_7_20260616_182214|2267545566000,Jona,Jona_7_20260616_182214,2267545566000,continue,continue,0.1884282082319259,0.2322722971439361,0.1651244312524795,0.2046069800853729,0.2095680385828018,True,True,True,True,True
test|Jona_7_20260616_182214|2267878900000,Jona,Jona_7_20260616_182214,2267878900000,continue,continue,0.2192836999893188,0.2820025980472564,0.0,0.2474938929080963,0.2512198686599731,True,True,False,True,True
test|Jona_7_20260616_182214|2268212233000,Jona,Jona_7_20260616_182214,2268212233000,continue,continue,0.2145425528287887,0.2841745913028717,0.0,0.2512437999248504,0.2500390708446502,True,True,False,True,True
test|Jona_7_20260616_182214|2268545566000,Jona,Jona_7_20260616_182214,2268545566000,continue,continue,0.2119362652301788,0.2807949781417846,0.0,0.2607209980487823,0.2465477734804153,True,True,False,True,True
test|Jona_7_20260616_182214|2268878899000,Jona,Jona_7_20260616_182214,2268878899000,continue,continue,0.2115539014339447,0.281339168548584,0.0,0.2623546421527862,0.2447522729635238,True,True,False,True,True
test|Jona_7_20260616_182214|2269212233000,Jona,Jona_7_20260616_182214,2269212233000,continue,continue,0.2112403661012649,0.2830511033535003,0.0,0.2619283497333526,0.2437801957130432,True,True,False,True,True
test|Jona_7_20260616_182214|2269545566000,Jona,Jona_7_20260616_182214,2269545566000,continue,continue,0.2097549140453338,0.2827822864055633,0.0,0.2642460167407989,0.2432167679071426,True,True,False,True,True
test|Jona_7_20260616_182214|2269878899000,Jona,Jona_7_20260616_182214,2269878899000,continue,continue,0.2107648700475692,0.2842099964618683,0.0,0.264656513929367,0.2403685599565506,True,True,False,True,True
test|Jona_7_20260616_182214|2270212233000,Jona,Jona_7_20260616_182214,2270212233000,continue,fetch,0.2116859555244445,0.2852607667446136,0.0,0.2667699754238128,0.2362833470106125,True,True,False,True,True
test|Jona_7_20260616_182214|2270545566000,Jona,Jona_7_20260616_182214,2270545566000,continue,fetch,0.2112092822790146,0.2834440171718597,0.0,0.2692696750164032,0.2360769957304,True,True,False,True,True
test|Jona_7_20260616_182214|2270878899000,Jona,Jona_7_20260616_182214,2270878899000,continue,fetch,0.2101183533668518,0.2806304097175598,0.0,0.2770238816738128,0.2322272956371307,True,True,False,True,True
test|Jona_7_20260616_182214|2271212233000,Jona,Jona_7_20260616_182214,2271212233000,continue,fetch,0.2101289182901382,0.2701266705989837,0.0,0.2885104715824127,0.2312339395284652,True,True,False,True,True
test|Jona_7_20260616_182214|2271545566000,Jona,Jona_7_20260616_182214,2271545566000,continue,fetch,0.2147670239210128,0.2617325484752655,0.0,0.2947143912315368,0.2287860214710235,True,True,False,True,True
test|Jona_7_20260616_182214|2271878899000,Jona,Jona_7_20260616_182214,2271878899000,continue,fetch,0.2236050516366958,0.2541661560535431,0.0,0.2980741858482361,0.2241546213626861,True,True,False,True,True
test|Jona_7_20260616_182214|2272212232000,Jona,Jona_7_20260616_182214,2272212232000,continue,fetch,0.2383102476596832,0.2509611546993255,0.0,0.289687842130661,0.221040740609169,True,True,False,True,True
test|Jona_7_20260616_182214|2272545566000,Jona,Jona_7_20260616_182214,2272545566000,continue,fetch,0.2517502903938293,0.2502861320972442,0.0,0.2858705520629883,0.2120930105447769,True,True,False,True,True
test|Jona_7_20260616_182214|2272878899000,Jona,Jona_7_20260616_182214,2272878899000,continue,fetch,0.2668246328830719,0.2482296079397201,0.0,0.2790857255458832,0.2058600485324859,True,True,False,True,True
test|Jona_7_20260616_182214|2273212232000,Jona,Jona_7_20260616_182214,2273212232000,fetch,fetch,0.2834880352020263,0.2474728226661682,0.0,0.2669431865215301,0.2020959258079528,True,True,False,True,True
test|Jona_7_20260616_182214|2273545566000,Jona,Jona_7_20260616_182214,2273545566000,fetch,fetch,0.2943582534790039,0.2446219176054,0.0,0.2571416795253753,0.2038781344890594,True,True,False,True,True
test|Jona_7_20260616_182214|2273878899000,Jona,Jona_7_20260616_182214,2273878899000,fetch,fetch,0.299239307641983,0.2441521137952804,0.0,0.2510275542736053,0.2055810242891311,True,True,False,True,True
test|Jona_7_20260616_182214|2274212232000,Jona,Jona_7_20260616_182214,2274212232000,fetch,fetch,0.3005039691925049,0.2463841140270233,0.0,0.247376799583435,0.2057351320981979,True,True,False,True,True
test|Jona_7_20260616_182214|2274545566000,Jona,Jona_7_20260616_182214,2274545566000,fetch,fetch,0.3025724291801452,0.2508164346218109,0.0,0.240670621395111,0.2059404700994491,True,True,False,True,True
test|Jona_7_20260616_182214|2274878899000,Jona,Jona_7_20260616_182214,2274878899000,fetch,fetch,0.3050180673599243,0.2538057267665863,0.0,0.2321715503931045,0.2090046852827072,True,True,False,True,True
test|Jona_7_20260616_182214|2275212232000,Jona,Jona_7_20260616_182214,2275212232000,fetch,fetch,0.307260125875473,0.25454181432724,0.0,0.2309052348136901,0.2072928547859192,True,True,False,True,True
test|Jona_7_20260616_182214|2275545565000,Jona,Jona_7_20260616_182214,2275545565000,fetch,fetch,0.3123357594013214,0.2570615112781524,0.0,0.2281319946050644,0.2024707496166229,True,True,False,True,True
test|Jona_7_20260616_182214|2275878899000,Jona,Jona_7_20260616_182214,2275878899000,fetch,fetch,0.3175262212753296,0.2569265067577362,0.0,0.225044384598732,0.2005029171705246,True,True,False,True,True
test|Jona_7_20260616_182214|2276212232000,Jona,Jona_7_20260616_182214,2276212232000,fetch,fetch,0.3215923011302948,0.2507726848125458,0.0,0.2257454991340637,0.2018894702196121,True,True,False,True,True
test|Jona_7_20260616_182214|2276545565000,Jona,Jona_7_20260616_182214,2276545565000,fetch,fetch,0.3251460194587707,0.2426438778638839,0.0,0.2254296094179153,0.2067804783582687,True,True,False,True,True
test|Jona_7_20260616_182214|2276878899000,Jona,Jona_7_20260616_182214,2276878899000,fetch,fetch,0.3269521296024322,0.2373308539390564,0.0,0.2277248650789261,0.2079921662807464,True,True,False,True,True
test|Jona_7_20260616_182214|2277212232000,Jona,Jona_7_20260616_182214,2277212232000,fetch,fetch,0.3279494047164917,0.2365118116140365,0.0,0.2275198698043823,0.2080189287662506,True,True,False,True,True
test|Jona_7_20260616_182214|2277545565000,Jona,Jona_7_20260616_182214,2277545565000,fetch,fetch,0.3237174153327942,0.2362201064825058,0.0,0.2275023460388183,0.212560087442398,True,True,False,True,True
test|Jona_7_20260616_182214|2277878899000,Jona,Jona_7_20260616_182214,2277878899000,fetch,fetch,0.3210343420505523,0.2359514981508255,0.0,0.2291427254676818,0.2138714492321014,True,True,False,True,True
test|Jona_7_20260616_182214|2278212232000,Jona,Jona_7_20260616_182214,2278212232000,fetch,fetch,0.3191495537757873,0.2363914400339126,0.0,0.2300179153680801,0.2144410461187362,True,True,False,True,True
test|Jona_7_20260616_182214|2282212231000,Jona,Jona_7_20260616_182214,2282212231000,handover,handover,0.3115816414356231,0.2449952214956283,0.0,0.2303301990032196,0.2130929380655288,True,True,False,True,True
test|Jona_7_20260616_182214|2282545565000,Jona,Jona_7_20260616_182214,2282545565000,handover,handover,0.3018229305744171,0.2720308899879455,0.0,0.2231327295303344,0.2030134350061416,True,True,False,True,True
test|Jona_7_20260616_182214|2282878898000,Jona,Jona_7_20260616_182214,2282878898000,handover,handover,0.2896707057952881,0.304829329252243,0.0,0.2136394381523132,0.1918605268001556,True,True,False,True,True
test|Jona_7_20260616_182214|2283212231000,Jona,Jona_7_20260616_182214,2283212231000,handover,handover,0.2745359539985657,0.334986537694931,0.0,0.2067998498678207,0.1836777478456497,True,True,False,True,True
test|Jona_7_20260616_182214|2283545565000,Jona,Jona_7_20260616_182214,2283545565000,handover,handover,0.2603455781936645,0.3664702773094177,0.0,0.20046928524971,0.1727149188518524,True,True,False,True,True
test|Jona_7_20260616_182214|2283878898000,Jona,Jona_7_20260616_182214,2283878898000,handover,handover,0.2471205741167068,0.3929302096366882,0.0,0.1934548765420913,0.1664943248033523,True,True,False,True,True
test|Jona_7_20260616_182214|2284212231000,Jona,Jona_7_20260616_182214,2284212231000,handover,handover,0.2474294304847717,0.3931384086608886,0.0,0.1918374001979828,0.167594775557518,True,True,False,True,True
test|Jona_7_20260616_182214|2284545565000,Jona,Jona_7_20260616_182214,2284545565000,handover,handover,0.2531493604183197,0.3814945816993713,0.0,0.1927749067544937,0.172581136226654,True,True,False,True,True
test|Jona_7_20260616_182214|2284878898000,Jona,Jona_7_20260616_182214,2284878898000,handover,handover,0.2567245364189148,0.3677675127983093,0.0,0.1960295289754867,0.1794784069061279,True,True,False,True,True
test|Jona_7_20260616_182214|2285212231000,Jona,Jona_7_20260616_182214,2285212231000,handover,handover,0.2602442800998688,0.3611539602279663,0.0,0.1954319030046463,0.1831697672605514,True,True,False,True,True
test|Jona_7_20260616_182214|2285545564000,Jona,Jona_7_20260616_182214,2285545564000,handover,handover,0.2615836858749389,0.3569631576538086,0.0,0.1945647597312927,0.1868883520364761,True,True,False,True,True
test|Jona_7_20260616_182214|2285878898000,Jona,Jona_7_20260616_182214,2285878898000,handover,handover,0.2628867328166961,0.3539632558822632,0.0,0.1934317797422409,0.1897182166576385,True,True,False,True,True
test|Mona_1_20260624_123312|1076136275000,Mona,Mona_1_20260624_123312,1076136275000,continue,continue,0.2212534099817276,0.2498147040605545,0.1603107303380966,0.1787424236536026,0.1898787170648574,True,True,True,True,True
test|Mona_1_20260624_123312|1076469609000,Mona,Mona_1_20260624_123312,1076469609000,continue,continue,0.2237347960472107,0.2372424900531768,0.1613295227289199,0.1782329529523849,0.1994602531194687,True,True,True,True,True
test|Mona_1_20260624_123312|1076802942000,Mona,Mona_1_20260624_123312,1076802942000,continue,continue,0.2217992097139358,0.2283076345920562,0.16359843313694,0.1786093711853027,0.2076853364706039,True,True,True,True,True
test|Mona_1_20260624_123312|1077136275000,Mona,Mona_1_20260624_123312,1077136275000,continue,continue,0.2211539298295974,0.2244975566864013,0.161669909954071,0.1748642027378082,0.2178143858909607,True,True,True,True,True
test|Mona_1_20260624_123312|1077469609000,Mona,Mona_1_20260624_123312,1077469609000,continue,continue,0.221375897526741,0.2196119725704193,0.164627730846405,0.1683241724967956,0.2260602414608001,True,True,True,True,True
test|Mona_1_20260624_123312|1077802942000,Mona,Mona_1_20260624_123312,1077802942000,continue,continue,0.2233427166938781,0.2163038700819015,0.1661768704652786,0.1654712259769439,0.2287053316831588,True,True,True,True,True
test|Mona_1_20260624_123312|1078136275000,Mona,Mona_1_20260624_123312,1078136275000,continue,continue,0.2179576903581619,0.2189540266990661,0.1616832911968231,0.164250448346138,0.2371545433998108,True,True,True,True,True
test|Mona_1_20260624_123312|1078469609000,Mona,Mona_1_20260624_123312,1078469609000,continue,continue,0.2140562832355499,0.2248964607715606,0.1543769687414169,0.1683879792690277,0.2382822334766388,True,True,True,True,True
test|Mona_1_20260624_123312|1078802942000,Mona,Mona_1_20260624_123312,1078802942000,continue,continue,0.215538665652275,0.2342003881931305,0.1514181047677993,0.1696917563676834,0.2291510850191116,True,True,True,True,True
test|Mona_1_20260624_123312|1079136275000,Mona,Mona_1_20260624_123312,1079136275000,continue,continue,0.216191753745079,0.2406145334243774,0.1525196135044098,0.1735695451498031,0.2171045094728469,True,True,True,True,True
test|Mona_1_20260624_123312|1079469609000,Mona,Mona_1_20260624_123312,1079469609000,continue,continue,0.2185589075088501,0.2488346993923187,0.1502070426940918,0.1731872260570526,0.2092121243476867,True,True,True,True,True
test|Mona_1_20260624_123312|1079802942000,Mona,Mona_1_20260624_123312,1079802942000,continue,continue,0.2137897759675979,0.2430937439203262,0.1505088210105896,0.1799566447734832,0.2126510143280029,True,True,True,True,True
test|Mona_1_20260624_123312|1080136275000,Mona,Mona_1_20260624_123312,1080136275000,continue,continue,0.2141996026039123,0.2441368848085403,0.1508834064006805,0.1805936396121978,0.2101864963769912,True,True,True,True,True
test|Mona_1_20260624_123312|1080469609000,Mona,Mona_1_20260624_123312,1080469609000,continue,continue,0.2127586752176284,0.2414325028657913,0.1555502861738205,0.1749678999185562,0.2152906954288482,True,True,True,True,True
test|Mona_1_20260624_123312|1080802942000,Mona,Mona_1_20260624_123312,1080802942000,continue,continue,0.207283541560173,0.2368173003196716,0.1560397893190384,0.1742328256368637,0.2256265133619308,True,True,True,True,True
test|Mona_1_20260624_123312|1081136275000,Mona,Mona_1_20260624_123312,1081136275000,continue,continue,0.2035989314317703,0.2401391565799713,0.1537476480007171,0.169828400015831,0.2326858341693878,True,True,True,True,True
test|Mona_1_20260624_123312|1081469609000,Mona,Mona_1_20260624_123312,1081469609000,continue,continue,0.2012945562601089,0.2287112325429916,0.1543584764003753,0.176341250538826,0.2392945438623428,True,True,True,True,True
test|Mona_1_20260624_123312|1081802942000,Mona,Mona_1_20260624_123312,1081802942000,continue,continue,0.2023135125637054,0.2296147495508194,0.1567705571651458,0.1742549687623977,0.2370462566614151,True,True,True,True,True
test|Mona_1_20260624_123312|1082136275000,Mona,Mona_1_20260624_123312,1082136275000,continue,continue,0.196734607219696,0.2350020259618759,0.1561240255832672,0.1773274838924408,0.234811782836914,True,True,True,True,True
test|Mona_1_20260624_123312|1082469609000,Mona,Mona_1_20260624_123312,1082469609000,continue,continue,0.1932322680950164,0.2463415563106537,0.1555780470371246,0.1842593699693679,0.2205887883901596,True,True,True,True,True
test|Mona_1_20260624_123312|1082802942000,Mona,Mona_1_20260624_123312,1082802942000,continue,continue,0.1923993229866027,0.2522505819797516,0.1554501503705978,0.1870681643486023,0.2128317803144455,True,True,True,True,True
test|Mona_1_20260624_123312|1083136275000,Mona,Mona_1_20260624_123312,1083136275000,continue,continue,0.1912281364202499,0.2466112226247787,0.1535814553499221,0.1939143389463424,0.2146648913621902,True,True,True,True,True
test|Mona_1_20260624_123312|1083469609000,Mona,Mona_1_20260624_123312,1083469609000,continue,continue,0.1883643716573715,0.2481334805488586,0.1526113599538803,0.1963773220777511,0.2145135104656219,True,True,True,True,True
test|Mona_1_20260624_123312|1083802942000,Mona,Mona_1_20260624_123312,1083802942000,continue,continue,0.1876697242259979,0.2479425072669983,0.1489273458719253,0.1989782750606537,0.2164821326732635,True,True,True,True,True
test|Mona_1_20260624_123312|1084136275000,Mona,Mona_1_20260624_123312,1084136275000,continue,continue,0.1931442469358444,0.2380510866641998,0.1488011479377746,0.2021098136901855,0.2178936153650283,True,True,True,True,True
test|Mona_1_20260624_123312|1084469609000,Mona,Mona_1_20260624_123312,1084469609000,continue,continue,0.1979395300149917,0.2313152849674224,0.1475610733032226,0.2009167373180389,0.2222673445940017,True,True,True,True,True
test|Mona_1_20260624_123312|1084802942000,Mona,Mona_1_20260624_123312,1084802942000,continue,continue,0.1992834955453872,0.2290388196706771,0.1488972008228302,0.2007531076669693,0.2220274060964584,True,True,True,True,True
test|Mona_1_20260624_123312|1085136275000,Mona,Mona_1_20260624_123312,1085136275000,continue,continue,0.2005925923585891,0.2308465242385864,0.1506872177124023,0.2000246942043304,0.2178489714860916,True,True,True,True,True
test|Mona_1_20260624_123312|1085469609000,Mona,Mona_1_20260624_123312,1085469609000,continue,continue,0.2027152478694915,0.2315244823694229,0.1487303972244262,0.2000630050897598,0.2169668227434158,True,True,True,True,True
test|Mona_1_20260624_123312|1085802942000,Mona,Mona_1_20260624_123312,1085802942000,continue,continue,0.2038594037294387,0.2381686866283416,0.148410215973854,0.197415754199028,0.2121459245681762,True,True,True,True,True
test|Mona_1_20260624_123312|1086136275000,Mona,Mona_1_20260624_123312,1086136275000,continue,continue,0.2017033994197845,0.2534494996070862,0.1516422927379608,0.1873182207345962,0.2058865427970886,True,True,True,True,True
test|Mona_1_20260624_123312|1086469609000,Mona,Mona_1_20260624_123312,1086469609000,continue,continue,0.1995536983013153,0.2632048428058624,0.1577989310026168,0.178789347410202,0.2006532102823257,True,True,True,True,True
test|Mona_1_20260624_123312|1086802942000,Mona,Mona_1_20260624_123312,1086802942000,continue,continue,0.1985678821802139,0.2638943195343017,0.1604949533939361,0.1778217107057571,0.1992211490869522,True,True,True,True,True
test|Mona_1_20260624_123312|1087136275000,Mona,Mona_1_20260624_123312,1087136275000,continue,continue,0.1961726993322372,0.2661453187465668,0.1636068075895309,0.1777593791484832,0.1963157802820205,True,True,True,True,True
test|Mona_1_20260624_123312|1087469609000,Mona,Mona_1_20260624_123312,1087469609000,continue,continue,0.1928722709417343,0.2691919505596161,0.1642519384622573,0.1749674826860427,0.1987163424491882,True,True,True,True,True
test|Mona_1_20260624_123312|1087802942000,Mona,Mona_1_20260624_123312,1087802942000,continue,continue,0.1903370022773742,0.2617818713188171,0.1676633059978485,0.1762099713087082,0.2040079087018966,True,True,True,True,True
test|Mona_1_20260624_123312|1088136275000,Mona,Mona_1_20260624_123312,1088136275000,continue,continue,0.1912345588207245,0.2524135112762451,0.1694597154855728,0.1805413365364074,0.2063508629798889,True,True,True,True,True
test|Mona_1_20260624_123312|1088469609000,Mona,Mona_1_20260624_123312,1088469609000,continue,continue,0.1933402419090271,0.2414998114109039,0.1664654463529586,0.1876313537359237,0.2110631316900253,True,True,True,True,True
test|Mona_1_20260624_123312|1088802942000,Mona,Mona_1_20260624_123312,1088802942000,continue,continue,0.1972971558570861,0.2398557662963867,0.1682507842779159,0.1844794005155563,0.2101168632507324,True,True,True,True,True
test|Mona_1_20260624_123312|1089136275000,Mona,Mona_1_20260624_123312,1089136275000,continue,continue,0.1997416913509369,0.2369132190942764,0.1663038730621338,0.1851722300052642,0.2118689268827438,True,True,True,True,True
test|Mona_1_20260624_123312|1089469609000,Mona,Mona_1_20260624_123312,1089469609000,continue,continue,0.2011261880397796,0.2324711829423904,0.1655418425798416,0.1885465383529663,0.2123142629861831,True,True,True,True,True
test|Mona_1_20260624_123312|1089802942000,Mona,Mona_1_20260624_123312,1089802942000,continue,continue,0.2041825652122497,0.2316952794790268,0.1658547073602676,0.1898808777332306,0.208386555314064,True,True,True,True,True
test|Mona_1_20260624_123312|1090136275000,Mona,Mona_1_20260624_123312,1090136275000,continue,continue,0.2090299725532531,0.2281533926725387,0.1615247279405594,0.1917280256748199,0.2095638811588287,True,True,True,True,True
test|Mona_1_20260624_123312|1090469609000,Mona,Mona_1_20260624_123312,1090469609000,continue,continue,0.2125979214906692,0.2248072028160095,0.158114418387413,0.1941780000925064,0.2103024274110794,True,True,True,True,True
test|Mona_1_20260624_123312|1090802942000,Mona,Mona_1_20260624_123312,1090802942000,continue,continue,0.2121575027704239,0.2177512645721435,0.1563277393579483,0.1982222646474838,0.215541273355484,True,True,True,True,True
test|Mona_1_20260624_123312|1091136275000,Mona,Mona_1_20260624_123312,1091136275000,continue,continue,0.209367424249649,0.2168401479721069,0.1570147722959518,0.1923043131828308,0.2244734317064285,True,True,True,True,True
test|Mona_1_20260624_123312|1091469609000,Mona,Mona_1_20260624_123312,1091469609000,continue,continue,0.2064132690429687,0.2126380503177642,0.1609381139278412,0.1890990436077118,0.2309115976095199,True,True,True,True,True
test|Mona_1_20260624_123312|1091802942000,Mona,Mona_1_20260624_123312,1091802942000,continue,continue,0.205532431602478,0.2087831795215606,0.1615974605083465,0.1868601143360138,0.2372268736362457,True,True,True,True,True
test|Mona_1_20260624_123312|1092136275000,Mona,Mona_1_20260624_123312,1092136275000,continue,continue,0.2038293331861496,0.2062229961156845,0.1629111021757125,0.1845438778400421,0.2424927502870559,True,True,True,True,True
test|Mona_1_20260624_123312|1092469609000,Mona,Mona_1_20260624_123312,1092469609000,continue,continue,0.2025296539068222,0.2061569839715957,0.1630090326070785,0.1818294376134872,0.2464749068021774,True,True,True,True,True
test|Mona_1_20260624_123312|1092802942000,Mona,Mona_1_20260624_123312,1092802942000,continue,continue,0.202368676662445,0.2077148556709289,0.1616311520338058,0.1834871470928192,0.2447980940341949,True,True,True,True,True
test|Mona_1_20260624_123312|1093136275000,Mona,Mona_1_20260624_123312,1093136275000,continue,continue,0.2048399299383163,0.2050265818834304,0.1620612144470214,0.1858607530593872,0.2422115355730056,True,True,True,True,True
test|Mona_1_20260624_123312|1093469609000,Mona,Mona_1_20260624_123312,1093469609000,continue,continue,0.2070438265800476,0.2030669301748275,0.1623481512069702,0.182847112417221,0.2446939796209335,True,True,True,True,True
test|Mona_1_20260624_123312|1093802942000,Mona,Mona_1_20260624_123312,1093802942000,continue,continue,0.2075375765562057,0.200525090098381,0.1612422317266464,0.1846545338630676,0.2460406422615051,True,True,True,True,True
test|Mona_1_20260624_123312|1094136275000,Mona,Mona_1_20260624_123312,1094136275000,continue,continue,0.2077213674783706,0.1968854516744613,0.1626781523227691,0.1848849207162857,0.2478300184011459,True,True,True,True,True
test|Mona_1_20260624_123312|1094469609000,Mona,Mona_1_20260624_123312,1094469609000,continue,continue,0.2021007984876632,0.1953029930591583,0.1703727692365646,0.1883183121681213,0.2439050823450088,True,True,True,True,True
test|Mona_1_20260624_123312|1094802942000,Mona,Mona_1_20260624_123312,1094802942000,continue,continue,0.1977392137050628,0.195533812046051,0.1756132096052169,0.1956797540187835,0.2354340106248855,True,True,True,True,True
test|Mona_1_20260624_123312|1095136275000,Mona,Mona_1_20260624_123312,1095136275000,continue,continue,0.202300950884819,0.1957131326198578,0.1771851480007171,0.2055276036262512,0.2192730903625488,True,True,True,True,True
test|Mona_1_20260624_123312|1095469609000,Mona,Mona_1_20260624_123312,1095469609000,fetch,fetch,0.2156372219324112,0.1955039501190185,0.1779240667819976,0.2125168740749359,0.1984179019927978,True,True,True,True,True
test|Mona_1_20260624_123312|1095802942000,Mona,Mona_1_20260624_123312,1095802942000,fetch,fetch,0.2286557853221893,0.2119886577129364,0.1732468605041504,0.2096477597951889,0.1764609217643737,True,True,True,True,True
test|Mona_1_20260624_123312|1096136275000,Mona,Mona_1_20260624_123312,1096136275000,fetch,fetch,0.2441500723361969,0.2250664979219436,0.1727249473333358,0.2069629579782486,0.151095449924469,True,True,True,True,True
test|Mona_1_20260624_123312|1096469609000,Mona,Mona_1_20260624_123312,1096469609000,fetch,fetch,0.2741636931896209,0.204364612698555,0.1712836772203445,0.2097805291414261,0.140407532453537,True,True,True,True,True
test|Mona_1_20260624_123312|1096802942000,Mona,Mona_1_20260624_123312,1096802942000,fetch,fetch,0.2947872281074524,0.1903385072946548,0.1725162863731384,0.2059802263975143,0.13637775182724,True,True,True,True,True
test|Mona_1_20260624_123312|1097136275000,Mona,Mona_1_20260624_123312,1097136275000,fetch,fetch,0.3021168112754822,0.1857164204120636,0.1743251383304596,0.2044294476509094,0.1334122419357299,True,True,True,True,True
test|Mona_1_20260624_123312|1097469609000,Mona,Mona_1_20260624_123312,1097469609000,fetch,fetch,0.3025482296943664,0.1915128678083419,0.1738701611757278,0.2031897753477096,0.1288789808750152,True,True,True,True,True
test|Mona_1_20260624_123312|1097802942000,Mona,Mona_1_20260624_123312,1097802942000,fetch,fetch,0.2999917566776275,0.2004864662885666,0.1754435300827026,0.1999324262142181,0.124145895242691,True,True,True,True,True
test|Mona_1_20260624_123312|1098136275000,Mona,Mona_1_20260624_123312,1098136275000,fetch,fetch,0.2947439551353454,0.2153436541557312,0.1695135533809662,0.1971275806427002,0.1232712864875793,True,True,True,True,True
test|Mona_1_20260624_123312|1098469609000,Mona,Mona_1_20260624_123312,1098469609000,fetch,fetch,0.2819969654083252,0.2384433150291443,0.1673914194107055,0.1914854198694229,0.1206828281283378,True,True,True,True,True
test|Mona_1_20260624_123312|1098802942000,Mona,Mona_1_20260624_123312,1098802942000,fetch,fetch,0.2806356847286224,0.2388024628162384,0.1697781980037689,0.1884166896343231,0.1223669126629829,True,True,True,True,True
test|Mona_1_20260624_123312|1099136275000,Mona,Mona_1_20260624_123312,1099136275000,fetch,fetch,0.2768808603286743,0.2442173808813095,0.1678647696971893,0.1836878359317779,0.12734916806221,True,True,True,True,True
test|Mona_1_20260624_123312|1099469609000,Mona,Mona_1_20260624_123312,1099469609000,fetch,fetch,0.2766616940498352,0.2388630658388137,0.1630536764860153,0.1863276064395904,0.1350940018892288,True,True,True,True,True
test|Mona_1_20260624_123312|1099802942000,Mona,Mona_1_20260624_123312,1099802942000,fetch,fetch,0.279714971780777,0.2254530191421508,0.1586549431085586,0.1910259872674942,0.1451510787010193,True,True,True,True,True
test|Mona_1_20260624_123312|1101469609000,Mona,Mona_1_20260624_123312,1101469609000,handover,handover,0.2654847800731659,0.2370780110359192,0.1593789011240005,0.1835915893316269,0.1544666886329651,True,True,True,True,True
test|Mona_1_20260624_123312|1101802942000,Mona,Mona_1_20260624_123312,1101802942000,handover,handover,0.2674479782581329,0.228217214345932,0.1637753844261169,0.187761902809143,0.1527974754571914,True,True,True,True,True
test|Mona_1_20260624_123312|1102136275000,Mona,Mona_1_20260624_123312,1102136275000,handover,handover,0.2771299481391907,0.205138474702835,0.1718023270368576,0.1912697106599807,0.1546595245599746,True,True,True,True,True
test|Mona_1_20260624_123312|1102469609000,Mona,Mona_1_20260624_123312,1102469609000,handover,handover,0.2779417335987091,0.2038258761167526,0.1755168586969375,0.1871440857648849,0.1555714458227157,True,True,True,True,True
test|Mona_1_20260624_123312|1102802942000,Mona,Mona_1_20260624_123312,1102802942000,handover,handover,0.2734026908874511,0.2096107751131057,0.1775938719511032,0.1856692284345626,0.1537234038114547,True,True,True,True,True
test|Mona_1_20260624_123312|1103136275000,Mona,Mona_1_20260624_123312,1103136275000,handover,handover,0.2686586081981659,0.2157106697559356,0.1754870265722274,0.1829197257757187,0.1572239845991134,True,True,True,True,True
test|Mona_1_20260624_123312|1103469609000,Mona,Mona_1_20260624_123312,1103469609000,handover,handover,0.2605668902397156,0.2274307906627655,0.1720708459615707,0.1786665022373199,0.1612649857997894,True,True,True,True,True
test|Mona_1_20260624_123312|1103802942000,Mona,Mona_1_20260624_123312,1103802942000,handover,handover,0.2537007927894592,0.2342054992914199,0.1754872798919677,0.1736304610967636,0.1629759967327118,True,True,True,True,True
test|Mona_1_20260624_123312|1104136275000,Mona,Mona_1_20260624_123312,1104136275000,handover,handover,0.2398913353681564,0.2520184814929962,0.1732994765043258,0.1713276207447052,0.1634630858898162,True,True,True,True,True
test|Mona_1_20260624_123312|1104469609000,Mona,Mona_1_20260624_123312,1104469609000,handover,handover,0.2374026179313659,0.2558590471744537,0.1727227568626403,0.1729842126369476,0.1610313802957534,True,True,True,True,True
test|Mona_1_20260624_123312|1104802942000,Mona,Mona_1_20260624_123312,1104802942000,handover,handover,0.2381526827812194,0.2625884115695953,0.1730140149593353,0.1736430525779724,0.1526018530130386,True,True,True,True,True
test|Mona_1_20260624_123312|1105136275000,Mona,Mona_1_20260624_123312,1105136275000,handover,handover,0.2423568665981292,0.260495662689209,0.1725968867540359,0.1771844923496246,0.1473660916090011,True,True,True,True,True
test|Mona_1_20260624_123312|1105469609000,Mona,Mona_1_20260624_123312,1105469609000,handover,handover,0.2526893019676208,0.2397774755954742,0.171839639544487,0.1862758845090866,0.1494176536798477,True,True,True,True,True
test|Mona_1_20260624_123312|1105802942000,Mona,Mona_1_20260624_123312,1105802942000,handover,handover,0.2598117291927337,0.2196531444787979,0.1744197607040405,0.1926784813404083,0.1534368693828582,True,True,True,True,True
test|Mona_1_20260624_123312|1106136275000,Mona,Mona_1_20260624_123312,1106136275000,handover,fetch,0.2669070363044739,0.2051863670349121,0.1723894327878952,0.1977143734693527,0.1578028500080108,True,True,True,True,True
test|Mona_1_20260624_123312|1106469609000,Mona,Mona_1_20260624_123312,1106469609000,handover,fetch,0.273588091135025,0.197342962026596,0.1677025854587555,0.1994483321905136,0.1619179546833038,True,True,True,True,True
test|Mona_1_20260624_123312|1106802942000,Mona,Mona_1_20260624_123312,1106802942000,handover,fetch,0.2781848311424255,0.1929042488336563,0.1622939258813858,0.1984169483184814,0.1682000756263733,True,True,True,True,True
test|Mona_1_20260624_123312|1107136275000,Mona,Mona_1_20260624_123312,1107136275000,handover,fetch,0.2760157287120819,0.1875259131193161,0.1567882895469665,0.1972430646419525,0.1824269890785217,True,True,True,True,True
test|Mona_1_20260624_123312|1107469609000,Mona,Mona_1_20260624_123312,1107469609000,handover,continue,0.2682310938835144,0.1967282444238662,0.1545111238956451,0.1896442919969558,0.1908852308988571,True,True,True,True,True
test|Mona_1_20260624_123312|1107802942000,Mona,Mona_1_20260624_123312,1107802942000,handover,continue,0.2602337896823883,0.2115370780229568,0.1474512368440628,0.1799615025520324,0.200816348195076,True,True,True,True,True
test|Mona_1_20260624_123312|1108136275000,Mona,Mona_1_20260624_123312,1108136275000,handover,continue,0.2513275444507599,0.2295093387365341,0.1428370922803878,0.1725401282310485,0.2037858515977859,True,True,True,True,True
test|Mona_1_20260624_123312|1108469609000,Mona,Mona_1_20260624_123312,1108469609000,handover,continue,0.2417091727256775,0.242383986711502,0.1388560384511947,0.1691880822181701,0.2078627198934555,True,True,True,True,True
test|Mona_3_20260624_123548|1231936275000,Mona,Mona_3_20260624_123548,1231936275000,continue,continue,0.2161351591348648,0.2453562021255493,0.1284182667732238,0.1867624670267105,0.2233279347419738,True,True,True,True,True
test|Mona_3_20260624_123548|1232269609000,Mona,Mona_3_20260624_123548,1232269609000,continue,continue,0.2162113338708877,0.2379661947488784,0.1304294764995575,0.182328313589096,0.2330646812915802,True,True,True,True,True
test|Mona_3_20260624_123548|1232602942000,Mona,Mona_3_20260624_123548,1232602942000,continue,continue,0.216595709323883,0.2378758490085601,0.1272473186254501,0.1786265671253204,0.2396545261144638,True,True,True,True,True
test|Mona_3_20260624_123548|1232936275000,Mona,Mona_3_20260624_123548,1232936275000,continue,continue,0.2135271877050399,0.2310951650142669,0.1174259558320045,0.1833016574382782,0.2546500265598297,True,True,True,True,True
test|Mona_3_20260624_123548|1233269609000,Mona,Mona_3_20260624_123548,1233269609000,continue,continue,0.206091359257698,0.2350306361913681,0.1132842823863029,0.186888039112091,0.2587056756019592,True,True,True,True,True
test|Mona_3_20260624_123548|1233602942000,Mona,Mona_3_20260624_123548,1233602942000,continue,continue,0.2040867805480957,0.2456180602312088,0.1036600172519683,0.1924715489149093,0.2541636228561401,True,True,True,True,True
test|Mona_3_20260624_123548|1233936275000,Mona,Mona_3_20260624_123548,1233936275000,continue,continue,0.2004106640815735,0.257196843624115,0.0973819717764854,0.1918762028217315,0.2531342506408691,True,True,True,True,True
test|Mona_3_20260624_123548|1234269609000,Mona,Mona_3_20260624_123548,1234269609000,continue,continue,0.1959221512079239,0.271517664194107,0.092856265604496,0.1940713375806808,0.2456325888633728,True,True,True,True,True
test|Mona_3_20260624_123548|1234602942000,Mona,Mona_3_20260624_123548,1234602942000,continue,continue,0.1908000707626342,0.2797922194004059,0.089924044907093,0.1929720342159271,0.2465116381645202,True,True,True,True,True
test|Mona_3_20260624_123548|1234936275000,Mona,Mona_3_20260624_123548,1234936275000,continue,continue,0.1888759434223175,0.2952771782875061,0.0874319672584533,0.189136654138565,0.2392782121896743,True,True,True,True,True
test|Mona_3_20260624_123548|1235269609000,Mona,Mona_3_20260624_123548,1235269609000,continue,continue,0.1916244179010391,0.2970588505268097,0.0851118490099906,0.1899589300155639,0.2362459450960159,True,True,True,True,True
test|Mona_3_20260624_123548|1235602942000,Mona,Mona_3_20260624_123548,1235602942000,continue,continue,0.1925167590379715,0.2964972853660583,0.0851424783468246,0.189307615160942,0.2365359216928482,True,True,True,True,True
test|Mona_3_20260624_123548|1235936275000,Mona,Mona_3_20260624_123548,1235936275000,continue,continue,0.1930230557918548,0.2987217307090759,0.0872620567679405,0.1846435964107513,0.2363495230674743,True,True,True,True,True
test|Mona_3_20260624_123548|1236269609000,Mona,Mona_3_20260624_123548,1236269609000,continue,continue,0.1966132521629333,0.301965981721878,0.0886150300502777,0.1864832490682602,0.226322516798973,True,True,True,True,True
test|Mona_3_20260624_123548|1236602942000,Mona,Mona_3_20260624_123548,1236602942000,continue,continue,0.2041672170162201,0.3045822381973266,0.0918095558881759,0.1857954561710357,0.2136455625295639,True,True,True,True,True
test|Mona_3_20260624_123548|1236936275000,Mona,Mona_3_20260624_123548,1236936275000,continue,continue,0.2146057337522506,0.2999455034732818,0.0949282199144363,0.1831607073545456,0.2073598504066467,True,True,True,True,True
test|Mona_3_20260624_123548|1237269609000,Mona,Mona_3_20260624_123548,1237269609000,continue,continue,0.2252288609743118,0.293986827135086,0.0964890867471695,0.1783425360918045,0.2059527039527893,True,True,True,True,True
test|Mona_3_20260624_123548|1237602942000,Mona,Mona_3_20260624_123548,1237602942000,continue,continue,0.2385341376066208,0.2819371819496155,0.1061471849679946,0.1765178143978119,0.1968636959791183,True,True,True,True,True
test|Mona_3_20260624_123548|1237936275000,Mona,Mona_3_20260624_123548,1237936275000,continue,continue,0.2479670494794845,0.2660324573516845,0.1152462288737297,0.1839862167835235,0.186768040060997,True,True,True,True,True
test|Mona_3_20260624_123548|1238269609000,Mona,Mona_3_20260624_123548,1238269609000,continue,continue,0.246908351778984,0.2514348328113556,0.1318666338920593,0.18435999751091,0.1854301989078521,True,True,True,True,True
test|Mona_3_20260624_123548|1238602942000,Mona,Mona_3_20260624_123548,1238602942000,continue,continue,0.2401505708694458,0.2527928352355957,0.1446435004472732,0.1793125867843628,0.1831004917621612,True,True,True,True,True
test|Mona_3_20260624_123548|1238936275000,Mona,Mona_3_20260624_123548,1238936275000,continue,continue,0.2303895503282547,0.2552910149097442,0.1595732569694519,0.1738224625587463,0.1809237450361251,True,True,True,True,True
test|Mona_3_20260624_123548|1239269609000,Mona,Mona_3_20260624_123548,1239269609000,continue,continue,0.2217755168676376,0.2581628859043121,0.1667109727859497,0.1764871478080749,0.1768634468317031,True,True,True,True,True
test|Mona_3_20260624_123548|1239602942000,Mona,Mona_3_20260624_123548,1239602942000,continue,continue,0.2175845205783844,0.2581121325492859,0.1672549843788147,0.1804918348789215,0.1765564829111099,True,True,True,True,True
test|Mona_3_20260624_123548|1239936275000,Mona,Mona_3_20260624_123548,1239936275000,continue,continue,0.2115284502506256,0.2636109590530395,0.1675817221403122,0.1801044940948486,0.1771744042634964,True,True,True,True,True
test|Mona_3_20260624_123548|1240269609000,Mona,Mona_3_20260624_123548,1240269609000,continue,continue,0.2064992785453796,0.2700605690479278,0.1643213629722595,0.1816732883453369,0.177445501089096,True,True,True,True,True
test|Mona_3_20260624_123548|1240602942000,Mona,Mona_3_20260624_123548,1240602942000,continue,continue,0.2083038240671157,0.2544718384742737,0.1611909866333007,0.1965392529964447,0.1794941127300262,True,True,True,True,True
test|Mona_3_20260624_123548|1240936275000,Mona,Mona_3_20260624_123548,1240936275000,continue,continue,0.2122772932052612,0.2440622746944427,0.1474543213844299,0.216232344508171,0.1799738258123397,True,True,True,True,True
test|Mona_3_20260624_123548|1241269609000,Mona,Mona_3_20260624_123548,1241269609000,continue,continue,0.214971587061882,0.2413293421268463,0.1462027579545974,0.2160495221614837,0.1814466714859008,True,True,True,True,True
test|Mona_3_20260624_123548|1241602942000,Mona,Mona_3_20260624_123548,1241602942000,continue,continue,0.2500226199626922,0.2797755897045135,0.0,0.2464621812105178,0.2237395644187927,True,True,False,True,True
test|Mona_3_20260624_123548|1241936275000,Mona,Mona_3_20260624_123548,1241936275000,continue,continue,0.2479324489831924,0.2813296318054199,0.0,0.2308824360370636,0.2398554682731628,True,True,False,True,True
test|Mona_3_20260624_123548|1242269609000,Mona,Mona_3_20260624_123548,1242269609000,continue,continue,0.2442626506090164,0.2832480370998382,0.0,0.2216809689998626,0.2508083283901214,True,True,False,True,True
test|Mona_3_20260624_123548|1242602942000,Mona,Mona_3_20260624_123548,1242602942000,continue,continue,0.239367738366127,0.2873083055019378,0.0,0.2143181264400482,0.2590058147907257,True,True,False,True,True
test|Mona_3_20260624_123548|1242936275000,Mona,Mona_3_20260624_123548,1242936275000,continue,continue,0.2388656586408615,0.2847954928874969,0.0,0.213280439376831,0.2630583345890045,True,True,False,True,True
test|Mona_3_20260624_123548|1243269609000,Mona,Mona_3_20260624_123548,1243269609000,continue,continue,0.2390595972537994,0.2757385373115539,0.0,0.2242334187030792,0.2609684467315674,True,True,False,True,True
test|Mona_3_20260624_123548|1243602942000,Mona,Mona_3_20260624_123548,1243602942000,continue,continue,0.2465136349201202,0.2742260694503784,0.0,0.2271094322204589,0.2521508932113647,True,True,False,True,True
test|Mona_3_20260624_123548|1243936275000,Mona,Mona_3_20260624_123548,1243936275000,continue,continue,0.2503173649311065,0.2783056497573852,0.0,0.2230833619832992,0.2482936531305313,True,True,False,True,True
test|Mona_3_20260624_123548|1244269609000,Mona,Mona_3_20260624_123548,1244269609000,continue,continue,0.2510131001472473,0.2823630273342132,0.0,0.2242939919233322,0.2423299103975296,True,True,False,True,True
test|Mona_3_20260624_123548|1244602942000,Mona,Mona_3_20260624_123548,1244602942000,continue,continue,0.250147134065628,0.2797973155975342,0.0,0.2280338555574417,0.2420217394828796,True,True,False,True,True
test|Mona_3_20260624_123548|1244936275000,Mona,Mona_3_20260624_123548,1244936275000,continue,continue,0.2490400224924087,0.2731559574604034,0.0,0.2332564741373062,0.2445475757122039,True,True,False,True,True
test|Mona_3_20260624_123548|1245269609000,Mona,Mona_3_20260624_123548,1245269609000,continue,continue,0.2474015653133392,0.2738342881202698,0.0,0.2300947904586792,0.2486693114042282,True,True,False,True,True
test|Mona_3_20260624_123548|1245602942000,Mona,Mona_3_20260624_123548,1245602942000,continue,continue,0.2412391006946563,0.2726288735866546,0.0,0.2320875823497772,0.2540444135665893,True,True,False,True,True
test|Mona_3_20260624_123548|1245936275000,Mona,Mona_3_20260624_123548,1245936275000,continue,continue,0.2352112978696823,0.2562335133552551,0.0,0.2477967739105224,0.2607583701610565,True,True,False,True,True
test|Mona_3_20260624_123548|1246269609000,Mona,Mona_3_20260624_123548,1246269609000,continue,continue,0.2309003621339798,0.2482281923294067,0.0,0.2475562840700149,0.2733151316642761,True,True,False,True,True
test|Mona_3_20260624_123548|1246602942000,Mona,Mona_3_20260624_123548,1246602942000,continue,continue,0.2279013991355896,0.2473634332418441,0.0,0.2391590029001236,0.2855761349201202,True,True,False,True,True
test|Mona_3_20260624_123548|1246936275000,Mona,Mona_3_20260624_123548,1246936275000,continue,continue,0.2287291139364242,0.2482660412788391,0.0,0.2275187522172927,0.2954861223697662,True,True,False,True,True
test|Mona_3_20260624_123548|1247269609000,Mona,Mona_3_20260624_123548,1247269609000,continue,continue,0.2354418933391571,0.2475785315036773,0.0,0.2167385667562484,0.3002410233020782,True,True,False,True,True
test|Mona_3_20260624_123548|1247602942000,Mona,Mona_3_20260624_123548,1247602942000,continue,continue,0.2463097125291824,0.2480072975158691,0.0,0.2136346697807312,0.2920483350753784,True,True,False,True,True
test|Mona_3_20260624_123548|1247936275000,Mona,Mona_3_20260624_123548,1247936275000,continue,continue,0.2570028007030487,0.261428952217102,0.0,0.2111378908157348,0.2704303860664367,True,True,False,True,True
test|Mona_3_20260624_123548|1248269609000,Mona,Mona_3_20260624_123548,1248269609000,continue,continue,0.2660644352436065,0.2727133631706238,0.0,0.2113406658172607,0.2498815655708313,True,True,False,True,True
test|Mona_3_20260624_123548|1248602942000,Mona,Mona_3_20260624_123548,1248602942000,continue,continue,0.2706388533115387,0.2829223573207855,0.0,0.2107118964195251,0.235726848244667,True,True,False,True,True
test|Mona_3_20260624_123548|1248936275000,Mona,Mona_3_20260624_123548,1248936275000,continue,continue,0.2678202092647552,0.2937164008617401,0.0,0.2142110913991928,0.2242522686719894,True,True,False,True,True
test|Mona_3_20260624_123548|1249269609000,Mona,Mona_3_20260624_123548,1249269609000,continue,continue,0.2584091126918793,0.3058989346027374,0.0,0.2179414182901382,0.2177505642175674,True,True,False,True,True
test|Mona_3_20260624_123548|1249602942000,Mona,Mona_3_20260624_123548,1249602942000,continue,continue,0.2498056888580322,0.3040192425251007,0.0,0.2223891615867614,0.2237859368324279,True,True,False,True,True
test|Mona_3_20260624_123548|1249936275000,Mona,Mona_3_20260624_123548,1249936275000,continue,continue,0.2429735958576202,0.30489581823349,0.0,0.2245413362979889,0.2275892049074173,True,True,False,True,True
test|Mona_3_20260624_123548|1250269609000,Mona,Mona_3_20260624_123548,1250269609000,continue,continue,0.2400644868612289,0.294854462146759,0.0,0.2396497577428817,0.225431278347969,True,True,False,True,True
test|Mona_3_20260624_123548|1250602942000,Mona,Mona_3_20260624_123548,1250602942000,continue,continue,0.2425753027200698,0.281252771615982,0.0,0.2536204159259796,0.2225514650344848,True,True,False,True,True
test|Mona_3_20260624_123548|1250936275000,Mona,Mona_3_20260624_123548,1250936275000,continue,continue,0.2519141733646393,0.278683066368103,0.0,0.2560504376888275,0.2133523076772689,True,True,False,True,True
test|Mona_3_20260624_123548|1251269609000,Mona,Mona_3_20260624_123548,1251269609000,continue,continue,0.2588684856891632,0.273181676864624,0.0,0.2629612386226654,0.2049886137247085,True,True,False,True,True
test|Mona_3_20260624_123548|1251602942000,Mona,Mona_3_20260624_123548,1251602942000,continue,continue,0.2664535939693451,0.2700819373130798,0.0,0.2659788727760315,0.19748555123806,True,True,False,True,True
test|Mona_3_20260624_123548|1251936275000,Mona,Mona_3_20260624_123548,1251936275000,continue,continue,0.2713684439659118,0.265358567237854,0.0,0.2656155526638031,0.1976573914289474,True,True,False,True,True
test|Mona_3_20260624_123548|1252269609000,Mona,Mona_3_20260624_123548,1252269609000,continue,continue,0.272278368473053,0.2667099237442016,0.0,0.2559385001659393,0.2050731927156448,True,True,False,True,True
test|Mona_3_20260624_123548|1252602942000,Mona,Mona_3_20260624_123548,1252602942000,continue,continue,0.2709249556064605,0.2677638232707977,0.0,0.2521648108959198,0.2091463953256607,True,True,False,True,True
test|Mona_3_20260624_123548|1252936275000,Mona,Mona_3_20260624_123548,1252936275000,continue,continue,0.2666709423065185,0.2619279325008392,0.0,0.248044267296791,0.2233569175004959,True,True,False,True,True
test|Mona_3_20260624_123548|1253269609000,Mona,Mona_3_20260624_123548,1253269609000,continue,continue,0.2586115598678589,0.2589166462421417,0.0,0.2409212738275528,0.2415504902601242,True,True,False,True,True
test|Mona_3_20260624_123548|1253602942000,Mona,Mona_3_20260624_123548,1253602942000,continue,continue,0.250238686800003,0.2562574744224548,0.0,0.2336122989654541,0.259891539812088,True,True,False,True,True
test|Mona_3_20260624_123548|1253936275000,Mona,Mona_3_20260624_123548,1253936275000,continue,continue,0.244062602519989,0.2498570531606674,0.0,0.2291529327630996,0.2769273817539215,True,True,False,True,True
test|Mona_3_20260624_123548|1254269609000,Mona,Mona_3_20260624_123548,1254269609000,continue,continue,0.2375144511461258,0.2499894797801971,0.0,0.2247152328491211,0.2877807915210724,True,True,False,True,True
test|Mona_3_20260624_123548|1254602942000,Mona,Mona_3_20260624_123548,1254602942000,continue,continue,0.2320166677236557,0.2540642023086548,0.0,0.2164888679981231,0.2974302768707275,True,True,False,True,True
test|Mona_3_20260624_123548|1254936275000,Mona,Mona_3_20260624_123548,1254936275000,continue,continue,0.2257406413555145,0.259440928697586,0.0,0.2277442663908004,0.2870741784572601,True,True,False,True,True
test|Mona_3_20260624_123548|1255269609000,Mona,Mona_3_20260624_123548,1255269609000,continue,continue,0.2245742678642273,0.2681553661823272,0.0,0.242434874176979,0.2648354470729828,True,True,False,True,True
test|Mona_3_20260624_123548|1255602942000,Mona,Mona_3_20260624_123548,1255602942000,continue,continue,0.2264844477176666,0.2786047756671905,0.0,0.2489189058542251,0.2459918856620788,True,True,False,True,True
test|Mona_3_20260624_123548|1255936275000,Mona,Mona_3_20260624_123548,1255936275000,continue,continue,0.226837545633316,0.3023194372653961,0.0,0.246782973408699,0.2240600436925888,True,True,False,True,True
test|Mona_3_20260624_123548|1256269609000,Mona,Mona_3_20260624_123548,1256269609000,continue,fetch,0.2337807118892669,0.3202689886093139,0.0,0.2460197657346725,0.1999305635690689,True,True,False,True,True
test|Mona_3_20260624_123548|1256602942000,Mona,Mona_3_20260624_123548,1256602942000,continue,fetch,0.2577848136425018,0.2899410724639892,0.0,0.2571681439876556,0.1951059401035308,True,True,False,True,True
test|Mona_3_20260624_123548|1256936275000,Mona,Mona_3_20260624_123548,1256936275000,continue,fetch,0.38267582654953,0.0,0.0,0.3498812019824981,0.2674429416656494,True,False,False,True,True
test|Mona_3_20260624_123548|1257269609000,Mona,Mona_3_20260624_123548,1257269609000,fetch,fetch,0.4018606841564178,0.0,0.0,0.3249285817146301,0.273210734128952,True,False,False,True,True
test|Mona_3_20260624_123548|1257602942000,Mona,Mona_3_20260624_123548,1257602942000,fetch,fetch,0.4109392464160919,0.0,0.0,0.3134887814521789,0.2755720019340515,True,False,False,True,True
test|Mona_3_20260624_123548|1257936275000,Mona,Mona_3_20260624_123548,1257936275000,fetch,fetch,0.4157808423042297,0.0,0.0,0.3160014450550079,0.2682177424430847,True,False,False,True,True
test|Mona_3_20260624_123548|1258269609000,Mona,Mona_3_20260624_123548,1258269609000,fetch,continue,0.2567796111106872,0.3873593211174011,0.0,0.1953449696302414,0.160516083240509,True,True,False,True,True
test|Mona_3_20260624_123548|1258602942000,Mona,Mona_3_20260624_123548,1258602942000,fetch,continue,0.2622477412223816,0.386038601398468,0.0,0.1934758573770523,0.1582378298044204,True,True,False,True,True
test|Mona_3_20260624_123548|1258936275000,Mona,Mona_3_20260624_123548,1258936275000,fetch,continue,0.2638237476348877,0.3859164714813232,0.0,0.1927075684070587,0.1575521975755691,True,True,False,True,True
test|Mona_3_20260624_123548|1259269609000,Mona,Mona_3_20260624_123548,1259269609000,fetch,continue,0.2638837397098541,0.3841640055179596,0.0,0.1982793062925338,0.153672993183136,True,True,False,True,True
test|Mona_3_20260624_123548|1259602942000,Mona,Mona_3_20260624_123548,1259602942000,fetch,continue,0.2645443379878998,0.3867397904396057,0.0,0.1999865919351577,0.1487292647361755,True,True,False,True,True
test|Mona_3_20260624_123548|1259936275000,Mona,Mona_3_20260624_123548,1259936275000,fetch,fetch,0.2645996212959289,0.3901496529579162,0.0,0.1973534673452377,0.147897258400917,True,True,False,True,True
test|Mona_3_20260624_123548|1260269609000,Mona,Mona_3_20260624_123548,1260269609000,fetch,fetch,0.2630147635936737,0.3918790221214294,0.0,0.1957442760467529,0.1493619680404663,True,True,False,True,True
test|Mona_3_20260624_123548|1260602942000,Mona,Mona_3_20260624_123548,1260602942000,fetch,fetch,0.2570968866348266,0.3889736533164978,0.0,0.2022829055786132,0.151646539568901,True,True,False,True,True
test|Mona_3_20260624_123548|1260936275000,Mona,Mona_3_20260624_123548,1260936275000,fetch,fetch,0.2542628943920135,0.3849940896034241,0.0,0.2056962996721267,0.1550466865301132,True,True,False,True,True
test|Mona_3_20260624_123548|1261269609000,Mona,Mona_3_20260624_123548,1261269609000,fetch,fetch,0.2532861828804016,0.3840201199054718,0.0,0.2037141025066375,0.1589796543121338,True,True,False,True,True
test|Mona_3_20260624_123548|1261602942000,Mona,Mona_3_20260624_123548,1261602942000,fetch,fetch,0.2535865008831024,0.3839975595474243,0.0,0.2034243047237396,0.158991664648056,True,True,False,True,True
test|Mona_3_20260624_123548|1261936275000,Mona,Mona_3_20260624_123548,1261936275000,fetch,fetch,0.2563576698303222,0.3820529878139496,0.0,0.2057306170463562,0.1558587551116943,True,True,False,True,True
test|Mona_3_20260624_123548|1262269609000,Mona,Mona_3_20260624_123548,1262269609000,fetch,fetch,0.2633354663848877,0.3680871725082397,0.0,0.2102216482162475,0.1583556681871414,True,True,False,True,True
test|Mona_3_20260624_123548|1263936275000,Mona,Mona_3_20260624_123548,1263936275000,handover,fetch,0.3090888261795044,0.2937138080596924,0.0,0.2292217314243316,0.1679756343364715,True,True,False,True,True
test|Mona_3_20260624_123548|1264269609000,Mona,Mona_3_20260624_123548,1264269609000,handover,fetch,0.3048917353153229,0.2927033901214599,0.0,0.2330216914415359,0.1693832278251648,True,True,False,True,True
test|Mona_3_20260624_123548|1264602942000,Mona,Mona_3_20260624_123548,1264602942000,handover,fetch,0.3093914687633514,0.2833361029624939,0.0,0.2396438866853714,0.1676285117864608,True,True,False,True,True
test|Mona_3_20260624_123548|1264936275000,Mona,Mona_3_20260624_123548,1264936275000,handover,fetch,0.3257220983505249,0.2635360658168793,0.0,0.2400171905755996,0.1707246303558349,True,True,False,True,True
test|Mona_3_20260624_123548|1265269609000,Mona,Mona_3_20260624_123548,1265269609000,handover,fetch,0.3358240723609924,0.254863828420639,0.0,0.237877681851387,0.1714344322681427,True,True,False,True,True
test|Mona_3_20260624_123548|1265602942000,Mona,Mona_3_20260624_123548,1265602942000,handover,fetch,0.3329880833625793,0.2608700394630432,0.0,0.2371062636375427,0.1690356880426406,True,True,False,True,True
test|Mona_3_20260624_123548|1265936275000,Mona,Mona_3_20260624_123548,1265936275000,handover,fetch,0.3298391699790954,0.2700746953487396,0.0,0.2357928156852722,0.1642933189868927,True,True,False,True,True
test|Mona_3_20260624_123548|1266269609000,Mona,Mona_3_20260624_123548,1266269609000,handover,fetch,0.331838458776474,0.2813576459884643,0.0,0.2257736772298813,0.1610302329063415,True,True,False,True,True
test|Mona_3_20260624_123548|1266602942000,Mona,Mona_3_20260624_123548,1266602942000,handover,handover,0.3277342915534973,0.296962171792984,0.0,0.2125118970870971,0.1627916544675827,True,True,False,True,True
test|Mona_3_20260624_123548|1266936275000,Mona,Mona_3_20260624_123548,1266936275000,handover,handover,0.3113999664783478,0.3212523460388183,0.0,0.2075287401676178,0.1598189175128936,True,True,False,True,True
test|Mona_3_20260624_123548|1267269609000,Mona,Mona_3_20260624_123548,1267269609000,handover,handover,0.2954830527305603,0.3393075466156006,0.0,0.2056491076946258,0.159560278058052,True,True,False,True,True
test|Mona_3_20260624_123548|1267602942000,Mona,Mona_3_20260624_123548,1267602942000,handover,handover,0.2890453636646271,0.3390992879867553,0.0,0.2072940915822982,0.1645611822605133,True,True,False,True,True
test|Mona_3_20260624_123548|1267936275000,Mona,Mona_3_20260624_123548,1267936275000,handover,handover,0.2818944156169891,0.3374817669391632,0.0,0.2074531018733978,0.1731706857681274,True,True,False,True,True
test|Mona_4_20260624_123706|1310069609000,Mona,Mona_4_20260624_123706,1310069609000,continue,continue,0.1510369777679443,0.3421902358531952,0.1665777117013931,0.1445439755916595,0.1956510692834854,True,True,True,True,True
test|Mona_4_20260624_123706|1310402942000,Mona,Mona_4_20260624_123706,1310402942000,continue,continue,0.1561663597822189,0.3324303328990936,0.1751189827919006,0.148778960108757,0.1875053495168686,True,True,True,True,True
test|Mona_4_20260624_123706|1310736275000,Mona,Mona_4_20260624_123706,1310736275000,continue,continue,0.1625915169715881,0.3261242210865021,0.1781818568706512,0.1548292636871338,0.1782731711864471,True,True,True,True,True
test|Mona_4_20260624_123706|1311069609000,Mona,Mona_4_20260624_123706,1311069609000,continue,continue,0.1705883592367172,0.3166565299034118,0.1755069494247436,0.1592341959476471,0.1780139505863189,True,True,True,True,True
test|Mona_4_20260624_123706|1311402942000,Mona,Mona_4_20260624_123706,1311402942000,continue,continue,0.171368658542633,0.3109213411808014,0.1783284544944763,0.1598234325647354,0.1795580834150314,True,True,True,True,True
test|Mona_4_20260624_123706|1311736275000,Mona,Mona_4_20260624_123706,1311736275000,continue,continue,0.1704304218292236,0.30113285779953,0.1762929707765579,0.1687055975198745,0.1834381222724914,True,True,True,True,True
test|Mona_4_20260624_123706|1312069609000,Mona,Mona_4_20260624_123706,1312069609000,continue,continue,0.1719178408384323,0.2866505682468414,0.1684094816446304,0.1794941425323486,0.1935279816389084,True,True,True,True,True
test|Mona_4_20260624_123706|1312402942000,Mona,Mona_4_20260624_123706,1312402942000,continue,continue,0.1764957010746002,0.2698753476142883,0.1683125644922256,0.1848039925098419,0.2005124390125274,True,True,True,True,True
test|Mona_4_20260624_123706|1312736275000,Mona,Mona_4_20260624_123706,1312736275000,continue,continue,0.1816505044698715,0.2533018589019775,0.1739694774150848,0.188879445195198,0.2021986991167068,True,True,True,True,True
test|Mona_4_20260624_123706|1313069609000,Mona,Mona_4_20260624_123706,1313069609000,continue,continue,0.184028223156929,0.2445368617773056,0.1804707050323486,0.1908503919839859,0.2001138627529144,True,True,True,True,True
test|Mona_4_20260624_123706|1313402942000,Mona,Mona_4_20260624_123706,1313402942000,continue,continue,0.1873776018619537,0.2420244812965393,0.1803069114685058,0.1918139010667801,0.198477104306221,True,True,True,True,True
test|Mona_4_20260624_123706|1313736275000,Mona,Mona_4_20260624_123706,1313736275000,continue,continue,0.1906708180904388,0.2432554066181183,0.1828194856643676,0.1865302771329879,0.1967240869998932,True,True,True,True,True
test|Mona_4_20260624_123706|1314069609000,Mona,Mona_4_20260624_123706,1314069609000,continue,continue,0.1889351159334182,0.2498766481876373,0.1886059492826461,0.1806690990924835,0.1919131577014923,True,True,True,True,True
test|Mona_4_20260624_123706|1314402942000,Mona,Mona_4_20260624_123706,1314402942000,continue,continue,0.1853116452693939,0.2660317420959472,0.1843436360359192,0.1765532344579696,0.1877597570419311,True,True,True,True,True
test|Mona_4_20260624_123706|1314736275000,Mona,Mona_4_20260624_123706,1314736275000,continue,continue,0.1845230907201767,0.2799766659736633,0.1812978535890579,0.168527752161026,0.1856746077537536,True,True,True,True,True
test|Mona_4_20260624_123706|1315069609000,Mona,Mona_4_20260624_123706,1315069609000,continue,continue,0.1855925768613815,0.2884154319763183,0.1855299472808838,0.1586759239435196,0.1817861497402191,True,True,True,True,True
test|Mona_4_20260624_123706|1315402942000,Mona,Mona_4_20260624_123706,1315402942000,continue,continue,0.1892289966344833,0.2757387161254883,0.1919703334569931,0.1572393327951431,0.1858226358890533,True,True,True,True,True
test|Mona_4_20260624_123706|1315736275000,Mona,Mona_4_20260624_123706,1315736275000,continue,continue,0.1911702156066894,0.2581155896186828,0.1980904936790466,0.1620750576257705,0.190548688173294,True,True,True,True,True
test|Mona_4_20260624_123706|1316069609000,Mona,Mona_4_20260624_123706,1316069609000,continue,continue,0.1878190338611602,0.244050070643425,0.2024312764406204,0.1598070561885833,0.2058926671743393,True,True,True,True,True
test|Mona_4_20260624_123706|1316402942000,Mona,Mona_4_20260624_123706,1316402942000,continue,continue,0.1877005696296692,0.2268620431423187,0.204890102148056,0.1626606732606887,0.2178866118192672,True,True,True,True,True
test|Mona_4_20260624_123706|1316736275000,Mona,Mona_4_20260624_123706,1316736275000,continue,continue,0.1830453723669052,0.2139083743095398,0.2055359482765197,0.1686807870864868,0.2288296073675155,True,True,True,True,True
test|Mona_4_20260624_123706|1317069609000,Mona,Mona_4_20260624_123706,1317069609000,continue,continue,0.1880505830049514,0.2013265937566757,0.1970449984073639,0.1761802583932876,0.2373976111412048,True,True,True,True,True
test|Mona_4_20260624_123706|1317402942000,Mona,Mona_4_20260624_123706,1317402942000,continue,continue,0.1986133903264999,0.1967181265354156,0.1978654265403747,0.1764169633388519,0.2303860634565353,True,True,True,True,True
test|Mona_4_20260624_123706|1317736275000,Mona,Mona_4_20260624_123706,1317736275000,continue,continue,0.2018892467021942,0.202955737709999,0.1968964487314224,0.1754481792449951,0.2228104174137115,True,True,True,True,True
test|Mona_4_20260624_123706|1318069609000,Mona,Mona_4_20260624_123706,1318069609000,continue,continue,0.2061790823936462,0.2110799700021743,0.1909580528736114,0.1746556609869003,0.2171272784471511,True,True,True,True,True
test|Mona_4_20260624_123706|1318402942000,Mona,Mona_4_20260624_123706,1318402942000,continue,continue,0.2020939886569976,0.2175829261541366,0.1931508928537368,0.1672059744596481,0.219966247677803,True,True,True,True,True
test|Mona_4_20260624_123706|1318736275000,Mona,Mona_4_20260624_123706,1318736275000,continue,continue,0.1981620788574218,0.2255274057388305,0.1942420303821563,0.1619725525379181,0.2200959771871566,True,True,True,True,True
test|Mona_4_20260624_123706|1319069609000,Mona,Mona_4_20260624_123706,1319069609000,continue,continue,0.1948364526033401,0.2276228368282318,0.1939053684473037,0.16177599132061,0.2218593508005142,True,True,True,True,True
test|Mona_4_20260624_123706|1319402942000,Mona,Mona_4_20260624_123706,1319402942000,continue,continue,0.1942013502120971,0.2300017923116684,0.1884343475103378,0.1621666997671127,0.2251958101987838,True,True,True,True,True
test|Mona_4_20260624_123706|1319736275000,Mona,Mona_4_20260624_123706,1319736275000,continue,continue,0.1973377913236618,0.2230889052152633,0.185197427868843,0.1652765870094299,0.2290993928909301,True,True,True,True,True
test|Mona_4_20260624_123706|1320069609000,Mona,Mona_4_20260624_123706,1320069609000,continue,continue,0.2000902891159057,0.2173930704593658,0.1842954009771347,0.168414294719696,0.2298069447278976,True,True,True,True,True
test|Mona_4_20260624_123706|1320402942000,Mona,Mona_4_20260624_123706,1320402942000,continue,continue,0.2039113938808441,0.2207970321178436,0.1794730722904205,0.1715995371341705,0.2242189347743988,True,True,True,True,True
test|Mona_4_20260624_123706|1320736275000,Mona,Mona_4_20260624_123706,1320736275000,continue,continue,0.205950990319252,0.2203516215085983,0.1781367659568786,0.175367534160614,0.2201930433511734,True,True,True,True,True
test|Mona_4_20260624_123706|1321069609000,Mona,Mona_4_20260624_123706,1321069609000,continue,continue,0.2047223448753357,0.220966175198555,0.1813861429691314,0.1723646223545074,0.2205607593059539,True,True,True,True,True
test|Mona_4_20260624_123706|1321402942000,Mona,Mona_4_20260624_123706,1321402942000,continue,continue,0.2021865844726562,0.2181805968284607,0.1856158822774887,0.1717864722013473,0.222230389714241,True,True,True,True,True
test|Mona_4_20260624_123706|1321736275000,Mona,Mona_4_20260624_123706,1321736275000,continue,continue,0.1982043087482452,0.2147147506475448,0.1884013265371322,0.1741853058338165,0.2244943082332611,True,True,True,True,True
test|Mona_4_20260624_123706|1322069609000,Mona,Mona_4_20260624_123706,1322069609000,continue,continue,0.1964923739433288,0.2133335471153259,0.1900200992822647,0.1808806508779525,0.2192732989788055,True,True,True,True,True
test|Mona_4_20260624_123706|1322402942000,Mona,Mona_4_20260624_123706,1322402942000,continue,continue,0.1970196664333343,0.210245132446289,0.1914153099060058,0.1871286034584045,0.2141913026571273,True,True,True,True,True
test|Mona_4_20260624_123706|1322736275000,Mona,Mona_4_20260624_123706,1322736275000,continue,continue,0.1956847310066223,0.2091654986143112,0.1894216239452362,0.1893062740564346,0.216421827673912,True,True,True,True,True
test|Mona_4_20260624_123706|1323069609000,Mona,Mona_4_20260624_123706,1323069609000,continue,continue,0.1966580152511596,0.208085611462593,0.1880649328231811,0.1934075802564621,0.2137838900089264,True,True,True,True,True
test|Mona_4_20260624_123706|1323402942000,Mona,Mona_4_20260624_123706,1323402942000,continue,continue,0.1936420500278473,0.2068385332822799,0.1889355629682541,0.1984617859125137,0.2121220827102661,True,True,True,True,True
test|Mona_4_20260624_123706|1323736275000,Mona,Mona_4_20260624_123706,1323736275000,continue,continue,0.1908885836601257,0.2102876007556915,0.1908377557992935,0.1944260895252227,0.2135600000619888,True,True,True,True,True
test|Mona_4_20260624_123706|1324069609000,Mona,Mona_4_20260624_123706,1324069609000,continue,continue,0.1797754466533661,0.2223733812570572,0.195752665400505,0.1897348016500473,0.2123637199401855,True,True,True,True,True
test|Mona_4_20260624_123706|1324402942000,Mona,Mona_4_20260624_123706,1324402942000,continue,continue,0.1749436557292938,0.241770938038826,0.1939719021320343,0.1787848025560379,0.2105287611484527,True,True,True,True,True
test|Mona_4_20260624_123706|1324736275000,Mona,Mona_4_20260624_123706,1324736275000,continue,continue,0.1730405539274215,0.2596705555915832,0.188403382897377,0.1769597232341766,0.2019257992506027,True,True,True,True,True
test|Mona_4_20260624_123706|1325069609000,Mona,Mona_4_20260624_123706,1325069609000,continue,continue,0.1689383238554,0.2784211933612823,0.1803341805934906,0.174890398979187,0.1974159330129623,True,True,True,True,True
test|Mona_4_20260624_123706|1325402942000,Mona,Mona_4_20260624_123706,1325402942000,continue,continue,0.1679346859455108,0.3005098402500152,0.1700329631567001,0.1709247827529907,0.1905976682901382,True,True,True,True,True
test|Mona_4_20260624_123706|1325736275000,Mona,Mona_4_20260624_123706,1325736275000,continue,continue,0.1660169214010238,0.3146742582321167,0.1644919514656067,0.1714132875204086,0.1834035813808441,True,True,True,True,True
test|Mona_4_20260624_123706|1326069609000,Mona,Mona_4_20260624_123706,1326069609000,continue,continue,0.1749320775270462,0.2906933128833771,0.1652135103940963,0.180079847574234,0.1890812963247299,True,True,True,True,True
test|Mona_4_20260624_123706|1326402942000,Mona,Mona_4_20260624_123706,1326402942000,continue,continue,0.1798828840255737,0.2600066065788269,0.168702483177185,0.1987341046333313,0.1926739364862442,True,True,True,True,True
test|Mona_4_20260624_123706|1326736275000,Mona,Mona_4_20260624_123706,1326736275000,continue,continue,0.1825534850358963,0.2343052327632904,0.1729990839958191,0.2039083391427993,0.2062339037656784,True,True,True,True,True
test|Mona_4_20260624_123706|1327069609000,Mona,Mona_4_20260624_123706,1327069609000,continue,continue,0.1855915933847427,0.2164178341627121,0.1767236888408661,0.2051286846399307,0.2161381393671035,True,True,True,True,True
test|Mona_4_20260624_123706|1327402942000,Mona,Mona_4_20260624_123706,1327402942000,continue,continue,0.1868490278720855,0.2049533873796463,0.1798376739025116,0.2023613005876541,0.22599858045578,True,True,True,True,True
test|Mona_4_20260624_123706|1327736275000,Mona,Mona_4_20260624_123706,1327736275000,continue,continue,0.1924020946025848,0.2019169330596923,0.1826250702142715,0.1969383955001831,0.2261175215244293,True,True,True,True,True
test|Mona_4_20260624_123706|1328069609000,Mona,Mona_4_20260624_123706,1328069609000,continue,continue,0.2018140852451324,0.2063357830047607,0.1806208044290542,0.1877920478582382,0.2234372943639755,True,True,True,True,True
test|Mona_4_20260624_123706|1328402942000,Mona,Mona_4_20260624_123706,1328402942000,continue,continue,0.2089285552501678,0.2098247855901718,0.1807190775871276,0.1827714890241623,0.2177560776472091,True,True,True,True,True
test|Mona_4_20260624_123706|1328736275000,Mona,Mona_4_20260624_123706,1328736275000,continue,continue,0.2131000757217407,0.2116920202970504,0.1747558861970901,0.187204822897911,0.213247150182724,True,True,True,True,True
test|Mona_4_20260624_123706|1329069609000,Mona,Mona_4_20260624_123706,1329069609000,continue,continue,0.2134547084569931,0.2229204773902893,0.1692906618118286,0.1871401816606521,0.2071938961744308,True,True,True,True,True
test|Mona_4_20260624_123706|1329402942000,Mona,Mona_4_20260624_123706,1329402942000,continue,continue,0.2135704308748245,0.2308982908725738,0.1636709123849868,0.1813792586326599,0.2104811072349548,True,True,True,True,True
test|Mona_4_20260624_123706|1329736275000,Mona,Mona_4_20260624_123706,1329736275000,continue,continue,0.2116667777299881,0.2371240854263305,0.161198228597641,0.1794245094060897,0.2105864733457565,True,True,True,True,True
test|Mona_4_20260624_123706|1330069609000,Mona,Mona_4_20260624_123706,1330069609000,continue,continue,0.2039474099874496,0.2404282987117767,0.1602940559387207,0.1776768267154693,0.2176534235477447,True,True,True,True,True
test|Mona_4_20260624_123706|1330402942000,Mona,Mona_4_20260624_123706,1330402942000,continue,continue,0.202345922589302,0.2470538914203643,0.158279001712799,0.1703053414821624,0.2220158874988556,True,True,True,True,True
test|Mona_4_20260624_123706|1330736275000,Mona,Mona_4_20260624_123706,1330736275000,continue,continue,0.2022568434476852,0.2593926191329956,0.1596369445323944,0.1595779210329055,0.2191356718540191,True,True,True,True,True
test|Mona_4_20260624_123706|1331069609000,Mona,Mona_4_20260624_123706,1331069609000,continue,continue,0.2065380066633224,0.2534281611442566,0.1600376665592193,0.1607184410095214,0.2192777693271637,True,True,True,True,True
test|Mona_4_20260624_123706|1331402942000,Mona,Mona_4_20260624_123706,1331402942000,continue,continue,0.2084748297929763,0.2476800978183746,0.1641651391983032,0.1659115701913833,0.2137683779001236,True,True,True,True,True
test|Mona_4_20260624_123706|1331736275000,Mona,Mona_4_20260624_123706,1331736275000,continue,continue,0.2073905915021896,0.2430285364389419,0.1660065650939941,0.1670700758695602,0.2165042906999588,True,True,True,True,True
test|Mona_4_20260624_123706|1332069609000,Mona,Mona_4_20260624_123706,1332069609000,continue,continue,0.2088911384344101,0.2345350086688995,0.1660289466381073,0.1748104393482208,0.2157343924045562,True,True,True,True,True
test|Mona_4_20260624_123706|1332402942000,Mona,Mona_4_20260624_123706,1332402942000,continue,continue,0.2037773579359054,0.2277829647064209,0.1665783822536468,0.183556854724884,0.2183044701814651,True,True,True,True,True
test|Mona_4_20260624_123706|1332736275000,Mona,Mona_4_20260624_123706,1332736275000,continue,continue,0.1999900639057159,0.2163338810205459,0.16836678981781,0.1946152299642563,0.2206940650939941,True,True,True,True,True
test|Mona_4_20260624_123706|1333069609000,Mona,Mona_4_20260624_123706,1333069609000,continue,continue,0.1942975670099258,0.2116371244192123,0.1727344393730163,0.1944748908281326,0.2268559336662292,True,True,True,True,True
test|Mona_4_20260624_123706|1333402942000,Mona,Mona_4_20260624_123706,1333402942000,continue,continue,0.1910561472177505,0.2083154618740081,0.1818862706422805,0.1859903931617736,0.2327517569065094,True,True,True,True,True
test|Mona_4_20260624_123706|1333736275000,Mona,Mona_4_20260624_123706,1333736275000,continue,continue,0.18330018222332,0.2179722189903259,0.1889121979475021,0.1779423952102661,0.2318729758262634,True,True,True,True,True
test|Mona_4_20260624_123706|1334069609000,Mona,Mona_4_20260624_123706,1334069609000,continue,continue,0.1735689491033554,0.227845698595047,0.1990477591753006,0.1695153713226318,0.2300222814083099,True,True,True,True,True
test|Mona_4_20260624_123706|1334402942000,Mona,Mona_4_20260624_123706,1334402942000,continue,continue,0.1673106700181961,0.2367457449436187,0.2064261734485626,0.16140978038311,0.2281075417995453,True,True,True,True,True
test|Mona_4_20260624_123706|1334736275000,Mona,Mona_4_20260624_123706,1334736275000,continue,continue,0.1612254828214645,0.2466798573732376,0.2124465703964233,0.1607090979814529,0.218938946723938,True,True,True,True,True
test|Mona_4_20260624_123706|1335069609000,Mona,Mona_4_20260624_123706,1335069609000,continue,continue,0.1561758071184158,0.2569074332714081,0.2145590186119079,0.1664717644453048,0.2058859765529632,True,True,True,True,True
test|Mona_4_20260624_123706|1335402942000,Mona,Mona_4_20260624_123706,1335402942000,continue,continue,0.148171380162239,0.2781813144683838,0.201851949095726,0.1777909845113754,0.1940043270587921,True,True,True,True,True
test|Mona_4_20260624_123706|1335736275000,Mona,Mona_4_20260624_123706,1335736275000,continue,continue,0.14888496696949,0.2698550224304199,0.1906217336654663,0.1969859600067138,0.193652331829071,True,True,True,True,True
test|Mona_4_20260624_123706|1336069609000,Mona,Mona_4_20260624_123706,1336069609000,continue,fetch,0.1562642604112625,0.2575391829013824,0.1789933443069458,0.2155942171812057,0.1916089504957199,True,True,True,True,True
test|Mona_4_20260624_123706|1336402942000,Mona,Mona_4_20260624_123706,1336402942000,continue,fetch,0.164975956082344,0.2594368457794189,0.1629474014043808,0.2270440608263015,0.185595765709877,True,True,True,True,True
test|Mona_4_20260624_123706|1336736275000,Mona,Mona_4_20260624_123706,1336736275000,continue,fetch,0.1812344640493393,0.260436862707138,0.1507415920495987,0.2223849147558212,0.1852021664381027,True,True,True,True,True
test|Mona_4_20260624_123706|1337069609000,Mona,Mona_4_20260624_123706,1337069609000,continue,fetch,0.2026663571596145,0.2599585950374603,0.1381643265485763,0.2116951644420623,0.1875155419111251,True,True,True,True,True
test|Mona_4_20260624_123706|1337402942000,Mona,Mona_4_20260624_123706,1337402942000,fetch,fetch,0.2244776636362075,0.2540476322174072,0.1323150396347046,0.2022996693849563,0.1868599951267242,True,True,True,True,True
test|Mona_4_20260624_123706|1337736275000,Mona,Mona_4_20260624_123706,1337736275000,fetch,fetch,0.2335791587829589,0.2574758231639862,0.129250556230545,0.1924273818731308,0.1872670501470565,True,True,True,True,True
test|Mona_4_20260624_123706|1338069609000,Mona,Mona_4_20260624_123706,1338069609000,fetch,fetch,0.2279389202594757,0.2824028730392456,0.1266473978757858,0.1825546324253082,0.1804561614990234,True,True,True,True,True
test|Mona_4_20260624_123706|1338402942000,Mona,Mona_4_20260624_123706,1338402942000,fetch,handover,0.2280426323413849,0.2794813513755798,0.129652202129364,0.1863678991794586,0.1764558851718902,True,True,True,True,True
test|Mona_4_20260624_123706|1338736275000,Mona,Mona_4_20260624_123706,1338736275000,fetch,fetch,0.2282050102949142,0.2736515700817108,0.1350420862436294,0.1926978826522827,0.1704034954309463,True,True,True,True,True
test|Mona_4_20260624_123706|1339069609000,Mona,Mona_4_20260624_123706,1339069609000,fetch,fetch,0.2419047951698303,0.2335143536329269,0.1477112770080566,0.2064461857080459,0.1704234182834625,True,True,True,True,True
test|Mona_4_20260624_123706|1339402942000,Mona,Mona_4_20260624_123706,1339402942000,fetch,fetch,0.2403210997581482,0.2392369508743286,0.1485855430364608,0.2070684283971786,0.1647880524396896,True,True,True,True,True
test|Mona_4_20260624_123706|1339736275000,Mona,Mona_4_20260624_123706,1339736275000,fetch,fetch,0.2352039963006973,0.2570197284221649,0.147346094250679,0.2049653232097625,0.1554648131132125,True,True,True,True,True
test|Mona_4_20260624_123706|1340069609000,Mona,Mona_4_20260624_123706,1340069609000,fetch,fetch,0.2307757586240768,0.2707875370979309,0.145799309015274,0.201317012310028,0.1513203680515289,True,True,True,True,True
test|Mona_4_20260624_123706|1340402942000,Mona,Mona_4_20260624_123706,1340402942000,fetch,fetch,0.2287875860929489,0.2784613966941833,0.1458244621753692,0.1984258890151977,0.1485006809234619,True,True,True,True,True
test|Mona_4_20260624_123706|1340736275000,Mona,Mona_4_20260624_123706,1340736275000,fetch,fetch,0.2232636362314224,0.2935062646865845,0.1388325244188308,0.1990204900503158,0.1453770995140075,True,True,True,True,True
test|Mona_4_20260624_123706|1341069609000,Mona,Mona_4_20260624_123706,1341069609000,fetch,fetch,0.2111139148473739,0.323403000831604,0.1313227266073227,0.1933040022850036,0.1408563554286956,True,True,True,True,True
test|Mona_4_20260624_123706|1341402942000,Mona,Mona_4_20260624_123706,1341402942000,fetch,fetch,0.205454334616661,0.3361839056015014,0.1295500844717025,0.1907076239585876,0.138104036450386,True,True,True,True,True
test|Mona_4_20260624_123706|1341736275000,Mona,Mona_4_20260624_123706,1341736275000,fetch,fetch,0.2070059031248092,0.3310413062572479,0.1313856542110443,0.1925249248743057,0.1380421370267868,True,True,True,True,True
test|Mona_4_20260624_123706|1342069609000,Mona,Mona_4_20260624_123706,1342069609000,fetch,fetch,0.209382489323616,0.3246788084506988,0.132375881075859,0.1969735771417617,0.1365892738103866,True,True,True,True,True
test|Mona_4_20260624_123706|1342402942000,Mona,Mona_4_20260624_123706,1342402942000,fetch,fetch,0.2160556316375732,0.3086304068565368,0.1357094049453735,0.2000267505645752,0.1395777910947799,True,True,True,True,True
test|Mona_4_20260624_123706|1342736275000,Mona,Mona_4_20260624_123706,1342736275000,fetch,fetch,0.2222150564193725,0.2942113578319549,0.1386338472366333,0.1976106613874435,0.1473290473222732,True,True,True,True,True
test|Mona_4_20260624_123706|1345069609000,Mona,Mona_4_20260624_123706,1345069609000,handover,handover,0.2748089134693146,0.1811265051364898,0.1468003094196319,0.214400053024292,0.182864248752594,True,True,True,True,True
test|Mona_4_20260624_123706|1345402942000,Mona,Mona_4_20260624_123706,1345402942000,handover,handover,0.2789934575557709,0.1715544164180755,0.1483613401651382,0.2161771059036255,0.1849136799573898,True,True,True,True,True
test|Mona_4_20260624_123706|1345736275000,Mona,Mona_4_20260624_123706,1345736275000,handover,fetch,0.2789098620414734,0.163965567946434,0.1523729413747787,0.2149393856525421,0.1898122578859329,True,True,True,True,True
test|Mona_4_20260624_123706|1346069609000,Mona,Mona_4_20260624_123706,1346069609000,handover,handover,0.2740912735462188,0.1618781387805938,0.1567704975605011,0.2067071050405502,0.2005529999732971,True,True,True,True,True
test|Mona_4_20260624_123706|1346402942000,Mona,Mona_4_20260624_123706,1346402942000,handover,handover,0.2663227617740631,0.1592396795749664,0.157931238412857,0.2073534876108169,0.2091528177261352,True,True,True,True,True
test|Mona_4_20260624_123706|1346736275000,Mona,Mona_4_20260624_123706,1346736275000,handover,handover,0.2562513351440429,0.1657337695360183,0.1604506224393844,0.2053762227296829,0.21218803524971,True,True,True,True,True
test|Mona_4_20260624_123706|1347069609000,Mona,Mona_4_20260624_123706,1347069609000,handover,handover,0.2523249983787536,0.1632609814405441,0.1661247611045837,0.203357994556427,0.2149312794208526,True,True,True,True,True
test|Mona_4_20260624_123706|1347402942000,Mona,Mona_4_20260624_123706,1347402942000,handover,handover,0.2494118064641952,0.1612394005060196,0.1698996126651764,0.204462468624115,0.2149867564439773,True,True,True,True,True
test|Mona_4_20260624_123706|1347736275000,Mona,Mona_4_20260624_123706,1347736275000,handover,handover,0.2507913112640381,0.1623832136392593,0.1698487699031829,0.2052676081657409,0.211709126830101,True,True,True,True,True
test|Mona_4_20260624_123706|1348069609000,Mona,Mona_4_20260624_123706,1348069609000,handover,handover,0.2516110837459564,0.1629070043563842,0.1706334352493286,0.2051158994436264,0.2097325623035431,True,True,True,True,True
test|Mona_5_20260624_123814|1377869609000,Mona,Mona_5_20260624_123814,1377869609000,continue,continue,0.234740674495697,0.2218926697969436,0.1401160508394241,0.1884700953960418,0.214780569076538,True,True,True,True,True
test|Mona_5_20260624_123814|1378202943000,Mona,Mona_5_20260624_123814,1378202943000,continue,continue,0.2230792492628097,0.2283280491828918,0.1359007507562637,0.1941662579774856,0.2185256481170654,True,True,True,True,True
test|Mona_5_20260624_123814|1378536276000,Mona,Mona_5_20260624_123814,1378536276000,continue,continue,0.2186144888401031,0.230540320277214,0.1278507858514785,0.1960343718528747,0.226960077881813,True,True,True,True,True
test|Mona_5_20260624_123814|1378869609000,Mona,Mona_5_20260624_123814,1378869609000,continue,continue,0.214558333158493,0.2334880381822586,0.1193348616361618,0.1935824900865554,0.239036276936531,True,True,True,True,True
test|Mona_5_20260624_123814|1379202943000,Mona,Mona_5_20260624_123814,1379202943000,continue,continue,0.2171753197908401,0.2357017695903778,0.1076074093580246,0.1937743127346038,0.2457411438226699,True,True,True,True,True
test|Mona_5_20260624_123814|1379536276000,Mona,Mona_5_20260624_123814,1379536276000,continue,continue,0.2135466784238815,0.2508295774459839,0.0991799384355545,0.1956813931465149,0.2407624125480651,True,True,True,True,True
test|Mona_5_20260624_123814|1379869609000,Mona,Mona_5_20260624_123814,1379869609000,continue,continue,0.210847333073616,0.2679053843021393,0.0937039479613304,0.1920358687639236,0.235507532954216,True,True,True,True,True
test|Mona_5_20260624_123814|1380202943000,Mona,Mona_5_20260624_123814,1380202943000,continue,continue,0.2118351310491562,0.280043214559555,0.0954794436693191,0.1863006353378296,0.2263415306806564,True,True,True,True,True
test|Mona_5_20260624_123814|1380536276000,Mona,Mona_5_20260624_123814,1380536276000,continue,continue,0.2093884348869323,0.2942815124988556,0.0996140092611312,0.1785850524902343,0.2181310057640075,True,True,True,True,True
test|Mona_5_20260624_123814|1380869609000,Mona,Mona_5_20260624_123814,1380869609000,continue,continue,0.2079319059848785,0.3031894564628601,0.1020743623375892,0.176625058054924,0.2101792842149734,True,True,True,True,True
test|Mona_5_20260624_123814|1381202943000,Mona,Mona_5_20260624_123814,1381202943000,continue,continue,0.2019482851028442,0.316799134016037,0.1047730296850204,0.1727924942970276,0.2036870867013931,True,True,True,True,True
test|Mona_5_20260624_123814|1381536276000,Mona,Mona_5_20260624_123814,1381536276000,continue,continue,0.1974966675043106,0.3222404718399048,0.1155858859419822,0.1656413674354553,0.1990356296300888,True,True,True,True,True
test|Mona_5_20260624_123814|1381869609000,Mona,Mona_5_20260624_123814,1381869609000,continue,continue,0.198245957493782,0.313341349363327,0.1234237775206565,0.1620739996433258,0.2029148340225219,True,True,True,True,True
test|Mona_5_20260624_123814|1382202943000,Mona,Mona_5_20260624_123814,1382202943000,continue,continue,0.2040315121412277,0.2991426289081573,0.1260469108819961,0.1605248153209686,0.2102541625499725,True,True,True,True,True
test|Mona_5_20260624_123814|1382536276000,Mona,Mona_5_20260624_123814,1382536276000,continue,continue,0.2108917534351349,0.2801438570022583,0.1315570920705795,0.1644788831472396,0.2129284441471099,True,True,True,True,True
test|Mona_5_20260624_123814|1382869609000,Mona,Mona_5_20260624_123814,1382869609000,continue,continue,0.212997704744339,0.2612703144550323,0.1341306418180465,0.1701137423515319,0.2214875966310501,True,True,True,True,True
test|Mona_5_20260624_123814|1383202943000,Mona,Mona_5_20260624_123814,1383202943000,continue,continue,0.2206511199474334,0.2431060075759887,0.1345619708299636,0.1779759526252746,0.2237048894166946,True,True,True,True,True
test|Mona_5_20260624_123814|1383536276000,Mona,Mona_5_20260624_123814,1383536276000,continue,continue,0.2315501719713211,0.23063625395298,0.1271827816963195,0.1905608475208282,0.2200699299573898,True,True,True,True,True
test|Mona_5_20260624_123814|1383869609000,Mona,Mona_5_20260624_123814,1383869609000,continue,continue,0.2380585968494415,0.2263804376125335,0.1203696429729461,0.2006203830242157,0.2145709693431854,True,True,True,True,True
test|Mona_5_20260624_123814|1384202943000,Mona,Mona_5_20260624_123814,1384202943000,continue,continue,0.2362979650497436,0.2264609038829803,0.1231315284967422,0.2046164125204086,0.2094931155443191,True,True,True,True,True
test|Mona_5_20260624_123814|1384536276000,Mona,Mona_5_20260624_123814,1384536276000,continue,continue,0.2282618582248687,0.232614979147911,0.126199185848236,0.2061552554368972,0.2067686915397644,True,True,True,True,True
test|Mona_5_20260624_123814|1384869609000,Mona,Mona_5_20260624_123814,1384869609000,continue,fetch,0.2275575399398803,0.2389618307352066,0.1301527619361877,0.2063837647438049,0.1969441473484039,True,True,True,True,True
test|Mona_5_20260624_123814|1385202943000,Mona,Mona_5_20260624_123814,1385202943000,continue,fetch,0.2268156260251999,0.2480474561452865,0.1343537867069244,0.2027532458305359,0.188029870390892,True,True,True,True,True
test|Mona_5_20260624_123814|1385536276000,Mona,Mona_5_20260624_123814,1385536276000,continue,continue,0.2195795029401779,0.2581694722175598,0.1417078077793121,0.1896545737981796,0.1908886432647705,True,True,True,True,True
test|Mona_5_20260624_123814|1385869609000,Mona,Mona_5_20260624_123814,1385869609000,continue,continue,0.2132575809955597,0.2642818391323089,0.1440661996603012,0.181509867310524,0.1968845278024673,True,True,True,True,True
test|Mona_5_20260624_123814|1386202943000,Mona,Mona_5_20260624_123814,1386202943000,continue,continue,0.2097851186990738,0.2624367177486419,0.1379803717136383,0.1809747815132141,0.2088229954242706,True,True,True,True,True
test|Mona_5_20260624_123814|1386536276000,Mona,Mona_5_20260624_123814,1386536276000,continue,continue,0.2087062001228332,0.246732473373413,0.1335781812667846,0.1832577139139175,0.2277253866195678,True,True,True,True,True
test|Mona_5_20260624_123814|1386869609000,Mona,Mona_5_20260624_123814,1386869609000,continue,continue,0.2083362489938736,0.2346552610397339,0.1353338807821273,0.1796252280473709,0.2420493066310882,True,True,True,True,True
test|Mona_5_20260624_123814|1387202943000,Mona,Mona_5_20260624_123814,1387202943000,continue,continue,0.2047847807407379,0.2198244333267212,0.1330055892467498,0.1810087710618972,0.2613764405250549,True,True,True,True,True
test|Mona_5_20260624_123814|1387536276000,Mona,Mona_5_20260624_123814,1387536276000,continue,continue,0.2075827866792678,0.2110419571399688,0.123672641813755,0.1940801441669464,0.2636224627494812,True,True,True,True,True
test|Mona_5_20260624_123814|1387869609000,Mona,Mona_5_20260624_123814,1387869609000,continue,continue,0.212129071354866,0.2086286544799804,0.1201345771551132,0.2060573101043701,0.2530503869056701,True,True,True,True,True
test|Mona_5_20260624_123814|1388202943000,Mona,Mona_5_20260624_123814,1388202943000,continue,continue,0.2202533185482025,0.2122740149497985,0.1194824203848838,0.2067910879850387,0.241199105978012,True,True,True,True,True
test|Mona_5_20260624_123814|1388536276000,Mona,Mona_5_20260624_123814,1388536276000,continue,continue,0.2273610830307006,0.2144126445055008,0.1196275204420089,0.2128365039825439,0.2257622331380844,True,True,True,True,True
test|Mona_5_20260624_123814|1388869609000,Mona,Mona_5_20260624_123814,1388869609000,continue,continue,0.2284045815467834,0.2158618569374084,0.1144126951694488,0.2231698483228683,0.2181509435176849,True,True,True,True,True
test|Mona_5_20260624_123814|1389202943000,Mona,Mona_5_20260624_123814,1389202943000,continue,continue,0.2298105508089065,0.2267125993967056,0.1105491444468498,0.2194189578294754,0.2135087698698043,True,True,True,True,True
test|Mona_5_20260624_123814|1389536276000,Mona,Mona_5_20260624_123814,1389536276000,continue,continue,0.2256432771682739,0.2363489121198654,0.1158046349883079,0.2080958038568496,0.2141073942184448,True,True,True,True,True
test|Mona_5_20260624_123814|1389869609000,Mona,Mona_5_20260624_123814,1389869609000,continue,continue,0.2179247289896011,0.2527066767215729,0.1219074726104736,0.1913016438484192,0.2161595076322555,True,True,True,True,True
test|Mona_5_20260624_123814|1390202943000,Mona,Mona_5_20260624_123814,1390202943000,continue,continue,0.2056593149900436,0.273121565580368,0.1243665590882301,0.1775524616241455,0.2193000763654709,True,True,True,True,True
test|Mona_5_20260624_123814|1390536276000,Mona,Mona_5_20260624_123814,1390536276000,continue,continue,0.1984704136848449,0.2967729866504669,0.1188896000385284,0.1649726033210754,0.2208944261074066,True,True,True,True,True
test|Mona_5_20260624_123814|1390869609000,Mona,Mona_5_20260624_123814,1390869609000,continue,continue,0.1921226382255554,0.3128294348716736,0.1144268214702606,0.1609422862529754,0.2196788191795349,True,True,True,True,True
test|Mona_5_20260624_123814|1391202943000,Mona,Mona_5_20260624_123814,1391202943000,continue,continue,0.1864369958639145,0.3146489262580871,0.1108506321907043,0.166271835565567,0.2217915654182434,True,True,True,True,True
test|Mona_5_20260624_123814|1391536276000,Mona,Mona_5_20260624_123814,1391536276000,continue,continue,0.1838324069976806,0.3153240382671356,0.1073805838823318,0.1760271042585373,0.2174359560012817,True,True,True,True,True
test|Mona_5_20260624_123814|1391869609000,Mona,Mona_5_20260624_123814,1391869609000,continue,continue,0.188263326883316,0.2996319234371185,0.1052225828170776,0.1926517933607101,0.2142302989959716,True,True,True,True,True
test|Mona_5_20260624_123814|1392202943000,Mona,Mona_5_20260624_123814,1392202943000,continue,continue,0.1946140676736831,0.280248612165451,0.1045321747660636,0.2123263031244278,0.2082788050174713,True,True,True,True,True
test|Mona_5_20260624_123814|1392536276000,Mona,Mona_5_20260624_123814,1392536276000,continue,continue,0.1944377720355987,0.2715597748756408,0.1099546924233436,0.2227406501770019,0.2013071328401565,True,True,True,True,True
test|Mona_5_20260624_123814|1392869609000,Mona,Mona_5_20260624_123814,1392869609000,continue,continue,0.1992878466844558,0.249895378947258,0.1216203868389129,0.2259388267993927,0.2032575905323028,True,True,True,True,True
test|Mona_5_20260624_123814|1393202943000,Mona,Mona_5_20260624_123814,1393202943000,continue,continue,0.2102485001087188,0.2356889992952346,0.1324820816516876,0.2218348681926727,0.1997455954551696,True,True,True,True,True
test|Mona_5_20260624_123814|1393536276000,Mona,Mona_5_20260624_123814,1393536276000,continue,continue,0.2195983529090881,0.2230660617351532,0.1359180063009262,0.2175110131502151,0.2039065659046173,True,True,True,True,True
test|Mona_5_20260624_123814|1393869609000,Mona,Mona_5_20260624_123814,1393869609000,continue,continue,0.219290480017662,0.216407835483551,0.1443192213773727,0.2074259668588638,0.2125565260648727,True,True,True,True,True
test|Mona_5_20260624_123814|1394202943000,Mona,Mona_5_20260624_123814,1394202943000,continue,continue,0.2150226980447769,0.2087111920118332,0.1558467745780944,0.1977898478507995,0.2226295322179794,True,True,True,True,True
test|Mona_5_20260624_123814|1394536276000,Mona,Mona_5_20260624_123814,1394536276000,continue,continue,0.2108974754810333,0.2011605501174926,0.1671187579631805,0.1897556632757187,0.2310675978660583,True,True,True,True,True
test|Mona_5_20260624_123814|1394869609000,Mona,Mona_5_20260624_123814,1394869609000,continue,continue,0.2067244946956634,0.2043551653623581,0.1735041886568069,0.179100289940834,0.2363158017396927,True,True,True,True,True
test|Mona_5_20260624_123814|1395202943000,Mona,Mona_5_20260624_123814,1395202943000,continue,continue,0.1986105889081955,0.2056743800640106,0.1822273880243301,0.1728880405426025,0.2405996322631836,True,True,True,True,True
test|Mona_5_20260624_123814|1395536276000,Mona,Mona_5_20260624_123814,1395536276000,continue,continue,0.1920572966337204,0.2038401365280151,0.1980721205472946,0.1708385050296783,0.2351918965578079,True,True,True,True,True
test|Mona_5_20260624_123814|1395869609000,Mona,Mona_5_20260624_123814,1395869609000,continue,continue,0.1915533393621444,0.2033824473619461,0.2043633460998535,0.1751626431941986,0.2255382239818573,True,True,True,True,True
test|Mona_5_20260624_123814|1396202943000,Mona,Mona_5_20260624_123814,1396202943000,continue,continue,0.1959572732448578,0.2090679407119751,0.1992200016975402,0.1759217977523803,0.2198329269886016,True,True,True,True,True
test|Mona_5_20260624_123814|1396536276000,Mona,Mona_5_20260624_123814,1396536276000,continue,continue,0.1984788477420807,0.2141841650009155,0.1908297091722488,0.1791282445192337,0.2173790037631988,True,True,True,True,True
test|Mona_5_20260624_123814|1396869609000,Mona,Mona_5_20260624_123814,1396869609000,continue,continue,0.1983106136322021,0.2213199734687805,0.1854137331247329,0.1864295005798339,0.2085261195898056,True,True,True,True,True
test|Mona_5_20260624_123814|1397202943000,Mona,Mona_5_20260624_123814,1397202943000,continue,continue,0.197513461112976,0.22166408598423,0.1776371300220489,0.1958757936954498,0.2073095142841339,True,True,True,True,True
test|Mona_5_20260624_123814|1397536276000,Mona,Mona_5_20260624_123814,1397536276000,continue,continue,0.1973830163478851,0.226536139845848,0.1661820411682129,0.2012010216712951,0.2086978256702423,True,True,True,True,True
test|Mona_5_20260624_123814|1397869609000,Mona,Mona_5_20260624_123814,1397869609000,continue,continue,0.1971356570720672,0.2330249994993209,0.161520317196846,0.1989190727472305,0.2093999832868576,True,True,True,True,True
test|Mona_5_20260624_123814|1398202943000,Mona,Mona_5_20260624_123814,1398202943000,continue,continue,0.1928611993789672,0.2342662513256073,0.1642317175865173,0.1976927369832992,0.21094810962677,True,True,True,True,True
test|Mona_5_20260624_123814|1398536276000,Mona,Mona_5_20260624_123814,1398536276000,continue,continue,0.1904727667570114,0.2364045679569244,0.1696855574846267,0.1902471035718917,0.2131899297237396,True,True,True,True,True
test|Mona_5_20260624_123814|1398869609000,Mona,Mona_5_20260624_123814,1398869609000,continue,continue,0.1918886750936508,0.2380065619945526,0.1757809221744537,0.1824812442064285,0.2118425518274307,True,True,True,True,True
test|Mona_5_20260624_123814|1399202943000,Mona,Mona_5_20260624_123814,1399202943000,continue,continue,0.1933280229568481,0.2367531210184097,0.1790365129709243,0.1834219545125961,0.2074604779481887,True,True,True,True,True
test|Mona_5_20260624_123814|1399536276000,Mona,Mona_5_20260624_123814,1399536276000,continue,continue,0.1942007541656494,0.2364447116851806,0.1846523433923721,0.1837533265352249,0.2009488344192505,True,True,True,True,True
test|Mona_5_20260624_123814|1399869609000,Mona,Mona_5_20260624_123814,1399869609000,continue,continue,0.1928545087575912,0.2319169342517852,0.1883662045001983,0.1873442083597183,0.1995182037353515,True,True,True,True,True
test|Mona_5_20260624_123814|1400202943000,Mona,Mona_5_20260624_123814,1400202943000,continue,continue,0.1958600133657455,0.2250607162714004,0.1853189766407013,0.1943927556276321,0.1993675678968429,True,True,True,True,True
test|Mona_5_20260624_123814|1400536276000,Mona,Mona_5_20260624_123814,1400536276000,continue,continue,0.1998513489961624,0.2180182039737701,0.1807196736335754,0.1999647766351699,0.2014460563659668,True,True,True,True,True
test|Mona_5_20260624_123814|1400869609000,Mona,Mona_5_20260624_123814,1400869609000,continue,continue,0.2008803039789199,0.2071155458688736,0.1726550608873367,0.2075387835502624,0.2118103206157684,True,True,True,True,True
test|Mona_5_20260624_123814|1401202943000,Mona,Mona_5_20260624_123814,1401202943000,continue,continue,0.2002755254507064,0.2037194222211837,0.167475014925003,0.205819085240364,0.2227109670639038,True,True,True,True,True
test|Mona_5_20260624_123814|1401536276000,Mona,Mona_5_20260624_123814,1401536276000,continue,continue,0.2002375125885009,0.203349769115448,0.1685176640748977,0.1953695863485336,0.2325254380702972,True,True,True,True,True
test|Mona_5_20260624_123814|1401869609000,Mona,Mona_5_20260624_123814,1401869609000,continue,continue,0.1994583457708358,0.2042526751756668,0.1693293005228042,0.1902046352624893,0.2367550134658813,True,True,True,True,True
test|Mona_5_20260624_123814|1402202943000,Mona,Mona_5_20260624_123814,1402202943000,continue,continue,0.1987169831991195,0.2073057293891906,0.1718737483024597,0.1873339265584945,0.2347695678472519,True,True,True,True,True
test|Mona_5_20260624_123814|1402536276000,Mona,Mona_5_20260624_123814,1402536276000,continue,continue,0.1983662992715835,0.2121983170509338,0.1711615324020385,0.1794508993625641,0.2388229966163635,True,True,True,True,True
test|Mona_5_20260624_123814|1402869609000,Mona,Mona_5_20260624_123814,1402869609000,continue,continue,0.1942862123250961,0.2324825078248977,0.1725625395774841,0.1668000370264053,0.2338686883449554,True,True,True,True,True
test|Mona_5_20260624_123814|1403202943000,Mona,Mona_5_20260624_123814,1403202943000,continue,continue,0.1927333176136016,0.2485229521989822,0.1744285225868225,0.1614069193601608,0.2229083478450775,True,True,True,True,True
test|Mona_5_20260624_123814|1403536276000,Mona,Mona_5_20260624_123814,1403536276000,continue,continue,0.1941094696521759,0.253767728805542,0.1694140583276748,0.1637134253978729,0.2189953178167343,True,True,True,True,True
test|Mona_5_20260624_123814|1403869609000,Mona,Mona_5_20260624_123814,1403869609000,continue,continue,0.1983832865953445,0.2540069222450256,0.1649071872234344,0.166934460401535,0.2157681584358215,True,True,True,True,True
test|Mona_5_20260624_123814|1404202943000,Mona,Mona_5_20260624_123814,1404202943000,continue,continue,0.2037238031625747,0.2530625164508819,0.1622350960969925,0.1721539348363876,0.2088246345520019,True,True,True,True,True
test|Mona_5_20260624_123814|1404536276000,Mona,Mona_5_20260624_123814,1404536276000,continue,continue,0.2074543833732605,0.2489120215177536,0.1592764258384704,0.1823715269565582,0.201985627412796,True,True,True,True,True
test|Mona_5_20260624_123814|1404869609000,Mona,Mona_5_20260624_123814,1404869609000,continue,continue,0.2117624580860138,0.2337628006935119,0.1538778096437454,0.1971232295036316,0.2034736424684524,True,True,True,True,True
test|Mona_5_20260624_123814|1405202943000,Mona,Mona_5_20260624_123814,1405202943000,continue,continue,0.2094826847314834,0.2213411033153534,0.1477493494749069,0.2039845138788223,0.2174423485994339,True,True,True,True,True
test|Mona_5_20260624_123814|1405536276000,Mona,Mona_5_20260624_123814,1405536276000,continue,continue,0.2063995897769928,0.2180075049400329,0.1455315202474594,0.2059722989797592,0.2240891754627227,True,True,True,True,True
test|Mona_5_20260624_123814|1405869609000,Mona,Mona_5_20260624_123814,1405869609000,continue,continue,0.2059066146612167,0.2232118397951126,0.1459380239248275,0.2019347995519638,0.2230086922645568,True,True,True,True,True
test|Mona_5_20260624_123814|1406202943000,Mona,Mona_5_20260624_123814,1406202943000,continue,continue,0.2056899517774582,0.2277356088161468,0.1460675001144409,0.1890271306037902,0.2314797043800354,True,True,True,True,True
test|Mona_5_20260624_123814|1406536276000,Mona,Mona_5_20260624_123814,1406536276000,continue,continue,0.2071401178836822,0.2291848808526992,0.1475185304880142,0.1854856461286544,0.2306708693504333,True,True,True,True,True
test|Mona_5_20260624_123814|1406869609000,Mona,Mona_5_20260624_123814,1406869609000,continue,continue,0.2116834670305252,0.2268213629722595,0.1512328088283538,0.1917401254177093,0.2185222655534744,True,True,True,True,True
test|Mona_5_20260624_123814|1407202943000,Mona,Mona_5_20260624_123814,1407202943000,continue,continue,0.2156644314527511,0.2161284685134887,0.1573372930288314,0.1986360251903534,0.2122337818145752,True,True,True,True,True
test|Mona_5_20260624_123814|1407536276000,Mona,Mona_5_20260624_123814,1407536276000,continue,continue,0.2158587574958801,0.2089004814624786,0.1610703617334365,0.2029181569814682,0.2112523168325424,True,True,True,True,True
test|Mona_5_20260624_123814|1407869609000,Mona,Mona_5_20260624_123814,1407869609000,continue,continue,0.2172102183103561,0.2025716602802276,0.156827226281166,0.2069723755121231,0.2164185941219329,True,True,True,True,True
test|Mona_5_20260624_123814|1408202943000,Mona,Mona_5_20260624_123814,1408202943000,continue,continue,0.2187902331352234,0.1978136301040649,0.1501807123422622,0.2198660373687744,0.2133494019508361,True,True,True,True,True
test|Mona_5_20260624_123814|1408536276000,Mona,Mona_5_20260624_123814,1408536276000,continue,continue,0.2195741236209869,0.1905307918787002,0.1497101187705993,0.2218096852302551,0.2183752804994583,True,True,True,True,True
test|Mona_5_20260624_123814|1408869609000,Mona,Mona_5_20260624_123814,1408869609000,continue,continue,0.2234411686658859,0.190989151597023,0.1474251449108123,0.2170925587415695,0.2210519909858703,True,True,True,True,True
test|Mona_5_20260624_123814|1409202943000,Mona,Mona_5_20260624_123814,1409202943000,continue,continue,0.2304839491844177,0.1980822384357452,0.146642193198204,0.2076534479856491,0.2171381711959839,True,True,True,True,True
test|Mona_5_20260624_123814|1409536276000,Mona,Mona_5_20260624_123814,1409536276000,continue,continue,0.2305286973714828,0.2102439999580383,0.1437867134809494,0.2041767686605453,0.211263820528984,True,True,True,True,True
test|Mona_5_20260624_123814|1409869609000,Mona,Mona_5_20260624_123814,1409869609000,continue,continue,0.2275546491146087,0.2161857485771179,0.1399528682231903,0.2071885615587234,0.2091182172298431,True,True,True,True,True
test|Mona_5_20260624_123814|1410202943000,Mona,Mona_5_20260624_123814,1410202943000,continue,continue,0.2286818921566009,0.2193011194467544,0.1373338997364044,0.2087487429380417,0.2059343308210373,True,True,True,True,True
test|Mona_5_20260624_123814|1410536276000,Mona,Mona_5_20260624_123814,1410536276000,continue,fetch,0.23112154006958,0.2289086133241653,0.1317314058542251,0.2064675092697143,0.2017709463834762,True,True,True,True,True
test|Mona_5_20260624_123814|1410869609000,Mona,Mona_5_20260624_123814,1410869609000,fetch,fetch,0.2326234132051468,0.2333888560533523,0.1259600222110748,0.2015917897224426,0.2064359784126281,True,True,True,True,True
test|Mona_5_20260624_123814|1411202943000,Mona,Mona_5_20260624_123814,1411202943000,fetch,fetch,0.2297811508178711,0.2516229748725891,0.1170328333973884,0.2024634778499603,0.1990995109081268,True,True,True,True,True
test|Mona_5_20260624_123814|1411536276000,Mona,Mona_5_20260624_123814,1411536276000,fetch,fetch,0.2016180753707885,0.3404034972190857,0.1018309965729713,0.1844827383756637,0.1716647148132324,True,True,True,True,True
test|Mona_5_20260624_123814|1411869609000,Mona,Mona_5_20260624_123814,1411869609000,fetch,fetch,0.2516810297966003,0.186543807387352,0.1300010532140731,0.2305035442113876,0.2012705504894256,True,True,True,True,True
test|Mona_5_20260624_123814|1412202943000,Mona,Mona_5_20260624_123814,1412202943000,fetch,fetch,0.2589036524295807,0.1779590398073196,0.1374794095754623,0.2348112612962722,0.1908466070890426,True,True,True,True,True
test|Mona_5_20260624_123814|1412536276000,Mona,Mona_5_20260624_123814,1412536276000,fetch,fetch,0.2609289884567261,0.1779637485742569,0.1403852701187133,0.2350230813026428,0.185698926448822,True,True,True,True,True
test|Mona_5_20260624_123814|1412869609000,Mona,Mona_5_20260624_123814,1412869609000,fetch,fetch,0.2589341402053833,0.1782075315713882,0.1460927724838256,0.234896644949913,0.1818688958883285,True,True,True,True,True
test|Mona_5_20260624_123814|1413202943000,Mona,Mona_5_20260624_123814,1413202943000,fetch,fetch,0.2558634281158447,0.1772906184196472,0.1501764506101608,0.2334041446447372,0.1832653731107711,True,True,True,True,True
test|Mona_5_20260624_123814|1413536276000,Mona,Mona_5_20260624_123814,1413536276000,fetch,fetch,0.2539767324924469,0.1781028062105178,0.1494180113077163,0.2291883826255798,0.189314067363739,True,True,True,True,True
test|Mona_5_20260624_123814|1413869609000,Mona,Mona_5_20260624_123814,1413869609000,fetch,fetch,0.2497809082269668,0.1788221895694732,0.1478554159402847,0.2220737785100937,0.201467677950859,True,True,True,True,True
test|Mona_5_20260624_123814|1414202943000,Mona,Mona_5_20260624_123814,1414202943000,fetch,fetch,0.2423564940690994,0.1783504039049148,0.1425071209669113,0.2160330712795257,0.2207529097795486,True,True,True,True,True
test|Mona_5_20260624_123814|1414536276000,Mona,Mona_5_20260624_123814,1414536276000,fetch,fetch,0.2383484244346618,0.1766456663608551,0.1395042389631271,0.2146786451339721,0.2308230847120285,True,True,True,True,True
test|Mona_5_20260624_123814|1414869609000,Mona,Mona_5_20260624_123814,1414869609000,fetch,fetch,0.2373267412185669,0.1763437092304229,0.1373655796051025,0.2151420414447784,0.2338218688964843,True,True,True,True,True
test|Mona_5_20260624_123814|1415202943000,Mona,Mona_5_20260624_123814,1415202943000,fetch,fetch,0.2401483952999115,0.1780436784029007,0.1385751664638519,0.2186503708362579,0.2245823442935943,True,True,True,True,True
test|Mona_5_20260624_123814|1415536276000,Mona,Mona_5_20260624_123814,1415536276000,fetch,fetch,0.2459083348512649,0.1791766583919525,0.1452585011720657,0.2191676199436187,0.2104888260364532,True,True,True,True,True
test|Mona_5_20260624_123814|1415869609000,Mona,Mona_5_20260624_123814,1415869609000,fetch,fetch,0.2499971687793731,0.1816268414258957,0.1468806564807891,0.2196680158376693,0.2018273025751114,True,True,True,True,True
test|Mona_5_20260624_123814|1417869609000,Mona,Mona_5_20260624_123814,1417869609000,handover,handover,0.2542504668235779,0.2175103724002838,0.1458641141653061,0.1980759352445602,0.1842990517616272,True,True,True,True,True
test|Mona_5_20260624_123814|1418202943000,Mona,Mona_5_20260624_123814,1418202943000,handover,handover,0.2528082132339477,0.2197582125663757,0.1436049491167068,0.2031934559345245,0.1806351840496063,True,True,True,True,True
test|Mona_5_20260624_123814|1418536276000,Mona,Mona_5_20260624_123814,1418536276000,handover,handover,0.2531144022941589,0.2243040949106216,0.143610805273056,0.2029640823602676,0.1760065704584121,True,True,True,True,True
test|Mona_5_20260624_123814|1418869609000,Mona,Mona_5_20260624_123814,1418869609000,handover,handover,0.2604534029960632,0.2276531308889389,0.142783835530281,0.2036235332489013,0.1654861271381378,True,True,True,True,True
test|Mona_5_20260624_123814|1419202943000,Mona,Mona_5_20260624_123814,1419202943000,handover,handover,0.2627334892749786,0.2367194592952728,0.1375512480735778,0.2027489095926284,0.1602468937635421,True,True,True,True,True
test|Mona_5_20260624_123814|1419536276000,Mona,Mona_5_20260624_123814,1419536276000,handover,fetch,0.2589847445487976,0.2517332732677459,0.1307244151830673,0.1994789540767669,0.1590785682201385,True,True,True,True,True
test|Mona_5_20260624_123814|1419869609000,Mona,Mona_5_20260624_123814,1419869609000,handover,handover,0.2506938874721527,0.2704133093357086,0.1228053644299507,0.1980551034212112,0.1580323129892349,True,True,True,True,True
test|Mona_5_20260624_123814|1420202943000,Mona,Mona_5_20260624_123814,1420202943000,handover,handover,0.2482888251543045,0.2877312898635864,0.1153657734394073,0.1902416199445724,0.1583725363016128,True,True,True,True,True
test|Mona_5_20260624_123814|1420536276000,Mona,Mona_5_20260624_123814,1420536276000,handover,handover,0.2467641979455948,0.2893012762069702,0.112571008503437,0.1893736869096756,0.1619898229837417,True,True,True,True,True
test|Mona_5_20260624_123814|1420869609000,Mona,Mona_5_20260624_123814,1420869609000,handover,handover,0.2423115968704223,0.288512259721756,0.1117838248610496,0.1893852800130844,0.1680070459842682,True,True,True,True,True
test|Mona_6_20260624_123930|1453936276000,Mona,Mona_6_20260624_123930,1453936276000,continue,continue,0.1954216808080673,0.2190099209547042,0.1784176081418991,0.1905127167701721,0.2166380733251571,True,True,True,True,True
test|Mona_6_20260624_123930|1454269609000,Mona,Mona_6_20260624_123930,1454269609000,continue,continue,0.1977283060550689,0.2070269584655761,0.1804385781288147,0.1896074563264846,0.2251987904310226,True,True,True,True,True
test|Mona_6_20260624_123930|1454602942000,Mona,Mona_6_20260624_123930,1454602942000,continue,continue,0.2026664316654205,0.2017569541931152,0.1826258897781372,0.188591793179512,0.224358931183815,True,True,True,True,True
test|Mona_6_20260624_123930|1454936276000,Mona,Mona_6_20260624_123930,1454936276000,continue,continue,0.2064535021781921,0.1979893296957016,0.1858093738555908,0.1877143085002899,0.2220335304737091,True,True,True,True,True
test|Mona_6_20260624_123930|1455269609000,Mona,Mona_6_20260624_123930,1455269609000,continue,continue,0.2063825726509094,0.1969211399555206,0.1872853189706802,0.1889664679765701,0.2204444706439972,True,True,True,True,True
test|Mona_6_20260624_123930|1455602942000,Mona,Mona_6_20260624_123930,1455602942000,continue,continue,0.2080899477005005,0.1978293359279632,0.1840953826904297,0.190187469124794,0.2197978347539901,True,True,True,True,True
test|Mona_6_20260624_123930|1455936276000,Mona,Mona_6_20260624_123930,1455936276000,continue,continue,0.2105334401130676,0.1914023011922836,0.1807961016893386,0.197078987956047,0.2201891839504242,True,True,True,True,True
test|Mona_6_20260624_123930|1456269609000,Mona,Mona_6_20260624_123930,1456269609000,continue,continue,0.2110951989889145,0.1946272104978561,0.1824193149805069,0.1975247263908386,0.2143335491418838,True,True,True,True,True
test|Mona_6_20260624_123930|1456602942000,Mona,Mona_6_20260624_123930,1456602942000,continue,continue,0.2098820358514785,0.1909192502498626,0.1839991062879562,0.1988604515790939,0.2163391858339309,True,True,True,True,True
test|Mona_6_20260624_123930|1456936276000,Mona,Mona_6_20260624_123930,1456936276000,continue,continue,0.2101682871580124,0.186155766248703,0.1878276169300079,0.1979829519987106,0.2178653478622436,True,True,True,True,True
test|Mona_6_20260624_123930|1457269609000,Mona,Mona_6_20260624_123930,1457269609000,continue,continue,0.210934892296791,0.1839433908462524,0.1868270337581634,0.1973389983177185,0.2209556549787521,True,True,True,True,True
test|Mona_6_20260624_123930|1457602942000,Mona,Mona_6_20260624_123930,1457602942000,continue,continue,0.2106095850467682,0.1843840181827545,0.1864661574363708,0.1976171433925628,0.2209231555461883,True,True,True,True,True
test|Mona_6_20260624_123930|1457936276000,Mona,Mona_6_20260624_123930,1457936276000,continue,continue,0.2100920230150222,0.1843598932027816,0.1851883679628372,0.1966880559921264,0.2236716896295547,True,True,True,True,True
test|Mona_6_20260624_123930|1458269609000,Mona,Mona_6_20260624_123930,1458269609000,continue,continue,0.2103244662284851,0.1833688020706176,0.1839924752712249,0.1964926868677139,0.2258215546607971,True,True,True,True,True
test|Mona_6_20260624_123930|1458602942000,Mona,Mona_6_20260624_123930,1458602942000,continue,continue,0.2128766477108001,0.185090497136116,0.1848735362291336,0.1943340599536895,0.2228252291679382,True,True,True,True,True
test|Mona_6_20260624_123930|1458936276000,Mona,Mona_6_20260624_123930,1458936276000,continue,continue,0.2126673907041549,0.1819892525672912,0.1814388483762741,0.1959092915058136,0.2279952615499496,True,True,True,True,True
test|Mona_6_20260624_123930|1459269609000,Mona,Mona_6_20260624_123930,1459269609000,continue,continue,0.2116385996341705,0.1766038537025451,0.1827888637781143,0.1981250792741775,0.2308435291051864,True,True,True,True,True
test|Mona_6_20260624_123930|1459602942000,Mona,Mona_6_20260624_123930,1459602942000,continue,continue,0.2126805484294891,0.1706679612398147,0.1811944544315338,0.198599025607109,0.2368580400943756,True,True,True,True,True
test|Mona_6_20260624_123930|1459936276000,Mona,Mona_6_20260624_123930,1459936276000,continue,continue,0.212254911661148,0.1646390259265899,0.1840539574623108,0.1978422403335571,0.2412098497152328,True,True,True,True,True
test|Mona_6_20260624_123930|1460269609000,Mona,Mona_6_20260624_123930,1460269609000,continue,continue,0.2149178087711334,0.16546630859375,0.1850960999727249,0.1913343667984008,0.2431854456663131,True,True,True,True,True
test|Mona_6_20260624_123930|1460602942000,Mona,Mona_6_20260624_123930,1460602942000,continue,continue,0.2105130553245544,0.1704683303833007,0.182975172996521,0.180679053068161,0.2553643882274627,True,True,True,True,True
test|Mona_6_20260624_123930|1460936276000,Mona,Mona_6_20260624_123930,1460936276000,continue,continue,0.2104571461677551,0.1778860241174698,0.1779438257217407,0.1710609197616577,0.2626520693302154,True,True,True,True,True
test|Mona_6_20260624_123930|1461269609000,Mona,Mona_6_20260624_123930,1461269609000,continue,continue,0.2088913470506668,0.1865031868219375,0.174707144498825,0.1614804118871688,0.2684178948402405,True,True,True,True,True
test|Mona_6_20260624_123930|1461602942000,Mona,Mona_6_20260624_123930,1461602942000,continue,continue,0.2040101289749145,0.190698429942131,0.1677582859992981,0.1590766757726669,0.2784565091133117,True,True,True,True,True
test|Mona_6_20260624_123930|1461936276000,Mona,Mona_6_20260624_123930,1461936276000,continue,continue,0.1968015283346176,0.1941229552030563,0.1604342460632324,0.1599165350198745,0.2887247204780578,True,True,True,True,True
test|Mona_6_20260624_123930|1462269609000,Mona,Mona_6_20260624_123930,1462269609000,continue,continue,0.1847340315580368,0.1968093961477279,0.1563262194395065,0.1594608128070831,0.3026695251464844,True,True,True,True,True
test|Mona_6_20260624_123930|1462602942000,Mona,Mona_6_20260624_123930,1462602942000,continue,continue,0.1688135862350464,0.1968927234411239,0.153070643544197,0.1685588508844375,0.3126641511917114,True,True,True,True,True
test|Mona_6_20260624_123930|1462936276000,Mona,Mona_6_20260624_123930,1462936276000,continue,continue,0.162857100367546,0.1953196674585342,0.1528265923261642,0.176326721906662,0.3126698732376098,True,True,True,True,True
test|Mona_6_20260624_123930|1463269609000,Mona,Mona_6_20260624_123930,1463269609000,continue,continue,0.1639762669801712,0.1983224898576736,0.1576020419597625,0.1833074688911438,0.2967917025089264,True,True,True,True,True
test|Mona_6_20260624_123930|1463602942000,Mona,Mona_6_20260624_123930,1463602942000,continue,continue,0.1678480803966522,0.205439493060112,0.1628478616476059,0.1884659379720688,0.2753986120223999,True,True,True,True,True
test|Mona_6_20260624_123930|1463936276000,Mona,Mona_6_20260624_123930,1463936276000,continue,continue,0.1807280033826828,0.2116392999887466,0.1605530679225921,0.1949985176324844,0.2520811259746551,True,True,True,True,True
test|Mona_6_20260624_123930|1464269609000,Mona,Mona_6_20260624_123930,1464269609000,continue,continue,0.1913682520389557,0.2144054919481277,0.1579069346189499,0.1994469761848449,0.2368723303079605,True,True,True,True,True
test|Mona_6_20260624_123930|1464602942000,Mona,Mona_6_20260624_123930,1464602942000,continue,continue,0.1976184993982315,0.2185142338275909,0.160992756485939,0.2015236169099807,0.2213509380817413,True,True,True,True,True
test|Mona_6_20260624_123930|1464936276000,Mona,Mona_6_20260624_123930,1464936276000,continue,continue,0.1992783099412918,0.2217642962932586,0.1707416474819183,0.202942207455635,0.2052735835313797,True,True,True,True,True
test|Mona_6_20260624_123930|1465269609000,Mona,Mona_6_20260624_123930,1465269609000,continue,continue,0.1985451728105545,0.2183264791965484,0.1732839047908783,0.2033067941665649,0.2065375745296478,True,True,True,True,True
test|Mona_6_20260624_123930|1465602942000,Mona,Mona_6_20260624_123930,1465602942000,continue,continue,0.1954174488782882,0.21615631878376,0.1804926991462707,0.1984826922416687,0.2094507664442062,True,True,True,True,True
test|Mona_6_20260624_123930|1465936276000,Mona,Mona_6_20260624_123930,1465936276000,continue,continue,0.1903988271951675,0.213489219546318,0.1943749338388443,0.1850536465644836,0.2166833877563476,True,True,True,True,True
test|Mona_6_20260624_123930|1466269609000,Mona,Mona_6_20260624_123930,1466269609000,continue,continue,0.1879579126834869,0.2096393555402755,0.2060501724481582,0.1789099723100662,0.2174426317214965,True,True,True,True,True
test|Mona_6_20260624_123930|1466602942000,Mona,Mona_6_20260624_123930,1466602942000,continue,continue,0.1884045898914337,0.2078535705804824,0.2093137800693512,0.1783596128225326,0.2160685211420059,True,True,True,True,True
test|Mona_6_20260624_123930|1466936276000,Mona,Mona_6_20260624_123930,1466936276000,continue,continue,0.1904417872428894,0.202794998884201,0.1995686292648315,0.184160903096199,0.2230336517095565,True,True,True,True,True
test|Mona_6_20260624_123930|1467269609000,Mona,Mona_6_20260624_123930,1467269609000,continue,continue,0.1903671622276306,0.1997138112783432,0.1974199563264846,0.1888798922300338,0.2236191481351852,True,True,True,True,True
test|Mona_6_20260624_123930|1467602942000,Mona,Mona_6_20260624_123930,1467602942000,continue,continue,0.1917677670717239,0.2003740817308426,0.1946073919534683,0.1896625757217407,0.2235881686210632,True,True,True,True,True
test|Mona_6_20260624_123930|1467936276000,Mona,Mona_6_20260624_123930,1467936276000,continue,continue,0.1935872435569763,0.2011385113000869,0.1869214326143264,0.1985391974449157,0.2198137044906616,True,True,True,True,True
test|Mona_6_20260624_123930|1468269609000,Mona,Mona_6_20260624_123930,1468269609000,continue,continue,0.1941780000925064,0.2062777727842331,0.1846518963575363,0.1977514773607254,0.2171408534049987,True,True,True,True,True
test|Mona_6_20260624_123930|1468602942000,Mona,Mona_6_20260624_123930,1468602942000,continue,continue,0.1942379921674728,0.2119058519601822,0.181373655796051,0.1933728456497192,0.2191096395254135,True,True,True,True,True
test|Mona_6_20260624_123930|1468936276000,Mona,Mona_6_20260624_123930,1468936276000,continue,continue,0.1948510110378265,0.2174445688724517,0.1831221282482147,0.1911751180887222,0.2134071886539459,True,True,True,True,True
test|Mona_6_20260624_123930|1469269609000,Mona,Mona_6_20260624_123930,1469269609000,continue,continue,0.1971136629581451,0.2222777307033538,0.1860677450895309,0.1895172595977783,0.2050236016511917,True,True,True,True,True
test|Mona_6_20260624_123930|1469602942000,Mona,Mona_6_20260624_123930,1469602942000,continue,continue,0.1981410980224609,0.2261144667863845,0.1886992752552032,0.190631166100502,0.1964139938354492,True,True,True,True,True
test|Mona_6_20260624_123930|1469936276000,Mona,Mona_6_20260624_123930,1469936276000,continue,continue,0.2001850008964538,0.2294633686542511,0.190479427576065,0.1896260678768158,0.1902461051940918,True,True,True,True,True
test|Mona_6_20260624_123930|1470269609000,Mona,Mona_6_20260624_123930,1470269609000,continue,continue,0.2017910331487655,0.231269896030426,0.1897505968809127,0.191334530711174,0.1858540028333664,True,True,True,True,True
test|Mona_6_20260624_123930|1470602942000,Mona,Mona_6_20260624_123930,1470602942000,continue,continue,0.2029566168785095,0.2324171513319015,0.1895412802696228,0.1940325647592544,0.18105249106884,True,True,True,True,True
test|Mona_6_20260624_123930|1470936276000,Mona,Mona_6_20260624_123930,1470936276000,continue,continue,0.2039212137460708,0.2329817861318588,0.1881034523248672,0.1923290491104126,0.1826644390821457,True,True,True,True,True
test|Mona_6_20260624_123930|1471269609000,Mona,Mona_6_20260624_123930,1471269609000,continue,continue,0.2050462365150451,0.2333628088235855,0.1854972094297409,0.1891997158527374,0.1868940442800521,True,True,True,True,True
test|Mona_6_20260624_123930|1471602942000,Mona,Mona_6_20260624_123930,1471602942000,continue,continue,0.2067936062812805,0.2314843088388443,0.1812885850667953,0.1854573935270309,0.1949760913848877,True,True,True,True,True
test|Mona_6_20260624_123930|1471936276000,Mona,Mona_6_20260624_123930,1471936276000,continue,continue,0.2064110934734344,0.2260071486234665,0.1736572831869125,0.186889037489891,0.2070354372262954,True,True,True,True,True
test|Mona_6_20260624_123930|1472269609000,Mona,Mona_6_20260624_123930,1472269609000,continue,continue,0.204657569527626,0.2242181897163391,0.1697850525379181,0.1864382475614547,0.214900940656662,True,True,True,True,True
test|Mona_6_20260624_123930|1472602942000,Mona,Mona_6_20260624_123930,1472602942000,continue,continue,0.215435117483139,0.2182531803846359,0.1649655699729919,0.1849484145641327,0.2163977473974228,True,True,True,True,True
test|Mona_6_20260624_123930|1472936276000,Mona,Mona_6_20260624_123930,1472936276000,continue,continue,0.2178435772657394,0.214005097746849,0.1634702682495117,0.1890261769294738,0.2156548798084259,True,True,True,True,True
test|Mona_6_20260624_123930|1473269609000,Mona,Mona_6_20260624_123930,1473269609000,continue,continue,0.2143615037202835,0.2109899669885635,0.1664892137050628,0.193684697151184,0.2144745886325836,True,True,True,True,True
test|Mona_6_20260624_123930|1473602942000,Mona,Mona_6_20260624_123930,1473602942000,continue,continue,0.2121017128229141,0.2135591357946396,0.1730217188596725,0.1894229501485824,0.2118944525718689,True,True,True,True,True
test|Mona_6_20260624_123930|1473936276000,Mona,Mona_6_20260624_123930,1473936276000,continue,continue,0.2066405117511749,0.2219908684492111,0.184261754155159,0.1732212603092193,0.2138856202363968,True,True,True,True,True
test|Mona_6_20260624_123930|1474269609000,Mona,Mona_6_20260624_123930,1474269609000,continue,continue,0.2051255106925964,0.2217509597539901,0.1915658861398697,0.1667991280555725,0.2147584706544876,True,True,True,True,True
test|Mona_6_20260624_123930|1474602942000,Mona,Mona_6_20260624_123930,1474602942000,continue,continue,0.1992463022470474,0.2181665748357772,0.1985813230276107,0.1620511710643768,0.2219546437263488,True,True,True,True,True
test|Mona_6_20260624_123930|1474936276000,Mona,Mona_6_20260624_123930,1474936276000,continue,continue,0.1926229894161224,0.2186613082885742,0.2054100334644317,0.1565791219472885,0.2267265617847442,True,True,True,True,True
test|Mona_6_20260624_123930|1475269609000,Mona,Mona_6_20260624_123930,1475269609000,continue,continue,0.1867076903581619,0.2252379208803177,0.2124309837818145,0.1538868248462677,0.2217365503311157,True,True,True,True,True
test|Mona_6_20260624_123930|1475602942000,Mona,Mona_6_20260624_123930,1475602942000,continue,continue,0.1808052062988281,0.2286905646324157,0.2174217253923416,0.1551220268011093,0.2179604023694992,True,True,True,True,True
test|Mona_6_20260624_123930|1475936276000,Mona,Mona_6_20260624_123930,1475936276000,continue,continue,0.1796456724405288,0.2278763949871063,0.2206156104803085,0.1638485640287399,0.2080138176679611,True,True,True,True,True
test|Mona_6_20260624_123930|1476269609000,Mona,Mona_6_20260624_123930,1476269609000,continue,continue,0.1770965009927749,0.2308412939310073,0.2203798592090606,0.1669748425483703,0.2047075778245926,True,True,True,True,True
test|Mona_6_20260624_123930|1476602942000,Mona,Mona_6_20260624_123930,1476602942000,continue,continue,0.1736745983362198,0.2378748208284378,0.2176140397787094,0.1738893240690231,0.1969472616910934,True,True,True,True,True
test|Mona_6_20260624_123930|1476936276000,Mona,Mona_6_20260624_123930,1476936276000,continue,continue,0.1737471520900726,0.2405001372098922,0.2105998545885086,0.1812209486961364,0.19393190741539,True,True,True,True,True
test|Mona_6_20260624_123930|1477269609000,Mona,Mona_6_20260624_123930,1477269609000,continue,continue,0.175070434808731,0.2367145270109176,0.2037116587162017,0.1885643005371093,0.1959390193223953,True,True,True,True,True
test|Mona_6_20260624_123930|1477602942000,Mona,Mona_6_20260624_123930,1477602942000,continue,continue,0.1771011799573898,0.2353246957063675,0.1916393488645553,0.1953812837600708,0.2005535066127777,True,True,True,True,True
test|Mona_6_20260624_123930|1477936276000,Mona,Mona_6_20260624_123930,1477936276000,continue,continue,0.178678423166275,0.2309384196996688,0.183082178235054,0.2012385427951812,0.2060624063014984,True,True,True,True,True
test|Mona_6_20260624_123930|1478269609000,Mona,Mona_6_20260624_123930,1478269609000,continue,continue,0.1778622716665268,0.220257431268692,0.1876345574855804,0.2027046382427215,0.2115411758422851,True,True,True,True,True
test|Mona_6_20260624_123930|1478602942000,Mona,Mona_6_20260624_123930,1478602942000,continue,continue,0.1798267662525177,0.2117577642202377,0.193141683936119,0.2000923007726669,0.2151814550161361,True,True,True,True,True
test|Mona_6_20260624_123930|1478936276000,Mona,Mona_6_20260624_123930,1478936276000,continue,continue,0.1805633604526519,0.204924002289772,0.2022331953048706,0.1944966614246368,0.2177827507257461,True,True,True,True,True
test|Mona_6_20260624_123930|1479269609000,Mona,Mona_6_20260624_123930,1479269609000,continue,continue,0.1789646297693252,0.1976079046726226,0.2083998173475265,0.1913401782512664,0.2236875295639038,True,True,True,True,True
test|Mona_6_20260624_123930|1479602942000,Mona,Mona_6_20260624_123930,1479602942000,continue,continue,0.1762498766183853,0.1903288215398788,0.213979110121727,0.1926709413528442,0.2267712503671646,True,True,True,True,True
test|Mona_6_20260624_123930|1479936276000,Mona,Mona_6_20260624_123930,1479936276000,continue,continue,0.1767595708370208,0.1902681142091751,0.2206882834434509,0.1950127482414245,0.2172712832689285,True,True,True,True,True
test|Mona_6_20260624_123930|1480269609000,Mona,Mona_6_20260624_123930,1480269609000,continue,continue,0.1793057918548584,0.1898927241563797,0.2166566103696823,0.1969612538814544,0.2171836197376251,True,True,True,True,True
test|Mona_6_20260624_123930|1480602942000,Mona,Mona_6_20260624_123930,1480602942000,continue,continue,0.1838841140270233,0.1935220807790756,0.2051659524440765,0.1894142478704452,0.2280136048793792,True,True,True,True,True
test|Mona_6_20260624_123930|1480936276000,Mona,Mona_6_20260624_123930,1480936276000,continue,continue,0.1909534782171249,0.2023377120494842,0.1955571323633194,0.1825097501277923,0.228641927242279,True,True,True,True,True
test|Mona_6_20260624_123930|1481269609000,Mona,Mona_6_20260624_123930,1481269609000,continue,continue,0.1979566514492035,0.2047454714775085,0.1946873217821121,0.1844057738780975,0.2182047814130783,True,True,True,True,True
test|Mona_6_20260624_123930|1481602942000,Mona,Mona_6_20260624_123930,1481602942000,continue,continue,0.2073191404342651,0.2047294825315475,0.1913899779319763,0.1869934350252151,0.2095680385828018,True,True,True,True,True
test|Mona_6_20260624_123930|1481936276000,Mona,Mona_6_20260624_123930,1481936276000,continue,continue,0.214689627289772,0.2103085070848465,0.1774434745311737,0.1903707683086395,0.2071876525878906,True,True,True,True,True
test|Mona_6_20260624_123930|1482269609000,Mona,Mona_6_20260624_123930,1482269609000,continue,continue,0.218842014670372,0.2219718247652053,0.1644984930753708,0.1943189054727554,0.2003688216209411,True,True,True,True,True
test|Mona_6_20260624_123930|1482602942000,Mona,Mona_6_20260624_123930,1482602942000,continue,continue,0.2209217250347137,0.2383851855993271,0.1567356288433075,0.1942422240972519,0.1897152811288833,True,True,True,True,True
test|Mona_6_20260624_123930|1482936276000,Mona,Mona_6_20260624_123930,1482936276000,continue,continue,0.2175117433071136,0.2529816329479217,0.1469661146402359,0.2001812905073166,0.1823591738939285,True,True,True,True,True
test|Mona_6_20260624_123930|1483269609000,Mona,Mona_6_20260624_123930,1483269609000,continue,continue,0.2155295312404632,0.267127126455307,0.1371895521879196,0.1982989460229873,0.1818548142910003,True,True,True,True,True
test|Mona_6_20260624_123930|1483602942000,Mona,Mona_6_20260624_123930,1483602942000,continue,continue,0.2121907770633697,0.2824000716209411,0.1299058347940445,0.19331094622612,0.1821923702955246,True,True,True,True,True
test|Mona_6_20260624_123930|1483936276000,Mona,Mona_6_20260624_123930,1483936276000,continue,continue,0.2110868543386459,0.287208616733551,0.1318234950304031,0.1865238696336746,0.1833570897579193,True,True,True,True,True
test|Mona_6_20260624_123930|1484269609000,Mona,Mona_6_20260624_123930,1484269609000,continue,continue,0.2106368690729141,0.2895388007164001,0.1268330663442611,0.1879092454910278,0.1850820034742355,True,True,True,True,True
test|Mona_6_20260624_123930|1484602942000,Mona,Mona_6_20260624_123930,1484602942000,continue,continue,0.2050145119428634,0.287936121225357,0.1231526583433151,0.198107972741127,0.1857887506484985,True,True,True,True,True
test|Mona_6_20260624_123930|1484936276000,Mona,Mona_6_20260624_123930,1484936276000,continue,continue,0.203253760933876,0.28799769282341,0.1247680634260177,0.2015111446380615,0.1824693530797958,True,True,True,True,True
test|Mona_6_20260624_123930|1485269609000,Mona,Mona_6_20260624_123930,1485269609000,continue,continue,0.2024864852428436,0.2903707325458526,0.1260304749011993,0.2054288536310196,0.1756835132837295,True,True,True,True,True
test|Mona_6_20260624_123930|1485602942000,Mona,Mona_6_20260624_123930,1485602942000,continue,continue,0.1961918026208877,0.2979598045349121,0.1296544969081878,0.2052123397588729,0.1709815412759781,True,True,True,True,True
test|Mona_6_20260624_123930|1485936276000,Mona,Mona_6_20260624_123930,1485936276000,continue,fetch,0.1948564499616623,0.28634774684906,0.1340250223875045,0.2131314426660537,0.1716392934322357,True,True,True,True,True
test|Mona_6_20260624_123930|1486269609000,Mona,Mona_6_20260624_123930,1486269609000,continue,fetch,0.1985590159893036,0.2570322453975677,0.1467289626598358,0.2188554108142852,0.1788243353366851,True,True,True,True,True
test|Mona_6_20260624_123930|1486602942000,Mona,Mona_6_20260624_123930,1486602942000,fetch,fetch,0.204219177365303,0.2388015687465667,0.1583732366561889,0.2167156487703323,0.1818903535604477,True,True,True,True,True
test|Mona_6_20260624_123930|1486936276000,Mona,Mona_6_20260624_123930,1486936276000,fetch,fetch,0.2079167068004608,0.2351283431053161,0.1623083651065826,0.2128810882568359,0.1817655116319656,True,True,True,True,True
test|Mona_6_20260624_123930|1487269609000,Mona,Mona_6_20260624_123930,1487269609000,fetch,fetch,0.2145728021860122,0.2415055185556411,0.160678282380104,0.204708456993103,0.1785349547863006,True,True,True,True,True
test|Mona_6_20260624_123930|1487602942000,Mona,Mona_6_20260624_123930,1487602942000,fetch,fetch,0.2281053811311721,0.2408297508955001,0.1617655754089355,0.1993775963783264,0.1699216961860656,True,True,True,True,True
test|Mona_6_20260624_123930|1487936276000,Mona,Mona_6_20260624_123930,1487936276000,fetch,fetch,0.2303733825683593,0.250302791595459,0.1659073233604431,0.1908478885889053,0.1625686287879943,True,True,True,True,True
test|Mona_6_20260624_123930|1488269609000,Mona,Mona_6_20260624_123930,1488269609000,fetch,fetch,0.2213821411132812,0.2799901068210602,0.1664629131555557,0.1813767999410629,0.1507879793643951,True,True,True,True,True
test|Mona_6_20260624_123930|1488602942000,Mona,Mona_6_20260624_123930,1488602942000,fetch,fetch,0.2162916809320449,0.2843373715877533,0.1723302602767944,0.1821490675210952,0.144891619682312,True,True,True,True,True
test|Mona_6_20260624_123930|1488936276000,Mona,Mona_6_20260624_123930,1488936276000,fetch,fetch,0.2228155434131622,0.2570306956768036,0.1857258379459381,0.1902306377887725,0.1441973447799682,True,True,True,True,True
test|Mona_6_20260624_123930|1489269609000,Mona,Mona_6_20260624_123930,1489269609000,fetch,fetch,0.2166019827127456,0.2534398138523102,0.1997795701026916,0.1870565116405487,0.1431221216917038,True,True,True,True,True
test|Mona_6_20260624_123930|1489602942000,Mona,Mona_6_20260624_123930,1489602942000,fetch,fetch,0.205251008272171,0.2555964589118957,0.2088381052017212,0.186510756611824,0.143803671002388,True,True,True,True,True
test|Mona_6_20260624_123930|1489936276000,Mona,Mona_6_20260624_123930,1489936276000,fetch,fetch,0.1999620795249939,0.2545122802257538,0.2106517106294632,0.1906656324863433,0.1442083418369293,True,True,True,True,True
test|Mona_6_20260624_123930|1490269609000,Mona,Mona_6_20260624_123930,1490269609000,fetch,fetch,0.1959854513406753,0.2533250451087951,0.2139714360237121,0.1907821893692016,0.1459357887506485,True,True,True,True,True
test|Mona_6_20260624_123930|1490602942000,Mona,Mona_6_20260624_123930,1490602942000,fetch,fetch,0.1903125494718551,0.2731270492076874,0.2089984863996505,0.1860239505767822,0.1415379643440246,True,True,True,True,True
test|Mona_6_20260624_123930|1490936276000,Mona,Mona_6_20260624_123930,1490936276000,fetch,fetch,0.1817451566457748,0.3042014539241791,0.1977981179952621,0.1782644093036651,0.1379908174276352,True,True,True,True,True
test|Mona_6_20260624_123930|1491269609000,Mona,Mona_6_20260624_123930,1491269609000,fetch,fetch,0.1786092966794967,0.3161875605583191,0.1937976777553558,0.1758376359939575,0.1355678290128708,True,True,True,True,True
test|Mona_6_20260624_123930|1493602942000,Mona,Mona_6_20260624_123930,1493602942000,handover,fetch,0.2148114740848541,0.2411950677633285,0.172523632645607,0.1918064057826995,0.1796634942293167,True,True,True,True,True
test|Mona_6_20260624_123930|1493936276000,Mona,Mona_6_20260624_123930,1493936276000,handover,fetch,0.2152061760425567,0.2324177175760269,0.1762541532516479,0.1907120794057846,0.1854097843170166,True,True,True,True,True
test|Mona_6_20260624_123930|1494269609000,Mona,Mona_6_20260624_123930,1494269609000,handover,handover,0.218024343252182,0.2312202006578445,0.1781560480594635,0.1944882124662399,0.1781112253665924,True,True,True,True,True
test|Mona_6_20260624_123930|1494602942000,Mona,Mona_6_20260624_123930,1494602942000,handover,fetch,0.220559686422348,0.2256247997283935,0.1813486367464065,0.1994281560182571,0.1730387061834335,True,True,True,True,True
test|Mona_6_20260624_123930|1494936276000,Mona,Mona_6_20260624_123930,1494936276000,handover,handover,0.2281653434038162,0.2319963127374649,0.1739583164453506,0.1957520395517349,0.1701278984546661,True,True,True,True,True
test|Mona_6_20260624_123930|1495269609000,Mona,Mona_6_20260624_123930,1495269609000,handover,handover,0.2363956123590469,0.2331240773200988,0.1695940941572189,0.196994662284851,0.1638916134834289,True,True,True,True,True
test|Mona_6_20260624_123930|1495602942000,Mona,Mona_6_20260624_123930,1495602942000,handover,handover,0.239228755235672,0.2391684651374817,0.1683267652988433,0.1968371570110321,0.1564388126134872,True,True,True,True,True
test|Mona_6_20260624_123930|1495936276000,Mona,Mona_6_20260624_123930,1495936276000,handover,handover,0.241384670138359,0.2513567507266998,0.1626313775777816,0.1965386569499969,0.1480885744094848,True,True,True,True,True
test|Mona_6_20260624_123930|1496269609000,Mona,Mona_6_20260624_123930,1496269609000,handover,handover,0.245211124420166,0.2413093447685241,0.1643472760915756,0.1958497464656829,0.15328249335289,True,True,True,True,True
test|Mona_6_20260624_123930|1496602942000,Mona,Mona_6_20260624_123930,1496602942000,handover,handover,0.2500778138637543,0.228023275732994,0.164225772023201,0.1976977586746215,0.1599754095077514,True,True,True,True,True
test|Mona_6_20260624_123930|1496936276000,Mona,Mona_6_20260624_123930,1496936276000,handover,handover,0.2494597882032394,0.2133761644363403,0.168562650680542,0.2043783366680145,0.1642231196165084,True,True,True,True,True
test|Mona_7_20260624_124051|1534836276000,Mona,Mona_7_20260624_124051,1534836276000,continue,continue,0.2317984104156494,0.2688551545143127,0.0,0.208690345287323,0.2906561195850372,True,True,False,True,True
test|Mona_7_20260624_124051|1535169609000,Mona,Mona_7_20260624_124051,1535169609000,continue,continue,0.2297871857881546,0.2466594725847244,0.0,0.2159687280654907,0.3075845539569855,True,True,False,True,True
test|Mona_7_20260624_124051|1535502943000,Mona,Mona_7_20260624_124051,1535502943000,continue,continue,0.2274717390537262,0.2379030585289001,0.0,0.221232071518898,0.313393086194992,True,True,False,True,True
test|Mona_7_20260624_124051|1535836276000,Mona,Mona_7_20260624_124051,1535836276000,continue,continue,0.2258131802082061,0.2383465021848678,0.0,0.2179845720529556,0.3178556859493255,True,True,False,True,True
test|Mona_7_20260624_124051|1536169609000,Mona,Mona_7_20260624_124051,1536169609000,continue,continue,0.2266966253519058,0.2357586026191711,0.0,0.2203915268182754,0.3171532750129699,True,True,False,True,True
test|Mona_7_20260624_124051|1536502943000,Mona,Mona_7_20260624_124051,1536502943000,continue,continue,0.2256705909967422,0.2365099042654037,0.0,0.222007542848587,0.3158119618892669,True,True,False,True,True
test|Mona_7_20260624_124051|1536836276000,Mona,Mona_7_20260624_124051,1536836276000,continue,continue,0.2222752720117569,0.254859983921051,0.0,0.2123481929302215,0.3105165362358093,True,True,False,True,True
test|Mona_7_20260624_124051|1537169609000,Mona,Mona_7_20260624_124051,1537169609000,continue,continue,0.2229234725236892,0.2699067592620849,0.0,0.21137036383152,0.2957994639873504,True,True,False,True,True
test|Mona_7_20260624_124051|1537502943000,Mona,Mona_7_20260624_124051,1537502943000,continue,continue,0.2192840725183487,0.2779895663261413,0.0,0.2185566574335098,0.2841697037220001,True,True,False,True,True
test|Mona_7_20260624_124051|1537836276000,Mona,Mona_7_20260624_124051,1537836276000,continue,continue,0.2128219008445739,0.2861328721046448,0.0,0.2292392551898956,0.2718059420585632,True,True,False,True,True
test|Mona_7_20260624_124051|1538169609000,Mona,Mona_7_20260624_124051,1538169609000,continue,continue,0.2120019644498825,0.2954284846782684,0.0,0.225045695900917,0.2675238847732544,True,True,False,True,True
test|Mona_7_20260624_124051|1538502943000,Mona,Mona_7_20260624_124051,1538502943000,continue,continue,0.2159053832292556,0.2898215651512146,0.0,0.2208373099565506,0.2734357118606567,True,True,False,True,True
test|Mona_7_20260624_124051|1538836276000,Mona,Mona_7_20260624_124051,1538836276000,continue,continue,0.2231936901807785,0.2826991379261017,0.0,0.225121259689331,0.2689859867095947,True,True,False,True,True
test|Mona_7_20260624_124051|1539169609000,Mona,Mona_7_20260624_124051,1539169609000,continue,continue,0.2245886325836181,0.2801318168640136,0.0,0.22042016685009,0.2748593688011169,True,True,False,True,True
test|Mona_7_20260624_124051|1539502943000,Mona,Mona_7_20260624_124051,1539502943000,continue,continue,0.2274242639541626,0.2783305644989013,0.0,0.2143364250659942,0.2799088060855865,True,True,False,True,True
test|Mona_7_20260624_124051|1539836276000,Mona,Mona_7_20260624_124051,1539836276000,continue,continue,0.2357230633497238,0.2681692242622375,0.0,0.211409106850624,0.2846985459327698,True,True,False,True,True
test|Mona_7_20260624_124051|1540169609000,Mona,Mona_7_20260624_124051,1540169609000,continue,continue,0.2347093224525451,0.2649776041507721,0.0,0.2119123637676239,0.2884007096290588,True,True,False,True,True
test|Mona_7_20260624_124051|1540502943000,Mona,Mona_7_20260624_124051,1540502943000,continue,continue,0.2306799739599228,0.2701221108436584,0.0,0.2199469804763794,0.2792508900165558,True,True,False,True,True
test|Mona_7_20260624_124051|1540836276000,Mona,Mona_7_20260624_124051,1540836276000,continue,continue,0.2249792069196701,0.2770744264125824,0.0,0.2310942113399505,0.2668520808219909,True,True,False,True,True
test|Mona_7_20260624_124051|1541169609000,Mona,Mona_7_20260624_124051,1541169609000,continue,continue,0.2211212366819381,0.2856506109237671,0.0,0.2370150983333587,0.2562130689620971,True,True,False,True,True
test|Mona_7_20260624_124051|1541502943000,Mona,Mona_7_20260624_124051,1541502943000,continue,continue,0.2219593673944473,0.2902455031871795,0.0,0.2380703091621399,0.249724805355072,True,True,False,True,True
test|Mona_7_20260624_124051|1541836276000,Mona,Mona_7_20260624_124051,1541836276000,continue,continue,0.2216287702322006,0.2909225523471832,0.0,0.2335618287324905,0.2538868486881256,True,True,False,True,True
test|Mona_7_20260624_124051|1542169609000,Mona,Mona_7_20260624_124051,1542169609000,continue,continue,0.2260249704122543,0.2910051345825195,0.0,0.2294687330722808,0.2535012066364288,True,True,False,True,True
test|Mona_7_20260624_124051|1542502943000,Mona,Mona_7_20260624_124051,1542502943000,continue,continue,0.2306293696165084,0.2919953465461731,0.0,0.2249768823385238,0.2523984313011169,True,True,False,True,True
test|Mona_7_20260624_124051|1542836276000,Mona,Mona_7_20260624_124051,1542836276000,continue,continue,0.2333225458860397,0.2941712737083435,0.0,0.2091088145971298,0.2633973956108093,True,True,False,True,True
test|Mona_7_20260624_124051|1543169609000,Mona,Mona_7_20260624_124051,1543169609000,continue,continue,0.2374173104763031,0.2985090017318725,0.0,0.2012870609760284,0.2627865970134735,True,True,False,True,True
test|Mona_7_20260624_124051|1543502943000,Mona,Mona_7_20260624_124051,1543502943000,continue,continue,0.2379993349313736,0.3081353902816772,0.0,0.1906444430351257,0.2632207870483398,True,True,False,True,True
test|Mona_7_20260624_124051|1543836276000,Mona,Mona_7_20260624_124051,1543836276000,continue,continue,0.2381025999784469,0.3074701428413391,0.0,0.1906729936599731,0.263754278421402,True,True,False,True,True
test|Mona_7_20260624_124051|1544169609000,Mona,Mona_7_20260624_124051,1544169609000,continue,continue,0.2320450246334076,0.2967382669448852,0.0,0.1991786360740661,0.272038072347641,True,True,False,True,True
test|Mona_7_20260624_124051|1544502943000,Mona,Mona_7_20260624_124051,1544502943000,continue,continue,0.2266216427087783,0.2864019274711609,0.0,0.2099931687116623,0.2769832909107208,True,True,False,True,True
test|Mona_7_20260624_124051|1544836276000,Mona,Mona_7_20260624_124051,1544836276000,continue,continue,0.2268876135349273,0.2760206758975982,0.0,0.2288261502981186,0.2682655751705169,True,True,False,True,True
test|Mona_7_20260624_124051|1545169609000,Mona,Mona_7_20260624_124051,1545169609000,continue,continue,0.2289524227380752,0.2569952607154846,0.0,0.240697294473648,0.2733549773693084,True,True,False,True,True
test|Mona_7_20260624_124051|1545502943000,Mona,Mona_7_20260624_124051,1545502943000,continue,continue,0.2303149998188018,0.239778384566307,0.0,0.2493927329778671,0.2805139124393463,True,True,False,True,True
test|Mona_7_20260624_124051|1545836276000,Mona,Mona_7_20260624_124051,1545836276000,continue,continue,0.2363321334123611,0.2403875440359115,0.0,0.2519094049930572,0.2713709473609924,True,True,False,True,True
test|Mona_7_20260624_124051|1546169609000,Mona,Mona_7_20260624_124051,1546169609000,continue,continue,0.2376174926757812,0.2472736686468124,0.0,0.2526562511920929,0.2624525427818298,True,True,False,True,True
test|Mona_7_20260624_124051|1546502943000,Mona,Mona_7_20260624_124051,1546502943000,continue,continue,0.2360030859708786,0.2706953585147857,0.0,0.242137610912323,0.2511639893054962,True,True,False,True,True
test|Mona_7_20260624_124051|1546836276000,Mona,Mona_7_20260624_124051,1546836276000,continue,continue,0.2357411980628967,0.2890056371688843,0.0,0.2151882946491241,0.2600648403167724,True,True,False,True,True
test|Mona_7_20260624_124051|1547169609000,Mona,Mona_7_20260624_124051,1547169609000,continue,continue,0.2332393378019333,0.300374686717987,0.0,0.20496566593647,0.2614203095436096,True,True,False,True,True
test|Mona_7_20260624_124051|1547502943000,Mona,Mona_7_20260624_124051,1547502943000,continue,continue,0.2323952317237854,0.3060778081417084,0.0,0.2022853046655655,0.2592416703701019,True,True,False,True,True
test|Mona_7_20260624_124051|1547836276000,Mona,Mona_7_20260624_124051,1547836276000,continue,continue,0.2222514301538467,0.3093360662460327,0.0,0.2021525353193283,0.2662599384784698,True,True,False,True,True
test|Mona_7_20260624_124051|1548169609000,Mona,Mona_7_20260624_124051,1548169609000,continue,continue,0.2164491117000579,0.3079076111316681,0.0,0.1945149302482605,0.281128317117691,True,True,False,True,True
test|Mona_7_20260624_124051|1548502943000,Mona,Mona_7_20260624_124051,1548502943000,continue,continue,0.2155701667070388,0.3015394806861877,0.0,0.184040755033493,0.2988495826721191,True,True,False,True,True
test|Mona_7_20260624_124051|1548836276000,Mona,Mona_7_20260624_124051,1548836276000,continue,continue,0.2222178429365158,0.2933148741722107,0.0,0.1925244778394699,0.291942834854126,True,True,False,True,True
test|Mona_7_20260624_124051|1549169609000,Mona,Mona_7_20260624_124051,1549169609000,continue,continue,0.2323711067438125,0.2939335107803345,0.0,0.1996594369411468,0.2740359306335449,True,True,False,True,True
test|Mona_7_20260624_124051|1549502943000,Mona,Mona_7_20260624_124051,1549502943000,continue,continue,0.2434748113155365,0.291361004114151,0.0,0.2073027938604354,0.2578614354133606,True,True,False,True,True
test|Mona_7_20260624_124051|1549836276000,Mona,Mona_7_20260624_124051,1549836276000,continue,continue,0.2597714364528656,0.2743818759918213,0.0,0.2212834805250167,0.2445631921291351,True,True,False,True,True
test|Mona_7_20260624_124051|1550169609000,Mona,Mona_7_20260624_124051,1550169609000,continue,continue,0.2643156349658966,0.2726057171821594,0.0,0.2273192107677459,0.2357594817876815,True,True,False,True,True
test|Mona_7_20260624_124051|1550502943000,Mona,Mona_7_20260624_124051,1550502943000,continue,continue,0.2655538916587829,0.2654872834682464,0.0,0.2335107624530792,0.2354480773210525,True,True,False,True,True
test|Mona_7_20260624_124051|1550836276000,Mona,Mona_7_20260624_124051,1550836276000,continue,continue,0.2600853145122528,0.2599110007286072,0.0,0.238625094294548,0.2413785904645919,True,True,False,True,True
test|Mona_7_20260624_124051|1551169609000,Mona,Mona_7_20260624_124051,1551169609000,continue,continue,0.2491678744554519,0.2589267492294311,0.0,0.231469914317131,0.260435402393341,True,True,False,True,True
test|Mona_7_20260624_124051|1551502943000,Mona,Mona_7_20260624_124051,1551502943000,continue,continue,0.2377968877553939,0.2596028447151184,0.0,0.2223662883043289,0.2802339792251587,True,True,False,True,True
test|Mona_7_20260624_124051|1551836276000,Mona,Mona_7_20260624_124051,1551836276000,continue,continue,0.2261377424001693,0.2632476091384887,0.0,0.2116019576787948,0.2990126311779022,True,True,False,True,True
test|Mona_7_20260624_124051|1552169609000,Mona,Mona_7_20260624_124051,1552169609000,continue,continue,0.2198943942785263,0.2594274580478668,0.0,0.2074317038059234,0.3132464587688446,True,True,False,True,True
test|Mona_7_20260624_124051|1552502943000,Mona,Mona_7_20260624_124051,1552502943000,continue,continue,0.2209700942039489,0.2562021017074585,0.0,0.206078216433525,0.3167495727539062,True,True,False,True,True
test|Mona_7_20260624_124051|1552836276000,Mona,Mona_7_20260624_124051,1552836276000,continue,continue,0.2238871306180954,0.2598921358585357,0.0,0.2040589898824691,0.3121617436408996,True,True,False,True,True
test|Mona_7_20260624_124051|1553169609000,Mona,Mona_7_20260624_124051,1553169609000,continue,continue,0.2277796268463134,0.2630243301391601,0.0,0.2066244035959243,0.3025716543197632,True,True,False,True,True
test|Mona_7_20260624_124051|1553502943000,Mona,Mona_7_20260624_124051,1553502943000,continue,continue,0.2356754839420318,0.2668513655662536,0.0,0.2079864889383316,0.289486676454544,True,True,False,True,True
test|Mona_7_20260624_124051|1553836276000,Mona,Mona_7_20260624_124051,1553836276000,continue,continue,0.2418469041585922,0.2738834917545318,0.0,0.2134616523981094,0.2708079516887665,True,True,False,True,True
test|Mona_7_20260624_124051|1554169609000,Mona,Mona_7_20260624_124051,1554169609000,continue,continue,0.2466453313827514,0.2858851850032806,0.0,0.2150101661682129,0.2524592876434326,True,True,False,True,True
test|Mona_7_20260624_124051|1554502943000,Mona,Mona_7_20260624_124051,1554502943000,continue,continue,0.2433627545833587,0.3038153350353241,0.0,0.2109129726886749,0.2419089525938034,True,True,False,True,True
test|Mona_7_20260624_124051|1554836276000,Mona,Mona_7_20260624_124051,1554836276000,continue,continue,0.2374597489833831,0.3154278695583343,0.0,0.2164113521575927,0.2307010143995285,True,True,False,True,True
test|Mona_7_20260624_124051|1555169609000,Mona,Mona_7_20260624_124051,1555169609000,continue,continue,0.2331895232200622,0.3200769126415252,0.0,0.2245872467756271,0.2221463173627853,True,True,False,True,True
test|Mona_7_20260624_124051|1555502943000,Mona,Mona_7_20260624_124051,1555502943000,continue,continue,0.2290374338626861,0.3323076963424682,0.0,0.2243533581495285,0.2143014520406723,True,True,False,True,True
test|Mona_7_20260624_124051|1555836276000,Mona,Mona_7_20260624_124051,1555836276000,continue,continue,0.2263451218605041,0.3530510067939758,0.0,0.208639770746231,0.2119640707969665,True,True,False,True,True
test|Mona_7_20260624_124051|1556169609000,Mona,Mona_7_20260624_124051,1556169609000,continue,continue,0.2329238057136535,0.3335883319377899,0.0,0.2033695429563522,0.2301183491945266,True,True,False,True,True
test|Mona_7_20260624_124051|1556502943000,Mona,Mona_7_20260624_124051,1556502943000,continue,continue,0.234857976436615,0.3074117302894592,0.0,0.2103089392185211,0.247421309351921,True,True,False,True,True
test|Mona_7_20260624_124051|1556836276000,Mona,Mona_7_20260624_124051,1556836276000,continue,continue,0.2344792634248733,0.2887044847011566,0.0,0.2124132513999939,0.2644030153751373,True,True,False,True,True
test|Mona_7_20260624_124051|1557169609000,Mona,Mona_7_20260624_124051,1557169609000,continue,continue,0.2380039691925048,0.2736237049102783,0.0,0.2146896570920944,0.2736826539039612,True,True,False,True,True
test|Mona_7_20260624_124051|1557502943000,Mona,Mona_7_20260624_124051,1557502943000,continue,continue,0.2350594997406005,0.2589203715324402,0.0,0.2094210833311081,0.2965990602970123,True,True,False,True,True
test|Mona_7_20260624_124051|1557836276000,Mona,Mona_7_20260624_124051,1557836276000,continue,continue,0.2277915477752685,0.2439999878406524,0.0,0.2034936249256134,0.3247148096561432,True,True,False,True,True
test|Mona_7_20260624_124051|1558169609000,Mona,Mona_7_20260624_124051,1558169609000,continue,continue,0.2228214144706726,0.2350001186132431,0.0,0.2087157070636749,0.3334627151489258,True,True,False,True,True
test|Mona_7_20260624_124051|1558502943000,Mona,Mona_7_20260624_124051,1558502943000,continue,continue,0.2217241078615188,0.2291129827499389,0.0,0.2111644297838211,0.3379985094070434,True,True,False,True,True
test|Mona_7_20260624_124051|1558836276000,Mona,Mona_7_20260624_124051,1558836276000,continue,continue,0.2233750224113464,0.2233173102140426,0.0,0.2086124569177627,0.3446952104568481,True,True,False,True,True
test|Mona_7_20260624_124051|1559169609000,Mona,Mona_7_20260624_124051,1559169609000,continue,continue,0.2232927232980728,0.2210842221975326,0.0,0.2055544555187225,0.3500686287879944,True,True,False,True,True
test|Mona_7_20260624_124051|1559502943000,Mona,Mona_7_20260624_124051,1559502943000,continue,continue,0.2233542203903198,0.2197676002979278,0.0,0.2136359810829162,0.343242198228836,True,True,False,True,True
test|Mona_7_20260624_124051|1559836276000,Mona,Mona_7_20260624_124051,1559836276000,continue,continue,0.2241586148738861,0.2212892770767212,0.0,0.2282269746065139,0.3263251483440399,True,True,False,True,True
test|Mona_7_20260624_124051|1560169609000,Mona,Mona_7_20260624_124051,1560169609000,continue,continue,0.2259219735860824,0.220760703086853,0.0,0.2288262546062469,0.3244910538196563,True,True,False,True,True
test|Mona_7_20260624_124051|1560502943000,Mona,Mona_7_20260624_124051,1560502943000,continue,continue,0.2293378412723541,0.2242838889360427,0.0,0.2221991419792175,0.324179083108902,True,True,False,True,True
test|Mona_7_20260624_124051|1560836276000,Mona,Mona_7_20260624_124051,1560836276000,continue,continue,0.2328171730041504,0.2325387299060821,0.0,0.2122679501771927,0.3223761022090912,True,True,False,True,True
test|Mona_7_20260624_124051|1561169609000,Mona,Mona_7_20260624_124051,1561169609000,continue,continue,0.2315156310796737,0.2340973764657974,0.0,0.212106853723526,0.3222801387310028,True,True,False,True,True
test|Mona_7_20260624_124051|1561502943000,Mona,Mona_7_20260624_124051,1561502943000,continue,continue,0.2344910055398941,0.2337874174118042,0.0,0.2149024307727813,0.3168191313743591,True,True,False,True,True
test|Mona_7_20260624_124051|1561836276000,Mona,Mona_7_20260624_124051,1561836276000,continue,continue,0.2390616834163665,0.2327548712491989,0.0,0.2171352505683899,0.3110482096672058,True,True,False,True,True
test|Mona_7_20260624_124051|1562169609000,Mona,Mona_7_20260624_124051,1562169609000,continue,continue,0.2468221783638,0.2346883863210678,0.0,0.221121609210968,0.2973677814006805,True,True,False,True,True
test|Mona_7_20260624_124051|1562502943000,Mona,Mona_7_20260624_124051,1562502943000,continue,continue,0.2504529953002929,0.2330310642719268,0.0,0.2217770367860794,0.2947388887405395,True,True,False,True,True
test|Mona_7_20260624_124051|1562836276000,Mona,Mona_7_20260624_124051,1562836276000,continue,continue,0.2548575103282928,0.2321078777313232,0.0,0.2313856929540634,0.2816489934921264,True,True,False,True,True
test|Mona_7_20260624_124051|1563169609000,Mona,Mona_7_20260624_124051,1563169609000,continue,continue,0.2570060789585113,0.2441204786300659,0.0,0.2297502309083938,0.26912322640419,True,True,False,True,True
test|Mona_7_20260624_124051|1563502943000,Mona,Mona_7_20260624_124051,1563502943000,continue,continue,0.2548773884773254,0.2596015036106109,0.0,0.2283046245574951,0.2572165131568908,True,True,False,True,True
test|Mona_7_20260624_124051|1563836276000,Mona,Mona_7_20260624_124051,1563836276000,continue,continue,0.2508569061756134,0.2730093002319336,0.0,0.2240998744964599,0.2520338892936706,True,True,False,True,True
test|Mona_7_20260624_124051|1564169609000,Mona,Mona_7_20260624_124051,1564169609000,continue,continue,0.2450743913650512,0.2869849503040313,0.0,0.2241903394460678,0.2437503039836883,True,True,False,True,True
test|Mona_7_20260624_124051|1564502943000,Mona,Mona_7_20260624_124051,1564502943000,continue,continue,0.2074764668941497,0.2566226720809936,0.1390786468982696,0.1954898983240127,0.2013323158025741,True,True,True,True,True
test|Mona_7_20260624_124051|1564836276000,Mona,Mona_7_20260624_124051,1564836276000,continue,continue,0.2044918835163116,0.2712090909481048,0.117313228547573,0.2008232474327087,0.2061625123023986,True,True,True,True,True
test|Mona_7_20260624_124051|1565169609000,Mona,Mona_7_20260624_124051,1565169609000,continue,continue,0.2004837840795517,0.2783937156200409,0.1138261780142784,0.2021005153656005,0.2051958739757537,True,True,True,True,True
test|Mona_7_20260624_124051|1565502943000,Mona,Mona_7_20260624_124051,1565502943000,continue,continue,0.1961621344089508,0.2758585810661316,0.1113601624965667,0.2034621834754943,0.2131569236516952,True,True,True,True,True
test|Mona_7_20260624_124051|1565836276000,Mona,Mona_7_20260624_124051,1565836276000,continue,continue,0.1984622180461883,0.2663441002368927,0.1121728867292404,0.2139043360948562,0.2091164588928222,True,True,True,True,True
test|Mona_7_20260624_124051|1566169609000,Mona,Mona_7_20260624_124051,1566169609000,fetch,continue,0.2027195990085601,0.2574516236782074,0.1133872792124748,0.2162331789731979,0.210208311676979,True,True,True,True,True
test|Mona_7_20260624_124051|1566502943000,Mona,Mona_7_20260624_124051,1566502943000,fetch,continue,0.2074320465326309,0.2567311823368072,0.1097533032298088,0.2180189192295074,0.2080645263195037,True,True,True,True,True
test|Mona_7_20260624_124051|1566836276000,Mona,Mona_7_20260624_124051,1566836276000,fetch,continue,0.211759939789772,0.2545327246189117,0.1141559034585952,0.2139424681663513,0.2056089788675308,True,True,True,True,True
test|Mona_7_20260624_124051|1567169609000,Mona,Mona_7_20260624_124051,1567169609000,fetch,continue,0.2218782156705856,0.2378854751586914,0.1216960623860359,0.2127408385276794,0.2057993859052658,True,True,True,True,True
test|Mona_7_20260624_124051|1567502943000,Mona,Mona_7_20260624_124051,1567502943000,fetch,fetch,0.2261059135198593,0.2178891450166702,0.1494749635457992,0.2132596224546432,0.1932702958583831,True,True,True,True,True
test|Mona_7_20260624_124051|1567836276000,Mona,Mona_7_20260624_124051,1567836276000,fetch,fetch,0.2280170023441314,0.2040819823741912,0.1640514880418777,0.2117370069026947,0.192112535238266,True,True,True,True,True
test|Mona_7_20260624_124051|1568169609000,Mona,Mona_7_20260624_124051,1568169609000,fetch,fetch,0.2282660454511642,0.1947730630636215,0.1719632148742675,0.2147650271654129,0.1902326792478561,True,True,True,True,True
test|Mona_7_20260624_124051|1568502943000,Mona,Mona_7_20260624_124051,1568502943000,fetch,fetch,0.2275414764881134,0.188493326306343,0.1778624355792999,0.2205815762281417,0.185521125793457,True,True,True,True,True
test|Mona_7_20260624_124051|1568836276000,Mona,Mona_7_20260624_124051,1568836276000,fetch,fetch,0.2251904159784317,0.1831607222557068,0.1801586002111435,0.2293247282505035,0.1821655333042144,True,True,True,True,True
test|Mona_7_20260624_124051|1569169609000,Mona,Mona_7_20260624_124051,1569169609000,fetch,fetch,0.222554549574852,0.1800197213888168,0.1826734244823455,0.2344329953193664,0.1803193241357803,True,True,True,True,True
test|Mona_7_20260624_124051|1569502943000,Mona,Mona_7_20260624_124051,1569502943000,fetch,fetch,0.2208746820688247,0.1796481162309646,0.1862793117761612,0.2333131730556488,0.1798847168684005,True,True,True,True,True
test|Mona_7_20260624_124051|1569836276000,Mona,Mona_7_20260624_124051,1569836276000,fetch,fetch,0.2218562513589859,0.179387480020523,0.1861242949962616,0.2353172451257705,0.1773146688938141,True,True,True,True,True
test|Mona_7_20260624_124051|1570169609000,Mona,Mona_7_20260624_124051,1570169609000,fetch,fetch,0.2240952849388122,0.1800234615802765,0.1866472512483596,0.2352577149868011,0.1739762872457504,True,True,True,True,True
test|Mona_7_20260624_124051|1570502943000,Mona,Mona_7_20260624_124051,1570502943000,fetch,fetch,0.2247825413942337,0.1795495897531509,0.1853663325309753,0.234181135892868,0.1761204004287719,True,True,True,True,True
test|Mona_7_20260624_124051|1570836276000,Mona,Mona_7_20260624_124051,1570836276000,fetch,fetch,0.2269241213798523,0.1787814348936081,0.1834799647331237,0.2329979836940765,0.1778164356946945,True,True,True,True,True
test|Mona_7_20260624_124051|1571169609000,Mona,Mona_7_20260624_124051,1571169609000,fetch,fetch,0.2301104068756103,0.1778963953256607,0.1808622479438781,0.2331259846687317,0.1780049204826355,True,True,True,True,True
test|Mona_7_20260624_124051|1571502943000,Mona,Mona_7_20260624_124051,1571502943000,fetch,fetch,0.2361819893121719,0.176760658621788,0.1721227020025253,0.2328812032938003,0.1820535212755203,True,True,True,True,True
test|Mona_7_20260624_124051|1571836276000,Mona,Mona_7_20260624_124051,1571836276000,fetch,fetch,0.2403523325920105,0.1774820983409881,0.1608982980251312,0.2325305938720703,0.1887367516756057,True,True,True,True,True
test|Mona_7_20260624_124051|1573836276000,Mona,Mona_7_20260624_124051,1573836276000,handover,handover,0.2505958974361419,0.2382238805294037,0.1257523745298385,0.2068241089582443,0.1786037683486938,True,True,True,True,True
test|Mona_7_20260624_124051|1574169609000,Mona,Mona_7_20260624_124051,1574169609000,handover,handover,0.2490296959877014,0.2478034943342209,0.1230935230851173,0.203436404466629,0.1766369193792343,True,True,True,True,True
test|Mona_7_20260624_124051|1574502943000,Mona,Mona_7_20260624_124051,1574502943000,handover,handover,0.2426470518112182,0.2609812021255493,0.1196251735091209,0.1998688280582428,0.1768777221441269,True,True,True,True,True
test|Mona_7_20260624_124051|1574836276000,Mona,Mona_7_20260624_124051,1574836276000,handover,handover,0.2358359098434448,0.2807038128376007,0.1137195527553558,0.1923343539237976,0.1774063557386398,True,True,True,True,True
test|Mona_7_20260624_124051|1575169609000,Mona,Mona_7_20260624_124051,1575169609000,handover,handover,0.236948624253273,0.2780269086360931,0.1126659363508224,0.1875090450048446,0.1848494559526443,True,True,True,True,True
test|Mona_7_20260624_124051|1575502943000,Mona,Mona_7_20260624_124051,1575502943000,handover,handover,0.2339526563882827,0.2754237353801727,0.1090913489460945,0.184757724404335,0.1967745125293731,True,True,True,True,True
test|Mona_7_20260624_124051|1575836276000,Mona,Mona_7_20260624_124051,1575836276000,handover,handover,0.229734867811203,0.2724711298942566,0.1083641201257705,0.1825405210256576,0.2068893313407898,True,True,True,True,True
test|Mona_7_20260624_124051|1576169609000,Mona,Mona_7_20260624_124051,1576169609000,handover,handover,0.2276662439107895,0.2708743512630462,0.1080888137221336,0.1812762767076492,0.2120943516492843,True,True,True,True,True
test|Mona_7_20260624_124051|1576502943000,Mona,Mona_7_20260624_124051,1576502943000,handover,handover,0.2249235957860946,0.2685568630695343,0.1077108234167099,0.1809671223163604,0.2178416103124618,True,True,True,True,True
test|Mona_7_20260624_124051|1576836276000,Mona,Mona_7_20260624_124051,1576836276000,handover,handover,0.2231008410453796,0.2670166790485382,0.1079490631818771,0.1829866021871566,0.2189467996358871,True,True,True,True,True
test|Mona_7_20260624_124051|1577169609000,Mona,Mona_7_20260624_124051,1577169609000,handover,handover,0.2220253944396972,0.2653873562812805,0.107729434967041,0.1836792230606079,0.2211786359548568,True,True,True,True,True
test|Mona_8_20260624_124414|1738302942000,Mona,Mona_8_20260624_124414,1738302942000,continue,continue,0.2212225347757339,0.2169830203056335,0.1448087096214294,0.2029919773340225,0.2139937579631805,True,True,True,True,True
test|Mona_8_20260624_124414|1738636275000,Mona,Mona_8_20260624_124414,1738636275000,continue,continue,0.2168831676244735,0.2175298780202865,0.1525027155876159,0.2062096297740936,0.206874594092369,True,True,True,True,True
test|Mona_8_20260624_124414|1738969609000,Mona,Mona_8_20260624_124414,1738969609000,continue,continue,0.2124475687742233,0.2171019613742828,0.1604956537485122,0.2053320109844207,0.2046228200197219,True,True,True,True,True
test|Mona_8_20260624_124414|1739302942000,Mona,Mona_8_20260624_124414,1739302942000,continue,continue,0.2174755930900573,0.2163538634777069,0.1604249477386474,0.2036230713129043,0.2021224945783615,True,True,True,True,True
test|Mona_8_20260624_124414|1739636275000,Mona,Mona_8_20260624_124414,1739636275000,continue,continue,0.2134090363979339,0.2066954523324966,0.1592073589563369,0.2048195898532867,0.2158685773611068,True,True,True,True,True
test|Mona_8_20260624_124414|1739969609000,Mona,Mona_8_20260624_124414,1739969609000,continue,continue,0.2075501531362533,0.1987915188074112,0.1566595733165741,0.2082152068614959,0.2287835776805877,True,True,True,True,True
test|Mona_8_20260624_124414|1740302942000,Mona,Mona_8_20260624_124414,1740302942000,continue,continue,0.2026824355125427,0.1907136440277099,0.1572886854410171,0.2033233940601349,0.2459918409585952,True,True,True,True,True
test|Mona_8_20260624_124414|1740636275000,Mona,Mona_8_20260624_124414,1740636275000,continue,continue,0.1975025236606598,0.1848148107528686,0.1495599001646042,0.2005829215049743,0.2675398886203766,True,True,True,True,True
test|Mona_8_20260624_124414|1740969609000,Mona,Mona_8_20260624_124414,1740969609000,continue,continue,0.1932160705327987,0.1826314628124237,0.1395714432001114,0.2038268744945526,0.2807541489601135,True,True,True,True,True
test|Mona_8_20260624_124414|1741302942000,Mona,Mona_8_20260624_124414,1741302942000,continue,continue,0.1884575486183166,0.1825787276029586,0.1340503692626953,0.203060507774353,0.2918528318405151,True,True,True,True,True
test|Mona_8_20260624_124414|1741636275000,Mona,Mona_8_20260624_124414,1741636275000,continue,continue,0.1897936761379242,0.1875524669885635,0.1286550313234329,0.2017630189657211,0.2922357320785522,True,True,True,True,True
test|Mona_8_20260624_124414|1741969609000,Mona,Mona_8_20260624_124414,1741969609000,continue,continue,0.1931694597005844,0.1944737136363983,0.1250549703836441,0.1936235278844833,0.293678343296051,True,True,True,True,True
test|Mona_8_20260624_124414|1742302942000,Mona,Mona_8_20260624_124414,1742302942000,continue,continue,0.1989463716745376,0.207692801952362,0.1147880181670188,0.1818104088306427,0.2967624068260193,True,True,True,True,True
test|Mona_8_20260624_124414|1742636275000,Mona,Mona_8_20260624_124414,1742636275000,continue,continue,0.2043635249137878,0.2166458070278167,0.1100608706474304,0.1785289049148559,0.290400892496109,True,True,True,True,True
test|Mona_8_20260624_124414|1742969609000,Mona,Mona_8_20260624_124414,1742969609000,continue,continue,0.2089820504188537,0.2221713960170745,0.107724480330944,0.180129200220108,0.2809928357601166,True,True,True,True,True
test|Mona_8_20260624_124414|1743302942000,Mona,Mona_8_20260624_124414,1743302942000,continue,continue,0.2075736969709396,0.2201833873987198,0.1045368388295173,0.1856492459774017,0.2820568382740021,True,True,True,True,True
test|Mona_8_20260624_124414|1743636275000,Mona,Mona_8_20260624_124414,1743636275000,continue,continue,0.2065394669771194,0.2181993275880813,0.1084590479731559,0.1870854049921035,0.279716819524765,True,True,True,True,True
test|Mona_8_20260624_124414|1743969609000,Mona,Mona_8_20260624_124414,1743969609000,continue,continue,0.2108561545610427,0.2179623991250991,0.1143554672598838,0.1939844489097595,0.262841522693634,True,True,True,True,True
test|Mona_8_20260624_124414|1744302942000,Mona,Mona_8_20260624_124414,1744302942000,continue,continue,0.2164858132600784,0.2150717824697494,0.1276886463165283,0.2013943642377853,0.2393593192100525,True,True,True,True,True
test|Mona_8_20260624_124414|1744636275000,Mona,Mona_8_20260624_124414,1744636275000,continue,continue,0.2193989604711532,0.2136546224355697,0.1418921947479248,0.2040121406316757,0.2210421562194824,True,True,True,True,True
test|Mona_8_20260624_124414|1744969609000,Mona,Mona_8_20260624_124414,1744969609000,continue,continue,0.2226873636245727,0.213063895702362,0.153545007109642,0.2037826776504516,0.2069209665060043,True,True,True,True,True
test|Mona_8_20260624_124414|1745302942000,Mona,Mona_8_20260624_124414,1745302942000,continue,continue,0.2272891998291015,0.2197329998016357,0.1587563455104828,0.2063503116369247,0.1878711134195327,True,True,True,True,True
test|Mona_8_20260624_124414|1745636275000,Mona,Mona_8_20260624_124414,1745636275000,continue,continue,0.2286006808280944,0.2197839021682739,0.1501124650239944,0.2136063128709793,0.187896654009819,True,True,True,True,True
test|Mona_8_20260624_124414|1745969609000,Mona,Mona_8_20260624_124414,1745969609000,continue,continue,0.2289691716432571,0.2218554317951202,0.1432258933782577,0.2095870524644851,0.1963624805212021,True,True,True,True,True
test|Mona_8_20260624_124414|1746302942000,Mona,Mona_8_20260624_124414,1746302942000,continue,continue,0.2205331921577453,0.22320257127285,0.1317242681980133,0.2071813344955444,0.217358648777008,True,True,True,True,True
test|Mona_8_20260624_124414|1746636275000,Mona,Mona_8_20260624_124414,1746636275000,continue,continue,0.214810237288475,0.2244284451007843,0.1211161240935325,0.1961446553468704,0.2435005605220794,True,True,True,True,True
test|Mona_8_20260624_124414|1746969609000,Mona,Mona_8_20260624_124414,1746969609000,continue,continue,0.2095643728971481,0.2236041724681854,0.1158505082130432,0.184161975979805,0.2668190002441406,True,True,True,True,True
test|Mona_8_20260624_124414|1747302942000,Mona,Mona_8_20260624_124414,1747302942000,continue,continue,0.2032957077026367,0.2229830920696258,0.1114965006709098,0.1749195605516433,0.2873050570487976,True,True,True,True,True
test|Mona_8_20260624_124414|1747636275000,Mona,Mona_8_20260624_124414,1747636275000,continue,continue,0.203584223985672,0.2255023568868637,0.1115617156028747,0.1712675243616104,0.2880841791629791,True,True,True,True,True
test|Mona_8_20260624_124414|1747969609000,Mona,Mona_8_20260624_124414,1747969609000,continue,continue,0.2021582424640655,0.2190833687782287,0.1089215949177742,0.1772599518299102,0.2925768494606018,True,True,True,True,True
test|Mona_8_20260624_124414|1748302942000,Mona,Mona_8_20260624_124414,1748302942000,continue,continue,0.203094869852066,0.2180986106395721,0.1071430444717407,0.1799850016832351,0.2916784882545471,True,True,True,True,True
test|Mona_8_20260624_124414|1748636275000,Mona,Mona_8_20260624_124414,1748636275000,continue,continue,0.205328032374382,0.2214121371507644,0.1077575385570526,0.1834601908922195,0.2820420861244201,True,True,True,True,True
test|Mona_8_20260624_124414|1748969609000,Mona,Mona_8_20260624_124414,1748969609000,continue,continue,0.2071082144975662,0.2241225093603134,0.1044260486960411,0.1939754337072372,0.270367830991745,True,True,True,True,True
test|Mona_8_20260624_124414|1749302942000,Mona,Mona_8_20260624_124414,1749302942000,continue,continue,0.2066901922225952,0.2200288623571396,0.1023466810584068,0.21015065908432,0.2607836425304413,True,True,True,True,True
test|Mona_8_20260624_124414|1749636275000,Mona,Mona_8_20260624_124414,1749636275000,continue,continue,0.2061198055744171,0.2147025763988495,0.1030521467328071,0.2209747582674026,0.255150705575943,True,True,True,True,True
test|Mona_8_20260624_124414|1749969609000,Mona,Mona_8_20260624_124414,1749969609000,continue,continue,0.2105658501386642,0.2159504294395446,0.1067716032266616,0.2207677811384201,0.2459443807601928,True,True,True,True,True
test|Mona_8_20260624_124414|1750302942000,Mona,Mona_8_20260624_124414,1750302942000,continue,continue,0.2130986750125885,0.2215520292520523,0.1125039607286453,0.2209856063127517,0.231859803199768,True,True,True,True,True
test|Mona_8_20260624_124414|1750636275000,Mona,Mona_8_20260624_124414,1750636275000,continue,continue,0.2155123651027679,0.2278475910425186,0.1168207377195358,0.216461181640625,0.2233580946922302,True,True,True,True,True
test|Mona_8_20260624_124414|1750969609000,Mona,Mona_8_20260624_124414,1750969609000,continue,continue,0.2121550291776657,0.2305589765310287,0.1217416152358055,0.2112083435058593,0.2243359684944152,True,True,True,True,True
test|Mona_8_20260624_124414|1751302942000,Mona,Mona_8_20260624_124414,1751302942000,continue,continue,0.2098587751388549,0.2389724850654602,0.1268741935491562,0.1936451643705368,0.2306493669748306,True,True,True,True,True
test|Mona_8_20260624_124414|1751636275000,Mona,Mona_8_20260624_124414,1751636275000,continue,continue,0.2077624499797821,0.2446699142456054,0.1288191676139831,0.1821109056472778,0.2366375178098678,True,True,True,True,True
test|Mona_8_20260624_124414|1751969609000,Mona,Mona_8_20260624_124414,1751969609000,continue,continue,0.209218829870224,0.2446685582399368,0.1243504807353019,0.1755378097295761,0.2462242543697357,True,True,True,True,True
test|Mona_8_20260624_124414|1752302942000,Mona,Mona_8_20260624_124414,1752302942000,continue,continue,0.2128055691719055,0.2368997186422348,0.1239107176661491,0.1752834469079971,0.2511005103588104,True,True,True,True,True
test|Mona_8_20260624_124414|1752636275000,Mona,Mona_8_20260624_124414,1752636275000,continue,continue,0.211999773979187,0.2311848402023315,0.1163695454597473,0.1810248345136642,0.2594209909439087,True,True,True,True,True
test|Mona_8_20260624_124414|1752969609000,Mona,Mona_8_20260624_124414,1752969609000,continue,continue,0.2091706693172454,0.2304414361715316,0.11349818110466,0.1817651987075805,0.2651245594024658,True,True,True,True,True
test|Mona_8_20260624_124414|1753302942000,Mona,Mona_8_20260624_124414,1753302942000,continue,continue,0.2069973051548004,0.2249048948287964,0.1121599599719047,0.1902060210704803,0.2657318115234375,True,True,True,True,True
test|Mona_8_20260624_124414|1753636275000,Mona,Mona_8_20260624_124414,1753636275000,continue,continue,0.2081768065690994,0.2199155688285827,0.1117854788899421,0.194431871175766,0.2656902372837066,True,True,True,True,True
test|Mona_8_20260624_124414|1753969609000,Mona,Mona_8_20260624_124414,1753969609000,continue,continue,0.2065383195877075,0.220751866698265,0.1138006225228309,0.2006380259990692,0.2582711577415466,True,True,True,True,True
test|Mona_8_20260624_124414|1754302942000,Mona,Mona_8_20260624_124414,1754302942000,continue,continue,0.2038677930831909,0.2275696694850921,0.1100361719727516,0.1987591534852981,0.2597671747207641,True,True,True,True,True
test|Mona_8_20260624_124414|1754636275000,Mona,Mona_8_20260624_124414,1754636275000,continue,continue,0.2034502923488617,0.2357278913259506,0.1113263815641403,0.1958478838205337,0.2536475360393524,True,True,True,True,True
test|Mona_8_20260624_124414|1754969609000,Mona,Mona_8_20260624_124414,1754969609000,continue,continue,0.2069092839956283,0.2403172701597213,0.1133783087134361,0.1936392784118652,0.2457558959722519,True,True,True,True,True
test|Mona_8_20260624_124414|1755302942000,Mona,Mona_8_20260624_124414,1755302942000,continue,continue,0.2105051428079605,0.2449054718017578,0.1128169223666191,0.1949670761823654,0.2368054687976837,True,True,True,True,True
test|Mona_8_20260624_124414|1755636275000,Mona,Mona_8_20260624_124414,1755636275000,continue,continue,0.2101637721061706,0.2432372868061065,0.1129807829856872,0.2053376138210296,0.2282805889844894,True,True,True,True,True
test|Mona_8_20260624_124414|1755969609000,Mona,Mona_8_20260624_124414,1755969609000,continue,continue,0.2091129422187805,0.2376421391963958,0.115245796740055,0.2091679722070694,0.2288310974836349,True,True,True,True,True
test|Mona_8_20260624_124414|1756302942000,Mona,Mona_8_20260624_124414,1756302942000,continue,continue,0.2084612995386123,0.2306854724884033,0.1186306029558181,0.2088233083486557,0.2333993017673492,True,True,True,True,True
test|Mona_8_20260624_124414|1756636275000,Mona,Mona_8_20260624_124414,1756636275000,continue,continue,0.2084456533193588,0.2247896194458007,0.1224304586648941,0.2044115215539932,0.2399227768182754,True,True,True,True,True
test|Mona_8_20260624_124414|1756969609000,Mona,Mona_8_20260624_124414,1756969609000,continue,continue,0.2069662660360336,0.2215258926153183,0.1218380853533744,0.2031236141920089,0.2465461045503616,True,True,True,True,True
test|Mona_8_20260624_124414|1757302942000,Mona,Mona_8_20260624_124414,1757302942000,continue,continue,0.2056678682565689,0.2230961173772812,0.1225961148738861,0.2006151378154754,0.2480248212814331,True,True,True,True,True
test|Mona_8_20260624_124414|1757636275000,Mona,Mona_8_20260624_124414,1757636275000,continue,continue,0.203710451722145,0.2268017828464508,0.1203548088669776,0.1983404606580734,0.2507925033569336,True,True,True,True,True
test|Mona_8_20260624_124414|1757969609000,Mona,Mona_8_20260624_124414,1757969609000,continue,continue,0.2027729451656341,0.2290842235088348,0.118926890194416,0.2006372511386871,0.2485786229372024,True,True,True,True,True
test|Mona_8_20260624_124414|1758302942000,Mona,Mona_8_20260624_124414,1758302942000,continue,continue,0.2052734643220901,0.2323957234621048,0.1200271770358085,0.2044266313314438,0.2378770112991333,True,True,True,True,True
test|Mona_8_20260624_124414|1758636275000,Mona,Mona_8_20260624_124414,1758636275000,continue,continue,0.2084705531597137,0.2364492416381836,0.1240399703383445,0.2095713019371032,0.2214688807725906,True,True,True,True,True
test|Mona_8_20260624_124414|1758969609000,Mona,Mona_8_20260624_124414,1758969609000,continue,continue,0.2111045122146606,0.240300565958023,0.1316632479429245,0.2098537385463714,0.2070778906345367,True,True,True,True,True
test|Mona_8_20260624_124414|1759302942000,Mona,Mona_8_20260624_124414,1759302942000,continue,continue,0.2123264074325561,0.240948811173439,0.1364871263504028,0.2113362848758697,0.1989013850688934,True,True,True,True,True
test|Mona_8_20260624_124414|1759636275000,Mona,Mona_8_20260624_124414,1759636275000,continue,continue,0.2150155752897262,0.2332597970962524,0.1409491747617721,0.2131213098764419,0.1976541131734848,True,True,True,True,True
test|Mona_8_20260624_124414|1759969609000,Mona,Mona_8_20260624_124414,1759969609000,continue,continue,0.215873897075653,0.2258712202310562,0.1421283036470413,0.2079434692859649,0.208183079957962,True,True,True,True,True
test|Mona_8_20260624_124414|1760302942000,Mona,Mona_8_20260624_124414,1760302942000,continue,continue,0.215233638882637,0.2228730022907257,0.1378607749938964,0.1999222934246063,0.2241102457046508,True,True,True,True,True
test|Mona_8_20260624_124414|1760636275000,Mona,Mona_8_20260624_124414,1760636275000,continue,continue,0.2083792090415954,0.2148229330778122,0.1309275031089782,0.1943917125463485,0.2514786422252655,True,True,True,True,True
test|Mona_8_20260624_124414|1760969609000,Mona,Mona_8_20260624_124414,1760969609000,continue,continue,0.2045625001192093,0.2099156230688095,0.1223704293370246,0.1914064139127731,0.2717450559139251,True,True,True,True,True
test|Mona_8_20260624_124414|1761302942000,Mona,Mona_8_20260624_124414,1761302942000,continue,continue,0.2024310231208801,0.2102706730365753,0.1153176054358482,0.1871562451124191,0.2848244905471802,True,True,True,True,True
test|Mona_8_20260624_124414|1761636275000,Mona,Mona_8_20260624_124414,1761636275000,continue,continue,0.1992603838443756,0.2140091359615326,0.1066094115376472,0.1814646869897842,0.2986564040184021,True,True,True,True,True
test|Mona_8_20260624_124414|1761969609000,Mona,Mona_8_20260624_124414,1761969609000,continue,continue,0.1964906752109527,0.2199292629957199,0.1003805473446846,0.1830704808235168,0.30012908577919,True,True,True,True,True
test|Mona_8_20260624_124414|1762302942000,Mona,Mona_8_20260624_124414,1762302942000,continue,continue,0.1948064267635345,0.222659483551979,0.1037430539727211,0.1888017654418945,0.2899892628192901,True,True,True,True,True
test|Mona_8_20260624_124414|1762636275000,Mona,Mona_8_20260624_124414,1762636275000,continue,continue,0.1979573220014572,0.2337626814842224,0.1062376722693443,0.1900470107793808,0.2719953060150146,True,True,True,True,True
test|Mona_8_20260624_124414|1762969609000,Mona,Mona_8_20260624_124414,1762969609000,continue,continue,0.2024963051080703,0.241753414273262,0.1090057119727134,0.1887660026550293,0.2579785883426666,True,True,True,True,True
test|Mona_8_20260624_124414|1763302942000,Mona,Mona_8_20260624_124414,1763302942000,continue,continue,0.2078316956758499,0.2467000782489776,0.1124486997723579,0.1863224655389785,0.2466970980167389,True,True,True,True,True
test|Mona_8_20260624_124414|1763636275000,Mona,Mona_8_20260624_124414,1763636275000,continue,continue,0.2127872705459594,0.2381362617015838,0.1203258484601974,0.1841728240251541,0.244577869772911,True,True,True,True,True
test|Mona_8_20260624_124414|1763969609000,Mona,Mona_8_20260624_124414,1763969609000,continue,continue,0.2190777957439422,0.225835308432579,0.1300033330917358,0.1846521198749542,0.2404315322637558,True,True,True,True,True
test|Mona_8_20260624_124414|1764302942000,Mona,Mona_8_20260624_124414,1764302942000,continue,continue,0.2220600098371505,0.2216455340385437,0.1305857598781585,0.1845409572124481,0.2411677092313766,True,True,True,True,True
test|Mona_8_20260624_124414|1764636275000,Mona,Mona_8_20260624_124414,1764636275000,continue,continue,0.2215331196784973,0.2160962074995041,0.1286417841911316,0.1861362010240554,0.2475926429033279,True,True,True,True,True
test|Mona_8_20260624_124414|1764969609000,Mona,Mona_8_20260624_124414,1764969609000,continue,continue,0.2121323496103286,0.2226149886846542,0.1221822649240493,0.1860572844743728,0.2570131421089172,True,True,True,True,True
test|Mona_8_20260624_124414|1765302942000,Mona,Mona_8_20260624_124414,1765302942000,continue,continue,0.2057711631059646,0.2251728773117065,0.1190331652760505,0.181774690747261,0.2682480216026306,True,True,True,True,True
test|Mona_8_20260624_124414|1765636275000,Mona,Mona_8_20260624_124414,1765636275000,continue,continue,0.2045399844646453,0.2401228547096252,0.1189200207591056,0.1793259680271148,0.257091224193573,True,True,True,True,True
test|Mona_8_20260624_124414|1765969609000,Mona,Mona_8_20260624_124414,1765969609000,continue,continue,0.1997222900390625,0.2542822659015655,0.1153252944350242,0.1747669428586959,0.2559032142162323,True,True,True,True,True
test|Mona_8_20260624_124414|1766302942000,Mona,Mona_8_20260624_124414,1766302942000,continue,continue,0.1970753371715545,0.2604082524776459,0.115289956331253,0.1703719794750213,0.2568544745445251,True,True,True,True,True
test|Mona_8_20260624_124414|1766636275000,Mona,Mona_8_20260624_124414,1766636275000,continue,continue,0.1956857442855835,0.2666863799095154,0.117445133626461,0.1692965477705001,0.2508862316608429,True,True,True,True,True
test|Mona_8_20260624_124414|1766969609000,Mona,Mona_8_20260624_124414,1766969609000,continue,continue,0.1926276087760925,0.2724947929382324,0.1204819679260253,0.1717543303966522,0.2426413595676422,True,True,True,True,True
test|Mona_8_20260624_124414|1767302942000,Mona,Mona_8_20260624_124414,1767302942000,continue,continue,0.1865505129098892,0.2862938940525055,0.1188235506415367,0.1788567900657653,0.2294752448797226,True,True,True,True,True
test|Mona_8_20260624_124414|1767636275000,Mona,Mona_8_20260624_124414,1767636275000,continue,continue,0.1879568099975586,0.2792767286300659,0.1190700158476829,0.1955101042985916,0.2181863188743591,True,True,True,True,True
test|Mona_8_20260624_124414|1767969609000,Mona,Mona_8_20260624_124414,1767969609000,continue,fetch,0.1902915090322494,0.2721090018749237,0.1233990564942359,0.206574410200119,0.2076260149478912,True,True,True,True,True
test|Mona_8_20260624_124414|1768302942000,Mona,Mona_8_20260624_124414,1768302942000,continue,fetch,0.1960228979587555,0.2679640054702759,0.1266969889402389,0.2067266702651977,0.2025894969701767,True,True,True,True,True
test|Mona_8_20260624_124414|1768636275000,Mona,Mona_8_20260624_124414,1768636275000,continue,fetch,0.2025579661130905,0.2633960545063019,0.129738762974739,0.2004126161336898,0.2038946002721786,True,True,True,True,True
test|Mona_8_20260624_124414|1768969609000,Mona,Mona_8_20260624_124414,1768969609000,continue,fetch,0.2144203186035156,0.2443199455738067,0.1328862905502319,0.1953904628753662,0.212982952594757,True,True,True,True,True
test|Mona_8_20260624_124414|1769302942000,Mona,Mona_8_20260624_124414,1769302942000,continue,handover,0.2219385951757431,0.2258296310901641,0.1329873502254486,0.193903848528862,0.2253406047821045,True,True,True,True,True
test|Mona_8_20260624_124414|1769636275000,Mona,Mona_8_20260624_124414,1769636275000,continue,continue,0.2186670452356338,0.2163687795400619,0.1246917769312858,0.1910272687673568,0.2492451518774032,True,True,True,True,True
test|Mona_8_20260624_124414|1769969609000,Mona,Mona_8_20260624_124414,1769969609000,continue,continue,0.2115203291177749,0.2091621309518814,0.1152070388197898,0.1907140612602234,0.2733964025974273,True,True,True,True,True
test|Mona_8_20260624_124414|1770302942000,Mona,Mona_8_20260624_124414,1770302942000,continue,continue,0.0,0.2574012577533722,0.1377448141574859,0.2412843406200409,0.3635696768760681,False,True,True,True,True
test|Mona_8_20260624_124414|1770636275000,Mona,Mona_8_20260624_124414,1770636275000,continue,continue,0.0,0.2526774108409881,0.1322081983089447,0.245743989944458,0.3693704307079315,False,True,True,True,True
test|Mona_8_20260624_124414|1770969609000,Mona,Mona_8_20260624_124414,1770969609000,continue,continue,0.2039826065301895,0.2056556642055511,0.1029358655214309,0.1921727657318115,0.2952531278133392,True,True,True,True,True
test|Mona_8_20260624_124414|1771302942000,Mona,Mona_8_20260624_124414,1771302942000,continue,continue,0.2051106840372085,0.2073700875043869,0.1067484691739082,0.1934426724910736,0.2873280942440033,True,True,True,True,True
test|Mona_8_20260624_124414|1771636275000,Mona,Mona_8_20260624_124414,1771636275000,continue,continue,0.2027938067913055,0.2081303596496582,0.1161588877439498,0.1994198858737945,0.2734970152378082,True,True,True,True,True
test|Mona_8_20260624_124414|1771969609000,Mona,Mona_8_20260624_124414,1771969609000,continue,continue,0.2053642570972442,0.2107497006654739,0.1229545995593071,0.2028281241655349,0.2581033408641815,True,True,True,True,True
test|Mona_8_20260624_124414|1772302942000,Mona,Mona_8_20260624_124414,1772302942000,continue,continue,0.206937238574028,0.2139207571744918,0.1291786283254623,0.2067031413316726,0.2432601451873779,True,True,True,True,True
test|Mona_8_20260624_124414|1772636275000,Mona,Mona_8_20260624_124414,1772636275000,continue,continue,0.2078864872455597,0.2173478007316589,0.1337288916110992,0.2126233279705047,0.2284134477376938,True,True,True,True,True
test|Mona_8_20260624_124414|1772969609000,Mona,Mona_8_20260624_124414,1772969609000,continue,continue,0.2057144790887832,0.2207246124744415,0.1381332278251648,0.219537541270256,0.2158901542425155,True,True,True,True,True
test|Mona_8_20260624_124414|1773302942000,Mona,Mona_8_20260624_124414,1773302942000,continue,continue,0.2075100541114807,0.2316524088382721,0.1360319107770919,0.212934985756874,0.2118706256151199,True,True,True,True,True
test|Mona_8_20260624_124414|1773636275000,Mona,Mona_8_20260624_124414,1773636275000,continue,continue,0.202920600771904,0.2534046769142151,0.1319874972105026,0.203331172466278,0.208356037735939,True,True,True,True,True
test|Mona_8_20260624_124414|1773969609000,Mona,Mona_8_20260624_124414,1773969609000,continue,continue,0.2003477215766906,0.2642134726047516,0.1276447027921676,0.2077325284481048,0.2000615894794464,True,True,True,True,True
test|Mona_8_20260624_124414|1774302942000,Mona,Mona_8_20260624_124414,1774302942000,continue,continue,0.1984258890151977,0.2639572620391845,0.1255293935537338,0.2082364559173584,0.2038510590791702,True,True,True,True,True
test|Mona_8_20260624_124414|1774636275000,Mona,Mona_8_20260624_124414,1774636275000,continue,continue,0.1989511996507644,0.2671963572502136,0.1209388077259063,0.2039600610733032,0.2089535295963287,True,True,True,True,True
test|Mona_8_20260624_124414|1774969609000,Mona,Mona_8_20260624_124414,1774969609000,continue,continue,0.1993359178304672,0.2606605887413025,0.1181631162762641,0.2081805765628814,0.2136597782373428,True,True,True,True,True
test|Mona_8_20260624_124414|1775302942000,Mona,Mona_8_20260624_124414,1775302942000,continue,continue,0.1984883546829223,0.2510856986045837,0.1214584633708,0.2177635133266449,0.2112039476633072,True,True,True,True,True
test|Mona_8_20260624_124414|1775636275000,Mona,Mona_8_20260624_124414,1775636275000,continue,continue,0.2041720896959304,0.2350698560476303,0.1295488029718399,0.2182651758193969,0.2129440754652023,True,True,True,True,True
test|Mona_8_20260624_124414|1775969609000,Mona,Mona_8_20260624_124414,1775969609000,continue,continue,0.2066064625978469,0.2297940850257873,0.140245035290718,0.2063178122043609,0.2170365750789642,True,True,True,True,True
test|Mona_8_20260624_124414|1776302942000,Mona,Mona_8_20260624_124414,1776302942000,continue,continue,0.2111531049013137,0.2298398911952972,0.146866425871849,0.2022974044084549,0.2098431438207626,True,True,True,True,True
test|Mona_8_20260624_124414|1776636275000,Mona,Mona_8_20260624_124414,1776636275000,continue,continue,0.2123626619577407,0.2339282184839248,0.1471263617277145,0.1994478851556778,0.2071349471807479,True,True,True,True,True
test|Mona_8_20260624_124414|1776969609000,Mona,Mona_8_20260624_124414,1776969609000,continue,continue,0.2130623608827591,0.2352765947580337,0.1479598432779312,0.1997417956590652,0.203959435224533,True,True,True,True,True
test|Mona_8_20260624_124414|1777302942000,Mona,Mona_8_20260624_124414,1777302942000,continue,continue,0.2179433852434158,0.2455882728099823,0.1456280350685119,0.1927073150873184,0.1981329619884491,True,True,True,True,True
test|Mona_8_20260624_124414|1777636275000,Mona,Mona_8_20260624_124414,1777636275000,continue,continue,0.2197366207838058,0.2584689855575561,0.1404211372137069,0.186574175953865,0.1947990953922271,True,True,True,True,True
test|Mona_8_20260624_124414|1777969609000,Mona,Mona_8_20260624_124414,1777969609000,continue,continue,0.2194631546735763,0.2713832855224609,0.1318796277046203,0.1835547238588333,0.1937192529439926,True,True,True,True,True
test|Mona_8_20260624_124414|1778302942000,Mona,Mona_8_20260624_124414,1778302942000,continue,handover,0.2288255393505096,0.2840487658977508,0.1217685416340828,0.1762065589427948,0.1891505718231201,True,True,True,True,True
test|Mona_8_20260624_124414|1778636275000,Mona,Mona_8_20260624_124414,1778636275000,continue,handover,0.238997220993042,0.2886096537113189,0.1202878579497337,0.1732038259506225,0.1789014935493469,True,True,True,True,True
test|Mona_8_20260624_124414|1778969609000,Mona,Mona_8_20260624_124414,1778969609000,fetch,handover,0.22017502784729,0.3173196613788605,0.1194002255797386,0.1670612543821334,0.1760438531637191,True,True,True,True,True
test|Mona_8_20260624_124414|1779302942000,Mona,Mona_8_20260624_124414,1779302942000,fetch,handover,0.209077313542366,0.3253258466720581,0.1176008358597755,0.1737963557243347,0.1741996854543686,True,True,True,True,True
test|Mona_8_20260624_124414|1779636275000,Mona,Mona_8_20260624_124414,1779636275000,fetch,handover,0.2249522358179092,0.2980697154998779,0.1116618439555168,0.1861747503280639,0.1791414022445678,True,True,True,True,True
test|Mona_8_20260624_124414|1779969609000,Mona,Mona_8_20260624_124414,1779969609000,fetch,fetch,0.2697548866271972,0.2250306904315948,0.1158593967556953,0.1974755078554153,0.1918796002864837,True,True,True,True,True
test|Mona_8_20260624_124414|1780302942000,Mona,Mona_8_20260624_124414,1780302942000,fetch,fetch,0.2794837355613708,0.2190903127193451,0.1144227609038353,0.1939997971057891,0.1930034607648849,True,True,True,True,True
test|Mona_8_20260624_124414|1780636275000,Mona,Mona_8_20260624_124414,1780636275000,fetch,fetch,0.2689144611358642,0.2449207752943039,0.1081924512982368,0.1840189099311828,0.1939533352851867,True,True,True,True,True
test|Mona_8_20260624_124414|1780969609000,Mona,Mona_8_20260624_124414,1780969609000,fetch,continue,0.259503960609436,0.2599376142024994,0.1007402390241622,0.1832721084356308,0.1965460181236267,True,True,True,True,True
test|Mona_8_20260624_124414|1781302942000,Mona,Mona_8_20260624_124414,1781302942000,fetch,continue,0.254594624042511,0.2714528739452362,0.091614082455635,0.180432990193367,0.2019054293632507,True,True,True,True,True
test|Mona_8_20260624_124414|1781636275000,Mona,Mona_8_20260624_124414,1781636275000,fetch,continue,0.2496493756771087,0.2810293436050415,0.0852755829691886,0.1785656958818435,0.2054800242185592,True,True,True,True,True
test|Mona_8_20260624_124414|1781969609000,Mona,Mona_8_20260624_124414,1781969609000,fetch,continue,0.2295590937137603,0.314652681350708,0.0762798115611076,0.1793603003025055,0.2001481056213379,True,True,True,True,True
test|Mona_8_20260624_124414|1782302942000,Mona,Mona_8_20260624_124414,1782302942000,fetch,continue,0.2348527759313583,0.3583824038505554,0.0,0.1892168521881103,0.2175479233264923,True,True,False,True,True
test|Mona_8_20260624_124414|1782636275000,Mona,Mona_8_20260624_124414,1782636275000,fetch,continue,0.2322600185871124,0.3567499816417694,0.0,0.1880676448345184,0.2229223549365997,True,True,False,True,True
test|Mona_8_20260624_124414|1782969609000,Mona,Mona_8_20260624_124414,1782969609000,fetch,continue,0.2330330461263656,0.3580346703529358,0.0,0.1929396539926529,0.2159926444292068,True,True,False,True,True
test|Mona_8_20260624_124414|1783302942000,Mona,Mona_8_20260624_124414,1783302942000,fetch,continue,0.2322530448436737,0.3542893528938293,0.0,0.197925716638565,0.215531900525093,True,True,False,True,True
test|Mona_8_20260624_124414|1784636275000,Mona,Mona_8_20260624_124414,1784636275000,handover,continue,0.2670451402664184,0.2490687668323516,0.0,0.2390799820423126,0.2448060810565948,True,True,False,True,True
test|Mona_8_20260624_124414|1784969609000,Mona,Mona_8_20260624_124414,1784969609000,handover,continue,0.2770906984806061,0.2374872118234634,0.0,0.2437741160392761,0.2416480183601379,True,True,False,True,True
test|Mona_8_20260624_124414|1785302942000,Mona,Mona_8_20260624_124414,1785302942000,handover,handover,0.2510989308357239,0.218122586607933,0.0980395749211311,0.221958190202713,0.2107807099819183,True,True,True,True,True
test|Mona_8_20260624_124414|1785636275000,Mona,Mona_8_20260624_124414,1785636275000,handover,handover,0.2572706043720245,0.2141030132770538,0.1047181785106659,0.2265813648700714,0.1973268240690231,True,True,True,True,True
test|Mona_8_20260624_124414|1785969609000,Mona,Mona_8_20260624_124414,1785969609000,handover,handover,0.2639057636260986,0.213408961892128,0.1106933802366256,0.231553241610527,0.1804386228322982,True,True,True,True,True
test|Mona_8_20260624_124414|1786302942000,Mona,Mona_8_20260624_124414,1786302942000,handover,handover,0.2679915428161621,0.2274238318204879,0.1117347478866577,0.2287960797548294,0.164053812623024,True,True,True,True,True
test|Mona_8_20260624_124414|1786636275000,Mona,Mona_8_20260624_124414,1786636275000,handover,handover,0.2662641108036041,0.2446186393499374,0.1107151210308075,0.2224811613559723,0.1559209823608398,True,True,True,True,True
test|Mona_8_20260624_124414|1786969609000,Mona,Mona_8_20260624_124414,1786969609000,handover,handover,0.2596725821495056,0.2646747827529907,0.1078664436936378,0.2142468392848968,0.1535393893718719,True,True,True,True,True
test|Mona_8_20260624_124414|1787302942000,Mona,Mona_8_20260624_124414,1787302942000,handover,handover,0.2590195536613464,0.2671146094799042,0.1148702278733253,0.2051768153905868,0.153818741440773,True,True,True,True,True
test|Mona_8_20260624_124414|1787636275000,Mona,Mona_8_20260624_124414,1787636275000,handover,handover,0.2516486644744873,0.2770558595657348,0.1120164170861244,0.199903056025505,0.1593759953975677,True,True,True,True,True
test|Mona_8_20260624_124414|1787969609000,Mona,Mona_8_20260624_124414,1787969609000,handover,handover,0.2440819442272186,0.2868965268135071,0.1067504286766052,0.1946936249732971,0.1675775051116943,True,True,True,True,True
test|Mona_8_20260624_124414|1788302942000,Mona,Mona_8_20260624_124414,1788302942000,handover,handover,0.2671756446361542,0.3157218992710113,0.0,0.217329517006874,0.1997728794813156,True,True,False,True,True
test|Mona_8_20260624_124414|1788636275000,Mona,Mona_8_20260624_124414,1788636275000,handover,handover,0.259111613035202,0.3151884377002716,0.0,0.217905506491661,0.2077944427728653,True,True,False,True,True
