level,group,domain,method,samples,denominator,coverage,accuracy,macro_f1,macro_f1_supported,position_mean_cm,position_median_cm,position_rmse_cm,orientation_mean_deg,orientation_median_deg,position_mean_difference_cm,position_median_difference_cm,orientation_mean_difference_deg,learned_win_fraction,estimate,ci_lower,ci_upper,status,metric_contributing_clusters,valid_replicate_fraction
window,all,classification,intention,2199,2199.0,1.0,0.8863119599818099,0.8337875080095917,0.8337875080095917,,,,,,,,,,,,,,,
window,all,classification,assistance,2199,2199.0,1.0,0.9154160982264665,0.9039079239183552,0.9039079239183552,,,,,,,,,,,,,,,
window,all,classification,assistance_type_given_ground_truth_assistance,647,647.0,1.0,0.9010819165378671,0.9010419653952777,0.9010419653952777,,,,,,,,,,,,,,,
window,all,classification,receiving_hand_given_ground_truth_handover,304,304.0,1.0,0.9177631578947368,0.8990100325559764,0.8990100325559764,,,,,,,,,,,,,,,
window,all,pose,learned_end_to_end,217,217.0,1.0,,,,15.139427263346054,9.994745787570212,19.938975410737637,43.838911689971205,21.12826980118036,,,,,,,,,,
window,all,pose,learned_oracle_hand,214,217.0,0.9861751152073732,,,,15.074098063148144,9.95491963759254,19.954204603824554,39.52089979063098,20.707770930683665,,,,,,,,,,
window,all,pose,persistence,214,217.0,0.9861751152073732,,,,14.965275549312453,6.707455036400161,22.50912885096108,42.4043839226949,15.658195619648684,,,,,,,,,,
window,all,pose,constant_velocity,213,217.0,0.9815668202764977,,,,33.49035494558316,28.088438737903104,47.923339307254395,42.04896856236211,15.505820107708042,,,,,,,,,,
window,all,pose_fair_common,learned_oracle_hand,213,217.0,0.9815668202764977,,,,15.030124850228896,9.933914992086718,19.93076130407231,39.17705304852796,20.55438691841684,,,,,,,,,,
window,all,pose_fair_common,persistence,213,217.0,0.9815668202764977,,,,14.80422205700099,6.342896434320831,22.30791016833363,42.04896856236211,15.505820107708042,,,,,,,,,,
window,all,pose_fair_common,constant_velocity,213,217.0,0.9815668202764977,,,,33.49035494558316,28.088438737903104,47.923339307254395,42.04896856236211,15.505820107708042,,,,,,,,,,
window,all,paired_pose_difference,learned_end_to_end_minus_persistence,214,217.0,0.9861751152073732,,,,,,,,,-0.020615233329512154,1.4470118038092572,-0.24205052585111833,0.35046728971962615,,,,,,
window,all,paired_pose_difference,learned_end_to_end_minus_constant_velocity,213,217.0,0.9815668202764977,,,,,,,,,-18.547346998170053,-5.924910980633072,-0.4938656693567189,0.6713615023474179,,,,,,
window,all,paired_pose_difference,learned_oracle_hand_minus_persistence,214,217.0,0.9861751152073732,,,,,,,,,0.10882251383568899,1.3690437159783015,-2.8834841320639173,0.3598130841121495,,,,,,
window,all,paired_pose_difference,learned_oracle_hand_minus_constant_velocity,213,217.0,0.9815668202764977,,,,,,,,,-18.460230095354266,-5.924910980633072,-2.8719155138341486,0.6713615023474179,,,,,,
sequence,Edu_10_20260616_150412,classification,intention,87,87.0,1.0,0.8275862068965517,0.8131313131313131,0.8131313131313131,,,,,,,,,,,,,,,
sequence,Edu_10_20260616_150412,classification,assistance,87,87.0,1.0,0.8620689655172413,0.8619047619047618,0.8619047619047618,,,,,,,,,,,,,,,
sequence,Edu_10_20260616_150412,classification,assistance_type_given_ground_truth_assistance,36,36.0,1.0,0.9166666666666666,0.9166023166023165,0.9166023166023165,,,,,,,,,,,,,,,
sequence,Edu_10_20260616_150412,classification,receiving_hand_given_ground_truth_handover,19,19.0,1.0,1.0,0.5,1.0,,,,,,,,,,,,,,,
sequence,Edu_10_20260616_150412,pose,learned_end_to_end,16,16.0,1.0,,,,23.890225487797068,24.28845846237003,28.59251745686248,48.27394921592624,33.67551928458593,,,,,,,,,,
sequence,Edu_10_20260616_150412,pose,learned_oracle_hand,16,16.0,1.0,,,,23.890225487797068,24.28845846237003,28.59251745686248,48.27394921592624,33.67551928458593,,,,,,,,,,
sequence,Edu_10_20260616_150412,pose,persistence,16,16.0,1.0,,,,25.566901574789515,25.04009698600112,32.05837128446061,63.98403523484791,47.030379780373465,,,,,,,,,,
sequence,Edu_10_20260616_150412,pose,constant_velocity,16,16.0,1.0,,,,53.98047030998142,53.48416582047891,62.949131207376006,63.98403523484791,47.030379780373465,,,,,,,,,,
sequence,Edu_10_20260616_150412,pose_fair_common,learned_oracle_hand,16,16.0,1.0,,,,23.890225487797068,24.28845846237003,28.59251745686248,48.27394921592624,33.67551928458593,,,,,,,,,,
sequence,Edu_10_20260616_150412,pose_fair_common,persistence,16,16.0,1.0,,,,25.566901574789515,25.04009698600112,32.05837128446061,63.98403523484791,47.030379780373465,,,,,,,,,,
sequence,Edu_10_20260616_150412,pose_fair_common,constant_velocity,16,16.0,1.0,,,,53.98047030998142,53.48416582047891,62.949131207376006,63.98403523484791,47.030379780373465,,,,,,,,,,
sequence,Edu_10_20260616_150412,paired_pose_difference,learned_end_to_end_minus_persistence,16,16.0,1.0,,,,,,,,,-1.6766760869924502,-0.5183785667898597,-15.710086018921679,0.5625,,,,,,
sequence,Edu_10_20260616_150412,paired_pose_difference,learned_end_to_end_minus_constant_velocity,16,16.0,1.0,,,,,,,,,-30.090244822184356,-14.311474145819599,-15.710086018921679,0.9375,,,,,,
sequence,Edu_10_20260616_150412,paired_pose_difference,learned_oracle_hand_minus_persistence,16,16.0,1.0,,,,,,,,,-1.6766760869924502,-0.5183785667898597,-15.710086018921679,0.5625,,,,,,
sequence,Edu_10_20260616_150412,paired_pose_difference,learned_oracle_hand_minus_constant_velocity,16,16.0,1.0,,,,,,,,,-30.090244822184356,-14.311474145819599,-15.710086018921679,0.9375,,,,,,
sequence,Edu_2_20260604_170420,classification,intention,62,62.0,1.0,0.967741935483871,0.945288753799392,0.945288753799392,,,,,,,,,,,,,,,
sequence,Edu_2_20260604_170420,classification,assistance,62,62.0,1.0,0.967741935483871,0.9560283687943263,0.9560283687943263,,,,,,,,,,,,,,,
sequence,Edu_2_20260604_170420,classification,assistance_type_given_ground_truth_assistance,16,16.0,1.0,1.0,1.0,1.0,,,,,,,,,,,,,,,
sequence,Edu_2_20260604_170420,classification,receiving_hand_given_ground_truth_handover,8,8.0,1.0,1.0,0.5,1.0,,,,,,,,,,,,,,,
sequence,Edu_2_20260604_170420,pose,learned_end_to_end,5,5.0,1.0,,,,19.323522104400986,19.709512322903684,22.47071123664257,63.63400194534531,58.12834743958371,,,,,,,,,,
sequence,Edu_2_20260604_170420,pose,learned_oracle_hand,5,5.0,1.0,,,,19.323522104400986,19.709512322903684,22.47071123664257,63.63400194534531,58.12834743958371,,,,,,,,,,
sequence,Edu_2_20260604_170420,pose,persistence,5,5.0,1.0,,,,21.486651169759398,20.14640446952149,24.954687985105938,74.19832838081501,85.58061361997649,,,,,,,,,,
sequence,Edu_2_20260604_170420,pose,constant_velocity,5,5.0,1.0,,,,41.63753319182213,36.57006626742291,43.64996561285346,74.19832838081501,85.58061361997649,,,,,,,,,,
sequence,Edu_2_20260604_170420,pose_fair_common,learned_oracle_hand,5,5.0,1.0,,,,19.323522104400986,19.709512322903684,22.47071123664257,63.63400194534531,58.12834743958371,,,,,,,,,,
sequence,Edu_2_20260604_170420,pose_fair_common,persistence,5,5.0,1.0,,,,21.486651169759398,20.14640446952149,24.954687985105938,74.19832838081501,85.58061361997649,,,,,,,,,,
sequence,Edu_2_20260604_170420,pose_fair_common,constant_velocity,5,5.0,1.0,,,,41.63753319182213,36.57006626742291,43.64996561285346,74.19832838081501,85.58061361997649,,,,,,,,,,
sequence,Edu_2_20260604_170420,paired_pose_difference,learned_end_to_end_minus_persistence,5,5.0,1.0,,,,,,,,,-2.1631290653584143,1.763740887885092,-10.564326435469699,0.4,,,,,,
sequence,Edu_2_20260604_170420,paired_pose_difference,learned_end_to_end_minus_constant_velocity,5,5.0,1.0,,,,,,,,,-22.314011087421147,-11.795692700292236,-10.564326435469699,0.8,,,,,,
sequence,Edu_2_20260604_170420,paired_pose_difference,learned_oracle_hand_minus_persistence,5,5.0,1.0,,,,,,,,,-2.1631290653584143,1.763740887885092,-10.564326435469699,0.4,,,,,,
sequence,Edu_2_20260604_170420,paired_pose_difference,learned_oracle_hand_minus_constant_velocity,5,5.0,1.0,,,,,,,,,-22.314011087421147,-11.795692700292236,-10.564326435469699,0.8,,,,,,
sequence,Edu_3_20260604_170622,classification,intention,73,73.0,1.0,0.9726027397260274,0.9602564102564103,0.9602564102564103,,,,,,,,,,,,,,,
sequence,Edu_3_20260604_170622,classification,assistance,73,73.0,1.0,0.9726027397260274,0.9665750915750915,0.9665750915750915,,,,,,,,,,,,,,,
sequence,Edu_3_20260604_170622,classification,assistance_type_given_ground_truth_assistance,22,22.0,1.0,1.0,1.0,1.0,,,,,,,,,,,,,,,
sequence,Edu_3_20260604_170622,classification,receiving_hand_given_ground_truth_handover,11,11.0,1.0,1.0,0.5,1.0,,,,,,,,,,,,,,,
sequence,Edu_3_20260604_170622,pose,learned_end_to_end,8,8.0,1.0,,,,14.530938246910292,12.421314455126865,17.625880785007848,47.21186007619996,41.48746098615436,,,,,,,,,,
sequence,Edu_3_20260604_170622,pose,learned_oracle_hand,8,8.0,1.0,,,,14.530938246910292,12.421314455126865,17.625880785007848,47.21186007619996,41.48746098615436,,,,,,,,,,
sequence,Edu_3_20260604_170622,pose,persistence,8,8.0,1.0,,,,15.743628521134667,14.989689485723664,20.927320771391695,61.71930545895522,59.719773286405925,,,,,,,,,,
sequence,Edu_3_20260604_170622,pose,constant_velocity,8,8.0,1.0,,,,28.60832945199239,31.06138185711279,34.1318762078674,61.71930545895522,59.719773286405925,,,,,,,,,,
sequence,Edu_3_20260604_170622,pose_fair_common,learned_oracle_hand,8,8.0,1.0,,,,14.530938246910292,12.421314455126865,17.625880785007848,47.21186007619996,41.48746098615436,,,,,,,,,,
sequence,Edu_3_20260604_170622,pose_fair_common,persistence,8,8.0,1.0,,,,15.743628521134667,14.989689485723664,20.927320771391695,61.71930545895522,59.719773286405925,,,,,,,,,,
sequence,Edu_3_20260604_170622,pose_fair_common,constant_velocity,8,8.0,1.0,,,,28.60832945199239,31.06138185711279,34.1318762078674,61.71930545895522,59.719773286405925,,,,,,,,,,
sequence,Edu_3_20260604_170622,paired_pose_difference,learned_end_to_end_minus_persistence,8,8.0,1.0,,,,,,,,,-1.212690274224376,0.23894780022430773,-14.507445382755263,0.5,,,,,,
sequence,Edu_3_20260604_170622,paired_pose_difference,learned_end_to_end_minus_constant_velocity,8,8.0,1.0,,,,,,,,,-14.077391205082096,-6.6939558548886815,-14.507445382755263,0.875,,,,,,
sequence,Edu_3_20260604_170622,paired_pose_difference,learned_oracle_hand_minus_persistence,8,8.0,1.0,,,,,,,,,-1.212690274224376,0.23894780022430773,-14.507445382755263,0.5,,,,,,
sequence,Edu_3_20260604_170622,paired_pose_difference,learned_oracle_hand_minus_constant_velocity,8,8.0,1.0,,,,,,,,,-14.077391205082096,-6.6939558548886815,-14.507445382755263,0.875,,,,,,
sequence,Edu_4_20260604_170837,classification,intention,94,94.0,1.0,0.9680851063829787,0.9527007299270073,0.9527007299270073,,,,,,,,,,,,,,,
sequence,Edu_4_20260604_170837,classification,assistance,94,94.0,1.0,0.9680851063829787,0.9596393301846285,0.9596393301846285,,,,,,,,,,,,,,,
sequence,Edu_4_20260604_170837,classification,assistance_type_given_ground_truth_assistance,27,27.0,1.0,1.0,1.0,1.0,,,,,,,,,,,,,,,
sequence,Edu_4_20260604_170837,classification,receiving_hand_given_ground_truth_handover,13,13.0,1.0,1.0,0.5,1.0,,,,,,,,,,,,,,,
sequence,Edu_4_20260604_170837,pose,learned_end_to_end,9,9.0,1.0,,,,13.619950448663039,10.045691390481034,17.810287985001143,33.34437758265137,21.29459029260078,,,,,,,,,,
sequence,Edu_4_20260604_170837,pose,learned_oracle_hand,9,9.0,1.0,,,,13.619950448663039,10.045691390481034,17.810287985001143,33.34437758265137,21.29459029260078,,,,,,,,,,
sequence,Edu_4_20260604_170837,pose,persistence,9,9.0,1.0,,,,17.403458076374132,13.01501137573787,22.848022892260833,50.62052117831091,37.57925224680601,,,,,,,,,,
sequence,Edu_4_20260604_170837,pose,constant_velocity,9,9.0,1.0,,,,30.116104721768888,32.774881628133826,37.85669539022096,50.62052117831091,37.57925224680601,,,,,,,,,,
sequence,Edu_4_20260604_170837,pose_fair_common,learned_oracle_hand,9,9.0,1.0,,,,13.619950448663039,10.045691390481034,17.810287985001143,33.34437758265137,21.29459029260078,,,,,,,,,,
sequence,Edu_4_20260604_170837,pose_fair_common,persistence,9,9.0,1.0,,,,17.403458076374132,13.01501137573787,22.848022892260833,50.62052117831091,37.57925224680601,,,,,,,,,,
sequence,Edu_4_20260604_170837,pose_fair_common,constant_velocity,9,9.0,1.0,,,,30.116104721768888,32.774881628133826,37.85669539022096,50.62052117831091,37.57925224680601,,,,,,,,,,
sequence,Edu_4_20260604_170837,paired_pose_difference,learned_end_to_end_minus_persistence,9,9.0,1.0,,,,,,,,,-3.783507627711095,-2.9693199852568366,-17.276143595659537,0.7777777777777778,,,,,,
sequence,Edu_4_20260604_170837,paired_pose_difference,learned_end_to_end_minus_constant_velocity,9,9.0,1.0,,,,,,,,,-16.496154273105844,-5.749333505513298,-17.276143595659537,1.0,,,,,,
sequence,Edu_4_20260604_170837,paired_pose_difference,learned_oracle_hand_minus_persistence,9,9.0,1.0,,,,,,,,,-3.783507627711095,-2.9693199852568366,-17.276143595659537,0.7777777777777778,,,,,,
sequence,Edu_4_20260604_170837,paired_pose_difference,learned_oracle_hand_minus_constant_velocity,9,9.0,1.0,,,,,,,,,-16.496154273105844,-5.749333505513298,-17.276143595659537,1.0,,,,,,
sequence,Edu_5_20260604_170944,classification,intention,93,93.0,1.0,0.989247311827957,0.982962717114725,0.982962717114725,,,,,,,,,,,,,,,
sequence,Edu_5_20260604_170944,classification,assistance,93,93.0,1.0,0.989247311827957,0.9870922970159611,0.9870922970159611,,,,,,,,,,,,,,,
sequence,Edu_5_20260604_170944,classification,assistance_type_given_ground_truth_assistance,28,28.0,1.0,1.0,1.0,1.0,,,,,,,,,,,,,,,
sequence,Edu_5_20260604_170944,classification,receiving_hand_given_ground_truth_handover,16,16.0,1.0,1.0,0.5,1.0,,,,,,,,,,,,,,,
sequence,Edu_5_20260604_170944,pose,learned_end_to_end,12,12.0,1.0,,,,15.381538610937627,12.675727190744208,19.326648068806687,42.35932033959693,35.14508412325223,,,,,,,,,,
sequence,Edu_5_20260604_170944,pose,learned_oracle_hand,12,12.0,1.0,,,,15.381538610937627,12.675727190744208,19.326648068806687,42.35932033959693,35.14508412325223,,,,,,,,,,
sequence,Edu_5_20260604_170944,pose,persistence,12,12.0,1.0,,,,16.932029604092115,12.536886573482576,22.403795538592654,54.0190830924866,43.005180542945425,,,,,,,,,,
sequence,Edu_5_20260604_170944,pose,constant_velocity,12,12.0,1.0,,,,36.55765683395775,35.94200184573948,42.108427032371196,54.0190830924866,43.005180542945425,,,,,,,,,,
sequence,Edu_5_20260604_170944,pose_fair_common,learned_oracle_hand,12,12.0,1.0,,,,15.381538610937627,12.675727190744208,19.326648068806687,42.35932033959693,35.14508412325223,,,,,,,,,,
sequence,Edu_5_20260604_170944,pose_fair_common,persistence,12,12.0,1.0,,,,16.932029604092115,12.536886573482576,22.403795538592654,54.0190830924866,43.005180542945425,,,,,,,,,,
sequence,Edu_5_20260604_170944,pose_fair_common,constant_velocity,12,12.0,1.0,,,,36.55765683395775,35.94200184573948,42.108427032371196,54.0190830924866,43.005180542945425,,,,,,,,,,
sequence,Edu_5_20260604_170944,paired_pose_difference,learned_end_to_end_minus_persistence,12,12.0,1.0,,,,,,,,,-1.5504909931544886,-0.4040988044285867,-11.659762752889693,0.5833333333333334,,,,,,
sequence,Edu_5_20260604_170944,paired_pose_difference,learned_end_to_end_minus_constant_velocity,12,12.0,1.0,,,,,,,,,-21.176118223020122,-11.471351557367587,-11.659762752889693,0.8333333333333334,,,,,,
sequence,Edu_5_20260604_170944,paired_pose_difference,learned_oracle_hand_minus_persistence,12,12.0,1.0,,,,,,,,,-1.5504909931544886,-0.4040988044285867,-11.659762752889693,0.5833333333333334,,,,,,
sequence,Edu_5_20260604_170944,paired_pose_difference,learned_oracle_hand_minus_constant_velocity,12,12.0,1.0,,,,,,,,,-21.176118223020122,-11.471351557367587,-11.659762752889693,0.8333333333333334,,,,,,
sequence,Edu_6_20260616_145740,classification,intention,91,91.0,1.0,0.9230769230769231,0.8658175004150951,0.8658175004150951,,,,,,,,,,,,,,,
sequence,Edu_6_20260616_145740,classification,assistance,91,91.0,1.0,0.978021978021978,0.9779980657640233,0.9779980657640233,,,,,,,,,,,,,,,
sequence,Edu_6_20260616_145740,classification,assistance_type_given_ground_truth_assistance,44,44.0,1.0,0.8863636363636364,0.8528428093645484,0.8528428093645484,,,,,,,,,,,,,,,
sequence,Edu_6_20260616_145740,classification,receiving_hand_given_ground_truth_handover,31,31.0,1.0,1.0,0.5,1.0,,,,,,,,,,,,,,,
sequence,Edu_6_20260616_145740,pose,learned_end_to_end,27,27.0,1.0,,,,12.997126984611555,13.730129950986486,15.965436147210111,47.546635263513934,46.39219159967512,,,,,,,,,,
sequence,Edu_6_20260616_145740,pose,learned_oracle_hand,27,27.0,1.0,,,,12.997126984611555,13.730129950986486,15.965436147210111,47.546635263513934,46.39219159967512,,,,,,,,,,
sequence,Edu_6_20260616_145740,pose,persistence,27,27.0,1.0,,,,11.013397541273791,7.993504282260109,16.199496588442507,39.773532495963416,24.778878809855247,,,,,,,,,,
sequence,Edu_6_20260616_145740,pose,constant_velocity,27,27.0,1.0,,,,20.981567607239615,13.30842927286588,29.161165034296854,39.773532495963416,24.778878809855247,,,,,,,,,,
sequence,Edu_6_20260616_145740,pose_fair_common,learned_oracle_hand,27,27.0,1.0,,,,12.997126984611555,13.730129950986486,15.965436147210111,47.546635263513934,46.39219159967512,,,,,,,,,,
sequence,Edu_6_20260616_145740,pose_fair_common,persistence,27,27.0,1.0,,,,11.013397541273791,7.993504282260109,16.199496588442507,39.773532495963416,24.778878809855247,,,,,,,,,,
sequence,Edu_6_20260616_145740,pose_fair_common,constant_velocity,27,27.0,1.0,,,,20.981567607239615,13.30842927286588,29.161165034296854,39.773532495963416,24.778878809855247,,,,,,,,,,
sequence,Edu_6_20260616_145740,paired_pose_difference,learned_end_to_end_minus_persistence,27,27.0,1.0,,,,,,,,,1.983729443337763,1.7108317553523442,7.773102767550525,0.37037037037037035,,,,,,
sequence,Edu_6_20260616_145740,paired_pose_difference,learned_end_to_end_minus_constant_velocity,27,27.0,1.0,,,,,,,,,-7.984440622628065,-0.3362319942050398,7.773102767550525,0.5555555555555556,,,,,,
sequence,Edu_6_20260616_145740,paired_pose_difference,learned_oracle_hand_minus_persistence,27,27.0,1.0,,,,,,,,,1.983729443337763,1.7108317553523442,7.773102767550525,0.37037037037037035,,,,,,
sequence,Edu_6_20260616_145740,paired_pose_difference,learned_oracle_hand_minus_constant_velocity,27,27.0,1.0,,,,,,,,,-7.984440622628065,-0.3362319942050398,7.773102767550525,0.5555555555555556,,,,,,
sequence,Edu_7_20260616_145927,classification,intention,72,72.0,1.0,0.9444444444444444,0.9384343670458678,0.9384343670458678,,,,,,,,,,,,,,,
sequence,Edu_7_20260616_145927,classification,assistance,72,72.0,1.0,0.9444444444444444,0.9407407407407408,0.9407407407407408,,,,,,,,,,,,,,,
sequence,Edu_7_20260616_145927,classification,assistance_type_given_ground_truth_assistance,25,25.0,1.0,1.0,1.0,1.0,,,,,,,,,,,,,,,
sequence,Edu_7_20260616_145927,classification,receiving_hand_given_ground_truth_handover,11,11.0,1.0,1.0,0.5,1.0,,,,,,,,,,,,,,,
sequence,Edu_7_20260616_145927,pose,learned_end_to_end,8,8.0,1.0,,,,25.103228831810767,25.275405528585917,26.95813628524627,81.07624045831619,68.13870898306658,,,,,,,,,,
sequence,Edu_7_20260616_145927,pose,learned_oracle_hand,8,8.0,1.0,,,,25.103228831810767,25.275405528585917,26.95813628524627,81.07624045831619,68.13870898306658,,,,,,,,,,
sequence,Edu_7_20260616_145927,pose,persistence,8,8.0,1.0,,,,28.393272366562265,29.672846724132516,30.659900934788933,107.26237965542245,112.44713283478453,,,,,,,,,,
sequence,Edu_7_20260616_145927,pose,constant_velocity,8,8.0,1.0,,,,50.49458672653097,43.94366523178907,56.94489302767832,107.26237965542245,112.44713283478453,,,,,,,,,,
sequence,Edu_7_20260616_145927,pose_fair_common,learned_oracle_hand,8,8.0,1.0,,,,25.103228831810767,25.275405528585917,26.95813628524627,81.07624045831619,68.13870898306658,,,,,,,,,,
sequence,Edu_7_20260616_145927,pose_fair_common,persistence,8,8.0,1.0,,,,28.393272366562265,29.672846724132516,30.659900934788933,107.26237965542245,112.44713283478453,,,,,,,,,,
sequence,Edu_7_20260616_145927,pose_fair_common,constant_velocity,8,8.0,1.0,,,,50.49458672653097,43.94366523178907,56.94489302767832,107.26237965542245,112.44713283478453,,,,,,,,,,
sequence,Edu_7_20260616_145927,paired_pose_difference,learned_end_to_end_minus_persistence,8,8.0,1.0,,,,,,,,,-3.2900435347514927,-1.663983885434961,-26.186139197106257,0.625,,,,,,
sequence,Edu_7_20260616_145927,paired_pose_difference,learned_end_to_end_minus_constant_velocity,8,8.0,1.0,,,,,,,,,-25.391357894720198,-20.795464417864718,-26.186139197106257,0.875,,,,,,
sequence,Edu_7_20260616_145927,paired_pose_difference,learned_oracle_hand_minus_persistence,8,8.0,1.0,,,,,,,,,-3.2900435347514927,-1.663983885434961,-26.186139197106257,0.625,,,,,,
sequence,Edu_7_20260616_145927,paired_pose_difference,learned_oracle_hand_minus_constant_velocity,8,8.0,1.0,,,,,,,,,-25.391357894720198,-20.795464417864718,-26.186139197106257,0.875,,,,,,
sequence,Edu_8_20260616_150108,classification,intention,62,62.0,1.0,0.9838709677419355,0.9759139784946237,0.9759139784946237,,,,,,,,,,,,,,,
sequence,Edu_8_20260616_150108,classification,assistance,62,62.0,1.0,1.0,1.0,1.0,,,,,,,,,,,,,,,
sequence,Edu_8_20260616_150108,classification,assistance_type_given_ground_truth_assistance,28,28.0,1.0,0.9642857142857143,0.9638709677419355,0.9638709677419355,,,,,,,,,,,,,,,
sequence,Edu_8_20260616_150108,classification,receiving_hand_given_ground_truth_handover,12,12.0,1.0,0.9166666666666666,0.4782608695652174,0.9565217391304348,,,,,,,,,,,,,,,
sequence,Edu_8_20260616_150108,pose,learned_end_to_end,9,9.0,1.0,,,,29.34740860700961,29.1688491892786,32.28769713148865,75.59876316257399,48.84734201433713,,,,,,,,,,
sequence,Edu_8_20260616_150108,pose,learned_oracle_hand,9,9.0,1.0,,,,25.46716166773207,24.872990316312244,27.70303176483477,60.88529679182003,37.95065396022176,,,,,,,,,,
sequence,Edu_8_20260616_150108,pose,persistence,9,9.0,1.0,,,,27.06441521799234,28.261565210305484,29.66715366260655,83.08970138532331,89.05255484510171,,,,,,,,,,
sequence,Edu_8_20260616_150108,pose,constant_velocity,9,9.0,1.0,,,,53.42795307312696,49.134578109185234,60.25727381428846,83.08970138532331,89.05255484510171,,,,,,,,,,
sequence,Edu_8_20260616_150108,pose_fair_common,learned_oracle_hand,9,9.0,1.0,,,,25.46716166773207,24.872990316312244,27.70303176483477,60.88529679182003,37.95065396022176,,,,,,,,,,
sequence,Edu_8_20260616_150108,pose_fair_common,persistence,9,9.0,1.0,,,,27.06441521799234,28.261565210305484,29.66715366260655,83.08970138532331,89.05255484510171,,,,,,,,,,
sequence,Edu_8_20260616_150108,pose_fair_common,constant_velocity,9,9.0,1.0,,,,53.42795307312696,49.134578109185234,60.25727381428846,83.08970138532331,89.05255484510171,,,,,,,,,,
sequence,Edu_8_20260616_150108,paired_pose_difference,learned_end_to_end_minus_persistence,9,9.0,1.0,,,,,,,,,2.2829933890172693,0.9072839789731155,-7.490938222749339,0.4444444444444444,,,,,,
sequence,Edu_8_20260616_150108,paired_pose_difference,learned_end_to_end_minus_constant_velocity,9,9.0,1.0,,,,,,,,,-24.080544466117356,-23.217480561784893,-7.490938222749339,0.7777777777777778,,,,,,
sequence,Edu_8_20260616_150108,paired_pose_difference,learned_oracle_hand_minus_persistence,9,9.0,1.0,,,,,,,,,-1.5972535502602652,-0.6174160566626341,-22.204404593503284,0.5555555555555556,,,,,,
sequence,Edu_8_20260616_150108,paired_pose_difference,learned_oracle_hand_minus_constant_velocity,9,9.0,1.0,,,,,,,,,-27.960791405394886,-23.217480561784893,-22.204404593503284,0.7777777777777778,,,,,,
sequence,Edu_9_20260616_150247,classification,intention,69,69.0,1.0,0.15942028985507245,0.09166666666666666,0.09166666666666666,,,,,,,,,,,,,,,
sequence,Edu_9_20260616_150247,classification,assistance,69,69.0,1.0,0.391304347826087,0.28125,0.28125,,,,,,,,,,,,,,,
sequence,Edu_9_20260616_150247,classification,assistance_type_given_ground_truth_assistance,27,27.0,1.0,0.4074074074074074,0.28947368421052627,0.28947368421052627,,,,,,,,,,,,,,,
sequence,Edu_9_20260616_150247,classification,receiving_hand_given_ground_truth_handover,11,11.0,1.0,0.2727272727272727,0.21428571428571427,0.42857142857142855,,,,,,,,,,,,,,,
sequence,Edu_9_20260616_150247,pose,learned_end_to_end,0,0.0,,,,,,,,,,,,,,,,,,,
sequence,Edu_9_20260616_150247,pose,learned_oracle_hand,0,0.0,,,,,,,,,,,,,,,,,,,
sequence,Edu_9_20260616_150247,pose,persistence,0,0.0,,,,,,,,,,,,,,,,,,,
sequence,Edu_9_20260616_150247,pose,constant_velocity,0,0.0,,,,,,,,,,,,,,,,,,,
sequence,Edu_9_20260616_150247,pose_fair_common,learned_oracle_hand,0,0.0,,,,,,,,,,,,,,,,,,,
sequence,Edu_9_20260616_150247,pose_fair_common,persistence,0,0.0,,,,,,,,,,,,,,,,,,,
sequence,Edu_9_20260616_150247,pose_fair_common,constant_velocity,0,0.0,,,,,,,,,,,,,,,,,,,
sequence,Edu_9_20260616_150247,paired_pose_difference,learned_end_to_end_minus_persistence,0,0.0,,,,,,,,,,,,,,,,,,,
sequence,Edu_9_20260616_150247,paired_pose_difference,learned_end_to_end_minus_constant_velocity,0,0.0,,,,,,,,,,,,,,,,,,,
sequence,Edu_9_20260616_150247,paired_pose_difference,learned_oracle_hand_minus_persistence,0,0.0,,,,,,,,,,,,,,,,,,,
sequence,Edu_9_20260616_150247,paired_pose_difference,learned_oracle_hand_minus_constant_velocity,0,0.0,,,,,,,,,,,,,,,,,,,
sequence,Jona_1_20260616_181413,classification,intention,54,54.0,1.0,0.9259259259259259,0.9276895943562611,0.9276895943562611,,,,,,,,,,,,,,,
sequence,Jona_1_20260616_181413,classification,assistance,54,54.0,1.0,0.9259259259259259,0.9259259259259259,0.9259259259259259,,,,,,,,,,,,,,,
sequence,Jona_1_20260616_181413,classification,assistance_type_given_ground_truth_assistance,25,25.0,1.0,1.0,1.0,1.0,,,,,,,,,,,,,,,
sequence,Jona_1_20260616_181413,classification,receiving_hand_given_ground_truth_handover,13,13.0,1.0,1.0,0.5,1.0,,,,,,,,,,,,,,,
sequence,Jona_1_20260616_181413,pose,learned_end_to_end,10,10.0,1.0,,,,6.512882953176333,4.394936049424483,8.984873827641191,15.911693660189792,14.401725063009941,,,,,,,,,,
sequence,Jona_1_20260616_181413,pose,learned_oracle_hand,10,10.0,1.0,,,,6.512882953176333,4.394936049424483,8.984873827641191,15.911693660189792,14.401725063009941,,,,,,,,,,
sequence,Jona_1_20260616_181413,pose,persistence,10,10.0,1.0,,,,4.124655513847669,1.6544035799219017,7.4587210566901465,10.860913246330202,4.503957485630332,,,,,,,,,,
sequence,Jona_1_20260616_181413,pose,constant_velocity,10,10.0,1.0,,,,17.704897855448475,3.29729870187278,33.58341915607547,10.860913246330202,4.503957485630332,,,,,,,,,,
sequence,Jona_1_20260616_181413,pose_fair_common,learned_oracle_hand,10,10.0,1.0,,,,6.512882953176333,4.394936049424483,8.984873827641191,15.911693660189792,14.401725063009941,,,,,,,,,,
sequence,Jona_1_20260616_181413,pose_fair_common,persistence,10,10.0,1.0,,,,4.124655513847669,1.6544035799219017,7.4587210566901465,10.860913246330202,4.503957485630332,,,,,,,,,,
sequence,Jona_1_20260616_181413,pose_fair_common,constant_velocity,10,10.0,1.0,,,,17.704897855448475,3.29729870187278,33.58341915607547,10.860913246330202,4.503957485630332,,,,,,,,,,
sequence,Jona_1_20260616_181413,paired_pose_difference,learned_end_to_end_minus_persistence,10,10.0,1.0,,,,,,,,,2.388227439328663,2.131487631751135,5.0507804138595915,0.0,,,,,,
sequence,Jona_1_20260616_181413,paired_pose_difference,learned_end_to_end_minus_constant_velocity,10,10.0,1.0,,,,,,,,,-11.192014902272142,0.9131411841551933,5.0507804138595915,0.3,,,,,,
sequence,Jona_1_20260616_181413,paired_pose_difference,learned_oracle_hand_minus_persistence,10,10.0,1.0,,,,,,,,,2.388227439328663,2.131487631751135,5.0507804138595915,0.0,,,,,,
sequence,Jona_1_20260616_181413,paired_pose_difference,learned_oracle_hand_minus_constant_velocity,10,10.0,1.0,,,,,,,,,-11.192014902272142,0.9131411841551933,5.0507804138595915,0.3,,,,,,
sequence,Jona_2_20260616_181551,classification,intention,108,108.0,1.0,0.9074074074074074,0.8570301570920765,0.8570301570920765,,,,,,,,,,,,,,,
sequence,Jona_2_20260616_181551,classification,assistance,108,108.0,1.0,0.9351851851851852,0.9215686274509804,0.9215686274509804,,,,,,,,,,,,,,,
sequence,Jona_2_20260616_181551,classification,assistance_type_given_ground_truth_assistance,28,28.0,1.0,0.8928571428571429,0.8916129032258064,0.8916129032258064,,,,,,,,,,,,,,,
sequence,Jona_2_20260616_181551,classification,receiving_hand_given_ground_truth_handover,11,11.0,1.0,1.0,0.5,1.0,,,,,,,,,,,,,,,
sequence,Jona_2_20260616_181551,pose,learned_end_to_end,8,8.0,1.0,,,,17.943977245867156,15.656662391240125,22.885705031215878,37.15673675428661,27.648758185594787,,,,,,,,,,
sequence,Jona_2_20260616_181551,pose,learned_oracle_hand,8,8.0,1.0,,,,17.943977245867156,15.656662391240125,22.885705031215878,37.15673675428661,27.648758185594787,,,,,,,,,,
sequence,Jona_2_20260616_181551,pose,persistence,8,8.0,1.0,,,,18.87520274100106,14.784796129398089,25.228289560836977,43.64846632502878,40.030909790661354,,,,,,,,,,
sequence,Jona_2_20260616_181551,pose,constant_velocity,8,8.0,1.0,,,,30.525635971687613,40.860769080839006,34.58970628780919,43.64846632502878,40.030909790661354,,,,,,,,,,
sequence,Jona_2_20260616_181551,pose_fair_common,learned_oracle_hand,8,8.0,1.0,,,,17.943977245867156,15.656662391240125,22.885705031215878,37.15673675428661,27.648758185594787,,,,,,,,,,
sequence,Jona_2_20260616_181551,pose_fair_common,persistence,8,8.0,1.0,,,,18.87520274100106,14.784796129398089,25.228289560836977,43.64846632502878,40.030909790661354,,,,,,,,,,
sequence,Jona_2_20260616_181551,pose_fair_common,constant_velocity,8,8.0,1.0,,,,30.525635971687613,40.860769080839006,34.58970628780919,43.64846632502878,40.030909790661354,,,,,,,,,,
sequence,Jona_2_20260616_181551,paired_pose_difference,learned_end_to_end_minus_persistence,8,8.0,1.0,,,,,,,,,-0.931225495133903,0.3339761988973724,-6.491729570742174,0.375,,,,,,
sequence,Jona_2_20260616_181551,paired_pose_difference,learned_end_to_end_minus_constant_velocity,8,8.0,1.0,,,,,,,,,-12.58165872582046,-10.60729887181271,-6.491729570742174,0.875,,,,,,
sequence,Jona_2_20260616_181551,paired_pose_difference,learned_oracle_hand_minus_persistence,8,8.0,1.0,,,,,,,,,-0.931225495133903,0.3339761988973724,-6.491729570742174,0.375,,,,,,
sequence,Jona_2_20260616_181551,paired_pose_difference,learned_oracle_hand_minus_constant_velocity,8,8.0,1.0,,,,,,,,,-12.58165872582046,-10.60729887181271,-6.491729570742174,0.875,,,,,,
sequence,Jona_3_20260616_181717,classification,intention,119,119.0,1.0,0.8991596638655462,0.863936237165353,0.863936237165353,,,,,,,,,,,,,,,
sequence,Jona_3_20260616_181717,classification,assistance,119,119.0,1.0,0.8991596638655462,0.8662921348314607,0.8662921348314607,,,,,,,,,,,,,,,
sequence,Jona_3_20260616_181717,classification,assistance_type_given_ground_truth_assistance,24,24.0,1.0,1.0,1.0,1.0,,,,,,,,,,,,,,,
sequence,Jona_3_20260616_181717,classification,receiving_hand_given_ground_truth_handover,11,11.0,1.0,1.0,0.5,1.0,,,,,,,,,,,,,,,
sequence,Jona_3_20260616_181717,pose,learned_end_to_end,8,8.0,1.0,,,,13.071804277957817,7.634983421279959,18.607165310072276,27.889286880438934,8.42550333001761,,,,,,,,,,
sequence,Jona_3_20260616_181717,pose,learned_oracle_hand,8,8.0,1.0,,,,13.071804277957817,7.634983421279959,18.607165310072276,27.889286880438934,8.42550333001761,,,,,,,,,,
sequence,Jona_3_20260616_181717,pose,persistence,8,8.0,1.0,,,,12.99845590257657,7.06745500409247,19.608799104044483,33.65008150679434,16.928533524046678,,,,,,,,,,
sequence,Jona_3_20260616_181717,pose,constant_velocity,8,8.0,1.0,,,,29.36480194300199,21.84106591744028,38.58783608392164,33.65008150679434,16.928533524046678,,,,,,,,,,
sequence,Jona_3_20260616_181717,pose_fair_common,learned_oracle_hand,8,8.0,1.0,,,,13.071804277957817,7.634983421279959,18.607165310072276,27.889286880438934,8.42550333001761,,,,,,,,,,
sequence,Jona_3_20260616_181717,pose_fair_common,persistence,8,8.0,1.0,,,,12.99845590257657,7.06745500409247,19.608799104044483,33.65008150679434,16.928533524046678,,,,,,,,,,
sequence,Jona_3_20260616_181717,pose_fair_common,constant_velocity,8,8.0,1.0,,,,29.36480194300199,21.84106591744028,38.58783608392164,33.65008150679434,16.928533524046678,,,,,,,,,,
sequence,Jona_3_20260616_181717,paired_pose_difference,learned_end_to_end_minus_persistence,8,8.0,1.0,,,,,,,,,0.073348375381246,0.2449022868903752,-5.760794626355404,0.5,,,,,,
sequence,Jona_3_20260616_181717,paired_pose_difference,learned_end_to_end_minus_constant_velocity,8,8.0,1.0,,,,,,,,,-16.29299766504417,-5.562553542029162,-5.760794626355404,1.0,,,,,,
sequence,Jona_3_20260616_181717,paired_pose_difference,learned_oracle_hand_minus_persistence,8,8.0,1.0,,,,,,,,,0.073348375381246,0.2449022868903752,-5.760794626355404,0.5,,,,,,
sequence,Jona_3_20260616_181717,paired_pose_difference,learned_oracle_hand_minus_constant_velocity,8,8.0,1.0,,,,,,,,,-16.29299766504417,-5.562553542029162,-5.760794626355404,1.0,,,,,,
sequence,Jona_4_20260616_181855,classification,intention,97,97.0,1.0,0.7628865979381443,0.7716595651698896,0.7716595651698896,,,,,,,,,,,,,,,
sequence,Jona_4_20260616_181855,classification,assistance,97,97.0,1.0,0.7628865979381443,0.7562547798535999,0.7562547798535999,,,,,,,,,,,,,,,
sequence,Jona_4_20260616_181855,classification,assistance_type_given_ground_truth_assistance,29,29.0,1.0,1.0,1.0,1.0,,,,,,,,,,,,,,,
sequence,Jona_4_20260616_181855,classification,receiving_hand_given_ground_truth_handover,12,12.0,1.0,1.0,0.5,1.0,,,,,,,,,,,,,,,
sequence,Jona_4_20260616_181855,pose,learned_end_to_end,9,9.0,1.0,,,,11.224444407512717,4.138223536135797,16.434838692694118,24.95687124577068,9.901463745551316,,,,,,,,,,
sequence,Jona_4_20260616_181855,pose,learned_oracle_hand,9,9.0,1.0,,,,11.224444407512717,4.138223536135797,16.434838692694118,24.95687124577068,9.901463745551316,,,,,,,,,,
sequence,Jona_4_20260616_181855,pose,persistence,9,9.0,1.0,,,,9.692767596187036,1.5380390957949843,16.998046473864665,27.56913323699333,5.7818070085796185,,,,,,,,,,
sequence,Jona_4_20260616_181855,pose,constant_velocity,9,9.0,1.0,,,,26.266337476236526,9.033114500046564,38.229900595692996,27.56913323699333,5.7818070085796185,,,,,,,,,,
sequence,Jona_4_20260616_181855,pose_fair_common,learned_oracle_hand,9,9.0,1.0,,,,11.224444407512717,4.138223536135797,16.434838692694118,24.95687124577068,9.901463745551316,,,,,,,,,,
sequence,Jona_4_20260616_181855,pose_fair_common,persistence,9,9.0,1.0,,,,9.692767596187036,1.5380390957949843,16.998046473864665,27.56913323699333,5.7818070085796185,,,,,,,,,,
sequence,Jona_4_20260616_181855,pose_fair_common,constant_velocity,9,9.0,1.0,,,,26.266337476236526,9.033114500046564,38.229900595692996,27.56913323699333,5.7818070085796185,,,,,,,,,,
sequence,Jona_4_20260616_181855,paired_pose_difference,learned_end_to_end_minus_persistence,9,9.0,1.0,,,,,,,,,1.5316768113256816,2.097398635066447,-2.6122619912226495,0.2222222222222222,,,,,,
sequence,Jona_4_20260616_181855,paired_pose_difference,learned_end_to_end_minus_constant_velocity,9,9.0,1.0,,,,,,,,,-15.041893068723803,-5.928962512739909,-2.6122619912226495,0.6666666666666666,,,,,,
sequence,Jona_4_20260616_181855,paired_pose_difference,learned_oracle_hand_minus_persistence,9,9.0,1.0,,,,,,,,,1.5316768113256816,2.097398635066447,-2.6122619912226495,0.2222222222222222,,,,,,
sequence,Jona_4_20260616_181855,paired_pose_difference,learned_oracle_hand_minus_constant_velocity,9,9.0,1.0,,,,,,,,,-15.041893068723803,-5.928962512739909,-2.6122619912226495,0.6666666666666666,,,,,,
sequence,Jona_5_20260616_182002,classification,intention,107,107.0,1.0,0.8598130841121495,0.8062048112634331,0.8062048112634331,,,,,,,,,,,,,,,
sequence,Jona_5_20260616_182002,classification,assistance,107,107.0,1.0,0.897196261682243,0.8870983213429255,0.8870983213429255,,,,,,,,,,,,,,,
sequence,Jona_5_20260616_182002,classification,assistance_type_given_ground_truth_assistance,32,32.0,1.0,0.875,0.8704453441295545,0.8704453441295545,,,,,,,,,,,,,,,
sequence,Jona_5_20260616_182002,classification,receiving_hand_given_ground_truth_handover,11,11.0,1.0,1.0,0.5,1.0,,,,,,,,,,,,,,,
sequence,Jona_5_20260616_182002,pose,learned_end_to_end,8,8.0,1.0,,,,12.886529371077124,5.597327141957901,18.089644338882675,30.327239870390997,16.15459653953107,,,,,,,,,,
sequence,Jona_5_20260616_182002,pose,learned_oracle_hand,8,8.0,1.0,,,,12.886529371077124,5.597327141957901,18.089644338882675,30.327239870390997,16.15459653953107,,,,,,,,,,
sequence,Jona_5_20260616_182002,pose,persistence,8,8.0,1.0,,,,11.971237764370425,4.178991719603946,18.872374793387515,31.351283912293873,10.74414518258128,,,,,,,,,,
sequence,Jona_5_20260616_182002,pose,constant_velocity,8,8.0,1.0,,,,25.9308154040885,18.659302911643927,34.65368248882551,31.351283912293873,10.74414518258128,,,,,,,,,,
sequence,Jona_5_20260616_182002,pose_fair_common,learned_oracle_hand,8,8.0,1.0,,,,12.886529371077124,5.597327141957901,18.089644338882675,30.327239870390997,16.15459653953107,,,,,,,,,,
sequence,Jona_5_20260616_182002,pose_fair_common,persistence,8,8.0,1.0,,,,11.971237764370425,4.178991719603946,18.872374793387515,31.351283912293873,10.74414518258128,,,,,,,,,,
sequence,Jona_5_20260616_182002,pose_fair_common,constant_velocity,8,8.0,1.0,,,,25.9308154040885,18.659302911643927,34.65368248882551,31.351283912293873,10.74414518258128,,,,,,,,,,
sequence,Jona_5_20260616_182002,paired_pose_difference,learned_end_to_end_minus_persistence,8,8.0,1.0,,,,,,,,,0.9152916067066992,1.169020863159541,-1.0240440419028816,0.25,,,,,,
sequence,Jona_5_20260616_182002,paired_pose_difference,learned_end_to_end_minus_constant_velocity,8,8.0,1.0,,,,,,,,,-13.044286033011376,-10.355649408001419,-1.0240440419028816,0.75,,,,,,
sequence,Jona_5_20260616_182002,paired_pose_difference,learned_oracle_hand_minus_persistence,8,8.0,1.0,,,,,,,,,0.9152916067066992,1.169020863159541,-1.0240440419028816,0.25,,,,,,
sequence,Jona_5_20260616_182002,paired_pose_difference,learned_oracle_hand_minus_constant_velocity,8,8.0,1.0,,,,,,,,,-13.044286033011376,-10.355649408001419,-1.0240440419028816,0.75,,,,,,
sequence,Jona_6_20260616_182111,classification,intention,87,87.0,1.0,0.8735632183908046,0.880460769397957,0.880460769397957,,,,,,,,,,,,,,,
sequence,Jona_6_20260616_182111,classification,assistance,87,87.0,1.0,0.8735632183908046,0.8665085786023154,0.8665085786023154,,,,,,,,,,,,,,,
sequence,Jona_6_20260616_182111,classification,assistance_type_given_ground_truth_assistance,28,28.0,1.0,1.0,1.0,1.0,,,,,,,,,,,,,,,
sequence,Jona_6_20260616_182111,classification,receiving_hand_given_ground_truth_handover,12,12.0,1.0,1.0,0.5,1.0,,,,,,,,,,,,,,,
sequence,Jona_6_20260616_182111,pose,learned_end_to_end,9,9.0,1.0,,,,6.182527660042909,4.19297805666231,8.53741077245195,17.51262484447432,18.43521425166124,,,,,,,,,,
sequence,Jona_6_20260616_182111,pose,learned_oracle_hand,9,9.0,1.0,,,,6.182527660042909,4.19297805666231,8.53741077245195,17.51262484447432,18.43521425166124,,,,,,,,,,
sequence,Jona_6_20260616_182111,pose,persistence,9,9.0,1.0,,,,3.472219959008361,0.3857318400132908,7.164125666571887,11.183775484081636,5.439171375997811,,,,,,,,,,
sequence,Jona_6_20260616_182111,pose,constant_velocity,9,9.0,1.0,,,,13.706091032454555,1.9877648144011455,23.047006251281744,11.183775484081636,5.439171375997811,,,,,,,,,,
sequence,Jona_6_20260616_182111,pose_fair_common,learned_oracle_hand,9,9.0,1.0,,,,6.182527660042909,4.19297805666231,8.53741077245195,17.51262484447432,18.43521425166124,,,,,,,,,,
sequence,Jona_6_20260616_182111,pose_fair_common,persistence,9,9.0,1.0,,,,3.472219959008361,0.3857318400132908,7.164125666571887,11.183775484081636,5.439171375997811,,,,,,,,,,
sequence,Jona_6_20260616_182111,pose_fair_common,constant_velocity,9,9.0,1.0,,,,13.706091032454555,1.9877648144011455,23.047006251281744,11.183775484081636,5.439171375997811,,,,,,,,,,
sequence,Jona_6_20260616_182111,paired_pose_difference,learned_end_to_end_minus_persistence,9,9.0,1.0,,,,,,,,,2.7103077010345475,2.560755315941555,6.328849360392685,0.0,,,,,,
sequence,Jona_6_20260616_182111,paired_pose_difference,learned_end_to_end_minus_constant_velocity,9,9.0,1.0,,,,,,,,,-7.523563372411646,0.17461018745934886,6.328849360392685,0.4444444444444444,,,,,,
sequence,Jona_6_20260616_182111,paired_pose_difference,learned_oracle_hand_minus_persistence,9,9.0,1.0,,,,,,,,,2.7103077010345475,2.560755315941555,6.328849360392685,0.0,,,,,,
sequence,Jona_6_20260616_182111,paired_pose_difference,learned_oracle_hand_minus_constant_velocity,9,9.0,1.0,,,,,,,,,-7.523563372411646,0.17461018745934886,6.328849360392685,0.4444444444444444,,,,,,
sequence,Jona_7_20260616_182214,classification,intention,95,95.0,1.0,0.8210526315789474,0.7940850758908214,0.7940850758908214,,,,,,,,,,,,,,,
sequence,Jona_7_20260616_182214,classification,assistance,95,95.0,1.0,0.8421052631578947,0.831340987099065,0.831340987099065,,,,,,,,,,,,,,,
sequence,Jona_7_20260616_182214,classification,assistance_type_given_ground_truth_assistance,28,28.0,1.0,0.9285714285714286,0.9282051282051282,0.9282051282051282,,,,,,,,,,,,,,,
sequence,Jona_7_20260616_182214,classification,receiving_hand_given_ground_truth_handover,12,12.0,1.0,1.0,0.5,1.0,,,,,,,,,,,,,,,
sequence,Jona_7_20260616_182214,pose,learned_end_to_end,9,9.0,1.0,,,,9.076932996882682,3.68257230980374,12.701774782050837,25.419809478792622,21.600209158908584,,,,,,,,,,
sequence,Jona_7_20260616_182214,pose,learned_oracle_hand,9,9.0,1.0,,,,9.076932996882682,3.68257230980374,12.701774782050837,25.419809478792622,21.600209158908584,,,,,,,,,,
sequence,Jona_7_20260616_182214,pose,persistence,9,9.0,1.0,,,,7.697244973140474,0.792199023307759,13.500208436747474,21.287591853642407,4.970874370027683,,,,,,,,,,
sequence,Jona_7_20260616_182214,pose,constant_velocity,9,9.0,1.0,,,,22.465524816242535,9.46500781892369,33.74411130892436,21.287591853642407,4.970874370027683,,,,,,,,,,
sequence,Jona_7_20260616_182214,pose_fair_common,learned_oracle_hand,9,9.0,1.0,,,,9.076932996882682,3.68257230980374,12.701774782050837,25.419809478792622,21.600209158908584,,,,,,,,,,
sequence,Jona_7_20260616_182214,pose_fair_common,persistence,9,9.0,1.0,,,,7.697244973140474,0.792199023307759,13.500208436747474,21.287591853642407,4.970874370027683,,,,,,,,,,
sequence,Jona_7_20260616_182214,pose_fair_common,constant_velocity,9,9.0,1.0,,,,22.465524816242535,9.46500781892369,33.74411130892436,21.287591853642407,4.970874370027683,,,,,,,,,,
sequence,Jona_7_20260616_182214,paired_pose_difference,learned_end_to_end_minus_persistence,9,9.0,1.0,,,,,,,,,1.3796880237422107,2.2185782225242834,4.132217625150219,0.2222222222222222,,,,,,
sequence,Jona_7_20260616_182214,paired_pose_difference,learned_end_to_end_minus_constant_velocity,9,9.0,1.0,,,,,,,,,-13.388591819359855,-6.9137961543950635,4.132217625150219,0.5555555555555556,,,,,,
sequence,Jona_7_20260616_182214,paired_pose_difference,learned_oracle_hand_minus_persistence,9,9.0,1.0,,,,,,,,,1.3796880237422107,2.2185782225242834,4.132217625150219,0.2222222222222222,,,,,,
sequence,Jona_7_20260616_182214,paired_pose_difference,learned_oracle_hand_minus_constant_velocity,9,9.0,1.0,,,,,,,,,-13.388591819359855,-6.9137961543950635,4.132217625150219,0.5555555555555556,,,,,,
sequence,Mona_1_20260624_123312,classification,intention,94,94.0,1.0,0.9148936170212766,0.8645231438334887,0.8645231438334887,,,,,,,,,,,,,,,
sequence,Mona_1_20260624_123312,classification,assistance,94,94.0,1.0,0.9787234042553191,0.9774904214559387,0.9774904214559387,,,,,,,,,,,,,,,
sequence,Mona_1_20260624_123312,classification,assistance_type_given_ground_truth_assistance,36,36.0,1.0,0.8333333333333334,0.8328173374613004,0.8328173374613004,,,,,,,,,,,,,,,
sequence,Mona_1_20260624_123312,classification,receiving_hand_given_ground_truth_handover,22,22.0,1.0,0.7272727272727273,0.4210526315789474,0.8421052631578948,,,,,,,,,,,,,,,
sequence,Mona_1_20260624_123312,pose,learned_end_to_end,15,15.0,1.0,,,,19.11560805671631,11.432851848501675,24.402997735292697,52.556547580988315,25.43030430641917,,,,,,,,,,
sequence,Mona_1_20260624_123312,pose,learned_oracle_hand,14,15.0,0.9333333333333333,,,,17.645362762318598,10.713798818035944,22.942928912799303,42.944189509908526,24.453547747794765,,,,,,,,,,
sequence,Mona_1_20260624_123312,pose,persistence,14,15.0,0.9333333333333333,,,,15.773537531708227,0.8350242404254855,25.579436110435044,35.96069678191221,3.7142680236227994,,,,,,,,,,
sequence,Mona_1_20260624_123312,pose,constant_velocity,14,15.0,0.9333333333333333,,,,36.4147533766921,12.364914058885773,58.38214824907681,35.96069678191221,3.7142680236227994,,,,,,,,,,
sequence,Mona_1_20260624_123312,pose_fair_common,learned_oracle_hand,14,15.0,0.9333333333333333,,,,17.645362762318598,10.713798818035944,22.942928912799303,42.944189509908526,24.453547747794765,,,,,,,,,,
sequence,Mona_1_20260624_123312,pose_fair_common,persistence,14,15.0,0.9333333333333333,,,,15.773537531708227,0.8350242404254855,25.579436110435044,35.96069678191221,3.7142680236227994,,,,,,,,,,
sequence,Mona_1_20260624_123312,pose_fair_common,constant_velocity,14,15.0,0.9333333333333333,,,,36.4147533766921,12.364914058885773,58.38214824907681,35.96069678191221,3.7142680236227994,,,,,,,,,,
sequence,Mona_1_20260624_123312,paired_pose_difference,learned_end_to_end_minus_persistence,14,15.0,0.9333333333333333,,,,,,,,,2.151523058440659,2.4448181010501417,9.64069854237286,0.21428571428571427,,,,,,
sequence,Mona_1_20260624_123312,paired_pose_difference,learned_end_to_end_minus_constant_velocity,14,15.0,0.9333333333333333,,,,,,,,,-18.48969278654321,-0.015853461564148796,9.64069854237286,0.5,,,,,,
sequence,Mona_1_20260624_123312,paired_pose_difference,learned_oracle_hand_minus_persistence,14,15.0,0.9333333333333333,,,,,,,,,1.8718252306103718,1.5896289030452544,6.983492727996311,0.2857142857142857,,,,,,
sequence,Mona_1_20260624_123312,paired_pose_difference,learned_oracle_hand_minus_constant_velocity,14,15.0,0.9333333333333333,,,,,,,,,-18.769390614373496,-0.015853461564148796,6.983492727996311,0.5,,,,,,
sequence,Mona_3_20260624_123548,classification,intention,105,105.0,1.0,0.9142857142857143,0.857649558679307,0.857649558679307,,,,,,,,,,,,,,,
sequence,Mona_3_20260624_123548,classification,assistance,105,105.0,1.0,0.9428571428571428,0.9285390199637024,0.9285390199637024,,,,,,,,,,,,,,,
sequence,Mona_3_20260624_123548,classification,assistance_type_given_ground_truth_assistance,29,29.0,1.0,0.896551724137931,0.8919254658385094,0.8919254658385094,,,,,,,,,,,,,,,
sequence,Mona_3_20260624_123548,classification,receiving_hand_given_ground_truth_handover,13,13.0,1.0,0.8461538461538461,0.4583333333333333,0.9166666666666666,,,,,,,,,,,,,,,
sequence,Mona_3_20260624_123548,pose,learned_end_to_end,10,10.0,1.0,,,,14.006814154582614,8.153383318044737,17.81739976735254,58.224029894464664,18.34192636451477,,,,,,,,,,
sequence,Mona_3_20260624_123548,pose,learned_oracle_hand,9,10.0,0.9,,,,13.677802610031996,7.489084177505865,17.814236040710966,39.899087257098955,16.779079444598302,,,,,,,,,,
sequence,Mona_3_20260624_123548,pose,persistence,9,10.0,0.9,,,,11.871643851070273,1.1300895702400164,20.829446783567967,27.561595634976033,3.915491685751821,,,,,,,,,,
sequence,Mona_3_20260624_123548,pose,constant_velocity,8,10.0,0.8,,,,36.058540924026865,3.5192937370364206,61.80528692027161,16.243313130150888,2.969169589718642,,,,,,,,,,
sequence,Mona_3_20260624_123548,pose_fair_common,learned_oracle_hand,8,10.0,0.8,,,,12.332478884417425,7.207321686347175,16.80323729981374,30.791441181914763,16.590866563460438,,,,,,,,,,
sequence,Mona_3_20260624_123548,pose_fair_common,persistence,8,10.0,0.8,,,,7.196890655997292,1.086995443061991,13.589022940648295,16.243313130150888,2.969169589718642,,,,,,,,,,
sequence,Mona_3_20260624_123548,pose_fair_common,constant_velocity,8,10.0,0.8,,,,36.058540924026865,3.5192937370364206,61.80528692027161,16.243313130150888,2.969169589718642,,,,,,,,,,
sequence,Mona_3_20260624_123548,paired_pose_difference,learned_end_to_end_minus_persistence,9,10.0,0.9,,,,,,,,,0.7901834707849313,4.347051043140038,18.864399939439195,0.1111111111111111,,,,,,
sequence,Mona_3_20260624_123548,paired_pose_difference,learned_end_to_end_minus_constant_velocity,8,10.0,0.8,,,,,,,,,-23.726062039609438,0.7595865250841551,14.548128051763875,0.375,,,,,,
sequence,Mona_3_20260624_123548,paired_pose_difference,learned_oracle_hand_minus_persistence,9,10.0,0.9,,,,,,,,,1.8061587589617258,4.347051043140038,12.33749162212292,0.1111111111111111,,,,,,
sequence,Mona_3_20260624_123548,paired_pose_difference,learned_oracle_hand_minus_constant_velocity,8,10.0,0.8,,,,,,,,,-23.726062039609438,0.7595865250841551,14.548128051763875,0.375,,,,,,
sequence,Mona_4_20260624_123706,classification,intention,109,109.0,1.0,0.8807339449541285,0.7884615384615384,0.7884615384615384,,,,,,,,,,,,,,,
sequence,Mona_4_20260624_123706,classification,assistance,109,109.0,1.0,0.926605504587156,0.9098428453267164,0.9098428453267164,,,,,,,,,,,,,,,
sequence,Mona_4_20260624_123706,classification,assistance_type_given_ground_truth_assistance,27,27.0,1.0,0.8148148148148148,0.8137931034482759,0.8137931034482759,,,,,,,,,,,,,,,
sequence,Mona_4_20260624_123706,classification,receiving_hand_given_ground_truth_handover,10,10.0,1.0,1.0,0.5,1.0,,,,,,,,,,,,,,,
sequence,Mona_4_20260624_123706,pose,learned_end_to_end,7,7.0,1.0,,,,6.650004066853709,7.197689889838749,7.563652771664334,12.908605304742911,9.143445984681817,,,,,,,,,,
sequence,Mona_4_20260624_123706,pose,learned_oracle_hand,7,7.0,1.0,,,,6.650004066853709,7.197689889838749,7.563652771664334,12.908605304742911,9.143445984681817,,,,,,,,,,
sequence,Mona_4_20260624_123706,pose,persistence,7,7.0,1.0,,,,1.9079298078127949,0.4260492030836658,3.7788113003170056,4.153109229109856,1.113590950117431,,,,,,,,,,
sequence,Mona_4_20260624_123706,pose,constant_velocity,7,7.0,1.0,,,,3.295568391612505,2.0843222118886127,4.482385085990529,4.153109229109856,1.113590950117431,,,,,,,,,,
sequence,Mona_4_20260624_123706,pose_fair_common,learned_oracle_hand,7,7.0,1.0,,,,6.650004066853709,7.197689889838749,7.563652771664334,12.908605304742911,9.143445984681817,,,,,,,,,,
sequence,Mona_4_20260624_123706,pose_fair_common,persistence,7,7.0,1.0,,,,1.9079298078127949,0.4260492030836658,3.7788113003170056,4.153109229109856,1.113590950117431,,,,,,,,,,
sequence,Mona_4_20260624_123706,pose_fair_common,constant_velocity,7,7.0,1.0,,,,3.295568391612505,2.0843222118886127,4.482385085990529,4.153109229109856,1.113590950117431,,,,,,,,,,
sequence,Mona_4_20260624_123706,paired_pose_difference,learned_end_to_end_minus_persistence,7,7.0,1.0,,,,,,,,,4.742074259040914,3.606453269729572,8.755496075633056,0.0,,,,,,
sequence,Mona_4_20260624_123706,paired_pose_difference,learned_end_to_end_minus_constant_velocity,7,7.0,1.0,,,,,,,,,3.354435675241205,2.8712646739991143,8.755496075633056,0.14285714285714285,,,,,,
sequence,Mona_4_20260624_123706,paired_pose_difference,learned_oracle_hand_minus_persistence,7,7.0,1.0,,,,,,,,,4.742074259040914,3.606453269729572,8.755496075633056,0.0,,,,,,
sequence,Mona_4_20260624_123706,paired_pose_difference,learned_oracle_hand_minus_constant_velocity,7,7.0,1.0,,,,,,,,,3.354435675241205,2.8712646739991143,8.755496075633056,0.14285714285714285,,,,,,
sequence,Mona_5_20260624_123814,classification,intention,125,125.0,1.0,0.984,0.9744444444444444,0.9744444444444444,,,,,,,,,,,,,,,
sequence,Mona_5_20260624_123814,classification,assistance,125,125.0,1.0,0.984,0.9750000000000001,0.9750000000000001,,,,,,,,,,,,,,,
sequence,Mona_5_20260624_123814,classification,assistance_type_given_ground_truth_assistance,26,26.0,1.0,1.0,1.0,1.0,,,,,,,,,,,,,,,
sequence,Mona_5_20260624_123814,classification,receiving_hand_given_ground_truth_handover,10,10.0,1.0,0.8,0.4444444444444445,0.888888888888889,,,,,,,,,,,,,,,
sequence,Mona_5_20260624_123814,pose,learned_end_to_end,7,7.0,1.0,,,,19.820308441913397,20.298218334903144,25.221631450757812,65.19660873132791,18.169953401379374,,,,,,,,,,
sequence,Mona_5_20260624_123814,pose,learned_oracle_hand,7,7.0,1.0,,,,20.99148793101495,20.298218334903144,26.969743639646026,39.69535215122247,18.169953401379374,,,,,,,,,,
sequence,Mona_5_20260624_123814,pose,persistence,7,7.0,1.0,,,,24.40924971961533,19.049871039190688,34.06277195519665,48.6542042530473,26.22323234248475,,,,,,,,,,
sequence,Mona_5_20260624_123814,pose,constant_velocity,7,7.0,1.0,,,,60.612360396914774,61.19793241197216,76.38157758415518,48.6542042530473,26.22323234248475,,,,,,,,,,
sequence,Mona_5_20260624_123814,pose_fair_common,learned_oracle_hand,7,7.0,1.0,,,,20.99148793101495,20.298218334903144,26.969743639646026,39.69535215122247,18.169953401379374,,,,,,,,,,
sequence,Mona_5_20260624_123814,pose_fair_common,persistence,7,7.0,1.0,,,,24.40924971961533,19.049871039190688,34.06277195519665,48.6542042530473,26.22323234248475,,,,,,,,,,
sequence,Mona_5_20260624_123814,pose_fair_common,constant_velocity,7,7.0,1.0,,,,60.612360396914774,61.19793241197216,76.38157758415518,48.6542042530473,26.22323234248475,,,,,,,,,,
sequence,Mona_5_20260624_123814,paired_pose_difference,learned_end_to_end_minus_persistence,7,7.0,1.0,,,,,,,,,-4.5889412777019345,1.2483472957124562,16.54240447828062,0.42857142857142855,,,,,,
sequence,Mona_5_20260624_123814,paired_pose_difference,learned_end_to_end_minus_constant_velocity,7,7.0,1.0,,,,,,,,,-40.792051955001384,-33.66171500692886,16.54240447828062,0.8571428571428571,,,,,,
sequence,Mona_5_20260624_123814,paired_pose_difference,learned_oracle_hand_minus_persistence,7,7.0,1.0,,,,,,,,,-3.41776178860038,1.2483472957124562,-8.958852101824826,0.42857142857142855,,,,,,
sequence,Mona_5_20260624_123814,paired_pose_difference,learned_oracle_hand_minus_constant_velocity,7,7.0,1.0,,,,,,,,,-39.62087246589983,-31.008878687230254,-8.958852101824826,0.8571428571428571,,,,,,
sequence,Mona_6_20260624_123930,classification,intention,124,124.0,1.0,0.9354838709677419,0.8077441077441078,0.8077441077441078,,,,,,,,,,,,,,,
sequence,Mona_6_20260624_123930,classification,assistance,124,124.0,1.0,0.9838709677419355,0.974949494949495,0.974949494949495,,,,,,,,,,,,,,,
sequence,Mona_6_20260624_123930,classification,assistance_type_given_ground_truth_assistance,26,26.0,1.0,0.7692307692307693,0.7562500000000001,0.7562500000000001,,,,,,,,,,,,,,,
sequence,Mona_6_20260624_123930,classification,receiving_hand_given_ground_truth_handover,11,11.0,1.0,0.6363636363636364,0.3888888888888889,0.7777777777777778,,,,,,,,,,,,,,,
sequence,Mona_6_20260624_123930,pose,learned_end_to_end,7,7.0,1.0,,,,15.303034578370683,21.496856004979488,18.500541129258924,82.49020816112089,43.393070919401495,,,,,,,,,,
sequence,Mona_6_20260624_123930,pose,learned_oracle_hand,6,7.0,0.8571428571428571,,,,20.74074904019008,16.252169597534753,27.651521094684938,58.69002473366755,29.395727064321765,,,,,,,,,,
sequence,Mona_6_20260624_123930,pose,persistence,6,7.0,0.8571428571428571,,,,21.926599912362317,14.026183505827971,30.91450692786228,50.236617339372465,27.938923591486525,,,,,,,,,,
sequence,Mona_6_20260624_123930,pose,constant_velocity,6,7.0,0.8571428571428571,,,,79.91396385423307,75.39387850967151,101.31153867579171,50.236617339372465,27.938923591486525,,,,,,,,,,
sequence,Mona_6_20260624_123930,pose_fair_common,learned_oracle_hand,6,7.0,0.8571428571428571,,,,20.74074904019008,16.252169597534753,27.651521094684938,58.69002473366755,29.395727064321765,,,,,,,,,,
sequence,Mona_6_20260624_123930,pose_fair_common,persistence,6,7.0,0.8571428571428571,,,,21.926599912362317,14.026183505827971,30.91450692786228,50.236617339372465,27.938923591486525,,,,,,,,,,
sequence,Mona_6_20260624_123930,pose_fair_common,constant_velocity,6,7.0,0.8571428571428571,,,,79.91396385423307,75.39387850967151,101.31153867579171,50.236617339372465,27.938923591486525,,,,,,,,,,
sequence,Mona_6_20260624_123930,paired_pose_difference,learned_end_to_end_minus_persistence,6,7.0,0.8571428571428571,,,,,,,,,-8.273632952255523,0.5987011042711569,16.673713540361728,0.3333333333333333,,,,,,
sequence,Mona_6_20260624_123930,paired_pose_difference,learned_end_to_end_minus_constant_velocity,6,7.0,0.8571428571428571,,,,,,,,,-66.26099689412628,-60.43873446652705,16.673713540361728,0.8333333333333334,,,,,,
sequence,Mona_6_20260624_123930,paired_pose_difference,learned_oracle_hand_minus_persistence,6,7.0,0.8571428571428571,,,,,,,,,-1.185850872172232,0.5987011042711569,8.453407394295093,0.3333333333333333,,,,,,
sequence,Mona_6_20260624_123930,paired_pose_difference,learned_oracle_hand_minus_constant_velocity,6,7.0,0.8571428571428571,,,,,,,,,-59.173214814043,-60.43873446652705,8.453407394295093,0.8333333333333334,,,,,,
sequence,Mona_7_20260624_124051,classification,intention,123,123.0,1.0,0.8617886178861789,0.7415661916940689,0.7415661916940689,,,,,,,,,,,,,,,
sequence,Mona_7_20260624_124051,classification,assistance,123,123.0,1.0,0.9024390243902439,0.8706171107994389,0.8706171107994389,,,,,,,,,,,,,,,
sequence,Mona_7_20260624_124051,classification,assistance_type_given_ground_truth_assistance,29,29.0,1.0,0.8275862068965517,0.8267622461170847,0.8267622461170847,,,,,,,,,,,,,,,
sequence,Mona_7_20260624_124051,classification,receiving_hand_given_ground_truth_handover,11,11.0,1.0,1.0,0.5,1.0,,,,,,,,,,,,,,,
sequence,Mona_7_20260624_124051,pose,learned_end_to_end,7,7.0,1.0,,,,6.017320968684773,5.697719701367958,6.2114678939606085,11.867698015359094,13.865033239335077,,,,,,,,,,
sequence,Mona_7_20260624_124051,pose,learned_oracle_hand,7,7.0,1.0,,,,6.017320968684773,5.697719701367958,6.2114678939606085,11.867698015359094,13.865033239335077,,,,,,,,,,
sequence,Mona_7_20260624_124051,pose,persistence,7,7.0,1.0,,,,2.5328276848517737,2.01667806882346,3.3115392726974218,3.518601747702897,2.3819060291891967,,,,,,,,,,
sequence,Mona_7_20260624_124051,pose,constant_velocity,7,7.0,1.0,,,,13.453438506592022,3.444942549407235,25.738677397154557,3.518601747702897,2.3819060291891967,,,,,,,,,,
sequence,Mona_7_20260624_124051,pose_fair_common,learned_oracle_hand,7,7.0,1.0,,,,6.017320968684773,5.697719701367958,6.2114678939606085,11.867698015359094,13.865033239335077,,,,,,,,,,
sequence,Mona_7_20260624_124051,pose_fair_common,persistence,7,7.0,1.0,,,,2.5328276848517737,2.01667806882346,3.3115392726974218,3.518601747702897,2.3819060291891967,,,,,,,,,,
sequence,Mona_7_20260624_124051,pose_fair_common,constant_velocity,7,7.0,1.0,,,,13.453438506592022,3.444942549407235,25.738677397154557,3.518601747702897,2.3819060291891967,,,,,,,,,,
sequence,Mona_7_20260624_124051,paired_pose_difference,learned_end_to_end_minus_persistence,7,7.0,1.0,,,,,,,,,3.484493283832998,3.6810416325444977,8.349096267656197,0.0,,,,,,
sequence,Mona_7_20260624_124051,paired_pose_difference,learned_end_to_end_minus_constant_velocity,7,7.0,1.0,,,,,,,,,-7.436117537907249,2.296268043256996,8.349096267656197,0.2857142857142857,,,,,,
sequence,Mona_7_20260624_124051,paired_pose_difference,learned_oracle_hand_minus_persistence,7,7.0,1.0,,,,,,,,,3.484493283832998,3.6810416325444977,8.349096267656197,0.0,,,,,,
sequence,Mona_7_20260624_124051,paired_pose_difference,learned_oracle_hand_minus_constant_velocity,7,7.0,1.0,,,,,,,,,-7.436117537907249,2.296268043256996,8.349096267656197,0.2857142857142857,,,,,,
sequence,Mona_8_20260624_124414,classification,intention,149,149.0,1.0,0.9463087248322147,0.8452333384560218,0.8452333384560218,,,,,,,,,,,,,,,
sequence,Mona_8_20260624_124414,classification,assistance,149,149.0,1.0,0.9798657718120806,0.9674601441362743,0.9674601441362743,,,,,,,,,,,,,,,
sequence,Mona_8_20260624_124414,classification,assistance_type_given_ground_truth_assistance,27,27.0,1.0,0.8148148148148148,0.8148148148148148,0.8148148148148148,,,,,,,,,,,,,,,
sequence,Mona_8_20260624_124414,classification,receiving_hand_given_ground_truth_handover,13,13.0,1.0,0.8461538461538461,0.4583333333333333,0.9166666666666666,,,,,,,,,,,,,,,
sequence,Mona_8_20260624_124414,pose,learned_end_to_end,9,9.0,1.0,,,,16.786070746055103,7.7502217840401055,21.63954135528041,56.965491495279316,20.22735427694004,,,,,,,,,,
sequence,Mona_8_20260624_124414,pose,learned_oracle_hand,9,9.0,1.0,,,,17.52706446146322,7.7502217840401055,22.799763118354303,44.84639091766849,20.22735427694004,,,,,,,,,,
sequence,Mona_8_20260624_124414,pose,persistence,9,9.0,1.0,,,,21.251482408033315,7.8497922878021935,31.166025954242254,48.562730823442266,11.230743770129202,,,,,,,,,,
sequence,Mona_8_20260624_124414,pose,constant_velocity,9,9.0,1.0,,,,47.423060179882,52.34968652837617,62.495698437202726,48.562730823442266,11.230743770129202,,,,,,,,,,
sequence,Mona_8_20260624_124414,pose_fair_common,learned_oracle_hand,9,9.0,1.0,,,,17.52706446146322,7.7502217840401055,22.799763118354303,44.84639091766849,20.22735427694004,,,,,,,,,,
sequence,Mona_8_20260624_124414,pose_fair_common,persistence,9,9.0,1.0,,,,21.251482408033315,7.8497922878021935,31.166025954242254,48.562730823442266,11.230743770129202,,,,,,,,,,
sequence,Mona_8_20260624_124414,pose_fair_common,constant_velocity,9,9.0,1.0,,,,47.423060179882,52.34968652837617,62.495698437202726,48.562730823442266,11.230743770129202,,,,,,,,,,
sequence,Mona_8_20260624_124414,paired_pose_difference,learned_end_to_end_minus_persistence,9,9.0,1.0,,,,,,,,,-4.465411661978211,-0.9717087907178872,8.402760671837052,0.5555555555555556,,,,,,
sequence,Mona_8_20260624_124414,paired_pose_difference,learned_end_to_end_minus_constant_velocity,9,9.0,1.0,,,,,,,,,-30.636989433826898,-27.492730512874033,8.402760671837052,0.6666666666666666,,,,,,
sequence,Mona_8_20260624_124414,paired_pose_difference,learned_oracle_hand_minus_persistence,9,9.0,1.0,,,,,,,,,-3.7244179465700924,-0.9717087907178872,-3.7163399057737783,0.5555555555555556,,,,,,
sequence,Mona_8_20260624_124414,paired_pose_difference,learned_oracle_hand_minus_constant_velocity,9,9.0,1.0,,,,,,,,,-29.895995718418778,-27.492730512874033,-3.7163399057737783,0.6666666666666666,,,,,,
participant,Edu,classification,intention,703,703.0,1.0,0.8595639917150846,0.8362413818723445,0.8362413818723445,,,,,,,,,,,,,,,
participant,Edu,classification,assistance,703,703.0,1.0,0.8970574254700652,0.8812476284421703,0.8812476284421703,,,,,,,,,,,,,,,
participant,Edu,classification,assistance_type_given_ground_truth_assistance,253,253.0,1.0,0.9083026027470472,0.8914210864354808,0.8914210864354808,,,,,,,,,,,,,,,
participant,Edu,classification,receiving_hand_given_ground_truth_handover,132,132.0,1.0,0.9099326599326599,0.4658385093167701,0.9316770186335402,,,,,,,,,,,,,,,
participant,Edu,pose,learned_end_to_end,94,94.0,1.0,,,,19.27424241526762,18.414386061309603,22.62966438703322,54.88064350551549,44.138655590406984,,,,,,,,,,
participant,Edu,pose,learned_oracle_hand,94,94.0,1.0,,,,18.789211547857924,17.877403702188808,22.056581216201486,53.04146020917125,42.776569583642555,,,,,,,,,,
participant,Edu,pose,persistence,94,94.0,1.0,,,,20.450469258997277,18.957000638395606,24.964843707206217,66.8333608602656,62.3992207457811,,,,,,,,,,
participant,Edu,pose,constant_velocity,94,94.0,1.0,,,,39.47552523955252,37.02739625409101,45.882428415869086,66.8333608602656,62.3992207457811,,,,,,,,,,
participant,Edu,pose_fair_common,learned_oracle_hand,94,94.0,1.0,,,,18.789211547857924,17.877403702188808,22.056581216201486,53.04146020917125,42.776569583642555,,,,,,,,,,
participant,Edu,pose_fair_common,persistence,94,94.0,1.0,,,,20.450469258997277,18.957000638395606,24.964843707206217,66.8333608602656,62.3992207457811,,,,,,,,,,
participant,Edu,pose_fair_common,constant_velocity,94,94.0,1.0,,,,39.47552523955252,37.02739625409101,45.882428415869086,66.8333608602656,62.3992207457811,,,,,,,,,,
participant,Edu,paired_pose_difference,learned_end_to_end_minus_constant_velocity,94,,1.0,,,,,,,,,-20.2012828242849,-11.796373092217006,-11.952717354750117,0.8317708333333333,,,,,,
participant,Edu,paired_pose_difference,learned_end_to_end_minus_persistence,94,,1.0,,,,,,,,,-1.1762268437296606,-0.11687210243442306,-11.952717354750117,0.5329282407407407,,,,,,
participant,Edu,paired_pose_difference,learned_oracle_hand_minus_constant_velocity,94,,1.0,,,,,,,,,-20.68631369169459,-11.796373092217006,-13.79190065109436,0.8317708333333333,,,,,,
participant,Edu,paired_pose_difference,learned_oracle_hand_minus_persistence,94,,1.0,,,,,,,,,-1.6612577111393523,-0.30745960688889173,-13.79190065109436,0.5468171296296296,,,,,,
participant,Jona,classification,intention,667,667.0,1.0,0.8642583613169893,0.8430094586193989,0.8430094586193989,,,,,,,,,,,,,,,
participant,Jona,classification,assistance,667,667.0,1.0,0.8765745880208206,0.864998479300896,0.864998479300896,,,,,,,,,,,,,,,
participant,Jona,classification,assistance_type_given_ground_truth_assistance,194,194.0,1.0,0.9566326530612245,0.9557519107943556,0.9557519107943556,,,,,,,,,,,,,,,
participant,Jona,classification,receiving_hand_given_ground_truth_handover,82,82.0,1.0,1.0,0.5,1.0,,,,,,,,,,,,,,,
participant,Jona,pose,learned_end_to_end,61,61.0,1.0,,,,10.985585558930962,6.471097558072045,15.177344679286989,25.596323247763422,16.652495753467793,,,,,,,,,,
participant,Jona,pose,learned_oracle_hand,61,61.0,1.0,,,,10.985585558930962,6.471097558072045,15.177344679286989,25.596323247763422,16.652495753467793,,,,,,,,,,
participant,Jona,pose,persistence,61,61.0,1.0,,,,9.833112064304515,4.34308805601892,15.547223584591876,25.650177937880652,12.628485533932109,,,,,,,,,,
participant,Jona,pose,constant_velocity,61,61.0,1.0,,,,23.709157785594318,15.020617677881058,33.776523167504415,25.650177937880652,12.628485533932109,,,,,,,,,,
participant,Jona,pose_fair_common,learned_oracle_hand,61,61.0,1.0,,,,10.985585558930962,6.471097558072045,15.177344679286989,25.596323247763422,16.652495753467793,,,,,,,,,,
participant,Jona,pose_fair_common,persistence,61,61.0,1.0,,,,9.833112064304515,4.34308805601892,15.547223584591876,25.650177937880652,12.628485533932109,,,,,,,,,,
participant,Jona,pose_fair_common,constant_velocity,61,61.0,1.0,,,,23.709157785594318,15.020617677881058,33.776523167504415,25.650177937880652,12.628485533932109,,,,,,,,,,
participant,Jona,paired_pose_difference,learned_end_to_end_minus_constant_velocity,61,,1.0,,,,,,,,,-12.72357222666335,-5.468644159623389,-0.05385469011723032,0.6559523809523808,,,,,,
participant,Jona,paired_pose_difference,learned_end_to_end_minus_persistence,61,,1.0,,,,,,,,,1.1524734946264492,1.5365884506043872,-0.05385469011723032,0.22420634920634924,,,,,,
participant,Jona,paired_pose_difference,learned_oracle_hand_minus_constant_velocity,61,,1.0,,,,,,,,,-12.72357222666335,-5.468644159623389,-0.05385469011723032,0.6559523809523808,,,,,,
participant,Jona,paired_pose_difference,learned_oracle_hand_minus_persistence,61,,1.0,,,,,,,,,1.1524734946264492,1.5365884506043872,-0.05385469011723032,0.22420634920634924,,,,,,
participant,Mona,classification,intention,829,829.0,1.0,0.9196420699924649,0.8399460461875682,0.8399460461875682,,,,,,,,,,,,,,,
participant,Mona,classification,assistance,829,829.0,1.0,0.9569088308062682,0.9434141480902237,0.9434141480902237,,,,,,,,,,,,,,,
participant,Mona,classification,assistance_type_given_ground_truth_assistance,200,200.0,1.0,0.8509045233183165,0.8480518525257121,0.8480518525257121,,,,,,,,,,,,,,,
participant,Mona,classification,receiving_hand_given_ground_truth_handover,90,90.0,1.0,0.8365634365634366,0.4530075187969925,0.906015037593985,,,,,,,,,,,,,,,
participant,Mona,pose,learned_end_to_end,62,62.0,1.0,,,,13.957023001882371,11.718134411667979,17.33674744336676,48.60131274046902,21.224441213238823,,,,,,,,,,
participant,Mona,pose,learned_oracle_hand,59,62.0,0.9557823129251701,,,,14.74997026293676,10.771271757603788,18.850473353117213,35.83590684138114,18.862020165578734,,,,,,,,,,
participant,Mona,pose,persistence,59,62.0,0.9557823129251701,,,,14.239038702207719,6.4762411307704975,21.377505472045517,31.23536511565186,10.931165198968817,,,,,,,,,,
participant,Mona,pose,constant_velocity,58,62.0,0.9414965986394558,,,,39.59595508999333,30.050710001033984,55.79961604994902,29.61846761496255,10.795976328106933,,,,,,,,,,
participant,Mona,pose_fair_common,learned_oracle_hand,58,62.0,0.9414965986394558,,,,14.557781159277539,10.731019973152545,18.706044961560462,34.534814544926256,18.83513261113047,,,,,,,,,,
participant,Mona,pose_fair_common,persistence,58,62.0,0.9414965986394558,,,,13.571216817197293,6.470084826887922,20.34315920877128,29.61846761496255,10.795976328106933,,,,,,,,,,
participant,Mona,pose_fair_common,constant_velocity,58,62.0,0.9414965986394558,,,,39.59595508999333,30.050710001033984,55.79961604994902,29.61846761496255,10.795976328106933,,,,,,,,,,
participant,Mona,paired_pose_difference,learned_end_to_end_minus_constant_velocity,58,,0.9414965986394558,,,,,,,,,-26.283924995967606,-16.525987743650546,11.844613946843626,0.5229591836734694,,,,,,
participant,Mona,paired_pose_difference,learned_end_to_end_minus_persistence,59,,0.9557823129251701,,,,,,,,,-0.8799588314051666,2.1363862365328536,12.46122421651153,0.2346938775510204,,,,,,
participant,Mona,paired_pose_difference,learned_oracle_hand_minus_constant_velocity,58,,0.9414965986394558,,,,,,,,,-25.0381739307158,-16.147011126550744,4.916346929963704,0.5229591836734694,,,,,,
participant,Mona,paired_pose_difference,learned_oracle_hand_minus_persistence,59,,0.9557823129251701,,,,,,,,,0.5109315607290433,2.0142163511035838,4.600541725729282,0.24489795918367346,,,,,,
receiving_hand,left,classification,intention,829,829.0,1.0,0.9215922798552473,0.8363375948857459,0.8363375948857459,,,,,,,,,,,,,,,
receiving_hand,left,classification,assistance,829,829.0,1.0,0.9577804583835947,0.9433872437402077,0.9433872437402077,,,,,,,,,,,,,,,
receiving_hand,left,classification,assistance_type_given_ground_truth_assistance,200,200.0,1.0,0.85,0.8484848484848485,0.8484848484848485,,,,,,,,,,,,,,,
receiving_hand,left,classification,receiving_hand_given_ground_truth_handover,90,90.0,1.0,0.8222222222222222,0.45121951219512196,0.9024390243902439,,,,,,,,,,,,,,,
receiving_hand,left,pose,learned_end_to_end,62,62.0,1.0,,,,14.716315733900398,8.227043800596402,19.609478787079844,49.84709318717485,18.02447106853483,,,,,,,,,,
receiving_hand,left,pose,learned_oracle_hand,59,62.0,0.9516129032258065,,,,15.049746903778509,7.7502217840401055,20.68882655478567,36.73507954937123,17.41819403839403,,,,,,,,,,
receiving_hand,left,pose,persistence,59,62.0,0.9516129032258065,,,,14.448259520948824,1.656448147613295,24.646606113815626,31.93677633419984,3.620143296814719,,,,,,,,,,
receiving_hand,left,pose,constant_velocity,58,62.0,0.9354838709677419,,,,38.725789146139235,8.410033419744007,61.67635160192214,30.45106806972782,3.4149746979593925,,,,,,,,,,
receiving_hand,left,pose_fair_common,learned_oracle_hand,58,62.0,0.9354838709677419,,,,14.887839222551436,7.619652980772985,20.618159190395982,35.42430064748845,17.098636741496165,,,,,,,,,,
receiving_hand,left,pose_fair_common,persistence,58,62.0,0.9354838709677419,,,,13.847890384902183,1.6346472882057104,24.001564625331948,30.45106806972782,3.4149746979593925,,,,,,,,,,
receiving_hand,left,pose_fair_common,constant_velocity,58,62.0,0.9354838709677419,,,,38.725789146139235,8.410033419744007,61.67635160192214,30.45106806972782,3.4149746979593925,,,,,,,,,,
receiving_hand,left,paired_pose_difference,learned_end_to_end_minus_persistence,59,62.0,0.9516129032258065,,,,,,,,,-0.45990075864236574,2.8858548468964433,12.134669221828231,0.23728813559322035,,,,,,
receiving_hand,left,paired_pose_difference,learned_end_to_end_minus_constant_velocity,58,62.0,0.9354838709677419,,,,,,,,,-24.759986522781936,-0.8466944610174978,11.423291535293517,0.5172413793103449,,,,,,
receiving_hand,left,paired_pose_difference,learned_oracle_hand_minus_persistence,59,62.0,0.9516129032258065,,,,,,,,,0.6014873828296824,2.8858548468964433,4.798303215171393,0.2542372881355932,,,,,,
receiving_hand,left,paired_pose_difference,learned_oracle_hand_minus_constant_velocity,58,62.0,0.9354838709677419,,,,,,,,,-23.837949923587804,-0.8466944610174978,4.973232577760636,0.5172413793103449,,,,,,
receiving_hand_sequence_balanced,left,classification,intention,829,829.0,1.0,0.9196420699924649,0.8399460461875682,0.8399460461875682,,,,,,,,,,,,,,,
receiving_hand_sequence_balanced,left,classification,assistance,829,829.0,1.0,0.9569088308062682,0.9434141480902237,0.9434141480902237,,,,,,,,,,,,,,,
receiving_hand_sequence_balanced,left,classification,assistance_type_given_ground_truth_assistance,200,200.0,1.0,0.8509045233183165,0.8480518525257121,0.8480518525257121,,,,,,,,,,,,,,,
receiving_hand_sequence_balanced,left,classification,receiving_hand_given_ground_truth_handover,90,90.0,1.0,0.8365634365634366,0.4530075187969925,0.906015037593985,,,,,,,,,,,,,,,
receiving_hand_sequence_balanced,left,pose,learned_end_to_end,62,62.0,1.0,,,,13.957023001882371,11.718134411667979,17.33674744336676,48.60131274046902,21.224441213238823,,,,,,,,,,
receiving_hand_sequence_balanced,left,pose,learned_oracle_hand,59,62.0,0.9557823129251701,,,,14.74997026293676,10.771271757603788,18.850473353117213,35.83590684138114,18.862020165578734,,,,,,,,,,
receiving_hand_sequence_balanced,left,pose,persistence,59,62.0,0.9557823129251701,,,,14.239038702207719,6.4762411307704975,21.377505472045517,31.23536511565186,10.931165198968817,,,,,,,,,,
receiving_hand_sequence_balanced,left,pose,constant_velocity,58,62.0,0.9414965986394558,,,,39.59595508999333,30.050710001033984,55.79961604994902,29.61846761496255,10.795976328106933,,,,,,,,,,
receiving_hand_sequence_balanced,left,pose_fair_common,learned_oracle_hand,58,62.0,0.9414965986394558,,,,14.557781159277539,10.731019973152545,18.706044961560462,34.534814544926256,18.83513261113047,,,,,,,,,,
receiving_hand_sequence_balanced,left,pose_fair_common,persistence,58,62.0,0.9414965986394558,,,,13.571216817197293,6.470084826887922,20.34315920877128,29.61846761496255,10.795976328106933,,,,,,,,,,
receiving_hand_sequence_balanced,left,pose_fair_common,constant_velocity,58,62.0,0.9414965986394558,,,,39.59595508999333,30.050710001033984,55.79961604994902,29.61846761496255,10.795976328106933,,,,,,,,,,
receiving_hand_sequence_balanced,left,paired_pose_difference,learned_end_to_end_minus_constant_velocity,58,,0.9414965986394558,,,,,,,,,-26.283924995967606,-16.525987743650546,11.844613946843626,0.5229591836734694,,,,,,
receiving_hand_sequence_balanced,left,paired_pose_difference,learned_end_to_end_minus_persistence,59,,0.9557823129251701,,,,,,,,,-0.8799588314051666,2.1363862365328536,12.46122421651153,0.2346938775510204,,,,,,
receiving_hand_sequence_balanced,left,paired_pose_difference,learned_oracle_hand_minus_constant_velocity,58,,0.9414965986394558,,,,,,,,,-25.0381739307158,-16.147011126550744,4.916346929963704,0.5229591836734694,,,,,,
receiving_hand_sequence_balanced,left,paired_pose_difference,learned_oracle_hand_minus_persistence,59,,0.9557823129251701,,,,,,,,,0.5109315607290433,2.0142163511035838,4.600541725729282,0.24489795918367346,,,,,,
receiving_hand_participant_balanced,left,classification,intention,829,829.0,1.0,0.9196420699924649,0.8399460461875682,0.8399460461875682,,,,,,,,,,,,,,,
receiving_hand_participant_balanced,left,classification,assistance,829,829.0,1.0,0.9569088308062682,0.9434141480902237,0.9434141480902237,,,,,,,,,,,,,,,
receiving_hand_participant_balanced,left,classification,assistance_type_given_ground_truth_assistance,200,200.0,1.0,0.8509045233183165,0.8480518525257121,0.8480518525257121,,,,,,,,,,,,,,,
receiving_hand_participant_balanced,left,classification,receiving_hand_given_ground_truth_handover,90,90.0,1.0,0.8365634365634366,0.4530075187969925,0.906015037593985,,,,,,,,,,,,,,,
receiving_hand_participant_balanced,left,pose,learned_end_to_end,62,62.0,1.0,,,,13.957023001882371,11.718134411667979,17.33674744336676,48.60131274046902,21.224441213238823,,,,,,,,,,
receiving_hand_participant_balanced,left,pose,learned_oracle_hand,59,62.0,0.9557823129251701,,,,14.74997026293676,10.771271757603788,18.850473353117213,35.83590684138114,18.862020165578734,,,,,,,,,,
receiving_hand_participant_balanced,left,pose,persistence,59,62.0,0.9557823129251701,,,,14.239038702207719,6.4762411307704975,21.377505472045517,31.23536511565186,10.931165198968817,,,,,,,,,,
receiving_hand_participant_balanced,left,pose,constant_velocity,58,62.0,0.9414965986394558,,,,39.59595508999333,30.050710001033984,55.79961604994902,29.61846761496255,10.795976328106933,,,,,,,,,,
receiving_hand_participant_balanced,left,pose_fair_common,learned_oracle_hand,58,62.0,0.9414965986394558,,,,14.557781159277539,10.731019973152545,18.706044961560462,34.534814544926256,18.83513261113047,,,,,,,,,,
receiving_hand_participant_balanced,left,pose_fair_common,persistence,58,62.0,0.9414965986394558,,,,13.571216817197293,6.470084826887922,20.34315920877128,29.61846761496255,10.795976328106933,,,,,,,,,,
receiving_hand_participant_balanced,left,pose_fair_common,constant_velocity,58,62.0,0.9414965986394558,,,,39.59595508999333,30.050710001033984,55.79961604994902,29.61846761496255,10.795976328106933,,,,,,,,,,
receiving_hand_participant_balanced,left,paired_pose_difference,learned_end_to_end_minus_constant_velocity,58,,0.9414965986394558,,,,,,,,,-26.283924995967606,-16.525987743650546,11.844613946843626,0.5229591836734694,,,,,,
receiving_hand_participant_balanced,left,paired_pose_difference,learned_end_to_end_minus_persistence,59,,0.9557823129251701,,,,,,,,,-0.8799588314051666,2.1363862365328536,12.46122421651153,0.2346938775510204,,,,,,
receiving_hand_participant_balanced,left,paired_pose_difference,learned_oracle_hand_minus_constant_velocity,58,,0.9414965986394558,,,,,,,,,-25.0381739307158,-16.147011126550744,4.916346929963704,0.5229591836734694,,,,,,
receiving_hand_participant_balanced,left,paired_pose_difference,learned_oracle_hand_minus_persistence,59,,0.9557823129251701,,,,,,,,,0.5109315607290433,2.0142163511035838,4.600541725729282,0.24489795918367346,,,,,,
receiving_hand,right,classification,intention,1370,1370.0,1.0,0.864963503649635,0.8285687824326353,0.8285687824326353,,,,,,,,,,,,,,,
receiving_hand,right,classification,assistance,1370,1370.0,1.0,0.8897810218978102,0.8824101847888675,0.8824101847888675,,,,,,,,,,,,,,,
receiving_hand,right,classification,assistance_type_given_ground_truth_assistance,447,447.0,1.0,0.9239373601789709,0.9239187024429316,0.9239187024429316,,,,,,,,,,,,,,,
receiving_hand,right,classification,receiving_hand_given_ground_truth_handover,214,214.0,1.0,0.9579439252336449,0.4892601431980907,0.9785202863961814,,,,,,,,,,,,,,,
receiving_hand,right,pose,learned_end_to_end,155,155.0,1.0,,,,15.308671875124316,11.178417592032744,20.069259410392462,41.435639091089755,22.25789917851897,,,,,,,,,,
receiving_hand,right,pose,learned_oracle_hand,155,155.0,1.0,,,,15.083367214134007,11.178417592032744,19.667365322809292,40.58130878569114,22.25789917851897,,,,,,,,,,
receiving_hand,right,pose,persistence,155,155.0,1.0,,,,15.16207519881861,9.002809895157666,21.640102004082113,46.38882810154139,23.95773624269273,,,,,,,,,,
receiving_hand,right,pose,constant_velocity,155,155.0,1.0,,,,31.531289244729923,29.039629396831764,41.62469008348959,46.38882810154139,23.95773624269273,,,,,,,,,,
receiving_hand,right,pose_fair_common,learned_oracle_hand,155,155.0,1.0,,,,15.083367214134007,11.178417592032744,19.667365322809292,40.58130878569114,22.25789917851897,,,,,,,,,,
receiving_hand,right,pose_fair_common,persistence,155,155.0,1.0,,,,15.16207519881861,9.002809895157666,21.640102004082113,46.38882810154139,23.95773624269273,,,,,,,,,,
receiving_hand,right,pose_fair_common,constant_velocity,155,155.0,1.0,,,,31.531289244729923,29.039629396831764,41.62469008348959,46.38882810154139,23.95773624269273,,,,,,,,,,
receiving_hand,right,paired_pose_difference,learned_end_to_end_minus_persistence,155,155.0,1.0,,,,,,,,,0.14659667630570336,1.1983333587441454,-4.953189010451644,0.3935483870967742,,,,,,
receiving_hand,right,paired_pose_difference,learned_end_to_end_minus_constant_velocity,155,155.0,1.0,,,,,,,,,-16.222617369605604,-6.297587999975407,-4.953189010451644,0.7290322580645161,,,,,,
receiving_hand,right,paired_pose_difference,learned_oracle_hand_minus_persistence,155,155.0,1.0,,,,,,,,,-0.07870798468460508,0.9784935892788527,-5.807519315850261,0.4,,,,,,
receiving_hand,right,paired_pose_difference,learned_oracle_hand_minus_constant_velocity,155,155.0,1.0,,,,,,,,,-16.447922030595915,-6.297587999975407,-5.807519315850261,0.7290322580645161,,,,,,
receiving_hand_sequence_balanced,right,classification,intention,1370,1370.0,1.0,0.8616177784159179,0.8392024154491808,0.8392024154491808,,,,,,,,,,,,,,,
receiving_hand_sequence_balanced,right,classification,assistance,1370,1370.0,1.0,0.8880961840860205,0.8741386256928629,0.8741386256928629,,,,,,,,,,,,,,,
receiving_hand_sequence_balanced,right,classification,assistance_type_given_ground_truth_assistance,447,447.0,1.0,0.9294469997594997,0.9195658220924885,0.9195658220924885,,,,,,,,,,,,,,,
receiving_hand_sequence_balanced,right,classification,receiving_hand_given_ground_truth_handover,214,214.0,1.0,0.9493371212121211,0.48078416149068326,0.9615683229813665,,,,,,,,,,,,,,,
receiving_hand_sequence_balanced,right,pose,learned_end_to_end,155,155.0,1.0,,,,15.40620254897718,12.840851426465408,19.15191519008498,41.2146273852312,31.311780999835364,,,,,,,,,,
receiving_hand_sequence_balanced,right,pose,learned_oracle_hand,155,155.0,1.0,,,,15.14751941969201,12.554460834934316,18.846270832308054,40.23372962718093,30.585335129561,,,,,,,,,,
receiving_hand_sequence_balanced,right,pose,persistence,155,155.0,1.0,,,,15.495702568140652,12.137174766619816,20.569954316652858,47.61454216315262,39.17287764691823,,,,,,,,,,
receiving_hand_sequence_balanced,right,pose,constant_velocity,155,155.0,1.0,,,,32.117887094372016,26.7575662518597,40.23300596663224,47.61454216315262,39.17287764691823,,,,,,,,,,
receiving_hand_sequence_balanced,right,pose_fair_common,learned_oracle_hand,155,155.0,1.0,,,,15.14751941969201,12.554460834934316,18.846270832308054,40.23372962718093,30.585335129561,,,,,,,,,,
receiving_hand_sequence_balanced,right,pose_fair_common,persistence,155,155.0,1.0,,,,15.495702568140652,12.137174766619816,20.569954316652858,47.61454216315262,39.17287764691823,,,,,,,,,,
receiving_hand_sequence_balanced,right,pose_fair_common,constant_velocity,155,155.0,1.0,,,,32.117887094372016,26.7575662518597,40.23300596663224,47.61454216315262,39.17287764691823,,,,,,,,,,
receiving_hand_sequence_balanced,right,paired_pose_difference,learned_end_to_end_minus_constant_velocity,155,,1.0,,,,,,,,,-16.711684545394842,-8.843432923673317,-6.399914777921437,0.7497222222222221,,,,,,
receiving_hand_sequence_balanced,right,paired_pose_difference,learned_end_to_end_minus_persistence,155,,1.0,,,,,,,,,-0.08950001916347601,0.6547428223170216,-6.399914777921437,0.38885802469135805,,,,,,
receiving_hand_sequence_balanced,right,paired_pose_difference,learned_oracle_hand_minus_constant_velocity,155,,1.0,,,,,,,,,-16.970367674680013,-8.843432923673317,-7.380812535971701,0.7497222222222221,,,,,,
receiving_hand_sequence_balanced,right,paired_pose_difference,learned_oracle_hand_minus_persistence,155,,1.0,,,,,,,,,-0.34818314844864495,0.5530961532746385,-7.380812535971701,0.3962654320987654,,,,,,
receiving_hand_participant_balanced,right,classification,intention,1370,1370.0,1.0,0.861911176516037,0.8396254202458717,0.8396254202458717,,,,,,,,,,,,,,,
receiving_hand_participant_balanced,right,classification,assistance,1370,1370.0,1.0,0.8868160067454429,0.8731230538715331,0.8731230538715331,,,,,,,,,,,,,,,
receiving_hand_participant_balanced,right,classification,assistance_type_given_ground_truth_assistance,447,447.0,1.0,0.9324676279041358,0.9235864986149183,0.9235864986149183,,,,,,,,,,,,,,,
receiving_hand_participant_balanced,right,classification,receiving_hand_given_ground_truth_handover,214,214.0,1.0,0.95496632996633,0.48291925465838503,0.9658385093167701,,,,,,,,,,,,,,,
receiving_hand_participant_balanced,right,pose,learned_end_to_end,155,155.0,1.0,,,,15.12991398709929,12.442741809690824,18.903504533160103,40.23848337663946,30.395575671937387,,,,,,,,,,
receiving_hand_participant_balanced,right,pose,learned_oracle_hand,155,155.0,1.0,,,,14.887398553394444,12.174250630130427,18.616962947744238,39.318891728467335,29.714532668555172,,,,,,,,,,
receiving_hand_participant_balanced,right,pose,persistence,155,155.0,1.0,,,,15.141790661650896,11.650044347207263,20.256033645899045,46.24176939907313,37.51385313985661,,,,,,,,,,
receiving_hand_participant_balanced,right,pose,constant_velocity,155,155.0,1.0,,,,31.59234151257342,26.024006965986032,39.82947579168675,46.24176939907313,37.51385313985661,,,,,,,,,,
receiving_hand_participant_balanced,right,pose_fair_common,learned_oracle_hand,155,155.0,1.0,,,,14.887398553394444,12.174250630130427,18.616962947744238,39.318891728467335,29.714532668555172,,,,,,,,,,
receiving_hand_participant_balanced,right,pose_fair_common,persistence,155,155.0,1.0,,,,15.141790661650896,11.650044347207263,20.256033645899045,46.24176939907313,37.51385313985661,,,,,,,,,,
receiving_hand_participant_balanced,right,pose_fair_common,constant_velocity,155,155.0,1.0,,,,31.59234151257342,26.024006965986032,39.82947579168675,46.24176939907313,37.51385313985661,,,,,,,,,,
receiving_hand_participant_balanced,right,paired_pose_difference,learned_end_to_end_minus_constant_velocity,155,,1.0,,,,,,,,,-16.462427525474126,-8.632508625920197,-6.003286022433674,0.7438616071428571,,,,,,
receiving_hand_participant_balanced,right,paired_pose_difference,learned_end_to_end_minus_persistence,155,,1.0,,,,,,,,,-0.011876674551605682,0.7098581740849821,-6.003286022433674,0.378567294973545,,,,,,
receiving_hand_participant_balanced,right,paired_pose_difference,learned_oracle_hand_minus_constant_velocity,155,,1.0,,,,,,,,,-16.70494295917897,-8.632508625920197,-6.9228776706057955,0.7438616071428571,,,,,,
receiving_hand_participant_balanced,right,paired_pose_difference,learned_oracle_hand_minus_persistence,155,,1.0,,,,,,,,,-0.25439210825645153,0.6145644218577477,-6.9228776706057955,0.38551173941798944,,,,,,
cluster_bootstrap,participant_cluster,confidence_interval,classification.intention.accuracy,10000,,,,,,,,,,,,,,,0.8811548076748462,0.8595639917150845,0.9196420699924649,estimable,3.0,1.0
cluster_bootstrap,participant_cluster,confidence_interval,classification.intention.macro_f1,10000,,,,,,,,,,,,,,,0.8397322955597706,0.8362413818723445,0.8430094586193989,estimable,3.0,1.0
cluster_bootstrap,participant_cluster,confidence_interval,classification.intention.macro_f1_supported,10000,,,,,,,,,,,,,,,0.8397322955597706,0.8362413818723445,0.8430094586193989,estimable,3.0,1.0
cluster_bootstrap,participant_cluster,confidence_interval,classification.intention.coverage,10000,,,,,,,,,,,,,,,1.0,1.0,1.0,estimable,3.0,1.0
cluster_bootstrap,participant_cluster,confidence_interval,classification.assistance.accuracy,10000,,,,,,,,,,,,,,,0.9101802814323846,0.8765745880208206,0.9569088308062682,estimable,3.0,1.0
cluster_bootstrap,participant_cluster,confidence_interval,classification.assistance.macro_f1,10000,,,,,,,,,,,,,,,0.8965534186110967,0.8649984793008961,0.9434141480902237,estimable,3.0,1.0
cluster_bootstrap,participant_cluster,confidence_interval,classification.assistance.macro_f1_supported,10000,,,,,,,,,,,,,,,0.8965534186110967,0.8649984793008961,0.9434141480902237,estimable,3.0,1.0
cluster_bootstrap,participant_cluster,confidence_interval,classification.assistance.coverage,10000,,,,,,,,,,,,,,,1.0,1.0,1.0,estimable,3.0,1.0
cluster_bootstrap,participant_cluster,confidence_interval,classification.assistance_type_given_ground_truth_assistance.accuracy,10000,,,,,,,,,,,,,,,0.9052799263755293,0.8509045233183165,0.9566326530612245,estimable,3.0,1.0
cluster_bootstrap,participant_cluster,confidence_interval,classification.assistance_type_given_ground_truth_assistance.macro_f1,10000,,,,,,,,,,,,,,,0.8984082832518495,0.8480518525257121,0.9557519107943556,estimable,3.0,1.0
cluster_bootstrap,participant_cluster,confidence_interval,classification.assistance_type_given_ground_truth_assistance.macro_f1_supported,10000,,,,,,,,,,,,,,,0.8984082832518495,0.8480518525257121,0.9557519107943556,estimable,3.0,1.0
cluster_bootstrap,participant_cluster,confidence_interval,classification.assistance_type_given_ground_truth_assistance.coverage,10000,,,,,,,,,,,,,,,1.0,1.0,1.0,estimable,3.0,1.0
cluster_bootstrap,participant_cluster,confidence_interval,classification.receiving_hand_given_ground_truth_handover.accuracy,10000,,,,,,,,,,,,,,,0.9154986988320322,0.8365634365634366,1.0,estimable,3.0,1.0
cluster_bootstrap,participant_cluster,confidence_interval,classification.receiving_hand_given_ground_truth_handover.macro_f1,10000,,,,,,,,,,,,,,,0.4729486760379209,0.4530075187969926,0.5,estimable,3.0,1.0
cluster_bootstrap,participant_cluster,confidence_interval,classification.receiving_hand_given_ground_truth_handover.macro_f1_supported,10000,,,,,,,,,,,,,,,0.9458973520758418,0.9060150375939852,1.0,estimable,3.0,1.0
cluster_bootstrap,participant_cluster,confidence_interval,classification.receiving_hand_given_ground_truth_handover.coverage,10000,,,,,,,,,,,,,,,1.0,1.0,1.0,estimable,3.0,1.0
cluster_bootstrap,participant_cluster,confidence_interval,pose.learned_end_to_end.native.position_mean_cm,10000,,,,,,,,,,,,,,,14.738950325360316,10.985585558930962,19.27424241526762,estimable,3.0,1.0
cluster_bootstrap,participant_cluster,confidence_interval,pose.learned_end_to_end.native.position_median_cm,10000,,,,,,,,,,,,,,,12.201206010349877,6.471097558072045,18.414386061309603,estimable,3.0,1.0
cluster_bootstrap,participant_cluster,confidence_interval,pose.learned_end_to_end.native.position_rmse_cm,10000,,,,,,,,,,,,,,,18.381252169895657,15.177344679286989,22.62966438703322,estimable,3.0,1.0
cluster_bootstrap,participant_cluster,confidence_interval,pose.learned_end_to_end.native.orientation_mean_deg,10000,,,,,,,,,,,,,,,43.02609316458265,25.596323247763422,54.8806435055155,estimable,3.0,1.0
cluster_bootstrap,participant_cluster,confidence_interval,pose.learned_end_to_end.native.orientation_median_deg,10000,,,,,,,,,,,,,,,27.338530852371196,16.652495753467793,44.138655590406984,estimable,3.0,1.0
cluster_bootstrap,participant_cluster,confidence_interval,pose.learned_end_to_end.native.coverage,10000,,,,,,,,,,,,,,,1.0,1.0,1.0,estimable,3.0,1.0
cluster_bootstrap,participant_cluster,confidence_interval,pose.learned_oracle_hand.native.position_mean_cm,10000,,,,,,,,,,,,,,,14.841589123241883,10.985585558930962,18.789211547857924,estimable,3.0,1.0
cluster_bootstrap,participant_cluster,confidence_interval,pose.learned_oracle_hand.native.position_median_cm,10000,,,,,,,,,,,,,,,11.706591005954882,6.471097558072045,17.877403702188808,estimable,3.0,1.0
cluster_bootstrap,participant_cluster,confidence_interval,pose.learned_oracle_hand.native.position_rmse_cm,10000,,,,,,,,,,,,,,,18.694799749535232,15.177344679286989,22.056581216201483,estimable,3.0,1.0
cluster_bootstrap,participant_cluster,confidence_interval,pose.learned_oracle_hand.native.orientation_mean_deg,10000,,,,,,,,,,,,,,,38.15789676610527,25.596323247763422,53.04146020917125,estimable,3.0,1.0
cluster_bootstrap,participant_cluster,confidence_interval,pose.learned_oracle_hand.native.orientation_median_deg,10000,,,,,,,,,,,,,,,26.097028500896357,16.652495753467793,42.776569583642555,estimable,3.0,1.0
cluster_bootstrap,participant_cluster,confidence_interval,pose.learned_oracle_hand.native.coverage,10000,,,,,,,,,,,,,,,0.9852607709750568,0.95578231292517,1.0,estimable,3.0,1.0
cluster_bootstrap,participant_cluster,confidence_interval,pose.persistence.native.position_mean_cm,10000,,,,,,,,,,,,,,,14.840873341836504,9.833112064304515,20.450469258997277,estimable,3.0,1.0
cluster_bootstrap,participant_cluster,confidence_interval,pose.persistence.native.position_median_cm,10000,,,,,,,,,,,,,,,9.925443275061674,4.34308805601892,18.957000638395606,estimable,3.0,1.0
cluster_bootstrap,participant_cluster,confidence_interval,pose.persistence.native.position_rmse_cm,10000,,,,,,,,,,,,,,,20.629857587947868,15.547223584591876,24.964843707206217,estimable,3.0,1.0
cluster_bootstrap,participant_cluster,confidence_interval,pose.persistence.native.orientation_mean_deg,10000,,,,,,,,,,,,,,,41.2396346379327,25.650177937880652,66.8333608602656,estimable,3.0,1.0
cluster_bootstrap,participant_cluster,confidence_interval,pose.persistence.native.orientation_median_deg,10000,,,,,,,,,,,,,,,28.652957159560675,10.931165198968818,62.3992207457811,estimable,3.0,1.0
cluster_bootstrap,participant_cluster,confidence_interval,pose.persistence.native.coverage,10000,,,,,,,,,,,,,,,0.9852607709750568,0.95578231292517,1.0,estimable,3.0,1.0
cluster_bootstrap,participant_cluster,confidence_interval,pose.constant_velocity.native.position_mean_cm,10000,,,,,,,,,,,,,,,34.26021270504672,23.709157785594318,39.59595508999333,estimable,3.0,1.0
cluster_bootstrap,participant_cluster,confidence_interval,pose.constant_velocity.native.position_median_cm,10000,,,,,,,,,,,,,,,27.366241311002018,15.020617677881058,37.02739625409101,estimable,3.0,1.0
cluster_bootstrap,participant_cluster,confidence_interval,pose.constant_velocity.native.position_rmse_cm,10000,,,,,,,,,,,,,,,45.152855877774165,33.776523167504415,55.79961604994903,estimable,3.0,1.0
cluster_bootstrap,participant_cluster,confidence_interval,pose.constant_velocity.native.orientation_mean_deg,10000,,,,,,,,,,,,,,,40.700668804369606,25.650177937880652,66.8333608602656,estimable,3.0,1.0
cluster_bootstrap,participant_cluster,confidence_interval,pose.constant_velocity.native.orientation_median_deg,10000,,,,,,,,,,,,,,,28.607894202606715,10.795976328106933,62.3992207457811,estimable,3.0,1.0
cluster_bootstrap,participant_cluster,confidence_interval,pose.constant_velocity.native.coverage,10000,,,,,,,,,,,,,,,0.9804988662131519,0.9414965986394558,1.0,estimable,3.0,1.0
cluster_bootstrap,participant_cluster,confidence_interval,pose.learned_oracle_hand.fair_common.position_mean_cm,10000,,,,,,,,,,,,,,,14.77752608868881,10.985585558930962,18.789211547857924,estimable,3.0,1.0
cluster_bootstrap,participant_cluster,confidence_interval,pose.learned_oracle_hand.fair_common.position_median_cm,10000,,,,,,,,,,,,,,,11.693173744471133,6.471097558072045,17.877403702188808,estimable,3.0,1.0
cluster_bootstrap,participant_cluster,confidence_interval,pose.learned_oracle_hand.fair_common.position_rmse_cm,10000,,,,,,,,,,,,,,,18.646656952349645,15.177344679286989,22.056581216201483,estimable,3.0,1.0
cluster_bootstrap,participant_cluster,confidence_interval,pose.learned_oracle_hand.fair_common.orientation_mean_deg,10000,,,,,,,,,,,,,,,37.72419933395364,25.596323247763422,53.04146020917125,estimable,3.0,1.0
cluster_bootstrap,participant_cluster,confidence_interval,pose.learned_oracle_hand.fair_common.orientation_median_deg,10000,,,,,,,,,,,,,,,26.08806598274694,16.652495753467793,42.776569583642555,estimable,3.0,1.0
cluster_bootstrap,participant_cluster,confidence_interval,pose.learned_oracle_hand.fair_common.coverage,10000,,,,,,,,,,,,,,,0.9804988662131519,0.9414965986394558,1.0,estimable,3.0,1.0
cluster_bootstrap,participant_cluster,confidence_interval,pose.persistence.fair_common.position_mean_cm,10000,,,,,,,,,,,,,,,14.618266046833028,9.833112064304515,20.450469258997277,estimable,3.0,1.0
cluster_bootstrap,participant_cluster,confidence_interval,pose.persistence.fair_common.position_median_cm,10000,,,,,,,,,,,,,,,9.923391173767483,4.34308805601892,18.957000638395606,estimable,3.0,1.0
cluster_bootstrap,participant_cluster,confidence_interval,pose.persistence.fair_common.position_rmse_cm,10000,,,,,,,,,,,,,,,20.28507550018979,15.547223584591876,24.964843707206217,estimable,3.0,1.0
cluster_bootstrap,participant_cluster,confidence_interval,pose.persistence.fair_common.orientation_mean_deg,10000,,,,,,,,,,,,,,,40.700668804369606,25.650177937880652,66.8333608602656,estimable,3.0,1.0
cluster_bootstrap,participant_cluster,confidence_interval,pose.persistence.fair_common.orientation_median_deg,10000,,,,,,,,,,,,,,,28.607894202606715,10.795976328106933,62.3992207457811,estimable,3.0,1.0
cluster_bootstrap,participant_cluster,confidence_interval,pose.persistence.fair_common.coverage,10000,,,,,,,,,,,,,,,0.9804988662131519,0.9414965986394558,1.0,estimable,3.0,1.0
cluster_bootstrap,participant_cluster,confidence_interval,pose.constant_velocity.fair_common.position_mean_cm,10000,,,,,,,,,,,,,,,34.26021270504672,23.709157785594318,39.59595508999333,estimable,3.0,1.0
cluster_bootstrap,participant_cluster,confidence_interval,pose.constant_velocity.fair_common.position_median_cm,10000,,,,,,,,,,,,,,,27.366241311002018,15.020617677881058,37.02739625409101,estimable,3.0,1.0
cluster_bootstrap,participant_cluster,confidence_interval,pose.constant_velocity.fair_common.position_rmse_cm,10000,,,,,,,,,,,,,,,45.152855877774165,33.776523167504415,55.79961604994903,estimable,3.0,1.0
cluster_bootstrap,participant_cluster,confidence_interval,pose.constant_velocity.fair_common.orientation_mean_deg,10000,,,,,,,,,,,,,,,40.700668804369606,25.650177937880652,66.8333608602656,estimable,3.0,1.0
cluster_bootstrap,participant_cluster,confidence_interval,pose.constant_velocity.fair_common.orientation_median_deg,10000,,,,,,,,,,,,,,,28.607894202606715,10.795976328106933,62.3992207457811,estimable,3.0,1.0
cluster_bootstrap,participant_cluster,confidence_interval,pose.constant_velocity.fair_common.coverage,10000,,,,,,,,,,,,,,,0.9804988662131519,0.9414965986394558,1.0,estimable,3.0,1.0
cluster_bootstrap,participant_cluster,confidence_interval,paired_pose.learned_end_to_end_minus_constant_velocity.position_mean_difference_cm,10000,,,,,,,,,,,,,,,-19.73626001563862,-26.283924995967606,-12.72357222666335,estimable,3.0,1.0
cluster_bootstrap,participant_cluster,confidence_interval,paired_pose.learned_end_to_end_minus_constant_velocity.position_median_difference_cm,10000,,,,,,,,,,,,,,,-11.263668331830312,-16.525987743650546,-5.468644159623389,estimable,3.0,1.0
cluster_bootstrap,participant_cluster,confidence_interval,paired_pose.learned_end_to_end_minus_constant_velocity.orientation_mean_difference_deg,10000,,,,,,,,,,,,,,,-0.05398603267457366,-11.952717354750115,11.844613946843628,estimable,3.0,1.0
cluster_bootstrap,participant_cluster,confidence_interval,paired_pose.learned_end_to_end_minus_constant_velocity.orientation_median_difference_deg,10000,,,,,,,,,,,,,,,1.2752986699919597,-6.718212667230944,10.555078474926486,estimable,3.0,1.0
cluster_bootstrap,participant_cluster,confidence_interval,paired_pose.learned_end_to_end_minus_constant_velocity.learned_win_fraction,10000,,,,,,,,,,,,,,,0.6702274659863945,0.5229591836734694,0.8317708333333332,estimable,3.0,1.0
cluster_bootstrap,participant_cluster,confidence_interval,paired_pose.learned_end_to_end_minus_constant_velocity.coverage,10000,,,,,,,,,,,,,,,0.9804988662131519,0.9414965986394558,1.0,estimable,3.0,1.0
cluster_bootstrap,participant_cluster,confidence_interval,paired_pose.learned_end_to_end_minus_persistence.position_mean_difference_cm,10000,,,,,,,,,,,,,,,-0.30123739350279266,-1.1762268437296606,1.1524734946264492,estimable,3.0,1.0
cluster_bootstrap,participant_cluster,confidence_interval,paired_pose.learned_end_to_end_minus_persistence.position_median_difference_cm,10000,,,,,,,,,,,,,,,1.1853675282342726,-0.11687210243442307,2.1363862365328536,estimable,3.0,1.0
cluster_bootstrap,participant_cluster,confidence_interval,paired_pose.learned_end_to_end_minus_persistence.orientation_mean_difference_deg,10000,,,,,,,,,,,,,,,0.15155072388139423,-11.952717354750115,12.46122421651153,estimable,3.0,1.0
cluster_bootstrap,participant_cluster,confidence_interval,paired_pose.learned_end_to_end_minus_persistence.orientation_median_difference_deg,10000,,,,,,,,,,,,,,,1.2855302678236618,-6.718212667230944,10.585773268421592,estimable,3.0,1.0
cluster_bootstrap,participant_cluster,confidence_interval,paired_pose.learned_end_to_end_minus_persistence.learned_win_fraction,10000,,,,,,,,,,,,,,,0.3306094891660368,0.22420634920634921,0.5329282407407407,estimable,3.0,1.0
cluster_bootstrap,participant_cluster,confidence_interval,paired_pose.learned_end_to_end_minus_persistence.coverage,10000,,,,,,,,,,,,,,,0.9852607709750568,0.95578231292517,1.0,estimable,3.0,1.0
cluster_bootstrap,participant_cluster,confidence_interval,paired_pose.learned_oracle_hand_minus_constant_velocity.position_mean_difference_cm,10000,,,,,,,,,,,,,,,-19.482686616357913,-25.0381739307158,-12.72357222666335,estimable,3.0,1.0
cluster_bootstrap,participant_cluster,confidence_interval,paired_pose.learned_oracle_hand_minus_constant_velocity.position_median_difference_cm,10000,,,,,,,,,,,,,,,-11.137342792797048,-16.147011126550744,-5.468644159623389,estimable,3.0,1.0
cluster_bootstrap,participant_cluster,confidence_interval,paired_pose.learned_oracle_hand_minus_constant_velocity.orientation_mean_difference_deg,10000,,,,,,,,,,,,,,,-2.9764694704159624,-13.79190065109436,4.916346929963704,estimable,3.0,1.0
cluster_bootstrap,participant_cluster,confidence_interval,paired_pose.learned_oracle_hand_minus_constant_velocity.orientation_median_difference_deg,10000,,,,,,,,,,,,,,,-0.2730108586309686,-7.060418519970419,6.252355741797177,estimable,3.0,1.0
cluster_bootstrap,participant_cluster,confidence_interval,paired_pose.learned_oracle_hand_minus_constant_velocity.learned_win_fraction,10000,,,,,,,,,,,,,,,0.6702274659863945,0.5229591836734694,0.8317708333333332,estimable,3.0,1.0
cluster_bootstrap,participant_cluster,confidence_interval,paired_pose.learned_oracle_hand_minus_constant_velocity.coverage,10000,,,,,,,,,,,,,,,0.9804988662131519,0.9414965986394558,1.0,estimable,3.0,1.0
cluster_bootstrap,participant_cluster,confidence_interval,paired_pose.learned_oracle_hand_minus_persistence.position_mean_difference_cm,10000,,,,,,,,,,,,,,,0.0007157814053800893,-1.661257711139352,1.1524734946264492,estimable,3.0,1.0
cluster_bootstrap,participant_cluster,confidence_interval,paired_pose.learned_oracle_hand_minus_persistence.position_median_difference_cm,10000,,,,,,,,,,,,,,,1.081115064939693,-0.30745960688889173,2.0142163511035838,estimable,3.0,1.0
cluster_bootstrap,participant_cluster,confidence_interval,paired_pose.learned_oracle_hand_minus_persistence.orientation_mean_difference_deg,10000,,,,,,,,,,,,,,,-3.081737871827437,-13.79190065109436,4.600541725729282,estimable,3.0,1.0
cluster_bootstrap,participant_cluster,confidence_interval,paired_pose.learned_oracle_hand_minus_persistence.orientation_median_difference_deg,10000,,,,,,,,,,,,,,,-0.28324245646267104,-7.060418519970419,6.221660948302069,estimable,3.0,1.0
cluster_bootstrap,participant_cluster,confidence_interval,paired_pose.learned_oracle_hand_minus_persistence.learned_win_fraction,10000,,,,,,,,,,,,,,,0.3386404793398841,0.22420634920634921,0.5468171296296296,estimable,3.0,1.0
cluster_bootstrap,participant_cluster,confidence_interval,paired_pose.learned_oracle_hand_minus_persistence.coverage,10000,,,,,,,,,,,,,,,0.9852607709750568,0.95578231292517,1.0,estimable,3.0,1.0
cluster_bootstrap,sequence_cluster,confidence_interval,classification.intention.accuracy,10000,,,,,,,,,,,,,,,0.8792773454174757,0.8016016764009213,0.9296556460189146,estimable,23.0,1.0
cluster_bootstrap,sequence_cluster,confidence_interval,classification.intention.macro_f1,10000,,,,,,,,,,,,,,,0.8394287378478206,0.7565705671416546,0.8963292473987119,estimable,23.0,1.0
cluster_bootstrap,sequence_cluster,confidence_interval,classification.intention.macro_f1_supported,10000,,,,,,,,,,,,,,,0.8394287378478206,0.7565705671416546,0.8963292473987119,estimable,23.0,1.0
cluster_bootstrap,sequence_cluster,confidence_interval,classification.intention.coverage,10000,,,,,,,,,,,,,,,1.0,1.0,1.0,estimable,23.0,1.0
cluster_bootstrap,sequence_cluster,confidence_interval,classification.assistance.accuracy,10000,,,,,,,,,,,,,,,0.9090391635226176,0.8506061580495723,0.949816297500254,estimable,23.0,1.0
cluster_bootstrap,sequence_cluster,confidence_interval,classification.assistance.macro_f1,10000,,,,,,,,,,,,,,,0.8952224803355382,0.8277555855281618,0.9413791219947453,estimable,23.0,1.0
cluster_bootstrap,sequence_cluster,confidence_interval,classification.assistance.macro_f1_supported,10000,,,,,,,,,,,,,,,0.8952224803355382,0.8277555855281618,0.9413791219947453,estimable,23.0,1.0
cluster_bootstrap,sequence_cluster,confidence_interval,classification.assistance.coverage,10000,,,,,,,,,,,,,,,1.0,1.0,1.0,estimable,23.0,1.0
cluster_bootstrap,sequence_cluster,confidence_interval,classification.assistance_type_given_ground_truth_assistance.accuracy,10000,,,,,,,,,,,,,,,0.9055427677991396,0.8451601604431439,0.9519350353683188,estimable,23.0,1.0
cluster_bootstrap,sequence_cluster,confidence_interval,classification.assistance_type_given_ground_truth_assistance.macro_f1,10000,,,,,,,,,,,,,,,0.8978007009199913,0.8265550159151879,0.9498936643775913,estimable,23.0,1.0
cluster_bootstrap,sequence_cluster,confidence_interval,classification.assistance_type_given_ground_truth_assistance.macro_f1_supported,10000,,,,,,,,,,,,,,,0.8978007009199913,0.8265550159151879,0.9498936643775913,estimable,23.0,1.0
cluster_bootstrap,sequence_cluster,confidence_interval,classification.assistance_type_given_ground_truth_assistance.coverage,10000,,,,,,,,,,,,,,,1.0,1.0,1.0,estimable,23.0,1.0
cluster_bootstrap,sequence_cluster,confidence_interval,classification.receiving_hand_given_ground_truth_handover.accuracy,10000,,,,,,,,,,,,,,,0.915014695449478,0.8359633120502686,0.9762845849802371,estimable,23.0,1.0
cluster_bootstrap,sequence_cluster,confidence_interval,classification.receiving_hand_given_ground_truth_handover.macro_f1,10000,,,,,,,,,,,,,,,0.4723304006708644,0.4427228673447955,0.49328069208149544,estimable,23.0,1.0
cluster_bootstrap,sequence_cluster,confidence_interval,classification.receiving_hand_given_ground_truth_handover.macro_f1_supported,10000,,,,,,,,,,,,,,,0.9446608013417288,0.885445734689591,0.9865613841629909,estimable,23.0,1.0
cluster_bootstrap,sequence_cluster,confidence_interval,classification.receiving_hand_given_ground_truth_handover.coverage,10000,,,,,,,,,,,,,,,1.0,1.0,1.0,estimable,23.0,1.0
cluster_bootstrap,sequence_cluster,confidence_interval,pose.learned_end_to_end.native.position_mean_cm,10000,,,,,,,,,,,,,,,14.945099965810646,12.38552373785573,17.581774773750283,estimable,22.0,1.0
cluster_bootstrap,sequence_cluster,confidence_interval,pose.learned_end_to_end.native.position_median_cm,10000,,,,,,,,,,,,,,,12.483623285393499,9.36949062532168,15.704045991324298,estimable,22.0,1.0
cluster_bootstrap,sequence_cluster,confidence_interval,pose.learned_end_to_end.native.position_rmse_cm,10000,,,,,,,,,,,,,,,18.574361816129183,15.691746379508498,21.408959178737724,estimable,22.0,1.0
cluster_bootstrap,sequence_cluster,confidence_interval,pose.learned_end_to_end.native.orientation_mean_deg,10000,,,,,,,,,,,,,,,43.56493636189777,34.69828034805265,52.77900711085785,estimable,22.0,1.0
cluster_bootstrap,sequence_cluster,confidence_interval,pose.learned_end_to_end.native.orientation_median_deg,10000,,,,,,,,,,,,,,,28.102172885918275,21.54070670919138,35.123981655167235,estimable,22.0,1.0
cluster_bootstrap,sequence_cluster,confidence_interval,pose.learned_end_to_end.native.coverage,10000,,,,,,,,,,,,,,,1.0,1.0,1.0,estimable,22.0,1.0
cluster_bootstrap,sequence_cluster,confidence_interval,pose.learned_oracle_hand.native.position_mean_cm,10000,,,,,,,,,,,,,,,15.021026506178975,12.512612667026634,17.555848073426557,estimable,22.0,1.0
cluster_bootstrap,sequence_cluster,confidence_interval,pose.learned_oracle_hand.native.position_median_cm,10000,,,,,,,,,,,,,,,11.987082492147334,9.081436118359589,14.978554873928898,estimable,22.0,1.0
cluster_bootstrap,sequence_cluster,confidence_interval,pose.learned_oracle_hand.native.position_rmse_cm,10000,,,,,,,,,,,,,,,18.84760799802006,15.929257049443745,21.6420374459818,estimable,22.0,1.0
cluster_bootstrap,sequence_cluster,confidence_interval,pose.learned_oracle_hand.native.orientation_mean_deg,10000,,,,,,,,,,,,,,,38.83442237715372,31.54152930340026,46.23869490354543,estimable,22.0,1.0
cluster_bootstrap,sequence_cluster,confidence_interval,pose.learned_oracle_hand.native.orientation_median_deg,10000,,,,,,,,,,,,,,,26.855189459203007,20.61095827616375,33.65820524526507,estimable,22.0,1.0
cluster_bootstrap,sequence_cluster,confidence_interval,pose.learned_oracle_hand.native.coverage,10000,,,,,,,,,,,,,,,0.9859307359307359,0.9683229813664597,1.0,estimable,22.0,1.0
cluster_bootstrap,sequence_cluster,confidence_interval,pose.persistence.native.position_mean_cm,10000,,,,,,,,,,,,,,,15.095854974434722,11.748894029562699,18.444342111023825,estimable,22.0,1.0
cluster_bootstrap,sequence_cluster,confidence_interval,pose.persistence.native.position_median_cm,10000,,,,,,,,,,,,,,,10.33596860975867,6.547956088976874,14.391219448549647,estimable,22.0,1.0
cluster_bootstrap,sequence_cluster,confidence_interval,pose.persistence.native.position_rmse_cm,10000,,,,,,,,,,,,,,,20.82690241155052,16.886638067055138,24.540370891525367,estimable,22.0,1.0
cluster_bootstrap,sequence_cluster,confidence_interval,pose.persistence.native.orientation_mean_deg,10000,,,,,,,,,,,,,,,42.40298582985693,32.07937203333018,53.355660128765656,estimable,22.0,1.0
cluster_bootstrap,sequence_cluster,confidence_interval,pose.persistence.native.orientation_median_deg,10000,,,,,,,,,,,,,,,30.186878231661595,17.953301743751425,43.908970448290944,estimable,22.0,1.0
cluster_bootstrap,sequence_cluster,confidence_interval,pose.persistence.native.coverage,10000,,,,,,,,,,,,,,,0.9859307359307359,0.9683229813664597,1.0,estimable,22.0,1.0
cluster_bootstrap,sequence_cluster,confidence_interval,pose.constant_velocity.native.position_mean_cm,10000,,,,,,,,,,,,,,,34.497272365706074,27.330365966161363,41.904191301539335,estimable,22.0,1.0
cluster_bootstrap,sequence_cluster,confidence_interval,pose.constant_velocity.native.position_median_cm,10000,,,,,,,,,,,,,,,27.80538471750606,18.964323663202673,36.91492124779919,estimable,22.0,1.0
cluster_bootstrap,sequence_cluster,confidence_interval,pose.constant_velocity.native.position_rmse_cm,10000,,,,,,,,,,,,,,,45.186018265869386,36.76024915045074,53.942124318529764,estimable,22.0,1.0
cluster_bootstrap,sequence_cluster,confidence_interval,pose.constant_velocity.native.orientation_mean_deg,10000,,,,,,,,,,,,,,,41.888518443273966,31.362541705054028,52.98423626561732,estimable,22.0,1.0
cluster_bootstrap,sequence_cluster,confidence_interval,pose.constant_velocity.native.orientation_median_deg,10000,,,,,,,,,,,,,,,30.143863590932813,17.8942568364142,43.88297713979171,estimable,22.0,1.0
cluster_bootstrap,sequence_cluster,confidence_interval,pose.constant_velocity.native.coverage,10000,,,,,,,,,,,,,,,0.9813852813852815,0.9569160997732427,1.0,estimable,22.0,1.0
cluster_bootstrap,sequence_cluster,confidence_interval,pose.learned_oracle_hand.fair_common.position_mean_cm,10000,,,,,,,,,,,,,,,14.95987542774195,12.46866213643748,17.497601191452166,estimable,22.0,1.0
cluster_bootstrap,sequence_cluster,confidence_interval,pose.learned_oracle_hand.fair_common.position_median_cm,10000,,,,,,,,,,,,,,,11.974275106185575,9.061638389470206,14.962511533850035,estimable,22.0,1.0
cluster_bootstrap,sequence_cluster,confidence_interval,pose.learned_oracle_hand.fair_common.position_rmse_cm,10000,,,,,,,,,,,,,,,18.801653509797458,15.878774249315741,21.592744613678693,estimable,22.0,1.0
cluster_bootstrap,sequence_cluster,confidence_interval,pose.learned_oracle_hand.fair_common.orientation_mean_deg,10000,,,,,,,,,,,,,,,38.42043846464534,31.1147389721012,45.82169717836855,estimable,22.0,1.0
cluster_bootstrap,sequence_cluster,confidence_interval,pose.learned_oracle_hand.fair_common.orientation_median_deg,10000,,,,,,,,,,,,,,,26.8466343282422,20.602871632209933,33.649275420134344,estimable,22.0,1.0
cluster_bootstrap,sequence_cluster,confidence_interval,pose.learned_oracle_hand.fair_common.coverage,10000,,,,,,,,,,,,,,,0.9813852813852815,0.9569160997732427,1.0,estimable,22.0,1.0
cluster_bootstrap,sequence_cluster,confidence_interval,pose.persistence.fair_common.position_mean_cm,10000,,,,,,,,,,,,,,,14.883366192840496,11.465947270075784,18.281497923393946,estimable,22.0,1.0
cluster_bootstrap,sequence_cluster,confidence_interval,pose.persistence.fair_common.position_median_cm,10000,,,,,,,,,,,,,,,10.334009785796033,6.547391830678169,14.388159210962337,estimable,22.0,1.0
cluster_bootstrap,sequence_cluster,confidence_interval,pose.persistence.fair_common.position_rmse_cm,10000,,,,,,,,,,,,,,,20.497792236872353,16.554086217919284,24.256730431180376,estimable,22.0,1.0
cluster_bootstrap,sequence_cluster,confidence_interval,pose.persistence.fair_common.orientation_mean_deg,10000,,,,,,,,,,,,,,,41.888518443273966,31.362541705054028,52.98423626561732,estimable,22.0,1.0
cluster_bootstrap,sequence_cluster,confidence_interval,pose.persistence.fair_common.orientation_median_deg,10000,,,,,,,,,,,,,,,30.143863590932813,17.8942568364142,43.88297713979171,estimable,22.0,1.0
cluster_bootstrap,sequence_cluster,confidence_interval,pose.persistence.fair_common.coverage,10000,,,,,,,,,,,,,,,0.9813852813852815,0.9569160997732427,1.0,estimable,22.0,1.0
cluster_bootstrap,sequence_cluster,confidence_interval,pose.constant_velocity.fair_common.position_mean_cm,10000,,,,,,,,,,,,,,,34.497272365706074,27.330365966161363,41.904191301539335,estimable,22.0,1.0
cluster_bootstrap,sequence_cluster,confidence_interval,pose.constant_velocity.fair_common.position_median_cm,10000,,,,,,,,,,,,,,,27.80538471750606,18.964323663202673,36.91492124779919,estimable,22.0,1.0
cluster_bootstrap,sequence_cluster,confidence_interval,pose.constant_velocity.fair_common.position_rmse_cm,10000,,,,,,,,,,,,,,,45.186018265869386,36.76024915045074,53.942124318529764,estimable,22.0,1.0
cluster_bootstrap,sequence_cluster,confidence_interval,pose.constant_velocity.fair_common.orientation_mean_deg,10000,,,,,,,,,,,,,,,41.888518443273966,31.362541705054028,52.98423626561732,estimable,22.0,1.0
cluster_bootstrap,sequence_cluster,confidence_interval,pose.constant_velocity.fair_common.orientation_median_deg,10000,,,,,,,,,,,,,,,30.143863590932813,17.8942568364142,43.88297713979171,estimable,22.0,1.0
cluster_bootstrap,sequence_cluster,confidence_interval,pose.constant_velocity.fair_common.coverage,10000,,,,,,,,,,,,,,,0.9813852813852815,0.9569160997732427,1.0,estimable,22.0,1.0
cluster_bootstrap,sequence_cluster,confidence_interval,paired_pose.learned_end_to_end_minus_constant_velocity.position_mean_difference_cm,10000,,,,,,,,,,,,,,,-19.757397416031633,-25.906923090852874,-14.416655984239865,estimable,22.0,1.0
cluster_bootstrap,sequence_cluster,confidence_interval,paired_pose.learned_end_to_end_minus_constant_velocity.position_median_difference_cm,10000,,,,,,,,,,,,,,,-11.287882184575164,-17.837203216972355,-5.811405848133018,estimable,22.0,1.0
cluster_bootstrap,sequence_cluster,confidence_interval,paired_pose.learned_end_to_end_minus_constant_velocity.orientation_mean_difference_deg,10000,,,,,,,,,,,,,,,-0.5948374564052801,-5.591281229804834,4.3076907226484344,estimable,22.0,1.0
cluster_bootstrap,sequence_cluster,confidence_interval,paired_pose.learned_end_to_end_minus_constant_velocity.orientation_median_difference_deg,10000,,,,,,,,,,,,,,,0.9119572455727365,-2.9369487598365773,4.681779727569051,estimable,22.0,1.0
cluster_bootstrap,sequence_cluster,confidence_interval,paired_pose.learned_end_to_end_minus_constant_velocity.learned_win_fraction,10000,,,,,,,,,,,,,,,0.6775703463203464,0.5728983392599465,0.7773468771566597,estimable,22.0,1.0
cluster_bootstrap,sequence_cluster,confidence_interval,paired_pose.learned_end_to_end_minus_constant_velocity.coverage,10000,,,,,,,,,,,,,,,0.9813852813852815,0.9569160997732427,1.0,estimable,22.0,1.0
cluster_bootstrap,sequence_cluster,confidence_interval,paired_pose.learned_end_to_end_minus_persistence.position_mean_difference_cm,10000,,,,,,,,,,,,,,,-0.3410096412403776,-1.661236266665412,0.8973449586291828,estimable,22.0,1.0
cluster_bootstrap,sequence_cluster,confidence_interval,paired_pose.learned_end_to_end_minus_persistence.position_median_difference_cm,10000,,,,,,,,,,,,,,,1.1261748177493318,0.36151455531201376,1.8452865454283753,estimable,22.0,1.0
cluster_bootstrap,sequence_cluster,confidence_interval,paired_pose.learned_end_to_end_minus_persistence.orientation_mean_difference_deg,10000,,,,,,,,,,,,,,,-0.39864327969276586,-5.488284379222477,4.68965515285514,estimable,22.0,1.0
cluster_bootstrap,sequence_cluster,confidence_interval,paired_pose.learned_end_to_end_minus_persistence.orientation_median_difference_deg,10000,,,,,,,,,,,,,,,0.9217237707757252,-2.934523747055472,4.697931179598064,estimable,22.0,1.0
cluster_bootstrap,sequence_cluster,confidence_interval,paired_pose.learned_end_to_end_minus_persistence.learned_win_fraction,10000,,,,,,,,,,,,,,,0.339805796055796,0.24635596388313774,0.433207774655756,estimable,22.0,1.0
cluster_bootstrap,sequence_cluster,confidence_interval,paired_pose.learned_end_to_end_minus_persistence.coverage,10000,,,,,,,,,,,,,,,0.9859307359307359,0.9683229813664597,1.0,estimable,22.0,1.0
cluster_bootstrap,sequence_cluster,confidence_interval,paired_pose.learned_oracle_hand_minus_constant_velocity.position_mean_difference_cm,10000,,,,,,,,,,,,,,,-19.537396937964125,-25.10710780265602,-14.45822196318675,estimable,22.0,1.0
cluster_bootstrap,sequence_cluster,confidence_interval,paired_pose.learned_oracle_hand_minus_constant_velocity.position_median_difference_cm,10000,,,,,,,,,,,,,,,-11.167298715497955,-17.646394802897298,-5.778422707439733,estimable,22.0,1.0
cluster_bootstrap,sequence_cluster,confidence_interval,paired_pose.learned_oracle_hand_minus_constant_velocity.orientation_mean_difference_deg,10000,,,,,,,,,,,,,,,-3.468079978628617,-8.235486609816768,1.120451534627302,estimable,22.0,1.0
cluster_bootstrap,sequence_cluster,confidence_interval,paired_pose.learned_oracle_hand_minus_constant_velocity.orientation_median_difference_deg,10000,,,,,,,,,,,,,,,-0.5815293886918527,-4.26549234265395,3.0483060619653473,estimable,22.0,1.0
cluster_bootstrap,sequence_cluster,confidence_interval,paired_pose.learned_oracle_hand_minus_constant_velocity.learned_win_fraction,10000,,,,,,,,,,,,,,,0.6775703463203464,0.5728983392599465,0.7773468771566597,estimable,22.0,1.0
cluster_bootstrap,sequence_cluster,confidence_interval,paired_pose.learned_oracle_hand_minus_constant_velocity.coverage,10000,,,,,,,,,,,,,,,0.9813852813852815,0.9569160997732427,1.0,estimable,22.0,1.0
cluster_bootstrap,sequence_cluster,confidence_interval,paired_pose.learned_oracle_hand_minus_persistence.position_mean_difference_cm,10000,,,,,,,,,,,,,,,-0.07482846825574406,-1.0949899574964224,0.9405497723932879,estimable,22.0,1.0
cluster_bootstrap,sequence_cluster,confidence_interval,paired_pose.learned_oracle_hand_minus_persistence.position_median_difference_cm,10000,,,,,,,,,,,,,,,1.0179980344020303,0.2503732037740141,1.746175300981876,estimable,22.0,1.0
cluster_bootstrap,sequence_cluster,confidence_interval,paired_pose.learned_oracle_hand_minus_persistence.orientation_mean_difference_deg,10000,,,,,,,,,,,,,,,-3.568563452703206,-8.271391988887258,0.927904458317203,estimable,22.0,1.0
cluster_bootstrap,sequence_cluster,confidence_interval,paired_pose.learned_oracle_hand_minus_persistence.orientation_median_difference_deg,10000,,,,,,,,,,,,,,,-0.591295913894841,-4.271401509265037,3.030059361332956,estimable,22.0,1.0
cluster_bootstrap,sequence_cluster,confidence_interval,paired_pose.learned_oracle_hand_minus_persistence.learned_win_fraction,10000,,,,,,,,,,,,,,,0.34810305435305433,0.25280953202537054,0.44147810271451576,estimable,22.0,1.0
cluster_bootstrap,sequence_cluster,confidence_interval,paired_pose.learned_oracle_hand_minus_persistence.coverage,10000,,,,,,,,,,,,,,,0.9859307359307359,0.9683229813664597,1.0,estimable,22.0,1.0
