platform,measurement,latency_ms
mac_cpu,model_forward,1.371333
mac_cpu,model_forward,1.134291
mac_cpu,model_forward,1.162834
mac_cpu,model_forward,1.115625
mac_cpu,model_forward,1.120375
mac_cpu,model_forward,1.158625
mac_cpu,model_forward,1.069709
mac_cpu,model_forward,1.123125
mac_cpu,model_forward,1.08225
mac_cpu,model_forward,1.134333
mac_cpu,model_forward,1.110916
mac_cpu,model_forward,1.124583
mac_cpu,model_forward,1.14475
mac_cpu,model_forward,1.123125
mac_cpu,model_forward,1.107166
mac_cpu,model_forward,1.134
mac_cpu,model_forward,1.14925
mac_cpu,model_forward,1.115
mac_cpu,model_forward,1.115709
mac_cpu,model_forward,1.090334
mac_cpu,model_forward,1.114167
mac_cpu,model_forward,1.09975
mac_cpu,model_forward,1.110209
mac_cpu,model_forward,1.097375
mac_cpu,model_forward,1.131
mac_cpu,model_forward,1.087792
mac_cpu,model_forward,1.08925
mac_cpu,model_forward,1.095541
mac_cpu,model_forward,1.107708
mac_cpu,model_forward,1.096333
mac_cpu,model_forward,1.164709
mac_cpu,model_forward,1.250708
mac_cpu,model_forward,1.094792
mac_cpu,model_forward,1.116375
mac_cpu,model_forward,1.106833
mac_cpu,model_forward,1.122834
mac_cpu,model_forward,1.115958
mac_cpu,model_forward,1.124459
mac_cpu,model_forward,1.086875
mac_cpu,model_forward,1.131084
mac_cpu,model_forward,1.098709
mac_cpu,model_forward,1.107583
mac_cpu,model_forward,1.1195
mac_cpu,model_forward,1.103958
mac_cpu,model_forward,1.093166
mac_cpu,model_forward,1.126417
mac_cpu,model_forward,1.120458
mac_cpu,model_forward,1.160208
mac_cpu,model_forward,1.140791
mac_cpu,model_forward,1.101125
mac_cpu,model_forward,1.099125
mac_cpu,model_forward,1.081417
mac_cpu,model_forward,1.121833
mac_cpu,model_forward,1.116541
mac_cpu,model_forward,1.087042
mac_cpu,model_forward,1.097083
mac_cpu,model_forward,1.109083
mac_cpu,model_forward,1.0845
mac_cpu,model_forward,1.12875
mac_cpu,model_forward,1.111166
mac_cpu,model_forward,1.11275
mac_cpu,model_forward,1.271834
mac_cpu,model_forward,1.107666
mac_cpu,model_forward,1.134292
mac_cpu,model_forward,1.127
mac_cpu,model_forward,1.106834
mac_cpu,model_forward,1.086792
mac_cpu,model_forward,1.109334
mac_cpu,model_forward,1.112958
mac_cpu,model_forward,1.0995
mac_cpu,model_forward,1.23675
mac_cpu,model_forward,1.0935
mac_cpu,model_forward,1.11475
mac_cpu,model_forward,1.084292
mac_cpu,model_forward,1.1045
mac_cpu,model_forward,1.143208
mac_cpu,model_forward,1.138709
mac_cpu,model_forward,1.105417
mac_cpu,model_forward,1.110666
mac_cpu,model_forward,1.088834
mac_cpu,model_forward,1.127792
mac_cpu,model_forward,1.098125
mac_cpu,model_forward,1.118583
mac_cpu,model_forward,1.114
mac_cpu,model_forward,1.127
mac_cpu,model_forward,1.137292
mac_cpu,model_forward,1.081084
mac_cpu,model_forward,1.110625
mac_cpu,model_forward,1.068667
mac_cpu,model_forward,1.094667
mac_cpu,model_forward,1.094375
mac_cpu,model_forward,1.154583
mac_cpu,model_forward,1.224417
mac_cpu,model_forward,1.213833
mac_cpu,model_forward,1.138667
mac_cpu,model_forward,1.089417
mac_cpu,model_forward,1.132125
mac_cpu,model_forward,1.140583
mac_cpu,model_forward,1.101042
mac_cpu,model_forward,1.337042
mac_cpu,model_forward,1.1315
mac_cpu,model_forward,1.114833
mac_cpu,model_forward,1.135792
mac_cpu,model_forward,1.133292
mac_cpu,model_forward,1.139458
mac_cpu,model_forward,1.107709
mac_cpu,model_forward,1.100334
mac_cpu,model_forward,1.120792
mac_cpu,model_forward,1.126042
mac_cpu,model_forward,1.115083
mac_cpu,model_forward,1.101333
mac_cpu,model_forward,1.126833
mac_cpu,model_forward,1.095333
mac_cpu,model_forward,1.091667
mac_cpu,model_forward,1.11225
mac_cpu,model_forward,1.153458
mac_cpu,model_forward,1.169291
mac_cpu,model_forward,1.20575
mac_cpu,model_forward,1.095375
mac_cpu,model_forward,1.082042
mac_cpu,model_forward,1.112
mac_cpu,model_forward,1.095292
mac_cpu,model_forward,1.146208
mac_cpu,model_forward,1.188334
mac_cpu,model_forward,1.101209
mac_cpu,model_forward,1.097042
mac_cpu,model_forward,1.095791
mac_cpu,model_forward,1.089542
mac_cpu,model_forward,1.12475
mac_cpu,model_forward,1.136125
mac_cpu,model_forward,1.114667
mac_cpu,model_forward,1.078959
mac_cpu,model_forward,1.079042
mac_cpu,model_forward,1.083458
mac_cpu,model_forward,1.092083
mac_cpu,model_forward,1.120333
mac_cpu,model_forward,1.114125
mac_cpu,model_forward,1.123583
mac_cpu,model_forward,1.129042
mac_cpu,model_forward,1.09825
mac_cpu,model_forward,1.093125
mac_cpu,model_forward,1.084334
mac_cpu,model_forward,1.122166
mac_cpu,model_forward,1.075
mac_cpu,model_forward,1.124208
mac_cpu,model_forward,1.095542
mac_cpu,model_forward,1.08925
mac_cpu,model_forward,1.100709
mac_cpu,model_forward,1.072875
mac_cpu,model_forward,1.094041
mac_cpu,model_forward,1.06925
mac_cpu,model_forward,1.105959
mac_cpu,model_forward,1.111167
mac_cpu,model_forward,1.097334
mac_cpu,model_forward,1.089125
mac_cpu,model_forward,1.203792
mac_cpu,model_forward,1.114291
mac_cpu,model_forward,1.092208
mac_cpu,model_forward,1.128791
mac_cpu,model_forward,1.141
mac_cpu,model_forward,1.115875
mac_cpu,model_forward,1.119375
mac_cpu,model_forward,1.102625
mac_cpu,model_forward,1.093833
mac_cpu,model_forward,1.1025
mac_cpu,model_forward,1.088584
mac_cpu,model_forward,1.131042
mac_cpu,model_forward,1.102875
mac_cpu,model_forward,1.101125
mac_cpu,model_forward,1.095166
mac_cpu,model_forward,1.082459
mac_cpu,model_forward,1.063958
mac_cpu,model_forward,1.109125
mac_cpu,model_forward,1.128
mac_cpu,model_forward,1.165041
mac_cpu,model_forward,1.203291
mac_cpu,model_forward,1.100208
mac_cpu,model_forward,1.085709
mac_cpu,model_forward,1.118333
mac_cpu,model_forward,1.105541
mac_cpu,model_forward,1.0985
mac_cpu,model_forward,1.118459
mac_cpu,model_forward,1.099542
mac_cpu,model_forward,1.094917
mac_cpu,model_forward,1.116167
mac_cpu,model_forward,1.114917
mac_cpu,model_forward,1.129166
mac_cpu,model_forward,1.326042
mac_cpu,model_forward,1.1915
mac_cpu,model_forward,1.20125
mac_cpu,model_forward,1.133
mac_cpu,model_forward,1.126666
mac_cpu,model_forward,1.100792
mac_cpu,model_forward,1.144959
mac_cpu,model_forward,1.11
mac_cpu,model_forward,1.144625
mac_cpu,model_forward,1.10275
mac_cpu,model_forward,1.110917
mac_cpu,model_forward,1.105959
mac_cpu,model_forward,1.093708
mac_cpu,model_forward,1.085208
mac_cpu,model_forward,1.091083
mac_cpu,model_forward,1.159833
mac_cpu,model_forward,1.103916
mac_cpu,model_forward,1.102417
mac_cpu,model_forward,1.108792
mac_cpu,model_forward,1.163167
mac_cpu,model_forward,1.12525
mac_cpu,model_forward,1.119
mac_cpu,model_forward,1.111583
mac_cpu,model_forward,1.07825
mac_cpu,model_forward,1.1045
mac_cpu,model_forward,1.105292
mac_cpu,model_forward,1.107375
mac_cpu,model_forward,1.082625
mac_cpu,model_forward,1.101291
mac_cpu,model_forward,1.089459
mac_cpu,model_forward,1.09975
mac_cpu,model_forward,1.39
mac_cpu,model_forward,1.10875
mac_cpu,model_forward,1.068833
mac_cpu,model_forward,1.122166
mac_cpu,model_forward,1.107917
mac_cpu,model_forward,1.089417
mac_cpu,model_forward,1.099709
mac_cpu,model_forward,1.058125
mac_cpu,model_forward,1.090459
mac_cpu,model_forward,1.111292
mac_cpu,model_forward,1.127292
mac_cpu,model_forward,1.095667
mac_cpu,model_forward,1.11775
mac_cpu,model_forward,1.132042
mac_cpu,model_forward,1.087875
mac_cpu,model_forward,1.19175
mac_cpu,model_forward,1.124958
mac_cpu,model_forward,1.123125
mac_cpu,model_forward,1.117583
mac_cpu,model_forward,1.078792
mac_cpu,model_forward,1.090542
mac_cpu,model_forward,1.107917
mac_cpu,model_forward,1.12325
mac_cpu,model_forward,1.105375
mac_cpu,model_forward,1.110209
mac_cpu,model_forward,1.109
mac_cpu,model_forward,1.097959
mac_cpu,model_forward,1.092
mac_cpu,model_forward,1.105541
mac_cpu,model_forward,1.089959
mac_cpu,model_forward,1.096291
mac_cpu,model_forward,1.084
mac_cpu,model_forward,1.211167
mac_cpu,model_forward,1.121041
mac_cpu,model_forward,1.129666
mac_cpu,model_forward,1.0995
mac_cpu,model_forward,1.092208
mac_cpu,model_forward,1.125375
mac_cpu,model_forward,1.108875
mac_cpu,model_forward,1.119875
mac_cpu,model_forward,1.150833
mac_cpu,model_forward,1.109417
mac_cpu,model_forward,1.11775
mac_cpu,model_forward,1.092375
mac_cpu,model_forward,1.097
mac_cpu,model_forward,1.125625
mac_cpu,model_forward,1.18825
mac_cpu,model_forward,1.09625
mac_cpu,model_forward,1.159833
mac_cpu,model_forward,1.104084
mac_cpu,model_forward,1.093833
mac_cpu,model_forward,1.096792
mac_cpu,model_forward,1.066625
mac_cpu,model_forward,1.095625
mac_cpu,model_forward,1.096666
mac_cpu,model_forward,1.117667
mac_cpu,model_forward,1.112333
mac_cpu,model_forward,1.100958
mac_cpu,model_forward,1.1095
mac_cpu,model_forward,1.093083
mac_cpu,model_forward,1.101833
mac_cpu,model_forward,1.116125
mac_cpu,model_forward,1.0875
mac_cpu,model_forward,1.372875
mac_cpu,model_forward,1.302042
mac_cpu,model_forward,1.117917
mac_cpu,model_forward,1.095792
mac_cpu,model_forward,1.146709
mac_cpu,model_forward,1.096125
mac_cpu,model_forward,1.107084
mac_cpu,model_forward,1.099666
mac_cpu,model_forward,1.116708
mac_cpu,model_forward,1.090916
mac_cpu,model_forward,1.10225
mac_cpu,model_forward,1.099334
mac_cpu,model_forward,1.132333
mac_cpu,model_forward,1.132125
mac_cpu,model_forward,1.127791
mac_cpu,model_forward,1.087583
mac_cpu,model_forward,1.096375
mac_cpu,model_forward,1.133709
mac_cpu,model_forward,1.079417
mac_cpu,model_forward,1.109708
mac_cpu,model_forward,1.142042
mac_cpu,model_forward,1.095334
mac_cpu,model_forward,1.085125
mac_cpu,model_forward,1.152875
mac_cpu,model_forward,1.120333
mac_cpu,model_forward,1.111417
mac_cpu,model_forward,1.138875
mac_cpu,model_forward,1.116916
mac_cpu,model_forward,1.116542
mac_cpu,model_forward,1.139458
mac_cpu,model_forward,1.178792
mac_cpu,model_forward,1.121458
mac_cpu,model_forward,1.091375
mac_cpu,model_forward,1.150416
mac_cpu,model_forward,1.121375
mac_cpu,model_forward,1.11575
mac_cpu,model_forward,1.095958
mac_cpu,model_forward,1.109
mac_cpu,model_forward,1.107625
mac_cpu,model_forward,1.089833
mac_cpu,model_forward,1.105875
mac_cpu,model_forward,1.114625
mac_cpu,model_forward,1.087041
mac_cpu,model_forward,1.115917
mac_cpu,model_forward,1.065417
mac_cpu,model_forward,1.088458
mac_cpu,model_forward,1.11
mac_cpu,model_forward,1.113125
mac_cpu,model_forward,1.112042
mac_cpu,model_forward,1.110209
mac_cpu,model_forward,1.11775
mac_cpu,model_forward,1.080959
mac_cpu,model_forward,1.122125
mac_cpu,model_forward,1.092459
mac_cpu,model_forward,1.102167
mac_cpu,model_forward,1.107542
mac_cpu,model_forward,1.088208
mac_cpu,model_forward,1.115667
mac_cpu,model_forward,1.099125
mac_cpu,model_forward,1.072833
mac_cpu,model_forward,1.091375
mac_cpu,model_forward,1.109625
mac_cpu,model_forward,1.30325
mac_cpu,model_forward,1.147834
mac_cpu,model_forward,1.106333
mac_cpu,model_forward,1.106959
mac_cpu,model_forward,1.077416
mac_cpu,model_forward,1.10425
mac_cpu,model_forward,1.066375
mac_cpu,model_forward,1.087334
mac_cpu,model_forward,1.122792
mac_cpu,model_forward,1.115292
mac_cpu,model_forward,1.1865
mac_cpu,model_forward,1.136625
mac_cpu,model_forward,1.160209
mac_cpu,model_forward,1.139625
mac_cpu,model_forward,1.139209
mac_cpu,model_forward,1.0845
mac_cpu,model_forward,1.102708
mac_cpu,model_forward,1.083042
mac_cpu,model_forward,1.135334
mac_cpu,model_forward,1.104708
mac_cpu,model_forward,1.120959
mac_cpu,model_forward,1.12375
mac_cpu,model_forward,1.113459
mac_cpu,model_forward,1.098333
mac_cpu,model_forward,1.112084
mac_cpu,model_forward,1.117875
mac_cpu,model_forward,1.129834
mac_cpu,model_forward,1.074
mac_cpu,model_forward,1.137833
mac_cpu,model_forward,1.144167
mac_cpu,model_forward,1.114583
mac_cpu,model_forward,1.335833
mac_cpu,model_forward,1.163083
mac_cpu,model_forward,1.141625
mac_cpu,model_forward,1.144667
mac_cpu,model_forward,1.119083
mac_cpu,model_forward,1.101916
mac_cpu,model_forward,1.158709
mac_cpu,model_forward,1.099708
mac_cpu,model_forward,1.119292
mac_cpu,model_forward,1.098041
mac_cpu,model_forward,1.31875
mac_cpu,model_forward,1.142459
mac_cpu,model_forward,1.11375
mac_cpu,model_forward,1.122333
mac_cpu,model_forward,1.140292
mac_cpu,model_forward,1.106959
mac_cpu,model_forward,1.108125
mac_cpu,model_forward,1.105667
mac_cpu,model_forward,1.156208
mac_cpu,model_forward,1.139833
mac_cpu,model_forward,1.114916
mac_cpu,model_forward,1.114709
mac_cpu,model_forward,1.119458
mac_cpu,model_forward,1.13175
mac_cpu,model_forward,1.109208
mac_cpu,model_forward,1.098041
mac_cpu,model_forward,1.116208
mac_cpu,model_forward,1.062708
mac_cpu,model_forward,1.111666
mac_cpu,model_forward,1.111042
mac_cpu,model_forward,1.318208
mac_cpu,model_forward,1.106334
mac_cpu,model_forward,1.082542
mac_cpu,model_forward,1.089667
mac_cpu,model_forward,1.07675
mac_cpu,model_forward,1.102791
mac_cpu,model_forward,1.111
mac_cpu,model_forward,1.10925
mac_cpu,model_forward,1.098875
mac_cpu,model_forward,1.108625
mac_cpu,model_forward,1.116
mac_cpu,model_forward,1.11425
mac_cpu,model_forward,1.091625
mac_cpu,model_forward,1.105292
mac_cpu,model_forward,1.120583
mac_cpu,model_forward,1.114542
mac_cpu,model_forward,1.09325
mac_cpu,model_forward,1.415833
mac_cpu,model_forward,1.508084
mac_cpu,model_forward,1.47775
mac_cpu,model_forward,1.4485
mac_cpu,model_forward,1.539583
mac_cpu,model_forward,1.495333
mac_cpu,model_forward,1.512708
mac_cpu,model_forward,1.550958
mac_cpu,model_forward,1.343125
mac_cpu,model_forward,1.231458
mac_cpu,model_forward,1.156958
mac_cpu,model_forward,1.258584
mac_cpu,model_forward,1.120458
mac_cpu,model_forward,1.110584
mac_cpu,model_forward,1.12025
mac_cpu,model_forward,1.105917
mac_cpu,model_forward,1.157416
mac_cpu,model_forward,1.146042
mac_cpu,model_forward,1.113666
mac_cpu,model_forward,1.138
mac_cpu,model_forward,1.15625
mac_cpu,model_forward,1.140916
mac_cpu,model_forward,1.109167
mac_cpu,model_forward,1.129042
mac_cpu,model_forward,1.11725
mac_cpu,model_forward,1.1155
mac_cpu,model_forward,1.128958
mac_cpu,model_forward,1.122791
mac_cpu,model_forward,1.146459
mac_cpu,model_forward,1.114209
mac_cpu,model_forward,1.145541
mac_cpu,model_forward,1.098834
mac_cpu,model_forward,1.142416
mac_cpu,model_forward,1.116
mac_cpu,model_forward,1.108708
mac_cpu,model_forward,1.114709
mac_cpu,model_forward,1.116166
mac_cpu,model_forward,1.100208
mac_cpu,model_forward,1.10175
mac_cpu,model_forward,1.11225
mac_cpu,model_forward,1.0745
mac_cpu,model_forward,1.104625
mac_cpu,model_forward,1.141625
mac_cpu,model_forward,1.424417
mac_cpu,model_forward,1.176708
mac_cpu,model_forward,1.147584
mac_cpu,model_forward,1.087292
mac_cpu,model_forward,1.151333
mac_cpu,model_forward,1.137417
mac_cpu,model_forward,1.108792
mac_cpu,model_forward,1.10625
mac_cpu,model_forward,1.089541
mac_cpu,model_forward,1.09825
mac_cpu,model_forward,1.091666
mac_cpu,model_forward,1.077875
mac_cpu,model_forward,1.07125
mac_cpu,model_forward,1.101291
mac_cpu,model_forward,1.102917
mac_cpu,model_forward,1.091042
mac_cpu,model_forward,1.094542
mac_cpu,model_forward,1.095291
mac_cpu,model_forward,1.108375
mac_cpu,model_forward,1.081958
mac_cpu,model_forward,1.078083
mac_cpu,model_forward,1.103959
mac_cpu,model_forward,1.090458
mac_cpu,model_forward,1.122166
mac_cpu,model_forward,1.095125
mac_cpu,model_forward,1.114
mac_cpu,model_forward,1.107834
mac_cpu,model_forward,1.110166
mac_cpu,model_forward,1.118583
mac_cpu,model_forward,1.069375
mac_cpu,model_forward,1.126208
mac_cpu,model_forward,1.125584
mac_cpu,model_forward,1.275625
mac_cpu,model_forward,1.09775
mac_cpu,model_forward,1.112834
mac_cpu,model_forward,1.10525
mac_cpu,model_forward,1.109583
mac_cpu,model_forward,1.091416
mac_cpu,model_forward,1.106875
mac_cpu,model_forward,1.098708
mac_cpu,model_forward,1.0915
mac_cpu,model_forward,1.092125
mac_cpu,model_forward,1.131834
mac_cpu,model_forward,1.128458
mac_cpu,model_forward,1.099875
mac_cpu,model_forward,1.09225
mac_cpu,model_forward,1.078084
mac_cpu,model_forward,1.100125
mac_cpu,model_forward,1.09275
mac_cpu,model_forward,1.115958
mac_cpu,model_forward,1.123666
mac_cpu,model_forward,1.108083
mac_cpu,model_forward,1.11
mac_cpu,model_forward,1.108709
mac_cpu,model_forward,1.097666
mac_cpu,model_forward,1.100042
mac_cpu,model_forward,1.117959
mac_cpu,model_forward,1.100459
mac_cpu,model_forward,1.133583
mac_cpu,model_forward,1.094
mac_cpu,model_forward,1.139166
mac_cpu,model_forward,1.119208
mac_cpu,model_forward,1.156375
mac_cpu,model_forward,1.105083
mac_cpu,model_forward,1.159791
mac_cpu,model_forward,1.173667
mac_cpu,model_forward,1.139125
mac_cpu,model_forward,1.107708
mac_cpu,model_forward,1.163083
mac_cpu,model_forward,1.111334
mac_cpu,model_forward,1.106916
mac_cpu,model_forward,1.119959
mac_cpu,model_forward,1.117125
mac_cpu,model_forward,1.104125
mac_cpu,model_forward,1.095292
mac_cpu,model_forward,1.0895
mac_cpu,model_forward,1.084584
mac_cpu,model_forward,1.116458
mac_cpu,model_forward,1.123666
mac_cpu,model_forward,1.149334
mac_cpu,model_forward,1.135166
mac_cpu,model_forward,1.158708
mac_cpu,model_forward,1.113458
mac_cpu,model_forward,1.105708
mac_cpu,model_forward,1.099416
mac_cpu,model_forward,1.115209
mac_cpu,model_forward,1.082875
mac_cpu,model_forward,1.079625
mac_cpu,model_forward,1.104167
mac_cpu,model_forward,1.108334
mac_cpu,model_forward,1.111083
mac_cpu,model_forward,1.105792
mac_cpu,model_forward,1.097833
mac_cpu,model_forward,1.108709
mac_cpu,model_forward,1.290875
mac_cpu,model_forward,1.220125
mac_cpu,model_forward,1.162875
mac_cpu,model_forward,1.163917
mac_cpu,model_forward,1.199417
mac_cpu,model_forward,1.10625
mac_cpu,model_forward,1.082083
mac_cpu,model_forward,1.089208
mac_cpu,model_forward,1.084542
mac_cpu,model_forward,1.108041
mac_cpu,model_forward,1.14725
mac_cpu,model_forward,1.139166
mac_cpu,model_forward,1.097375
mac_cpu,model_forward,1.081542
mac_cpu,model_forward,1.134375
mac_cpu,model_forward,1.187333
mac_cpu,model_forward,1.198
mac_cpu,model_forward,1.13225
mac_cpu,model_forward,1.102209
mac_cpu,model_forward,1.108459
mac_cpu,model_forward,1.102583
mac_cpu,model_forward,1.093959
mac_cpu,model_forward,1.112708
mac_cpu,model_forward,1.131209
mac_cpu,model_forward,1.087833
mac_cpu,model_forward,1.09525
mac_cpu,model_forward,1.125542
mac_cpu,model_forward,1.100417
mac_cpu,model_forward,1.113958
mac_cpu,model_forward,1.174084
mac_cpu,model_forward,1.12625
mac_cpu,model_forward,1.12225
mac_cpu,model_forward,1.2885
mac_cpu,model_forward,1.140041
mac_cpu,model_forward,1.201
mac_cpu,model_forward,1.193125
mac_cpu,model_forward,1.133334
mac_cpu,model_forward,1.123833
mac_cpu,model_forward,1.112375
mac_cpu,model_forward,1.107458
mac_cpu,model_forward,1.087959
mac_cpu,model_forward,1.129458
mac_cpu,model_forward,1.096334
mac_cpu,model_forward,1.149125
mac_cpu,model_forward,1.099625
mac_cpu,model_forward,1.149292
mac_cpu,model_forward,1.081625
mac_cpu,model_forward,1.11375
mac_cpu,model_forward,1.104041
mac_cpu,model_forward,1.123417
mac_cpu,model_forward,1.070875
mac_cpu,model_forward,1.116042
mac_cpu,model_forward,1.088292
mac_cpu,model_forward,1.115458
mac_cpu,model_forward,1.107292
mac_cpu,model_forward,1.093875
mac_cpu,model_forward,1.087
mac_cpu,model_forward,1.139625
mac_cpu,model_forward,1.105292
mac_cpu,model_forward,1.089584
mac_cpu,model_forward,1.081792
mac_cpu,model_forward,1.113583
mac_cpu,model_forward,1.32775
mac_cpu,model_forward,1.365541
mac_cpu,model_forward,1.173917
mac_cpu,model_forward,1.116542
mac_cpu,model_forward,1.157875
mac_cpu,model_forward,1.126041
mac_cpu,model_forward,1.099708
mac_cpu,model_forward,1.107709
mac_cpu,model_forward,1.120208
mac_cpu,model_forward,1.105459
mac_cpu,model_forward,1.156708
mac_cpu,model_forward,1.113125
mac_cpu,model_forward,1.116208
mac_cpu,model_forward,1.095667
mac_cpu,model_forward,1.22225
mac_cpu,model_forward,1.154916
mac_cpu,model_forward,1.107875
mac_cpu,model_forward,1.139083
mac_cpu,model_forward,1.776916
mac_cpu,model_forward,1.985292
mac_cpu,model_forward,1.16825
mac_cpu,model_forward,1.127542
mac_cpu,model_forward,1.135958
mac_cpu,model_forward,1.115667
mac_cpu,model_forward,1.127041
mac_cpu,model_forward,1.101917
mac_cpu,model_forward,1.105292
mac_cpu,model_forward,1.089959
mac_cpu,model_forward,1.126958
mac_cpu,model_forward,1.124584
mac_cpu,model_forward,1.195041
mac_cpu,model_forward,1.227083
mac_cpu,model_forward,1.100708
mac_cpu,model_forward,1.123
mac_cpu,model_forward,1.109375
mac_cpu,model_forward,1.127083
mac_cpu,model_forward,1.123916
mac_cpu,model_forward,1.117917
mac_cpu,model_forward,1.131
mac_cpu,model_forward,1.142417
mac_cpu,model_forward,1.113041
mac_cpu,model_forward,1.074583
mac_cpu,model_forward,1.153167
mac_cpu,model_forward,1.129417
mac_cpu,model_forward,1.126667
mac_cpu,model_forward,1.08075
mac_cpu,model_forward,1.130334
mac_cpu,model_forward,1.12125
mac_cpu,model_forward,1.127417
mac_cpu,model_forward,1.106209
mac_cpu,model_forward,1.091958
mac_cpu,model_forward,1.11775
mac_cpu,model_forward,1.129125
mac_cpu,model_forward,1.111375
mac_cpu,model_forward,1.155334
mac_cpu,model_forward,1.103208
mac_cpu,model_forward,1.107708
mac_cpu,model_forward,1.067708
mac_cpu,model_forward,1.123
mac_cpu,model_forward,1.12675
mac_cpu,model_forward,1.13475
mac_cpu,model_forward,1.088583
mac_cpu,model_forward,1.143541
mac_cpu,model_forward,1.102333
mac_cpu,model_forward,1.118792
mac_cpu,model_forward,1.09875
mac_cpu,model_forward,1.103084
mac_cpu,model_forward,1.143375
mac_cpu,model_forward,1.120625
mac_cpu,model_forward,1.118333
mac_cpu,model_forward,1.104
mac_cpu,model_forward,1.065792
mac_cpu,model_forward,1.134667
mac_cpu,model_forward,1.125333
mac_cpu,model_forward,1.102375
mac_cpu,model_forward,1.106667
mac_cpu,model_forward,1.11025
mac_cpu,model_forward,1.100375
mac_cpu,model_forward,1.129583
mac_cpu,model_forward,1.158542
mac_cpu,model_forward,1.0985
mac_cpu,model_forward,1.091792
mac_cpu,model_forward,1.084167
mac_cpu,model_forward,1.099834
mac_cpu,model_forward,1.122916
mac_cpu,model_forward,1.1155
mac_cpu,model_forward,1.0875
mac_cpu,model_forward,1.135292
mac_cpu,model_forward,1.088
mac_cpu,model_forward,1.102375
mac_cpu,model_forward,1.223
mac_cpu,model_forward,1.229166
mac_cpu,model_forward,1.108792
mac_cpu,model_forward,1.105125
mac_cpu,model_forward,1.120083
mac_cpu,model_forward,1.111917
mac_cpu,model_forward,1.108292
mac_cpu,model_forward,1.113417
mac_cpu,model_forward,1.139625
mac_cpu,model_forward,1.3515
mac_cpu,model_forward,1.292125
mac_cpu,model_forward,1.148042
mac_cpu,model_forward,1.1105
mac_cpu,model_forward,1.137333
mac_cpu,model_forward,1.150792
mac_cpu,model_forward,1.122334
mac_cpu,model_forward,1.091833
mac_cpu,model_forward,1.104375
mac_cpu,model_forward,1.11575
mac_cpu,model_forward,1.086834
mac_cpu,model_forward,1.114916
mac_cpu,model_forward,1.096792
mac_cpu,model_forward,1.175583
mac_cpu,model_forward,1.082417
mac_cpu,model_forward,1.109208
mac_cpu,model_forward,1.126458
mac_cpu,model_forward,1.199
mac_cpu,model_forward,1.127084
mac_cpu,model_forward,1.109833
mac_cpu,model_forward,1.073958
mac_cpu,model_forward,1.124666
mac_cpu,model_forward,1.305208
mac_cpu,model_forward,1.153125
mac_cpu,model_forward,1.109291
mac_cpu,model_forward,1.116542
mac_cpu,model_forward,1.095041
mac_cpu,model_forward,1.086958
mac_cpu,model_forward,1.06375
mac_cpu,model_forward,1.172833
mac_cpu,model_forward,1.102208
mac_cpu,model_forward,1.067291
mac_cpu,model_forward,1.1125
mac_cpu,model_forward,1.098792
mac_cpu,model_forward,1.086708
mac_cpu,model_forward,1.09675
mac_cpu,model_forward,1.098958
mac_cpu,model_forward,1.086042
mac_cpu,model_forward,1.104
mac_cpu,model_forward,1.125041
mac_cpu,model_forward,1.079541
mac_cpu,model_forward,1.092541
mac_cpu,model_forward,1.083666
mac_cpu,model_forward,1.13825
mac_cpu,model_forward,1.147375
mac_cpu,model_forward,1.122375
mac_cpu,model_forward,1.0865
mac_cpu,model_forward,1.082291
mac_cpu,model_forward,1.111042
mac_cpu,model_forward,1.060209
mac_cpu,model_forward,1.101208
mac_cpu,model_forward,1.114917
mac_cpu,model_forward,1.085625
mac_cpu,model_forward,1.142417
mac_cpu,model_forward,1.230208
mac_cpu,model_forward,1.13125
mac_cpu,model_forward,1.0915
mac_cpu,model_forward,1.146833
mac_cpu,model_forward,1.116458
mac_cpu,model_forward,1.076792
mac_cpu,model_forward,1.093083
mac_cpu,model_forward,1.0835
mac_cpu,model_forward,1.133084
mac_cpu,model_forward,1.102458
mac_cpu,model_forward,1.180166
mac_cpu,model_forward,1.189
mac_cpu,model_forward,1.188542
mac_cpu,model_forward,1.128875
mac_cpu,model_forward,1.125667
mac_cpu,model_forward,1.156166
mac_cpu,model_forward,1.104167
mac_cpu,model_forward,1.114292
mac_cpu,model_forward,1.086833
mac_cpu,model_forward,1.080542
mac_cpu,model_forward,1.134875
mac_cpu,model_forward,1.103875
mac_cpu,model_forward,1.087625
mac_cpu,model_forward,1.12775
mac_cpu,model_forward,1.111791
mac_cpu,model_forward,1.11275
mac_cpu,model_forward,1.095417
mac_cpu,model_forward,1.086833
mac_cpu,model_forward,1.113333
mac_cpu,model_forward,1.13775
mac_cpu,model_forward,1.110333
mac_cpu,model_forward,1.176375
mac_cpu,model_forward,1.328458
mac_cpu,model_forward,1.138583
mac_cpu,model_forward,1.104917
mac_cpu,model_forward,1.379584
mac_cpu,model_forward,1.142209
mac_cpu,model_forward,1.135875
mac_cpu,model_forward,1.118875
mac_cpu,model_forward,1.10525
mac_cpu,model_forward,1.107292
mac_cpu,model_forward,1.089166
mac_cpu,model_forward,1.084083
mac_cpu,model_forward,1.111125
mac_cpu,model_forward,1.126583
mac_cpu,model_forward,1.106417
mac_cpu,model_forward,1.078291
mac_cpu,model_forward,1.166416
mac_cpu,model_forward,1.110292
mac_cpu,model_forward,1.099084
mac_cpu,model_forward,1.122708
mac_cpu,model_forward,1.093584
mac_cpu,model_forward,1.154875
mac_cpu,model_forward,1.131291
mac_cpu,model_forward,1.1235
mac_cpu,model_forward,1.091875
mac_cpu,model_forward,1.080708
mac_cpu,model_forward,1.093916
mac_cpu,model_forward,1.10625
mac_cpu,model_forward,1.096333
mac_cpu,model_forward,1.126375
mac_cpu,model_forward,1.088791
mac_cpu,model_forward,1.228542
mac_cpu,model_forward,1.114584
mac_cpu,model_forward,1.195291
mac_cpu,model_forward,1.242666
mac_cpu,model_forward,1.10375
mac_cpu,model_forward,1.136625
mac_cpu,model_forward,1.114667
mac_cpu,model_forward,1.107458
mac_cpu,model_forward,1.135292
mac_cpu,model_forward,1.075708
mac_cpu,model_forward,1.081292
mac_cpu,model_forward,1.103834
mac_cpu,model_forward,1.119
mac_cpu,model_forward,1.093416
mac_cpu,model_forward,1.099042
mac_cpu,model_forward,1.068667
mac_cpu,model_forward,1.111417
mac_cpu,model_forward,1.104125
mac_cpu,model_forward,1.084292
mac_cpu,model_forward,1.140708
mac_cpu,model_forward,1.193
mac_cpu,model_forward,1.116209
mac_cpu,model_forward,1.071125
mac_cpu,model_forward,1.108083
mac_cpu,model_forward,1.102083
mac_cpu,model_forward,1.066542
mac_cpu,model_forward,1.108334
mac_cpu,model_forward,1.095333
mac_cpu,model_forward,1.103791
mac_cpu,model_forward,1.098333
mac_cpu,model_forward,1.105916
mac_cpu,model_forward,1.120708
mac_cpu,model_forward,1.187459
mac_cpu,model_forward,1.110375
mac_cpu,model_forward,1.1065
mac_cpu,model_forward,1.086625
mac_cpu,model_forward,1.122583
mac_cpu,model_forward,1.099458
mac_cpu,model_forward,1.113042
mac_cpu,model_forward,1.105042
mac_cpu,model_forward,1.094292
mac_cpu,model_forward,1.087208
mac_cpu,model_forward,1.118125
mac_cpu,model_forward,1.092042
mac_cpu,model_forward,1.076083
mac_cpu,model_forward,1.083
mac_cpu,model_forward,1.088791
mac_cpu,model_forward,1.125917
mac_cpu,model_forward,1.106208
mac_cpu,model_forward,1.085833
mac_cpu,model_forward,1.068208
mac_cpu,model_forward,1.116916
mac_cpu,model_forward,1.088042
mac_cpu,model_forward,1.103125
mac_cpu,model_forward,1.098959
mac_cpu,model_forward,1.103542
mac_cpu,model_forward,1.125833
mac_cpu,model_forward,1.109167
mac_cpu,model_forward,1.113584
mac_cpu,model_forward,1.108625
mac_cpu,model_forward,1.077959
mac_cpu,model_forward,1.081375
mac_cpu,model_forward,1.11125
mac_cpu,model_forward,1.067125
mac_cpu,model_forward,1.3425
mac_cpu,model_forward,1.29825
mac_cpu,model_forward,1.132834
mac_cpu,model_forward,1.11175
mac_cpu,model_forward,1.1615
mac_cpu,model_forward,1.10325
mac_cpu,model_forward,1.087083
mac_cpu,model_forward,1.143042
mac_cpu,model_forward,1.115875
mac_cpu,model_forward,1.13325
mac_cpu,model_forward,1.089417
mac_cpu,model_forward,1.258917
mac_cpu,model_forward,1.104708
mac_cpu,model_forward,1.379334
mac_cpu,model_forward,1.130209
mac_cpu,model_forward,1.160083
mac_cpu,model_forward,1.207209
mac_cpu,model_forward,1.1235
mac_cpu,model_forward,1.119125
mac_cpu,model_forward,1.101583
mac_cpu,model_forward,1.11725
mac_cpu,model_forward,1.079917
mac_cpu,model_forward,1.117209
mac_cpu,model_forward,1.073875
mac_cpu,model_forward,1.116167
mac_cpu,model_forward,1.113458
mac_cpu,model_forward,1.134125
mac_cpu,model_forward,1.1
mac_cpu,model_forward,1.130166
mac_cpu,model_forward,1.097958
mac_cpu,model_forward,1.143375
mac_cpu,model_forward,1.131083
mac_cpu,model_forward,1.391625
mac_cpu,model_forward,1.117792
mac_cpu,model_forward,1.138583
mac_cpu,model_forward,1.127375
mac_cpu,model_forward,1.133334
mac_cpu,model_forward,1.076958
mac_cpu,model_forward,1.118709
mac_cpu,model_forward,1.099709
mac_cpu,model_forward,1.092792
mac_cpu,model_forward,1.102
mac_cpu,model_forward,1.146208
mac_cpu,model_forward,1.115917
mac_cpu,model_forward,1.106375
mac_cpu,model_forward,1.203917
mac_cpu,model_forward,1.128541
mac_cpu,model_forward,1.102708
mac_cpu,model_forward,1.093375
mac_cpu,model_forward,1.101417
mac_cpu,model_forward,1.112
mac_cpu,model_forward,1.121584
mac_cpu,model_forward,1.121916
mac_cpu,model_forward,1.098208
mac_cpu,model_forward,1.110875
mac_cpu,model_forward,1.120875
mac_cpu,model_forward,1.114334
mac_cpu,model_forward,1.126791
mac_cpu,model_forward,1.114042
mac_cpu,model_forward,1.122667
mac_cpu,model_forward,1.089916
mac_cpu,model_forward,1.220166
mac_cpu,model_forward,1.114958
mac_cpu,model_forward,1.110167
mac_cpu,model_forward,1.1085
mac_cpu,model_forward,1.103834
mac_cpu,model_forward,1.1085
mac_cpu,model_forward,1.11575
mac_cpu,model_forward,1.111333
mac_cpu,model_forward,1.109125
mac_cpu,model_forward,1.12525
mac_cpu,model_forward,1.099416
mac_cpu,model_forward,1.131458
mac_cpu,model_forward,1.134125
mac_cpu,model_forward,1.07025
mac_cpu,model_forward,1.10075
mac_cpu,model_forward,1.101875
mac_cpu,model_forward,1.085375
mac_cpu,model_forward,1.09125
mac_cpu,model_forward,1.12725
mac_cpu,model_forward,1.1495
mac_cpu,model_forward,1.122833
mac_cpu,model_forward,1.117625
mac_cpu,model_forward,1.104167
mac_cpu,model_forward,1.088
mac_cpu,model_forward,1.094875
mac_cpu,model_forward,1.123375
mac_cpu,model_forward,1.119167
mac_cpu,model_forward,1.085625
mac_cpu,model_forward,1.107542
mac_cpu,model_forward,1.11875
mac_cpu,model_forward,1.116042
mac_cpu,model_forward,1.341541
mac_cpu,model_forward,1.383916
mac_cpu,model_forward,1.139584
mac_cpu,model_forward,1.126292
mac_cpu,model_forward,1.177291
mac_cpu,model_forward,1.126167
mac_cpu,model_forward,1.106625
mac_cpu,model_forward,1.091958
mac_cpu,model_forward,1.093542
mac_cpu,offline_window,1.114542
mac_cpu,offline_window,1.104292
mac_cpu,offline_window,1.129125
mac_cpu,offline_window,1.147375
mac_cpu,offline_window,1.110208
mac_cpu,offline_window,1.141333
mac_cpu,offline_window,1.149125
mac_cpu,offline_window,1.160917
mac_cpu,offline_window,1.109791
mac_cpu,offline_window,1.120416
mac_cpu,offline_window,1.092
mac_cpu,offline_window,1.1135
mac_cpu,offline_window,1.104833
mac_cpu,offline_window,1.115584
mac_cpu,offline_window,1.14175
mac_cpu,offline_window,1.112833
mac_cpu,offline_window,1.378708
mac_cpu,offline_window,1.115834
mac_cpu,offline_window,1.157542
mac_cpu,offline_window,1.188875
mac_cpu,offline_window,1.127333
mac_cpu,offline_window,1.208167
mac_cpu,offline_window,1.126084
mac_cpu,offline_window,1.129625
mac_cpu,offline_window,1.119542
mac_cpu,offline_window,1.095542
mac_cpu,offline_window,1.148625
mac_cpu,offline_window,1.097458
mac_cpu,offline_window,1.094792
mac_cpu,offline_window,1.10775
mac_cpu,offline_window,1.0885
mac_cpu,offline_window,1.115583
mac_cpu,offline_window,1.12225
mac_cpu,offline_window,1.101125
mac_cpu,offline_window,1.134708
mac_cpu,offline_window,1.106042
mac_cpu,offline_window,1.078375
mac_cpu,offline_window,1.102333
mac_cpu,offline_window,1.112334
mac_cpu,offline_window,1.103958
mac_cpu,offline_window,1.139125
mac_cpu,offline_window,1.127916
mac_cpu,offline_window,1.114333
mac_cpu,offline_window,1.143708
mac_cpu,offline_window,1.114416
mac_cpu,offline_window,1.11975
mac_cpu,offline_window,1.13125
mac_cpu,offline_window,1.102583
mac_cpu,offline_window,1.135166
mac_cpu,offline_window,1.105167
mac_cpu,offline_window,1.112375
mac_cpu,offline_window,1.117792
mac_cpu,offline_window,1.113333
mac_cpu,offline_window,1.083416
mac_cpu,offline_window,1.122042
mac_cpu,offline_window,1.173584
mac_cpu,offline_window,1.107042
mac_cpu,offline_window,1.079375
mac_cpu,offline_window,1.115083
mac_cpu,offline_window,1.128583
mac_cpu,offline_window,1.091
mac_cpu,offline_window,1.122416
mac_cpu,offline_window,1.118375
mac_cpu,offline_window,1.10275
mac_cpu,offline_window,1.106041
mac_cpu,offline_window,1.115584
mac_cpu,offline_window,1.133542
mac_cpu,offline_window,1.128459
mac_cpu,offline_window,1.108791
mac_cpu,offline_window,1.115708
mac_cpu,offline_window,1.111792
mac_cpu,offline_window,1.103875
mac_cpu,offline_window,1.101084
mac_cpu,offline_window,1.112583
mac_cpu,offline_window,1.103667
mac_cpu,offline_window,1.117292
mac_cpu,offline_window,1.11875
mac_cpu,offline_window,1.285208
mac_cpu,offline_window,1.353166
mac_cpu,offline_window,1.359041
mac_cpu,offline_window,1.123458
mac_cpu,offline_window,1.172833
mac_cpu,offline_window,1.150291
mac_cpu,offline_window,1.13275
mac_cpu,offline_window,1.144916
mac_cpu,offline_window,1.11125
mac_cpu,offline_window,1.107833
mac_cpu,offline_window,1.109916
mac_cpu,offline_window,1.101083
mac_cpu,offline_window,1.105708
mac_cpu,offline_window,1.128917
mac_cpu,offline_window,1.108791
mac_cpu,offline_window,1.137333
mac_cpu,offline_window,1.104666
mac_cpu,offline_window,1.101625
mac_cpu,offline_window,1.172125
mac_cpu,offline_window,1.154459
mac_cpu,offline_window,1.101125
mac_cpu,offline_window,1.145833
mac_cpu,offline_window,1.109958
mac_cpu,offline_window,1.117
mac_cpu,offline_window,1.095
mac_cpu,offline_window,1.142333
mac_cpu,offline_window,1.107959
mac_cpu,offline_window,1.09625
mac_cpu,offline_window,1.103375
mac_cpu,offline_window,1.10975
mac_cpu,offline_window,1.182833
mac_cpu,offline_window,1.180875
mac_cpu,offline_window,1.095917
mac_cpu,offline_window,1.13425
mac_cpu,offline_window,1.123458
mac_cpu,offline_window,1.112584
mac_cpu,offline_window,1.100208
mac_cpu,offline_window,1.112917
mac_cpu,offline_window,1.09325
mac_cpu,offline_window,1.124917
mac_cpu,offline_window,1.114708
mac_cpu,offline_window,1.133125
mac_cpu,offline_window,1.097625
mac_cpu,offline_window,1.10225
mac_cpu,offline_window,1.11075
mac_cpu,offline_window,1.094166
mac_cpu,offline_window,1.1255
mac_cpu,offline_window,1.0695
mac_cpu,offline_window,1.081958
mac_cpu,offline_window,1.117667
mac_cpu,offline_window,1.0885
mac_cpu,offline_window,1.099541
mac_cpu,offline_window,1.121042
mac_cpu,offline_window,1.12425
mac_cpu,offline_window,1.117708
mac_cpu,offline_window,1.146833
mac_cpu,offline_window,1.094667
mac_cpu,offline_window,1.083333
mac_cpu,offline_window,1.10325
mac_cpu,offline_window,1.096166
mac_cpu,offline_window,1.13575
mac_cpu,offline_window,1.101417
mac_cpu,offline_window,1.173709
mac_cpu,offline_window,1.398958
mac_cpu,offline_window,1.328
mac_cpu,offline_window,1.150167
mac_cpu,offline_window,1.167875
mac_cpu,offline_window,1.130375
mac_cpu,offline_window,1.111333
mac_cpu,offline_window,1.141042
mac_cpu,offline_window,1.104833
mac_cpu,offline_window,1.107709
mac_cpu,offline_window,1.090709
mac_cpu,offline_window,1.090417
mac_cpu,offline_window,1.094834
mac_cpu,offline_window,1.165792
mac_cpu,offline_window,1.151667
mac_cpu,offline_window,1.09675
mac_cpu,offline_window,1.203
mac_cpu,offline_window,1.121959
mac_cpu,offline_window,1.097291
mac_cpu,offline_window,1.133167
mac_cpu,offline_window,1.15825
mac_cpu,offline_window,1.111042
mac_cpu,offline_window,1.155916
mac_cpu,offline_window,1.12875
mac_cpu,offline_window,1.131125
mac_cpu,offline_window,1.113417
mac_cpu,offline_window,1.091916
mac_cpu,offline_window,1.168709
mac_cpu,offline_window,1.122625
mac_cpu,offline_window,1.129958
mac_cpu,offline_window,1.081708
mac_cpu,offline_window,1.291541
mac_cpu,offline_window,1.308959
mac_cpu,offline_window,1.12475
mac_cpu,offline_window,1.123792
mac_cpu,offline_window,1.117625
mac_cpu,offline_window,1.151458
mac_cpu,offline_window,1.1005
mac_cpu,offline_window,1.110167
mac_cpu,offline_window,1.100542
mac_cpu,offline_window,1.09825
mac_cpu,offline_window,1.115958
mac_cpu,offline_window,1.188083
mac_cpu,offline_window,1.113834
mac_cpu,offline_window,1.122167
mac_cpu,offline_window,1.113166
mac_cpu,offline_window,1.122792
mac_cpu,offline_window,1.169583
mac_cpu,offline_window,1.177458
mac_cpu,offline_window,1.192791
mac_cpu,offline_window,1.133209
mac_cpu,offline_window,1.128958
mac_cpu,offline_window,1.06875
mac_cpu,offline_window,1.114
mac_cpu,offline_window,1.113875
mac_cpu,offline_window,1.11375
mac_cpu,offline_window,1.110417
mac_cpu,offline_window,1.1085
mac_cpu,offline_window,1.126917
mac_cpu,offline_window,1.119417
mac_cpu,offline_window,1.153625
mac_cpu,offline_window,1.159375
mac_cpu,offline_window,1.170166
mac_cpu,offline_window,1.077167
mac_cpu,offline_window,1.138333
mac_cpu,offline_window,1.101333
mac_cpu,offline_window,1.126208
mac_cpu,offline_window,1.10075
mac_cpu,offline_window,1.099583
mac_cpu,offline_window,1.0995
mac_cpu,offline_window,1.09275
mac_cpu,offline_window,1.102333
mac_cpu,offline_window,1.092708
mac_cpu,offline_window,1.131917
mac_cpu,offline_window,1.099875
mac_cpu,offline_window,1.115208
mac_cpu,offline_window,1.075167
mac_cpu,offline_window,1.078167
mac_cpu,offline_window,1.100208
mac_cpu,offline_window,1.134292
mac_cpu,offline_window,1.101667
mac_cpu,offline_window,1.113916
mac_cpu,offline_window,1.090375
mac_cpu,offline_window,1.100042
mac_cpu,offline_window,1.092
mac_cpu,offline_window,1.09475
mac_cpu,offline_window,1.086708
mac_cpu,offline_window,1.115084
mac_cpu,offline_window,1.125208
mac_cpu,offline_window,1.106375
mac_cpu,offline_window,1.087666
mac_cpu,offline_window,1.09925
mac_cpu,offline_window,1.123458
mac_cpu,offline_window,1.368958
mac_cpu,offline_window,1.207
mac_cpu,offline_window,1.140458
mac_cpu,offline_window,1.110916
mac_cpu,offline_window,1.166042
mac_cpu,offline_window,1.098
mac_cpu,offline_window,1.120875
mac_cpu,offline_window,1.18625
mac_cpu,offline_window,1.164667
mac_cpu,offline_window,1.247
mac_cpu,offline_window,1.147083
mac_cpu,offline_window,1.1545
mac_cpu,offline_window,1.165084
mac_cpu,offline_window,1.10775
mac_cpu,offline_window,1.142792
mac_cpu,offline_window,1.142084
mac_cpu,offline_window,1.132
mac_cpu,offline_window,1.089708
mac_cpu,offline_window,1.079542
mac_cpu,offline_window,1.078625
mac_cpu,offline_window,1.091709
mac_cpu,offline_window,1.105333
mac_cpu,offline_window,1.088209
mac_cpu,offline_window,1.153958
mac_cpu,offline_window,1.093084
mac_cpu,offline_window,1.1425
mac_cpu,offline_window,1.113625
mac_cpu,offline_window,1.152917
mac_cpu,offline_window,1.116542
mac_cpu,offline_window,1.117792
mac_cpu,offline_window,1.200458
mac_cpu,offline_window,1.184666
mac_cpu,offline_window,1.155334
mac_cpu,offline_window,1.086958
mac_cpu,offline_window,1.120542
mac_cpu,offline_window,1.086417
mac_cpu,offline_window,1.093875
mac_cpu,offline_window,1.151875
mac_cpu,offline_window,1.195
mac_cpu,offline_window,1.120792
mac_cpu,offline_window,1.109584
mac_cpu,offline_window,1.121084
mac_cpu,offline_window,1.099834
mac_cpu,offline_window,1.163625
mac_cpu,offline_window,1.169875
mac_cpu,offline_window,1.173
mac_cpu,offline_window,1.109042
mac_cpu,offline_window,1.123208
mac_cpu,offline_window,1.136458
mac_cpu,offline_window,1.099917
mac_cpu,offline_window,1.11775
mac_cpu,offline_window,1.125375
mac_cpu,offline_window,1.129792
mac_cpu,offline_window,1.089417
mac_cpu,offline_window,1.144833
mac_cpu,offline_window,1.096583
mac_cpu,offline_window,1.10775
mac_cpu,offline_window,1.075875
mac_cpu,offline_window,1.142083
mac_cpu,offline_window,1.091917
mac_cpu,offline_window,1.151417
mac_cpu,offline_window,1.177333
mac_cpu,offline_window,1.272167
mac_cpu,offline_window,1.133042
mac_cpu,offline_window,1.132166
mac_cpu,offline_window,1.089375
mac_cpu,offline_window,1.09
mac_cpu,offline_window,1.108208
mac_cpu,offline_window,1.109208
mac_cpu,offline_window,1.089709
mac_cpu,offline_window,1.109083
mac_cpu,offline_window,1.104334
mac_cpu,offline_window,1.104833
mac_cpu,offline_window,1.128791
mac_cpu,offline_window,1.089208
mac_cpu,offline_window,1.107959
mac_cpu,offline_window,1.151542
mac_cpu,offline_window,1.152958
mac_cpu,offline_window,1.240959
mac_cpu,offline_window,1.130125
mac_cpu,offline_window,1.110458
mac_cpu,offline_window,1.093334
mac_cpu,offline_window,1.113958
mac_cpu,offline_window,1.11525
mac_cpu,offline_window,1.104416
mac_cpu,offline_window,1.117292
mac_cpu,offline_window,1.092292
mac_cpu,offline_window,1.108084
mac_cpu,offline_window,1.123875
mac_cpu,offline_window,1.105417
mac_cpu,offline_window,1.116625
mac_cpu,offline_window,1.153708
mac_cpu,offline_window,1.280208
mac_cpu,offline_window,1.344458
mac_cpu,offline_window,1.142125
mac_cpu,offline_window,1.105708
mac_cpu,offline_window,1.151041
mac_cpu,offline_window,1.202084
mac_cpu,offline_window,1.193292
mac_cpu,offline_window,1.140416
mac_cpu,offline_window,1.148041
mac_cpu,offline_window,1.108625
mac_cpu,offline_window,1.113417
mac_cpu,offline_window,1.121625
mac_cpu,offline_window,1.231209
mac_cpu,offline_window,1.150833
mac_cpu,offline_window,1.113667
mac_cpu,offline_window,1.090583
mac_cpu,offline_window,1.122417
mac_cpu,offline_window,1.110416
mac_cpu,offline_window,1.106125
mac_cpu,offline_window,1.155625
mac_cpu,offline_window,1.116791
mac_cpu,offline_window,1.1455
mac_cpu,offline_window,1.213666
mac_cpu,offline_window,1.157959
mac_cpu,offline_window,1.096291
mac_cpu,offline_window,1.101958
mac_cpu,offline_window,1.096084
mac_cpu,offline_window,1.091
mac_cpu,offline_window,1.146917
mac_cpu,offline_window,1.100959
mac_cpu,offline_window,1.168708
mac_cpu,offline_window,1.244542
mac_cpu,offline_window,1.202459
mac_cpu,offline_window,1.138333
mac_cpu,offline_window,1.150875
mac_cpu,offline_window,1.103584
mac_cpu,offline_window,1.1405
mac_cpu,offline_window,1.150875
mac_cpu,offline_window,1.130709
mac_cpu,offline_window,1.14075
mac_cpu,offline_window,1.126417
mac_cpu,offline_window,1.129791
mac_cpu,offline_window,1.096208
mac_cpu,offline_window,1.147834
mac_cpu,offline_window,1.120125
mac_cpu,offline_window,1.091417
mac_cpu,offline_window,1.1195
mac_cpu,offline_window,1.086917
mac_cpu,offline_window,1.097292
mac_cpu,offline_window,1.160792
mac_cpu,offline_window,1.146833
mac_cpu,offline_window,1.13175
mac_cpu,offline_window,1.101917
mac_cpu,offline_window,1.12975
mac_cpu,offline_window,1.089208
mac_cpu,offline_window,1.0985
mac_cpu,offline_window,1.094166
mac_cpu,offline_window,1.123791
mac_cpu,offline_window,1.120292
mac_cpu,offline_window,1.12375
mac_cpu,offline_window,1.119792
mac_cpu,offline_window,1.146208
mac_cpu,offline_window,1.157125
mac_cpu,offline_window,1.129333
mac_cpu,offline_window,1.117459
mac_cpu,offline_window,1.143166
mac_cpu,offline_window,1.095833
mac_cpu,offline_window,1.108792
mac_cpu,offline_window,1.101917
mac_cpu,offline_window,1.104
mac_cpu,offline_window,1.0895
mac_cpu,offline_window,1.11075
mac_cpu,offline_window,1.072667
mac_cpu,offline_window,1.186417
mac_cpu,offline_window,1.128125
mac_cpu,offline_window,1.092167
mac_cpu,offline_window,1.128625
mac_cpu,offline_window,1.128709
mac_cpu,offline_window,1.141917
mac_cpu,offline_window,1.108625
mac_cpu,offline_window,1.132
mac_cpu,offline_window,1.11775
mac_cpu,offline_window,1.120709
mac_cpu,offline_window,1.104083
mac_cpu,offline_window,1.127166
mac_cpu,offline_window,1.123167
mac_cpu,offline_window,1.100334
mac_cpu,offline_window,1.108958
mac_cpu,offline_window,1.099583
mac_cpu,offline_window,1.06975
mac_cpu,offline_window,1.113875
mac_cpu,offline_window,1.086083
mac_cpu,offline_window,1.116958
mac_cpu,offline_window,1.345542
mac_cpu,offline_window,1.342708
mac_cpu,offline_window,1.151875
mac_cpu,offline_window,1.147458
mac_cpu,offline_window,1.142958
mac_cpu,offline_window,1.130958
mac_cpu,offline_window,1.155375
mac_cpu,offline_window,1.101417
mac_cpu,offline_window,1.106125
mac_cpu,offline_window,1.134333
mac_cpu,offline_window,1.116042
mac_cpu,offline_window,1.145667
mac_cpu,offline_window,1.099292
mac_cpu,offline_window,1.124416
mac_cpu,offline_window,1.181667
mac_cpu,offline_window,1.294375
mac_cpu,offline_window,1.208292
mac_cpu,offline_window,1.127417
mac_cpu,offline_window,1.109417
mac_cpu,offline_window,1.117708
mac_cpu,offline_window,1.122917
mac_cpu,offline_window,1.159375
mac_cpu,offline_window,1.146167
mac_cpu,offline_window,1.107084
mac_cpu,offline_window,1.115833
mac_cpu,offline_window,1.116583
mac_cpu,offline_window,1.138333
mac_cpu,offline_window,1.098375
mac_cpu,offline_window,1.087416
mac_cpu,offline_window,1.19425
mac_cpu,offline_window,1.139083
mac_cpu,offline_window,1.159583
mac_cpu,offline_window,1.3085
mac_cpu,offline_window,1.14725
mac_cpu,offline_window,1.130792
mac_cpu,offline_window,1.123625
mac_cpu,offline_window,1.140375
mac_cpu,offline_window,1.114875
mac_cpu,offline_window,1.089917
mac_cpu,offline_window,1.11075
mac_cpu,offline_window,1.098
mac_cpu,offline_window,1.118916
mac_cpu,offline_window,1.114416
mac_cpu,offline_window,1.129833
mac_cpu,offline_window,1.142708
mac_cpu,offline_window,1.12175
mac_cpu,offline_window,1.107708
mac_cpu,offline_window,1.079167
mac_cpu,offline_window,1.090667
mac_cpu,offline_window,1.165583
mac_cpu,offline_window,1.229833
mac_cpu,offline_window,1.176458
mac_cpu,offline_window,1.107834
mac_cpu,offline_window,1.147792
mac_cpu,offline_window,1.122709
mac_cpu,offline_window,1.076959
mac_cpu,offline_window,1.103208
mac_cpu,offline_window,1.120208
mac_cpu,offline_window,1.123666
mac_cpu,offline_window,1.135958
mac_cpu,offline_window,1.109792
mac_cpu,offline_window,1.107166
mac_cpu,offline_window,1.146875
mac_cpu,offline_window,1.129584
mac_cpu,offline_window,1.091917
mac_cpu,offline_window,1.094042
mac_cpu,offline_window,1.151208
mac_cpu,offline_window,1.133209
mac_cpu,offline_window,1.119875
mac_cpu,offline_window,1.120916
mac_cpu,offline_window,1.098458
mac_cpu,offline_window,1.131542
mac_cpu,offline_window,1.092042
mac_cpu,offline_window,1.134709
mac_cpu,offline_window,1.15475
mac_cpu,offline_window,1.119666
mac_cpu,offline_window,1.110708
mac_cpu,offline_window,1.08875
mac_cpu,offline_window,1.138125
mac_cpu,offline_window,1.119709
mac_cpu,offline_window,1.099875
mac_cpu,offline_window,1.0765
mac_cpu,offline_window,1.140375
mac_cpu,offline_window,1.105584
mac_cpu,offline_window,1.103417
mac_cpu,offline_window,1.07625
mac_cpu,offline_window,1.103958
mac_cpu,offline_window,1.099
mac_cpu,offline_window,1.078166
mac_cpu,offline_window,1.130667
mac_cpu,offline_window,1.105042
mac_cpu,offline_window,1.093209
mac_cpu,offline_window,1.138333
mac_cpu,offline_window,1.381667
mac_cpu,offline_window,1.151417
mac_cpu,offline_window,1.157792
mac_cpu,offline_window,1.104542
mac_cpu,offline_window,1.120083
mac_cpu,offline_window,1.102834
mac_cpu,offline_window,1.09125
mac_cpu,offline_window,1.095042
mac_cpu,offline_window,1.126459
mac_cpu,offline_window,1.113209
mac_cpu,offline_window,1.21825
mac_cpu,offline_window,1.292833
mac_cpu,offline_window,1.137291
mac_cpu,offline_window,1.116667
mac_cpu,offline_window,1.147792
mac_cpu,offline_window,1.104583
mac_cpu,offline_window,1.131416
mac_cpu,offline_window,1.115834
mac_cpu,offline_window,1.092875
mac_cpu,offline_window,1.134292
mac_cpu,offline_window,1.129541
mac_cpu,offline_window,1.131625
mac_cpu,offline_window,1.089416
mac_cpu,offline_window,1.129625
mac_cpu,offline_window,1.095
mac_cpu,offline_window,1.129791
mac_cpu,offline_window,1.147792
mac_cpu,offline_window,1.167084
mac_cpu,offline_window,1.178375
mac_cpu,offline_window,1.145625
mac_cpu,offline_window,1.292458
mac_cpu,offline_window,1.302458
mac_cpu,offline_window,1.136625
mac_cpu,offline_window,1.096083
mac_cpu,offline_window,1.115416
mac_cpu,offline_window,1.106917
mac_cpu,offline_window,1.108125
mac_cpu,offline_window,1.122833
mac_cpu,offline_window,1.144167
mac_cpu,offline_window,1.225375
mac_cpu,offline_window,1.128375
mac_cpu,offline_window,1.103083
mac_cpu,offline_window,1.097209
mac_cpu,offline_window,1.1025
mac_cpu,offline_window,1.107208
mac_cpu,offline_window,1.120417
mac_cpu,offline_window,1.113208
mac_cpu,offline_window,1.094208
mac_cpu,offline_window,1.088334
mac_cpu,offline_window,1.111875
mac_cpu,offline_window,1.066875
mac_cpu,offline_window,1.093708
mac_cpu,offline_window,1.101041
mac_cpu,offline_window,1.122958
mac_cpu,offline_window,1.083375
mac_cpu,offline_window,1.07975
mac_cpu,offline_window,1.095334
mac_cpu,offline_window,1.091542
mac_cpu,offline_window,1.119833
mac_cpu,offline_window,1.187625
mac_cpu,offline_window,1.131292
mac_cpu,offline_window,1.121875
mac_cpu,offline_window,1.132875
mac_cpu,offline_window,1.112333
mac_cpu,offline_window,1.120083
mac_cpu,offline_window,1.092917
mac_cpu,offline_window,1.114375
mac_cpu,offline_window,1.119
mac_cpu,offline_window,1.122083
mac_cpu,offline_window,1.094958
mac_cpu,offline_window,1.093208
mac_cpu,offline_window,1.114
mac_cpu,offline_window,1.093666
mac_cpu,offline_window,1.09675
mac_cpu,offline_window,1.08725
mac_cpu,offline_window,1.079875
mac_cpu,offline_window,1.104125
mac_cpu,offline_window,1.124084
mac_cpu,offline_window,1.100958
mac_cpu,offline_window,1.103709
mac_cpu,offline_window,1.092791
mac_cpu,offline_window,1.08525
mac_cpu,offline_window,1.112583
mac_cpu,offline_window,1.125291
mac_cpu,offline_window,1.12575
mac_cpu,offline_window,1.212583
mac_cpu,offline_window,1.104292
mac_cpu,offline_window,1.109208
mac_cpu,offline_window,1.118167
mac_cpu,offline_window,1.11725
mac_cpu,offline_window,1.186583
mac_cpu,offline_window,1.340083
mac_cpu,offline_window,1.135625
mac_cpu,offline_window,1.142792
mac_cpu,offline_window,1.120416
mac_cpu,offline_window,1.085584
mac_cpu,offline_window,1.172375
mac_cpu,offline_window,1.175292
mac_cpu,offline_window,1.115083
mac_cpu,offline_window,1.343542
mac_cpu,offline_window,1.116042
mac_cpu,offline_window,1.136208
mac_cpu,offline_window,1.168458
mac_cpu,offline_window,1.121666
mac_cpu,offline_window,1.11075
mac_cpu,offline_window,1.134917
mac_cpu,offline_window,1.113458
mac_cpu,offline_window,1.114833
mac_cpu,offline_window,1.109875
mac_cpu,offline_window,1.104542
mac_cpu,offline_window,1.105333
mac_cpu,offline_window,1.0695
mac_cpu,offline_window,1.110042
mac_cpu,offline_window,1.0965
mac_cpu,offline_window,1.141916
mac_cpu,offline_window,1.105375
mac_cpu,offline_window,1.216333
mac_cpu,offline_window,1.113666
mac_cpu,offline_window,1.114666
mac_cpu,offline_window,1.095291
mac_cpu,offline_window,1.117291
mac_cpu,offline_window,1.384542
mac_cpu,offline_window,1.208375
mac_cpu,offline_window,1.112417
mac_cpu,offline_window,1.111166
mac_cpu,offline_window,1.114125
mac_cpu,offline_window,1.092166
mac_cpu,offline_window,1.124208
mac_cpu,offline_window,1.180709
mac_cpu,offline_window,1.120083
mac_cpu,offline_window,1.123625
mac_cpu,offline_window,1.110459
mac_cpu,offline_window,1.113959
mac_cpu,offline_window,1.128625
mac_cpu,offline_window,1.1895
mac_cpu,offline_window,1.202542
mac_cpu,offline_window,1.113542
mac_cpu,offline_window,1.129209
mac_cpu,offline_window,1.097458
mac_cpu,offline_window,1.095292
mac_cpu,offline_window,1.114708
mac_cpu,offline_window,1.106917
mac_cpu,offline_window,1.110125
mac_cpu,offline_window,1.126166
mac_cpu,offline_window,1.098292
mac_cpu,offline_window,1.098083
mac_cpu,offline_window,1.10725
mac_cpu,offline_window,1.111042
mac_cpu,offline_window,1.087875
mac_cpu,offline_window,1.105917
mac_cpu,offline_window,1.143875
mac_cpu,offline_window,1.147041
mac_cpu,offline_window,1.154833
mac_cpu,offline_window,1.119042
mac_cpu,offline_window,1.124542
mac_cpu,offline_window,1.123375
mac_cpu,offline_window,1.091459
mac_cpu,offline_window,1.121875
mac_cpu,offline_window,1.093292
mac_cpu,offline_window,1.110625
mac_cpu,offline_window,1.097958
mac_cpu,offline_window,1.117916
mac_cpu,offline_window,1.125042
mac_cpu,offline_window,1.094833
mac_cpu,offline_window,1.119042
mac_cpu,offline_window,1.167458
mac_cpu,offline_window,1.108334
mac_cpu,offline_window,1.135333
mac_cpu,offline_window,1.1035
mac_cpu,offline_window,1.115792
mac_cpu,offline_window,1.097875
mac_cpu,offline_window,1.101291
mac_cpu,offline_window,1.13425
mac_cpu,offline_window,1.114542
mac_cpu,offline_window,1.112458
mac_cpu,offline_window,1.096209
mac_cpu,offline_window,1.074959
mac_cpu,offline_window,1.102042
mac_cpu,offline_window,1.110209
mac_cpu,offline_window,1.084792
mac_cpu,offline_window,1.114292
mac_cpu,offline_window,1.126625
mac_cpu,offline_window,1.121542
mac_cpu,offline_window,1.338917
mac_cpu,offline_window,1.185833
mac_cpu,offline_window,1.166875
mac_cpu,offline_window,1.12075
mac_cpu,offline_window,1.168833
mac_cpu,offline_window,1.278084
mac_cpu,offline_window,1.118958
mac_cpu,offline_window,1.123459
mac_cpu,offline_window,1.151875
mac_cpu,offline_window,1.108083
mac_cpu,offline_window,1.088625
mac_cpu,offline_window,1.103792
mac_cpu,offline_window,1.110125
mac_cpu,offline_window,1.127083
mac_cpu,offline_window,1.085042
mac_cpu,offline_window,1.115125
mac_cpu,offline_window,1.109083
mac_cpu,offline_window,1.13425
mac_cpu,offline_window,1.130666
mac_cpu,offline_window,1.120125
mac_cpu,offline_window,1.102833
mac_cpu,offline_window,1.122292
mac_cpu,offline_window,1.178584
mac_cpu,offline_window,1.147708
mac_cpu,offline_window,1.083209
mac_cpu,offline_window,1.1085
mac_cpu,offline_window,1.1495
mac_cpu,offline_window,1.164084
mac_cpu,offline_window,1.17725
mac_cpu,offline_window,1.121084
mac_cpu,offline_window,1.142916
mac_cpu,offline_window,1.310917
mac_cpu,offline_window,1.100542
mac_cpu,offline_window,1.1385
mac_cpu,offline_window,1.135917
mac_cpu,offline_window,1.11525
mac_cpu,offline_window,1.118041
mac_cpu,offline_window,1.130084
mac_cpu,offline_window,1.118875
mac_cpu,offline_window,1.12775
mac_cpu,offline_window,1.100084
mac_cpu,offline_window,1.121083
mac_cpu,offline_window,1.101792
mac_cpu,offline_window,1.127625
mac_cpu,offline_window,1.123417
mac_cpu,offline_window,1.113625
mac_cpu,offline_window,1.126042
mac_cpu,offline_window,1.112167
mac_cpu,offline_window,1.092542
mac_cpu,offline_window,1.119208
mac_cpu,offline_window,1.107666
mac_cpu,offline_window,1.071959
mac_cpu,offline_window,1.096458
mac_cpu,offline_window,1.11075
mac_cpu,offline_window,1.10525
mac_cpu,offline_window,1.119917
mac_cpu,offline_window,1.108792
mac_cpu,offline_window,1.080833
mac_cpu,offline_window,1.090958
mac_cpu,offline_window,1.144
mac_cpu,offline_window,1.119625
mac_cpu,offline_window,1.088167
mac_cpu,offline_window,1.142417
mac_cpu,offline_window,1.1295
mac_cpu,offline_window,1.161375
mac_cpu,offline_window,1.1175
mac_cpu,offline_window,1.117542
mac_cpu,offline_window,1.084541
mac_cpu,offline_window,1.108417
mac_cpu,offline_window,1.094
mac_cpu,offline_window,1.098625
mac_cpu,offline_window,1.104417
mac_cpu,offline_window,1.091667
mac_cpu,offline_window,1.112834
mac_cpu,offline_window,1.127166
mac_cpu,offline_window,1.083125
mac_cpu,offline_window,1.100458
mac_cpu,offline_window,1.115583
mac_cpu,offline_window,1.113959
mac_cpu,offline_window,1.150334
mac_cpu,offline_window,1.167834
mac_cpu,offline_window,1.101916
mac_cpu,offline_window,1.102083
mac_cpu,offline_window,1.163291
mac_cpu,offline_window,1.138416
mac_cpu,offline_window,1.165292
mac_cpu,offline_window,1.136542
mac_cpu,offline_window,1.143292
mac_cpu,offline_window,1.134417
mac_cpu,offline_window,1.122417
mac_cpu,offline_window,1.123917
mac_cpu,offline_window,1.125583
mac_cpu,offline_window,1.116416
mac_cpu,offline_window,1.11175
mac_cpu,offline_window,1.41925
mac_cpu,offline_window,1.235042
mac_cpu,offline_window,1.161584
mac_cpu,offline_window,1.129167
mac_cpu,offline_window,1.127334
mac_cpu,offline_window,1.131167
mac_cpu,offline_window,1.162416
mac_cpu,offline_window,1.112167
mac_cpu,offline_window,1.128291
mac_cpu,offline_window,1.112833
mac_cpu,offline_window,1.123917
mac_cpu,offline_window,1.130334
mac_cpu,offline_window,1.109625
mac_cpu,offline_window,1.159667
mac_cpu,offline_window,1.111125
mac_cpu,offline_window,1.139708
mac_cpu,offline_window,1.167875
mac_cpu,offline_window,1.122583
mac_cpu,offline_window,1.106208
mac_cpu,offline_window,1.170416
mac_cpu,offline_window,1.137916
mac_cpu,offline_window,1.123
mac_cpu,offline_window,1.103416
mac_cpu,offline_window,1.141
mac_cpu,offline_window,1.143041
mac_cpu,offline_window,1.115
mac_cpu,offline_window,1.111584
mac_cpu,offline_window,1.135916
mac_cpu,offline_window,1.146375
mac_cpu,offline_window,1.106208
mac_cpu,offline_window,1.29425
mac_cpu,offline_window,1.110709
mac_cpu,offline_window,1.123917
mac_cpu,offline_window,1.094375
mac_cpu,offline_window,1.135959
mac_cpu,offline_window,1.107417
mac_cpu,offline_window,1.123041
mac_cpu,offline_window,1.100916
mac_cpu,offline_window,1.1095
mac_cpu,offline_window,1.118083
mac_cpu,offline_window,1.113416
mac_cpu,offline_window,1.126166
mac_cpu,offline_window,1.122
mac_cpu,offline_window,1.113875
mac_cpu,offline_window,1.111
mac_cpu,offline_window,1.1055
mac_cpu,offline_window,1.134792
mac_cpu,offline_window,1.11325
mac_cpu,offline_window,1.113541
mac_cpu,offline_window,1.127917
mac_cpu,offline_window,1.122458
mac_cpu,offline_window,1.115625
mac_cpu,offline_window,1.142583
mac_cpu,offline_window,1.116958
mac_cpu,offline_window,1.124792
mac_cpu,offline_window,1.098791
mac_cpu,offline_window,1.112791
mac_cpu,offline_window,1.090292
mac_cpu,offline_window,1.114667
mac_cpu,offline_window,1.105208
mac_cpu,offline_window,1.08775
mac_cpu,offline_window,1.178875
mac_cpu,offline_window,1.316458
mac_cpu,offline_window,1.109542
mac_cpu,offline_window,1.123458
mac_cpu,offline_window,1.128792
mac_cpu,offline_window,1.124
mac_cpu,offline_window,1.13525
mac_cpu,offline_window,1.138958
mac_cpu,offline_window,1.12575
mac_cpu,offline_window,1.113208
mac_cpu,offline_window,1.149041
mac_cpu,offline_window,1.130625
mac_cpu,offline_window,1.342292
mac_cpu,offline_window,1.171167
mac_cpu,offline_window,1.286125
mac_cpu,offline_window,1.107
mac_cpu,offline_window,1.122583
mac_cpu,offline_window,1.139833
mac_cpu,offline_window,1.145834
mac_cpu,offline_window,1.103708
mac_cpu,offline_window,1.115292
mac_cpu,offline_window,1.106625
mac_cpu,offline_window,1.106167
mac_cpu,offline_window,1.1205
mac_cpu,offline_window,1.112917
mac_cpu,offline_window,1.117834
mac_cpu,offline_window,1.407
mac_cpu,offline_window,1.140375
mac_cpu,offline_window,1.1685
mac_cpu,offline_window,1.117333
mac_cpu,offline_window,1.089792
mac_cpu,offline_window,1.224875
mac_cpu,offline_window,1.351792
mac_cpu,offline_window,1.1235
mac_cpu,offline_window,1.119916
mac_cpu,offline_window,1.108209
mac_cpu,offline_window,1.099
mac_cpu,offline_window,1.086458
mac_cpu,offline_window,1.121875
mac_cpu,offline_window,1.138916
mac_cpu,offline_window,1.153916
mac_cpu,offline_window,1.123416
mac_cpu,offline_window,1.136542
mac_cpu,offline_window,1.0885
mac_cpu,offline_window,1.106875
mac_cpu,offline_window,1.11575
mac_cpu,offline_window,1.130291
mac_cpu,offline_window,1.094167
mac_cpu,offline_window,1.116208
mac_cpu,offline_window,1.10075
mac_cpu,offline_window,1.1655
mac_cpu,offline_window,1.108916
mac_cpu,offline_window,1.11475
mac_cpu,offline_window,1.131209
mac_cpu,offline_window,1.114375
mac_cpu,offline_window,1.120166
mac_cpu,offline_window,1.09525
mac_cpu,offline_window,1.104792
mac_cpu,offline_window,1.112167
mac_cpu,offline_window,1.202458
mac_cpu,offline_window,1.19125
mac_cpu,offline_window,1.122625
mac_cpu,offline_window,1.263333
mac_cpu,offline_window,1.12025
mac_cpu,offline_window,1.137667
mac_cpu,offline_window,1.138541
mac_cpu,offline_window,1.119333
mac_cpu,offline_window,1.120542
mac_cpu,offline_window,1.117542
mac_cpu,offline_window,1.149708
mac_cpu,offline_window,1.1185
mac_cpu,offline_window,1.098333
mac_cpu,offline_window,1.081083
mac_cpu,offline_window,1.076083
mac_cpu,offline_window,1.08975
mac_cpu,offline_window,1.110083
mac_cpu,offline_window,1.114042
mac_cpu,offline_window,1.117125
mac_cpu,offline_window,1.099541
mac_cpu,offline_window,1.100791
mac_cpu,offline_window,1.098084
mac_cpu,offline_window,1.125833
mac_cpu,offline_window,1.094625
mac_cpu,offline_window,1.102792
mac_cpu,offline_window,1.096916
mac_cpu,offline_window,1.137375
mac_cpu,offline_window,1.156417
mac_cpu,offline_window,1.12975
mac_cpu,offline_window,1.130667
mac_cpu,offline_window,1.101333
mac_cpu,offline_window,1.116334
mac_cpu,offline_window,1.141042
mac_cpu,offline_window,1.185542
mac_cpu,offline_window,1.184125
mac_cpu,offline_window,1.22875
mac_cpu,offline_window,1.123708
mac_cpu,offline_window,1.133458
mac_cpu,offline_window,1.129875
mac_cpu,offline_window,1.087
mac_cpu,offline_window,1.0935
mac_cpu,offline_window,1.353208
mac_cpu,offline_window,1.149792
mac_cpu,offline_window,1.131125
mac_cpu,offline_window,1.117291
mac_cpu,offline_window,1.133625
mac_cpu,offline_window,1.087875
mac_cpu,offline_window,1.126208
mac_cpu,offline_window,1.103042
mac_cpu,offline_window,1.099375
mac_cpu,offline_window,1.147917
mac_cpu,offline_window,1.106959
mac_cpu,offline_window,1.108292
mac_cpu,offline_window,1.11275
mac_cpu,offline_window,1.097833
mac_cpu,offline_window,1.100041
mac_cpu,offline_window,1.11625
mac_cpu,offline_window,1.081834
mac_cpu,offline_window,1.159541
mac_cpu,offline_window,1.098083
mac_cpu,offline_window,1.116125
mac_cpu,offline_window,1.103708
mac_cpu,offline_window,1.093833
mac_cpu,offline_window,1.126334
mac_cpu,offline_window,1.0965
mac_cpu,offline_window,1.130125
mac_cpu,offline_window,1.148875
mac_cpu,offline_window,1.131917
mac_cpu,offline_window,1.108875
mac_cpu,offline_window,1.140375
mac_cpu,offline_window,1.19425
mac_cpu,offline_window,1.128458
mac_cpu,offline_window,1.109
mac_cpu,offline_window,1.123625
mac_cpu,offline_window,1.120667
mac_cpu,offline_window,1.098541
mac_cpu,offline_window,1.102792
mac_cpu,offline_window,1.119583
mac_cpu,offline_window,1.10175
mac_cpu,offline_window,1.098291
mac_cpu,offline_window,1.106125
mac_cpu,offline_window,1.11675
mac_cpu,offline_window,1.137
mac_cpu,offline_window,1.079834
mac_cpu,offline_window,1.100625
mac_cpu,offline_window,1.108334
mac_cpu,offline_window,1.107417
mac_cpu,offline_window,1.106375
mac_cpu,offline_window,1.095375
mac_cpu,offline_window,1.108959
mac_cpu,offline_window,1.105666
mac_cpu,offline_window,1.117625
mac_cpu,offline_window,1.1345
mac_mps,model_forward,1.847958
mac_mps,model_forward,1.596667
mac_mps,model_forward,1.586167
mac_mps,model_forward,1.629583
mac_mps,model_forward,1.576375
mac_mps,model_forward,1.569083
mac_mps,model_forward,1.574459
mac_mps,model_forward,1.570125
mac_mps,model_forward,1.585042
mac_mps,model_forward,1.575834
mac_mps,model_forward,1.561917
mac_mps,model_forward,1.577083
mac_mps,model_forward,1.581958
mac_mps,model_forward,1.562209
mac_mps,model_forward,1.553042
mac_mps,model_forward,1.571417
mac_mps,model_forward,1.579917
mac_mps,model_forward,1.636125
mac_mps,model_forward,1.675667
mac_mps,model_forward,1.577541
mac_mps,model_forward,1.557417
mac_mps,model_forward,1.57175
mac_mps,model_forward,1.569291
mac_mps,model_forward,1.560666
mac_mps,model_forward,1.667458
mac_mps,model_forward,1.59175
mac_mps,model_forward,1.636917
mac_mps,model_forward,1.61625
mac_mps,model_forward,1.616584
mac_mps,model_forward,1.6105
mac_mps,model_forward,1.582791
mac_mps,model_forward,1.578375
mac_mps,model_forward,1.6095
mac_mps,model_forward,1.584083
mac_mps,model_forward,1.576083
mac_mps,model_forward,1.585541
mac_mps,model_forward,1.626667
mac_mps,model_forward,1.587625
mac_mps,model_forward,1.584416
mac_mps,model_forward,1.995916
mac_mps,model_forward,1.78625
mac_mps,model_forward,1.912042
mac_mps,model_forward,1.6925
mac_mps,model_forward,1.686416
mac_mps,model_forward,1.84775
mac_mps,model_forward,1.65375
mac_mps,model_forward,1.617625
mac_mps,model_forward,1.60525
mac_mps,model_forward,1.598292
mac_mps,model_forward,1.59325
mac_mps,model_forward,1.59575
mac_mps,model_forward,1.585
mac_mps,model_forward,1.589875
mac_mps,model_forward,1.591416
mac_mps,model_forward,1.675292
mac_mps,model_forward,1.66625
mac_mps,model_forward,1.647125
mac_mps,model_forward,1.58725
mac_mps,model_forward,1.579083
mac_mps,model_forward,1.57175
mac_mps,model_forward,1.6595
mac_mps,model_forward,1.659166
mac_mps,model_forward,1.620583
mac_mps,model_forward,1.590375
mac_mps,model_forward,1.729959
mac_mps,model_forward,1.628708
mac_mps,model_forward,1.59875
mac_mps,model_forward,1.607917
mac_mps,model_forward,1.6675
mac_mps,model_forward,1.628625
mac_mps,model_forward,1.600917
mac_mps,model_forward,1.596667
mac_mps,model_forward,1.598375
mac_mps,model_forward,1.592125
mac_mps,model_forward,1.591917
mac_mps,model_forward,1.686917
mac_mps,model_forward,1.618542
mac_mps,model_forward,1.609541
mac_mps,model_forward,1.593583
mac_mps,model_forward,1.584542
mac_mps,model_forward,1.602375
mac_mps,model_forward,1.574125
mac_mps,model_forward,1.6095
mac_mps,model_forward,1.588
mac_mps,model_forward,1.576458
mac_mps,model_forward,1.78325
mac_mps,model_forward,1.626375
mac_mps,model_forward,1.623292
mac_mps,model_forward,1.613084
mac_mps,model_forward,1.603375
mac_mps,model_forward,1.603334
mac_mps,model_forward,1.619291
mac_mps,model_forward,1.604375
mac_mps,model_forward,1.592417
mac_mps,model_forward,1.614667
mac_mps,model_forward,1.592042
mac_mps,model_forward,2.702333
mac_mps,model_forward,1.674084
mac_mps,model_forward,1.642125
mac_mps,model_forward,1.786583
mac_mps,model_forward,1.882584
mac_mps,model_forward,1.685
mac_mps,model_forward,1.60675
mac_mps,model_forward,1.718708
mac_mps,model_forward,1.807417
mac_mps,model_forward,1.795084
mac_mps,model_forward,1.705667
mac_mps,model_forward,1.665
mac_mps,model_forward,1.667458
mac_mps,model_forward,1.670542
mac_mps,model_forward,1.660333
mac_mps,model_forward,1.659916
mac_mps,model_forward,1.672541
mac_mps,model_forward,1.6655
mac_mps,model_forward,1.953792
mac_mps,model_forward,1.809167
mac_mps,model_forward,1.728416
mac_mps,model_forward,1.7235
mac_mps,model_forward,1.709625
mac_mps,model_forward,1.704708
mac_mps,model_forward,1.697833
mac_mps,model_forward,1.697958
mac_mps,model_forward,1.619834
mac_mps,model_forward,1.865292
mac_mps,model_forward,1.778333
mac_mps,model_forward,1.873917
mac_mps,model_forward,1.819291
mac_mps,model_forward,1.878416
mac_mps,model_forward,1.755
mac_mps,model_forward,1.705875
mac_mps,model_forward,1.701416
mac_mps,model_forward,1.731709
mac_mps,model_forward,1.73025
mac_mps,model_forward,1.773084
mac_mps,model_forward,1.83925
mac_mps,model_forward,1.88875
mac_mps,model_forward,1.810208
mac_mps,model_forward,1.89
mac_mps,model_forward,1.916542
mac_mps,model_forward,1.839041
mac_mps,model_forward,1.907875
mac_mps,model_forward,1.778125
mac_mps,model_forward,1.801833
mac_mps,model_forward,2.011917
mac_mps,model_forward,1.986584
mac_mps,model_forward,1.97075
mac_mps,model_forward,1.999208
mac_mps,model_forward,2.011625
mac_mps,model_forward,1.88925
mac_mps,model_forward,1.909084
mac_mps,model_forward,1.812083
mac_mps,model_forward,2.224708
mac_mps,model_forward,2.184542
mac_mps,model_forward,1.951833
mac_mps,model_forward,1.956667
mac_mps,model_forward,1.932375
mac_mps,model_forward,1.934833
mac_mps,model_forward,1.936333
mac_mps,model_forward,1.975625
mac_mps,model_forward,1.960042
mac_mps,model_forward,2.210917
mac_mps,model_forward,2.329084
mac_mps,model_forward,2.234416
mac_mps,model_forward,2.281334
mac_mps,model_forward,2.269125
mac_mps,model_forward,2.263
mac_mps,model_forward,1.975833
mac_mps,model_forward,2.416583
mac_mps,model_forward,2.253958
mac_mps,model_forward,2.253
mac_mps,model_forward,2.445459
mac_mps,model_forward,2.256334
mac_mps,model_forward,2.217917
mac_mps,model_forward,2.311208
mac_mps,model_forward,2.221458
mac_mps,model_forward,2.283833
mac_mps,model_forward,2.255791
mac_mps,model_forward,2.386875
mac_mps,model_forward,2.269333
mac_mps,model_forward,2.280417
mac_mps,model_forward,2.268459
mac_mps,model_forward,2.30575
mac_mps,model_forward,2.278667
mac_mps,model_forward,2.294458
mac_mps,model_forward,2.34625
mac_mps,model_forward,2.319791
mac_mps,model_forward,2.280875
mac_mps,model_forward,2.284208
mac_mps,model_forward,2.295167
mac_mps,model_forward,2.234583
mac_mps,model_forward,2.351166
mac_mps,model_forward,2.382541
mac_mps,model_forward,2.357542
mac_mps,model_forward,2.324833
mac_mps,model_forward,2.308
mac_mps,model_forward,2.271083
mac_mps,model_forward,2.344625
mac_mps,model_forward,2.299792
mac_mps,model_forward,2.313958
mac_mps,model_forward,2.4085
mac_mps,model_forward,2.263916
mac_mps,model_forward,2.431459
mac_mps,model_forward,2.333791
mac_mps,model_forward,2.321042
mac_mps,model_forward,2.31225
mac_mps,model_forward,2.608458
mac_mps,model_forward,2.371792
mac_mps,model_forward,2.325208
mac_mps,model_forward,2.406
mac_mps,model_forward,2.351
mac_mps,model_forward,2.363959
mac_mps,model_forward,2.3805
mac_mps,model_forward,2.33425
mac_mps,model_forward,2.406167
mac_mps,model_forward,2.275208
mac_mps,model_forward,2.344959
mac_mps,model_forward,2.385917
mac_mps,model_forward,2.311416
mac_mps,model_forward,2.296334
mac_mps,model_forward,2.233125
mac_mps,model_forward,2.55375
mac_mps,model_forward,2.471875
mac_mps,model_forward,2.329334
mac_mps,model_forward,2.347875
mac_mps,model_forward,2.312875
mac_mps,model_forward,2.344042
mac_mps,model_forward,2.39325
mac_mps,model_forward,2.471709
mac_mps,model_forward,2.306291
mac_mps,model_forward,2.339834
mac_mps,model_forward,2.353416
mac_mps,model_forward,2.370958
mac_mps,model_forward,2.441709
mac_mps,model_forward,2.398667
mac_mps,model_forward,2.412584
mac_mps,model_forward,2.451875
mac_mps,model_forward,2.466458
mac_mps,model_forward,2.409042
mac_mps,model_forward,2.346083
mac_mps,model_forward,2.346166
mac_mps,model_forward,2.316541
mac_mps,model_forward,2.418208
mac_mps,model_forward,2.310042
mac_mps,model_forward,2.391833
mac_mps,model_forward,2.3985
mac_mps,model_forward,2.321625
mac_mps,model_forward,2.325292
mac_mps,model_forward,2.332375
mac_mps,model_forward,2.50825
mac_mps,model_forward,2.320333
mac_mps,model_forward,2.548584
mac_mps,model_forward,2.394208
mac_mps,model_forward,2.402792
mac_mps,model_forward,2.396584
mac_mps,model_forward,2.368292
mac_mps,model_forward,2.389292
mac_mps,model_forward,2.438458
mac_mps,model_forward,2.387417
mac_mps,model_forward,2.407167
mac_mps,model_forward,2.399416
mac_mps,model_forward,2.378791
mac_mps,model_forward,2.375833
mac_mps,model_forward,2.388125
mac_mps,model_forward,2.302542
mac_mps,model_forward,2.505125
mac_mps,model_forward,2.440208
mac_mps,model_forward,2.381084
mac_mps,model_forward,2.428041
mac_mps,model_forward,2.464042
mac_mps,model_forward,2.40575
mac_mps,model_forward,2.341583
mac_mps,model_forward,2.491
mac_mps,model_forward,2.389
mac_mps,model_forward,2.39975
mac_mps,model_forward,2.479
mac_mps,model_forward,2.446416
mac_mps,model_forward,2.491958
mac_mps,model_forward,2.503625
mac_mps,model_forward,2.388
mac_mps,model_forward,2.574625
mac_mps,model_forward,2.693792
mac_mps,model_forward,2.510041
mac_mps,model_forward,2.518125
mac_mps,model_forward,2.472875
mac_mps,model_forward,2.527791
mac_mps,model_forward,2.50075
mac_mps,model_forward,2.476042
mac_mps,model_forward,2.482875
mac_mps,model_forward,2.520417
mac_mps,model_forward,2.46075
mac_mps,model_forward,2.508916
mac_mps,model_forward,2.497166
mac_mps,model_forward,2.517416
mac_mps,model_forward,2.473083
mac_mps,model_forward,2.480833
mac_mps,model_forward,2.462333
mac_mps,model_forward,2.485042
mac_mps,model_forward,2.617916
mac_mps,model_forward,2.48575
mac_mps,model_forward,2.489667
mac_mps,model_forward,2.484625
mac_mps,model_forward,2.646458
mac_mps,model_forward,2.671333
mac_mps,model_forward,2.589875
mac_mps,model_forward,2.632625
mac_mps,model_forward,2.404625
mac_mps,model_forward,2.6785
mac_mps,model_forward,2.645125
mac_mps,model_forward,2.508041
mac_mps,model_forward,2.49575
mac_mps,model_forward,2.489042
mac_mps,model_forward,2.455042
mac_mps,model_forward,2.482541
mac_mps,model_forward,2.587209
mac_mps,model_forward,2.652291
mac_mps,model_forward,2.6565
mac_mps,model_forward,2.554208
mac_mps,model_forward,2.614041
mac_mps,model_forward,2.62675
mac_mps,model_forward,2.53175
mac_mps,model_forward,2.726084
mac_mps,model_forward,2.927042
mac_mps,model_forward,2.660375
mac_mps,model_forward,2.643333
mac_mps,model_forward,2.611875
mac_mps,model_forward,2.628292
mac_mps,model_forward,2.64525
mac_mps,model_forward,2.587667
mac_mps,model_forward,2.616792
mac_mps,model_forward,2.637375
mac_mps,model_forward,2.629958
mac_mps,model_forward,2.618333
mac_mps,model_forward,2.547458
mac_mps,model_forward,2.857417
mac_mps,model_forward,2.82175
mac_mps,model_forward,2.733208
mac_mps,model_forward,2.647333
mac_mps,model_forward,2.687792
mac_mps,model_forward,2.65275
mac_mps,model_forward,2.618209
mac_mps,model_forward,2.647416
mac_mps,model_forward,2.621709
mac_mps,model_forward,2.618875
mac_mps,model_forward,2.619459
mac_mps,model_forward,2.6375
mac_mps,model_forward,2.613667
mac_mps,model_forward,2.644375
mac_mps,model_forward,2.585917
mac_mps,model_forward,2.618417
mac_mps,model_forward,2.804042
mac_mps,model_forward,2.829416
mac_mps,model_forward,2.810833
mac_mps,model_forward,2.759333
mac_mps,model_forward,2.618416
mac_mps,model_forward,2.607709
mac_mps,model_forward,2.611542
mac_mps,model_forward,2.817708
mac_mps,model_forward,2.819708
mac_mps,model_forward,2.809458
mac_mps,model_forward,3.0205
mac_mps,model_forward,2.7515
mac_mps,model_forward,2.561458
mac_mps,model_forward,2.7525
mac_mps,model_forward,2.675
mac_mps,model_forward,2.647208
mac_mps,model_forward,2.663
mac_mps,model_forward,2.636583
mac_mps,model_forward,2.6355
mac_mps,model_forward,2.614292
mac_mps,model_forward,2.633917
mac_mps,model_forward,2.866417
mac_mps,model_forward,2.798417
mac_mps,model_forward,2.960875
mac_mps,model_forward,2.679875
mac_mps,model_forward,2.632709
mac_mps,model_forward,2.674084
mac_mps,model_forward,2.715084
mac_mps,model_forward,2.947041
mac_mps,model_forward,2.917875
mac_mps,model_forward,2.814417
mac_mps,model_forward,2.732834
mac_mps,model_forward,2.740167
mac_mps,model_forward,2.748375
mac_mps,model_forward,2.727958
mac_mps,model_forward,2.587166
mac_mps,model_forward,2.800333
mac_mps,model_forward,2.710458
mac_mps,model_forward,2.892542
mac_mps,model_forward,2.762
mac_mps,model_forward,2.753333
mac_mps,model_forward,2.698959
mac_mps,model_forward,2.718542
mac_mps,model_forward,2.742958
mac_mps,model_forward,2.739709
mac_mps,model_forward,2.709209
mac_mps,model_forward,2.693542
mac_mps,model_forward,2.697084
mac_mps,model_forward,2.670292
mac_mps,model_forward,2.738917
mac_mps,model_forward,2.650792
mac_mps,model_forward,2.628834
mac_mps,model_forward,2.847125
mac_mps,model_forward,2.576417
mac_mps,model_forward,2.770667
mac_mps,model_forward,2.537125
mac_mps,model_forward,2.6
mac_mps,model_forward,2.63475
mac_mps,model_forward,2.556333
mac_mps,model_forward,2.596333
mac_mps,model_forward,2.583834
mac_mps,model_forward,2.49825
mac_mps,model_forward,2.760208
mac_mps,model_forward,2.785167
mac_mps,model_forward,2.586125
mac_mps,model_forward,2.695667
mac_mps,model_forward,2.581583
mac_mps,model_forward,2.736417
mac_mps,model_forward,2.696458
mac_mps,model_forward,5.055708
mac_mps,model_forward,2.823959
mac_mps,model_forward,2.761334
mac_mps,model_forward,2.703416
mac_mps,model_forward,2.695708
mac_mps,model_forward,2.712167
mac_mps,model_forward,2.766625
mac_mps,model_forward,2.846625
mac_mps,model_forward,2.667292
mac_mps,model_forward,2.915833
mac_mps,model_forward,2.672834
mac_mps,model_forward,2.804791
mac_mps,model_forward,2.802542
mac_mps,model_forward,2.850375
mac_mps,model_forward,2.684334
mac_mps,model_forward,2.658917
mac_mps,model_forward,2.652542
mac_mps,model_forward,2.718166
mac_mps,model_forward,2.821708
mac_mps,model_forward,2.9255
mac_mps,model_forward,2.849
mac_mps,model_forward,2.822084
mac_mps,model_forward,2.67025
mac_mps,model_forward,2.898125
mac_mps,model_forward,2.734541
mac_mps,model_forward,2.800375
mac_mps,model_forward,2.748375
mac_mps,model_forward,2.718041
mac_mps,model_forward,2.74775
mac_mps,model_forward,2.730959
mac_mps,model_forward,2.587125
mac_mps,model_forward,2.859209
mac_mps,model_forward,2.820709
mac_mps,model_forward,2.741083
mac_mps,model_forward,2.6975
mac_mps,model_forward,2.69875
mac_mps,model_forward,2.693167
mac_mps,model_forward,2.7035
mac_mps,model_forward,2.718125
mac_mps,model_forward,2.783417
mac_mps,model_forward,2.684917
mac_mps,model_forward,2.745125
mac_mps,model_forward,2.724666
mac_mps,model_forward,2.661
mac_mps,model_forward,2.806541
mac_mps,model_forward,2.7355
mac_mps,model_forward,2.778084
mac_mps,model_forward,3.143667
mac_mps,model_forward,2.643
mac_mps,model_forward,2.688125
mac_mps,model_forward,2.661042
mac_mps,model_forward,2.553541
mac_mps,model_forward,2.629708
mac_mps,model_forward,2.560834
mac_mps,model_forward,2.590709
mac_mps,model_forward,2.559959
mac_mps,model_forward,2.491
mac_mps,model_forward,2.635041
mac_mps,model_forward,2.608791
mac_mps,model_forward,2.58475
mac_mps,model_forward,2.729208
mac_mps,model_forward,2.59825
mac_mps,model_forward,2.635125
mac_mps,model_forward,2.661917
mac_mps,model_forward,2.560916
mac_mps,model_forward,2.520875
mac_mps,model_forward,2.53775
mac_mps,model_forward,2.638542
mac_mps,model_forward,2.642916
mac_mps,model_forward,2.531792
mac_mps,model_forward,2.648209
mac_mps,model_forward,2.506875
mac_mps,model_forward,2.727625
mac_mps,model_forward,2.613417
mac_mps,model_forward,2.559166
mac_mps,model_forward,2.617792
mac_mps,model_forward,2.446208
mac_mps,model_forward,2.517625
mac_mps,model_forward,2.62775
mac_mps,model_forward,2.599208
mac_mps,model_forward,2.636583
mac_mps,model_forward,2.662208
mac_mps,model_forward,2.667125
mac_mps,model_forward,2.589458
mac_mps,model_forward,2.693917
mac_mps,model_forward,2.696208
mac_mps,model_forward,2.616375
mac_mps,model_forward,2.781792
mac_mps,model_forward,2.61675
mac_mps,model_forward,2.648667
mac_mps,model_forward,2.604041
mac_mps,model_forward,2.565959
mac_mps,model_forward,2.65775
mac_mps,model_forward,4.488375
mac_mps,model_forward,2.725625
mac_mps,model_forward,2.776333
mac_mps,model_forward,2.645208
mac_mps,model_forward,2.739625
mac_mps,model_forward,2.732209
mac_mps,model_forward,2.664291
mac_mps,model_forward,2.735458
mac_mps,model_forward,2.737208
mac_mps,model_forward,2.652542
mac_mps,model_forward,2.739709
mac_mps,model_forward,2.737334
mac_mps,model_forward,2.681292
mac_mps,model_forward,2.754375
mac_mps,model_forward,2.722917
mac_mps,model_forward,2.690167
mac_mps,model_forward,2.561208
mac_mps,model_forward,2.939209
mac_mps,model_forward,2.818041
mac_mps,model_forward,2.645167
mac_mps,model_forward,2.818167
mac_mps,model_forward,2.714542
mac_mps,model_forward,2.641333
mac_mps,model_forward,2.797583
mac_mps,model_forward,2.730834
mac_mps,model_forward,2.709917
mac_mps,model_forward,2.713458
mac_mps,model_forward,2.756958
mac_mps,model_forward,2.709584
mac_mps,model_forward,2.632958
mac_mps,model_forward,2.7205
mac_mps,model_forward,2.993958
mac_mps,model_forward,2.914125
mac_mps,model_forward,2.672584
mac_mps,model_forward,2.891084
mac_mps,model_forward,2.786042
mac_mps,model_forward,2.748708
mac_mps,model_forward,2.7135
mac_mps,model_forward,2.739833
mac_mps,model_forward,2.6855
mac_mps,model_forward,2.7425
mac_mps,model_forward,4.451375
mac_mps,model_forward,2.956333
mac_mps,model_forward,2.753209
mac_mps,model_forward,2.713
mac_mps,model_forward,2.694833
mac_mps,model_forward,2.688417
mac_mps,model_forward,2.715166
mac_mps,model_forward,2.671042
mac_mps,model_forward,2.623084
mac_mps,model_forward,2.683083
mac_mps,model_forward,2.66175
mac_mps,model_forward,2.740417
mac_mps,model_forward,2.602209
mac_mps,model_forward,2.750167
mac_mps,model_forward,2.856541
mac_mps,model_forward,2.730166
mac_mps,model_forward,2.671958
mac_mps,model_forward,3.204166
mac_mps,model_forward,2.746292
mac_mps,model_forward,2.651375
mac_mps,model_forward,2.728167
mac_mps,model_forward,2.732208
mac_mps,model_forward,2.696833
mac_mps,model_forward,2.874875
mac_mps,model_forward,2.723916
mac_mps,model_forward,2.563125
mac_mps,model_forward,3.009792
mac_mps,model_forward,2.734625
mac_mps,model_forward,2.591958
mac_mps,model_forward,2.8615
mac_mps,model_forward,2.872208
mac_mps,model_forward,2.710791
mac_mps,model_forward,2.798
mac_mps,model_forward,2.740417
mac_mps,model_forward,2.651292
mac_mps,model_forward,2.790375
mac_mps,model_forward,2.76025
mac_mps,model_forward,2.691416
mac_mps,model_forward,2.59175
mac_mps,model_forward,2.812875
mac_mps,model_forward,2.668416
mac_mps,model_forward,2.886542
mac_mps,model_forward,2.889959
mac_mps,model_forward,2.684667
mac_mps,model_forward,2.711417
mac_mps,model_forward,2.719
mac_mps,model_forward,2.677417
mac_mps,model_forward,2.601917
mac_mps,model_forward,2.831375
mac_mps,model_forward,2.745875
mac_mps,model_forward,2.760292
mac_mps,model_forward,2.698208
mac_mps,model_forward,2.833666
mac_mps,model_forward,2.872125
mac_mps,model_forward,2.7695
mac_mps,model_forward,2.695583
mac_mps,model_forward,2.745666
mac_mps,model_forward,2.718125
mac_mps,model_forward,2.668292
mac_mps,model_forward,2.677667
mac_mps,model_forward,2.777625
mac_mps,model_forward,2.732291
mac_mps,model_forward,2.701166
mac_mps,model_forward,2.7435
mac_mps,model_forward,2.79275
mac_mps,model_forward,3.017625
mac_mps,model_forward,2.685583
mac_mps,model_forward,2.715709
mac_mps,model_forward,2.68
mac_mps,model_forward,2.75
mac_mps,model_forward,2.726042
mac_mps,model_forward,2.6215
mac_mps,model_forward,2.812375
mac_mps,model_forward,2.834125
mac_mps,model_forward,2.895875
mac_mps,model_forward,2.834333
mac_mps,model_forward,2.774708
mac_mps,model_forward,3.096917
mac_mps,model_forward,2.933375
mac_mps,model_forward,2.883
mac_mps,model_forward,2.844833
mac_mps,model_forward,2.870458
mac_mps,model_forward,2.843
mac_mps,model_forward,2.636541
mac_mps,model_forward,2.640375
mac_mps,model_forward,2.64675
mac_mps,model_forward,2.675334
mac_mps,model_forward,2.6415
mac_mps,model_forward,2.638292
mac_mps,model_forward,2.551417
mac_mps,model_forward,2.713125
mac_mps,model_forward,2.71925
mac_mps,model_forward,2.813291
mac_mps,model_forward,2.636208
mac_mps,model_forward,2.63575
mac_mps,model_forward,2.646917
mac_mps,model_forward,2.897083
mac_mps,model_forward,2.942917
mac_mps,model_forward,2.702375
mac_mps,model_forward,2.64625
mac_mps,model_forward,2.64925
mac_mps,model_forward,2.633916
mac_mps,model_forward,2.516625
mac_mps,model_forward,2.7955
mac_mps,model_forward,2.63925
mac_mps,model_forward,2.663708
mac_mps,model_forward,2.606041
mac_mps,model_forward,2.725416
mac_mps,model_forward,2.790083
mac_mps,model_forward,2.628334
mac_mps,model_forward,2.625917
mac_mps,model_forward,2.618542
mac_mps,model_forward,2.651833
mac_mps,model_forward,2.609583
mac_mps,model_forward,2.6775
mac_mps,model_forward,2.655584
mac_mps,model_forward,2.871541
mac_mps,model_forward,2.5925
mac_mps,model_forward,2.50525
mac_mps,model_forward,2.62025
mac_mps,model_forward,2.642459
mac_mps,model_forward,2.618333
mac_mps,model_forward,4.76625
mac_mps,model_forward,2.615917
mac_mps,model_forward,2.642792
mac_mps,model_forward,2.618
mac_mps,model_forward,2.659584
mac_mps,model_forward,2.728833
mac_mps,model_forward,2.662333
mac_mps,model_forward,2.797208
mac_mps,model_forward,2.693166
mac_mps,model_forward,2.5915
mac_mps,model_forward,3.002875
mac_mps,model_forward,2.714375
mac_mps,model_forward,2.665542
mac_mps,model_forward,2.671666
mac_mps,model_forward,2.663
mac_mps,model_forward,2.640125
mac_mps,model_forward,2.839
mac_mps,model_forward,2.634792
mac_mps,model_forward,2.601375
mac_mps,model_forward,2.728834
mac_mps,model_forward,2.665083
mac_mps,model_forward,2.639125
mac_mps,model_forward,2.608584
mac_mps,model_forward,2.878834
mac_mps,model_forward,2.652292
mac_mps,model_forward,2.77825
mac_mps,model_forward,2.626833
mac_mps,model_forward,2.628708
mac_mps,model_forward,2.637792
mac_mps,model_forward,2.624458
mac_mps,model_forward,2.564917
mac_mps,model_forward,2.739125
mac_mps,model_forward,2.736125
mac_mps,model_forward,2.735125
mac_mps,model_forward,2.679291
mac_mps,model_forward,2.643708
mac_mps,model_forward,2.747917
mac_mps,model_forward,2.651375
mac_mps,model_forward,2.67825
mac_mps,model_forward,2.657
mac_mps,model_forward,2.589375
mac_mps,model_forward,2.693667
mac_mps,model_forward,2.650625
mac_mps,model_forward,2.585792
mac_mps,model_forward,2.71425
mac_mps,model_forward,2.539666
mac_mps,model_forward,2.8055
mac_mps,model_forward,2.856958
mac_mps,model_forward,2.646792
mac_mps,model_forward,2.8305
mac_mps,model_forward,2.765833
mac_mps,model_forward,2.664083
mac_mps,model_forward,2.678875
mac_mps,model_forward,2.636667
mac_mps,model_forward,2.667042
mac_mps,model_forward,2.644083
mac_mps,model_forward,2.663292
mac_mps,model_forward,2.64175
mac_mps,model_forward,2.533333
mac_mps,model_forward,2.705292
mac_mps,model_forward,2.666166
mac_mps,model_forward,2.602917
mac_mps,model_forward,2.686792
mac_mps,model_forward,2.649
mac_mps,model_forward,2.675708
mac_mps,model_forward,2.668708
mac_mps,model_forward,2.639666
mac_mps,model_forward,2.687125
mac_mps,model_forward,2.642708
mac_mps,model_forward,2.659209
mac_mps,model_forward,2.642459
mac_mps,model_forward,2.561375
mac_mps,model_forward,2.76825
mac_mps,model_forward,2.768834
mac_mps,model_forward,2.672333
mac_mps,model_forward,2.691541
mac_mps,model_forward,2.6965
mac_mps,model_forward,2.647542
mac_mps,model_forward,2.584083
mac_mps,model_forward,3.258
mac_mps,model_forward,2.648667
mac_mps,model_forward,2.751541
mac_mps,model_forward,2.692334
mac_mps,model_forward,2.658125
mac_mps,model_forward,2.528208
mac_mps,model_forward,2.731041
mac_mps,model_forward,2.761833
mac_mps,model_forward,2.942667
mac_mps,model_forward,2.667958
mac_mps,model_forward,2.6865
mac_mps,model_forward,2.727459
mac_mps,model_forward,2.611083
mac_mps,model_forward,5.074042
mac_mps,model_forward,2.806333
mac_mps,model_forward,2.65375
mac_mps,model_forward,2.648041
mac_mps,model_forward,2.878917
mac_mps,model_forward,2.719916
mac_mps,model_forward,2.690375
mac_mps,model_forward,2.683083
mac_mps,model_forward,2.632167
mac_mps,model_forward,2.743959
mac_mps,model_forward,2.654209
mac_mps,model_forward,2.596
mac_mps,model_forward,2.714541
mac_mps,model_forward,2.582917
mac_mps,model_forward,2.69
mac_mps,model_forward,2.673209
mac_mps,model_forward,2.666584
mac_mps,model_forward,2.656458
mac_mps,model_forward,2.700917
mac_mps,model_forward,2.736916
mac_mps,model_forward,2.639166
mac_mps,model_forward,2.644625
mac_mps,model_forward,2.619208
mac_mps,model_forward,2.636875
mac_mps,model_forward,2.675584
mac_mps,model_forward,2.62
mac_mps,model_forward,2.633084
mac_mps,model_forward,2.651167
mac_mps,model_forward,2.58475
mac_mps,model_forward,2.792042
mac_mps,model_forward,2.655167
mac_mps,model_forward,2.51875
mac_mps,model_forward,2.79275
mac_mps,model_forward,2.590333
mac_mps,model_forward,2.646791
mac_mps,model_forward,2.823834
mac_mps,model_forward,2.663875
mac_mps,model_forward,2.630917
mac_mps,model_forward,2.628917
mac_mps,model_forward,2.666375
mac_mps,model_forward,2.635834
mac_mps,model_forward,2.626625
mac_mps,model_forward,2.647584
mac_mps,model_forward,2.632333
mac_mps,model_forward,2.666416
mac_mps,model_forward,2.75825
mac_mps,model_forward,2.76225
mac_mps,model_forward,2.663458
mac_mps,model_forward,2.62975
mac_mps,model_forward,2.75125
mac_mps,model_forward,2.663333
mac_mps,model_forward,2.61675
mac_mps,model_forward,2.694375
mac_mps,model_forward,2.665875
mac_mps,model_forward,2.67475
mac_mps,model_forward,2.667584
mac_mps,model_forward,2.624958
mac_mps,model_forward,2.580708
mac_mps,model_forward,2.918
mac_mps,model_forward,2.498791
mac_mps,model_forward,2.525542
mac_mps,model_forward,2.518417
mac_mps,model_forward,2.466
mac_mps,model_forward,2.697792
mac_mps,model_forward,2.638708
mac_mps,model_forward,2.654458
mac_mps,model_forward,2.574208
mac_mps,model_forward,2.711834
mac_mps,model_forward,2.659291
mac_mps,model_forward,2.601875
mac_mps,model_forward,2.666167
mac_mps,model_forward,2.66175
mac_mps,model_forward,2.778125
mac_mps,model_forward,2.453083
mac_mps,model_forward,2.555667
mac_mps,model_forward,2.543166
mac_mps,model_forward,2.536417
mac_mps,model_forward,2.506042
mac_mps,model_forward,2.464958
mac_mps,model_forward,2.729959
mac_mps,model_forward,2.57675
mac_mps,model_forward,2.502917
mac_mps,model_forward,2.552375
mac_mps,model_forward,2.546792
mac_mps,model_forward,2.414333
mac_mps,model_forward,2.672625
mac_mps,model_forward,2.55575
mac_mps,model_forward,2.748208
mac_mps,model_forward,2.563541
mac_mps,model_forward,2.5625
mac_mps,model_forward,2.536
mac_mps,model_forward,2.457625
mac_mps,model_forward,2.799208
mac_mps,model_forward,2.534542
mac_mps,model_forward,2.534791
mac_mps,model_forward,2.573417
mac_mps,model_forward,2.529875
mac_mps,model_forward,2.516125
mac_mps,model_forward,2.460792
mac_mps,model_forward,2.624375
mac_mps,model_forward,2.580625
mac_mps,model_forward,2.53475
mac_mps,model_forward,2.560083
mac_mps,model_forward,2.523375
mac_mps,model_forward,2.565208
mac_mps,model_forward,2.514083
mac_mps,model_forward,2.5025
mac_mps,model_forward,2.571542
mac_mps,model_forward,2.603792
mac_mps,model_forward,2.488291
mac_mps,model_forward,2.503125
mac_mps,model_forward,2.492542
mac_mps,model_forward,2.459667
mac_mps,model_forward,2.600792
mac_mps,model_forward,2.483375
mac_mps,model_forward,2.520667
mac_mps,model_forward,2.460083
mac_mps,model_forward,2.481292
mac_mps,model_forward,2.595
mac_mps,model_forward,2.63175
mac_mps,model_forward,2.550167
mac_mps,model_forward,2.342042
mac_mps,model_forward,2.495958
mac_mps,model_forward,2.433125
mac_mps,model_forward,2.456792
mac_mps,model_forward,2.433625
mac_mps,model_forward,2.347667
mac_mps,model_forward,2.4195
mac_mps,model_forward,2.456583
mac_mps,model_forward,2.438875
mac_mps,model_forward,2.445125
mac_mps,model_forward,2.343541
mac_mps,model_forward,2.661375
mac_mps,model_forward,2.435083
mac_mps,model_forward,2.41775
mac_mps,model_forward,2.436833
mac_mps,model_forward,2.444667
mac_mps,model_forward,2.524083
mac_mps,model_forward,2.5295
mac_mps,model_forward,2.5125
mac_mps,model_forward,2.399125
mac_mps,model_forward,2.575042
mac_mps,model_forward,2.571083
mac_mps,model_forward,2.563042
mac_mps,model_forward,2.468
mac_mps,model_forward,2.431208
mac_mps,model_forward,2.42275
mac_mps,model_forward,4.814958
mac_mps,model_forward,2.585708
mac_mps,model_forward,2.521
mac_mps,model_forward,2.488375
mac_mps,model_forward,2.543542
mac_mps,model_forward,2.584416
mac_mps,model_forward,2.415625
mac_mps,model_forward,2.612958
mac_mps,model_forward,2.498375
mac_mps,model_forward,2.497708
mac_mps,model_forward,2.47475
mac_mps,model_forward,2.533583
mac_mps,model_forward,2.522084
mac_mps,model_forward,2.516583
mac_mps,model_forward,2.525209
mac_mps,model_forward,2.528333
mac_mps,model_forward,2.503667
mac_mps,model_forward,2.49
mac_mps,model_forward,2.498459
mac_mps,model_forward,2.493958
mac_mps,model_forward,2.386667
mac_mps,model_forward,2.4615
mac_mps,model_forward,2.508917
mac_mps,model_forward,2.390792
mac_mps,model_forward,2.422125
mac_mps,model_forward,2.390583
mac_mps,model_forward,2.448958
mac_mps,model_forward,2.522
mac_mps,model_forward,2.420208
mac_mps,model_forward,2.521542
mac_mps,model_forward,2.476459
mac_mps,model_forward,2.532667
mac_mps,model_forward,2.538875
mac_mps,model_forward,2.513916
mac_mps,model_forward,2.458709
mac_mps,model_forward,2.560667
mac_mps,model_forward,2.732875
mac_mps,model_forward,2.577417
mac_mps,model_forward,2.338625
mac_mps,model_forward,2.570125
mac_mps,model_forward,2.516542
mac_mps,model_forward,2.516167
mac_mps,model_forward,2.531333
mac_mps,model_forward,2.435125
mac_mps,model_forward,2.919667
mac_mps,model_forward,2.532666
mac_mps,model_forward,2.4925
mac_mps,model_forward,2.610917
mac_mps,model_forward,2.406875
mac_mps,model_forward,2.564
mac_mps,model_forward,2.541292
mac_mps,model_forward,2.501666
mac_mps,model_forward,2.577042
mac_mps,model_forward,2.532417
mac_mps,model_forward,2.493458
mac_mps,model_forward,2.500625
mac_mps,model_forward,2.550542
mac_mps,model_forward,2.467
mac_mps,model_forward,2.524209
mac_mps,model_forward,2.52825
mac_mps,model_forward,2.582791
mac_mps,model_forward,2.49475
mac_mps,model_forward,2.496084
mac_mps,model_forward,2.518791
mac_mps,model_forward,2.528583
mac_mps,model_forward,2.580584
mac_mps,model_forward,2.634959
mac_mps,model_forward,2.672792
mac_mps,model_forward,2.7435
mac_mps,model_forward,2.654875
mac_mps,model_forward,2.700792
mac_mps,model_forward,2.638291
mac_mps,model_forward,2.654958
mac_mps,model_forward,2.643916
mac_mps,model_forward,2.649084
mac_mps,model_forward,2.53475
mac_mps,model_forward,2.772875
mac_mps,model_forward,2.743542
mac_mps,model_forward,2.764583
mac_mps,model_forward,2.710041
mac_mps,model_forward,2.703958
mac_mps,model_forward,2.601667
mac_mps,model_forward,2.684625
mac_mps,model_forward,2.706292
mac_mps,model_forward,2.663458
mac_mps,model_forward,2.800792
mac_mps,model_forward,2.645666
mac_mps,offline_window,2.909125
mac_mps,offline_window,2.67775
mac_mps,offline_window,2.711917
mac_mps,offline_window,2.912458
mac_mps,offline_window,2.66225
mac_mps,offline_window,2.730791
mac_mps,offline_window,2.72375
mac_mps,offline_window,2.846792
mac_mps,offline_window,2.765416
mac_mps,offline_window,2.764292
mac_mps,offline_window,2.729208
mac_mps,offline_window,2.635792
mac_mps,offline_window,2.802125
mac_mps,offline_window,2.923333
mac_mps,offline_window,2.76125
mac_mps,offline_window,2.812292
mac_mps,offline_window,2.808792
mac_mps,offline_window,2.714458
mac_mps,offline_window,2.724375
mac_mps,offline_window,2.735
mac_mps,offline_window,2.760416
mac_mps,offline_window,2.777792
mac_mps,offline_window,2.728084
mac_mps,offline_window,2.777125
mac_mps,offline_window,2.599584
mac_mps,offline_window,2.891375
mac_mps,offline_window,2.715334
mac_mps,offline_window,2.825542
mac_mps,offline_window,2.779167
mac_mps,offline_window,2.75175
mac_mps,offline_window,2.718042
mac_mps,offline_window,2.847208
mac_mps,offline_window,2.75575
mac_mps,offline_window,2.833583
mac_mps,offline_window,2.784584
mac_mps,offline_window,2.777125
mac_mps,offline_window,2.758291
mac_mps,offline_window,2.894417
mac_mps,offline_window,2.721417
mac_mps,offline_window,2.695584
mac_mps,offline_window,2.753208
mac_mps,offline_window,2.753792
mac_mps,offline_window,2.986708
mac_mps,offline_window,2.854792
mac_mps,offline_window,2.751416
mac_mps,offline_window,2.86475
mac_mps,offline_window,2.773959
mac_mps,offline_window,2.747917
mac_mps,offline_window,2.730041
mac_mps,offline_window,2.628417
mac_mps,offline_window,4.990708
mac_mps,offline_window,2.800834
mac_mps,offline_window,2.746
mac_mps,offline_window,2.747333
mac_mps,offline_window,2.749792
mac_mps,offline_window,2.753834
mac_mps,offline_window,2.705708
mac_mps,offline_window,2.827458
mac_mps,offline_window,2.7625
mac_mps,offline_window,2.720875
mac_mps,offline_window,2.754875
mac_mps,offline_window,2.600041
mac_mps,offline_window,2.753959
mac_mps,offline_window,2.824875
mac_mps,offline_window,2.65175
mac_mps,offline_window,2.713792
mac_mps,offline_window,3.093416
mac_mps,offline_window,2.778458
mac_mps,offline_window,2.690167
mac_mps,offline_window,2.677
mac_mps,offline_window,2.796583
mac_mps,offline_window,2.716834
mac_mps,offline_window,2.826917
mac_mps,offline_window,2.780166
mac_mps,offline_window,2.750292
mac_mps,offline_window,2.721542
mac_mps,offline_window,2.772041
mac_mps,offline_window,2.709625
mac_mps,offline_window,2.769084
mac_mps,offline_window,2.664417
mac_mps,offline_window,2.722209
mac_mps,offline_window,2.779042
mac_mps,offline_window,2.709042
mac_mps,offline_window,2.7355
mac_mps,offline_window,2.734458
mac_mps,offline_window,2.754167
mac_mps,offline_window,2.696833
mac_mps,offline_window,3.038667
mac_mps,offline_window,2.759792
mac_mps,offline_window,2.718084
mac_mps,offline_window,2.826458
mac_mps,offline_window,2.723084
mac_mps,offline_window,2.695667
mac_mps,offline_window,2.784
mac_mps,offline_window,2.731917
mac_mps,offline_window,2.778959
mac_mps,offline_window,2.82275
mac_mps,offline_window,2.773541
mac_mps,offline_window,2.768959
mac_mps,offline_window,2.701958
mac_mps,offline_window,2.901792
mac_mps,offline_window,2.63575
mac_mps,offline_window,3.381625
mac_mps,offline_window,2.769417
mac_mps,offline_window,2.743542
mac_mps,offline_window,2.803959
mac_mps,offline_window,2.718166
mac_mps,offline_window,2.776917
mac_mps,offline_window,2.864166
mac_mps,offline_window,2.75825
mac_mps,offline_window,2.779959
mac_mps,offline_window,2.638917
mac_mps,offline_window,2.801875
mac_mps,offline_window,2.694625
mac_mps,offline_window,2.73425
mac_mps,offline_window,2.71275
mac_mps,offline_window,2.71425
mac_mps,offline_window,2.740917
mac_mps,offline_window,2.752875
mac_mps,offline_window,2.708167
mac_mps,offline_window,2.75825
mac_mps,offline_window,2.749916
mac_mps,offline_window,2.71275
mac_mps,offline_window,2.788667
mac_mps,offline_window,2.792125
mac_mps,offline_window,2.826
mac_mps,offline_window,2.93125
mac_mps,offline_window,2.769334
mac_mps,offline_window,2.803458
mac_mps,offline_window,2.853625
mac_mps,offline_window,2.811834
mac_mps,offline_window,2.797791
mac_mps,offline_window,2.79
mac_mps,offline_window,2.790917
mac_mps,offline_window,2.785166
mac_mps,offline_window,2.795458
mac_mps,offline_window,2.616958
mac_mps,offline_window,2.707125
mac_mps,offline_window,2.800583
mac_mps,offline_window,2.786
mac_mps,offline_window,2.720416
mac_mps,offline_window,2.701542
mac_mps,offline_window,2.768375
mac_mps,offline_window,2.740333
mac_mps,offline_window,2.717416
mac_mps,offline_window,5.277584
mac_mps,offline_window,2.761
mac_mps,offline_window,2.742542
mac_mps,offline_window,2.599
mac_mps,offline_window,2.764667
mac_mps,offline_window,2.759375
mac_mps,offline_window,2.742458
mac_mps,offline_window,2.867583
mac_mps,offline_window,2.753916
mac_mps,offline_window,2.651042
mac_mps,offline_window,2.761292
mac_mps,offline_window,2.636333
mac_mps,offline_window,2.713541
mac_mps,offline_window,2.847583
mac_mps,offline_window,2.722542
mac_mps,offline_window,2.7475
mac_mps,offline_window,2.71975
mac_mps,offline_window,2.757792
mac_mps,offline_window,2.7955
mac_mps,offline_window,2.8625
mac_mps,offline_window,2.794083
mac_mps,offline_window,2.657125
mac_mps,offline_window,2.770375
mac_mps,offline_window,2.801833
mac_mps,offline_window,2.7285
mac_mps,offline_window,2.865125
mac_mps,offline_window,2.705
mac_mps,offline_window,2.772792
mac_mps,offline_window,2.785833
mac_mps,offline_window,2.976583
mac_mps,offline_window,2.724125
mac_mps,offline_window,2.829334
mac_mps,offline_window,2.816334
mac_mps,offline_window,2.645417
mac_mps,offline_window,3.097708
mac_mps,offline_window,2.846209
mac_mps,offline_window,2.756583
mac_mps,offline_window,2.807
mac_mps,offline_window,2.715417
mac_mps,offline_window,2.815292
mac_mps,offline_window,2.729166
mac_mps,offline_window,5.300125
mac_mps,offline_window,2.861417
mac_mps,offline_window,2.775667
mac_mps,offline_window,2.703583
mac_mps,offline_window,2.72925
mac_mps,offline_window,2.753792
mac_mps,offline_window,2.752084
mac_mps,offline_window,2.945167
mac_mps,offline_window,2.734416
mac_mps,offline_window,2.75325
mac_mps,offline_window,2.786459
mac_mps,offline_window,2.713708
mac_mps,offline_window,2.807083
mac_mps,offline_window,2.850416
mac_mps,offline_window,2.711083
mac_mps,offline_window,2.659834
mac_mps,offline_window,3.2045
mac_mps,offline_window,2.7545
mac_mps,offline_window,2.799
mac_mps,offline_window,2.826625
mac_mps,offline_window,2.744875
mac_mps,offline_window,2.758792
mac_mps,offline_window,2.802792
mac_mps,offline_window,2.784375
mac_mps,offline_window,2.661125
mac_mps,offline_window,2.857209
mac_mps,offline_window,2.951083
mac_mps,offline_window,2.637708
mac_mps,offline_window,3.024375
mac_mps,offline_window,2.848709
mac_mps,offline_window,2.758375
mac_mps,offline_window,2.782458
mac_mps,offline_window,2.689459
mac_mps,offline_window,2.735958
mac_mps,offline_window,2.927708
mac_mps,offline_window,2.764209
mac_mps,offline_window,2.733125
mac_mps,offline_window,2.64375
mac_mps,offline_window,2.665833
mac_mps,offline_window,2.748708
mac_mps,offline_window,2.726541
mac_mps,offline_window,2.7485
mac_mps,offline_window,2.788875
mac_mps,offline_window,2.803291
mac_mps,offline_window,2.770583
mac_mps,offline_window,2.71775
mac_mps,offline_window,2.787625
mac_mps,offline_window,2.740375
mac_mps,offline_window,2.713791
mac_mps,offline_window,2.785458
mac_mps,offline_window,2.8965
mac_mps,offline_window,2.778875
mac_mps,offline_window,2.847916
mac_mps,offline_window,2.780667
mac_mps,offline_window,2.759125
mac_mps,offline_window,2.830042
mac_mps,offline_window,2.832
mac_mps,offline_window,2.765125
mac_mps,offline_window,2.785834
mac_mps,offline_window,2.808
mac_mps,offline_window,2.753875
mac_mps,offline_window,2.786625
mac_mps,offline_window,2.653458
mac_mps,offline_window,2.604583
mac_mps,offline_window,2.79525
mac_mps,offline_window,2.764375
mac_mps,offline_window,2.751458
mac_mps,offline_window,2.924958
mac_mps,offline_window,2.765291
mac_mps,offline_window,2.735792
mac_mps,offline_window,2.943209
mac_mps,offline_window,2.73325
mac_mps,offline_window,2.755917
mac_mps,offline_window,2.84925
mac_mps,offline_window,2.667291
mac_mps,offline_window,2.729625
mac_mps,offline_window,2.802625
mac_mps,offline_window,2.825209
mac_mps,offline_window,2.786375
mac_mps,offline_window,2.752875
mac_mps,offline_window,2.780833
mac_mps,offline_window,2.78375
mac_mps,offline_window,2.819791
mac_mps,offline_window,2.803667
mac_mps,offline_window,2.780292
mac_mps,offline_window,2.818084
mac_mps,offline_window,2.752333
mac_mps,offline_window,2.628458
mac_mps,offline_window,2.7895
mac_mps,offline_window,2.704083
mac_mps,offline_window,2.764542
mac_mps,offline_window,2.893708
mac_mps,offline_window,2.769709
mac_mps,offline_window,2.715333
mac_mps,offline_window,2.716541
mac_mps,offline_window,3.143875
mac_mps,offline_window,2.775709
mac_mps,offline_window,2.7735
mac_mps,offline_window,2.66775
mac_mps,offline_window,2.740625
mac_mps,offline_window,2.997167
mac_mps,offline_window,2.842042
mac_mps,offline_window,2.747084
mac_mps,offline_window,2.709625
mac_mps,offline_window,2.683084
mac_mps,offline_window,2.581917
mac_mps,offline_window,2.851041
mac_mps,offline_window,2.703166
mac_mps,offline_window,2.66175
mac_mps,offline_window,2.674583
mac_mps,offline_window,2.635125
mac_mps,offline_window,2.665083
mac_mps,offline_window,2.720917
mac_mps,offline_window,2.853958
mac_mps,offline_window,4.746666
mac_mps,offline_window,2.747166
mac_mps,offline_window,2.752875
mac_mps,offline_window,2.694542
mac_mps,offline_window,2.747042
mac_mps,offline_window,2.734
mac_mps,offline_window,2.769125
mac_mps,offline_window,2.765208
mac_mps,offline_window,2.750833
mac_mps,offline_window,2.764875
mac_mps,offline_window,2.619583
mac_mps,offline_window,3.053
mac_mps,offline_window,2.921334
mac_mps,offline_window,2.756375
mac_mps,offline_window,2.810542
mac_mps,offline_window,2.740292
mac_mps,offline_window,3.046208
mac_mps,offline_window,2.658791
mac_mps,offline_window,2.873834
mac_mps,offline_window,2.788625
mac_mps,offline_window,2.725333
mac_mps,offline_window,2.807459
mac_mps,offline_window,2.891958
mac_mps,offline_window,2.667583
mac_mps,offline_window,2.844125
mac_mps,offline_window,2.70125
mac_mps,offline_window,2.746792
mac_mps,offline_window,3.036875
mac_mps,offline_window,2.818792
mac_mps,offline_window,2.673791
mac_mps,offline_window,2.851875
mac_mps,offline_window,2.744292
mac_mps,offline_window,2.708291
mac_mps,offline_window,2.764125
mac_mps,offline_window,2.941083
mac_mps,offline_window,2.682084
mac_mps,offline_window,2.990875
mac_mps,offline_window,2.748791
mac_mps,offline_window,2.789292
mac_mps,offline_window,2.734875
mac_mps,offline_window,2.810875
mac_mps,offline_window,2.73725
mac_mps,offline_window,2.771584
mac_mps,offline_window,2.839041
mac_mps,offline_window,2.711583
mac_mps,offline_window,2.782667
mac_mps,offline_window,2.774875
mac_mps,offline_window,2.754792
mac_mps,offline_window,2.671875
mac_mps,offline_window,2.72775
mac_mps,offline_window,2.715709
mac_mps,offline_window,2.985667
mac_mps,offline_window,2.789666
mac_mps,offline_window,2.732458
mac_mps,offline_window,2.769917
mac_mps,offline_window,2.787542
mac_mps,offline_window,2.751833
mac_mps,offline_window,2.744375
mac_mps,offline_window,2.851792
mac_mps,offline_window,2.729583
mac_mps,offline_window,2.798458
mac_mps,offline_window,2.737292
mac_mps,offline_window,2.759459
mac_mps,offline_window,2.739583
mac_mps,offline_window,2.793416
mac_mps,offline_window,2.703333
mac_mps,offline_window,2.8555
mac_mps,offline_window,2.775959
mac_mps,offline_window,2.715625
mac_mps,offline_window,2.769583
mac_mps,offline_window,2.774
mac_mps,offline_window,2.701208
mac_mps,offline_window,2.882375
mac_mps,offline_window,2.653292
mac_mps,offline_window,3.057333
mac_mps,offline_window,3.025292
mac_mps,offline_window,2.774458
mac_mps,offline_window,2.740667
mac_mps,offline_window,2.801917
mac_mps,offline_window,2.77175
mac_mps,offline_window,2.668292
mac_mps,offline_window,2.74025
mac_mps,offline_window,2.722291
mac_mps,offline_window,2.738584
mac_mps,offline_window,2.781417
mac_mps,offline_window,2.600459
mac_mps,offline_window,2.783417
mac_mps,offline_window,2.79425
mac_mps,offline_window,2.815125
mac_mps,offline_window,2.697417
mac_mps,offline_window,2.64475
mac_mps,offline_window,2.64
mac_mps,offline_window,2.649125
mac_mps,offline_window,2.758541
mac_mps,offline_window,2.653125
mac_mps,offline_window,2.627542
mac_mps,offline_window,2.75125
mac_mps,offline_window,2.667916
mac_mps,offline_window,2.605541
mac_mps,offline_window,2.918542
mac_mps,offline_window,2.919833
mac_mps,offline_window,2.775417
mac_mps,offline_window,2.707958
mac_mps,offline_window,2.746833
mac_mps,offline_window,2.741625
mac_mps,offline_window,2.722208
mac_mps,offline_window,2.731417
mac_mps,offline_window,2.754958
mac_mps,offline_window,2.695958
mac_mps,offline_window,2.7635
mac_mps,offline_window,2.726042
mac_mps,offline_window,2.80725
mac_mps,offline_window,2.728417
mac_mps,offline_window,2.790875
mac_mps,offline_window,2.653625
mac_mps,offline_window,2.712708
mac_mps,offline_window,2.783291
mac_mps,offline_window,2.669083
mac_mps,offline_window,2.852834
mac_mps,offline_window,2.721333
mac_mps,offline_window,2.729
mac_mps,offline_window,2.723416
mac_mps,offline_window,2.66625
mac_mps,offline_window,2.695917
mac_mps,offline_window,2.761292
mac_mps,offline_window,2.716209
mac_mps,offline_window,2.692167
mac_mps,offline_window,2.824416
mac_mps,offline_window,2.72125
mac_mps,offline_window,2.630666
mac_mps,offline_window,2.983917
mac_mps,offline_window,2.845333
mac_mps,offline_window,2.726291
mac_mps,offline_window,2.877625
mac_mps,offline_window,2.812792
mac_mps,offline_window,2.740208
mac_mps,offline_window,2.834667
mac_mps,offline_window,2.731334
mac_mps,offline_window,2.703542
mac_mps,offline_window,2.75575
mac_mps,offline_window,2.75375
mac_mps,offline_window,2.7315
mac_mps,offline_window,2.724375
mac_mps,offline_window,2.724625
mac_mps,offline_window,2.768458
mac_mps,offline_window,2.898459
mac_mps,offline_window,2.706208
mac_mps,offline_window,2.68475
mac_mps,offline_window,2.78075
mac_mps,offline_window,2.578709
mac_mps,offline_window,2.659834
mac_mps,offline_window,2.776667
mac_mps,offline_window,2.731084
mac_mps,offline_window,2.735625
mac_mps,offline_window,2.843667
mac_mps,offline_window,2.754792
mac_mps,offline_window,2.752667
mac_mps,offline_window,2.903625
mac_mps,offline_window,2.761417
mac_mps,offline_window,2.749125
mac_mps,offline_window,2.72125
mac_mps,offline_window,2.775375
mac_mps,offline_window,3.004792
mac_mps,offline_window,2.915167
mac_mps,offline_window,2.72625
mac_mps,offline_window,2.632584
mac_mps,offline_window,3.53925
mac_mps,offline_window,2.794875
mac_mps,offline_window,2.767209
mac_mps,offline_window,2.792125
mac_mps,offline_window,2.737833
mac_mps,offline_window,2.771875
mac_mps,offline_window,3.413792
mac_mps,offline_window,2.733334
mac_mps,offline_window,2.78825
mac_mps,offline_window,2.747291
mac_mps,offline_window,2.768875
mac_mps,offline_window,2.711667
mac_mps,offline_window,2.809417
mac_mps,offline_window,2.781833
mac_mps,offline_window,2.729416
mac_mps,offline_window,2.750875
mac_mps,offline_window,2.743125
mac_mps,offline_window,2.716333
mac_mps,offline_window,2.775958
mac_mps,offline_window,2.706417
mac_mps,offline_window,2.612375
mac_mps,offline_window,3.038042
mac_mps,offline_window,2.818958
mac_mps,offline_window,2.777792
mac_mps,offline_window,2.767458
mac_mps,offline_window,5.067959
mac_mps,offline_window,2.850083
mac_mps,offline_window,2.797833
mac_mps,offline_window,2.734459
mac_mps,offline_window,2.747875
mac_mps,offline_window,2.807708
mac_mps,offline_window,2.707666
mac_mps,offline_window,2.697292
mac_mps,offline_window,2.66175
mac_mps,offline_window,2.791875
mac_mps,offline_window,3.148875
mac_mps,offline_window,2.750666
mac_mps,offline_window,2.752875
mac_mps,offline_window,2.75925
mac_mps,offline_window,2.76675
mac_mps,offline_window,2.779958
mac_mps,offline_window,2.652875
mac_mps,offline_window,2.745583
mac_mps,offline_window,2.729625
mac_mps,offline_window,2.770917
mac_mps,offline_window,2.677291
mac_mps,offline_window,2.841375
mac_mps,offline_window,2.9435
mac_mps,offline_window,2.718916
mac_mps,offline_window,2.741625
mac_mps,offline_window,2.794125
mac_mps,offline_window,2.700459
mac_mps,offline_window,2.814542
mac_mps,offline_window,2.804125
mac_mps,offline_window,2.72225
mac_mps,offline_window,2.771541
mac_mps,offline_window,2.71775
mac_mps,offline_window,2.70075
mac_mps,offline_window,2.776125
mac_mps,offline_window,2.756375
mac_mps,offline_window,2.757708
mac_mps,offline_window,2.74375
mac_mps,offline_window,2.909333
mac_mps,offline_window,2.752791
mac_mps,offline_window,2.710542
mac_mps,offline_window,2.807958
mac_mps,offline_window,2.776375
mac_mps,offline_window,2.781
mac_mps,offline_window,2.7995
mac_mps,offline_window,2.74675
mac_mps,offline_window,2.744709
mac_mps,offline_window,2.907333
mac_mps,offline_window,2.890833
mac_mps,offline_window,2.825625
mac_mps,offline_window,2.798708
mac_mps,offline_window,2.796291
mac_mps,offline_window,2.70375
mac_mps,offline_window,3.129084
mac_mps,offline_window,2.804667
mac_mps,offline_window,2.698042
mac_mps,offline_window,2.8055
mac_mps,offline_window,2.762209
mac_mps,offline_window,2.659916
mac_mps,offline_window,2.640667
mac_mps,offline_window,2.777084
mac_mps,offline_window,2.725416
mac_mps,offline_window,2.773792
mac_mps,offline_window,2.782083
mac_mps,offline_window,2.733791
mac_mps,offline_window,2.760666
mac_mps,offline_window,2.745708
mac_mps,offline_window,2.734042
mac_mps,offline_window,2.883041
mac_mps,offline_window,2.690958
mac_mps,offline_window,2.750459
mac_mps,offline_window,2.854458
mac_mps,offline_window,2.81175
mac_mps,offline_window,2.744625
mac_mps,offline_window,2.728375
mac_mps,offline_window,2.716542
mac_mps,offline_window,2.725083
mac_mps,offline_window,2.757459
mac_mps,offline_window,2.810375
mac_mps,offline_window,2.736416
mac_mps,offline_window,2.858042
mac_mps,offline_window,2.761708
mac_mps,offline_window,2.707708
mac_mps,offline_window,2.611834
mac_mps,offline_window,2.916917
mac_mps,offline_window,2.782042
mac_mps,offline_window,2.741459
mac_mps,offline_window,2.740584
mac_mps,offline_window,2.60875
mac_mps,offline_window,2.860708
mac_mps,offline_window,2.793625
mac_mps,offline_window,2.7545
mac_mps,offline_window,2.847708
mac_mps,offline_window,2.8055
mac_mps,offline_window,2.673667
mac_mps,offline_window,2.730458
mac_mps,offline_window,2.701542
mac_mps,offline_window,2.669583
mac_mps,offline_window,2.919583
mac_mps,offline_window,2.733708
mac_mps,offline_window,2.674792
mac_mps,offline_window,2.718
mac_mps,offline_window,2.719625
mac_mps,offline_window,2.759958
mac_mps,offline_window,2.8535
mac_mps,offline_window,2.663
mac_mps,offline_window,2.7345
mac_mps,offline_window,2.770542
mac_mps,offline_window,2.669167
mac_mps,offline_window,2.615708
mac_mps,offline_window,2.919916
mac_mps,offline_window,2.691917
mac_mps,offline_window,2.703417
mac_mps,offline_window,2.711083
mac_mps,offline_window,3.035208
mac_mps,offline_window,2.737334
mac_mps,offline_window,2.803458
mac_mps,offline_window,2.658
mac_mps,offline_window,2.751666
mac_mps,offline_window,2.623875
mac_mps,offline_window,2.660917
mac_mps,offline_window,2.71325
mac_mps,offline_window,2.778791
mac_mps,offline_window,2.744292
mac_mps,offline_window,2.747958
mac_mps,offline_window,2.746292
mac_mps,offline_window,2.728125
mac_mps,offline_window,2.718917
mac_mps,offline_window,2.669708
mac_mps,offline_window,2.766792
mac_mps,offline_window,2.759666
mac_mps,offline_window,2.708167
mac_mps,offline_window,2.775542
mac_mps,offline_window,2.668916
mac_mps,offline_window,2.628375
mac_mps,offline_window,2.81375
mac_mps,offline_window,2.708084
mac_mps,offline_window,2.70675
mac_mps,offline_window,2.685
mac_mps,offline_window,2.705917
mac_mps,offline_window,2.719208
mac_mps,offline_window,2.70775
mac_mps,offline_window,2.755291
mac_mps,offline_window,2.702584
mac_mps,offline_window,2.684292
mac_mps,offline_window,2.75425
mac_mps,offline_window,2.6975
mac_mps,offline_window,2.601083
mac_mps,offline_window,2.721291
mac_mps,offline_window,2.687041
mac_mps,offline_window,2.851666
mac_mps,offline_window,2.722833
mac_mps,offline_window,2.677459
mac_mps,offline_window,2.812333
mac_mps,offline_window,2.686625
mac_mps,offline_window,2.706333
mac_mps,offline_window,2.742125
mac_mps,offline_window,2.657375
mac_mps,offline_window,2.770709
mac_mps,offline_window,2.86675
mac_mps,offline_window,2.639292
mac_mps,offline_window,2.863375
mac_mps,offline_window,2.728416
mac_mps,offline_window,2.734625
mac_mps,offline_window,2.746458
mac_mps,offline_window,2.752875
mac_mps,offline_window,2.735834
mac_mps,offline_window,2.655292
mac_mps,offline_window,2.747417
mac_mps,offline_window,2.778125
mac_mps,offline_window,2.712417
mac_mps,offline_window,2.7815
mac_mps,offline_window,2.761625
mac_mps,offline_window,2.770042
mac_mps,offline_window,2.728667
mac_mps,offline_window,2.781291
mac_mps,offline_window,2.808875
mac_mps,offline_window,2.781125
mac_mps,offline_window,2.787834
mac_mps,offline_window,2.757209
mac_mps,offline_window,2.6815
mac_mps,offline_window,2.784875
mac_mps,offline_window,2.762541
mac_mps,offline_window,2.796292
mac_mps,offline_window,2.778417
mac_mps,offline_window,2.588083
mac_mps,offline_window,2.861375
mac_mps,offline_window,2.716792
mac_mps,offline_window,2.690625
mac_mps,offline_window,2.818917
mac_mps,offline_window,2.82675
mac_mps,offline_window,2.783708
mac_mps,offline_window,2.724292
mac_mps,offline_window,2.976084
mac_mps,offline_window,2.749084
mac_mps,offline_window,2.906125
mac_mps,offline_window,2.7625
mac_mps,offline_window,2.732292
mac_mps,offline_window,2.760417
mac_mps,offline_window,2.774916
mac_mps,offline_window,2.763125
mac_mps,offline_window,2.817875
mac_mps,offline_window,2.738334
mac_mps,offline_window,2.755208
mac_mps,offline_window,2.7215
mac_mps,offline_window,2.874208
mac_mps,offline_window,2.766375
mac_mps,offline_window,2.762208
mac_mps,offline_window,2.784417
mac_mps,offline_window,2.770916
mac_mps,offline_window,2.628458
mac_mps,offline_window,2.967416
mac_mps,offline_window,2.75375
mac_mps,offline_window,2.857708
mac_mps,offline_window,2.756792
mac_mps,offline_window,2.763667
mac_mps,offline_window,2.722417
mac_mps,offline_window,2.843083
mac_mps,offline_window,2.729875
mac_mps,offline_window,2.72925
mac_mps,offline_window,2.773916
mac_mps,offline_window,2.740625
mac_mps,offline_window,2.738167
mac_mps,offline_window,2.677625
mac_mps,offline_window,2.724792
mac_mps,offline_window,2.799709
mac_mps,offline_window,2.794375
mac_mps,offline_window,2.761708
mac_mps,offline_window,2.712125
mac_mps,offline_window,2.730875
mac_mps,offline_window,2.746792
mac_mps,offline_window,2.828667
mac_mps,offline_window,2.741375
mac_mps,offline_window,2.736542
mac_mps,offline_window,2.748792
mac_mps,offline_window,2.744833
mac_mps,offline_window,2.744583
mac_mps,offline_window,2.749292
mac_mps,offline_window,2.822458
mac_mps,offline_window,2.746666
mac_mps,offline_window,2.824166
mac_mps,offline_window,2.738334
mac_mps,offline_window,2.745375
mac_mps,offline_window,2.808834
mac_mps,offline_window,2.752334
mac_mps,offline_window,2.813166
mac_mps,offline_window,2.72275
mac_mps,offline_window,2.756625
mac_mps,offline_window,2.692959
mac_mps,offline_window,2.928417
mac_mps,offline_window,2.844334
mac_mps,offline_window,2.740166
mac_mps,offline_window,2.785834
mac_mps,offline_window,2.794708
mac_mps,offline_window,2.771917
mac_mps,offline_window,2.849292
mac_mps,offline_window,2.720542
mac_mps,offline_window,2.788833
mac_mps,offline_window,2.784708
mac_mps,offline_window,2.753583
mac_mps,offline_window,2.75975
mac_mps,offline_window,2.928542
mac_mps,offline_window,2.86225
mac_mps,offline_window,2.753458
mac_mps,offline_window,2.957542
mac_mps,offline_window,2.711208
mac_mps,offline_window,2.694875
mac_mps,offline_window,2.861125
mac_mps,offline_window,2.744292
mac_mps,offline_window,2.705792
mac_mps,offline_window,2.726334
mac_mps,offline_window,2.7995
mac_mps,offline_window,5.412458
mac_mps,offline_window,3.108
mac_mps,offline_window,2.825584
mac_mps,offline_window,2.776541
mac_mps,offline_window,2.893792
mac_mps,offline_window,2.702625
mac_mps,offline_window,2.909
mac_mps,offline_window,2.817875
mac_mps,offline_window,2.81325
mac_mps,offline_window,2.872542
mac_mps,offline_window,2.730334
mac_mps,offline_window,2.827208
mac_mps,offline_window,2.800542
mac_mps,offline_window,2.674416
mac_mps,offline_window,2.76375
mac_mps,offline_window,2.825959
mac_mps,offline_window,2.789583
mac_mps,offline_window,2.791667
mac_mps,offline_window,2.867
mac_mps,offline_window,2.812042
mac_mps,offline_window,2.741125
mac_mps,offline_window,2.833417
mac_mps,offline_window,2.66575
mac_mps,offline_window,2.770833
mac_mps,offline_window,2.8565
mac_mps,offline_window,2.821209
mac_mps,offline_window,2.683458
mac_mps,offline_window,2.876875
mac_mps,offline_window,2.901916
mac_mps,offline_window,2.761625
mac_mps,offline_window,2.9215
mac_mps,offline_window,2.833
mac_mps,offline_window,2.757959
mac_mps,offline_window,3.396708
mac_mps,offline_window,2.786791
mac_mps,offline_window,2.7895
mac_mps,offline_window,2.829417
mac_mps,offline_window,2.679875
mac_mps,offline_window,2.7425
mac_mps,offline_window,2.936458
mac_mps,offline_window,2.691292
mac_mps,offline_window,2.721292
mac_mps,offline_window,2.784333
mac_mps,offline_window,2.736375
mac_mps,offline_window,2.778583
mac_mps,offline_window,2.746542
mac_mps,offline_window,2.779958
mac_mps,offline_window,2.720834
mac_mps,offline_window,2.725458
mac_mps,offline_window,2.8485
mac_mps,offline_window,2.615042
mac_mps,offline_window,2.738542
mac_mps,offline_window,2.765375
mac_mps,offline_window,2.68625
mac_mps,offline_window,2.840916
mac_mps,offline_window,2.774792
mac_mps,offline_window,2.732708
mac_mps,offline_window,2.748208
mac_mps,offline_window,2.676042
mac_mps,offline_window,2.738583
mac_mps,offline_window,2.742833
mac_mps,offline_window,2.729834
mac_mps,offline_window,2.722
mac_mps,offline_window,2.751958
mac_mps,offline_window,2.795709
mac_mps,offline_window,2.700208
mac_mps,offline_window,2.679291
mac_mps,offline_window,2.735042
mac_mps,offline_window,2.659209
mac_mps,offline_window,2.771625
mac_mps,offline_window,5.324666
mac_mps,offline_window,2.865584
mac_mps,offline_window,2.76825
mac_mps,offline_window,2.7475
mac_mps,offline_window,2.784708
mac_mps,offline_window,2.747791
mac_mps,offline_window,5.216584
mac_mps,offline_window,2.75025
mac_mps,offline_window,2.774166
mac_mps,offline_window,2.782666
mac_mps,offline_window,2.829166
mac_mps,offline_window,2.809833
mac_mps,offline_window,2.802459
mac_mps,offline_window,2.811042
mac_mps,offline_window,2.815875
mac_mps,offline_window,2.735708
mac_mps,offline_window,2.715584
mac_mps,offline_window,2.8305
mac_mps,offline_window,2.93525
mac_mps,offline_window,2.834583
mac_mps,offline_window,2.793791
mac_mps,offline_window,2.875584
mac_mps,offline_window,2.837292
mac_mps,offline_window,2.730041
mac_mps,offline_window,2.807625
mac_mps,offline_window,2.844792
mac_mps,offline_window,2.74625
mac_mps,offline_window,2.816458
mac_mps,offline_window,3.068417
mac_mps,offline_window,2.807833
mac_mps,offline_window,2.884
mac_mps,offline_window,2.809042
mac_mps,offline_window,2.736334
mac_mps,offline_window,2.737916
mac_mps,offline_window,2.81675
mac_mps,offline_window,2.705333
mac_mps,offline_window,2.781041
mac_mps,offline_window,2.754833
mac_mps,offline_window,2.642792
mac_mps,offline_window,2.786042
mac_mps,offline_window,2.78275
mac_mps,offline_window,2.578708
mac_mps,offline_window,2.8545
mac_mps,offline_window,2.725125
mac_mps,offline_window,2.734042
mac_mps,offline_window,2.746041
mac_mps,offline_window,2.76225
mac_mps,offline_window,2.736708
mac_mps,offline_window,2.837792
mac_mps,offline_window,2.747875
mac_mps,offline_window,2.727125
mac_mps,offline_window,2.789833
mac_mps,offline_window,2.754125
mac_mps,offline_window,2.759042
mac_mps,offline_window,2.750833
mac_mps,offline_window,2.753459
mac_mps,offline_window,2.790959
mac_mps,offline_window,2.915042
mac_mps,offline_window,5.371042
mac_mps,offline_window,2.828791
mac_mps,offline_window,2.752334
mac_mps,offline_window,2.722833
mac_mps,offline_window,2.753208
mac_mps,offline_window,2.805458
mac_mps,offline_window,4.842708
mac_mps,offline_window,2.654667
mac_mps,offline_window,2.698625
mac_mps,offline_window,2.654417
mac_mps,offline_window,2.710084
mac_mps,offline_window,2.768125
mac_mps,offline_window,2.703917
mac_mps,offline_window,2.785833
mac_mps,offline_window,2.748417
mac_mps,offline_window,2.688709
mac_mps,offline_window,2.768875
mac_mps,offline_window,2.645625
mac_mps,offline_window,2.706125
mac_mps,offline_window,2.733042
mac_mps,offline_window,2.655
mac_mps,offline_window,2.70175
mac_mps,offline_window,3.086584
mac_mps,offline_window,2.75625
mac_mps,offline_window,2.68275
mac_mps,offline_window,2.701042
mac_mps,offline_window,2.787584
mac_mps,offline_window,2.736167
mac_mps,offline_window,2.751916
mac_mps,offline_window,2.78025
mac_mps,offline_window,2.730416
mac_mps,offline_window,2.780458
mac_mps,offline_window,2.685208
mac_mps,offline_window,2.839292
mac_mps,offline_window,2.815417
mac_mps,offline_window,2.70025
mac_mps,offline_window,2.728875
mac_mps,offline_window,2.687334
mac_mps,offline_window,2.691083
mac_mps,offline_window,2.679041
mac_mps,offline_window,2.904417
mac_mps,offline_window,2.741792
mac_mps,offline_window,2.724792
mac_mps,offline_window,2.899708
mac_mps,offline_window,2.761084
mac_mps,offline_window,2.611542
mac_mps,offline_window,2.811041
mac_mps,offline_window,2.763583
mac_mps,offline_window,2.730042
mac_mps,offline_window,2.761792
mac_mps,offline_window,2.679666
mac_mps,offline_window,2.714542
mac_mps,offline_window,2.75475
mac_mps,offline_window,2.729708
mac_mps,offline_window,2.735958
mac_mps,offline_window,2.773792
mac_mps,offline_window,2.73425
mac_mps,offline_window,2.709958
mac_mps,offline_window,2.902708
mac_mps,offline_window,2.74825
mac_mps,offline_window,2.700125
mac_mps,offline_window,2.958417
mac_mps,offline_window,2.783584
mac_mps,offline_window,2.736958
mac_mps,offline_window,2.742125
mac_mps,offline_window,3.146584
mac_mps,offline_window,2.699458
mac_mps,offline_window,2.802541
mac_mps,offline_window,2.748959
mac_mps,offline_window,2.728625
mac_mps,offline_window,2.605625
mac_mps,offline_window,2.913167
mac_mps,offline_window,2.844083
mac_mps,offline_window,2.897708
mac_mps,offline_window,2.751666
mac_mps,offline_window,2.614458
mac_mps,offline_window,2.866542
mac_mps,offline_window,2.724209
mac_mps,offline_window,2.726042
mac_mps,offline_window,2.847084
mac_mps,offline_window,2.750458
mac_mps,offline_window,2.712709
mac_mps,offline_window,2.618833
mac_mps,offline_window,5.233959
mac_mps,offline_window,2.689333
mac_mps,offline_window,2.682458
mac_mps,offline_window,2.602542
mac_mps,offline_window,2.617375
mac_mps,offline_window,2.641
mac_mps,offline_window,2.665291
mac_mps,offline_window,2.724625
mac_mps,offline_window,2.612666
mac_mps,offline_window,2.68025
mac_mps,offline_window,2.612584
mac_mps,offline_window,2.647666
mac_mps,offline_window,2.526834
mac_mps,offline_window,2.9105
mac_mps,offline_window,2.728334
mac_mps,offline_window,2.644292
mac_mps,offline_window,2.653583
mac_mps,offline_window,2.797
mac_mps,offline_window,2.671416
mac_mps,offline_window,2.589125
mac_mps,offline_window,2.87425
mac_mps,offline_window,2.825167
mac_mps,offline_window,2.708959
mac_mps,offline_window,2.779792
mac_mps,offline_window,2.772125
mac_mps,offline_window,2.75575
mac_mps,offline_window,2.692833
tcml_compute_cpu,model_forward,1.830592
tcml_compute_cpu,model_forward,1.734005
tcml_compute_cpu,model_forward,1.84813
tcml_compute_cpu,model_forward,1.77729
tcml_compute_cpu,model_forward,1.840278
tcml_compute_cpu,model_forward,1.724549
tcml_compute_cpu,model_forward,1.856917
tcml_compute_cpu,model_forward,1.720397
tcml_compute_cpu,model_forward,1.855163
tcml_compute_cpu,model_forward,1.719119
tcml_compute_cpu,model_forward,1.727616
tcml_compute_cpu,model_forward,1.723722
tcml_compute_cpu,model_forward,1.723542
tcml_compute_cpu,model_forward,1.730482
tcml_compute_cpu,model_forward,1.721623
tcml_compute_cpu,model_forward,1.730517
tcml_compute_cpu,model_forward,1.719443
tcml_compute_cpu,model_forward,1.76602
tcml_compute_cpu,model_forward,1.71707
tcml_compute_cpu,model_forward,1.736467
tcml_compute_cpu,model_forward,1.728752
tcml_compute_cpu,model_forward,1.72361
tcml_compute_cpu,model_forward,1.76385
tcml_compute_cpu,model_forward,1.809005
tcml_compute_cpu,model_forward,1.732296
tcml_compute_cpu,model_forward,1.722243
tcml_compute_cpu,model_forward,1.729608
tcml_compute_cpu,model_forward,1.722368
tcml_compute_cpu,model_forward,1.856138
tcml_compute_cpu,model_forward,1.928692
tcml_compute_cpu,model_forward,1.863927
tcml_compute_cpu,model_forward,1.740015
tcml_compute_cpu,model_forward,1.726885
tcml_compute_cpu,model_forward,1.855519
tcml_compute_cpu,model_forward,1.900508
tcml_compute_cpu,model_forward,1.90703
tcml_compute_cpu,model_forward,1.90069
tcml_compute_cpu,model_forward,1.92999
tcml_compute_cpu,model_forward,1.787295
tcml_compute_cpu,model_forward,1.772597
tcml_compute_cpu,model_forward,1.815267
tcml_compute_cpu,model_forward,1.719422
tcml_compute_cpu,model_forward,1.87029
tcml_compute_cpu,model_forward,1.76207
tcml_compute_cpu,model_forward,1.86414
tcml_compute_cpu,model_forward,1.762209
tcml_compute_cpu,model_forward,1.728242
tcml_compute_cpu,model_forward,1.722397
tcml_compute_cpu,model_forward,1.727931
tcml_compute_cpu,model_forward,1.718321
tcml_compute_cpu,model_forward,1.720408
tcml_compute_cpu,model_forward,1.843366
tcml_compute_cpu,model_forward,1.719688
tcml_compute_cpu,model_forward,1.729283
tcml_compute_cpu,model_forward,1.731136
tcml_compute_cpu,model_forward,1.759259
tcml_compute_cpu,model_forward,1.896899
tcml_compute_cpu,model_forward,1.90667
tcml_compute_cpu,model_forward,1.904796
tcml_compute_cpu,model_forward,1.750462
tcml_compute_cpu,model_forward,1.851433
tcml_compute_cpu,model_forward,1.575764
tcml_compute_cpu,model_forward,1.829013
tcml_compute_cpu,model_forward,1.724972
tcml_compute_cpu,model_forward,1.727212
tcml_compute_cpu,model_forward,1.731702
tcml_compute_cpu,model_forward,1.510007
tcml_compute_cpu,model_forward,1.738036
tcml_compute_cpu,model_forward,1.720068
tcml_compute_cpu,model_forward,1.729675
tcml_compute_cpu,model_forward,1.724317
tcml_compute_cpu,model_forward,1.794716
tcml_compute_cpu,model_forward,1.793469
tcml_compute_cpu,model_forward,1.733884
tcml_compute_cpu,model_forward,1.724677
tcml_compute_cpu,model_forward,1.723556
tcml_compute_cpu,model_forward,1.793511
tcml_compute_cpu,model_forward,1.723764
tcml_compute_cpu,model_forward,1.725751
tcml_compute_cpu,model_forward,1.715024
tcml_compute_cpu,model_forward,1.750606
tcml_compute_cpu,model_forward,1.71873
tcml_compute_cpu,model_forward,1.72466
tcml_compute_cpu,model_forward,1.725161
tcml_compute_cpu,model_forward,1.722243
tcml_compute_cpu,model_forward,1.754713
tcml_compute_cpu,model_forward,1.74755
tcml_compute_cpu,model_forward,1.737005
tcml_compute_cpu,model_forward,1.722543
tcml_compute_cpu,model_forward,1.726534
tcml_compute_cpu,model_forward,1.721676
tcml_compute_cpu,model_forward,1.783859
tcml_compute_cpu,model_forward,1.89903
tcml_compute_cpu,model_forward,1.720874
tcml_compute_cpu,model_forward,1.727905
tcml_compute_cpu,model_forward,1.726885
tcml_compute_cpu,model_forward,1.730631
tcml_compute_cpu,model_forward,1.839215
tcml_compute_cpu,model_forward,1.725809
tcml_compute_cpu,model_forward,1.758231
tcml_compute_cpu,model_forward,1.721513
tcml_compute_cpu,model_forward,1.732122
tcml_compute_cpu,model_forward,1.721134
tcml_compute_cpu,model_forward,1.737612
tcml_compute_cpu,model_forward,1.732592
tcml_compute_cpu,model_forward,1.726921
tcml_compute_cpu,model_forward,1.72726
tcml_compute_cpu,model_forward,1.720062
tcml_compute_cpu,model_forward,1.79717
tcml_compute_cpu,model_forward,1.720436
tcml_compute_cpu,model_forward,1.795767
tcml_compute_cpu,model_forward,1.764318
tcml_compute_cpu,model_forward,1.732469
tcml_compute_cpu,model_forward,1.716596
tcml_compute_cpu,model_forward,1.717077
tcml_compute_cpu,model_forward,1.904583
tcml_compute_cpu,model_forward,1.745761
tcml_compute_cpu,model_forward,1.851484
tcml_compute_cpu,model_forward,1.721321
tcml_compute_cpu,model_forward,1.81484
tcml_compute_cpu,model_forward,1.848509
tcml_compute_cpu,model_forward,1.790049
tcml_compute_cpu,model_forward,1.86004
tcml_compute_cpu,model_forward,1.904493
tcml_compute_cpu,model_forward,1.872806
tcml_compute_cpu,model_forward,1.796259
tcml_compute_cpu,model_forward,1.841512
tcml_compute_cpu,model_forward,1.72271
tcml_compute_cpu,model_forward,1.87662
tcml_compute_cpu,model_forward,1.885803
tcml_compute_cpu,model_forward,1.909366
tcml_compute_cpu,model_forward,1.892563
tcml_compute_cpu,model_forward,1.914814
tcml_compute_cpu,model_forward,1.75855
tcml_compute_cpu,model_forward,1.736603
tcml_compute_cpu,model_forward,1.729221
tcml_compute_cpu,model_forward,1.743069
tcml_compute_cpu,model_forward,1.905237
tcml_compute_cpu,model_forward,1.721258
tcml_compute_cpu,model_forward,1.730943
tcml_compute_cpu,model_forward,1.726156
tcml_compute_cpu,model_forward,1.730494
tcml_compute_cpu,model_forward,1.724175
tcml_compute_cpu,model_forward,1.731339
tcml_compute_cpu,model_forward,1.723148
tcml_compute_cpu,model_forward,1.71827
tcml_compute_cpu,model_forward,1.727176
tcml_compute_cpu,model_forward,1.721232
tcml_compute_cpu,model_forward,2.06855
tcml_compute_cpu,model_forward,1.749788
tcml_compute_cpu,model_forward,1.730133
tcml_compute_cpu,model_forward,1.742953
tcml_compute_cpu,model_forward,1.732292
tcml_compute_cpu,model_forward,1.725466
tcml_compute_cpu,model_forward,1.808277
tcml_compute_cpu,model_forward,1.737627
tcml_compute_cpu,model_forward,1.729156
tcml_compute_cpu,model_forward,1.735571
tcml_compute_cpu,model_forward,1.731003
tcml_compute_cpu,model_forward,1.776717
tcml_compute_cpu,model_forward,1.802093
tcml_compute_cpu,model_forward,1.741484
tcml_compute_cpu,model_forward,1.730773
tcml_compute_cpu,model_forward,1.727982
tcml_compute_cpu,model_forward,1.735908
tcml_compute_cpu,model_forward,1.724336
tcml_compute_cpu,model_forward,1.726972
tcml_compute_cpu,model_forward,1.762134
tcml_compute_cpu,model_forward,1.734195
tcml_compute_cpu,model_forward,1.72771
tcml_compute_cpu,model_forward,1.735236
tcml_compute_cpu,model_forward,1.848158
tcml_compute_cpu,model_forward,1.786915
tcml_compute_cpu,model_forward,1.72889
tcml_compute_cpu,model_forward,1.725909
tcml_compute_cpu,model_forward,1.736447
tcml_compute_cpu,model_forward,1.72585
tcml_compute_cpu,model_forward,1.813492
tcml_compute_cpu,model_forward,1.725576
tcml_compute_cpu,model_forward,1.731204
tcml_compute_cpu,model_forward,1.735328
tcml_compute_cpu,model_forward,1.72654
tcml_compute_cpu,model_forward,1.737052
tcml_compute_cpu,model_forward,1.765418
tcml_compute_cpu,model_forward,1.735229
tcml_compute_cpu,model_forward,1.735367
tcml_compute_cpu,model_forward,1.733753
tcml_compute_cpu,model_forward,1.735303
tcml_compute_cpu,model_forward,1.731369
tcml_compute_cpu,model_forward,1.735094
tcml_compute_cpu,model_forward,1.722701
tcml_compute_cpu,model_forward,1.736869
tcml_compute_cpu,model_forward,1.723991
tcml_compute_cpu,model_forward,1.7206
tcml_compute_cpu,model_forward,1.761522
tcml_compute_cpu,model_forward,1.720223
tcml_compute_cpu,model_forward,1.734766
tcml_compute_cpu,model_forward,1.725355
tcml_compute_cpu,model_forward,1.756985
tcml_compute_cpu,model_forward,1.726034
tcml_compute_cpu,model_forward,1.726265
tcml_compute_cpu,model_forward,1.764933
tcml_compute_cpu,model_forward,1.726844
tcml_compute_cpu,model_forward,1.858717
tcml_compute_cpu,model_forward,1.730739
tcml_compute_cpu,model_forward,1.798134
tcml_compute_cpu,model_forward,1.854478
tcml_compute_cpu,model_forward,1.799398
tcml_compute_cpu,model_forward,1.795128
tcml_compute_cpu,model_forward,1.735574
tcml_compute_cpu,model_forward,1.722316
tcml_compute_cpu,model_forward,1.740534
tcml_compute_cpu,model_forward,1.76289
tcml_compute_cpu,model_forward,1.728394
tcml_compute_cpu,model_forward,1.73795
tcml_compute_cpu,model_forward,1.723531
tcml_compute_cpu,model_forward,1.726396
tcml_compute_cpu,model_forward,1.719971
tcml_compute_cpu,model_forward,1.726263
tcml_compute_cpu,model_forward,1.734319
tcml_compute_cpu,model_forward,1.722484
tcml_compute_cpu,model_forward,1.737591
tcml_compute_cpu,model_forward,1.726767
tcml_compute_cpu,model_forward,1.786952
tcml_compute_cpu,model_forward,1.749002
tcml_compute_cpu,model_forward,1.727643
tcml_compute_cpu,model_forward,1.857255
tcml_compute_cpu,model_forward,1.728724
tcml_compute_cpu,model_forward,1.89264
tcml_compute_cpu,model_forward,1.844842
tcml_compute_cpu,model_forward,1.843579
tcml_compute_cpu,model_forward,1.743151
tcml_compute_cpu,model_forward,1.736505
tcml_compute_cpu,model_forward,1.727187
tcml_compute_cpu,model_forward,1.802851
tcml_compute_cpu,model_forward,1.801129
tcml_compute_cpu,model_forward,1.727525
tcml_compute_cpu,model_forward,1.729745
tcml_compute_cpu,model_forward,1.722921
tcml_compute_cpu,model_forward,1.731489
tcml_compute_cpu,model_forward,1.728652
tcml_compute_cpu,model_forward,1.738173
tcml_compute_cpu,model_forward,1.731975
tcml_compute_cpu,model_forward,1.722733
tcml_compute_cpu,model_forward,1.734395
tcml_compute_cpu,model_forward,1.723574
tcml_compute_cpu,model_forward,1.823958
tcml_compute_cpu,model_forward,1.726944
tcml_compute_cpu,model_forward,1.731854
tcml_compute_cpu,model_forward,1.723946
tcml_compute_cpu,model_forward,1.726226
tcml_compute_cpu,model_forward,1.730918
tcml_compute_cpu,model_forward,1.726195
tcml_compute_cpu,model_forward,1.732675
tcml_compute_cpu,model_forward,1.718468
tcml_compute_cpu,model_forward,1.728911
tcml_compute_cpu,model_forward,1.725111
tcml_compute_cpu,model_forward,1.737198
tcml_compute_cpu,model_forward,1.816836
tcml_compute_cpu,model_forward,1.732503
tcml_compute_cpu,model_forward,1.847655
tcml_compute_cpu,model_forward,1.730354
tcml_compute_cpu,model_forward,1.78985
tcml_compute_cpu,model_forward,1.914881
tcml_compute_cpu,model_forward,1.812598
tcml_compute_cpu,model_forward,1.780243
tcml_compute_cpu,model_forward,1.738268
tcml_compute_cpu,model_forward,1.727523
tcml_compute_cpu,model_forward,1.73049
tcml_compute_cpu,model_forward,1.798797
tcml_compute_cpu,model_forward,1.725684
tcml_compute_cpu,model_forward,1.735615
tcml_compute_cpu,model_forward,1.715701
tcml_compute_cpu,model_forward,1.733479
tcml_compute_cpu,model_forward,1.726685
tcml_compute_cpu,model_forward,1.724143
tcml_compute_cpu,model_forward,1.724501
tcml_compute_cpu,model_forward,1.726114
tcml_compute_cpu,model_forward,1.734808
tcml_compute_cpu,model_forward,1.726579
tcml_compute_cpu,model_forward,1.735509
tcml_compute_cpu,model_forward,1.846903
tcml_compute_cpu,model_forward,1.736949
tcml_compute_cpu,model_forward,1.723694
tcml_compute_cpu,model_forward,1.726458
tcml_compute_cpu,model_forward,1.801141
tcml_compute_cpu,model_forward,1.721147
tcml_compute_cpu,model_forward,1.794242
tcml_compute_cpu,model_forward,1.725597
tcml_compute_cpu,model_forward,1.797351
tcml_compute_cpu,model_forward,1.779088
tcml_compute_cpu,model_forward,1.725619
tcml_compute_cpu,model_forward,1.797819
tcml_compute_cpu,model_forward,1.730161
tcml_compute_cpu,model_forward,1.729166
tcml_compute_cpu,model_forward,1.725532
tcml_compute_cpu,model_forward,1.733308
tcml_compute_cpu,model_forward,1.726182
tcml_compute_cpu,model_forward,1.763773
tcml_compute_cpu,model_forward,1.72391
tcml_compute_cpu,model_forward,1.727494
tcml_compute_cpu,model_forward,1.727118
tcml_compute_cpu,model_forward,1.725605
tcml_compute_cpu,model_forward,1.731439
tcml_compute_cpu,model_forward,1.755637
tcml_compute_cpu,model_forward,1.738859
tcml_compute_cpu,model_forward,1.719104
tcml_compute_cpu,model_forward,1.722901
tcml_compute_cpu,model_forward,1.730796
tcml_compute_cpu,model_forward,1.722536
tcml_compute_cpu,model_forward,1.790546
tcml_compute_cpu,model_forward,1.72992
tcml_compute_cpu,model_forward,1.738912
tcml_compute_cpu,model_forward,1.724321
tcml_compute_cpu,model_forward,1.738558
tcml_compute_cpu,model_forward,1.722011
tcml_compute_cpu,model_forward,1.720461
tcml_compute_cpu,model_forward,1.731175
tcml_compute_cpu,model_forward,1.725923
tcml_compute_cpu,model_forward,1.730482
tcml_compute_cpu,model_forward,1.813321
tcml_compute_cpu,model_forward,1.773334
tcml_compute_cpu,model_forward,1.809209
tcml_compute_cpu,model_forward,1.732515
tcml_compute_cpu,model_forward,1.73831
tcml_compute_cpu,model_forward,1.728885
tcml_compute_cpu,model_forward,1.742764
tcml_compute_cpu,model_forward,1.727795
tcml_compute_cpu,model_forward,1.74377
tcml_compute_cpu,model_forward,1.72826
tcml_compute_cpu,model_forward,1.728226
tcml_compute_cpu,model_forward,1.729843
tcml_compute_cpu,model_forward,1.726084
tcml_compute_cpu,model_forward,1.83571
tcml_compute_cpu,model_forward,1.722832
tcml_compute_cpu,model_forward,1.734165
tcml_compute_cpu,model_forward,1.728803
tcml_compute_cpu,model_forward,1.735749
tcml_compute_cpu,model_forward,1.724408
tcml_compute_cpu,model_forward,1.752201
tcml_compute_cpu,model_forward,1.726135
tcml_compute_cpu,model_forward,1.723472
tcml_compute_cpu,model_forward,1.76477
tcml_compute_cpu,model_forward,1.798701
tcml_compute_cpu,model_forward,1.769143
tcml_compute_cpu,model_forward,1.779417
tcml_compute_cpu,model_forward,1.718308
tcml_compute_cpu,model_forward,1.729177
tcml_compute_cpu,model_forward,1.721331
tcml_compute_cpu,model_forward,1.778837
tcml_compute_cpu,model_forward,1.92351
tcml_compute_cpu,model_forward,1.902387
tcml_compute_cpu,model_forward,1.89678
tcml_compute_cpu,model_forward,1.908257
tcml_compute_cpu,model_forward,1.76524
tcml_compute_cpu,model_forward,1.78039
tcml_compute_cpu,model_forward,1.80888
tcml_compute_cpu,model_forward,1.722361
tcml_compute_cpu,model_forward,1.731249
tcml_compute_cpu,model_forward,1.722886
tcml_compute_cpu,model_forward,1.729085
tcml_compute_cpu,model_forward,1.733337
tcml_compute_cpu,model_forward,1.827136
tcml_compute_cpu,model_forward,1.832174
tcml_compute_cpu,model_forward,1.77586
tcml_compute_cpu,model_forward,1.774862
tcml_compute_cpu,model_forward,1.723199
tcml_compute_cpu,model_forward,1.823702
tcml_compute_cpu,model_forward,1.728624
tcml_compute_cpu,model_forward,1.73878
tcml_compute_cpu,model_forward,1.72563
tcml_compute_cpu,model_forward,1.729644
tcml_compute_cpu,model_forward,1.720537
tcml_compute_cpu,model_forward,1.723025
tcml_compute_cpu,model_forward,1.723064
tcml_compute_cpu,model_forward,1.72371
tcml_compute_cpu,model_forward,1.730216
tcml_compute_cpu,model_forward,1.719532
tcml_compute_cpu,model_forward,1.809522
tcml_compute_cpu,model_forward,1.776431
tcml_compute_cpu,model_forward,1.729365
tcml_compute_cpu,model_forward,1.728449
tcml_compute_cpu,model_forward,1.715362
tcml_compute_cpu,model_forward,1.728096
tcml_compute_cpu,model_forward,1.720906
tcml_compute_cpu,model_forward,1.735895
tcml_compute_cpu,model_forward,1.721969
tcml_compute_cpu,model_forward,1.734969
tcml_compute_cpu,model_forward,1.72236
tcml_compute_cpu,model_forward,1.721909
tcml_compute_cpu,model_forward,1.810581
tcml_compute_cpu,model_forward,1.765606
tcml_compute_cpu,model_forward,1.734154
tcml_compute_cpu,model_forward,1.724715
tcml_compute_cpu,model_forward,1.726303
tcml_compute_cpu,model_forward,1.717416
tcml_compute_cpu,model_forward,1.74021
tcml_compute_cpu,model_forward,1.734864
tcml_compute_cpu,model_forward,1.721822
tcml_compute_cpu,model_forward,1.831489
tcml_compute_cpu,model_forward,1.782041
tcml_compute_cpu,model_forward,1.73518
tcml_compute_cpu,model_forward,1.717829
tcml_compute_cpu,model_forward,1.762386
tcml_compute_cpu,model_forward,1.719632
tcml_compute_cpu,model_forward,1.725813
tcml_compute_cpu,model_forward,1.734671
tcml_compute_cpu,model_forward,1.721737
tcml_compute_cpu,model_forward,1.782021
tcml_compute_cpu,model_forward,1.727156
tcml_compute_cpu,model_forward,1.72954
tcml_compute_cpu,model_forward,1.746816
tcml_compute_cpu,model_forward,1.711313
tcml_compute_cpu,model_forward,1.886632
tcml_compute_cpu,model_forward,1.865893
tcml_compute_cpu,model_forward,1.890541
tcml_compute_cpu,model_forward,1.809827
tcml_compute_cpu,model_forward,1.725593
tcml_compute_cpu,model_forward,1.716015
tcml_compute_cpu,model_forward,1.831063
tcml_compute_cpu,model_forward,1.888803
tcml_compute_cpu,model_forward,1.906735
tcml_compute_cpu,model_forward,1.885262
tcml_compute_cpu,model_forward,1.947519
tcml_compute_cpu,model_forward,1.919397
tcml_compute_cpu,model_forward,1.898578
tcml_compute_cpu,model_forward,1.892748
tcml_compute_cpu,model_forward,1.885588
tcml_compute_cpu,model_forward,1.898332
tcml_compute_cpu,model_forward,1.890158
tcml_compute_cpu,model_forward,1.899599
tcml_compute_cpu,model_forward,1.715657
tcml_compute_cpu,model_forward,1.8463
tcml_compute_cpu,model_forward,1.720316
tcml_compute_cpu,model_forward,1.807403
tcml_compute_cpu,model_forward,1.773224
tcml_compute_cpu,model_forward,1.767085
tcml_compute_cpu,model_forward,1.807249
tcml_compute_cpu,model_forward,1.719045
tcml_compute_cpu,model_forward,1.854066
tcml_compute_cpu,model_forward,1.717446
tcml_compute_cpu,model_forward,1.860595
tcml_compute_cpu,model_forward,1.711068
tcml_compute_cpu,model_forward,1.724967
tcml_compute_cpu,model_forward,1.7191
tcml_compute_cpu,model_forward,1.723926
tcml_compute_cpu,model_forward,1.827206
tcml_compute_cpu,model_forward,1.886261
tcml_compute_cpu,model_forward,1.89848
tcml_compute_cpu,model_forward,1.847666
tcml_compute_cpu,model_forward,1.851681
tcml_compute_cpu,model_forward,1.716915
tcml_compute_cpu,model_forward,1.824419
tcml_compute_cpu,model_forward,1.748854
tcml_compute_cpu,model_forward,1.797427
tcml_compute_cpu,model_forward,1.780715
tcml_compute_cpu,model_forward,1.750298
tcml_compute_cpu,model_forward,1.80437
tcml_compute_cpu,model_forward,1.712628
tcml_compute_cpu,model_forward,1.855874
tcml_compute_cpu,model_forward,1.779553
tcml_compute_cpu,model_forward,1.750329
tcml_compute_cpu,model_forward,1.708082
tcml_compute_cpu,model_forward,1.785771
tcml_compute_cpu,model_forward,1.787127
tcml_compute_cpu,model_forward,1.721849
tcml_compute_cpu,model_forward,1.713467
tcml_compute_cpu,model_forward,1.709287
tcml_compute_cpu,model_forward,1.717832
tcml_compute_cpu,model_forward,1.711836
tcml_compute_cpu,model_forward,1.807672
tcml_compute_cpu,model_forward,1.768469
tcml_compute_cpu,model_forward,1.724373
tcml_compute_cpu,model_forward,1.713513
tcml_compute_cpu,model_forward,1.71432
tcml_compute_cpu,model_forward,1.778928
tcml_compute_cpu,model_forward,1.742262
tcml_compute_cpu,model_forward,1.714892
tcml_compute_cpu,model_forward,1.714756
tcml_compute_cpu,model_forward,1.720705
tcml_compute_cpu,model_forward,1.714333
tcml_compute_cpu,model_forward,1.713253
tcml_compute_cpu,model_forward,1.720801
tcml_compute_cpu,model_forward,1.711459
tcml_compute_cpu,model_forward,1.718811
tcml_compute_cpu,model_forward,1.718142
tcml_compute_cpu,model_forward,1.822335
tcml_compute_cpu,model_forward,1.89804
tcml_compute_cpu,model_forward,1.801526
tcml_compute_cpu,model_forward,1.810881
tcml_compute_cpu,model_forward,1.752125
tcml_compute_cpu,model_forward,1.848898
tcml_compute_cpu,model_forward,1.713268
tcml_compute_cpu,model_forward,1.795514
tcml_compute_cpu,model_forward,1.710234
tcml_compute_cpu,model_forward,1.752817
tcml_compute_cpu,model_forward,1.768547
tcml_compute_cpu,model_forward,1.755998
tcml_compute_cpu,model_forward,1.749882
tcml_compute_cpu,model_forward,1.718589
tcml_compute_cpu,model_forward,1.728025
tcml_compute_cpu,model_forward,1.708877
tcml_compute_cpu,model_forward,1.720248
tcml_compute_cpu,model_forward,1.758719
tcml_compute_cpu,model_forward,1.820484
tcml_compute_cpu,model_forward,1.749489
tcml_compute_cpu,model_forward,1.724019
tcml_compute_cpu,model_forward,1.864549
tcml_compute_cpu,model_forward,1.717193
tcml_compute_cpu,model_forward,1.73126
tcml_compute_cpu,model_forward,1.718486
tcml_compute_cpu,model_forward,1.810852
tcml_compute_cpu,model_forward,1.789526
tcml_compute_cpu,model_forward,1.727665
tcml_compute_cpu,model_forward,1.718815
tcml_compute_cpu,model_forward,1.723934
tcml_compute_cpu,model_forward,1.7212
tcml_compute_cpu,model_forward,1.81709
tcml_compute_cpu,model_forward,1.86023
tcml_compute_cpu,model_forward,1.738997
tcml_compute_cpu,model_forward,1.727365
tcml_compute_cpu,model_forward,1.770215
tcml_compute_cpu,model_forward,1.76253
tcml_compute_cpu,model_forward,1.714939
tcml_compute_cpu,model_forward,1.71903
tcml_compute_cpu,model_forward,1.897451
tcml_compute_cpu,model_forward,1.83552
tcml_compute_cpu,model_forward,1.931043
tcml_compute_cpu,model_forward,1.714848
tcml_compute_cpu,model_forward,1.723847
tcml_compute_cpu,model_forward,1.765967
tcml_compute_cpu,model_forward,1.897939
tcml_compute_cpu,model_forward,1.892863
tcml_compute_cpu,model_forward,1.908551
tcml_compute_cpu,model_forward,1.880974
tcml_compute_cpu,model_forward,1.787149
tcml_compute_cpu,model_forward,1.856795
tcml_compute_cpu,model_forward,1.720145
tcml_compute_cpu,model_forward,1.854941
tcml_compute_cpu,model_forward,1.787497
tcml_compute_cpu,model_forward,1.799635
tcml_compute_cpu,model_forward,1.718
tcml_compute_cpu,model_forward,1.717645
tcml_compute_cpu,model_forward,1.711982
tcml_compute_cpu,model_forward,1.715967
tcml_compute_cpu,model_forward,1.862501
tcml_compute_cpu,model_forward,1.717121
tcml_compute_cpu,model_forward,1.871168
tcml_compute_cpu,model_forward,1.714378
tcml_compute_cpu,model_forward,1.823512
tcml_compute_cpu,model_forward,1.884218
tcml_compute_cpu,model_forward,1.90183
tcml_compute_cpu,model_forward,1.88817
tcml_compute_cpu,model_forward,1.83383
tcml_compute_cpu,model_forward,1.816773
tcml_compute_cpu,model_forward,1.715717
tcml_compute_cpu,model_forward,1.85158
tcml_compute_cpu,model_forward,1.715252
tcml_compute_cpu,model_forward,1.721781
tcml_compute_cpu,model_forward,1.709576
tcml_compute_cpu,model_forward,1.767633
tcml_compute_cpu,model_forward,1.780686
tcml_compute_cpu,model_forward,1.720092
tcml_compute_cpu,model_forward,1.834859
tcml_compute_cpu,model_forward,1.708145
tcml_compute_cpu,model_forward,1.723285
tcml_compute_cpu,model_forward,1.716504
tcml_compute_cpu,model_forward,1.759998
tcml_compute_cpu,model_forward,1.765317
tcml_compute_cpu,model_forward,1.73858
tcml_compute_cpu,model_forward,1.725162
tcml_compute_cpu,model_forward,1.71189
tcml_compute_cpu,model_forward,1.75804
tcml_compute_cpu,model_forward,1.77293
tcml_compute_cpu,model_forward,1.894881
tcml_compute_cpu,model_forward,1.721526
tcml_compute_cpu,model_forward,1.72076
tcml_compute_cpu,model_forward,1.715446
tcml_compute_cpu,model_forward,1.722646
tcml_compute_cpu,model_forward,1.718716
tcml_compute_cpu,model_forward,1.718376
tcml_compute_cpu,model_forward,1.723556
tcml_compute_cpu,model_forward,1.714159
tcml_compute_cpu,model_forward,1.719722
tcml_compute_cpu,model_forward,1.723231
tcml_compute_cpu,model_forward,1.720974
tcml_compute_cpu,model_forward,1.716616
tcml_compute_cpu,model_forward,1.708062
tcml_compute_cpu,model_forward,1.721881
tcml_compute_cpu,model_forward,1.733257
tcml_compute_cpu,model_forward,1.807398
tcml_compute_cpu,model_forward,1.716002
tcml_compute_cpu,model_forward,1.72314
tcml_compute_cpu,model_forward,1.70646
tcml_compute_cpu,model_forward,1.716947
tcml_compute_cpu,model_forward,1.723881
tcml_compute_cpu,model_forward,1.710129
tcml_compute_cpu,model_forward,1.72014
tcml_compute_cpu,model_forward,1.713286
tcml_compute_cpu,model_forward,1.727828
tcml_compute_cpu,model_forward,1.715376
tcml_compute_cpu,model_forward,1.710007
tcml_compute_cpu,model_forward,1.878988
tcml_compute_cpu,model_forward,1.714285
tcml_compute_cpu,model_forward,1.856976
tcml_compute_cpu,model_forward,1.712498
tcml_compute_cpu,model_forward,1.725406
tcml_compute_cpu,model_forward,1.710626
tcml_compute_cpu,model_forward,1.724989
tcml_compute_cpu,model_forward,1.819828
tcml_compute_cpu,model_forward,1.707934
tcml_compute_cpu,model_forward,1.721468
tcml_compute_cpu,model_forward,1.715722
tcml_compute_cpu,model_forward,1.887414
tcml_compute_cpu,model_forward,1.741403
tcml_compute_cpu,model_forward,1.764976
tcml_compute_cpu,model_forward,1.887207
tcml_compute_cpu,model_forward,1.82916
tcml_compute_cpu,model_forward,1.903186
tcml_compute_cpu,model_forward,1.792727
tcml_compute_cpu,model_forward,1.857104
tcml_compute_cpu,model_forward,1.806298
tcml_compute_cpu,model_forward,1.897971
tcml_compute_cpu,model_forward,1.8916
tcml_compute_cpu,model_forward,1.944485
tcml_compute_cpu,model_forward,1.886968
tcml_compute_cpu,model_forward,1.886101
tcml_compute_cpu,model_forward,1.879953
tcml_compute_cpu,model_forward,1.893844
tcml_compute_cpu,model_forward,1.877125
tcml_compute_cpu,model_forward,1.897473
tcml_compute_cpu,model_forward,1.895565
tcml_compute_cpu,model_forward,1.858686
tcml_compute_cpu,model_forward,1.795202
tcml_compute_cpu,model_forward,1.715037
tcml_compute_cpu,model_forward,1.862253
tcml_compute_cpu,model_forward,1.767816
tcml_compute_cpu,model_forward,1.821315
tcml_compute_cpu,model_forward,1.713024
tcml_compute_cpu,model_forward,1.728645
tcml_compute_cpu,model_forward,1.711611
tcml_compute_cpu,model_forward,1.746445
tcml_compute_cpu,model_forward,1.717671
tcml_compute_cpu,model_forward,1.714059
tcml_compute_cpu,model_forward,1.72096
tcml_compute_cpu,model_forward,1.717699
tcml_compute_cpu,model_forward,1.799849
tcml_compute_cpu,model_forward,1.778856
tcml_compute_cpu,model_forward,1.719945
tcml_compute_cpu,model_forward,1.711226
tcml_compute_cpu,model_forward,1.855926
tcml_compute_cpu,model_forward,1.888767
tcml_compute_cpu,model_forward,1.89148
tcml_compute_cpu,model_forward,1.858452
tcml_compute_cpu,model_forward,1.719355
tcml_compute_cpu,model_forward,1.858796
tcml_compute_cpu,model_forward,1.713996
tcml_compute_cpu,model_forward,1.805588
tcml_compute_cpu,model_forward,1.907766
tcml_compute_cpu,model_forward,1.781949
tcml_compute_cpu,model_forward,1.818519
tcml_compute_cpu,model_forward,1.739478
tcml_compute_cpu,model_forward,1.820674
tcml_compute_cpu,model_forward,1.713845
tcml_compute_cpu,model_forward,1.890373
tcml_compute_cpu,model_forward,1.709466
tcml_compute_cpu,model_forward,1.720085
tcml_compute_cpu,model_forward,1.710094
tcml_compute_cpu,model_forward,1.727793
tcml_compute_cpu,model_forward,1.75471
tcml_compute_cpu,model_forward,1.725237
tcml_compute_cpu,model_forward,1.804088
tcml_compute_cpu,model_forward,1.713069
tcml_compute_cpu,model_forward,1.718139
tcml_compute_cpu,model_forward,1.71625
tcml_compute_cpu,model_forward,1.812161
tcml_compute_cpu,model_forward,1.713926
tcml_compute_cpu,model_forward,1.727188
tcml_compute_cpu,model_forward,1.710408
tcml_compute_cpu,model_forward,1.712774
tcml_compute_cpu,model_forward,1.862189
tcml_compute_cpu,model_forward,1.787425
tcml_compute_cpu,model_forward,1.834775
tcml_compute_cpu,model_forward,1.744593
tcml_compute_cpu,model_forward,1.720444
tcml_compute_cpu,model_forward,1.71885
tcml_compute_cpu,model_forward,1.797917
tcml_compute_cpu,model_forward,1.829053
tcml_compute_cpu,model_forward,1.712978
tcml_compute_cpu,model_forward,1.717333
tcml_compute_cpu,model_forward,1.709711
tcml_compute_cpu,model_forward,1.720846
tcml_compute_cpu,model_forward,1.745512
tcml_compute_cpu,model_forward,1.721773
tcml_compute_cpu,model_forward,1.711245
tcml_compute_cpu,model_forward,1.71511
tcml_compute_cpu,model_forward,1.723688
tcml_compute_cpu,model_forward,1.714912
tcml_compute_cpu,model_forward,1.789004
tcml_compute_cpu,model_forward,1.714098
tcml_compute_cpu,model_forward,1.766782
tcml_compute_cpu,model_forward,1.793372
tcml_compute_cpu,model_forward,1.712271
tcml_compute_cpu,model_forward,1.850262
tcml_compute_cpu,model_forward,1.743352
tcml_compute_cpu,model_forward,1.727079
tcml_compute_cpu,model_forward,1.713531
tcml_compute_cpu,model_forward,1.722652
tcml_compute_cpu,model_forward,1.711603
tcml_compute_cpu,model_forward,1.719171
tcml_compute_cpu,model_forward,1.832512
tcml_compute_cpu,model_forward,1.711198
tcml_compute_cpu,model_forward,1.721096
tcml_compute_cpu,model_forward,1.710293
tcml_compute_cpu,model_forward,1.954255
tcml_compute_cpu,model_forward,1.829524
tcml_compute_cpu,model_forward,1.84746
tcml_compute_cpu,model_forward,1.889358
tcml_compute_cpu,model_forward,1.886051
tcml_compute_cpu,model_forward,1.823418
tcml_compute_cpu,model_forward,1.53025
tcml_compute_cpu,model_forward,1.855357
tcml_compute_cpu,model_forward,1.777485
tcml_compute_cpu,model_forward,1.891038
tcml_compute_cpu,model_forward,1.890387
tcml_compute_cpu,model_forward,1.895424
tcml_compute_cpu,model_forward,1.895003
tcml_compute_cpu,model_forward,1.83184
tcml_compute_cpu,model_forward,1.757544
tcml_compute_cpu,model_forward,1.784007
tcml_compute_cpu,model_forward,1.794596
tcml_compute_cpu,model_forward,1.891298
tcml_compute_cpu,model_forward,1.871669
tcml_compute_cpu,model_forward,1.714944
tcml_compute_cpu,model_forward,1.849558
tcml_compute_cpu,model_forward,1.714778
tcml_compute_cpu,model_forward,1.769106
tcml_compute_cpu,model_forward,1.803679
tcml_compute_cpu,model_forward,1.839747
tcml_compute_cpu,model_forward,1.782644
tcml_compute_cpu,model_forward,1.721401
tcml_compute_cpu,model_forward,1.712451
tcml_compute_cpu,model_forward,1.713304
tcml_compute_cpu,model_forward,1.917355
tcml_compute_cpu,model_forward,1.723601
tcml_compute_cpu,model_forward,1.730172
tcml_compute_cpu,model_forward,1.72266
tcml_compute_cpu,model_forward,1.730294
tcml_compute_cpu,model_forward,1.719645
tcml_compute_cpu,model_forward,1.751396
tcml_compute_cpu,model_forward,1.722687
tcml_compute_cpu,model_forward,1.718782
tcml_compute_cpu,model_forward,1.724461
tcml_compute_cpu,model_forward,1.713576
tcml_compute_cpu,model_forward,1.718842
tcml_compute_cpu,model_forward,1.785006
tcml_compute_cpu,model_forward,1.729021
tcml_compute_cpu,model_forward,1.71648
tcml_compute_cpu,model_forward,1.71747
tcml_compute_cpu,model_forward,1.723967
tcml_compute_cpu,model_forward,1.71761
tcml_compute_cpu,model_forward,1.759545
tcml_compute_cpu,model_forward,1.71536
tcml_compute_cpu,model_forward,1.727664
tcml_compute_cpu,model_forward,1.71188
tcml_compute_cpu,model_forward,1.718949
tcml_compute_cpu,model_forward,1.725935
tcml_compute_cpu,model_forward,1.746715
tcml_compute_cpu,model_forward,1.723456
tcml_compute_cpu,model_forward,1.741257
tcml_compute_cpu,model_forward,1.726888
tcml_compute_cpu,model_forward,1.712875
tcml_compute_cpu,model_forward,1.788833
tcml_compute_cpu,model_forward,1.872894
tcml_compute_cpu,model_forward,1.794689
tcml_compute_cpu,model_forward,1.724788
tcml_compute_cpu,model_forward,1.723685
tcml_compute_cpu,model_forward,1.722253
tcml_compute_cpu,model_forward,1.753655
tcml_compute_cpu,model_forward,1.730125
tcml_compute_cpu,model_forward,1.71769
tcml_compute_cpu,model_forward,1.717291
tcml_compute_cpu,model_forward,1.727088
tcml_compute_cpu,model_forward,1.714206
tcml_compute_cpu,model_forward,1.840644
tcml_compute_cpu,model_forward,1.745933
tcml_compute_cpu,model_forward,1.732267
tcml_compute_cpu,model_forward,1.716392
tcml_compute_cpu,model_forward,1.723257
tcml_compute_cpu,model_forward,1.726949
tcml_compute_cpu,model_forward,1.856761
tcml_compute_cpu,model_forward,1.724992
tcml_compute_cpu,model_forward,1.717901
tcml_compute_cpu,model_forward,1.727186
tcml_compute_cpu,model_forward,1.776831
tcml_compute_cpu,model_forward,1.751605
tcml_compute_cpu,model_forward,1.83824
tcml_compute_cpu,model_forward,1.719917
tcml_compute_cpu,model_forward,1.726308
tcml_compute_cpu,model_forward,1.718251
tcml_compute_cpu,model_forward,1.80332
tcml_compute_cpu,model_forward,1.782461
tcml_compute_cpu,model_forward,1.728163
tcml_compute_cpu,model_forward,1.717506
tcml_compute_cpu,model_forward,1.717253
tcml_compute_cpu,model_forward,1.721726
tcml_compute_cpu,model_forward,1.718688
tcml_compute_cpu,model_forward,1.764844
tcml_compute_cpu,model_forward,1.724241
tcml_compute_cpu,model_forward,1.724013
tcml_compute_cpu,model_forward,1.722161
tcml_compute_cpu,model_forward,1.723862
tcml_compute_cpu,model_forward,1.713318
tcml_compute_cpu,model_forward,1.74208
tcml_compute_cpu,model_forward,1.724453
tcml_compute_cpu,model_forward,1.716468
tcml_compute_cpu,model_forward,1.722303
tcml_compute_cpu,model_forward,1.717019
tcml_compute_cpu,model_forward,1.744673
tcml_compute_cpu,model_forward,1.829796
tcml_compute_cpu,model_forward,1.720454
tcml_compute_cpu,model_forward,1.726433
tcml_compute_cpu,model_forward,1.715159
tcml_compute_cpu,model_forward,1.726606
tcml_compute_cpu,model_forward,1.719659
tcml_compute_cpu,model_forward,1.760505
tcml_compute_cpu,model_forward,1.713911
tcml_compute_cpu,model_forward,1.716503
tcml_compute_cpu,model_forward,1.722494
tcml_compute_cpu,model_forward,1.714398
tcml_compute_cpu,model_forward,1.750014
tcml_compute_cpu,model_forward,1.788783
tcml_compute_cpu,model_forward,1.751516
tcml_compute_cpu,model_forward,1.712668
tcml_compute_cpu,model_forward,1.718706
tcml_compute_cpu,model_forward,1.721774
tcml_compute_cpu,model_forward,1.756935
tcml_compute_cpu,model_forward,1.720652
tcml_compute_cpu,model_forward,1.720687
tcml_compute_cpu,model_forward,1.722291
tcml_compute_cpu,model_forward,1.715468
tcml_compute_cpu,model_forward,1.724586
tcml_compute_cpu,model_forward,1.820608
tcml_compute_cpu,model_forward,1.71465
tcml_compute_cpu,model_forward,1.728178
tcml_compute_cpu,model_forward,1.719259
tcml_compute_cpu,model_forward,1.727971
tcml_compute_cpu,model_forward,1.714254
tcml_compute_cpu,model_forward,1.833649
tcml_compute_cpu,model_forward,1.746159
tcml_compute_cpu,model_forward,1.7167
tcml_compute_cpu,model_forward,1.724314
tcml_compute_cpu,model_forward,1.717832
tcml_compute_cpu,model_forward,1.788236
tcml_compute_cpu,model_forward,1.799698
tcml_compute_cpu,model_forward,1.725503
tcml_compute_cpu,model_forward,1.715156
tcml_compute_cpu,model_forward,1.723416
tcml_compute_cpu,model_forward,1.769529
tcml_compute_cpu,model_forward,1.716898
tcml_compute_cpu,model_forward,1.87033
tcml_compute_cpu,model_forward,1.716288
tcml_compute_cpu,model_forward,1.726661
tcml_compute_cpu,model_forward,1.722219
tcml_compute_cpu,model_forward,1.727274
tcml_compute_cpu,model_forward,1.757011
tcml_compute_cpu,model_forward,1.715991
tcml_compute_cpu,model_forward,1.740856
tcml_compute_cpu,model_forward,1.714231
tcml_compute_cpu,model_forward,1.725784
tcml_compute_cpu,model_forward,1.712088
tcml_compute_cpu,model_forward,1.795378
tcml_compute_cpu,model_forward,1.712864
tcml_compute_cpu,model_forward,1.717982
tcml_compute_cpu,model_forward,1.72449
tcml_compute_cpu,model_forward,1.719107
tcml_compute_cpu,model_forward,1.724034
tcml_compute_cpu,model_forward,1.757182
tcml_compute_cpu,model_forward,1.730026
tcml_compute_cpu,model_forward,1.716993
tcml_compute_cpu,model_forward,1.726327
tcml_compute_cpu,model_forward,1.712448
tcml_compute_cpu,model_forward,1.713576
tcml_compute_cpu,model_forward,1.866108
tcml_compute_cpu,model_forward,1.715617
tcml_compute_cpu,model_forward,1.726845
tcml_compute_cpu,model_forward,1.716147
tcml_compute_cpu,model_forward,1.724837
tcml_compute_cpu,model_forward,1.716259
tcml_compute_cpu,model_forward,1.848057
tcml_compute_cpu,model_forward,1.757218
tcml_compute_cpu,model_forward,1.718307
tcml_compute_cpu,model_forward,1.727292
tcml_compute_cpu,model_forward,1.718778
tcml_compute_cpu,model_forward,1.755808
tcml_compute_cpu,model_forward,1.795137
tcml_compute_cpu,model_forward,1.719423
tcml_compute_cpu,model_forward,1.726833
tcml_compute_cpu,model_forward,1.710735
tcml_compute_cpu,model_forward,1.724323
tcml_compute_cpu,model_forward,1.751088
tcml_compute_cpu,model_forward,1.723229
tcml_compute_cpu,model_forward,1.717558
tcml_compute_cpu,model_forward,1.722794
tcml_compute_cpu,model_forward,1.715994
tcml_compute_cpu,model_forward,1.71656
tcml_compute_cpu,model_forward,1.854735
tcml_compute_cpu,model_forward,1.719848
tcml_compute_cpu,model_forward,1.730806
tcml_compute_cpu,model_forward,1.720737
tcml_compute_cpu,model_forward,1.722756
tcml_compute_cpu,model_forward,1.719289
tcml_compute_cpu,model_forward,1.746134
tcml_compute_cpu,model_forward,1.72322
tcml_compute_cpu,model_forward,1.715841
tcml_compute_cpu,model_forward,1.722768
tcml_compute_cpu,model_forward,1.714683
tcml_compute_cpu,model_forward,1.778175
tcml_compute_cpu,model_forward,1.79598
tcml_compute_cpu,model_forward,1.712648
tcml_compute_cpu,model_forward,1.72097
tcml_compute_cpu,model_forward,1.717168
tcml_compute_cpu,model_forward,1.7225
tcml_compute_cpu,model_forward,1.721194
tcml_compute_cpu,model_forward,1.728243
tcml_compute_cpu,model_forward,1.715232
tcml_compute_cpu,model_forward,1.730054
tcml_compute_cpu,model_forward,1.720533
tcml_compute_cpu,model_forward,1.713478
tcml_compute_cpu,model_forward,1.773826
tcml_compute_cpu,model_forward,1.71176
tcml_compute_cpu,model_forward,1.721889
tcml_compute_cpu,model_forward,1.712036
tcml_compute_cpu,model_forward,1.727904
tcml_compute_cpu,model_forward,1.715511
tcml_compute_cpu,model_forward,1.73818
tcml_compute_cpu,model_forward,1.836033
tcml_compute_cpu,model_forward,1.716372
tcml_compute_cpu,model_forward,1.720887
tcml_compute_cpu,model_forward,1.713095
tcml_compute_cpu,model_forward,1.719251
tcml_compute_cpu,model_forward,1.788659
tcml_compute_cpu,model_forward,1.716377
tcml_compute_cpu,model_forward,1.757828
tcml_compute_cpu,model_forward,1.71112
tcml_compute_cpu,model_forward,1.72
tcml_compute_cpu,model_forward,1.708857
tcml_compute_cpu,model_forward,1.850666
tcml_compute_cpu,model_forward,1.869374
tcml_compute_cpu,model_forward,1.895223
tcml_compute_cpu,model_forward,1.885562
tcml_compute_cpu,model_forward,1.897253
tcml_compute_cpu,model_forward,1.881881
tcml_compute_cpu,model_forward,1.878144
tcml_compute_cpu,model_forward,1.890814
tcml_compute_cpu,model_forward,1.882225
tcml_compute_cpu,model_forward,1.887657
tcml_compute_cpu,model_forward,1.881612
tcml_compute_cpu,model_forward,1.891027
tcml_compute_cpu,model_forward,1.730874
tcml_compute_cpu,model_forward,1.721155
tcml_compute_cpu,model_forward,1.712899
tcml_compute_cpu,model_forward,1.721
tcml_compute_cpu,model_forward,1.765045
tcml_compute_cpu,model_forward,1.707091
tcml_compute_cpu,model_forward,1.884643
tcml_compute_cpu,model_forward,1.74546
tcml_compute_cpu,model_forward,1.841371
tcml_compute_cpu,model_forward,1.725311
tcml_compute_cpu,model_forward,1.796123
tcml_compute_cpu,model_forward,1.761013
tcml_compute_cpu,model_forward,1.755442
tcml_compute_cpu,model_forward,1.792447
tcml_compute_cpu,model_forward,1.713833
tcml_compute_cpu,model_forward,1.756149
tcml_compute_cpu,model_forward,1.713179
tcml_compute_cpu,model_forward,1.807517
tcml_compute_cpu,model_forward,1.710734
tcml_compute_cpu,model_forward,1.726304
tcml_compute_cpu,model_forward,1.71526
tcml_compute_cpu,model_forward,1.713164
tcml_compute_cpu,model_forward,1.764367
tcml_compute_cpu,model_forward,1.71742
tcml_compute_cpu,model_forward,1.719718
tcml_compute_cpu,model_forward,1.712771
tcml_compute_cpu,model_forward,1.719731
tcml_compute_cpu,model_forward,1.71545
tcml_compute_cpu,model_forward,1.752279
tcml_compute_cpu,model_forward,1.711927
tcml_compute_cpu,model_forward,1.712476
tcml_compute_cpu,model_forward,1.778702
tcml_compute_cpu,model_forward,1.708488
tcml_compute_cpu,model_forward,1.802431
tcml_compute_cpu,model_forward,1.714074
tcml_compute_cpu,model_forward,1.990898
tcml_compute_cpu,model_forward,2.018338
tcml_compute_cpu,model_forward,1.727802
tcml_compute_cpu,model_forward,1.715712
tcml_compute_cpu,model_forward,1.752203
tcml_compute_cpu,model_forward,1.847085
tcml_compute_cpu,offline_window,1.768199
tcml_compute_cpu,offline_window,1.765664
tcml_compute_cpu,offline_window,1.776006
tcml_compute_cpu,offline_window,1.77025
tcml_compute_cpu,offline_window,1.82034
tcml_compute_cpu,offline_window,1.772498
tcml_compute_cpu,offline_window,1.775463
tcml_compute_cpu,offline_window,1.768877
tcml_compute_cpu,offline_window,1.778965
tcml_compute_cpu,offline_window,1.833321
tcml_compute_cpu,offline_window,1.814698
tcml_compute_cpu,offline_window,1.953229
tcml_compute_cpu,offline_window,1.928351
tcml_compute_cpu,offline_window,1.911933
tcml_compute_cpu,offline_window,1.770517
tcml_compute_cpu,offline_window,1.911872
tcml_compute_cpu,offline_window,1.935185
tcml_compute_cpu,offline_window,1.969324
tcml_compute_cpu,offline_window,2.001725
tcml_compute_cpu,offline_window,1.953638
tcml_compute_cpu,offline_window,1.920191
tcml_compute_cpu,offline_window,1.88611
tcml_compute_cpu,offline_window,1.804949
tcml_compute_cpu,offline_window,1.852939
tcml_compute_cpu,offline_window,1.926539
tcml_compute_cpu,offline_window,1.892741
tcml_compute_cpu,offline_window,1.836849
tcml_compute_cpu,offline_window,1.785316
tcml_compute_cpu,offline_window,1.776013
tcml_compute_cpu,offline_window,1.767059
tcml_compute_cpu,offline_window,1.859712
tcml_compute_cpu,offline_window,1.901352
tcml_compute_cpu,offline_window,1.77944
tcml_compute_cpu,offline_window,1.763467
tcml_compute_cpu,offline_window,1.776722
tcml_compute_cpu,offline_window,1.953848
tcml_compute_cpu,offline_window,2.020751
tcml_compute_cpu,offline_window,1.982684
tcml_compute_cpu,offline_window,1.986324
tcml_compute_cpu,offline_window,1.971274
tcml_compute_cpu,offline_window,1.967958
tcml_compute_cpu,offline_window,1.986749
tcml_compute_cpu,offline_window,1.96567
tcml_compute_cpu,offline_window,1.943824
tcml_compute_cpu,offline_window,2.005355
tcml_compute_cpu,offline_window,1.944788
tcml_compute_cpu,offline_window,1.969083
tcml_compute_cpu,offline_window,1.990535
tcml_compute_cpu,offline_window,1.9922
tcml_compute_cpu,offline_window,1.978231
tcml_compute_cpu,offline_window,1.960934
tcml_compute_cpu,offline_window,1.866589
tcml_compute_cpu,offline_window,1.776739
tcml_compute_cpu,offline_window,1.765439
tcml_compute_cpu,offline_window,1.763978
tcml_compute_cpu,offline_window,1.772496
tcml_compute_cpu,offline_window,1.766224
tcml_compute_cpu,offline_window,1.834218
tcml_compute_cpu,offline_window,1.80604
tcml_compute_cpu,offline_window,1.768345
tcml_compute_cpu,offline_window,1.766139
tcml_compute_cpu,offline_window,1.776979
tcml_compute_cpu,offline_window,1.832539
tcml_compute_cpu,offline_window,1.768393
tcml_compute_cpu,offline_window,1.772131
tcml_compute_cpu,offline_window,1.769368
tcml_compute_cpu,offline_window,1.910153
tcml_compute_cpu,offline_window,1.791959
tcml_compute_cpu,offline_window,1.875458
tcml_compute_cpu,offline_window,1.822554
tcml_compute_cpu,offline_window,1.790561
tcml_compute_cpu,offline_window,1.769873
tcml_compute_cpu,offline_window,1.780057
tcml_compute_cpu,offline_window,1.811235
tcml_compute_cpu,offline_window,1.76722
tcml_compute_cpu,offline_window,1.776235
tcml_compute_cpu,offline_window,1.765087
tcml_compute_cpu,offline_window,1.773435
tcml_compute_cpu,offline_window,1.763511
tcml_compute_cpu,offline_window,1.84145
tcml_compute_cpu,offline_window,1.787356
tcml_compute_cpu,offline_window,1.781769
tcml_compute_cpu,offline_window,1.764721
tcml_compute_cpu,offline_window,1.765555
tcml_compute_cpu,offline_window,1.863262
tcml_compute_cpu,offline_window,1.871614
tcml_compute_cpu,offline_window,1.839603
tcml_compute_cpu,offline_window,1.766389
tcml_compute_cpu,offline_window,1.842753
tcml_compute_cpu,offline_window,1.823589
tcml_compute_cpu,offline_window,1.89414
tcml_compute_cpu,offline_window,1.839918
tcml_compute_cpu,offline_window,1.769715
tcml_compute_cpu,offline_window,1.764119
tcml_compute_cpu,offline_window,1.76815
tcml_compute_cpu,offline_window,1.773726
tcml_compute_cpu,offline_window,1.890598
tcml_compute_cpu,offline_window,1.85248
tcml_compute_cpu,offline_window,1.958638
tcml_compute_cpu,offline_window,1.991712
tcml_compute_cpu,offline_window,1.903266
tcml_compute_cpu,offline_window,1.914273
tcml_compute_cpu,offline_window,1.807734
tcml_compute_cpu,offline_window,1.923061
tcml_compute_cpu,offline_window,1.943776
tcml_compute_cpu,offline_window,2.016564
tcml_compute_cpu,offline_window,2.000867
tcml_compute_cpu,offline_window,1.995219
tcml_compute_cpu,offline_window,1.837588
tcml_compute_cpu,offline_window,1.780662
tcml_compute_cpu,offline_window,1.762266
tcml_compute_cpu,offline_window,1.841061
tcml_compute_cpu,offline_window,1.906992
tcml_compute_cpu,offline_window,1.763029
tcml_compute_cpu,offline_window,1.774703
tcml_compute_cpu,offline_window,1.774413
tcml_compute_cpu,offline_window,1.775123
tcml_compute_cpu,offline_window,1.76765
tcml_compute_cpu,offline_window,1.861548
tcml_compute_cpu,offline_window,1.842581
tcml_compute_cpu,offline_window,1.826988
tcml_compute_cpu,offline_window,1.888848
tcml_compute_cpu,offline_window,1.955518
tcml_compute_cpu,offline_window,2.02611
tcml_compute_cpu,offline_window,1.970107
tcml_compute_cpu,offline_window,1.933891
tcml_compute_cpu,offline_window,1.771152
tcml_compute_cpu,offline_window,1.907206
tcml_compute_cpu,offline_window,1.823102
tcml_compute_cpu,offline_window,1.895553
tcml_compute_cpu,offline_window,1.759542
tcml_compute_cpu,offline_window,1.905932
tcml_compute_cpu,offline_window,1.78772
tcml_compute_cpu,offline_window,1.870556
tcml_compute_cpu,offline_window,1.836948
tcml_compute_cpu,offline_window,1.842376
tcml_compute_cpu,offline_window,1.857973
tcml_compute_cpu,offline_window,1.830655
tcml_compute_cpu,offline_window,1.959576
tcml_compute_cpu,offline_window,1.893488
tcml_compute_cpu,offline_window,1.871656
tcml_compute_cpu,offline_window,1.768888
tcml_compute_cpu,offline_window,1.772834
tcml_compute_cpu,offline_window,1.767264
tcml_compute_cpu,offline_window,1.844215
tcml_compute_cpu,offline_window,1.847849
tcml_compute_cpu,offline_window,1.864943
tcml_compute_cpu,offline_window,1.815752
tcml_compute_cpu,offline_window,1.775139
tcml_compute_cpu,offline_window,1.764576
tcml_compute_cpu,offline_window,1.868872
tcml_compute_cpu,offline_window,1.856324
tcml_compute_cpu,offline_window,1.766005
tcml_compute_cpu,offline_window,1.779945
tcml_compute_cpu,offline_window,1.775786
tcml_compute_cpu,offline_window,1.812757
tcml_compute_cpu,offline_window,1.802578
tcml_compute_cpu,offline_window,1.780765
tcml_compute_cpu,offline_window,1.769155
tcml_compute_cpu,offline_window,1.77637
tcml_compute_cpu,offline_window,1.76951
tcml_compute_cpu,offline_window,1.822824
tcml_compute_cpu,offline_window,1.767603
tcml_compute_cpu,offline_window,1.765445
tcml_compute_cpu,offline_window,1.770867
tcml_compute_cpu,offline_window,1.761201
tcml_compute_cpu,offline_window,1.775334
tcml_compute_cpu,offline_window,1.835793
tcml_compute_cpu,offline_window,1.806327
tcml_compute_cpu,offline_window,1.770601
tcml_compute_cpu,offline_window,2.00863
tcml_compute_cpu,offline_window,1.790388
tcml_compute_cpu,offline_window,1.816251
tcml_compute_cpu,offline_window,1.909897
tcml_compute_cpu,offline_window,1.761529
tcml_compute_cpu,offline_window,1.908545
tcml_compute_cpu,offline_window,1.773749
tcml_compute_cpu,offline_window,1.880215
tcml_compute_cpu,offline_window,1.847226
tcml_compute_cpu,offline_window,1.770372
tcml_compute_cpu,offline_window,1.76313
tcml_compute_cpu,offline_window,1.777639
tcml_compute_cpu,offline_window,1.767915
tcml_compute_cpu,offline_window,1.791934
tcml_compute_cpu,offline_window,1.865839
tcml_compute_cpu,offline_window,1.770027
tcml_compute_cpu,offline_window,1.797257
tcml_compute_cpu,offline_window,1.988017
tcml_compute_cpu,offline_window,1.984009
tcml_compute_cpu,offline_window,1.89098
tcml_compute_cpu,offline_window,1.874925
tcml_compute_cpu,offline_window,1.820957
tcml_compute_cpu,offline_window,1.931283
tcml_compute_cpu,offline_window,1.969661
tcml_compute_cpu,offline_window,1.992903
tcml_compute_cpu,offline_window,1.966119
tcml_compute_cpu,offline_window,1.951178
tcml_compute_cpu,offline_window,1.839997
tcml_compute_cpu,offline_window,1.813585
tcml_compute_cpu,offline_window,1.931731
tcml_compute_cpu,offline_window,1.877722
tcml_compute_cpu,offline_window,1.909066
tcml_compute_cpu,offline_window,1.765906
tcml_compute_cpu,offline_window,1.904855
tcml_compute_cpu,offline_window,1.769359
tcml_compute_cpu,offline_window,1.901723
tcml_compute_cpu,offline_window,1.770343
tcml_compute_cpu,offline_window,1.782933
tcml_compute_cpu,offline_window,1.756141
tcml_compute_cpu,offline_window,1.799873
tcml_compute_cpu,offline_window,1.790088
tcml_compute_cpu,offline_window,1.793962
tcml_compute_cpu,offline_window,1.763876
tcml_compute_cpu,offline_window,1.760066
tcml_compute_cpu,offline_window,1.774843
tcml_compute_cpu,offline_window,1.770872
tcml_compute_cpu,offline_window,1.869942
tcml_compute_cpu,offline_window,1.812414
tcml_compute_cpu,offline_window,1.775349
tcml_compute_cpu,offline_window,1.775125
tcml_compute_cpu,offline_window,1.778481
tcml_compute_cpu,offline_window,1.770438
tcml_compute_cpu,offline_window,1.82001
tcml_compute_cpu,offline_window,1.897562
tcml_compute_cpu,offline_window,1.773575
tcml_compute_cpu,offline_window,1.777631
tcml_compute_cpu,offline_window,1.770863
tcml_compute_cpu,offline_window,1.89749
tcml_compute_cpu,offline_window,1.822719
tcml_compute_cpu,offline_window,1.845576
tcml_compute_cpu,offline_window,1.876772
tcml_compute_cpu,offline_window,1.78175
tcml_compute_cpu,offline_window,1.773236
tcml_compute_cpu,offline_window,1.814052
tcml_compute_cpu,offline_window,1.786252
tcml_compute_cpu,offline_window,1.772785
tcml_compute_cpu,offline_window,1.785575
tcml_compute_cpu,offline_window,1.771849
tcml_compute_cpu,offline_window,1.798366
tcml_compute_cpu,offline_window,1.8277
tcml_compute_cpu,offline_window,1.807801
tcml_compute_cpu,offline_window,1.778711
tcml_compute_cpu,offline_window,1.761435
tcml_compute_cpu,offline_window,1.788592
tcml_compute_cpu,offline_window,1.830779
tcml_compute_cpu,offline_window,1.889252
tcml_compute_cpu,offline_window,1.767415
tcml_compute_cpu,offline_window,1.855121
tcml_compute_cpu,offline_window,1.814522
tcml_compute_cpu,offline_window,1.775791
tcml_compute_cpu,offline_window,1.809103
tcml_compute_cpu,offline_window,1.779358
tcml_compute_cpu,offline_window,1.771576
tcml_compute_cpu,offline_window,1.76962
tcml_compute_cpu,offline_window,1.776661
tcml_compute_cpu,offline_window,1.771505
tcml_compute_cpu,offline_window,1.926937
tcml_compute_cpu,offline_window,1.801373
tcml_compute_cpu,offline_window,1.784136
tcml_compute_cpu,offline_window,1.772858
tcml_compute_cpu,offline_window,1.779423
tcml_compute_cpu,offline_window,1.854573
tcml_compute_cpu,offline_window,1.775957
tcml_compute_cpu,offline_window,1.770038
tcml_compute_cpu,offline_window,1.769352
tcml_compute_cpu,offline_window,1.779961
tcml_compute_cpu,offline_window,1.770667
tcml_compute_cpu,offline_window,1.947029
tcml_compute_cpu,offline_window,1.815486
tcml_compute_cpu,offline_window,1.77966
tcml_compute_cpu,offline_window,1.771851
tcml_compute_cpu,offline_window,1.779102
tcml_compute_cpu,offline_window,1.811409
tcml_compute_cpu,offline_window,1.770903
tcml_compute_cpu,offline_window,1.781878
tcml_compute_cpu,offline_window,1.767366
tcml_compute_cpu,offline_window,1.779508
tcml_compute_cpu,offline_window,1.771319
tcml_compute_cpu,offline_window,1.812474
tcml_compute_cpu,offline_window,1.774733
tcml_compute_cpu,offline_window,1.78216
tcml_compute_cpu,offline_window,1.77739
tcml_compute_cpu,offline_window,1.788666
tcml_compute_cpu,offline_window,1.854863
tcml_compute_cpu,offline_window,1.806566
tcml_compute_cpu,offline_window,1.903376
tcml_compute_cpu,offline_window,1.766791
tcml_compute_cpu,offline_window,1.778008
tcml_compute_cpu,offline_window,1.771725
tcml_compute_cpu,offline_window,1.809426
tcml_compute_cpu,offline_window,1.774536
tcml_compute_cpu,offline_window,1.777882
tcml_compute_cpu,offline_window,1.766447
tcml_compute_cpu,offline_window,1.769693
tcml_compute_cpu,offline_window,1.827409
tcml_compute_cpu,offline_window,1.842405
tcml_compute_cpu,offline_window,1.771765
tcml_compute_cpu,offline_window,1.808389
tcml_compute_cpu,offline_window,1.781031
tcml_compute_cpu,offline_window,1.773953
tcml_compute_cpu,offline_window,1.827557
tcml_compute_cpu,offline_window,1.868166
tcml_compute_cpu,offline_window,1.781304
tcml_compute_cpu,offline_window,1.766184
tcml_compute_cpu,offline_window,1.770654
tcml_compute_cpu,offline_window,1.778516
tcml_compute_cpu,offline_window,1.768041
tcml_compute_cpu,offline_window,1.778322
tcml_compute_cpu,offline_window,1.774038
tcml_compute_cpu,offline_window,1.768244
tcml_compute_cpu,offline_window,1.763192
tcml_compute_cpu,offline_window,1.797088
tcml_compute_cpu,offline_window,1.882335
tcml_compute_cpu,offline_window,1.76812
tcml_compute_cpu,offline_window,1.777045
tcml_compute_cpu,offline_window,1.769947
tcml_compute_cpu,offline_window,1.78433
tcml_compute_cpu,offline_window,1.771323
tcml_compute_cpu,offline_window,1.780957
tcml_compute_cpu,offline_window,1.768123
tcml_compute_cpu,offline_window,1.779744
tcml_compute_cpu,offline_window,1.762906
tcml_compute_cpu,offline_window,1.766632
tcml_compute_cpu,offline_window,1.890228
tcml_compute_cpu,offline_window,1.787461
tcml_compute_cpu,offline_window,1.778657
tcml_compute_cpu,offline_window,1.77354
tcml_compute_cpu,offline_window,1.774458
tcml_compute_cpu,offline_window,1.770678
tcml_compute_cpu,offline_window,1.775845
tcml_compute_cpu,offline_window,1.773916
tcml_compute_cpu,offline_window,1.770281
tcml_compute_cpu,offline_window,1.77476
tcml_compute_cpu,offline_window,1.770303
tcml_compute_cpu,offline_window,1.9206
tcml_compute_cpu,offline_window,1.769983
tcml_compute_cpu,offline_window,1.780562
tcml_compute_cpu,offline_window,1.764285
tcml_compute_cpu,offline_window,1.785271
tcml_compute_cpu,offline_window,1.77134
tcml_compute_cpu,offline_window,1.776621
tcml_compute_cpu,offline_window,1.921921
tcml_compute_cpu,offline_window,1.767886
tcml_compute_cpu,offline_window,1.78873
tcml_compute_cpu,offline_window,1.764988
tcml_compute_cpu,offline_window,1.876551
tcml_compute_cpu,offline_window,1.831796
tcml_compute_cpu,offline_window,1.779122
tcml_compute_cpu,offline_window,1.770016
tcml_compute_cpu,offline_window,1.776093
tcml_compute_cpu,offline_window,1.771324
tcml_compute_cpu,offline_window,1.889537
tcml_compute_cpu,offline_window,1.775248
tcml_compute_cpu,offline_window,1.770388
tcml_compute_cpu,offline_window,1.778435
tcml_compute_cpu,offline_window,1.767638
tcml_compute_cpu,offline_window,1.839723
tcml_compute_cpu,offline_window,1.867785
tcml_compute_cpu,offline_window,1.781741
tcml_compute_cpu,offline_window,1.7771
tcml_compute_cpu,offline_window,1.778926
tcml_compute_cpu,offline_window,1.777108
tcml_compute_cpu,offline_window,1.844808
tcml_compute_cpu,offline_window,1.866809
tcml_compute_cpu,offline_window,1.762439
tcml_compute_cpu,offline_window,1.775619
tcml_compute_cpu,offline_window,1.768923
tcml_compute_cpu,offline_window,1.865148
tcml_compute_cpu,offline_window,2.057014
tcml_compute_cpu,offline_window,2.048312
tcml_compute_cpu,offline_window,2.029478
tcml_compute_cpu,offline_window,2.010826
tcml_compute_cpu,offline_window,1.849373
tcml_compute_cpu,offline_window,1.861415
tcml_compute_cpu,offline_window,1.842463
tcml_compute_cpu,offline_window,1.821897
tcml_compute_cpu,offline_window,1.864381
tcml_compute_cpu,offline_window,1.766794
tcml_compute_cpu,offline_window,2.007427
tcml_compute_cpu,offline_window,1.868685
tcml_compute_cpu,offline_window,1.948652
tcml_compute_cpu,offline_window,1.764201
tcml_compute_cpu,offline_window,1.966316
tcml_compute_cpu,offline_window,1.781886
tcml_compute_cpu,offline_window,1.917499
tcml_compute_cpu,offline_window,1.789384
tcml_compute_cpu,offline_window,1.869576
tcml_compute_cpu,offline_window,1.850314
tcml_compute_cpu,offline_window,1.846956
tcml_compute_cpu,offline_window,1.974222
tcml_compute_cpu,offline_window,2.100716
tcml_compute_cpu,offline_window,1.993728
tcml_compute_cpu,offline_window,1.984322
tcml_compute_cpu,offline_window,2.036579
tcml_compute_cpu,offline_window,2.088658
tcml_compute_cpu,offline_window,2.028453
tcml_compute_cpu,offline_window,2.062371
tcml_compute_cpu,offline_window,2.000561
tcml_compute_cpu,offline_window,1.858975
tcml_compute_cpu,offline_window,1.898332
tcml_compute_cpu,offline_window,1.850944
tcml_compute_cpu,offline_window,1.855086
tcml_compute_cpu,offline_window,1.810711
tcml_compute_cpu,offline_window,1.90984
tcml_compute_cpu,offline_window,1.765336
tcml_compute_cpu,offline_window,1.932588
tcml_compute_cpu,offline_window,1.769932
tcml_compute_cpu,offline_window,1.907711
tcml_compute_cpu,offline_window,1.768812
tcml_compute_cpu,offline_window,1.893183
tcml_compute_cpu,offline_window,1.983526
tcml_compute_cpu,offline_window,2.043346
tcml_compute_cpu,offline_window,1.987582
tcml_compute_cpu,offline_window,2.043799
tcml_compute_cpu,offline_window,2.009564
tcml_compute_cpu,offline_window,2.058096
tcml_compute_cpu,offline_window,1.80271
tcml_compute_cpu,offline_window,1.88146
tcml_compute_cpu,offline_window,1.81501
tcml_compute_cpu,offline_window,1.850761
tcml_compute_cpu,offline_window,1.843258
tcml_compute_cpu,offline_window,1.869287
tcml_compute_cpu,offline_window,1.880361
tcml_compute_cpu,offline_window,1.789198
tcml_compute_cpu,offline_window,1.882601
tcml_compute_cpu,offline_window,1.76509
tcml_compute_cpu,offline_window,1.945357
tcml_compute_cpu,offline_window,1.763851
tcml_compute_cpu,offline_window,1.907773
tcml_compute_cpu,offline_window,1.780791
tcml_compute_cpu,offline_window,1.871155
tcml_compute_cpu,offline_window,1.820455
tcml_compute_cpu,offline_window,1.876621
tcml_compute_cpu,offline_window,1.823672
tcml_compute_cpu,offline_window,1.823181
tcml_compute_cpu,offline_window,1.94591
tcml_compute_cpu,offline_window,1.83922
tcml_compute_cpu,offline_window,1.917289
tcml_compute_cpu,offline_window,1.770954
tcml_compute_cpu,offline_window,1.906126
tcml_compute_cpu,offline_window,1.768055
tcml_compute_cpu,offline_window,1.910058
tcml_compute_cpu,offline_window,1.853286
tcml_compute_cpu,offline_window,1.935142
tcml_compute_cpu,offline_window,1.848405
tcml_compute_cpu,offline_window,1.882406
tcml_compute_cpu,offline_window,1.82466
tcml_compute_cpu,offline_window,1.843842
tcml_compute_cpu,offline_window,1.861971
tcml_compute_cpu,offline_window,1.849485
tcml_compute_cpu,offline_window,1.877547
tcml_compute_cpu,offline_window,1.765743
tcml_compute_cpu,offline_window,1.913909
tcml_compute_cpu,offline_window,1.82205
tcml_compute_cpu,offline_window,1.934192
tcml_compute_cpu,offline_window,1.764243
tcml_compute_cpu,offline_window,1.90235
tcml_compute_cpu,offline_window,1.763243
tcml_compute_cpu,offline_window,1.874348
tcml_compute_cpu,offline_window,1.85154
tcml_compute_cpu,offline_window,1.85029
tcml_compute_cpu,offline_window,1.829957
tcml_compute_cpu,offline_window,1.82479
tcml_compute_cpu,offline_window,1.867531
tcml_compute_cpu,offline_window,1.855009
tcml_compute_cpu,offline_window,1.951706
tcml_compute_cpu,offline_window,1.7634
tcml_compute_cpu,offline_window,1.973729
tcml_compute_cpu,offline_window,1.765699
tcml_compute_cpu,offline_window,1.909636
tcml_compute_cpu,offline_window,1.959996
tcml_compute_cpu,offline_window,2.000834
tcml_compute_cpu,offline_window,1.795966
tcml_compute_cpu,offline_window,1.966513
tcml_compute_cpu,offline_window,1.784997
tcml_compute_cpu,offline_window,1.904313
tcml_compute_cpu,offline_window,1.827544
tcml_compute_cpu,offline_window,1.926485
tcml_compute_cpu,offline_window,1.965969
tcml_compute_cpu,offline_window,1.952889
tcml_compute_cpu,offline_window,1.931307
tcml_compute_cpu,offline_window,1.919487
tcml_compute_cpu,offline_window,1.99055
tcml_compute_cpu,offline_window,1.973822
tcml_compute_cpu,offline_window,1.912709
tcml_compute_cpu,offline_window,1.88425
tcml_compute_cpu,offline_window,1.917119
tcml_compute_cpu,offline_window,1.768633
tcml_compute_cpu,offline_window,1.915224
tcml_compute_cpu,offline_window,1.773252
tcml_compute_cpu,offline_window,1.901398
tcml_compute_cpu,offline_window,1.763295
tcml_compute_cpu,offline_window,1.902939
tcml_compute_cpu,offline_window,1.776087
tcml_compute_cpu,offline_window,1.881436
tcml_compute_cpu,offline_window,1.8458
tcml_compute_cpu,offline_window,1.911607
tcml_compute_cpu,offline_window,1.980819
tcml_compute_cpu,offline_window,1.992386
tcml_compute_cpu,offline_window,1.976966
tcml_compute_cpu,offline_window,1.92942
tcml_compute_cpu,offline_window,1.864241
tcml_compute_cpu,offline_window,1.806436
tcml_compute_cpu,offline_window,1.876089
tcml_compute_cpu,offline_window,1.765315
tcml_compute_cpu,offline_window,1.921302
tcml_compute_cpu,offline_window,1.764464
tcml_compute_cpu,offline_window,1.906236
tcml_compute_cpu,offline_window,1.767307
tcml_compute_cpu,offline_window,1.888303
tcml_compute_cpu,offline_window,1.804546
tcml_compute_cpu,offline_window,1.86392
tcml_compute_cpu,offline_window,1.888466
tcml_compute_cpu,offline_window,1.832192
tcml_compute_cpu,offline_window,1.852215
tcml_compute_cpu,offline_window,1.80581
tcml_compute_cpu,offline_window,1.877731
tcml_compute_cpu,offline_window,1.768815
tcml_compute_cpu,offline_window,1.951651
tcml_compute_cpu,offline_window,1.797056
tcml_compute_cpu,offline_window,1.780122
tcml_compute_cpu,offline_window,1.770043
tcml_compute_cpu,offline_window,1.890139
tcml_compute_cpu,offline_window,1.854327
tcml_compute_cpu,offline_window,1.786477
tcml_compute_cpu,offline_window,1.829267
tcml_compute_cpu,offline_window,1.816177
tcml_compute_cpu,offline_window,1.858568
tcml_compute_cpu,offline_window,1.764927
tcml_compute_cpu,offline_window,1.905848
tcml_compute_cpu,offline_window,1.765768
tcml_compute_cpu,offline_window,1.823265
tcml_compute_cpu,offline_window,1.757588
tcml_compute_cpu,offline_window,1.784866
tcml_compute_cpu,offline_window,1.771387
tcml_compute_cpu,offline_window,1.826783
tcml_compute_cpu,offline_window,1.766074
tcml_compute_cpu,offline_window,1.78419
tcml_compute_cpu,offline_window,1.766417
tcml_compute_cpu,offline_window,1.766718
tcml_compute_cpu,offline_window,1.944107
tcml_compute_cpu,offline_window,1.761992
tcml_compute_cpu,offline_window,1.774491
tcml_compute_cpu,offline_window,1.755929
tcml_compute_cpu,offline_window,1.770086
tcml_compute_cpu,offline_window,1.758326
tcml_compute_cpu,offline_window,1.832928
tcml_compute_cpu,offline_window,1.764334
tcml_compute_cpu,offline_window,1.762083
tcml_compute_cpu,offline_window,1.778643
tcml_compute_cpu,offline_window,1.765626
tcml_compute_cpu,offline_window,1.864949
tcml_compute_cpu,offline_window,1.842163
tcml_compute_cpu,offline_window,1.764067
tcml_compute_cpu,offline_window,1.762525
tcml_compute_cpu,offline_window,1.824827
tcml_compute_cpu,offline_window,1.86748
tcml_compute_cpu,offline_window,1.868134
tcml_compute_cpu,offline_window,1.974046
tcml_compute_cpu,offline_window,1.795352
tcml_compute_cpu,offline_window,1.770563
tcml_compute_cpu,offline_window,1.764824
tcml_compute_cpu,offline_window,1.856216
tcml_compute_cpu,offline_window,1.839384
tcml_compute_cpu,offline_window,1.869726
tcml_compute_cpu,offline_window,1.769406
tcml_compute_cpu,offline_window,1.774429
tcml_compute_cpu,offline_window,1.765758
tcml_compute_cpu,offline_window,1.872023
tcml_compute_cpu,offline_window,1.964937
tcml_compute_cpu,offline_window,1.957248
tcml_compute_cpu,offline_window,1.914562
tcml_compute_cpu,offline_window,1.769888
tcml_compute_cpu,offline_window,1.952348
tcml_compute_cpu,offline_window,1.917276
tcml_compute_cpu,offline_window,1.972549
tcml_compute_cpu,offline_window,1.992213
tcml_compute_cpu,offline_window,1.997133
tcml_compute_cpu,offline_window,1.935004
tcml_compute_cpu,offline_window,1.923982
tcml_compute_cpu,offline_window,1.787193
tcml_compute_cpu,offline_window,1.917735
tcml_compute_cpu,offline_window,1.820799
tcml_compute_cpu,offline_window,1.950365
tcml_compute_cpu,offline_window,1.847971
tcml_compute_cpu,offline_window,1.860512
tcml_compute_cpu,offline_window,1.843903
tcml_compute_cpu,offline_window,1.775799
tcml_compute_cpu,offline_window,1.769268
tcml_compute_cpu,offline_window,1.810937
tcml_compute_cpu,offline_window,1.886598
tcml_compute_cpu,offline_window,1.771122
tcml_compute_cpu,offline_window,1.776227
tcml_compute_cpu,offline_window,1.763066
tcml_compute_cpu,offline_window,1.778359
tcml_compute_cpu,offline_window,1.80474
tcml_compute_cpu,offline_window,1.918397
tcml_compute_cpu,offline_window,1.976302
tcml_compute_cpu,offline_window,1.971204
tcml_compute_cpu,offline_window,1.920137
tcml_compute_cpu,offline_window,1.836663
tcml_compute_cpu,offline_window,1.859137
tcml_compute_cpu,offline_window,1.796816
tcml_compute_cpu,offline_window,1.87304
tcml_compute_cpu,offline_window,1.767086
tcml_compute_cpu,offline_window,1.770895
tcml_compute_cpu,offline_window,1.80029
tcml_compute_cpu,offline_window,1.909415
tcml_compute_cpu,offline_window,1.780948
tcml_compute_cpu,offline_window,1.774203
tcml_compute_cpu,offline_window,1.767031
tcml_compute_cpu,offline_window,1.824132
tcml_compute_cpu,offline_window,1.912047
tcml_compute_cpu,offline_window,1.83486
tcml_compute_cpu,offline_window,1.829822
tcml_compute_cpu,offline_window,1.768211
tcml_compute_cpu,offline_window,1.776274
tcml_compute_cpu,offline_window,1.798564
tcml_compute_cpu,offline_window,1.899075
tcml_compute_cpu,offline_window,1.78684
tcml_compute_cpu,offline_window,1.773427
tcml_compute_cpu,offline_window,1.762065
tcml_compute_cpu,offline_window,1.805299
tcml_compute_cpu,offline_window,1.850526
tcml_compute_cpu,offline_window,1.772666
tcml_compute_cpu,offline_window,1.767369
tcml_compute_cpu,offline_window,1.76069
tcml_compute_cpu,offline_window,1.786869
tcml_compute_cpu,offline_window,1.791933
tcml_compute_cpu,offline_window,1.825672
tcml_compute_cpu,offline_window,1.780171
tcml_compute_cpu,offline_window,1.773825
tcml_compute_cpu,offline_window,1.766356
tcml_compute_cpu,offline_window,1.773276
tcml_compute_cpu,offline_window,1.895997
tcml_compute_cpu,offline_window,1.797963
tcml_compute_cpu,offline_window,1.82004
tcml_compute_cpu,offline_window,1.761912
tcml_compute_cpu,offline_window,1.722484
tcml_compute_cpu,offline_window,1.739044
tcml_compute_cpu,offline_window,1.917698
tcml_compute_cpu,offline_window,1.756302
tcml_compute_cpu,offline_window,1.574174
tcml_compute_cpu,offline_window,1.705416
tcml_compute_cpu,offline_window,1.580831
tcml_compute_cpu,offline_window,1.89104
tcml_compute_cpu,offline_window,1.801688
tcml_compute_cpu,offline_window,1.776023
tcml_compute_cpu,offline_window,1.595834
tcml_compute_cpu,offline_window,1.541317
tcml_compute_cpu,offline_window,1.785776
tcml_compute_cpu,offline_window,1.767157
tcml_compute_cpu,offline_window,1.88469
tcml_compute_cpu,offline_window,1.701799
tcml_compute_cpu,offline_window,1.659298
tcml_compute_cpu,offline_window,1.608104
tcml_compute_cpu,offline_window,1.544043
tcml_compute_cpu,offline_window,1.822007
tcml_compute_cpu,offline_window,1.789353
tcml_compute_cpu,offline_window,1.859913
tcml_compute_cpu,offline_window,1.732008
tcml_compute_cpu,offline_window,1.666792
tcml_compute_cpu,offline_window,1.603725
tcml_compute_cpu,offline_window,1.821252
tcml_compute_cpu,offline_window,1.86526
tcml_compute_cpu,offline_window,1.760591
tcml_compute_cpu,offline_window,1.765539
tcml_compute_cpu,offline_window,1.61575
tcml_compute_cpu,offline_window,1.795377
tcml_compute_cpu,offline_window,1.973184
tcml_compute_cpu,offline_window,1.897547
tcml_compute_cpu,offline_window,1.660732
tcml_compute_cpu,offline_window,1.597023
tcml_compute_cpu,offline_window,1.688873
tcml_compute_cpu,offline_window,1.735643
tcml_compute_cpu,offline_window,1.927186
tcml_compute_cpu,offline_window,1.900368
tcml_compute_cpu,offline_window,1.9348
tcml_compute_cpu,offline_window,1.762639
tcml_compute_cpu,offline_window,1.885007
tcml_compute_cpu,offline_window,1.980213
tcml_compute_cpu,offline_window,1.976091
tcml_compute_cpu,offline_window,1.976962
tcml_compute_cpu,offline_window,1.942153
tcml_compute_cpu,offline_window,1.942565
tcml_compute_cpu,offline_window,1.909514
tcml_compute_cpu,offline_window,1.805938
tcml_compute_cpu,offline_window,1.748068
tcml_compute_cpu,offline_window,1.770806
tcml_compute_cpu,offline_window,1.70514
tcml_compute_cpu,offline_window,1.789124
tcml_compute_cpu,offline_window,1.774477
tcml_compute_cpu,offline_window,1.83922
tcml_compute_cpu,offline_window,1.725676
tcml_compute_cpu,offline_window,1.798753
tcml_compute_cpu,offline_window,1.819449
tcml_compute_cpu,offline_window,1.851284
tcml_compute_cpu,offline_window,1.963985
tcml_compute_cpu,offline_window,1.873908
tcml_compute_cpu,offline_window,1.744676
tcml_compute_cpu,offline_window,1.543912
tcml_compute_cpu,offline_window,1.849732
tcml_compute_cpu,offline_window,1.764966
tcml_compute_cpu,offline_window,1.829146
tcml_compute_cpu,offline_window,1.683465
tcml_compute_cpu,offline_window,1.606781
tcml_compute_cpu,offline_window,1.709853
tcml_compute_cpu,offline_window,1.610056
tcml_compute_cpu,offline_window,1.836683
tcml_compute_cpu,offline_window,1.706526
tcml_compute_cpu,offline_window,1.787522
tcml_compute_cpu,offline_window,1.58594
tcml_compute_cpu,offline_window,1.602294
tcml_compute_cpu,offline_window,1.768685
tcml_compute_cpu,offline_window,1.765608
tcml_compute_cpu,offline_window,1.807419
tcml_compute_cpu,offline_window,1.769406
tcml_compute_cpu,offline_window,1.779223
tcml_compute_cpu,offline_window,1.56462
tcml_compute_cpu,offline_window,1.654619
tcml_compute_cpu,offline_window,1.765918
tcml_compute_cpu,offline_window,1.76148
tcml_compute_cpu,offline_window,1.772169
tcml_compute_cpu,offline_window,1.626735
tcml_compute_cpu,offline_window,1.683785
tcml_compute_cpu,offline_window,1.763209
tcml_compute_cpu,offline_window,1.901344
tcml_compute_cpu,offline_window,1.764649
tcml_compute_cpu,offline_window,1.547158
tcml_compute_cpu,offline_window,1.73034
tcml_compute_cpu,offline_window,1.609747
tcml_compute_cpu,offline_window,1.840569
tcml_compute_cpu,offline_window,1.872109
tcml_compute_cpu,offline_window,1.77728
tcml_compute_cpu,offline_window,1.610872
tcml_compute_cpu,offline_window,1.636
tcml_compute_cpu,offline_window,1.661139
tcml_compute_cpu,offline_window,1.749149
tcml_compute_cpu,offline_window,1.775622
tcml_compute_cpu,offline_window,1.74841
tcml_compute_cpu,offline_window,1.639091
tcml_compute_cpu,offline_window,1.763975
tcml_compute_cpu,offline_window,1.580849
tcml_compute_cpu,offline_window,1.791712
tcml_compute_cpu,offline_window,1.693056
tcml_compute_cpu,offline_window,1.785806
tcml_compute_cpu,offline_window,1.768733
tcml_compute_cpu,offline_window,1.79308
tcml_compute_cpu,offline_window,1.666321
tcml_compute_cpu,offline_window,1.839673
tcml_compute_cpu,offline_window,1.856876
tcml_compute_cpu,offline_window,1.764706
tcml_compute_cpu,offline_window,1.730212
tcml_compute_cpu,offline_window,1.550392
tcml_compute_cpu,offline_window,1.689092
tcml_compute_cpu,offline_window,1.767147
tcml_compute_cpu,offline_window,1.720589
tcml_compute_cpu,offline_window,1.659757
tcml_compute_cpu,offline_window,1.537743
tcml_compute_cpu,offline_window,1.728887
tcml_compute_cpu,offline_window,1.631246
tcml_compute_cpu,offline_window,1.860838
tcml_compute_cpu,offline_window,1.801087
tcml_compute_cpu,offline_window,1.761283
tcml_compute_cpu,offline_window,1.89125
tcml_compute_cpu,offline_window,1.798816
tcml_compute_cpu,offline_window,1.806473
tcml_compute_cpu,offline_window,1.731712
tcml_compute_cpu,offline_window,1.730408
tcml_compute_cpu,offline_window,1.754959
tcml_compute_cpu,offline_window,1.780657
tcml_compute_cpu,offline_window,1.819458
tcml_compute_cpu,offline_window,1.953766
tcml_compute_cpu,offline_window,1.904315
tcml_compute_cpu,offline_window,1.779837
tcml_compute_cpu,offline_window,1.658324
tcml_compute_cpu,offline_window,1.546932
tcml_compute_cpu,offline_window,1.727792
tcml_compute_cpu,offline_window,1.903529
tcml_compute_cpu,offline_window,1.89395
tcml_compute_cpu,offline_window,1.722241
tcml_compute_cpu,offline_window,1.630619
tcml_compute_cpu,offline_window,1.643259
tcml_compute_cpu,offline_window,1.760982
tcml_compute_cpu,offline_window,1.872554
tcml_compute_cpu,offline_window,1.698883
tcml_compute_cpu,offline_window,1.757603
tcml_compute_cpu,offline_window,1.542607
tcml_compute_cpu,offline_window,1.617639
tcml_compute_cpu,offline_window,1.764211
tcml_compute_cpu,offline_window,1.764368
tcml_compute_cpu,offline_window,1.962833
tcml_compute_cpu,offline_window,1.559514
tcml_compute_cpu,offline_window,1.73088
tcml_compute_cpu,offline_window,1.660247
tcml_compute_cpu,offline_window,1.848426
tcml_compute_cpu,offline_window,1.808567
tcml_compute_cpu,offline_window,1.780474
tcml_compute_cpu,offline_window,1.77414
tcml_compute_cpu,offline_window,1.565401
tcml_compute_cpu,offline_window,1.745753
tcml_compute_cpu,offline_window,1.771924
tcml_compute_cpu,offline_window,1.798655
tcml_compute_cpu,offline_window,1.766565
tcml_compute_cpu,offline_window,1.797656
tcml_compute_cpu,offline_window,1.636992
tcml_compute_cpu,offline_window,1.658629
tcml_compute_cpu,offline_window,1.910372
tcml_compute_cpu,offline_window,1.76189
tcml_compute_cpu,offline_window,1.778348
tcml_compute_cpu,offline_window,1.549083
tcml_compute_cpu,offline_window,1.641383
tcml_compute_cpu,offline_window,1.774693
tcml_compute_cpu,offline_window,1.778663
tcml_compute_cpu,offline_window,1.773157
tcml_compute_cpu,offline_window,1.595846
tcml_compute_cpu,offline_window,1.71569
tcml_compute_cpu,offline_window,1.588605
tcml_compute_cpu,offline_window,1.707963
tcml_compute_cpu,offline_window,1.769105
tcml_compute_cpu,offline_window,1.671045
tcml_compute_cpu,offline_window,1.778403
tcml_compute_cpu,offline_window,1.576237
tcml_compute_cpu,offline_window,1.689876
tcml_compute_cpu,offline_window,1.750363
tcml_compute_cpu,offline_window,1.779781
tcml_compute_cpu,offline_window,1.773954
tcml_compute_cpu,offline_window,1.570933
tcml_compute_cpu,offline_window,1.724417
tcml_compute_cpu,offline_window,1.546537
tcml_compute_cpu,offline_window,1.867181
tcml_compute_cpu,offline_window,1.847359
tcml_compute_cpu,offline_window,1.736228
tcml_compute_cpu,offline_window,1.633513
tcml_compute_cpu,offline_window,1.555315
tcml_compute_cpu,offline_window,1.733916
tcml_compute_cpu,offline_window,1.749827
tcml_compute_cpu,offline_window,1.777505
tcml_compute_cpu,offline_window,1.750583
tcml_compute_cpu,offline_window,1.625459
tcml_compute_cpu,offline_window,1.649284
tcml_compute_cpu,offline_window,1.725666
tcml_compute_cpu,offline_window,1.90536
tcml_compute_cpu,offline_window,1.688109
tcml_compute_cpu,offline_window,1.788616
tcml_compute_cpu,offline_window,1.545906
tcml_compute_cpu,offline_window,1.615034
tcml_compute_cpu,offline_window,1.769566
tcml_compute_cpu,offline_window,1.775265
tcml_compute_cpu,offline_window,1.78514
tcml_compute_cpu,offline_window,1.703389
tcml_compute_cpu,offline_window,1.718279
tcml_compute_cpu,offline_window,1.577213
tcml_compute_cpu,offline_window,1.622215
tcml_compute_cpu,offline_window,1.771248
tcml_compute_cpu,offline_window,1.674874
tcml_compute_cpu,offline_window,1.795765
tcml_compute_cpu,offline_window,1.680106
tcml_compute_cpu,offline_window,1.685307
tcml_compute_cpu,offline_window,1.653462
tcml_compute_cpu,offline_window,1.774112
tcml_compute_cpu,offline_window,1.769509
tcml_compute_cpu,offline_window,1.772417
tcml_compute_cpu,offline_window,1.733805
tcml_compute_cpu,offline_window,1.546841
tcml_compute_cpu,offline_window,1.867565
tcml_compute_cpu,offline_window,1.898981
tcml_compute_cpu,offline_window,1.778002
tcml_compute_cpu,offline_window,1.619655
tcml_compute_cpu,offline_window,1.548293
tcml_compute_cpu,offline_window,1.730431
tcml_compute_cpu,offline_window,1.784714
tcml_compute_cpu,offline_window,1.771912
tcml_compute_cpu,offline_window,1.694504
tcml_compute_cpu,offline_window,1.714221
tcml_compute_cpu,offline_window,1.756094
tcml_compute_cpu,offline_window,1.544539
tcml_compute_cpu,offline_window,1.797509
tcml_compute_cpu,offline_window,1.773907
tcml_compute_cpu,offline_window,1.752785
tcml_compute_cpu,offline_window,1.639826
tcml_compute_cpu,offline_window,1.653343
tcml_compute_cpu,offline_window,1.637701
tcml_compute_cpu,offline_window,1.720238
tcml_compute_cpu,offline_window,1.776104
tcml_compute_cpu,offline_window,1.703779
tcml_compute_cpu,offline_window,1.744294
tcml_compute_cpu,offline_window,1.559253
tcml_compute_cpu,offline_window,1.641102
tcml_compute_cpu,offline_window,1.773078
tcml_compute_cpu,offline_window,1.763964
tcml_compute_cpu,offline_window,1.778533
tcml_compute_cpu,offline_window,1.543191
tcml_compute_cpu,offline_window,1.68416
tcml_compute_cpu,offline_window,1.639067
tcml_compute_cpu,offline_window,1.816122
tcml_compute_cpu,offline_window,1.824646
tcml_compute_cpu,offline_window,1.752383
tcml_compute_cpu,offline_window,1.72601
tcml_compute_cpu,offline_window,1.582038
tcml_compute_cpu,offline_window,1.832102
tcml_compute_cpu,offline_window,1.816303
tcml_compute_cpu,offline_window,1.781002
tcml_compute_cpu,offline_window,1.687729
tcml_compute_cpu,offline_window,1.558076
tcml_compute_cpu,offline_window,1.787831
tcml_compute_cpu,offline_window,1.773783
tcml_compute_cpu,offline_window,1.782313
tcml_compute_cpu,offline_window,1.719258
tcml_compute_cpu,offline_window,1.805892
tcml_compute_cpu,offline_window,1.608085
tcml_compute_cpu,offline_window,1.565357
tcml_compute_cpu,offline_window,1.76772
tcml_compute_cpu,offline_window,1.773559
tcml_compute_cpu,offline_window,1.778841
tcml_compute_cpu,offline_window,1.653823
tcml_compute_cpu,offline_window,1.65598
tcml_compute_cpu,offline_window,1.627275
tcml_compute_cpu,offline_window,1.635415
tcml_compute_cpu,offline_window,1.800362
tcml_compute_cpu,offline_window,1.782727
tcml_compute_cpu,offline_window,1.780068
tcml_compute_cpu,offline_window,1.540904
tcml_compute_cpu,offline_window,1.706371
tcml_compute_cpu,offline_window,1.765816
tcml_compute_cpu,offline_window,1.825834
tcml_compute_cpu,offline_window,1.7714
tcml_compute_cpu,offline_window,1.584663
tcml_compute_cpu,offline_window,1.73071
tcml_compute_cpu,offline_window,1.643041
tcml_compute_cpu,offline_window,1.778637
tcml_compute_cpu,offline_window,1.770238
tcml_compute_cpu,offline_window,1.74817
tcml_compute_cpu,offline_window,1.702499
tcml_compute_cpu,offline_window,1.54413
tcml_compute_cpu,offline_window,1.720974
tcml_compute_cpu,offline_window,1.768565
tcml_compute_cpu,offline_window,1.775406
tcml_compute_cpu,offline_window,1.802906
tcml_compute_cpu,offline_window,1.583446
tcml_compute_cpu,offline_window,1.724818
tcml_compute_cpu,offline_window,1.54823
tcml_compute_cpu,offline_window,1.738478
tcml_compute_cpu,offline_window,1.772179
tcml_compute_cpu,offline_window,1.746366
tcml_compute_cpu,offline_window,1.621507
tcml_compute_cpu,offline_window,1.605602
tcml_compute_cpu,offline_window,1.77628
tcml_compute_cpu,offline_window,1.761813
tcml_compute_cpu,offline_window,1.787133
tcml_compute_cpu,offline_window,1.713561
tcml_compute_cpu,offline_window,1.64476
tcml_compute_cpu,offline_window,1.630396
tcml_compute_cpu,offline_window,1.731943
tcml_compute_cpu,offline_window,1.802008
tcml_compute_cpu,offline_window,1.7326
tcml_compute_cpu,offline_window,1.78557
tcml_compute_cpu,offline_window,1.54346
tcml_compute_cpu,offline_window,1.671241
tcml_compute_cpu,offline_window,1.771466
tcml_compute_cpu,offline_window,1.779257
tcml_compute_cpu,offline_window,1.737886
tcml_compute_cpu,offline_window,1.708889
tcml_compute_cpu,offline_window,1.746216
tcml_compute_cpu,offline_window,1.769692
tcml_compute_cpu,offline_window,1.777454
tcml_compute_cpu,offline_window,1.767453
tcml_compute_cpu,offline_window,1.757223
tcml_compute_cpu,offline_window,1.670109
tcml_compute_cpu,offline_window,1.554175
tcml_compute_cpu,offline_window,1.734438
tcml_compute_cpu,offline_window,1.703757
tcml_compute_cpu,offline_window,1.82197
tcml_compute_cpu,offline_window,1.771318
tcml_compute_cpu,offline_window,1.686027
tcml_compute_cpu,offline_window,1.671313
tcml_compute_cpu,offline_window,1.547267
tcml_compute_cpu,offline_window,1.79741
tcml_compute_cpu,offline_window,1.783989
tcml_compute_cpu,offline_window,1.773299
tcml_compute_cpu,offline_window,1.600221
tcml_compute_cpu,offline_window,1.62397
tcml_compute_cpu,offline_window,1.774791
tcml_compute_cpu,offline_window,1.769349
tcml_compute_cpu,offline_window,1.778417
tcml_compute_cpu,offline_window,1.751286
tcml_compute_cpu,offline_window,1.716153
tcml_compute_cpu,offline_window,1.580016
tcml_compute_cpu,offline_window,1.728271
tcml_compute_cpu,offline_window,1.76437
tcml_compute_cpu,offline_window,1.763406
tcml_compute_cpu,offline_window,1.773587
tcml_compute_cpu,offline_window,1.544331
tcml_compute_cpu,offline_window,1.667026
tcml_compute_cpu,offline_window,1.606241
tcml_compute_cpu,offline_window,1.732436
tcml_compute_cpu,offline_window,1.83927
tcml_compute_cpu,offline_window,1.916547
tcml_compute_cpu,offline_window,1.915769
tcml_compute_cpu,offline_window,1.772832
tcml_compute_cuda,model_forward,1.600912
tcml_compute_cuda,model_forward,1.601822
tcml_compute_cuda,model_forward,1.586087
tcml_compute_cuda,model_forward,1.586858
tcml_compute_cuda,model_forward,1.59568
tcml_compute_cuda,model_forward,1.587361
tcml_compute_cuda,model_forward,1.597925
tcml_compute_cuda,model_forward,1.589553
tcml_compute_cuda,model_forward,1.588261
tcml_compute_cuda,model_forward,1.619754
tcml_compute_cuda,model_forward,1.587083
tcml_compute_cuda,model_forward,1.602406
tcml_compute_cuda,model_forward,1.588594
tcml_compute_cuda,model_forward,1.585
tcml_compute_cuda,model_forward,1.60076
tcml_compute_cuda,model_forward,1.591343
tcml_compute_cuda,model_forward,1.599182
tcml_compute_cuda,model_forward,1.588105
tcml_compute_cuda,model_forward,1.587988
tcml_compute_cuda,model_forward,1.594275
tcml_compute_cuda,model_forward,1.584249
tcml_compute_cuda,model_forward,1.595963
tcml_compute_cuda,model_forward,1.583738
tcml_compute_cuda,model_forward,1.583644
tcml_compute_cuda,model_forward,1.594478
tcml_compute_cuda,model_forward,1.585389
tcml_compute_cuda,model_forward,1.600604
tcml_compute_cuda,model_forward,1.584863
tcml_compute_cuda,model_forward,1.588665
tcml_compute_cuda,model_forward,1.593245
tcml_compute_cuda,model_forward,1.579303
tcml_compute_cuda,model_forward,1.588434
tcml_compute_cuda,model_forward,1.583122
tcml_compute_cuda,model_forward,1.585933
tcml_compute_cuda,model_forward,1.641712
tcml_compute_cuda,model_forward,1.585756
tcml_compute_cuda,model_forward,1.601595
tcml_compute_cuda,model_forward,1.583251
tcml_compute_cuda,model_forward,1.596171
tcml_compute_cuda,model_forward,1.580219
tcml_compute_cuda,model_forward,1.585087
tcml_compute_cuda,model_forward,1.593161
tcml_compute_cuda,model_forward,1.585407
tcml_compute_cuda,model_forward,1.596582
tcml_compute_cuda,model_forward,1.590269
tcml_compute_cuda,model_forward,1.584205
tcml_compute_cuda,model_forward,1.588628
tcml_compute_cuda,model_forward,1.5819
tcml_compute_cuda,model_forward,1.593811
tcml_compute_cuda,model_forward,1.587081
tcml_compute_cuda,model_forward,1.582439
tcml_compute_cuda,model_forward,1.593129
tcml_compute_cuda,model_forward,1.585197
tcml_compute_cuda,model_forward,1.593637
tcml_compute_cuda,model_forward,1.583269
tcml_compute_cuda,model_forward,1.58378
tcml_compute_cuda,model_forward,1.595552
tcml_compute_cuda,model_forward,1.583926
tcml_compute_cuda,model_forward,1.591017
tcml_compute_cuda,model_forward,1.583585
tcml_compute_cuda,model_forward,1.58574
tcml_compute_cuda,model_forward,1.58942
tcml_compute_cuda,model_forward,1.581178
tcml_compute_cuda,model_forward,1.595161
tcml_compute_cuda,model_forward,1.585385
tcml_compute_cuda,model_forward,1.584253
tcml_compute_cuda,model_forward,1.59802
tcml_compute_cuda,model_forward,1.582659
tcml_compute_cuda,model_forward,1.590029
tcml_compute_cuda,model_forward,1.584033
tcml_compute_cuda,model_forward,1.587757
tcml_compute_cuda,model_forward,1.590476
tcml_compute_cuda,model_forward,1.58374
tcml_compute_cuda,model_forward,1.587088
tcml_compute_cuda,model_forward,1.583964
tcml_compute_cuda,model_forward,1.582369
tcml_compute_cuda,model_forward,1.843785
tcml_compute_cuda,model_forward,1.600313
tcml_compute_cuda,model_forward,1.592573
tcml_compute_cuda,model_forward,1.582154
tcml_compute_cuda,model_forward,1.585193
tcml_compute_cuda,model_forward,1.597428
tcml_compute_cuda,model_forward,1.583735
tcml_compute_cuda,model_forward,1.59289
tcml_compute_cuda,model_forward,1.587162
tcml_compute_cuda,model_forward,1.585109
tcml_compute_cuda,model_forward,1.589074
tcml_compute_cuda,model_forward,1.583675
tcml_compute_cuda,model_forward,1.593719
tcml_compute_cuda,model_forward,1.584588
tcml_compute_cuda,model_forward,1.578965
tcml_compute_cuda,model_forward,1.592945
tcml_compute_cuda,model_forward,1.588871
tcml_compute_cuda,model_forward,1.595043
tcml_compute_cuda,model_forward,1.586921
tcml_compute_cuda,model_forward,1.587724
tcml_compute_cuda,model_forward,1.594061
tcml_compute_cuda,model_forward,1.585813
tcml_compute_cuda,model_forward,1.593975
tcml_compute_cuda,model_forward,1.585297
tcml_compute_cuda,model_forward,1.590136
tcml_compute_cuda,model_forward,1.596701
tcml_compute_cuda,model_forward,1.588229
tcml_compute_cuda,model_forward,1.634074
tcml_compute_cuda,model_forward,1.636209
tcml_compute_cuda,model_forward,1.581718
tcml_compute_cuda,model_forward,1.596398
tcml_compute_cuda,model_forward,1.587776
tcml_compute_cuda,model_forward,1.590951
tcml_compute_cuda,model_forward,1.587744
tcml_compute_cuda,model_forward,1.615293
tcml_compute_cuda,model_forward,1.604457
tcml_compute_cuda,model_forward,1.587666
tcml_compute_cuda,model_forward,1.603449
tcml_compute_cuda,model_forward,1.591069
tcml_compute_cuda,model_forward,1.582673
tcml_compute_cuda,model_forward,1.60289
tcml_compute_cuda,model_forward,1.592127
tcml_compute_cuda,model_forward,1.600194
tcml_compute_cuda,model_forward,1.584934
tcml_compute_cuda,model_forward,1.590541
tcml_compute_cuda,model_forward,1.592045
tcml_compute_cuda,model_forward,1.584349
tcml_compute_cuda,model_forward,1.595302
tcml_compute_cuda,model_forward,1.587389
tcml_compute_cuda,model_forward,1.586422
tcml_compute_cuda,model_forward,1.595468
tcml_compute_cuda,model_forward,1.580805
tcml_compute_cuda,model_forward,1.643158
tcml_compute_cuda,model_forward,1.603902
tcml_compute_cuda,model_forward,1.580772
tcml_compute_cuda,model_forward,1.603131
tcml_compute_cuda,model_forward,1.580464
tcml_compute_cuda,model_forward,1.592146
tcml_compute_cuda,model_forward,1.590697
tcml_compute_cuda,model_forward,1.623336
tcml_compute_cuda,model_forward,1.587183
tcml_compute_cuda,model_forward,1.581876
tcml_compute_cuda,model_forward,1.59159
tcml_compute_cuda,model_forward,1.581813
tcml_compute_cuda,model_forward,1.589057
tcml_compute_cuda,model_forward,1.617969
tcml_compute_cuda,model_forward,1.580924
tcml_compute_cuda,model_forward,1.592466
tcml_compute_cuda,model_forward,1.578832
tcml_compute_cuda,model_forward,1.592608
tcml_compute_cuda,model_forward,1.582748
tcml_compute_cuda,model_forward,1.584788
tcml_compute_cuda,model_forward,1.593531
tcml_compute_cuda,model_forward,1.581583
tcml_compute_cuda,model_forward,1.58612
tcml_compute_cuda,model_forward,1.581814
tcml_compute_cuda,model_forward,1.579764
tcml_compute_cuda,model_forward,1.593842
tcml_compute_cuda,model_forward,1.611068
tcml_compute_cuda,model_forward,1.602922
tcml_compute_cuda,model_forward,1.586646
tcml_compute_cuda,model_forward,1.584598
tcml_compute_cuda,model_forward,1.591168
tcml_compute_cuda,model_forward,1.583404
tcml_compute_cuda,model_forward,1.59362
tcml_compute_cuda,model_forward,1.581908
tcml_compute_cuda,model_forward,1.5821
tcml_compute_cuda,model_forward,1.586084
tcml_compute_cuda,model_forward,1.579192
tcml_compute_cuda,model_forward,1.587301
tcml_compute_cuda,model_forward,1.580118
tcml_compute_cuda,model_forward,1.577216
tcml_compute_cuda,model_forward,1.588888
tcml_compute_cuda,model_forward,1.586146
tcml_compute_cuda,model_forward,1.588887
tcml_compute_cuda,model_forward,1.5857
tcml_compute_cuda,model_forward,1.584913
tcml_compute_cuda,model_forward,1.594154
tcml_compute_cuda,model_forward,1.585747
tcml_compute_cuda,model_forward,1.592974
tcml_compute_cuda,model_forward,1.583828
tcml_compute_cuda,model_forward,1.590342
tcml_compute_cuda,model_forward,1.590259
tcml_compute_cuda,model_forward,1.583025
tcml_compute_cuda,model_forward,1.590827
tcml_compute_cuda,model_forward,1.586956
tcml_compute_cuda,model_forward,1.586474
tcml_compute_cuda,model_forward,1.59245
tcml_compute_cuda,model_forward,1.585726
tcml_compute_cuda,model_forward,1.590235
tcml_compute_cuda,model_forward,1.581962
tcml_compute_cuda,model_forward,1.587374
tcml_compute_cuda,model_forward,1.592232
tcml_compute_cuda,model_forward,1.586868
tcml_compute_cuda,model_forward,1.597527
tcml_compute_cuda,model_forward,1.584937
tcml_compute_cuda,model_forward,1.581902
tcml_compute_cuda,model_forward,1.595771
tcml_compute_cuda,model_forward,1.584083
tcml_compute_cuda,model_forward,1.594644
tcml_compute_cuda,model_forward,1.584356
tcml_compute_cuda,model_forward,1.586417
tcml_compute_cuda,model_forward,1.597268
tcml_compute_cuda,model_forward,1.583132
tcml_compute_cuda,model_forward,1.587949
tcml_compute_cuda,model_forward,1.583717
tcml_compute_cuda,model_forward,1.582468
tcml_compute_cuda,model_forward,1.616137
tcml_compute_cuda,model_forward,1.585937
tcml_compute_cuda,model_forward,1.59293
tcml_compute_cuda,model_forward,1.581914
tcml_compute_cuda,model_forward,1.587233
tcml_compute_cuda,model_forward,1.594672
tcml_compute_cuda,model_forward,1.586306
tcml_compute_cuda,model_forward,1.593991
tcml_compute_cuda,model_forward,1.60979
tcml_compute_cuda,model_forward,1.57938
tcml_compute_cuda,model_forward,1.594351
tcml_compute_cuda,model_forward,1.585742
tcml_compute_cuda,model_forward,1.594679
tcml_compute_cuda,model_forward,1.578364
tcml_compute_cuda,model_forward,1.583566
tcml_compute_cuda,model_forward,1.592424
tcml_compute_cuda,model_forward,1.584622
tcml_compute_cuda,model_forward,1.58805
tcml_compute_cuda,model_forward,1.583151
tcml_compute_cuda,model_forward,1.585684
tcml_compute_cuda,model_forward,1.620221
tcml_compute_cuda,model_forward,1.582373
tcml_compute_cuda,model_forward,1.596399
tcml_compute_cuda,model_forward,1.587687
tcml_compute_cuda,model_forward,1.582683
tcml_compute_cuda,model_forward,1.583045
tcml_compute_cuda,model_forward,1.57736
tcml_compute_cuda,model_forward,1.593188
tcml_compute_cuda,model_forward,1.582813
tcml_compute_cuda,model_forward,1.594885
tcml_compute_cuda,model_forward,1.592222
tcml_compute_cuda,model_forward,1.582263
tcml_compute_cuda,model_forward,1.588698
tcml_compute_cuda,model_forward,1.584863
tcml_compute_cuda,model_forward,1.586219
tcml_compute_cuda,model_forward,1.597058
tcml_compute_cuda,model_forward,1.587419
tcml_compute_cuda,model_forward,1.603883
tcml_compute_cuda,model_forward,1.60651
tcml_compute_cuda,model_forward,1.587769
tcml_compute_cuda,model_forward,1.595465
tcml_compute_cuda,model_forward,1.58845
tcml_compute_cuda,model_forward,1.59089
tcml_compute_cuda,model_forward,1.582962
tcml_compute_cuda,model_forward,1.582508
tcml_compute_cuda,model_forward,1.599711
tcml_compute_cuda,model_forward,1.584344
tcml_compute_cuda,model_forward,1.591528
tcml_compute_cuda,model_forward,1.587172
tcml_compute_cuda,model_forward,1.583759
tcml_compute_cuda,model_forward,1.590462
tcml_compute_cuda,model_forward,1.583715
tcml_compute_cuda,model_forward,1.59361
tcml_compute_cuda,model_forward,1.581404
tcml_compute_cuda,model_forward,1.587178
tcml_compute_cuda,model_forward,1.594361
tcml_compute_cuda,model_forward,1.586147
tcml_compute_cuda,model_forward,1.597154
tcml_compute_cuda,model_forward,1.58904
tcml_compute_cuda,model_forward,1.591027
tcml_compute_cuda,model_forward,1.595445
tcml_compute_cuda,model_forward,1.58398
tcml_compute_cuda,model_forward,1.598194
tcml_compute_cuda,model_forward,1.589033
tcml_compute_cuda,model_forward,1.585935
tcml_compute_cuda,model_forward,1.596591
tcml_compute_cuda,model_forward,1.589025
tcml_compute_cuda,model_forward,1.595688
tcml_compute_cuda,model_forward,1.587159
tcml_compute_cuda,model_forward,1.592801
tcml_compute_cuda,model_forward,1.597683
tcml_compute_cuda,model_forward,1.582682
tcml_compute_cuda,model_forward,1.595028
tcml_compute_cuda,model_forward,1.578631
tcml_compute_cuda,model_forward,1.579776
tcml_compute_cuda,model_forward,1.593622
tcml_compute_cuda,model_forward,1.581073
tcml_compute_cuda,model_forward,1.593577
tcml_compute_cuda,model_forward,1.583489
tcml_compute_cuda,model_forward,1.580374
tcml_compute_cuda,model_forward,1.599167
tcml_compute_cuda,model_forward,1.584549
tcml_compute_cuda,model_forward,1.594349
tcml_compute_cuda,model_forward,1.583846
tcml_compute_cuda,model_forward,1.582686
tcml_compute_cuda,model_forward,1.595383
tcml_compute_cuda,model_forward,1.587444
tcml_compute_cuda,model_forward,1.595808
tcml_compute_cuda,model_forward,1.583469
tcml_compute_cuda,model_forward,1.58286
tcml_compute_cuda,model_forward,1.589667
tcml_compute_cuda,model_forward,1.584532
tcml_compute_cuda,model_forward,1.586355
tcml_compute_cuda,model_forward,1.584678
tcml_compute_cuda,model_forward,1.582641
tcml_compute_cuda,model_forward,1.590498
tcml_compute_cuda,model_forward,1.58296
tcml_compute_cuda,model_forward,1.593051
tcml_compute_cuda,model_forward,1.58124
tcml_compute_cuda,model_forward,1.580189
tcml_compute_cuda,model_forward,1.589098
tcml_compute_cuda,model_forward,1.58777
tcml_compute_cuda,model_forward,1.597905
tcml_compute_cuda,model_forward,1.584124
tcml_compute_cuda,model_forward,1.582408
tcml_compute_cuda,model_forward,1.595963
tcml_compute_cuda,model_forward,1.589857
tcml_compute_cuda,model_forward,1.599115
tcml_compute_cuda,model_forward,1.608901
tcml_compute_cuda,model_forward,1.585839
tcml_compute_cuda,model_forward,1.594419
tcml_compute_cuda,model_forward,1.585275
tcml_compute_cuda,model_forward,1.599741
tcml_compute_cuda,model_forward,1.585753
tcml_compute_cuda,model_forward,1.580325
tcml_compute_cuda,model_forward,1.645409
tcml_compute_cuda,model_forward,1.582864
tcml_compute_cuda,model_forward,1.595155
tcml_compute_cuda,model_forward,1.586581
tcml_compute_cuda,model_forward,1.581864
tcml_compute_cuda,model_forward,1.58918
tcml_compute_cuda,model_forward,1.584168
tcml_compute_cuda,model_forward,1.59796
tcml_compute_cuda,model_forward,1.591412
tcml_compute_cuda,model_forward,1.585341
tcml_compute_cuda,model_forward,1.594277
tcml_compute_cuda,model_forward,1.582142
tcml_compute_cuda,model_forward,1.660244
tcml_compute_cuda,model_forward,1.615248
tcml_compute_cuda,model_forward,1.590479
tcml_compute_cuda,model_forward,1.589142
tcml_compute_cuda,model_forward,1.584365
tcml_compute_cuda,model_forward,1.598575
tcml_compute_cuda,model_forward,1.591427
tcml_compute_cuda,model_forward,1.590235
tcml_compute_cuda,model_forward,1.588495
tcml_compute_cuda,model_forward,1.578242
tcml_compute_cuda,model_forward,1.589588
tcml_compute_cuda,model_forward,1.583001
tcml_compute_cuda,model_forward,1.602958
tcml_compute_cuda,model_forward,1.643436
tcml_compute_cuda,model_forward,1.584106
tcml_compute_cuda,model_forward,1.591153
tcml_compute_cuda,model_forward,1.583384
tcml_compute_cuda,model_forward,1.594663
tcml_compute_cuda,model_forward,1.587469
tcml_compute_cuda,model_forward,1.585581
tcml_compute_cuda,model_forward,1.595099
tcml_compute_cuda,model_forward,1.585567
tcml_compute_cuda,model_forward,1.590253
tcml_compute_cuda,model_forward,1.582948
tcml_compute_cuda,model_forward,1.58534
tcml_compute_cuda,model_forward,1.596366
tcml_compute_cuda,model_forward,1.584303
tcml_compute_cuda,model_forward,1.597779
tcml_compute_cuda,model_forward,1.598862
tcml_compute_cuda,model_forward,1.585253
tcml_compute_cuda,model_forward,1.599841
tcml_compute_cuda,model_forward,1.583312
tcml_compute_cuda,model_forward,1.589353
tcml_compute_cuda,model_forward,1.581069
tcml_compute_cuda,model_forward,1.581527
tcml_compute_cuda,model_forward,1.59149
tcml_compute_cuda,model_forward,1.584081
tcml_compute_cuda,model_forward,1.593552
tcml_compute_cuda,model_forward,1.590475
tcml_compute_cuda,model_forward,1.584063
tcml_compute_cuda,model_forward,1.593528
tcml_compute_cuda,model_forward,1.58622
tcml_compute_cuda,model_forward,1.599117
tcml_compute_cuda,model_forward,1.58674
tcml_compute_cuda,model_forward,1.585493
tcml_compute_cuda,model_forward,1.600387
tcml_compute_cuda,model_forward,1.581907
tcml_compute_cuda,model_forward,1.595681
tcml_compute_cuda,model_forward,1.583859
tcml_compute_cuda,model_forward,1.589443
tcml_compute_cuda,model_forward,1.591548
tcml_compute_cuda,model_forward,1.582329
tcml_compute_cuda,model_forward,1.5897
tcml_compute_cuda,model_forward,1.580851
tcml_compute_cuda,model_forward,1.580788
tcml_compute_cuda,model_forward,1.59408
tcml_compute_cuda,model_forward,1.586874
tcml_compute_cuda,model_forward,1.593218
tcml_compute_cuda,model_forward,1.585499
tcml_compute_cuda,model_forward,1.589635
tcml_compute_cuda,model_forward,1.599703
tcml_compute_cuda,model_forward,1.583474
tcml_compute_cuda,model_forward,1.595693
tcml_compute_cuda,model_forward,1.586681
tcml_compute_cuda,model_forward,1.58303
tcml_compute_cuda,model_forward,1.595966
tcml_compute_cuda,model_forward,1.586244
tcml_compute_cuda,model_forward,1.595005
tcml_compute_cuda,model_forward,1.58718
tcml_compute_cuda,model_forward,1.580693
tcml_compute_cuda,model_forward,1.597244
tcml_compute_cuda,model_forward,1.58204
tcml_compute_cuda,model_forward,1.595298
tcml_compute_cuda,model_forward,1.582522
tcml_compute_cuda,model_forward,1.584616
tcml_compute_cuda,model_forward,1.591544
tcml_compute_cuda,model_forward,1.582208
tcml_compute_cuda,model_forward,1.589255
tcml_compute_cuda,model_forward,1.581779
tcml_compute_cuda,model_forward,1.588532
tcml_compute_cuda,model_forward,1.590583
tcml_compute_cuda,model_forward,1.63221
tcml_compute_cuda,model_forward,1.606547
tcml_compute_cuda,model_forward,1.593548
tcml_compute_cuda,model_forward,1.593231
tcml_compute_cuda,model_forward,1.598538
tcml_compute_cuda,model_forward,1.586217
tcml_compute_cuda,model_forward,1.597289
tcml_compute_cuda,model_forward,1.586535
tcml_compute_cuda,model_forward,1.587018
tcml_compute_cuda,model_forward,1.595453
tcml_compute_cuda,model_forward,1.586965
tcml_compute_cuda,model_forward,1.595577
tcml_compute_cuda,model_forward,1.588244
tcml_compute_cuda,model_forward,1.589451
tcml_compute_cuda,model_forward,1.594939
tcml_compute_cuda,model_forward,1.584482
tcml_compute_cuda,model_forward,1.60322
tcml_compute_cuda,model_forward,1.583665
tcml_compute_cuda,model_forward,1.579535
tcml_compute_cuda,model_forward,1.594453
tcml_compute_cuda,model_forward,1.581508
tcml_compute_cuda,model_forward,1.598689
tcml_compute_cuda,model_forward,1.582461
tcml_compute_cuda,model_forward,1.58513
tcml_compute_cuda,model_forward,1.594558
tcml_compute_cuda,model_forward,1.578248
tcml_compute_cuda,model_forward,1.593009
tcml_compute_cuda,model_forward,1.585133
tcml_compute_cuda,model_forward,1.583726
tcml_compute_cuda,model_forward,1.596943
tcml_compute_cuda,model_forward,1.585257
tcml_compute_cuda,model_forward,1.592061
tcml_compute_cuda,model_forward,1.590013
tcml_compute_cuda,model_forward,1.584414
tcml_compute_cuda,model_forward,1.593227
tcml_compute_cuda,model_forward,1.579884
tcml_compute_cuda,model_forward,1.59064
tcml_compute_cuda,model_forward,1.580231
tcml_compute_cuda,model_forward,1.578523
tcml_compute_cuda,model_forward,1.589869
tcml_compute_cuda,model_forward,1.584012
tcml_compute_cuda,model_forward,1.589801
tcml_compute_cuda,model_forward,1.581483
tcml_compute_cuda,model_forward,1.578916
tcml_compute_cuda,model_forward,1.587954
tcml_compute_cuda,model_forward,1.58153
tcml_compute_cuda,model_forward,1.595594
tcml_compute_cuda,model_forward,1.578073
tcml_compute_cuda,model_forward,1.582347
tcml_compute_cuda,model_forward,1.586896
tcml_compute_cuda,model_forward,1.579929
tcml_compute_cuda,model_forward,1.58822
tcml_compute_cuda,model_forward,1.576012
tcml_compute_cuda,model_forward,1.581008
tcml_compute_cuda,model_forward,1.590219
tcml_compute_cuda,model_forward,1.578141
tcml_compute_cuda,model_forward,1.590442
tcml_compute_cuda,model_forward,1.582311
tcml_compute_cuda,model_forward,1.576803
tcml_compute_cuda,model_forward,1.587121
tcml_compute_cuda,model_forward,1.579857
tcml_compute_cuda,model_forward,1.590418
tcml_compute_cuda,model_forward,1.581715
tcml_compute_cuda,model_forward,1.582512
tcml_compute_cuda,model_forward,1.586752
tcml_compute_cuda,model_forward,1.581295
tcml_compute_cuda,model_forward,1.60478
tcml_compute_cuda,model_forward,1.584857
tcml_compute_cuda,model_forward,1.578288
tcml_compute_cuda,model_forward,1.593629
tcml_compute_cuda,model_forward,1.578664
tcml_compute_cuda,model_forward,1.591525
tcml_compute_cuda,model_forward,1.58318
tcml_compute_cuda,model_forward,1.583791
tcml_compute_cuda,model_forward,1.591865
tcml_compute_cuda,model_forward,1.578287
tcml_compute_cuda,model_forward,1.586301
tcml_compute_cuda,model_forward,1.578159
tcml_compute_cuda,model_forward,1.577074
tcml_compute_cuda,model_forward,1.583479
tcml_compute_cuda,model_forward,1.574426
tcml_compute_cuda,model_forward,1.586703
tcml_compute_cuda,model_forward,1.578641
tcml_compute_cuda,model_forward,1.57881
tcml_compute_cuda,model_forward,1.590931
tcml_compute_cuda,model_forward,1.579015
tcml_compute_cuda,model_forward,1.587167
tcml_compute_cuda,model_forward,1.576084
tcml_compute_cuda,model_forward,1.571888
tcml_compute_cuda,model_forward,1.589748
tcml_compute_cuda,model_forward,1.579467
tcml_compute_cuda,model_forward,1.591998
tcml_compute_cuda,model_forward,1.571705
tcml_compute_cuda,model_forward,1.577635
tcml_compute_cuda,model_forward,1.586461
tcml_compute_cuda,model_forward,1.586416
tcml_compute_cuda,model_forward,1.587026
tcml_compute_cuda,model_forward,1.580598
tcml_compute_cuda,model_forward,1.576114
tcml_compute_cuda,model_forward,1.585015
tcml_compute_cuda,model_forward,1.580733
tcml_compute_cuda,model_forward,1.588054
tcml_compute_cuda,model_forward,1.577262
tcml_compute_cuda,model_forward,1.581363
tcml_compute_cuda,model_forward,1.58835
tcml_compute_cuda,model_forward,1.582352
tcml_compute_cuda,model_forward,1.589402
tcml_compute_cuda,model_forward,1.580232
tcml_compute_cuda,model_forward,1.575852
tcml_compute_cuda,model_forward,1.591053
tcml_compute_cuda,model_forward,1.57521
tcml_compute_cuda,model_forward,1.608094
tcml_compute_cuda,model_forward,1.579746
tcml_compute_cuda,model_forward,1.575952
tcml_compute_cuda,model_forward,1.585756
tcml_compute_cuda,model_forward,1.577866
tcml_compute_cuda,model_forward,1.585608
tcml_compute_cuda,model_forward,1.585602
tcml_compute_cuda,model_forward,1.580145
tcml_compute_cuda,model_forward,1.584273
tcml_compute_cuda,model_forward,1.581508
tcml_compute_cuda,model_forward,1.586488
tcml_compute_cuda,model_forward,1.577006
tcml_compute_cuda,model_forward,1.577797
tcml_compute_cuda,model_forward,1.589571
tcml_compute_cuda,model_forward,1.586352
tcml_compute_cuda,model_forward,1.595819
tcml_compute_cuda,model_forward,1.590343
tcml_compute_cuda,model_forward,1.582855
tcml_compute_cuda,model_forward,1.599398
tcml_compute_cuda,model_forward,1.585404
tcml_compute_cuda,model_forward,1.59376
tcml_compute_cuda,model_forward,1.615073
tcml_compute_cuda,model_forward,1.577815
tcml_compute_cuda,model_forward,1.586201
tcml_compute_cuda,model_forward,1.580094
tcml_compute_cuda,model_forward,1.587808
tcml_compute_cuda,model_forward,1.578933
tcml_compute_cuda,model_forward,1.58375
tcml_compute_cuda,model_forward,1.587102
tcml_compute_cuda,model_forward,1.574165
tcml_compute_cuda,model_forward,1.583128
tcml_compute_cuda,model_forward,1.57626
tcml_compute_cuda,model_forward,1.576031
tcml_compute_cuda,model_forward,1.58868
tcml_compute_cuda,model_forward,1.57715
tcml_compute_cuda,model_forward,1.586917
tcml_compute_cuda,model_forward,1.578723
tcml_compute_cuda,model_forward,1.573353
tcml_compute_cuda,model_forward,1.593128
tcml_compute_cuda,model_forward,1.574976
tcml_compute_cuda,model_forward,1.586515
tcml_compute_cuda,model_forward,1.57506
tcml_compute_cuda,model_forward,1.572786
tcml_compute_cuda,model_forward,1.591273
tcml_compute_cuda,model_forward,1.576956
tcml_compute_cuda,model_forward,1.591097
tcml_compute_cuda,model_forward,1.580351
tcml_compute_cuda,model_forward,1.579813
tcml_compute_cuda,model_forward,1.639987
tcml_compute_cuda,model_forward,1.603533
tcml_compute_cuda,model_forward,1.588302
tcml_compute_cuda,model_forward,1.577794
tcml_compute_cuda,model_forward,1.575643
tcml_compute_cuda,model_forward,1.585162
tcml_compute_cuda,model_forward,1.576718
tcml_compute_cuda,model_forward,1.584993
tcml_compute_cuda,model_forward,1.575672
tcml_compute_cuda,model_forward,1.577584
tcml_compute_cuda,model_forward,1.583017
tcml_compute_cuda,model_forward,1.582596
tcml_compute_cuda,model_forward,1.582184
tcml_compute_cuda,model_forward,1.576482
tcml_compute_cuda,model_forward,1.576101
tcml_compute_cuda,model_forward,1.584864
tcml_compute_cuda,model_forward,1.576887
tcml_compute_cuda,model_forward,1.588238
tcml_compute_cuda,model_forward,1.575225
tcml_compute_cuda,model_forward,1.572633
tcml_compute_cuda,model_forward,1.586905
tcml_compute_cuda,model_forward,1.577093
tcml_compute_cuda,model_forward,1.583327
tcml_compute_cuda,model_forward,1.57539
tcml_compute_cuda,model_forward,1.574131
tcml_compute_cuda,model_forward,1.58549
tcml_compute_cuda,model_forward,1.578553
tcml_compute_cuda,model_forward,1.589877
tcml_compute_cuda,model_forward,1.580951
tcml_compute_cuda,model_forward,1.575747
tcml_compute_cuda,model_forward,1.589658
tcml_compute_cuda,model_forward,1.588315
tcml_compute_cuda,model_forward,1.584601
tcml_compute_cuda,model_forward,1.58086
tcml_compute_cuda,model_forward,1.576727
tcml_compute_cuda,model_forward,1.591753
tcml_compute_cuda,model_forward,1.576644
tcml_compute_cuda,model_forward,1.577579
tcml_compute_cuda,model_forward,1.582912
tcml_compute_cuda,model_forward,1.580019
tcml_compute_cuda,model_forward,1.589026
tcml_compute_cuda,model_forward,1.577629
tcml_compute_cuda,model_forward,1.579184
tcml_compute_cuda,model_forward,1.589924
tcml_compute_cuda,model_forward,1.576195
tcml_compute_cuda,model_forward,1.587494
tcml_compute_cuda,model_forward,1.576743
tcml_compute_cuda,model_forward,1.575244
tcml_compute_cuda,model_forward,1.582388
tcml_compute_cuda,model_forward,1.580102
tcml_compute_cuda,model_forward,1.587839
tcml_compute_cuda,model_forward,1.572786
tcml_compute_cuda,model_forward,1.572364
tcml_compute_cuda,model_forward,1.588547
tcml_compute_cuda,model_forward,1.574045
tcml_compute_cuda,model_forward,1.58851
tcml_compute_cuda,model_forward,1.577277
tcml_compute_cuda,model_forward,1.574679
tcml_compute_cuda,model_forward,1.58319
tcml_compute_cuda,model_forward,1.576041
tcml_compute_cuda,model_forward,1.587978
tcml_compute_cuda,model_forward,1.577054
tcml_compute_cuda,model_forward,1.573074
tcml_compute_cuda,model_forward,1.587627
tcml_compute_cuda,model_forward,1.580322
tcml_compute_cuda,model_forward,1.591213
tcml_compute_cuda,model_forward,1.583839
tcml_compute_cuda,model_forward,1.582511
tcml_compute_cuda,model_forward,1.595128
tcml_compute_cuda,model_forward,1.581199
tcml_compute_cuda,model_forward,1.64272
tcml_compute_cuda,model_forward,1.581653
tcml_compute_cuda,model_forward,1.573828
tcml_compute_cuda,model_forward,1.589929
tcml_compute_cuda,model_forward,1.614025
tcml_compute_cuda,model_forward,1.662748
tcml_compute_cuda,model_forward,1.654833
tcml_compute_cuda,model_forward,1.592908
tcml_compute_cuda,model_forward,1.575529
tcml_compute_cuda,model_forward,1.577774
tcml_compute_cuda,model_forward,1.588
tcml_compute_cuda,model_forward,1.577578
tcml_compute_cuda,model_forward,1.589452
tcml_compute_cuda,model_forward,1.579803
tcml_compute_cuda,model_forward,1.577945
tcml_compute_cuda,model_forward,1.586236
tcml_compute_cuda,model_forward,1.576537
tcml_compute_cuda,model_forward,1.57668
tcml_compute_cuda,model_forward,1.591402
tcml_compute_cuda,model_forward,1.574172
tcml_compute_cuda,model_forward,1.584165
tcml_compute_cuda,model_forward,1.577545
tcml_compute_cuda,model_forward,1.57278
tcml_compute_cuda,model_forward,1.586364
tcml_compute_cuda,model_forward,1.577486
tcml_compute_cuda,model_forward,1.627208
tcml_compute_cuda,model_forward,1.611232
tcml_compute_cuda,model_forward,1.576109
tcml_compute_cuda,model_forward,1.584154
tcml_compute_cuda,model_forward,1.570629
tcml_compute_cuda,model_forward,1.641142
tcml_compute_cuda,model_forward,1.595168
tcml_compute_cuda,model_forward,1.585685
tcml_compute_cuda,model_forward,1.577372
tcml_compute_cuda,model_forward,1.57729
tcml_compute_cuda,model_forward,1.586118
tcml_compute_cuda,model_forward,1.576745
tcml_compute_cuda,model_forward,1.585706
tcml_compute_cuda,model_forward,1.580012
tcml_compute_cuda,model_forward,1.579729
tcml_compute_cuda,model_forward,1.581977
tcml_compute_cuda,model_forward,1.577416
tcml_compute_cuda,model_forward,1.571004
tcml_compute_cuda,model_forward,1.590458
tcml_compute_cuda,model_forward,1.577487
tcml_compute_cuda,model_forward,1.588035
tcml_compute_cuda,model_forward,1.579453
tcml_compute_cuda,model_forward,1.581678
tcml_compute_cuda,model_forward,1.589987
tcml_compute_cuda,model_forward,1.573946
tcml_compute_cuda,model_forward,1.587546
tcml_compute_cuda,model_forward,1.579763
tcml_compute_cuda,model_forward,1.578595
tcml_compute_cuda,model_forward,1.591333
tcml_compute_cuda,model_forward,1.579316
tcml_compute_cuda,model_forward,1.592119
tcml_compute_cuda,model_forward,1.582256
tcml_compute_cuda,model_forward,1.581622
tcml_compute_cuda,model_forward,1.594841
tcml_compute_cuda,model_forward,1.579746
tcml_compute_cuda,model_forward,1.583748
tcml_compute_cuda,model_forward,1.574653
tcml_compute_cuda,model_forward,1.574736
tcml_compute_cuda,model_forward,1.585451
tcml_compute_cuda,model_forward,1.578298
tcml_compute_cuda,model_forward,1.591645
tcml_compute_cuda,model_forward,1.574951
tcml_compute_cuda,model_forward,1.578586
tcml_compute_cuda,model_forward,1.634046
tcml_compute_cuda,model_forward,1.576999
tcml_compute_cuda,model_forward,1.584664
tcml_compute_cuda,model_forward,1.5732
tcml_compute_cuda,model_forward,1.576628
tcml_compute_cuda,model_forward,1.581108
tcml_compute_cuda,model_forward,1.57702
tcml_compute_cuda,model_forward,1.590534
tcml_compute_cuda,model_forward,1.574226
tcml_compute_cuda,model_forward,1.580594
tcml_compute_cuda,model_forward,1.584604
tcml_compute_cuda,model_forward,1.578946
tcml_compute_cuda,model_forward,1.586149
tcml_compute_cuda,model_forward,1.574443
tcml_compute_cuda,model_forward,1.576302
tcml_compute_cuda,model_forward,1.581807
tcml_compute_cuda,model_forward,1.57681
tcml_compute_cuda,model_forward,1.586164
tcml_compute_cuda,model_forward,1.574379
tcml_compute_cuda,model_forward,1.590134
tcml_compute_cuda,model_forward,1.58339
tcml_compute_cuda,model_forward,1.575376
tcml_compute_cuda,model_forward,1.589426
tcml_compute_cuda,model_forward,1.57701
tcml_compute_cuda,model_forward,1.576754
tcml_compute_cuda,model_forward,1.579958
tcml_compute_cuda,model_forward,1.575096
tcml_compute_cuda,model_forward,1.585769
tcml_compute_cuda,model_forward,1.576058
tcml_compute_cuda,model_forward,1.579209
tcml_compute_cuda,model_forward,1.591377
tcml_compute_cuda,model_forward,1.581726
tcml_compute_cuda,model_forward,1.591901
tcml_compute_cuda,model_forward,1.580165
tcml_compute_cuda,model_forward,1.577459
tcml_compute_cuda,model_forward,1.593836
tcml_compute_cuda,model_forward,1.578425
tcml_compute_cuda,model_forward,1.585259
tcml_compute_cuda,model_forward,1.572288
tcml_compute_cuda,model_forward,1.575383
tcml_compute_cuda,model_forward,1.621808
tcml_compute_cuda,model_forward,1.572591
tcml_compute_cuda,model_forward,1.580949
tcml_compute_cuda,model_forward,1.582252
tcml_compute_cuda,model_forward,1.57396
tcml_compute_cuda,model_forward,1.684698
tcml_compute_cuda,model_forward,1.621186
tcml_compute_cuda,model_forward,1.586549
tcml_compute_cuda,model_forward,1.576529
tcml_compute_cuda,model_forward,1.579491
tcml_compute_cuda,model_forward,1.588466
tcml_compute_cuda,model_forward,1.5762
tcml_compute_cuda,model_forward,1.63261
tcml_compute_cuda,model_forward,1.58074
tcml_compute_cuda,model_forward,1.577986
tcml_compute_cuda,model_forward,1.585182
tcml_compute_cuda,model_forward,1.578363
tcml_compute_cuda,model_forward,1.589063
tcml_compute_cuda,model_forward,1.583669
tcml_compute_cuda,model_forward,1.574697
tcml_compute_cuda,model_forward,1.586762
tcml_compute_cuda,model_forward,1.577906
tcml_compute_cuda,model_forward,1.584668
tcml_compute_cuda,model_forward,1.575904
tcml_compute_cuda,model_forward,1.577399
tcml_compute_cuda,model_forward,1.586414
tcml_compute_cuda,model_forward,1.581707
tcml_compute_cuda,model_forward,1.589841
tcml_compute_cuda,model_forward,1.580841
tcml_compute_cuda,model_forward,1.579171
tcml_compute_cuda,model_forward,1.586789
tcml_compute_cuda,model_forward,1.573829
tcml_compute_cuda,model_forward,1.585173
tcml_compute_cuda,model_forward,1.57943
tcml_compute_cuda,model_forward,1.57332
tcml_compute_cuda,model_forward,1.590334
tcml_compute_cuda,model_forward,1.575384
tcml_compute_cuda,model_forward,1.59979
tcml_compute_cuda,model_forward,1.612505
tcml_compute_cuda,model_forward,1.57627
tcml_compute_cuda,model_forward,1.584482
tcml_compute_cuda,model_forward,1.574942
tcml_compute_cuda,model_forward,1.585388
tcml_compute_cuda,model_forward,1.576655
tcml_compute_cuda,model_forward,1.57804
tcml_compute_cuda,model_forward,1.581664
tcml_compute_cuda,model_forward,1.577048
tcml_compute_cuda,model_forward,1.587822
tcml_compute_cuda,model_forward,1.576194
tcml_compute_cuda,model_forward,1.579807
tcml_compute_cuda,model_forward,1.592271
tcml_compute_cuda,model_forward,1.577891
tcml_compute_cuda,model_forward,1.591248
tcml_compute_cuda,model_forward,1.574822
tcml_compute_cuda,model_forward,1.570687
tcml_compute_cuda,model_forward,1.582633
tcml_compute_cuda,model_forward,1.581591
tcml_compute_cuda,model_forward,1.583593
tcml_compute_cuda,model_forward,1.577014
tcml_compute_cuda,model_forward,1.579096
tcml_compute_cuda,model_forward,1.583117
tcml_compute_cuda,model_forward,1.576127
tcml_compute_cuda,model_forward,1.587674
tcml_compute_cuda,model_forward,1.574655
tcml_compute_cuda,model_forward,1.576648
tcml_compute_cuda,model_forward,1.584804
tcml_compute_cuda,model_forward,1.578135
tcml_compute_cuda,model_forward,1.592353
tcml_compute_cuda,model_forward,1.576233
tcml_compute_cuda,model_forward,1.575977
tcml_compute_cuda,model_forward,1.58384
tcml_compute_cuda,model_forward,1.576423
tcml_compute_cuda,model_forward,1.588154
tcml_compute_cuda,model_forward,1.578345
tcml_compute_cuda,model_forward,1.574065
tcml_compute_cuda,model_forward,1.588923
tcml_compute_cuda,model_forward,1.571917
tcml_compute_cuda,model_forward,1.584498
tcml_compute_cuda,model_forward,1.575894
tcml_compute_cuda,model_forward,1.576105
tcml_compute_cuda,model_forward,1.588745
tcml_compute_cuda,model_forward,1.576709
tcml_compute_cuda,model_forward,1.590517
tcml_compute_cuda,model_forward,1.57307
tcml_compute_cuda,model_forward,1.579509
tcml_compute_cuda,model_forward,1.583004
tcml_compute_cuda,model_forward,1.578195
tcml_compute_cuda,model_forward,1.587101
tcml_compute_cuda,model_forward,1.579753
tcml_compute_cuda,model_forward,1.576351
tcml_compute_cuda,model_forward,1.588368
tcml_compute_cuda,model_forward,1.576467
tcml_compute_cuda,model_forward,1.585895
tcml_compute_cuda,model_forward,1.578555
tcml_compute_cuda,model_forward,1.577075
tcml_compute_cuda,model_forward,1.588765
tcml_compute_cuda,model_forward,1.572352
tcml_compute_cuda,model_forward,1.586775
tcml_compute_cuda,model_forward,1.578073
tcml_compute_cuda,model_forward,1.583386
tcml_compute_cuda,model_forward,1.585382
tcml_compute_cuda,model_forward,1.616851
tcml_compute_cuda,model_forward,1.58638
tcml_compute_cuda,model_forward,1.573572
tcml_compute_cuda,model_forward,1.578899
tcml_compute_cuda,model_forward,1.584906
tcml_compute_cuda,model_forward,1.579486
tcml_compute_cuda,model_forward,1.630702
tcml_compute_cuda,model_forward,1.616838
tcml_compute_cuda,model_forward,1.575792
tcml_compute_cuda,model_forward,1.582985
tcml_compute_cuda,model_forward,1.573796
tcml_compute_cuda,model_forward,1.585586
tcml_compute_cuda,model_forward,1.573967
tcml_compute_cuda,model_forward,1.648936
tcml_compute_cuda,model_forward,1.650485
tcml_compute_cuda,model_forward,1.594681
tcml_compute_cuda,model_forward,1.588235
tcml_compute_cuda,model_forward,1.576261
tcml_compute_cuda,model_forward,1.57619
tcml_compute_cuda,model_forward,1.591572
tcml_compute_cuda,model_forward,1.575779
tcml_compute_cuda,model_forward,1.586232
tcml_compute_cuda,model_forward,1.576414
tcml_compute_cuda,model_forward,1.577379
tcml_compute_cuda,model_forward,1.585676
tcml_compute_cuda,model_forward,1.615392
tcml_compute_cuda,model_forward,1.635935
tcml_compute_cuda,model_forward,1.623217
tcml_compute_cuda,model_forward,1.576603
tcml_compute_cuda,model_forward,1.58729
tcml_compute_cuda,model_forward,1.579337
tcml_compute_cuda,model_forward,1.611873
tcml_compute_cuda,model_forward,1.621851
tcml_compute_cuda,model_forward,1.577823
tcml_compute_cuda,model_forward,1.58625
tcml_compute_cuda,model_forward,1.573123
tcml_compute_cuda,model_forward,1.585085
tcml_compute_cuda,model_forward,1.578567
tcml_compute_cuda,model_forward,1.635929
tcml_compute_cuda,model_forward,1.591459
tcml_compute_cuda,model_forward,1.581911
tcml_compute_cuda,model_forward,1.624912
tcml_compute_cuda,model_forward,1.617478
tcml_compute_cuda,model_forward,1.57208
tcml_compute_cuda,model_forward,2.486476
tcml_compute_cuda,model_forward,1.590601
tcml_compute_cuda,model_forward,1.636334
tcml_compute_cuda,model_forward,1.57763
tcml_compute_cuda,model_forward,1.589753
tcml_compute_cuda,model_forward,1.580506
tcml_compute_cuda,model_forward,1.581599
tcml_compute_cuda,model_forward,1.593846
tcml_compute_cuda,model_forward,1.573358
tcml_compute_cuda,model_forward,1.588524
tcml_compute_cuda,model_forward,1.579392
tcml_compute_cuda,model_forward,1.572616
tcml_compute_cuda,model_forward,1.583803
tcml_compute_cuda,model_forward,1.574442
tcml_compute_cuda,model_forward,1.587531
tcml_compute_cuda,model_forward,1.573243
tcml_compute_cuda,model_forward,1.581203
tcml_compute_cuda,model_forward,1.590682
tcml_compute_cuda,model_forward,1.57675
tcml_compute_cuda,model_forward,1.587466
tcml_compute_cuda,model_forward,1.578643
tcml_compute_cuda,model_forward,1.573627
tcml_compute_cuda,model_forward,1.587927
tcml_compute_cuda,model_forward,1.573043
tcml_compute_cuda,model_forward,1.589852
tcml_compute_cuda,model_forward,1.574971
tcml_compute_cuda,model_forward,1.578672
tcml_compute_cuda,model_forward,1.58361
tcml_compute_cuda,model_forward,1.581922
tcml_compute_cuda,model_forward,1.589528
tcml_compute_cuda,model_forward,1.579523
tcml_compute_cuda,model_forward,1.57337
tcml_compute_cuda,model_forward,1.583764
tcml_compute_cuda,model_forward,1.574727
tcml_compute_cuda,model_forward,1.582457
tcml_compute_cuda,model_forward,1.57445
tcml_compute_cuda,model_forward,1.575444
tcml_compute_cuda,model_forward,1.585448
tcml_compute_cuda,model_forward,1.575476
tcml_compute_cuda,model_forward,1.591188
tcml_compute_cuda,model_forward,1.577977
tcml_compute_cuda,model_forward,1.57455
tcml_compute_cuda,model_forward,1.582789
tcml_compute_cuda,model_forward,1.571089
tcml_compute_cuda,model_forward,1.582968
tcml_compute_cuda,model_forward,1.575928
tcml_compute_cuda,model_forward,1.574841
tcml_compute_cuda,model_forward,1.583964
tcml_compute_cuda,model_forward,1.570193
tcml_compute_cuda,model_forward,1.594447
tcml_compute_cuda,model_forward,1.574187
tcml_compute_cuda,model_forward,1.57557
tcml_compute_cuda,model_forward,1.588258
tcml_compute_cuda,model_forward,1.577657
tcml_compute_cuda,model_forward,1.582395
tcml_compute_cuda,model_forward,1.576935
tcml_compute_cuda,model_forward,1.572025
tcml_compute_cuda,model_forward,1.583764
tcml_compute_cuda,model_forward,1.578325
tcml_compute_cuda,model_forward,1.589386
tcml_compute_cuda,model_forward,1.577313
tcml_compute_cuda,model_forward,1.577406
tcml_compute_cuda,model_forward,1.584263
tcml_compute_cuda,model_forward,1.575465
tcml_compute_cuda,model_forward,1.588816
tcml_compute_cuda,model_forward,1.57626
tcml_compute_cuda,model_forward,1.576084
tcml_compute_cuda,model_forward,1.58557
tcml_compute_cuda,model_forward,1.573974
tcml_compute_cuda,model_forward,1.593497
tcml_compute_cuda,model_forward,1.57788
tcml_compute_cuda,model_forward,1.581219
tcml_compute_cuda,model_forward,1.583546
tcml_compute_cuda,model_forward,1.57924
tcml_compute_cuda,model_forward,1.598188
tcml_compute_cuda,model_forward,1.57659
tcml_compute_cuda,model_forward,1.61635
tcml_compute_cuda,model_forward,1.58624
tcml_compute_cuda,model_forward,1.578179
tcml_compute_cuda,model_forward,1.583574
tcml_compute_cuda,model_forward,1.576836
tcml_compute_cuda,model_forward,1.577755
tcml_compute_cuda,model_forward,1.64974
tcml_compute_cuda,model_forward,1.57042
tcml_compute_cuda,model_forward,1.582621
tcml_compute_cuda,model_forward,1.572031
tcml_compute_cuda,model_forward,1.576028
tcml_compute_cuda,model_forward,1.586552
tcml_compute_cuda,model_forward,1.576035
tcml_compute_cuda,model_forward,1.617185
tcml_compute_cuda,model_forward,1.646333
tcml_compute_cuda,model_forward,1.575125
tcml_compute_cuda,model_forward,1.592928
tcml_compute_cuda,model_forward,1.574307
tcml_compute_cuda,model_forward,1.588301
tcml_compute_cuda,model_forward,1.572859
tcml_compute_cuda,model_forward,1.573433
tcml_compute_cuda,model_forward,1.588525
tcml_compute_cuda,model_forward,1.580341
tcml_compute_cuda,model_forward,1.589104
tcml_compute_cuda,model_forward,1.579597
tcml_compute_cuda,model_forward,1.572635
tcml_compute_cuda,model_forward,1.589899
tcml_compute_cuda,model_forward,1.582869
tcml_compute_cuda,model_forward,1.584463
tcml_compute_cuda,model_forward,1.577739
tcml_compute_cuda,model_forward,1.572643
tcml_compute_cuda,offline_window,1.737357
tcml_compute_cuda,offline_window,1.767523
tcml_compute_cuda,offline_window,1.745754
tcml_compute_cuda,offline_window,1.743547
tcml_compute_cuda,offline_window,1.724203
tcml_compute_cuda,offline_window,1.733527
tcml_compute_cuda,offline_window,1.735416
tcml_compute_cuda,offline_window,1.736938
tcml_compute_cuda,offline_window,1.737444
tcml_compute_cuda,offline_window,1.744722
tcml_compute_cuda,offline_window,1.740321
tcml_compute_cuda,offline_window,1.728841
tcml_compute_cuda,offline_window,1.739409
tcml_compute_cuda,offline_window,1.731763
tcml_compute_cuda,offline_window,1.729376
tcml_compute_cuda,offline_window,1.769839
tcml_compute_cuda,offline_window,1.733481
tcml_compute_cuda,offline_window,1.740274
tcml_compute_cuda,offline_window,1.729543
tcml_compute_cuda,offline_window,1.740595
tcml_compute_cuda,offline_window,1.73654
tcml_compute_cuda,offline_window,1.744927
tcml_compute_cuda,offline_window,1.728303
tcml_compute_cuda,offline_window,1.728187
tcml_compute_cuda,offline_window,1.742651
tcml_compute_cuda,offline_window,1.725755
tcml_compute_cuda,offline_window,1.739093
tcml_compute_cuda,offline_window,1.726293
tcml_compute_cuda,offline_window,1.735663
tcml_compute_cuda,offline_window,1.726984
tcml_compute_cuda,offline_window,1.73077
tcml_compute_cuda,offline_window,1.735003
tcml_compute_cuda,offline_window,1.723198
tcml_compute_cuda,offline_window,1.754594
tcml_compute_cuda,offline_window,1.750226
tcml_compute_cuda,offline_window,1.770865
tcml_compute_cuda,offline_window,1.782735
tcml_compute_cuda,offline_window,1.740415
tcml_compute_cuda,offline_window,1.727637
tcml_compute_cuda,offline_window,1.732633
tcml_compute_cuda,offline_window,1.741853
tcml_compute_cuda,offline_window,1.730402
tcml_compute_cuda,offline_window,1.739672
tcml_compute_cuda,offline_window,1.731361
tcml_compute_cuda,offline_window,1.74101
tcml_compute_cuda,offline_window,1.728045
tcml_compute_cuda,offline_window,1.728112
tcml_compute_cuda,offline_window,1.738259
tcml_compute_cuda,offline_window,1.726355
tcml_compute_cuda,offline_window,1.737677
tcml_compute_cuda,offline_window,1.727825
tcml_compute_cuda,offline_window,1.740694
tcml_compute_cuda,offline_window,1.722032
tcml_compute_cuda,offline_window,1.733633
tcml_compute_cuda,offline_window,1.735687
tcml_compute_cuda,offline_window,1.721557
tcml_compute_cuda,offline_window,1.735915
tcml_compute_cuda,offline_window,1.725606
tcml_compute_cuda,offline_window,1.736228
tcml_compute_cuda,offline_window,1.728101
tcml_compute_cuda,offline_window,1.736224
tcml_compute_cuda,offline_window,1.730535
tcml_compute_cuda,offline_window,1.730657
tcml_compute_cuda,offline_window,1.814426
tcml_compute_cuda,offline_window,1.739634
tcml_compute_cuda,offline_window,1.749766
tcml_compute_cuda,offline_window,1.732382
tcml_compute_cuda,offline_window,1.744839
tcml_compute_cuda,offline_window,1.726883
tcml_compute_cuda,offline_window,1.743573
tcml_compute_cuda,offline_window,1.732159
tcml_compute_cuda,offline_window,1.731563
tcml_compute_cuda,offline_window,1.738379
tcml_compute_cuda,offline_window,1.727541
tcml_compute_cuda,offline_window,1.741545
tcml_compute_cuda,offline_window,1.741894
tcml_compute_cuda,offline_window,1.748505
tcml_compute_cuda,offline_window,1.73729
tcml_compute_cuda,offline_window,1.738208
tcml_compute_cuda,offline_window,1.740509
tcml_compute_cuda,offline_window,1.724033
tcml_compute_cuda,offline_window,1.74203
tcml_compute_cuda,offline_window,1.728351
tcml_compute_cuda,offline_window,1.740359
tcml_compute_cuda,offline_window,1.730366
tcml_compute_cuda,offline_window,1.734933
tcml_compute_cuda,offline_window,1.739005
tcml_compute_cuda,offline_window,1.729309
tcml_compute_cuda,offline_window,1.850167
tcml_compute_cuda,offline_window,1.754559
tcml_compute_cuda,offline_window,1.829599
tcml_compute_cuda,offline_window,1.761253
tcml_compute_cuda,offline_window,1.774263
tcml_compute_cuda,offline_window,1.764537
tcml_compute_cuda,offline_window,1.826211
tcml_compute_cuda,offline_window,1.746713
tcml_compute_cuda,offline_window,1.725261
tcml_compute_cuda,offline_window,1.739837
tcml_compute_cuda,offline_window,1.730679
tcml_compute_cuda,offline_window,1.734921
tcml_compute_cuda,offline_window,1.729574
tcml_compute_cuda,offline_window,1.737719
tcml_compute_cuda,offline_window,1.734417
tcml_compute_cuda,offline_window,1.730773
tcml_compute_cuda,offline_window,1.728667
tcml_compute_cuda,offline_window,1.727123
tcml_compute_cuda,offline_window,1.751113
tcml_compute_cuda,offline_window,1.730943
tcml_compute_cuda,offline_window,1.735716
tcml_compute_cuda,offline_window,1.718769
tcml_compute_cuda,offline_window,1.731799
tcml_compute_cuda,offline_window,1.72792
tcml_compute_cuda,offline_window,1.731506
tcml_compute_cuda,offline_window,1.741277
tcml_compute_cuda,offline_window,1.721459
tcml_compute_cuda,offline_window,1.736014
tcml_compute_cuda,offline_window,1.729183
tcml_compute_cuda,offline_window,1.737257
tcml_compute_cuda,offline_window,1.721504
tcml_compute_cuda,offline_window,1.722509
tcml_compute_cuda,offline_window,1.733293
tcml_compute_cuda,offline_window,1.72475
tcml_compute_cuda,offline_window,1.738936
tcml_compute_cuda,offline_window,1.723503
tcml_compute_cuda,offline_window,1.734717
tcml_compute_cuda,offline_window,1.728852
tcml_compute_cuda,offline_window,1.732681
tcml_compute_cuda,offline_window,1.726429
tcml_compute_cuda,offline_window,1.723994
tcml_compute_cuda,offline_window,1.733198
tcml_compute_cuda,offline_window,1.71863
tcml_compute_cuda,offline_window,1.735948
tcml_compute_cuda,offline_window,1.726335
tcml_compute_cuda,offline_window,1.741056
tcml_compute_cuda,offline_window,1.728444
tcml_compute_cuda,offline_window,1.721287
tcml_compute_cuda,offline_window,1.735235
tcml_compute_cuda,offline_window,1.726466
tcml_compute_cuda,offline_window,1.734589
tcml_compute_cuda,offline_window,1.721358
tcml_compute_cuda,offline_window,1.738662
tcml_compute_cuda,offline_window,1.725361
tcml_compute_cuda,offline_window,1.727341
tcml_compute_cuda,offline_window,1.740271
tcml_compute_cuda,offline_window,1.725844
tcml_compute_cuda,offline_window,1.737252
tcml_compute_cuda,offline_window,1.723311
tcml_compute_cuda,offline_window,1.736097
tcml_compute_cuda,offline_window,1.737813
tcml_compute_cuda,offline_window,1.734098
tcml_compute_cuda,offline_window,1.723035
tcml_compute_cuda,offline_window,1.725991
tcml_compute_cuda,offline_window,1.735575
tcml_compute_cuda,offline_window,1.726188
tcml_compute_cuda,offline_window,1.739906
tcml_compute_cuda,offline_window,1.726094
tcml_compute_cuda,offline_window,1.743366
tcml_compute_cuda,offline_window,1.724404
tcml_compute_cuda,offline_window,1.746523
tcml_compute_cuda,offline_window,1.729449
tcml_compute_cuda,offline_window,1.723682
tcml_compute_cuda,offline_window,1.732418
tcml_compute_cuda,offline_window,1.72829
tcml_compute_cuda,offline_window,1.782201
tcml_compute_cuda,offline_window,1.76258
tcml_compute_cuda,offline_window,1.74136
tcml_compute_cuda,offline_window,1.737221
tcml_compute_cuda,offline_window,1.737184
tcml_compute_cuda,offline_window,1.745519
tcml_compute_cuda,offline_window,1.741461
tcml_compute_cuda,offline_window,1.74656
tcml_compute_cuda,offline_window,1.730898
tcml_compute_cuda,offline_window,1.735683
tcml_compute_cuda,offline_window,1.726042
tcml_compute_cuda,offline_window,1.729981
tcml_compute_cuda,offline_window,1.741015
tcml_compute_cuda,offline_window,1.734068
tcml_compute_cuda,offline_window,1.737747
tcml_compute_cuda,offline_window,1.725237
tcml_compute_cuda,offline_window,1.733968
tcml_compute_cuda,offline_window,1.727678
tcml_compute_cuda,offline_window,1.739041
tcml_compute_cuda,offline_window,1.728344
tcml_compute_cuda,offline_window,1.726223
tcml_compute_cuda,offline_window,1.742476
tcml_compute_cuda,offline_window,1.731098
tcml_compute_cuda,offline_window,1.781092
tcml_compute_cuda,offline_window,1.750452
tcml_compute_cuda,offline_window,1.738693
tcml_compute_cuda,offline_window,1.727646
tcml_compute_cuda,offline_window,1.726481
tcml_compute_cuda,offline_window,1.740872
tcml_compute_cuda,offline_window,1.722605
tcml_compute_cuda,offline_window,1.739371
tcml_compute_cuda,offline_window,1.722529
tcml_compute_cuda,offline_window,1.741633
tcml_compute_cuda,offline_window,1.72573
tcml_compute_cuda,offline_window,1.735768
tcml_compute_cuda,offline_window,1.725802
tcml_compute_cuda,offline_window,1.723495
tcml_compute_cuda,offline_window,1.731823
tcml_compute_cuda,offline_window,1.727188
tcml_compute_cuda,offline_window,1.736086
tcml_compute_cuda,offline_window,1.726174
tcml_compute_cuda,offline_window,1.732352
tcml_compute_cuda,offline_window,1.728811
tcml_compute_cuda,offline_window,1.723329
tcml_compute_cuda,offline_window,1.736292
tcml_compute_cuda,offline_window,1.726101
tcml_compute_cuda,offline_window,1.738377
tcml_compute_cuda,offline_window,1.722203
tcml_compute_cuda,offline_window,1.741379
tcml_compute_cuda,offline_window,1.724527
tcml_compute_cuda,offline_window,1.728296
tcml_compute_cuda,offline_window,1.72901
tcml_compute_cuda,offline_window,1.729748
tcml_compute_cuda,offline_window,1.737297
tcml_compute_cuda,offline_window,1.732148
tcml_compute_cuda,offline_window,1.735364
tcml_compute_cuda,offline_window,1.731956
tcml_compute_cuda,offline_window,1.736221
tcml_compute_cuda,offline_window,1.722939
tcml_compute_cuda,offline_window,1.720669
tcml_compute_cuda,offline_window,1.736947
tcml_compute_cuda,offline_window,1.722395
tcml_compute_cuda,offline_window,1.737995
tcml_compute_cuda,offline_window,1.727941
tcml_compute_cuda,offline_window,1.735782
tcml_compute_cuda,offline_window,1.725061
tcml_compute_cuda,offline_window,1.727993
tcml_compute_cuda,offline_window,1.750112
tcml_compute_cuda,offline_window,1.743409
tcml_compute_cuda,offline_window,1.757493
tcml_compute_cuda,offline_window,1.753656
tcml_compute_cuda,offline_window,1.81748
tcml_compute_cuda,offline_window,1.782542
tcml_compute_cuda,offline_window,1.752567
tcml_compute_cuda,offline_window,1.724717
tcml_compute_cuda,offline_window,1.724701
tcml_compute_cuda,offline_window,1.728879
tcml_compute_cuda,offline_window,1.729278
tcml_compute_cuda,offline_window,1.736017
tcml_compute_cuda,offline_window,1.725184
tcml_compute_cuda,offline_window,1.730903
tcml_compute_cuda,offline_window,1.72625
tcml_compute_cuda,offline_window,1.735227
tcml_compute_cuda,offline_window,1.729652
tcml_compute_cuda,offline_window,1.728968
tcml_compute_cuda,offline_window,1.741723
tcml_compute_cuda,offline_window,1.731172
tcml_compute_cuda,offline_window,1.741093
tcml_compute_cuda,offline_window,1.726353
tcml_compute_cuda,offline_window,1.742839
tcml_compute_cuda,offline_window,1.725396
tcml_compute_cuda,offline_window,1.735846
tcml_compute_cuda,offline_window,1.741588
tcml_compute_cuda,offline_window,1.729047
tcml_compute_cuda,offline_window,1.739297
tcml_compute_cuda,offline_window,1.726539
tcml_compute_cuda,offline_window,1.742744
tcml_compute_cuda,offline_window,1.729316
tcml_compute_cuda,offline_window,1.730644
tcml_compute_cuda,offline_window,1.745632
tcml_compute_cuda,offline_window,1.737394
tcml_compute_cuda,offline_window,1.750647
tcml_compute_cuda,offline_window,1.742568
tcml_compute_cuda,offline_window,1.737234
tcml_compute_cuda,offline_window,1.732005
tcml_compute_cuda,offline_window,1.736601
tcml_compute_cuda,offline_window,1.728303
tcml_compute_cuda,offline_window,1.726318
tcml_compute_cuda,offline_window,1.736429
tcml_compute_cuda,offline_window,1.728001
tcml_compute_cuda,offline_window,1.761233
tcml_compute_cuda,offline_window,1.726669
tcml_compute_cuda,offline_window,1.742715
tcml_compute_cuda,offline_window,1.732009
tcml_compute_cuda,offline_window,1.730804
tcml_compute_cuda,offline_window,1.74144
tcml_compute_cuda,offline_window,1.725729
tcml_compute_cuda,offline_window,1.739607
tcml_compute_cuda,offline_window,1.7266
tcml_compute_cuda,offline_window,1.743923
tcml_compute_cuda,offline_window,1.729736
tcml_compute_cuda,offline_window,1.745952
tcml_compute_cuda,offline_window,1.764632
tcml_compute_cuda,offline_window,1.729906
tcml_compute_cuda,offline_window,1.737789
tcml_compute_cuda,offline_window,1.730066
tcml_compute_cuda,offline_window,1.737703
tcml_compute_cuda,offline_window,1.742403
tcml_compute_cuda,offline_window,1.773048
tcml_compute_cuda,offline_window,1.728688
tcml_compute_cuda,offline_window,1.731152
tcml_compute_cuda,offline_window,1.733305
tcml_compute_cuda,offline_window,1.722603
tcml_compute_cuda,offline_window,1.732824
tcml_compute_cuda,offline_window,1.725478
tcml_compute_cuda,offline_window,1.737321
tcml_compute_cuda,offline_window,1.721528
tcml_compute_cuda,offline_window,1.737749
tcml_compute_cuda,offline_window,1.727419
tcml_compute_cuda,offline_window,1.728901
tcml_compute_cuda,offline_window,1.741221
tcml_compute_cuda,offline_window,1.735248
tcml_compute_cuda,offline_window,1.737611
tcml_compute_cuda,offline_window,1.723795
tcml_compute_cuda,offline_window,1.763128
tcml_compute_cuda,offline_window,1.731643
tcml_compute_cuda,offline_window,1.729613
tcml_compute_cuda,offline_window,1.734388
tcml_compute_cuda,offline_window,1.723835
tcml_compute_cuda,offline_window,1.734331
tcml_compute_cuda,offline_window,1.72954
tcml_compute_cuda,offline_window,1.736409
tcml_compute_cuda,offline_window,1.726503
tcml_compute_cuda,offline_window,1.734632
tcml_compute_cuda,offline_window,1.72441
tcml_compute_cuda,offline_window,1.72984
tcml_compute_cuda,offline_window,1.738279
tcml_compute_cuda,offline_window,1.723309
tcml_compute_cuda,offline_window,1.734558
tcml_compute_cuda,offline_window,1.727444
tcml_compute_cuda,offline_window,1.740099
tcml_compute_cuda,offline_window,1.729593
tcml_compute_cuda,offline_window,1.725844
tcml_compute_cuda,offline_window,1.735083
tcml_compute_cuda,offline_window,1.727479
tcml_compute_cuda,offline_window,1.739188
tcml_compute_cuda,offline_window,1.730741
tcml_compute_cuda,offline_window,1.730866
tcml_compute_cuda,offline_window,1.726517
tcml_compute_cuda,offline_window,1.734284
tcml_compute_cuda,offline_window,1.73317
tcml_compute_cuda,offline_window,1.723665
tcml_compute_cuda,offline_window,1.738652
tcml_compute_cuda,offline_window,1.727857
tcml_compute_cuda,offline_window,1.736291
tcml_compute_cuda,offline_window,1.724748
tcml_compute_cuda,offline_window,1.73704
tcml_compute_cuda,offline_window,1.724758
tcml_compute_cuda,offline_window,1.724783
tcml_compute_cuda,offline_window,1.734759
tcml_compute_cuda,offline_window,1.724904
tcml_compute_cuda,offline_window,1.732753
tcml_compute_cuda,offline_window,1.728426
tcml_compute_cuda,offline_window,1.733787
tcml_compute_cuda,offline_window,1.722206
tcml_compute_cuda,offline_window,1.727715
tcml_compute_cuda,offline_window,1.745182
tcml_compute_cuda,offline_window,1.727424
tcml_compute_cuda,offline_window,1.739058
tcml_compute_cuda,offline_window,1.72363
tcml_compute_cuda,offline_window,1.738316
tcml_compute_cuda,offline_window,1.729354
tcml_compute_cuda,offline_window,1.744232
tcml_compute_cuda,offline_window,1.721035
tcml_compute_cuda,offline_window,1.734488
tcml_compute_cuda,offline_window,1.738273
tcml_compute_cuda,offline_window,1.729956
tcml_compute_cuda,offline_window,1.739953
tcml_compute_cuda,offline_window,1.736493
tcml_compute_cuda,offline_window,1.734826
tcml_compute_cuda,offline_window,1.729061
tcml_compute_cuda,offline_window,1.732218
tcml_compute_cuda,offline_window,1.734901
tcml_compute_cuda,offline_window,1.723323
tcml_compute_cuda,offline_window,1.740098
tcml_compute_cuda,offline_window,1.726388
tcml_compute_cuda,offline_window,1.738053
tcml_compute_cuda,offline_window,1.72846
tcml_compute_cuda,offline_window,1.737358
tcml_compute_cuda,offline_window,1.720354
tcml_compute_cuda,offline_window,1.728118
tcml_compute_cuda,offline_window,1.738822
tcml_compute_cuda,offline_window,1.72383
tcml_compute_cuda,offline_window,1.742063
tcml_compute_cuda,offline_window,1.719551
tcml_compute_cuda,offline_window,1.768493
tcml_compute_cuda,offline_window,1.770843
tcml_compute_cuda,offline_window,1.728118
tcml_compute_cuda,offline_window,1.733448
tcml_compute_cuda,offline_window,1.723549
tcml_compute_cuda,offline_window,1.737469
tcml_compute_cuda,offline_window,1.73086
tcml_compute_cuda,offline_window,1.736921
tcml_compute_cuda,offline_window,1.726183
tcml_compute_cuda,offline_window,1.738372
tcml_compute_cuda,offline_window,1.723861
tcml_compute_cuda,offline_window,1.721509
tcml_compute_cuda,offline_window,1.731625
tcml_compute_cuda,offline_window,1.726351
tcml_compute_cuda,offline_window,1.735146
tcml_compute_cuda,offline_window,1.724039
tcml_compute_cuda,offline_window,1.736921
tcml_compute_cuda,offline_window,1.721781
tcml_compute_cuda,offline_window,1.728282
tcml_compute_cuda,offline_window,1.734248
tcml_compute_cuda,offline_window,1.727935
tcml_compute_cuda,offline_window,1.732134
tcml_compute_cuda,offline_window,1.722197
tcml_compute_cuda,offline_window,1.740633
tcml_compute_cuda,offline_window,1.718222
tcml_compute_cuda,offline_window,1.72637
tcml_compute_cuda,offline_window,1.745293
tcml_compute_cuda,offline_window,1.728828
tcml_compute_cuda,offline_window,1.735078
tcml_compute_cuda,offline_window,1.72161
tcml_compute_cuda,offline_window,1.732851
tcml_compute_cuda,offline_window,1.729641
tcml_compute_cuda,offline_window,1.736747
tcml_compute_cuda,offline_window,1.731387
tcml_compute_cuda,offline_window,1.725637
tcml_compute_cuda,offline_window,1.732574
tcml_compute_cuda,offline_window,1.7252
tcml_compute_cuda,offline_window,1.736508
tcml_compute_cuda,offline_window,1.729187
tcml_compute_cuda,offline_window,1.740657
tcml_compute_cuda,offline_window,1.729478
tcml_compute_cuda,offline_window,1.726662
tcml_compute_cuda,offline_window,1.738334
tcml_compute_cuda,offline_window,1.72432
tcml_compute_cuda,offline_window,1.738172
tcml_compute_cuda,offline_window,1.719705
tcml_compute_cuda,offline_window,1.735061
tcml_compute_cuda,offline_window,1.72353
tcml_compute_cuda,offline_window,1.73876
tcml_compute_cuda,offline_window,1.720716
tcml_compute_cuda,offline_window,1.724335
tcml_compute_cuda,offline_window,1.740577
tcml_compute_cuda,offline_window,1.725104
tcml_compute_cuda,offline_window,1.739862
tcml_compute_cuda,offline_window,1.735177
tcml_compute_cuda,offline_window,1.732777
tcml_compute_cuda,offline_window,1.727934
tcml_compute_cuda,offline_window,1.727307
tcml_compute_cuda,offline_window,1.734726
tcml_compute_cuda,offline_window,1.725478
tcml_compute_cuda,offline_window,1.735255
tcml_compute_cuda,offline_window,1.730755
tcml_compute_cuda,offline_window,1.735705
tcml_compute_cuda,offline_window,1.725717
tcml_compute_cuda,offline_window,1.729639
tcml_compute_cuda,offline_window,1.739352
tcml_compute_cuda,offline_window,1.7274
tcml_compute_cuda,offline_window,1.739705
tcml_compute_cuda,offline_window,1.733
tcml_compute_cuda,offline_window,1.787915
tcml_compute_cuda,offline_window,1.774887
tcml_compute_cuda,offline_window,1.739865
tcml_compute_cuda,offline_window,1.72956
tcml_compute_cuda,offline_window,1.735513
tcml_compute_cuda,offline_window,1.73857
tcml_compute_cuda,offline_window,1.730293
tcml_compute_cuda,offline_window,1.739557
tcml_compute_cuda,offline_window,1.729905
tcml_compute_cuda,offline_window,1.736109
tcml_compute_cuda,offline_window,1.726009
tcml_compute_cuda,offline_window,1.725917
tcml_compute_cuda,offline_window,1.793702
tcml_compute_cuda,offline_window,1.727371
tcml_compute_cuda,offline_window,1.739766
tcml_compute_cuda,offline_window,1.729133
tcml_compute_cuda,offline_window,1.74439
tcml_compute_cuda,offline_window,1.726823
tcml_compute_cuda,offline_window,1.736
tcml_compute_cuda,offline_window,1.723166
tcml_compute_cuda,offline_window,1.723863
tcml_compute_cuda,offline_window,1.732635
tcml_compute_cuda,offline_window,1.727017
tcml_compute_cuda,offline_window,1.737145
tcml_compute_cuda,offline_window,1.724969
tcml_compute_cuda,offline_window,1.732911
tcml_compute_cuda,offline_window,1.736972
tcml_compute_cuda,offline_window,1.724748
tcml_compute_cuda,offline_window,1.737139
tcml_compute_cuda,offline_window,1.725054
tcml_compute_cuda,offline_window,1.735587
tcml_compute_cuda,offline_window,1.72374
tcml_compute_cuda,offline_window,1.733498
tcml_compute_cuda,offline_window,1.734991
tcml_compute_cuda,offline_window,1.740383
tcml_compute_cuda,offline_window,1.772851
tcml_compute_cuda,offline_window,1.732382
tcml_compute_cuda,offline_window,1.744976
tcml_compute_cuda,offline_window,1.728041
tcml_compute_cuda,offline_window,1.741974
tcml_compute_cuda,offline_window,1.730199
tcml_compute_cuda,offline_window,1.74403
tcml_compute_cuda,offline_window,1.7301
tcml_compute_cuda,offline_window,1.723589
tcml_compute_cuda,offline_window,1.738464
tcml_compute_cuda,offline_window,1.72944
tcml_compute_cuda,offline_window,1.73779
tcml_compute_cuda,offline_window,1.725707
tcml_compute_cuda,offline_window,1.731741
tcml_compute_cuda,offline_window,1.7224
tcml_compute_cuda,offline_window,1.736374
tcml_compute_cuda,offline_window,1.726032
tcml_compute_cuda,offline_window,1.725366
tcml_compute_cuda,offline_window,1.73685
tcml_compute_cuda,offline_window,1.724428
tcml_compute_cuda,offline_window,1.737359
tcml_compute_cuda,offline_window,1.724074
tcml_compute_cuda,offline_window,1.737649
tcml_compute_cuda,offline_window,1.72427
tcml_compute_cuda,offline_window,1.730378
tcml_compute_cuda,offline_window,1.734028
tcml_compute_cuda,offline_window,1.725151
tcml_compute_cuda,offline_window,1.761952
tcml_compute_cuda,offline_window,1.72441
tcml_compute_cuda,offline_window,1.736135
tcml_compute_cuda,offline_window,1.724665
tcml_compute_cuda,offline_window,1.737811
tcml_compute_cuda,offline_window,1.732655
tcml_compute_cuda,offline_window,1.729315
tcml_compute_cuda,offline_window,1.736224
tcml_compute_cuda,offline_window,1.728788
tcml_compute_cuda,offline_window,1.736159
tcml_compute_cuda,offline_window,1.72797
tcml_compute_cuda,offline_window,1.734791
tcml_compute_cuda,offline_window,1.72849
tcml_compute_cuda,offline_window,1.72495
tcml_compute_cuda,offline_window,1.74687
tcml_compute_cuda,offline_window,1.723567
tcml_compute_cuda,offline_window,1.746294
tcml_compute_cuda,offline_window,1.731817
tcml_compute_cuda,offline_window,1.741924
tcml_compute_cuda,offline_window,1.727464
tcml_compute_cuda,offline_window,1.730537
tcml_compute_cuda,offline_window,1.732383
tcml_compute_cuda,offline_window,1.743855
tcml_compute_cuda,offline_window,1.741845
tcml_compute_cuda,offline_window,1.732945
tcml_compute_cuda,offline_window,1.742637
tcml_compute_cuda,offline_window,1.735381
tcml_compute_cuda,offline_window,1.735391
tcml_compute_cuda,offline_window,1.725759
tcml_compute_cuda,offline_window,1.730641
tcml_compute_cuda,offline_window,1.735817
tcml_compute_cuda,offline_window,1.725127
tcml_compute_cuda,offline_window,1.738179
tcml_compute_cuda,offline_window,1.725977
tcml_compute_cuda,offline_window,1.734612
tcml_compute_cuda,offline_window,1.729386
tcml_compute_cuda,offline_window,1.728115
tcml_compute_cuda,offline_window,1.735806
tcml_compute_cuda,offline_window,1.728234
tcml_compute_cuda,offline_window,1.737986
tcml_compute_cuda,offline_window,1.732814
tcml_compute_cuda,offline_window,1.744905
tcml_compute_cuda,offline_window,1.737812
tcml_compute_cuda,offline_window,1.748291
tcml_compute_cuda,offline_window,1.740188
tcml_compute_cuda,offline_window,1.740771
tcml_compute_cuda,offline_window,1.742253
tcml_compute_cuda,offline_window,1.736523
tcml_compute_cuda,offline_window,1.740685
tcml_compute_cuda,offline_window,1.729413
tcml_compute_cuda,offline_window,1.74124
tcml_compute_cuda,offline_window,1.726876
tcml_compute_cuda,offline_window,1.725165
tcml_compute_cuda,offline_window,1.738283
tcml_compute_cuda,offline_window,1.729326
tcml_compute_cuda,offline_window,1.742852
tcml_compute_cuda,offline_window,1.724212
tcml_compute_cuda,offline_window,1.740958
tcml_compute_cuda,offline_window,1.724428
tcml_compute_cuda,offline_window,1.736747
tcml_compute_cuda,offline_window,1.729009
tcml_compute_cuda,offline_window,1.729934
tcml_compute_cuda,offline_window,1.739607
tcml_compute_cuda,offline_window,1.726054
tcml_compute_cuda,offline_window,1.738909
tcml_compute_cuda,offline_window,1.738808
tcml_compute_cuda,offline_window,1.742103
tcml_compute_cuda,offline_window,1.731099
tcml_compute_cuda,offline_window,1.725741
tcml_compute_cuda,offline_window,1.733425
tcml_compute_cuda,offline_window,1.722028
tcml_compute_cuda,offline_window,1.73447
tcml_compute_cuda,offline_window,1.731265
tcml_compute_cuda,offline_window,1.763419
tcml_compute_cuda,offline_window,1.726262
tcml_compute_cuda,offline_window,1.734039
tcml_compute_cuda,offline_window,1.728264
tcml_compute_cuda,offline_window,1.726329
tcml_compute_cuda,offline_window,1.741086
tcml_compute_cuda,offline_window,1.733661
tcml_compute_cuda,offline_window,1.738824
tcml_compute_cuda,offline_window,1.730497
tcml_compute_cuda,offline_window,1.741647
tcml_compute_cuda,offline_window,1.728487
tcml_compute_cuda,offline_window,1.731439
tcml_compute_cuda,offline_window,1.738188
tcml_compute_cuda,offline_window,1.724634
tcml_compute_cuda,offline_window,1.736688
tcml_compute_cuda,offline_window,1.727916
tcml_compute_cuda,offline_window,1.735189
tcml_compute_cuda,offline_window,1.721075
tcml_compute_cuda,offline_window,1.757703
tcml_compute_cuda,offline_window,1.732045
tcml_compute_cuda,offline_window,1.727425
tcml_compute_cuda,offline_window,1.732933
tcml_compute_cuda,offline_window,1.729625
tcml_compute_cuda,offline_window,1.735376
tcml_compute_cuda,offline_window,1.718388
tcml_compute_cuda,offline_window,1.739096
tcml_compute_cuda,offline_window,1.729536
tcml_compute_cuda,offline_window,1.721933
tcml_compute_cuda,offline_window,1.735938
tcml_compute_cuda,offline_window,1.731402
tcml_compute_cuda,offline_window,1.74062
tcml_compute_cuda,offline_window,1.723172
tcml_compute_cuda,offline_window,1.740515
tcml_compute_cuda,offline_window,1.731048
tcml_compute_cuda,offline_window,1.731337
tcml_compute_cuda,offline_window,1.732082
tcml_compute_cuda,offline_window,1.731126
tcml_compute_cuda,offline_window,1.738718
tcml_compute_cuda,offline_window,1.728247
tcml_compute_cuda,offline_window,1.736735
tcml_compute_cuda,offline_window,1.727116
tcml_compute_cuda,offline_window,1.741726
tcml_compute_cuda,offline_window,1.72842
tcml_compute_cuda,offline_window,1.723959
tcml_compute_cuda,offline_window,1.743609
tcml_compute_cuda,offline_window,1.728006
tcml_compute_cuda,offline_window,1.74228
tcml_compute_cuda,offline_window,1.724127
tcml_compute_cuda,offline_window,1.74131
tcml_compute_cuda,offline_window,1.72239
tcml_compute_cuda,offline_window,1.728849
tcml_compute_cuda,offline_window,1.768848
tcml_compute_cuda,offline_window,1.725654
tcml_compute_cuda,offline_window,1.736128
tcml_compute_cuda,offline_window,1.727205
tcml_compute_cuda,offline_window,1.737549
tcml_compute_cuda,offline_window,1.733136
tcml_compute_cuda,offline_window,1.737795
tcml_compute_cuda,offline_window,1.724051
tcml_compute_cuda,offline_window,1.722963
tcml_compute_cuda,offline_window,1.739215
tcml_compute_cuda,offline_window,1.728995
tcml_compute_cuda,offline_window,1.740469
tcml_compute_cuda,offline_window,1.734511
tcml_compute_cuda,offline_window,1.749926
tcml_compute_cuda,offline_window,1.740799
tcml_compute_cuda,offline_window,1.739025
tcml_compute_cuda,offline_window,1.747431
tcml_compute_cuda,offline_window,1.726562
tcml_compute_cuda,offline_window,1.732133
tcml_compute_cuda,offline_window,1.71983
tcml_compute_cuda,offline_window,1.732103
tcml_compute_cuda,offline_window,1.722079
tcml_compute_cuda,offline_window,1.733242
tcml_compute_cuda,offline_window,1.725692
tcml_compute_cuda,offline_window,1.725833
tcml_compute_cuda,offline_window,1.747102
tcml_compute_cuda,offline_window,1.732051
tcml_compute_cuda,offline_window,1.741169
tcml_compute_cuda,offline_window,1.725804
tcml_compute_cuda,offline_window,1.73484
tcml_compute_cuda,offline_window,1.724698
tcml_compute_cuda,offline_window,1.726781
tcml_compute_cuda,offline_window,1.734312
tcml_compute_cuda,offline_window,1.726903
tcml_compute_cuda,offline_window,1.734853
tcml_compute_cuda,offline_window,1.72327
tcml_compute_cuda,offline_window,1.745238
tcml_compute_cuda,offline_window,1.731919
tcml_compute_cuda,offline_window,1.729333
tcml_compute_cuda,offline_window,1.731786
tcml_compute_cuda,offline_window,1.773868
tcml_compute_cuda,offline_window,1.768581
tcml_compute_cuda,offline_window,1.727867
tcml_compute_cuda,offline_window,1.740219
tcml_compute_cuda,offline_window,1.720127
tcml_compute_cuda,offline_window,1.734374
tcml_compute_cuda,offline_window,1.726725
tcml_compute_cuda,offline_window,1.732128
tcml_compute_cuda,offline_window,1.741478
tcml_compute_cuda,offline_window,1.721971
tcml_compute_cuda,offline_window,1.731777
tcml_compute_cuda,offline_window,1.729806
tcml_compute_cuda,offline_window,1.732914
tcml_compute_cuda,offline_window,1.727644
tcml_compute_cuda,offline_window,1.733777
tcml_compute_cuda,offline_window,1.726921
tcml_compute_cuda,offline_window,1.728511
tcml_compute_cuda,offline_window,1.734883
tcml_compute_cuda,offline_window,1.723868
tcml_compute_cuda,offline_window,1.739283
tcml_compute_cuda,offline_window,1.727971
tcml_compute_cuda,offline_window,1.735968
tcml_compute_cuda,offline_window,1.726425
tcml_compute_cuda,offline_window,1.721895
tcml_compute_cuda,offline_window,1.734543
tcml_compute_cuda,offline_window,1.71808
tcml_compute_cuda,offline_window,1.734142
tcml_compute_cuda,offline_window,1.72634
tcml_compute_cuda,offline_window,1.743628
tcml_compute_cuda,offline_window,1.728221
tcml_compute_cuda,offline_window,1.730391
tcml_compute_cuda,offline_window,1.736107
tcml_compute_cuda,offline_window,1.724418
tcml_compute_cuda,offline_window,1.735263
tcml_compute_cuda,offline_window,1.72679
tcml_compute_cuda,offline_window,1.737532
tcml_compute_cuda,offline_window,1.723379
tcml_compute_cuda,offline_window,1.738282
tcml_compute_cuda,offline_window,1.726317
tcml_compute_cuda,offline_window,1.726728
tcml_compute_cuda,offline_window,1.733381
tcml_compute_cuda,offline_window,1.729117
tcml_compute_cuda,offline_window,1.74128
tcml_compute_cuda,offline_window,1.727742
tcml_compute_cuda,offline_window,1.738012
tcml_compute_cuda,offline_window,1.729959
tcml_compute_cuda,offline_window,1.727574
tcml_compute_cuda,offline_window,1.730837
tcml_compute_cuda,offline_window,1.72682
tcml_compute_cuda,offline_window,1.738587
tcml_compute_cuda,offline_window,1.723446
tcml_compute_cuda,offline_window,1.733401
tcml_compute_cuda,offline_window,1.728209
tcml_compute_cuda,offline_window,1.727788
tcml_compute_cuda,offline_window,1.733657
tcml_compute_cuda,offline_window,1.72923
tcml_compute_cuda,offline_window,1.73243
tcml_compute_cuda,offline_window,1.722464
tcml_compute_cuda,offline_window,1.738937
tcml_compute_cuda,offline_window,1.724267
tcml_compute_cuda,offline_window,1.740645
tcml_compute_cuda,offline_window,1.742404
tcml_compute_cuda,offline_window,1.734924
tcml_compute_cuda,offline_window,1.775275
tcml_compute_cuda,offline_window,1.808515
tcml_compute_cuda,offline_window,1.821972
tcml_compute_cuda,offline_window,1.731873
tcml_compute_cuda,offline_window,1.735124
tcml_compute_cuda,offline_window,1.728245
tcml_compute_cuda,offline_window,1.752371
tcml_compute_cuda,offline_window,1.783147
tcml_compute_cuda,offline_window,1.737302
tcml_compute_cuda,offline_window,1.737601
tcml_compute_cuda,offline_window,1.726926
tcml_compute_cuda,offline_window,1.804411
tcml_compute_cuda,offline_window,1.764172
tcml_compute_cuda,offline_window,1.765114
tcml_compute_cuda,offline_window,1.724491
tcml_compute_cuda,offline_window,1.735867
tcml_compute_cuda,offline_window,1.734658
tcml_compute_cuda,offline_window,1.725361
tcml_compute_cuda,offline_window,1.795675
tcml_compute_cuda,offline_window,1.727672
tcml_compute_cuda,offline_window,1.736026
tcml_compute_cuda,offline_window,1.728064
tcml_compute_cuda,offline_window,1.735318
tcml_compute_cuda,offline_window,1.725916
tcml_compute_cuda,offline_window,1.730016
tcml_compute_cuda,offline_window,1.760973
tcml_compute_cuda,offline_window,1.724212
tcml_compute_cuda,offline_window,1.735755
tcml_compute_cuda,offline_window,1.722093
tcml_compute_cuda,offline_window,1.736606
tcml_compute_cuda,offline_window,1.725033
tcml_compute_cuda,offline_window,1.731731
tcml_compute_cuda,offline_window,1.729996
tcml_compute_cuda,offline_window,1.729168
tcml_compute_cuda,offline_window,1.735782
tcml_compute_cuda,offline_window,1.746682
tcml_compute_cuda,offline_window,1.784686
tcml_compute_cuda,offline_window,1.733484
tcml_compute_cuda,offline_window,3.614732
tcml_compute_cuda,offline_window,1.999876
tcml_compute_cuda,offline_window,1.786432
tcml_compute_cuda,offline_window,1.727398
tcml_compute_cuda,offline_window,1.734227
tcml_compute_cuda,offline_window,1.738301
tcml_compute_cuda,offline_window,1.74456
tcml_compute_cuda,offline_window,1.736244
tcml_compute_cuda,offline_window,1.746468
tcml_compute_cuda,offline_window,1.734653
tcml_compute_cuda,offline_window,1.738448
tcml_compute_cuda,offline_window,1.727789
tcml_compute_cuda,offline_window,1.734763
tcml_compute_cuda,offline_window,1.73616
tcml_compute_cuda,offline_window,1.720144
tcml_compute_cuda,offline_window,1.736944
tcml_compute_cuda,offline_window,1.72676
tcml_compute_cuda,offline_window,1.733226
tcml_compute_cuda,offline_window,1.731405
tcml_compute_cuda,offline_window,1.729746
tcml_compute_cuda,offline_window,1.734112
tcml_compute_cuda,offline_window,1.725357
tcml_compute_cuda,offline_window,1.738364
tcml_compute_cuda,offline_window,1.728851
tcml_compute_cuda,offline_window,1.739272
tcml_compute_cuda,offline_window,1.731147
tcml_compute_cuda,offline_window,1.727579
tcml_compute_cuda,offline_window,1.734854
tcml_compute_cuda,offline_window,1.729351
tcml_compute_cuda,offline_window,1.739947
tcml_compute_cuda,offline_window,1.726069
tcml_compute_cuda,offline_window,1.739174
tcml_compute_cuda,offline_window,1.728167
tcml_compute_cuda,offline_window,1.738036
tcml_compute_cuda,offline_window,1.724314
tcml_compute_cuda,offline_window,1.728612
tcml_compute_cuda,offline_window,1.738825
tcml_compute_cuda,offline_window,1.727789
tcml_compute_cuda,offline_window,1.735955
tcml_compute_cuda,offline_window,1.728853
tcml_compute_cuda,offline_window,1.729399
tcml_compute_cuda,offline_window,1.725065
tcml_compute_cuda,offline_window,1.727129
tcml_compute_cuda,offline_window,1.733381
tcml_compute_cuda,offline_window,1.725721
tcml_compute_cuda,offline_window,1.734749
tcml_compute_cuda,offline_window,1.729572
tcml_compute_cuda,offline_window,1.730086
tcml_compute_cuda,offline_window,1.725705
tcml_compute_cuda,offline_window,1.72745
tcml_compute_cuda,offline_window,1.730286
tcml_compute_cuda,offline_window,1.719649
tcml_compute_cuda,offline_window,1.735346
tcml_compute_cuda,offline_window,1.723636
tcml_compute_cuda,offline_window,1.74264
tcml_compute_cuda,offline_window,1.718901
tcml_compute_cuda,offline_window,1.738406
tcml_compute_cuda,offline_window,1.72785
tcml_compute_cuda,offline_window,1.724247
tcml_compute_cuda,offline_window,1.737415
tcml_compute_cuda,offline_window,1.737398
tcml_compute_cuda,offline_window,1.745115
tcml_compute_cuda,offline_window,1.738617
tcml_compute_cuda,offline_window,1.745841
tcml_compute_cuda,offline_window,1.724339
tcml_compute_cuda,offline_window,1.725338
tcml_compute_cuda,offline_window,1.808889
tcml_compute_cuda,offline_window,1.728098
tcml_compute_cuda,offline_window,1.738802
tcml_compute_cuda,offline_window,1.723834
tcml_compute_cuda,offline_window,1.740567
tcml_compute_cuda,offline_window,1.758886
tcml_compute_cuda,offline_window,1.787509
tcml_compute_cuda,offline_window,1.725911
tcml_compute_cuda,offline_window,1.724752
tcml_compute_cuda,offline_window,1.739842
tcml_compute_cuda,offline_window,1.723846
tcml_compute_cuda,offline_window,1.78605
tcml_compute_cuda,offline_window,1.747558
tcml_compute_cuda,offline_window,1.728185
tcml_compute_cuda,offline_window,1.722918
tcml_compute_cuda,offline_window,1.732266
tcml_compute_cuda,offline_window,1.725273
tcml_compute_cuda,offline_window,1.722425
tcml_compute_cuda,offline_window,1.734099
tcml_compute_cuda,offline_window,1.725848
tcml_compute_cuda,offline_window,1.736165
tcml_compute_cuda,offline_window,1.719949
tcml_compute_cuda,offline_window,1.728802
tcml_compute_cuda,offline_window,1.798519
tcml_compute_cuda,offline_window,1.726391
tcml_compute_cuda,offline_window,1.739059
tcml_compute_cuda,offline_window,1.724495
tcml_compute_cuda,offline_window,1.738686
tcml_compute_cuda,offline_window,1.724507
tcml_compute_cuda,offline_window,1.738878
tcml_compute_cuda,offline_window,1.728109
tcml_compute_cuda,offline_window,1.741613
tcml_compute_cuda,offline_window,1.732724
tcml_compute_cuda,offline_window,1.726756
tcml_compute_cuda,offline_window,1.796736
tcml_compute_cuda,offline_window,1.729183
tcml_compute_cuda,offline_window,1.73149
tcml_compute_cuda,offline_window,1.725815
tcml_compute_cuda,offline_window,1.735944
tcml_compute_cuda,offline_window,1.726026
tcml_compute_cuda,offline_window,1.72694
tcml_compute_cuda,offline_window,1.730896
tcml_compute_cuda,offline_window,1.722709
tcml_compute_cuda,offline_window,1.735051
tcml_compute_cuda,offline_window,1.728343
tcml_compute_cuda,offline_window,1.734621
tcml_compute_cuda,offline_window,1.719624
tcml_compute_cuda,offline_window,1.721915
tcml_compute_cuda,offline_window,1.734853
tcml_compute_cuda,offline_window,1.722145
tcml_compute_cuda,offline_window,1.736244
tcml_compute_cuda,offline_window,1.727489
tcml_compute_cuda,offline_window,1.736531
tcml_compute_cuda,offline_window,1.722386
tcml_compute_cuda,offline_window,1.729104
tcml_compute_cuda,offline_window,1.724481
tcml_compute_cuda,offline_window,1.724137
tcml_compute_cuda,offline_window,1.733306
tcml_compute_cuda,offline_window,1.720756
tcml_compute_cuda,offline_window,1.734338
tcml_compute_cuda,offline_window,1.718536
tcml_compute_cuda,offline_window,1.734464
tcml_compute_cuda,offline_window,1.718998
tcml_compute_cuda,offline_window,1.722474
tcml_compute_cuda,offline_window,1.731899
tcml_compute_cuda,offline_window,1.728493
tcml_compute_cuda,offline_window,1.735416
tcml_compute_cuda,offline_window,1.72446
tcml_compute_cuda,offline_window,1.73051
tcml_compute_cuda,offline_window,1.725796
tcml_compute_cuda,offline_window,1.73039
tcml_compute_cuda,offline_window,1.72557
tcml_compute_cuda,offline_window,1.721577
tcml_compute_cuda,offline_window,1.735555
tcml_compute_cuda,offline_window,1.737275
tcml_compute_cuda,offline_window,1.738334
tcml_compute_cuda,offline_window,1.720335
tcml_compute_cuda,offline_window,1.732094
tcml_compute_cuda,offline_window,1.720529
tcml_compute_cuda,offline_window,1.724776
tcml_compute_cuda,offline_window,1.746355
tcml_compute_cuda,offline_window,1.7284
tcml_compute_cuda,offline_window,1.736859
tcml_compute_cuda,offline_window,1.727636
tcml_compute_cuda,offline_window,1.742143
tcml_compute_cuda,offline_window,1.727964
tcml_compute_cuda,offline_window,1.723649
tcml_compute_cuda,offline_window,1.736459
tcml_compute_cuda,offline_window,1.730884
tcml_compute_cuda,offline_window,1.741887
tcml_compute_cuda,offline_window,1.726514
tcml_compute_cuda,offline_window,1.741856
tcml_compute_cuda,offline_window,1.726249
tcml_compute_cuda,offline_window,1.734697
tcml_compute_cuda,offline_window,1.718169
tcml_compute_cuda,offline_window,1.730438
tcml_compute_cuda,offline_window,1.739921
tcml_compute_cuda,offline_window,1.728464
tcml_compute_cuda,offline_window,1.782871
tcml_compute_cuda,offline_window,1.738615
tcml_compute_cuda,offline_window,1.732792
tcml_compute_cuda,offline_window,1.727707
tcml_compute_cuda,offline_window,1.724411
tcml_compute_cuda,offline_window,1.730129
tcml_compute_cuda,offline_window,1.721296
tcml_compute_cuda,offline_window,1.736776
tcml_compute_cuda,offline_window,1.725415
tcml_compute_cuda,offline_window,1.732127
tcml_compute_cuda,offline_window,1.729085
tcml_compute_cuda,offline_window,1.729951
tcml_compute_cuda,offline_window,1.724312
tcml_compute_cuda,offline_window,1.72331
tcml_compute_cuda,offline_window,1.734797
tcml_compute_cuda,offline_window,1.724733
tcml_compute_cuda,offline_window,1.73574
tcml_compute_cuda,offline_window,1.722812
tcml_compute_cuda,offline_window,1.747069
tcml_compute_cuda,offline_window,1.728588
tcml_compute_cuda,offline_window,1.726345
tcml_compute_cuda,offline_window,1.735119
tcml_compute_cuda,offline_window,1.730191
tcml_compute_cuda,offline_window,1.759393
tcml_compute_cuda,offline_window,1.730799
tcml_compute_cuda,offline_window,1.731417
tcml_compute_cuda,offline_window,1.722964
tcml_compute_cuda,offline_window,1.726015
tcml_compute_cuda,offline_window,1.728426
tcml_compute_cuda,offline_window,1.724836
tcml_compute_cuda,offline_window,1.736349
tcml_compute_cuda,offline_window,1.727573
tcml_compute_cuda,offline_window,1.738918
tcml_compute_cuda,offline_window,1.72581
tcml_compute_cuda,offline_window,1.735763
tcml_compute_cuda,offline_window,1.721727
tcml_compute_cuda,offline_window,1.72258
tcml_compute_cuda,offline_window,1.731558
tcml_compute_cuda,offline_window,1.726151
tcml_compute_cuda,offline_window,1.730806
tcml_compute_cuda,offline_window,1.7254
tcml_compute_cuda,offline_window,1.738146
tcml_compute_cuda,offline_window,1.723378
tcml_compute_cuda,offline_window,1.723381
tcml_compute_cuda,offline_window,1.734421
tcml_compute_cuda,offline_window,1.724633
tcml_compute_cuda,offline_window,1.739348
tcml_compute_cuda,offline_window,1.723788
tcml_compute_cuda,offline_window,1.737134
tcml_compute_cuda,offline_window,1.724548
tcml_compute_cuda,offline_window,1.727849
tcml_compute_cuda,offline_window,1.727571
tcml_compute_cuda,offline_window,1.717475
tcml_compute_cuda,offline_window,1.732847
tcml_compute_cuda,offline_window,1.72519
tcml_compute_cuda,offline_window,1.735808
tcml_compute_cuda,offline_window,1.717151
tcml_compute_cuda,offline_window,1.73183
tcml_compute_cuda,offline_window,1.727385
tcml_compute_cuda,offline_window,1.721284
tcml_compute_cuda,offline_window,1.739674
tcml_compute_cuda,offline_window,1.725699
uni_login3_cpu,model_forward,2.789443
uni_login3_cpu,model_forward,2.835893
uni_login3_cpu,model_forward,2.804828
uni_login3_cpu,model_forward,2.758184
uni_login3_cpu,model_forward,2.785937
uni_login3_cpu,model_forward,2.776579
uni_login3_cpu,model_forward,2.778174
uni_login3_cpu,model_forward,2.78139
uni_login3_cpu,model_forward,2.801723
uni_login3_cpu,model_forward,2.775715
uni_login3_cpu,model_forward,2.763115
uni_login3_cpu,model_forward,2.803403
uni_login3_cpu,model_forward,2.784737
uni_login3_cpu,model_forward,2.778335
uni_login3_cpu,model_forward,2.777792
uni_login3_cpu,model_forward,2.783199
uni_login3_cpu,model_forward,2.75677
uni_login3_cpu,model_forward,2.778462
uni_login3_cpu,model_forward,2.781693
uni_login3_cpu,model_forward,2.773647
uni_login3_cpu,model_forward,2.771972
uni_login3_cpu,model_forward,2.771337
uni_login3_cpu,model_forward,2.777034
uni_login3_cpu,model_forward,2.768325
uni_login3_cpu,model_forward,2.819799
uni_login3_cpu,model_forward,2.806604
uni_login3_cpu,model_forward,2.77793
uni_login3_cpu,model_forward,2.7826
uni_login3_cpu,model_forward,2.80491
uni_login3_cpu,model_forward,2.78515
uni_login3_cpu,model_forward,2.780344
uni_login3_cpu,model_forward,2.814133
uni_login3_cpu,model_forward,2.824928
uni_login3_cpu,model_forward,2.760173
uni_login3_cpu,model_forward,2.816615
uni_login3_cpu,model_forward,2.788026
uni_login3_cpu,model_forward,2.775174
uni_login3_cpu,model_forward,2.810672
uni_login3_cpu,model_forward,2.792281
uni_login3_cpu,model_forward,2.792227
uni_login3_cpu,model_forward,2.772683
uni_login3_cpu,model_forward,2.789985
uni_login3_cpu,model_forward,2.801394
uni_login3_cpu,model_forward,2.777983
uni_login3_cpu,model_forward,2.783715
uni_login3_cpu,model_forward,2.810053
uni_login3_cpu,model_forward,2.784561
uni_login3_cpu,model_forward,2.791474
uni_login3_cpu,model_forward,2.803461
uni_login3_cpu,model_forward,2.796148
uni_login3_cpu,model_forward,2.790265
uni_login3_cpu,model_forward,2.807524
uni_login3_cpu,model_forward,2.802774
uni_login3_cpu,model_forward,2.779286
uni_login3_cpu,model_forward,2.771001
uni_login3_cpu,model_forward,2.772736
uni_login3_cpu,model_forward,2.781112
uni_login3_cpu,model_forward,2.810068
uni_login3_cpu,model_forward,2.785035
uni_login3_cpu,model_forward,2.794387
uni_login3_cpu,model_forward,2.78379
uni_login3_cpu,model_forward,2.806208
uni_login3_cpu,model_forward,2.78331
uni_login3_cpu,model_forward,2.78361
uni_login3_cpu,model_forward,2.805181
uni_login3_cpu,model_forward,2.790615
uni_login3_cpu,model_forward,2.78271
uni_login3_cpu,model_forward,2.794699
uni_login3_cpu,model_forward,2.804358
uni_login3_cpu,model_forward,2.774419
uni_login3_cpu,model_forward,2.782754
uni_login3_cpu,model_forward,2.827381
uni_login3_cpu,model_forward,2.803241
uni_login3_cpu,model_forward,2.790357
uni_login3_cpu,model_forward,2.821586
uni_login3_cpu,model_forward,2.812972
uni_login3_cpu,model_forward,2.792421
uni_login3_cpu,model_forward,2.827052
uni_login3_cpu,model_forward,2.807954
uni_login3_cpu,model_forward,2.791254
uni_login3_cpu,model_forward,2.787372
uni_login3_cpu,model_forward,2.789133
uni_login3_cpu,model_forward,2.78486
uni_login3_cpu,model_forward,2.776459
uni_login3_cpu,model_forward,2.790328
uni_login3_cpu,model_forward,2.798479
uni_login3_cpu,model_forward,2.781937
uni_login3_cpu,model_forward,2.787034
uni_login3_cpu,model_forward,2.794495
uni_login3_cpu,model_forward,2.78477
uni_login3_cpu,model_forward,2.78201
uni_login3_cpu,model_forward,2.805199
uni_login3_cpu,model_forward,2.794892
uni_login3_cpu,model_forward,2.770673
uni_login3_cpu,model_forward,2.817437
uni_login3_cpu,model_forward,2.78437
uni_login3_cpu,model_forward,2.762656
uni_login3_cpu,model_forward,2.795074
uni_login3_cpu,model_forward,2.796715
uni_login3_cpu,model_forward,2.78607
uni_login3_cpu,model_forward,2.791266
uni_login3_cpu,model_forward,2.810638
uni_login3_cpu,model_forward,2.792968
uni_login3_cpu,model_forward,2.783763
uni_login3_cpu,model_forward,2.772832
uni_login3_cpu,model_forward,2.771499
uni_login3_cpu,model_forward,2.76346
uni_login3_cpu,model_forward,2.773483
uni_login3_cpu,model_forward,2.803768
uni_login3_cpu,model_forward,2.748115
uni_login3_cpu,model_forward,2.784599
uni_login3_cpu,model_forward,2.776583
uni_login3_cpu,model_forward,2.772617
uni_login3_cpu,model_forward,2.764623
uni_login3_cpu,model_forward,2.822157
uni_login3_cpu,model_forward,2.760972
uni_login3_cpu,model_forward,2.755919
uni_login3_cpu,model_forward,2.78547
uni_login3_cpu,model_forward,2.805439
uni_login3_cpu,model_forward,2.802946
uni_login3_cpu,model_forward,2.784472
uni_login3_cpu,model_forward,2.782505
uni_login3_cpu,model_forward,2.782687
uni_login3_cpu,model_forward,2.779288
uni_login3_cpu,model_forward,2.810686
uni_login3_cpu,model_forward,2.789993
uni_login3_cpu,model_forward,2.761759
uni_login3_cpu,model_forward,2.78295
uni_login3_cpu,model_forward,2.795634
uni_login3_cpu,model_forward,2.595661
uni_login3_cpu,model_forward,2.395103
uni_login3_cpu,model_forward,2.330097
uni_login3_cpu,model_forward,2.350596
uni_login3_cpu,model_forward,2.369635
uni_login3_cpu,model_forward,2.290471
uni_login3_cpu,model_forward,2.373914
uni_login3_cpu,model_forward,2.284067
uni_login3_cpu,model_forward,2.43841
uni_login3_cpu,model_forward,2.340924
uni_login3_cpu,model_forward,2.463296
uni_login3_cpu,model_forward,2.30739
uni_login3_cpu,model_forward,2.421029
uni_login3_cpu,model_forward,2.297828
uni_login3_cpu,model_forward,2.401869
uni_login3_cpu,model_forward,2.337553
uni_login3_cpu,model_forward,2.385732
uni_login3_cpu,model_forward,2.332257
uni_login3_cpu,model_forward,2.357975
uni_login3_cpu,model_forward,2.410442
uni_login3_cpu,model_forward,2.296386
uni_login3_cpu,model_forward,2.534529
uni_login3_cpu,model_forward,2.320407
uni_login3_cpu,model_forward,2.469207
uni_login3_cpu,model_forward,2.289321
uni_login3_cpu,model_forward,2.429296
uni_login3_cpu,model_forward,2.332326
uni_login3_cpu,model_forward,2.397531
uni_login3_cpu,model_forward,2.388917
uni_login3_cpu,model_forward,2.417711
uni_login3_cpu,model_forward,2.31824
uni_login3_cpu,model_forward,2.372446
uni_login3_cpu,model_forward,2.354909
uni_login3_cpu,model_forward,2.346367
uni_login3_cpu,model_forward,2.551705
uni_login3_cpu,model_forward,2.33157
uni_login3_cpu,model_forward,2.461618
uni_login3_cpu,model_forward,2.280529
uni_login3_cpu,model_forward,2.403517
uni_login3_cpu,model_forward,2.293616
uni_login3_cpu,model_forward,2.387294
uni_login3_cpu,model_forward,2.290949
uni_login3_cpu,model_forward,2.362286
uni_login3_cpu,model_forward,2.327915
uni_login3_cpu,model_forward,2.356461
uni_login3_cpu,model_forward,2.32706
uni_login3_cpu,model_forward,2.316144
uni_login3_cpu,model_forward,2.407356
uni_login3_cpu,model_forward,2.323155
uni_login3_cpu,model_forward,2.426131
uni_login3_cpu,model_forward,2.369748
uni_login3_cpu,model_forward,2.426478
uni_login3_cpu,model_forward,2.289848
uni_login3_cpu,model_forward,2.414578
uni_login3_cpu,model_forward,2.278812
uni_login3_cpu,model_forward,2.469385
uni_login3_cpu,model_forward,2.310053
uni_login3_cpu,model_forward,2.384804
uni_login3_cpu,model_forward,2.33623
uni_login3_cpu,model_forward,2.366648
uni_login3_cpu,model_forward,2.375953
uni_login3_cpu,model_forward,2.275146
uni_login3_cpu,model_forward,2.438708
uni_login3_cpu,model_forward,2.307922
uni_login3_cpu,model_forward,2.398255
uni_login3_cpu,model_forward,2.372039
uni_login3_cpu,model_forward,2.435213
uni_login3_cpu,model_forward,2.298908
uni_login3_cpu,model_forward,2.417543
uni_login3_cpu,model_forward,2.30538
uni_login3_cpu,model_forward,2.446269
uni_login3_cpu,model_forward,2.438654
uni_login3_cpu,model_forward,2.601234
uni_login3_cpu,model_forward,2.49922
uni_login3_cpu,model_forward,2.472099
uni_login3_cpu,model_forward,2.496272
uni_login3_cpu,model_forward,2.394046
uni_login3_cpu,model_forward,2.355776
uni_login3_cpu,model_forward,2.398058
uni_login3_cpu,model_forward,2.375935
uni_login3_cpu,model_forward,2.402805
uni_login3_cpu,model_forward,2.407011
uni_login3_cpu,model_forward,2.390437
uni_login3_cpu,model_forward,2.529328
uni_login3_cpu,model_forward,2.409287
uni_login3_cpu,model_forward,2.450936
uni_login3_cpu,model_forward,2.345193
uni_login3_cpu,model_forward,2.491076
uni_login3_cpu,model_forward,2.592047
uni_login3_cpu,model_forward,2.442744
uni_login3_cpu,model_forward,2.418401
uni_login3_cpu,model_forward,2.419334
uni_login3_cpu,model_forward,2.343218
uni_login3_cpu,model_forward,2.434878
uni_login3_cpu,model_forward,2.292403
uni_login3_cpu,model_forward,2.453073
uni_login3_cpu,model_forward,2.41941
uni_login3_cpu,model_forward,2.328821
uni_login3_cpu,model_forward,2.475596
uni_login3_cpu,model_forward,2.310028
uni_login3_cpu,model_forward,2.398484
uni_login3_cpu,model_forward,2.319845
uni_login3_cpu,model_forward,2.418275
uni_login3_cpu,model_forward,2.348626
uni_login3_cpu,model_forward,2.397892
uni_login3_cpu,model_forward,2.306791
uni_login3_cpu,model_forward,2.479007
uni_login3_cpu,model_forward,2.312992
uni_login3_cpu,model_forward,2.410226
uni_login3_cpu,model_forward,2.265577
uni_login3_cpu,model_forward,2.387523
uni_login3_cpu,model_forward,2.331261
uni_login3_cpu,model_forward,2.30575
uni_login3_cpu,model_forward,2.43317
uni_login3_cpu,model_forward,2.280662
uni_login3_cpu,model_forward,2.450862
uni_login3_cpu,model_forward,2.309704
uni_login3_cpu,model_forward,2.457909
uni_login3_cpu,model_forward,2.43934
uni_login3_cpu,model_forward,2.441526
uni_login3_cpu,model_forward,2.535549
uni_login3_cpu,model_forward,2.485155
uni_login3_cpu,model_forward,2.465631
uni_login3_cpu,model_forward,2.405742
uni_login3_cpu,model_forward,2.266228
uni_login3_cpu,model_forward,2.474714
uni_login3_cpu,model_forward,2.354855
uni_login3_cpu,model_forward,2.395133
uni_login3_cpu,model_forward,2.411623
uni_login3_cpu,model_forward,2.330569
uni_login3_cpu,model_forward,2.409403
uni_login3_cpu,model_forward,2.287554
uni_login3_cpu,model_forward,2.406876
uni_login3_cpu,model_forward,2.287302
uni_login3_cpu,model_forward,2.457309
uni_login3_cpu,model_forward,2.278269
uni_login3_cpu,model_forward,2.46302
uni_login3_cpu,model_forward,2.320524
uni_login3_cpu,model_forward,2.441873
uni_login3_cpu,model_forward,2.275527
uni_login3_cpu,model_forward,2.404081
uni_login3_cpu,model_forward,2.283916
uni_login3_cpu,model_forward,2.402202
uni_login3_cpu,model_forward,2.332693
uni_login3_cpu,model_forward,2.272685
uni_login3_cpu,model_forward,2.435156
uni_login3_cpu,model_forward,2.280595
uni_login3_cpu,model_forward,2.513045
uni_login3_cpu,model_forward,2.325013
uni_login3_cpu,model_forward,2.423703
uni_login3_cpu,model_forward,2.304433
uni_login3_cpu,model_forward,2.415218
uni_login3_cpu,model_forward,2.304868
uni_login3_cpu,model_forward,2.391056
uni_login3_cpu,model_forward,2.294129
uni_login3_cpu,model_forward,2.493341
uni_login3_cpu,model_forward,2.348738
uni_login3_cpu,model_forward,2.375594
uni_login3_cpu,model_forward,2.40841
uni_login3_cpu,model_forward,2.310373
uni_login3_cpu,model_forward,2.496879
uni_login3_cpu,model_forward,2.336263
uni_login3_cpu,model_forward,2.388566
uni_login3_cpu,model_forward,2.344343
uni_login3_cpu,model_forward,2.403969
uni_login3_cpu,model_forward,2.398329
uni_login3_cpu,model_forward,2.40871
uni_login3_cpu,model_forward,2.401746
uni_login3_cpu,model_forward,2.392281
uni_login3_cpu,model_forward,2.336636
uni_login3_cpu,model_forward,2.366479
uni_login3_cpu,model_forward,2.445975
uni_login3_cpu,model_forward,2.438432
uni_login3_cpu,model_forward,2.393849
uni_login3_cpu,model_forward,2.367053
uni_login3_cpu,model_forward,2.398079
uni_login3_cpu,model_forward,2.38657
uni_login3_cpu,model_forward,2.390995
uni_login3_cpu,model_forward,2.287881
uni_login3_cpu,model_forward,2.403234
uni_login3_cpu,model_forward,2.292113
uni_login3_cpu,model_forward,2.385632
uni_login3_cpu,model_forward,2.352486
uni_login3_cpu,model_forward,2.366452
uni_login3_cpu,model_forward,2.388226
uni_login3_cpu,model_forward,2.379723
uni_login3_cpu,model_forward,2.268417
uni_login3_cpu,model_forward,2.395387
uni_login3_cpu,model_forward,2.465798
uni_login3_cpu,model_forward,2.313594
uni_login3_cpu,model_forward,2.413579
uni_login3_cpu,model_forward,2.277878
uni_login3_cpu,model_forward,2.445783
uni_login3_cpu,model_forward,2.342222
uni_login3_cpu,model_forward,2.469998
uni_login3_cpu,model_forward,2.30617
uni_login3_cpu,model_forward,2.409005
uni_login3_cpu,model_forward,2.386433
uni_login3_cpu,model_forward,2.36767
uni_login3_cpu,model_forward,2.34134
uni_login3_cpu,model_forward,2.353925
uni_login3_cpu,model_forward,2.322842
uni_login3_cpu,model_forward,2.315708
uni_login3_cpu,model_forward,2.35885
uni_login3_cpu,model_forward,2.3249
uni_login3_cpu,model_forward,2.388478
uni_login3_cpu,model_forward,2.292905
uni_login3_cpu,model_forward,2.454753
uni_login3_cpu,model_forward,2.275487
uni_login3_cpu,model_forward,2.503297
uni_login3_cpu,model_forward,2.296763
uni_login3_cpu,model_forward,2.378002
uni_login3_cpu,model_forward,2.370125
uni_login3_cpu,model_forward,2.335026
uni_login3_cpu,model_forward,2.392142
uni_login3_cpu,model_forward,2.301127
uni_login3_cpu,model_forward,2.391117
uni_login3_cpu,model_forward,2.329986
uni_login3_cpu,model_forward,2.460253
uni_login3_cpu,model_forward,2.320621
uni_login3_cpu,model_forward,2.407032
uni_login3_cpu,model_forward,2.307944
uni_login3_cpu,model_forward,2.418965
uni_login3_cpu,model_forward,2.36497
uni_login3_cpu,model_forward,2.390009
uni_login3_cpu,model_forward,2.281136
uni_login3_cpu,model_forward,2.389446
uni_login3_cpu,model_forward,2.410134
uni_login3_cpu,model_forward,2.328699
uni_login3_cpu,model_forward,2.330604
uni_login3_cpu,model_forward,2.266541
uni_login3_cpu,model_forward,2.398645
uni_login3_cpu,model_forward,2.282699
uni_login3_cpu,model_forward,2.443464
uni_login3_cpu,model_forward,2.280412
uni_login3_cpu,model_forward,2.406424
uni_login3_cpu,model_forward,2.315037
uni_login3_cpu,model_forward,2.382671
uni_login3_cpu,model_forward,2.300045
uni_login3_cpu,model_forward,2.374946
uni_login3_cpu,model_forward,2.361604
uni_login3_cpu,model_forward,2.336586
uni_login3_cpu,model_forward,2.399831
uni_login3_cpu,model_forward,2.33945
uni_login3_cpu,model_forward,2.408408
uni_login3_cpu,model_forward,2.292182
uni_login3_cpu,model_forward,2.396188
uni_login3_cpu,model_forward,2.283977
uni_login3_cpu,model_forward,2.40939
uni_login3_cpu,model_forward,2.299091
uni_login3_cpu,model_forward,2.472278
uni_login3_cpu,model_forward,2.366205
uni_login3_cpu,model_forward,2.366337
uni_login3_cpu,model_forward,2.372758
uni_login3_cpu,model_forward,2.338432
uni_login3_cpu,model_forward,2.401485
uni_login3_cpu,model_forward,2.284426
uni_login3_cpu,model_forward,2.438346
uni_login3_cpu,model_forward,2.33446
uni_login3_cpu,model_forward,2.491744
uni_login3_cpu,model_forward,2.399143
uni_login3_cpu,model_forward,2.48957
uni_login3_cpu,model_forward,2.322592
uni_login3_cpu,model_forward,2.377768
uni_login3_cpu,model_forward,2.325548
uni_login3_cpu,model_forward,2.41392
uni_login3_cpu,model_forward,2.430604
uni_login3_cpu,model_forward,2.387837
uni_login3_cpu,model_forward,2.378986
uni_login3_cpu,model_forward,2.328606
uni_login3_cpu,model_forward,2.402626
uni_login3_cpu,model_forward,2.428519
uni_login3_cpu,model_forward,2.388015
uni_login3_cpu,model_forward,2.412536
uni_login3_cpu,model_forward,2.47485
uni_login3_cpu,model_forward,2.322056
uni_login3_cpu,model_forward,2.460931
uni_login3_cpu,model_forward,2.288683
uni_login3_cpu,model_forward,2.461482
uni_login3_cpu,model_forward,2.284165
uni_login3_cpu,model_forward,2.403285
uni_login3_cpu,model_forward,2.413495
uni_login3_cpu,model_forward,2.456146
uni_login3_cpu,model_forward,2.312779
uni_login3_cpu,model_forward,2.348122
uni_login3_cpu,model_forward,2.342565
uni_login3_cpu,model_forward,2.310259
uni_login3_cpu,model_forward,2.451723
uni_login3_cpu,model_forward,2.303067
uni_login3_cpu,model_forward,2.362246
uni_login3_cpu,model_forward,2.293828
uni_login3_cpu,model_forward,2.366205
uni_login3_cpu,model_forward,2.3205
uni_login3_cpu,model_forward,2.40058
uni_login3_cpu,model_forward,2.289072
uni_login3_cpu,model_forward,2.428388
uni_login3_cpu,model_forward,2.32102
uni_login3_cpu,model_forward,2.35171
uni_login3_cpu,model_forward,2.333892
uni_login3_cpu,model_forward,2.285104
uni_login3_cpu,model_forward,2.394079
uni_login3_cpu,model_forward,2.28144
uni_login3_cpu,model_forward,2.416112
uni_login3_cpu,model_forward,2.385942
uni_login3_cpu,model_forward,2.385196
uni_login3_cpu,model_forward,2.289696
uni_login3_cpu,model_forward,2.418841
uni_login3_cpu,model_forward,2.292414
uni_login3_cpu,model_forward,2.381445
uni_login3_cpu,model_forward,2.291891
uni_login3_cpu,model_forward,2.356264
uni_login3_cpu,model_forward,2.289931
uni_login3_cpu,model_forward,2.345727
uni_login3_cpu,model_forward,2.41024
uni_login3_cpu,model_forward,2.317309
uni_login3_cpu,model_forward,2.422195
uni_login3_cpu,model_forward,2.267385
uni_login3_cpu,model_forward,2.43266
uni_login3_cpu,model_forward,2.278725
uni_login3_cpu,model_forward,2.404919
uni_login3_cpu,model_forward,2.281612
uni_login3_cpu,model_forward,2.378287
uni_login3_cpu,model_forward,2.292202
uni_login3_cpu,model_forward,2.330765
uni_login3_cpu,model_forward,2.435369
uni_login3_cpu,model_forward,2.290279
uni_login3_cpu,model_forward,2.382311
uni_login3_cpu,model_forward,2.325069
uni_login3_cpu,model_forward,2.359573
uni_login3_cpu,model_forward,2.310186
uni_login3_cpu,model_forward,2.430909
uni_login3_cpu,model_forward,2.324437
uni_login3_cpu,model_forward,2.40195
uni_login3_cpu,model_forward,2.324616
uni_login3_cpu,model_forward,2.397787
uni_login3_cpu,model_forward,2.289283
uni_login3_cpu,model_forward,2.349161
uni_login3_cpu,model_forward,2.370745
uni_login3_cpu,model_forward,2.287001
uni_login3_cpu,model_forward,2.413946
uni_login3_cpu,model_forward,2.27845
uni_login3_cpu,model_forward,2.414061
uni_login3_cpu,model_forward,2.270611
uni_login3_cpu,model_forward,2.407106
uni_login3_cpu,model_forward,2.278069
uni_login3_cpu,model_forward,2.409032
uni_login3_cpu,model_forward,2.368524
uni_login3_cpu,model_forward,2.355216
uni_login3_cpu,model_forward,2.274846
uni_login3_cpu,model_forward,2.306879
uni_login3_cpu,model_forward,2.532222
uni_login3_cpu,model_forward,2.310579
uni_login3_cpu,model_forward,2.371143
uni_login3_cpu,model_forward,2.303609
uni_login3_cpu,model_forward,2.429864
uni_login3_cpu,model_forward,2.333519
uni_login3_cpu,model_forward,2.419851
uni_login3_cpu,model_forward,2.376638
uni_login3_cpu,model_forward,2.486712
uni_login3_cpu,model_forward,2.313463
uni_login3_cpu,model_forward,2.427534
uni_login3_cpu,model_forward,2.384413
uni_login3_cpu,model_forward,2.351263
uni_login3_cpu,model_forward,2.403561
uni_login3_cpu,model_forward,2.322356
uni_login3_cpu,model_forward,2.340071
uni_login3_cpu,model_forward,2.377032
uni_login3_cpu,model_forward,2.350649
uni_login3_cpu,model_forward,2.377016
uni_login3_cpu,model_forward,2.349763
uni_login3_cpu,model_forward,2.347582
uni_login3_cpu,model_forward,2.409701
uni_login3_cpu,model_forward,2.27319
uni_login3_cpu,model_forward,2.428334
uni_login3_cpu,model_forward,2.302953
uni_login3_cpu,model_forward,2.383931
uni_login3_cpu,model_forward,2.372359
uni_login3_cpu,model_forward,2.351721
uni_login3_cpu,model_forward,2.36581
uni_login3_cpu,model_forward,2.280107
uni_login3_cpu,model_forward,2.418867
uni_login3_cpu,model_forward,2.296889
uni_login3_cpu,model_forward,2.388405
uni_login3_cpu,model_forward,2.291835
uni_login3_cpu,model_forward,2.364204
uni_login3_cpu,model_forward,2.406851
uni_login3_cpu,model_forward,2.394253
uni_login3_cpu,model_forward,2.335137
uni_login3_cpu,model_forward,2.444606
uni_login3_cpu,model_forward,2.272084
uni_login3_cpu,model_forward,2.334374
uni_login3_cpu,model_forward,2.313129
uni_login3_cpu,model_forward,2.330445
uni_login3_cpu,model_forward,2.471186
uni_login3_cpu,model_forward,2.292144
uni_login3_cpu,model_forward,2.454937
uni_login3_cpu,model_forward,2.29904
uni_login3_cpu,model_forward,2.45109
uni_login3_cpu,model_forward,2.319227
uni_login3_cpu,model_forward,2.432752
uni_login3_cpu,model_forward,2.365877
uni_login3_cpu,model_forward,2.369285
uni_login3_cpu,model_forward,2.319493
uni_login3_cpu,model_forward,2.350386
uni_login3_cpu,model_forward,2.315883
uni_login3_cpu,model_forward,2.438296
uni_login3_cpu,model_forward,2.350175
uni_login3_cpu,model_forward,2.31586
uni_login3_cpu,model_forward,2.394726
uni_login3_cpu,model_forward,2.363796
uni_login3_cpu,model_forward,2.447128
uni_login3_cpu,model_forward,2.317721
uni_login3_cpu,model_forward,2.430241
uni_login3_cpu,model_forward,2.289126
uni_login3_cpu,model_forward,2.481387
uni_login3_cpu,model_forward,2.458111
uni_login3_cpu,model_forward,2.372073
uni_login3_cpu,model_forward,2.39158
uni_login3_cpu,model_forward,2.338277
uni_login3_cpu,model_forward,2.329549
uni_login3_cpu,model_forward,2.40211
uni_login3_cpu,model_forward,2.360096
uni_login3_cpu,model_forward,2.327919
uni_login3_cpu,model_forward,2.370935
uni_login3_cpu,model_forward,2.332959
uni_login3_cpu,model_forward,2.401152
uni_login3_cpu,model_forward,2.289737
uni_login3_cpu,model_forward,2.405695
uni_login3_cpu,model_forward,2.301973
uni_login3_cpu,model_forward,2.365849
uni_login3_cpu,model_forward,2.36021
uni_login3_cpu,model_forward,2.327542
uni_login3_cpu,model_forward,2.374064
uni_login3_cpu,model_forward,2.274479
uni_login3_cpu,model_forward,2.425671
uni_login3_cpu,model_forward,2.263928
uni_login3_cpu,model_forward,2.420399
uni_login3_cpu,model_forward,2.315801
uni_login3_cpu,model_forward,2.39692
uni_login3_cpu,model_forward,2.345257
uni_login3_cpu,model_forward,2.404705
uni_login3_cpu,model_forward,2.299226
uni_login3_cpu,model_forward,2.3784
uni_login3_cpu,model_forward,2.310209
uni_login3_cpu,model_forward,2.438406
uni_login3_cpu,model_forward,2.28875
uni_login3_cpu,model_forward,2.323703
uni_login3_cpu,model_forward,2.357881
uni_login3_cpu,model_forward,2.296323
uni_login3_cpu,model_forward,2.428398
uni_login3_cpu,model_forward,2.274338
uni_login3_cpu,model_forward,2.490058
uni_login3_cpu,model_forward,2.361641
uni_login3_cpu,model_forward,2.468786
uni_login3_cpu,model_forward,2.36852
uni_login3_cpu,model_forward,2.382293
uni_login3_cpu,model_forward,2.479393
uni_login3_cpu,model_forward,2.373094
uni_login3_cpu,model_forward,2.328689
uni_login3_cpu,model_forward,2.378916
uni_login3_cpu,model_forward,2.308284
uni_login3_cpu,model_forward,2.3003
uni_login3_cpu,model_forward,2.371772
uni_login3_cpu,model_forward,2.307986
uni_login3_cpu,model_forward,2.4019
uni_login3_cpu,model_forward,2.274721
uni_login3_cpu,model_forward,2.386884
uni_login3_cpu,model_forward,2.318894
uni_login3_cpu,model_forward,2.401857
uni_login3_cpu,model_forward,2.308813
uni_login3_cpu,model_forward,2.364928
uni_login3_cpu,model_forward,2.296712
uni_login3_cpu,model_forward,2.327876
uni_login3_cpu,model_forward,2.519999
uni_login3_cpu,model_forward,2.493868
uni_login3_cpu,model_forward,2.544802
uni_login3_cpu,model_forward,2.524443
uni_login3_cpu,model_forward,2.5286
uni_login3_cpu,model_forward,2.375626
uni_login3_cpu,model_forward,2.497565
uni_login3_cpu,model_forward,2.29843
uni_login3_cpu,model_forward,2.437269
uni_login3_cpu,model_forward,2.297904
uni_login3_cpu,model_forward,2.480686
uni_login3_cpu,model_forward,2.341895
uni_login3_cpu,model_forward,2.390829
uni_login3_cpu,model_forward,2.374721
uni_login3_cpu,model_forward,2.3804
uni_login3_cpu,model_forward,2.405969
uni_login3_cpu,model_forward,2.365137
uni_login3_cpu,model_forward,2.346368
uni_login3_cpu,model_forward,2.459209
uni_login3_cpu,model_forward,2.362225
uni_login3_cpu,model_forward,2.483615
uni_login3_cpu,model_forward,2.430553
uni_login3_cpu,model_forward,2.32622
uni_login3_cpu,model_forward,2.512337
uni_login3_cpu,model_forward,2.407895
uni_login3_cpu,model_forward,2.452546
uni_login3_cpu,model_forward,2.364679
uni_login3_cpu,model_forward,2.573978
uni_login3_cpu,model_forward,2.358219
uni_login3_cpu,model_forward,2.453073
uni_login3_cpu,model_forward,2.322037
uni_login3_cpu,model_forward,2.475474
uni_login3_cpu,model_forward,2.269557
uni_login3_cpu,model_forward,2.862619
uni_login3_cpu,model_forward,2.342555
uni_login3_cpu,model_forward,2.438815
uni_login3_cpu,model_forward,2.504486
uni_login3_cpu,model_forward,2.541222
uni_login3_cpu,model_forward,2.479699
uni_login3_cpu,model_forward,2.409088
uni_login3_cpu,model_forward,2.492789
uni_login3_cpu,model_forward,2.510873
uni_login3_cpu,model_forward,2.436764
uni_login3_cpu,model_forward,2.468245
uni_login3_cpu,model_forward,2.504234
uni_login3_cpu,model_forward,2.478603
uni_login3_cpu,model_forward,2.505621
uni_login3_cpu,model_forward,2.514106
uni_login3_cpu,model_forward,2.486152
uni_login3_cpu,model_forward,2.507524
uni_login3_cpu,model_forward,2.524737
uni_login3_cpu,model_forward,2.480813
uni_login3_cpu,model_forward,2.515657
uni_login3_cpu,model_forward,2.477228
uni_login3_cpu,model_forward,2.489907
uni_login3_cpu,model_forward,2.501938
uni_login3_cpu,model_forward,2.486256
uni_login3_cpu,model_forward,2.488144
uni_login3_cpu,model_forward,2.486747
uni_login3_cpu,model_forward,2.473718
uni_login3_cpu,model_forward,2.501645
uni_login3_cpu,model_forward,2.477655
uni_login3_cpu,model_forward,2.493728
uni_login3_cpu,model_forward,2.496946
uni_login3_cpu,model_forward,2.477642
uni_login3_cpu,model_forward,2.506613
uni_login3_cpu,model_forward,2.502494
uni_login3_cpu,model_forward,2.526129
uni_login3_cpu,model_forward,2.524792
uni_login3_cpu,model_forward,2.496601
uni_login3_cpu,model_forward,2.489075
uni_login3_cpu,model_forward,2.502683
uni_login3_cpu,model_forward,2.485796
uni_login3_cpu,model_forward,2.52647
uni_login3_cpu,model_forward,2.516917
uni_login3_cpu,model_forward,2.483762
uni_login3_cpu,model_forward,2.489908
uni_login3_cpu,model_forward,2.484473
uni_login3_cpu,model_forward,2.506074
uni_login3_cpu,model_forward,2.497968
uni_login3_cpu,model_forward,2.506935
uni_login3_cpu,model_forward,2.50316
uni_login3_cpu,model_forward,2.487673
uni_login3_cpu,model_forward,2.483218
uni_login3_cpu,model_forward,2.522557
uni_login3_cpu,model_forward,2.480506
uni_login3_cpu,model_forward,2.509715
uni_login3_cpu,model_forward,2.506782
uni_login3_cpu,model_forward,2.479524
uni_login3_cpu,model_forward,2.500561
uni_login3_cpu,model_forward,2.490836
uni_login3_cpu,model_forward,2.477159
uni_login3_cpu,model_forward,2.513002
uni_login3_cpu,model_forward,2.490449
uni_login3_cpu,model_forward,2.509438
uni_login3_cpu,model_forward,2.514348
uni_login3_cpu,model_forward,2.52312
uni_login3_cpu,model_forward,2.529533
uni_login3_cpu,model_forward,2.520616
uni_login3_cpu,model_forward,2.456207
uni_login3_cpu,model_forward,3.62047
uni_login3_cpu,model_forward,2.934955
uni_login3_cpu,model_forward,2.520106
uni_login3_cpu,model_forward,2.491206
uni_login3_cpu,model_forward,2.492902
uni_login3_cpu,model_forward,2.284367
uni_login3_cpu,model_forward,2.502381
uni_login3_cpu,model_forward,2.323636
uni_login3_cpu,model_forward,2.445806
uni_login3_cpu,model_forward,2.403631
uni_login3_cpu,model_forward,2.42577
uni_login3_cpu,model_forward,2.405514
uni_login3_cpu,model_forward,2.393338
uni_login3_cpu,model_forward,2.297889
uni_login3_cpu,model_forward,2.371932
uni_login3_cpu,model_forward,2.319029
uni_login3_cpu,model_forward,2.452938
uni_login3_cpu,model_forward,2.409683
uni_login3_cpu,model_forward,2.380439
uni_login3_cpu,model_forward,2.459363
uni_login3_cpu,model_forward,2.308028
uni_login3_cpu,model_forward,2.396653
uni_login3_cpu,model_forward,2.281096
uni_login3_cpu,model_forward,2.426415
uni_login3_cpu,model_forward,2.327542
uni_login3_cpu,model_forward,2.426884
uni_login3_cpu,model_forward,2.352105
uni_login3_cpu,model_forward,2.391754
uni_login3_cpu,model_forward,2.365809
uni_login3_cpu,model_forward,2.357872
uni_login3_cpu,model_forward,2.351313
uni_login3_cpu,model_forward,2.380196
uni_login3_cpu,model_forward,2.370776
uni_login3_cpu,model_forward,2.422572
uni_login3_cpu,model_forward,2.394451
uni_login3_cpu,model_forward,2.272735
uni_login3_cpu,model_forward,2.4225
uni_login3_cpu,model_forward,2.300362
uni_login3_cpu,model_forward,2.492267
uni_login3_cpu,model_forward,2.345469
uni_login3_cpu,model_forward,2.368428
uni_login3_cpu,model_forward,2.370685
uni_login3_cpu,model_forward,2.390542
uni_login3_cpu,model_forward,2.360432
uni_login3_cpu,model_forward,2.331719
uni_login3_cpu,model_forward,2.375724
uni_login3_cpu,model_forward,2.370629
uni_login3_cpu,model_forward,2.416279
uni_login3_cpu,model_forward,2.323897
uni_login3_cpu,model_forward,2.444919
uni_login3_cpu,model_forward,2.325373
uni_login3_cpu,model_forward,2.460762
uni_login3_cpu,model_forward,2.278368
uni_login3_cpu,model_forward,2.439911
uni_login3_cpu,model_forward,2.290512
uni_login3_cpu,model_forward,2.379017
uni_login3_cpu,model_forward,2.314486
uni_login3_cpu,model_forward,2.352213
uni_login3_cpu,model_forward,2.403277
uni_login3_cpu,model_forward,2.330335
uni_login3_cpu,model_forward,2.327048
uni_login3_cpu,model_forward,2.310797
uni_login3_cpu,model_forward,2.390936
uni_login3_cpu,model_forward,2.40356
uni_login3_cpu,model_forward,2.432558
uni_login3_cpu,model_forward,2.317006
uni_login3_cpu,model_forward,2.415382
uni_login3_cpu,model_forward,2.295733
uni_login3_cpu,model_forward,2.393268
uni_login3_cpu,model_forward,2.30132
uni_login3_cpu,model_forward,2.335742
uni_login3_cpu,model_forward,2.372228
uni_login3_cpu,model_forward,2.330876
uni_login3_cpu,model_forward,2.411123
uni_login3_cpu,model_forward,2.316723
uni_login3_cpu,model_forward,2.418982
uni_login3_cpu,model_forward,2.302456
uni_login3_cpu,model_forward,2.373464
uni_login3_cpu,model_forward,2.284722
uni_login3_cpu,model_forward,2.405385
uni_login3_cpu,model_forward,2.327579
uni_login3_cpu,model_forward,2.380419
uni_login3_cpu,model_forward,2.342745
uni_login3_cpu,model_forward,2.328268
uni_login3_cpu,model_forward,2.421832
uni_login3_cpu,model_forward,2.395722
uni_login3_cpu,model_forward,2.440854
uni_login3_cpu,model_forward,2.463437
uni_login3_cpu,model_forward,2.400055
uni_login3_cpu,model_forward,2.312047
uni_login3_cpu,model_forward,2.468938
uni_login3_cpu,model_forward,2.280006
uni_login3_cpu,model_forward,2.431696
uni_login3_cpu,model_forward,2.295552
uni_login3_cpu,model_forward,2.407496
uni_login3_cpu,model_forward,2.310049
uni_login3_cpu,model_forward,2.470057
uni_login3_cpu,model_forward,2.392081
uni_login3_cpu,model_forward,2.393214
uni_login3_cpu,model_forward,2.322914
uni_login3_cpu,model_forward,2.404092
uni_login3_cpu,model_forward,2.371106
uni_login3_cpu,model_forward,2.448299
uni_login3_cpu,model_forward,2.386748
uni_login3_cpu,model_forward,2.35271
uni_login3_cpu,model_forward,2.440291
uni_login3_cpu,model_forward,2.434311
uni_login3_cpu,model_forward,2.42841
uni_login3_cpu,model_forward,2.282645
uni_login3_cpu,model_forward,2.417534
uni_login3_cpu,model_forward,2.3295
uni_login3_cpu,model_forward,2.415222
uni_login3_cpu,model_forward,2.346809
uni_login3_cpu,model_forward,2.405826
uni_login3_cpu,model_forward,2.364557
uni_login3_cpu,model_forward,2.35471
uni_login3_cpu,model_forward,2.325166
uni_login3_cpu,model_forward,2.382406
uni_login3_cpu,model_forward,2.419594
uni_login3_cpu,model_forward,2.313562
uni_login3_cpu,model_forward,2.370847
uni_login3_cpu,model_forward,2.284127
uni_login3_cpu,model_forward,2.455955
uni_login3_cpu,model_forward,2.384693
uni_login3_cpu,model_forward,2.39441
uni_login3_cpu,model_forward,2.325586
uni_login3_cpu,model_forward,2.397687
uni_login3_cpu,model_forward,2.368906
uni_login3_cpu,model_forward,2.359449
uni_login3_cpu,model_forward,2.351422
uni_login3_cpu,model_forward,2.336592
uni_login3_cpu,model_forward,2.462687
uni_login3_cpu,model_forward,2.443918
uni_login3_cpu,model_forward,2.388192
uni_login3_cpu,model_forward,2.350922
uni_login3_cpu,model_forward,2.375781
uni_login3_cpu,model_forward,2.272861
uni_login3_cpu,model_forward,2.449405
uni_login3_cpu,model_forward,2.30557
uni_login3_cpu,model_forward,2.418372
uni_login3_cpu,model_forward,2.288922
uni_login3_cpu,model_forward,2.37744
uni_login3_cpu,model_forward,2.359045
uni_login3_cpu,model_forward,2.328859
uni_login3_cpu,model_forward,2.375107
uni_login3_cpu,model_forward,2.311466
uni_login3_cpu,model_forward,2.377017
uni_login3_cpu,model_forward,2.423715
uni_login3_cpu,model_forward,2.437193
uni_login3_cpu,model_forward,2.308604
uni_login3_cpu,model_forward,2.455453
uni_login3_cpu,model_forward,2.308981
uni_login3_cpu,model_forward,2.470197
uni_login3_cpu,model_forward,2.290625
uni_login3_cpu,model_forward,2.411803
uni_login3_cpu,model_forward,2.297075
uni_login3_cpu,model_forward,2.39055
uni_login3_cpu,model_forward,2.344082
uni_login3_cpu,model_forward,2.332145
uni_login3_cpu,model_forward,2.386345
uni_login3_cpu,model_forward,2.328752
uni_login3_cpu,model_forward,2.41791
uni_login3_cpu,model_forward,2.348854
uni_login3_cpu,model_forward,2.404771
uni_login3_cpu,model_forward,2.306956
uni_login3_cpu,model_forward,2.398913
uni_login3_cpu,model_forward,2.32547
uni_login3_cpu,model_forward,2.402459
uni_login3_cpu,model_forward,2.402965
uni_login3_cpu,model_forward,2.431275
uni_login3_cpu,model_forward,2.370178
uni_login3_cpu,model_forward,2.418877
uni_login3_cpu,model_forward,2.334897
uni_login3_cpu,model_forward,2.339189
uni_login3_cpu,model_forward,2.384136
uni_login3_cpu,model_forward,2.334934
uni_login3_cpu,model_forward,2.39763
uni_login3_cpu,model_forward,2.318716
uni_login3_cpu,model_forward,2.400665
uni_login3_cpu,model_forward,2.315662
uni_login3_cpu,model_forward,2.402746
uni_login3_cpu,model_forward,2.374464
uni_login3_cpu,model_forward,2.401158
uni_login3_cpu,model_forward,2.380636
uni_login3_cpu,model_forward,2.418367
uni_login3_cpu,model_forward,2.362452
uni_login3_cpu,model_forward,2.36809
uni_login3_cpu,model_forward,2.35437
uni_login3_cpu,model_forward,2.342877
uni_login3_cpu,model_forward,2.403644
uni_login3_cpu,model_forward,2.367837
uni_login3_cpu,model_forward,2.458722
uni_login3_cpu,model_forward,2.304658
uni_login3_cpu,model_forward,2.451066
uni_login3_cpu,model_forward,2.428002
uni_login3_cpu,model_forward,2.423737
uni_login3_cpu,model_forward,2.324424
uni_login3_cpu,model_forward,2.410458
uni_login3_cpu,model_forward,2.42947
uni_login3_cpu,model_forward,2.404749
uni_login3_cpu,model_forward,2.306837
uni_login3_cpu,model_forward,2.362304
uni_login3_cpu,model_forward,2.323116
uni_login3_cpu,model_forward,2.359262
uni_login3_cpu,model_forward,2.389884
uni_login3_cpu,model_forward,2.31307
uni_login3_cpu,model_forward,2.419743
uni_login3_cpu,model_forward,2.286638
uni_login3_cpu,model_forward,2.467488
uni_login3_cpu,model_forward,2.399347
uni_login3_cpu,model_forward,2.412041
uni_login3_cpu,model_forward,2.373812
uni_login3_cpu,model_forward,2.451342
uni_login3_cpu,model_forward,2.35377
uni_login3_cpu,model_forward,2.416201
uni_login3_cpu,model_forward,2.313432
uni_login3_cpu,model_forward,2.393241
uni_login3_cpu,model_forward,2.326861
uni_login3_cpu,model_forward,2.363029
uni_login3_cpu,model_forward,2.417921
uni_login3_cpu,model_forward,2.339008
uni_login3_cpu,model_forward,2.403399
uni_login3_cpu,model_forward,2.311594
uni_login3_cpu,model_forward,2.367249
uni_login3_cpu,model_forward,2.276614
uni_login3_cpu,model_forward,2.428713
uni_login3_cpu,model_forward,2.354231
uni_login3_cpu,model_forward,2.365952
uni_login3_cpu,model_forward,2.431037
uni_login3_cpu,model_forward,2.496213
uni_login3_cpu,model_forward,2.381876
uni_login3_cpu,model_forward,2.363667
uni_login3_cpu,model_forward,2.399721
uni_login3_cpu,model_forward,2.393056
uni_login3_cpu,model_forward,2.380582
uni_login3_cpu,model_forward,2.36778
uni_login3_cpu,model_forward,2.406135
uni_login3_cpu,model_forward,2.28667
uni_login3_cpu,model_forward,2.452684
uni_login3_cpu,model_forward,2.307502
uni_login3_cpu,model_forward,2.454598
uni_login3_cpu,model_forward,2.35114
uni_login3_cpu,model_forward,2.362006
uni_login3_cpu,model_forward,2.383554
uni_login3_cpu,model_forward,2.366415
uni_login3_cpu,model_forward,2.404587
uni_login3_cpu,model_forward,2.363239
uni_login3_cpu,model_forward,2.363144
uni_login3_cpu,model_forward,2.365962
uni_login3_cpu,model_forward,2.340538
uni_login3_cpu,model_forward,2.343793
uni_login3_cpu,model_forward,2.441344
uni_login3_cpu,model_forward,2.363593
uni_login3_cpu,model_forward,2.47965
uni_login3_cpu,model_forward,2.311321
uni_login3_cpu,model_forward,2.444038
uni_login3_cpu,model_forward,2.291786
uni_login3_cpu,model_forward,2.410872
uni_login3_cpu,model_forward,2.47839
uni_login3_cpu,model_forward,2.396306
uni_login3_cpu,model_forward,2.369502
uni_login3_cpu,model_forward,2.357756
uni_login3_cpu,model_forward,2.344825
uni_login3_cpu,model_forward,2.472999
uni_login3_cpu,model_forward,2.419347
uni_login3_cpu,model_forward,2.360583
uni_login3_cpu,model_forward,2.35118
uni_login3_cpu,model_forward,2.311884
uni_login3_cpu,model_forward,2.368151
uni_login3_cpu,model_forward,2.319272
uni_login3_cpu,model_forward,2.431705
uni_login3_cpu,model_forward,2.304658
uni_login3_cpu,model_forward,2.416462
uni_login3_cpu,model_forward,2.333256
uni_login3_cpu,model_forward,2.428827
uni_login3_cpu,model_forward,2.36757
uni_login3_cpu,model_forward,2.345755
uni_login3_cpu,model_forward,2.392308
uni_login3_cpu,model_forward,2.42605
uni_login3_cpu,model_forward,2.445771
uni_login3_cpu,model_forward,2.449214
uni_login3_cpu,model_forward,2.385507
uni_login3_cpu,model_forward,2.322836
uni_login3_cpu,model_forward,2.452114
uni_login3_cpu,model_forward,2.277768
uni_login3_cpu,model_forward,2.459525
uni_login3_cpu,model_forward,2.318023
uni_login3_cpu,model_forward,2.465615
uni_login3_cpu,model_forward,2.32979
uni_login3_cpu,model_forward,2.397145
uni_login3_cpu,model_forward,4.981718
uni_login3_cpu,model_forward,2.694915
uni_login3_cpu,model_forward,2.437166
uni_login3_cpu,model_forward,2.377824
uni_login3_cpu,model_forward,2.463328
uni_login3_cpu,model_forward,2.371158
uni_login3_cpu,model_forward,2.362897
uni_login3_cpu,model_forward,2.403696
uni_login3_cpu,offline_window,2.419165
uni_login3_cpu,offline_window,2.570032
uni_login3_cpu,offline_window,2.525863
uni_login3_cpu,offline_window,2.42868
uni_login3_cpu,offline_window,2.48882
uni_login3_cpu,offline_window,2.435895
uni_login3_cpu,offline_window,2.490716
uni_login3_cpu,offline_window,2.437226
uni_login3_cpu,offline_window,2.549178
uni_login3_cpu,offline_window,2.431415
uni_login3_cpu,offline_window,2.512807
uni_login3_cpu,offline_window,2.395813
uni_login3_cpu,offline_window,2.55542
uni_login3_cpu,offline_window,2.376787
uni_login3_cpu,offline_window,2.541382
uni_login3_cpu,offline_window,2.392091
uni_login3_cpu,offline_window,2.494279
uni_login3_cpu,offline_window,2.504171
uni_login3_cpu,offline_window,2.555523
uni_login3_cpu,offline_window,2.420973
uni_login3_cpu,offline_window,2.523495
uni_login3_cpu,offline_window,2.410324
uni_login3_cpu,offline_window,2.532548
uni_login3_cpu,offline_window,2.381096
uni_login3_cpu,offline_window,2.450279
uni_login3_cpu,offline_window,2.504826
uni_login3_cpu,offline_window,2.469712
uni_login3_cpu,offline_window,2.449119
uni_login3_cpu,offline_window,2.483253
uni_login3_cpu,offline_window,2.48037
uni_login3_cpu,offline_window,2.532384
uni_login3_cpu,offline_window,2.48339
uni_login3_cpu,offline_window,2.556162
uni_login3_cpu,offline_window,2.580393
uni_login3_cpu,offline_window,2.469881
uni_login3_cpu,offline_window,2.447276
uni_login3_cpu,offline_window,2.456707
uni_login3_cpu,offline_window,2.481149
uni_login3_cpu,offline_window,2.451416
uni_login3_cpu,offline_window,2.487792
uni_login3_cpu,offline_window,2.429978
uni_login3_cpu,offline_window,2.52623
uni_login3_cpu,offline_window,2.406843
uni_login3_cpu,offline_window,2.53789
uni_login3_cpu,offline_window,2.416777
uni_login3_cpu,offline_window,2.524191
uni_login3_cpu,offline_window,2.422902
uni_login3_cpu,offline_window,2.511494
uni_login3_cpu,offline_window,2.38326
uni_login3_cpu,offline_window,2.574537
uni_login3_cpu,offline_window,2.376429
uni_login3_cpu,offline_window,2.547789
uni_login3_cpu,offline_window,2.420886
uni_login3_cpu,offline_window,2.536553
uni_login3_cpu,offline_window,2.407409
uni_login3_cpu,offline_window,2.495036
uni_login3_cpu,offline_window,2.46503
uni_login3_cpu,offline_window,2.578441
uni_login3_cpu,offline_window,2.386766
uni_login3_cpu,offline_window,2.495732
uni_login3_cpu,offline_window,2.389245
uni_login3_cpu,offline_window,2.457105
uni_login3_cpu,offline_window,2.466047
uni_login3_cpu,offline_window,2.461056
uni_login3_cpu,offline_window,2.519794
uni_login3_cpu,offline_window,2.490753
uni_login3_cpu,offline_window,2.436935
uni_login3_cpu,offline_window,2.522137
uni_login3_cpu,offline_window,2.547948
uni_login3_cpu,offline_window,2.489179
uni_login3_cpu,offline_window,2.531268
uni_login3_cpu,offline_window,2.42878
uni_login3_cpu,offline_window,2.492156
uni_login3_cpu,offline_window,2.465639
uni_login3_cpu,offline_window,2.449115
uni_login3_cpu,offline_window,2.504427
uni_login3_cpu,offline_window,2.437875
uni_login3_cpu,offline_window,2.543984
uni_login3_cpu,offline_window,2.507084
uni_login3_cpu,offline_window,2.403141
uni_login3_cpu,offline_window,2.465631
uni_login3_cpu,offline_window,2.380311
uni_login3_cpu,offline_window,2.492444
uni_login3_cpu,offline_window,2.411311
uni_login3_cpu,offline_window,2.552309
uni_login3_cpu,offline_window,2.406967
uni_login3_cpu,offline_window,2.533319
uni_login3_cpu,offline_window,2.367572
uni_login3_cpu,offline_window,2.533814
uni_login3_cpu,offline_window,2.379389
uni_login3_cpu,offline_window,2.497166
uni_login3_cpu,offline_window,2.434873
uni_login3_cpu,offline_window,2.468075
uni_login3_cpu,offline_window,2.474089
uni_login3_cpu,offline_window,2.469455
uni_login3_cpu,offline_window,2.45553
uni_login3_cpu,offline_window,2.453243
uni_login3_cpu,offline_window,2.463873
uni_login3_cpu,offline_window,2.505299
uni_login3_cpu,offline_window,2.478325
uni_login3_cpu,offline_window,2.426512
uni_login3_cpu,offline_window,2.490013
uni_login3_cpu,offline_window,2.425885
uni_login3_cpu,offline_window,2.496669
uni_login3_cpu,offline_window,2.433595
uni_login3_cpu,offline_window,2.476584
uni_login3_cpu,offline_window,2.415515
uni_login3_cpu,offline_window,2.455374
uni_login3_cpu,offline_window,2.401
uni_login3_cpu,offline_window,2.516713
uni_login3_cpu,offline_window,2.373273
uni_login3_cpu,offline_window,2.553939
uni_login3_cpu,offline_window,2.398885
uni_login3_cpu,offline_window,2.504954
uni_login3_cpu,offline_window,2.4168
uni_login3_cpu,offline_window,2.553264
uni_login3_cpu,offline_window,2.391815
uni_login3_cpu,offline_window,2.517603
uni_login3_cpu,offline_window,2.466979
uni_login3_cpu,offline_window,2.526881
uni_login3_cpu,offline_window,2.439253
uni_login3_cpu,offline_window,2.487072
uni_login3_cpu,offline_window,2.447947
uni_login3_cpu,offline_window,2.429409
uni_login3_cpu,offline_window,2.50153
uni_login3_cpu,offline_window,2.476005
uni_login3_cpu,offline_window,2.420386
uni_login3_cpu,offline_window,2.479814
uni_login3_cpu,offline_window,2.474989
uni_login3_cpu,offline_window,2.459679
uni_login3_cpu,offline_window,2.457599
uni_login3_cpu,offline_window,2.427418
uni_login3_cpu,offline_window,2.509129
uni_login3_cpu,offline_window,2.438692
uni_login3_cpu,offline_window,2.476644
uni_login3_cpu,offline_window,2.453025
uni_login3_cpu,offline_window,2.453657
uni_login3_cpu,offline_window,2.417425
uni_login3_cpu,offline_window,2.519325
uni_login3_cpu,offline_window,2.447804
uni_login3_cpu,offline_window,2.535203
uni_login3_cpu,offline_window,2.381216
uni_login3_cpu,offline_window,2.485449
uni_login3_cpu,offline_window,2.494557
uni_login3_cpu,offline_window,2.535333
uni_login3_cpu,offline_window,2.400092
uni_login3_cpu,offline_window,2.513136
uni_login3_cpu,offline_window,2.391615
uni_login3_cpu,offline_window,2.521414
uni_login3_cpu,offline_window,2.36562
uni_login3_cpu,offline_window,2.48999
uni_login3_cpu,offline_window,2.386916
uni_login3_cpu,offline_window,2.45544
uni_login3_cpu,offline_window,2.424217
uni_login3_cpu,offline_window,2.432002
uni_login3_cpu,offline_window,2.465049
uni_login3_cpu,offline_window,2.445198
uni_login3_cpu,offline_window,2.452958
uni_login3_cpu,offline_window,2.438447
uni_login3_cpu,offline_window,2.523056
uni_login3_cpu,offline_window,2.418291
uni_login3_cpu,offline_window,2.549941
uni_login3_cpu,offline_window,2.402176
uni_login3_cpu,offline_window,2.488505
uni_login3_cpu,offline_window,2.412828
uni_login3_cpu,offline_window,2.489686
uni_login3_cpu,offline_window,2.502871
uni_login3_cpu,offline_window,2.490776
uni_login3_cpu,offline_window,2.374566
uni_login3_cpu,offline_window,2.491239
uni_login3_cpu,offline_window,2.383902
uni_login3_cpu,offline_window,2.539719
uni_login3_cpu,offline_window,2.428547
uni_login3_cpu,offline_window,2.482814
uni_login3_cpu,offline_window,2.417512
uni_login3_cpu,offline_window,2.467026
uni_login3_cpu,offline_window,2.391024
uni_login3_cpu,offline_window,2.462142
uni_login3_cpu,offline_window,2.473848
uni_login3_cpu,offline_window,2.509856
uni_login3_cpu,offline_window,2.491997
uni_login3_cpu,offline_window,2.512976
uni_login3_cpu,offline_window,2.487589
uni_login3_cpu,offline_window,2.435544
uni_login3_cpu,offline_window,2.51928
uni_login3_cpu,offline_window,2.446491
uni_login3_cpu,offline_window,2.451533
uni_login3_cpu,offline_window,2.481842
uni_login3_cpu,offline_window,2.449543
uni_login3_cpu,offline_window,2.435427
uni_login3_cpu,offline_window,2.4508
uni_login3_cpu,offline_window,2.407337
uni_login3_cpu,offline_window,2.495784
uni_login3_cpu,offline_window,2.457528
uni_login3_cpu,offline_window,2.452235
uni_login3_cpu,offline_window,2.422652
uni_login3_cpu,offline_window,2.498843
uni_login3_cpu,offline_window,2.448916
uni_login3_cpu,offline_window,2.523988
uni_login3_cpu,offline_window,2.441565
uni_login3_cpu,offline_window,2.530344
uni_login3_cpu,offline_window,2.402718
uni_login3_cpu,offline_window,2.515366
uni_login3_cpu,offline_window,2.481498
uni_login3_cpu,offline_window,2.496428
uni_login3_cpu,offline_window,2.433579
uni_login3_cpu,offline_window,2.518493
uni_login3_cpu,offline_window,2.49464
uni_login3_cpu,offline_window,2.519249
uni_login3_cpu,offline_window,2.419543
uni_login3_cpu,offline_window,2.481935
uni_login3_cpu,offline_window,2.432027
uni_login3_cpu,offline_window,2.426062
uni_login3_cpu,offline_window,2.472389
uni_login3_cpu,offline_window,2.427196
uni_login3_cpu,offline_window,2.474706
uni_login3_cpu,offline_window,2.451191
uni_login3_cpu,offline_window,2.421987
uni_login3_cpu,offline_window,2.492547
uni_login3_cpu,offline_window,2.481982
uni_login3_cpu,offline_window,2.505782
uni_login3_cpu,offline_window,2.529978
uni_login3_cpu,offline_window,2.409402
uni_login3_cpu,offline_window,2.508
uni_login3_cpu,offline_window,2.424298
uni_login3_cpu,offline_window,2.49073
uni_login3_cpu,offline_window,2.410959
uni_login3_cpu,offline_window,2.500428
uni_login3_cpu,offline_window,2.37507
uni_login3_cpu,offline_window,2.492584
uni_login3_cpu,offline_window,2.371366
uni_login3_cpu,offline_window,2.511604
uni_login3_cpu,offline_window,2.380969
uni_login3_cpu,offline_window,2.541375
uni_login3_cpu,offline_window,2.511766
uni_login3_cpu,offline_window,3.77612
uni_login3_cpu,offline_window,3.21292
uni_login3_cpu,offline_window,2.461068
uni_login3_cpu,offline_window,2.504722
uni_login3_cpu,offline_window,2.561285
uni_login3_cpu,offline_window,2.486061
uni_login3_cpu,offline_window,2.562399
uni_login3_cpu,offline_window,2.581408
uni_login3_cpu,offline_window,2.484937
uni_login3_cpu,offline_window,2.444542
uni_login3_cpu,offline_window,2.433636
uni_login3_cpu,offline_window,2.460856
uni_login3_cpu,offline_window,2.46936
uni_login3_cpu,offline_window,2.471242
uni_login3_cpu,offline_window,2.483852
uni_login3_cpu,offline_window,2.406128
uni_login3_cpu,offline_window,2.526726
uni_login3_cpu,offline_window,2.411841
uni_login3_cpu,offline_window,2.511318
uni_login3_cpu,offline_window,2.491833
uni_login3_cpu,offline_window,2.491087
uni_login3_cpu,offline_window,2.40854
uni_login3_cpu,offline_window,2.489091
uni_login3_cpu,offline_window,2.42301
uni_login3_cpu,offline_window,2.525597
uni_login3_cpu,offline_window,2.4866
uni_login3_cpu,offline_window,2.546697
uni_login3_cpu,offline_window,2.645579
uni_login3_cpu,offline_window,2.523648
uni_login3_cpu,offline_window,2.51742
uni_login3_cpu,offline_window,2.53794
uni_login3_cpu,offline_window,2.369703
uni_login3_cpu,offline_window,2.547919
uni_login3_cpu,offline_window,2.450646
uni_login3_cpu,offline_window,2.492668
uni_login3_cpu,offline_window,2.414944
uni_login3_cpu,offline_window,2.457253
uni_login3_cpu,offline_window,2.416759
uni_login3_cpu,offline_window,2.453792
uni_login3_cpu,offline_window,2.464295
uni_login3_cpu,offline_window,2.457377
uni_login3_cpu,offline_window,2.460432
uni_login3_cpu,offline_window,2.438895
uni_login3_cpu,offline_window,2.505418
uni_login3_cpu,offline_window,2.432253
uni_login3_cpu,offline_window,2.51657
uni_login3_cpu,offline_window,2.431805
uni_login3_cpu,offline_window,2.490421
uni_login3_cpu,offline_window,2.48065
uni_login3_cpu,offline_window,2.479531
uni_login3_cpu,offline_window,2.442692
uni_login3_cpu,offline_window,2.455953
uni_login3_cpu,offline_window,2.392696
uni_login3_cpu,offline_window,2.55186
uni_login3_cpu,offline_window,2.403321
uni_login3_cpu,offline_window,2.485279
uni_login3_cpu,offline_window,2.412759
uni_login3_cpu,offline_window,2.468556
uni_login3_cpu,offline_window,2.43984
uni_login3_cpu,offline_window,2.486845
uni_login3_cpu,offline_window,2.402258
uni_login3_cpu,offline_window,2.513287
uni_login3_cpu,offline_window,2.397179
uni_login3_cpu,offline_window,2.563407
uni_login3_cpu,offline_window,2.475821
uni_login3_cpu,offline_window,2.533615
uni_login3_cpu,offline_window,2.443463
uni_login3_cpu,offline_window,2.490863
uni_login3_cpu,offline_window,2.411636
uni_login3_cpu,offline_window,2.531872
uni_login3_cpu,offline_window,2.41227
uni_login3_cpu,offline_window,2.452601
uni_login3_cpu,offline_window,2.459306
uni_login3_cpu,offline_window,2.440657
uni_login3_cpu,offline_window,2.497777
uni_login3_cpu,offline_window,2.461537
uni_login3_cpu,offline_window,2.456661
uni_login3_cpu,offline_window,2.43187
uni_login3_cpu,offline_window,2.473564
uni_login3_cpu,offline_window,2.404193
uni_login3_cpu,offline_window,2.473884
uni_login3_cpu,offline_window,2.381863
uni_login3_cpu,offline_window,2.490591
uni_login3_cpu,offline_window,2.411102
uni_login3_cpu,offline_window,2.503877
uni_login3_cpu,offline_window,2.421174
uni_login3_cpu,offline_window,2.477498
uni_login3_cpu,offline_window,2.452844
uni_login3_cpu,offline_window,2.49285
uni_login3_cpu,offline_window,2.595442
uni_login3_cpu,offline_window,2.628253
uni_login3_cpu,offline_window,2.548617
uni_login3_cpu,offline_window,2.643374
uni_login3_cpu,offline_window,2.634831
uni_login3_cpu,offline_window,2.474165
uni_login3_cpu,offline_window,2.4683
uni_login3_cpu,offline_window,2.548706
uni_login3_cpu,offline_window,2.449563
uni_login3_cpu,offline_window,2.558997
uni_login3_cpu,offline_window,2.410138
uni_login3_cpu,offline_window,2.556183
uni_login3_cpu,offline_window,2.510709
uni_login3_cpu,offline_window,2.514626
uni_login3_cpu,offline_window,2.49082
uni_login3_cpu,offline_window,2.586352
uni_login3_cpu,offline_window,2.501505
uni_login3_cpu,offline_window,2.584092
uni_login3_cpu,offline_window,2.473553
uni_login3_cpu,offline_window,2.583879
uni_login3_cpu,offline_window,3.101916
uni_login3_cpu,offline_window,2.578209
uni_login3_cpu,offline_window,2.414243
uni_login3_cpu,offline_window,2.49951
uni_login3_cpu,offline_window,2.360345
uni_login3_cpu,offline_window,2.579271
uni_login3_cpu,offline_window,2.47811
uni_login3_cpu,offline_window,2.499402
uni_login3_cpu,offline_window,2.44054
uni_login3_cpu,offline_window,2.49299
uni_login3_cpu,offline_window,2.601014
uni_login3_cpu,offline_window,2.640583
uni_login3_cpu,offline_window,2.415784
uni_login3_cpu,offline_window,2.566759
uni_login3_cpu,offline_window,2.461527
uni_login3_cpu,offline_window,2.480071
uni_login3_cpu,offline_window,2.506081
uni_login3_cpu,offline_window,2.508095
uni_login3_cpu,offline_window,2.414756
uni_login3_cpu,offline_window,2.51104
uni_login3_cpu,offline_window,2.413263
uni_login3_cpu,offline_window,2.543703
uni_login3_cpu,offline_window,2.423281
uni_login3_cpu,offline_window,2.432494
uni_login3_cpu,offline_window,2.474588
uni_login3_cpu,offline_window,2.457878
uni_login3_cpu,offline_window,2.470327
uni_login3_cpu,offline_window,2.491033
uni_login3_cpu,offline_window,2.456309
uni_login3_cpu,offline_window,2.578334
uni_login3_cpu,offline_window,2.463805
uni_login3_cpu,offline_window,2.408553
uni_login3_cpu,offline_window,2.493049
uni_login3_cpu,offline_window,2.396946
uni_login3_cpu,offline_window,2.466571
uni_login3_cpu,offline_window,2.541137
uni_login3_cpu,offline_window,2.528547
uni_login3_cpu,offline_window,2.39895
uni_login3_cpu,offline_window,2.495308
uni_login3_cpu,offline_window,2.371786
uni_login3_cpu,offline_window,2.556341
uni_login3_cpu,offline_window,2.589386
uni_login3_cpu,offline_window,2.547836
uni_login3_cpu,offline_window,2.438572
uni_login3_cpu,offline_window,2.484473
uni_login3_cpu,offline_window,2.452924
uni_login3_cpu,offline_window,2.481817
uni_login3_cpu,offline_window,2.403429
uni_login3_cpu,offline_window,2.478507
uni_login3_cpu,offline_window,2.492471
uni_login3_cpu,offline_window,2.51945
uni_login3_cpu,offline_window,2.426766
uni_login3_cpu,offline_window,2.456397
uni_login3_cpu,offline_window,2.450746
uni_login3_cpu,offline_window,2.480468
uni_login3_cpu,offline_window,2.447759
uni_login3_cpu,offline_window,2.515902
uni_login3_cpu,offline_window,2.421433
uni_login3_cpu,offline_window,2.524388
uni_login3_cpu,offline_window,2.48235
uni_login3_cpu,offline_window,2.448332
uni_login3_cpu,offline_window,2.491133
uni_login3_cpu,offline_window,2.409269
uni_login3_cpu,offline_window,2.532586
uni_login3_cpu,offline_window,2.42947
uni_login3_cpu,offline_window,2.456464
uni_login3_cpu,offline_window,2.469338
uni_login3_cpu,offline_window,2.503096
uni_login3_cpu,offline_window,2.394197
uni_login3_cpu,offline_window,2.522107
uni_login3_cpu,offline_window,2.386984
uni_login3_cpu,offline_window,2.527406
uni_login3_cpu,offline_window,2.394527
uni_login3_cpu,offline_window,2.469684
uni_login3_cpu,offline_window,2.398562
uni_login3_cpu,offline_window,2.500931
uni_login3_cpu,offline_window,2.440215
uni_login3_cpu,offline_window,2.555851
uni_login3_cpu,offline_window,2.364183
uni_login3_cpu,offline_window,2.496426
uni_login3_cpu,offline_window,2.369733
uni_login3_cpu,offline_window,2.559401
uni_login3_cpu,offline_window,2.408501
uni_login3_cpu,offline_window,2.444314
uni_login3_cpu,offline_window,2.435844
uni_login3_cpu,offline_window,2.446368
uni_login3_cpu,offline_window,2.396226
uni_login3_cpu,offline_window,2.431156
uni_login3_cpu,offline_window,2.448954
uni_login3_cpu,offline_window,2.432543
uni_login3_cpu,offline_window,2.476264
uni_login3_cpu,offline_window,2.599144
uni_login3_cpu,offline_window,2.484272
uni_login3_cpu,offline_window,2.399568
uni_login3_cpu,offline_window,2.512385
uni_login3_cpu,offline_window,2.407592
uni_login3_cpu,offline_window,2.489869
uni_login3_cpu,offline_window,2.554786
uni_login3_cpu,offline_window,2.521927
uni_login3_cpu,offline_window,2.39778
uni_login3_cpu,offline_window,2.557697
uni_login3_cpu,offline_window,2.365601
uni_login3_cpu,offline_window,2.517165
uni_login3_cpu,offline_window,2.453699
uni_login3_cpu,offline_window,2.496561
uni_login3_cpu,offline_window,2.445515
uni_login3_cpu,offline_window,2.495768
uni_login3_cpu,offline_window,2.398891
uni_login3_cpu,offline_window,2.547818
uni_login3_cpu,offline_window,2.409049
uni_login3_cpu,offline_window,2.487053
uni_login3_cpu,offline_window,2.481961
uni_login3_cpu,offline_window,2.521835
uni_login3_cpu,offline_window,2.444895
uni_login3_cpu,offline_window,2.467358
uni_login3_cpu,offline_window,2.415954
uni_login3_cpu,offline_window,2.431942
uni_login3_cpu,offline_window,2.474351
uni_login3_cpu,offline_window,2.437825
uni_login3_cpu,offline_window,2.425025
uni_login3_cpu,offline_window,2.413371
uni_login3_cpu,offline_window,2.430473
uni_login3_cpu,offline_window,2.395098
uni_login3_cpu,offline_window,2.505604
uni_login3_cpu,offline_window,2.425117
uni_login3_cpu,offline_window,2.467866
uni_login3_cpu,offline_window,2.445486
uni_login3_cpu,offline_window,2.538238
uni_login3_cpu,offline_window,2.397327
uni_login3_cpu,offline_window,2.509226
uni_login3_cpu,offline_window,2.377605
uni_login3_cpu,offline_window,2.505007
uni_login3_cpu,offline_window,2.437669
uni_login3_cpu,offline_window,2.487679
uni_login3_cpu,offline_window,2.4886
uni_login3_cpu,offline_window,2.53671
uni_login3_cpu,offline_window,2.392697
uni_login3_cpu,offline_window,2.503764
uni_login3_cpu,offline_window,2.398521
uni_login3_cpu,offline_window,2.481912
uni_login3_cpu,offline_window,2.387863
uni_login3_cpu,offline_window,2.45006
uni_login3_cpu,offline_window,2.396395
uni_login3_cpu,offline_window,2.48476
uni_login3_cpu,offline_window,2.599814
uni_login3_cpu,offline_window,2.55971
uni_login3_cpu,offline_window,2.442743
uni_login3_cpu,offline_window,2.453852
uni_login3_cpu,offline_window,2.42046
uni_login3_cpu,offline_window,2.48478
uni_login3_cpu,offline_window,2.47704
uni_login3_cpu,offline_window,2.397554
uni_login3_cpu,offline_window,2.51029
uni_login3_cpu,offline_window,2.382278
uni_login3_cpu,offline_window,2.506183
uni_login3_cpu,offline_window,2.374928
uni_login3_cpu,offline_window,2.5552
uni_login3_cpu,offline_window,2.410101
uni_login3_cpu,offline_window,2.519974
uni_login3_cpu,offline_window,2.404412
uni_login3_cpu,offline_window,2.495223
uni_login3_cpu,offline_window,2.369601
uni_login3_cpu,offline_window,2.544026
uni_login3_cpu,offline_window,2.37912
uni_login3_cpu,offline_window,2.46077
uni_login3_cpu,offline_window,2.456229
uni_login3_cpu,offline_window,2.465791
uni_login3_cpu,offline_window,2.46292
uni_login3_cpu,offline_window,2.446683
uni_login3_cpu,offline_window,2.416965
uni_login3_cpu,offline_window,2.452321
uni_login3_cpu,offline_window,2.444542
uni_login3_cpu,offline_window,2.432464
uni_login3_cpu,offline_window,2.480686
uni_login3_cpu,offline_window,2.464269
uni_login3_cpu,offline_window,2.458885
uni_login3_cpu,offline_window,2.420228
uni_login3_cpu,offline_window,2.455754
uni_login3_cpu,offline_window,2.483272
uni_login3_cpu,offline_window,2.470018
uni_login3_cpu,offline_window,2.395802
uni_login3_cpu,offline_window,2.456574
uni_login3_cpu,offline_window,2.370304
uni_login3_cpu,offline_window,2.506674
uni_login3_cpu,offline_window,2.403488
uni_login3_cpu,offline_window,2.494133
uni_login3_cpu,offline_window,2.387637
uni_login3_cpu,offline_window,2.486496
uni_login3_cpu,offline_window,2.40826
uni_login3_cpu,offline_window,2.522435
uni_login3_cpu,offline_window,2.383592
uni_login3_cpu,offline_window,2.478424
uni_login3_cpu,offline_window,2.618502
uni_login3_cpu,offline_window,2.583386
uni_login3_cpu,offline_window,2.490771
uni_login3_cpu,offline_window,2.455765
uni_login3_cpu,offline_window,2.416796
uni_login3_cpu,offline_window,2.451278
uni_login3_cpu,offline_window,2.437077
uni_login3_cpu,offline_window,2.541194
uni_login3_cpu,offline_window,2.400897
uni_login3_cpu,offline_window,2.441154
uni_login3_cpu,offline_window,2.425256
uni_login3_cpu,offline_window,2.491281
uni_login3_cpu,offline_window,2.47681
uni_login3_cpu,offline_window,2.397559
uni_login3_cpu,offline_window,2.481916
uni_login3_cpu,offline_window,2.387891
uni_login3_cpu,offline_window,2.42734
uni_login3_cpu,offline_window,2.402522
uni_login3_cpu,offline_window,2.493722
uni_login3_cpu,offline_window,2.371073
uni_login3_cpu,offline_window,2.534125
uni_login3_cpu,offline_window,2.362635
uni_login3_cpu,offline_window,2.516744
uni_login3_cpu,offline_window,2.376137
uni_login3_cpu,offline_window,2.472387
uni_login3_cpu,offline_window,2.377518
uni_login3_cpu,offline_window,2.484609
uni_login3_cpu,offline_window,2.45193
uni_login3_cpu,offline_window,2.4707
uni_login3_cpu,offline_window,2.471064
uni_login3_cpu,offline_window,2.476553
uni_login3_cpu,offline_window,2.385829
uni_login3_cpu,offline_window,2.429439
uni_login3_cpu,offline_window,2.467246
uni_login3_cpu,offline_window,2.435522
uni_login3_cpu,offline_window,2.452093
uni_login3_cpu,offline_window,2.408433
uni_login3_cpu,offline_window,2.467965
uni_login3_cpu,offline_window,2.444741
uni_login3_cpu,offline_window,2.510763
uni_login3_cpu,offline_window,2.423993
uni_login3_cpu,offline_window,2.483615
uni_login3_cpu,offline_window,2.363788
uni_login3_cpu,offline_window,2.503052
uni_login3_cpu,offline_window,2.363591
uni_login3_cpu,offline_window,2.50407
uni_login3_cpu,offline_window,2.540453
uni_login3_cpu,offline_window,2.495061
uni_login3_cpu,offline_window,2.490525
uni_login3_cpu,offline_window,2.484354
uni_login3_cpu,offline_window,2.35788
uni_login3_cpu,offline_window,2.47422
uni_login3_cpu,offline_window,2.356003
uni_login3_cpu,offline_window,2.457196
uni_login3_cpu,offline_window,2.445387
uni_login3_cpu,offline_window,2.513696
uni_login3_cpu,offline_window,2.459832
uni_login3_cpu,offline_window,2.417146
uni_login3_cpu,offline_window,2.479553
uni_login3_cpu,offline_window,2.438464
uni_login3_cpu,offline_window,2.454463
uni_login3_cpu,offline_window,2.413197
uni_login3_cpu,offline_window,2.442012
uni_login3_cpu,offline_window,2.421988
uni_login3_cpu,offline_window,2.451153
uni_login3_cpu,offline_window,2.383066
uni_login3_cpu,offline_window,2.479994
uni_login3_cpu,offline_window,2.36804
uni_login3_cpu,offline_window,2.51709
uni_login3_cpu,offline_window,2.381156
uni_login3_cpu,offline_window,2.476555
uni_login3_cpu,offline_window,2.491827
uni_login3_cpu,offline_window,2.496882
uni_login3_cpu,offline_window,2.402105
uni_login3_cpu,offline_window,2.510816
uni_login3_cpu,offline_window,2.491343
uni_login3_cpu,offline_window,2.525115
uni_login3_cpu,offline_window,2.395934
uni_login3_cpu,offline_window,2.482341
uni_login3_cpu,offline_window,2.44508
uni_login3_cpu,offline_window,2.475397
uni_login3_cpu,offline_window,2.487803
uni_login3_cpu,offline_window,2.469055
uni_login3_cpu,offline_window,2.39889
uni_login3_cpu,offline_window,2.46728
uni_login3_cpu,offline_window,2.545079
uni_login3_cpu,offline_window,2.557296
uni_login3_cpu,offline_window,2.553783
uni_login3_cpu,offline_window,2.567698
uni_login3_cpu,offline_window,2.709221
uni_login3_cpu,offline_window,2.590501
uni_login3_cpu,offline_window,2.52716
uni_login3_cpu,offline_window,2.548387
uni_login3_cpu,offline_window,2.531082
uni_login3_cpu,offline_window,2.534033
uni_login3_cpu,offline_window,2.550908
uni_login3_cpu,offline_window,2.57483
uni_login3_cpu,offline_window,2.424054
uni_login3_cpu,offline_window,2.452625
uni_login3_cpu,offline_window,2.437952
uni_login3_cpu,offline_window,2.400305
uni_login3_cpu,offline_window,2.476119
uni_login3_cpu,offline_window,2.394844
uni_login3_cpu,offline_window,2.468117
uni_login3_cpu,offline_window,2.483545
uni_login3_cpu,offline_window,2.449305
uni_login3_cpu,offline_window,2.430961
uni_login3_cpu,offline_window,2.523953
uni_login3_cpu,offline_window,2.441816
uni_login3_cpu,offline_window,2.516236
uni_login3_cpu,offline_window,2.409507
uni_login3_cpu,offline_window,2.581951
uni_login3_cpu,offline_window,2.394951
uni_login3_cpu,offline_window,2.55876
uni_login3_cpu,offline_window,2.467145
uni_login3_cpu,offline_window,2.499853
uni_login3_cpu,offline_window,2.443777
uni_login3_cpu,offline_window,2.523788
uni_login3_cpu,offline_window,2.372154
uni_login3_cpu,offline_window,2.51258
uni_login3_cpu,offline_window,2.36825
uni_login3_cpu,offline_window,2.549456
uni_login3_cpu,offline_window,2.41532
uni_login3_cpu,offline_window,2.496959
uni_login3_cpu,offline_window,2.425099
uni_login3_cpu,offline_window,2.449138
uni_login3_cpu,offline_window,2.456669
uni_login3_cpu,offline_window,2.584948
uni_login3_cpu,offline_window,2.439981
uni_login3_cpu,offline_window,2.484551
uni_login3_cpu,offline_window,2.404262
uni_login3_cpu,offline_window,2.410524
uni_login3_cpu,offline_window,2.540077
uni_login3_cpu,offline_window,2.43788
uni_login3_cpu,offline_window,2.468803
uni_login3_cpu,offline_window,2.40338
uni_login3_cpu,offline_window,2.53435
uni_login3_cpu,offline_window,2.40401
uni_login3_cpu,offline_window,2.592387
uni_login3_cpu,offline_window,2.612762
uni_login3_cpu,offline_window,2.534398
uni_login3_cpu,offline_window,2.3805
uni_login3_cpu,offline_window,2.529001
uni_login3_cpu,offline_window,2.451744
uni_login3_cpu,offline_window,2.470162
uni_login3_cpu,offline_window,2.445296
uni_login3_cpu,offline_window,2.515454
uni_login3_cpu,offline_window,2.411661
uni_login3_cpu,offline_window,2.526484
uni_login3_cpu,offline_window,2.572208
uni_login3_cpu,offline_window,2.536779
uni_login3_cpu,offline_window,2.444902
uni_login3_cpu,offline_window,2.479802
uni_login3_cpu,offline_window,2.490061
uni_login3_cpu,offline_window,2.528251
uni_login3_cpu,offline_window,2.369922
uni_login3_cpu,offline_window,2.553767
uni_login3_cpu,offline_window,2.371904
uni_login3_cpu,offline_window,2.615726
uni_login3_cpu,offline_window,2.501715
uni_login3_cpu,offline_window,2.457891
uni_login3_cpu,offline_window,2.440048
uni_login3_cpu,offline_window,2.437527
uni_login3_cpu,offline_window,2.440946
uni_login3_cpu,offline_window,2.484191
uni_login3_cpu,offline_window,2.397147
uni_login3_cpu,offline_window,2.559723
uni_login3_cpu,offline_window,2.460384
uni_login3_cpu,offline_window,2.430312
uni_login3_cpu,offline_window,2.52805
uni_login3_cpu,offline_window,2.406552
uni_login3_cpu,offline_window,2.514491
uni_login3_cpu,offline_window,2.4713
uni_login3_cpu,offline_window,2.506466
uni_login3_cpu,offline_window,2.436598
uni_login3_cpu,offline_window,2.481052
uni_login3_cpu,offline_window,2.350893
uni_login3_cpu,offline_window,2.525977
uni_login3_cpu,offline_window,2.384184
uni_login3_cpu,offline_window,2.528996
uni_login3_cpu,offline_window,2.377883
uni_login3_cpu,offline_window,2.496431
uni_login3_cpu,offline_window,2.410244
uni_login3_cpu,offline_window,2.473933
uni_login3_cpu,offline_window,2.380877
uni_login3_cpu,offline_window,2.476523
uni_login3_cpu,offline_window,2.360697
uni_login3_cpu,offline_window,2.455959
uni_login3_cpu,offline_window,2.422669
uni_login3_cpu,offline_window,2.491326
uni_login3_cpu,offline_window,2.484891
uni_login3_cpu,offline_window,2.418531
uni_login3_cpu,offline_window,2.462883
uni_login3_cpu,offline_window,2.415565
uni_login3_cpu,offline_window,2.453378
uni_login3_cpu,offline_window,2.405363
uni_login3_cpu,offline_window,2.46779
uni_login3_cpu,offline_window,2.427104
uni_login3_cpu,offline_window,2.45523
uni_login3_cpu,offline_window,2.360241
uni_login3_cpu,offline_window,2.519558
uni_login3_cpu,offline_window,2.359062
uni_login3_cpu,offline_window,2.483457
uni_login3_cpu,offline_window,2.381769
uni_login3_cpu,offline_window,2.475858
uni_login3_cpu,offline_window,2.40042
uni_login3_cpu,offline_window,2.494136
uni_login3_cpu,offline_window,2.377895
uni_login3_cpu,offline_window,2.519312
uni_login3_cpu,offline_window,2.406541
uni_login3_cpu,offline_window,2.542909
uni_login3_cpu,offline_window,2.466116
uni_login3_cpu,offline_window,2.477195
uni_login3_cpu,offline_window,2.433437
uni_login3_cpu,offline_window,2.448458
uni_login3_cpu,offline_window,2.43684
uni_login3_cpu,offline_window,2.440055
uni_login3_cpu,offline_window,2.436285
uni_login3_cpu,offline_window,2.458011
uni_login3_cpu,offline_window,2.557256
uni_login3_cpu,offline_window,2.41754
uni_login3_cpu,offline_window,2.474413
uni_login3_cpu,offline_window,2.449067
uni_login3_cpu,offline_window,2.587327
uni_login3_cpu,offline_window,2.599639
uni_login3_cpu,offline_window,2.587077
uni_login3_cpu,offline_window,2.648635
uni_login3_cpu,offline_window,2.544332
uni_login3_cpu,offline_window,2.436006
uni_login3_cpu,offline_window,2.506477
uni_login3_cpu,offline_window,2.477438
uni_login3_cpu,offline_window,2.524051
uni_login3_cpu,offline_window,2.449193
uni_login3_cpu,offline_window,2.48004
uni_login3_cpu,offline_window,2.412206
uni_login3_cpu,offline_window,2.557446
uni_login3_cpu,offline_window,2.385669
uni_login3_cpu,offline_window,2.518818
uni_login3_cpu,offline_window,2.360198
uni_login3_cpu,offline_window,2.55335
uni_login3_cpu,offline_window,2.37957
uni_login3_cpu,offline_window,2.499244
uni_login3_cpu,offline_window,2.446897
uni_login3_cpu,offline_window,2.496275
uni_login3_cpu,offline_window,2.429122
uni_login3_cpu,offline_window,2.51242
uni_login3_cpu,offline_window,2.409661
uni_login3_cpu,offline_window,2.475044
uni_login3_cpu,offline_window,2.453575
uni_login3_cpu,offline_window,2.442188
uni_login3_cpu,offline_window,2.49218
uni_login3_cpu,offline_window,2.42024
uni_login3_cpu,offline_window,2.57383
uni_login3_cpu,offline_window,2.426917
uni_login3_cpu,offline_window,2.589176
uni_login3_cpu,offline_window,2.598063
uni_login3_cpu,offline_window,2.637278
uni_login3_cpu,offline_window,2.443348
uni_login3_cpu,offline_window,2.516741
uni_login3_cpu,offline_window,2.427485
uni_login3_cpu,offline_window,2.497119
uni_login3_cpu,offline_window,2.490234
uni_login3_cpu,offline_window,2.446993
uni_login3_cpu,offline_window,2.530551
uni_login3_cpu,offline_window,2.475216
uni_login3_cpu,offline_window,2.436355
uni_login3_cpu,offline_window,2.464753
uni_login3_cpu,offline_window,2.389558
uni_login3_cpu,offline_window,2.449051
uni_login3_cpu,offline_window,2.369506
uni_login3_cpu,offline_window,2.511936
uni_login3_cpu,offline_window,2.447691
uni_login3_cpu,offline_window,2.507124
uni_login3_cpu,offline_window,2.434961
uni_login3_cpu,offline_window,2.4989
uni_login3_cpu,offline_window,2.376338
uni_login3_cpu,offline_window,2.51337
uni_login3_cpu,offline_window,2.414139
uni_login3_cpu,offline_window,2.488832
uni_login3_cpu,offline_window,2.398857
uni_login3_cpu,offline_window,2.507953
uni_login3_cpu,offline_window,2.466076
uni_login3_cpu,offline_window,2.459593
uni_login3_cpu,offline_window,2.457063
uni_login3_cpu,offline_window,2.442387
uni_login3_cpu,offline_window,2.386323
uni_login3_cpu,offline_window,2.431427
uni_login3_cpu,offline_window,2.400553
uni_login3_cpu,offline_window,2.405307
uni_login3_cpu,offline_window,2.475704
uni_login3_cpu,offline_window,2.384386
uni_login3_cpu,offline_window,2.467058
uni_login3_cpu,offline_window,2.370841
uni_login3_cpu,offline_window,2.495418
uni_login3_cpu,offline_window,2.373317
uni_login3_cpu,offline_window,2.500012
uni_login3_cpu,offline_window,2.382645
uni_login3_cpu,offline_window,2.501628
uni_login3_cpu,offline_window,2.368425
uni_login3_cpu,offline_window,2.482336
uni_login3_cpu,offline_window,2.382312
uni_login3_cpu,offline_window,2.489899
uni_login3_cpu,offline_window,2.406752
uni_login3_cpu,offline_window,2.459899
uni_login3_cpu,offline_window,2.377706
uni_login3_cpu,offline_window,2.561918
uni_login3_cpu,offline_window,2.382281
uni_login3_cpu,offline_window,2.431822
uni_login3_cpu,offline_window,2.38275
uni_login3_cpu,offline_window,2.451971
uni_login3_cpu,offline_window,2.420466
uni_login3_cpu,offline_window,2.41367
uni_login3_cpu,offline_window,2.469988
uni_login3_cpu,offline_window,2.43496
uni_login3_cpu,offline_window,2.498423
uni_login3_cpu,offline_window,2.397901
uni_login3_cpu,offline_window,2.535222
uni_login3_cpu,offline_window,2.416512
uni_login3_cpu,offline_window,2.522272
uni_login3_cpu,offline_window,2.368701
uni_login3_cpu,offline_window,2.507015
uni_login3_cpu,offline_window,2.566076
uni_login3_cpu,offline_window,2.530743
uni_login3_cpu,offline_window,2.460412
uni_login3_cpu,offline_window,2.512046
uni_login3_cpu,offline_window,2.490794
uni_login3_cpu,offline_window,2.551191
uni_login3_cpu,offline_window,2.420698
uni_login3_cpu,offline_window,2.502321
uni_login3_cpu,offline_window,2.368919
uni_login3_cpu,offline_window,2.531915
uni_login3_cpu,offline_window,2.454563
uni_login3_cpu,offline_window,2.472523
uni_login3_cpu,offline_window,2.405922
uni_login3_cpu,offline_window,2.483263
uni_login3_cpu,offline_window,2.409722
uni_login3_cpu,offline_window,2.488663
uni_login3_cpu,offline_window,2.415261
uni_login3_cpu,offline_window,2.495687
uni_login3_cpu,offline_window,2.538292
uni_login3_cpu,offline_window,2.434135
uni_login3_cpu,offline_window,2.51973
uni_login3_cpu,offline_window,2.426886
uni_login3_cpu,offline_window,2.436902
uni_login3_cpu,offline_window,2.424732
uni_login3_cpu,offline_window,2.434783
uni_login3_cpu,offline_window,2.400314
uni_login3_cpu,offline_window,2.466164
uni_login3_cpu,offline_window,2.36788
uni_login3_cpu,offline_window,2.474847
uni_login3_cpu,offline_window,2.378662
uni_login3_cpu,offline_window,2.464529
uni_login3_cpu,offline_window,2.454719
uni_login3_cpu,offline_window,2.481896
uni_login3_cpu,offline_window,2.415987
uni_login3_cpu,offline_window,2.465322
uni_login3_cpu,offline_window,2.428323
uni_login3_cpu,offline_window,2.474185
uni_login3_cpu,offline_window,2.402155
uni_login3_cpu,offline_window,2.497192
uni_login3_cpu,offline_window,2.400065
uni_login3_cpu,offline_window,2.447319
uni_login3_cpu,offline_window,2.402593
uni_login3_cpu,offline_window,2.414525
uni_login3_cpu,offline_window,2.444824
uni_login3_cpu,offline_window,2.408353
uni_login3_cpu,offline_window,2.434113
uni_login3_cpu,offline_window,2.404579
uni_login3_cpu,offline_window,2.437553
uni_login3_cpu,offline_window,2.396981
uni_login3_cpu,offline_window,2.539262
uni_login3_cpu,offline_window,2.40561
uni_login3_cpu,offline_window,2.531451
uni_login3_cpu,offline_window,2.411896
uni_login3_cpu,offline_window,2.520519
uni_login3_cpu,offline_window,2.37664
uni_login3_cpu,offline_window,2.518309
uni_login3_cpu,offline_window,2.410189
uni_login3_cpu,offline_window,2.482869
uni_login3_cpu,offline_window,2.418198
uni_login3_cpu,offline_window,2.50342
uni_login3_cpu,offline_window,2.371032
uni_login3_cpu,offline_window,2.462764
uni_login3_cpu,offline_window,2.367766
uni_login3_cpu,offline_window,2.453961
uni_login3_cpu,offline_window,2.404587
uni_login3_cpu,offline_window,2.420582
uni_login3_cpu,offline_window,2.453364
uni_login3_cpu,offline_window,2.560253
uni_login3_cpu,offline_window,2.460616
uni_login3_cpu,offline_window,2.526086
uni_login3_cpu,offline_window,2.475968
uni_login3_cpu,offline_window,2.547696
uni_login3_cpu,offline_window,2.586983
uni_login3_cpu,offline_window,2.453888
uni_login3_cpu,offline_window,2.486546
uni_login3_cpu,offline_window,2.491773
uni_login3_cpu,offline_window,2.520385
uni_login3_cpu,offline_window,2.456592
uni_login3_cpu,offline_window,2.50893
uni_login3_cpu,offline_window,2.439835
uni_login3_cpu,offline_window,2.507354
uni_login3_cpu,offline_window,2.418106
uni_login3_cpu,offline_window,2.501736
uni_login3_cpu,offline_window,2.38503
uni_login3_cpu,offline_window,2.462435
uni_login3_cpu,offline_window,2.47217
uni_login3_cpu,offline_window,2.446058
uni_login3_cpu,offline_window,2.396173
uni_login3_cpu,offline_window,2.535185
uni_login3_cpu,offline_window,2.390307
uni_login3_cpu,offline_window,2.461873
uni_login3_cpu,offline_window,2.394305
uni_login3_cpu,offline_window,2.542189
uni_login3_cpu,offline_window,2.40618
uni_login3_cpu,offline_window,2.438337
uni_login3_cpu,offline_window,2.447036
uni_login3_cpu,offline_window,2.600874
uni_login3_cpu,offline_window,2.413533
uni_login3_cpu,offline_window,2.437642
uni_login3_cpu,offline_window,2.409339
uni_login3_cpu,offline_window,2.412423
uni_login3_cpu,offline_window,2.455917
uni_login3_cpu,offline_window,2.387971
uni_login3_cpu,offline_window,2.448089
uni_login3_cpu,offline_window,2.359288
uni_login3_cpu,offline_window,2.47213
uni_login3_cpu,offline_window,2.380483
uni_login3_cpu,offline_window,2.518374
uni_login3_cpu,offline_window,2.42425
uni_login3_cpu,offline_window,2.482885
uni_login3_cpu,offline_window,2.37494
uni_login3_cpu,offline_window,2.457253
uni_login3_cpu,offline_window,2.378339
uni_login3_cpu,offline_window,2.545212
uni_login3_cpu,offline_window,2.481113
uni_login3_cpu,offline_window,2.485349
uni_login3_cpu,offline_window,2.411745
uni_login3_cpu,offline_window,2.463261
uni_login3_cpu,offline_window,2.41178
uni_login3_cpu,offline_window,2.45133
uni_login3_cpu,offline_window,2.406916
uni_login3_cpu,offline_window,2.457077
uni_login3_cpu,offline_window,2.391801
uni_login3_cpu,offline_window,2.450516
uni_login3_cpu,offline_window,2.421528
uni_login3_cpu,offline_window,2.382647
uni_login3_cpu,offline_window,2.467589
uni_login3_cpu,offline_window,2.371236
uni_login3_cpu,offline_window,2.485554
uni_login3_cpu,offline_window,2.384841
uni_login3_cpu,offline_window,2.440217
uni_login3_cpu,offline_window,2.493323
uni_login3_cpu,offline_window,2.551176
uni_login3_cpu,offline_window,2.465132
uni_login3_cpu,offline_window,2.50768
uni_login3_cpu,offline_window,2.360548
uni_login3_cpu,offline_window,2.501368
uni_login3_cpu,offline_window,2.372353
uni_login3_cpu,offline_window,2.457481
uni_login3_cpu,offline_window,2.386732
uni_login3_cpu,offline_window,2.456977
uni_login3_cpu,offline_window,2.41215
uni_login3_cpu,offline_window,2.435873
