sample_key,participant,sequence_id,endpoint_timestamp_ns,target_intention,predicted_intention,modality_gaze_weight,modality_hands_weight,modality_objects_weight,modality_vio_weight,modality_gaze_available,modality_hands_available,modality_objects_available,modality_vio_available
test|Edu_10_20260616_150412|3106145555000,Edu,Edu_10_20260616_150412,3106145555000,continue,handover,0.345022439956665,0.2380157858133316,0.1705939471721649,0.2463678568601608,True,True,True,True
test|Edu_10_20260616_150412|3106478889000,Edu,Edu_10_20260616_150412,3106478889000,continue,handover,0.3472119271755218,0.2375695258378982,0.1616226881742477,0.2535958588123321,True,True,True,True
test|Edu_10_20260616_150412|3106812222000,Edu,Edu_10_20260616_150412,3106812222000,continue,handover,0.35069739818573,0.2387082874774933,0.1550267189741134,0.2555675804615021,True,True,True,True
test|Edu_10_20260616_150412|3107145555000,Edu,Edu_10_20260616_150412,3107145555000,continue,handover,0.3480485677719116,0.2452133297920227,0.1511210501194,0.2556171119213104,True,True,True,True
test|Edu_10_20260616_150412|3107478889000,Edu,Edu_10_20260616_150412,3107478889000,continue,handover,0.3352632224559784,0.2601596117019653,0.1513384133577346,0.253238707780838,True,True,True,True
test|Edu_10_20260616_150412|3107812222000,Edu,Edu_10_20260616_150412,3107812222000,continue,continue,0.3186425566673279,0.2711991369724273,0.1537499874830246,0.2564083337783813,True,True,True,True
test|Edu_10_20260616_150412|3108145555000,Edu,Edu_10_20260616_150412,3108145555000,continue,continue,0.30432990193367,0.2894993722438812,0.1558678448200225,0.2503028810024261,True,True,True,True
test|Edu_10_20260616_150412|3108478889000,Edu,Edu_10_20260616_150412,3108478889000,continue,continue,0.2976358532905578,0.3032470345497131,0.1616950333118438,0.2374220937490463,True,True,True,True
test|Edu_10_20260616_150412|3108812222000,Edu,Edu_10_20260616_150412,3108812222000,continue,continue,0.2923963963985443,0.312687337398529,0.1652165055274963,0.2296997308731079,True,True,True,True
test|Edu_10_20260616_150412|3109145555000,Edu,Edu_10_20260616_150412,3109145555000,continue,continue,0.2892122566699981,0.3171007931232452,0.1669749170541763,0.2267120629549026,True,True,True,True
test|Edu_10_20260616_150412|3109478888000,Edu,Edu_10_20260616_150412,3109478888000,continue,continue,0.2920910120010376,0.3178211748600006,0.164389505982399,0.2256982773542404,True,True,True,True
test|Edu_10_20260616_150412|3109812222000,Edu,Edu_10_20260616_150412,3109812222000,continue,continue,0.2937259972095489,0.3220447897911072,0.1607562154531479,0.2234729379415512,True,True,True,True
test|Edu_10_20260616_150412|3110145555000,Edu,Edu_10_20260616_150412,3110145555000,continue,continue,0.3004414141178131,0.3221721649169922,0.1556280255317688,0.2217584401369094,True,True,True,True
test|Edu_10_20260616_150412|3110478888000,Edu,Edu_10_20260616_150412,3110478888000,continue,continue,0.3145655393600464,0.3154455125331878,0.1548164784908294,0.2151724696159362,True,True,True,True
test|Edu_10_20260616_150412|3110812222000,Edu,Edu_10_20260616_150412,3110812222000,continue,continue,0.3274238407611847,0.3040904998779297,0.1539096236228943,0.2145759910345077,True,True,True,True
test|Edu_10_20260616_150412|3111145555000,Edu,Edu_10_20260616_150412,3111145555000,continue,continue,0.3297364115715027,0.2917604148387909,0.1499522924423217,0.228550836443901,True,True,True,True
test|Edu_10_20260616_150412|3111478888000,Edu,Edu_10_20260616_150412,3111478888000,continue,handover,0.335877925157547,0.2786901593208313,0.1522403806447982,0.2331915497779846,True,True,True,True
test|Edu_10_20260616_150412|3111812222000,Edu,Edu_10_20260616_150412,3111812222000,continue,handover,0.3406603038311004,0.2671940922737121,0.1573678106069564,0.2347778230905532,True,True,True,True
test|Edu_10_20260616_150412|3112145555000,Edu,Edu_10_20260616_150412,3112145555000,continue,handover,0.3396768569946289,0.2559417188167572,0.1652072817087173,0.2391741573810577,True,True,True,True
test|Edu_10_20260616_150412|3112478888000,Edu,Edu_10_20260616_150412,3112478888000,continue,handover,0.3280123770236969,0.2467278689146042,0.1687415838241577,0.2565181255340576,True,True,True,True
test|Edu_10_20260616_150412|3112812221000,Edu,Edu_10_20260616_150412,3112812221000,continue,handover,0.3181428909301758,0.2456648349761963,0.1694675534963607,0.2667247354984283,True,True,True,True
test|Edu_10_20260616_150412|3113145555000,Edu,Edu_10_20260616_150412,3113145555000,continue,handover,0.311752438545227,0.2571480870246887,0.169824868440628,0.2612746357917785,True,True,True,True
test|Edu_10_20260616_150412|3113478888000,Edu,Edu_10_20260616_150412,3113478888000,continue,handover,0.3137080371379852,0.2712205350399017,0.1649648994207382,0.2501065731048584,True,True,True,True
test|Edu_10_20260616_150412|3113812221000,Edu,Edu_10_20260616_150412,3113812221000,continue,continue,0.3128564059734344,0.2829275131225586,0.1604248881340026,0.243791177868843,True,True,True,True
test|Edu_10_20260616_150412|3114145555000,Edu,Edu_10_20260616_150412,3114145555000,continue,continue,0.3065176010131836,0.297747790813446,0.1577963829040527,0.23793825507164,True,True,True,True
test|Edu_10_20260616_150412|3114478888000,Edu,Edu_10_20260616_150412,3114478888000,continue,continue,0.3021235764026642,0.311071366071701,0.1574085056781768,0.2293966114521026,True,True,True,True
test|Edu_10_20260616_150412|3114812221000,Edu,Edu_10_20260616_150412,3114812221000,continue,continue,0.304368644952774,0.316777229309082,0.157023549079895,0.2218305021524429,True,True,True,True
test|Edu_10_20260616_150412|3115145555000,Edu,Edu_10_20260616_150412,3115145555000,continue,continue,0.3081444501876831,0.314996600151062,0.1580894291400909,0.2187695205211639,True,True,True,True
test|Edu_10_20260616_150412|3115478888000,Edu,Edu_10_20260616_150412,3115478888000,continue,continue,0.3093078434467315,0.3072710037231445,0.1594320833683014,0.2239891141653061,True,True,True,True
test|Edu_10_20260616_150412|3115812221000,Edu,Edu_10_20260616_150412,3115812221000,continue,continue,0.3089016675949096,0.3103380799293518,0.155545100569725,0.2252151370048523,True,True,True,True
test|Edu_10_20260616_150412|3116145554000,Edu,Edu_10_20260616_150412,3116145554000,continue,handover,0.3089070916175842,0.3201391100883484,0.1547880470752716,0.2161657959222793,True,True,True,True
test|Edu_10_20260616_150412|3116478888000,Edu,Edu_10_20260616_150412,3116478888000,continue,handover,0.3125281631946563,0.3262231945991516,0.1555385291576385,0.2057100683450698,True,True,True,True
test|Edu_10_20260616_150412|3116812221000,Edu,Edu_10_20260616_150412,3116812221000,continue,handover,0.312957227230072,0.3261362314224243,0.1611650884151458,0.1997414529323578,True,True,True,True
test|Edu_10_20260616_150412|3117145554000,Edu,Edu_10_20260616_150412,3117145554000,continue,handover,0.3090347051620483,0.3263735771179199,0.1666272729635238,0.197964459657669,True,True,True,True
test|Edu_10_20260616_150412|3117478888000,Edu,Edu_10_20260616_150412,3117478888000,continue,handover,0.3076904118061065,0.3247270584106445,0.1691094785928726,0.1984730213880539,True,True,True,True
test|Edu_10_20260616_150412|3117812221000,Edu,Edu_10_20260616_150412,3117812221000,continue,handover,0.3149964809417724,0.3146402239799499,0.1698943376541137,0.2004689127206802,True,True,True,True
test|Edu_10_20260616_150412|3118145554000,Edu,Edu_10_20260616_150412,3118145554000,continue,handover,0.3196641802787781,0.2995857298374176,0.1687251180410385,0.2120250016450882,True,True,True,True
test|Edu_10_20260616_150412|3118478888000,Edu,Edu_10_20260616_150412,3118478888000,continue,continue,0.3171595633029938,0.2894227206707001,0.1670481264591217,0.2263695299625396,True,True,True,True
test|Edu_10_20260616_150412|3118812221000,Edu,Edu_10_20260616_150412,3118812221000,continue,fetch,0.314572811126709,0.2850743532180786,0.1643421798944473,0.2360107004642486,True,True,True,True
test|Edu_10_20260616_150412|3119145554000,Edu,Edu_10_20260616_150412,3119145554000,continue,fetch,0.3154374659061432,0.2804120481014251,0.1639188528060913,0.2402316629886627,True,True,True,True
test|Edu_10_20260616_150412|3119478887000,Edu,Edu_10_20260616_150412,3119478887000,continue,fetch,0.3130151033401489,0.2770266830921173,0.1660859137773513,0.24387226998806,True,True,True,True
test|Edu_10_20260616_150412|3119812221000,Edu,Edu_10_20260616_150412,3119812221000,continue,fetch,0.302842766046524,0.2747147977352142,0.171446606516838,0.2509958148002624,True,True,True,True
test|Edu_10_20260616_150412|3120145554000,Edu,Edu_10_20260616_150412,3120145554000,continue,fetch,0.295085459947586,0.269369512796402,0.1755706518888473,0.2599743604660034,True,True,True,True
test|Edu_10_20260616_150412|3120478887000,Edu,Edu_10_20260616_150412,3120478887000,continue,fetch,0.2929161489009857,0.2660453021526336,0.1784995049238205,0.2625389695167541,True,True,True,True
test|Edu_10_20260616_150412|3120812221000,Edu,Edu_10_20260616_150412,3120812221000,continue,fetch,0.2808332145214081,0.2661138772964477,0.1817589998245239,0.2712938785552978,True,True,True,True
test|Edu_10_20260616_150412|3121145554000,Edu,Edu_10_20260616_150412,3121145554000,continue,fetch,0.2683247327804565,0.2660310566425323,0.1851352900266647,0.2805089056491852,True,True,True,True
test|Edu_10_20260616_150412|3121478887000,Edu,Edu_10_20260616_150412,3121478887000,continue,fetch,0.257876455783844,0.2673592865467071,0.188874751329422,0.2858894467353821,True,True,True,True
test|Edu_10_20260616_150412|3121812220000,Edu,Edu_10_20260616_150412,3121812220000,continue,fetch,0.26211878657341,0.2644830346107483,0.1892875730991363,0.2841106057167053,True,True,True,True
test|Edu_10_20260616_150412|3122145554000,Edu,Edu_10_20260616_150412,3122145554000,continue,fetch,0.2620722949504852,0.2593715786933899,0.1856046020984649,0.2929514646530151,True,True,True,True
test|Edu_10_20260616_150412|3122478887000,Edu,Edu_10_20260616_150412,3122478887000,continue,fetch,0.2718572914600372,0.251496285200119,0.1805261075496673,0.2961203157901764,True,True,True,True
test|Edu_10_20260616_150412|3122812220000,Edu,Edu_10_20260616_150412,3122812220000,continue,fetch,0.281457781791687,0.2481798976659774,0.1804597079753875,0.2899025976657867,True,True,True,True
test|Edu_10_20260616_150412|3123145554000,Edu,Edu_10_20260616_150412,3123145554000,fetch,fetch,0.2913166582584381,0.242426648736,0.1779132038354873,0.2883434295654297,True,True,True,True
test|Edu_10_20260616_150412|3123478887000,Edu,Edu_10_20260616_150412,3123478887000,fetch,fetch,0.2977794110774994,0.2391874343156814,0.1765514612197876,0.2864816784858703,True,True,True,True
test|Edu_10_20260616_150412|3123812220000,Edu,Edu_10_20260616_150412,3123812220000,fetch,fetch,0.2972326874732971,0.2384694665670395,0.1750014424324035,0.2892964780330658,True,True,True,True
test|Edu_10_20260616_150412|3124145554000,Edu,Edu_10_20260616_150412,3124145554000,fetch,fetch,0.3068181276321411,0.2434947788715362,0.1756194829940796,0.2740675806999206,True,True,True,True
test|Edu_10_20260616_150412|3124478887000,Edu,Edu_10_20260616_150412,3124478887000,fetch,fetch,0.3122323155403137,0.2460998296737671,0.1776965409517288,0.2639712691307068,True,True,True,True
test|Edu_10_20260616_150412|3124812220000,Edu,Edu_10_20260616_150412,3124812220000,fetch,fetch,0.3141650259494781,0.2438099235296249,0.1783758252859115,0.2636492550373077,True,True,True,True
test|Edu_10_20260616_150412|3125145554000,Edu,Edu_10_20260616_150412,3125145554000,fetch,fetch,0.3103531897068023,0.2448422163724899,0.1807431280612945,0.2640615105628967,True,True,True,True
test|Edu_10_20260616_150412|3125478887000,Edu,Edu_10_20260616_150412,3125478887000,fetch,fetch,0.3071279525756836,0.2447570711374282,0.1808878034353256,0.2672271728515625,True,True,True,True
test|Edu_10_20260616_150412|3125812220000,Edu,Edu_10_20260616_150412,3125812220000,fetch,fetch,0.304843932390213,0.2457922548055648,0.1824268847703933,0.2669369280338287,True,True,True,True
test|Edu_10_20260616_150412|3126145553000,Edu,Edu_10_20260616_150412,3126145553000,fetch,fetch,0.297905683517456,0.2439026832580566,0.1834694296121597,0.2747222483158111,True,True,True,True
test|Edu_10_20260616_150412|3126478887000,Edu,Edu_10_20260616_150412,3126478887000,fetch,fetch,0.2940157949924469,0.2413803786039352,0.1830507665872573,0.2815530598163605,True,True,True,True
test|Edu_10_20260616_150412|3126812220000,Edu,Edu_10_20260616_150412,3126812220000,fetch,fetch,0.2866026759147644,0.242102101445198,0.1861863732337951,0.2851088345050812,True,True,True,True
test|Edu_10_20260616_150412|3127145553000,Edu,Edu_10_20260616_150412,3127145553000,fetch,fetch,0.2881977260112762,0.2508104741573334,0.1796524077653885,0.2813393771648407,True,True,True,True
test|Edu_10_20260616_150412|3127478887000,Edu,Edu_10_20260616_150412,3127478887000,fetch,fetch,0.2894561290740967,0.2481477111577987,0.1784725785255432,0.2839235663414001,True,True,True,True
test|Edu_10_20260616_150412|3127812220000,Edu,Edu_10_20260616_150412,3127812220000,fetch,fetch,0.2901898920536041,0.2468213886022567,0.1788235455751419,0.2841651737689972,True,True,True,True
test|Edu_10_20260616_150412|3128145553000,Edu,Edu_10_20260616_150412,3128145553000,fetch,fetch,0.2896755337715149,0.2437982559204101,0.1791843473911285,0.287341833114624,True,True,True,True
test|Edu_10_20260616_150412|3128478886000,Edu,Edu_10_20260616_150412,3128478886000,fetch,fetch,0.2943156957626343,0.2395358383655548,0.1801380217075348,0.2860104739665985,True,True,True,True
test|Edu_10_20260616_150412|3130812220000,Edu,Edu_10_20260616_150412,3130812220000,handover,handover,0.2573330998420715,0.2399762719869613,0.1950775384902954,0.3076130747795105,True,True,True,True
test|Edu_10_20260616_150412|3131145553000,Edu,Edu_10_20260616_150412,3131145553000,handover,handover,0.2358187586069107,0.2475244104862213,0.2023895382881164,0.3142672777175903,True,True,True,True
test|Edu_10_20260616_150412|3131478886000,Edu,Edu_10_20260616_150412,3131478886000,handover,handover,0.2158790230751037,0.2598333954811096,0.2082824409008026,0.3160051107406616,True,True,True,True
test|Edu_10_20260616_150412|3131812220000,Edu,Edu_10_20260616_150412,3131812220000,handover,handover,0.2080114483833313,0.2881462275981903,0.2058816850185394,0.2979606091976166,True,True,True,True
test|Edu_10_20260616_150412|3132145553000,Edu,Edu_10_20260616_150412,3132145553000,handover,handover,0.199298545718193,0.3242045640945434,0.2002790868282318,0.2762177884578705,True,True,True,True
test|Edu_10_20260616_150412|3132478886000,Edu,Edu_10_20260616_150412,3132478886000,handover,handover,0.188780590891838,0.3596516847610473,0.1908746212720871,0.2606931328773498,True,True,True,True
test|Edu_10_20260616_150412|3132812219000,Edu,Edu_10_20260616_150412,3132812219000,handover,handover,0.1767173111438751,0.3967568874359131,0.1799964904785156,0.2465293109416961,True,True,True,True
test|Edu_10_20260616_150412|3133145553000,Edu,Edu_10_20260616_150412,3133145553000,handover,handover,0.163422629237175,0.4370248913764953,0.1697471141815185,0.2298053205013275,True,True,True,True
test|Edu_10_20260616_150412|3133478886000,Edu,Edu_10_20260616_150412,3133478886000,handover,handover,0.1523610055446624,0.4632508754730224,0.1629888266324997,0.2213992327451706,True,True,True,True
test|Edu_10_20260616_150412|3133812219000,Edu,Edu_10_20260616_150412,3133812219000,handover,handover,0.1480325162410736,0.4626393318176269,0.1629763841629028,0.226351797580719,True,True,True,True
test|Edu_10_20260616_150412|3134145553000,Edu,Edu_10_20260616_150412,3134145553000,handover,handover,0.1597010791301727,0.4572407305240631,0.1589965671300888,0.2240615934133529,True,True,True,True
test|Edu_10_20260616_150412|3134478886000,Edu,Edu_10_20260616_150412,3134478886000,handover,handover,0.1810846626758575,0.4417161345481872,0.1543630212545395,0.2228361666202545,True,True,True,True
test|Edu_10_20260616_150412|3134812219000,Edu,Edu_10_20260616_150412,3134812219000,handover,handover,0.2129321545362472,0.4036272764205932,0.15618497133255,0.2272556275129318,True,True,True,True
test|Edu_10_20260616_150412|3135145552000,Edu,Edu_10_20260616_150412,3135145552000,handover,handover,0.2461237162351608,0.3602586388587951,0.1582401543855667,0.2353774756193161,True,True,True,True
test|Edu_10_20260616_150412|3135478886000,Edu,Edu_10_20260616_150412,3135478886000,handover,handover,0.2699740827083587,0.3197802901268005,0.1621080040931701,0.2481376975774765,True,True,True,True
test|Edu_10_20260616_150412|3135812219000,Edu,Edu_10_20260616_150412,3135812219000,handover,handover,0.2859866321086883,0.2863740622997284,0.1635350733995437,0.2641042470932007,True,True,True,True
test|Edu_10_20260616_150412|3136145552000,Edu,Edu_10_20260616_150412,3136145552000,handover,handover,0.2975855767726898,0.2530621886253357,0.164627805352211,0.284724473953247,True,True,True,True
test|Edu_10_20260616_150412|3136478886000,Edu,Edu_10_20260616_150412,3136478886000,handover,handover,0.3040957152843475,0.2336276769638061,0.1671648621559143,0.2951116859912872,True,True,True,True
test|Edu_10_20260616_150412|3136812219000,Edu,Edu_10_20260616_150412,3136812219000,handover,handover,0.2989458441734314,0.2299385517835617,0.1697377413511276,0.3013778030872345,True,True,True,True
test|Edu_2_20260604_170420|7522078910000,Edu,Edu_2_20260604_170420,7522078910000,continue,continue,0.2997891306877136,0.2604604661464691,0.1903651356697082,0.2493852525949478,True,True,True,True
test|Edu_2_20260604_170420|7522412243000,Edu,Edu_2_20260604_170420,7522412243000,continue,continue,0.3017001450061798,0.2584026157855987,0.1905006170272827,0.2493966668844223,True,True,True,True
test|Edu_2_20260604_170420|7522745577000,Edu,Edu_2_20260604_170420,7522745577000,continue,continue,0.3058211803436279,0.2548907399177551,0.1882338225841522,0.2510541975498199,True,True,True,True
test|Edu_2_20260604_170420|7523078910000,Edu,Edu_2_20260604_170420,7523078910000,continue,continue,0.3114499151706695,0.25783771276474,0.1758864372968673,0.2548259794712066,True,True,True,True
test|Edu_2_20260604_170420|7523412243000,Edu,Edu_2_20260604_170420,7523412243000,continue,continue,0.3113267421722412,0.2678550183773041,0.1673681885004043,0.2534500658512115,True,True,True,True
test|Edu_2_20260604_170420|7523745576000,Edu,Edu_2_20260604_170420,7523745576000,continue,continue,0.3071105182170868,0.2853971421718597,0.1621672213077545,0.2453251630067825,True,True,True,True
test|Edu_2_20260604_170420|7524078910000,Edu,Edu_2_20260604_170420,7524078910000,continue,continue,0.305178165435791,0.2933387458324432,0.1655622720718383,0.2359207868576049,True,True,True,True
test|Edu_2_20260604_170420|7524412243000,Edu,Edu_2_20260604_170420,7524412243000,continue,continue,0.3004063665866852,0.2987012267112732,0.1712999194860458,0.2295925021171569,True,True,True,True
test|Edu_2_20260604_170420|7524745576000,Edu,Edu_2_20260604_170420,7524745576000,continue,continue,0.2931579947471618,0.3033190667629242,0.1790976822376251,0.2244252413511276,True,True,True,True
test|Edu_2_20260604_170420|7525078910000,Edu,Edu_2_20260604_170420,7525078910000,continue,continue,0.2780174612998962,0.3011922538280487,0.1902404576539993,0.2305498272180557,True,True,True,True
test|Edu_2_20260604_170420|7525412243000,Edu,Edu_2_20260604_170420,7525412243000,continue,continue,0.2670205533504486,0.2983569502830505,0.1952968537807464,0.2393255680799484,True,True,True,True
test|Edu_2_20260604_170420|7525745576000,Edu,Edu_2_20260604_170420,7525745576000,continue,continue,0.2690343856811523,0.2963621616363525,0.1858186274766922,0.2487848252058029,True,True,True,True
test|Edu_2_20260604_170420|7526078909000,Edu,Edu_2_20260604_170420,7526078909000,continue,continue,0.27338707447052,0.3019169569015503,0.1719049960374832,0.2527909278869629,True,True,True,True
test|Edu_2_20260604_170420|7526412243000,Edu,Edu_2_20260604_170420,7526412243000,continue,continue,0.2807489931583404,0.3050311207771301,0.1581784337759018,0.2560414373874664,True,True,True,True
test|Edu_2_20260604_170420|7526745576000,Edu,Edu_2_20260604_170420,7526745576000,continue,continue,0.2906255722045898,0.3066094219684601,0.1488057523965835,0.2539592981338501,True,True,True,True
test|Edu_2_20260604_170420|7527078909000,Edu,Edu_2_20260604_170420,7527078909000,continue,continue,0.3035911321640014,0.3062213063240051,0.1457817107439041,0.2444058358669281,True,True,True,True
test|Edu_2_20260604_170420|7527412243000,Edu,Edu_2_20260604_170420,7527412243000,continue,continue,0.3112903833389282,0.3118718862533569,0.1490365862846374,0.2278011739253997,True,True,True,True
test|Edu_2_20260604_170420|7527745576000,Edu,Edu_2_20260604_170420,7527745576000,continue,continue,0.312376856803894,0.3089507818222046,0.1608157455921173,0.217856615781784,True,True,True,True
test|Edu_2_20260604_170420|7528078909000,Edu,Edu_2_20260604_170420,7528078909000,continue,continue,0.308336079120636,0.2975814044475555,0.1684523373842239,0.2256301641464233,True,True,True,True
test|Edu_2_20260604_170420|7528412243000,Edu,Edu_2_20260604_170420,7528412243000,continue,continue,0.3076923489570617,0.2888099551200866,0.1727878749370575,0.230709820985794,True,True,True,True
test|Edu_2_20260604_170420|7528745576000,Edu,Edu_2_20260604_170420,7528745576000,continue,continue,0.3063722550868988,0.2809704840183258,0.1753197312355041,0.2373374998569488,True,True,True,True
test|Edu_2_20260604_170420|7529078909000,Edu,Edu_2_20260604_170420,7529078909000,continue,continue,0.3055082261562347,0.2755710780620575,0.1708026230335235,0.2481180280447006,True,True,True,True
test|Edu_2_20260604_170420|7529412243000,Edu,Edu_2_20260604_170420,7529412243000,continue,continue,0.3077658414840698,0.2708671391010284,0.1613286584615707,0.2600383460521698,True,True,True,True
test|Edu_2_20260604_170420|7529745576000,Edu,Edu_2_20260604_170420,7529745576000,continue,continue,0.3085129261016845,0.2709832787513733,0.156239166855812,0.2642646431922912,True,True,True,True
test|Edu_2_20260604_170420|7530078909000,Edu,Edu_2_20260604_170420,7530078909000,continue,continue,0.3173067271709442,0.2762550711631775,0.1503554135560989,0.2560828030109405,True,True,True,True
test|Edu_2_20260604_170420|7530412242000,Edu,Edu_2_20260604_170420,7530412242000,continue,continue,0.3232090473175049,0.2842594683170318,0.143604964017868,0.2489264756441116,True,True,True,True
test|Edu_2_20260604_170420|7530745576000,Edu,Edu_2_20260604_170420,7530745576000,continue,continue,0.3248176574707031,0.297258585691452,0.1340745687484741,0.2438491582870483,True,True,True,True
test|Edu_2_20260604_170420|7531078909000,Edu,Edu_2_20260604_170420,7531078909000,continue,continue,0.3231135010719299,0.3137438595294952,0.1287852227687835,0.2343574464321136,True,True,True,True
test|Edu_2_20260604_170420|7531412242000,Edu,Edu_2_20260604_170420,7531412242000,continue,continue,0.3179933130741119,0.3255263864994049,0.1258656829595565,0.2306145429611206,True,True,True,True
test|Edu_2_20260604_170420|7531745576000,Edu,Edu_2_20260604_170420,7531745576000,continue,continue,0.3161659240722656,0.3303865790367126,0.1221682280302047,0.2312792092561721,True,True,True,True
test|Edu_2_20260604_170420|7532078909000,Edu,Edu_2_20260604_170420,7532078909000,continue,continue,0.3178911209106445,0.3260948956012726,0.1209855377674102,0.2350284606218338,True,True,True,True
test|Edu_2_20260604_170420|7532412242000,Edu,Edu_2_20260604_170420,7532412242000,continue,continue,0.3205460608005523,0.3168727457523346,0.1228770315647125,0.2397041767835617,True,True,True,True
test|Edu_2_20260604_170420|7532745575000,Edu,Edu_2_20260604_170420,7532745575000,continue,continue,0.3225905895233154,0.3062554895877838,0.1316479742527008,0.2395059168338775,True,True,True,True
test|Edu_2_20260604_170420|7533078909000,Edu,Edu_2_20260604_170420,7533078909000,continue,continue,0.3252747654914856,0.2940485179424286,0.1426039338111877,0.2380728274583816,True,True,True,True
test|Edu_2_20260604_170420|7533412242000,Edu,Edu_2_20260604_170420,7533412242000,continue,continue,0.3205150961875915,0.285830408334732,0.1595254093408584,0.2341290563344955,True,True,True,True
test|Edu_2_20260604_170420|7533745575000,Edu,Edu_2_20260604_170420,7533745575000,continue,continue,0.3068647980690002,0.2851446270942688,0.1803645342588424,0.2276260554790496,True,True,True,True
test|Edu_2_20260604_170420|7534078909000,Edu,Edu_2_20260604_170420,7534078909000,continue,continue,0.283720463514328,0.298938900232315,0.1920221447944641,0.225318506360054,True,True,True,True
test|Edu_2_20260604_170420|7534412242000,Edu,Edu_2_20260604_170420,7534412242000,continue,continue,0.2487228512763977,0.3120515644550323,0.206178143620491,0.2330474555492401,True,True,True,True
test|Edu_2_20260604_170420|7534745575000,Edu,Edu_2_20260604_170420,7534745575000,continue,continue,0.2197599709033966,0.316764622926712,0.2226015776395797,0.2408738285303115,True,True,True,True
test|Edu_2_20260604_170420|7535078909000,Edu,Edu_2_20260604_170420,7535078909000,continue,continue,0.2138094455003738,0.3158905208110809,0.2334648817777633,0.2368351072072982,True,True,True,True
test|Edu_2_20260604_170420|7535412242000,Edu,Edu_2_20260604_170420,7535412242000,continue,continue,0.2112185806035995,0.3134420812129974,0.2381390333175659,0.2372002601623535,True,True,True,True
test|Edu_2_20260604_170420|7535745575000,Edu,Edu_2_20260604_170420,7535745575000,continue,continue,0.2162074446678161,0.3099590241909027,0.2349322736263275,0.238901287317276,True,True,True,True
test|Edu_2_20260604_170420|7536078908000,Edu,Edu_2_20260604_170420,7536078908000,continue,continue,0.2276783287525177,0.3050417006015777,0.2311467677354812,0.2361332029104232,True,True,True,True
test|Edu_2_20260604_170420|7536412242000,Edu,Edu_2_20260604_170420,7536412242000,continue,continue,0.2433484643697738,0.3016296625137329,0.2235922962427139,0.231429636478424,True,True,True,True
test|Edu_2_20260604_170420|7536745575000,Edu,Edu_2_20260604_170420,7536745575000,continue,continue,0.2614312767982483,0.2948976159095764,0.2061338424682617,0.2375373095273971,True,True,True,True
test|Edu_2_20260604_170420|7537078908000,Edu,Edu_2_20260604_170420,7537078908000,continue,continue,0.2757250070571899,0.2837942540645599,0.1883801221847534,0.2521006166934967,True,True,True,True
test|Edu_2_20260604_170420|7537412242000,Edu,Edu_2_20260604_170420,7537412242000,fetch,continue,0.2966029047966003,0.2731726765632629,0.1715584397315979,0.2586659789085388,True,True,True,True
test|Edu_2_20260604_170420|7537745575000,Edu,Edu_2_20260604_170420,7537745575000,fetch,fetch,0.3108768165111542,0.2574526369571686,0.1636030524969101,0.2680674493312835,True,True,True,True
test|Edu_2_20260604_170420|7538078908000,Edu,Edu_2_20260604_170420,7538078908000,fetch,fetch,0.3237432837486267,0.2410403788089752,0.163491353392601,0.2717250287532806,True,True,True,True
test|Edu_2_20260604_170420|7538412242000,Edu,Edu_2_20260604_170420,7538412242000,fetch,fetch,0.3393771648406982,0.2257377952337265,0.1606451719999313,0.2742398083209991,True,True,True,True
test|Edu_2_20260604_170420|7538745575000,Edu,Edu_2_20260604_170420,7538745575000,fetch,fetch,0.3524224162101745,0.2217778265476226,0.1607038825750351,0.2650958299636841,True,True,True,True
test|Edu_2_20260604_170420|7539078908000,Edu,Edu_2_20260604_170420,7539078908000,fetch,fetch,0.3596335649490356,0.2236176431179046,0.1590817123651504,0.2576670944690704,True,True,True,True
test|Edu_2_20260604_170420|7539412241000,Edu,Edu_2_20260604_170420,7539412241000,fetch,fetch,0.3614549338817596,0.2248506098985672,0.1559761315584182,0.2577183246612549,True,True,True,True
test|Edu_2_20260604_170420|7539745575000,Edu,Edu_2_20260604_170420,7539745575000,fetch,fetch,0.3643783628940582,0.2272416204214096,0.1501552760601043,0.2582247257232666,True,True,True,True
test|Edu_2_20260604_170420|7541412241000,Edu,Edu_2_20260604_170420,7541412241000,handover,handover,0.3248628079891205,0.244015023112297,0.1618882268667221,0.2692339420318603,True,True,True,True
test|Edu_2_20260604_170420|7541745575000,Edu,Edu_2_20260604_170420,7541745575000,handover,handover,0.3128670156002044,0.260189026594162,0.1578513383865356,0.2690926492214203,True,True,True,True
test|Edu_2_20260604_170420|7542078908000,Edu,Edu_2_20260604_170420,7542078908000,handover,handover,0.3028106689453125,0.2919695079326629,0.1503218412399292,0.2548979222774505,True,True,True,True
test|Edu_2_20260604_170420|7542412241000,Edu,Edu_2_20260604_170420,7542412241000,handover,handover,0.2891048192977905,0.3211674392223358,0.1411504000425338,0.2485773861408233,True,True,True,True
test|Edu_2_20260604_170420|7542745574000,Edu,Edu_2_20260604_170420,7542745574000,handover,handover,0.2783784568309784,0.3436621725559234,0.1346750110387802,0.2432843446731567,True,True,True,True
test|Edu_2_20260604_170420|7543078908000,Edu,Edu_2_20260604_170420,7543078908000,handover,handover,0.26701620221138,0.3683976829051971,0.1300496906042099,0.2345364391803741,True,True,True,True
test|Edu_2_20260604_170420|7543412241000,Edu,Edu_2_20260604_170420,7543412241000,handover,handover,0.2615419924259186,0.3885990679264068,0.122801199555397,0.2270577251911163,True,True,True,True
test|Edu_2_20260604_170420|7543745574000,Edu,Edu_2_20260604_170420,7543745574000,handover,handover,0.2765500843524933,0.3726023435592651,0.1293304413557052,0.2215170860290527,True,True,True,True
test|Edu_3_20260604_170622|7645478909000,Edu,Edu_3_20260604_170622,7645478909000,continue,continue,0.3767930269241333,0.3107554614543915,0.0,0.3124515116214752,True,True,False,True
test|Edu_3_20260604_170622|7645812242000,Edu,Edu_3_20260604_170622,7645812242000,continue,continue,0.3828024864196777,0.3074083626270294,0.0,0.3097891509532928,True,True,False,True
test|Edu_3_20260604_170622|7646145575000,Edu,Edu_3_20260604_170622,7646145575000,continue,continue,0.3848874866962433,0.3074816167354584,0.0,0.3076309263706207,True,True,False,True
test|Edu_3_20260604_170622|7646478909000,Edu,Edu_3_20260604_170622,7646478909000,continue,continue,0.384920209646225,0.3062263429164886,0.0,0.308853417634964,True,True,False,True
test|Edu_3_20260604_170622|7646812242000,Edu,Edu_3_20260604_170622,7646812242000,continue,continue,0.379777044057846,0.3153574466705322,0.0,0.3048655390739441,True,True,False,True
test|Edu_3_20260604_170622|7647145575000,Edu,Edu_3_20260604_170622,7647145575000,continue,continue,0.3707877695560455,0.3304390013217926,0.0,0.2987732291221618,True,True,False,True
test|Edu_3_20260604_170622|7647478908000,Edu,Edu_3_20260604_170622,7647478908000,continue,continue,0.3670240044593811,0.3405793011188507,0.0,0.2923967540264129,True,True,False,True
test|Edu_3_20260604_170622|7647812242000,Edu,Edu_3_20260604_170622,7647812242000,continue,continue,0.3671551346778869,0.3420575261116028,0.0,0.2907873392105102,True,True,False,True
test|Edu_3_20260604_170622|7648145575000,Edu,Edu_3_20260604_170622,7648145575000,continue,continue,0.3659847974777221,0.3385775089263916,0.0,0.2954377233982086,True,True,False,True
test|Edu_3_20260604_170622|7648478908000,Edu,Edu_3_20260604_170622,7648478908000,continue,continue,0.3651894330978393,0.3403687179088592,0.0,0.294441819190979,True,True,False,True
test|Edu_3_20260604_170622|7648812242000,Edu,Edu_3_20260604_170622,7648812242000,continue,continue,0.366502046585083,0.3366073668003082,0.0,0.2968905866146087,True,True,False,True
test|Edu_3_20260604_170622|7649145575000,Edu,Edu_3_20260604_170622,7649145575000,continue,continue,0.3721333742141723,0.3294166922569275,0.0,0.2984499931335449,True,True,False,True
test|Edu_3_20260604_170622|7649478908000,Edu,Edu_3_20260604_170622,7649478908000,continue,continue,0.3797937631607055,0.3210745453834533,0.0,0.299131691455841,True,True,False,True
test|Edu_3_20260604_170622|7649812242000,Edu,Edu_3_20260604_170622,7649812242000,continue,continue,0.3879601955413818,0.3133937120437622,0.0,0.2986461222171783,True,True,False,True
test|Edu_3_20260604_170622|7650145575000,Edu,Edu_3_20260604_170622,7650145575000,continue,continue,0.3852131068706512,0.3176548779010772,0.0,0.2971319854259491,True,True,False,True
test|Edu_3_20260604_170622|7650478908000,Edu,Edu_3_20260604_170622,7650478908000,continue,continue,0.3842639923095703,0.3230262696743011,0.0,0.2927097380161285,True,True,False,True
test|Edu_3_20260604_170622|7650812241000,Edu,Edu_3_20260604_170622,7650812241000,continue,continue,0.3800754249095917,0.3366480767726898,0.0,0.2832764685153961,True,True,False,True
test|Edu_3_20260604_170622|7651145575000,Edu,Edu_3_20260604_170622,7651145575000,continue,continue,0.3716130256652832,0.3516952991485595,0.0,0.2766916155815124,True,True,False,True
test|Edu_3_20260604_170622|7651478908000,Edu,Edu_3_20260604_170622,7651478908000,continue,continue,0.3653905689716339,0.3627029359340668,0.0,0.2719064950942993,True,True,False,True
test|Edu_3_20260604_170622|7651812241000,Edu,Edu_3_20260604_170622,7651812241000,continue,continue,0.3568919003009796,0.3737853765487671,0.0,0.2693227529525757,True,True,False,True
test|Edu_3_20260604_170622|7652145575000,Edu,Edu_3_20260604_170622,7652145575000,continue,continue,0.3575133085250854,0.3748286664485931,0.0,0.2676580548286438,True,True,False,True
test|Edu_3_20260604_170622|7652478908000,Edu,Edu_3_20260604_170622,7652478908000,continue,continue,0.3573158979415893,0.3768411874771118,0.0,0.2658429443836212,True,True,False,True
test|Edu_3_20260604_170622|7652812241000,Edu,Edu_3_20260604_170622,7652812241000,continue,continue,0.3577064275741577,0.3733145594596863,0.0,0.2689790427684784,True,True,False,True
test|Edu_3_20260604_170622|7653145575000,Edu,Edu_3_20260604_170622,7653145575000,continue,continue,0.3596153259277344,0.3707829117774963,0.0,0.2696017622947693,True,True,False,True
test|Edu_3_20260604_170622|7653478908000,Edu,Edu_3_20260604_170622,7653478908000,continue,continue,0.3591147661209106,0.3674467504024505,0.0,0.2734383940696716,True,True,False,True
test|Edu_3_20260604_170622|7653812241000,Edu,Edu_3_20260604_170622,7653812241000,continue,continue,0.3542067408561706,0.362083226442337,0.0,0.2837100923061371,True,True,False,True
test|Edu_3_20260604_170622|7654145574000,Edu,Edu_3_20260604_170622,7654145574000,continue,continue,0.3533641695976257,0.3524546921253204,0.0,0.2941811382770538,True,True,False,True
test|Edu_3_20260604_170622|7654478908000,Edu,Edu_3_20260604_170622,7654478908000,continue,continue,0.349977433681488,0.3398878276348114,0.0,0.3101347088813782,True,True,False,True
test|Edu_3_20260604_170622|7654812241000,Edu,Edu_3_20260604_170622,7654812241000,continue,continue,0.3366267681121826,0.341665655374527,0.0,0.3217076361179352,True,True,False,True
test|Edu_3_20260604_170622|7655145574000,Edu,Edu_3_20260604_170622,7655145574000,continue,continue,0.3366280794143677,0.3409120142459869,0.0,0.322459876537323,True,True,False,True
test|Edu_3_20260604_170622|7655478908000,Edu,Edu_3_20260604_170622,7655478908000,continue,continue,0.3360051214694977,0.3425467014312744,0.0,0.3214481472969055,True,True,False,True
test|Edu_3_20260604_170622|7655812241000,Edu,Edu_3_20260604_170622,7655812241000,continue,continue,0.3469449877738952,0.3394284546375274,0.0,0.3136265575885772,True,True,False,True
test|Edu_3_20260604_170622|7656145574000,Edu,Edu_3_20260604_170622,7656145574000,continue,continue,0.36002978682518,0.3432259857654571,0.0,0.2967441976070404,True,True,False,True
test|Edu_3_20260604_170622|7656478908000,Edu,Edu_3_20260604_170622,7656478908000,continue,continue,0.3661276698112488,0.3448431491851806,0.0,0.2890291810035705,True,True,False,True
test|Edu_3_20260604_170622|7656812241000,Edu,Edu_3_20260604_170622,7656812241000,continue,continue,0.3792952299118042,0.3412415087223053,0.0,0.2794632613658905,True,True,False,True
test|Edu_3_20260604_170622|7657145574000,Edu,Edu_3_20260604_170622,7657145574000,continue,continue,0.3768064975738525,0.3391246795654297,0.0,0.2840687930583954,True,True,False,True
test|Edu_3_20260604_170622|7657478907000,Edu,Edu_3_20260604_170622,7657478907000,continue,continue,0.3648542463779449,0.3393454551696777,0.0,0.2958003282546997,True,True,False,True
test|Edu_3_20260604_170622|7657812241000,Edu,Edu_3_20260604_170622,7657812241000,continue,continue,0.3445361852645874,0.3473382592201233,0.0,0.3081256151199341,True,True,False,True
test|Edu_3_20260604_170622|7658145574000,Edu,Edu_3_20260604_170622,7658145574000,continue,continue,0.3201625645160675,0.3594565689563751,0.0,0.3203808665275574,True,True,False,True
test|Edu_3_20260604_170622|7658478907000,Edu,Edu_3_20260604_170622,7658478907000,continue,continue,0.3204286098480224,0.3743577301502228,0.0,0.3052136898040771,True,True,False,True
test|Edu_3_20260604_170622|7658812241000,Edu,Edu_3_20260604_170622,7658812241000,continue,continue,0.3244955539703369,0.3827206194400787,0.0,0.2927838861942291,True,True,False,True
test|Edu_3_20260604_170622|7659145574000,Edu,Edu_3_20260604_170622,7659145574000,continue,continue,0.330709844827652,0.3853910565376282,0.0,0.2838991284370422,True,True,False,True
test|Edu_3_20260604_170622|7659478907000,Edu,Edu_3_20260604_170622,7659478907000,continue,continue,0.3357367217540741,0.3927170634269714,0.0,0.2715461552143097,True,True,False,True
test|Edu_3_20260604_170622|7659812241000,Edu,Edu_3_20260604_170622,7659812241000,continue,continue,0.3338677287101745,0.4090829193592071,0.0,0.2570493519306183,True,True,False,True
test|Edu_3_20260604_170622|7660145574000,Edu,Edu_3_20260604_170622,7660145574000,continue,continue,0.3389955759048462,0.4145984351634979,0.0,0.246406078338623,True,True,False,True
test|Edu_3_20260604_170622|7660478907000,Edu,Edu_3_20260604_170622,7660478907000,continue,continue,0.3451078236103058,0.4015936851501465,0.0,0.2532984614372253,True,True,False,True
test|Edu_3_20260604_170622|7660812240000,Edu,Edu_3_20260604_170622,7660812240000,continue,continue,0.349996417760849,0.3888502120971679,0.0,0.2611533403396606,True,True,False,True
test|Edu_3_20260604_170622|7661145574000,Edu,Edu_3_20260604_170622,7661145574000,continue,continue,0.3432510197162628,0.3849696218967438,0.0,0.2717793881893158,True,True,False,True
test|Edu_3_20260604_170622|7661478907000,Edu,Edu_3_20260604_170622,7661478907000,continue,continue,0.3438449800014496,0.3680672347545624,0.0,0.2880877554416656,True,True,False,True
test|Edu_3_20260604_170622|7661812240000,Edu,Edu_3_20260604_170622,7661812240000,continue,continue,0.3468071222305298,0.3452286422252655,0.0,0.3079642057418823,True,True,False,True
test|Edu_3_20260604_170622|7662145574000,Edu,Edu_3_20260604_170622,7662145574000,continue,continue,0.3472431302070617,0.3264027237892151,0.0,0.3263542056083679,True,True,False,True
test|Edu_3_20260604_170622|7662478907000,Edu,Edu_3_20260604_170622,7662478907000,fetch,fetch,0.3685917854309082,0.3043055534362793,0.0,0.3271026611328125,True,True,False,True
test|Edu_3_20260604_170622|7662812240000,Edu,Edu_3_20260604_170622,7662812240000,fetch,fetch,0.3884362280368805,0.2810115218162536,0.0,0.3305522203445434,True,True,False,True
test|Edu_3_20260604_170622|7663145573000,Edu,Edu_3_20260604_170622,7663145573000,fetch,fetch,0.4077504575252533,0.2624142169952392,0.0,0.329835295677185,True,True,False,True
test|Edu_3_20260604_170622|7663478907000,Edu,Edu_3_20260604_170622,7663478907000,fetch,fetch,0.410036027431488,0.2619988024234772,0.0,0.3279651701450348,True,True,False,True
test|Edu_3_20260604_170622|7663812240000,Edu,Edu_3_20260604_170622,7663812240000,fetch,fetch,0.3237617909908294,0.2090585231781005,0.2071735709905624,0.2600060999393463,True,True,True,True
test|Edu_3_20260604_170622|7664145573000,Edu,Edu_3_20260604_170622,7664145573000,fetch,fetch,0.3260630965232849,0.2130144238471985,0.1970656812191009,0.2638567984104156,True,True,True,True
test|Edu_3_20260604_170622|7664478907000,Edu,Edu_3_20260604_170622,7664478907000,fetch,fetch,0.3198693394660949,0.2141142636537552,0.2025207281112671,0.2634956240653991,True,True,True,True
test|Edu_3_20260604_170622|7664812240000,Edu,Edu_3_20260604_170622,7664812240000,fetch,fetch,0.3223559856414795,0.2141670286655426,0.2028063982725143,0.2606706023216247,True,True,True,True
test|Edu_3_20260604_170622|7665145573000,Edu,Edu_3_20260604_170622,7665145573000,fetch,fetch,0.3217033445835113,0.2137010395526886,0.2014863193035125,0.2631092965602875,True,True,True,True
test|Edu_3_20260604_170622|7665478907000,Edu,Edu_3_20260604_170622,7665478907000,fetch,fetch,0.3221409022808075,0.2121393382549286,0.2012247294187545,0.2644950151443481,True,True,True,True
test|Edu_3_20260604_170622|7665812240000,Edu,Edu_3_20260604_170622,7665812240000,fetch,fetch,0.3138909041881561,0.2231261730194091,0.1977398246526718,0.2652431428432464,True,True,True,True
test|Edu_3_20260604_170622|7667145573000,Edu,Edu_3_20260604_170622,7667145573000,handover,handover,0.294963389635086,0.2386848032474517,0.209512248635292,0.2568395435810089,True,True,True,True
test|Edu_3_20260604_170622|7667478906000,Edu,Edu_3_20260604_170622,7667478906000,handover,handover,0.2842911183834076,0.2486326396465301,0.2121799141168594,0.2548963129520416,True,True,True,True
test|Edu_3_20260604_170622|7667812240000,Edu,Edu_3_20260604_170622,7667812240000,handover,handover,0.2797014117240906,0.2606510818004608,0.2143567651510238,0.2452907562255859,True,True,True,True
test|Edu_3_20260604_170622|7668145573000,Edu,Edu_3_20260604_170622,7668145573000,handover,handover,0.2699404060840606,0.2814212441444397,0.2112728655338287,0.2373655140399933,True,True,True,True
test|Edu_3_20260604_170622|7668478906000,Edu,Edu_3_20260604_170622,7668478906000,handover,handover,0.2463178932666778,0.3129490613937378,0.2068256884813308,0.233907401561737,True,True,True,True
test|Edu_3_20260604_170622|7668812240000,Edu,Edu_3_20260604_170622,7668812240000,handover,handover,0.2285353541374206,0.344476044178009,0.201861634850502,0.2251269817352295,True,True,True,True
test|Edu_3_20260604_170622|7669145573000,Edu,Edu_3_20260604_170622,7669145573000,handover,handover,0.2191851884126663,0.3721187710762024,0.192055657505989,0.2166403383016586,True,True,True,True
test|Edu_3_20260604_170622|7669478906000,Edu,Edu_3_20260604_170622,7669478906000,handover,handover,0.2126457244157791,0.3914797902107239,0.1864569187164306,0.2094175517559051,True,True,True,True
test|Edu_3_20260604_170622|7669812239000,Edu,Edu_3_20260604_170622,7669812239000,handover,handover,0.2098883092403412,0.3901787996292114,0.1861698031425476,0.2137630432844162,True,True,True,True
test|Edu_3_20260604_170622|7670145573000,Edu,Edu_3_20260604_170622,7670145573000,handover,handover,0.2174065262079239,0.3832557201385498,0.182292103767395,0.217045709490776,True,True,True,True
test|Edu_3_20260604_170622|7670478906000,Edu,Edu_3_20260604_170622,7670478906000,handover,handover,0.2310399264097213,0.3635858595371246,0.1835765093564987,0.2217977494001388,True,True,True,True
test|Edu_4_20260604_170837|7779945574000,Edu,Edu_4_20260604_170837,7779945574000,continue,continue,0.2638354003429413,0.4401016533374786,0.0,0.2960629165172577,True,True,False,True
test|Edu_4_20260604_170837|7780278907000,Edu,Edu_4_20260604_170837,7780278907000,continue,continue,0.273813396692276,0.4246404767036438,0.0,0.3015461266040802,True,True,False,True
test|Edu_4_20260604_170837|7780612241000,Edu,Edu_4_20260604_170837,7780612241000,continue,continue,0.2951932251453399,0.4100454449653625,0.0,0.2947612702846527,True,True,False,True
test|Edu_4_20260604_170837|7780945574000,Edu,Edu_4_20260604_170837,7780945574000,continue,continue,0.3077760636806488,0.3986412286758423,0.0,0.2935827672481537,True,True,False,True
test|Edu_4_20260604_170837|7781278907000,Edu,Edu_4_20260604_170837,7781278907000,continue,continue,0.3222236037254333,0.3880214989185333,0.0,0.2897548973560333,True,True,False,True
test|Edu_4_20260604_170837|7781612240000,Edu,Edu_4_20260604_170837,7781612240000,continue,continue,0.3384839594364166,0.3731995820999145,0.0,0.2883164882659912,True,True,False,True
test|Edu_4_20260604_170837|7781945574000,Edu,Edu_4_20260604_170837,7781945574000,continue,continue,0.3507846593856811,0.3555342853069305,0.0,0.2936810553073883,True,True,False,True
test|Edu_4_20260604_170837|7782278907000,Edu,Edu_4_20260604_170837,7782278907000,continue,continue,0.3567725718021393,0.348635584115982,0.0,0.2945918142795563,True,True,False,True
test|Edu_4_20260604_170837|7782612240000,Edu,Edu_4_20260604_170837,7782612240000,continue,continue,0.3513444662094116,0.3463726341724396,0.0,0.3022828996181488,True,True,False,True
test|Edu_4_20260604_170837|7782945574000,Edu,Edu_4_20260604_170837,7782945574000,continue,continue,0.3428881168365478,0.3517717719078064,0.0,0.3053401112556457,True,True,False,True
test|Edu_4_20260604_170837|7783278907000,Edu,Edu_4_20260604_170837,7783278907000,continue,continue,0.3242381513118744,0.3715359270572662,0.0,0.304225891828537,True,True,False,True
test|Edu_4_20260604_170837|7783612240000,Edu,Edu_4_20260604_170837,7783612240000,continue,continue,0.2967087626457214,0.4016479253768921,0.0,0.3016432523727417,True,True,False,True
test|Edu_4_20260604_170837|7783945574000,Edu,Edu_4_20260604_170837,7783945574000,continue,handover,0.2860256433486938,0.4283900856971741,0.0,0.2855842709541321,True,True,False,True
test|Edu_4_20260604_170837|7784278907000,Edu,Edu_4_20260604_170837,7784278907000,continue,handover,0.2869951128959656,0.431863009929657,0.0,0.2811419069766998,True,True,False,True
test|Edu_4_20260604_170837|7784612240000,Edu,Edu_4_20260604_170837,7784612240000,continue,handover,0.2968445420265198,0.426180750131607,0.0,0.276974618434906,True,True,False,True
test|Edu_4_20260604_170837|7784945573000,Edu,Edu_4_20260604_170837,7784945573000,continue,continue,0.3073600530624389,0.4098016619682312,0.0,0.2828383147716522,True,True,False,True
test|Edu_4_20260604_170837|7785278907000,Edu,Edu_4_20260604_170837,7785278907000,continue,continue,0.3219178915023803,0.390469342470169,0.0,0.2876127660274505,True,True,False,True
test|Edu_4_20260604_170837|7785612240000,Edu,Edu_4_20260604_170837,7785612240000,continue,continue,0.3458310067653656,0.3618912696838379,0.0,0.2922777235507965,True,True,False,True
test|Edu_4_20260604_170837|7785945573000,Edu,Edu_4_20260604_170837,7785945573000,continue,continue,0.3588089644908905,0.3430131077766418,0.0,0.2981778979301452,True,True,False,True
test|Edu_4_20260604_170837|7786278907000,Edu,Edu_4_20260604_170837,7786278907000,continue,continue,0.3578343689441681,0.34527188539505,0.0,0.2968936860561371,True,True,False,True
test|Edu_4_20260604_170837|7786612240000,Edu,Edu_4_20260604_170837,7786612240000,continue,continue,0.3480084538459778,0.3511476516723633,0.0,0.3008438944816589,True,True,False,True
test|Edu_4_20260604_170837|7786945573000,Edu,Edu_4_20260604_170837,7786945573000,continue,continue,0.348838746547699,0.3510945439338684,0.0,0.3000666797161102,True,True,False,True
test|Edu_4_20260604_170837|7787278907000,Edu,Edu_4_20260604_170837,7787278907000,continue,continue,0.3574139773845672,0.3562644124031067,0.0,0.2863216400146484,True,True,False,True
test|Edu_4_20260604_170837|7787612240000,Edu,Edu_4_20260604_170837,7787612240000,continue,continue,0.3622860908508301,0.3741147816181183,0.0,0.2635990977287292,True,True,False,True
test|Edu_4_20260604_170837|7787945573000,Edu,Edu_4_20260604_170837,7787945573000,continue,continue,0.3749269247055053,0.3761941492557525,0.0,0.2488789707422256,True,True,False,True
test|Edu_4_20260604_170837|7788278906000,Edu,Edu_4_20260604_170837,7788278906000,continue,continue,0.3871962130069732,0.3720877766609192,0.0,0.2407160252332687,True,True,False,True
test|Edu_4_20260604_170837|7788612240000,Edu,Edu_4_20260604_170837,7788612240000,continue,continue,0.3928095996379852,0.3781429231166839,0.0,0.2290474623441696,True,True,False,True
test|Edu_4_20260604_170837|7788945573000,Edu,Edu_4_20260604_170837,7788945573000,continue,continue,0.3871354162693023,0.3796361982822418,0.0,0.2332284152507782,True,True,False,True
test|Edu_4_20260604_170837|7789278906000,Edu,Edu_4_20260604_170837,7789278906000,continue,continue,0.3825763463973999,0.3654108345508575,0.0,0.2520128190517425,True,True,False,True
test|Edu_4_20260604_170837|7789612240000,Edu,Edu_4_20260604_170837,7789612240000,continue,continue,0.3839489221572876,0.3429390788078308,0.0,0.273112028837204,True,True,False,True
test|Edu_4_20260604_170837|7789945573000,Edu,Edu_4_20260604_170837,7789945573000,continue,continue,0.3768177032470703,0.3306770026683807,0.0,0.2925052642822265,True,True,False,True
test|Edu_4_20260604_170837|7790278906000,Edu,Edu_4_20260604_170837,7790278906000,continue,continue,0.3664527535438537,0.33040851354599,0.0,0.3031386435031891,True,True,False,True
test|Edu_4_20260604_170837|7790612240000,Edu,Edu_4_20260604_170837,7790612240000,continue,continue,0.3543137609958648,0.3357954919338226,0.0,0.3098907172679901,True,True,False,True
test|Edu_4_20260604_170837|7790945573000,Edu,Edu_4_20260604_170837,7790945573000,continue,continue,0.3485639095306396,0.3484085500240326,0.0,0.3030275404453277,True,True,False,True
test|Edu_4_20260604_170837|7791278906000,Edu,Edu_4_20260604_170837,7791278906000,continue,continue,0.3469553291797638,0.3568662106990814,0.0,0.2961784303188324,True,True,False,True
test|Edu_4_20260604_170837|7791612239000,Edu,Edu_4_20260604_170837,7791612239000,continue,continue,0.3525944352149963,0.346367210149765,0.0,0.3010382950305938,True,True,False,True
test|Edu_4_20260604_170837|7791945573000,Edu,Edu_4_20260604_170837,7791945573000,continue,continue,0.360560268163681,0.3387609124183655,0.0,0.3006787598133087,True,True,False,True
test|Edu_4_20260604_170837|7792278906000,Edu,Edu_4_20260604_170837,7792278906000,continue,continue,0.371764600276947,0.3262456357479095,0.0,0.3019898235797882,True,True,False,True
test|Edu_4_20260604_170837|7792612239000,Edu,Edu_4_20260604_170837,7792612239000,continue,continue,0.3855401277542114,0.3109464943408966,0.0,0.3035134375095367,True,True,False,True
test|Edu_4_20260604_170837|7792945573000,Edu,Edu_4_20260604_170837,7792945573000,continue,continue,0.3886835277080536,0.3019881546497345,0.0,0.3093282878398895,True,True,False,True
test|Edu_4_20260604_170837|7793278906000,Edu,Edu_4_20260604_170837,7793278906000,continue,continue,0.3903644382953644,0.3001321256160736,0.0,0.309503436088562,True,True,False,True
test|Edu_4_20260604_170837|7793612239000,Edu,Edu_4_20260604_170837,7793612239000,continue,continue,0.3874899744987488,0.3090244829654693,0.0,0.3034855723381042,True,True,False,True
test|Edu_4_20260604_170837|7793945573000,Edu,Edu_4_20260604_170837,7793945573000,continue,continue,0.3808521032333374,0.3168492913246155,0.0,0.3022986054420471,True,True,False,True
test|Edu_4_20260604_170837|7794278906000,Edu,Edu_4_20260604_170837,7794278906000,continue,continue,0.3792891204357147,0.3267904222011566,0.0,0.2939204573631286,True,True,False,True
test|Edu_4_20260604_170837|7794612239000,Edu,Edu_4_20260604_170837,7794612239000,continue,continue,0.3760721385478973,0.3319586515426636,0.0,0.2919692695140838,True,True,False,True
test|Edu_4_20260604_170837|7794945572000,Edu,Edu_4_20260604_170837,7794945572000,continue,continue,0.3754056096076965,0.327668696641922,0.0,0.2969257235527038,True,True,False,True
test|Edu_4_20260604_170837|7795278906000,Edu,Edu_4_20260604_170837,7795278906000,continue,continue,0.375802606344223,0.3266060054302215,0.0,0.297591358423233,True,True,False,True
test|Edu_4_20260604_170837|7795612239000,Edu,Edu_4_20260604_170837,7795612239000,continue,continue,0.3742969334125519,0.3221171796321869,0.0,0.3035859167575836,True,True,False,True
test|Edu_4_20260604_170837|7795945572000,Edu,Edu_4_20260604_170837,7795945572000,continue,continue,0.375707745552063,0.315348744392395,0.0,0.308943510055542,True,True,False,True
test|Edu_4_20260604_170837|7796278906000,Edu,Edu_4_20260604_170837,7796278906000,continue,continue,0.3747275769710541,0.30945685505867,0.0,0.3158155679702759,True,True,False,True
test|Edu_4_20260604_170837|7796612239000,Edu,Edu_4_20260604_170837,7796612239000,continue,continue,0.374062716960907,0.3047248125076294,0.0,0.3212124109268188,True,True,False,True
test|Edu_4_20260604_170837|7796945572000,Edu,Edu_4_20260604_170837,7796945572000,continue,continue,0.3755534589290619,0.3059229850769043,0.0,0.3185235559940338,True,True,False,True
test|Edu_4_20260604_170837|7797278906000,Edu,Edu_4_20260604_170837,7797278906000,continue,continue,0.3740994930267334,0.3065190315246582,0.0,0.3193814158439636,True,True,False,True
test|Edu_4_20260604_170837|7797612239000,Edu,Edu_4_20260604_170837,7797612239000,continue,continue,0.3698737025260925,0.3132068812847137,0.0,0.3169193863868713,True,True,False,True
test|Edu_4_20260604_170837|7797945572000,Edu,Edu_4_20260604_170837,7797945572000,continue,continue,0.3655309081077575,0.3202939331531524,0.0,0.3141752183437347,True,True,False,True
test|Edu_4_20260604_170837|7798278905000,Edu,Edu_4_20260604_170837,7798278905000,continue,continue,0.3641186058521271,0.32534059882164,0.0,0.3105408251285553,True,True,False,True
test|Edu_4_20260604_170837|7798612239000,Edu,Edu_4_20260604_170837,7798612239000,continue,continue,0.3664896488189697,0.3307964503765106,0.0,0.3027139008045196,True,True,False,True
test|Edu_4_20260604_170837|7798945572000,Edu,Edu_4_20260604_170837,7798945572000,continue,continue,0.3674899041652679,0.3348435461521148,0.0,0.2976665794849396,True,True,False,True
test|Edu_4_20260604_170837|7799278905000,Edu,Edu_4_20260604_170837,7799278905000,continue,continue,0.3739331364631653,0.3400220572948456,0.0,0.2860447466373443,True,True,False,True
test|Edu_4_20260604_170837|7799612239000,Edu,Edu_4_20260604_170837,7799612239000,continue,continue,0.3738541007041931,0.3456116616725921,0.0,0.2805342674255371,True,True,False,True
test|Edu_4_20260604_170837|7799945572000,Edu,Edu_4_20260604_170837,7799945572000,continue,continue,0.3676839172840118,0.3556045889854431,0.0,0.2767114639282226,True,True,False,True
test|Edu_4_20260604_170837|7800278905000,Edu,Edu_4_20260604_170837,7800278905000,continue,continue,0.3656249642372131,0.3640750646591186,0.0,0.270300030708313,True,True,False,True
test|Edu_4_20260604_170837|7800612239000,Edu,Edu_4_20260604_170837,7800612239000,continue,continue,0.35993492603302,0.3675041198730469,0.0,0.2725609242916107,True,True,False,True
test|Edu_4_20260604_170837|7800945572000,Edu,Edu_4_20260604_170837,7800945572000,continue,continue,0.3567436039447784,0.3609959185123443,0.0,0.28226038813591,True,True,False,True
test|Edu_4_20260604_170837|7801278905000,Edu,Edu_4_20260604_170837,7801278905000,continue,continue,0.3450450897216797,0.3602214157581329,0.0,0.2947334349155426,True,True,False,True
test|Edu_4_20260604_170837|7801612238000,Edu,Edu_4_20260604_170837,7801612238000,continue,continue,0.3478374481201172,0.3490821719169616,0.0,0.3030804097652435,True,True,False,True
test|Edu_4_20260604_170837|7801945572000,Edu,Edu_4_20260604_170837,7801945572000,continue,continue,0.362693190574646,0.3295948207378387,0.0,0.3077120184898376,True,True,False,True
test|Edu_4_20260604_170837|7802278905000,Edu,Edu_4_20260604_170837,7802278905000,fetch,fetch,0.3729241192340851,0.3091732561588287,0.0,0.3179026246070862,True,True,False,True
test|Edu_4_20260604_170837|7802612238000,Edu,Edu_4_20260604_170837,7802612238000,fetch,fetch,0.3881094753742218,0.2913818657398224,0.0,0.3205086290836334,True,True,False,True
test|Edu_4_20260604_170837|7802945572000,Edu,Edu_4_20260604_170837,7802945572000,fetch,fetch,0.399061381816864,0.2765587270259857,0.0,0.3243798911571502,True,True,False,True
test|Edu_4_20260604_170837|7803278905000,Edu,Edu_4_20260604_170837,7803278905000,fetch,fetch,0.4084284007549286,0.2694754600524902,0.0,0.3220961093902588,True,True,False,True
test|Edu_4_20260604_170837|7803612238000,Edu,Edu_4_20260604_170837,7803612238000,fetch,fetch,0.4124004542827606,0.2687780261039734,0.0,0.3188214898109436,True,True,False,True
test|Edu_4_20260604_170837|7803945572000,Edu,Edu_4_20260604_170837,7803945572000,fetch,fetch,0.4130592048168182,0.2687883675098419,0.0,0.318152368068695,True,True,False,True
test|Edu_4_20260604_170837|7804278905000,Edu,Edu_4_20260604_170837,7804278905000,fetch,fetch,0.4156960248947143,0.2680297791957855,0.0,0.3162741959095001,True,True,False,True
test|Edu_4_20260604_170837|7804612238000,Edu,Edu_4_20260604_170837,7804612238000,fetch,fetch,0.4143738746643066,0.266304075717926,0.0,0.3193221390247345,True,True,False,True
test|Edu_4_20260604_170837|7804945571000,Edu,Edu_4_20260604_170837,7804945571000,fetch,fetch,0.4204871654510498,0.2637954354286194,0.0,0.3157173991203308,True,True,False,True
test|Edu_4_20260604_170837|7805278905000,Edu,Edu_4_20260604_170837,7805278905000,fetch,fetch,0.4224404990673065,0.2605713009834289,0.0,0.3169882297515869,True,True,False,True
test|Edu_4_20260604_170837|7805612238000,Edu,Edu_4_20260604_170837,7805612238000,fetch,fetch,0.419967383146286,0.2582491338253021,0.0,0.3217834830284118,True,True,False,True
test|Edu_4_20260604_170837|7805945571000,Edu,Edu_4_20260604_170837,7805945571000,fetch,fetch,0.416662186384201,0.2578000724315643,0.0,0.325537770986557,True,True,False,True
test|Edu_4_20260604_170837|7806278905000,Edu,Edu_4_20260604_170837,7806278905000,fetch,fetch,0.4139295220375061,0.2581136226654053,0.0,0.327956885099411,True,True,False,True
test|Edu_4_20260604_170837|7806612238000,Edu,Edu_4_20260604_170837,7806612238000,fetch,fetch,0.4035604000091553,0.2698423862457275,0.0,0.3265972137451172,True,True,False,True
test|Edu_4_20260604_170837|7807612238000,Edu,Edu_4_20260604_170837,7807612238000,handover,handover,0.3706572651863098,0.3054934740066528,0.0,0.3238492608070373,True,True,False,True
test|Edu_4_20260604_170837|7807945571000,Edu,Edu_4_20260604_170837,7807945571000,handover,handover,0.3546290099620819,0.320381224155426,0.0,0.3249897956848144,True,True,False,True
test|Edu_4_20260604_170837|7808278904000,Edu,Edu_4_20260604_170837,7808278904000,handover,handover,0.3360331356525421,0.3513670861721039,0.0,0.3125998377799988,True,True,False,True
test|Edu_4_20260604_170837|7808612238000,Edu,Edu_4_20260604_170837,7808612238000,handover,handover,0.3223905563354492,0.3760924935340881,0.0,0.3015168905258178,True,True,False,True
test|Edu_4_20260604_170837|7808945571000,Edu,Edu_4_20260604_170837,7808945571000,handover,handover,0.3031072616577148,0.4039366841316223,0.0,0.292955994606018,True,True,False,True
test|Edu_4_20260604_170837|7809278904000,Edu,Edu_4_20260604_170837,7809278904000,handover,handover,0.2890592217445373,0.4330904185771942,0.0,0.2778503596782684,True,True,False,True
test|Edu_4_20260604_170837|7809612238000,Edu,Edu_4_20260604_170837,7809612238000,handover,handover,0.2759436666965484,0.4593865573406219,0.0,0.2646698355674743,True,True,False,True
test|Edu_4_20260604_170837|7809945571000,Edu,Edu_4_20260604_170837,7809945571000,handover,handover,0.2640650868415832,0.481845885515213,0.0,0.2540890276432037,True,True,False,True
test|Edu_4_20260604_170837|7810278904000,Edu,Edu_4_20260604_170837,7810278904000,handover,handover,0.2188360393047332,0.4114438891410827,0.1513188034296035,0.2184012532234192,True,True,True,True
test|Edu_4_20260604_170837|7810612238000,Edu,Edu_4_20260604_170837,7810612238000,handover,handover,0.2241926193237304,0.411366194486618,0.1469011455774307,0.2175400108098983,True,True,True,True
test|Edu_4_20260604_170837|7810945571000,Edu,Edu_4_20260604_170837,7810945571000,handover,handover,0.2327754497528076,0.407643973827362,0.1460909396409988,0.2134896218776703,True,True,True,True
test|Edu_4_20260604_170837|7811278904000,Edu,Edu_4_20260604_170837,7811278904000,handover,handover,0.2484881728887558,0.3909458518028259,0.1413275003433227,0.2192383855581283,True,True,True,True
test|Edu_4_20260604_170837|7811612237000,Edu,Edu_4_20260604_170837,7811612237000,handover,handover,0.2661085426807403,0.3691072762012481,0.141713261604309,0.2230709344148636,True,True,True,True
test|Edu_5_20260604_170944|7846612240000,Edu,Edu_5_20260604_170944,7846612240000,continue,continue,0.2904209494590759,0.2220511585474014,0.2651154100894928,0.222412422299385,True,True,True,True
test|Edu_5_20260604_170944|7846945573000,Edu,Edu_5_20260604_170944,7846945573000,continue,continue,0.2880838811397552,0.220580980181694,0.2734907269477844,0.2178444415330886,True,True,True,True
test|Edu_5_20260604_170944|7847278906000,Edu,Edu_5_20260604_170944,7847278906000,continue,continue,0.2828234732151031,0.2221245020627975,0.2686949968338012,0.2263570129871368,True,True,True,True
test|Edu_5_20260604_170944|7847612239000,Edu,Edu_5_20260604_170944,7847612239000,continue,continue,0.2808802723884582,0.2330678403377533,0.2541386187076568,0.2319132536649704,True,True,True,True
test|Edu_5_20260604_170944|7847945573000,Edu,Edu_5_20260604_170944,7847945573000,continue,continue,0.2752174437046051,0.2470137625932693,0.2520450353622436,0.2257237583398819,True,True,True,True
test|Edu_5_20260604_170944|7848278906000,Edu,Edu_5_20260604_170944,7848278906000,continue,continue,0.2678775191307068,0.2627783417701721,0.2463381290435791,0.2230059951543808,True,True,True,True
test|Edu_5_20260604_170944|7848612239000,Edu,Edu_5_20260604_170944,7848612239000,continue,continue,0.2682712078094482,0.2775803208351135,0.239293172955513,0.2148553133010864,True,True,True,True
test|Edu_5_20260604_170944|7848945573000,Edu,Edu_5_20260604_170944,7848945573000,continue,continue,0.2719272971153259,0.2836089134216308,0.2207949608564376,0.2236688882112503,True,True,True,True
test|Edu_5_20260604_170944|7849278906000,Edu,Edu_5_20260604_170944,7849278906000,continue,continue,0.2718555033206939,0.2819197475910187,0.2304851710796356,0.2157395184040069,True,True,True,True
test|Edu_5_20260604_170944|7849612239000,Edu,Edu_5_20260604_170944,7849612239000,continue,continue,0.2698898315429687,0.2768431007862091,0.246316596865654,0.2069504708051681,True,True,True,True
test|Edu_5_20260604_170944|7849945572000,Edu,Edu_5_20260604_170944,7849945572000,continue,continue,0.2677719891071319,0.271266907453537,0.2502844929695129,0.2106765955686569,True,True,True,True
test|Edu_5_20260604_170944|7850278906000,Edu,Edu_5_20260604_170944,7850278906000,continue,continue,0.2707035839557647,0.2686146795749664,0.249296486377716,0.2113852649927139,True,True,True,True
test|Edu_5_20260604_170944|7850612239000,Edu,Edu_5_20260604_170944,7850612239000,continue,continue,0.2676904201507568,0.2635463774204254,0.2492749392986297,0.219488263130188,True,True,True,True
test|Edu_5_20260604_170944|7850945572000,Edu,Edu_5_20260604_170944,7850945572000,continue,continue,0.2563719451427459,0.2612204253673553,0.2556789815425873,0.226728618144989,True,True,True,True
test|Edu_5_20260604_170944|7851278906000,Edu,Edu_5_20260604_170944,7851278906000,continue,continue,0.2568348944187164,0.2713750302791595,0.2447699159383773,0.2270201444625854,True,True,True,True
test|Edu_5_20260604_170944|7851612239000,Edu,Edu_5_20260604_170944,7851612239000,continue,continue,0.2533750832080841,0.2867366969585418,0.2240417897701263,0.2358464449644088,True,True,True,True
test|Edu_5_20260604_170944|7851945572000,Edu,Edu_5_20260604_170944,7851945572000,continue,continue,0.2598142921924591,0.3072690665721893,0.2006926238536834,0.2322240322828292,True,True,True,True
test|Edu_5_20260604_170944|7852278906000,Edu,Edu_5_20260604_170944,7852278906000,continue,continue,0.2645224034786224,0.32057785987854,0.1878367811441421,0.2270629554986953,True,True,True,True
test|Edu_5_20260604_170944|7852612239000,Edu,Edu_5_20260604_170944,7852612239000,continue,continue,0.2659884989261627,0.326236367225647,0.1819222122430801,0.2258529663085937,True,True,True,True
test|Edu_5_20260604_170944|7852945572000,Edu,Edu_5_20260604_170944,7852945572000,continue,continue,0.2698754370212555,0.3321297466754913,0.1857364028692245,0.212258443236351,True,True,True,True
test|Edu_5_20260604_170944|7853278905000,Edu,Edu_5_20260604_170944,7853278905000,continue,continue,0.2659990489482879,0.3304596841335296,0.1997361928224563,0.203805074095726,True,True,True,True
test|Edu_5_20260604_170944|7853612239000,Edu,Edu_5_20260604_170944,7853612239000,continue,continue,0.2671811580657959,0.322950541973114,0.2160455137491226,0.1938228011131286,True,True,True,True
test|Edu_5_20260604_170944|7853945572000,Edu,Edu_5_20260604_170944,7853945572000,continue,continue,0.2717346251010895,0.3109847009181976,0.2295222580432891,0.1877584159374237,True,True,True,True
test|Edu_5_20260604_170944|7854278905000,Edu,Edu_5_20260604_170944,7854278905000,continue,continue,0.272221565246582,0.298467069864273,0.2350433021783828,0.1942680925130844,True,True,True,True
test|Edu_5_20260604_170944|7854612239000,Edu,Edu_5_20260604_170944,7854612239000,continue,continue,0.2727486193180084,0.290863424539566,0.2406216412782669,0.1957663595676422,True,True,True,True
test|Edu_5_20260604_170944|7854945572000,Edu,Edu_5_20260604_170944,7854945572000,continue,continue,0.2748303711414337,0.2770617008209228,0.237963855266571,0.21014404296875,True,True,True,True
test|Edu_5_20260604_170944|7855278905000,Edu,Edu_5_20260604_170944,7855278905000,continue,continue,0.2784408330917358,0.2667076289653778,0.2266372293233871,0.228214293718338,True,True,True,True
test|Edu_5_20260604_170944|7855612239000,Edu,Edu_5_20260604_170944,7855612239000,continue,continue,0.2686223685741424,0.2721613645553589,0.2223172485828399,0.236899048089981,True,True,True,True
test|Edu_5_20260604_170944|7855945572000,Edu,Edu_5_20260604_170944,7855945572000,continue,continue,0.2586358189582824,0.2837976813316345,0.2187943905591964,0.2387721240520477,True,True,True,True
test|Edu_5_20260604_170944|7856278905000,Edu,Edu_5_20260604_170944,7856278905000,continue,continue,0.256272554397583,0.2998377084732055,0.2115703374147415,0.2323194295167923,True,True,True,True
test|Edu_5_20260604_170944|7856612238000,Edu,Edu_5_20260604_170944,7856612238000,continue,continue,0.2539902329444885,0.3111666440963745,0.2031591087579727,0.2316840589046478,True,True,True,True
test|Edu_5_20260604_170944|7856945572000,Edu,Edu_5_20260604_170944,7856945572000,continue,continue,0.2538528442382812,0.3303020894527435,0.1971700638532638,0.2186749875545501,True,True,True,True
test|Edu_5_20260604_170944|7857278905000,Edu,Edu_5_20260604_170944,7857278905000,continue,continue,0.2539383471012115,0.3449772894382477,0.1895345896482467,0.2115497887134552,True,True,True,True
test|Edu_5_20260604_170944|7857612238000,Edu,Edu_5_20260604_170944,7857612238000,continue,continue,0.2655140459537506,0.3328635096549988,0.1905935108661651,0.2110289484262466,True,True,True,True
test|Edu_5_20260604_170944|7857945572000,Edu,Edu_5_20260604_170944,7857945572000,continue,continue,0.2750972509384155,0.3140090107917785,0.2011951506137848,0.2096986025571823,True,True,True,True
test|Edu_5_20260604_170944|7858278905000,Edu,Edu_5_20260604_170944,7858278905000,continue,continue,0.2740849256515503,0.2982089817523956,0.2127857208251953,0.2149203419685363,True,True,True,True
test|Edu_5_20260604_170944|7858612238000,Edu,Edu_5_20260604_170944,7858612238000,continue,continue,0.2739901542663574,0.2901685833930969,0.2245243191719055,0.2113169729709625,True,True,True,True
test|Edu_5_20260604_170944|7858945572000,Edu,Edu_5_20260604_170944,7858945572000,continue,continue,0.2766858339309692,0.276890754699707,0.2274160236120224,0.2190073579549789,True,True,True,True
test|Edu_5_20260604_170944|7859278905000,Edu,Edu_5_20260604_170944,7859278905000,continue,continue,0.273855596780777,0.2771241068840027,0.23048135638237,0.2185389548540115,True,True,True,True
test|Edu_5_20260604_170944|7859612238000,Edu,Edu_5_20260604_170944,7859612238000,continue,continue,0.2608377933502197,0.2878462672233581,0.2435599714517593,0.2077560275793075,True,True,True,True
test|Edu_5_20260604_170944|7859945571000,Edu,Edu_5_20260604_170944,7859945571000,continue,continue,0.2498137354850769,0.297967255115509,0.2550037205219269,0.1972152888774871,True,True,True,True
test|Edu_5_20260604_170944|7860278905000,Edu,Edu_5_20260604_170944,7860278905000,continue,continue,0.2555621862411499,0.3020418584346771,0.2592189311981201,0.1831770241260528,True,True,True,True
test|Edu_5_20260604_170944|7860612238000,Edu,Edu_5_20260604_170944,7860612238000,continue,continue,0.2663704752922058,0.3020001351833343,0.2570280730724334,0.1746013909578323,True,True,True,True
test|Edu_5_20260604_170944|7860945571000,Edu,Edu_5_20260604_170944,7860945571000,continue,continue,0.2740473449230194,0.2958015501499176,0.2578491270542145,0.1723019778728485,True,True,True,True
test|Edu_5_20260604_170944|7861278905000,Edu,Edu_5_20260604_170944,7861278905000,continue,continue,0.2893087267875671,0.2809086740016937,0.2555152177810669,0.1742673814296722,True,True,True,True
test|Edu_5_20260604_170944|7861612238000,Edu,Edu_5_20260604_170944,7861612238000,continue,continue,0.3077264726161957,0.2673960030078888,0.2408234477043151,0.1840540915727615,True,True,True,True
test|Edu_5_20260604_170944|7861945571000,Edu,Edu_5_20260604_170944,7861945571000,continue,continue,0.316018670797348,0.2641430199146271,0.2252130806446075,0.1946252286434173,True,True,True,True
test|Edu_5_20260604_170944|7862278905000,Edu,Edu_5_20260604_170944,7862278905000,continue,continue,0.3076775074005127,0.2585808932781219,0.2279635518789291,0.2057780623435974,True,True,True,True
test|Edu_5_20260604_170944|7862612238000,Edu,Edu_5_20260604_170944,7862612238000,continue,continue,0.2877275943756103,0.2470124512910843,0.2473624646663665,0.2178975045680999,True,True,True,True
test|Edu_5_20260604_170944|7862945571000,Edu,Edu_5_20260604_170944,7862945571000,continue,continue,0.2712065279483795,0.2514481544494629,0.2539941370487213,0.2233512103557586,True,True,True,True
test|Edu_5_20260604_170944|7863278904000,Edu,Edu_5_20260604_170944,7863278904000,continue,continue,0.2588478028774261,0.2621856927871704,0.251465380191803,0.2275011539459228,True,True,True,True
test|Edu_5_20260604_170944|7863612238000,Edu,Edu_5_20260604_170944,7863612238000,continue,continue,0.2545785307884216,0.2696200311183929,0.2463378757238388,0.2294635474681854,True,True,True,True
test|Edu_5_20260604_170944|7863945571000,Edu,Edu_5_20260604_170944,7863945571000,continue,continue,0.2588976919651031,0.2690325379371643,0.2385028451681137,0.2335668951272964,True,True,True,True
test|Edu_5_20260604_170944|7864278904000,Edu,Edu_5_20260604_170944,7864278904000,continue,continue,0.261633038520813,0.2782230973243713,0.2239843606948852,0.2361595332622528,True,True,True,True
test|Edu_5_20260604_170944|7864612238000,Edu,Edu_5_20260604_170944,7864612238000,continue,continue,0.2667740881443023,0.2990047037601471,0.2050709426403045,0.2291503250598907,True,True,True,True
test|Edu_5_20260604_170944|7864945571000,Edu,Edu_5_20260604_170944,7864945571000,continue,continue,0.2724554538726806,0.3008333444595337,0.2017244398593902,0.224986732006073,True,True,True,True
test|Edu_5_20260604_170944|7865278904000,Edu,Edu_5_20260604_170944,7865278904000,continue,continue,0.2747811675071716,0.2973066568374634,0.2062955796718597,0.2216165512800216,True,True,True,True
test|Edu_5_20260604_170944|7865612238000,Edu,Edu_5_20260604_170944,7865612238000,continue,continue,0.2777667641639709,0.2982537150382995,0.2129825204610824,0.210997000336647,True,True,True,True
test|Edu_5_20260604_170944|7865945571000,Edu,Edu_5_20260604_170944,7865945571000,continue,continue,0.2828502655029297,0.2879513800144195,0.2297962754964828,0.1994021087884903,True,True,True,True
test|Edu_5_20260604_170944|7866278904000,Edu,Edu_5_20260604_170944,7866278904000,continue,continue,0.2820697724819183,0.2714672088623047,0.2565541565418243,0.189908817410469,True,True,True,True
test|Edu_5_20260604_170944|7866612237000,Edu,Edu_5_20260604_170944,7866612237000,continue,continue,0.2814121842384338,0.2501415312290191,0.2714121341705322,0.1970341652631759,True,True,True,True
test|Edu_5_20260604_170944|7866945571000,Edu,Edu_5_20260604_170944,7866945571000,continue,continue,0.2792630195617676,0.2410073727369308,0.2748714387416839,0.2048582136631012,True,True,True,True
test|Edu_5_20260604_170944|7867278904000,Edu,Edu_5_20260604_170944,7867278904000,continue,continue,0.270271897315979,0.2349229156970977,0.2828765511512756,0.2119286209344864,True,True,True,True
test|Edu_5_20260604_170944|7867612237000,Edu,Edu_5_20260604_170944,7867612237000,continue,continue,0.2610009014606476,0.2283197343349456,0.2819310426712036,0.2287482917308807,True,True,True,True
test|Edu_5_20260604_170944|7867945571000,Edu,Edu_5_20260604_170944,7867945571000,continue,continue,0.2559313774108886,0.2344916760921478,0.2649434804916382,0.2446334213018417,True,True,True,True
test|Edu_5_20260604_170944|7868278904000,Edu,Edu_5_20260604_170944,7868278904000,fetch,continue,0.2550147473812103,0.2489927560091018,0.2406565994024276,0.2553358972072601,True,True,True,True
test|Edu_5_20260604_170944|7868612237000,Edu,Edu_5_20260604_170944,7868612237000,fetch,fetch,0.2571433782577514,0.2637428641319275,0.2267617732286453,0.2523519694805145,True,True,True,True
test|Edu_5_20260604_170944|7868945571000,Edu,Edu_5_20260604_170944,7868945571000,fetch,fetch,0.2606169581413269,0.2656739354133606,0.2231497764587402,0.2505593299865722,True,True,True,True
test|Edu_5_20260604_170944|7869278904000,Edu,Edu_5_20260604_170944,7869278904000,fetch,fetch,0.2699385285377502,0.2659174799919128,0.2182405591011047,0.2459034472703933,True,True,True,True
test|Edu_5_20260604_170944|7869612237000,Edu,Edu_5_20260604_170944,7869612237000,fetch,fetch,0.2806650996208191,0.260854572057724,0.2143589556217193,0.2441214174032211,True,True,True,True
test|Edu_5_20260604_170944|7869945570000,Edu,Edu_5_20260604_170944,7869945570000,fetch,fetch,0.2845613956451416,0.2549934387207031,0.216361790895462,0.244083359837532,True,True,True,True
test|Edu_5_20260604_170944|7870278904000,Edu,Edu_5_20260604_170944,7870278904000,fetch,fetch,0.2894251346588135,0.2463213503360748,0.2183370441198349,0.2459165006875991,True,True,True,True
test|Edu_5_20260604_170944|7870612237000,Edu,Edu_5_20260604_170944,7870612237000,fetch,fetch,0.2932040691375732,0.2369379848241806,0.2199169695377349,0.2499409765005111,True,True,True,True
test|Edu_5_20260604_170944|7870945570000,Edu,Edu_5_20260604_170944,7870945570000,fetch,fetch,0.2980045080184936,0.2280692756175995,0.2233413457870483,0.2505849301815033,True,True,True,True
test|Edu_5_20260604_170944|7871278904000,Edu,Edu_5_20260604_170944,7871278904000,fetch,fetch,0.3012007474899292,0.2211372256278991,0.2241190075874328,0.2535430490970611,True,True,True,True
test|Edu_5_20260604_170944|7871612237000,Edu,Edu_5_20260604_170944,7871612237000,fetch,fetch,0.3037106692790985,0.2201537042856216,0.2193558812141418,0.2567797303199768,True,True,True,True
test|Edu_5_20260604_170944|7871945570000,Edu,Edu_5_20260604_170944,7871945570000,fetch,fetch,0.3100614845752716,0.2141061425209045,0.2200124561786651,0.2558199167251587,True,True,True,True
test|Edu_5_20260604_170944|7873278903000,Edu,Edu_5_20260604_170944,7873278903000,handover,handover,0.2910802066326141,0.2483263611793518,0.2145404368638992,0.24605293571949,True,True,True,True
test|Edu_5_20260604_170944|7873612237000,Edu,Edu_5_20260604_170944,7873612237000,handover,handover,0.2792046666145324,0.2589542865753174,0.2189597934484481,0.2428813129663467,True,True,True,True
test|Edu_5_20260604_170944|7873945570000,Edu,Edu_5_20260604_170944,7873945570000,handover,handover,0.2609841227531433,0.2913027107715606,0.2118950188159942,0.2358182072639465,True,True,True,True
test|Edu_5_20260604_170944|7874278903000,Edu,Edu_5_20260604_170944,7874278903000,handover,handover,0.2427637577056884,0.3186597526073456,0.2046042382717132,0.2339723110198974,True,True,True,True
test|Edu_5_20260604_170944|7874612237000,Edu,Edu_5_20260604_170944,7874612237000,handover,handover,0.2347349524497985,0.3417726159095764,0.1985388100147247,0.2249535918235778,True,True,True,True
test|Edu_5_20260604_170944|7874945570000,Edu,Edu_5_20260604_170944,7874945570000,handover,handover,0.2260867953300476,0.3615336120128631,0.192065879702568,0.2203136980533599,True,True,True,True
test|Edu_5_20260604_170944|7875278903000,Edu,Edu_5_20260604_170944,7875278903000,handover,handover,0.2168103903532028,0.383521020412445,0.186758667230606,0.2129099667072296,True,True,True,True
test|Edu_5_20260604_170944|7875612237000,Edu,Edu_5_20260604_170944,7875612237000,handover,handover,0.2133273780345916,0.3960166573524475,0.182839497923851,0.2078164517879486,True,True,True,True
test|Edu_5_20260604_170944|7875945570000,Edu,Edu_5_20260604_170944,7875945570000,handover,handover,0.2114166021347046,0.393847793340683,0.1835428029298782,0.2111928015947342,True,True,True,True
test|Edu_5_20260604_170944|7876278903000,Edu,Edu_5_20260604_170944,7876278903000,handover,handover,0.2155268639326095,0.3911747634410858,0.1827965229749679,0.2105018645524978,True,True,True,True
test|Edu_5_20260604_170944|7876612236000,Edu,Edu_5_20260604_170944,7876612236000,handover,handover,0.2293503284454345,0.375689148902893,0.1861369907855987,0.20882348716259,True,True,True,True
test|Edu_5_20260604_170944|7876945570000,Edu,Edu_5_20260604_170944,7876945570000,handover,handover,0.2426104247570037,0.3522096276283264,0.1966129392385482,0.2085669934749603,True,True,True,True
test|Edu_5_20260604_170944|7877278903000,Edu,Edu_5_20260604_170944,7877278903000,handover,handover,0.2535003125667572,0.3288212120532989,0.2074981182813644,0.2101802974939346,True,True,True,True
test|Edu_5_20260604_170944|7877612236000,Edu,Edu_5_20260604_170944,7877612236000,handover,handover,0.260512113571167,0.3078651130199432,0.2215443849563598,0.2100783735513687,True,True,True,True
test|Edu_5_20260604_170944|7877945570000,Edu,Edu_5_20260604_170944,7877945570000,handover,handover,0.2569696605205536,0.2914516627788543,0.2400773912668228,0.2115012854337692,True,True,True,True
test|Edu_5_20260604_170944|7878278903000,Edu,Edu_5_20260604_170944,7878278903000,handover,continue,0.2374830693006515,0.2800196409225464,0.2643291056156158,0.2181682139635086,True,True,True,True
test|Edu_6_20260616_145740|2714312226000,Edu,Edu_6_20260616_145740,2714312226000,continue,handover,0.3093351125717163,0.2849381268024444,0.1708540767431259,0.2348726838827133,True,True,True,True
test|Edu_6_20260616_145740|2714645559000,Edu,Edu_6_20260616_145740,2714645559000,continue,fetch,0.3077483475208282,0.2822809219360351,0.1728758662939071,0.237094834446907,True,True,True,True
test|Edu_6_20260616_145740|2714978892000,Edu,Edu_6_20260616_145740,2714978892000,continue,fetch,0.2933827340602875,0.2878720760345459,0.181997150182724,0.2367480844259262,True,True,True,True
test|Edu_6_20260616_145740|2715312225000,Edu,Edu_6_20260616_145740,2715312225000,continue,continue,0.2879827916622162,0.3019433319568634,0.1777919381856918,0.2322819679975509,True,True,True,True
test|Edu_6_20260616_145740|2715645559000,Edu,Edu_6_20260616_145740,2715645559000,continue,continue,0.2892219722270965,0.3114389777183532,0.1717924773693084,0.2275465130805969,True,True,True,True
test|Edu_6_20260616_145740|2715978892000,Edu,Edu_6_20260616_145740,2715978892000,continue,continue,0.2887934744358063,0.3075289726257324,0.1647735387086868,0.2389039546251297,True,True,True,True
test|Edu_6_20260616_145740|2716312225000,Edu,Edu_6_20260616_145740,2716312225000,continue,continue,0.2875900268554687,0.3091116845607757,0.1531822085380554,0.2501160502433777,True,True,True,True
test|Edu_6_20260616_145740|2716645559000,Edu,Edu_6_20260616_145740,2716645559000,continue,continue,0.2894600629806518,0.3143543004989624,0.1463450193405151,0.249840646982193,True,True,True,True
test|Edu_6_20260616_145740|2716978892000,Edu,Edu_6_20260616_145740,2716978892000,continue,continue,0.3059878051280975,0.3175009191036224,0.121754340827465,0.2547569870948791,True,True,True,True
test|Edu_6_20260616_145740|2717312225000,Edu,Edu_6_20260616_145740,2717312225000,continue,continue,0.3189659714698791,0.3134503364562988,0.1162618324160575,0.2513218820095062,True,True,True,True
test|Edu_6_20260616_145740|2717645559000,Edu,Edu_6_20260616_145740,2717645559000,continue,continue,0.3276602029800415,0.3053978681564331,0.1203322410583496,0.2466096580028534,True,True,True,True
test|Edu_6_20260616_145740|2717978892000,Edu,Edu_6_20260616_145740,2717978892000,continue,continue,0.3834265768527984,0.3438019156455993,0.0,0.2727714478969574,True,True,False,True
test|Edu_6_20260616_145740|2718312225000,Edu,Edu_6_20260616_145740,2718312225000,continue,continue,0.383558452129364,0.33136647939682,0.0,0.2850750982761383,True,True,False,True
test|Edu_6_20260616_145740|2718645558000,Edu,Edu_6_20260616_145740,2718645558000,continue,continue,0.3729971349239349,0.3271358609199524,0.0,0.2998670041561126,True,True,False,True
test|Edu_6_20260616_145740|2718978892000,Edu,Edu_6_20260616_145740,2718978892000,continue,continue,0.3628546893596649,0.325654923915863,0.0,0.311490386724472,True,True,False,True
test|Edu_6_20260616_145740|2719312225000,Edu,Edu_6_20260616_145740,2719312225000,continue,continue,0.3480991125106811,0.3335458040237427,0.0,0.3183550238609314,True,True,False,True
test|Edu_6_20260616_145740|2719645558000,Edu,Edu_6_20260616_145740,2719645558000,continue,continue,0.3226912915706634,0.3475529551506042,0.0,0.3297557830810547,True,True,False,True
test|Edu_6_20260616_145740|2719978892000,Edu,Edu_6_20260616_145740,2719978892000,continue,continue,0.3074060976505279,0.3659497797489166,0.0,0.3266441226005554,True,True,False,True
test|Edu_6_20260616_145740|2720312225000,Edu,Edu_6_20260616_145740,2720312225000,continue,continue,0.3089125156402588,0.3821436464786529,0.0,0.3089438676834106,True,True,False,True
test|Edu_6_20260616_145740|2720645558000,Edu,Edu_6_20260616_145740,2720645558000,continue,continue,0.315404325723648,0.394802063703537,0.0,0.2897936105728149,True,True,False,True
test|Edu_6_20260616_145740|2720978892000,Edu,Edu_6_20260616_145740,2720978892000,continue,continue,0.3177310526371002,0.4090703725814819,0.0,0.2731985449790954,True,True,False,True
test|Edu_6_20260616_145740|2721312225000,Edu,Edu_6_20260616_145740,2721312225000,continue,continue,0.31768798828125,0.4119861423969269,0.0,0.2703259289264679,True,True,False,True
test|Edu_6_20260616_145740|2721645558000,Edu,Edu_6_20260616_145740,2721645558000,continue,continue,0.3119605779647827,0.4160628318786621,0.0,0.2719765603542328,True,True,False,True
test|Edu_6_20260616_145740|2721978891000,Edu,Edu_6_20260616_145740,2721978891000,continue,continue,0.3099193871021271,0.4105874001979828,0.0,0.2794931530952453,True,True,False,True
test|Edu_6_20260616_145740|2722312225000,Edu,Edu_6_20260616_145740,2722312225000,continue,continue,0.3160193264484405,0.4032760858535766,0.0,0.2807045876979828,True,True,False,True
test|Edu_6_20260616_145740|2722645558000,Edu,Edu_6_20260616_145740,2722645558000,continue,continue,0.3180261552333832,0.3935858309268951,0.0,0.2883880138397217,True,True,False,True
test|Edu_6_20260616_145740|2722978891000,Edu,Edu_6_20260616_145740,2722978891000,continue,continue,0.3193182945251465,0.3803439140319824,0.0,0.3003377914428711,True,True,False,True
test|Edu_6_20260616_145740|2723312225000,Edu,Edu_6_20260616_145740,2723312225000,continue,continue,0.3237589001655578,0.371035099029541,0.0,0.3052060306072235,True,True,False,True
test|Edu_6_20260616_145740|2723645558000,Edu,Edu_6_20260616_145740,2723645558000,continue,continue,0.3413329720497131,0.3553975820541382,0.0,0.3032694160938263,True,True,False,True
test|Edu_6_20260616_145740|2723978891000,Edu,Edu_6_20260616_145740,2723978891000,continue,continue,0.34935262799263,0.3451073467731476,0.0,0.3055400550365448,True,True,False,True
test|Edu_6_20260616_145740|2724312225000,Edu,Edu_6_20260616_145740,2724312225000,continue,continue,0.3466431796550751,0.3449409902095794,0.0,0.3084158897399902,True,True,False,True
test|Edu_6_20260616_145740|2724645558000,Edu,Edu_6_20260616_145740,2724645558000,continue,continue,0.3417984545230865,0.3531041443347931,0.0,0.3050974309444427,True,True,False,True
test|Edu_6_20260616_145740|2724978891000,Edu,Edu_6_20260616_145740,2724978891000,continue,continue,0.3348073065280914,0.3692386150360107,0.0,0.2959540784358978,True,True,False,True
test|Edu_6_20260616_145740|2725312224000,Edu,Edu_6_20260616_145740,2725312224000,continue,continue,0.3267648220062256,0.3833106458187103,0.0,0.2899245321750641,True,True,False,True
test|Edu_6_20260616_145740|2725645558000,Edu,Edu_6_20260616_145740,2725645558000,continue,continue,0.3155908286571502,0.3972308337688446,0.0,0.2871782779693603,True,True,False,True
test|Edu_6_20260616_145740|2725978891000,Edu,Edu_6_20260616_145740,2725978891000,continue,continue,0.3051963448524475,0.4137519896030426,0.0,0.2810516655445099,True,True,False,True
test|Edu_6_20260616_145740|2726312224000,Edu,Edu_6_20260616_145740,2726312224000,continue,continue,0.3067430257797241,0.4146198630332947,0.0,0.2786370813846588,True,True,False,True
test|Edu_6_20260616_145740|2726645558000,Edu,Edu_6_20260616_145740,2726645558000,continue,continue,0.3078466355800628,0.4084689021110534,0.0,0.2836844623088836,True,True,False,True
test|Edu_6_20260616_145740|2726978891000,Edu,Edu_6_20260616_145740,2726978891000,continue,continue,0.3136402666568756,0.3984280526638031,0.0,0.2879316508769989,True,True,False,True
test|Edu_6_20260616_145740|2727312224000,Edu,Edu_6_20260616_145740,2727312224000,continue,continue,0.3235137462615967,0.3924334943294525,0.0,0.2840527892112732,True,True,False,True
test|Edu_6_20260616_145740|2727645557000,Edu,Edu_6_20260616_145740,2727645557000,continue,continue,0.3359059393405914,0.3856008350849151,0.0,0.278493195772171,True,True,False,True
test|Edu_6_20260616_145740|2727978891000,Edu,Edu_6_20260616_145740,2727978891000,continue,continue,0.3450643122196197,0.3700928390026092,0.0,0.2848428189754486,True,True,False,True
test|Edu_6_20260616_145740|2728312224000,Edu,Edu_6_20260616_145740,2728312224000,continue,continue,0.3489148318767547,0.3587456345558166,0.0,0.2923395037651062,True,True,False,True
test|Edu_6_20260616_145740|2728645557000,Edu,Edu_6_20260616_145740,2728645557000,continue,continue,0.3494955003261566,0.3526024520397186,0.0,0.2979020178318023,True,True,False,True
test|Edu_6_20260616_145740|2728978891000,Edu,Edu_6_20260616_145740,2728978891000,continue,continue,0.353041261434555,0.3471606373786926,0.0,0.2997981309890747,True,True,False,True
test|Edu_6_20260616_145740|2729312224000,Edu,Edu_6_20260616_145740,2729312224000,continue,continue,0.3530197143554687,0.3345882892608642,0.0,0.312391996383667,True,True,False,True
test|Edu_6_20260616_145740|2729645557000,Edu,Edu_6_20260616_145740,2729645557000,continue,fetch,0.3390139937400818,0.3283936381340027,0.0,0.3325923681259155,True,True,False,True
test|Edu_6_20260616_145740|2729978891000,Edu,Edu_6_20260616_145740,2729978891000,fetch,fetch,0.3404968678951263,0.3249804377555847,0.0,0.3345226943492889,True,True,False,True
test|Edu_6_20260616_145740|2730312224000,Edu,Edu_6_20260616_145740,2730312224000,fetch,handover,0.3465578258037567,0.3217015862464905,0.0,0.3317406177520752,True,True,False,True
test|Edu_6_20260616_145740|2730645557000,Edu,Edu_6_20260616_145740,2730645557000,fetch,handover,0.3556012511253357,0.3167580366134643,0.0,0.3276407122611999,True,True,False,True
test|Edu_6_20260616_145740|2730978891000,Edu,Edu_6_20260616_145740,2730978891000,fetch,handover,0.3585433959960937,0.3120073676109314,0.0,0.3294492065906524,True,True,False,True
test|Edu_6_20260616_145740|2731312224000,Edu,Edu_6_20260616_145740,2731312224000,fetch,handover,0.3607581555843353,0.3147467672824859,0.0,0.3244950473308563,True,True,False,True
test|Edu_6_20260616_145740|2731645557000,Edu,Edu_6_20260616_145740,2731645557000,fetch,fetch,0.3748381435871124,0.3111791908740997,0.0,0.3139826655387878,True,True,False,True
test|Edu_6_20260616_145740|2731978890000,Edu,Edu_6_20260616_145740,2731978890000,fetch,fetch,0.3780737221240997,0.3097443580627441,0.0,0.3121819198131561,True,True,False,True
test|Edu_6_20260616_145740|2732312224000,Edu,Edu_6_20260616_145740,2732312224000,fetch,fetch,0.3752599358558655,0.3114037215709686,0.0,0.3133363723754883,True,True,False,True
test|Edu_6_20260616_145740|2732645557000,Edu,Edu_6_20260616_145740,2732645557000,fetch,fetch,0.373355895280838,0.313577651977539,0.0,0.3130664229393005,True,True,False,True
test|Edu_6_20260616_145740|2732978890000,Edu,Edu_6_20260616_145740,2732978890000,fetch,fetch,0.3641277551651001,0.3188047707080841,0.0,0.3170674741268158,True,True,False,True
test|Edu_6_20260616_145740|2733312224000,Edu,Edu_6_20260616_145740,2733312224000,fetch,fetch,0.3541259765625,0.3216759264469147,0.0,0.3241980671882629,True,True,False,True
test|Edu_6_20260616_145740|2733645557000,Edu,Edu_6_20260616_145740,2733645557000,fetch,fetch,0.3521720767021179,0.32196906208992,0.0,0.3258588016033172,True,True,False,True
test|Edu_6_20260616_145740|2733978890000,Edu,Edu_6_20260616_145740,2733978890000,fetch,fetch,0.3507148325443268,0.3214755952358246,0.0,0.327809602022171,True,True,False,True
test|Edu_6_20260616_145740|2735645557000,Edu,Edu_6_20260616_145740,2735645557000,handover,handover,0.3423469662666321,0.3184570968151092,0.0,0.3391959071159363,True,True,False,True
test|Edu_6_20260616_145740|2735978890000,Edu,Edu_6_20260616_145740,2735978890000,handover,handover,0.3264378011226654,0.3266653716564178,0.0,0.3468967974185943,True,True,False,True
test|Edu_6_20260616_145740|2736312223000,Edu,Edu_6_20260616_145740,2736312223000,handover,handover,0.3132634460926056,0.3355486989021301,0.0,0.3511877954006195,True,True,False,True
test|Edu_6_20260616_145740|2736645557000,Edu,Edu_6_20260616_145740,2736645557000,handover,handover,0.3059707880020141,0.3531740307807922,0.0,0.3408551812171936,True,True,False,True
test|Edu_6_20260616_145740|2736978890000,Edu,Edu_6_20260616_145740,2736978890000,handover,handover,0.2797736525535583,0.3845770955085754,0.0,0.3356491923332214,True,True,False,True
test|Edu_6_20260616_145740|2737312223000,Edu,Edu_6_20260616_145740,2737312223000,handover,handover,0.2526236772537231,0.4210900962352752,0.0,0.3262862861156463,True,True,False,True
test|Edu_6_20260616_145740|2737645557000,Edu,Edu_6_20260616_145740,2737645557000,handover,handover,0.2348889708518982,0.4551354944705963,0.0,0.3099755346775055,True,True,False,True
test|Edu_6_20260616_145740|2737978890000,Edu,Edu_6_20260616_145740,2737978890000,handover,handover,0.2207447588443756,0.4878423810005188,0.0,0.2914128005504608,True,True,False,True
test|Edu_6_20260616_145740|2738312223000,Edu,Edu_6_20260616_145740,2738312223000,handover,handover,0.2090597450733184,0.5133144855499268,0.0,0.27762570977211,True,True,False,True
test|Edu_6_20260616_145740|2738645556000,Edu,Edu_6_20260616_145740,2738645556000,handover,handover,0.2095791548490524,0.5155131816864014,0.0,0.2749076783657074,True,True,False,True
test|Edu_6_20260616_145740|2738978890000,Edu,Edu_6_20260616_145740,2738978890000,handover,handover,0.2155681401491165,0.5153747797012329,0.0,0.2690570652484894,True,True,False,True
test|Edu_6_20260616_145740|2739312223000,Edu,Edu_6_20260616_145740,2739312223000,handover,handover,0.2288813292980194,0.5036935210227966,0.0,0.2674250900745392,True,True,False,True
test|Edu_6_20260616_145740|2739645556000,Edu,Edu_6_20260616_145740,2739645556000,handover,handover,0.2521719932556152,0.4691265821456909,0.0,0.2787013947963714,True,True,False,True
test|Edu_6_20260616_145740|2739978890000,Edu,Edu_6_20260616_145740,2739978890000,handover,handover,0.2850812375545501,0.4289226830005646,0.0,0.2859960794448852,True,True,False,True
test|Edu_6_20260616_145740|2740312223000,Edu,Edu_6_20260616_145740,2740312223000,handover,handover,0.3149917721748352,0.3925531804561615,0.0,0.2924550473690033,True,True,False,True
test|Edu_6_20260616_145740|2740645556000,Edu,Edu_6_20260616_145740,2740645556000,handover,handover,0.3296151757240295,0.3654382824897766,0.0,0.3049464821815491,True,True,False,True
test|Edu_6_20260616_145740|2740978889000,Edu,Edu_6_20260616_145740,2740978889000,handover,handover,0.3346642851829529,0.3418897986412048,0.0,0.3234458863735199,True,True,False,True
test|Edu_6_20260616_145740|2741312223000,Edu,Edu_6_20260616_145740,2741312223000,handover,handover,0.3319686949253082,0.3303576111793518,0.0,0.3376736640930176,True,True,False,True
test|Edu_6_20260616_145740|2741645556000,Edu,Edu_6_20260616_145740,2741645556000,handover,handover,0.3268620073795318,0.3320585489273071,0.0,0.3410794734954834,True,True,False,True
test|Edu_6_20260616_145740|2741978889000,Edu,Edu_6_20260616_145740,2741978889000,handover,handover,0.3340994417667389,0.3308996260166168,0.0,0.3350009322166443,True,True,False,True
test|Edu_6_20260616_145740|2742312223000,Edu,Edu_6_20260616_145740,2742312223000,handover,handover,0.3406119048595428,0.3319859802722931,0.0,0.3274020850658417,True,True,False,True
test|Edu_6_20260616_145740|2742645556000,Edu,Edu_6_20260616_145740,2742645556000,handover,handover,0.344025194644928,0.3299703896045685,0.0,0.3260043859481811,True,True,False,True
test|Edu_6_20260616_145740|2742978889000,Edu,Edu_6_20260616_145740,2742978889000,handover,handover,0.3448686599731445,0.3269252479076385,0.0,0.3282060325145721,True,True,False,True
test|Edu_6_20260616_145740|2743312223000,Edu,Edu_6_20260616_145740,2743312223000,handover,handover,0.3423308730125427,0.3268554210662842,0.0,0.3308137059211731,True,True,False,True
test|Edu_6_20260616_145740|2743645556000,Edu,Edu_6_20260616_145740,2743645556000,handover,handover,0.3393084108829498,0.3287215828895569,0.0,0.3319699168205261,True,True,False,True
test|Edu_6_20260616_145740|2743978889000,Edu,Edu_6_20260616_145740,2743978889000,handover,handover,0.3359436690807342,0.3296440243721008,0.0,0.3344123065471649,True,True,False,True
test|Edu_6_20260616_145740|2744312222000,Edu,Edu_6_20260616_145740,2744312222000,handover,handover,0.3365651369094848,0.3268832862377167,0.0,0.3365515470504761,True,True,False,True
test|Edu_6_20260616_145740|2744645556000,Edu,Edu_6_20260616_145740,2744645556000,handover,handover,0.3415615856647491,0.3306061923503876,0.0,0.3278321921825409,True,True,False,True
test|Edu_6_20260616_145740|2744978889000,Edu,Edu_6_20260616_145740,2744978889000,handover,handover,0.3398266732692718,0.3359324336051941,0.0,0.3242408335208893,True,True,False,True
test|Edu_6_20260616_145740|2745312222000,Edu,Edu_6_20260616_145740,2745312222000,handover,handover,0.3209306001663208,0.3490254580974579,0.0,0.3300439119338989,True,True,False,True
test|Edu_6_20260616_145740|2745645556000,Edu,Edu_6_20260616_145740,2745645556000,handover,handover,0.298770010471344,0.3613636493682861,0.0,0.3398663401603699,True,True,False,True
test|Edu_7_20260616_145927|2820778892000,Edu,Edu_7_20260616_145927,2820778892000,continue,fetch,0.3046001195907593,0.2854869663715362,0.1425235122442245,0.2673893570899963,True,True,True,True
test|Edu_7_20260616_145927|2821112225000,Edu,Edu_7_20260616_145927,2821112225000,continue,fetch,0.2968972623348236,0.2880424857139587,0.1473094671964645,0.2677507698535919,True,True,True,True
test|Edu_7_20260616_145927|2821445558000,Edu,Edu_7_20260616_145927,2821445558000,continue,fetch,0.2956751883029938,0.2924536466598511,0.146832063794136,0.2650390863418579,True,True,True,True
test|Edu_7_20260616_145927|2821778892000,Edu,Edu_7_20260616_145927,2821778892000,continue,continue,0.2936001121997833,0.3012315034866333,0.1475060284137725,0.2576623857021332,True,True,True,True
test|Edu_7_20260616_145927|2822112225000,Edu,Edu_7_20260616_145927,2822112225000,continue,continue,0.2954126298427582,0.3155669867992401,0.1422180235385894,0.2468023747205734,True,True,True,True
test|Edu_7_20260616_145927|2822445558000,Edu,Edu_7_20260616_145927,2822445558000,continue,continue,0.2939411103725433,0.3265556693077087,0.1304350197315216,0.2490682452917099,True,True,True,True
test|Edu_7_20260616_145927|2822778891000,Edu,Edu_7_20260616_145927,2822778891000,continue,continue,0.2902900874614715,0.3368310928344726,0.1266297101974487,0.2462490946054458,True,True,True,True
test|Edu_7_20260616_145927|2823112225000,Edu,Edu_7_20260616_145927,2823112225000,continue,continue,0.2880982756614685,0.3490086197853088,0.1242324560880661,0.2386607080698013,True,True,True,True
test|Edu_7_20260616_145927|2823445558000,Edu,Edu_7_20260616_145927,2823445558000,continue,continue,0.2919064462184906,0.350478857755661,0.126522034406662,0.2310926467180252,True,True,True,True
test|Edu_7_20260616_145927|2823778891000,Edu,Edu_7_20260616_145927,2823778891000,continue,continue,0.2951368391513824,0.3522336483001709,0.1242880672216415,0.2283414900302887,True,True,True,True
test|Edu_7_20260616_145927|2824112225000,Edu,Edu_7_20260616_145927,2824112225000,continue,continue,0.2898585498332977,0.3546211123466491,0.1244171485304832,0.231103166937828,True,True,True,True
test|Edu_7_20260616_145927|2824445558000,Edu,Edu_7_20260616_145927,2824445558000,continue,continue,0.2892577052116394,0.3539900779724121,0.1260509043931961,0.23070128262043,True,True,True,True
test|Edu_7_20260616_145927|2824778891000,Edu,Edu_7_20260616_145927,2824778891000,continue,continue,0.2892954349517822,0.3538655638694763,0.1259479224681854,0.230891153216362,True,True,True,True
test|Edu_7_20260616_145927|2825112225000,Edu,Edu_7_20260616_145927,2825112225000,continue,continue,0.2892966270446777,0.3524768650531769,0.1254431307315826,0.2327833771705627,True,True,True,True
test|Edu_7_20260616_145927|2825445558000,Edu,Edu_7_20260616_145927,2825445558000,continue,continue,0.2901132702827453,0.3503414392471313,0.1258581429719925,0.2336871176958084,True,True,True,True
test|Edu_7_20260616_145927|2825778891000,Edu,Edu_7_20260616_145927,2825778891000,continue,continue,0.2915501892566681,0.3536425530910492,0.123620331287384,0.2311868816614151,True,True,True,True
test|Edu_7_20260616_145927|2826112224000,Edu,Edu_7_20260616_145927,2826112224000,continue,continue,0.2971201837062835,0.3535899817943573,0.1235821694135665,0.2257077246904373,True,True,True,True
test|Edu_7_20260616_145927|2826445558000,Edu,Edu_7_20260616_145927,2826445558000,continue,continue,0.2988121807575226,0.347909927368164,0.1257600039243698,0.2275179475545883,True,True,True,True
test|Edu_7_20260616_145927|2826778891000,Edu,Edu_7_20260616_145927,2826778891000,continue,continue,0.2955479025840759,0.3386945724487304,0.1270312070846557,0.2387263476848602,True,True,True,True
test|Edu_7_20260616_145927|2827112224000,Edu,Edu_7_20260616_145927,2827112224000,continue,continue,0.3009615838527679,0.326019674539566,0.1313048750162124,0.2417138963937759,True,True,True,True
test|Edu_7_20260616_145927|2827445558000,Edu,Edu_7_20260616_145927,2827445558000,continue,continue,0.3084485232830047,0.3122397363185882,0.1326647251844406,0.2466469556093216,True,True,True,True
test|Edu_7_20260616_145927|2827778891000,Edu,Edu_7_20260616_145927,2827778891000,continue,continue,0.3105220198631286,0.3045687973499298,0.137242779135704,0.2476664632558822,True,True,True,True
test|Edu_7_20260616_145927|2828112224000,Edu,Edu_7_20260616_145927,2828112224000,continue,continue,0.2995876669883728,0.3016234040260315,0.134119227528572,0.2646696865558624,True,True,True,True
test|Edu_7_20260616_145927|2828445558000,Edu,Edu_7_20260616_145927,2828445558000,continue,continue,0.2930957078933716,0.3064540028572082,0.1299739927053451,0.2704762816429138,True,True,True,True
test|Edu_7_20260616_145927|2828778891000,Edu,Edu_7_20260616_145927,2828778891000,continue,continue,0.2918792366981506,0.3119435310363769,0.1317419409751892,0.2644352912902832,True,True,True,True
test|Edu_7_20260616_145927|2829112224000,Edu,Edu_7_20260616_145927,2829112224000,continue,continue,0.2935939133167267,0.3176172971725464,0.1277679800987243,0.2610207498073578,True,True,True,True
test|Edu_7_20260616_145927|2829445557000,Edu,Edu_7_20260616_145927,2829445557000,continue,continue,0.2940075695514679,0.3266339600086212,0.1252392083406448,0.2541192770004272,True,True,True,True
test|Edu_7_20260616_145927|2829778891000,Edu,Edu_7_20260616_145927,2829778891000,continue,continue,0.2962960302829742,0.3288730978965759,0.1244321912527084,0.2503987848758697,True,True,True,True
test|Edu_7_20260616_145927|2830112224000,Edu,Edu_7_20260616_145927,2830112224000,continue,continue,0.3026415705680847,0.3227550089359283,0.130120038986206,0.2444833368062973,True,True,True,True
test|Edu_7_20260616_145927|2830445557000,Edu,Edu_7_20260616_145927,2830445557000,continue,continue,0.3030671775341034,0.3215675950050354,0.1338057965040207,0.2415594756603241,True,True,True,True
test|Edu_7_20260616_145927|2830778891000,Edu,Edu_7_20260616_145927,2830778891000,continue,continue,0.3003414273262024,0.3219485580921173,0.1349195539951324,0.2427904307842254,True,True,True,True
test|Edu_7_20260616_145927|2831112224000,Edu,Edu_7_20260616_145927,2831112224000,continue,continue,0.3006657361984253,0.320684552192688,0.1357313394546508,0.2429183274507522,True,True,True,True
test|Edu_7_20260616_145927|2831445557000,Edu,Edu_7_20260616_145927,2831445557000,continue,continue,0.3016732037067413,0.320308119058609,0.1358043104410171,0.2422143816947937,True,True,True,True
test|Edu_7_20260616_145927|2831778891000,Edu,Edu_7_20260616_145927,2831778891000,continue,continue,0.3016145229339599,0.3156845271587372,0.1431013643741607,0.2395995557308197,True,True,True,True
test|Edu_7_20260616_145927|2832112224000,Edu,Edu_7_20260616_145927,2832112224000,continue,continue,0.2979155778884887,0.3142181634902954,0.1487094461917877,0.2391567975282669,True,True,True,True
test|Edu_7_20260616_145927|2832445557000,Edu,Edu_7_20260616_145927,2832445557000,continue,continue,0.2954857647418976,0.3096142113208771,0.15830759704113,0.2365924268960952,True,True,True,True
test|Edu_7_20260616_145927|2832778890000,Edu,Edu_7_20260616_145927,2832778890000,continue,continue,0.2898911833763122,0.3087324798107147,0.1678849905729293,0.2334913462400436,True,True,True,True
test|Edu_7_20260616_145927|2833112224000,Edu,Edu_7_20260616_145927,2833112224000,continue,continue,0.2832395136356354,0.3155963718891144,0.1701526790857315,0.2310114651918411,True,True,True,True
test|Edu_7_20260616_145927|2833445557000,Edu,Edu_7_20260616_145927,2833445557000,continue,continue,0.2767470479011535,0.3266028761863708,0.1720857322216034,0.2245642989873886,True,True,True,True
test|Edu_7_20260616_145927|2833778890000,Edu,Edu_7_20260616_145927,2833778890000,continue,continue,0.2795455753803253,0.3336005508899688,0.1654344350099563,0.2214194238185882,True,True,True,True
test|Edu_7_20260616_145927|2834112224000,Edu,Edu_7_20260616_145927,2834112224000,continue,continue,0.2857650518417358,0.3292570412158966,0.1644695401191711,0.2205083966255188,True,True,True,True
test|Edu_7_20260616_145927|2834445557000,Edu,Edu_7_20260616_145927,2834445557000,continue,continue,0.3006615042686462,0.3160021305084228,0.1571341007947921,0.2262022793292999,True,True,True,True
test|Edu_7_20260616_145927|2834778890000,Edu,Edu_7_20260616_145927,2834778890000,continue,continue,0.3151096403598785,0.3010007739067077,0.1452982574701309,0.2385913282632827,True,True,True,True
test|Edu_7_20260616_145927|2835112224000,Edu,Edu_7_20260616_145927,2835112224000,continue,continue,0.3210027515888214,0.2913142442703247,0.1372395306825637,0.2504435181617737,True,True,True,True
test|Edu_7_20260616_145927|2835445557000,Edu,Edu_7_20260616_145927,2835445557000,continue,continue,0.3181537389755249,0.2812674343585968,0.1328680366277694,0.26771080493927,True,True,True,True
test|Edu_7_20260616_145927|2835778890000,Edu,Edu_7_20260616_145927,2835778890000,continue,fetch,0.2977060675621032,0.2738535106182098,0.1361507922410965,0.2922896444797516,True,True,True,True
test|Edu_7_20260616_145927|2836112223000,Edu,Edu_7_20260616_145927,2836112223000,continue,fetch,0.2787475287914276,0.2755952477455139,0.1350289732217788,0.3106282949447632,True,True,True,True
test|Edu_7_20260616_145927|2836445557000,Edu,Edu_7_20260616_145927,2836445557000,fetch,fetch,0.2741334438323974,0.2748150527477264,0.1316721439361572,0.3193793892860412,True,True,True,True
test|Edu_7_20260616_145927|2836778890000,Edu,Edu_7_20260616_145927,2836778890000,fetch,fetch,0.2711145877838135,0.2752667665481567,0.1315848976373672,0.3220337331295013,True,True,True,True
test|Edu_7_20260616_145927|2837112223000,Edu,Edu_7_20260616_145927,2837112223000,fetch,fetch,0.2707027792930603,0.2759300470352173,0.1327394992113113,0.3206276595592499,True,True,True,True
test|Edu_7_20260616_145927|2837445557000,Edu,Edu_7_20260616_145927,2837445557000,fetch,fetch,0.2636032998561859,0.278341680765152,0.1347605586051941,0.3232944905757904,True,True,True,True
test|Edu_7_20260616_145927|2837778890000,Edu,Edu_7_20260616_145927,2837778890000,fetch,handover,0.2677730023860931,0.2811139523983001,0.1364847272634506,0.3146283030509949,True,True,True,True
test|Edu_7_20260616_145927|2838112223000,Edu,Edu_7_20260616_145927,2838112223000,fetch,handover,0.2731724679470062,0.2862142622470855,0.139602392911911,0.3010108768939972,True,True,True,True
test|Edu_7_20260616_145927|2838445557000,Edu,Edu_7_20260616_145927,2838445557000,fetch,fetch,0.2663373351097107,0.2890093922615051,0.145466923713684,0.2991864085197449,True,True,True,True
test|Edu_7_20260616_145927|2838778890000,Edu,Edu_7_20260616_145927,2838778890000,fetch,fetch,0.2705605626106262,0.2861710488796234,0.1450143903493881,0.298253983259201,True,True,True,True
test|Edu_7_20260616_145927|2839112223000,Edu,Edu_7_20260616_145927,2839112223000,fetch,fetch,0.2755611836910248,0.2833927869796753,0.1446597427129745,0.2963862419128418,True,True,True,True
test|Edu_7_20260616_145927|2839445556000,Edu,Edu_7_20260616_145927,2839445556000,fetch,fetch,0.2807809710502624,0.2823212146759033,0.1450554430484771,0.2918424010276794,True,True,True,True
test|Edu_7_20260616_145927|2839778890000,Edu,Edu_7_20260616_145927,2839778890000,fetch,fetch,0.2844303846359253,0.2804370820522308,0.1441117078065872,0.2910208702087402,True,True,True,True
test|Edu_7_20260616_145927|2840112223000,Edu,Edu_7_20260616_145927,2840112223000,fetch,fetch,0.2849029898643493,0.2728959321975708,0.1399784982204437,0.3022225797176361,True,True,True,True
test|Edu_7_20260616_145927|2840445556000,Edu,Edu_7_20260616_145927,2840445556000,fetch,fetch,0.2855487167835235,0.2719296514987945,0.1339219659566879,0.3085996806621551,True,True,True,True
test|Edu_7_20260616_145927|2840778890000,Edu,Edu_7_20260616_145927,2840778890000,fetch,fetch,0.299807459115982,0.2679023444652557,0.131631925702095,0.300658255815506,True,True,True,True
test|Edu_7_20260616_145927|2842778889000,Edu,Edu_7_20260616_145927,2842778889000,handover,handover,0.2985992431640625,0.2615610361099243,0.1341408938169479,0.3056987822055816,True,True,True,True
test|Edu_7_20260616_145927|2843112223000,Edu,Edu_7_20260616_145927,2843112223000,handover,handover,0.278511494398117,0.2698254883289337,0.1366423219442367,0.3150206208229065,True,True,True,True
test|Edu_7_20260616_145927|2843445556000,Edu,Edu_7_20260616_145927,2843445556000,handover,handover,0.2480198442935943,0.292497307062149,0.1392298638820648,0.3202530145645141,True,True,True,True
test|Edu_7_20260616_145927|2843778889000,Edu,Edu_7_20260616_145927,2843778889000,handover,handover,0.2221834063529968,0.3259711563587188,0.1377989202737808,0.3140465915203094,True,True,True,True
test|Edu_7_20260616_145927|2844112223000,Edu,Edu_7_20260616_145927,2844112223000,handover,handover,0.2063560485839843,0.361397236585617,0.1333130598068237,0.2989337146282196,True,True,True,True
test|Edu_7_20260616_145927|2844445556000,Edu,Edu_7_20260616_145927,2844445556000,handover,handover,0.1889137625694275,0.3992353975772857,0.1281543225049972,0.2836965918540954,True,True,True,True
test|Edu_7_20260616_145927|2844778889000,Edu,Edu_7_20260616_145927,2844778889000,handover,handover,0.1753275096416473,0.4382064044475555,0.1220925226807594,0.2643734812736511,True,True,True,True
test|Edu_7_20260616_145927|2845112223000,Edu,Edu_7_20260616_145927,2845112223000,handover,handover,0.165979653596878,0.4734062850475311,0.1154257655143737,0.2451883405447006,True,True,True,True
test|Edu_7_20260616_145927|2845445556000,Edu,Edu_7_20260616_145927,2845445556000,handover,handover,0.1793240904808044,0.4565349221229553,0.1164920851588249,0.2476489394903183,True,True,True,True
test|Edu_7_20260616_145927|2845778889000,Edu,Edu_7_20260616_145927,2845778889000,handover,handover,0.217960923910141,0.4076324105262756,0.1213850155472755,0.2530216574668884,True,True,True,True
test|Edu_7_20260616_145927|2846112222000,Edu,Edu_7_20260616_145927,2846112222000,handover,handover,0.255652517080307,0.3613849580287933,0.125767096877098,0.2571953535079956,True,True,True,True
test|Edu_8_20260616_150108|2922078891000,Edu,Edu_8_20260616_150108,2922078891000,continue,continue,0.3849925100803375,0.3005813658237457,0.0,0.3144261538982391,True,True,False,True
test|Edu_8_20260616_150108|2922412224000,Edu,Edu_8_20260616_150108,2922412224000,continue,continue,0.3799443542957306,0.3074102699756622,0.0,0.3126454055309295,True,True,False,True
test|Edu_8_20260616_150108|2922745557000,Edu,Edu_8_20260616_150108,2922745557000,continue,continue,0.3691070079803467,0.3245036005973816,0.0,0.3063893914222717,True,True,False,True
test|Edu_8_20260616_150108|2923078891000,Edu,Edu_8_20260616_150108,2923078891000,continue,continue,0.3561545014381408,0.3508976697921753,0.0,0.2929478883743286,True,True,False,True
test|Edu_8_20260616_150108|2923412224000,Edu,Edu_8_20260616_150108,2923412224000,continue,continue,0.3540221154689789,0.3511950969696045,0.0,0.2947827875614166,True,True,False,True
test|Edu_8_20260616_150108|2923745557000,Edu,Edu_8_20260616_150108,2923745557000,continue,continue,0.3519554436206817,0.3497072756290436,0.0,0.2983372807502746,True,True,False,True
test|Edu_8_20260616_150108|2924078890000,Edu,Edu_8_20260616_150108,2924078890000,continue,continue,0.3452300131320953,0.3602288663387298,0.0,0.2945410907268524,True,True,False,True
test|Edu_8_20260616_150108|2924412224000,Edu,Edu_8_20260616_150108,2924412224000,continue,continue,0.3416431248188019,0.3705548346042633,0.0,0.2878020107746124,True,True,False,True
test|Edu_8_20260616_150108|2924745557000,Edu,Edu_8_20260616_150108,2924745557000,continue,continue,0.3446989953517914,0.3724330067634582,0.0,0.282867968082428,True,True,False,True
test|Edu_8_20260616_150108|2925078890000,Edu,Edu_8_20260616_150108,2925078890000,continue,continue,0.3461951613426208,0.369985967874527,0.0,0.2838189005851745,True,True,False,True
test|Edu_8_20260616_150108|2925412224000,Edu,Edu_8_20260616_150108,2925412224000,continue,continue,0.338553637266159,0.3791013658046722,0.0,0.2823449969291687,True,True,False,True
test|Edu_8_20260616_150108|2925745557000,Edu,Edu_8_20260616_150108,2925745557000,continue,continue,0.3307345509529114,0.3904354870319366,0.0,0.2788299024105072,True,True,False,True
test|Edu_8_20260616_150108|2926078890000,Edu,Edu_8_20260616_150108,2926078890000,continue,continue,0.3359470069408417,0.3907830417156219,0.0,0.2732698917388916,True,True,False,True
test|Edu_8_20260616_150108|2926412224000,Edu,Edu_8_20260616_150108,2926412224000,continue,continue,0.3490751683712005,0.3726542294025421,0.0,0.2782705724239349,True,True,False,True
test|Edu_8_20260616_150108|2926745557000,Edu,Edu_8_20260616_150108,2926745557000,continue,continue,0.3587421178817749,0.3503438532352447,0.0,0.2909140288829803,True,True,False,True
test|Edu_8_20260616_150108|2927078890000,Edu,Edu_8_20260616_150108,2927078890000,continue,continue,0.359720230102539,0.3356476128101349,0.0,0.3046321868896484,True,True,False,True
test|Edu_8_20260616_150108|2927412223000,Edu,Edu_8_20260616_150108,2927412223000,continue,continue,0.3595561981201172,0.3278063535690307,0.0,0.3126374185085296,True,True,False,True
test|Edu_8_20260616_150108|2927745557000,Edu,Edu_8_20260616_150108,2927745557000,continue,continue,0.3559638857841491,0.3259347379207611,0.0,0.3181013464927673,True,True,False,True
test|Edu_8_20260616_150108|2928078890000,Edu,Edu_8_20260616_150108,2928078890000,continue,continue,0.3436097204685211,0.3293774425983429,0.0,0.327012836933136,True,True,False,True
test|Edu_8_20260616_150108|2928412223000,Edu,Edu_8_20260616_150108,2928412223000,continue,continue,0.3406512141227722,0.3433339595794678,0.0,0.3160147964954376,True,True,False,True
test|Edu_8_20260616_150108|2928745557000,Edu,Edu_8_20260616_150108,2928745557000,continue,continue,0.3359192609786987,0.3601453006267547,0.0,0.3039354085922241,True,True,False,True
test|Edu_8_20260616_150108|2929078890000,Edu,Edu_8_20260616_150108,2929078890000,continue,continue,0.3348155915737152,0.3785228729248047,0.0,0.2866615355014801,True,True,False,True
test|Edu_8_20260616_150108|2929412223000,Edu,Edu_8_20260616_150108,2929412223000,continue,continue,0.3301148116588592,0.3919768929481506,0.0,0.2779083251953125,True,True,False,True
test|Edu_8_20260616_150108|2929745557000,Edu,Edu_8_20260616_150108,2929745557000,continue,continue,0.3233030438423157,0.4032736718654632,0.0,0.2734233140945434,True,True,False,True
test|Edu_8_20260616_150108|2930078890000,Edu,Edu_8_20260616_150108,2930078890000,continue,continue,0.317321240901947,0.4121586978435516,0.0,0.2705200612545013,True,True,False,True
test|Edu_8_20260616_150108|2930412223000,Edu,Edu_8_20260616_150108,2930412223000,continue,continue,0.3125694990158081,0.4196133017539978,0.0,0.2678172290325165,True,True,False,True
test|Edu_8_20260616_150108|2930745556000,Edu,Edu_8_20260616_150108,2930745556000,continue,continue,0.3118559420108795,0.4300577342510223,0.0,0.2580863535404205,True,True,False,True
test|Edu_8_20260616_150108|2931078890000,Edu,Edu_8_20260616_150108,2931078890000,continue,continue,0.3142350018024444,0.4327162504196167,0.0,0.2530487477779388,True,True,False,True
test|Edu_8_20260616_150108|2931412223000,Edu,Edu_8_20260616_150108,2931412223000,continue,continue,0.3199633657932281,0.4247426688671112,0.0,0.2552939355373382,True,True,False,True
test|Edu_8_20260616_150108|2931745556000,Edu,Edu_8_20260616_150108,2931745556000,continue,continue,0.3251538872718811,0.4127017557621002,0.0,0.2621443569660187,True,True,False,True
test|Edu_8_20260616_150108|2932078890000,Edu,Edu_8_20260616_150108,2932078890000,continue,continue,0.3287583887577057,0.3998329937458038,0.0,0.2714086771011352,True,True,False,True
test|Edu_8_20260616_150108|2932412223000,Edu,Edu_8_20260616_150108,2932412223000,continue,continue,0.3383737206459045,0.3755997717380523,0.0,0.2860265374183655,True,True,False,True
test|Edu_8_20260616_150108|2932745556000,Edu,Edu_8_20260616_150108,2932745556000,continue,continue,0.3409374952316284,0.3515885472297668,0.0,0.3074739575386047,True,True,False,True
test|Edu_8_20260616_150108|2933078890000,Edu,Edu_8_20260616_150108,2933078890000,continue,continue,0.3403613269329071,0.3336018323898315,0.0,0.3260368108749389,True,True,False,True
test|Edu_8_20260616_150108|2933412223000,Edu,Edu_8_20260616_150108,2933412223000,fetch,fetch,0.3380004465579986,0.3211993277072906,0.0,0.3408002257347107,True,True,False,True
test|Edu_8_20260616_150108|2933745556000,Edu,Edu_8_20260616_150108,2933745556000,fetch,fetch,0.3326080441474914,0.3143769204616546,0.0,0.3530150353908539,True,True,False,True
test|Edu_8_20260616_150108|2934078889000,Edu,Edu_8_20260616_150108,2934078889000,fetch,fetch,0.3278725743293762,0.3099332153797149,0.0,0.3621942102909088,True,True,False,True
test|Edu_8_20260616_150108|2934412223000,Edu,Edu_8_20260616_150108,2934412223000,fetch,fetch,0.3339436948299408,0.3079530000686645,0.0,0.3581032752990722,True,True,False,True
test|Edu_8_20260616_150108|2934745556000,Edu,Edu_8_20260616_150108,2934745556000,fetch,fetch,0.3459945619106293,0.3078058063983917,0.0,0.3461996614933014,True,True,False,True
test|Edu_8_20260616_150108|2935078889000,Edu,Edu_8_20260616_150108,2935078889000,fetch,fetch,0.3456085920333862,0.3049579858779907,0.0,0.3494333922863006,True,True,False,True
test|Edu_8_20260616_150108|2935412223000,Edu,Edu_8_20260616_150108,2935412223000,fetch,fetch,0.2730751037597656,0.2522061765193939,0.1884498447179794,0.2862688899040222,True,True,True,True
test|Edu_8_20260616_150108|2935745556000,Edu,Edu_8_20260616_150108,2935745556000,fetch,fetch,0.2708354890346527,0.252987653017044,0.1886097490787506,0.2875671088695526,True,True,True,True
test|Edu_8_20260616_150108|2936078889000,Edu,Edu_8_20260616_150108,2936078889000,fetch,fetch,0.2700051069259643,0.2531341016292572,0.188385784626007,0.2884750366210937,True,True,True,True
test|Edu_8_20260616_150108|2936412223000,Edu,Edu_8_20260616_150108,2936412223000,fetch,fetch,0.2664182782173157,0.2533503174781799,0.1881751418113708,0.2920562028884887,True,True,True,True
test|Edu_8_20260616_150108|2936745556000,Edu,Edu_8_20260616_150108,2936745556000,fetch,fetch,0.2609774768352508,0.2519521117210388,0.1888691484928131,0.2982012629508972,True,True,True,True
test|Edu_8_20260616_150108|2937078889000,Edu,Edu_8_20260616_150108,2937078889000,fetch,fetch,0.25966876745224,0.2519735991954803,0.1882846057415008,0.3000730872154236,True,True,True,True
test|Edu_8_20260616_150108|2937412222000,Edu,Edu_8_20260616_150108,2937412222000,fetch,fetch,0.2606301009654999,0.2513912618160248,0.1862115710973739,0.3017670810222626,True,True,True,True
test|Edu_8_20260616_150108|2937745556000,Edu,Edu_8_20260616_150108,2937745556000,fetch,fetch,0.2633861303329468,0.2484503239393234,0.1836714297533035,0.3044921457767486,True,True,True,True
test|Edu_8_20260616_150108|2938078889000,Edu,Edu_8_20260616_150108,2938078889000,fetch,fetch,0.2740048468112945,0.2424530982971191,0.1801477968692779,0.3033942282199859,True,True,True,True
test|Edu_8_20260616_150108|2938412222000,Edu,Edu_8_20260616_150108,2938412222000,fetch,fetch,0.2747882306575775,0.2431472390890121,0.1806857585906982,0.3013787567615509,True,True,True,True
test|Edu_8_20260616_150108|2940745555000,Edu,Edu_8_20260616_150108,2940745555000,handover,handover,0.2449428737163543,0.2576472163200378,0.1920609325170517,0.3053489923477173,True,True,True,True
test|Edu_8_20260616_150108|2941078889000,Edu,Edu_8_20260616_150108,2941078889000,handover,handover,0.2376022189855575,0.269729346036911,0.1923520267009735,0.3003164231777191,True,True,True,True
test|Edu_8_20260616_150108|2941412222000,Edu,Edu_8_20260616_150108,2941412222000,handover,handover,0.235518217086792,0.2928716242313385,0.1817554980516433,0.2898546755313873,True,True,True,True
test|Edu_8_20260616_150108|2941745555000,Edu,Edu_8_20260616_150108,2941745555000,handover,handover,0.2269381731748581,0.3224741220474243,0.1723620295524597,0.278225690126419,True,True,True,True
test|Edu_8_20260616_150108|2942078889000,Edu,Edu_8_20260616_150108,2942078889000,handover,handover,0.2221423536539077,0.3532044291496277,0.1611773520708084,0.2634759545326233,True,True,True,True
test|Edu_8_20260616_150108|2942412222000,Edu,Edu_8_20260616_150108,2942412222000,handover,handover,0.21125328540802,0.3876516819000244,0.149475872516632,0.2516191899776459,True,True,True,True
test|Edu_8_20260616_150108|2942745555000,Edu,Edu_8_20260616_150108,2942745555000,handover,handover,0.1970998346805572,0.4246937036514282,0.1396077126264572,0.2385987788438797,True,True,True,True
test|Edu_8_20260616_150108|2943078889000,Edu,Edu_8_20260616_150108,2943078889000,handover,handover,0.1899151057004928,0.4423021078109741,0.1343926042318344,0.2333900928497314,True,True,True,True
test|Edu_8_20260616_150108|2943412222000,Edu,Edu_8_20260616_150108,2943412222000,handover,handover,0.182870551943779,0.4458957016468048,0.137023851275444,0.2342099398374557,True,True,True,True
test|Edu_8_20260616_150108|2943745555000,Edu,Edu_8_20260616_150108,2943745555000,handover,handover,0.2020277827978134,0.4170717895030975,0.1422306150197982,0.2386698722839355,True,True,True,True
test|Edu_8_20260616_150108|2944078888000,Edu,Edu_8_20260616_150108,2944078888000,handover,handover,0.228417158126831,0.3753867149353027,0.148604080080986,0.2475919872522354,True,True,True,True
test|Edu_8_20260616_150108|2944412222000,Edu,Edu_8_20260616_150108,2944412222000,handover,handover,0.2559131979942322,0.3338328599929809,0.1557285636663437,0.254525363445282,True,True,True,True
test|Edu_9_20260616_150247|3022645556000,Edu,Edu_9_20260616_150247,3022645556000,continue,handover,0.6636291146278381,0.0,0.0,0.3363709151744842,True,False,False,True
test|Edu_9_20260616_150247|3022978890000,Edu,Edu_9_20260616_150247,3022978890000,continue,handover,0.6642825603485107,0.0,0.0,0.3357174098491668,True,False,False,True
test|Edu_9_20260616_150247|3023312223000,Edu,Edu_9_20260616_150247,3023312223000,continue,handover,0.6511201858520508,0.0,0.0,0.3488797843456268,True,False,False,True
test|Edu_9_20260616_150247|3023645556000,Edu,Edu_9_20260616_150247,3023645556000,continue,handover,0.6395576596260071,0.0,0.0,0.3604423701763153,True,False,False,True
test|Edu_9_20260616_150247|3023978889000,Edu,Edu_9_20260616_150247,3023978889000,continue,handover,0.641882598400116,0.0,0.0,0.3581174314022064,True,False,False,True
test|Edu_9_20260616_150247|3024312223000,Edu,Edu_9_20260616_150247,3024312223000,continue,handover,0.6401543617248535,0.0,0.0,0.3598456382751465,True,False,False,True
test|Edu_9_20260616_150247|3024645556000,Edu,Edu_9_20260616_150247,3024645556000,continue,handover,0.6349596977233887,0.0,0.0,0.3650403022766113,True,False,False,True
test|Edu_9_20260616_150247|3024978889000,Edu,Edu_9_20260616_150247,3024978889000,continue,handover,0.6330856680870056,0.0,0.0,0.3669143617153168,True,False,False,True
test|Edu_9_20260616_150247|3025312223000,Edu,Edu_9_20260616_150247,3025312223000,continue,handover,0.6452180743217468,0.0,0.0,0.3547818958759308,True,False,False,True
test|Edu_9_20260616_150247|3025645556000,Edu,Edu_9_20260616_150247,3025645556000,continue,handover,0.6599410772323608,0.0,0.0,0.3400589227676391,True,False,False,True
test|Edu_9_20260616_150247|3025978889000,Edu,Edu_9_20260616_150247,3025978889000,continue,handover,0.665351390838623,0.0,0.0,0.3346486389636993,True,False,False,True
test|Edu_9_20260616_150247|3026312223000,Edu,Edu_9_20260616_150247,3026312223000,continue,handover,0.6751195788383484,0.0,0.0,0.324880450963974,True,False,False,True
test|Edu_9_20260616_150247|3026645556000,Edu,Edu_9_20260616_150247,3026645556000,continue,handover,0.6722236275672913,0.0,0.0,0.3277764022350311,True,False,False,True
test|Edu_9_20260616_150247|3026978889000,Edu,Edu_9_20260616_150247,3026978889000,continue,handover,0.6596136093139648,0.0,0.0,0.3403864204883575,True,False,False,True
test|Edu_9_20260616_150247|3027312222000,Edu,Edu_9_20260616_150247,3027312222000,continue,fetch,0.6410373449325562,0.0,0.0,0.3589626848697662,True,False,False,True
test|Edu_9_20260616_150247|3027645556000,Edu,Edu_9_20260616_150247,3027645556000,continue,fetch,0.635763943195343,0.0,0.0,0.3642360270023346,True,False,False,True
test|Edu_9_20260616_150247|3027978889000,Edu,Edu_9_20260616_150247,3027978889000,continue,fetch,0.6321876645088196,0.0,0.0,0.3678123950958252,True,False,False,True
test|Edu_9_20260616_150247|3028312222000,Edu,Edu_9_20260616_150247,3028312222000,continue,fetch,0.6234923601150513,0.0,0.0,0.3765076696872711,True,False,False,True
test|Edu_9_20260616_150247|3028645556000,Edu,Edu_9_20260616_150247,3028645556000,continue,fetch,0.6294995546340942,0.0,0.0,0.3705004453659057,True,False,False,True
test|Edu_9_20260616_150247|3028978889000,Edu,Edu_9_20260616_150247,3028978889000,continue,fetch,0.6393090486526489,0.0,0.0,0.3606909811496734,True,False,False,True
test|Edu_9_20260616_150247|3029312222000,Edu,Edu_9_20260616_150247,3029312222000,continue,handover,0.6529198288917542,0.0,0.0,0.3470801711082458,True,False,False,True
test|Edu_9_20260616_150247|3029645555000,Edu,Edu_9_20260616_150247,3029645555000,continue,handover,0.655730664730072,0.0,0.0,0.344269335269928,True,False,False,True
test|Edu_9_20260616_150247|3029978889000,Edu,Edu_9_20260616_150247,3029978889000,continue,handover,0.6527413725852966,0.0,0.0,0.3472585678100586,True,False,False,True
test|Edu_9_20260616_150247|3030312222000,Edu,Edu_9_20260616_150247,3030312222000,continue,handover,0.6623032093048096,0.0,0.0,0.337696760892868,True,False,False,True
test|Edu_9_20260616_150247|3030645555000,Edu,Edu_9_20260616_150247,3030645555000,continue,handover,0.6710318922996521,0.0,0.0,0.3289681077003479,True,False,False,True
test|Edu_9_20260616_150247|3030978889000,Edu,Edu_9_20260616_150247,3030978889000,continue,handover,0.6735914349555969,0.0,0.0,0.3264085948467254,True,False,False,True
test|Edu_9_20260616_150247|3031312222000,Edu,Edu_9_20260616_150247,3031312222000,continue,handover,0.6731126308441162,0.0,0.0,0.3268873989582062,True,False,False,True
test|Edu_9_20260616_150247|3031645555000,Edu,Edu_9_20260616_150247,3031645555000,continue,handover,0.6620168089866638,0.0,0.0,0.3379832208156585,True,False,False,True
test|Edu_9_20260616_150247|3031978889000,Edu,Edu_9_20260616_150247,3031978889000,continue,fetch,0.6575431823730469,0.0,0.0,0.3424567878246307,True,False,False,True
test|Edu_9_20260616_150247|3032312222000,Edu,Edu_9_20260616_150247,3032312222000,continue,fetch,0.6479098200798035,0.0,0.0,0.3520901501178741,True,False,False,True
test|Edu_9_20260616_150247|3032645555000,Edu,Edu_9_20260616_150247,3032645555000,continue,fetch,0.6411299109458923,0.0,0.0,0.3588700294494629,True,False,False,True
test|Edu_9_20260616_150247|3032978889000,Edu,Edu_9_20260616_150247,3032978889000,continue,fetch,0.6386331915855408,0.0,0.0,0.3613668084144592,True,False,False,True
test|Edu_9_20260616_150247|3033312222000,Edu,Edu_9_20260616_150247,3033312222000,continue,fetch,0.640986442565918,0.0,0.0,0.359013557434082,True,False,False,True
test|Edu_9_20260616_150247|3033645555000,Edu,Edu_9_20260616_150247,3033645555000,continue,fetch,0.6469013690948486,0.0,0.0,0.353098601102829,True,False,False,True
test|Edu_9_20260616_150247|3033978888000,Edu,Edu_9_20260616_150247,3033978888000,continue,fetch,0.6475493311882019,0.0,0.0,0.3524506688117981,True,False,False,True
test|Edu_9_20260616_150247|3034312222000,Edu,Edu_9_20260616_150247,3034312222000,continue,handover,0.6625562906265259,0.0,0.0,0.3374437391757965,True,False,False,True
test|Edu_9_20260616_150247|3034645555000,Edu,Edu_9_20260616_150247,3034645555000,continue,handover,0.6732911467552185,0.0,0.0,0.3267088234424591,True,False,False,True
test|Edu_9_20260616_150247|3034978888000,Edu,Edu_9_20260616_150247,3034978888000,continue,handover,0.6699397563934326,0.0,0.0,0.330060213804245,True,False,False,True
test|Edu_9_20260616_150247|3035312222000,Edu,Edu_9_20260616_150247,3035312222000,continue,handover,0.6566358208656311,0.0,0.0,0.3433642089366913,True,False,False,True
test|Edu_9_20260616_150247|3035645555000,Edu,Edu_9_20260616_150247,3035645555000,continue,fetch,0.639215886592865,0.0,0.0,0.3607840836048126,True,False,False,True
test|Edu_9_20260616_150247|3035978888000,Edu,Edu_9_20260616_150247,3035978888000,continue,fetch,0.629155695438385,0.0,0.0,0.3708443641662597,True,False,False,True
test|Edu_9_20260616_150247|3036312221000,Edu,Edu_9_20260616_150247,3036312221000,continue,fetch,0.6195359230041504,0.0,0.0,0.3804640471935272,True,False,False,True
test|Edu_9_20260616_150247|3036645555000,Edu,Edu_9_20260616_150247,3036645555000,fetch,fetch,0.609525740146637,0.0,0.0,0.3904742002487182,True,False,False,True
test|Edu_9_20260616_150247|3036978888000,Edu,Edu_9_20260616_150247,3036978888000,fetch,fetch,0.6111561059951782,0.0,0.0,0.3888438642024994,True,False,False,True
test|Edu_9_20260616_150247|3037312221000,Edu,Edu_9_20260616_150247,3037312221000,fetch,fetch,0.6181503534317017,0.0,0.0,0.3818496465682983,True,False,False,True
test|Edu_9_20260616_150247|3037645555000,Edu,Edu_9_20260616_150247,3037645555000,fetch,fetch,0.6353033781051636,0.0,0.0,0.364696592092514,True,False,False,True
test|Edu_9_20260616_150247|3037978888000,Edu,Edu_9_20260616_150247,3037978888000,fetch,handover,0.649381160736084,0.0,0.0,0.3506188094615936,True,False,False,True
test|Edu_9_20260616_150247|3038312221000,Edu,Edu_9_20260616_150247,3038312221000,fetch,handover,0.6536180973052979,0.0,0.0,0.3463818430900574,True,False,False,True
test|Edu_9_20260616_150247|3038645555000,Edu,Edu_9_20260616_150247,3038645555000,fetch,handover,0.6579073667526245,0.0,0.0,0.3420926034450531,True,False,False,True
test|Edu_9_20260616_150247|3038978888000,Edu,Edu_9_20260616_150247,3038978888000,fetch,handover,0.6616213321685791,0.0,0.0,0.3383786976337433,True,False,False,True
test|Edu_9_20260616_150247|3039312221000,Edu,Edu_9_20260616_150247,3039312221000,fetch,handover,0.6645638942718506,0.0,0.0,0.3354361057281494,True,False,False,True
test|Edu_9_20260616_150247|3039645555000,Edu,Edu_9_20260616_150247,3039645555000,fetch,handover,0.6656622886657715,0.0,0.0,0.3343377411365509,True,False,False,True
test|Edu_9_20260616_150247|3039978888000,Edu,Edu_9_20260616_150247,3039978888000,fetch,handover,0.663917601108551,0.0,0.0,0.3360823690891266,True,False,False,True
test|Edu_9_20260616_150247|3040312221000,Edu,Edu_9_20260616_150247,3040312221000,fetch,handover,0.6632750630378723,0.0,0.0,0.3367249071598053,True,False,False,True
test|Edu_9_20260616_150247|3040645554000,Edu,Edu_9_20260616_150247,3040645554000,fetch,handover,0.6614033579826355,0.0,0.0,0.3385966420173645,True,False,False,True
test|Edu_9_20260616_150247|3040978888000,Edu,Edu_9_20260616_150247,3040978888000,fetch,fetch,0.6584677696228027,0.0,0.0,0.341532289981842,True,False,False,True
test|Edu_9_20260616_150247|3041312221000,Edu,Edu_9_20260616_150247,3041312221000,fetch,handover,0.6576488614082336,0.0,0.0,0.3423511385917663,True,False,False,True
test|Edu_9_20260616_150247|3041645554000,Edu,Edu_9_20260616_150247,3041645554000,fetch,fetch,0.6539080142974854,0.0,0.0,0.346092015504837,True,False,False,True
test|Edu_9_20260616_150247|3043312221000,Edu,Edu_9_20260616_150247,3043312221000,handover,fetch,0.6511003971099854,0.0,0.0,0.3488995730876922,True,False,False,True
test|Edu_9_20260616_150247|3043645554000,Edu,Edu_9_20260616_150247,3043645554000,handover,fetch,0.6543410420417786,0.0,0.0,0.3456589877605438,True,False,False,True
test|Edu_9_20260616_150247|3043978887000,Edu,Edu_9_20260616_150247,3043978887000,handover,fetch,0.6536319851875305,0.0,0.0,0.3463679850101471,True,False,False,True
test|Edu_9_20260616_150247|3044312221000,Edu,Edu_9_20260616_150247,3044312221000,handover,fetch,0.6537111401557922,0.0,0.0,0.3462888598442077,True,False,False,True
test|Edu_9_20260616_150247|3044645554000,Edu,Edu_9_20260616_150247,3044645554000,handover,fetch,0.6540824770927429,0.0,0.0,0.3459174633026123,True,False,False,True
test|Edu_9_20260616_150247|3044978887000,Edu,Edu_9_20260616_150247,3044978887000,handover,handover,0.6594566702842712,0.0,0.0,0.3405432999134063,True,False,False,True
test|Edu_9_20260616_150247|3045312221000,Edu,Edu_9_20260616_150247,3045312221000,handover,handover,0.6621679067611694,0.0,0.0,0.3378320336341858,True,False,False,True
test|Edu_9_20260616_150247|3045645554000,Edu,Edu_9_20260616_150247,3045645554000,handover,handover,0.6616789102554321,0.0,0.0,0.3383210301399231,True,False,False,True
test|Edu_9_20260616_150247|3045978887000,Edu,Edu_9_20260616_150247,3045978887000,handover,handover,0.6599683165550232,0.0,0.0,0.3400317132472992,True,False,False,True
test|Edu_9_20260616_150247|3046312220000,Edu,Edu_9_20260616_150247,3046312220000,handover,handover,0.6474587917327881,0.0,0.0,0.3525412082672119,True,False,False,True
test|Edu_9_20260616_150247|3046645554000,Edu,Edu_9_20260616_150247,3046645554000,handover,handover,0.6337536573410034,0.0,0.0,0.3662463724613189,True,False,False,True
test|Jona_1_20260616_181413|1769278906000,Jona,Jona_1_20260616_181413,1769278906000,continue,continue,0.2618052661418915,0.3082226812839508,0.1934101283550262,0.2365619987249374,True,True,True,True
test|Jona_1_20260616_181413|1769612240000,Jona,Jona_1_20260616_181413,1769612240000,continue,continue,0.2611367106437683,0.3100496828556061,0.1833766251802444,0.2454369664192199,True,True,True,True
test|Jona_1_20260616_181413|1769945573000,Jona,Jona_1_20260616_181413,1769945573000,continue,continue,0.2609835565090179,0.3075627088546753,0.1832961291074752,0.2481576204299926,True,True,True,True
test|Jona_1_20260616_181413|1770278906000,Jona,Jona_1_20260616_181413,1770278906000,continue,continue,0.257924735546112,0.304528146982193,0.1884295642375946,0.2491174787282943,True,True,True,True
test|Jona_1_20260616_181413|1770612239000,Jona,Jona_1_20260616_181413,1770612239000,continue,continue,0.2565526962280273,0.3013146221637726,0.1961254775524139,0.2460072040557861,True,True,True,True
test|Jona_1_20260616_181413|1770945573000,Jona,Jona_1_20260616_181413,1770945573000,continue,continue,0.2470708787441253,0.306539386510849,0.20009545981884,0.2462942451238632,True,True,True,True
test|Jona_1_20260616_181413|1771278906000,Jona,Jona_1_20260616_181413,1771278906000,continue,continue,0.2379707545042038,0.3139043152332306,0.2017219215631485,0.2464030683040619,True,True,True,True
test|Jona_1_20260616_181413|1771612239000,Jona,Jona_1_20260616_181413,1771612239000,continue,continue,0.2336874306201934,0.318381667137146,0.2019862979650497,0.2459446042776107,True,True,True,True
test|Jona_1_20260616_181413|1771945573000,Jona,Jona_1_20260616_181413,1771945573000,continue,continue,0.2304726690053939,0.3200271129608154,0.2006330490112304,0.2488672286272049,True,True,True,True
test|Jona_1_20260616_181413|1772278906000,Jona,Jona_1_20260616_181413,1772278906000,continue,continue,0.2291504740715026,0.3190947473049164,0.1966189444065094,0.2551358342170715,True,True,True,True
test|Jona_1_20260616_181413|1772612239000,Jona,Jona_1_20260616_181413,1772612239000,continue,continue,0.2262368351221084,0.3172394931316376,0.1889311522245407,0.2675925195217132,True,True,True,True
test|Jona_1_20260616_181413|1772945572000,Jona,Jona_1_20260616_181413,1772945572000,continue,continue,0.2263140827417373,0.3139618635177612,0.1821286678314209,0.2775953710079193,True,True,True,True
test|Jona_1_20260616_181413|1773278906000,Jona,Jona_1_20260616_181413,1773278906000,continue,continue,0.223119854927063,0.314739465713501,0.1810961365699768,0.2810445427894592,True,True,True,True
test|Jona_1_20260616_181413|1773612239000,Jona,Jona_1_20260616_181413,1773612239000,continue,continue,0.2201230227947235,0.3213984668254852,0.1797237992286682,0.278754711151123,True,True,True,True
test|Jona_1_20260616_181413|1773945572000,Jona,Jona_1_20260616_181413,1773945572000,continue,continue,0.2236502021551132,0.3290955126285553,0.1759515553712844,0.2713027596473694,True,True,True,True
test|Jona_1_20260616_181413|1774278906000,Jona,Jona_1_20260616_181413,1774278906000,continue,continue,0.2249874323606491,0.335886538028717,0.1726956814527511,0.2664304077625274,True,True,True,True
test|Jona_1_20260616_181413|1774612239000,Jona,Jona_1_20260616_181413,1774612239000,continue,continue,0.2248141914606094,0.343117892742157,0.1751600354909896,0.2569078803062439,True,True,True,True
test|Jona_1_20260616_181413|1774945572000,Jona,Jona_1_20260616_181413,1774945572000,continue,continue,0.2348162978887558,0.3414905667304992,0.1752139031887054,0.2484792321920395,True,True,True,True
test|Jona_1_20260616_181413|1775278906000,Jona,Jona_1_20260616_181413,1775278906000,continue,continue,0.2520352005958557,0.3335232436656952,0.17110575735569,0.2433357834815979,True,True,True,True
test|Jona_1_20260616_181413|1775612239000,Jona,Jona_1_20260616_181413,1775612239000,continue,continue,0.2638004422187805,0.3218109309673309,0.1682940870523452,0.246094524860382,True,True,True,True
test|Jona_1_20260616_181413|1775945572000,Jona,Jona_1_20260616_181413,1775945572000,continue,continue,0.2696135640144348,0.3151471614837646,0.1626198142766952,0.2526194453239441,True,True,True,True
test|Jona_1_20260616_181413|1776278906000,Jona,Jona_1_20260616_181413,1776278906000,continue,continue,0.2767646014690399,0.3121483922004699,0.1549406945705413,0.2561462819576263,True,True,True,True
test|Jona_1_20260616_181413|1776612239000,Jona,Jona_1_20260616_181413,1776612239000,continue,continue,0.2834514081478119,0.3111227750778198,0.1453981399536132,0.2600276470184326,True,True,True,True
test|Jona_1_20260616_181413|1776945572000,Jona,Jona_1_20260616_181413,1776945572000,continue,continue,0.2857092022895813,0.3129856288433075,0.1395751386880874,0.2617300450801849,True,True,True,True
test|Jona_1_20260616_181413|1777278905000,Jona,Jona_1_20260616_181413,1777278905000,continue,continue,0.2834196984767914,0.312057226896286,0.1399707645177841,0.264552354812622,True,True,True,True
test|Jona_1_20260616_181413|1777612239000,Jona,Jona_1_20260616_181413,1777612239000,continue,fetch,0.2819220423698425,0.3062418401241302,0.1451355516910553,0.2667005360126495,True,True,True,True
test|Jona_1_20260616_181413|1777945572000,Jona,Jona_1_20260616_181413,1777945572000,continue,fetch,0.2780860364437103,0.2957435846328735,0.1536103039979934,0.2725600898265838,True,True,True,True
test|Jona_1_20260616_181413|1778278905000,Jona,Jona_1_20260616_181413,1778278905000,continue,fetch,0.2706390619277954,0.2900752425193786,0.1623390316963195,0.2769466638565063,True,True,True,True
test|Jona_1_20260616_181413|1778612239000,Jona,Jona_1_20260616_181413,1778612239000,continue,fetch,0.2636542320251465,0.283781498670578,0.1678438633680343,0.2847204506397247,True,True,True,True
test|Jona_1_20260616_181413|1778945572000,Jona,Jona_1_20260616_181413,1778945572000,fetch,fetch,0.2590208947658539,0.2768174409866333,0.1692563742399215,0.29490527510643,True,True,True,True
test|Jona_1_20260616_181413|1779278905000,Jona,Jona_1_20260616_181413,1779278905000,fetch,fetch,0.2627095878124237,0.2701368629932403,0.1634541153907776,0.3036994338035583,True,True,True,True
test|Jona_1_20260616_181413|1779612238000,Jona,Jona_1_20260616_181413,1779612238000,fetch,fetch,0.2651405334472656,0.270721286535263,0.1565450131893158,0.3075931966304779,True,True,True,True
test|Jona_1_20260616_181413|1779945572000,Jona,Jona_1_20260616_181413,1779945572000,fetch,fetch,0.2696620225906372,0.267650306224823,0.1531551033258438,0.3095325529575348,True,True,True,True
test|Jona_1_20260616_181413|1780278905000,Jona,Jona_1_20260616_181413,1780278905000,fetch,fetch,0.27292001247406,0.2636663913726806,0.1535445004701614,0.3098690807819366,True,True,True,True
test|Jona_1_20260616_181413|1780612238000,Jona,Jona_1_20260616_181413,1780612238000,fetch,fetch,0.2720057368278503,0.262328028678894,0.1546257883310318,0.311040461063385,True,True,True,True
test|Jona_1_20260616_181413|1780945572000,Jona,Jona_1_20260616_181413,1780945572000,fetch,fetch,0.2692086100578308,0.2636188268661499,0.1548580676317215,0.312314510345459,True,True,True,True
test|Jona_1_20260616_181413|1781278905000,Jona,Jona_1_20260616_181413,1781278905000,fetch,fetch,0.2673806250095367,0.2643280029296875,0.1555274128913879,0.3127639889717102,True,True,True,True
test|Jona_1_20260616_181413|1781612238000,Jona,Jona_1_20260616_181413,1781612238000,fetch,fetch,0.2674826383590698,0.2649369835853576,0.1552940458059311,0.312286376953125,True,True,True,True
test|Jona_1_20260616_181413|1781945572000,Jona,Jona_1_20260616_181413,1781945572000,fetch,fetch,0.2676363885402679,0.264333039522171,0.1559855490922927,0.3120449781417846,True,True,True,True
test|Jona_1_20260616_181413|1782278905000,Jona,Jona_1_20260616_181413,1782278905000,fetch,fetch,0.2672345340251922,0.2619210481643677,0.1550113707780838,0.3158330023288727,True,True,True,True
test|Jona_1_20260616_181413|1782612238000,Jona,Jona_1_20260616_181413,1782612238000,fetch,fetch,0.2700926065444946,0.2599515616893768,0.1545960456132888,0.3153597712516784,True,True,True,True
test|Jona_1_20260616_181413|1786278904000,Jona,Jona_1_20260616_181413,1786278904000,handover,handover,0.263476699590683,0.3154773712158203,0.1366637647151947,0.2843821048736572,True,True,True,True
test|Jona_1_20260616_181413|1786612238000,Jona,Jona_1_20260616_181413,1786612238000,handover,handover,0.2480250298976898,0.3472151458263397,0.1332640945911407,0.2714957594871521,True,True,True,True
test|Jona_1_20260616_181413|1786945571000,Jona,Jona_1_20260616_181413,1786945571000,handover,handover,0.2358321696519851,0.3740876019001007,0.1311476677656173,0.2589325308799743,True,True,True,True
test|Jona_1_20260616_181413|1787278904000,Jona,Jona_1_20260616_181413,1787278904000,handover,handover,0.2297623008489608,0.397755354642868,0.1271519958972931,0.2453304082155227,True,True,True,True
test|Jona_1_20260616_181413|1787612238000,Jona,Jona_1_20260616_181413,1787612238000,handover,handover,0.2225831300020218,0.4184359312057495,0.1224474310874939,0.236533522605896,True,True,True,True
test|Jona_1_20260616_181413|1787945571000,Jona,Jona_1_20260616_181413,1787945571000,handover,handover,0.2212348133325576,0.4201364815235138,0.122260496020317,0.2363682687282562,True,True,True,True
test|Jona_1_20260616_181413|1788278904000,Jona,Jona_1_20260616_181413,1788278904000,handover,handover,0.2290706634521484,0.4083324074745178,0.1231125965714454,0.2394843101501464,True,True,True,True
test|Jona_1_20260616_181413|1788612238000,Jona,Jona_1_20260616_181413,1788612238000,handover,handover,0.2347341626882553,0.4022840857505798,0.122008316218853,0.2409733831882476,True,True,True,True
test|Jona_1_20260616_181413|1788945571000,Jona,Jona_1_20260616_181413,1788945571000,handover,handover,0.2297990024089813,0.4054923355579376,0.1240110769867897,0.2406975775957107,True,True,True,True
test|Jona_1_20260616_181413|1789278904000,Jona,Jona_1_20260616_181413,1789278904000,handover,handover,0.2220342010259628,0.407561719417572,0.1299194544553756,0.2404846996068954,True,True,True,True
test|Jona_1_20260616_181413|1789612237000,Jona,Jona_1_20260616_181413,1789612237000,handover,handover,0.2173455655574798,0.4074158370494842,0.1329400688409805,0.2422985583543777,True,True,True,True
test|Jona_1_20260616_181413|1789945571000,Jona,Jona_1_20260616_181413,1789945571000,handover,handover,0.2134329825639724,0.4063035547733307,0.1354694366455078,0.2447940409183502,True,True,True,True
test|Jona_1_20260616_181413|1790278904000,Jona,Jona_1_20260616_181413,1790278904000,handover,handover,0.2130605727434158,0.4053368866443634,0.1355851739645004,0.2460173219442367,True,True,True,True
test|Jona_2_20260616_181551|1867578905000,Jona,Jona_2_20260616_181551,1867578905000,continue,continue,0.2802436053752899,0.2889279425144195,0.1783173233270645,0.2525111138820648,True,True,True,True
test|Jona_2_20260616_181551|1867912238000,Jona,Jona_2_20260616_181551,1867912238000,continue,continue,0.2769215106964111,0.2928586006164551,0.1780842840671539,0.2521355748176574,True,True,True,True
test|Jona_2_20260616_181551|1868245572000,Jona,Jona_2_20260616_181551,1868245572000,continue,continue,0.2724838256835937,0.2968558669090271,0.1811193525791168,0.2495409101247787,True,True,True,True
test|Jona_2_20260616_181551|1868578905000,Jona,Jona_2_20260616_181551,1868578905000,continue,continue,0.2716243267059326,0.300812691450119,0.1865198165178299,0.2410431504249572,True,True,True,True
test|Jona_2_20260616_181551|1868912238000,Jona,Jona_2_20260616_181551,1868912238000,continue,continue,0.2708307802677154,0.3039662539958954,0.1902205348014831,0.2349824756383896,True,True,True,True
test|Jona_2_20260616_181551|1869245572000,Jona,Jona_2_20260616_181551,1869245572000,continue,continue,0.2673167288303375,0.3088820278644562,0.1921264827251434,0.231674775481224,True,True,True,True
test|Jona_2_20260616_181551|1869578905000,Jona,Jona_2_20260616_181551,1869578905000,continue,continue,0.2613970935344696,0.3144862055778503,0.1929971575736999,0.2311195731163025,True,True,True,True
test|Jona_2_20260616_181551|1869912238000,Jona,Jona_2_20260616_181551,1869912238000,continue,continue,0.2577428519725799,0.3193790316581726,0.1942773908376693,0.2286007553339004,True,True,True,True
test|Jona_2_20260616_181551|1870245572000,Jona,Jona_2_20260616_181551,1870245572000,continue,continue,0.2557183802127838,0.3229244947433471,0.1944657564163208,0.2268914580345153,True,True,True,True
test|Jona_2_20260616_181551|1870578905000,Jona,Jona_2_20260616_181551,1870578905000,continue,continue,0.2496882379055023,0.3300974369049072,0.1925354152917862,0.2276788353919983,True,True,True,True
test|Jona_2_20260616_181551|1870912238000,Jona,Jona_2_20260616_181551,1870912238000,continue,continue,0.2417138367891311,0.3362513184547424,0.1927508562803268,0.2292840033769607,True,True,True,True
test|Jona_2_20260616_181551|1871245571000,Jona,Jona_2_20260616_181551,1871245571000,continue,continue,0.235452800989151,0.341067761182785,0.1928183287382125,0.2306611388921737,True,True,True,True
test|Jona_2_20260616_181551|1871578905000,Jona,Jona_2_20260616_181551,1871578905000,continue,continue,0.2323164194822311,0.3424646556377411,0.1940062493085861,0.2312126755714416,True,True,True,True
test|Jona_2_20260616_181551|1871912238000,Jona,Jona_2_20260616_181551,1871912238000,continue,continue,0.2292001545429229,0.3420060276985168,0.1964762061834335,0.2323175966739654,True,True,True,True
test|Jona_2_20260616_181551|1872245571000,Jona,Jona_2_20260616_181551,1872245571000,continue,continue,0.2256871908903122,0.3420713245868683,0.1993913799524307,0.2328501641750335,True,True,True,True
test|Jona_2_20260616_181551|1872578905000,Jona,Jona_2_20260616_181551,1872578905000,continue,continue,0.2280431240797042,0.3393853604793548,0.199821338057518,0.2327502071857452,True,True,True,True
test|Jona_2_20260616_181551|1872912238000,Jona,Jona_2_20260616_181551,1872912238000,continue,continue,0.2323121726512909,0.3362923562526703,0.1978178024291992,0.2335776537656784,True,True,True,True
test|Jona_2_20260616_181551|1873245571000,Jona,Jona_2_20260616_181551,1873245571000,continue,continue,0.2379930764436721,0.3318949937820434,0.1974371075630188,0.2326748222112655,True,True,True,True
test|Jona_2_20260616_181551|1873578905000,Jona,Jona_2_20260616_181551,1873578905000,continue,continue,0.2427324056625366,0.3277152180671692,0.1985435634851455,0.2310087978839874,True,True,True,True
test|Jona_2_20260616_181551|1873912238000,Jona,Jona_2_20260616_181551,1873912238000,continue,continue,0.2463771104812622,0.3252553641796112,0.2002673596143722,0.2281001806259155,True,True,True,True
test|Jona_2_20260616_181551|1874245571000,Jona,Jona_2_20260616_181551,1874245571000,continue,continue,0.250534325838089,0.3158851265907287,0.1990614533424377,0.2345191240310669,True,True,True,True
test|Jona_2_20260616_181551|1874578904000,Jona,Jona_2_20260616_181551,1874578904000,continue,continue,0.2500438690185547,0.3133103549480438,0.1978011578321457,0.238844633102417,True,True,True,True
test|Jona_2_20260616_181551|1874912238000,Jona,Jona_2_20260616_181551,1874912238000,continue,continue,0.2508682608604431,0.308217316865921,0.1937913447618484,0.2471230179071426,True,True,True,True
test|Jona_2_20260616_181551|1875245571000,Jona,Jona_2_20260616_181551,1875245571000,continue,continue,0.2479564398527145,0.305804431438446,0.1873843520879745,0.2588547766208648,True,True,True,True
test|Jona_2_20260616_181551|1875578904000,Jona,Jona_2_20260616_181551,1875578904000,continue,continue,0.2456345856189727,0.3056919574737549,0.1794588416814804,0.2692146003246307,True,True,True,True
test|Jona_2_20260616_181551|1875912238000,Jona,Jona_2_20260616_181551,1875912238000,continue,continue,0.2501917779445648,0.3070640861988067,0.168592944741249,0.2741512060165405,True,True,True,True
test|Jona_2_20260616_181551|1876245571000,Jona,Jona_2_20260616_181551,1876245571000,continue,continue,0.255031406879425,0.3159566819667816,0.1573342978954315,0.2716775834560394,True,True,True,True
test|Jona_2_20260616_181551|1876578904000,Jona,Jona_2_20260616_181551,1876578904000,continue,continue,0.2598958313465118,0.3217349350452423,0.1491510868072509,0.2692181468009949,True,True,True,True
test|Jona_2_20260616_181551|1876912238000,Jona,Jona_2_20260616_181551,1876912238000,continue,continue,0.2629673779010772,0.3288938701152801,0.1420555263757705,0.2660832703113556,True,True,True,True
test|Jona_2_20260616_181551|1877245571000,Jona,Jona_2_20260616_181551,1877245571000,continue,continue,0.2665132284164428,0.3328736126422882,0.1363494992256164,0.2642636895179748,True,True,True,True
test|Jona_2_20260616_181551|1877578904000,Jona,Jona_2_20260616_181551,1877578904000,continue,continue,0.2729824483394623,0.3332437574863434,0.1311263442039489,0.2626474797725677,True,True,True,True
test|Jona_2_20260616_181551|1877912237000,Jona,Jona_2_20260616_181551,1877912237000,continue,continue,0.2752797305583954,0.33183553814888,0.1304132789373397,0.2624714374542236,True,True,True,True
test|Jona_2_20260616_181551|1878245571000,Jona,Jona_2_20260616_181551,1878245571000,continue,continue,0.2771197259426117,0.3324458003044128,0.1300900429487228,0.2603444755077362,True,True,True,True
test|Jona_2_20260616_181551|1878578904000,Jona,Jona_2_20260616_181551,1878578904000,continue,continue,0.2796245813369751,0.3325506150722503,0.129095047712326,0.2587297558784485,True,True,True,True
test|Jona_2_20260616_181551|1878912237000,Jona,Jona_2_20260616_181551,1878912237000,continue,continue,0.2811445295810699,0.3322176933288574,0.129136711359024,0.2575010657310486,True,True,True,True
test|Jona_2_20260616_181551|1879245571000,Jona,Jona_2_20260616_181551,1879245571000,continue,continue,0.2821205854415893,0.3318060934543609,0.1300375312566757,0.2560358047485351,True,True,True,True
test|Jona_2_20260616_181551|1879578904000,Jona,Jona_2_20260616_181551,1879578904000,continue,continue,0.2812836170196533,0.3303754329681396,0.1347943842411041,0.2535465657711029,True,True,True,True
test|Jona_2_20260616_181551|1879912237000,Jona,Jona_2_20260616_181551,1879912237000,continue,continue,0.326549619436264,0.3823941648006439,0.0,0.2910563051700592,True,True,False,True
test|Jona_2_20260616_181551|1880245571000,Jona,Jona_2_20260616_181551,1880245571000,continue,continue,0.3271517753601074,0.3826329708099365,0.0,0.290215253829956,True,True,False,True
test|Jona_2_20260616_181551|1880578904000,Jona,Jona_2_20260616_181551,1880578904000,continue,continue,0.3270845413208008,0.3829352855682373,0.0,0.2899801731109619,True,True,False,True
test|Jona_2_20260616_181551|1880912237000,Jona,Jona_2_20260616_181551,1880912237000,continue,continue,0.3266318142414093,0.3821298778057098,0.0,0.2912383377552032,True,True,False,True
test|Jona_2_20260616_181551|1881245570000,Jona,Jona_2_20260616_181551,1881245570000,continue,continue,0.3286129534244537,0.3788002133369446,0.0,0.2925868332386017,True,True,False,True
test|Jona_2_20260616_181551|1881578904000,Jona,Jona_2_20260616_181551,1881578904000,continue,continue,0.3293209373950958,0.3744979202747345,0.0,0.2961812019348144,True,True,False,True
test|Jona_2_20260616_181551|1881912237000,Jona,Jona_2_20260616_181551,1881912237000,continue,continue,0.3268018960952759,0.372733861207962,0.0,0.3004642426967621,True,True,False,True
test|Jona_2_20260616_181551|1882245570000,Jona,Jona_2_20260616_181551,1882245570000,continue,continue,0.3226739466190338,0.3711358904838562,0.0,0.3061901330947876,True,True,False,True
test|Jona_2_20260616_181551|1882578904000,Jona,Jona_2_20260616_181551,1882578904000,continue,continue,0.320974200963974,0.3673467934131622,0.0,0.3116790056228637,True,True,False,True
test|Jona_2_20260616_181551|1882912237000,Jona,Jona_2_20260616_181551,1882912237000,continue,continue,0.3188528418540954,0.3655088245868683,0.0,0.3156383335590362,True,True,False,True
test|Jona_2_20260616_181551|1883245570000,Jona,Jona_2_20260616_181551,1883245570000,continue,continue,0.3111861646175384,0.3681969046592712,0.0,0.3206168711185455,True,True,False,True
test|Jona_2_20260616_181551|1883578904000,Jona,Jona_2_20260616_181551,1883578904000,continue,continue,0.3064299821853637,0.3733888268470764,0.0,0.3201811611652374,True,True,False,True
test|Jona_2_20260616_181551|1883912237000,Jona,Jona_2_20260616_181551,1883912237000,continue,continue,0.3021855354309082,0.3801339864730835,0.0,0.3176804780960083,True,True,False,True
test|Jona_2_20260616_181551|1884245570000,Jona,Jona_2_20260616_181551,1884245570000,continue,continue,0.2999100089073181,0.3869329690933227,0.0,0.3131570219993591,True,True,False,True
test|Jona_2_20260616_181551|1884578903000,Jona,Jona_2_20260616_181551,1884578903000,continue,continue,0.2942441701889038,0.3920763432979584,0.0,0.3136794865131378,True,True,False,True
test|Jona_2_20260616_181551|1884912237000,Jona,Jona_2_20260616_181551,1884912237000,continue,continue,0.289137452840805,0.3947535157203674,0.0,0.3161090016365051,True,True,False,True
test|Jona_2_20260616_181551|1885245570000,Jona,Jona_2_20260616_181551,1885245570000,continue,continue,0.2837771773338318,0.3974066078662872,0.0,0.3188161849975586,True,True,False,True
test|Jona_2_20260616_181551|1885578903000,Jona,Jona_2_20260616_181551,1885578903000,continue,continue,0.278115838766098,0.4004824459552765,0.0,0.3214016258716583,True,True,False,True
test|Jona_2_20260616_181551|1885912237000,Jona,Jona_2_20260616_181551,1885912237000,continue,continue,0.2755166590213775,0.3979523479938507,0.0,0.3265309929847717,True,True,False,True
test|Jona_2_20260616_181551|1886245570000,Jona,Jona_2_20260616_181551,1886245570000,continue,continue,0.2729207277297973,0.3964977860450744,0.0,0.3305814266204834,True,True,False,True
test|Jona_2_20260616_181551|1886578903000,Jona,Jona_2_20260616_181551,1886578903000,continue,continue,0.2739747166633606,0.3979578912258148,0.0,0.3280673623085022,True,True,False,True
test|Jona_2_20260616_181551|1886912237000,Jona,Jona_2_20260616_181551,1886912237000,continue,continue,0.2770617604255676,0.3986643850803375,0.0,0.3242738842964172,True,True,False,True
test|Jona_2_20260616_181551|1887245570000,Jona,Jona_2_20260616_181551,1887245570000,continue,continue,0.2809159457683563,0.3976030647754669,0.0,0.321480929851532,True,True,False,True
test|Jona_2_20260616_181551|1887578903000,Jona,Jona_2_20260616_181551,1887578903000,continue,continue,0.2867000699043274,0.3927185237407684,0.0,0.3205814063549042,True,True,False,True
test|Jona_2_20260616_181551|1887912236000,Jona,Jona_2_20260616_181551,1887912236000,continue,continue,0.2909836173057556,0.3878699541091919,0.0,0.3211464285850525,True,True,False,True
test|Jona_2_20260616_181551|1888245570000,Jona,Jona_2_20260616_181551,1888245570000,continue,continue,0.2935945689678192,0.384266585111618,0.0,0.3221388161182403,True,True,False,True
test|Jona_2_20260616_181551|1888578903000,Jona,Jona_2_20260616_181551,1888578903000,continue,continue,0.2991861402988434,0.3819728493690491,0.0,0.3188409805297851,True,True,False,True
test|Jona_2_20260616_181551|1888912236000,Jona,Jona_2_20260616_181551,1888912236000,continue,continue,0.3053067326545715,0.3877348899841308,0.0,0.30695840716362,True,True,False,True
test|Jona_2_20260616_181551|1889245570000,Jona,Jona_2_20260616_181551,1889245570000,continue,continue,0.30641970038414,0.3899616301059723,0.0,0.3036186397075653,True,True,False,True
test|Jona_2_20260616_181551|1889578903000,Jona,Jona_2_20260616_181551,1889578903000,continue,continue,0.3076564073562622,0.3886122107505798,0.0,0.3037313520908355,True,True,False,True
test|Jona_2_20260616_181551|1889912236000,Jona,Jona_2_20260616_181551,1889912236000,continue,continue,0.3130899369716644,0.3852398991584778,0.0,0.3016701638698578,True,True,False,True
test|Jona_2_20260616_181551|1890245570000,Jona,Jona_2_20260616_181551,1890245570000,continue,continue,0.3193767070770263,0.3820605278015136,0.0,0.2985627949237823,True,True,False,True
test|Jona_2_20260616_181551|1890578903000,Jona,Jona_2_20260616_181551,1890578903000,continue,continue,0.3153458833694458,0.379895806312561,0.0,0.3047583103179931,True,True,False,True
test|Jona_2_20260616_181551|1890912236000,Jona,Jona_2_20260616_181551,1890912236000,continue,continue,0.3062822520732879,0.3757472932338714,0.0,0.3179704248905182,True,True,False,True
test|Jona_2_20260616_181551|1891245569000,Jona,Jona_2_20260616_181551,1891245569000,continue,continue,0.3033570349216461,0.3770323991775512,0.0,0.319610595703125,True,True,False,True
test|Jona_2_20260616_181551|1891578903000,Jona,Jona_2_20260616_181551,1891578903000,continue,continue,0.3008767366409302,0.377028226852417,0.0,0.3220950961112976,True,True,False,True
test|Jona_2_20260616_181551|1891912236000,Jona,Jona_2_20260616_181551,1891912236000,continue,continue,0.2963632345199585,0.3758187592029571,0.0,0.3278180062770843,True,True,False,True
test|Jona_2_20260616_181551|1892245569000,Jona,Jona_2_20260616_181551,1892245569000,continue,continue,0.2922484874725342,0.373593807220459,0.0,0.3341577351093292,True,True,False,True
test|Jona_2_20260616_181551|1892578903000,Jona,Jona_2_20260616_181551,1892578903000,continue,continue,0.2907500565052032,0.3705160021781921,0.0,0.3387340009212494,True,True,False,True
test|Jona_2_20260616_181551|1892912236000,Jona,Jona_2_20260616_181551,1892912236000,continue,fetch,0.2878745198249817,0.3655508160591125,0.0,0.3465746641159057,True,True,False,True
test|Jona_2_20260616_181551|1893245569000,Jona,Jona_2_20260616_181551,1893245569000,continue,fetch,0.286153107881546,0.3605950772762298,0.0,0.3532518446445465,True,True,False,True
test|Jona_2_20260616_181551|1893578903000,Jona,Jona_2_20260616_181551,1893578903000,continue,fetch,0.286769688129425,0.3564832508563995,0.0,0.3567470908164978,True,True,False,True
test|Jona_2_20260616_181551|1893912236000,Jona,Jona_2_20260616_181551,1893912236000,continue,fetch,0.2899746894836426,0.3531496524810791,0.0,0.3568756282329559,True,True,False,True
test|Jona_2_20260616_181551|1894245569000,Jona,Jona_2_20260616_181551,1894245569000,fetch,fetch,0.2942943871021271,0.3496493697166443,0.0,0.3560563027858734,True,True,False,True
test|Jona_2_20260616_181551|1894578902000,Jona,Jona_2_20260616_181551,1894578902000,fetch,fetch,0.2988924384117126,0.3469955623149872,0.0,0.3541119992733001,True,True,False,True
test|Jona_2_20260616_181551|1894912236000,Jona,Jona_2_20260616_181551,1894912236000,fetch,fetch,0.3033066689968109,0.3454378545284271,0.0,0.3512555062770843,True,True,False,True
test|Jona_2_20260616_181551|1895245569000,Jona,Jona_2_20260616_181551,1895245569000,fetch,handover,0.3042066097259521,0.3449423909187317,0.0,0.3508509695529938,True,True,False,True
test|Jona_2_20260616_181551|1895578902000,Jona,Jona_2_20260616_181551,1895578902000,fetch,handover,0.3041463792324066,0.3492359519004822,0.0,0.3466176092624664,True,True,False,True
test|Jona_2_20260616_181551|1895912236000,Jona,Jona_2_20260616_181551,1895912236000,fetch,fetch,0.3035869002342224,0.35551518201828,0.0,0.3408978581428528,True,True,False,True
test|Jona_2_20260616_181551|1896245569000,Jona,Jona_2_20260616_181551,1896245569000,fetch,fetch,0.305717796087265,0.3568620085716247,0.0,0.337420254945755,True,True,False,True
test|Jona_2_20260616_181551|1896578902000,Jona,Jona_2_20260616_181551,1896578902000,fetch,fetch,0.3081538081169128,0.3525822460651397,0.0,0.3392639458179474,True,True,False,True
test|Jona_2_20260616_181551|1896912236000,Jona,Jona_2_20260616_181551,1896912236000,fetch,fetch,0.3129314482212066,0.347293347120285,0.0,0.3397752046585083,True,True,False,True
test|Jona_2_20260616_181551|1897245569000,Jona,Jona_2_20260616_181551,1897245569000,fetch,fetch,0.3167163431644439,0.339649498462677,0.0,0.3436341285705566,True,True,False,True
test|Jona_2_20260616_181551|1897578902000,Jona,Jona_2_20260616_181551,1897578902000,fetch,fetch,0.3229784965515136,0.3279635310173034,0.0,0.3490579426288605,True,True,False,True
test|Jona_2_20260616_181551|1897912235000,Jona,Jona_2_20260616_181551,1897912235000,fetch,fetch,0.3249854445457458,0.3202846646308899,0.0,0.3547298610210418,True,True,False,True
test|Jona_2_20260616_181551|1898245569000,Jona,Jona_2_20260616_181551,1898245569000,fetch,fetch,0.3226305544376373,0.3182997405529022,0.0,0.3590696454048157,True,True,False,True
test|Jona_2_20260616_181551|1898578902000,Jona,Jona_2_20260616_181551,1898578902000,fetch,fetch,0.3218830227851867,0.3181291818618774,0.0,0.3599878251552582,True,True,False,True
test|Jona_2_20260616_181551|1898912235000,Jona,Jona_2_20260616_181551,1898912235000,fetch,fetch,0.3211750984191894,0.317780077457428,0.0,0.3610448241233825,True,True,False,True
test|Jona_2_20260616_181551|1899245569000,Jona,Jona_2_20260616_181551,1899245569000,fetch,fetch,0.3211237788200378,0.3174687325954437,0.0,0.3614074885845184,True,True,False,True
test|Jona_2_20260616_181551|1899578902000,Jona,Jona_2_20260616_181551,1899578902000,fetch,fetch,0.3208206295967102,0.3177998960018158,0.0,0.3613795042037964,True,True,False,True
test|Jona_2_20260616_181551|1903912235000,Jona,Jona_2_20260616_181551,1903912235000,handover,handover,0.2612088918685913,0.4392141997814178,0.0,0.2995769679546356,True,True,False,True
test|Jona_2_20260616_181551|1904245568000,Jona,Jona_2_20260616_181551,1904245568000,handover,handover,0.2515656352043152,0.4602715373039245,0.0,0.2881628274917602,True,True,False,True
test|Jona_2_20260616_181551|1904578901000,Jona,Jona_2_20260616_181551,1904578901000,handover,handover,0.2355386465787887,0.4796197414398193,0.0,0.2848415672779083,True,True,False,True
test|Jona_2_20260616_181551|1904912235000,Jona,Jona_2_20260616_181551,1904912235000,handover,handover,0.2079999148845672,0.5169265270233154,0.0,0.2750735878944397,True,True,False,True
test|Jona_2_20260616_181551|1905245568000,Jona,Jona_2_20260616_181551,1905245568000,handover,handover,0.1912238895893097,0.5412455797195435,0.0,0.2675305604934692,True,True,False,True
test|Jona_2_20260616_181551|1905578901000,Jona,Jona_2_20260616_181551,1905578901000,handover,handover,0.1903552561998367,0.544447660446167,0.0,0.2651970982551574,True,True,False,True
test|Jona_2_20260616_181551|1905912235000,Jona,Jona_2_20260616_181551,1905912235000,handover,handover,0.1906429231166839,0.5396522283554077,0.0,0.2697048783302307,True,True,False,True
test|Jona_2_20260616_181551|1906245568000,Jona,Jona_2_20260616_181551,1906245568000,handover,handover,0.2042380720376968,0.5253264904022217,0.0,0.270435482263565,True,True,False,True
test|Jona_2_20260616_181551|1906578901000,Jona,Jona_2_20260616_181551,1906578901000,handover,handover,0.214008554816246,0.5120551586151123,0.0,0.2739362716674804,True,True,False,True
test|Jona_2_20260616_181551|1906912235000,Jona,Jona_2_20260616_181551,1906912235000,handover,handover,0.2236459404230117,0.4966824650764465,0.0,0.2796716690063476,True,True,False,True
test|Jona_2_20260616_181551|1907245568000,Jona,Jona_2_20260616_181551,1907245568000,handover,handover,0.2294545471668243,0.4838999509811401,0.0,0.2866455614566803,True,True,False,True
test|Jona_3_20260616_181717|1954878904000,Jona,Jona_3_20260616_181717,1954878904000,continue,continue,0.2119100689888,0.4057455062866211,0.1354461759328842,0.2468982636928558,True,True,True,True
test|Jona_3_20260616_181717|1955212238000,Jona,Jona_3_20260616_181717,1955212238000,continue,continue,0.2106963098049163,0.4145740866661072,0.1320594996213913,0.2426701188087463,True,True,True,True
test|Jona_3_20260616_181717|1955545571000,Jona,Jona_3_20260616_181717,1955545571000,continue,continue,0.2121064066886901,0.4179281294345855,0.1284266263246536,0.2415388077497482,True,True,True,True
test|Jona_3_20260616_181717|1955878904000,Jona,Jona_3_20260616_181717,1955878904000,continue,continue,0.2101934850215912,0.4091088771820068,0.1313440054655075,0.2493536323308944,True,True,True,True
test|Jona_3_20260616_181717|1956212237000,Jona,Jona_3_20260616_181717,1956212237000,continue,continue,0.2107249796390533,0.4013288617134094,0.1353807747364044,0.2525654435157776,True,True,True,True
test|Jona_3_20260616_181717|1956545571000,Jona,Jona_3_20260616_181717,1956545571000,continue,continue,0.2579642236232757,0.4468341469764709,0.0,0.2952015995979309,True,True,False,True
test|Jona_3_20260616_181717|1956878904000,Jona,Jona_3_20260616_181717,1956878904000,continue,continue,0.2736684083938598,0.4253560304641723,0.0,0.3009755909442901,True,True,False,True
test|Jona_3_20260616_181717|1957212237000,Jona,Jona_3_20260616_181717,1957212237000,continue,continue,0.2860650420188904,0.4129611253738403,0.0,0.300973892211914,True,True,False,True
test|Jona_3_20260616_181717|1957545571000,Jona,Jona_3_20260616_181717,1957545571000,continue,continue,0.294853001832962,0.4070097208023071,0.0,0.2981373071670532,True,True,False,True
test|Jona_3_20260616_181717|1957878904000,Jona,Jona_3_20260616_181717,1957878904000,continue,continue,0.3004178404808044,0.4087013304233551,0.0,0.290880799293518,True,True,False,True
test|Jona_3_20260616_181717|1958212237000,Jona,Jona_3_20260616_181717,1958212237000,continue,continue,0.3102374076843261,0.4049212634563446,0.0,0.2848414182662964,True,True,False,True
test|Jona_3_20260616_181717|1958545571000,Jona,Jona_3_20260616_181717,1958545571000,continue,continue,0.3122005760669708,0.4025353491306305,0.0,0.2852641344070434,True,True,False,True
test|Jona_3_20260616_181717|1958878904000,Jona,Jona_3_20260616_181717,1958878904000,continue,continue,0.3106871545314789,0.4047661423683166,0.0,0.2845467031002044,True,True,False,True
test|Jona_3_20260616_181717|1959212237000,Jona,Jona_3_20260616_181717,1959212237000,continue,continue,0.3095262348651886,0.4065028727054596,0.0,0.2839709520339966,True,True,False,True
test|Jona_3_20260616_181717|1959545570000,Jona,Jona_3_20260616_181717,1959545570000,continue,continue,0.3087124824523926,0.4053584635257721,0.0,0.2859289944171905,True,True,False,True
test|Jona_3_20260616_181717|1959878904000,Jona,Jona_3_20260616_181717,1959878904000,continue,continue,0.3092125952243805,0.4035422801971435,0.0,0.2872450649738312,True,True,False,True
test|Jona_3_20260616_181717|1960212237000,Jona,Jona_3_20260616_181717,1960212237000,continue,continue,0.3051303327083587,0.4035710990428924,0.0,0.291298508644104,True,True,False,True
test|Jona_3_20260616_181717|1960545570000,Jona,Jona_3_20260616_181717,1960545570000,continue,continue,0.3023319840431213,0.4000448584556579,0.0,0.2976231575012207,True,True,False,True
test|Jona_3_20260616_181717|1960878904000,Jona,Jona_3_20260616_181717,1960878904000,continue,continue,0.301139622926712,0.3972765207290649,0.0,0.301583856344223,True,True,False,True
test|Jona_3_20260616_181717|1961212237000,Jona,Jona_3_20260616_181717,1961212237000,continue,continue,0.2883438766002655,0.4063572287559509,0.0,0.3052989542484283,True,True,False,True
test|Jona_3_20260616_181717|1961545570000,Jona,Jona_3_20260616_181717,1961545570000,continue,continue,0.2776399552822113,0.415544718503952,0.0,0.3068153858184814,True,True,False,True
test|Jona_3_20260616_181717|1961878904000,Jona,Jona_3_20260616_181717,1961878904000,continue,continue,0.2711818218231201,0.4181848764419555,0.0,0.3106333017349243,True,True,False,True
test|Jona_3_20260616_181717|1962212237000,Jona,Jona_3_20260616_181717,1962212237000,continue,continue,0.2749513983726501,0.4157449603080749,0.0,0.3093036413192749,True,True,False,True
test|Jona_3_20260616_181717|1962545570000,Jona,Jona_3_20260616_181717,1962545570000,continue,continue,0.2739354968070984,0.4217019379138946,0.0,0.3043625652790069,True,True,False,True
test|Jona_3_20260616_181717|1962878903000,Jona,Jona_3_20260616_181717,1962878903000,continue,continue,0.2690612077713012,0.4297541379928589,0.0,0.3011846244335174,True,True,False,True
test|Jona_3_20260616_181717|1963212237000,Jona,Jona_3_20260616_181717,1963212237000,continue,continue,0.2743683457374573,0.430785596370697,0.0,0.2948460578918457,True,True,False,True
test|Jona_3_20260616_181717|1963545570000,Jona,Jona_3_20260616_181717,1963545570000,continue,continue,0.2742476761341095,0.4277065992355346,0.0,0.2980457246303558,True,True,False,True
test|Jona_3_20260616_181717|1963878903000,Jona,Jona_3_20260616_181717,1963878903000,continue,continue,0.2743173241615295,0.4289913177490234,0.0,0.2966914176940918,True,True,False,True
test|Jona_3_20260616_181717|1964212237000,Jona,Jona_3_20260616_181717,1964212237000,continue,continue,0.2730075120925903,0.4250848889350891,0.0,0.3019075393676758,True,True,False,True
test|Jona_3_20260616_181717|1964545570000,Jona,Jona_3_20260616_181717,1964545570000,continue,continue,0.2744359970092773,0.4127178192138672,0.0,0.3128461539745331,True,True,False,True
test|Jona_3_20260616_181717|1964878903000,Jona,Jona_3_20260616_181717,1964878903000,continue,continue,0.2822722494602203,0.3991690576076507,0.0,0.3185586929321289,True,True,False,True
test|Jona_3_20260616_181717|1965212236000,Jona,Jona_3_20260616_181717,1965212236000,continue,continue,0.2904492020606994,0.3891621232032776,0.0,0.3203886449337005,True,True,False,True
test|Jona_3_20260616_181717|1965545570000,Jona,Jona_3_20260616_181717,1965545570000,continue,continue,0.3019831478595733,0.3831894993782043,0.0,0.314827412366867,True,True,False,True
test|Jona_3_20260616_181717|1965878903000,Jona,Jona_3_20260616_181717,1965878903000,continue,continue,0.314545065164566,0.3755355775356293,0.0,0.3099193572998047,True,True,False,True
test|Jona_3_20260616_181717|1966212236000,Jona,Jona_3_20260616_181717,1966212236000,continue,continue,0.3256373703479767,0.3711178302764892,0.0,0.3032447397708893,True,True,False,True
test|Jona_3_20260616_181717|1966545570000,Jona,Jona_3_20260616_181717,1966545570000,continue,continue,0.3327740132808685,0.370958000421524,0.0,0.2962679862976074,True,True,False,True
test|Jona_3_20260616_181717|1966878903000,Jona,Jona_3_20260616_181717,1966878903000,continue,continue,0.3362280428409576,0.3737464845180511,0.0,0.2900254428386688,True,True,False,True
test|Jona_3_20260616_181717|1967212236000,Jona,Jona_3_20260616_181717,1967212236000,continue,continue,0.3357323110103607,0.3776053786277771,0.0,0.2866623103618622,True,True,False,True
test|Jona_3_20260616_181717|1967545570000,Jona,Jona_3_20260616_181717,1967545570000,continue,continue,0.3299610018730163,0.3856239020824432,0.0,0.2844150960445404,True,True,False,True
test|Jona_3_20260616_181717|1967878903000,Jona,Jona_3_20260616_181717,1967878903000,continue,continue,0.3262971341609955,0.3859632909297943,0.0,0.2877395451068878,True,True,False,True
test|Jona_3_20260616_181717|1968212236000,Jona,Jona_3_20260616_181717,1968212236000,continue,continue,0.3239645957946777,0.3856797218322754,0.0,0.2903557121753692,True,True,False,True
test|Jona_3_20260616_181717|1968545570000,Jona,Jona_3_20260616_181717,1968545570000,continue,continue,0.3194133937358856,0.3862978518009186,0.0,0.2942887246608734,True,True,False,True
test|Jona_3_20260616_181717|1968878903000,Jona,Jona_3_20260616_181717,1968878903000,continue,continue,0.3149328231811523,0.3837520480155945,0.0,0.3013151288032532,True,True,False,True
test|Jona_3_20260616_181717|1969212236000,Jona,Jona_3_20260616_181717,1969212236000,continue,continue,0.3130844235420227,0.3735634684562683,0.0,0.3133521378040313,True,True,False,True
test|Jona_3_20260616_181717|1969545569000,Jona,Jona_3_20260616_181717,1969545569000,continue,continue,0.3278043866157532,0.3564306497573852,0.0,0.3157649934291839,True,True,False,True
test|Jona_3_20260616_181717|1969878903000,Jona,Jona_3_20260616_181717,1969878903000,continue,continue,0.3324010372161865,0.351056694984436,0.0,0.3165421783924103,True,True,False,True
test|Jona_3_20260616_181717|1970212236000,Jona,Jona_3_20260616_181717,1970212236000,continue,continue,0.3257820308208465,0.3559596836566925,0.0,0.3182582557201385,True,True,False,True
test|Jona_3_20260616_181717|1970545569000,Jona,Jona_3_20260616_181717,1970545569000,continue,continue,0.3150497078895569,0.3593926131725311,0.0,0.3255577087402344,True,True,False,True
test|Jona_3_20260616_181717|1970878903000,Jona,Jona_3_20260616_181717,1970878903000,continue,continue,0.3061555624008178,0.3646968901157379,0.0,0.3291475474834442,True,True,False,True
test|Jona_3_20260616_181717|1971212236000,Jona,Jona_3_20260616_181717,1971212236000,continue,continue,0.2998462617397308,0.3730902075767517,0.0,0.3270634710788727,True,True,False,True
test|Jona_3_20260616_181717|1971545569000,Jona,Jona_3_20260616_181717,1971545569000,continue,continue,0.2771670520305633,0.3894995152950287,0.0,0.3333334922790527,True,True,False,True
test|Jona_3_20260616_181717|1971878902000,Jona,Jona_3_20260616_181717,1971878902000,continue,continue,0.2693612277507782,0.3943128585815429,0.0,0.3363258838653564,True,True,False,True
test|Jona_3_20260616_181717|1972212236000,Jona,Jona_3_20260616_181717,1972212236000,continue,continue,0.2826453149318695,0.3827790021896362,0.0,0.3345756530761719,True,True,False,True
test|Jona_3_20260616_181717|1972545569000,Jona,Jona_3_20260616_181717,1972545569000,continue,continue,0.2921716272830963,0.3776923418045044,0.0,0.3301359713077545,True,True,False,True
test|Jona_3_20260616_181717|1972878902000,Jona,Jona_3_20260616_181717,1972878902000,continue,continue,0.3011798858642578,0.3751071393489837,0.0,0.3237129747867584,True,True,False,True
test|Jona_3_20260616_181717|1973212236000,Jona,Jona_3_20260616_181717,1973212236000,continue,continue,0.309510737657547,0.3665210306644439,0.0,0.323968231678009,True,True,False,True
test|Jona_3_20260616_181717|1973545569000,Jona,Jona_3_20260616_181717,1973545569000,continue,continue,0.322926789522171,0.3507715761661529,0.0,0.3263016641139984,True,True,False,True
test|Jona_3_20260616_181717|1973878902000,Jona,Jona_3_20260616_181717,1973878902000,continue,continue,0.3396488130092621,0.3311395049095154,0.0,0.3292116522789001,True,True,False,True
test|Jona_3_20260616_181717|1974212236000,Jona,Jona_3_20260616_181717,1974212236000,continue,continue,0.3576384484767914,0.3094542622566223,0.0,0.3329072594642639,True,True,False,True
test|Jona_3_20260616_181717|1974545569000,Jona,Jona_3_20260616_181717,1974545569000,continue,continue,0.3702131509780884,0.2925471663475036,0.0,0.3372396528720855,True,True,False,True
test|Jona_3_20260616_181717|1974878902000,Jona,Jona_3_20260616_181717,1974878902000,continue,fetch,0.3699361383914947,0.292015016078949,0.0,0.3380488753318786,True,True,False,True
test|Jona_3_20260616_181717|1975212236000,Jona,Jona_3_20260616_181717,1975212236000,continue,continue,0.3599641919136047,0.312149703502655,0.0,0.3278861045837402,True,True,False,True
test|Jona_3_20260616_181717|1975545569000,Jona,Jona_3_20260616_181717,1975545569000,continue,continue,0.3463774025440216,0.3356364071369171,0.0,0.3179862201213836,True,True,False,True
test|Jona_3_20260616_181717|1975878902000,Jona,Jona_3_20260616_181717,1975878902000,continue,continue,0.3341339528560638,0.3570990562438965,0.0,0.3087669312953949,True,True,False,True
test|Jona_3_20260616_181717|1976212235000,Jona,Jona_3_20260616_181717,1976212235000,continue,continue,0.3246839046478271,0.3811144828796386,0.0,0.2942016124725342,True,True,False,True
test|Jona_3_20260616_181717|1976545569000,Jona,Jona_3_20260616_181717,1976545569000,continue,continue,0.3157472908496856,0.4042096436023712,0.0,0.2800430059432983,True,True,False,True
test|Jona_3_20260616_181717|1976878902000,Jona,Jona_3_20260616_181717,1976878902000,continue,continue,0.315332680940628,0.4142803847789764,0.0,0.2703869342803955,True,True,False,True
test|Jona_3_20260616_181717|1977212235000,Jona,Jona_3_20260616_181717,1977212235000,continue,continue,0.3206501305103302,0.4105914831161499,0.0,0.2687583267688751,True,True,False,True
test|Jona_3_20260616_181717|1977545569000,Jona,Jona_3_20260616_181717,1977545569000,continue,continue,0.3219604194164276,0.4095730781555176,0.0,0.2684665620326996,True,True,False,True
test|Jona_3_20260616_181717|1977878902000,Jona,Jona_3_20260616_181717,1977878902000,continue,continue,0.3222289681434631,0.4091171622276306,0.0,0.2686538100242615,True,True,False,True
test|Jona_3_20260616_181717|1978212235000,Jona,Jona_3_20260616_181717,1978212235000,continue,continue,0.3222474455833435,0.4069019258022308,0.0,0.2708505988121032,True,True,False,True
test|Jona_3_20260616_181717|1978545568000,Jona,Jona_3_20260616_181717,1978545568000,continue,continue,0.3254742324352264,0.4021687507629394,0.0,0.2723569869995117,True,True,False,True
test|Jona_3_20260616_181717|1978878902000,Jona,Jona_3_20260616_181717,1978878902000,continue,continue,0.3273628056049347,0.3978570699691772,0.0,0.2747801542282104,True,True,False,True
test|Jona_3_20260616_181717|1979212235000,Jona,Jona_3_20260616_181717,1979212235000,continue,continue,0.3253570199012756,0.3938588798046112,0.0,0.2807840704917907,True,True,False,True
test|Jona_3_20260616_181717|1979545568000,Jona,Jona_3_20260616_181717,1979545568000,continue,continue,0.3196987807750702,0.3914114236831665,0.0,0.2888897955417633,True,True,False,True
test|Jona_3_20260616_181717|1979878902000,Jona,Jona_3_20260616_181717,1979878902000,continue,continue,0.3134297430515289,0.3875363171100616,0.0,0.299033910036087,True,True,False,True
test|Jona_3_20260616_181717|1980212235000,Jona,Jona_3_20260616_181717,1980212235000,continue,continue,0.3110408186912536,0.3796788156032562,0.0,0.3092804253101349,True,True,False,True
test|Jona_3_20260616_181717|1980545568000,Jona,Jona_3_20260616_181717,1980545568000,continue,continue,0.3098338842391968,0.3707258999347687,0.0,0.3194402158260345,True,True,False,True
test|Jona_3_20260616_181717|1980878902000,Jona,Jona_3_20260616_181717,1980878902000,continue,fetch,0.3105073571205139,0.3668294548988342,0.0,0.3226631879806518,True,True,False,True
test|Jona_3_20260616_181717|1981212235000,Jona,Jona_3_20260616_181717,1981212235000,continue,fetch,0.3126165270805359,0.360460489988327,0.0,0.3269229531288147,True,True,False,True
test|Jona_3_20260616_181717|1981545568000,Jona,Jona_3_20260616_181717,1981545568000,continue,fetch,0.3198394775390625,0.3468570113182068,0.0,0.3333035409450531,True,True,False,True
test|Jona_3_20260616_181717|1981878901000,Jona,Jona_3_20260616_181717,1981878901000,continue,fetch,0.3251621127128601,0.335937887430191,0.0,0.3389000296592712,True,True,False,True
test|Jona_3_20260616_181717|1982212235000,Jona,Jona_3_20260616_181717,1982212235000,continue,continue,0.314552754163742,0.3335644900798797,0.0,0.3518827855587005,True,True,False,True
test|Jona_3_20260616_181717|1982545568000,Jona,Jona_3_20260616_181717,1982545568000,continue,fetch,0.3080596923828125,0.328303188085556,0.0,0.3636371493339538,True,True,False,True
test|Jona_3_20260616_181717|1982878901000,Jona,Jona_3_20260616_181717,1982878901000,continue,fetch,0.3199781477451324,0.3123831748962402,0.0,0.3676386475563049,True,True,False,True
test|Jona_3_20260616_181717|1983212235000,Jona,Jona_3_20260616_181717,1983212235000,continue,fetch,0.3221884667873382,0.3032479882240295,0.0,0.3745635747909546,True,True,False,True
test|Jona_3_20260616_181717|1983545568000,Jona,Jona_3_20260616_181717,1983545568000,continue,fetch,0.3193140923976898,0.3032561540603637,0.0,0.3774297535419464,True,True,False,True
test|Jona_3_20260616_181717|1983878901000,Jona,Jona_3_20260616_181717,1983878901000,continue,fetch,0.3170854747295379,0.3007450997829437,0.0,0.3821694552898407,True,True,False,True
test|Jona_3_20260616_181717|1984212235000,Jona,Jona_3_20260616_181717,1984212235000,continue,fetch,0.303562581539154,0.3012054562568664,0.0,0.3952319920063019,True,True,False,True
test|Jona_3_20260616_181717|1984545568000,Jona,Jona_3_20260616_181717,1984545568000,continue,fetch,0.3009276986122131,0.3006929755210876,0.0,0.3983792960643768,True,True,False,True
test|Jona_3_20260616_181717|1984878901000,Jona,Jona_3_20260616_181717,1984878901000,continue,fetch,0.3046713471412658,0.2977249324321747,0.0,0.3976037204265594,True,True,False,True
test|Jona_3_20260616_181717|1985212234000,Jona,Jona_3_20260616_181717,1985212234000,continue,fetch,0.3073939681053161,0.2981692552566528,0.0,0.3944368064403534,True,True,False,True
test|Jona_3_20260616_181717|1985545568000,Jona,Jona_3_20260616_181717,1985545568000,continue,fetch,0.3056029975414276,0.3011801838874817,0.0,0.3932168483734131,True,True,False,True
test|Jona_3_20260616_181717|1985878901000,Jona,Jona_3_20260616_181717,1985878901000,continue,fetch,0.2999454438686371,0.3068901002407074,0.0,0.3931644558906555,True,True,False,True
test|Jona_3_20260616_181717|1986212234000,Jona,Jona_3_20260616_181717,1986212234000,continue,fetch,0.3056176900863647,0.3019524216651916,0.0,0.3924299776554107,True,True,False,True
test|Jona_3_20260616_181717|1986545568000,Jona,Jona_3_20260616_181717,1986545568000,fetch,fetch,0.307217538356781,0.2987402081489563,0.0,0.3940422534942627,True,True,False,True
test|Jona_3_20260616_181717|1986878901000,Jona,Jona_3_20260616_181717,1986878901000,fetch,fetch,0.3078028857707977,0.2941202521324157,0.0,0.3980769217014313,True,True,False,True
test|Jona_3_20260616_181717|1987212234000,Jona,Jona_3_20260616_181717,1987212234000,fetch,fetch,0.3155787587165832,0.2903814613819122,0.0,0.3940397799015045,True,True,False,True
test|Jona_3_20260616_181717|1987545568000,Jona,Jona_3_20260616_181717,1987545568000,fetch,fetch,0.3166835904121399,0.2870246469974518,0.0,0.3962917923927307,True,True,False,True
test|Jona_3_20260616_181717|1987878901000,Jona,Jona_3_20260616_181717,1987878901000,fetch,fetch,0.3153853416442871,0.2849558591842651,0.0,0.3996587991714477,True,True,False,True
test|Jona_3_20260616_181717|1988212234000,Jona,Jona_3_20260616_181717,1988212234000,fetch,fetch,0.3041798174381256,0.2931254208087921,0.0,0.4026947319507599,True,True,False,True
test|Jona_3_20260616_181717|1988545567000,Jona,Jona_3_20260616_181717,1988545567000,fetch,fetch,0.3004203736782074,0.2989177107810974,0.0,0.4006618857383728,True,True,False,True
test|Jona_3_20260616_181717|1988878901000,Jona,Jona_3_20260616_181717,1988878901000,fetch,fetch,0.3050592839717865,0.3007707297801971,0.0,0.3941699862480163,True,True,False,True
test|Jona_3_20260616_181717|1989212234000,Jona,Jona_3_20260616_181717,1989212234000,fetch,fetch,0.2992428839206695,0.303981751203537,0.0,0.3967753648757934,True,True,False,True
test|Jona_3_20260616_181717|1989545567000,Jona,Jona_3_20260616_181717,1989545567000,fetch,fetch,0.3013577759265899,0.3037686347961426,0.0,0.394873559474945,True,True,False,True
test|Jona_3_20260616_181717|1989878901000,Jona,Jona_3_20260616_181717,1989878901000,fetch,fetch,0.3001615703105926,0.3048664927482605,0.0,0.3949719071388244,True,True,False,True
test|Jona_3_20260616_181717|1990212234000,Jona,Jona_3_20260616_181717,1990212234000,fetch,fetch,0.3064293265342712,0.3049588203430176,0.0,0.3886118531227112,True,True,False,True
test|Jona_3_20260616_181717|1990545567000,Jona,Jona_3_20260616_181717,1990545567000,fetch,fetch,0.3080447614192962,0.3049404919147491,0.0,0.387014776468277,True,True,False,True
test|Jona_3_20260616_181717|1994545567000,Jona,Jona_3_20260616_181717,1994545567000,handover,handover,0.2674538791179657,0.393273651599884,0.0,0.3392724692821502,True,True,False,True
test|Jona_3_20260616_181717|1994878900000,Jona,Jona_3_20260616_181717,1994878900000,handover,handover,0.2486600577831268,0.4356167912483215,0.0,0.3157230913639068,True,True,False,True
test|Jona_3_20260616_181717|1995212233000,Jona,Jona_3_20260616_181717,1995212233000,handover,handover,0.2283939123153686,0.4772253632545471,0.0,0.2943807244300842,True,True,False,True
test|Jona_3_20260616_181717|1995545567000,Jona,Jona_3_20260616_181717,1995545567000,handover,handover,0.2051420956850052,0.5151827335357666,0.0,0.2796752154827118,True,True,False,True
test|Jona_3_20260616_181717|1995878900000,Jona,Jona_3_20260616_181717,1995878900000,handover,handover,0.192422941327095,0.5329065918922424,0.0,0.2746705114841461,True,True,False,True
test|Jona_3_20260616_181717|1996212233000,Jona,Jona_3_20260616_181717,1996212233000,handover,handover,0.197394847869873,0.5217017531394958,0.0,0.2809034883975982,True,True,False,True
test|Jona_3_20260616_181717|1996545567000,Jona,Jona_3_20260616_181717,1996545567000,handover,handover,0.2090694457292556,0.5031007528305054,0.0,0.2878298461437225,True,True,False,True
test|Jona_3_20260616_181717|1996878900000,Jona,Jona_3_20260616_181717,1996878900000,handover,handover,0.2241842895746231,0.4779857099056244,0.0,0.2978300452232361,True,True,False,True
test|Jona_3_20260616_181717|1997212233000,Jona,Jona_3_20260616_181717,1997212233000,handover,handover,0.2441508620977401,0.4547599852085113,0.0,0.3010891377925873,True,True,False,True
test|Jona_3_20260616_181717|1997545567000,Jona,Jona_3_20260616_181717,1997545567000,handover,handover,0.2589617967605591,0.4438335299491882,0.0,0.2972047328948974,True,True,False,True
test|Jona_3_20260616_181717|1997878900000,Jona,Jona_3_20260616_181717,1997878900000,handover,handover,0.2701961696147918,0.4402189552783966,0.0,0.2895849347114563,True,True,False,True
test|Jona_4_20260616_181855|2052512237000,Jona,Jona_4_20260616_181855,2052512237000,continue,handover,0.2398278713226318,0.3261615037918091,0.1399066597223281,0.2941039502620697,True,True,True,True
test|Jona_4_20260616_181855|2052845570000,Jona,Jona_4_20260616_181855,2052845570000,continue,handover,0.2413938492536544,0.3328896760940552,0.1379103809595108,0.2878060638904571,True,True,True,True
test|Jona_4_20260616_181855|2053178903000,Jona,Jona_4_20260616_181855,2053178903000,continue,handover,0.2418773025274276,0.3373177349567413,0.135247454047203,0.2855575680732727,True,True,True,True
test|Jona_4_20260616_181855|2053512236000,Jona,Jona_4_20260616_181855,2053512236000,continue,handover,0.2414654791355133,0.3411672115325928,0.1329611241817474,0.2844061851501465,True,True,True,True
test|Jona_4_20260616_181855|2053845570000,Jona,Jona_4_20260616_181855,2053845570000,continue,continue,0.2393371313810348,0.343585193157196,0.1335847526788711,0.2834929227828979,True,True,True,True
test|Jona_4_20260616_181855|2054178903000,Jona,Jona_4_20260616_181855,2054178903000,continue,continue,0.2383427321910858,0.3446147739887237,0.1359816938638687,0.2810607850551605,True,True,True,True
test|Jona_4_20260616_181855|2054512236000,Jona,Jona_4_20260616_181855,2054512236000,continue,continue,0.2420475780963897,0.3420365750789642,0.1389192193746566,0.2769966423511505,True,True,True,True
test|Jona_4_20260616_181855|2054845570000,Jona,Jona_4_20260616_181855,2054845570000,continue,continue,0.2500713467597961,0.3364646136760711,0.1409719288349151,0.2724920809268951,True,True,True,True
test|Jona_4_20260616_181855|2055178903000,Jona,Jona_4_20260616_181855,2055178903000,continue,continue,0.2536058723926544,0.3384069204330444,0.1418015956878662,0.2661856114864349,True,True,True,True
test|Jona_4_20260616_181855|2055512236000,Jona,Jona_4_20260616_181855,2055512236000,continue,continue,0.2532779276371002,0.3463623523712158,0.1419783234596252,0.2583813667297363,True,True,True,True
test|Jona_4_20260616_181855|2055845570000,Jona,Jona_4_20260616_181855,2055845570000,continue,continue,0.2566728591918945,0.3556076288223266,0.1379204094409942,0.2497991025447845,True,True,True,True
test|Jona_4_20260616_181855|2056178903000,Jona,Jona_4_20260616_181855,2056178903000,continue,continue,0.2596007883548736,0.3621826469898224,0.1331446021795272,0.2450719624757766,True,True,True,True
test|Jona_4_20260616_181855|2056512236000,Jona,Jona_4_20260616_181855,2056512236000,continue,continue,0.2610223889350891,0.3676335215568542,0.1284496933221817,0.2428944259881973,True,True,True,True
test|Jona_4_20260616_181855|2056845570000,Jona,Jona_4_20260616_181855,2056845570000,continue,continue,0.2606638967990875,0.3728534281253814,0.125095933675766,0.241386741399765,True,True,True,True
test|Jona_4_20260616_181855|2057178903000,Jona,Jona_4_20260616_181855,2057178903000,continue,continue,0.2587924301624298,0.3772352635860443,0.1229401379823684,0.2410320937633514,True,True,True,True
test|Jona_4_20260616_181855|2057512236000,Jona,Jona_4_20260616_181855,2057512236000,continue,continue,0.2578378617763519,0.3785903453826904,0.1234450712800026,0.2401267439126968,True,True,True,True
test|Jona_4_20260616_181855|2057845569000,Jona,Jona_4_20260616_181855,2057845569000,continue,continue,0.2578579187393188,0.3792958855628967,0.1247960776090622,0.2380500584840774,True,True,True,True
test|Jona_4_20260616_181855|2058178903000,Jona,Jona_4_20260616_181855,2058178903000,continue,continue,0.2577063739299774,0.3838314116001129,0.1252700984477996,0.2331921458244323,True,True,True,True
test|Jona_4_20260616_181855|2058512236000,Jona,Jona_4_20260616_181855,2058512236000,continue,continue,0.2507370412349701,0.3848362267017364,0.1272193044424057,0.2372073680162429,True,True,True,True
test|Jona_4_20260616_181855|2058845569000,Jona,Jona_4_20260616_181855,2058845569000,continue,continue,0.2434942722320556,0.3808691799640655,0.1295538246631622,0.2460827231407165,True,True,True,True
test|Jona_4_20260616_181855|2059178903000,Jona,Jona_4_20260616_181855,2059178903000,continue,continue,0.2438210397958755,0.3706582188606262,0.1316975504159927,0.2538231909275055,True,True,True,True
test|Jona_4_20260616_181855|2059512236000,Jona,Jona_4_20260616_181855,2059512236000,continue,handover,0.239601194858551,0.3649480938911438,0.1329939067363739,0.262456864118576,True,True,True,True
test|Jona_4_20260616_181855|2059845569000,Jona,Jona_4_20260616_181855,2059845569000,continue,handover,0.2353721708059311,0.3640419840812683,0.1354224681854248,0.2651632726192474,True,True,True,True
test|Jona_4_20260616_181855|2060178902000,Jona,Jona_4_20260616_181855,2060178902000,continue,handover,0.2349790334701538,0.3519746661186218,0.1377683132886886,0.2752780616283417,True,True,True,True
test|Jona_4_20260616_181855|2060512236000,Jona,Jona_4_20260616_181855,2060512236000,continue,handover,0.2396478503942489,0.3430176675319671,0.1387286633253097,0.2786058485507965,True,True,True,True
test|Jona_4_20260616_181855|2060845569000,Jona,Jona_4_20260616_181855,2060845569000,continue,continue,0.242980346083641,0.3401356637477875,0.142608106136322,0.2742758393287658,True,True,True,True
test|Jona_4_20260616_181855|2061178902000,Jona,Jona_4_20260616_181855,2061178902000,continue,continue,0.2428298145532608,0.3405870795249939,0.1457779854536056,0.270805150270462,True,True,True,True
test|Jona_4_20260616_181855|2061512236000,Jona,Jona_4_20260616_181855,2061512236000,continue,continue,0.2423088401556015,0.3347945809364319,0.1496398895978927,0.2732567191123962,True,True,True,True
test|Jona_4_20260616_181855|2061845569000,Jona,Jona_4_20260616_181855,2061845569000,continue,continue,0.2452046424150467,0.3290761113166809,0.1495852768421173,0.2761339247226715,True,True,True,True
test|Jona_4_20260616_181855|2062178902000,Jona,Jona_4_20260616_181855,2062178902000,continue,continue,0.2528905272483825,0.3319913148880005,0.1476354151964187,0.267482727766037,True,True,True,True
test|Jona_4_20260616_181855|2062512236000,Jona,Jona_4_20260616_181855,2062512236000,continue,continue,0.2592668831348419,0.3306692540645599,0.1463493406772613,0.2637144923210144,True,True,True,True
test|Jona_4_20260616_181855|2062845569000,Jona,Jona_4_20260616_181855,2062845569000,continue,continue,0.2659666240215301,0.3263097107410431,0.1441757678985595,0.2635478973388672,True,True,True,True
test|Jona_4_20260616_181855|2063178902000,Jona,Jona_4_20260616_181855,2063178902000,continue,continue,0.270778089761734,0.3190087676048279,0.1441625207662582,0.266050636768341,True,True,True,True
test|Jona_4_20260616_181855|2063512236000,Jona,Jona_4_20260616_181855,2063512236000,continue,continue,0.2799237370491028,0.3141591548919678,0.1433088779449463,0.2626082003116607,True,True,True,True
test|Jona_4_20260616_181855|2063845569000,Jona,Jona_4_20260616_181855,2063845569000,continue,continue,0.2894283831119537,0.3039909303188324,0.1444262713193893,0.2621543705463409,True,True,True,True
test|Jona_4_20260616_181855|2064178902000,Jona,Jona_4_20260616_181855,2064178902000,continue,continue,0.2929291725158691,0.293007493019104,0.1463087350130081,0.2677545547485351,True,True,True,True
test|Jona_4_20260616_181855|2064512235000,Jona,Jona_4_20260616_181855,2064512235000,continue,continue,0.2910772264003753,0.3014392852783203,0.1427835524082183,0.2646999359130859,True,True,True,True
test|Jona_4_20260616_181855|2064845569000,Jona,Jona_4_20260616_181855,2064845569000,continue,continue,0.2852744162082672,0.3173132240772247,0.1394171714782714,0.2579951882362366,True,True,True,True
test|Jona_4_20260616_181855|2065178902000,Jona,Jona_4_20260616_181855,2065178902000,continue,continue,0.2799520194530487,0.331069678068161,0.1367109268903732,0.2522673904895782,True,True,True,True
test|Jona_4_20260616_181855|2065512235000,Jona,Jona_4_20260616_181855,2065512235000,continue,continue,0.2757488191127777,0.3413919508457184,0.1339571475982666,0.2489020675420761,True,True,True,True
test|Jona_4_20260616_181855|2065845569000,Jona,Jona_4_20260616_181855,2065845569000,continue,continue,0.2709334194660187,0.349727600812912,0.1352711766958236,0.244067832827568,True,True,True,True
test|Jona_4_20260616_181855|2066178902000,Jona,Jona_4_20260616_181855,2066178902000,continue,continue,0.2676593363285064,0.3539727628231048,0.1394648998975753,0.2389029413461685,True,True,True,True
test|Jona_4_20260616_181855|2066512235000,Jona,Jona_4_20260616_181855,2066512235000,continue,continue,0.2646884620189667,0.355944812297821,0.1450554281473159,0.2343113273382187,True,True,True,True
test|Jona_4_20260616_181855|2066845568000,Jona,Jona_4_20260616_181855,2066845568000,continue,continue,0.2604739069938659,0.3532826006412506,0.1477471590042114,0.2384963780641555,True,True,True,True
test|Jona_4_20260616_181855|2067178902000,Jona,Jona_4_20260616_181855,2067178902000,continue,continue,0.2561836242675781,0.3430174589157104,0.1561586111783981,0.2446403056383133,True,True,True,True
test|Jona_4_20260616_181855|2067512235000,Jona,Jona_4_20260616_181855,2067512235000,continue,continue,0.2583876252174377,0.3293632566928863,0.1625233888626098,0.2497256845235824,True,True,True,True
test|Jona_4_20260616_181855|2067845568000,Jona,Jona_4_20260616_181855,2067845568000,continue,continue,0.2677649557590484,0.3140100538730621,0.1649938374757766,0.2532311677932739,True,True,True,True
test|Jona_4_20260616_181855|2068178902000,Jona,Jona_4_20260616_181855,2068178902000,continue,continue,0.279109925031662,0.3001683950424194,0.1645205169916153,0.2562011778354645,True,True,True,True
test|Jona_4_20260616_181855|2068512235000,Jona,Jona_4_20260616_181855,2068512235000,continue,continue,0.2843010723590851,0.2888713479042053,0.1699498444795608,0.2568777203559875,True,True,True,True
test|Jona_4_20260616_181855|2068845568000,Jona,Jona_4_20260616_181855,2068845568000,continue,fetch,0.2847691178321838,0.2798303365707397,0.1707328557968139,0.2646677494049072,True,True,True,True
test|Jona_4_20260616_181855|2069178902000,Jona,Jona_4_20260616_181855,2069178902000,continue,fetch,0.2877005338668823,0.2736066281795501,0.1700234115123748,0.2686694264411926,True,True,True,True
test|Jona_4_20260616_181855|2069512235000,Jona,Jona_4_20260616_181855,2069512235000,continue,fetch,0.2910158336162567,0.2643360793590545,0.1701981276273727,0.2744500041007995,True,True,True,True
test|Jona_4_20260616_181855|2069845568000,Jona,Jona_4_20260616_181855,2069845568000,continue,fetch,0.2944777607917785,0.2539534568786621,0.1724993735551834,0.2790694236755371,True,True,True,True
test|Jona_4_20260616_181855|2070178901000,Jona,Jona_4_20260616_181855,2070178901000,continue,continue,0.3060731589794159,0.2426273077726364,0.1697176694869995,0.2815818190574646,True,True,True,True
test|Jona_4_20260616_181855|2070512235000,Jona,Jona_4_20260616_181855,2070512235000,continue,continue,0.3114698529243469,0.2366836965084076,0.1610778421163559,0.2907686233520508,True,True,True,True
test|Jona_4_20260616_181855|2070845568000,Jona,Jona_4_20260616_181855,2070845568000,continue,continue,0.3094734251499176,0.2396523654460907,0.1615435183048248,0.2893306314945221,True,True,True,True
test|Jona_4_20260616_181855|2071178901000,Jona,Jona_4_20260616_181855,2071178901000,continue,fetch,0.291874885559082,0.2525645196437835,0.1577704548835754,0.2977901399135589,True,True,True,True
test|Jona_4_20260616_181855|2071512235000,Jona,Jona_4_20260616_181855,2071512235000,continue,handover,0.2712934613227844,0.2758890688419342,0.1528836190700531,0.2999337911605835,True,True,True,True
test|Jona_4_20260616_181855|2071845568000,Jona,Jona_4_20260616_181855,2071845568000,continue,handover,0.2511709928512573,0.2954078614711761,0.1443515419960022,0.3090696036815643,True,True,True,True
test|Jona_4_20260616_181855|2072178901000,Jona,Jona_4_20260616_181855,2072178901000,continue,handover,0.2512074708938598,0.3016135990619659,0.1414930969476699,0.305685818195343,True,True,True,True
test|Jona_4_20260616_181855|2072512235000,Jona,Jona_4_20260616_181855,2072512235000,continue,handover,0.2490778714418411,0.3086203634738922,0.1422881036996841,0.3000136017799377,True,True,True,True
test|Jona_4_20260616_181855|2072845568000,Jona,Jona_4_20260616_181855,2072845568000,continue,handover,0.2448513954877853,0.3183305561542511,0.1439805924892425,0.2928374707698822,True,True,True,True
test|Jona_4_20260616_181855|2073178901000,Jona,Jona_4_20260616_181855,2073178901000,continue,fetch,0.2427000999450683,0.3230786025524139,0.1463271975517273,0.2878941297531128,True,True,True,True
test|Jona_4_20260616_181855|2073512234000,Jona,Jona_4_20260616_181855,2073512234000,continue,fetch,0.2431973367929458,0.3182602822780609,0.1519263982772827,0.2866159975528717,True,True,True,True
test|Jona_4_20260616_181855|2073845568000,Jona,Jona_4_20260616_181855,2073845568000,continue,fetch,0.2431472539901733,0.3175598978996277,0.1564551293849945,0.2828377783298492,True,True,True,True
test|Jona_4_20260616_181855|2074178901000,Jona,Jona_4_20260616_181855,2074178901000,continue,fetch,0.24297496676445,0.3191147148609161,0.1578575819730758,0.2800526916980743,True,True,True,True
test|Jona_4_20260616_181855|2074512234000,Jona,Jona_4_20260616_181855,2074512234000,continue,fetch,0.2446224093437194,0.3189781904220581,0.1602751016616821,0.2761242687702179,True,True,True,True
test|Jona_4_20260616_181855|2074845568000,Jona,Jona_4_20260616_181855,2074845568000,continue,fetch,0.2464527636766433,0.3174475431442261,0.162912979722023,0.2731866836547851,True,True,True,True
test|Jona_4_20260616_181855|2075178901000,Jona,Jona_4_20260616_181855,2075178901000,fetch,fetch,0.2475676834583282,0.3149701654911041,0.1663465499877929,0.2711156010627746,True,True,True,True
test|Jona_4_20260616_181855|2075512234000,Jona,Jona_4_20260616_181855,2075512234000,fetch,fetch,0.2499882131814956,0.3101260066032409,0.1663495004177093,0.2735362648963928,True,True,True,True
test|Jona_4_20260616_181855|2075845568000,Jona,Jona_4_20260616_181855,2075845568000,fetch,fetch,0.2498541623353958,0.3071237206459045,0.168028175830841,0.2749939560890198,True,True,True,True
test|Jona_4_20260616_181855|2076178901000,Jona,Jona_4_20260616_181855,2076178901000,fetch,handover,0.2495428621768951,0.3111740350723266,0.1690067052841186,0.2702763974666595,True,True,True,True
test|Jona_4_20260616_181855|2076512234000,Jona,Jona_4_20260616_181855,2076512234000,fetch,fetch,0.247463047504425,0.3147750794887543,0.1686497330665588,0.2691121101379394,True,True,True,True
test|Jona_4_20260616_181855|2076845567000,Jona,Jona_4_20260616_181855,2076845567000,fetch,fetch,0.2473836094141006,0.3088307082653045,0.1706837117671966,0.2731019854545593,True,True,True,True
test|Jona_4_20260616_181855|2077178901000,Jona,Jona_4_20260616_181855,2077178901000,fetch,fetch,0.2482184171676635,0.3001331984996795,0.1737834513187408,0.277864933013916,True,True,True,True
test|Jona_4_20260616_181855|2077512234000,Jona,Jona_4_20260616_181855,2077512234000,fetch,fetch,0.2516118586063385,0.2928098142147064,0.1773193776607513,0.2782588899135589,True,True,True,True
test|Jona_4_20260616_181855|2077845567000,Jona,Jona_4_20260616_181855,2077845567000,fetch,fetch,0.3121668398380279,0.3453164994716644,0.0,0.3425166606903076,True,True,False,True
test|Jona_4_20260616_181855|2078178901000,Jona,Jona_4_20260616_181855,2078178901000,fetch,fetch,0.3181965947151184,0.3299359083175659,0.0,0.3518674671649933,True,True,False,True
test|Jona_4_20260616_181855|2078512234000,Jona,Jona_4_20260616_181855,2078512234000,fetch,fetch,0.3190353810787201,0.3207215666770935,0.0,0.3602430522441864,True,True,False,True
test|Jona_4_20260616_181855|2078845567000,Jona,Jona_4_20260616_181855,2078845567000,fetch,fetch,0.3158687353134155,0.3201354444026947,0.0,0.3639958798885345,True,True,False,True
test|Jona_4_20260616_181855|2079178901000,Jona,Jona_4_20260616_181855,2079178901000,fetch,fetch,0.314371645450592,0.3209069073200226,0.0,0.3647214472293854,True,True,False,True
test|Jona_4_20260616_181855|2079512234000,Jona,Jona_4_20260616_181855,2079512234000,fetch,fetch,0.3145259022712707,0.3197134733200073,0.0,0.3657606542110443,True,True,False,True
test|Jona_4_20260616_181855|2079845567000,Jona,Jona_4_20260616_181855,2079845567000,fetch,fetch,0.3146883547306061,0.3181763589382171,0.0,0.3671352863311767,True,True,False,True
test|Jona_4_20260616_181855|2080178900000,Jona,Jona_4_20260616_181855,2080178900000,fetch,fetch,0.3129611015319824,0.3173724710941314,0.0,0.3696663975715637,True,True,False,True
test|Jona_4_20260616_181855|2080512234000,Jona,Jona_4_20260616_181855,2080512234000,fetch,fetch,0.317176342010498,0.3161106407642364,0.0,0.3667129874229431,True,True,False,True
test|Jona_4_20260616_181855|2084845567000,Jona,Jona_4_20260616_181855,2084845567000,handover,handover,0.2745929062366485,0.4101481735706329,0.0,0.3152589797973633,True,True,False,True
test|Jona_4_20260616_181855|2085178900000,Jona,Jona_4_20260616_181855,2085178900000,handover,handover,0.2561964094638824,0.4418703317642212,0.0,0.3019333183765411,True,True,False,True
test|Jona_4_20260616_181855|2085512233000,Jona,Jona_4_20260616_181855,2085512233000,handover,handover,0.2329263091087341,0.4764106273651123,0.0,0.2906630039215088,True,True,False,True
test|Jona_4_20260616_181855|2085845567000,Jona,Jona_4_20260616_181855,2085845567000,handover,handover,0.2103137224912643,0.5064154267311096,0.0,0.2832708656787872,True,True,False,True
test|Jona_4_20260616_181855|2086178900000,Jona,Jona_4_20260616_181855,2086178900000,handover,handover,0.2000732719898224,0.5223786234855652,0.0,0.2775481343269348,True,True,False,True
test|Jona_4_20260616_181855|2086512233000,Jona,Jona_4_20260616_181855,2086512233000,handover,handover,0.1925963759422302,0.5249212384223938,0.0,0.282482385635376,True,True,False,True
test|Jona_4_20260616_181855|2086845566000,Jona,Jona_4_20260616_181855,2086845566000,handover,handover,0.1949387490749359,0.5140635967254639,0.0,0.290997713804245,True,True,False,True
test|Jona_4_20260616_181855|2087178900000,Jona,Jona_4_20260616_181855,2087178900000,handover,handover,0.200312003493309,0.4993062615394592,0.0,0.3003816902637481,True,True,False,True
test|Jona_4_20260616_181855|2087512233000,Jona,Jona_4_20260616_181855,2087512233000,handover,handover,0.2072061747312545,0.4849596619606018,0.0,0.3078341484069824,True,True,False,True
test|Jona_4_20260616_181855|2087845566000,Jona,Jona_4_20260616_181855,2087845566000,handover,handover,0.2141686975955963,0.4770474731922149,0.0,0.3087838292121887,True,True,False,True
test|Jona_4_20260616_181855|2088178900000,Jona,Jona_4_20260616_181855,2088178900000,handover,handover,0.2211819291114807,0.472719132900238,0.0,0.3060989677906036,True,True,False,True
test|Jona_4_20260616_181855|2088512233000,Jona,Jona_4_20260616_181855,2088512233000,handover,handover,0.2250932902097702,0.4712816178798675,0.0,0.3036251366138458,True,True,False,True
test|Jona_5_20260616_182002|2119378903000,Jona,Jona_5_20260616_182002,2119378903000,continue,continue,0.302443265914917,0.3761885166168213,0.0,0.3213682770729065,True,True,False,True
test|Jona_5_20260616_182002|2119712236000,Jona,Jona_5_20260616_182002,2119712236000,continue,continue,0.3003710806369781,0.3793108463287353,0.0,0.3203180432319641,True,True,False,True
test|Jona_5_20260616_182002|2120045569000,Jona,Jona_5_20260616_182002,2120045569000,continue,continue,0.3047718405723572,0.3808447122573852,0.0,0.3143834769725799,True,True,False,True
test|Jona_5_20260616_182002|2120378903000,Jona,Jona_5_20260616_182002,2120378903000,continue,continue,0.309216558933258,0.3864978551864624,0.0,0.3042856454849243,True,True,False,True
test|Jona_5_20260616_182002|2120712236000,Jona,Jona_5_20260616_182002,2120712236000,continue,continue,0.312644362449646,0.3935977816581726,0.0,0.293757826089859,True,True,False,True
test|Jona_5_20260616_182002|2121045569000,Jona,Jona_5_20260616_182002,2121045569000,continue,continue,0.3127794563770294,0.3973694145679474,0.0,0.2898510992527008,True,True,False,True
test|Jona_5_20260616_182002|2121378902000,Jona,Jona_5_20260616_182002,2121378902000,continue,continue,0.3128107488155365,0.4047912359237671,0.0,0.2823980152606964,True,True,False,True
test|Jona_5_20260616_182002|2121712236000,Jona,Jona_5_20260616_182002,2121712236000,continue,continue,0.310863733291626,0.409255176782608,0.0,0.2798810303211212,True,True,False,True
test|Jona_5_20260616_182002|2122045569000,Jona,Jona_5_20260616_182002,2122045569000,continue,continue,0.2741595506668091,0.366852194070816,0.1103820577263832,0.248606190085411,True,True,True,True
test|Jona_5_20260616_182002|2122378902000,Jona,Jona_5_20260616_182002,2122378902000,continue,continue,0.2729870975017547,0.3679467737674713,0.1108679845929145,0.2481980770826339,True,True,True,True
test|Jona_5_20260616_182002|2122712236000,Jona,Jona_5_20260616_182002,2122712236000,continue,continue,0.2748350799083709,0.3661928474903106,0.1104720383882522,0.2484999746084213,True,True,True,True
test|Jona_5_20260616_182002|2123045569000,Jona,Jona_5_20260616_182002,2123045569000,continue,continue,0.2759741246700287,0.3644588589668274,0.1104266420006752,0.2491403818130493,True,True,True,True
test|Jona_5_20260616_182002|2123378902000,Jona,Jona_5_20260616_182002,2123378902000,continue,continue,0.2784064710140228,0.3618172407150268,0.1098368763923645,0.2499394416809082,True,True,True,True
test|Jona_5_20260616_182002|2123712236000,Jona,Jona_5_20260616_182002,2123712236000,continue,continue,0.2814132869243622,0.3564494550228119,0.1104402467608451,0.2516970634460449,True,True,True,True
test|Jona_5_20260616_182002|2124045569000,Jona,Jona_5_20260616_182002,2124045569000,continue,continue,0.285505473613739,0.3472657203674316,0.1119784861803054,0.2552503645420074,True,True,True,True
test|Jona_5_20260616_182002|2124378902000,Jona,Jona_5_20260616_182002,2124378902000,continue,continue,0.2901104688644409,0.3357242047786712,0.1154793947935104,0.2586859166622162,True,True,True,True
test|Jona_5_20260616_182002|2124712235000,Jona,Jona_5_20260616_182002,2124712235000,continue,continue,0.2946750223636627,0.3234427869319916,0.1172394752502441,0.2646426558494568,True,True,True,True
test|Jona_5_20260616_182002|2125045569000,Jona,Jona_5_20260616_182002,2125045569000,continue,continue,0.3007118105888366,0.3115376830101013,0.1179786548018455,0.2697718441486358,True,True,True,True
test|Jona_5_20260616_182002|2125378902000,Jona,Jona_5_20260616_182002,2125378902000,continue,continue,0.305353432893753,0.3011693656444549,0.1199369430541992,0.2735402584075928,True,True,True,True
test|Jona_5_20260616_182002|2125712235000,Jona,Jona_5_20260616_182002,2125712235000,continue,continue,0.3098215460777282,0.2949528396129608,0.1205678135156631,0.2746578454971313,True,True,True,True
test|Jona_5_20260616_182002|2126045569000,Jona,Jona_5_20260616_182002,2126045569000,continue,continue,0.3115232586860657,0.293614774942398,0.1197242438793182,0.275137722492218,True,True,True,True
test|Jona_5_20260616_182002|2126378902000,Jona,Jona_5_20260616_182002,2126378902000,continue,continue,0.3116902709007263,0.2953110039234161,0.1177310869097709,0.2752676606178283,True,True,True,True
test|Jona_5_20260616_182002|2126712235000,Jona,Jona_5_20260616_182002,2126712235000,continue,continue,0.3098679780960083,0.2982724606990814,0.1179898306727409,0.2738696932792663,True,True,True,True
test|Jona_5_20260616_182002|2127045569000,Jona,Jona_5_20260616_182002,2127045569000,continue,continue,0.3064528405666351,0.3029961884021759,0.1188537999987602,0.2716971933841705,True,True,True,True
test|Jona_5_20260616_182002|2127378902000,Jona,Jona_5_20260616_182002,2127378902000,continue,continue,0.3034378886222839,0.3101067543029785,0.1180648654699325,0.2683905065059662,True,True,True,True
test|Jona_5_20260616_182002|2127712235000,Jona,Jona_5_20260616_182002,2127712235000,continue,continue,0.2992963790893554,0.3175507187843323,0.117259033024311,0.2658939063549042,True,True,True,True
test|Jona_5_20260616_182002|2128045568000,Jona,Jona_5_20260616_182002,2128045568000,continue,continue,0.2949681282043457,0.3253572583198547,0.1178778931498527,0.2617967128753662,True,True,True,True
test|Jona_5_20260616_182002|2128378902000,Jona,Jona_5_20260616_182002,2128378902000,continue,continue,0.2895077466964721,0.3349059224128723,0.1176926419138908,0.2578936815261841,True,True,True,True
test|Jona_5_20260616_182002|2128712235000,Jona,Jona_5_20260616_182002,2128712235000,continue,continue,0.2832507491111755,0.3466562032699585,0.1191383376717567,0.2509546875953674,True,True,True,True
test|Jona_5_20260616_182002|2129045568000,Jona,Jona_5_20260616_182002,2129045568000,continue,continue,0.2790837585926056,0.3556328117847442,0.1185638755559921,0.2467195093631744,True,True,True,True
test|Jona_5_20260616_182002|2129378902000,Jona,Jona_5_20260616_182002,2129378902000,continue,continue,0.276536613702774,0.3581794798374176,0.1195634379982948,0.2457204610109329,True,True,True,True
test|Jona_5_20260616_182002|2129712235000,Jona,Jona_5_20260616_182002,2129712235000,continue,continue,0.2716902792453766,0.359133780002594,0.1233077570796012,0.2458681911230087,True,True,True,True
test|Jona_5_20260616_182002|2130045568000,Jona,Jona_5_20260616_182002,2130045568000,continue,continue,0.2676648497581482,0.3593628108501434,0.1257626712322235,0.2472096979618072,True,True,True,True
test|Jona_5_20260616_182002|2130378901000,Jona,Jona_5_20260616_182002,2130378901000,continue,continue,0.260225236415863,0.3582682609558105,0.1268831044435501,0.2546234428882599,True,True,True,True
test|Jona_5_20260616_182002|2130712235000,Jona,Jona_5_20260616_182002,2130712235000,continue,continue,0.2521092593669891,0.3593638241291046,0.1277749836444854,0.2607519328594208,True,True,True,True
test|Jona_5_20260616_182002|2131045568000,Jona,Jona_5_20260616_182002,2131045568000,continue,continue,0.2434282600879669,0.3567435443401336,0.130418375134468,0.2694098353385925,True,True,True,True
test|Jona_5_20260616_182002|2131378901000,Jona,Jona_5_20260616_182002,2131378901000,continue,continue,0.242483451962471,0.3534015715122223,0.1328139156103134,0.2713010609149933,True,True,True,True
test|Jona_5_20260616_182002|2131712235000,Jona,Jona_5_20260616_182002,2131712235000,continue,continue,0.240408793091774,0.3475744426250458,0.1330113410949707,0.2790054380893707,True,True,True,True
test|Jona_5_20260616_182002|2132045568000,Jona,Jona_5_20260616_182002,2132045568000,continue,continue,0.2362348884344101,0.3470048010349273,0.1328756511211395,0.2838846147060394,True,True,True,True
test|Jona_5_20260616_182002|2132378901000,Jona,Jona_5_20260616_182002,2132378901000,continue,continue,0.2389420568943023,0.3502562046051025,0.1322691887617111,0.2785325050354004,True,True,True,True
test|Jona_5_20260616_182002|2132712235000,Jona,Jona_5_20260616_182002,2132712235000,continue,continue,0.2485446333885193,0.3457534909248352,0.1294296085834503,0.2762723267078399,True,True,True,True
test|Jona_5_20260616_182002|2133045568000,Jona,Jona_5_20260616_182002,2133045568000,continue,continue,0.25770103931427,0.3452398777008056,0.1278780102729797,0.2691810429096222,True,True,True,True
test|Jona_5_20260616_182002|2133378901000,Jona,Jona_5_20260616_182002,2133378901000,continue,continue,0.2628351747989654,0.3421089053153991,0.1264991909265518,0.2685567438602447,True,True,True,True
test|Jona_5_20260616_182002|2133712235000,Jona,Jona_5_20260616_182002,2133712235000,continue,continue,0.2754859626293182,0.332063764333725,0.1262638568878173,0.2661864459514618,True,True,True,True
test|Jona_5_20260616_182002|2134045568000,Jona,Jona_5_20260616_182002,2134045568000,continue,continue,0.2869484722614288,0.3209315538406372,0.1273247897624969,0.2647951245307922,True,True,True,True
test|Jona_5_20260616_182002|2134378901000,Jona,Jona_5_20260616_182002,2134378901000,continue,continue,0.2872819006443023,0.3263195157051086,0.1268296986818313,0.2595688700675964,True,True,True,True
test|Jona_5_20260616_182002|2134712234000,Jona,Jona_5_20260616_182002,2134712234000,continue,continue,0.2780201733112335,0.3368781507015228,0.1280100643634796,0.257091611623764,True,True,True,True
test|Jona_5_20260616_182002|2135045568000,Jona,Jona_5_20260616_182002,2135045568000,continue,continue,0.2674038112163543,0.3420468866825104,0.1303151994943618,0.2602340877056122,True,True,True,True
test|Jona_5_20260616_182002|2135378901000,Jona,Jona_5_20260616_182002,2135378901000,continue,continue,0.2587433457374573,0.3453593850135803,0.1344262659549713,0.2614709436893463,True,True,True,True
test|Jona_5_20260616_182002|2135712234000,Jona,Jona_5_20260616_182002,2135712234000,continue,continue,0.2416929900646209,0.3519923686981201,0.1378920078277588,0.2684226632118225,True,True,True,True
test|Jona_5_20260616_182002|2136045568000,Jona,Jona_5_20260616_182002,2136045568000,continue,continue,0.2274264097213745,0.3542314171791076,0.1418694108724594,0.2764727473258972,True,True,True,True
test|Jona_5_20260616_182002|2136378901000,Jona,Jona_5_20260616_182002,2136378901000,continue,continue,0.2218232750892639,0.3516666889190674,0.1475163698196411,0.2789936065673828,True,True,True,True
test|Jona_5_20260616_182002|2136712234000,Jona,Jona_5_20260616_182002,2136712234000,continue,continue,0.2279513478279113,0.3470492660999298,0.1560897678136825,0.2689096629619598,True,True,True,True
test|Jona_5_20260616_182002|2137045567000,Jona,Jona_5_20260616_182002,2137045567000,continue,continue,0.232735127210617,0.3403807878494262,0.1653602868318557,0.2615237832069397,True,True,True,True
test|Jona_5_20260616_182002|2137378901000,Jona,Jona_5_20260616_182002,2137378901000,continue,continue,0.2368199527263641,0.3297396302223205,0.1705037206411361,0.2629366517066955,True,True,True,True
test|Jona_5_20260616_182002|2137712234000,Jona,Jona_5_20260616_182002,2137712234000,continue,continue,0.2470499873161316,0.3199523389339447,0.1748820841312408,0.2581156194210052,True,True,True,True
test|Jona_5_20260616_182002|2138045567000,Jona,Jona_5_20260616_182002,2138045567000,continue,continue,0.2517472207546234,0.3121700286865234,0.1816007047891616,0.2544820308685303,True,True,True,True
test|Jona_5_20260616_182002|2138378901000,Jona,Jona_5_20260616_182002,2138378901000,continue,continue,0.2528105080127716,0.3039979040622711,0.184428870677948,0.2587627470493316,True,True,True,True
test|Jona_5_20260616_182002|2138712234000,Jona,Jona_5_20260616_182002,2138712234000,continue,continue,0.2510380446910858,0.2970640957355499,0.1834231913089752,0.2684746086597442,True,True,True,True
test|Jona_5_20260616_182002|2139045567000,Jona,Jona_5_20260616_182002,2139045567000,continue,continue,0.2473222315311432,0.2965433597564697,0.1812355071306228,0.274898886680603,True,True,True,True
test|Jona_5_20260616_182002|2139378901000,Jona,Jona_5_20260616_182002,2139378901000,continue,continue,0.2421063780784607,0.3002899587154388,0.1813377141952514,0.2762660086154938,True,True,True,True
test|Jona_5_20260616_182002|2139712234000,Jona,Jona_5_20260616_182002,2139712234000,continue,continue,0.2386513650417328,0.3024567067623138,0.1798281520605087,0.2790638208389282,True,True,True,True
test|Jona_5_20260616_182002|2140045567000,Jona,Jona_5_20260616_182002,2140045567000,continue,continue,0.2527775466442108,0.3006896674633026,0.1700302064418792,0.2765025794506073,True,True,True,True
test|Jona_5_20260616_182002|2140378901000,Jona,Jona_5_20260616_182002,2140378901000,continue,continue,0.2630736231803894,0.3014191687107086,0.1568891406059265,0.2786180377006531,True,True,True,True
test|Jona_5_20260616_182002|2140712234000,Jona,Jona_5_20260616_182002,2140712234000,continue,continue,0.2633512318134308,0.3065349757671356,0.1454125195741653,0.2847012877464294,True,True,True,True
test|Jona_5_20260616_182002|2141045567000,Jona,Jona_5_20260616_182002,2141045567000,continue,continue,0.2627008557319641,0.309253454208374,0.1374744474887848,0.2905712425708771,True,True,True,True
test|Jona_5_20260616_182002|2141378900000,Jona,Jona_5_20260616_182002,2141378900000,continue,fetch,0.2634195685386657,0.3130444586277008,0.1308964490890503,0.2926395237445831,True,True,True,True
test|Jona_5_20260616_182002|2141712234000,Jona,Jona_5_20260616_182002,2141712234000,continue,fetch,0.2597886025905609,0.3192825615406036,0.1274461448192596,0.2934827208518982,True,True,True,True
test|Jona_5_20260616_182002|2142045567000,Jona,Jona_5_20260616_182002,2142045567000,continue,fetch,0.2529617547988891,0.3276346921920776,0.127481997013092,0.2919215559959411,True,True,True,True
test|Jona_5_20260616_182002|2142378900000,Jona,Jona_5_20260616_182002,2142378900000,continue,fetch,0.2480255961418151,0.3353821337223053,0.1293118745088577,0.2872804403305053,True,True,True,True
test|Jona_5_20260616_182002|2142712234000,Jona,Jona_5_20260616_182002,2142712234000,continue,fetch,0.2474285066127777,0.3370667695999145,0.1298120617866516,0.2856926620006561,True,True,True,True
test|Jona_5_20260616_182002|2143045567000,Jona,Jona_5_20260616_182002,2143045567000,continue,fetch,0.2460052669048309,0.3391960263252258,0.1300065666437149,0.2847920954227447,True,True,True,True
test|Jona_5_20260616_182002|2143378900000,Jona,Jona_5_20260616_182002,2143378900000,continue,fetch,0.2447705268859863,0.3386447429656982,0.1296050548553466,0.2869797050952911,True,True,True,True
test|Jona_5_20260616_182002|2143712233000,Jona,Jona_5_20260616_182002,2143712233000,continue,fetch,0.2427221536636352,0.3398501276969909,0.1290397197008133,0.2883879542350769,True,True,True,True
test|Jona_5_20260616_182002|2144045567000,Jona,Jona_5_20260616_182002,2144045567000,continue,fetch,0.2420297265052795,0.3407736420631408,0.1274458467960357,0.2897507846355438,True,True,True,True
test|Jona_5_20260616_182002|2144378900000,Jona,Jona_5_20260616_182002,2144378900000,fetch,fetch,0.2446606755256652,0.3426079154014587,0.1269406676292419,0.2857907712459564,True,True,True,True
test|Jona_5_20260616_182002|2144712233000,Jona,Jona_5_20260616_182002,2144712233000,fetch,fetch,0.2466742545366287,0.3430969417095184,0.1272043883800506,0.283024400472641,True,True,True,True
test|Jona_5_20260616_182002|2145045567000,Jona,Jona_5_20260616_182002,2145045567000,fetch,fetch,0.2479423731565475,0.3458626568317413,0.1253640353679657,0.2808310091495514,True,True,True,True
test|Jona_5_20260616_182002|2145378900000,Jona,Jona_5_20260616_182002,2145378900000,fetch,fetch,0.2512843906879425,0.346792608499527,0.1235432624816894,0.2783797979354858,True,True,True,True
test|Jona_5_20260616_182002|2145712233000,Jona,Jona_5_20260616_182002,2145712233000,fetch,fetch,0.2563357055187225,0.3407569229602813,0.1230517104268074,0.2798556387424469,True,True,True,True
test|Jona_5_20260616_182002|2146045567000,Jona,Jona_5_20260616_182002,2146045567000,fetch,fetch,0.2593409717082977,0.330394297838211,0.1273432970046997,0.2829214632511139,True,True,True,True
test|Jona_5_20260616_182002|2146378900000,Jona,Jona_5_20260616_182002,2146378900000,fetch,fetch,0.2615354657173157,0.3151125609874725,0.1342720985412597,0.2890799045562744,True,True,True,True
test|Jona_5_20260616_182002|2146712233000,Jona,Jona_5_20260616_182002,2146712233000,fetch,fetch,0.2625667154788971,0.301125556230545,0.1420975625514984,0.294210135936737,True,True,True,True
test|Jona_5_20260616_182002|2147045566000,Jona,Jona_5_20260616_182002,2147045566000,fetch,fetch,0.2654790878295898,0.2864875495433807,0.1520804017782211,0.2959530055522918,True,True,True,True
test|Jona_5_20260616_182002|2147378900000,Jona,Jona_5_20260616_182002,2147378900000,fetch,fetch,0.2666634321212768,0.274442195892334,0.1611833274364471,0.2977110147476196,True,True,True,True
test|Jona_5_20260616_182002|2147712233000,Jona,Jona_5_20260616_182002,2147712233000,fetch,fetch,0.2658644020557403,0.2696382701396942,0.1666975021362304,0.2977997958660126,True,True,True,True
test|Jona_5_20260616_182002|2148045566000,Jona,Jona_5_20260616_182002,2148045566000,fetch,fetch,0.2656660377979278,0.2679804563522339,0.1681007742881775,0.2982527613639831,True,True,True,True
test|Jona_5_20260616_182002|2148378900000,Jona,Jona_5_20260616_182002,2148378900000,fetch,fetch,0.2651022374629974,0.2681843638420105,0.167687714099884,0.299025684595108,True,True,True,True
test|Jona_5_20260616_182002|2148712233000,Jona,Jona_5_20260616_182002,2148712233000,fetch,fetch,0.2652145326137543,0.2688685059547424,0.1671531647443771,0.2987637817859649,True,True,True,True
test|Jona_5_20260616_182002|2149045566000,Jona,Jona_5_20260616_182002,2149045566000,fetch,fetch,0.2651847004890442,0.2701919376850128,0.1654192805290222,0.2992040514945984,True,True,True,True
test|Jona_5_20260616_182002|2149378900000,Jona,Jona_5_20260616_182002,2149378900000,fetch,fetch,0.2654972672462463,0.2716900706291199,0.163336232304573,0.2994764447212219,True,True,True,True
test|Jona_5_20260616_182002|2149712233000,Jona,Jona_5_20260616_182002,2149712233000,fetch,fetch,0.2640926539897918,0.2725924253463745,0.1632539629936218,0.3000609874725342,True,True,True,True
test|Jona_5_20260616_182002|2150045566000,Jona,Jona_5_20260616_182002,2150045566000,fetch,fetch,0.2643713653087616,0.272448718547821,0.1632426977157592,0.2999371588230133,True,True,True,True
test|Jona_5_20260616_182002|2150378899000,Jona,Jona_5_20260616_182002,2150378899000,fetch,fetch,0.2641197443008423,0.2725002467632293,0.1632938385009765,0.3000861704349518,True,True,True,True
test|Jona_5_20260616_182002|2150712233000,Jona,Jona_5_20260616_182002,2150712233000,fetch,fetch,0.2637051343917846,0.2724492251873016,0.163450002670288,0.3003956377506256,True,True,True,True
test|Jona_5_20260616_182002|2151045566000,Jona,Jona_5_20260616_182002,2151045566000,fetch,fetch,0.2627030611038208,0.2722855508327484,0.1647635996341705,0.3002477288246155,True,True,True,True
test|Jona_5_20260616_182002|2154378899000,Jona,Jona_5_20260616_182002,2154378899000,handover,handover,0.2205707281827926,0.3891658186912536,0.1173717677593231,0.2728917002677917,True,True,True,True
test|Jona_5_20260616_182002|2154712232000,Jona,Jona_5_20260616_182002,2154712232000,handover,handover,0.2101711928844452,0.4219153225421905,0.1132105514407157,0.2547029852867126,True,True,True,True
test|Jona_5_20260616_182002|2155045566000,Jona,Jona_5_20260616_182002,2155045566000,handover,handover,0.2050603181123733,0.4390095770359039,0.1107472777366638,0.2451828122138977,True,True,True,True
test|Jona_5_20260616_182002|2155378899000,Jona,Jona_5_20260616_182002,2155378899000,handover,handover,0.2003121972084045,0.4567238092422485,0.1074485257267952,0.2355155050754547,True,True,True,True
test|Jona_5_20260616_182002|2155712232000,Jona,Jona_5_20260616_182002,2155712232000,handover,handover,0.1920338869094848,0.4704216122627258,0.1056111678481102,0.2319333255290985,True,True,True,True
test|Jona_5_20260616_182002|2156045566000,Jona,Jona_5_20260616_182002,2156045566000,handover,handover,0.1933000534772873,0.4642497301101684,0.1072781011462211,0.2351720631122589,True,True,True,True
test|Jona_5_20260616_182002|2156378899000,Jona,Jona_5_20260616_182002,2156378899000,handover,handover,0.1970607042312622,0.4497433602809906,0.1114558726549148,0.2417401075363159,True,True,True,True
test|Jona_5_20260616_182002|2156712232000,Jona,Jona_5_20260616_182002,2156712232000,handover,handover,0.1993998438119888,0.4329107999801636,0.1153924316167831,0.2522969245910644,True,True,True,True
test|Jona_5_20260616_182002|2157045565000,Jona,Jona_5_20260616_182002,2157045565000,handover,handover,0.2016143053770065,0.4166745245456695,0.1183578968048095,0.2633532285690307,True,True,True,True
test|Jona_5_20260616_182002|2157378899000,Jona,Jona_5_20260616_182002,2157378899000,handover,handover,0.2025304138660431,0.4082734286785126,0.1202301010489463,0.2689660489559173,True,True,True,True
test|Jona_5_20260616_182002|2157712232000,Jona,Jona_5_20260616_182002,2157712232000,handover,handover,0.2055499404668808,0.4034534692764282,0.1208829581737518,0.2701136767864227,True,True,True,True
test|Jona_6_20260616_182111|2188112235000,Jona,Jona_6_20260616_182111,2188112235000,continue,continue,0.3101194500923157,0.3927037417888641,0.0,0.2971768379211426,True,True,False,True
test|Jona_6_20260616_182111|2188445569000,Jona,Jona_6_20260616_182111,2188445569000,continue,continue,0.3065736293792724,0.3954199850559234,0.0,0.2980063557624817,True,True,False,True
test|Jona_6_20260616_182111|2188778902000,Jona,Jona_6_20260616_182111,2188778902000,continue,continue,0.3089572489261627,0.3931851685047149,0.0,0.2978576421737671,True,True,False,True
test|Jona_6_20260616_182111|2189112235000,Jona,Jona_6_20260616_182111,2189112235000,continue,continue,0.3073073923587799,0.3917568922042846,0.0,0.3009357750415802,True,True,False,True
test|Jona_6_20260616_182111|2189445568000,Jona,Jona_6_20260616_182111,2189445568000,continue,continue,0.3093222975730896,0.3919877409934997,0.0,0.2986899614334106,True,True,False,True
test|Jona_6_20260616_182111|2189778902000,Jona,Jona_6_20260616_182111,2189778902000,continue,continue,0.3126327991485595,0.389245331287384,0.0,0.2981218695640564,True,True,False,True
test|Jona_6_20260616_182111|2190112235000,Jona,Jona_6_20260616_182111,2190112235000,continue,continue,0.3112535774707794,0.3939310610294342,0.0,0.2948153913021087,True,True,False,True
test|Jona_6_20260616_182111|2190445568000,Jona,Jona_6_20260616_182111,2190445568000,continue,continue,0.3123946785926819,0.3909712731838226,0.0,0.2966340184211731,True,True,False,True
test|Jona_6_20260616_182111|2190778902000,Jona,Jona_6_20260616_182111,2190778902000,continue,continue,0.3146988749504089,0.3847862184047699,0.0,0.3005149066448211,True,True,False,True
test|Jona_6_20260616_182111|2191112235000,Jona,Jona_6_20260616_182111,2191112235000,continue,continue,0.315970629453659,0.3817520141601562,0.0,0.3022772967815399,True,True,False,True
test|Jona_6_20260616_182111|2191445568000,Jona,Jona_6_20260616_182111,2191445568000,continue,continue,0.3157587945461273,0.3816953897476196,0.0,0.3025458753108978,True,True,False,True
test|Jona_6_20260616_182111|2191778902000,Jona,Jona_6_20260616_182111,2191778902000,continue,continue,0.3136187195777893,0.3790764808654785,0.0,0.3073048591613769,True,True,False,True
test|Jona_6_20260616_182111|2192112235000,Jona,Jona_6_20260616_182111,2192112235000,continue,continue,0.3269205093383789,0.3585102558135986,0.0,0.3145692348480224,True,True,False,True
test|Jona_6_20260616_182111|2192445568000,Jona,Jona_6_20260616_182111,2192445568000,continue,continue,0.3353531062602997,0.3473826348781585,0.0,0.3172642588615417,True,True,False,True
test|Jona_6_20260616_182111|2192778901000,Jona,Jona_6_20260616_182111,2192778901000,continue,continue,0.3318304717540741,0.3480280339717865,0.0,0.3201414942741394,True,True,False,True
test|Jona_6_20260616_182111|2193112235000,Jona,Jona_6_20260616_182111,2193112235000,continue,continue,0.3357003033161163,0.3470999896526336,0.0,0.3171996474266052,True,True,False,True
test|Jona_6_20260616_182111|2193445568000,Jona,Jona_6_20260616_182111,2193445568000,continue,continue,0.3405250608921051,0.3450942933559418,0.0,0.3143806457519531,True,True,False,True
test|Jona_6_20260616_182111|2193778901000,Jona,Jona_6_20260616_182111,2193778901000,continue,continue,0.3435085713863373,0.3447436094284057,0.0,0.3117478787899017,True,True,False,True
test|Jona_6_20260616_182111|2194112235000,Jona,Jona_6_20260616_182111,2194112235000,continue,continue,0.3412418663501739,0.3505361676216125,0.0,0.3082219660282135,True,True,False,True
test|Jona_6_20260616_182111|2194445568000,Jona,Jona_6_20260616_182111,2194445568000,continue,continue,0.3419227004051208,0.3502198457717895,0.0,0.3078574538230896,True,True,False,True
test|Jona_6_20260616_182111|2194778901000,Jona,Jona_6_20260616_182111,2194778901000,continue,continue,0.348877340555191,0.3430749475955963,0.0,0.3080477118492126,True,True,False,True
test|Jona_6_20260616_182111|2195112235000,Jona,Jona_6_20260616_182111,2195112235000,continue,continue,0.3540045320987701,0.3352771997451782,0.0,0.3107182681560516,True,True,False,True
test|Jona_6_20260616_182111|2195445568000,Jona,Jona_6_20260616_182111,2195445568000,continue,continue,0.3574123084545135,0.3276474475860595,0.0,0.3149401843547821,True,True,False,True
test|Jona_6_20260616_182111|2195778901000,Jona,Jona_6_20260616_182111,2195778901000,continue,continue,0.3590379953384399,0.3259270191192627,0.0,0.3150350451469421,True,True,False,True
test|Jona_6_20260616_182111|2196112234000,Jona,Jona_6_20260616_182111,2196112234000,continue,continue,0.359316349029541,0.3273269832134247,0.0,0.3133566677570343,True,True,False,True
test|Jona_6_20260616_182111|2196445568000,Jona,Jona_6_20260616_182111,2196445568000,continue,continue,0.3522113263607025,0.3397068083286285,0.0,0.3080818951129913,True,True,False,True
test|Jona_6_20260616_182111|2196778901000,Jona,Jona_6_20260616_182111,2196778901000,continue,continue,0.3425267040729522,0.3565658628940582,0.0,0.3009074032306671,True,True,False,True
test|Jona_6_20260616_182111|2197112234000,Jona,Jona_6_20260616_182111,2197112234000,continue,continue,0.3318528234958648,0.369891881942749,0.0,0.2982553243637085,True,True,False,True
test|Jona_6_20260616_182111|2197445568000,Jona,Jona_6_20260616_182111,2197445568000,continue,continue,0.3305195868015289,0.3742218613624573,0.0,0.2952585518360138,True,True,False,True
test|Jona_6_20260616_182111|2197778901000,Jona,Jona_6_20260616_182111,2197778901000,continue,continue,0.3359392583370209,0.369229257106781,0.0,0.2948314845561981,True,True,False,True
test|Jona_6_20260616_182111|2198112234000,Jona,Jona_6_20260616_182111,2198112234000,continue,continue,0.3400459885597229,0.3605373501777649,0.0,0.2994166612625122,True,True,False,True
test|Jona_6_20260616_182111|2198445568000,Jona,Jona_6_20260616_182111,2198445568000,continue,continue,0.3456646800041199,0.3510779142379761,0.0,0.303257405757904,True,True,False,True
test|Jona_6_20260616_182111|2198778901000,Jona,Jona_6_20260616_182111,2198778901000,continue,continue,0.3506801128387451,0.3415141403675079,0.0,0.3078057169914245,True,True,False,True
test|Jona_6_20260616_182111|2199112234000,Jona,Jona_6_20260616_182111,2199112234000,continue,continue,0.3558093905448913,0.3345688283443451,0.0,0.3096217513084411,True,True,False,True
test|Jona_6_20260616_182111|2199445567000,Jona,Jona_6_20260616_182111,2199445567000,continue,continue,0.351734459400177,0.3332574069499969,0.0,0.3150080740451813,True,True,False,True
test|Jona_6_20260616_182111|2199778901000,Jona,Jona_6_20260616_182111,2199778901000,continue,continue,0.3451535999774933,0.3343925476074219,0.0,0.3204538226127624,True,True,False,True
test|Jona_6_20260616_182111|2200112234000,Jona,Jona_6_20260616_182111,2200112234000,continue,fetch,0.3391423225402832,0.3370192646980285,0.0,0.323838472366333,True,True,False,True
test|Jona_6_20260616_182111|2200445567000,Jona,Jona_6_20260616_182111,2200445567000,continue,fetch,0.3337911665439605,0.3404209315776825,0.0,0.3257879614830017,True,True,False,True
test|Jona_6_20260616_182111|2200778901000,Jona,Jona_6_20260616_182111,2200778901000,continue,fetch,0.3295194506645202,0.3435670435428619,0.0,0.3269135355949402,True,True,False,True
test|Jona_6_20260616_182111|2201112234000,Jona,Jona_6_20260616_182111,2201112234000,continue,continue,0.3189537823200226,0.3536399900913238,0.0,0.3274062871932983,True,True,False,True
test|Jona_6_20260616_182111|2201445567000,Jona,Jona_6_20260616_182111,2201445567000,continue,continue,0.3131426572799682,0.3649235665798187,0.0,0.321933776140213,True,True,False,True
test|Jona_6_20260616_182111|2201778901000,Jona,Jona_6_20260616_182111,2201778901000,continue,continue,0.3099924325942993,0.3768472671508789,0.0,0.3131603300571441,True,True,False,True
test|Jona_6_20260616_182111|2202112234000,Jona,Jona_6_20260616_182111,2202112234000,continue,continue,0.30833500623703,0.3898287117481231,0.0,0.3018362820148468,True,True,False,True
test|Jona_6_20260616_182111|2202445567000,Jona,Jona_6_20260616_182111,2202445567000,continue,continue,0.3000581562519073,0.4091748297214508,0.0,0.2907670438289642,True,True,False,True
test|Jona_6_20260616_182111|2202778900000,Jona,Jona_6_20260616_182111,2202778900000,continue,continue,0.2858481407165527,0.4264937043190002,0.0,0.2876582145690918,True,True,False,True
test|Jona_6_20260616_182111|2203112234000,Jona,Jona_6_20260616_182111,2203112234000,continue,continue,0.2969193756580353,0.4099870920181274,0.0,0.2930935621261596,True,True,False,True
test|Jona_6_20260616_182111|2203445567000,Jona,Jona_6_20260616_182111,2203445567000,continue,continue,0.3043479919433594,0.391681045293808,0.0,0.3039709627628326,True,True,False,True
test|Jona_6_20260616_182111|2203778900000,Jona,Jona_6_20260616_182111,2203778900000,continue,continue,0.313438355922699,0.3725488185882568,0.0,0.3140127658843994,True,True,False,True
test|Jona_6_20260616_182111|2204112234000,Jona,Jona_6_20260616_182111,2204112234000,continue,continue,0.3218297064304352,0.3513556122779846,0.0,0.3268147110939026,True,True,False,True
test|Jona_6_20260616_182111|2204445567000,Jona,Jona_6_20260616_182111,2204445567000,continue,continue,0.3359549939632416,0.3206529021263122,0.0,0.3433921635150909,True,True,False,True
test|Jona_6_20260616_182111|2204778900000,Jona,Jona_6_20260616_182111,2204778900000,continue,continue,0.2721873521804809,0.2378515601158142,0.2065780311822891,0.2833831012248993,True,True,True,True
test|Jona_6_20260616_182111|2205112234000,Jona,Jona_6_20260616_182111,2205112234000,continue,fetch,0.2729677557945251,0.2383459508419037,0.2034274339675903,0.2852588891983032,True,True,True,True
test|Jona_6_20260616_182111|2205445567000,Jona,Jona_6_20260616_182111,2205445567000,continue,fetch,0.2717227637767792,0.2346033602952957,0.2103985846042633,0.283275306224823,True,True,True,True
test|Jona_6_20260616_182111|2205778900000,Jona,Jona_6_20260616_182111,2205778900000,continue,continue,0.2698137462139129,0.2361475378274917,0.2066413909196853,0.2873973250389099,True,True,True,True
test|Jona_6_20260616_182111|2206112233000,Jona,Jona_6_20260616_182111,2206112233000,continue,fetch,0.2653262913227081,0.2413604408502578,0.198964849114418,0.2943484485149383,True,True,True,True
test|Jona_6_20260616_182111|2206445567000,Jona,Jona_6_20260616_182111,2206445567000,continue,fetch,0.2512462437152862,0.2500926256179809,0.198933407664299,0.2997277379035949,True,True,True,True
test|Jona_6_20260616_182111|2206778900000,Jona,Jona_6_20260616_182111,2206778900000,continue,fetch,0.2478436380624771,0.2541779279708862,0.190607413649559,0.3073709905147552,True,True,True,True
test|Jona_6_20260616_182111|2207112233000,Jona,Jona_6_20260616_182111,2207112233000,continue,fetch,0.247568279504776,0.2620256543159485,0.1799280047416687,0.3104780316352844,True,True,True,True
test|Jona_6_20260616_182111|2207445567000,Jona,Jona_6_20260616_182111,2207445567000,continue,fetch,0.2523413002490997,0.2701897621154785,0.1668667048215866,0.3106022477149963,True,True,True,True
test|Jona_6_20260616_182111|2207778900000,Jona,Jona_6_20260616_182111,2207778900000,fetch,fetch,0.2564314305782318,0.2771055102348327,0.157657504081726,0.3088056147098541,True,True,True,True
test|Jona_6_20260616_182111|2208112233000,Jona,Jona_6_20260616_182111,2208112233000,fetch,fetch,0.2600681483745575,0.2788190841674804,0.1528320163488388,0.3082807064056396,True,True,True,True
test|Jona_6_20260616_182111|2208445566000,Jona,Jona_6_20260616_182111,2208445566000,fetch,fetch,0.2644754648208618,0.2811844944953918,0.1456128656864166,0.3087272047996521,True,True,True,True
test|Jona_6_20260616_182111|2208778900000,Jona,Jona_6_20260616_182111,2208778900000,fetch,fetch,0.2678606510162353,0.2867305278778076,0.1452318429946899,0.3001769483089447,True,True,True,True
test|Jona_6_20260616_182111|2209112233000,Jona,Jona_6_20260616_182111,2209112233000,fetch,fetch,0.273418128490448,0.28549924492836,0.1465518474578857,0.2945307791233063,True,True,True,True
test|Jona_6_20260616_182111|2209445566000,Jona,Jona_6_20260616_182111,2209445566000,fetch,fetch,0.2783674597740173,0.2807978689670563,0.148864597082138,0.2919700443744659,True,True,True,True
test|Jona_6_20260616_182111|2209778900000,Jona,Jona_6_20260616_182111,2209778900000,fetch,fetch,0.2816433012485504,0.2744975090026855,0.1527213007211685,0.2911378741264343,True,True,True,True
test|Jona_6_20260616_182111|2210112233000,Jona,Jona_6_20260616_182111,2210112233000,fetch,fetch,0.2837028205394745,0.2677044570446014,0.1562552899122238,0.2923375070095062,True,True,True,True
test|Jona_6_20260616_182111|2210445566000,Jona,Jona_6_20260616_182111,2210445566000,fetch,fetch,0.2848763465881347,0.261560320854187,0.159528836607933,0.2940345108509063,True,True,True,True
test|Jona_6_20260616_182111|2210778900000,Jona,Jona_6_20260616_182111,2210778900000,fetch,fetch,0.2854793071746826,0.2571674287319183,0.1623439192771911,0.2950093448162079,True,True,True,True
test|Jona_6_20260616_182111|2211112233000,Jona,Jona_6_20260616_182111,2211112233000,fetch,fetch,0.2825352847576141,0.2564461231231689,0.1625860929489135,0.2984325289726257,True,True,True,True
test|Jona_6_20260616_182111|2211445566000,Jona,Jona_6_20260616_182111,2211445566000,fetch,fetch,0.2801604866981506,0.2565996050834656,0.1614537835121154,0.3017860949039459,True,True,True,True
test|Jona_6_20260616_182111|2211778900000,Jona,Jona_6_20260616_182111,2211778900000,fetch,fetch,0.2810803055763244,0.2565588057041168,0.1593711972236633,0.3029897511005401,True,True,True,True
test|Jona_6_20260616_182111|2212112233000,Jona,Jona_6_20260616_182111,2212112233000,fetch,fetch,0.2831627130508423,0.2578423023223877,0.1581627577543258,0.3008322417736053,True,True,True,True
test|Jona_6_20260616_182111|2212445566000,Jona,Jona_6_20260616_182111,2212445566000,fetch,fetch,0.2836784422397613,0.2590018510818481,0.1581965982913971,0.299123078584671,True,True,True,True
test|Jona_6_20260616_182111|2212778899000,Jona,Jona_6_20260616_182111,2212778899000,fetch,fetch,0.2846091687679291,0.2590936422348022,0.1577530950307846,0.2985441088676452,True,True,True,True
test|Jona_6_20260616_182111|2216778899000,Jona,Jona_6_20260616_182111,2216778899000,handover,handover,0.2434685230255127,0.356124073266983,0.1328593790531158,0.267547994852066,True,True,True,True
test|Jona_6_20260616_182111|2217112232000,Jona,Jona_6_20260616_182111,2217112232000,handover,handover,0.2347771078348159,0.37179034948349,0.1316862851381302,0.2617462575435638,True,True,True,True
test|Jona_6_20260616_182111|2217445566000,Jona,Jona_6_20260616_182111,2217445566000,handover,handover,0.2216971665620803,0.3886948525905609,0.1310010105371475,0.2586069405078888,True,True,True,True
test|Jona_6_20260616_182111|2217778899000,Jona,Jona_6_20260616_182111,2217778899000,handover,handover,0.2095571905374527,0.4067672491073608,0.1292283087968826,0.2544473111629486,True,True,True,True
test|Jona_6_20260616_182111|2218112232000,Jona,Jona_6_20260616_182111,2218112232000,handover,handover,0.2008363306522369,0.4276420772075653,0.1251125931739807,0.246408998966217,True,True,True,True
test|Jona_6_20260616_182111|2218445566000,Jona,Jona_6_20260616_182111,2218445566000,handover,handover,0.1977991759777069,0.4325118958950043,0.1245662942528724,0.2451227158308029,True,True,True,True
test|Jona_6_20260616_182111|2218778899000,Jona,Jona_6_20260616_182111,2218778899000,handover,handover,0.2016709446907043,0.4167728126049042,0.127662643790245,0.2538935840129852,True,True,True,True
test|Jona_6_20260616_182111|2219112232000,Jona,Jona_6_20260616_182111,2219112232000,handover,handover,0.2025399357080459,0.4070832729339599,0.1297729462385177,0.2606038451194763,True,True,True,True
test|Jona_6_20260616_182111|2219445565000,Jona,Jona_6_20260616_182111,2219445565000,handover,handover,0.2030527144670486,0.403655469417572,0.1313847303390503,0.2619070410728454,True,True,True,True
test|Jona_6_20260616_182111|2219778899000,Jona,Jona_6_20260616_182111,2219778899000,handover,handover,0.2052901238203048,0.4021925926208496,0.1318641453981399,0.2606531977653503,True,True,True,True
test|Jona_6_20260616_182111|2220112232000,Jona,Jona_6_20260616_182111,2220112232000,handover,handover,0.2052855640649795,0.4012293517589569,0.1325451284646988,0.2609399557113647,True,True,True,True
test|Jona_6_20260616_182111|2220445565000,Jona,Jona_6_20260616_182111,2220445565000,handover,handover,0.2076000571250915,0.3999238610267639,0.131996214389801,0.2604798376560211,True,True,True,True
test|Jona_7_20260616_182214|2250878901000,Jona,Jona_7_20260616_182214,2250878901000,continue,fetch,0.1962883472442627,0.3552223443984985,0.2000817060470581,0.2484076023101806,True,True,True,True
test|Jona_7_20260616_182214|2251212235000,Jona,Jona_7_20260616_182214,2251212235000,continue,fetch,0.2057973146438598,0.3401810526847839,0.2062409520149231,0.2477806955575943,True,True,True,True
test|Jona_7_20260616_182214|2251545568000,Jona,Jona_7_20260616_182214,2251545568000,continue,handover,0.217892050743103,0.3240403831005096,0.2116198986768722,0.246447667479515,True,True,True,True
test|Jona_7_20260616_182214|2251878901000,Jona,Jona_7_20260616_182214,2251878901000,continue,handover,0.229977861046791,0.3064723908901214,0.2177148014307022,0.2458349168300628,True,True,True,True
test|Jona_7_20260616_182214|2252212235000,Jona,Jona_7_20260616_182214,2252212235000,continue,handover,0.2306926697492599,0.3085177540779114,0.2194922715425491,0.2412972748279571,True,True,True,True
test|Jona_7_20260616_182214|2252545568000,Jona,Jona_7_20260616_182214,2252545568000,continue,continue,0.2301504760980606,0.3101861178874969,0.2188556343317031,0.240807756781578,True,True,True,True
test|Jona_7_20260616_182214|2252878901000,Jona,Jona_7_20260616_182214,2252878901000,continue,continue,0.2284475564956665,0.3123763799667358,0.2154077738523483,0.2437682449817657,True,True,True,True
test|Jona_7_20260616_182214|2253212234000,Jona,Jona_7_20260616_182214,2253212234000,continue,handover,0.2256142497062683,0.3144831657409668,0.2110494673252105,0.2488531768321991,True,True,True,True
test|Jona_7_20260616_182214|2253545568000,Jona,Jona_7_20260616_182214,2253545568000,continue,handover,0.2228448987007141,0.3173047304153442,0.2080500125885009,0.2518004179000854,True,True,True,True
test|Jona_7_20260616_182214|2253878901000,Jona,Jona_7_20260616_182214,2253878901000,continue,fetch,0.2213822603225708,0.3196888864040375,0.2062459588050842,0.2526829540729522,True,True,True,True
test|Jona_7_20260616_182214|2254212234000,Jona,Jona_7_20260616_182214,2254212234000,continue,continue,0.2227065414190292,0.3234350681304931,0.2065556198358535,0.2473028004169464,True,True,True,True
test|Jona_7_20260616_182214|2254545568000,Jona,Jona_7_20260616_182214,2254545568000,continue,continue,0.2248765677213668,0.3246532082557678,0.2150762230157852,0.2353939414024353,True,True,True,True
test|Jona_7_20260616_182214|2254878901000,Jona,Jona_7_20260616_182214,2254878901000,continue,continue,0.2270715534687042,0.3217036426067352,0.225352793931961,0.2258719354867935,True,True,True,True
test|Jona_7_20260616_182214|2255212234000,Jona,Jona_7_20260616_182214,2255212234000,continue,continue,0.2296186834573745,0.3135622143745422,0.2363388240337371,0.2204802632331848,True,True,True,True
test|Jona_7_20260616_182214|2255545567000,Jona,Jona_7_20260616_182214,2255545567000,continue,continue,0.2316289991140365,0.3069745898246765,0.2456358671188354,0.2157605439424514,True,True,True,True
test|Jona_7_20260616_182214|2255878901000,Jona,Jona_7_20260616_182214,2255878901000,continue,continue,0.2330842465162277,0.3027209341526031,0.2494635134935379,0.214731365442276,True,True,True,True
test|Jona_7_20260616_182214|2256212234000,Jona,Jona_7_20260616_182214,2256212234000,continue,continue,0.2338338792324066,0.2957856357097626,0.251248687505722,0.2191318124532699,True,True,True,True
test|Jona_7_20260616_182214|2256545567000,Jona,Jona_7_20260616_182214,2256545567000,continue,continue,0.2292161583900451,0.2993828356266022,0.2441298961639404,0.2272711247205734,True,True,True,True
test|Jona_7_20260616_182214|2256878901000,Jona,Jona_7_20260616_182214,2256878901000,continue,continue,0.2231126725673675,0.3079439699649811,0.235788032412529,0.2331553101539611,True,True,True,True
test|Jona_7_20260616_182214|2257212234000,Jona,Jona_7_20260616_182214,2257212234000,continue,continue,0.2202865332365036,0.3118815422058105,0.2310759723186493,0.2367559373378753,True,True,True,True
test|Jona_7_20260616_182214|2257545567000,Jona,Jona_7_20260616_182214,2257545567000,continue,continue,0.2176846265792846,0.3167414963245392,0.2258621454238891,0.2397117018699646,True,True,True,True
test|Jona_7_20260616_182214|2257878901000,Jona,Jona_7_20260616_182214,2257878901000,continue,continue,0.2152653336524963,0.322616696357727,0.220384195446968,0.2417337596416473,True,True,True,True
test|Jona_7_20260616_182214|2258212234000,Jona,Jona_7_20260616_182214,2258212234000,continue,continue,0.2138054966926574,0.3286876082420349,0.2118529826402664,0.2456539273262024,True,True,True,True
test|Jona_7_20260616_182214|2258545567000,Jona,Jona_7_20260616_182214,2258545567000,continue,continue,0.2170434743165969,0.3295610845088959,0.2046040594577789,0.2487913817167282,True,True,True,True
test|Jona_7_20260616_182214|2258878901000,Jona,Jona_7_20260616_182214,2258878901000,continue,continue,0.2241878360509872,0.3290453851222992,0.1984763443470001,0.2482904642820358,True,True,True,True
test|Jona_7_20260616_182214|2259212234000,Jona,Jona_7_20260616_182214,2259212234000,continue,continue,0.2272108346223831,0.3261058330535888,0.1959065943956375,0.2507767081260681,True,True,True,True
test|Jona_7_20260616_182214|2259545567000,Jona,Jona_7_20260616_182214,2259545567000,continue,continue,0.2298526465892791,0.3232835829257965,0.1955114752054214,0.251352310180664,True,True,True,True
test|Jona_7_20260616_182214|2259878900000,Jona,Jona_7_20260616_182214,2259878900000,continue,continue,0.2345617413520813,0.3224796056747436,0.1942224949598312,0.2487361878156662,True,True,True,True
test|Jona_7_20260616_182214|2260212234000,Jona,Jona_7_20260616_182214,2260212234000,continue,continue,0.2395059317350387,0.3182944059371948,0.1980588585138321,0.2441407591104507,True,True,True,True
test|Jona_7_20260616_182214|2260545567000,Jona,Jona_7_20260616_182214,2260545567000,continue,continue,0.2495449185371399,0.3117086291313171,0.1983964145183563,0.2403500378131866,True,True,True,True
test|Jona_7_20260616_182214|2260878900000,Jona,Jona_7_20260616_182214,2260878900000,continue,continue,0.2527962327003479,0.3067684173583984,0.2027760595083236,0.2376592755317688,True,True,True,True
test|Jona_7_20260616_182214|2261212234000,Jona,Jona_7_20260616_182214,2261212234000,continue,continue,0.2591573894023895,0.3024853765964508,0.2031874507665634,0.2351698130369186,True,True,True,True
test|Jona_7_20260616_182214|2261545567000,Jona,Jona_7_20260616_182214,2261545567000,continue,continue,0.2668381631374359,0.2956483066082001,0.2040157169103622,0.2334978282451629,True,True,True,True
test|Jona_7_20260616_182214|2261878900000,Jona,Jona_7_20260616_182214,2261878900000,continue,continue,0.2713189423084259,0.2882552444934845,0.2074825167655944,0.2329432815313339,True,True,True,True
test|Jona_7_20260616_182214|2262212233000,Jona,Jona_7_20260616_182214,2262212233000,continue,continue,0.2734244465827942,0.285511702299118,0.2084392011165619,0.2326246500015258,True,True,True,True
test|Jona_7_20260616_182214|2262545567000,Jona,Jona_7_20260616_182214,2262545567000,continue,continue,0.2769277095794678,0.2833077907562256,0.2078228443861007,0.231941670179367,True,True,True,True
test|Jona_7_20260616_182214|2262878900000,Jona,Jona_7_20260616_182214,2262878900000,continue,continue,0.2816254496574402,0.2794858813285827,0.1992077827453613,0.2396808713674545,True,True,True,True
test|Jona_7_20260616_182214|2263212233000,Jona,Jona_7_20260616_182214,2263212233000,continue,continue,0.2840945720672607,0.2742127180099487,0.1943778693675995,0.247314840555191,True,True,True,True
test|Jona_7_20260616_182214|2263545567000,Jona,Jona_7_20260616_182214,2263545567000,continue,continue,0.2855929732322693,0.2745363116264343,0.1886682957410812,0.2512024044990539,True,True,True,True
test|Jona_7_20260616_182214|2263878900000,Jona,Jona_7_20260616_182214,2263878900000,continue,continue,0.2891208827495575,0.2782424390316009,0.1761387586593628,0.2564978897571563,True,True,True,True
test|Jona_7_20260616_182214|2264212233000,Jona,Jona_7_20260616_182214,2264212233000,continue,continue,0.2905476093292236,0.280329167842865,0.1685929745435714,0.2605302333831787,True,True,True,True
test|Jona_7_20260616_182214|2264545567000,Jona,Jona_7_20260616_182214,2264545567000,continue,fetch,0.285274863243103,0.2883049547672272,0.162881001830101,0.2635391652584076,True,True,True,True
test|Jona_7_20260616_182214|2264878900000,Jona,Jona_7_20260616_182214,2264878900000,continue,fetch,0.2832070291042328,0.2956940233707428,0.1639284044504165,0.2571704983711242,True,True,True,True
test|Jona_7_20260616_182214|2265212233000,Jona,Jona_7_20260616_182214,2265212233000,continue,fetch,0.2847403883934021,0.2991056740283966,0.1669478267431259,0.2492060661315918,True,True,True,True
test|Jona_7_20260616_182214|2265545566000,Jona,Jona_7_20260616_182214,2265545566000,continue,fetch,0.2794967591762543,0.3046006560325622,0.168091744184494,0.2478108257055282,True,True,True,True
test|Jona_7_20260616_182214|2265878900000,Jona,Jona_7_20260616_182214,2265878900000,continue,fetch,0.2743358910083771,0.307887464761734,0.1705050021409988,0.2472716271877288,True,True,True,True
test|Jona_7_20260616_182214|2266212233000,Jona,Jona_7_20260616_182214,2266212233000,continue,continue,0.2742241024971008,0.30948406457901,0.1698773503303527,0.2464144825935363,True,True,True,True
test|Jona_7_20260616_182214|2266545566000,Jona,Jona_7_20260616_182214,2266545566000,continue,continue,0.2771236300468445,0.3109402060508728,0.1704160869121551,0.2415200769901275,True,True,True,True
test|Jona_7_20260616_182214|2266878900000,Jona,Jona_7_20260616_182214,2266878900000,continue,continue,0.2750583589076996,0.3116489350795746,0.1705442517995834,0.2427484393119812,True,True,True,True
test|Jona_7_20260616_182214|2267212233000,Jona,Jona_7_20260616_182214,2267212233000,continue,continue,0.274227499961853,0.3176928758621216,0.1597313731908798,0.2483483105897903,True,True,True,True
test|Jona_7_20260616_182214|2267545566000,Jona,Jona_7_20260616_182214,2267545566000,continue,continue,0.2838169634342193,0.3186662197113037,0.143155038356781,0.2543618083000183,True,True,True,True
test|Jona_7_20260616_182214|2267878900000,Jona,Jona_7_20260616_182214,2267878900000,continue,continue,0.3361230790615082,0.3648406267166137,0.0,0.2990363538265228,True,True,False,True
test|Jona_7_20260616_182214|2268212233000,Jona,Jona_7_20260616_182214,2268212233000,continue,continue,0.3376218378543854,0.3592029511928558,0.0,0.3031752109527588,True,True,False,True
test|Jona_7_20260616_182214|2268545566000,Jona,Jona_7_20260616_182214,2268545566000,continue,continue,0.3394416570663452,0.353928655385971,0.0,0.3066297173500061,True,True,False,True
test|Jona_7_20260616_182214|2268878899000,Jona,Jona_7_20260616_182214,2268878899000,continue,continue,0.3432149589061737,0.3508351445198059,0.0,0.3059498965740204,True,True,False,True
test|Jona_7_20260616_182214|2269212233000,Jona,Jona_7_20260616_182214,2269212233000,continue,continue,0.3455610871315002,0.3489573001861572,0.0,0.3054816424846649,True,True,False,True
test|Jona_7_20260616_182214|2269545566000,Jona,Jona_7_20260616_182214,2269545566000,continue,continue,0.3456079065799713,0.3482167720794678,0.0,0.3061753213405609,True,True,False,True
test|Jona_7_20260616_182214|2269878899000,Jona,Jona_7_20260616_182214,2269878899000,continue,continue,0.3463920056819916,0.3497436046600342,0.0,0.3038643598556518,True,True,False,True
test|Jona_7_20260616_182214|2270212233000,Jona,Jona_7_20260616_182214,2270212233000,continue,continue,0.3463483154773712,0.3507041335105896,0.0,0.3029475212097168,True,True,False,True
test|Jona_7_20260616_182214|2270545566000,Jona,Jona_7_20260616_182214,2270545566000,continue,continue,0.3458626866340637,0.3524130284786224,0.0,0.3017242550849914,True,True,False,True
test|Jona_7_20260616_182214|2270878899000,Jona,Jona_7_20260616_182214,2270878899000,continue,fetch,0.3385895788669586,0.354217916727066,0.0,0.3071924746036529,True,True,False,True
test|Jona_7_20260616_182214|2271212233000,Jona,Jona_7_20260616_182214,2271212233000,continue,fetch,0.3296212553977966,0.3524163961410522,0.0,0.3179623484611511,True,True,False,True
test|Jona_7_20260616_182214|2271545566000,Jona,Jona_7_20260616_182214,2271545566000,continue,fetch,0.316237062215805,0.3551774322986603,0.0,0.328585535287857,True,True,False,True
test|Jona_7_20260616_182214|2271878899000,Jona,Jona_7_20260616_182214,2271878899000,continue,fetch,0.3028782606124878,0.353611409664154,0.0,0.3435103297233581,True,True,False,True
test|Jona_7_20260616_182214|2272212232000,Jona,Jona_7_20260616_182214,2272212232000,continue,fetch,0.2939607203006744,0.3486724495887756,0.0,0.3573668599128723,True,True,False,True
test|Jona_7_20260616_182214|2272545566000,Jona,Jona_7_20260616_182214,2272545566000,continue,fetch,0.2922576367855072,0.3374398648738861,0.0,0.3703025281429291,True,True,False,True
test|Jona_7_20260616_182214|2272878899000,Jona,Jona_7_20260616_182214,2272878899000,continue,fetch,0.295998215675354,0.3330215513706207,0.0,0.3709802627563476,True,True,False,True
test|Jona_7_20260616_182214|2273212232000,Jona,Jona_7_20260616_182214,2273212232000,fetch,fetch,0.3030804395675659,0.3330833613872528,0.0,0.3638361692428589,True,True,False,True
test|Jona_7_20260616_182214|2273545566000,Jona,Jona_7_20260616_182214,2273545566000,fetch,fetch,0.308581680059433,0.3292602002620697,0.0,0.3621580898761749,True,True,False,True
test|Jona_7_20260616_182214|2273878899000,Jona,Jona_7_20260616_182214,2273878899000,fetch,handover,0.3115473389625549,0.3297509551048279,0.0,0.3587017059326172,True,True,False,True
test|Jona_7_20260616_182214|2274212232000,Jona,Jona_7_20260616_182214,2274212232000,fetch,handover,0.3150968551635742,0.3310273885726928,0.0,0.3538757264614105,True,True,False,True
test|Jona_7_20260616_182214|2274545566000,Jona,Jona_7_20260616_182214,2274545566000,fetch,fetch,0.3196982145309448,0.329592615365982,0.0,0.3507091403007507,True,True,False,True
test|Jona_7_20260616_182214|2274878899000,Jona,Jona_7_20260616_182214,2274878899000,fetch,fetch,0.3243752121925354,0.3268204927444458,0.0,0.3488043546676636,True,True,False,True
test|Jona_7_20260616_182214|2275212232000,Jona,Jona_7_20260616_182214,2275212232000,fetch,fetch,0.3254774510860443,0.3218194842338562,0.0,0.3527030646800995,True,True,False,True
test|Jona_7_20260616_182214|2275545565000,Jona,Jona_7_20260616_182214,2275545565000,fetch,fetch,0.3285392522811889,0.3164218664169311,0.0,0.3550388514995575,True,True,False,True
test|Jona_7_20260616_182214|2275878899000,Jona,Jona_7_20260616_182214,2275878899000,fetch,fetch,0.3361267447471618,0.3068902790546417,0.0,0.3569829761981964,True,True,False,True
test|Jona_7_20260616_182214|2276212232000,Jona,Jona_7_20260616_182214,2276212232000,fetch,fetch,0.3432614803314209,0.2971843779087066,0.0,0.3595540821552276,True,True,False,True
test|Jona_7_20260616_182214|2276545565000,Jona,Jona_7_20260616_182214,2276545565000,fetch,fetch,0.3473978042602539,0.2942457795143127,0.0,0.3583564162254333,True,True,False,True
test|Jona_7_20260616_182214|2276878899000,Jona,Jona_7_20260616_182214,2276878899000,fetch,fetch,0.3493345379829407,0.2927801311016083,0.0,0.3578853011131286,True,True,False,True
test|Jona_7_20260616_182214|2277212232000,Jona,Jona_7_20260616_182214,2277212232000,fetch,fetch,0.3524346053600311,0.2928930222988128,0.0,0.3546723425388336,True,True,False,True
test|Jona_7_20260616_182214|2277545565000,Jona,Jona_7_20260616_182214,2277545565000,fetch,fetch,0.3493797183036804,0.2961112856864929,0.0,0.354509025812149,True,True,False,True
test|Jona_7_20260616_182214|2277878899000,Jona,Jona_7_20260616_182214,2277878899000,fetch,fetch,0.3486515283584595,0.2975010871887207,0.0,0.3538473844528198,True,True,False,True
test|Jona_7_20260616_182214|2278212232000,Jona,Jona_7_20260616_182214,2278212232000,fetch,fetch,0.3466805219650268,0.2993088066577911,0.0,0.354010671377182,True,True,False,True
test|Jona_7_20260616_182214|2282212231000,Jona,Jona_7_20260616_182214,2282212231000,handover,handover,0.3145765662193298,0.3433541059494018,0.0,0.3420692384243011,True,True,False,True
test|Jona_7_20260616_182214|2282545565000,Jona,Jona_7_20260616_182214,2282545565000,handover,handover,0.2961398661136627,0.3793888092041015,0.0,0.3244712650775909,True,True,False,True
test|Jona_7_20260616_182214|2282878898000,Jona,Jona_7_20260616_182214,2282878898000,handover,handover,0.2726325988769531,0.4201953113079071,0.0,0.3071720898151397,True,True,False,True
test|Jona_7_20260616_182214|2283212231000,Jona,Jona_7_20260616_182214,2283212231000,handover,handover,0.2454733252525329,0.4600715935230255,0.0,0.2944550514221191,True,True,False,True
test|Jona_7_20260616_182214|2283545565000,Jona,Jona_7_20260616_182214,2283545565000,handover,handover,0.2189532667398452,0.4968186020851135,0.0,0.2842281460762024,True,True,False,True
test|Jona_7_20260616_182214|2283878898000,Jona,Jona_7_20260616_182214,2283878898000,handover,handover,0.2030365169048309,0.5196768641471863,0.0,0.2772866189479828,True,True,False,True
test|Jona_7_20260616_182214|2284212231000,Jona,Jona_7_20260616_182214,2284212231000,handover,handover,0.2029674649238586,0.5144692659378052,0.0,0.2825632691383362,True,True,False,True
test|Jona_7_20260616_182214|2284545565000,Jona,Jona_7_20260616_182214,2284545565000,handover,handover,0.2094508856534958,0.5010891556739807,0.0,0.2894599437713623,True,True,False,True
test|Jona_7_20260616_182214|2284878898000,Jona,Jona_7_20260616_182214,2284878898000,handover,handover,0.2140406817197799,0.4889156222343445,0.0,0.2970436811447143,True,True,False,True
test|Jona_7_20260616_182214|2285212231000,Jona,Jona_7_20260616_182214,2285212231000,handover,handover,0.2194058299064636,0.4823072552680969,0.0,0.298286885023117,True,True,False,True
test|Jona_7_20260616_182214|2285545564000,Jona,Jona_7_20260616_182214,2285545564000,handover,handover,0.2231795936822891,0.4781911373138428,0.0,0.2986292541027069,True,True,False,True
test|Jona_7_20260616_182214|2285878898000,Jona,Jona_7_20260616_182214,2285878898000,handover,handover,0.2266563326120376,0.4753740429878235,0.0,0.2979696094989776,True,True,False,True
test|Mona_1_20260624_123312|1076136275000,Mona,Mona_1_20260624_123312,1076136275000,continue,handover,0.2032667994499206,0.3984658718109131,0.1579554229974746,0.2403119206428527,True,True,True,True
test|Mona_1_20260624_123312|1076469609000,Mona,Mona_1_20260624_123312,1076469609000,continue,handover,0.2094699740409851,0.3863052725791931,0.1608820259571075,0.2433426976203918,True,True,True,True
test|Mona_1_20260624_123312|1076802942000,Mona,Mona_1_20260624_123312,1076802942000,continue,handover,0.2175642400979995,0.3749005794525146,0.1632047742605209,0.244330421090126,True,True,True,True
test|Mona_1_20260624_123312|1077136275000,Mona,Mona_1_20260624_123312,1077136275000,continue,handover,0.2302183806896209,0.365249365568161,0.1659348160028457,0.2385974079370498,True,True,True,True
test|Mona_1_20260624_123312|1077469609000,Mona,Mona_1_20260624_123312,1077469609000,continue,continue,0.2467992752790451,0.3485905826091766,0.1722476333379745,0.2323625087738037,True,True,True,True
test|Mona_1_20260624_123312|1077802942000,Mona,Mona_1_20260624_123312,1077802942000,continue,continue,0.2617984116077423,0.3365848958492279,0.1774176508188247,0.2241990566253662,True,True,True,True
test|Mona_1_20260624_123312|1078136275000,Mona,Mona_1_20260624_123312,1078136275000,continue,continue,0.2720337808132171,0.3292910456657409,0.1779462844133377,0.2207288444042205,True,True,True,True
test|Mona_1_20260624_123312|1078469609000,Mona,Mona_1_20260624_123312,1078469609000,continue,continue,0.2821491062641144,0.3152665793895721,0.1772695630788803,0.2253147810697555,True,True,True,True
test|Mona_1_20260624_123312|1078802942000,Mona,Mona_1_20260624_123312,1078802942000,continue,continue,0.2929891049861908,0.301081120967865,0.1780450344085693,0.2278847247362136,True,True,True,True
test|Mona_1_20260624_123312|1079136275000,Mona,Mona_1_20260624_123312,1079136275000,continue,continue,0.2994567155838012,0.2865927517414093,0.1787377446889877,0.2352128326892852,True,True,True,True
test|Mona_1_20260624_123312|1079469609000,Mona,Mona_1_20260624_123312,1079469609000,continue,continue,0.3020911812782287,0.2855499982833862,0.170253649353981,0.2421051412820816,True,True,True,True
test|Mona_1_20260624_123312|1079802942000,Mona,Mona_1_20260624_123312,1079802942000,continue,continue,0.2975058853626251,0.2821683883666992,0.166667953133583,0.2536577880382538,True,True,True,True
test|Mona_1_20260624_123312|1080136275000,Mona,Mona_1_20260624_123312,1080136275000,continue,continue,0.296356052160263,0.2883831262588501,0.1626981943845749,0.2525626122951507,True,True,True,True
test|Mona_1_20260624_123312|1080469609000,Mona,Mona_1_20260624_123312,1080469609000,continue,continue,0.2942852973937988,0.2995122373104095,0.1616870313882827,0.2445154041051864,True,True,True,True
test|Mona_1_20260624_123312|1080802942000,Mona,Mona_1_20260624_123312,1080802942000,continue,continue,0.2915810048580169,0.3058364987373352,0.1605554372072219,0.2420270293951034,True,True,True,True
test|Mona_1_20260624_123312|1081136275000,Mona,Mona_1_20260624_123312,1081136275000,continue,continue,0.2844901978969574,0.3158121407032013,0.1617027223110199,0.2379949241876602,True,True,True,True
test|Mona_1_20260624_123312|1081469609000,Mona,Mona_1_20260624_123312,1081469609000,continue,continue,0.2778249979019165,0.3128236830234527,0.1683084815740585,0.241042822599411,True,True,True,True
test|Mona_1_20260624_123312|1081802942000,Mona,Mona_1_20260624_123312,1081802942000,continue,continue,0.273924320936203,0.3126349747180938,0.1728582084178924,0.2405824661254882,True,True,True,True
test|Mona_1_20260624_123312|1082136275000,Mona,Mona_1_20260624_123312,1082136275000,continue,continue,0.2672605812549591,0.3067010641098022,0.177506610751152,0.2485317587852478,True,True,True,True
test|Mona_1_20260624_123312|1082469609000,Mona,Mona_1_20260624_123312,1082469609000,continue,continue,0.2632710039615631,0.3023999035358429,0.1772970408201217,0.2570320069789886,True,True,True,True
test|Mona_1_20260624_123312|1082802942000,Mona,Mona_1_20260624_123312,1082802942000,continue,continue,0.2607333660125732,0.3064949512481689,0.1753474771976471,0.2574242055416107,True,True,True,True
test|Mona_1_20260624_123312|1083136275000,Mona,Mona_1_20260624_123312,1083136275000,continue,continue,0.2654259204864502,0.3019543290138244,0.1723466962575912,0.2602730691432953,True,True,True,True
test|Mona_1_20260624_123312|1083469609000,Mona,Mona_1_20260624_123312,1083469609000,continue,continue,0.2698193788528442,0.2997888922691345,0.1685361266136169,0.2618555724620819,True,True,True,True
test|Mona_1_20260624_123312|1083802942000,Mona,Mona_1_20260624_123312,1083802942000,continue,continue,0.2743147015571594,0.2938936948776245,0.1672613769769668,0.2645302712917328,True,True,True,True
test|Mona_1_20260624_123312|1084136275000,Mona,Mona_1_20260624_123312,1084136275000,continue,continue,0.2803639769554138,0.2868853807449341,0.1671435981988906,0.2656070590019226,True,True,True,True
test|Mona_1_20260624_123312|1084469609000,Mona,Mona_1_20260624_123312,1084469609000,continue,continue,0.2855158150196075,0.2794441282749176,0.1696432381868362,0.2653968334197998,True,True,True,True
test|Mona_1_20260624_123312|1084802942000,Mona,Mona_1_20260624_123312,1084802942000,continue,continue,0.2906409800052643,0.2686326503753662,0.1725175678730011,0.268208771944046,True,True,True,True
test|Mona_1_20260624_123312|1085136275000,Mona,Mona_1_20260624_123312,1085136275000,continue,continue,0.2953721582889557,0.2605426013469696,0.1739213168621063,0.2701639235019684,True,True,True,True
test|Mona_1_20260624_123312|1085469609000,Mona,Mona_1_20260624_123312,1085469609000,continue,continue,0.2986122965812683,0.2571572363376617,0.1735502630472183,0.2706801891326904,True,True,True,True
test|Mona_1_20260624_123312|1085802942000,Mona,Mona_1_20260624_123312,1085802942000,continue,continue,0.2998474538326263,0.2618297040462494,0.1730620115995407,0.2652608156204223,True,True,True,True
test|Mona_1_20260624_123312|1086136275000,Mona,Mona_1_20260624_123312,1086136275000,continue,continue,0.3015013933181762,0.2696676552295685,0.1725605726242065,0.2562703192234039,True,True,True,True
test|Mona_1_20260624_123312|1086469609000,Mona,Mona_1_20260624_123312,1086469609000,continue,continue,0.3027580976486206,0.2782638072967529,0.1734885424375534,0.2454895228147506,True,True,True,True
test|Mona_1_20260624_123312|1086802942000,Mona,Mona_1_20260624_123312,1086802942000,continue,continue,0.3033050894737243,0.2815099060535431,0.1721213012933731,0.2430637031793594,True,True,True,True
test|Mona_1_20260624_123312|1087136275000,Mona,Mona_1_20260624_123312,1087136275000,continue,continue,0.3018712699413299,0.2832750976085663,0.1711695939302444,0.2436840385198593,True,True,True,True
test|Mona_1_20260624_123312|1087469609000,Mona,Mona_1_20260624_123312,1087469609000,continue,continue,0.29632368683815,0.2900059819221496,0.1706119626760482,0.2430584132671356,True,True,True,True
test|Mona_1_20260624_123312|1087802942000,Mona,Mona_1_20260624_123312,1087802942000,continue,continue,0.2927606403827667,0.288398414850235,0.1692693084478378,0.2495716512203216,True,True,True,True
test|Mona_1_20260624_123312|1088136275000,Mona,Mona_1_20260624_123312,1088136275000,continue,continue,0.2895579636096954,0.2873395979404449,0.1667443513870239,0.2563580572605133,True,True,True,True
test|Mona_1_20260624_123312|1088469609000,Mona,Mona_1_20260624_123312,1088469609000,continue,continue,0.2887391448020935,0.2914033830165863,0.1598663330078125,0.2599911093711853,True,True,True,True
test|Mona_1_20260624_123312|1088802942000,Mona,Mona_1_20260624_123312,1088802942000,continue,continue,0.2891441285610199,0.3016908764839172,0.1580757796764373,0.2510892152786255,True,True,True,True
test|Mona_1_20260624_123312|1089136275000,Mona,Mona_1_20260624_123312,1089136275000,continue,continue,0.2879451811313629,0.3086366355419159,0.1564686596393585,0.2469494789838791,True,True,True,True
test|Mona_1_20260624_123312|1089469609000,Mona,Mona_1_20260624_123312,1089469609000,continue,continue,0.2899701595306396,0.3061936199665069,0.1556345373392105,0.2482016682624817,True,True,True,True
test|Mona_1_20260624_123312|1089802942000,Mona,Mona_1_20260624_123312,1089802942000,continue,continue,0.2950847446918487,0.3026989996433258,0.1556567102670669,0.2465595006942749,True,True,True,True
test|Mona_1_20260624_123312|1090136275000,Mona,Mona_1_20260624_123312,1090136275000,continue,continue,0.2991867363452911,0.2981602251529693,0.1564823985099792,0.2461706697940826,True,True,True,True
test|Mona_1_20260624_123312|1090469609000,Mona,Mona_1_20260624_123312,1090469609000,continue,continue,0.3015458881855011,0.2902646064758301,0.1596424877643585,0.2485470175743103,True,True,True,True
test|Mona_1_20260624_123312|1090802942000,Mona,Mona_1_20260624_123312,1090802942000,continue,continue,0.3021034598350525,0.2796140909194946,0.1607410609722137,0.2575413882732391,True,True,True,True
test|Mona_1_20260624_123312|1091136275000,Mona,Mona_1_20260624_123312,1091136275000,continue,continue,0.3002049028873443,0.2776255011558532,0.16220623254776,0.2599633634090423,True,True,True,True
test|Mona_1_20260624_123312|1091469609000,Mona,Mona_1_20260624_123312,1091469609000,continue,continue,0.2965132594108581,0.2774598896503448,0.1658898144960403,0.2601370513439178,True,True,True,True
test|Mona_1_20260624_123312|1091802942000,Mona,Mona_1_20260624_123312,1091802942000,continue,continue,0.2942036390304565,0.2763257622718811,0.1681277006864547,0.2613429129123688,True,True,True,True
test|Mona_1_20260624_123312|1092136275000,Mona,Mona_1_20260624_123312,1092136275000,continue,continue,0.3013004958629608,0.2712337374687195,0.1679989993572235,0.2594667375087738,True,True,True,True
test|Mona_1_20260624_123312|1092469609000,Mona,Mona_1_20260624_123312,1092469609000,continue,continue,0.307681143283844,0.2692932486534118,0.1677687019109726,0.2552568316459656,True,True,True,True
test|Mona_1_20260624_123312|1092802942000,Mona,Mona_1_20260624_123312,1092802942000,continue,continue,0.3110625445842743,0.2674108743667602,0.1674255579710006,0.2541010975837707,True,True,True,True
test|Mona_1_20260624_123312|1093136275000,Mona,Mona_1_20260624_123312,1093136275000,continue,continue,0.3208284676074981,0.26108118891716,0.167680025100708,0.2504103183746338,True,True,True,True
test|Mona_1_20260624_123312|1093469609000,Mona,Mona_1_20260624_123312,1093469609000,continue,continue,0.3318077325820923,0.2546691298484802,0.1668278127908706,0.246695339679718,True,True,True,True
test|Mona_1_20260624_123312|1093802942000,Mona,Mona_1_20260624_123312,1093802942000,continue,continue,0.3336353003978729,0.2482758462429046,0.1665088385343551,0.2515800595283508,True,True,True,True
test|Mona_1_20260624_123312|1094136275000,Mona,Mona_1_20260624_123312,1094136275000,continue,continue,0.335680603981018,0.2429090142250061,0.1682050377130508,0.2532053291797638,True,True,True,True
test|Mona_1_20260624_123312|1094469609000,Mona,Mona_1_20260624_123312,1094469609000,continue,continue,0.3293409049510956,0.2390114217996597,0.1720385551452636,0.2596091032028198,True,True,True,True
test|Mona_1_20260624_123312|1094802942000,Mona,Mona_1_20260624_123312,1094802942000,continue,continue,0.3133682608604431,0.2395920157432556,0.1725894063711166,0.2744503617286682,True,True,True,True
test|Mona_1_20260624_123312|1095136275000,Mona,Mona_1_20260624_123312,1095136275000,continue,fetch,0.295014351606369,0.2411319762468338,0.1716273874044418,0.2922262549400329,True,True,True,True
test|Mona_1_20260624_123312|1095469609000,Mona,Mona_1_20260624_123312,1095469609000,fetch,fetch,0.2810941338539123,0.2447518706321716,0.1710005402565002,0.3031534552574157,True,True,True,True
test|Mona_1_20260624_123312|1095802942000,Mona,Mona_1_20260624_123312,1095802942000,fetch,fetch,0.264736145734787,0.2655476033687591,0.1689536720514297,0.3007625639438629,True,True,True,True
test|Mona_1_20260624_123312|1096136275000,Mona,Mona_1_20260624_123312,1096136275000,fetch,fetch,0.2473634183406829,0.3006591200828552,0.160515621304512,0.2914618253707886,True,True,True,True
test|Mona_1_20260624_123312|1096469609000,Mona,Mona_1_20260624_123312,1096469609000,fetch,fetch,0.2455748319625854,0.3178196251392364,0.1551174223423004,0.2814881205558777,True,True,True,True
test|Mona_1_20260624_123312|1096802942000,Mona,Mona_1_20260624_123312,1096802942000,fetch,fetch,0.2528296113014221,0.3111652135848999,0.1597954183816909,0.2762097418308258,True,True,True,True
test|Mona_1_20260624_123312|1097136275000,Mona,Mona_1_20260624_123312,1097136275000,fetch,fetch,0.2564408779144287,0.3082464039325714,0.1652198433876037,0.2700928747653961,True,True,True,True
test|Mona_1_20260624_123312|1097469609000,Mona,Mona_1_20260624_123312,1097469609000,fetch,fetch,0.2560649812221527,0.3081347346305847,0.1669862568378448,0.2688140571117401,True,True,True,True
test|Mona_1_20260624_123312|1097802942000,Mona,Mona_1_20260624_123312,1097802942000,fetch,fetch,0.2551077604293823,0.3082874119281769,0.1692275702953338,0.2673772275447845,True,True,True,True
test|Mona_1_20260624_123312|1098136275000,Mona,Mona_1_20260624_123312,1098136275000,fetch,fetch,0.2535975575447082,0.3103692829608917,0.1697545051574707,0.2662786543369293,True,True,True,True
test|Mona_1_20260624_123312|1098469609000,Mona,Mona_1_20260624_123312,1098469609000,fetch,fetch,0.2496466338634491,0.3185804188251495,0.1668145209550857,0.2649584114551544,True,True,True,True
test|Mona_1_20260624_123312|1098802942000,Mona,Mona_1_20260624_123312,1098802942000,fetch,fetch,0.2503613233566284,0.3200287818908691,0.1675328612327575,0.2620770335197449,True,True,True,True
test|Mona_1_20260624_123312|1099136275000,Mona,Mona_1_20260624_123312,1099136275000,fetch,fetch,0.2507165074348449,0.3225730657577514,0.1661723107099533,0.2605381309986114,True,True,True,True
test|Mona_1_20260624_123312|1099469609000,Mona,Mona_1_20260624_123312,1099469609000,fetch,fetch,0.2483675330877304,0.3260896205902099,0.1638691574335098,0.2616737186908722,True,True,True,True
test|Mona_1_20260624_123312|1099802942000,Mona,Mona_1_20260624_123312,1099802942000,fetch,fetch,0.244675725698471,0.3340186178684234,0.1603144258260727,0.2609912157058716,True,True,True,True
test|Mona_1_20260624_123312|1101469609000,Mona,Mona_1_20260624_123312,1101469609000,handover,fetch,0.2012858241796493,0.4154205024242401,0.1333165615797042,0.2499771267175674,True,True,True,True
test|Mona_1_20260624_123312|1101802942000,Mona,Mona_1_20260624_123312,1101802942000,handover,handover,0.1989585310220718,0.3930874168872833,0.1423278003931045,0.2656262218952179,True,True,True,True
test|Mona_1_20260624_123312|1102136275000,Mona,Mona_1_20260624_123312,1102136275000,handover,handover,0.2018200904130935,0.3704198598861694,0.1521558165550232,0.2756041586399078,True,True,True,True
test|Mona_1_20260624_123312|1102469609000,Mona,Mona_1_20260624_123312,1102469609000,handover,handover,0.2110735327005386,0.3626027703285217,0.1545212715864181,0.2718023657798767,True,True,True,True
test|Mona_1_20260624_123312|1102802942000,Mona,Mona_1_20260624_123312,1102802942000,handover,handover,0.2162492424249649,0.3590126633644104,0.1544293016195297,0.2703088521957397,True,True,True,True
test|Mona_1_20260624_123312|1103136275000,Mona,Mona_1_20260624_123312,1103136275000,handover,handover,0.2203335464000702,0.364730566740036,0.1513383984565735,0.2635975182056427,True,True,True,True
test|Mona_1_20260624_123312|1103469609000,Mona,Mona_1_20260624_123312,1103469609000,handover,handover,0.2273541092872619,0.3650740087032318,0.1488066166639328,0.258765310049057,True,True,True,True
test|Mona_1_20260624_123312|1103802942000,Mona,Mona_1_20260624_123312,1103802942000,handover,handover,0.2287425547838211,0.3830300271511078,0.1408772021532058,0.2473501861095428,True,True,True,True
test|Mona_1_20260624_123312|1104136275000,Mona,Mona_1_20260624_123312,1104136275000,handover,handover,0.2272734344005584,0.3982399106025696,0.1336672604084015,0.2408194094896316,True,True,True,True
test|Mona_1_20260624_123312|1104469609000,Mona,Mona_1_20260624_123312,1104469609000,handover,handover,0.2302295863628387,0.3977265357971191,0.132592961192131,0.2394508868455886,True,True,True,True
test|Mona_1_20260624_123312|1104802942000,Mona,Mona_1_20260624_123312,1104802942000,handover,handover,0.2396913766860962,0.3944648802280426,0.1312498450279235,0.234593853354454,True,True,True,True
test|Mona_1_20260624_123312|1105136275000,Mona,Mona_1_20260624_123312,1105136275000,handover,handover,0.2465643435716629,0.3882890045642853,0.1316252946853637,0.233521357178688,True,True,True,True
test|Mona_1_20260624_123312|1105469609000,Mona,Mona_1_20260624_123312,1105469609000,handover,handover,0.2536768615245819,0.3734258413314819,0.1348578780889511,0.2380393594503402,True,True,True,True
test|Mona_1_20260624_123312|1105802942000,Mona,Mona_1_20260624_123312,1105802942000,handover,handover,0.2595076560974121,0.3590628802776336,0.1386697143316269,0.2427597045898437,True,True,True,True
test|Mona_1_20260624_123312|1106136275000,Mona,Mona_1_20260624_123312,1106136275000,handover,handover,0.2625997960567474,0.3434855937957763,0.1446315050125122,0.2492830604314804,True,True,True,True
test|Mona_1_20260624_123312|1106469609000,Mona,Mona_1_20260624_123312,1106469609000,handover,handover,0.2635816633701324,0.3277344703674316,0.1509688645601272,0.2577149868011474,True,True,True,True
test|Mona_1_20260624_123312|1106802942000,Mona,Mona_1_20260624_123312,1106802942000,handover,fetch,0.2620768249034881,0.3140900731086731,0.1574807465076446,0.2663523554801941,True,True,True,True
test|Mona_1_20260624_123312|1107136275000,Mona,Mona_1_20260624_123312,1107136275000,handover,fetch,0.2591880559921264,0.3080539405345917,0.1609452217817306,0.2718127965927124,True,True,True,True
test|Mona_1_20260624_123312|1107469609000,Mona,Mona_1_20260624_123312,1107469609000,handover,fetch,0.2506019473075866,0.3228690028190613,0.1594357788562774,0.2670933306217193,True,True,True,True
test|Mona_1_20260624_123312|1107802942000,Mona,Mona_1_20260624_123312,1107802942000,handover,fetch,0.2428616285324096,0.3396683931350708,0.1586483865976333,0.2588216066360473,True,True,True,True
test|Mona_1_20260624_123312|1108136275000,Mona,Mona_1_20260624_123312,1108136275000,handover,fetch,0.2373201102018356,0.3574125468730926,0.1541179865598678,0.2511493265628814,True,True,True,True
test|Mona_1_20260624_123312|1108469609000,Mona,Mona_1_20260624_123312,1108469609000,handover,fetch,0.2299253642559051,0.3751496374607086,0.1501914709806442,0.2447335124015808,True,True,True,True
test|Mona_3_20260624_123548|1231936275000,Mona,Mona_3_20260624_123548,1231936275000,continue,continue,0.284406453371048,0.2692828774452209,0.2239667624235153,0.2223439514636993,True,True,True,True
test|Mona_3_20260624_123548|1232269609000,Mona,Mona_3_20260624_123548,1232269609000,continue,continue,0.2753823399543762,0.2774566411972046,0.2245311141014099,0.222629889845848,True,True,True,True
test|Mona_3_20260624_123548|1232602942000,Mona,Mona_3_20260624_123548,1232602942000,continue,continue,0.267204999923706,0.2799744009971618,0.2245704233646392,0.2282502055168151,True,True,True,True
test|Mona_3_20260624_123548|1232936275000,Mona,Mona_3_20260624_123548,1232936275000,continue,continue,0.270233690738678,0.2745550870895386,0.2137413024902343,0.2414699494838714,True,True,True,True
test|Mona_3_20260624_123548|1233269609000,Mona,Mona_3_20260624_123548,1233269609000,continue,continue,0.2657694518566131,0.2848636507987976,0.2024794220924377,0.2468874752521515,True,True,True,True
test|Mona_3_20260624_123548|1233602942000,Mona,Mona_3_20260624_123548,1233602942000,continue,continue,0.2665581703186035,0.2940732538700104,0.1894269287586212,0.2499416619539261,True,True,True,True
test|Mona_3_20260624_123548|1233936275000,Mona,Mona_3_20260624_123548,1233936275000,continue,continue,0.2678481042385101,0.3008629083633423,0.1801652312278747,0.2511237263679504,True,True,True,True
test|Mona_3_20260624_123548|1234269609000,Mona,Mona_3_20260624_123548,1234269609000,continue,continue,0.2663241326808929,0.3075579404830932,0.1731049865484237,0.2530129551887512,True,True,True,True
test|Mona_3_20260624_123548|1234602942000,Mona,Mona_3_20260624_123548,1234602942000,continue,continue,0.2644218206405639,0.3169166147708893,0.1674961000680923,0.2511654496192932,True,True,True,True
test|Mona_3_20260624_123548|1234936275000,Mona,Mona_3_20260624_123548,1234936275000,continue,continue,0.2603865265846252,0.3344095349311828,0.1614485383033752,0.2437553852796554,True,True,True,True
test|Mona_3_20260624_123548|1235269609000,Mona,Mona_3_20260624_123548,1235269609000,continue,continue,0.2612435221672058,0.3344241976737976,0.162249356508255,0.2420828938484192,True,True,True,True
test|Mona_3_20260624_123548|1235602942000,Mona,Mona_3_20260624_123548,1235602942000,continue,continue,0.2616006731986999,0.3342640995979309,0.1622779816389084,0.2418572604656219,True,True,True,True
test|Mona_3_20260624_123548|1235936275000,Mona,Mona_3_20260624_123548,1235936275000,continue,continue,0.2579573690891266,0.3376867175102234,0.1634673327207565,0.2408885508775711,True,True,True,True
test|Mona_3_20260624_123548|1236269609000,Mona,Mona_3_20260624_123548,1236269609000,continue,continue,0.2519846558570862,0.3401042819023132,0.163647249341011,0.2442638725042343,True,True,True,True
test|Mona_3_20260624_123548|1236602942000,Mona,Mona_3_20260624_123548,1236602942000,continue,continue,0.2492959201335907,0.339214563369751,0.1667953729629516,0.2446941584348678,True,True,True,True
test|Mona_3_20260624_123548|1236936275000,Mona,Mona_3_20260624_123548,1236936275000,continue,continue,0.2510764300823211,0.3308449387550354,0.172715738415718,0.2453628331422805,True,True,True,True
test|Mona_3_20260624_123548|1237269609000,Mona,Mona_3_20260624_123548,1237269609000,continue,continue,0.2495038509368896,0.3290664851665497,0.1749300509691238,0.2464996725320816,True,True,True,True
test|Mona_3_20260624_123548|1237602942000,Mona,Mona_3_20260624_123548,1237602942000,continue,continue,0.2445646524429321,0.3291318714618683,0.1772628724575042,0.2490405887365341,True,True,True,True
test|Mona_3_20260624_123548|1237936275000,Mona,Mona_3_20260624_123548,1237936275000,continue,handover,0.2548798620700836,0.3193220198154449,0.1770295798778534,0.2487685233354568,True,True,True,True
test|Mona_3_20260624_123548|1238269609000,Mona,Mona_3_20260624_123548,1238269609000,continue,continue,0.2714244723320007,0.3079285621643066,0.1769768148660659,0.243670180439949,True,True,True,True
test|Mona_3_20260624_123548|1238602942000,Mona,Mona_3_20260624_123548,1238602942000,continue,continue,0.2841870486736297,0.306802749633789,0.174845889210701,0.234164297580719,True,True,True,True
test|Mona_3_20260624_123548|1238936275000,Mona,Mona_3_20260624_123548,1238936275000,continue,continue,0.2874835431575775,0.3128919303417206,0.1777693927288055,0.2218551039695739,True,True,True,True
test|Mona_3_20260624_123548|1239269609000,Mona,Mona_3_20260624_123548,1239269609000,continue,continue,0.2851000130176544,0.3192269206047058,0.1774892657995224,0.2181837707757949,True,True,True,True
test|Mona_3_20260624_123548|1239602942000,Mona,Mona_3_20260624_123548,1239602942000,continue,continue,0.2846469283103943,0.3174629807472229,0.1785741001367569,0.2193160057067871,True,True,True,True
test|Mona_3_20260624_123548|1239936275000,Mona,Mona_3_20260624_123548,1239936275000,continue,continue,0.2779726982116699,0.3164989650249481,0.1812113970518112,0.2243169099092483,True,True,True,True
test|Mona_3_20260624_123548|1240269609000,Mona,Mona_3_20260624_123548,1240269609000,continue,continue,0.2774193584918976,0.3147271573543548,0.1792434155941009,0.228610023856163,True,True,True,True
test|Mona_3_20260624_123548|1240602942000,Mona,Mona_3_20260624_123548,1240602942000,continue,continue,0.2862494587898254,0.2991296648979187,0.1764737516641616,0.2381471097469329,True,True,True,True
test|Mona_3_20260624_123548|1240936275000,Mona,Mona_3_20260624_123548,1240936275000,continue,continue,0.2924263775348663,0.2950872778892517,0.163106307387352,0.2493800520896911,True,True,True,True
test|Mona_3_20260624_123548|1241269609000,Mona,Mona_3_20260624_123548,1241269609000,continue,continue,0.2917444109916687,0.2946288585662842,0.1646624356508255,0.2489642947912216,True,True,True,True
test|Mona_3_20260624_123548|1241602942000,Mona,Mona_3_20260624_123548,1241602942000,continue,continue,0.3465575575828552,0.3547786176204681,0.0,0.2986638247966766,True,True,False,True
test|Mona_3_20260624_123548|1241936275000,Mona,Mona_3_20260624_123548,1241936275000,continue,continue,0.3458164036273956,0.3542303442955017,0.0,0.299953281879425,True,True,False,True
test|Mona_3_20260624_123548|1242269609000,Mona,Mona_3_20260624_123548,1242269609000,continue,continue,0.3502279818058014,0.3511048257350921,0.0,0.298667162656784,True,True,False,True
test|Mona_3_20260624_123548|1242602942000,Mona,Mona_3_20260624_123548,1242602942000,continue,continue,0.3515553772449493,0.3526225984096527,0.0,0.2958220243453979,True,True,False,True
test|Mona_3_20260624_123548|1242936275000,Mona,Mona_3_20260624_123548,1242936275000,continue,continue,0.3502662777900696,0.3582487404346466,0.0,0.2914849519729614,True,True,False,True
test|Mona_3_20260624_123548|1243269609000,Mona,Mona_3_20260624_123548,1243269609000,continue,continue,0.3513021469116211,0.3552342057228088,0.0,0.29346364736557,True,True,False,True
test|Mona_3_20260624_123548|1243602942000,Mona,Mona_3_20260624_123548,1243602942000,continue,continue,0.358526200056076,0.3522375524044037,0.0,0.2892362177371979,True,True,False,True
test|Mona_3_20260624_123548|1243936275000,Mona,Mona_3_20260624_123548,1243936275000,continue,continue,0.3592974841594696,0.3541480600833893,0.0,0.2865544855594635,True,True,False,True
test|Mona_3_20260624_123548|1244269609000,Mona,Mona_3_20260624_123548,1244269609000,continue,continue,0.3538994789123535,0.3593827784061432,0.0,0.2867177724838257,True,True,False,True
test|Mona_3_20260624_123548|1244602942000,Mona,Mona_3_20260624_123548,1244602942000,continue,continue,0.3495215773582458,0.3594613969326019,0.0,0.291017085313797,True,True,False,True
test|Mona_3_20260624_123548|1244936275000,Mona,Mona_3_20260624_123548,1244936275000,continue,continue,0.3523016571998596,0.3511564135551452,0.0,0.2965419590473175,True,True,False,True
test|Mona_3_20260624_123548|1245269609000,Mona,Mona_3_20260624_123548,1245269609000,continue,continue,0.3504133224487304,0.35279580950737,0.0,0.2967908382415771,True,True,False,True
test|Mona_3_20260624_123548|1245602942000,Mona,Mona_3_20260624_123548,1245602942000,continue,continue,0.3407412469387054,0.3633709251880646,0.0,0.2958878874778747,True,True,False,True
test|Mona_3_20260624_123548|1245936275000,Mona,Mona_3_20260624_123548,1245936275000,continue,continue,0.3368143737316131,0.3620690405368805,0.0,0.3011165857315063,True,True,False,True
test|Mona_3_20260624_123548|1246269609000,Mona,Mona_3_20260624_123548,1246269609000,continue,continue,0.3395455181598663,0.3553752601146698,0.0,0.3050792217254638,True,True,False,True
test|Mona_3_20260624_123548|1246602942000,Mona,Mona_3_20260624_123548,1246602942000,continue,continue,0.3410128951072693,0.3533871471881866,0.0,0.305599957704544,True,True,False,True
test|Mona_3_20260624_123548|1246936275000,Mona,Mona_3_20260624_123548,1246936275000,continue,continue,0.3458232879638672,0.3538039922714233,0.0,0.3003726899623871,True,True,False,True
test|Mona_3_20260624_123548|1247269609000,Mona,Mona_3_20260624_123548,1247269609000,continue,continue,0.3504807353019714,0.3546760380268097,0.0,0.2948432564735412,True,True,False,True
test|Mona_3_20260624_123548|1247602942000,Mona,Mona_3_20260624_123548,1247602942000,continue,continue,0.3631507456302643,0.3458006978034973,0.0,0.2910486161708832,True,True,False,True
test|Mona_3_20260624_123548|1247936275000,Mona,Mona_3_20260624_123548,1247936275000,continue,continue,0.3686813116073608,0.347988486289978,0.0,0.2833302021026611,True,True,False,True
test|Mona_3_20260624_123548|1248269609000,Mona,Mona_3_20260624_123548,1248269609000,continue,continue,0.3672594726085663,0.3583641648292541,0.0,0.2743763625621795,True,True,False,True
test|Mona_3_20260624_123548|1248602942000,Mona,Mona_3_20260624_123548,1248602942000,continue,continue,0.365330308675766,0.3619029819965362,0.0,0.2727667093276977,True,True,False,True
test|Mona_3_20260624_123548|1248936275000,Mona,Mona_3_20260624_123548,1248936275000,continue,continue,0.3615368604660034,0.3574891090393066,0.0,0.2809739708900451,True,True,False,True
test|Mona_3_20260624_123548|1249269609000,Mona,Mona_3_20260624_123548,1249269609000,continue,continue,0.3606289029121399,0.3529419600963592,0.0,0.2864290773868561,True,True,False,True
test|Mona_3_20260624_123548|1249602942000,Mona,Mona_3_20260624_123548,1249602942000,continue,continue,0.3560721278190613,0.351857990026474,0.0,0.2920698225498199,True,True,False,True
test|Mona_3_20260624_123548|1249936275000,Mona,Mona_3_20260624_123548,1249936275000,continue,continue,0.3511328399181366,0.3518424928188324,0.0,0.2970246970653534,True,True,False,True
test|Mona_3_20260624_123548|1250269609000,Mona,Mona_3_20260624_123548,1250269609000,continue,continue,0.3483862280845642,0.3476282954216003,0.0,0.3039855062961578,True,True,False,True
test|Mona_3_20260624_123548|1250602942000,Mona,Mona_3_20260624_123548,1250602942000,continue,continue,0.3531314730644226,0.3412738442420959,0.0,0.305594652891159,True,True,False,True
test|Mona_3_20260624_123548|1250936275000,Mona,Mona_3_20260624_123548,1250936275000,continue,continue,0.3588634133338928,0.3406754434108734,0.0,0.3004611432552337,True,True,False,True
test|Mona_3_20260624_123548|1251269609000,Mona,Mona_3_20260624_123548,1251269609000,continue,continue,0.3604819476604461,0.3406975269317627,0.0,0.2988205552101135,True,True,False,True
test|Mona_3_20260624_123548|1251602942000,Mona,Mona_3_20260624_123548,1251602942000,continue,continue,0.3629562258720398,0.3415349125862121,0.0,0.2955089211463928,True,True,False,True
test|Mona_3_20260624_123548|1251936275000,Mona,Mona_3_20260624_123548,1251936275000,continue,continue,0.3633553087711334,0.3432056307792663,0.0,0.293439120054245,True,True,False,True
test|Mona_3_20260624_123548|1252269609000,Mona,Mona_3_20260624_123548,1252269609000,continue,continue,0.3636344373226166,0.3401743471622467,0.0,0.2961912453174591,True,True,False,True
test|Mona_3_20260624_123548|1252602942000,Mona,Mona_3_20260624_123548,1252602942000,continue,continue,0.3646757900714874,0.341569036245346,0.0,0.2937551438808441,True,True,False,True
test|Mona_3_20260624_123548|1252936275000,Mona,Mona_3_20260624_123548,1252936275000,continue,continue,0.3689416050910949,0.3393714129924774,0.0,0.2916869819164276,True,True,False,True
test|Mona_3_20260624_123548|1253269609000,Mona,Mona_3_20260624_123548,1253269609000,continue,continue,0.3679811954498291,0.3356935083866119,0.0,0.2963252961635589,True,True,False,True
test|Mona_3_20260624_123548|1253602942000,Mona,Mona_3_20260624_123548,1253602942000,continue,continue,0.3633779287338257,0.3309874832630157,0.0,0.3056345880031585,True,True,False,True
test|Mona_3_20260624_123548|1253936275000,Mona,Mona_3_20260624_123548,1253936275000,continue,continue,0.3607824742794037,0.3278442919254303,0.0,0.311373233795166,True,True,False,True
test|Mona_3_20260624_123548|1254269609000,Mona,Mona_3_20260624_123548,1254269609000,continue,continue,0.355851799249649,0.3339354395866394,0.0,0.3102127611637115,True,True,False,True
test|Mona_3_20260624_123548|1254602942000,Mona,Mona_3_20260624_123548,1254602942000,continue,continue,0.3523197770118713,0.3447221219539642,0.0,0.302958071231842,True,True,False,True
test|Mona_3_20260624_123548|1254936275000,Mona,Mona_3_20260624_123548,1254936275000,continue,continue,0.3504416942596435,0.3448502123355865,0.0,0.3047080934047699,True,True,False,True
test|Mona_3_20260624_123548|1255269609000,Mona,Mona_3_20260624_123548,1255269609000,continue,continue,0.3538585901260376,0.3421128094196319,0.0,0.3040286004543304,True,True,False,True
test|Mona_3_20260624_123548|1255602942000,Mona,Mona_3_20260624_123548,1255602942000,continue,continue,0.3474901914596557,0.3524011671543121,0.0,0.3001087009906769,True,True,False,True
test|Mona_3_20260624_123548|1255936275000,Mona,Mona_3_20260624_123548,1255936275000,continue,continue,0.334751546382904,0.3736423254013061,0.0,0.291606068611145,True,True,False,True
test|Mona_3_20260624_123548|1256269609000,Mona,Mona_3_20260624_123548,1256269609000,continue,fetch,0.3186536133289337,0.3881753087043762,0.0,0.29317107796669,True,True,False,True
test|Mona_3_20260624_123548|1256602942000,Mona,Mona_3_20260624_123548,1256602942000,continue,fetch,0.3241026401519775,0.3570797443389892,0.0,0.3188175857067108,True,True,False,True
test|Mona_3_20260624_123548|1256936275000,Mona,Mona_3_20260624_123548,1256936275000,continue,fetch,0.5006519556045532,0.0,0.0,0.4993480741977691,True,False,False,True
test|Mona_3_20260624_123548|1257269609000,Mona,Mona_3_20260624_123548,1257269609000,fetch,continue,0.497341901063919,0.0,0.0,0.5026581287384033,True,False,False,True
test|Mona_3_20260624_123548|1257602942000,Mona,Mona_3_20260624_123548,1257602942000,fetch,continue,0.4952690303325653,0.0,0.0,0.5047309398651123,True,False,False,True
test|Mona_3_20260624_123548|1257936275000,Mona,Mona_3_20260624_123548,1257936275000,fetch,continue,0.4865607321262359,0.0,0.0,0.5134392380714417,True,False,False,True
test|Mona_3_20260624_123548|1258269609000,Mona,Mona_3_20260624_123548,1258269609000,fetch,continue,0.2889505624771118,0.403059184551239,0.0,0.3079902231693268,True,True,False,True
test|Mona_3_20260624_123548|1258602942000,Mona,Mona_3_20260624_123548,1258602942000,fetch,continue,0.2824939787387848,0.4195364713668823,0.0,0.2979695796966553,True,True,False,True
test|Mona_3_20260624_123548|1258936275000,Mona,Mona_3_20260624_123548,1258936275000,fetch,continue,0.281685471534729,0.4210874140262604,0.0,0.2972270846366882,True,True,False,True
test|Mona_3_20260624_123548|1259269609000,Mona,Mona_3_20260624_123548,1259269609000,fetch,continue,0.2782092094421386,0.420404851436615,0.0,0.3013859391212463,True,True,False,True
test|Mona_3_20260624_123548|1259602942000,Mona,Mona_3_20260624_123548,1259602942000,fetch,continue,0.2773617804050445,0.4200416505336761,0.0,0.3025964796543121,True,True,False,True
test|Mona_3_20260624_123548|1259936275000,Mona,Mona_3_20260624_123548,1259936275000,fetch,continue,0.2765448987483978,0.4218150079250335,0.0,0.301640123128891,True,True,False,True
test|Mona_3_20260624_123548|1260269609000,Mona,Mona_3_20260624_123548,1260269609000,fetch,continue,0.279532641172409,0.4197511672973633,0.0,0.3007161617279053,True,True,False,True
test|Mona_3_20260624_123548|1260602942000,Mona,Mona_3_20260624_123548,1260602942000,fetch,continue,0.2800347506999969,0.4110575318336487,0.0,0.3089077174663543,True,True,False,True
test|Mona_3_20260624_123548|1260936275000,Mona,Mona_3_20260624_123548,1260936275000,fetch,fetch,0.280262291431427,0.4079852998256683,0.0,0.3117524087429046,True,True,False,True
test|Mona_3_20260624_123548|1261269609000,Mona,Mona_3_20260624_123548,1261269609000,fetch,continue,0.282451868057251,0.4061736166477203,0.0,0.3113745152950287,True,True,False,True
test|Mona_3_20260624_123548|1261602942000,Mona,Mona_3_20260624_123548,1261602942000,fetch,continue,0.2829273641109466,0.4059513807296753,0.0,0.3111212253570556,True,True,False,True
test|Mona_3_20260624_123548|1261936275000,Mona,Mona_3_20260624_123548,1261936275000,fetch,continue,0.2838756144046783,0.3998146653175354,0.0,0.3163097202777862,True,True,False,True
test|Mona_3_20260624_123548|1262269609000,Mona,Mona_3_20260624_123548,1262269609000,fetch,fetch,0.2875226438045501,0.3908769190311432,0.0,0.3216004967689514,True,True,False,True
test|Mona_3_20260624_123548|1263936275000,Mona,Mona_3_20260624_123548,1263936275000,handover,fetch,0.2549018561840057,0.4513632655143738,0.0,0.2937348783016205,True,True,False,True
test|Mona_3_20260624_123548|1264269609000,Mona,Mona_3_20260624_123548,1264269609000,handover,fetch,0.2443705797195434,0.4653565883636474,0.0,0.2902727723121643,True,True,False,True
test|Mona_3_20260624_123548|1264602942000,Mona,Mona_3_20260624_123548,1264602942000,handover,handover,0.2419935166835785,0.4470011293888092,0.0,0.3110054135322571,True,True,False,True
test|Mona_3_20260624_123548|1264936275000,Mona,Mona_3_20260624_123548,1264936275000,handover,handover,0.2501934468746185,0.429254800081253,0.0,0.3205517828464508,True,True,False,True
test|Mona_3_20260624_123548|1265269609000,Mona,Mona_3_20260624_123548,1265269609000,handover,handover,0.2661743760108948,0.4164759516716003,0.0,0.3173496425151825,True,True,False,True
test|Mona_3_20260624_123548|1265602942000,Mona,Mona_3_20260624_123548,1265602942000,handover,handover,0.2735163271427154,0.4140236973762512,0.0,0.3124599456787109,True,True,False,True
test|Mona_3_20260624_123548|1265936275000,Mona,Mona_3_20260624_123548,1265936275000,handover,handover,0.2720316052436828,0.4189645051956177,0.0,0.3090039491653442,True,True,False,True
test|Mona_3_20260624_123548|1266269609000,Mona,Mona_3_20260624_123548,1266269609000,handover,handover,0.2679126262664795,0.4310479760169983,0.0,0.3010393977165222,True,True,False,True
test|Mona_3_20260624_123548|1266602942000,Mona,Mona_3_20260624_123548,1266602942000,handover,handover,0.2724601626396179,0.4485110342502594,0.0,0.2790287733078003,True,True,False,True
test|Mona_3_20260624_123548|1266936275000,Mona,Mona_3_20260624_123548,1266936275000,handover,handover,0.2705002129077911,0.4650037884712219,0.0,0.2644959986209869,True,True,False,True
test|Mona_3_20260624_123548|1267269609000,Mona,Mona_3_20260624_123548,1267269609000,handover,handover,0.2735446989536285,0.4710429012775421,0.0,0.2554123997688293,True,True,False,True
test|Mona_3_20260624_123548|1267602942000,Mona,Mona_3_20260624_123548,1267602942000,handover,handover,0.2792489528656006,0.4667575657367706,0.0,0.2539935111999511,True,True,False,True
test|Mona_3_20260624_123548|1267936275000,Mona,Mona_3_20260624_123548,1267936275000,handover,handover,0.2841747403144836,0.4619267880916595,0.0,0.2538984715938568,True,True,False,True
test|Mona_4_20260624_123706|1310069609000,Mona,Mona_4_20260624_123706,1310069609000,continue,continue,0.2408147007226944,0.3216115534305572,0.2402423620223999,0.197331354022026,True,True,True,True
test|Mona_4_20260624_123706|1310402942000,Mona,Mona_4_20260624_123706,1310402942000,continue,continue,0.2447251081466674,0.3291256725788116,0.2096934616565704,0.2164557427167892,True,True,True,True
test|Mona_4_20260624_123706|1310736275000,Mona,Mona_4_20260624_123706,1310736275000,continue,continue,0.2546114921569824,0.3321459889411926,0.1810931116342544,0.2321493774652481,True,True,True,True
test|Mona_4_20260624_123706|1311069609000,Mona,Mona_4_20260624_123706,1311069609000,continue,continue,0.2671900689601898,0.3335486948490143,0.1565354168415069,0.2427258044481277,True,True,True,True
test|Mona_4_20260624_123706|1311402942000,Mona,Mona_4_20260624_123706,1311402942000,continue,continue,0.2743649780750274,0.331765741109848,0.1452177762985229,0.2486514449119568,True,True,True,True
test|Mona_4_20260624_123706|1311736275000,Mona,Mona_4_20260624_123706,1311736275000,continue,continue,0.2821161150932312,0.3165827393531799,0.1421830654144287,0.2591181099414825,True,True,True,True
test|Mona_4_20260624_123706|1312069609000,Mona,Mona_4_20260624_123706,1312069609000,continue,continue,0.2895612120628357,0.3029616773128509,0.1417131721973419,0.2657639384269714,True,True,True,True
test|Mona_4_20260624_123706|1312402942000,Mona,Mona_4_20260624_123706,1312402942000,continue,continue,0.2935337126255035,0.2904139161109924,0.1455494910478592,0.2705028355121612,True,True,True,True
test|Mona_4_20260624_123706|1312736275000,Mona,Mona_4_20260624_123706,1312736275000,continue,continue,0.2950275838375091,0.2858177423477173,0.1488475948572158,0.2703070640563965,True,True,True,True
test|Mona_4_20260624_123706|1313069609000,Mona,Mona_4_20260624_123706,1313069609000,continue,continue,0.2936047613620758,0.2939885556697845,0.1449645310640335,0.2674420773983001,True,True,True,True
test|Mona_4_20260624_123706|1313402942000,Mona,Mona_4_20260624_123706,1313402942000,continue,continue,0.2908544540405273,0.3077589869499206,0.1382344514131546,0.2631520926952362,True,True,True,True
test|Mona_4_20260624_123706|1313736275000,Mona,Mona_4_20260624_123706,1313736275000,continue,continue,0.2828847169876098,0.3317584097385406,0.1370968967676162,0.2482599765062332,True,True,True,True
test|Mona_4_20260624_123706|1314069609000,Mona,Mona_4_20260624_123706,1314069609000,continue,continue,0.2597528100013733,0.3556337654590606,0.1399140805006027,0.2446993887424469,True,True,True,True
test|Mona_4_20260624_123706|1314402942000,Mona,Mona_4_20260624_123706,1314402942000,continue,handover,0.2343968749046325,0.3831933736801147,0.1389073878526687,0.2435023784637451,True,True,True,True
test|Mona_4_20260624_123706|1314736275000,Mona,Mona_4_20260624_123706,1314736275000,continue,handover,0.2267607152462005,0.3951559364795685,0.1430732011795044,0.2350101321935653,True,True,True,True
test|Mona_4_20260624_123706|1315069609000,Mona,Mona_4_20260624_123706,1315069609000,continue,handover,0.2218723893165588,0.4014109075069427,0.1526918411254882,0.2240248769521713,True,True,True,True
test|Mona_4_20260624_123706|1315402942000,Mona,Mona_4_20260624_123706,1315402942000,continue,handover,0.2150614559650421,0.4078100025653839,0.154856264591217,0.2222721874713897,True,True,True,True
test|Mona_4_20260624_123706|1315736275000,Mona,Mona_4_20260624_123706,1315736275000,continue,handover,0.2178787142038345,0.4043256044387817,0.1519337445497512,0.2258619219064712,True,True,True,True
test|Mona_4_20260624_123706|1316069609000,Mona,Mona_4_20260624_123706,1316069609000,continue,continue,0.2446132749319076,0.3780576586723327,0.1519430130720138,0.2253860682249069,True,True,True,True
test|Mona_4_20260624_123706|1316402942000,Mona,Mona_4_20260624_123706,1316402942000,continue,continue,0.2703860104084015,0.3513165116310119,0.1503647118806839,0.2279327809810638,True,True,True,True
test|Mona_4_20260624_123706|1316736275000,Mona,Mona_4_20260624_123706,1316736275000,continue,continue,0.2731827795505523,0.3416864573955536,0.1444295346736908,0.2407011985778808,True,True,True,True
test|Mona_4_20260624_123706|1317069609000,Mona,Mona_4_20260624_123706,1317069609000,continue,continue,0.299173355102539,0.3240575194358825,0.1311693489551544,0.2455997765064239,True,True,True,True
test|Mona_4_20260624_123706|1317402942000,Mona,Mona_4_20260624_123706,1317402942000,continue,continue,0.3216715157032013,0.3027711808681488,0.130632221698761,0.2449250221252441,True,True,True,True
test|Mona_4_20260624_123706|1317736275000,Mona,Mona_4_20260624_123706,1317736275000,continue,continue,0.3249110281467438,0.2971538603305816,0.1331667751073837,0.244768351316452,True,True,True,True
test|Mona_4_20260624_123706|1318069609000,Mona,Mona_4_20260624_123706,1318069609000,continue,continue,0.3154989182949066,0.3001437783241272,0.1380793154239654,0.2462779283523559,True,True,True,True
test|Mona_4_20260624_123706|1318402942000,Mona,Mona_4_20260624_123706,1318402942000,continue,continue,0.3065574169158935,0.2984864711761474,0.1530909240245819,0.2418652325868606,True,True,True,True
test|Mona_4_20260624_123706|1318736275000,Mona,Mona_4_20260624_123706,1318736275000,continue,continue,0.30564084649086,0.2964523732662201,0.1634396165609359,0.2344671636819839,True,True,True,True
test|Mona_4_20260624_123706|1319069609000,Mona,Mona_4_20260624_123706,1319069609000,continue,continue,0.2996347844600677,0.2929375469684601,0.1749750226736068,0.2324526458978653,True,True,True,True
test|Mona_4_20260624_123706|1319402942000,Mona,Mona_4_20260624_123706,1319402942000,continue,continue,0.2941382825374603,0.2949497401714325,0.1805151551961898,0.2303967922925949,True,True,True,True
test|Mona_4_20260624_123706|1319736275000,Mona,Mona_4_20260624_123706,1319736275000,continue,continue,0.301039844751358,0.2836304605007171,0.1806777417659759,0.2346519976854324,True,True,True,True
test|Mona_4_20260624_123706|1320069609000,Mona,Mona_4_20260624_123706,1320069609000,continue,continue,0.309087872505188,0.2807038426399231,0.1755229085683822,0.2346853911876678,True,True,True,True
test|Mona_4_20260624_123706|1320402942000,Mona,Mona_4_20260624_123706,1320402942000,continue,continue,0.3164955079555511,0.2882931530475616,0.1641338765621185,0.2310775220394134,True,True,True,True
test|Mona_4_20260624_123706|1320736275000,Mona,Mona_4_20260624_123706,1320736275000,continue,continue,0.317157506942749,0.2997327148914337,0.1547347754240036,0.22837495803833,True,True,True,True
test|Mona_4_20260624_123706|1321069609000,Mona,Mona_4_20260624_123706,1321069609000,continue,continue,0.3160204887390136,0.3156826198101043,0.1500282734632492,0.2182686328887939,True,True,True,True
test|Mona_4_20260624_123706|1321402942000,Mona,Mona_4_20260624_123706,1321402942000,continue,continue,0.307934820652008,0.3312105536460876,0.1508725136518478,0.2099820673465728,True,True,True,True
test|Mona_4_20260624_123706|1321736275000,Mona,Mona_4_20260624_123706,1321736275000,continue,continue,0.2990007102489471,0.3394080400466919,0.154966726899147,0.2066245228052139,True,True,True,True
test|Mona_4_20260624_123706|1322069609000,Mona,Mona_4_20260624_123706,1322069609000,continue,continue,0.2912291586399078,0.3381182551383972,0.1624178290367126,0.2082347422838211,True,True,True,True
test|Mona_4_20260624_123706|1322402942000,Mona,Mona_4_20260624_123706,1322402942000,continue,continue,0.286597192287445,0.3332984745502472,0.1692238301038742,0.2108805328607559,True,True,True,True
test|Mona_4_20260624_123706|1322736275000,Mona,Mona_4_20260624_123706,1322736275000,continue,continue,0.2894380986690521,0.3260534405708313,0.1683667600154876,0.2161416858434677,True,True,True,True
test|Mona_4_20260624_123706|1323069609000,Mona,Mona_4_20260624_123706,1323069609000,continue,continue,0.290993183851242,0.3208847641944885,0.1653973311185836,0.2227247506380081,True,True,True,True
test|Mona_4_20260624_123706|1323402942000,Mona,Mona_4_20260624_123706,1323402942000,continue,continue,0.2900746762752533,0.3169510960578918,0.1616682410240173,0.2313059866428375,True,True,True,True
test|Mona_4_20260624_123706|1323736275000,Mona,Mona_4_20260624_123706,1323736275000,continue,continue,0.289007306098938,0.3197734653949737,0.160475417971611,0.2307438105344772,True,True,True,True
test|Mona_4_20260624_123706|1324069609000,Mona,Mona_4_20260624_123706,1324069609000,continue,continue,0.2862671017646789,0.3245138227939605,0.155404195189476,0.2338148653507232,True,True,True,True
test|Mona_4_20260624_123706|1324402942000,Mona,Mona_4_20260624_123706,1324402942000,continue,continue,0.280458003282547,0.3337664306163788,0.1525155007839203,0.2332600057125091,True,True,True,True
test|Mona_4_20260624_123706|1324736275000,Mona,Mona_4_20260624_123706,1324736275000,continue,continue,0.269438624382019,0.3471880555152893,0.153112918138504,0.2302603870630264,True,True,True,True
test|Mona_4_20260624_123706|1325069609000,Mona,Mona_4_20260624_123706,1325069609000,continue,continue,0.2553009688854217,0.3645936548709869,0.1538438647985458,0.2262614965438842,True,True,True,True
test|Mona_4_20260624_123706|1325402942000,Mona,Mona_4_20260624_123706,1325402942000,continue,continue,0.241769328713417,0.3826192319393158,0.1598125845193863,0.2157988548278808,True,True,True,True
test|Mona_4_20260624_123706|1325736275000,Mona,Mona_4_20260624_123706,1325736275000,continue,continue,0.2298949360847473,0.3979544639587402,0.1608523428440094,0.2112982720136642,True,True,True,True
test|Mona_4_20260624_123706|1326069609000,Mona,Mona_4_20260624_123706,1326069609000,continue,continue,0.2354238182306289,0.3820312321186065,0.1657672226428985,0.2167777121067047,True,True,True,True
test|Mona_4_20260624_123706|1326402942000,Mona,Mona_4_20260624_123706,1326402942000,continue,continue,0.2478442788124084,0.3615641593933105,0.1665942668914795,0.2239973545074463,True,True,True,True
test|Mona_4_20260624_123706|1326736275000,Mona,Mona_4_20260624_123706,1326736275000,continue,continue,0.2578387558460235,0.3370348811149597,0.1736768931150436,0.2314494401216507,True,True,True,True
test|Mona_4_20260624_123706|1327069609000,Mona,Mona_4_20260624_123706,1327069609000,continue,continue,0.2685354948043823,0.3146617412567138,0.1804377883672714,0.2363650053739547,True,True,True,True
test|Mona_4_20260624_123706|1327402942000,Mona,Mona_4_20260624_123706,1327402942000,continue,continue,0.2727653384208679,0.300505131483078,0.1865118891000747,0.2402176707983017,True,True,True,True
test|Mona_4_20260624_123706|1327736275000,Mona,Mona_4_20260624_123706,1327736275000,continue,continue,0.2754909694194793,0.2904293835163116,0.1888562887907028,0.2452232837677002,True,True,True,True
test|Mona_4_20260624_123706|1328069609000,Mona,Mona_4_20260624_123706,1328069609000,continue,continue,0.2798602283000946,0.2938861548900604,0.1914707869291305,0.234782800078392,True,True,True,True
test|Mona_4_20260624_123706|1328402942000,Mona,Mona_4_20260624_123706,1328402942000,continue,continue,0.2862341701984405,0.3030344843864441,0.1840502321720123,0.2266810536384582,True,True,True,True
test|Mona_4_20260624_123706|1328736275000,Mona,Mona_4_20260624_123706,1328736275000,continue,continue,0.2847037613391876,0.312127411365509,0.1741242259740829,0.229044571518898,True,True,True,True
test|Mona_4_20260624_123706|1329069609000,Mona,Mona_4_20260624_123706,1329069609000,continue,continue,0.2795799970626831,0.3230535089969635,0.1642091572284698,0.2331573516130447,True,True,True,True
test|Mona_4_20260624_123706|1329402942000,Mona,Mona_4_20260624_123706,1329402942000,continue,continue,0.2809846699237823,0.3295622766017914,0.1537317186594009,0.2357213795185089,True,True,True,True
test|Mona_4_20260624_123706|1329736275000,Mona,Mona_4_20260624_123706,1329736275000,continue,continue,0.283641368150711,0.3329345881938934,0.1483635306358337,0.2350605428218841,True,True,True,True
test|Mona_4_20260624_123706|1330069609000,Mona,Mona_4_20260624_123706,1330069609000,continue,continue,0.2827382981777191,0.3294078707695007,0.1482093781232834,0.2396444380283355,True,True,True,True
test|Mona_4_20260624_123706|1330402942000,Mona,Mona_4_20260624_123706,1330402942000,continue,continue,0.282527893781662,0.3223827481269836,0.1583162099123001,0.2367731183767318,True,True,True,True
test|Mona_4_20260624_123706|1330736275000,Mona,Mona_4_20260624_123706,1330736275000,continue,continue,0.2890356183052063,0.3248679637908935,0.1665668189525604,0.2195295840501785,True,True,True,True
test|Mona_4_20260624_123706|1331069609000,Mona,Mona_4_20260624_123706,1331069609000,continue,continue,0.2959316074848175,0.3274244964122772,0.1701590716838836,0.2064848393201828,True,True,True,True
test|Mona_4_20260624_123706|1331402942000,Mona,Mona_4_20260624_123706,1331402942000,continue,continue,0.2986540198326111,0.3269538283348083,0.1693442165851593,0.2050479054450988,True,True,True,True
test|Mona_4_20260624_123706|1331736275000,Mona,Mona_4_20260624_123706,1331736275000,continue,continue,0.2998675107955932,0.3244786560535431,0.1696545332670211,0.205999344587326,True,True,True,True
test|Mona_4_20260624_123706|1332069609000,Mona,Mona_4_20260624_123706,1332069609000,continue,continue,0.2994766533374786,0.3137074708938598,0.1702117323875427,0.2166042029857635,True,True,True,True
test|Mona_4_20260624_123706|1332402942000,Mona,Mona_4_20260624_123706,1332402942000,continue,continue,0.2977933585643768,0.306104451417923,0.1679309159517288,0.2281713187694549,True,True,True,True
test|Mona_4_20260624_123706|1332736275000,Mona,Mona_4_20260624_123706,1332736275000,continue,continue,0.2977213859558105,0.3001855909824371,0.1658250838518142,0.2362679988145828,True,True,True,True
test|Mona_4_20260624_123706|1333069609000,Mona,Mona_4_20260624_123706,1333069609000,continue,continue,0.2942326664924621,0.3019223809242248,0.1683937460184097,0.2354512214660644,True,True,True,True
test|Mona_4_20260624_123706|1333402942000,Mona,Mona_4_20260624_123706,1333402942000,continue,continue,0.2885660827159881,0.3083665370941162,0.1724883913993835,0.2305790334939956,True,True,True,True
test|Mona_4_20260624_123706|1333736275000,Mona,Mona_4_20260624_123706,1333736275000,continue,continue,0.2816632091999054,0.3122651576995849,0.1748692244291305,0.2312023937702179,True,True,True,True
test|Mona_4_20260624_123706|1334069609000,Mona,Mona_4_20260624_123706,1334069609000,continue,continue,0.275488018989563,0.3206630349159241,0.1759135872125625,0.2279353588819503,True,True,True,True
test|Mona_4_20260624_123706|1334402942000,Mona,Mona_4_20260624_123706,1334402942000,continue,continue,0.2748975157737732,0.3270903825759887,0.1777009069919586,0.2203111797571182,True,True,True,True
test|Mona_4_20260624_123706|1334736275000,Mona,Mona_4_20260624_123706,1334736275000,continue,continue,0.2748542726039886,0.3270992040634155,0.1791301220655441,0.2189163863658905,True,True,True,True
test|Mona_4_20260624_123706|1335069609000,Mona,Mona_4_20260624_123706,1335069609000,continue,continue,0.2767352163791656,0.3232496976852417,0.1774418205022812,0.2225732654333114,True,True,True,True
test|Mona_4_20260624_123706|1335402942000,Mona,Mona_4_20260624_123706,1335402942000,continue,continue,0.2745430469512939,0.3224399089813232,0.1729986816644668,0.2300183176994323,True,True,True,True
test|Mona_4_20260624_123706|1335736275000,Mona,Mona_4_20260624_123706,1335736275000,continue,continue,0.2738794982433319,0.3118935525417328,0.1735789179801941,0.2406479865312576,True,True,True,True
test|Mona_4_20260624_123706|1336069609000,Mona,Mona_4_20260624_123706,1336069609000,continue,continue,0.2694431245326996,0.2986951172351837,0.1748884171247482,0.2569733262062073,True,True,True,True
test|Mona_4_20260624_123706|1336402942000,Mona,Mona_4_20260624_123706,1336402942000,continue,fetch,0.2568337321281433,0.3035500347614288,0.1707932204008102,0.2688230574131012,True,True,True,True
test|Mona_4_20260624_123706|1336736275000,Mona,Mona_4_20260624_123706,1336736275000,continue,fetch,0.2434330284595489,0.3172070682048797,0.1665122956037521,0.2728475630283355,True,True,True,True
test|Mona_4_20260624_123706|1337069609000,Mona,Mona_4_20260624_123706,1337069609000,continue,fetch,0.2353373169898986,0.3230549693107605,0.162097692489624,0.2795100510120392,True,True,True,True
test|Mona_4_20260624_123706|1337402942000,Mona,Mona_4_20260624_123706,1337402942000,fetch,fetch,0.2316307872533798,0.3276230096817016,0.1608803868293762,0.2798658013343811,True,True,True,True
test|Mona_4_20260624_123706|1337736275000,Mona,Mona_4_20260624_123706,1337736275000,fetch,fetch,0.2303778827190399,0.3390481173992157,0.1598257422447204,0.2707481682300567,True,True,True,True
test|Mona_4_20260624_123706|1338069609000,Mona,Mona_4_20260624_123706,1338069609000,fetch,fetch,0.21567964553833,0.3798260986804962,0.1535724550485611,0.2509218454360962,True,True,True,True
test|Mona_4_20260624_123706|1338402942000,Mona,Mona_4_20260624_123706,1338402942000,fetch,fetch,0.2248567789793014,0.3518969714641571,0.160998985171318,0.2622472941875458,True,True,True,True
test|Mona_4_20260624_123706|1338736275000,Mona,Mona_4_20260624_123706,1338736275000,fetch,fetch,0.229950949549675,0.3349127471446991,0.1641276627779007,0.2710086107254028,True,True,True,True
test|Mona_4_20260624_123706|1339069609000,Mona,Mona_4_20260624_123706,1339069609000,fetch,fetch,0.2319570332765579,0.322548896074295,0.1712800711393356,0.2742139399051666,True,True,True,True
test|Mona_4_20260624_123706|1339402942000,Mona,Mona_4_20260624_123706,1339402942000,fetch,fetch,0.2282145470380783,0.3241123259067535,0.1777528822422027,0.2699202597141266,True,True,True,True
test|Mona_4_20260624_123706|1339736275000,Mona,Mona_4_20260624_123706,1339736275000,fetch,fetch,0.2198521345853805,0.3287740349769592,0.1845008432865142,0.2668729722499847,True,True,True,True
test|Mona_4_20260624_123706|1340069609000,Mona,Mona_4_20260624_123706,1340069609000,fetch,fetch,0.2172168791294098,0.3307158052921295,0.1907555162906646,0.2613117694854736,True,True,True,True
test|Mona_4_20260624_123706|1340402942000,Mona,Mona_4_20260624_123706,1340402942000,fetch,fetch,0.2125046700239181,0.3330790996551513,0.198549136519432,0.2558670341968536,True,True,True,True
test|Mona_4_20260624_123706|1340736275000,Mona,Mona_4_20260624_123706,1340736275000,fetch,fetch,0.2088168710470199,0.3284473717212677,0.2066493183374405,0.2560864090919494,True,True,True,True
test|Mona_4_20260624_123706|1341069609000,Mona,Mona_4_20260624_123706,1341069609000,fetch,fetch,0.2051844298839569,0.3323886394500732,0.2069283723831176,0.2554985284805298,True,True,True,True
test|Mona_4_20260624_123706|1341402942000,Mona,Mona_4_20260624_123706,1341402942000,fetch,fetch,0.2037840485572815,0.3369689583778381,0.2050402015447616,0.2542068064212799,True,True,True,True
test|Mona_4_20260624_123706|1341736275000,Mona,Mona_4_20260624_123706,1341736275000,fetch,fetch,0.2042908668518066,0.3378526270389557,0.204547494649887,0.2533090710639953,True,True,True,True
test|Mona_4_20260624_123706|1342069609000,Mona,Mona_4_20260624_123706,1342069609000,fetch,fetch,0.2057287842035293,0.337416261434555,0.1988910287618637,0.2579639554023742,True,True,True,True
test|Mona_4_20260624_123706|1342402942000,Mona,Mona_4_20260624_123706,1342402942000,fetch,fetch,0.2107877433300018,0.3294312059879303,0.1941179931163787,0.2656630575656891,True,True,True,True
test|Mona_4_20260624_123706|1342736275000,Mona,Mona_4_20260624_123706,1342736275000,fetch,fetch,0.2135079056024551,0.3308291137218475,0.1861351877450943,0.269527792930603,True,True,True,True
test|Mona_4_20260624_123706|1345069609000,Mona,Mona_4_20260624_123706,1345069609000,handover,handover,0.2151459157466888,0.3278055191040039,0.178394004702568,0.2786546051502228,True,True,True,True
test|Mona_4_20260624_123706|1345402942000,Mona,Mona_4_20260624_123706,1345402942000,handover,handover,0.2186640202999115,0.3176510334014892,0.1837037056684494,0.2799812257289886,True,True,True,True
test|Mona_4_20260624_123706|1345736275000,Mona,Mona_4_20260624_123706,1345736275000,handover,handover,0.2231468260288238,0.3090591728687286,0.1878435611724853,0.2799504101276397,True,True,True,True
test|Mona_4_20260624_123706|1346069609000,Mona,Mona_4_20260624_123706,1346069609000,handover,handover,0.2259680181741714,0.3137215077877044,0.1862851530313491,0.2740252912044525,True,True,True,True
test|Mona_4_20260624_123706|1346402942000,Mona,Mona_4_20260624_123706,1346402942000,handover,handover,0.2236117571592331,0.3196324706077575,0.1846017390489578,0.2721540331840515,True,True,True,True
test|Mona_4_20260624_123706|1346736275000,Mona,Mona_4_20260624_123706,1346736275000,handover,handover,0.2163358032703399,0.3318277895450592,0.1825128644704818,0.2693235278129577,True,True,True,True
test|Mona_4_20260624_123706|1347069609000,Mona,Mona_4_20260624_123706,1347069609000,handover,handover,0.213546022772789,0.3308026492595672,0.1847020238637924,0.2709492743015289,True,True,True,True
test|Mona_4_20260624_123706|1347402942000,Mona,Mona_4_20260624_123706,1347402942000,handover,handover,0.2125117182731628,0.3281911015510559,0.185376763343811,0.2739203870296478,True,True,True,True
test|Mona_4_20260624_123706|1347736275000,Mona,Mona_4_20260624_123706,1347736275000,handover,handover,0.2122517675161361,0.3267342448234558,0.1862158328294754,0.2747981250286102,True,True,True,True
test|Mona_4_20260624_123706|1348069609000,Mona,Mona_4_20260624_123706,1348069609000,handover,handover,0.2110623717308044,0.324654757976532,0.188512846827507,0.2757700085639953,True,True,True,True
test|Mona_5_20260624_123814|1377869609000,Mona,Mona_5_20260624_123814,1377869609000,continue,continue,0.2553858160972595,0.3394791185855865,0.1931359618902206,0.2119991481304168,True,True,True,True
test|Mona_5_20260624_123814|1378202943000,Mona,Mona_5_20260624_123814,1378202943000,continue,continue,0.2574096918106079,0.3249719142913818,0.1955777406692505,0.2220406234264373,True,True,True,True
test|Mona_5_20260624_123814|1378536276000,Mona,Mona_5_20260624_123814,1378536276000,continue,continue,0.2674552798271179,0.3110878467559814,0.191647931933403,0.2298089414834976,True,True,True,True
test|Mona_5_20260624_123814|1378869609000,Mona,Mona_5_20260624_123814,1378869609000,continue,continue,0.2755033373832702,0.3022630214691162,0.1860080808401107,0.2362255603075027,True,True,True,True
test|Mona_5_20260624_123814|1379202943000,Mona,Mona_5_20260624_123814,1379202943000,continue,continue,0.2864107489585876,0.291840523481369,0.1732026636600494,0.2485460937023162,True,True,True,True
test|Mona_5_20260624_123814|1379536276000,Mona,Mona_5_20260624_123814,1379536276000,continue,continue,0.2876951992511749,0.292178064584732,0.1611522585153579,0.2589744627475738,True,True,True,True
test|Mona_5_20260624_123814|1379869609000,Mona,Mona_5_20260624_123814,1379869609000,continue,continue,0.2886595726013183,0.2925480902194977,0.1560768783092498,0.2627154588699341,True,True,True,True
test|Mona_5_20260624_123814|1380202943000,Mona,Mona_5_20260624_123814,1380202943000,continue,continue,0.2882626950740814,0.2959770560264587,0.1522357016801834,0.26352459192276,True,True,True,True
test|Mona_5_20260624_123814|1380536276000,Mona,Mona_5_20260624_123814,1380536276000,continue,continue,0.2855495810508728,0.3064967691898346,0.1534735858440399,0.2544800639152527,True,True,True,True
test|Mona_5_20260624_123814|1380869609000,Mona,Mona_5_20260624_123814,1380869609000,continue,continue,0.2831608951091766,0.3170883655548095,0.1535845100879669,0.2461663037538528,True,True,True,True
test|Mona_5_20260624_123814|1381202943000,Mona,Mona_5_20260624_123814,1381202943000,continue,continue,0.2748802900314331,0.3312138617038727,0.1547762602567672,0.2391295284032821,True,True,True,True
test|Mona_5_20260624_123814|1381536276000,Mona,Mona_5_20260624_123814,1381536276000,continue,continue,0.2633241415023803,0.3399388790130615,0.1617775708436966,0.2349593788385391,True,True,True,True
test|Mona_5_20260624_123814|1381869609000,Mona,Mona_5_20260624_123814,1381869609000,continue,continue,0.2663188874721527,0.3365689218044281,0.1649869233369827,0.2321252673864364,True,True,True,True
test|Mona_5_20260624_123814|1382202943000,Mona,Mona_5_20260624_123814,1382202943000,continue,continue,0.2703101336956024,0.3354400992393493,0.1644515991210937,0.229798212647438,True,True,True,True
test|Mona_5_20260624_123814|1382536276000,Mona,Mona_5_20260624_123814,1382536276000,continue,continue,0.2786613404750824,0.3241555690765381,0.1655057221651077,0.231677308678627,True,True,True,True
test|Mona_5_20260624_123814|1382869609000,Mona,Mona_5_20260624_123814,1382869609000,continue,continue,0.2906396985054016,0.3066515922546386,0.1626426875591278,0.2400660216808319,True,True,True,True
test|Mona_5_20260624_123814|1383202943000,Mona,Mona_5_20260624_123814,1383202943000,continue,continue,0.3030161559581756,0.2917890548706054,0.1583764255046844,0.2468183785676956,True,True,True,True
test|Mona_5_20260624_123814|1383536276000,Mona,Mona_5_20260624_123814,1383536276000,continue,continue,0.3171761631965637,0.2788862586021423,0.1503537446260452,0.2535838186740875,True,True,True,True
test|Mona_5_20260624_123814|1383869609000,Mona,Mona_5_20260624_123814,1383869609000,continue,continue,0.3275845646858215,0.2716151773929596,0.1403100937604904,0.2604901492595672,True,True,True,True
test|Mona_5_20260624_123814|1384202943000,Mona,Mona_5_20260624_123814,1384202943000,continue,continue,0.3282664120197296,0.2642792761325836,0.144325241446495,0.2631290555000305,True,True,True,True
test|Mona_5_20260624_123814|1384536276000,Mona,Mona_5_20260624_123814,1384536276000,continue,fetch,0.3119992017745971,0.2649069726467132,0.1560265570878982,0.2670672833919525,True,True,True,True
test|Mona_5_20260624_123814|1384869609000,Mona,Mona_5_20260624_123814,1384869609000,continue,fetch,0.2992049157619476,0.2596281170845032,0.1698227971792221,0.2713442146778106,True,True,True,True
test|Mona_5_20260624_123814|1385202943000,Mona,Mona_5_20260624_123814,1385202943000,continue,fetch,0.2862238883972168,0.2573255598545074,0.1846690773963928,0.2717814445495605,True,True,True,True
test|Mona_5_20260624_123814|1385536276000,Mona,Mona_5_20260624_123814,1385536276000,continue,continue,0.2785335481166839,0.2591896951198578,0.1988225430250167,0.2634542286396026,True,True,True,True
test|Mona_5_20260624_123814|1385869609000,Mona,Mona_5_20260624_123814,1385869609000,continue,continue,0.2664101421833038,0.2677013874053955,0.2125587910413742,0.2533296942710876,True,True,True,True
test|Mona_5_20260624_123814|1386202943000,Mona,Mona_5_20260624_123814,1386202943000,continue,continue,0.2637824118137359,0.270986944437027,0.2123912125825882,0.25283944606781,True,True,True,True
test|Mona_5_20260624_123814|1386536276000,Mona,Mona_5_20260624_123814,1386536276000,continue,continue,0.2718828320503235,0.271024227142334,0.2075629532337188,0.2495300322771072,True,True,True,True
test|Mona_5_20260624_123814|1386869609000,Mona,Mona_5_20260624_123814,1386869609000,continue,continue,0.2756189107894897,0.2800316512584686,0.2040700018405914,0.2402794510126114,True,True,True,True
test|Mona_5_20260624_123814|1387202943000,Mona,Mona_5_20260624_123814,1387202943000,continue,continue,0.2777071893215179,0.2797770202159881,0.2023327052593231,0.240183025598526,True,True,True,True
test|Mona_5_20260624_123814|1387536276000,Mona,Mona_5_20260624_123814,1387536276000,continue,continue,0.2793561220169067,0.2747650444507599,0.2049401402473449,0.2409386783838272,True,True,True,True
test|Mona_5_20260624_123814|1387869609000,Mona,Mona_5_20260624_123814,1387869609000,continue,continue,0.281697005033493,0.2671142220497131,0.2082741111516952,0.2429146617650985,True,True,True,True
test|Mona_5_20260624_123814|1388202943000,Mona,Mona_5_20260624_123814,1388202943000,continue,continue,0.2852752804756164,0.2606517374515533,0.2162555158138275,0.2378174662590026,True,True,True,True
test|Mona_5_20260624_123814|1388536276000,Mona,Mona_5_20260624_123814,1388536276000,continue,continue,0.2886186242103576,0.2480910271406173,0.2202419936656952,0.2430483698844909,True,True,True,True
test|Mona_5_20260624_123814|1388869609000,Mona,Mona_5_20260624_123814,1388869609000,continue,continue,0.2921852171421051,0.2350363284349441,0.2219194322824478,0.2508590519428253,True,True,True,True
test|Mona_5_20260624_123814|1389202943000,Mona,Mona_5_20260624_123814,1389202943000,continue,continue,0.2949060201644897,0.235498309135437,0.2240067720413208,0.2455889135599136,True,True,True,True
test|Mona_5_20260624_123814|1389536276000,Mona,Mona_5_20260624_123814,1389536276000,continue,continue,0.300308346748352,0.2429782301187515,0.2187107354402542,0.2380026429891586,True,True,True,True
test|Mona_5_20260624_123814|1389869609000,Mona,Mona_5_20260624_123814,1389869609000,continue,continue,0.3007292449474334,0.2583342492580414,0.2128256112337112,0.2281108945608139,True,True,True,True
test|Mona_5_20260624_123814|1390202943000,Mona,Mona_5_20260624_123814,1390202943000,continue,continue,0.2927675545215606,0.2763577401638031,0.2101252675056457,0.2207494229078292,True,True,True,True
test|Mona_5_20260624_123814|1390536276000,Mona,Mona_5_20260624_123814,1390536276000,continue,continue,0.2878311574459076,0.2947598695755005,0.207027792930603,0.2103812098503112,True,True,True,True
test|Mona_5_20260624_123814|1390869609000,Mona,Mona_5_20260624_123814,1390869609000,continue,continue,0.2854292690753937,0.2989267110824585,0.2031171172857284,0.2125269174575805,True,True,True,True
test|Mona_5_20260624_123814|1391202943000,Mona,Mona_5_20260624_123814,1391202943000,continue,continue,0.2863839268684387,0.2978638708591461,0.1917241215705871,0.2240280658006668,True,True,True,True
test|Mona_5_20260624_123814|1391536276000,Mona,Mona_5_20260624_123814,1391536276000,continue,continue,0.2895251512527466,0.2885411381721496,0.1890140622854232,0.2329196631908416,True,True,True,True
test|Mona_5_20260624_123814|1391869609000,Mona,Mona_5_20260624_123814,1391869609000,continue,continue,0.2949994206428528,0.2767544686794281,0.1871591955423355,0.2410869747400283,True,True,True,True
test|Mona_5_20260624_123814|1392202943000,Mona,Mona_5_20260624_123814,1392202943000,continue,continue,0.3023876547813415,0.2651209533214569,0.1805745512247085,0.2519168257713318,True,True,True,True
test|Mona_5_20260624_123814|1392536276000,Mona,Mona_5_20260624_123814,1392536276000,continue,continue,0.3043274879455566,0.2571412622928619,0.1845050454139709,0.2540262043476105,True,True,True,True
test|Mona_5_20260624_123814|1392869609000,Mona,Mona_5_20260624_123814,1392869609000,continue,continue,0.3013521432876587,0.2565107941627502,0.1978275924921035,0.2443094700574875,True,True,True,True
test|Mona_5_20260624_123814|1393202943000,Mona,Mona_5_20260624_123814,1393202943000,continue,continue,0.2982091605663299,0.2629590034484863,0.2045715600252151,0.2342602610588073,True,True,True,True
test|Mona_5_20260624_123814|1393536276000,Mona,Mona_5_20260624_123814,1393536276000,continue,continue,0.297575443983078,0.2714517712593078,0.2009496986865997,0.2300231158733368,True,True,True,True
test|Mona_5_20260624_123814|1393869609000,Mona,Mona_5_20260624_123814,1393869609000,continue,continue,0.2894436419010162,0.2816566228866577,0.2014872729778289,0.227412462234497,True,True,True,True
test|Mona_5_20260624_123814|1394202943000,Mona,Mona_5_20260624_123814,1394202943000,continue,continue,0.2792694866657257,0.2869767546653747,0.2089025229215622,0.2248512208461761,True,True,True,True
test|Mona_5_20260624_123814|1394536276000,Mona,Mona_5_20260624_123814,1394536276000,continue,continue,0.2732164859771728,0.2917105257511139,0.2131498605012893,0.2219230830669403,True,True,True,True
test|Mona_5_20260624_123814|1394869609000,Mona,Mona_5_20260624_123814,1394869609000,continue,continue,0.2720244228839874,0.2964081168174743,0.2116462737321853,0.2199212312698364,True,True,True,True
test|Mona_5_20260624_123814|1395202943000,Mona,Mona_5_20260624_123814,1395202943000,continue,continue,0.2691548466682434,0.2967844605445862,0.2154304981231689,0.2186301499605178,True,True,True,True
test|Mona_5_20260624_123814|1395536276000,Mona,Mona_5_20260624_123814,1395536276000,continue,continue,0.2549508512020111,0.2976216673851013,0.2294404208660125,0.217987060546875,True,True,True,True
test|Mona_5_20260624_123814|1395869609000,Mona,Mona_5_20260624_123814,1395869609000,continue,continue,0.2495593577623367,0.2959658503532409,0.2341752648353576,0.2202994972467422,True,True,True,True
test|Mona_5_20260624_123814|1396202943000,Mona,Mona_5_20260624_123814,1396202943000,continue,continue,0.2509447038173675,0.2975848913192749,0.2340461462736129,0.2174242436885833,True,True,True,True
test|Mona_5_20260624_123814|1396536276000,Mona,Mona_5_20260624_123814,1396536276000,continue,continue,0.2492410242557525,0.3005099892616272,0.2289218306541443,0.2213271558284759,True,True,True,True
test|Mona_5_20260624_123814|1396869609000,Mona,Mona_5_20260624_123814,1396869609000,continue,continue,0.2428385466337204,0.3036724925041199,0.2253022491931915,0.2281867265701294,True,True,True,True
test|Mona_5_20260624_123814|1397202943000,Mona,Mona_5_20260624_123814,1397202943000,continue,continue,0.242064818739891,0.3034662008285522,0.2231950759887695,0.2312738597393036,True,True,True,True
test|Mona_5_20260624_123814|1397536276000,Mona,Mona_5_20260624_123814,1397536276000,continue,continue,0.2512316703796386,0.3053994476795196,0.2095292210578918,0.2338396310806274,True,True,True,True
test|Mona_5_20260624_123814|1397869609000,Mona,Mona_5_20260624_123814,1397869609000,continue,continue,0.2571869492530823,0.3069469928741455,0.202923372387886,0.2329427301883697,True,True,True,True
test|Mona_5_20260624_123814|1398202943000,Mona,Mona_5_20260624_123814,1398202943000,continue,continue,0.2565113306045532,0.2989632189273834,0.2119005471467971,0.2326249480247497,True,True,True,True
test|Mona_5_20260624_123814|1398536276000,Mona,Mona_5_20260624_123814,1398536276000,continue,continue,0.2569788694381714,0.2925586402416229,0.2222622334957122,0.228200301527977,True,True,True,True
test|Mona_5_20260624_123814|1398869609000,Mona,Mona_5_20260624_123814,1398869609000,continue,continue,0.2636383771896362,0.2890824377536773,0.2263368964195251,0.2209423184394836,True,True,True,True
test|Mona_5_20260624_123814|1399202943000,Mona,Mona_5_20260624_123814,1399202943000,continue,continue,0.2689688801765442,0.2865720093250274,0.2298755049705505,0.2145836651325225,True,True,True,True
test|Mona_5_20260624_123814|1399536276000,Mona,Mona_5_20260624_123814,1399536276000,continue,continue,0.2709351480007171,0.2797782719135284,0.2366983592510223,0.212588220834732,True,True,True,True
test|Mona_5_20260624_123814|1399869609000,Mona,Mona_5_20260624_123814,1399869609000,continue,continue,0.2704141438007355,0.2718906998634338,0.2387951165437698,0.2189000397920608,True,True,True,True
test|Mona_5_20260624_123814|1400202943000,Mona,Mona_5_20260624_123814,1400202943000,continue,continue,0.2746274769306183,0.2681716978549957,0.2330313920974731,0.2241694182157516,True,True,True,True
test|Mona_5_20260624_123814|1400536276000,Mona,Mona_5_20260624_123814,1400536276000,continue,continue,0.2799063920974731,0.2631678581237793,0.2272388041019439,0.2296870052814483,True,True,True,True
test|Mona_5_20260624_123814|1400869609000,Mona,Mona_5_20260624_123814,1400869609000,continue,continue,0.2795772552490234,0.2600080370903015,0.2216648459434509,0.2387498766183853,True,True,True,True
test|Mona_5_20260624_123814|1401202943000,Mona,Mona_5_20260624_123814,1401202943000,continue,continue,0.2780660390853882,0.2581689953804016,0.2196534872055053,0.2441115528345108,True,True,True,True
test|Mona_5_20260624_123814|1401536276000,Mona,Mona_5_20260624_123814,1401536276000,continue,continue,0.2779555320739746,0.2558311522006988,0.2225787788629531,0.2436345368623733,True,True,True,True
test|Mona_5_20260624_123814|1401869609000,Mona,Mona_5_20260624_123814,1401869609000,continue,continue,0.2773273289203644,0.2536284625530243,0.2266527563333511,0.2423914223909378,True,True,True,True
test|Mona_5_20260624_123814|1402202943000,Mona,Mona_5_20260624_123814,1402202943000,continue,continue,0.2787490785121918,0.2498724609613418,0.2310448437929153,0.240333616733551,True,True,True,True
test|Mona_5_20260624_123814|1402536276000,Mona,Mona_5_20260624_123814,1402536276000,continue,continue,0.2834933996200561,0.2519580423831939,0.2348193526268005,0.2297292053699493,True,True,True,True
test|Mona_5_20260624_123814|1402869609000,Mona,Mona_5_20260624_123814,1402869609000,continue,continue,0.2862712144851684,0.2556097507476806,0.2448221147060394,0.213296890258789,True,True,True,True
test|Mona_5_20260624_123814|1403202943000,Mona,Mona_5_20260624_123814,1403202943000,continue,continue,0.2867412865161896,0.2607177495956421,0.2507135570049286,0.2018274217844009,True,True,True,True
test|Mona_5_20260624_123814|1403536276000,Mona,Mona_5_20260624_123814,1403536276000,continue,continue,0.2893436849117279,0.266353040933609,0.2437835931777954,0.2005196660757064,True,True,True,True
test|Mona_5_20260624_123814|1403869609000,Mona,Mona_5_20260624_123814,1403869609000,continue,continue,0.2969004213809967,0.2707089781761169,0.2317540198564529,0.200636625289917,True,True,True,True
test|Mona_5_20260624_123814|1404202943000,Mona,Mona_5_20260624_123814,1404202943000,continue,continue,0.3024923205375671,0.2753208577632904,0.2159447968006134,0.2062420397996902,True,True,True,True
test|Mona_5_20260624_123814|1404536276000,Mona,Mona_5_20260624_123814,1404536276000,continue,continue,0.3026928007602691,0.2760319411754608,0.2021171599626541,0.2191580832004547,True,True,True,True
test|Mona_5_20260624_123814|1404869609000,Mona,Mona_5_20260624_123814,1404869609000,continue,continue,0.3034087717533111,0.2776891887187958,0.1857990324497223,0.2331030070781707,True,True,True,True
test|Mona_5_20260624_123814|1405202943000,Mona,Mona_5_20260624_123814,1405202943000,continue,continue,0.3035313785076141,0.27651447057724,0.1774438917636871,0.2425102740526199,True,True,True,True
test|Mona_5_20260624_123814|1405536276000,Mona,Mona_5_20260624_123814,1405536276000,continue,continue,0.3019956052303314,0.2723380327224731,0.1785951256752014,0.2470712214708328,True,True,True,True
test|Mona_5_20260624_123814|1405869609000,Mona,Mona_5_20260624_123814,1405869609000,continue,continue,0.303501695394516,0.2719455659389496,0.1798569709062576,0.244695782661438,True,True,True,True
test|Mona_5_20260624_123814|1406202943000,Mona,Mona_5_20260624_123814,1406202943000,continue,continue,0.3081541955471039,0.2698063254356384,0.1867141872644424,0.2353252619504928,True,True,True,True
test|Mona_5_20260624_123814|1406536276000,Mona,Mona_5_20260624_123814,1406536276000,continue,continue,0.3104675710201263,0.2702983021736145,0.1972308158874511,0.2220032811164856,True,True,True,True
test|Mona_5_20260624_123814|1406869609000,Mona,Mona_5_20260624_123814,1406869609000,continue,continue,0.308170348405838,0.2680360376834869,0.2061917334794998,0.2176019102334976,True,True,True,True
test|Mona_5_20260624_123814|1407202943000,Mona,Mona_5_20260624_123814,1407202943000,continue,continue,0.3036202788352966,0.270581841468811,0.2063483744859695,0.2194495350122451,True,True,True,True
test|Mona_5_20260624_123814|1407536276000,Mona,Mona_5_20260624_123814,1407536276000,continue,continue,0.3000755906105041,0.2743697464466095,0.2074290364980697,0.2181256115436554,True,True,True,True
test|Mona_5_20260624_123814|1407869609000,Mona,Mona_5_20260624_123814,1407869609000,continue,continue,0.2969855368137359,0.2766318917274475,0.2062710076570511,0.2201115489006042,True,True,True,True
test|Mona_5_20260624_123814|1408202943000,Mona,Mona_5_20260624_123814,1408202943000,continue,continue,0.2887696325778961,0.2827602326869964,0.2015341073274612,0.2269359678030014,True,True,True,True
test|Mona_5_20260624_123814|1408536276000,Mona,Mona_5_20260624_123814,1408536276000,continue,continue,0.2860095798969269,0.2817737460136413,0.1978321820497512,0.2343845069408416,True,True,True,True
test|Mona_5_20260624_123814|1408869609000,Mona,Mona_5_20260624_123814,1408869609000,continue,continue,0.2856497764587402,0.2781049609184265,0.1974512189626693,0.2387940436601638,True,True,True,True
test|Mona_5_20260624_123814|1409202943000,Mona,Mona_5_20260624_123814,1409202943000,continue,continue,0.2855373322963714,0.2733279168605804,0.2028390616178512,0.2382956892251968,True,True,True,True
test|Mona_5_20260624_123814|1409536276000,Mona,Mona_5_20260624_123814,1409536276000,continue,continue,0.2864459753036499,0.2750672101974487,0.1971325725317001,0.24135422706604,True,True,True,True
test|Mona_5_20260624_123814|1409869609000,Mona,Mona_5_20260624_123814,1409869609000,continue,continue,0.2863583266735077,0.2799691259860992,0.183320865035057,0.2503517270088196,True,True,True,True
test|Mona_5_20260624_123814|1410202943000,Mona,Mona_5_20260624_123814,1410202943000,continue,continue,0.287039041519165,0.2830450236797333,0.1703108549118042,0.2596051394939422,True,True,True,True
test|Mona_5_20260624_123814|1410536276000,Mona,Mona_5_20260624_123814,1410536276000,continue,fetch,0.2818602621555328,0.2929975092411041,0.1588821858167648,0.2662600576877594,True,True,True,True
test|Mona_5_20260624_123814|1410869609000,Mona,Mona_5_20260624_123814,1410869609000,fetch,fetch,0.2751539647579193,0.3027798235416412,0.1492969542741775,0.2727692127227783,True,True,True,True
test|Mona_5_20260624_123814|1411202943000,Mona,Mona_5_20260624_123814,1411202943000,fetch,fetch,0.2647494077682495,0.3134510815143585,0.1358334720134735,0.2859660685062408,True,True,True,True
test|Mona_5_20260624_123814|1411536276000,Mona,Mona_5_20260624_123814,1411536276000,fetch,fetch,0.224123403429985,0.4139776825904846,0.114212118089199,0.2476867884397506,True,True,True,True
test|Mona_5_20260624_123814|1411869609000,Mona,Mona_5_20260624_123814,1411869609000,fetch,fetch,0.2688405215740204,0.2864711284637451,0.1490208804607391,0.295667439699173,True,True,True,True
test|Mona_5_20260624_123814|1412202943000,Mona,Mona_5_20260624_123814,1412202943000,fetch,fetch,0.2666688859462738,0.2833459675312042,0.1625167578458786,0.2874684333801269,True,True,True,True
test|Mona_5_20260624_123814|1412536276000,Mona,Mona_5_20260624_123814,1412536276000,fetch,fetch,0.2628040015697479,0.2786187529563904,0.1800028681755066,0.2785743772983551,True,True,True,True
test|Mona_5_20260624_123814|1412869609000,Mona,Mona_5_20260624_123814,1412869609000,fetch,fetch,0.2594552040100097,0.2720321416854858,0.1968810409307479,0.2716316282749176,True,True,True,True
test|Mona_5_20260624_123814|1413202943000,Mona,Mona_5_20260624_123814,1413202943000,fetch,fetch,0.2560248970985412,0.2660300433635711,0.2109537720680236,0.2669912874698639,True,True,True,True
test|Mona_5_20260624_123814|1413536276000,Mona,Mona_5_20260624_123814,1413536276000,fetch,fetch,0.2554411590099334,0.2623391449451446,0.2203150242567062,0.2619046866893768,True,True,True,True
test|Mona_5_20260624_123814|1413869609000,Mona,Mona_5_20260624_123814,1413869609000,fetch,fetch,0.2587395310401916,0.2605876922607422,0.2260932773351669,0.254579484462738,True,True,True,True
test|Mona_5_20260624_123814|1414202943000,Mona,Mona_5_20260624_123814,1414202943000,fetch,fetch,0.2623017132282257,0.2599198818206787,0.2266471236944198,0.2511312961578369,True,True,True,True
test|Mona_5_20260624_123814|1414536276000,Mona,Mona_5_20260624_123814,1414536276000,fetch,fetch,0.2648538053035736,0.2588244974613189,0.2260017693042755,0.2503199279308319,True,True,True,True
test|Mona_5_20260624_123814|1414869609000,Mona,Mona_5_20260624_123814,1414869609000,fetch,fetch,0.2649555206298828,0.2587979733943939,0.2246555984020233,0.2515909075736999,True,True,True,True
test|Mona_5_20260624_123814|1415202943000,Mona,Mona_5_20260624_123814,1415202943000,fetch,fetch,0.2648200094699859,0.2589342296123504,0.2223730683326721,0.2538726925849914,True,True,True,True
test|Mona_5_20260624_123814|1415536276000,Mona,Mona_5_20260624_123814,1415536276000,fetch,fetch,0.2651724219322204,0.2622323036193847,0.2177870571613311,0.2548081874847412,True,True,True,True
test|Mona_5_20260624_123814|1415869609000,Mona,Mona_5_20260624_123814,1415869609000,fetch,fetch,0.2646016776561737,0.270423024892807,0.2073291540145874,0.2576461136341095,True,True,True,True
test|Mona_5_20260624_123814|1417869609000,Mona,Mona_5_20260624_123814,1417869609000,handover,handover,0.2112790197134018,0.3691351413726806,0.1720280796289444,0.2475577443838119,True,True,True,True
test|Mona_5_20260624_123814|1418202943000,Mona,Mona_5_20260624_123814,1418202943000,handover,handover,0.2005407512187957,0.3653108477592468,0.178219735622406,0.2559286057949066,True,True,True,True
test|Mona_5_20260624_123814|1418536276000,Mona,Mona_5_20260624_123814,1418536276000,handover,handover,0.1991257965564727,0.3476893901824951,0.1886566132307052,0.264528214931488,True,True,True,True
test|Mona_5_20260624_123814|1418869609000,Mona,Mona_5_20260624_123814,1418869609000,handover,handover,0.1991306245326995,0.3366712927818298,0.1934086680412292,0.2707894146442413,True,True,True,True
test|Mona_5_20260624_123814|1419202943000,Mona,Mona_5_20260624_123814,1419202943000,handover,handover,0.2061937898397445,0.3389596939086914,0.18631412088871,0.2685324251651764,True,True,True,True
test|Mona_5_20260624_123814|1419536276000,Mona,Mona_5_20260624_123814,1419536276000,handover,handover,0.2114240825176239,0.3518791198730469,0.1758395284414291,0.2608572244644165,True,True,True,True
test|Mona_5_20260624_123814|1419869609000,Mona,Mona_5_20260624_123814,1419869609000,handover,handover,0.2143044620752334,0.3664478957653045,0.1645556092262268,0.254692018032074,True,True,True,True
test|Mona_5_20260624_123814|1420202943000,Mona,Mona_5_20260624_123814,1420202943000,handover,handover,0.2182535231113433,0.3844054639339447,0.1509196609258651,0.2464214116334915,True,True,True,True
test|Mona_5_20260624_123814|1420536276000,Mona,Mona_5_20260624_123814,1420536276000,handover,handover,0.2186226099729538,0.4008574783802032,0.1407567113637924,0.2397632300853729,True,True,True,True
test|Mona_5_20260624_123814|1420869609000,Mona,Mona_5_20260624_123814,1420869609000,handover,handover,0.2148894965648651,0.4046832621097564,0.138826847076416,0.2416004836559295,True,True,True,True
test|Mona_6_20260624_123930|1453936276000,Mona,Mona_6_20260624_123930,1453936276000,continue,continue,0.2883873581886291,0.283260703086853,0.1997970640659332,0.2285548597574234,True,True,True,True
test|Mona_6_20260624_123930|1454269609000,Mona,Mona_6_20260624_123930,1454269609000,continue,continue,0.2824018597602844,0.2660250663757324,0.2161077409982681,0.2354653179645538,True,True,True,True
test|Mona_6_20260624_123930|1454602942000,Mona,Mona_6_20260624_123930,1454602942000,continue,continue,0.2752837836742401,0.2521948218345642,0.2351118326187133,0.2374096065759658,True,True,True,True
test|Mona_6_20260624_123930|1454936276000,Mona,Mona_6_20260624_123930,1454936276000,continue,continue,0.268418401479721,0.2433443367481231,0.2472512274980545,0.24098601937294,True,True,True,True
test|Mona_6_20260624_123930|1455269609000,Mona,Mona_6_20260624_123930,1455269609000,continue,continue,0.2752881348133087,0.2221703827381134,0.2564561665058136,0.2460853606462478,True,True,True,True
test|Mona_6_20260624_123930|1455602942000,Mona,Mona_6_20260624_123930,1455602942000,continue,continue,0.2803419530391693,0.2174161076545715,0.2551769316196441,0.2470650821924209,True,True,True,True
test|Mona_6_20260624_123930|1455936276000,Mona,Mona_6_20260624_123930,1455936276000,continue,continue,0.2838412225246429,0.2086040675640106,0.2545111775398254,0.253043532371521,True,True,True,True
test|Mona_6_20260624_123930|1456269609000,Mona,Mona_6_20260624_123930,1456269609000,continue,continue,0.2850330173969269,0.2074610739946365,0.2527084350585937,0.254797488451004,True,True,True,True
test|Mona_6_20260624_123930|1456602942000,Mona,Mona_6_20260624_123930,1456602942000,continue,continue,0.2877526879310608,0.2062929719686508,0.2458844035863876,0.2600699365139007,True,True,True,True
test|Mona_6_20260624_123930|1456936276000,Mona,Mona_6_20260624_123930,1456936276000,continue,continue,0.2911829948425293,0.2040346264839172,0.2427387833595276,0.2620436251163482,True,True,True,True
test|Mona_6_20260624_123930|1457269609000,Mona,Mona_6_20260624_123930,1457269609000,continue,continue,0.2931224703788757,0.202845424413681,0.2432088553905487,0.2608232796192169,True,True,True,True
test|Mona_6_20260624_123930|1457602942000,Mona,Mona_6_20260624_123930,1457602942000,continue,continue,0.2932214140892029,0.2039620578289032,0.2434441745281219,0.2593723833560943,True,True,True,True
test|Mona_6_20260624_123930|1457936276000,Mona,Mona_6_20260624_123930,1457936276000,continue,continue,0.2953181862831116,0.2042527943849563,0.2422379106283188,0.2581911385059356,True,True,True,True
test|Mona_6_20260624_123930|1458269609000,Mona,Mona_6_20260624_123930,1458269609000,continue,continue,0.2970090806484222,0.2025355994701385,0.2437308877706527,0.2567244172096252,True,True,True,True
test|Mona_6_20260624_123930|1458602942000,Mona,Mona_6_20260624_123930,1458602942000,continue,continue,0.2993901371955871,0.2015061527490615,0.2475838661193847,0.2515198588371277,True,True,True,True
test|Mona_6_20260624_123930|1458936276000,Mona,Mona_6_20260624_123930,1458936276000,continue,continue,0.3015928864479065,0.1946614980697631,0.2522904872894287,0.2514550983905792,True,True,True,True
test|Mona_6_20260624_123930|1459269609000,Mona,Mona_6_20260624_123930,1459269609000,continue,continue,0.302512377500534,0.1876169145107269,0.2550712823867798,0.2547994256019592,True,True,True,True
test|Mona_6_20260624_123930|1459602942000,Mona,Mona_6_20260624_123930,1459602942000,continue,continue,0.3075641393661499,0.1793966442346573,0.2579296827316284,0.255109578371048,True,True,True,True
test|Mona_6_20260624_123930|1459936276000,Mona,Mona_6_20260624_123930,1459936276000,continue,continue,0.3122301399707794,0.172123834490776,0.2611453533172607,0.2545006573200226,True,True,True,True
test|Mona_6_20260624_123930|1460269609000,Mona,Mona_6_20260624_123930,1460269609000,continue,continue,0.320385217666626,0.1719928830862045,0.2545567452907562,0.2530651986598968,True,True,True,True
test|Mona_6_20260624_123930|1460602942000,Mona,Mona_6_20260624_123930,1460602942000,continue,continue,0.3249128460884094,0.1733432859182357,0.2590100169181824,0.2427338361740112,True,True,True,True
test|Mona_6_20260624_123930|1460936276000,Mona,Mona_6_20260624_123930,1460936276000,continue,continue,0.3308655321598053,0.1983061283826828,0.2404125034809112,0.2304158061742782,True,True,True,True
test|Mona_6_20260624_123930|1461269609000,Mona,Mona_6_20260624_123930,1461269609000,continue,continue,0.3320545852184295,0.231360524892807,0.2174587100744247,0.2191261947154998,True,True,True,True
test|Mona_6_20260624_123930|1461602942000,Mona,Mona_6_20260624_123930,1461602942000,continue,continue,0.3238322138786316,0.2600157260894775,0.198424756526947,0.217727318406105,True,True,True,True
test|Mona_6_20260624_123930|1461936276000,Mona,Mona_6_20260624_123930,1461936276000,continue,continue,0.3110427558422088,0.2860053479671478,0.1826337128877639,0.2203181535005569,True,True,True,True
test|Mona_6_20260624_123930|1462269609000,Mona,Mona_6_20260624_123930,1462269609000,continue,continue,0.2857365012168884,0.3121585547924042,0.1781049370765686,0.2240000367164611,True,True,True,True
test|Mona_6_20260624_123930|1462602942000,Mona,Mona_6_20260624_123930,1462602942000,continue,continue,0.274748682975769,0.3250745832920074,0.1663247048854828,0.2338521033525467,True,True,True,True
test|Mona_6_20260624_123930|1462936276000,Mona,Mona_6_20260624_123930,1462936276000,continue,continue,0.2752044200897217,0.3187589049339294,0.1720463782548904,0.2339902967214584,True,True,True,True
test|Mona_6_20260624_123930|1463269609000,Mona,Mona_6_20260624_123930,1463269609000,continue,continue,0.2748869657516479,0.3151386678218841,0.1745330691337585,0.2354412823915481,True,True,True,True
test|Mona_6_20260624_123930|1463602942000,Mona,Mona_6_20260624_123930,1463602942000,continue,continue,0.277618944644928,0.3147554397583008,0.174807608127594,0.2328179478645324,True,True,True,True
test|Mona_6_20260624_123930|1463936276000,Mona,Mona_6_20260624_123930,1463936276000,continue,continue,0.2984539866447449,0.3029062747955322,0.1753250062465667,0.2233147025108337,True,True,True,True
test|Mona_6_20260624_123930|1464269609000,Mona,Mona_6_20260624_123930,1464269609000,continue,continue,0.3076698184013366,0.2897674441337585,0.1827008575201034,0.2198618948459625,True,True,True,True
test|Mona_6_20260624_123930|1464602942000,Mona,Mona_6_20260624_123930,1464602942000,continue,continue,0.3144800066947937,0.2771824300289154,0.1833388954401016,0.2249986827373504,True,True,True,True
test|Mona_6_20260624_123930|1464936276000,Mona,Mona_6_20260624_123930,1464936276000,continue,continue,0.3121624886989593,0.2710588276386261,0.1846358031034469,0.2321429103612899,True,True,True,True
test|Mona_6_20260624_123930|1465269609000,Mona,Mona_6_20260624_123930,1465269609000,continue,continue,0.3012208640575409,0.2591009736061096,0.2022973150014877,0.2373808473348617,True,True,True,True
test|Mona_6_20260624_123930|1465602942000,Mona,Mona_6_20260624_123930,1465602942000,continue,continue,0.292628526687622,0.2448894381523132,0.2236707657575607,0.2388112694025039,True,True,True,True
test|Mona_6_20260624_123930|1465936276000,Mona,Mona_6_20260624_123930,1465936276000,continue,continue,0.2885418236255646,0.2453731298446655,0.2246762216091156,0.2414088249206543,True,True,True,True
test|Mona_6_20260624_123930|1466269609000,Mona,Mona_6_20260624_123930,1466269609000,continue,continue,0.2905847728252411,0.2358762770891189,0.2225248366594314,0.2510140836238861,True,True,True,True
test|Mona_6_20260624_123930|1466602942000,Mona,Mona_6_20260624_123930,1466602942000,continue,continue,0.2889170348644256,0.2258194833993911,0.2344083786010742,0.2508550882339477,True,True,True,True
test|Mona_6_20260624_123930|1466936276000,Mona,Mona_6_20260624_123930,1466936276000,continue,continue,0.2865391075611114,0.2187050729990005,0.2453121542930603,0.24944369494915,True,True,True,True
test|Mona_6_20260624_123930|1467269609000,Mona,Mona_6_20260624_123930,1467269609000,continue,continue,0.2868829667568207,0.2178580164909362,0.2444480508565902,0.2508110105991363,True,True,True,True
test|Mona_6_20260624_123930|1467602942000,Mona,Mona_6_20260624_123930,1467602942000,continue,continue,0.2874383926391601,0.2183327674865722,0.2461455464363098,0.2480832785367965,True,True,True,True
test|Mona_6_20260624_123930|1467936276000,Mona,Mona_6_20260624_123930,1467936276000,continue,continue,0.2831213176250458,0.2120292484760284,0.2601678967475891,0.2446815222501754,True,True,True,True
test|Mona_6_20260624_123930|1468269609000,Mona,Mona_6_20260624_123930,1468269609000,continue,continue,0.2788378000259399,0.2134833037853241,0.2674667835235595,0.2402121424674987,True,True,True,True
test|Mona_6_20260624_123930|1468602942000,Mona,Mona_6_20260624_123930,1468602942000,continue,continue,0.2811804711818695,0.2180394530296325,0.2672099173069,0.2335701733827591,True,True,True,True
test|Mona_6_20260624_123930|1468936276000,Mona,Mona_6_20260624_123930,1468936276000,continue,continue,0.2835029363632202,0.222322940826416,0.2668207287788391,0.2273534685373306,True,True,True,True
test|Mona_6_20260624_123930|1469269609000,Mona,Mona_6_20260624_123930,1469269609000,continue,continue,0.2878245711326599,0.2234967201948166,0.2691762447357178,0.2195024490356445,True,True,True,True
test|Mona_6_20260624_123930|1469602942000,Mona,Mona_6_20260624_123930,1469602942000,continue,continue,0.2912505567073822,0.222456157207489,0.2681169211864471,0.2181763648986816,True,True,True,True
test|Mona_6_20260624_123930|1469936276000,Mona,Mona_6_20260624_123930,1469936276000,continue,continue,0.2979986071586609,0.2224213182926178,0.2653025686740875,0.2142775505781173,True,True,True,True
test|Mona_6_20260624_123930|1470269609000,Mona,Mona_6_20260624_123930,1470269609000,continue,continue,0.3045817017555237,0.2218758910894394,0.2594989538192749,0.2140434831380844,True,True,True,True
test|Mona_6_20260624_123930|1470602942000,Mona,Mona_6_20260624_123930,1470602942000,continue,continue,0.3104103207588196,0.2217914760112762,0.2493367940187454,0.2184613645076751,True,True,True,True
test|Mona_6_20260624_123930|1470936276000,Mona,Mona_6_20260624_123930,1470936276000,continue,continue,0.3198217153549194,0.2241904884576797,0.2343160063028335,0.2216717898845672,True,True,True,True
test|Mona_6_20260624_123930|1471269609000,Mona,Mona_6_20260624_123930,1471269609000,continue,continue,0.3300623893737793,0.2308862507343292,0.2138579040765762,0.2251934707164764,True,True,True,True
test|Mona_6_20260624_123930|1471602942000,Mona,Mona_6_20260624_123930,1471602942000,continue,continue,0.3396216332912445,0.240027517080307,0.1912577301263809,0.2290931046009063,True,True,True,True
test|Mona_6_20260624_123930|1471936276000,Mona,Mona_6_20260624_123930,1471936276000,continue,continue,0.3429365754127502,0.246233731508255,0.1780798435211181,0.2327498197555542,True,True,True,True
test|Mona_6_20260624_123930|1472269609000,Mona,Mona_6_20260624_123930,1472269609000,continue,continue,0.3439167737960815,0.2528961896896362,0.1653907001018524,0.2377963066101074,True,True,True,True
test|Mona_6_20260624_123930|1472602942000,Mona,Mona_6_20260624_123930,1472602942000,continue,continue,0.3361754715442657,0.2538555860519409,0.169497475028038,0.2404714971780777,True,True,True,True
test|Mona_6_20260624_123930|1472936276000,Mona,Mona_6_20260624_123930,1472936276000,continue,fetch,0.315589964389801,0.2582677602767944,0.1825937926769256,0.24354849755764,True,True,True,True
test|Mona_6_20260624_123930|1473269609000,Mona,Mona_6_20260624_123930,1473269609000,continue,fetch,0.3062509000301361,0.2559948861598968,0.1957345902919769,0.2420195788145065,True,True,True,True
test|Mona_6_20260624_123930|1473602942000,Mona,Mona_6_20260624_123930,1473602942000,continue,continue,0.3057879209518432,0.2546581327915191,0.2058860659599304,0.2336679250001907,True,True,True,True
test|Mona_6_20260624_123930|1473936276000,Mona,Mona_6_20260624_123930,1473936276000,continue,continue,0.3119734227657318,0.2558146715164184,0.2141067087650299,0.2181051820516586,True,True,True,True
test|Mona_6_20260624_123930|1474269609000,Mona,Mona_6_20260624_123930,1474269609000,continue,continue,0.3095044195652008,0.2591528594493866,0.2269808053970337,0.2043618857860565,True,True,True,True
test|Mona_6_20260624_123930|1474602942000,Mona,Mona_6_20260624_123930,1474602942000,continue,continue,0.3089088499546051,0.2728394865989685,0.2208662629127502,0.1973853558301925,True,True,True,True
test|Mona_6_20260624_123930|1474936276000,Mona,Mona_6_20260624_123930,1474936276000,continue,continue,0.3031936883926391,0.2843289971351623,0.2120380252599716,0.2004392445087433,True,True,True,True
test|Mona_6_20260624_123930|1475269609000,Mona,Mona_6_20260624_123930,1475269609000,continue,continue,0.2937914133071899,0.2949822843074798,0.2060193717479705,0.2052069306373596,True,True,True,True
test|Mona_6_20260624_123930|1475602942000,Mona,Mona_6_20260624_123930,1475602942000,continue,continue,0.27664515376091,0.3040100932121277,0.2064747661352157,0.2128699272871017,True,True,True,True
test|Mona_6_20260624_123930|1475936276000,Mona,Mona_6_20260624_123930,1475936276000,continue,continue,0.2647648453712463,0.3054281175136566,0.2042488902807235,0.2255581021308899,True,True,True,True
test|Mona_6_20260624_123930|1476269609000,Mona,Mona_6_20260624_123930,1476269609000,continue,continue,0.2550102770328522,0.304071694612503,0.2043126225471496,0.2366053611040115,True,True,True,True
test|Mona_6_20260624_123930|1476602942000,Mona,Mona_6_20260624_123930,1476602942000,continue,continue,0.2447976619005203,0.2997956871986389,0.2085693627595901,0.2468372732400894,True,True,True,True
test|Mona_6_20260624_123930|1476936276000,Mona,Mona_6_20260624_123930,1476936276000,continue,continue,0.2428203374147415,0.2909505665302276,0.2168666571378708,0.24936243891716,True,True,True,True
test|Mona_6_20260624_123930|1477269609000,Mona,Mona_6_20260624_123930,1477269609000,continue,continue,0.2483225911855697,0.2824882268905639,0.2246710062026977,0.2445182055234909,True,True,True,True
test|Mona_6_20260624_123930|1477602942000,Mona,Mona_6_20260624_123930,1477602942000,continue,continue,0.2574450969696045,0.2721073925495147,0.2293945103883743,0.2410530000925064,True,True,True,True
test|Mona_6_20260624_123930|1477936276000,Mona,Mona_6_20260624_123930,1477936276000,continue,continue,0.2663761079311371,0.2636894583702087,0.230579599738121,0.2393548190593719,True,True,True,True
test|Mona_6_20260624_123930|1478269609000,Mona,Mona_6_20260624_123930,1478269609000,continue,continue,0.2742269039154053,0.2601753771305084,0.2272483706474304,0.2383493781089782,True,True,True,True
test|Mona_6_20260624_123930|1478602942000,Mona,Mona_6_20260624_123930,1478602942000,continue,continue,0.2816861569881439,0.2573266625404358,0.2252606749534607,0.2357265055179596,True,True,True,True
test|Mona_6_20260624_123930|1478936276000,Mona,Mona_6_20260624_123930,1478936276000,continue,continue,0.2856017351150512,0.256864458322525,0.2239856868982315,0.2335480749607086,True,True,True,True
test|Mona_6_20260624_123930|1479269609000,Mona,Mona_6_20260624_123930,1479269609000,continue,continue,0.2791599631309509,0.2567106485366821,0.228255957365036,0.2358734160661697,True,True,True,True
test|Mona_6_20260624_123930|1479602942000,Mona,Mona_6_20260624_123930,1479602942000,continue,continue,0.2697742581367492,0.2552889287471771,0.2336686253547668,0.2412681579589843,True,True,True,True
test|Mona_6_20260624_123930|1479936276000,Mona,Mona_6_20260624_123930,1479936276000,continue,continue,0.2608813941478729,0.2507962882518768,0.2427273839712143,0.2455948740243911,True,True,True,True
test|Mona_6_20260624_123930|1480269609000,Mona,Mona_6_20260624_123930,1480269609000,continue,continue,0.2523261606693268,0.2449703961610794,0.2552098035812378,0.2474936544895172,True,True,True,True
test|Mona_6_20260624_123930|1480602942000,Mona,Mona_6_20260624_123930,1480602942000,continue,continue,0.2528578042984009,0.2406006604433059,0.2622618675231933,0.2442796528339386,True,True,True,True
test|Mona_6_20260624_123930|1480936276000,Mona,Mona_6_20260624_123930,1480936276000,continue,continue,0.2649029195308685,0.2362939864397049,0.2656257748603821,0.2331773042678833,True,True,True,True
test|Mona_6_20260624_123930|1481269609000,Mona,Mona_6_20260624_123930,1481269609000,continue,continue,0.2758386731147766,0.2364567816257476,0.2682032287120819,0.2195013761520385,True,True,True,True
test|Mona_6_20260624_123930|1481602942000,Mona,Mona_6_20260624_123930,1481602942000,continue,continue,0.2870528399944305,0.2428387105464935,0.2587611675262451,0.2113472819328308,True,True,True,True
test|Mona_6_20260624_123930|1481936276000,Mona,Mona_6_20260624_123930,1481936276000,continue,continue,0.2939104735851288,0.2490174472332,0.2534598708152771,0.2036122232675552,True,True,True,True
test|Mona_6_20260624_123930|1482269609000,Mona,Mona_6_20260624_123930,1482269609000,continue,continue,0.2952053546905517,0.252057671546936,0.2536440193653106,0.1990929245948791,True,True,True,True
test|Mona_6_20260624_123930|1482602942000,Mona,Mona_6_20260624_123930,1482602942000,continue,continue,0.29203861951828,0.2556027472019195,0.2588807940483093,0.1934778094291687,True,True,True,True
test|Mona_6_20260624_123930|1482936276000,Mona,Mona_6_20260624_123930,1482936276000,continue,continue,0.2877187728881836,0.2548633813858032,0.2607780694961548,0.1966398209333419,True,True,True,True
test|Mona_6_20260624_123930|1483269609000,Mona,Mona_6_20260624_123930,1483269609000,continue,continue,0.2904708385467529,0.2520136833190918,0.2585348784923553,0.1989806592464447,True,True,True,True
test|Mona_6_20260624_123930|1483602942000,Mona,Mona_6_20260624_123930,1483602942000,continue,continue,0.2870531380176544,0.2522241175174713,0.264450341463089,0.1962724328041076,True,True,True,True
test|Mona_6_20260624_123930|1483936276000,Mona,Mona_6_20260624_123930,1483936276000,continue,continue,0.2834315299987793,0.2531353533267975,0.272154152393341,0.1912789791822433,True,True,True,True
test|Mona_6_20260624_123930|1484269609000,Mona,Mona_6_20260624_123930,1484269609000,continue,continue,0.2847953736782074,0.2539323568344116,0.2680230140686035,0.193249300122261,True,True,True,True
test|Mona_6_20260624_123930|1484602942000,Mona,Mona_6_20260624_123930,1484602942000,continue,continue,0.2886731028556824,0.2554075717926025,0.2533497810363769,0.2025695741176605,True,True,True,True
test|Mona_6_20260624_123930|1484936276000,Mona,Mona_6_20260624_123930,1484936276000,continue,continue,0.2963737845420837,0.2575013041496277,0.2382552772760391,0.2078696191310882,True,True,True,True
test|Mona_6_20260624_123930|1485269609000,Mona,Mona_6_20260624_123930,1485269609000,continue,continue,0.299515962600708,0.2587736248970032,0.2274973690509796,0.2142130583524704,True,True,True,True
test|Mona_6_20260624_123930|1485602942000,Mona,Mona_6_20260624_123930,1485602942000,continue,continue,0.2974334955215454,0.2571003437042236,0.2268451750278473,0.2186209410429,True,True,True,True
test|Mona_6_20260624_123930|1485936276000,Mona,Mona_6_20260624_123930,1485936276000,continue,continue,0.2862027883529663,0.2652409672737121,0.2161843180656433,0.232371911406517,True,True,True,True
test|Mona_6_20260624_123930|1486269609000,Mona,Mona_6_20260624_123930,1486269609000,continue,fetch,0.278528094291687,0.2706756293773651,0.2092639952898025,0.2415322363376617,True,True,True,True
test|Mona_6_20260624_123930|1486602942000,Mona,Mona_6_20260624_123930,1486602942000,fetch,fetch,0.2697613835334778,0.2781762778759002,0.2090900540351867,0.2429723441600799,True,True,True,True
test|Mona_6_20260624_123930|1486936276000,Mona,Mona_6_20260624_123930,1486936276000,fetch,fetch,0.2671848237514496,0.2810487747192383,0.2079219967126846,0.2438443452119827,True,True,True,True
test|Mona_6_20260624_123930|1487269609000,Mona,Mona_6_20260624_123930,1487269609000,fetch,fetch,0.2580939829349518,0.2820817828178406,0.2097374647855758,0.2500868141651153,True,True,True,True
test|Mona_6_20260624_123930|1487602942000,Mona,Mona_6_20260624_123930,1487602942000,fetch,fetch,0.2458685934543609,0.2972362637519836,0.209615558385849,0.2472795844078064,True,True,True,True
test|Mona_6_20260624_123930|1487936276000,Mona,Mona_6_20260624_123930,1487936276000,fetch,fetch,0.2517273724079132,0.3084320425987243,0.2076141089200973,0.2322264611721038,True,True,True,True
test|Mona_6_20260624_123930|1488269609000,Mona,Mona_6_20260624_123930,1488269609000,fetch,fetch,0.2472800612449646,0.327867716550827,0.194583386182785,0.2302688658237457,True,True,True,True
test|Mona_6_20260624_123930|1488602942000,Mona,Mona_6_20260624_123930,1488602942000,fetch,continue,0.2454201728105545,0.3297316133975982,0.1889198422431945,0.2359283864498138,True,True,True,True
test|Mona_6_20260624_123930|1488936276000,Mona,Mona_6_20260624_123930,1488936276000,fetch,fetch,0.2420592010021209,0.3220568001270294,0.1897397637367248,0.2461442202329635,True,True,True,True
test|Mona_6_20260624_123930|1489269609000,Mona,Mona_6_20260624_123930,1489269609000,fetch,fetch,0.2526057958602905,0.3209405243396759,0.1819107681512832,0.2445428967475891,True,True,True,True
test|Mona_6_20260624_123930|1489602942000,Mona,Mona_6_20260624_123930,1489602942000,fetch,fetch,0.2643300592899322,0.3169692158699035,0.1695279479026794,0.2491727918386459,True,True,True,True
test|Mona_6_20260624_123930|1489936276000,Mona,Mona_6_20260624_123930,1489936276000,fetch,fetch,0.2629745006561279,0.3144413828849792,0.1606630980968475,0.2619210481643677,True,True,True,True
test|Mona_6_20260624_123930|1490269609000,Mona,Mona_6_20260624_123930,1490269609000,fetch,fetch,0.2703146934509277,0.3100885450839996,0.1602420061826706,0.2593547403812408,True,True,True,True
test|Mona_6_20260624_123930|1490602942000,Mona,Mona_6_20260624_123930,1490602942000,fetch,fetch,0.2707472741603851,0.3149857223033905,0.1585088670253753,0.2557581067085266,True,True,True,True
test|Mona_6_20260624_123930|1490936276000,Mona,Mona_6_20260624_123930,1490936276000,fetch,fetch,0.2684965431690216,0.3234373927116394,0.1563187092542648,0.2517473101615906,True,True,True,True
test|Mona_6_20260624_123930|1491269609000,Mona,Mona_6_20260624_123930,1491269609000,fetch,fetch,0.2586182951927185,0.3284062147140503,0.1589006632566452,0.2540748417377472,True,True,True,True
test|Mona_6_20260624_123930|1493602942000,Mona,Mona_6_20260624_123930,1493602942000,handover,fetch,0.2079428881406784,0.3438741862773895,0.2230454087257385,0.2251375019550323,True,True,True,True
test|Mona_6_20260624_123930|1493936276000,Mona,Mona_6_20260624_123930,1493936276000,handover,fetch,0.2066924422979354,0.3648692965507507,0.2126275151968002,0.2158107757568359,True,True,True,True
test|Mona_6_20260624_123930|1494269609000,Mona,Mona_6_20260624_123930,1494269609000,handover,fetch,0.2069334387779235,0.3572268187999725,0.2132071405649185,0.2226326018571853,True,True,True,True
test|Mona_6_20260624_123930|1494602942000,Mona,Mona_6_20260624_123930,1494602942000,handover,fetch,0.2121324837207794,0.342730849981308,0.2164865434169769,0.2286501228809356,True,True,True,True
test|Mona_6_20260624_123930|1494936276000,Mona,Mona_6_20260624_123930,1494936276000,handover,handover,0.2182341665029525,0.343796044588089,0.2106147408485412,0.2273550480604171,True,True,True,True
test|Mona_6_20260624_123930|1495269609000,Mona,Mona_6_20260624_123930,1495269609000,handover,handover,0.2204319834709167,0.3372875154018402,0.2113348841667175,0.2309456467628479,True,True,True,True
test|Mona_6_20260624_123930|1495602942000,Mona,Mona_6_20260624_123930,1495602942000,handover,handover,0.2186264097690582,0.3384541571140289,0.213157370686531,0.2297620922327041,True,True,True,True
test|Mona_6_20260624_123930|1495936276000,Mona,Mona_6_20260624_123930,1495936276000,handover,handover,0.2164486199617386,0.3414485454559326,0.2147011905908584,0.2274016290903091,True,True,True,True
test|Mona_6_20260624_123930|1496269609000,Mona,Mona_6_20260624_123930,1496269609000,handover,handover,0.223597452044487,0.3445136845111847,0.211929440498352,0.2199594229459762,True,True,True,True
test|Mona_6_20260624_123930|1496602942000,Mona,Mona_6_20260624_123930,1496602942000,handover,handover,0.2251618951559066,0.3477341532707214,0.2085236310958862,0.2185803055763244,True,True,True,True
test|Mona_6_20260624_123930|1496936276000,Mona,Mona_6_20260624_123930,1496936276000,handover,handover,0.2222593277692794,0.3409007489681244,0.2130144834518432,0.2238254845142364,True,True,True,True
test|Mona_7_20260624_124051|1534836276000,Mona,Mona_7_20260624_124051,1534836276000,continue,handover,0.3668948709964752,0.3891668915748596,0.0,0.2439382821321487,True,True,False,True
test|Mona_7_20260624_124051|1535169609000,Mona,Mona_7_20260624_124051,1535169609000,continue,handover,0.370839387178421,0.378870278596878,0.0,0.2502903044223785,True,True,False,True
test|Mona_7_20260624_124051|1535502943000,Mona,Mona_7_20260624_124051,1535502943000,continue,continue,0.3759149312973022,0.3697875142097473,0.0,0.2542975544929504,True,True,False,True
test|Mona_7_20260624_124051|1535836276000,Mona,Mona_7_20260624_124051,1535836276000,continue,continue,0.3794668912887573,0.3654183149337768,0.0,0.2551148235797882,True,True,False,True
test|Mona_7_20260624_124051|1536169609000,Mona,Mona_7_20260624_124051,1536169609000,continue,continue,0.3826822936534881,0.3541039526462555,0.0,0.2632137537002563,True,True,False,True
test|Mona_7_20260624_124051|1536502943000,Mona,Mona_7_20260624_124051,1536502943000,continue,continue,0.384989470243454,0.3439764380455017,0.0,0.2710340917110443,True,True,False,True
test|Mona_7_20260624_124051|1536836276000,Mona,Mona_7_20260624_124051,1536836276000,continue,continue,0.3894004225730896,0.340755432844162,0.0,0.269844114780426,True,True,False,True
test|Mona_7_20260624_124051|1537169609000,Mona,Mona_7_20260624_124051,1537169609000,continue,continue,0.3989987075328827,0.3316359221935272,0.0,0.2693654000759125,True,True,False,True
test|Mona_7_20260624_124051|1537502943000,Mona,Mona_7_20260624_124051,1537502943000,continue,continue,0.4054712355136871,0.3202009201049804,0.0,0.2743278443813324,True,True,False,True
test|Mona_7_20260624_124051|1537836276000,Mona,Mona_7_20260624_124051,1537836276000,continue,continue,0.4063158631324768,0.3182667791843414,0.0,0.2754173278808594,True,True,False,True
test|Mona_7_20260624_124051|1538169609000,Mona,Mona_7_20260624_124051,1538169609000,continue,handover,0.3946829438209533,0.3356059193611145,0.0,0.2697111666202545,True,True,False,True
test|Mona_7_20260624_124051|1538502943000,Mona,Mona_7_20260624_124051,1538502943000,continue,handover,0.3909420669078827,0.3456937670707702,0.0,0.2633641958236694,True,True,False,True
test|Mona_7_20260624_124051|1538836276000,Mona,Mona_7_20260624_124051,1538836276000,continue,handover,0.3860158622264862,0.358163058757782,0.0,0.255821019411087,True,True,False,True
test|Mona_7_20260624_124051|1539169609000,Mona,Mona_7_20260624_124051,1539169609000,continue,handover,0.3761100769042969,0.3810639381408691,0.0,0.2428259551525116,True,True,False,True
test|Mona_7_20260624_124051|1539502943000,Mona,Mona_7_20260624_124051,1539502943000,continue,continue,0.3653015494346618,0.3999859988689422,0.0,0.234712466597557,True,True,False,True
test|Mona_7_20260624_124051|1539836276000,Mona,Mona_7_20260624_124051,1539836276000,continue,continue,0.3590926229953766,0.4065349996089935,0.0,0.2343723624944687,True,True,False,True
test|Mona_7_20260624_124051|1540169609000,Mona,Mona_7_20260624_124051,1540169609000,continue,continue,0.3655650615692138,0.3975928425788879,0.0,0.2368420362472534,True,True,False,True
test|Mona_7_20260624_124051|1540502943000,Mona,Mona_7_20260624_124051,1540502943000,continue,continue,0.3709930181503296,0.3822159171104431,0.0,0.2467910796403885,True,True,False,True
test|Mona_7_20260624_124051|1540836276000,Mona,Mona_7_20260624_124051,1540836276000,continue,continue,0.3707026541233063,0.3712705969810486,0.0,0.2580267190933227,True,True,False,True
test|Mona_7_20260624_124051|1541169609000,Mona,Mona_7_20260624_124051,1541169609000,continue,continue,0.3734796941280365,0.3577210903167724,0.0,0.268799215555191,True,True,False,True
test|Mona_7_20260624_124051|1541502943000,Mona,Mona_7_20260624_124051,1541502943000,continue,continue,0.3805198967456817,0.3438966572284698,0.0,0.2755835056304931,True,True,False,True
test|Mona_7_20260624_124051|1541836276000,Mona,Mona_7_20260624_124051,1541836276000,continue,continue,0.3931614458560943,0.3313843309879303,0.0,0.2754542231559753,True,True,False,True
test|Mona_7_20260624_124051|1542169609000,Mona,Mona_7_20260624_124051,1542169609000,continue,continue,0.396755963563919,0.3277051746845245,0.0,0.2755388021469116,True,True,False,True
test|Mona_7_20260624_124051|1542502943000,Mona,Mona_7_20260624_124051,1542502943000,continue,continue,0.3913841545581817,0.3352124094963074,0.0,0.2734034657478332,True,True,False,True
test|Mona_7_20260624_124051|1542836276000,Mona,Mona_7_20260624_124051,1542836276000,continue,continue,0.3834098875522613,0.35019251704216,0.0,0.2663976848125458,True,True,False,True
test|Mona_7_20260624_124051|1543169609000,Mona,Mona_7_20260624_124051,1543169609000,continue,continue,0.3701091408729553,0.3657337427139282,0.0,0.2641571462154388,True,True,False,True
test|Mona_7_20260624_124051|1543502943000,Mona,Mona_7_20260624_124051,1543502943000,continue,continue,0.3528321981430053,0.3873105645179748,0.0,0.2598572671413421,True,True,False,True
test|Mona_7_20260624_124051|1543836276000,Mona,Mona_7_20260624_124051,1543836276000,continue,continue,0.334066778421402,0.4051067531108856,0.0,0.2608264982700348,True,True,False,True
test|Mona_7_20260624_124051|1544169609000,Mona,Mona_7_20260624_124051,1544169609000,continue,continue,0.3162767589092254,0.4153152108192444,0.0,0.2684080302715301,True,True,False,True
test|Mona_7_20260624_124051|1544502943000,Mona,Mona_7_20260624_124051,1544502943000,continue,continue,0.3079915344715118,0.4188200831413269,0.0,0.2731884717941284,True,True,False,True
test|Mona_7_20260624_124051|1544836276000,Mona,Mona_7_20260624_124051,1544836276000,continue,continue,0.310466855764389,0.4115286469459533,0.0,0.2780044972896576,True,True,False,True
test|Mona_7_20260624_124051|1545169609000,Mona,Mona_7_20260624_124051,1545169609000,continue,continue,0.3212605118751526,0.395844966173172,0.0,0.2828945517539978,True,True,False,True
test|Mona_7_20260624_124051|1545502943000,Mona,Mona_7_20260624_124051,1545502943000,continue,continue,0.3362323939800262,0.3737988471984863,0.0,0.2899687886238098,True,True,False,True
test|Mona_7_20260624_124051|1545836276000,Mona,Mona_7_20260624_124051,1545836276000,continue,continue,0.3538603484630584,0.355109840631485,0.0,0.2910298109054565,True,True,False,True
test|Mona_7_20260624_124051|1546169609000,Mona,Mona_7_20260624_124051,1546169609000,continue,continue,0.365507572889328,0.337963342666626,0.0,0.2965291142463684,True,True,False,True
test|Mona_7_20260624_124051|1546502943000,Mona,Mona_7_20260624_124051,1546502943000,continue,continue,0.3658212125301361,0.3338997066020965,0.0,0.3002790510654449,True,True,False,True
test|Mona_7_20260624_124051|1546836276000,Mona,Mona_7_20260624_124051,1546836276000,continue,continue,0.3680670857429504,0.3416086435317993,0.0,0.290324330329895,True,True,False,True
test|Mona_7_20260624_124051|1547169609000,Mona,Mona_7_20260624_124051,1547169609000,continue,continue,0.3604722023010254,0.3601341247558594,0.0,0.2793936729431152,True,True,False,True
test|Mona_7_20260624_124051|1547502943000,Mona,Mona_7_20260624_124051,1547502943000,continue,continue,0.3485143482685089,0.372948408126831,0.0,0.27853724360466,True,True,False,True
test|Mona_7_20260624_124051|1547836276000,Mona,Mona_7_20260624_124051,1547836276000,continue,continue,0.3315112590789795,0.3907593190670013,0.0,0.2777294218540191,True,True,False,True
test|Mona_7_20260624_124051|1548169609000,Mona,Mona_7_20260624_124051,1548169609000,continue,continue,0.3157182931900024,0.41253462433815,0.0,0.2717470824718475,True,True,False,True
test|Mona_7_20260624_124051|1548502943000,Mona,Mona_7_20260624_124051,1548502943000,continue,continue,0.3127030432224273,0.4268941879272461,0.0,0.2604027688503265,True,True,False,True
test|Mona_7_20260624_124051|1548836276000,Mona,Mona_7_20260624_124051,1548836276000,continue,continue,0.3183493018150329,0.424040824174881,0.0,0.2576099038124084,True,True,False,True
test|Mona_7_20260624_124051|1549169609000,Mona,Mona_7_20260624_124051,1549169609000,continue,continue,0.3263423144817352,0.4203435480594635,0.0,0.2533140480518341,True,True,False,True
test|Mona_7_20260624_124051|1549502943000,Mona,Mona_7_20260624_124051,1549502943000,continue,continue,0.3366055190563202,0.4145134687423706,0.0,0.2488809674978256,True,True,False,True
test|Mona_7_20260624_124051|1549836276000,Mona,Mona_7_20260624_124051,1549836276000,continue,continue,0.3490459024906158,0.399973601102829,0.0,0.2509804964065552,True,True,False,True
test|Mona_7_20260624_124051|1550169609000,Mona,Mona_7_20260624_124051,1550169609000,continue,continue,0.3599041104316711,0.3874300718307495,0.0,0.2526657581329345,True,True,False,True
test|Mona_7_20260624_124051|1550502943000,Mona,Mona_7_20260624_124051,1550502943000,continue,continue,0.3595624566078186,0.3809433877468109,0.0,0.2594940960407257,True,True,False,True
test|Mona_7_20260624_124051|1550836276000,Mona,Mona_7_20260624_124051,1550836276000,continue,continue,0.3536036014556885,0.381990522146225,0.0,0.2644059360027313,True,True,False,True
test|Mona_7_20260624_124051|1551169609000,Mona,Mona_7_20260624_124051,1551169609000,continue,continue,0.3495963811874389,0.3881929814815521,0.0,0.2622106075286865,True,True,False,True
test|Mona_7_20260624_124051|1551502943000,Mona,Mona_7_20260624_124051,1551502943000,continue,continue,0.3412529528141022,0.3960321545600891,0.0,0.2627148926258087,True,True,False,True
test|Mona_7_20260624_124051|1551836276000,Mona,Mona_7_20260624_124051,1551836276000,continue,continue,0.3308202624320984,0.4001506567001343,0.0,0.2690290212631225,True,True,False,True
test|Mona_7_20260624_124051|1552169609000,Mona,Mona_7_20260624_124051,1552169609000,continue,continue,0.3217540085315704,0.4063664376735687,0.0,0.2718795239925384,True,True,False,True
test|Mona_7_20260624_124051|1552502943000,Mona,Mona_7_20260624_124051,1552502943000,continue,continue,0.3257957696914673,0.4028116762638092,0.0,0.2713924646377563,True,True,False,True
test|Mona_7_20260624_124051|1552836276000,Mona,Mona_7_20260624_124051,1552836276000,continue,continue,0.3335002660751343,0.3973374366760254,0.0,0.2691622674465179,True,True,False,True
test|Mona_7_20260624_124051|1553169609000,Mona,Mona_7_20260624_124051,1553169609000,continue,continue,0.3423622548580169,0.3861275911331177,0.0,0.2715101540088653,True,True,False,True
test|Mona_7_20260624_124051|1553502943000,Mona,Mona_7_20260624_124051,1553502943000,continue,continue,0.3516286015510559,0.3757040202617645,0.0,0.2726673483848572,True,True,False,True
test|Mona_7_20260624_124051|1553836276000,Mona,Mona_7_20260624_124051,1553836276000,continue,continue,0.3610721230506897,0.3607963919639587,0.0,0.2781314551830292,True,True,False,True
test|Mona_7_20260624_124051|1554169609000,Mona,Mona_7_20260624_124051,1554169609000,continue,continue,0.3754116594791412,0.3453974723815918,0.0,0.2791908383369446,True,True,False,True
test|Mona_7_20260624_124051|1554502943000,Mona,Mona_7_20260624_124051,1554502943000,continue,continue,0.3817465305328369,0.3413561880588531,0.0,0.2768972814083099,True,True,False,True
test|Mona_7_20260624_124051|1554836276000,Mona,Mona_7_20260624_124051,1554836276000,continue,continue,0.3820347487926483,0.3352277874946594,0.0,0.2827374637126922,True,True,False,True
test|Mona_7_20260624_124051|1555169609000,Mona,Mona_7_20260624_124051,1555169609000,continue,continue,0.3842281401157379,0.3258039355278015,0.0,0.2899679243564605,True,True,False,True
test|Mona_7_20260624_124051|1555502943000,Mona,Mona_7_20260624_124051,1555502943000,continue,continue,0.3840780854225158,0.3191693723201751,0.0,0.2967525124549866,True,True,False,True
test|Mona_7_20260624_124051|1555836276000,Mona,Mona_7_20260624_124051,1555836276000,continue,continue,0.3873310983181,0.3170652687549591,0.0,0.2956036925315857,True,True,False,True
test|Mona_7_20260624_124051|1556169609000,Mona,Mona_7_20260624_124051,1556169609000,continue,continue,0.3819567263126373,0.3293110430240631,0.0,0.2887322306632995,True,True,False,True
test|Mona_7_20260624_124051|1556502943000,Mona,Mona_7_20260624_124051,1556502943000,continue,continue,0.3667883276939392,0.3445700705051422,0.0,0.2886416018009186,True,True,False,True
test|Mona_7_20260624_124051|1556836276000,Mona,Mona_7_20260624_124051,1556836276000,continue,continue,0.3506078422069549,0.3641378879547119,0.0,0.2852542996406555,True,True,False,True
test|Mona_7_20260624_124051|1557169609000,Mona,Mona_7_20260624_124051,1557169609000,continue,continue,0.3490636050701141,0.3680709600448608,0.0,0.2828654646873474,True,True,False,True
test|Mona_7_20260624_124051|1557502943000,Mona,Mona_7_20260624_124051,1557502943000,continue,continue,0.348248541355133,0.3697347939014435,0.0,0.2820166647434234,True,True,False,True
test|Mona_7_20260624_124051|1557836276000,Mona,Mona_7_20260624_124051,1557836276000,continue,continue,0.3465704619884491,0.367077887058258,0.0,0.2863516211509704,True,True,False,True
test|Mona_7_20260624_124051|1558169609000,Mona,Mona_7_20260624_124051,1558169609000,continue,continue,0.3493323028087616,0.3569336831569671,0.0,0.2937339842319488,True,True,False,True
test|Mona_7_20260624_124051|1558502943000,Mona,Mona_7_20260624_124051,1558502943000,continue,continue,0.3518975377082824,0.3466675579547882,0.0,0.3014349341392517,True,True,False,True
test|Mona_7_20260624_124051|1558836276000,Mona,Mona_7_20260624_124051,1558836276000,continue,continue,0.3538584411144256,0.3426787555217743,0.0,0.3034628033638,True,True,False,True
test|Mona_7_20260624_124051|1559169609000,Mona,Mona_7_20260624_124051,1559169609000,continue,continue,0.350138396024704,0.3500926792621612,0.0,0.2997688949108124,True,True,False,True
test|Mona_7_20260624_124051|1559502943000,Mona,Mona_7_20260624_124051,1559502943000,continue,continue,0.3465778231620788,0.3544340133666992,0.0,0.2989881634712219,True,True,False,True
test|Mona_7_20260624_124051|1559836276000,Mona,Mona_7_20260624_124051,1559836276000,continue,continue,0.3443640470504761,0.3497861325740814,0.0,0.3058498203754425,True,True,False,True
test|Mona_7_20260624_124051|1560169609000,Mona,Mona_7_20260624_124051,1560169609000,continue,continue,0.3449598550796509,0.3484781980514526,0.0,0.3065619468688965,True,True,False,True
test|Mona_7_20260624_124051|1560502943000,Mona,Mona_7_20260624_124051,1560502943000,continue,continue,0.3503352403640747,0.3459931015968323,0.0,0.3036715984344482,True,True,False,True
test|Mona_7_20260624_124051|1560836276000,Mona,Mona_7_20260624_124051,1560836276000,continue,continue,0.3544199168682098,0.3469167649745941,0.0,0.2986632883548736,True,True,False,True
test|Mona_7_20260624_124051|1561169609000,Mona,Mona_7_20260624_124051,1561169609000,continue,continue,0.3562681376934051,0.3444463014602661,0.0,0.2992855906486511,True,True,False,True
test|Mona_7_20260624_124051|1561502943000,Mona,Mona_7_20260624_124051,1561502943000,continue,continue,0.361433207988739,0.3376044631004333,0.0,0.3009622991085052,True,True,False,True
test|Mona_7_20260624_124051|1561836276000,Mona,Mona_7_20260624_124051,1561836276000,continue,continue,0.3656377494335174,0.3379468023777008,0.0,0.2964154183864593,True,True,False,True
test|Mona_7_20260624_124051|1562169609000,Mona,Mona_7_20260624_124051,1562169609000,continue,continue,0.3714512586593628,0.335928201675415,0.0,0.2926205396652221,True,True,False,True
test|Mona_7_20260624_124051|1562502943000,Mona,Mona_7_20260624_124051,1562502943000,continue,continue,0.375395655632019,0.3368478417396545,0.0,0.2877565324306488,True,True,False,True
test|Mona_7_20260624_124051|1562836276000,Mona,Mona_7_20260624_124051,1562836276000,continue,continue,0.3779176771640777,0.3331259191036224,0.0,0.2889564037322998,True,True,False,True
test|Mona_7_20260624_124051|1563169609000,Mona,Mona_7_20260624_124051,1563169609000,continue,continue,0.3814212381839752,0.3283343613147735,0.0,0.2902444899082184,True,True,False,True
test|Mona_7_20260624_124051|1563502943000,Mona,Mona_7_20260624_124051,1563502943000,continue,continue,0.381717711687088,0.323015034198761,0.0,0.2952672243118286,True,True,False,True
test|Mona_7_20260624_124051|1563836276000,Mona,Mona_7_20260624_124051,1563836276000,continue,continue,0.3836806416511535,0.3153591454029083,0.0,0.3009601831436157,True,True,False,True
test|Mona_7_20260624_124051|1564169609000,Mona,Mona_7_20260624_124051,1564169609000,continue,continue,0.3841179609298706,0.3080397844314575,0.0,0.3078422546386719,True,True,False,True
test|Mona_7_20260624_124051|1564502943000,Mona,Mona_7_20260624_124051,1564502943000,continue,continue,0.324582427740097,0.2534198760986328,0.1579542607069015,0.2640434503555298,True,True,True,True
test|Mona_7_20260624_124051|1564836276000,Mona,Mona_7_20260624_124051,1564836276000,continue,continue,0.3182564973831177,0.2417948991060257,0.1771426796913147,0.2628059387207031,True,True,True,True
test|Mona_7_20260624_124051|1565169609000,Mona,Mona_7_20260624_124051,1565169609000,continue,continue,0.312479704618454,0.2414324581623077,0.1812395751476287,0.2648482620716095,True,True,True,True
test|Mona_7_20260624_124051|1565502943000,Mona,Mona_7_20260624_124051,1565502943000,continue,continue,0.3067601025104522,0.2510962784290313,0.1784988045692443,0.2636447846889496,True,True,True,True
test|Mona_7_20260624_124051|1565836276000,Mona,Mona_7_20260624_124051,1565836276000,continue,continue,0.2937152087688446,0.2702679336071014,0.1740355789661407,0.2619812488555908,True,True,True,True
test|Mona_7_20260624_124051|1566169609000,Mona,Mona_7_20260624_124051,1566169609000,fetch,continue,0.2827149629592895,0.2884755432605743,0.170654147863388,0.258155345916748,True,True,True,True
test|Mona_7_20260624_124051|1566502943000,Mona,Mona_7_20260624_124051,1566502943000,fetch,continue,0.2683904767036438,0.3055416047573089,0.1746128797531128,0.251455008983612,True,True,True,True
test|Mona_7_20260624_124051|1566836276000,Mona,Mona_7_20260624_124051,1566836276000,fetch,continue,0.2533972263336181,0.3289570808410644,0.1701676994562149,0.2474780231714248,True,True,True,True
test|Mona_7_20260624_124051|1567169609000,Mona,Mona_7_20260624_124051,1567169609000,fetch,continue,0.2536427974700928,0.3322106897830963,0.1685864776372909,0.2455600351095199,True,True,True,True
test|Mona_7_20260624_124051|1567502943000,Mona,Mona_7_20260624_124051,1567502943000,fetch,fetch,0.2666694223880768,0.3317618668079376,0.1541793346405029,0.2473893612623214,True,True,True,True
test|Mona_7_20260624_124051|1567836276000,Mona,Mona_7_20260624_124051,1567836276000,fetch,fetch,0.2832099795341491,0.3173998594284057,0.1536318808794021,0.2457582503557205,True,True,True,True
test|Mona_7_20260624_124051|1568169609000,Mona,Mona_7_20260624_124051,1568169609000,fetch,fetch,0.2999306619167328,0.3013744056224823,0.1530795097351074,0.2456154376268386,True,True,True,True
test|Mona_7_20260624_124051|1568502943000,Mona,Mona_7_20260624_124051,1568502943000,fetch,fetch,0.3193066716194153,0.2827076315879822,0.1506616473197937,0.2473240047693252,True,True,True,True
test|Mona_7_20260624_124051|1568836276000,Mona,Mona_7_20260624_124051,1568836276000,fetch,fetch,0.3439034223556518,0.2603776454925537,0.1471820473670959,0.2485369443893432,True,True,True,True
test|Mona_7_20260624_124051|1569169609000,Mona,Mona_7_20260624_124051,1569169609000,fetch,fetch,0.3524442613124847,0.2550856173038482,0.1437053680419922,0.2487648129463195,True,True,True,True
test|Mona_7_20260624_124051|1569502943000,Mona,Mona_7_20260624_124051,1569502943000,fetch,fetch,0.3538576662540436,0.2571161687374115,0.1401784718036651,0.2488477230072021,True,True,True,True
test|Mona_7_20260624_124051|1569836276000,Mona,Mona_7_20260624_124051,1569836276000,fetch,fetch,0.3559564054012298,0.2560034692287445,0.1378649175167083,0.2501751780509949,True,True,True,True
test|Mona_7_20260624_124051|1570169609000,Mona,Mona_7_20260624_124051,1570169609000,fetch,fetch,0.3578108251094818,0.2557806968688965,0.1363619714975357,0.2500464618206024,True,True,True,True
test|Mona_7_20260624_124051|1570502943000,Mona,Mona_7_20260624_124051,1570502943000,fetch,fetch,0.3584221601486206,0.2555916905403137,0.1359190940856933,0.2500670850276947,True,True,True,True
test|Mona_7_20260624_124051|1570836276000,Mona,Mona_7_20260624_124051,1570836276000,fetch,fetch,0.3530134558677673,0.2570532262325287,0.137989193201065,0.2519440650939941,True,True,True,True
test|Mona_7_20260624_124051|1571169609000,Mona,Mona_7_20260624_124051,1571169609000,fetch,fetch,0.3475522100925445,0.2581962049007416,0.1405528932809829,0.2536986768245697,True,True,True,True
test|Mona_7_20260624_124051|1571502943000,Mona,Mona_7_20260624_124051,1571502943000,fetch,fetch,0.3349619805812835,0.2600530087947845,0.1477695405483245,0.2572155296802521,True,True,True,True
test|Mona_7_20260624_124051|1571836276000,Mona,Mona_7_20260624_124051,1571836276000,fetch,fetch,0.3157017827033996,0.2693836688995361,0.1539118140935897,0.2610026895999908,True,True,True,True
test|Mona_7_20260624_124051|1573836276000,Mona,Mona_7_20260624_124051,1573836276000,handover,handover,0.2498987168073654,0.3179061710834503,0.1704190522432327,0.2617760300636291,True,True,True,True
test|Mona_7_20260624_124051|1574169609000,Mona,Mona_7_20260624_124051,1574169609000,handover,handover,0.2380090355873108,0.333844393491745,0.1676305830478668,0.2605160474777221,True,True,True,True
test|Mona_7_20260624_124051|1574502943000,Mona,Mona_7_20260624_124051,1574502943000,handover,handover,0.2232173383235931,0.3504214286804199,0.1657914519309997,0.2605697214603424,True,True,True,True
test|Mona_7_20260624_124051|1574836276000,Mona,Mona_7_20260624_124051,1574836276000,handover,handover,0.2119084894657135,0.3692045509815216,0.1610450595617294,0.257841944694519,True,True,True,True
test|Mona_7_20260624_124051|1575169609000,Mona,Mona_7_20260624_124051,1575169609000,handover,handover,0.2074136584997177,0.3856127858161926,0.1563025265932083,0.2506710588932037,True,True,True,True
test|Mona_7_20260624_124051|1575502943000,Mona,Mona_7_20260624_124051,1575502943000,handover,handover,0.2031358480453491,0.403294026851654,0.143682062625885,0.2498880326747894,True,True,True,True
test|Mona_7_20260624_124051|1575836276000,Mona,Mona_7_20260624_124051,1575836276000,handover,handover,0.2025373876094818,0.4066307544708252,0.1413691490888595,0.2494627088308334,True,True,True,True
test|Mona_7_20260624_124051|1576169609000,Mona,Mona_7_20260624_124051,1576169609000,handover,handover,0.201364129781723,0.4068487286567688,0.1417162120342254,0.2500709295272827,True,True,True,True
test|Mona_7_20260624_124051|1576502943000,Mona,Mona_7_20260624_124051,1576502943000,handover,handover,0.2012524157762527,0.4073225855827331,0.1415372192859649,0.2498878091573715,True,True,True,True
test|Mona_7_20260624_124051|1576836276000,Mona,Mona_7_20260624_124051,1576836276000,handover,handover,0.2007278203964233,0.4074476063251495,0.1412412524223327,0.250583291053772,True,True,True,True
test|Mona_7_20260624_124051|1577169609000,Mona,Mona_7_20260624_124051,1577169609000,handover,handover,0.2012443244457245,0.4062896966934204,0.142117291688919,0.2503487765789032,True,True,True,True
test|Mona_8_20260624_124414|1738302942000,Mona,Mona_8_20260624_124414,1738302942000,continue,continue,0.2482235729694366,0.3393426835536957,0.1963797062635421,0.2160540521144867,True,True,True,True
test|Mona_8_20260624_124414|1738636275000,Mona,Mona_8_20260624_124414,1738636275000,continue,continue,0.2587310373783111,0.3254060745239258,0.1957347691059112,0.2201281189918518,True,True,True,True
test|Mona_8_20260624_124414|1738969609000,Mona,Mona_8_20260624_124414,1738969609000,continue,continue,0.2704691588878631,0.3157961368560791,0.1967420130968094,0.2169926613569259,True,True,True,True
test|Mona_8_20260624_124414|1739302942000,Mona,Mona_8_20260624_124414,1739302942000,continue,continue,0.2767180800437927,0.3127147555351257,0.1954305171966552,0.2151366621255874,True,True,True,True
test|Mona_8_20260624_124414|1739636275000,Mona,Mona_8_20260624_124414,1739636275000,continue,continue,0.276593804359436,0.3036400079727173,0.1991344094276428,0.2206317335367202,True,True,True,True
test|Mona_8_20260624_124414|1739969609000,Mona,Mona_8_20260624_124414,1739969609000,continue,continue,0.2748480141162872,0.2873330116271972,0.2011608630418777,0.2366581410169601,True,True,True,True
test|Mona_8_20260624_124414|1740302942000,Mona,Mona_8_20260624_124414,1740302942000,continue,continue,0.273775041103363,0.2774077951908111,0.2014474719762802,0.2473696917295456,True,True,True,True
test|Mona_8_20260624_124414|1740636275000,Mona,Mona_8_20260624_124414,1740636275000,continue,continue,0.2723661065101623,0.2722416222095489,0.1990727633237838,0.2563194930553436,True,True,True,True
test|Mona_8_20260624_124414|1740969609000,Mona,Mona_8_20260624_124414,1740969609000,continue,continue,0.2714608311653137,0.2648194134235382,0.1937829107046127,0.2699368596076965,True,True,True,True
test|Mona_8_20260624_124414|1741302942000,Mona,Mona_8_20260624_124414,1741302942000,continue,continue,0.2786119282245636,0.2510364949703216,0.1928490251302719,0.277502566576004,True,True,True,True
test|Mona_8_20260624_124414|1741636275000,Mona,Mona_8_20260624_124414,1741636275000,continue,continue,0.2924115061759949,0.2372400313615799,0.1912468373775482,0.2791016697883606,True,True,True,True
test|Mona_8_20260624_124414|1741969609000,Mona,Mona_8_20260624_124414,1741969609000,continue,continue,0.3006728291511535,0.2388294786214828,0.1924148947000503,0.2680827975273132,True,True,True,True
test|Mona_8_20260624_124414|1742302942000,Mona,Mona_8_20260624_124414,1742302942000,continue,continue,0.3036617338657379,0.2505071461200714,0.1973825991153717,0.2484485507011413,True,True,True,True
test|Mona_8_20260624_124414|1742636275000,Mona,Mona_8_20260624_124414,1742636275000,continue,continue,0.301293283700943,0.2540611028671264,0.2026434540748596,0.2420020997524261,True,True,True,True
test|Mona_8_20260624_124414|1742969609000,Mona,Mona_8_20260624_124414,1742969609000,continue,continue,0.29562708735466,0.2598704695701599,0.208485797047615,0.2360166907310485,True,True,True,True
test|Mona_8_20260624_124414|1743302942000,Mona,Mona_8_20260624_124414,1743302942000,continue,continue,0.2875363826751709,0.2639240622520447,0.2098789811134338,0.2386605590581894,True,True,True,True
test|Mona_8_20260624_124414|1743636275000,Mona,Mona_8_20260624_124414,1743636275000,continue,continue,0.2789391577243805,0.2743811309337616,0.2125926166772842,0.2340870946645736,True,True,True,True
test|Mona_8_20260624_124414|1743969609000,Mona,Mona_8_20260624_124414,1743969609000,continue,continue,0.2815567255020141,0.2778788208961487,0.2110260874032974,0.2295383363962173,True,True,True,True
test|Mona_8_20260624_124414|1744302942000,Mona,Mona_8_20260624_124414,1744302942000,continue,continue,0.285894900560379,0.2780612707138061,0.2072892785072326,0.2287545055150985,True,True,True,True
test|Mona_8_20260624_124414|1744636275000,Mona,Mona_8_20260624_124414,1744636275000,continue,continue,0.2915874421596527,0.2804428935050964,0.1975087672472,0.2304608970880508,True,True,True,True
test|Mona_8_20260624_124414|1744969609000,Mona,Mona_8_20260624_124414,1744969609000,continue,continue,0.3005432486534118,0.282276839017868,0.1834264397621154,0.2337534725666046,True,True,True,True
test|Mona_8_20260624_124414|1745302942000,Mona,Mona_8_20260624_124414,1745302942000,continue,continue,0.3058285415172577,0.2837810814380646,0.1717328280210495,0.2386574894189834,True,True,True,True
test|Mona_8_20260624_124414|1745636275000,Mona,Mona_8_20260624_124414,1745636275000,continue,continue,0.3088260293006897,0.277971863746643,0.1649715155363083,0.2482305765151977,True,True,True,True
test|Mona_8_20260624_124414|1745969609000,Mona,Mona_8_20260624_124414,1745969609000,continue,continue,0.3061621487140655,0.2876285314559936,0.1580466330051422,0.2481626719236374,True,True,True,True
test|Mona_8_20260624_124414|1746302942000,Mona,Mona_8_20260624_124414,1746302942000,continue,continue,0.3010370433330536,0.292972981929779,0.155502438545227,0.2504874765872955,True,True,True,True
test|Mona_8_20260624_124414|1746636275000,Mona,Mona_8_20260624_124414,1746636275000,continue,continue,0.2989469170570373,0.2934041619300842,0.1565188467502594,0.251130074262619,True,True,True,True
test|Mona_8_20260624_124414|1746969609000,Mona,Mona_8_20260624_124414,1746969609000,continue,continue,0.3000074028968811,0.290442407131195,0.164157822728157,0.2453923672437667,True,True,True,True
test|Mona_8_20260624_124414|1747302942000,Mona,Mona_8_20260624_124414,1747302942000,continue,continue,0.2922951579093933,0.2967793047428131,0.1750451326370239,0.2358804494142532,True,True,True,True
test|Mona_8_20260624_124414|1747636275000,Mona,Mona_8_20260624_124414,1747636275000,continue,continue,0.2765938341617584,0.3177895843982696,0.1825918108224868,0.2230247259140014,True,True,True,True
test|Mona_8_20260624_124414|1747969609000,Mona,Mona_8_20260624_124414,1747969609000,continue,continue,0.2652361690998077,0.3247683644294739,0.1859385371208191,0.2240570187568664,True,True,True,True
test|Mona_8_20260624_124414|1748302942000,Mona,Mona_8_20260624_124414,1748302942000,continue,continue,0.2562628090381622,0.3310743570327759,0.1894950121641159,0.2231677770614624,True,True,True,True
test|Mona_8_20260624_124414|1748636275000,Mona,Mona_8_20260624_124414,1748636275000,continue,continue,0.2442315816879272,0.3354952037334442,0.1968286037445068,0.2234445810317993,True,True,True,True
test|Mona_8_20260624_124414|1748969609000,Mona,Mona_8_20260624_124414,1748969609000,continue,continue,0.2396194487810135,0.3324974477291107,0.1949247419834137,0.2329583615064621,True,True,True,True
test|Mona_8_20260624_124414|1749302942000,Mona,Mona_8_20260624_124414,1749302942000,continue,continue,0.2514601647853851,0.3195233047008514,0.1861381232738495,0.2428784370422363,True,True,True,True
test|Mona_8_20260624_124414|1749636275000,Mona,Mona_8_20260624_124414,1749636275000,continue,continue,0.2590955197811126,0.3089861869812011,0.1839360743761062,0.2479822337627411,True,True,True,True
test|Mona_8_20260624_124414|1749969609000,Mona,Mona_8_20260624_124414,1749969609000,continue,continue,0.2692949473857879,0.2980539500713348,0.1824298501014709,0.2502212226390838,True,True,True,True
test|Mona_8_20260624_124414|1750302942000,Mona,Mona_8_20260624_124414,1750302942000,continue,continue,0.27287158370018,0.2957906126976013,0.182505190372467,0.2488325983285904,True,True,True,True
test|Mona_8_20260624_124414|1750636275000,Mona,Mona_8_20260624_124414,1750636275000,continue,continue,0.2772627472877502,0.2961723804473877,0.1849908232688903,0.2415740489959716,True,True,True,True
test|Mona_8_20260624_124414|1750969609000,Mona,Mona_8_20260624_124414,1750969609000,continue,continue,0.2773530185222626,0.2929729223251343,0.1874568462371826,0.2422172427177429,True,True,True,True
test|Mona_8_20260624_124414|1751302942000,Mona,Mona_8_20260624_124414,1751302942000,continue,continue,0.2796233594417572,0.2995308339595794,0.1918293535709381,0.229016438126564,True,True,True,True
test|Mona_8_20260624_124414|1751636275000,Mona,Mona_8_20260624_124414,1751636275000,continue,continue,0.2829964160919189,0.3101510405540466,0.1899782866239547,0.2168742418289184,True,True,True,True
test|Mona_8_20260624_124414|1751969609000,Mona,Mona_8_20260624_124414,1751969609000,continue,continue,0.2837681174278259,0.3272299468517303,0.1841224730014801,0.2048794776201248,True,True,True,True
test|Mona_8_20260624_124414|1752302942000,Mona,Mona_8_20260624_124414,1752302942000,continue,continue,0.2804584801197052,0.3301878869533539,0.184091717004776,0.2052619904279709,True,True,True,True
test|Mona_8_20260624_124414|1752636275000,Mona,Mona_8_20260624_124414,1752636275000,continue,continue,0.2774617075920105,0.3238235116004944,0.175778329372406,0.2229363918304443,True,True,True,True
test|Mona_8_20260624_124414|1752969609000,Mona,Mona_8_20260624_124414,1752969609000,continue,continue,0.2724882960319519,0.3152793347835541,0.1797588914632797,0.2324734777212143,True,True,True,True
test|Mona_8_20260624_124414|1753302942000,Mona,Mona_8_20260624_124414,1753302942000,continue,continue,0.2725815773010254,0.2995722889900207,0.1841049641370773,0.2437411248683929,True,True,True,True
test|Mona_8_20260624_124414|1753636275000,Mona,Mona_8_20260624_124414,1753636275000,continue,continue,0.2773879170417785,0.2849259972572326,0.1855122745037078,0.2521737813949585,True,True,True,True
test|Mona_8_20260624_124414|1753969609000,Mona,Mona_8_20260624_124414,1753969609000,continue,continue,0.2773723006248474,0.2699770927429199,0.1898458898067474,0.2628047466278076,True,True,True,True
test|Mona_8_20260624_124414|1754302942000,Mona,Mona_8_20260624_124414,1754302942000,continue,continue,0.2812797129154205,0.264207124710083,0.1869723945856094,0.2675408124923706,True,True,True,True
test|Mona_8_20260624_124414|1754636275000,Mona,Mona_8_20260624_124414,1754636275000,continue,continue,0.2853595316410064,0.2566148936748504,0.191157653927803,0.2668679058551788,True,True,True,True
test|Mona_8_20260624_124414|1754969609000,Mona,Mona_8_20260624_124414,1754969609000,continue,continue,0.2900142967700958,0.25504070520401,0.1940173655748367,0.260927677154541,True,True,True,True
test|Mona_8_20260624_124414|1755302942000,Mona,Mona_8_20260624_124414,1755302942000,continue,continue,0.2919090390205383,0.2561431229114532,0.192876324057579,0.2590714991092682,True,True,True,True
test|Mona_8_20260624_124414|1755636275000,Mona,Mona_8_20260624_124414,1755636275000,continue,continue,0.2887883484363556,0.2555506527423858,0.1942070573568344,0.2614539563655853,True,True,True,True
test|Mona_8_20260624_124414|1755969609000,Mona,Mona_8_20260624_124414,1755969609000,continue,continue,0.2885742783546448,0.2531154453754425,0.1982565522193908,0.2600537836551666,True,True,True,True
test|Mona_8_20260624_124414|1756302942000,Mona,Mona_8_20260624_124414,1756302942000,continue,continue,0.289615660905838,0.2453198432922363,0.2034247517585754,0.2616397738456726,True,True,True,True
test|Mona_8_20260624_124414|1756636275000,Mona,Mona_8_20260624_124414,1756636275000,continue,continue,0.2928363978862762,0.2437141835689544,0.2044944018125534,0.2589550316333771,True,True,True,True
test|Mona_8_20260624_124414|1756969609000,Mona,Mona_8_20260624_124414,1756969609000,continue,continue,0.2943089604377746,0.2458225041627884,0.2028481066226959,0.2570204436779022,True,True,True,True
test|Mona_8_20260624_124414|1757302942000,Mona,Mona_8_20260624_124414,1757302942000,continue,continue,0.2957818508148193,0.2498035728931427,0.2007721364498138,0.2536424100399017,True,True,True,True
test|Mona_8_20260624_124414|1757636275000,Mona,Mona_8_20260624_124414,1757636275000,continue,continue,0.2993606925010681,0.2555460631847381,0.1959481984376907,0.2491450160741806,True,True,True,True
test|Mona_8_20260624_124414|1757969609000,Mona,Mona_8_20260624_124414,1757969609000,continue,continue,0.3002329468727112,0.2600081861019134,0.1913404166698455,0.2484184354543686,True,True,True,True
test|Mona_8_20260624_124414|1758302942000,Mona,Mona_8_20260624_124414,1758302942000,continue,continue,0.3043029010295868,0.2630939483642578,0.1845147162675857,0.2480884194374084,True,True,True,True
test|Mona_8_20260624_124414|1758636275000,Mona,Mona_8_20260624_124414,1758636275000,continue,continue,0.3065068125724792,0.2690212726593017,0.1780553311109542,0.2464165389537811,True,True,True,True
test|Mona_8_20260624_124414|1758969609000,Mona,Mona_8_20260624_124414,1758969609000,continue,continue,0.3021756112575531,0.2831026613712311,0.1759025603532791,0.2388191223144531,True,True,True,True
test|Mona_8_20260624_124414|1759302942000,Mona,Mona_8_20260624_124414,1759302942000,continue,continue,0.2976607382297516,0.2906902134418487,0.1756967157125473,0.2359523177146911,True,True,True,True
test|Mona_8_20260624_124414|1759636275000,Mona,Mona_8_20260624_124414,1759636275000,continue,continue,0.2937213480472564,0.2915872633457184,0.1774490028619766,0.2372424155473709,True,True,True,True
test|Mona_8_20260624_124414|1759969609000,Mona,Mona_8_20260624_124414,1759969609000,continue,continue,0.2871118187904358,0.2973591685295105,0.1795194894075393,0.2360095381736755,True,True,True,True
test|Mona_8_20260624_124414|1760302942000,Mona,Mona_8_20260624_124414,1760302942000,continue,continue,0.2826955616474151,0.3043562173843384,0.1823005527257919,0.2306476533412933,True,True,True,True
test|Mona_8_20260624_124414|1760636275000,Mona,Mona_8_20260624_124414,1760636275000,continue,continue,0.2782297730445862,0.3045268654823303,0.1862202435731887,0.2310231178998947,True,True,True,True
test|Mona_8_20260624_124414|1760969609000,Mona,Mona_8_20260624_124414,1760969609000,continue,continue,0.2798225581645965,0.2910670340061188,0.1891978085041046,0.2399126291275024,True,True,True,True
test|Mona_8_20260624_124414|1761302942000,Mona,Mona_8_20260624_124414,1761302942000,continue,continue,0.2823460102081299,0.2785959541797638,0.1914028972387313,0.2476551234722137,True,True,True,True
test|Mona_8_20260624_124414|1761636275000,Mona,Mona_8_20260624_124414,1761636275000,continue,continue,0.2852578461170196,0.2706272006034851,0.1944189369678497,0.2496960461139679,True,True,True,True
test|Mona_8_20260624_124414|1761969609000,Mona,Mona_8_20260624_124414,1761969609000,continue,continue,0.290966123342514,0.2595179378986358,0.1939345449209213,0.2555813789367676,True,True,True,True
test|Mona_8_20260624_124414|1762302942000,Mona,Mona_8_20260624_124414,1762302942000,continue,continue,0.2918410301208496,0.2520292997360229,0.1927353590726852,0.263394296169281,True,True,True,True
test|Mona_8_20260624_124414|1762636275000,Mona,Mona_8_20260624_124414,1762636275000,continue,continue,0.2935104966163635,0.2518766224384308,0.1940382868051529,0.2605745792388916,True,True,True,True
test|Mona_8_20260624_124414|1762969609000,Mona,Mona_8_20260624_124414,1762969609000,continue,continue,0.2993729412555694,0.2463617771863937,0.1976144164800644,0.25665083527565,True,True,True,True
test|Mona_8_20260624_124414|1763302942000,Mona,Mona_8_20260624_124414,1763302942000,continue,continue,0.305345356464386,0.2438536286354065,0.2013986259698867,0.2494024187326431,True,True,True,True
test|Mona_8_20260624_124414|1763636275000,Mona,Mona_8_20260624_124414,1763636275000,continue,continue,0.3069387674331665,0.2514945566654205,0.2018124759197235,0.2397541552782058,True,True,True,True
test|Mona_8_20260624_124414|1763969609000,Mona,Mona_8_20260624_124414,1763969609000,continue,continue,0.3070032894611358,0.2616127133369446,0.2013799995183944,0.2300039827823639,True,True,True,True
test|Mona_8_20260624_124414|1764302942000,Mona,Mona_8_20260624_124414,1764302942000,continue,continue,0.3016824722290039,0.273988127708435,0.201232448220253,0.223097026348114,True,True,True,True
test|Mona_8_20260624_124414|1764636275000,Mona,Mona_8_20260624_124414,1764636275000,continue,continue,0.2955538928508758,0.2837814688682556,0.2006837427616119,0.2199808359146118,True,True,True,True
test|Mona_8_20260624_124414|1764969609000,Mona,Mona_8_20260624_124414,1764969609000,continue,continue,0.2868517339229584,0.2928761839866638,0.1961476057767868,0.2241244465112686,True,True,True,True
test|Mona_8_20260624_124414|1765302942000,Mona,Mona_8_20260624_124414,1765302942000,continue,continue,0.2814532816410064,0.3026480078697204,0.191674917936325,0.2242238074541092,True,True,True,True
test|Mona_8_20260624_124414|1765636275000,Mona,Mona_8_20260624_124414,1765636275000,continue,continue,0.2799845337867737,0.3034064471721649,0.1908432394266128,0.2257658094167709,True,True,True,True
test|Mona_8_20260624_124414|1765969609000,Mona,Mona_8_20260624_124414,1765969609000,continue,continue,0.2815298736095428,0.3007812201976776,0.1913975179195404,0.2262913733720779,True,True,True,True
test|Mona_8_20260624_124414|1766302942000,Mona,Mona_8_20260624_124414,1766302942000,continue,continue,0.2882794141769409,0.2944115102291107,0.1924919784069061,0.224817082285881,True,True,True,True
test|Mona_8_20260624_124414|1766636275000,Mona,Mona_8_20260624_124414,1766636275000,continue,continue,0.295325219631195,0.2856231033802032,0.1930328905582428,0.22601880133152,True,True,True,True
test|Mona_8_20260624_124414|1766969609000,Mona,Mona_8_20260624_124414,1766969609000,continue,continue,0.2923971712589264,0.283560961484909,0.194465696811676,0.2295762002468109,True,True,True,True
test|Mona_8_20260624_124414|1767302942000,Mona,Mona_8_20260624_124414,1767302942000,continue,continue,0.2886312305927276,0.2833708226680755,0.1878950446844101,0.2401029169559478,True,True,True,True
test|Mona_8_20260624_124414|1767636275000,Mona,Mona_8_20260624_124414,1767636275000,continue,continue,0.2896226346492767,0.2775176763534546,0.1826289445161819,0.2502307593822479,True,True,True,True
test|Mona_8_20260624_124414|1767969609000,Mona,Mona_8_20260624_124414,1767969609000,continue,continue,0.2850174605846405,0.2788622379302978,0.1770062148571014,0.2591141164302826,True,True,True,True
test|Mona_8_20260624_124414|1768302942000,Mona,Mona_8_20260624_124414,1768302942000,continue,handover,0.2772983908653259,0.2883494198322296,0.1717187017202377,0.2626335322856903,True,True,True,True
test|Mona_8_20260624_124414|1768636275000,Mona,Mona_8_20260624_124414,1768636275000,continue,handover,0.2660432457923889,0.3021033704280853,0.1734224557876587,0.2584309577941894,True,True,True,True
test|Mona_8_20260624_124414|1768969609000,Mona,Mona_8_20260624_124414,1768969609000,continue,handover,0.2604171335697174,0.3131195902824402,0.1749206036329269,0.2515426874160766,True,True,True,True
test|Mona_8_20260624_124414|1769302942000,Mona,Mona_8_20260624_124414,1769302942000,continue,handover,0.2418331503868103,0.3252006471157074,0.1816548407077789,0.2513113617897033,True,True,True,True
test|Mona_8_20260624_124414|1769636275000,Mona,Mona_8_20260624_124414,1769636275000,continue,handover,0.2382109463214874,0.3233734667301178,0.186259239912033,0.2521563768386841,True,True,True,True
test|Mona_8_20260624_124414|1769969609000,Mona,Mona_8_20260624_124414,1769969609000,continue,handover,0.2383197546005249,0.3183485269546509,0.189841479063034,0.2534902393817901,True,True,True,True
test|Mona_8_20260624_124414|1770302942000,Mona,Mona_8_20260624_124414,1770302942000,continue,continue,0.0,0.410969614982605,0.2526881098747253,0.3363422751426697,False,True,True,True
test|Mona_8_20260624_124414|1770636275000,Mona,Mona_8_20260624_124414,1770636275000,continue,continue,0.0,0.4056224822998047,0.2505421340465545,0.3438353836536407,False,True,True,True
test|Mona_8_20260624_124414|1770969609000,Mona,Mona_8_20260624_124414,1770969609000,continue,continue,0.2962224185466766,0.2847792208194732,0.1772553920745849,0.2417429685592651,True,True,True,True
test|Mona_8_20260624_124414|1771302942000,Mona,Mona_8_20260624_124414,1771302942000,continue,continue,0.2863457798957824,0.2876328229904175,0.1857212632894516,0.240300178527832,True,True,True,True
test|Mona_8_20260624_124414|1771636275000,Mona,Mona_8_20260624_124414,1771636275000,continue,continue,0.269115149974823,0.2969172894954681,0.1944730430841446,0.2394945323467254,True,True,True,True
test|Mona_8_20260624_124414|1771969609000,Mona,Mona_8_20260624_124414,1771969609000,continue,continue,0.2613484859466553,0.297724038362503,0.2030555009841919,0.2378719598054886,True,True,True,True
test|Mona_8_20260624_124414|1772302942000,Mona,Mona_8_20260624_124414,1772302942000,continue,continue,0.256944328546524,0.2947033047676086,0.2096137851476669,0.2387386411428451,True,True,True,True
test|Mona_8_20260624_124414|1772636275000,Mona,Mona_8_20260624_124414,1772636275000,continue,continue,0.2532286047935486,0.2908415794372558,0.2158890217542648,0.2400408387184143,True,True,True,True
test|Mona_8_20260624_124414|1772969609000,Mona,Mona_8_20260624_124414,1772969609000,continue,continue,0.2478664070367813,0.2855536639690399,0.2234620600938797,0.2431179136037826,True,True,True,True
test|Mona_8_20260624_124414|1773302942000,Mona,Mona_8_20260624_124414,1773302942000,continue,continue,0.2495585530996322,0.2860764861106872,0.2252298444509506,0.2391351014375686,True,True,True,True
test|Mona_8_20260624_124414|1773636275000,Mona,Mona_8_20260624_124414,1773636275000,continue,continue,0.2534249126911163,0.2864049077033996,0.2273852825164795,0.2327848970890045,True,True,True,True
test|Mona_8_20260624_124414|1773969609000,Mona,Mona_8_20260624_124414,1773969609000,continue,continue,0.2655333280563354,0.2868671715259552,0.2161322087049484,0.2314673066139221,True,True,True,True
test|Mona_8_20260624_124414|1774302942000,Mona,Mona_8_20260624_124414,1774302942000,continue,continue,0.2744357585906982,0.2853039801120758,0.2076848745346069,0.2325754463672638,True,True,True,True
test|Mona_8_20260624_124414|1774636275000,Mona,Mona_8_20260624_124414,1774636275000,continue,continue,0.2835002541542053,0.2828161120414734,0.1976455152034759,0.2360381782054901,True,True,True,True
test|Mona_8_20260624_124414|1774969609000,Mona,Mona_8_20260624_124414,1774969609000,continue,continue,0.2913877069950104,0.2809977829456329,0.1869565993547439,0.2406578809022903,True,True,True,True
test|Mona_8_20260624_124414|1775302942000,Mona,Mona_8_20260624_124414,1775302942000,continue,continue,0.2929624319076538,0.2781352996826172,0.1800550073385238,0.2488472312688827,True,True,True,True
test|Mona_8_20260624_124414|1775636275000,Mona,Mona_8_20260624_124414,1775636275000,continue,continue,0.2994614839553833,0.2774359881877899,0.1710476279258728,0.2520549595355987,True,True,True,True
test|Mona_8_20260624_124414|1775969609000,Mona,Mona_8_20260624_124414,1775969609000,continue,continue,0.2948298752307892,0.2804204821586609,0.1741545349359512,0.2505950927734375,True,True,True,True
test|Mona_8_20260624_124414|1776302942000,Mona,Mona_8_20260624_124414,1776302942000,continue,continue,0.2940786182880401,0.2819413840770721,0.1741983145475387,0.2497816979885101,True,True,True,True
test|Mona_8_20260624_124414|1776636275000,Mona,Mona_8_20260624_124414,1776636275000,continue,continue,0.2877773344516754,0.2917980551719665,0.1733810603618621,0.2470435500144958,True,True,True,True
test|Mona_8_20260624_124414|1776969609000,Mona,Mona_8_20260624_124414,1776969609000,continue,continue,0.269992858171463,0.3048593997955322,0.1730844974517822,0.2520632743835449,True,True,True,True
test|Mona_8_20260624_124414|1777302942000,Mona,Mona_8_20260624_124414,1777302942000,continue,continue,0.2733421325683594,0.3062313199043274,0.1733003109693527,0.2471262365579605,True,True,True,True
test|Mona_8_20260624_124414|1777636275000,Mona,Mona_8_20260624_124414,1777636275000,continue,continue,0.2698515057563782,0.3068719208240509,0.1772935390472412,0.2459830194711685,True,True,True,True
test|Mona_8_20260624_124414|1777969609000,Mona,Mona_8_20260624_124414,1777969609000,continue,continue,0.258031278848648,0.3163017630577087,0.1763105243444442,0.2493564486503601,True,True,True,True
test|Mona_8_20260624_124414|1778302942000,Mona,Mona_8_20260624_124414,1778302942000,continue,continue,0.2343042194843292,0.3339260816574096,0.1803286969661712,0.251440942287445,True,True,True,True
test|Mona_8_20260624_124414|1778636275000,Mona,Mona_8_20260624_124414,1778636275000,continue,handover,0.2147944420576095,0.3483359813690185,0.1833538711071014,0.2535157203674316,True,True,True,True
test|Mona_8_20260624_124414|1778969609000,Mona,Mona_8_20260624_124414,1778969609000,fetch,handover,0.2527197599411011,0.3370243906974792,0.1791866570711136,0.2310692071914672,True,True,True,True
test|Mona_8_20260624_124414|1779302942000,Mona,Mona_8_20260624_124414,1779302942000,fetch,handover,0.2548479735851288,0.3349875509738922,0.1772968620061874,0.2328676879405975,True,True,True,True
test|Mona_8_20260624_124414|1779636275000,Mona,Mona_8_20260624_124414,1779636275000,fetch,continue,0.261466383934021,0.3246234357357025,0.1719487309455871,0.2419614493846893,True,True,True,True
test|Mona_8_20260624_124414|1779969609000,Mona,Mona_8_20260624_124414,1779969609000,fetch,continue,0.2538035213947296,0.3103682398796081,0.180520698428154,0.2553075551986694,True,True,True,True
test|Mona_8_20260624_124414|1780302942000,Mona,Mona_8_20260624_124414,1780302942000,fetch,continue,0.254904955625534,0.3052332401275635,0.1776570677757263,0.2622047066688537,True,True,True,True
test|Mona_8_20260624_124414|1780636275000,Mona,Mona_8_20260624_124414,1780636275000,fetch,continue,0.2531953454017639,0.319128155708313,0.17156682908535,0.2561096549034118,True,True,True,True
test|Mona_8_20260624_124414|1780969609000,Mona,Mona_8_20260624_124414,1780969609000,fetch,continue,0.2527789771556854,0.3269082009792328,0.1634143739938736,0.256898432970047,True,True,True,True
test|Mona_8_20260624_124414|1781302942000,Mona,Mona_8_20260624_124414,1781302942000,fetch,continue,0.2553255558013916,0.3361364006996155,0.1518928110599517,0.2566452026367187,True,True,True,True
test|Mona_8_20260624_124414|1781636275000,Mona,Mona_8_20260624_124414,1781636275000,fetch,continue,0.2557636797428131,0.3429663777351379,0.1426322907209396,0.2586376965045929,True,True,True,True
test|Mona_8_20260624_124414|1781969609000,Mona,Mona_8_20260624_124414,1781969609000,fetch,continue,0.2552904784679413,0.354742169380188,0.1293317973613739,0.2606355845928192,True,True,True,True
test|Mona_8_20260624_124414|1782302942000,Mona,Mona_8_20260624_124414,1782302942000,fetch,continue,0.2924453616142273,0.4119666218757629,0.0,0.295587956905365,True,True,False,True
test|Mona_8_20260624_124414|1782636275000,Mona,Mona_8_20260624_124414,1782636275000,fetch,continue,0.2930805087089538,0.4115557074546814,0.0,0.2953638434410095,True,True,False,True
test|Mona_8_20260624_124414|1782969609000,Mona,Mona_8_20260624_124414,1782969609000,fetch,continue,0.2883431017398834,0.4130955934524536,0.0,0.2985612750053406,True,True,False,True
test|Mona_8_20260624_124414|1783302942000,Mona,Mona_8_20260624_124414,1783302942000,fetch,continue,0.2837860286235809,0.4091600477695465,0.0,0.3070538938045501,True,True,False,True
test|Mona_8_20260624_124414|1784636275000,Mona,Mona_8_20260624_124414,1784636275000,handover,fetch,0.2740217745304107,0.3986546397209167,0.0,0.3273236155509949,True,True,False,True
test|Mona_8_20260624_124414|1784969609000,Mona,Mona_8_20260624_124414,1784969609000,handover,handover,0.2714122235774994,0.4094281196594238,0.0,0.3191596269607544,True,True,False,True
test|Mona_8_20260624_124414|1785302942000,Mona,Mona_8_20260624_124414,1785302942000,handover,fetch,0.2310632020235061,0.3470950424671173,0.1467937976121902,0.2750479578971863,True,True,True,True
test|Mona_8_20260624_124414|1785636275000,Mona,Mona_8_20260624_124414,1785636275000,handover,handover,0.2273792922496795,0.323722779750824,0.1669394969940185,0.2819584310054779,True,True,True,True
test|Mona_8_20260624_124414|1785969609000,Mona,Mona_8_20260624_124414,1785969609000,handover,handover,0.2184567004442215,0.3266675770282745,0.1662753820419311,0.2886003255844116,True,True,True,True
test|Mona_8_20260624_124414|1786302942000,Mona,Mona_8_20260624_124414,1786302942000,handover,handover,0.2042421102523803,0.3421337604522705,0.1672568172216415,0.286367267370224,True,True,True,True
test|Mona_8_20260624_124414|1786636275000,Mona,Mona_8_20260624_124414,1786636275000,handover,handover,0.2008725255727768,0.3556869029998779,0.1640239357948303,0.2794165909290313,True,True,True,True
test|Mona_8_20260624_124414|1786969609000,Mona,Mona_8_20260624_124414,1786969609000,handover,handover,0.201662078499794,0.3679234683513641,0.1596088856458664,0.2708055675029754,True,True,True,True
test|Mona_8_20260624_124414|1787302942000,Mona,Mona_8_20260624_124414,1787302942000,handover,handover,0.1975254714488983,0.3825188875198364,0.1605748981237411,0.2593806982040405,True,True,True,True
test|Mona_8_20260624_124414|1787636275000,Mona,Mona_8_20260624_124414,1787636275000,handover,handover,0.1968770921230316,0.4036770761013031,0.1447572112083435,0.2546885907649994,True,True,True,True
test|Mona_8_20260624_124414|1787969609000,Mona,Mona_8_20260624_124414,1787969609000,handover,handover,0.1928427964448928,0.4057132303714752,0.1559657007455825,0.2454783320426941,True,True,True,True
test|Mona_8_20260624_124414|1788302942000,Mona,Mona_8_20260624_124414,1788302942000,handover,handover,0.23061403632164,0.4785690903663635,0.0,0.2908168435096741,True,True,False,True
test|Mona_8_20260624_124414|1788636275000,Mona,Mona_8_20260624_124414,1788636275000,handover,handover,0.2370627224445343,0.474062442779541,0.0,0.2888748049736023,True,True,False,True
