level,group,domain,method,samples,denominator,coverage,accuracy,macro_f1,macro_f1_supported,position_mean_cm,position_median_cm,position_rmse_cm,orientation_mean_deg,orientation_median_deg,position_mean_difference_cm,position_median_difference_cm,orientation_mean_difference_deg,learned_win_fraction,estimate,ci_lower,ci_upper,status,metric_contributing_clusters,valid_replicate_fraction
window,all,classification,intention,2199,2199.0,1.0,0.91268758526603,0.8730108777545712,0.8730108777545712,,,,,,,,,,,,,,,
window,all,classification,assistance,2199,2199.0,1.0,0.9363346975898136,0.926254577649,0.926254577649,,,,,,,,,,,,,,,
window,all,classification,assistance_type_given_ground_truth_assistance,647,647.0,1.0,0.910355486862442,0.909654275808937,0.909654275808937,,,,,,,,,,,,,,,
window,all,classification,receiving_hand_given_ground_truth_handover,304,304.0,1.0,0.8486842105263158,0.8016791468118901,0.8016791468118901,,,,,,,,,,,,,,,
window,all,pose,learned_end_to_end,206,217.0,0.9493087557603687,,,,17.04969825286469,12.474187134914528,21.779740348754967,51.19548209577662,29.03498927469733,,,,,,,,,,
window,all,pose,learned_oracle_hand,214,217.0,0.9861751152073732,,,,15.820451126871136,12.1430091917699,20.333622520813623,44.03553290602474,29.03498927469733,,,,,,,,,,
window,all,pose,persistence,214,217.0,0.9861751152073732,,,,14.965275549312453,6.707455036400161,22.50912885096108,42.4043839226949,15.658195619648684,,,,,,,,,,
window,all,pose,constant_velocity,213,217.0,0.9815668202764977,,,,33.49035494558316,28.088438737903104,47.923339307254395,42.04896856236211,15.505820107708042,,,,,,,,,,
window,all,pose_fair_common,learned_oracle_hand,213,217.0,0.9815668202764977,,,,15.727066479504314,12.097563432112612,20.23388190590423,43.70941634315042,28.88277771647813,,,,,,,,,,
window,all,pose_fair_common,persistence,213,217.0,0.9815668202764977,,,,14.80422205700099,6.342896434320831,22.30791016833363,42.04896856236211,15.505820107708042,,,,,,,,,,
window,all,pose_fair_common,constant_velocity,213,217.0,0.9815668202764977,,,,33.49035494558316,28.088438737903104,47.923339307254395,42.04896856236211,15.505820107708042,,,,,,,,,,
window,all,paired_pose_difference,learned_end_to_end_minus_persistence,203,217.0,0.9354838709677419,,,,,,,,,1.4330687224954854,1.184340768492316,6.150781413223417,0.3694581280788177,,,,,,
window,all,paired_pose_difference,learned_end_to_end_minus_constant_velocity,202,217.0,0.9308755760368663,,,,,,,,,-16.09153835683344,-5.218555682475693,5.9303614272909435,0.6485148514851485,,,,,,
window,all,paired_pose_difference,learned_oracle_hand_minus_persistence,214,217.0,0.9861751152073732,,,,,,,,,0.8551755775586822,1.2126613561030197,1.6311489833298545,0.37383177570093457,,,,,,
window,all,paired_pose_difference,learned_oracle_hand_minus_constant_velocity,213,217.0,0.9815668202764977,,,,,,,,,-17.763288466078844,-5.357275151188,1.6604477807883073,0.6525821596244131,,,,,,
sequence,Edu_10_20260616_150412,classification,intention,87,87.0,1.0,0.8045977011494253,0.8128991060025542,0.8128991060025542,,,,,,,,,,,,,,,
sequence,Edu_10_20260616_150412,classification,assistance,87,87.0,1.0,0.8275862068965517,0.8275862068965517,0.8275862068965517,,,,,,,,,,,,,,,
sequence,Edu_10_20260616_150412,classification,assistance_type_given_ground_truth_assistance,36,36.0,1.0,0.9444444444444444,0.9444444444444444,0.9444444444444444,,,,,,,,,,,,,,,
sequence,Edu_10_20260616_150412,classification,receiving_hand_given_ground_truth_handover,19,19.0,1.0,1.0,0.5,1.0,,,,,,,,,,,,,,,
sequence,Edu_10_20260616_150412,pose,learned_end_to_end,16,16.0,1.0,,,,24.05017355578136,24.159812146469392,28.763159000617286,51.01068806892605,36.45350799464299,,,,,,,,,,
sequence,Edu_10_20260616_150412,pose,learned_oracle_hand,16,16.0,1.0,,,,24.05017355578136,24.159812146469392,28.763159000617286,51.01068806892605,36.45350799464299,,,,,,,,,,
sequence,Edu_10_20260616_150412,pose,persistence,16,16.0,1.0,,,,25.566901574789515,25.04009698600112,32.05837128446061,63.98403523484791,47.030379780373465,,,,,,,,,,
sequence,Edu_10_20260616_150412,pose,constant_velocity,16,16.0,1.0,,,,53.98047030998142,53.48416582047891,62.949131207376006,63.98403523484791,47.030379780373465,,,,,,,,,,
sequence,Edu_10_20260616_150412,pose_fair_common,learned_oracle_hand,16,16.0,1.0,,,,24.05017355578136,24.159812146469392,28.763159000617286,51.01068806892605,36.45350799464299,,,,,,,,,,
sequence,Edu_10_20260616_150412,pose_fair_common,persistence,16,16.0,1.0,,,,25.566901574789515,25.04009698600112,32.05837128446061,63.98403523484791,47.030379780373465,,,,,,,,,,
sequence,Edu_10_20260616_150412,pose_fair_common,constant_velocity,16,16.0,1.0,,,,53.98047030998142,53.48416582047891,62.949131207376006,63.98403523484791,47.030379780373465,,,,,,,,,,
sequence,Edu_10_20260616_150412,paired_pose_difference,learned_end_to_end_minus_persistence,16,16.0,1.0,,,,,,,,,-1.5167280190081582,-0.9637905847659058,-12.973347165921858,0.5625,,,,,,
sequence,Edu_10_20260616_150412,paired_pose_difference,learned_end_to_end_minus_constant_velocity,16,16.0,1.0,,,,,,,,,-29.930296754200057,-12.921810907122364,-12.973347165921858,0.875,,,,,,
sequence,Edu_10_20260616_150412,paired_pose_difference,learned_oracle_hand_minus_persistence,16,16.0,1.0,,,,,,,,,-1.5167280190081582,-0.9637905847659058,-12.973347165921858,0.5625,,,,,,
sequence,Edu_10_20260616_150412,paired_pose_difference,learned_oracle_hand_minus_constant_velocity,16,16.0,1.0,,,,,,,,,-29.930296754200057,-12.921810907122364,-12.973347165921858,0.875,,,,,,
sequence,Edu_2_20260604_170420,classification,intention,62,62.0,1.0,0.9838709677419355,0.9581699346405229,0.9581699346405229,,,,,,,,,,,,,,,
sequence,Edu_2_20260604_170420,classification,assistance,62,62.0,1.0,1.0,1.0,1.0,,,,,,,,,,,,,,,
sequence,Edu_2_20260604_170420,classification,assistance_type_given_ground_truth_assistance,16,16.0,1.0,0.9375,0.9372549019607843,0.9372549019607843,,,,,,,,,,,,,,,
sequence,Edu_2_20260604_170420,classification,receiving_hand_given_ground_truth_handover,8,8.0,1.0,1.0,0.5,1.0,,,,,,,,,,,,,,,
sequence,Edu_2_20260604_170420,pose,learned_end_to_end,5,5.0,1.0,,,,21.25329508542278,17.322605643263657,24.079833655657055,74.24546470731784,42.872246727267175,,,,,,,,,,
sequence,Edu_2_20260604_170420,pose,learned_oracle_hand,5,5.0,1.0,,,,21.25329508542278,17.322605643263657,24.079833655657055,74.24546470731784,42.872246727267175,,,,,,,,,,
sequence,Edu_2_20260604_170420,pose,persistence,5,5.0,1.0,,,,21.486651169759398,20.14640446952149,24.954687985105938,74.19832838081501,85.58061361997649,,,,,,,,,,
sequence,Edu_2_20260604_170420,pose,constant_velocity,5,5.0,1.0,,,,41.63753319182213,36.57006626742291,43.64996561285346,74.19832838081501,85.58061361997649,,,,,,,,,,
sequence,Edu_2_20260604_170420,pose_fair_common,learned_oracle_hand,5,5.0,1.0,,,,21.25329508542278,17.322605643263657,24.079833655657055,74.24546470731784,42.872246727267175,,,,,,,,,,
sequence,Edu_2_20260604_170420,pose_fair_common,persistence,5,5.0,1.0,,,,21.486651169759398,20.14640446952149,24.954687985105938,74.19832838081501,85.58061361997649,,,,,,,,,,
sequence,Edu_2_20260604_170420,pose_fair_common,constant_velocity,5,5.0,1.0,,,,41.63753319182213,36.57006626742291,43.64996561285346,74.19832838081501,85.58061361997649,,,,,,,,,,
sequence,Edu_2_20260604_170420,paired_pose_difference,learned_end_to_end_minus_persistence,5,5.0,1.0,,,,,,,,,-0.2333560843366179,4.304328421604538,0.047136326502831595,0.4,,,,,,
sequence,Edu_2_20260604_170420,paired_pose_difference,learned_end_to_end_minus_constant_velocity,5,5.0,1.0,,,,,,,,,-20.38423810639935,-14.182599379932263,0.047136326502831595,0.8,,,,,,
sequence,Edu_2_20260604_170420,paired_pose_difference,learned_oracle_hand_minus_persistence,5,5.0,1.0,,,,,,,,,-0.2333560843366179,4.304328421604538,0.047136326502831595,0.4,,,,,,
sequence,Edu_2_20260604_170420,paired_pose_difference,learned_oracle_hand_minus_constant_velocity,5,5.0,1.0,,,,,,,,,-20.38423810639935,-14.182599379932263,0.047136326502831595,0.8,,,,,,
sequence,Edu_3_20260604_170622,classification,intention,73,73.0,1.0,0.9863013698630136,0.9822069163438082,0.9822069163438082,,,,,,,,,,,,,,,
sequence,Edu_3_20260604_170622,classification,assistance,73,73.0,1.0,0.9863013698630136,0.9839383938393839,0.9839383938393839,,,,,,,,,,,,,,,
sequence,Edu_3_20260604_170622,classification,assistance_type_given_ground_truth_assistance,22,22.0,1.0,1.0,1.0,1.0,,,,,,,,,,,,,,,
sequence,Edu_3_20260604_170622,classification,receiving_hand_given_ground_truth_handover,11,11.0,1.0,1.0,0.5,1.0,,,,,,,,,,,,,,,
sequence,Edu_3_20260604_170622,pose,learned_end_to_end,8,8.0,1.0,,,,15.464552098781613,12.235779673469127,17.940894913689245,54.03452599284627,37.01708285949243,,,,,,,,,,
sequence,Edu_3_20260604_170622,pose,learned_oracle_hand,8,8.0,1.0,,,,15.464552098781613,12.235779673469127,17.940894913689245,54.03452599284627,37.01708285949243,,,,,,,,,,
sequence,Edu_3_20260604_170622,pose,persistence,8,8.0,1.0,,,,15.743628521134667,14.989689485723664,20.927320771391695,61.71930545895522,59.719773286405925,,,,,,,,,,
sequence,Edu_3_20260604_170622,pose,constant_velocity,8,8.0,1.0,,,,28.60832945199239,31.06138185711279,34.1318762078674,61.71930545895522,59.719773286405925,,,,,,,,,,
sequence,Edu_3_20260604_170622,pose_fair_common,learned_oracle_hand,8,8.0,1.0,,,,15.464552098781613,12.235779673469127,17.940894913689245,54.03452599284627,37.01708285949243,,,,,,,,,,
sequence,Edu_3_20260604_170622,pose_fair_common,persistence,8,8.0,1.0,,,,15.743628521134667,14.989689485723664,20.927320771391695,61.71930545895522,59.719773286405925,,,,,,,,,,
sequence,Edu_3_20260604_170622,pose_fair_common,constant_velocity,8,8.0,1.0,,,,28.60832945199239,31.06138185711279,34.1318762078674,61.71930545895522,59.719773286405925,,,,,,,,,,
sequence,Edu_3_20260604_170622,paired_pose_difference,learned_end_to_end_minus_persistence,8,8.0,1.0,,,,,,,,,-0.2790764223530544,2.892245823118805,-7.684779466108962,0.375,,,,,,
sequence,Edu_3_20260604_170622,paired_pose_difference,learned_end_to_end_minus_constant_velocity,8,8.0,1.0,,,,,,,,,-13.143777353210771,-8.70362609717985,-7.684779466108962,0.625,,,,,,
sequence,Edu_3_20260604_170622,paired_pose_difference,learned_oracle_hand_minus_persistence,8,8.0,1.0,,,,,,,,,-0.2790764223530544,2.892245823118805,-7.684779466108962,0.375,,,,,,
sequence,Edu_3_20260604_170622,paired_pose_difference,learned_oracle_hand_minus_constant_velocity,8,8.0,1.0,,,,,,,,,-13.143777353210771,-8.70362609717985,-7.684779466108962,0.625,,,,,,
sequence,Edu_4_20260604_170837,classification,intention,94,94.0,1.0,0.9893617021276596,0.9751724137931035,0.9751724137931035,,,,,,,,,,,,,,,
sequence,Edu_4_20260604_170837,classification,assistance,94,94.0,1.0,1.0,1.0,1.0,,,,,,,,,,,,,,,
sequence,Edu_4_20260604_170837,classification,assistance_type_given_ground_truth_assistance,27,27.0,1.0,0.9629629629629629,0.9627586206896552,0.9627586206896552,,,,,,,,,,,,,,,
sequence,Edu_4_20260604_170837,classification,receiving_hand_given_ground_truth_handover,13,13.0,1.0,1.0,0.5,1.0,,,,,,,,,,,,,,,
sequence,Edu_4_20260604_170837,pose,learned_end_to_end,9,9.0,1.0,,,,14.260742278476515,11.51398584666754,17.710199894029238,41.51794096445365,30.904527872573183,,,,,,,,,,
sequence,Edu_4_20260604_170837,pose,learned_oracle_hand,9,9.0,1.0,,,,14.260742278476515,11.51398584666754,17.710199894029238,41.51794096445365,30.904527872573183,,,,,,,,,,
sequence,Edu_4_20260604_170837,pose,persistence,9,9.0,1.0,,,,17.403458076374132,13.01501137573787,22.848022892260833,50.62052117831091,37.57925224680601,,,,,,,,,,
sequence,Edu_4_20260604_170837,pose,constant_velocity,9,9.0,1.0,,,,30.116104721768888,32.774881628133826,37.85669539022096,50.62052117831091,37.57925224680601,,,,,,,,,,
sequence,Edu_4_20260604_170837,pose_fair_common,learned_oracle_hand,9,9.0,1.0,,,,14.260742278476515,11.51398584666754,17.710199894029238,41.51794096445365,30.904527872573183,,,,,,,,,,
sequence,Edu_4_20260604_170837,pose_fair_common,persistence,9,9.0,1.0,,,,17.403458076374132,13.01501137573787,22.848022892260833,50.62052117831091,37.57925224680601,,,,,,,,,,
sequence,Edu_4_20260604_170837,pose_fair_common,constant_velocity,9,9.0,1.0,,,,30.116104721768888,32.774881628133826,37.85669539022096,50.62052117831091,37.57925224680601,,,,,,,,,,
sequence,Edu_4_20260604_170837,paired_pose_difference,learned_end_to_end_minus_persistence,9,9.0,1.0,,,,,,,,,-3.142715797897617,-1.092325664406257,-9.10258021385725,0.5555555555555556,,,,,,
sequence,Edu_4_20260604_170837,paired_pose_difference,learned_end_to_end_minus_constant_velocity,9,9.0,1.0,,,,,,,,,-15.855362443292371,-2.306707005717155,-9.10258021385725,0.8888888888888888,,,,,,
sequence,Edu_4_20260604_170837,paired_pose_difference,learned_oracle_hand_minus_persistence,9,9.0,1.0,,,,,,,,,-3.142715797897617,-1.092325664406257,-9.10258021385725,0.5555555555555556,,,,,,
sequence,Edu_4_20260604_170837,paired_pose_difference,learned_oracle_hand_minus_constant_velocity,9,9.0,1.0,,,,,,,,,-15.855362443292371,-2.306707005717155,-9.10258021385725,0.8888888888888888,,,,,,
sequence,Edu_5_20260604_170944,classification,intention,93,93.0,1.0,0.978494623655914,0.9707857733664186,0.9707857733664186,,,,,,,,,,,,,,,
sequence,Edu_5_20260604_170944,classification,assistance,93,93.0,1.0,0.978494623655914,0.9744505494505495,0.9744505494505495,,,,,,,,,,,,,,,
sequence,Edu_5_20260604_170944,classification,assistance_type_given_ground_truth_assistance,28,28.0,1.0,1.0,1.0,1.0,,,,,,,,,,,,,,,
sequence,Edu_5_20260604_170944,classification,receiving_hand_given_ground_truth_handover,16,16.0,1.0,1.0,0.5,1.0,,,,,,,,,,,,,,,
sequence,Edu_5_20260604_170944,pose,learned_end_to_end,12,12.0,1.0,,,,14.125002821761008,12.344407452335254,17.79130104440038,40.014750487371195,25.590798615501754,,,,,,,,,,
sequence,Edu_5_20260604_170944,pose,learned_oracle_hand,12,12.0,1.0,,,,14.125002821761008,12.344407452335254,17.79130104440038,40.014750487371195,25.590798615501754,,,,,,,,,,
sequence,Edu_5_20260604_170944,pose,persistence,12,12.0,1.0,,,,16.932029604092115,12.536886573482576,22.403795538592654,54.0190830924866,43.005180542945425,,,,,,,,,,
sequence,Edu_5_20260604_170944,pose,constant_velocity,12,12.0,1.0,,,,36.55765683395775,35.94200184573948,42.108427032371196,54.0190830924866,43.005180542945425,,,,,,,,,,
sequence,Edu_5_20260604_170944,pose_fair_common,learned_oracle_hand,12,12.0,1.0,,,,14.125002821761008,12.344407452335254,17.79130104440038,40.014750487371195,25.590798615501754,,,,,,,,,,
sequence,Edu_5_20260604_170944,pose_fair_common,persistence,12,12.0,1.0,,,,16.932029604092115,12.536886573482576,22.403795538592654,54.0190830924866,43.005180542945425,,,,,,,,,,
sequence,Edu_5_20260604_170944,pose_fair_common,constant_velocity,12,12.0,1.0,,,,36.55765683395775,35.94200184573948,42.108427032371196,54.0190830924866,43.005180542945425,,,,,,,,,,
sequence,Edu_5_20260604_170944,paired_pose_difference,learned_end_to_end_minus_persistence,12,12.0,1.0,,,,,,,,,-2.8070267823311057,-1.6986333977138934,-14.004332605115414,0.6666666666666666,,,,,,
sequence,Edu_5_20260604_170944,paired_pose_difference,learned_end_to_end_minus_constant_velocity,12,12.0,1.0,,,,,,,,,-22.43265401219674,-16.2611767326539,-14.004332605115414,0.8333333333333334,,,,,,
sequence,Edu_5_20260604_170944,paired_pose_difference,learned_oracle_hand_minus_persistence,12,12.0,1.0,,,,,,,,,-2.8070267823311057,-1.6986333977138934,-14.004332605115414,0.6666666666666666,,,,,,
sequence,Edu_5_20260604_170944,paired_pose_difference,learned_oracle_hand_minus_constant_velocity,12,12.0,1.0,,,,,,,,,-22.43265401219674,-16.2611767326539,-14.004332605115414,0.8333333333333334,,,,,,
sequence,Edu_6_20260616_145740,classification,intention,91,91.0,1.0,0.7802197802197802,0.7048175995544416,0.7048175995544416,,,,,,,,,,,,,,,
sequence,Edu_6_20260616_145740,classification,assistance,91,91.0,1.0,0.9560439560439561,0.9560386473429952,0.9560386473429952,,,,,,,,,,,,,,,
sequence,Edu_6_20260616_145740,classification,assistance_type_given_ground_truth_assistance,44,44.0,1.0,0.6363636363636364,0.6071428571428571,0.6071428571428571,,,,,,,,,,,,,,,
sequence,Edu_6_20260616_145740,classification,receiving_hand_given_ground_truth_handover,31,31.0,1.0,1.0,0.5,1.0,,,,,,,,,,,,,,,
sequence,Edu_6_20260616_145740,pose,learned_end_to_end,27,27.0,1.0,,,,15.344284182720527,15.187316710183955,17.82368247289355,57.05295654259348,66.12006395152684,,,,,,,,,,
sequence,Edu_6_20260616_145740,pose,learned_oracle_hand,27,27.0,1.0,,,,15.344284182720527,15.187316710183955,17.82368247289355,57.05295654259348,66.12006395152684,,,,,,,,,,
sequence,Edu_6_20260616_145740,pose,persistence,27,27.0,1.0,,,,11.013397541273791,7.993504282260109,16.199496588442507,39.773532495963416,24.778878809855247,,,,,,,,,,
sequence,Edu_6_20260616_145740,pose,constant_velocity,27,27.0,1.0,,,,20.981567607239615,13.30842927286588,29.161165034296854,39.773532495963416,24.778878809855247,,,,,,,,,,
sequence,Edu_6_20260616_145740,pose_fair_common,learned_oracle_hand,27,27.0,1.0,,,,15.344284182720527,15.187316710183955,17.82368247289355,57.05295654259348,66.12006395152684,,,,,,,,,,
sequence,Edu_6_20260616_145740,pose_fair_common,persistence,27,27.0,1.0,,,,11.013397541273791,7.993504282260109,16.199496588442507,39.773532495963416,24.778878809855247,,,,,,,,,,
sequence,Edu_6_20260616_145740,pose_fair_common,constant_velocity,27,27.0,1.0,,,,20.981567607239615,13.30842927286588,29.161165034296854,39.773532495963416,24.778878809855247,,,,,,,,,,
sequence,Edu_6_20260616_145740,paired_pose_difference,learned_end_to_end_minus_persistence,27,27.0,1.0,,,,,,,,,4.330886641446735,2.980840448090249,17.27942404663007,0.25925925925925924,,,,,,
sequence,Edu_6_20260616_145740,paired_pose_difference,learned_end_to_end_minus_constant_velocity,27,27.0,1.0,,,,,,,,,-5.637283424519091,-0.36697727759032883,17.27942404663007,0.5185185185185185,,,,,,
sequence,Edu_6_20260616_145740,paired_pose_difference,learned_oracle_hand_minus_persistence,27,27.0,1.0,,,,,,,,,4.330886641446735,2.980840448090249,17.27942404663007,0.25925925925925924,,,,,,
sequence,Edu_6_20260616_145740,paired_pose_difference,learned_oracle_hand_minus_constant_velocity,27,27.0,1.0,,,,,,,,,-5.637283424519091,-0.36697727759032883,17.27942404663007,0.5185185185185185,,,,,,
sequence,Edu_7_20260616_145927,classification,intention,72,72.0,1.0,0.9444444444444444,0.9435185185185185,0.9435185185185185,,,,,,,,,,,,,,,
sequence,Edu_7_20260616_145927,classification,assistance,72,72.0,1.0,0.9444444444444444,0.9407407407407408,0.9407407407407408,,,,,,,,,,,,,,,
sequence,Edu_7_20260616_145927,classification,assistance_type_given_ground_truth_assistance,25,25.0,1.0,1.0,1.0,1.0,,,,,,,,,,,,,,,
sequence,Edu_7_20260616_145927,classification,receiving_hand_given_ground_truth_handover,11,11.0,1.0,1.0,0.5,1.0,,,,,,,,,,,,,,,
sequence,Edu_7_20260616_145927,pose,learned_end_to_end,8,8.0,1.0,,,,25.323213140250605,25.706232800732227,27.34152616610535,88.76930718625465,73.33613757820841,,,,,,,,,,
sequence,Edu_7_20260616_145927,pose,learned_oracle_hand,8,8.0,1.0,,,,25.323213140250605,25.706232800732227,27.34152616610535,88.76930718625465,73.33613757820841,,,,,,,,,,
sequence,Edu_7_20260616_145927,pose,persistence,8,8.0,1.0,,,,28.393272366562265,29.672846724132516,30.659900934788933,107.26237965542245,112.44713283478453,,,,,,,,,,
sequence,Edu_7_20260616_145927,pose,constant_velocity,8,8.0,1.0,,,,50.49458672653097,43.94366523178907,56.94489302767832,107.26237965542245,112.44713283478453,,,,,,,,,,
sequence,Edu_7_20260616_145927,pose_fair_common,learned_oracle_hand,8,8.0,1.0,,,,25.323213140250605,25.706232800732227,27.34152616610535,88.76930718625465,73.33613757820841,,,,,,,,,,
sequence,Edu_7_20260616_145927,pose_fair_common,persistence,8,8.0,1.0,,,,28.393272366562265,29.672846724132516,30.659900934788933,107.26237965542245,112.44713283478453,,,,,,,,,,
sequence,Edu_7_20260616_145927,pose_fair_common,constant_velocity,8,8.0,1.0,,,,50.49458672653097,43.94366523178907,56.94489302767832,107.26237965542245,112.44713283478453,,,,,,,,,,
sequence,Edu_7_20260616_145927,paired_pose_difference,learned_end_to_end_minus_persistence,8,8.0,1.0,,,,,,,,,-3.0700592263116553,-1.225050262117728,-18.493072469167814,0.625,,,,,,
sequence,Edu_7_20260616_145927,paired_pose_difference,learned_end_to_end_minus_constant_velocity,8,8.0,1.0,,,,,,,,,-25.17137358628036,-20.31914522313283,-18.493072469167814,0.875,,,,,,
sequence,Edu_7_20260616_145927,paired_pose_difference,learned_oracle_hand_minus_persistence,8,8.0,1.0,,,,,,,,,-3.0700592263116553,-1.225050262117728,-18.493072469167814,0.625,,,,,,
sequence,Edu_7_20260616_145927,paired_pose_difference,learned_oracle_hand_minus_constant_velocity,8,8.0,1.0,,,,,,,,,-25.17137358628036,-20.31914522313283,-18.493072469167814,0.875,,,,,,
sequence,Edu_8_20260616_150108,classification,intention,62,62.0,1.0,0.9838709677419355,0.9849238655208804,0.9849238655208804,,,,,,,,,,,,,,,
sequence,Edu_8_20260616_150108,classification,assistance,62,62.0,1.0,0.9838709677419355,0.9837653836082744,0.9837653836082744,,,,,,,,,,,,,,,
sequence,Edu_8_20260616_150108,classification,assistance_type_given_ground_truth_assistance,28,28.0,1.0,1.0,1.0,1.0,,,,,,,,,,,,,,,
sequence,Edu_8_20260616_150108,classification,receiving_hand_given_ground_truth_handover,12,12.0,1.0,1.0,0.5,1.0,,,,,,,,,,,,,,,
sequence,Edu_8_20260616_150108,pose,learned_end_to_end,9,9.0,1.0,,,,26.78972522037884,26.309787105902537,28.484587445004806,70.68598381247618,51.797039572684746,,,,,,,,,,
sequence,Edu_8_20260616_150108,pose,learned_oracle_hand,9,9.0,1.0,,,,26.78972522037884,26.309787105902537,28.484587445004806,70.68598381247618,51.797039572684746,,,,,,,,,,
sequence,Edu_8_20260616_150108,pose,persistence,9,9.0,1.0,,,,27.06441521799234,28.261565210305484,29.66715366260655,83.08970138532331,89.05255484510171,,,,,,,,,,
sequence,Edu_8_20260616_150108,pose,constant_velocity,9,9.0,1.0,,,,53.42795307312696,49.134578109185234,60.25727381428846,83.08970138532331,89.05255484510171,,,,,,,,,,
sequence,Edu_8_20260616_150108,pose_fair_common,learned_oracle_hand,9,9.0,1.0,,,,26.78972522037884,26.309787105902537,28.484587445004806,70.68598381247618,51.797039572684746,,,,,,,,,,
sequence,Edu_8_20260616_150108,pose_fair_common,persistence,9,9.0,1.0,,,,27.06441521799234,28.261565210305484,29.66715366260655,83.08970138532331,89.05255484510171,,,,,,,,,,
sequence,Edu_8_20260616_150108,pose_fair_common,constant_velocity,9,9.0,1.0,,,,53.42795307312696,49.134578109185234,60.25727381428846,83.08970138532331,89.05255484510171,,,,,,,,,,
sequence,Edu_8_20260616_150108,paired_pose_difference,learned_end_to_end_minus_persistence,9,9.0,1.0,,,,,,,,,-0.27468999761349916,-0.9925099899974299,-12.403717572847142,0.5555555555555556,,,,,,
sequence,Edu_8_20260616_150108,paired_pose_difference,learned_end_to_end_minus_constant_velocity,9,9.0,1.0,,,,,,,,,-26.63822785274812,-21.081122293917957,-12.403717572847142,0.7777777777777778,,,,,,
sequence,Edu_8_20260616_150108,paired_pose_difference,learned_oracle_hand_minus_persistence,9,9.0,1.0,,,,,,,,,-0.27468999761349916,-0.9925099899974299,-12.403717572847142,0.5555555555555556,,,,,,
sequence,Edu_8_20260616_150108,paired_pose_difference,learned_oracle_hand_minus_constant_velocity,9,9.0,1.0,,,,,,,,,-26.63822785274812,-21.081122293917957,-12.403717572847142,0.7777777777777778,,,,,,
sequence,Edu_9_20260616_150247,classification,intention,69,69.0,1.0,0.782608695652174,0.6722222222222222,0.6722222222222222,,,,,,,,,,,,,,,
sequence,Edu_9_20260616_150247,classification,assistance,69,69.0,1.0,0.9420289855072463,0.9405172413793104,0.9405172413793104,,,,,,,,,,,,,,,
sequence,Edu_9_20260616_150247,classification,assistance_type_given_ground_truth_assistance,27,27.0,1.0,0.5925925925925926,0.5714285714285714,0.5714285714285714,,,,,,,,,,,,,,,
sequence,Edu_9_20260616_150247,classification,receiving_hand_given_ground_truth_handover,11,11.0,1.0,0.0,0.0,0.0,,,,,,,,,,,,,,,
sequence,Edu_9_20260616_150247,pose,learned_end_to_end,0,0.0,,,,,,,,,,,,,,,,,,,
sequence,Edu_9_20260616_150247,pose,learned_oracle_hand,0,0.0,,,,,,,,,,,,,,,,,,,
sequence,Edu_9_20260616_150247,pose,persistence,0,0.0,,,,,,,,,,,,,,,,,,,
sequence,Edu_9_20260616_150247,pose,constant_velocity,0,0.0,,,,,,,,,,,,,,,,,,,
sequence,Edu_9_20260616_150247,pose_fair_common,learned_oracle_hand,0,0.0,,,,,,,,,,,,,,,,,,,
sequence,Edu_9_20260616_150247,pose_fair_common,persistence,0,0.0,,,,,,,,,,,,,,,,,,,
sequence,Edu_9_20260616_150247,pose_fair_common,constant_velocity,0,0.0,,,,,,,,,,,,,,,,,,,
sequence,Edu_9_20260616_150247,paired_pose_difference,learned_end_to_end_minus_persistence,0,0.0,,,,,,,,,,,,,,,,,,,
sequence,Edu_9_20260616_150247,paired_pose_difference,learned_end_to_end_minus_constant_velocity,0,0.0,,,,,,,,,,,,,,,,,,,
sequence,Edu_9_20260616_150247,paired_pose_difference,learned_oracle_hand_minus_persistence,0,0.0,,,,,,,,,,,,,,,,,,,
sequence,Edu_9_20260616_150247,paired_pose_difference,learned_oracle_hand_minus_constant_velocity,0,0.0,,,,,,,,,,,,,,,,,,,
sequence,Jona_1_20260616_181413,classification,intention,54,54.0,1.0,0.9259259259259259,0.9276895943562611,0.9276895943562611,,,,,,,,,,,,,,,
sequence,Jona_1_20260616_181413,classification,assistance,54,54.0,1.0,0.9259259259259259,0.9259259259259259,0.9259259259259259,,,,,,,,,,,,,,,
sequence,Jona_1_20260616_181413,classification,assistance_type_given_ground_truth_assistance,25,25.0,1.0,1.0,1.0,1.0,,,,,,,,,,,,,,,
sequence,Jona_1_20260616_181413,classification,receiving_hand_given_ground_truth_handover,13,13.0,1.0,1.0,0.5,1.0,,,,,,,,,,,,,,,
sequence,Jona_1_20260616_181413,pose,learned_end_to_end,10,10.0,1.0,,,,6.048004007263612,4.175195355911524,8.433304991380421,15.415885407606902,11.153047130237347,,,,,,,,,,
sequence,Jona_1_20260616_181413,pose,learned_oracle_hand,10,10.0,1.0,,,,6.048004007263612,4.175195355911524,8.433304991380421,15.415885407606902,11.153047130237347,,,,,,,,,,
sequence,Jona_1_20260616_181413,pose,persistence,10,10.0,1.0,,,,4.124655513847669,1.6544035799219017,7.4587210566901465,10.860913246330202,4.503957485630332,,,,,,,,,,
sequence,Jona_1_20260616_181413,pose,constant_velocity,10,10.0,1.0,,,,17.704897855448475,3.29729870187278,33.58341915607547,10.860913246330202,4.503957485630332,,,,,,,,,,
sequence,Jona_1_20260616_181413,pose_fair_common,learned_oracle_hand,10,10.0,1.0,,,,6.048004007263612,4.175195355911524,8.433304991380421,15.415885407606902,11.153047130237347,,,,,,,,,,
sequence,Jona_1_20260616_181413,pose_fair_common,persistence,10,10.0,1.0,,,,4.124655513847669,1.6544035799219017,7.4587210566901465,10.860913246330202,4.503957485630332,,,,,,,,,,
sequence,Jona_1_20260616_181413,pose_fair_common,constant_velocity,10,10.0,1.0,,,,17.704897855448475,3.29729870187278,33.58341915607547,10.860913246330202,4.503957485630332,,,,,,,,,,
sequence,Jona_1_20260616_181413,paired_pose_difference,learned_end_to_end_minus_persistence,10,10.0,1.0,,,,,,,,,1.9233484934159417,1.0820649611637951,4.554972161276701,0.0,,,,,,
sequence,Jona_1_20260616_181413,paired_pose_difference,learned_end_to_end_minus_constant_velocity,10,10.0,1.0,,,,,,,,,-11.656893848184865,0.7873039895090973,4.554972161276701,0.4,,,,,,
sequence,Jona_1_20260616_181413,paired_pose_difference,learned_oracle_hand_minus_persistence,10,10.0,1.0,,,,,,,,,1.9233484934159417,1.0820649611637951,4.554972161276701,0.0,,,,,,
sequence,Jona_1_20260616_181413,paired_pose_difference,learned_oracle_hand_minus_constant_velocity,10,10.0,1.0,,,,,,,,,-11.656893848184865,0.7873039895090973,4.554972161276701,0.4,,,,,,
sequence,Jona_2_20260616_181551,classification,intention,108,108.0,1.0,0.9537037037037037,0.9465122690929143,0.9465122690929143,,,,,,,,,,,,,,,
sequence,Jona_2_20260616_181551,classification,assistance,108,108.0,1.0,0.9537037037037037,0.9428873611845584,0.9428873611845584,,,,,,,,,,,,,,,
sequence,Jona_2_20260616_181551,classification,assistance_type_given_ground_truth_assistance,28,28.0,1.0,1.0,1.0,1.0,,,,,,,,,,,,,,,
sequence,Jona_2_20260616_181551,classification,receiving_hand_given_ground_truth_handover,11,11.0,1.0,1.0,0.5,1.0,,,,,,,,,,,,,,,
sequence,Jona_2_20260616_181551,pose,learned_end_to_end,8,8.0,1.0,,,,16.721827046917824,13.782682507447637,22.08824874938624,30.81177450969249,19.24160014142046,,,,,,,,,,
sequence,Jona_2_20260616_181551,pose,learned_oracle_hand,8,8.0,1.0,,,,16.721827046917824,13.782682507447637,22.08824874938624,30.81177450969249,19.24160014142046,,,,,,,,,,
sequence,Jona_2_20260616_181551,pose,persistence,8,8.0,1.0,,,,18.87520274100106,14.784796129398089,25.228289560836977,43.64846632502878,40.030909790661354,,,,,,,,,,
sequence,Jona_2_20260616_181551,pose,constant_velocity,8,8.0,1.0,,,,30.525635971687613,40.860769080839006,34.58970628780919,43.64846632502878,40.030909790661354,,,,,,,,,,
sequence,Jona_2_20260616_181551,pose_fair_common,learned_oracle_hand,8,8.0,1.0,,,,16.721827046917824,13.782682507447637,22.08824874938624,30.81177450969249,19.24160014142046,,,,,,,,,,
sequence,Jona_2_20260616_181551,pose_fair_common,persistence,8,8.0,1.0,,,,18.87520274100106,14.784796129398089,25.228289560836977,43.64846632502878,40.030909790661354,,,,,,,,,,
sequence,Jona_2_20260616_181551,pose_fair_common,constant_velocity,8,8.0,1.0,,,,30.525635971687613,40.860769080839006,34.58970628780919,43.64846632502878,40.030909790661354,,,,,,,,,,
sequence,Jona_2_20260616_181551,paired_pose_difference,learned_end_to_end_minus_persistence,8,8.0,1.0,,,,,,,,,-2.1533756940832345,-1.4401194557573325,-12.836691815336286,0.75,,,,,,
sequence,Jona_2_20260616_181551,paired_pose_difference,learned_end_to_end_minus_constant_velocity,8,8.0,1.0,,,,,,,,,-13.803808924769793,-11.547403399612273,-12.836691815336286,0.875,,,,,,
sequence,Jona_2_20260616_181551,paired_pose_difference,learned_oracle_hand_minus_persistence,8,8.0,1.0,,,,,,,,,-2.1533756940832345,-1.4401194557573325,-12.836691815336286,0.75,,,,,,
sequence,Jona_2_20260616_181551,paired_pose_difference,learned_oracle_hand_minus_constant_velocity,8,8.0,1.0,,,,,,,,,-13.803808924769793,-11.547403399612273,-12.836691815336286,0.875,,,,,,
sequence,Jona_3_20260616_181717,classification,intention,119,119.0,1.0,0.8823529411764706,0.8568181818181818,0.8568181818181818,,,,,,,,,,,,,,,
sequence,Jona_3_20260616_181717,classification,assistance,119,119.0,1.0,0.8823529411764706,0.8473240469208211,0.8473240469208211,,,,,,,,,,,,,,,
sequence,Jona_3_20260616_181717,classification,assistance_type_given_ground_truth_assistance,24,24.0,1.0,1.0,1.0,1.0,,,,,,,,,,,,,,,
sequence,Jona_3_20260616_181717,classification,receiving_hand_given_ground_truth_handover,11,11.0,1.0,1.0,0.5,1.0,,,,,,,,,,,,,,,
sequence,Jona_3_20260616_181717,pose,learned_end_to_end,8,8.0,1.0,,,,12.56898575077996,7.622931953062366,17.973775054210826,26.595654812522394,10.388350894775261,,,,,,,,,,
sequence,Jona_3_20260616_181717,pose,learned_oracle_hand,8,8.0,1.0,,,,12.56898575077996,7.622931953062366,17.973775054210826,26.595654812522394,10.388350894775261,,,,,,,,,,
sequence,Jona_3_20260616_181717,pose,persistence,8,8.0,1.0,,,,12.99845590257657,7.06745500409247,19.608799104044483,33.65008150679434,16.928533524046678,,,,,,,,,,
sequence,Jona_3_20260616_181717,pose,constant_velocity,8,8.0,1.0,,,,29.36480194300199,21.84106591744028,38.58783608392164,33.65008150679434,16.928533524046678,,,,,,,,,,
sequence,Jona_3_20260616_181717,pose_fair_common,learned_oracle_hand,8,8.0,1.0,,,,12.56898575077996,7.622931953062366,17.973775054210826,26.595654812522394,10.388350894775261,,,,,,,,,,
sequence,Jona_3_20260616_181717,pose_fair_common,persistence,8,8.0,1.0,,,,12.99845590257657,7.06745500409247,19.608799104044483,33.65008150679434,16.928533524046678,,,,,,,,,,
sequence,Jona_3_20260616_181717,pose_fair_common,constant_velocity,8,8.0,1.0,,,,29.36480194300199,21.84106591744028,38.58783608392164,33.65008150679434,16.928533524046678,,,,,,,,,,
sequence,Jona_3_20260616_181717,paired_pose_difference,learned_end_to_end_minus_persistence,8,8.0,1.0,,,,,,,,,-0.4294701517966085,0.01311557623169124,-7.054426694271946,0.5,,,,,,
sequence,Jona_3_20260616_181717,paired_pose_difference,learned_end_to_end_minus_constant_velocity,8,8.0,1.0,,,,,,,,,-16.795816192222027,-6.945092295327388,-7.054426694271946,0.875,,,,,,
sequence,Jona_3_20260616_181717,paired_pose_difference,learned_oracle_hand_minus_persistence,8,8.0,1.0,,,,,,,,,-0.4294701517966085,0.01311557623169124,-7.054426694271946,0.5,,,,,,
sequence,Jona_3_20260616_181717,paired_pose_difference,learned_oracle_hand_minus_constant_velocity,8,8.0,1.0,,,,,,,,,-16.795816192222027,-6.945092295327388,-7.054426694271946,0.875,,,,,,
sequence,Jona_4_20260616_181855,classification,intention,97,97.0,1.0,0.845360824742268,0.8566368696238826,0.8566368696238826,,,,,,,,,,,,,,,
sequence,Jona_4_20260616_181855,classification,assistance,97,97.0,1.0,0.845360824742268,0.8352768028982226,0.8352768028982226,,,,,,,,,,,,,,,
sequence,Jona_4_20260616_181855,classification,assistance_type_given_ground_truth_assistance,29,29.0,1.0,1.0,1.0,1.0,,,,,,,,,,,,,,,
sequence,Jona_4_20260616_181855,classification,receiving_hand_given_ground_truth_handover,12,12.0,1.0,1.0,0.5,1.0,,,,,,,,,,,,,,,
sequence,Jona_4_20260616_181855,pose,learned_end_to_end,9,9.0,1.0,,,,10.175562728609915,4.500655042782009,15.407595804099811,23.008015327986158,9.463619572075036,,,,,,,,,,
sequence,Jona_4_20260616_181855,pose,learned_oracle_hand,9,9.0,1.0,,,,10.175562728609915,4.500655042782009,15.407595804099811,23.008015327986158,9.463619572075036,,,,,,,,,,
sequence,Jona_4_20260616_181855,pose,persistence,9,9.0,1.0,,,,9.692767596187036,1.5380390957949843,16.998046473864665,27.56913323699333,5.7818070085796185,,,,,,,,,,
sequence,Jona_4_20260616_181855,pose,constant_velocity,9,9.0,1.0,,,,26.266337476236526,9.033114500046564,38.229900595692996,27.56913323699333,5.7818070085796185,,,,,,,,,,
sequence,Jona_4_20260616_181855,pose_fair_common,learned_oracle_hand,9,9.0,1.0,,,,10.175562728609915,4.500655042782009,15.407595804099811,23.008015327986158,9.463619572075036,,,,,,,,,,
sequence,Jona_4_20260616_181855,pose_fair_common,persistence,9,9.0,1.0,,,,9.692767596187036,1.5380390957949843,16.998046473864665,27.56913323699333,5.7818070085796185,,,,,,,,,,
sequence,Jona_4_20260616_181855,pose_fair_common,constant_velocity,9,9.0,1.0,,,,26.266337476236526,9.033114500046564,38.229900595692996,27.56913323699333,5.7818070085796185,,,,,,,,,,
sequence,Jona_4_20260616_181855,paired_pose_difference,learned_end_to_end_minus_persistence,9,9.0,1.0,,,,,,,,,0.4827951324228796,1.3552665590716222,-4.561117909007178,0.2222222222222222,,,,,,
sequence,Jona_4_20260616_181855,paired_pose_difference,learned_end_to_end_minus_constant_velocity,9,9.0,1.0,,,,,,,,,-16.0907747476266,-7.353735618654401,-4.561117909007178,0.6666666666666666,,,,,,
sequence,Jona_4_20260616_181855,paired_pose_difference,learned_oracle_hand_minus_persistence,9,9.0,1.0,,,,,,,,,0.4827951324228796,1.3552665590716222,-4.561117909007178,0.2222222222222222,,,,,,
sequence,Jona_4_20260616_181855,paired_pose_difference,learned_oracle_hand_minus_constant_velocity,9,9.0,1.0,,,,,,,,,-16.0907747476266,-7.353735618654401,-4.561117909007178,0.6666666666666666,,,,,,
sequence,Jona_5_20260616_182002,classification,intention,107,107.0,1.0,0.9065420560747663,0.9120879120879121,0.9120879120879121,,,,,,,,,,,,,,,
sequence,Jona_5_20260616_182002,classification,assistance,107,107.0,1.0,0.9065420560747663,0.8967181467181466,0.8967181467181466,,,,,,,,,,,,,,,
sequence,Jona_5_20260616_182002,classification,assistance_type_given_ground_truth_assistance,32,32.0,1.0,1.0,1.0,1.0,,,,,,,,,,,,,,,
sequence,Jona_5_20260616_182002,classification,receiving_hand_given_ground_truth_handover,11,11.0,1.0,1.0,0.5,1.0,,,,,,,,,,,,,,,
sequence,Jona_5_20260616_182002,pose,learned_end_to_end,8,8.0,1.0,,,,11.413070647848306,4.922168499234494,16.705853262348562,25.921616090283354,14.76779631337085,,,,,,,,,,
sequence,Jona_5_20260616_182002,pose,learned_oracle_hand,8,8.0,1.0,,,,11.413070647848306,4.922168499234494,16.705853262348562,25.921616090283354,14.76779631337085,,,,,,,,,,
sequence,Jona_5_20260616_182002,pose,persistence,8,8.0,1.0,,,,11.971237764370425,4.178991719603946,18.872374793387515,31.351283912293873,10.74414518258128,,,,,,,,,,
sequence,Jona_5_20260616_182002,pose,constant_velocity,8,8.0,1.0,,,,25.9308154040885,18.659302911643927,34.65368248882551,31.351283912293873,10.74414518258128,,,,,,,,,,
sequence,Jona_5_20260616_182002,pose_fair_common,learned_oracle_hand,8,8.0,1.0,,,,11.413070647848306,4.922168499234494,16.705853262348562,25.921616090283354,14.76779631337085,,,,,,,,,,
sequence,Jona_5_20260616_182002,pose_fair_common,persistence,8,8.0,1.0,,,,11.971237764370425,4.178991719603946,18.872374793387515,31.351283912293873,10.74414518258128,,,,,,,,,,
sequence,Jona_5_20260616_182002,pose_fair_common,constant_velocity,8,8.0,1.0,,,,25.9308154040885,18.659302911643927,34.65368248882551,31.351283912293873,10.74414518258128,,,,,,,,,,
sequence,Jona_5_20260616_182002,paired_pose_difference,learned_end_to_end_minus_persistence,8,8.0,1.0,,,,,,,,,-0.5581671165221179,-0.5172720481507578,-5.429667822010522,0.625,,,,,,
sequence,Jona_5_20260616_182002,paired_pose_difference,learned_end_to_end_minus_constant_velocity,8,8.0,1.0,,,,,,,,,-14.517744756240193,-12.738005764017895,-5.429667822010522,0.875,,,,,,
sequence,Jona_5_20260616_182002,paired_pose_difference,learned_oracle_hand_minus_persistence,8,8.0,1.0,,,,,,,,,-0.5581671165221179,-0.5172720481507578,-5.429667822010522,0.625,,,,,,
sequence,Jona_5_20260616_182002,paired_pose_difference,learned_oracle_hand_minus_constant_velocity,8,8.0,1.0,,,,,,,,,-14.517744756240193,-12.738005764017895,-5.429667822010522,0.875,,,,,,
sequence,Jona_6_20260616_182111,classification,intention,87,87.0,1.0,0.9195402298850575,0.9191499191499192,0.9191499191499192,,,,,,,,,,,,,,,
sequence,Jona_6_20260616_182111,classification,assistance,87,87.0,1.0,0.9195402298850575,0.912912912912913,0.912912912912913,,,,,,,,,,,,,,,
sequence,Jona_6_20260616_182111,classification,assistance_type_given_ground_truth_assistance,28,28.0,1.0,1.0,1.0,1.0,,,,,,,,,,,,,,,
sequence,Jona_6_20260616_182111,classification,receiving_hand_given_ground_truth_handover,12,12.0,1.0,1.0,0.5,1.0,,,,,,,,,,,,,,,
sequence,Jona_6_20260616_182111,pose,learned_end_to_end,9,9.0,1.0,,,,4.6255698592118275,2.3546022347345046,7.092097141454987,13.074743083645512,11.23062297443678,,,,,,,,,,
sequence,Jona_6_20260616_182111,pose,learned_oracle_hand,9,9.0,1.0,,,,4.6255698592118275,2.3546022347345046,7.092097141454987,13.074743083645512,11.23062297443678,,,,,,,,,,
sequence,Jona_6_20260616_182111,pose,persistence,9,9.0,1.0,,,,3.472219959008361,0.3857318400132908,7.164125666571887,11.183775484081636,5.439171375997811,,,,,,,,,,
sequence,Jona_6_20260616_182111,pose,constant_velocity,9,9.0,1.0,,,,13.706091032454555,1.9877648144011455,23.047006251281744,11.183775484081636,5.439171375997811,,,,,,,,,,
sequence,Jona_6_20260616_182111,pose_fair_common,learned_oracle_hand,9,9.0,1.0,,,,4.6255698592118275,2.3546022347345046,7.092097141454987,13.074743083645512,11.23062297443678,,,,,,,,,,
sequence,Jona_6_20260616_182111,pose_fair_common,persistence,9,9.0,1.0,,,,3.472219959008361,0.3857318400132908,7.164125666571887,11.183775484081636,5.439171375997811,,,,,,,,,,
sequence,Jona_6_20260616_182111,pose_fair_common,constant_velocity,9,9.0,1.0,,,,13.706091032454555,1.9877648144011455,23.047006251281744,11.183775484081636,5.439171375997811,,,,,,,,,,
sequence,Jona_6_20260616_182111,paired_pose_difference,learned_end_to_end_minus_persistence,9,9.0,1.0,,,,,,,,,1.1533499002034668,1.1434092524871948,1.8909675995638773,0.1111111111111111,,,,,,
sequence,Jona_6_20260616_182111,paired_pose_difference,learned_end_to_end_minus_constant_velocity,9,9.0,1.0,,,,,,,,,-9.080521173242726,-0.5539219407439924,1.8909675995638773,0.5555555555555556,,,,,,
sequence,Jona_6_20260616_182111,paired_pose_difference,learned_oracle_hand_minus_persistence,9,9.0,1.0,,,,,,,,,1.1533499002034668,1.1434092524871948,1.8909675995638773,0.1111111111111111,,,,,,
sequence,Jona_6_20260616_182111,paired_pose_difference,learned_oracle_hand_minus_constant_velocity,9,9.0,1.0,,,,,,,,,-9.080521173242726,-0.5539219407439924,1.8909675995638773,0.5555555555555556,,,,,,
sequence,Jona_7_20260616_182214,classification,intention,95,95.0,1.0,0.8736842105263158,0.8763040238450075,0.8763040238450075,,,,,,,,,,,,,,,
sequence,Jona_7_20260616_182214,classification,assistance,95,95.0,1.0,0.8736842105263158,0.8625843780135005,0.8625843780135005,,,,,,,,,,,,,,,
sequence,Jona_7_20260616_182214,classification,assistance_type_given_ground_truth_assistance,28,28.0,1.0,1.0,1.0,1.0,,,,,,,,,,,,,,,
sequence,Jona_7_20260616_182214,classification,receiving_hand_given_ground_truth_handover,12,12.0,1.0,1.0,0.5,1.0,,,,,,,,,,,,,,,
sequence,Jona_7_20260616_182214,pose,learned_end_to_end,9,9.0,1.0,,,,7.944339257292999,2.679568510596324,11.886373329294022,19.04161759673755,11.901944522997589,,,,,,,,,,
sequence,Jona_7_20260616_182214,pose,learned_oracle_hand,9,9.0,1.0,,,,7.944339257292999,2.679568510596324,11.886373329294022,19.04161759673755,11.901944522997589,,,,,,,,,,
sequence,Jona_7_20260616_182214,pose,persistence,9,9.0,1.0,,,,7.697244973140474,0.792199023307759,13.500208436747474,21.287591853642407,4.970874370027683,,,,,,,,,,
sequence,Jona_7_20260616_182214,pose,constant_velocity,9,9.0,1.0,,,,22.465524816242535,9.46500781892369,33.74411130892436,21.287591853642407,4.970874370027683,,,,,,,,,,
sequence,Jona_7_20260616_182214,pose_fair_common,learned_oracle_hand,9,9.0,1.0,,,,7.944339257292999,2.679568510596324,11.886373329294022,19.04161759673755,11.901944522997589,,,,,,,,,,
sequence,Jona_7_20260616_182214,pose_fair_common,persistence,9,9.0,1.0,,,,7.697244973140474,0.792199023307759,13.500208436747474,21.287591853642407,4.970874370027683,,,,,,,,,,
sequence,Jona_7_20260616_182214,pose_fair_common,constant_velocity,9,9.0,1.0,,,,22.465524816242535,9.46500781892369,33.74411130892436,21.287591853642407,4.970874370027683,,,,,,,,,,
sequence,Jona_7_20260616_182214,paired_pose_difference,learned_end_to_end_minus_persistence,9,9.0,1.0,,,,,,,,,0.2470942841525258,0.8287286989578012,-2.2459742569048586,0.3333333333333333,,,,,,
sequence,Jona_7_20260616_182214,paired_pose_difference,learned_end_to_end_minus_constant_velocity,9,9.0,1.0,,,,,,,,,-14.521185558949538,-8.303645677961544,-2.2459742569048586,0.5555555555555556,,,,,,
sequence,Jona_7_20260616_182214,paired_pose_difference,learned_oracle_hand_minus_persistence,9,9.0,1.0,,,,,,,,,0.2470942841525258,0.8287286989578012,-2.2459742569048586,0.3333333333333333,,,,,,
sequence,Jona_7_20260616_182214,paired_pose_difference,learned_oracle_hand_minus_constant_velocity,9,9.0,1.0,,,,,,,,,-14.521185558949538,-8.303645677961544,-2.2459742569048586,0.5555555555555556,,,,,,
sequence,Mona_1_20260624_123312,classification,intention,94,94.0,1.0,0.9148936170212766,0.8731481481481481,0.8731481481481481,,,,,,,,,,,,,,,
sequence,Mona_1_20260624_123312,classification,assistance,94,94.0,1.0,0.9574468085106383,0.9539215686274509,0.9539215686274509,,,,,,,,,,,,,,,
sequence,Mona_1_20260624_123312,classification,assistance_type_given_ground_truth_assistance,36,36.0,1.0,0.7777777777777778,0.7777777777777778,0.7777777777777778,,,,,,,,,,,,,,,
sequence,Mona_1_20260624_123312,classification,receiving_hand_given_ground_truth_handover,22,22.0,1.0,0.5909090909090909,0.37142857142857144,0.7428571428571429,,,,,,,,,,,,,,,
sequence,Mona_1_20260624_123312,pose,learned_end_to_end,12,15.0,0.8,,,,23.9840202418541,26.026806711776516,29.047586561773397,70.01156514901358,72.69036203540287,,,,,,,,,,
sequence,Mona_1_20260624_123312,pose,learned_oracle_hand,14,15.0,0.9333333333333333,,,,15.74338333640382,7.7528404134642335,21.299694597442226,44.32746007722973,22.719609858746466,,,,,,,,,,
sequence,Mona_1_20260624_123312,pose,persistence,14,15.0,0.9333333333333333,,,,15.773537531708227,0.8350242404254855,25.579436110435044,35.96069678191221,3.7142680236227994,,,,,,,,,,
sequence,Mona_1_20260624_123312,pose,constant_velocity,14,15.0,0.9333333333333333,,,,36.4147533766921,12.364914058885773,58.38214824907681,35.96069678191221,3.7142680236227994,,,,,,,,,,
sequence,Mona_1_20260624_123312,pose_fair_common,learned_oracle_hand,14,15.0,0.9333333333333333,,,,15.74338333640382,7.7528404134642335,21.299694597442226,44.32746007722973,22.719609858746466,,,,,,,,,,
sequence,Mona_1_20260624_123312,pose_fair_common,persistence,14,15.0,0.9333333333333333,,,,15.773537531708227,0.8350242404254855,25.579436110435044,35.96069678191221,3.7142680236227994,,,,,,,,,,
sequence,Mona_1_20260624_123312,pose_fair_common,constant_velocity,14,15.0,0.9333333333333333,,,,36.4147533766921,12.364914058885773,58.38214824907681,35.96069678191221,3.7142680236227994,,,,,,,,,,
sequence,Mona_1_20260624_123312,paired_pose_difference,learned_end_to_end_minus_persistence,11,15.0,0.7333333333333333,,,,,,,,,2.765382453372577,4.73521145798663,18.024320527151623,0.2727272727272727,,,,,,
sequence,Mona_1_20260624_123312,paired_pose_difference,learned_end_to_end_minus_constant_velocity,11,15.0,0.7333333333333333,,,,,,,,,-17.681692148256545,2.1741328760166736,18.024320527151623,0.45454545454545453,,,,,,
sequence,Mona_1_20260624_123312,paired_pose_difference,learned_oracle_hand_minus_persistence,14,15.0,0.9333333333333333,,,,,,,,,-0.03015419530440866,1.989951150143783,8.366763295317522,0.35714285714285715,,,,,,
sequence,Mona_1_20260624_123312,paired_pose_difference,learned_oracle_hand_minus_constant_velocity,14,15.0,0.9333333333333333,,,,,,,,,-20.671370040288277,0.14664318295434542,8.366763295317522,0.5,,,,,,
sequence,Mona_3_20260624_123548,classification,intention,105,105.0,1.0,0.8476190476190476,0.694184957342852,0.694184957342852,,,,,,,,,,,,,,,
sequence,Mona_3_20260624_123548,classification,assistance,105,105.0,1.0,0.9238095238095239,0.9025974025974026,0.9025974025974026,,,,,,,,,,,,,,,
sequence,Mona_3_20260624_123548,classification,assistance_type_given_ground_truth_assistance,29,29.0,1.0,0.7241379310344828,0.6777777777777778,0.6777777777777778,,,,,,,,,,,,,,,
sequence,Mona_3_20260624_123548,classification,receiving_hand_given_ground_truth_handover,13,13.0,1.0,0.5384615384615384,0.35000000000000003,0.7000000000000001,,,,,,,,,,,,,,,
sequence,Mona_3_20260624_123548,pose,learned_end_to_end,9,10.0,0.9,,,,28.194524408384122,36.44092151520896,31.731938700814464,94.52941985659419,148.23281205173137,,,,,,,,,,
sequence,Mona_3_20260624_123548,pose,learned_oracle_hand,9,10.0,0.9,,,,16.74234462783965,13.918804423857695,19.81941856565776,45.88663790854112,23.322537100218558,,,,,,,,,,
sequence,Mona_3_20260624_123548,pose,persistence,9,10.0,0.9,,,,11.871643851070273,1.1300895702400164,20.829446783567967,27.561595634976033,3.915491685751821,,,,,,,,,,
sequence,Mona_3_20260624_123548,pose,constant_velocity,8,10.0,0.8,,,,36.058540924026865,3.5192937370364206,61.80528692027161,16.243313130150888,2.969169589718642,,,,,,,,,,
sequence,Mona_3_20260624_123548,pose_fair_common,learned_oracle_hand,8,10.0,0.8,,,,14.371215079319125,13.12259723944635,16.807667284815487,37.4351725473267,23.123956882649622,,,,,,,,,,
sequence,Mona_3_20260624_123548,pose_fair_common,persistence,8,10.0,0.8,,,,7.196890655997292,1.086995443061991,13.589022940648295,16.243313130150888,2.969169589718642,,,,,,,,,,
sequence,Mona_3_20260624_123548,pose_fair_common,constant_velocity,8,10.0,0.8,,,,36.058540924026865,3.5192937370364206,61.80528692027161,16.243313130150888,2.969169589718642,,,,,,,,,,
sequence,Mona_3_20260624_123548,paired_pose_difference,learned_end_to_end_minus_persistence,8,10.0,0.8,,,,,,,,,12.812579685300191,12.454694651134155,56.44130249578712,0.125,,,,,,
sequence,Mona_3_20260624_123548,paired_pose_difference,learned_end_to_end_minus_constant_velocity,7,10.0,0.7,,,,,,,,,-16.05979248283465,4.328228760876518,57.2649716278163,0.42857142857142855,,,,,,
sequence,Mona_3_20260624_123548,paired_pose_difference,learned_oracle_hand_minus_persistence,9,10.0,0.9,,,,,,,,,4.87070077676938,6.047555963278034,18.325042273565092,0.2222222222222222,,,,,,
sequence,Mona_3_20260624_123548,paired_pose_difference,learned_oracle_hand_minus_constant_velocity,8,10.0,0.8,,,,,,,,,-21.68732584470774,1.7285056032358421,21.191859417175806,0.5,,,,,,
sequence,Mona_4_20260624_123706,classification,intention,109,109.0,1.0,0.944954128440367,0.9057017543859649,0.9057017543859649,,,,,,,,,,,,,,,
sequence,Mona_4_20260624_123706,classification,assistance,109,109.0,1.0,0.963302752293578,0.9530172413793103,0.9530172413793103,,,,,,,,,,,,,,,
sequence,Mona_4_20260624_123706,classification,assistance_type_given_ground_truth_assistance,27,27.0,1.0,0.9259259259259259,0.9205882352941177,0.9205882352941177,,,,,,,,,,,,,,,
sequence,Mona_4_20260624_123706,classification,receiving_hand_given_ground_truth_handover,10,10.0,1.0,0.8,0.4444444444444445,0.888888888888889,,,,,,,,,,,,,,,
sequence,Mona_4_20260624_123706,pose,learned_end_to_end,7,7.0,1.0,,,,19.652172365998897,16.06498228996769,22.35940417519248,54.355207576173136,17.251049640511063,,,,,,,,,,
sequence,Mona_4_20260624_123706,pose,learned_oracle_hand,7,7.0,1.0,,,,11.90167822857711,12.097563432112612,12.664148297084301,24.672700300694622,17.251049640511063,,,,,,,,,,
sequence,Mona_4_20260624_123706,pose,persistence,7,7.0,1.0,,,,1.9079298078127949,0.4260492030836658,3.7788113003170056,4.153109229109856,1.113590950117431,,,,,,,,,,
sequence,Mona_4_20260624_123706,pose,constant_velocity,7,7.0,1.0,,,,3.295568391612505,2.0843222118886127,4.482385085990529,4.153109229109856,1.113590950117431,,,,,,,,,,
sequence,Mona_4_20260624_123706,pose_fair_common,learned_oracle_hand,7,7.0,1.0,,,,11.90167822857711,12.097563432112612,12.664148297084301,24.672700300694622,17.251049640511063,,,,,,,,,,
sequence,Mona_4_20260624_123706,pose_fair_common,persistence,7,7.0,1.0,,,,1.9079298078127949,0.4260492030836658,3.7788113003170056,4.153109229109856,1.113590950117431,,,,,,,,,,
sequence,Mona_4_20260624_123706,pose_fair_common,constant_velocity,7,7.0,1.0,,,,3.295568391612505,2.0843222118886127,4.482385085990529,4.153109229109856,1.113590950117431,,,,,,,,,,
sequence,Mona_4_20260624_123706,paired_pose_difference,learned_end_to_end_minus_persistence,7,7.0,1.0,,,,,,,,,17.744242558186105,15.329510225518767,50.202098347063284,0.0,,,,,,
sequence,Mona_4_20260624_123706,paired_pose_difference,learned_end_to_end_minus_constant_velocity,7,7.0,1.0,,,,,,,,,16.356603974386395,14.67851077713523,50.202098347063284,0.0,,,,,,
sequence,Mona_4_20260624_123706,paired_pose_difference,learned_oracle_hand_minus_persistence,7,7.0,1.0,,,,,,,,,9.993748420764316,8.284764782385183,20.519591071584767,0.0,,,,,,
sequence,Mona_4_20260624_123706,paired_pose_difference,learned_oracle_hand_minus_constant_velocity,7,7.0,1.0,,,,,,,,,8.606109836964604,6.435933931645847,20.519591071584767,0.0,,,,,,
sequence,Mona_5_20260624_123814,classification,intention,125,125.0,1.0,0.968,0.9402908981856349,0.9402908981856349,,,,,,,,,,,,,,,
sequence,Mona_5_20260624_123814,classification,assistance,125,125.0,1.0,0.976,0.965034965034965,0.965034965034965,,,,,,,,,,,,,,,
sequence,Mona_5_20260624_123814,classification,assistance_type_given_ground_truth_assistance,26,26.0,1.0,0.9615384615384616,0.9585326953748007,0.9585326953748007,,,,,,,,,,,,,,,
sequence,Mona_5_20260624_123814,classification,receiving_hand_given_ground_truth_handover,10,10.0,1.0,0.6,0.37499999999999994,0.7499999999999999,,,,,,,,,,,,,,,
sequence,Mona_5_20260624_123814,pose,learned_end_to_end,5,7.0,0.7142857142857143,,,,20.430122120095398,7.939125684209506,28.123669469914976,75.62640188105905,35.89592396646087,,,,,,,,,,
sequence,Mona_5_20260624_123814,pose,learned_oracle_hand,7,7.0,1.0,,,,23.915089170811633,23.066235443570825,30.17624481374182,60.48254525289362,65.53524101108562,,,,,,,,,,
sequence,Mona_5_20260624_123814,pose,persistence,7,7.0,1.0,,,,24.40924971961533,19.049871039190688,34.06277195519665,48.6542042530473,26.22323234248475,,,,,,,,,,
sequence,Mona_5_20260624_123814,pose,constant_velocity,7,7.0,1.0,,,,60.612360396914774,61.19793241197216,76.38157758415518,48.6542042530473,26.22323234248475,,,,,,,,,,
sequence,Mona_5_20260624_123814,pose_fair_common,learned_oracle_hand,7,7.0,1.0,,,,23.915089170811633,23.066235443570825,30.17624481374182,60.48254525289362,65.53524101108562,,,,,,,,,,
sequence,Mona_5_20260624_123814,pose_fair_common,persistence,7,7.0,1.0,,,,24.40924971961533,19.049871039190688,34.06277195519665,48.6542042530473,26.22323234248475,,,,,,,,,,
sequence,Mona_5_20260624_123814,pose_fair_common,constant_velocity,7,7.0,1.0,,,,60.612360396914774,61.19793241197216,76.38157758415518,48.6542042530473,26.22323234248475,,,,,,,,,,
sequence,Mona_5_20260624_123814,paired_pose_difference,learned_end_to_end_minus_persistence,5,7.0,0.7142857142857143,,,,,,,,,-1.9825386383983905,2.364260609626828,30.404067329398174,0.4,,,,,,
sequence,Mona_5_20260624_123814,paired_pose_difference,learned_end_to_end_minus_constant_velocity,5,7.0,0.7142857142857143,,,,,,,,,-18.330723404765717,-10.974642662809188,30.404067329398174,0.8,,,,,,
sequence,Mona_5_20260624_123814,paired_pose_difference,learned_oracle_hand_minus_persistence,7,7.0,1.0,,,,,,,,,-0.49416054880369753,2.364260609626828,11.828340999846333,0.42857142857142855,,,,,,
sequence,Mona_5_20260624_123814,paired_pose_difference,learned_oracle_hand_minus_constant_velocity,7,7.0,1.0,,,,,,,,,-36.69727122610315,-25.028947702922032,11.828340999846333,0.8571428571428571,,,,,,
sequence,Mona_6_20260624_123930,classification,intention,124,124.0,1.0,0.9596774193548387,0.8963129473167455,0.8963129473167455,,,,,,,,,,,,,,,
sequence,Mona_6_20260624_123930,classification,assistance,124,124.0,1.0,0.9838709677419355,0.9763268423062238,0.9763268423062238,,,,,,,,,,,,,,,
sequence,Mona_6_20260624_123930,classification,assistance_type_given_ground_truth_assistance,26,26.0,1.0,0.8846153846153846,0.8755980861244019,0.8755980861244019,,,,,,,,,,,,,,,
sequence,Mona_6_20260624_123930,classification,receiving_hand_given_ground_truth_handover,11,11.0,1.0,0.36363636363636365,0.26666666666666666,0.5333333333333333,,,,,,,,,,,,,,,
sequence,Mona_6_20260624_123930,pose,learned_end_to_end,5,7.0,0.7142857142857143,,,,29.06202366400324,32.99837140396358,31.78110700619831,134.49512519501593,158.19014809697785,,,,,,,,,,
sequence,Mona_6_20260624_123930,pose,learned_oracle_hand,6,7.0,0.8571428571428571,,,,25.364746407132973,25.38842673518807,29.558959644166777,79.81221227138859,83.1710270503733,,,,,,,,,,
sequence,Mona_6_20260624_123930,pose,persistence,6,7.0,0.8571428571428571,,,,21.926599912362317,14.026183505827971,30.91450692786228,50.236617339372465,27.938923591486525,,,,,,,,,,
sequence,Mona_6_20260624_123930,pose,constant_velocity,6,7.0,0.8571428571428571,,,,79.91396385423307,75.39387850967151,101.31153867579171,50.236617339372465,27.938923591486525,,,,,,,,,,
sequence,Mona_6_20260624_123930,pose_fair_common,learned_oracle_hand,6,7.0,0.8571428571428571,,,,25.364746407132973,25.38842673518807,29.558959644166777,79.81221227138859,83.1710270503733,,,,,,,,,,
sequence,Mona_6_20260624_123930,pose_fair_common,persistence,6,7.0,0.8571428571428571,,,,21.926599912362317,14.026183505827971,30.91450692786228,50.236617339372465,27.938923591486525,,,,,,,,,,
sequence,Mona_6_20260624_123930,pose_fair_common,constant_velocity,6,7.0,0.8571428571428571,,,,79.91396385423307,75.39387850967151,101.31153867579171,50.236617339372465,27.938923591486525,,,,,,,,,,
sequence,Mona_6_20260624_123930,paired_pose_difference,learned_end_to_end_minus_persistence,4,7.0,0.5714285714285714,,,,,,,,,-6.036950528933776,-6.622287705873795,54.24378978176591,0.5,,,,,,
sequence,Mona_6_20260624_123930,paired_pose_difference,learned_end_to_end_minus_constant_velocity,4,7.0,0.5714285714285714,,,,,,,,,-73.05628274344983,-81.27429784059791,54.24378978176591,0.75,,,,,,
sequence,Mona_6_20260624_123930,paired_pose_difference,learned_oracle_hand_minus_persistence,6,7.0,0.8571428571428571,,,,,,,,,3.438146494770662,5.672725285984171,29.575594932016116,0.3333333333333333,,,,,,
sequence,Mona_6_20260624_123930,paired_pose_difference,learned_oracle_hand_minus_constant_velocity,6,7.0,0.8571428571428571,,,,,,,,,-54.54921744710009,-50.00545177448343,29.575594932016116,0.6666666666666666,,,,,,
sequence,Mona_7_20260624_124051,classification,intention,123,123.0,1.0,0.967479674796748,0.951388888888889,0.951388888888889,,,,,,,,,,,,,,,
sequence,Mona_7_20260624_124051,classification,assistance,123,123.0,1.0,0.967479674796748,0.9525462962962963,0.9525462962962963,,,,,,,,,,,,,,,
sequence,Mona_7_20260624_124051,classification,assistance_type_given_ground_truth_assistance,29,29.0,1.0,1.0,1.0,1.0,,,,,,,,,,,,,,,
sequence,Mona_7_20260624_124051,classification,receiving_hand_given_ground_truth_handover,11,11.0,1.0,1.0,0.5,1.0,,,,,,,,,,,,,,,
sequence,Mona_7_20260624_124051,pose,learned_end_to_end,7,7.0,1.0,,,,10.597537914146253,10.7302358118549,10.65604944467048,13.290438283621159,15.121992374606837,,,,,,,,,,
sequence,Mona_7_20260624_124051,pose,learned_oracle_hand,7,7.0,1.0,,,,10.597537914146253,10.7302358118549,10.65604944467048,13.290438283621159,15.121992374606837,,,,,,,,,,
sequence,Mona_7_20260624_124051,pose,persistence,7,7.0,1.0,,,,2.5328276848517737,2.01667806882346,3.3115392726974218,3.518601747702897,2.3819060291891967,,,,,,,,,,
sequence,Mona_7_20260624_124051,pose,constant_velocity,7,7.0,1.0,,,,13.453438506592022,3.444942549407235,25.738677397154557,3.518601747702897,2.3819060291891967,,,,,,,,,,
sequence,Mona_7_20260624_124051,pose_fair_common,learned_oracle_hand,7,7.0,1.0,,,,10.597537914146253,10.7302358118549,10.65604944467048,13.290438283621159,15.121992374606837,,,,,,,,,,
sequence,Mona_7_20260624_124051,pose_fair_common,persistence,7,7.0,1.0,,,,2.5328276848517737,2.01667806882346,3.3115392726974218,3.518601747702897,2.3819060291891967,,,,,,,,,,
sequence,Mona_7_20260624_124051,pose_fair_common,constant_velocity,7,7.0,1.0,,,,13.453438506592022,3.444942549407235,25.738677397154557,3.518601747702897,2.3819060291891967,,,,,,,,,,
sequence,Mona_7_20260624_124051,paired_pose_difference,learned_end_to_end_minus_persistence,7,7.0,1.0,,,,,,,,,8.064710229294478,8.811783896665466,9.771836535918263,0.0,,,,,,
sequence,Mona_7_20260624_124051,paired_pose_difference,learned_end_to_end_minus_constant_velocity,7,7.0,1.0,,,,,,,,,-2.85590059244577,7.936673471613301,9.771836535918263,0.2857142857142857,,,,,,
sequence,Mona_7_20260624_124051,paired_pose_difference,learned_oracle_hand_minus_persistence,7,7.0,1.0,,,,,,,,,8.064710229294478,8.811783896665466,9.771836535918263,0.0,,,,,,
sequence,Mona_7_20260624_124051,paired_pose_difference,learned_oracle_hand_minus_constant_velocity,7,7.0,1.0,,,,,,,,,-2.85590059244577,7.936673471613301,9.771836535918263,0.2857142857142857,,,,,,
sequence,Mona_8_20260624_124414,classification,intention,149,149.0,1.0,0.8657718120805369,0.6500739027054817,0.6500739027054817,,,,,,,,,,,,,,,
sequence,Mona_8_20260624_124414,classification,assistance,149,149.0,1.0,0.8859060402684564,0.7989203778677463,0.7989203778677463,,,,,,,,,,,,,,,
sequence,Mona_8_20260624_124414,classification,assistance_type_given_ground_truth_assistance,27,27.0,1.0,0.8148148148148148,0.8148148148148148,0.8148148148148148,,,,,,,,,,,,,,,
sequence,Mona_8_20260624_124414,classification,receiving_hand_given_ground_truth_handover,13,13.0,1.0,0.46153846153846156,0.3157894736842105,0.631578947368421,,,,,,,,,,,,,,,
sequence,Mona_8_20260624_124414,pose,learned_end_to_end,6,9.0,0.6666666666666666,,,,25.004755645285893,30.199865707124072,28.123934516118116,109.00947330318331,149.7138006771914,,,,,,,,,,
sequence,Mona_8_20260624_124414,pose,learned_oracle_hand,9,9.0,1.0,,,,19.550868265941634,15.813441321155633,22.54287603366035,60.540560458663855,50.58744264340863,,,,,,,,,,
sequence,Mona_8_20260624_124414,pose,persistence,9,9.0,1.0,,,,21.251482408033315,7.8497922878021935,31.166025954242254,48.562730823442266,11.230743770129202,,,,,,,,,,
sequence,Mona_8_20260624_124414,pose,constant_velocity,9,9.0,1.0,,,,47.423060179882,52.34968652837617,62.495698437202726,48.562730823442266,11.230743770129202,,,,,,,,,,
sequence,Mona_8_20260624_124414,pose_fair_common,learned_oracle_hand,9,9.0,1.0,,,,19.550868265941634,15.813441321155633,22.54287603366035,60.540560458663855,50.58744264340863,,,,,,,,,,
sequence,Mona_8_20260624_124414,pose_fair_common,persistence,9,9.0,1.0,,,,21.251482408033315,7.8497922878021935,31.166025954242254,48.562730823442266,11.230743770129202,,,,,,,,,,
sequence,Mona_8_20260624_124414,pose_fair_common,constant_velocity,9,9.0,1.0,,,,47.423060179882,52.34968652837617,62.495698437202726,48.562730823442266,11.230743770129202,,,,,,,,,,
sequence,Mona_8_20260624_124414,paired_pose_difference,learned_end_to_end_minus_persistence,6,9.0,0.6666666666666666,,,,,,,,,0.011824175022625857,5.86168239432847,53.84737364815703,0.3333333333333333,,,,,,
sequence,Mona_8_20260624_124414,paired_pose_difference,learned_end_to_end_minus_constant_velocity,6,9.0,0.6666666666666666,,,,,,,,,-21.381928761950842,-19.00860039905509,53.84737364815703,0.6666666666666666,,,,,,
sequence,Mona_8_20260624_124414,paired_pose_difference,learned_oracle_hand_minus_persistence,9,9.0,1.0,,,,,,,,,-1.700614142091682,4.554702637931119,11.977829635221594,0.3333333333333333,,,,,,
sequence,Mona_8_20260624_124414,paired_pose_difference,learned_oracle_hand_minus_constant_velocity,9,9.0,1.0,,,,,,,,,-27.87219191394037,-19.038894366866245,11.977829635221594,0.6666666666666666,,,,,,
participant,Edu,classification,intention,703,703.0,1.0,0.9148633613995868,0.8894129277736078,0.8894129277736078,,,,,,,,,,,,,,,
participant,Edu,classification,assistance,703,703.0,1.0,0.9576411726836734,0.9563374625842006,0.9563374625842006,,,,,,,,,,,,,,,
participant,Edu,classification,assistance_type_given_ground_truth_assistance,253,253.0,1.0,0.8970959595959597,0.8914477106295904,0.8914477106295904,,,,,,,,,,,,,,,
participant,Edu,classification,receiving_hand_given_ground_truth_handover,132,132.0,1.0,0.8888888888888888,0.4444444444444444,0.8888888888888888,,,,,,,,,,,,,,,
participant,Edu,pose,learned_end_to_end,94,94.0,1.0,,,,19.57637354794666,18.09749092237796,22.491898074049615,59.66645222027991,45.51142564648719,,,,,,,,,,
participant,Edu,pose,learned_oracle_hand,94,94.0,1.0,,,,19.57637354794666,18.09749092237796,22.491898074049615,59.66645222027991,45.51142564648719,,,,,,,,,,
participant,Edu,pose,persistence,94,94.0,1.0,,,,20.450469258997277,18.957000638395606,24.964843707206217,66.8333608602656,62.3992207457811,,,,,,,,,,
participant,Edu,pose,constant_velocity,94,94.0,1.0,,,,39.47552523955252,37.02739625409101,45.882428415869086,66.8333608602656,62.3992207457811,,,,,,,,,,
participant,Edu,pose_fair_common,learned_oracle_hand,94,94.0,1.0,,,,19.57637354794666,18.09749092237796,22.491898074049615,59.66645222027991,45.51142564648719,,,,,,,,,,
participant,Edu,pose_fair_common,persistence,94,94.0,1.0,,,,20.450469258997277,18.957000638395606,24.964843707206217,66.8333608602656,62.3992207457811,,,,,,,,,,
participant,Edu,pose_fair_common,constant_velocity,94,94.0,1.0,,,,39.47552523955252,37.02739625409101,45.882428415869086,66.8333608602656,62.3992207457811,,,,,,,,,,
participant,Edu,paired_pose_difference,learned_end_to_end_minus_constant_velocity,94,,1.0,,,,,,,,,-19.89915169160586,-12.017895614655831,-7.166908639985692,0.7741898148148149,,,,,,
participant,Edu,paired_pose_difference,learned_end_to_end_minus_persistence,94,,1.0,,,,,,,,,-0.8740957110506214,0.5256380992265473,-7.166908639985692,0.49994212962962964,,,,,,
participant,Edu,paired_pose_difference,learned_oracle_hand_minus_constant_velocity,94,,1.0,,,,,,,,,-19.89915169160586,-12.017895614655831,-7.166908639985692,0.7741898148148149,,,,,,
participant,Edu,paired_pose_difference,learned_oracle_hand_minus_persistence,94,,1.0,,,,,,,,,-0.8740957110506214,0.5256380992265473,-7.166908639985692,0.49994212962962964,,,,,,
participant,Jona,classification,intention,667,667.0,1.0,0.9010156988620724,0.8993141099962969,0.8993141099962969,,,,,,,,,,,,,,,
participant,Jona,classification,assistance,667,667.0,1.0,0.9010156988620724,0.8890899392248697,0.8890899392248697,,,,,,,,,,,,,,,
participant,Jona,classification,assistance_type_given_ground_truth_assistance,194,194.0,1.0,1.0,1.0,1.0,,,,,,,,,,,,,,,
participant,Jona,classification,receiving_hand_given_ground_truth_handover,82,82.0,1.0,1.0,0.5,1.0,,,,,,,,,,,,,,,
participant,Jona,pose,learned_end_to_end,61,61.0,1.0,,,,9.928194185417778,5.719686300538409,14.226749761739267,21.981329546924908,12.59242593561619,,,,,,,,,,
participant,Jona,pose,learned_oracle_hand,61,61.0,1.0,,,,9.928194185417778,5.719686300538409,14.226749761739267,21.981329546924908,12.59242593561619,,,,,,,,,,
participant,Jona,pose,persistence,61,61.0,1.0,,,,9.833112064304515,4.34308805601892,15.547223584591876,25.650177937880652,12.628485533932109,,,,,,,,,,
participant,Jona,pose,constant_velocity,61,61.0,1.0,,,,23.709157785594318,15.020617677881058,33.776523167504415,25.650177937880652,12.628485533932109,,,,,,,,,,
participant,Jona,pose_fair_common,learned_oracle_hand,61,61.0,1.0,,,,9.928194185417778,5.719686300538409,14.226749761739267,21.981329546924908,12.59242593561619,,,,,,,,,,
participant,Jona,pose_fair_common,persistence,61,61.0,1.0,,,,9.833112064304515,4.34308805601892,15.547223584591876,25.650177937880652,12.628485533932109,,,,,,,,,,
participant,Jona,pose_fair_common,constant_velocity,61,61.0,1.0,,,,23.709157785594318,15.020617677881058,33.776523167504415,25.650177937880652,12.628485533932109,,,,,,,,,,
participant,Jona,paired_pose_difference,learned_end_to_end_minus_constant_velocity,61,,1.0,,,,,,,,,-13.780963600176534,-6.6649286724011985,-3.668848390955745,0.686111111111111,,,,,,
participant,Jona,paired_pose_difference,learned_end_to_end_minus_persistence,61,,1.0,,,,,,,,,0.09508212111326472,0.35217050628628777,-3.668848390955745,0.36309523809523814,,,,,,
participant,Jona,paired_pose_difference,learned_oracle_hand_minus_constant_velocity,61,,1.0,,,,,,,,,-13.780963600176534,-6.6649286724011985,-3.668848390955745,0.686111111111111,,,,,,
participant,Jona,paired_pose_difference,learned_oracle_hand_minus_persistence,61,,1.0,,,,,,,,,0.09508212111326472,0.35217050628628777,-3.668848390955745,0.36309523809523814,,,,,,
participant,Mona,classification,intention,829,829.0,1.0,0.9240565284732593,0.8444430709962453,0.8444430709962453,,,,,,,,,,,,,,,
participant,Mona,classification,assistance,829,829.0,1.0,0.9511165382029828,0.928909242015628,0.928909242015628,,,,,,,,,,,,,,,
participant,Mona,classification,assistance_type_given_ground_truth_assistance,200,200.0,1.0,0.8698300422438354,0.8607270553090987,0.8607270553090987,,,,,,,,,,,,,,,
participant,Mona,classification,receiving_hand_given_ground_truth_handover,90,90.0,1.0,0.6220779220779221,0.37476130803198476,0.7495226160639695,,,,,,,,,,,,,,,
participant,Mona,pose,learned_end_to_end,51,62.0,0.8278911564625852,,,,22.417879479966842,22.914329874872177,25.974812839240318,78.75966160638005,85.2994412632689,,,,,,,,,,
participant,Mona,pose,learned_oracle_hand,59,62.0,0.9557823129251701,,,,17.687949707264725,15.53822108302914,20.959627342346245,47.001793507576096,39.67269995413579,,,,,,,,,,
participant,Mona,pose,persistence,59,62.0,0.9557823129251701,,,,14.239038702207719,6.4762411307704975,21.377505472045517,31.23536511565186,10.931165198968817,,,,,,,,,,
participant,Mona,pose,constant_velocity,58,62.0,0.9414965986394558,,,,39.59595508999333,30.050710001033984,55.79961604994902,29.61846761496255,10.795976328106933,,,,,,,,,,
participant,Mona,pose_fair_common,learned_oracle_hand,58,62.0,0.9414965986394558,,,,17.349216914618935,15.424477199541803,20.529377159368778,45.7944413131169,39.64433135162593,,,,,,,,,,
participant,Mona,pose_fair_common,persistence,58,62.0,0.9414965986394558,,,,13.571216817197293,6.470084826887922,20.34315920877128,29.61846761496255,10.795976328106933,,,,,,,,,,
participant,Mona,pose_fair_common,constant_velocity,58,62.0,0.9414965986394558,,,,39.59595508999333,30.050710001033984,55.79961604994902,29.61846761496255,10.795976328106933,,,,,,,,,,
participant,Mona,paired_pose_difference,learned_end_to_end_minus_constant_velocity,47,,0.7693877551020408,,,,,,,,,-19.001388022759564,-11.734285002402922,39.1083511138958,0.48364254792826217,,,,,,
participant,Mona,paired_pose_difference,learned_end_to_end_minus_persistence,48,,0.7836734693877551,,,,,,,,,4.768464276263401,6.13355078991236,38.99068409503449,0.23300865800865803,,,,,,
participant,Mona,paired_pose_difference,learned_oracle_hand_minus_constant_velocity,58,,0.9414965986394558,,,,,,,,,-22.246738175374396,-11.11793395068891,16.175973698154344,0.49659863945578225,,,,,,
participant,Mona,paired_pose_difference,learned_oracle_hand_minus_persistence,59,,0.9557823129251701,,,,,,,,,3.448911005057007,5.389392046573512,15.766428391924242,0.23922902494331064,,,,,,
receiving_hand,left,classification,intention,829,829.0,1.0,0.9240048250904704,0.8503446809701716,0.8503446809701716,,,,,,,,,,,,,,,
receiving_hand,left,classification,assistance,829,829.0,1.0,0.9493365500603136,0.9303294434039283,0.9303294434039283,,,,,,,,,,,,,,,
receiving_hand,left,classification,assistance_type_given_ground_truth_assistance,200,200.0,1.0,0.865,0.8596637126744457,0.8596637126744457,,,,,,,,,,,,,,,
receiving_hand,left,classification,receiving_hand_given_ground_truth_handover,90,90.0,1.0,0.6111111111111112,0.37931034482758624,0.7586206896551725,,,,,,,,,,,,,,,
receiving_hand,left,pose,learned_end_to_end,51,62.0,0.8225806451612904,,,,22.564631320214335,16.06498228996769,27.019413183928627,75.86446189638325,28.88277771647813,,,,,,,,,,
receiving_hand,left,pose,learned_oracle_hand,59,62.0,0.9516129032258065,,,,17.358218616800475,12.311334550002991,21.782651505680462,46.54953028601456,28.88277771647813,,,,,,,,,,
receiving_hand,left,pose,persistence,59,62.0,0.9516129032258065,,,,14.448259520948824,1.656448147613295,24.646606113815626,31.93677633419984,3.620143296814719,,,,,,,,,,
receiving_hand,left,pose,constant_velocity,58,62.0,0.9354838709677419,,,,38.725789146139235,8.410033419744007,61.67635160192214,30.45106806972782,3.4149746979593925,,,,,,,,,,
receiving_hand,left,pose_fair_common,learned_oracle_hand,58,62.0,0.9354838709677419,,,,17.041784782331447,12.24989475071509,21.463380103211914,45.395240104769,28.30247052072747,,,,,,,,,,
receiving_hand,left,pose_fair_common,persistence,58,62.0,0.9354838709677419,,,,13.847890384902183,1.6346472882057104,24.001564625331948,30.45106806972782,3.4149746979593925,,,,,,,,,,
receiving_hand,left,pose_fair_common,constant_velocity,58,62.0,0.9354838709677419,,,,38.725789146139235,8.410033419744007,61.67635160192214,30.45106806972782,3.4149746979593925,,,,,,,,,,
receiving_hand,left,paired_pose_difference,learned_end_to_end_minus_persistence,48,62.0,0.7741935483870968,,,,,,,,,5.824853410922347,6.154996160746164,36.70198390851734,0.20833333333333334,,,,,,
receiving_hand,left,paired_pose_difference,learned_end_to_end_minus_constant_velocity,47,62.0,0.7580645161290323,,,,,,,,,-15.416650168221555,2.518148362047498,36.40467253270743,0.44680851063829785,,,,,,
receiving_hand,left,paired_pose_difference,learned_oracle_hand_minus_persistence,59,62.0,0.9516129032258065,,,,,,,,,2.909959095851647,4.872545282802528,14.612753951814708,0.2542372881355932,,,,,,
receiving_hand,left,paired_pose_difference,learned_oracle_hand_minus_constant_velocity,58,62.0,0.9354838709677419,,,,,,,,,-21.684004363807784,0.3648141312022647,14.944172035041179,0.5,,,,,,
receiving_hand_sequence_balanced,left,classification,intention,829,829.0,1.0,0.9240565284732593,0.8444430709962453,0.8444430709962453,,,,,,,,,,,,,,,
receiving_hand_sequence_balanced,left,classification,assistance,829,829.0,1.0,0.9511165382029828,0.928909242015628,0.928909242015628,,,,,,,,,,,,,,,
receiving_hand_sequence_balanced,left,classification,assistance_type_given_ground_truth_assistance,200,200.0,1.0,0.8698300422438354,0.8607270553090987,0.8607270553090987,,,,,,,,,,,,,,,
receiving_hand_sequence_balanced,left,classification,receiving_hand_given_ground_truth_handover,90,90.0,1.0,0.6220779220779221,0.37476130803198476,0.7495226160639695,,,,,,,,,,,,,,,
receiving_hand_sequence_balanced,left,pose,learned_end_to_end,51,62.0,0.8278911564625852,,,,22.417879479966842,22.914329874872177,25.974812839240318,78.75966160638005,85.2994412632689,,,,,,,,,,
receiving_hand_sequence_balanced,left,pose,learned_oracle_hand,59,62.0,0.9557823129251701,,,,17.687949707264725,15.53822108302914,20.959627342346245,47.001793507576096,39.67269995413579,,,,,,,,,,
receiving_hand_sequence_balanced,left,pose,persistence,59,62.0,0.9557823129251701,,,,14.239038702207719,6.4762411307704975,21.377505472045517,31.23536511565186,10.931165198968817,,,,,,,,,,
receiving_hand_sequence_balanced,left,pose,constant_velocity,58,62.0,0.9414965986394558,,,,39.59595508999333,30.050710001033984,55.79961604994902,29.61846761496255,10.795976328106933,,,,,,,,,,
receiving_hand_sequence_balanced,left,pose_fair_common,learned_oracle_hand,58,62.0,0.9414965986394558,,,,17.349216914618935,15.424477199541803,20.529377159368778,45.7944413131169,39.64433135162593,,,,,,,,,,
receiving_hand_sequence_balanced,left,pose_fair_common,persistence,58,62.0,0.9414965986394558,,,,13.571216817197293,6.470084826887922,20.34315920877128,29.61846761496255,10.795976328106933,,,,,,,,,,
receiving_hand_sequence_balanced,left,pose_fair_common,constant_velocity,58,62.0,0.9414965986394558,,,,39.59595508999333,30.050710001033984,55.79961604994902,29.61846761496255,10.795976328106933,,,,,,,,,,
receiving_hand_sequence_balanced,left,paired_pose_difference,learned_end_to_end_minus_constant_velocity,47,,0.7693877551020408,,,,,,,,,-19.001388022759564,-11.734285002402922,39.1083511138958,0.48364254792826217,,,,,,
receiving_hand_sequence_balanced,left,paired_pose_difference,learned_end_to_end_minus_persistence,48,,0.7836734693877551,,,,,,,,,4.768464276263401,6.13355078991236,38.99068409503449,0.23300865800865803,,,,,,
receiving_hand_sequence_balanced,left,paired_pose_difference,learned_oracle_hand_minus_constant_velocity,58,,0.9414965986394558,,,,,,,,,-22.246738175374396,-11.11793395068891,16.175973698154344,0.49659863945578225,,,,,,
receiving_hand_sequence_balanced,left,paired_pose_difference,learned_oracle_hand_minus_persistence,59,,0.9557823129251701,,,,,,,,,3.448911005057007,5.389392046573512,15.766428391924242,0.23922902494331064,,,,,,
receiving_hand_participant_balanced,left,classification,intention,829,829.0,1.0,0.9240565284732593,0.8444430709962453,0.8444430709962453,,,,,,,,,,,,,,,
receiving_hand_participant_balanced,left,classification,assistance,829,829.0,1.0,0.9511165382029828,0.928909242015628,0.928909242015628,,,,,,,,,,,,,,,
receiving_hand_participant_balanced,left,classification,assistance_type_given_ground_truth_assistance,200,200.0,1.0,0.8698300422438354,0.8607270553090987,0.8607270553090987,,,,,,,,,,,,,,,
receiving_hand_participant_balanced,left,classification,receiving_hand_given_ground_truth_handover,90,90.0,1.0,0.6220779220779221,0.37476130803198476,0.7495226160639695,,,,,,,,,,,,,,,
receiving_hand_participant_balanced,left,pose,learned_end_to_end,51,62.0,0.8278911564625852,,,,22.417879479966842,22.914329874872177,25.974812839240318,78.75966160638005,85.2994412632689,,,,,,,,,,
receiving_hand_participant_balanced,left,pose,learned_oracle_hand,59,62.0,0.9557823129251701,,,,17.687949707264725,15.53822108302914,20.959627342346245,47.001793507576096,39.67269995413579,,,,,,,,,,
receiving_hand_participant_balanced,left,pose,persistence,59,62.0,0.9557823129251701,,,,14.239038702207719,6.4762411307704975,21.377505472045517,31.23536511565186,10.931165198968817,,,,,,,,,,
receiving_hand_participant_balanced,left,pose,constant_velocity,58,62.0,0.9414965986394558,,,,39.59595508999333,30.050710001033984,55.79961604994902,29.61846761496255,10.795976328106933,,,,,,,,,,
receiving_hand_participant_balanced,left,pose_fair_common,learned_oracle_hand,58,62.0,0.9414965986394558,,,,17.349216914618935,15.424477199541803,20.529377159368778,45.7944413131169,39.64433135162593,,,,,,,,,,
receiving_hand_participant_balanced,left,pose_fair_common,persistence,58,62.0,0.9414965986394558,,,,13.571216817197293,6.470084826887922,20.34315920877128,29.61846761496255,10.795976328106933,,,,,,,,,,
receiving_hand_participant_balanced,left,pose_fair_common,constant_velocity,58,62.0,0.9414965986394558,,,,39.59595508999333,30.050710001033984,55.79961604994902,29.61846761496255,10.795976328106933,,,,,,,,,,
receiving_hand_participant_balanced,left,paired_pose_difference,learned_end_to_end_minus_constant_velocity,47,,0.7693877551020408,,,,,,,,,-19.001388022759564,-11.734285002402922,39.1083511138958,0.48364254792826217,,,,,,
receiving_hand_participant_balanced,left,paired_pose_difference,learned_end_to_end_minus_persistence,48,,0.7836734693877551,,,,,,,,,4.768464276263401,6.13355078991236,38.99068409503449,0.23300865800865803,,,,,,
receiving_hand_participant_balanced,left,paired_pose_difference,learned_oracle_hand_minus_constant_velocity,58,,0.9414965986394558,,,,,,,,,-22.246738175374396,-11.11793395068891,16.175973698154344,0.49659863945578225,,,,,,
receiving_hand_participant_balanced,left,paired_pose_difference,learned_oracle_hand_minus_persistence,59,,0.9557823129251701,,,,,,,,,3.448911005057007,5.389392046573512,15.766428391924242,0.23922902494331064,,,,,,
receiving_hand,right,classification,intention,1370,1370.0,1.0,0.9058394160583941,0.8802318204671146,0.8802318204671146,,,,,,,,,,,,,,,
receiving_hand,right,classification,assistance,1370,1370.0,1.0,0.9284671532846716,0.9225050505050505,0.9225050505050505,,,,,,,,,,,,,,,
receiving_hand,right,classification,assistance_type_given_ground_truth_assistance,447,447.0,1.0,0.930648769574944,0.9305361305361306,0.9305361305361306,,,,,,,,,,,,,,,
receiving_hand,right,classification,receiving_hand_given_ground_truth_handover,214,214.0,1.0,0.9485981308411215,0.486810551558753,0.973621103117506,,,,,,,,,,,,,,,
receiving_hand,right,pose,learned_end_to_end,155,155.0,1.0,,,,15.235107372639968,11.922685711331614,19.754146537486427,43.07859196783508,29.18720083291653,,,,,,,,,,
receiving_hand,right,pose,learned_oracle_hand,155,155.0,1.0,,,,15.235107372639968,11.922685711331614,19.754146537486427,43.07859196783508,29.18720083291653,,,,,,,,,,
receiving_hand,right,pose,persistence,155,155.0,1.0,,,,15.16207519881861,9.002809895157666,21.640102004082113,46.38882810154139,23.95773624269273,,,,,,,,,,
receiving_hand,right,pose,constant_velocity,155,155.0,1.0,,,,31.531289244729923,29.039629396831764,41.62469008348959,46.38882810154139,23.95773624269273,,,,,,,,,,
receiving_hand,right,pose_fair_common,learned_oracle_hand,155,155.0,1.0,,,,15.235107372639968,11.922685711331614,19.754146537486427,43.07859196783508,29.18720083291653,,,,,,,,,,
receiving_hand,right,pose_fair_common,persistence,155,155.0,1.0,,,,15.16207519881861,9.002809895157666,21.640102004082113,46.38882810154139,23.95773624269273,,,,,,,,,,
receiving_hand,right,pose_fair_common,constant_velocity,155,155.0,1.0,,,,31.531289244729923,29.039629396831764,41.62469008348959,46.38882810154139,23.95773624269273,,,,,,,,,,
receiving_hand,right,paired_pose_difference,learned_end_to_end_minus_persistence,155,155.0,1.0,,,,,,,,,0.07303217382136022,0.7507530326105378,-3.3102361337063155,0.41935483870967744,,,,,,
receiving_hand,right,paired_pose_difference,learned_end_to_end_minus_constant_velocity,155,155.0,1.0,,,,,,,,,-16.296181872089946,-7.143663675000695,-3.3102361337063155,0.7096774193548387,,,,,,
receiving_hand,right,paired_pose_difference,learned_oracle_hand_minus_persistence,155,155.0,1.0,,,,,,,,,0.07303217382136022,0.7507530326105378,-3.3102361337063155,0.41935483870967744,,,,,,
receiving_hand,right,paired_pose_difference,learned_oracle_hand_minus_constant_velocity,155,155.0,1.0,,,,,,,,,-16.296181872089946,-7.143663675000695,-3.3102361337063155,0.7096774193548387,,,,,,
receiving_hand_sequence_balanced,right,classification,intention,1370,1370.0,1.0,0.9088050090394244,0.8937446949960344,0.8937446949960344,,,,,,,,,,,,,,,
receiving_hand_sequence_balanced,right,classification,assistance,1370,1370.0,1.0,0.9328675278867231,0.9269166711144934,0.9269166711144934,,,,,,,,,,,,,,,
receiving_hand_sequence_balanced,right,classification,assistance_type_given_ground_truth_assistance,447,447.0,1.0,0.9421164772727273,0.9389393372291446,0.9389393372291446,,,,,,,,,,,,,,,
receiving_hand_sequence_balanced,right,classification,receiving_hand_given_ground_truth_handover,214,214.0,1.0,0.9375,0.46875,0.9375,,,,,,,,,,,,,,,
receiving_hand_sequence_balanced,right,pose,learned_end_to_end,155,155.0,1.0,,,,15.073889845433182,12.321182098852834,18.63482886163812,42.08006163938091,30.149225781414057,,,,,,,,,,
receiving_hand_sequence_balanced,right,pose,learned_oracle_hand,155,155.0,1.0,,,,15.073889845433182,12.321182098852834,18.63482886163812,42.08006163938091,30.149225781414057,,,,,,,,,,
receiving_hand_sequence_balanced,right,pose,persistence,155,155.0,1.0,,,,15.495702568140652,12.137174766619816,20.569954316652858,47.61454216315262,39.17287764691823,,,,,,,,,,
receiving_hand_sequence_balanced,right,pose,constant_velocity,155,155.0,1.0,,,,32.117887094372016,26.7575662518597,40.23300596663224,47.61454216315262,39.17287764691823,,,,,,,,,,
receiving_hand_sequence_balanced,right,pose_fair_common,learned_oracle_hand,155,155.0,1.0,,,,15.073889845433182,12.321182098852834,18.63482886163812,42.08006163938091,30.149225781414057,,,,,,,,,,
receiving_hand_sequence_balanced,right,pose_fair_common,persistence,155,155.0,1.0,,,,15.495702568140652,12.137174766619816,20.569954316652858,47.61454216315262,39.17287764691823,,,,,,,,,,
receiving_hand_sequence_balanced,right,pose_fair_common,constant_velocity,155,155.0,1.0,,,,32.117887094372016,26.7575662518597,40.23300596663224,47.61454216315262,39.17287764691823,,,,,,,,,,
receiving_hand_sequence_balanced,right,paired_pose_difference,learned_end_to_end_minus_constant_velocity,155,,1.0,,,,,,,,,-17.04399724893884,-9.519844374937005,-5.534480523771717,0.7330864197530863,,,,,,
receiving_hand_sequence_balanced,right,paired_pose_difference,learned_end_to_end_minus_persistence,155,,1.0,,,,,,,,,-0.4218127227074746,0.44468655585442607,-5.534480523771717,0.43608024691358016,,,,,,
receiving_hand_sequence_balanced,right,paired_pose_difference,learned_oracle_hand_minus_constant_velocity,155,,1.0,,,,,,,,,-17.04399724893884,-9.519844374937005,-5.534480523771717,0.7330864197530863,,,,,,
receiving_hand_sequence_balanced,right,paired_pose_difference,learned_oracle_hand_minus_persistence,155,,1.0,,,,,,,,,-0.4218127227074746,0.44468655585442607,-5.534480523771717,0.43608024691358016,,,,,,
receiving_hand_participant_balanced,right,classification,intention,1370,1370.0,1.0,0.9079395301308296,0.8943635188849524,0.8943635188849524,,,,,,,,,,,,,,,
receiving_hand_participant_balanced,right,classification,assistance,1370,1370.0,1.0,0.9293284357728729,0.9227137009045352,0.9227137009045352,,,,,,,,,,,,,,,
receiving_hand_participant_balanced,right,classification,assistance_type_given_ground_truth_assistance,447,447.0,1.0,0.9485479797979799,0.9457238553147952,0.9457238553147952,,,,,,,,,,,,,,,
receiving_hand_participant_balanced,right,classification,receiving_hand_given_ground_truth_handover,214,214.0,1.0,0.9444444444444444,0.4722222222222222,0.9444444444444444,,,,,,,,,,,,,,,
receiving_hand_participant_balanced,right,pose,learned_end_to_end,155,155.0,1.0,,,,14.75228386668222,11.908588611458185,18.359323917894443,40.82389088360241,29.05192579105169,,,,,,,,,,
receiving_hand_participant_balanced,right,pose,learned_oracle_hand,155,155.0,1.0,,,,14.75228386668222,11.908588611458185,18.359323917894443,40.82389088360241,29.05192579105169,,,,,,,,,,
receiving_hand_participant_balanced,right,pose,persistence,155,155.0,1.0,,,,15.141790661650896,11.650044347207263,20.256033645899045,46.24176939907313,37.51385313985661,,,,,,,,,,
receiving_hand_participant_balanced,right,pose,constant_velocity,155,155.0,1.0,,,,31.59234151257342,26.024006965986032,39.82947579168675,46.24176939907313,37.51385313985661,,,,,,,,,,
receiving_hand_participant_balanced,right,pose_fair_common,learned_oracle_hand,155,155.0,1.0,,,,14.75228386668222,11.908588611458185,18.359323917894443,40.82389088360241,29.05192579105169,,,,,,,,,,
receiving_hand_participant_balanced,right,pose_fair_common,persistence,155,155.0,1.0,,,,15.141790661650896,11.650044347207263,20.256033645899045,46.24176939907313,37.51385313985661,,,,,,,,,,
receiving_hand_participant_balanced,right,pose_fair_common,constant_velocity,155,155.0,1.0,,,,31.59234151257342,26.024006965986032,39.82947579168675,46.24176939907313,37.51385313985661,,,,,,,,,,
receiving_hand_participant_balanced,right,paired_pose_difference,learned_end_to_end_minus_constant_velocity,155,,1.0,,,,,,,,,-16.840057645891196,-9.341412143528515,-5.4178785154707185,0.7301504629629629,,,,,,
receiving_hand_participant_balanced,right,paired_pose_difference,learned_end_to_end_minus_persistence,155,,1.0,,,,,,,,,-0.38950679496867835,0.4389043027564175,-5.4178785154707185,0.43151868386243386,,,,,,
receiving_hand_participant_balanced,right,paired_pose_difference,learned_oracle_hand_minus_constant_velocity,155,,1.0,,,,,,,,,-16.840057645891196,-9.341412143528515,-5.4178785154707185,0.7301504629629629,,,,,,
receiving_hand_participant_balanced,right,paired_pose_difference,learned_oracle_hand_minus_persistence,155,,1.0,,,,,,,,,-0.38950679496867835,0.4389043027564175,-5.4178785154707185,0.43151868386243386,,,,,,
cluster_bootstrap,participant_cluster,confidence_interval,classification.intention.accuracy,10000,,,,,,,,,,,,,,,0.9133118629116396,0.9010156988620724,0.9240565284732593,estimable,3.0,1.0
cluster_bootstrap,participant_cluster,confidence_interval,classification.intention.macro_f1,10000,,,,,,,,,,,,,,,0.8777233695887167,0.8444430709962453,0.8993141099962969,estimable,3.0,1.0
cluster_bootstrap,participant_cluster,confidence_interval,classification.intention.macro_f1_supported,10000,,,,,,,,,,,,,,,0.8777233695887167,0.8444430709962453,0.8993141099962969,estimable,3.0,1.0
cluster_bootstrap,participant_cluster,confidence_interval,classification.intention.coverage,10000,,,,,,,,,,,,,,,1.0,1.0,1.0,estimable,3.0,1.0
cluster_bootstrap,participant_cluster,confidence_interval,classification.assistance.accuracy,10000,,,,,,,,,,,,,,,0.9365911365829095,0.9010156988620724,0.9576411726836734,estimable,3.0,1.0
cluster_bootstrap,participant_cluster,confidence_interval,classification.assistance.macro_f1,10000,,,,,,,,,,,,,,,0.9247788812748995,0.8890899392248697,0.9563374625842006,estimable,3.0,1.0
cluster_bootstrap,participant_cluster,confidence_interval,classification.assistance.macro_f1_supported,10000,,,,,,,,,,,,,,,0.9247788812748995,0.8890899392248697,0.9563374625842006,estimable,3.0,1.0
cluster_bootstrap,participant_cluster,confidence_interval,classification.assistance.coverage,10000,,,,,,,,,,,,,,,1.0,1.0,1.0,estimable,3.0,1.0
cluster_bootstrap,participant_cluster,confidence_interval,classification.assistance_type_given_ground_truth_assistance.accuracy,10000,,,,,,,,,,,,,,,0.9223086672799318,0.8698300422438354,1.0,estimable,3.0,1.0
cluster_bootstrap,participant_cluster,confidence_interval,classification.assistance_type_given_ground_truth_assistance.macro_f1,10000,,,,,,,,,,,,,,,0.9173915886462297,0.8607270553090988,1.0,estimable,3.0,1.0
cluster_bootstrap,participant_cluster,confidence_interval,classification.assistance_type_given_ground_truth_assistance.macro_f1_supported,10000,,,,,,,,,,,,,,,0.9173915886462297,0.8607270553090988,1.0,estimable,3.0,1.0
cluster_bootstrap,participant_cluster,confidence_interval,classification.assistance_type_given_ground_truth_assistance.coverage,10000,,,,,,,,,,,,,,,1.0,1.0,1.0,estimable,3.0,1.0
cluster_bootstrap,participant_cluster,confidence_interval,classification.receiving_hand_given_ground_truth_handover.accuracy,10000,,,,,,,,,,,,,,,0.836988936988937,0.6220779220779221,1.0,estimable,3.0,1.0
cluster_bootstrap,participant_cluster,confidence_interval,classification.receiving_hand_given_ground_truth_handover.macro_f1,10000,,,,,,,,,,,,,,,0.4397352508254764,0.37476130803198476,0.5,estimable,3.0,1.0
cluster_bootstrap,participant_cluster,confidence_interval,classification.receiving_hand_given_ground_truth_handover.macro_f1_supported,10000,,,,,,,,,,,,,,,0.8794705016509528,0.7495226160639695,1.0,estimable,3.0,1.0
cluster_bootstrap,participant_cluster,confidence_interval,classification.receiving_hand_given_ground_truth_handover.coverage,10000,,,,,,,,,,,,,,,1.0,1.0,1.0,estimable,3.0,1.0
cluster_bootstrap,participant_cluster,confidence_interval,pose.learned_end_to_end.native.position_mean_cm,10000,,,,,,,,,,,,,,,17.30748240444376,9.928194185417778,22.417879479966842,estimable,3.0,1.0
cluster_bootstrap,participant_cluster,confidence_interval,pose.learned_end_to_end.native.position_median_cm,10000,,,,,,,,,,,,,,,15.577169032596183,5.719686300538409,22.914329874872177,estimable,3.0,1.0
cluster_bootstrap,participant_cluster,confidence_interval,pose.learned_end_to_end.native.position_rmse_cm,10000,,,,,,,,,,,,,,,20.897820225009735,14.226749761739265,25.974812839240318,estimable,3.0,1.0
cluster_bootstrap,participant_cluster,confidence_interval,pose.learned_end_to_end.native.orientation_mean_deg,10000,,,,,,,,,,,,,,,53.469147791194956,21.981329546924908,78.75966160638005,estimable,3.0,1.0
cluster_bootstrap,participant_cluster,confidence_interval,pose.learned_end_to_end.native.orientation_median_deg,10000,,,,,,,,,,,,,,,47.80109761512409,12.59242593561619,85.2994412632689,estimable,3.0,1.0
cluster_bootstrap,participant_cluster,confidence_interval,pose.learned_end_to_end.native.coverage,10000,,,,,,,,,,,,,,,0.9426303854875284,0.8278911564625852,1.0,estimable,3.0,1.0
cluster_bootstrap,participant_cluster,confidence_interval,pose.learned_oracle_hand.native.position_mean_cm,10000,,,,,,,,,,,,,,,15.730839146876386,9.928194185417778,19.57637354794666,estimable,3.0,1.0
cluster_bootstrap,participant_cluster,confidence_interval,pose.learned_oracle_hand.native.position_median_cm,10000,,,,,,,,,,,,,,,13.118466101981838,5.719686300538409,18.09749092237796,estimable,3.0,1.0
cluster_bootstrap,participant_cluster,confidence_interval,pose.learned_oracle_hand.native.position_rmse_cm,10000,,,,,,,,,,,,,,,19.226091726045045,14.226749761739265,22.491898074049615,estimable,3.0,1.0
cluster_bootstrap,participant_cluster,confidence_interval,pose.learned_oracle_hand.native.orientation_mean_deg,10000,,,,,,,,,,,,,,,42.8831917582603,21.981329546924908,59.666452220279915,estimable,3.0,1.0
cluster_bootstrap,participant_cluster,confidence_interval,pose.learned_oracle_hand.native.orientation_median_deg,10000,,,,,,,,,,,,,,,32.592183845413054,12.59242593561619,45.51142564648719,estimable,3.0,1.0
cluster_bootstrap,participant_cluster,confidence_interval,pose.learned_oracle_hand.native.coverage,10000,,,,,,,,,,,,,,,0.9852607709750568,0.95578231292517,1.0,estimable,3.0,1.0
cluster_bootstrap,participant_cluster,confidence_interval,pose.persistence.native.position_mean_cm,10000,,,,,,,,,,,,,,,14.840873341836504,9.833112064304515,20.450469258997277,estimable,3.0,1.0
cluster_bootstrap,participant_cluster,confidence_interval,pose.persistence.native.position_median_cm,10000,,,,,,,,,,,,,,,9.925443275061674,4.34308805601892,18.957000638395606,estimable,3.0,1.0
cluster_bootstrap,participant_cluster,confidence_interval,pose.persistence.native.position_rmse_cm,10000,,,,,,,,,,,,,,,20.629857587947868,15.547223584591876,24.964843707206217,estimable,3.0,1.0
cluster_bootstrap,participant_cluster,confidence_interval,pose.persistence.native.orientation_mean_deg,10000,,,,,,,,,,,,,,,41.2396346379327,25.650177937880652,66.8333608602656,estimable,3.0,1.0
cluster_bootstrap,participant_cluster,confidence_interval,pose.persistence.native.orientation_median_deg,10000,,,,,,,,,,,,,,,28.652957159560675,10.931165198968818,62.3992207457811,estimable,3.0,1.0
cluster_bootstrap,participant_cluster,confidence_interval,pose.persistence.native.coverage,10000,,,,,,,,,,,,,,,0.9852607709750568,0.95578231292517,1.0,estimable,3.0,1.0
cluster_bootstrap,participant_cluster,confidence_interval,pose.constant_velocity.native.position_mean_cm,10000,,,,,,,,,,,,,,,34.26021270504672,23.709157785594318,39.59595508999333,estimable,3.0,1.0
cluster_bootstrap,participant_cluster,confidence_interval,pose.constant_velocity.native.position_median_cm,10000,,,,,,,,,,,,,,,27.366241311002018,15.020617677881058,37.02739625409101,estimable,3.0,1.0
cluster_bootstrap,participant_cluster,confidence_interval,pose.constant_velocity.native.position_rmse_cm,10000,,,,,,,,,,,,,,,45.152855877774165,33.776523167504415,55.79961604994903,estimable,3.0,1.0
cluster_bootstrap,participant_cluster,confidence_interval,pose.constant_velocity.native.orientation_mean_deg,10000,,,,,,,,,,,,,,,40.700668804369606,25.650177937880652,66.8333608602656,estimable,3.0,1.0
cluster_bootstrap,participant_cluster,confidence_interval,pose.constant_velocity.native.orientation_median_deg,10000,,,,,,,,,,,,,,,28.607894202606715,10.795976328106933,62.3992207457811,estimable,3.0,1.0
cluster_bootstrap,participant_cluster,confidence_interval,pose.constant_velocity.native.coverage,10000,,,,,,,,,,,,,,,0.9804988662131519,0.9414965986394558,1.0,estimable,3.0,1.0
cluster_bootstrap,participant_cluster,confidence_interval,pose.learned_oracle_hand.fair_common.position_mean_cm,10000,,,,,,,,,,,,,,,15.617928215994459,9.928194185417778,19.57637354794666,estimable,3.0,1.0
cluster_bootstrap,participant_cluster,confidence_interval,pose.learned_oracle_hand.fair_common.position_median_cm,10000,,,,,,,,,,,,,,,13.080551474152726,5.719686300538409,18.09749092237796,estimable,3.0,1.0
cluster_bootstrap,participant_cluster,confidence_interval,pose.learned_oracle_hand.fair_common.position_rmse_cm,10000,,,,,,,,,,,,,,,19.082674998385887,14.226749761739265,22.491898074049615,estimable,3.0,1.0
cluster_bootstrap,participant_cluster,confidence_interval,pose.learned_oracle_hand.fair_common.orientation_mean_deg,10000,,,,,,,,,,,,,,,42.480741026773906,21.981329546924908,59.666452220279915,estimable,3.0,1.0
cluster_bootstrap,participant_cluster,confidence_interval,pose.learned_oracle_hand.fair_common.orientation_median_deg,10000,,,,,,,,,,,,,,,32.58272764457644,12.59242593561619,45.51142564648719,estimable,3.0,1.0
cluster_bootstrap,participant_cluster,confidence_interval,pose.learned_oracle_hand.fair_common.coverage,10000,,,,,,,,,,,,,,,0.9804988662131519,0.9414965986394558,1.0,estimable,3.0,1.0
cluster_bootstrap,participant_cluster,confidence_interval,pose.persistence.fair_common.position_mean_cm,10000,,,,,,,,,,,,,,,14.618266046833028,9.833112064304515,20.450469258997277,estimable,3.0,1.0
cluster_bootstrap,participant_cluster,confidence_interval,pose.persistence.fair_common.position_median_cm,10000,,,,,,,,,,,,,,,9.923391173767483,4.34308805601892,18.957000638395606,estimable,3.0,1.0
cluster_bootstrap,participant_cluster,confidence_interval,pose.persistence.fair_common.position_rmse_cm,10000,,,,,,,,,,,,,,,20.28507550018979,15.547223584591876,24.964843707206217,estimable,3.0,1.0
cluster_bootstrap,participant_cluster,confidence_interval,pose.persistence.fair_common.orientation_mean_deg,10000,,,,,,,,,,,,,,,40.700668804369606,25.650177937880652,66.8333608602656,estimable,3.0,1.0
cluster_bootstrap,participant_cluster,confidence_interval,pose.persistence.fair_common.orientation_median_deg,10000,,,,,,,,,,,,,,,28.607894202606715,10.795976328106933,62.3992207457811,estimable,3.0,1.0
cluster_bootstrap,participant_cluster,confidence_interval,pose.persistence.fair_common.coverage,10000,,,,,,,,,,,,,,,0.9804988662131519,0.9414965986394558,1.0,estimable,3.0,1.0
cluster_bootstrap,participant_cluster,confidence_interval,pose.constant_velocity.fair_common.position_mean_cm,10000,,,,,,,,,,,,,,,34.26021270504672,23.709157785594318,39.59595508999333,estimable,3.0,1.0
cluster_bootstrap,participant_cluster,confidence_interval,pose.constant_velocity.fair_common.position_median_cm,10000,,,,,,,,,,,,,,,27.366241311002018,15.020617677881058,37.02739625409101,estimable,3.0,1.0
cluster_bootstrap,participant_cluster,confidence_interval,pose.constant_velocity.fair_common.position_rmse_cm,10000,,,,,,,,,,,,,,,45.152855877774165,33.776523167504415,55.79961604994903,estimable,3.0,1.0
cluster_bootstrap,participant_cluster,confidence_interval,pose.constant_velocity.fair_common.orientation_mean_deg,10000,,,,,,,,,,,,,,,40.700668804369606,25.650177937880652,66.8333608602656,estimable,3.0,1.0
cluster_bootstrap,participant_cluster,confidence_interval,pose.constant_velocity.fair_common.orientation_median_deg,10000,,,,,,,,,,,,,,,28.607894202606715,10.795976328106933,62.3992207457811,estimable,3.0,1.0
cluster_bootstrap,participant_cluster,confidence_interval,pose.constant_velocity.fair_common.coverage,10000,,,,,,,,,,,,,,,0.9804988662131519,0.9414965986394558,1.0,estimable,3.0,1.0
cluster_bootstrap,participant_cluster,confidence_interval,paired_pose.learned_end_to_end_minus_constant_velocity.position_mean_difference_cm,10000,,,,,,,,,,,,,,,-17.56050110484732,-19.89915169160586,-13.780963600176534,estimable,3.0,1.0
cluster_bootstrap,participant_cluster,confidence_interval,paired_pose.learned_end_to_end_minus_constant_velocity.position_median_difference_cm,10000,,,,,,,,,,,,,,,-10.139036429819983,-12.017895614655833,-6.6649286724011985,estimable,3.0,1.0
cluster_bootstrap,participant_cluster,confidence_interval,paired_pose.learned_end_to_end_minus_constant_velocity.orientation_mean_difference_deg,10000,,,,,,,,,,,,,,,9.424198027651455,-7.166908639985692,39.1083511138958,estimable,3.0,1.0
cluster_bootstrap,participant_cluster,confidence_interval,paired_pose.learned_end_to_end_minus_constant_velocity.orientation_median_difference_deg,10000,,,,,,,,,,,,,,,8.314505007776646,-1.0381050812676127,24.304509515712112,estimable,3.0,1.0
cluster_bootstrap,participant_cluster,confidence_interval,paired_pose.learned_end_to_end_minus_constant_velocity.learned_win_fraction,10000,,,,,,,,,,,,,,,0.647981157951396,0.48364254792826217,0.7741898148148149,estimable,3.0,1.0
cluster_bootstrap,participant_cluster,confidence_interval,paired_pose.learned_end_to_end_minus_constant_velocity.coverage,10000,,,,,,,,,,,,,,,0.9231292517006803,0.7693877551020408,1.0,estimable,3.0,1.0
cluster_bootstrap,participant_cluster,confidence_interval,paired_pose.learned_end_to_end_minus_persistence.position_mean_difference_cm,10000,,,,,,,,,,,,,,,1.3298168954420149,-0.8740957110506214,4.768464276263401,estimable,3.0,1.0
cluster_bootstrap,participant_cluster,confidence_interval,paired_pose.learned_end_to_end_minus_persistence.position_median_difference_cm,10000,,,,,,,,,,,,,,,2.337119798475065,0.3521705062862878,6.13355078991236,estimable,3.0,1.0
cluster_bootstrap,participant_cluster,confidence_interval,paired_pose.learned_end_to_end_minus_persistence.orientation_mean_difference_deg,10000,,,,,,,,,,,,,,,9.384975688031018,-7.166908639985692,38.99068409503449,estimable,3.0,1.0
cluster_bootstrap,participant_cluster,confidence_interval,paired_pose.learned_end_to_end_minus_persistence.orientation_median_difference_deg,10000,,,,,,,,,,,,,,,9.01352904573377,-1.0381050812676127,26.401581629583486,estimable,3.0,1.0
cluster_bootstrap,participant_cluster,confidence_interval,paired_pose.learned_end_to_end_minus_persistence.learned_win_fraction,10000,,,,,,,,,,,,,,,0.3653486752445086,0.23300865800865803,0.49994212962962964,estimable,3.0,1.0
cluster_bootstrap,participant_cluster,confidence_interval,paired_pose.learned_end_to_end_minus_persistence.coverage,10000,,,,,,,,,,,,,,,0.927891156462585,0.7836734693877551,1.0,estimable,3.0,1.0
cluster_bootstrap,participant_cluster,confidence_interval,paired_pose.learned_oracle_hand_minus_constant_velocity.position_mean_difference_cm,10000,,,,,,,,,,,,,,,-18.642284489052262,-22.2467381753744,-13.780963600176534,estimable,3.0,1.0
cluster_bootstrap,participant_cluster,confidence_interval,paired_pose.learned_oracle_hand_minus_constant_velocity.position_median_difference_cm,10000,,,,,,,,,,,,,,,-9.933586079248647,-12.017895614655833,-6.6649286724011985,estimable,3.0,1.0
cluster_bootstrap,participant_cluster,confidence_interval,paired_pose.learned_oracle_hand_minus_constant_velocity.orientation_mean_difference_deg,10000,,,,,,,,,,,,,,,1.7800722224043024,-7.166908639985692,16.175973698154344,estimable,3.0,1.0
cluster_bootstrap,participant_cluster,confidence_interval,paired_pose.learned_oracle_hand_minus_constant_velocity.orientation_median_difference_deg,10000,,,,,,,,,,,,,,,5.8503508400235225,-1.0381050812676127,16.912047012452742,estimable,3.0,1.0
cluster_bootstrap,participant_cluster,confidence_interval,paired_pose.learned_oracle_hand_minus_constant_velocity.learned_win_fraction,10000,,,,,,,,,,,,,,,0.652299855127236,0.49659863945578225,0.7741898148148149,estimable,3.0,1.0
cluster_bootstrap,participant_cluster,confidence_interval,paired_pose.learned_oracle_hand_minus_constant_velocity.coverage,10000,,,,,,,,,,,,,,,0.9804988662131519,0.9414965986394558,1.0,estimable,3.0,1.0
cluster_bootstrap,participant_cluster,confidence_interval,paired_pose.learned_oracle_hand_minus_persistence.position_mean_difference_cm,10000,,,,,,,,,,,,,,,0.8899658050398834,-0.8740957110506214,3.4489110050570075,estimable,3.0,1.0
cluster_bootstrap,participant_cluster,confidence_interval,paired_pose.learned_oracle_hand_minus_persistence.position_median_difference_cm,10000,,,,,,,,,,,,,,,2.0890668840287825,0.3521705062862878,5.389392046573512,estimable,3.0,1.0
cluster_bootstrap,participant_cluster,confidence_interval,paired_pose.learned_oracle_hand_minus_persistence.orientation_mean_difference_deg,10000,,,,,,,,,,,,,,,1.6435571203276016,-7.166908639985692,15.766428391924242,estimable,3.0,1.0
cluster_bootstrap,participant_cluster,confidence_interval,paired_pose.learned_oracle_hand_minus_persistence.orientation_median_difference_deg,10000,,,,,,,,,,,,,,,5.78103008781583,-1.0381050812676127,16.704084755829665,estimable,3.0,1.0
cluster_bootstrap,participant_cluster,confidence_interval,paired_pose.learned_oracle_hand_minus_persistence.learned_win_fraction,10000,,,,,,,,,,,,,,,0.3674221308893928,0.23922902494331064,0.49994212962962964,estimable,3.0,1.0
cluster_bootstrap,participant_cluster,confidence_interval,paired_pose.learned_oracle_hand_minus_persistence.coverage,10000,,,,,,,,,,,,,,,0.9852607709750568,0.95578231292517,1.0,estimable,3.0,1.0
cluster_bootstrap,sequence_cluster,confidence_interval,classification.intention.accuracy,10000,,,,,,,,,,,,,,,0.9134467758236352,0.885490289415933,0.9385662503262083,estimable,23.0,1.0
cluster_bootstrap,sequence_cluster,confidence_interval,classification.intention.macro_f1,10000,,,,,,,,,,,,,,,0.8787398529091419,0.8341462089136725,0.9169338108375511,estimable,23.0,1.0
cluster_bootstrap,sequence_cluster,confidence_interval,classification.intention.macro_f1_supported,10000,,,,,,,,,,,,,,,0.8787398529091419,0.8341462089136725,0.9169338108375511,estimable,23.0,1.0
cluster_bootstrap,sequence_cluster,confidence_interval,classification.intention.coverage,10000,,,,,,,,,,,,,,,1.0,1.0,1.0,estimable,23.0,1.0
cluster_bootstrap,sequence_cluster,confidence_interval,classification.assistance.accuracy,10000,,,,,,,,,,,,,,,0.9384215745047153,0.9183957764421077,0.9566196534135762,estimable,23.0,1.0
cluster_bootstrap,sequence_cluster,confidence_interval,classification.assistance.macro_f1,10000,,,,,,,,,,,,,,,0.9275231057365778,0.9033186366227991,0.9490201850817446,estimable,23.0,1.0
cluster_bootstrap,sequence_cluster,confidence_interval,classification.assistance.macro_f1_supported,10000,,,,,,,,,,,,,,,0.9275231057365778,0.9033186366227991,0.9490201850817446,estimable,23.0,1.0
cluster_bootstrap,sequence_cluster,confidence_interval,classification.assistance.coverage,10000,,,,,,,,,,,,,,,1.0,1.0,1.0,estimable,23.0,1.0
cluster_bootstrap,sequence_cluster,confidence_interval,classification.assistance_type_given_ground_truth_assistance.accuracy,10000,,,,,,,,,,,,,,,0.920116257916108,0.8655913914885991,0.9656727416449117,estimable,23.0,1.0
cluster_bootstrap,sequence_cluster,confidence_interval,classification.assistance_type_given_ground_truth_assistance.macro_f1,10000,,,,,,,,,,,,,,,0.9151355992534783,0.8568767321800391,0.9641425960080731,estimable,23.0,1.0
cluster_bootstrap,sequence_cluster,confidence_interval,classification.assistance_type_given_ground_truth_assistance.macro_f1_supported,10000,,,,,,,,,,,,,,,0.9151355992534783,0.8568767321800391,0.9641425960080731,estimable,23.0,1.0
cluster_bootstrap,sequence_cluster,confidence_interval,classification.assistance_type_given_ground_truth_assistance.coverage,10000,,,,,,,,,,,,,,,1.0,1.0,1.0,estimable,23.0,1.0
cluster_bootstrap,sequence_cluster,confidence_interval,classification.receiving_hand_given_ground_truth_handover.accuracy,10000,,,,,,,,,,,,,,,0.841501976284585,0.7199407114624506,0.9443599878382487,estimable,23.0,1.0
cluster_bootstrap,sequence_cluster,confidence_interval,classification.receiving_hand_given_ground_truth_handover.macro_f1,10000,,,,,,,,,,,,,,,0.440144745922778,0.3854721268751589,0.48173170698485346,estimable,23.0,1.0
cluster_bootstrap,sequence_cluster,confidence_interval,classification.receiving_hand_given_ground_truth_handover.macro_f1_supported,10000,,,,,,,,,,,,,,,0.880289491845556,0.7709442537503178,0.9634634139697069,estimable,23.0,1.0
cluster_bootstrap,sequence_cluster,confidence_interval,classification.receiving_hand_given_ground_truth_handover.coverage,10000,,,,,,,,,,,,,,,1.0,1.0,1.0,estimable,23.0,1.0
cluster_bootstrap,sequence_cluster,confidence_interval,pose.learned_end_to_end.native.position_mean_cm,10000,,,,,,,,,,,,,,,17.410613820057527,14.397752102247996,20.462604255280905,estimable,22.0,1.0
cluster_bootstrap,sequence_cluster,confidence_interval,pose.learned_end_to_end.native.position_median_cm,10000,,,,,,,,,,,,,,,15.691729118495353,11.582417767559027,20.099241678768887,estimable,22.0,1.0
cluster_bootstrap,sequence_cluster,confidence_interval,pose.learned_end_to_end.native.position_rmse_cm,10000,,,,,,,,,,,,,,,20.970278309057004,17.807874851282243,24.08106192500028,estimable,22.0,1.0
cluster_bootstrap,sequence_cluster,confidence_interval,pose.learned_end_to_end.native.orientation_mean_deg,10000,,,,,,,,,,,,,,,53.75084344706245,40.80447848600336,67.98162340121569,estimable,22.0,1.0
cluster_bootstrap,sequence_cluster,confidence_interval,pose.learned_end_to_end.native.orientation_median_deg,10000,,,,,,,,,,,,,,,47.697021616549684,29.91446276565824,68.78339262741439,estimable,22.0,1.0
cluster_bootstrap,sequence_cluster,confidence_interval,pose.learned_end_to_end.native.coverage,10000,,,,,,,,,,,,,,,0.9452380952380953,0.896365182436611,0.9863636363636363,estimable,22.0,1.0
cluster_bootstrap,sequence_cluster,confidence_interval,pose.learned_oracle_hand.native.position_mean_cm,10000,,,,,,,,,,,,,,,15.905636165106854,13.244285590745655,18.570489028398995,estimable,22.0,1.0
cluster_bootstrap,sequence_cluster,confidence_interval,pose.learned_oracle_hand.native.position_median_cm,10000,,,,,,,,,,,,,,,13.344785411999844,10.198382915365972,16.510516855793796,estimable,22.0,1.0
cluster_bootstrap,sequence_cluster,confidence_interval,pose.learned_oracle_hand.native.position_rmse_cm,10000,,,,,,,,,,,,,,,19.374537469136158,16.505550230510583,22.20289986835847,estimable,22.0,1.0
cluster_bootstrap,sequence_cluster,confidence_interval,pose.learned_oracle_hand.native.orientation_mean_deg,10000,,,,,,,,,,,,,,,43.646067233806654,34.423590753630066,52.99078941931548,estimable,22.0,1.0
cluster_bootstrap,sequence_cluster,confidence_interval,pose.learned_oracle_hand.native.orientation_median_deg,10000,,,,,,,,,,,,,,,33.17942210909824,24.184698428830853,42.73269077815769,estimable,22.0,1.0
cluster_bootstrap,sequence_cluster,confidence_interval,pose.learned_oracle_hand.native.coverage,10000,,,,,,,,,,,,,,,0.9859307359307359,0.9683229813664597,1.0,estimable,22.0,1.0
cluster_bootstrap,sequence_cluster,confidence_interval,pose.persistence.native.position_mean_cm,10000,,,,,,,,,,,,,,,15.095854974434722,11.748894029562699,18.444342111023825,estimable,22.0,1.0
cluster_bootstrap,sequence_cluster,confidence_interval,pose.persistence.native.position_median_cm,10000,,,,,,,,,,,,,,,10.33596860975867,6.547956088976874,14.391219448549647,estimable,22.0,1.0
cluster_bootstrap,sequence_cluster,confidence_interval,pose.persistence.native.position_rmse_cm,10000,,,,,,,,,,,,,,,20.82690241155052,16.886638067055138,24.540370891525367,estimable,22.0,1.0
cluster_bootstrap,sequence_cluster,confidence_interval,pose.persistence.native.orientation_mean_deg,10000,,,,,,,,,,,,,,,42.40298582985693,32.07937203333018,53.355660128765656,estimable,22.0,1.0
cluster_bootstrap,sequence_cluster,confidence_interval,pose.persistence.native.orientation_median_deg,10000,,,,,,,,,,,,,,,30.186878231661595,17.953301743751425,43.908970448290944,estimable,22.0,1.0
cluster_bootstrap,sequence_cluster,confidence_interval,pose.persistence.native.coverage,10000,,,,,,,,,,,,,,,0.9859307359307359,0.9683229813664597,1.0,estimable,22.0,1.0
cluster_bootstrap,sequence_cluster,confidence_interval,pose.constant_velocity.native.position_mean_cm,10000,,,,,,,,,,,,,,,34.497272365706074,27.330365966161363,41.904191301539335,estimable,22.0,1.0
cluster_bootstrap,sequence_cluster,confidence_interval,pose.constant_velocity.native.position_median_cm,10000,,,,,,,,,,,,,,,27.80538471750606,18.964323663202673,36.91492124779919,estimable,22.0,1.0
cluster_bootstrap,sequence_cluster,confidence_interval,pose.constant_velocity.native.position_rmse_cm,10000,,,,,,,,,,,,,,,45.186018265869386,36.76024915045074,53.942124318529764,estimable,22.0,1.0
cluster_bootstrap,sequence_cluster,confidence_interval,pose.constant_velocity.native.orientation_mean_deg,10000,,,,,,,,,,,,,,,41.888518443273966,31.362541705054028,52.98423626561732,estimable,22.0,1.0
cluster_bootstrap,sequence_cluster,confidence_interval,pose.constant_velocity.native.orientation_median_deg,10000,,,,,,,,,,,,,,,30.143863590932813,17.8942568364142,43.88297713979171,estimable,22.0,1.0
cluster_bootstrap,sequence_cluster,confidence_interval,pose.constant_velocity.native.coverage,10000,,,,,,,,,,,,,,,0.9813852813852815,0.9569160997732427,1.0,estimable,22.0,1.0
cluster_bootstrap,sequence_cluster,confidence_interval,pose.learned_oracle_hand.fair_common.position_mean_cm,10000,,,,,,,,,,,,,,,15.797857549265013,13.141128316366446,18.485418766009644,estimable,22.0,1.0
cluster_bootstrap,sequence_cluster,confidence_interval,pose.learned_oracle_hand.fair_common.position_median_cm,10000,,,,,,,,,,,,,,,13.308594176344782,10.153359729266676,16.47871048456114,estimable,22.0,1.0
cluster_bootstrap,sequence_cluster,confidence_interval,pose.learned_oracle_hand.fair_common.position_rmse_cm,10000,,,,,,,,,,,,,,,19.237639683643327,16.386295009044684,22.071898740428608,estimable,22.0,1.0
cluster_bootstrap,sequence_cluster,confidence_interval,pose.learned_oracle_hand.fair_common.orientation_mean_deg,10000,,,,,,,,,,,,,,,43.261909717387816,34.056402998733105,52.62417626935551,estimable,22.0,1.0
cluster_bootstrap,sequence_cluster,confidence_interval,pose.learned_oracle_hand.fair_common.orientation_median_deg,10000,,,,,,,,,,,,,,,33.170395735572384,24.18165710940373,42.72608954280537,estimable,22.0,1.0
cluster_bootstrap,sequence_cluster,confidence_interval,pose.learned_oracle_hand.fair_common.coverage,10000,,,,,,,,,,,,,,,0.9813852813852815,0.9569160997732427,1.0,estimable,22.0,1.0
cluster_bootstrap,sequence_cluster,confidence_interval,pose.persistence.fair_common.position_mean_cm,10000,,,,,,,,,,,,,,,14.883366192840496,11.465947270075784,18.281497923393946,estimable,22.0,1.0
cluster_bootstrap,sequence_cluster,confidence_interval,pose.persistence.fair_common.position_median_cm,10000,,,,,,,,,,,,,,,10.334009785796033,6.547391830678169,14.388159210962337,estimable,22.0,1.0
cluster_bootstrap,sequence_cluster,confidence_interval,pose.persistence.fair_common.position_rmse_cm,10000,,,,,,,,,,,,,,,20.497792236872353,16.554086217919284,24.256730431180376,estimable,22.0,1.0
cluster_bootstrap,sequence_cluster,confidence_interval,pose.persistence.fair_common.orientation_mean_deg,10000,,,,,,,,,,,,,,,41.888518443273966,31.362541705054028,52.98423626561732,estimable,22.0,1.0
cluster_bootstrap,sequence_cluster,confidence_interval,pose.persistence.fair_common.orientation_median_deg,10000,,,,,,,,,,,,,,,30.143863590932813,17.8942568364142,43.88297713979171,estimable,22.0,1.0
cluster_bootstrap,sequence_cluster,confidence_interval,pose.persistence.fair_common.coverage,10000,,,,,,,,,,,,,,,0.9813852813852815,0.9569160997732427,1.0,estimable,22.0,1.0
cluster_bootstrap,sequence_cluster,confidence_interval,pose.constant_velocity.fair_common.position_mean_cm,10000,,,,,,,,,,,,,,,34.497272365706074,27.330365966161363,41.904191301539335,estimable,22.0,1.0
cluster_bootstrap,sequence_cluster,confidence_interval,pose.constant_velocity.fair_common.position_median_cm,10000,,,,,,,,,,,,,,,27.80538471750606,18.964323663202673,36.91492124779919,estimable,22.0,1.0
cluster_bootstrap,sequence_cluster,confidence_interval,pose.constant_velocity.fair_common.position_rmse_cm,10000,,,,,,,,,,,,,,,45.186018265869386,36.76024915045074,53.942124318529764,estimable,22.0,1.0
cluster_bootstrap,sequence_cluster,confidence_interval,pose.constant_velocity.fair_common.orientation_mean_deg,10000,,,,,,,,,,,,,,,41.888518443273966,31.362541705054028,52.98423626561732,estimable,22.0,1.0
cluster_bootstrap,sequence_cluster,confidence_interval,pose.constant_velocity.fair_common.orientation_median_deg,10000,,,,,,,,,,,,,,,30.143863590932813,17.8942568364142,43.88297713979171,estimable,22.0,1.0
cluster_bootstrap,sequence_cluster,confidence_interval,pose.constant_velocity.fair_common.coverage,10000,,,,,,,,,,,,,,,0.9813852813852815,0.9569160997732427,1.0,estimable,22.0,1.0
cluster_bootstrap,sequence_cluster,confidence_interval,paired_pose.learned_end_to_end_minus_constant_velocity.position_mean_difference_cm,10000,,,,,,,,,,,,,,,-17.66680340424544,-24.600422225676915,-11.705912242022164,estimable,22.0,1.0
cluster_bootstrap,sequence_cluster,confidence_interval,paired_pose.learned_end_to_end_minus_constant_velocity.position_median_difference_cm,10000,,,,,,,,,,,,,,,-10.224439120039797,-18.722902876247332,-3.745163106858635,estimable,22.0,1.0
cluster_bootstrap,sequence_cluster,confidence_interval,paired_pose.learned_end_to_end_minus_constant_velocity.orientation_mean_difference_deg,10000,,,,,,,,,,,,,,,8.670056815486127,-1.087686133154941,19.530772071525735,estimable,22.0,1.0
cluster_bootstrap,sequence_cluster,confidence_interval,paired_pose.learned_end_to_end_minus_constant_velocity.orientation_median_difference_deg,10000,,,,,,,,,,,,,,,8.012805261463408,2.230806861256597,14.621373386236893,estimable,22.0,1.0
cluster_bootstrap,sequence_cluster,confidence_interval,paired_pose.learned_end_to_end_minus_constant_velocity.learned_win_fraction,10000,,,,,,,,,,,,,,,0.6537179150815514,0.5524380955470383,0.7442757838477947,estimable,22.0,1.0
cluster_bootstrap,sequence_cluster,confidence_interval,paired_pose.learned_end_to_end_minus_constant_velocity.coverage,10000,,,,,,,,,,,,,,,0.9266233766233768,0.8650084697910784,0.9785714285714284,estimable,22.0,1.0
cluster_bootstrap,sequence_cluster,confidence_interval,paired_pose.learned_end_to_end_minus_persistence.position_mean_difference_cm,10000,,,,,,,,,,,,,,,1.2296390496923495,-0.7513261094394068,3.649882401956783,estimable,22.0,1.0
cluster_bootstrap,sequence_cluster,confidence_interval,paired_pose.learned_end_to_end_minus_persistence.position_median_difference_cm,10000,,,,,,,,,,,,,,,2.254779721236496,0.36853849110542636,4.371188794035816,estimable,22.0,1.0
cluster_bootstrap,sequence_cluster,confidence_interval,paired_pose.learned_end_to_end_minus_persistence.orientation_mean_difference_deg,10000,,,,,,,,,,,,,,,8.632617309484802,-1.0995252778212823,19.46995453259832,estimable,22.0,1.0
cluster_bootstrap,sequence_cluster,confidence_interval,paired_pose.learned_end_to_end_minus_persistence.orientation_median_difference_deg,10000,,,,,,,,,,,,,,,8.68005547951339,2.4490432998657083,15.608694471814383,estimable,22.0,1.0
cluster_bootstrap,sequence_cluster,confidence_interval,paired_pose.learned_end_to_end_minus_persistence.learned_win_fraction,10000,,,,,,,,,,,,,,,0.3714665595347414,0.2748736371653038,0.46290176551416673,estimable,22.0,1.0
cluster_bootstrap,sequence_cluster,confidence_interval,paired_pose.learned_end_to_end_minus_persistence.coverage,10000,,,,,,,,,,,,,,,0.9311688311688314,0.8716356107660456,0.980952380952381,estimable,22.0,1.0
cluster_bootstrap,sequence_cluster,confidence_interval,paired_pose.learned_oracle_hand_minus_constant_velocity.position_mean_difference_cm,10000,,,,,,,,,,,,,,,-18.699414816441063,-24.000982847874887,-13.58508990879694,estimable,22.0,1.0
cluster_bootstrap,sequence_cluster,confidence_interval,paired_pose.learned_oracle_hand_minus_constant_velocity.position_median_difference_cm,10000,,,,,,,,,,,,,,,-10.028327421767157,-15.489922950876908,-5.128776743700712,estimable,22.0,1.0
cluster_bootstrap,sequence_cluster,confidence_interval,paired_pose.learned_oracle_hand_minus_constant_velocity.orientation_mean_difference_deg,10000,,,,,,,,,,,,,,,1.3733912741138474,-4.028036212957951,7.085620128843553,estimable,22.0,1.0
cluster_bootstrap,sequence_cluster,confidence_interval,paired_pose.learned_oracle_hand_minus_constant_velocity.orientation_median_difference_deg,10000,,,,,,,,,,,,,,,5.660658101335427,1.3187118674787166,10.215129657965328,estimable,22.0,1.0
cluster_bootstrap,sequence_cluster,confidence_interval,paired_pose.learned_oracle_hand_minus_constant_velocity.learned_win_fraction,10000,,,,,,,,,,,,,,,0.6578403078403079,0.5583090349666437,0.7469164862914862,estimable,22.0,1.0
cluster_bootstrap,sequence_cluster,confidence_interval,paired_pose.learned_oracle_hand_minus_constant_velocity.coverage,10000,,,,,,,,,,,,,,,0.9813852813852815,0.9569160997732427,1.0,estimable,22.0,1.0
cluster_bootstrap,sequence_cluster,confidence_interval,paired_pose.learned_oracle_hand_minus_persistence.position_mean_difference_cm,10000,,,,,,,,,,,,,,,0.8097811906721332,-0.5101106575182596,2.288837707385823,estimable,22.0,1.0
cluster_bootstrap,sequence_cluster,confidence_interval,paired_pose.learned_oracle_hand_minus_persistence.position_median_difference_cm,10000,,,,,,,,,,,,,,,2.018001939265045,0.7641507637182602,3.3453139390764166,estimable,22.0,1.0
cluster_bootstrap,sequence_cluster,confidence_interval,paired_pose.learned_oracle_hand_minus_persistence.orientation_mean_difference_deg,10000,,,,,,,,,,,,,,,1.2430814039497238,-4.1104542419055115,6.852471661978768,estimable,22.0,1.0
cluster_bootstrap,sequence_cluster,confidence_interval,paired_pose.learned_oracle_hand_minus_persistence.orientation_median_difference_deg,10000,,,,,,,,,,,,,,,5.594488292409902,1.2873044358517567,10.11145066629742,estimable,22.0,1.0
cluster_bootstrap,sequence_cluster,confidence_interval,paired_pose.learned_oracle_hand_minus_persistence.learned_win_fraction,10000,,,,,,,,,,,,,,,0.3734457671957672,0.2794584661561887,0.4622851966873706,estimable,22.0,1.0
cluster_bootstrap,sequence_cluster,confidence_interval,paired_pose.learned_oracle_hand_minus_persistence.coverage,10000,,,,,,,,,,,,,,,0.9859307359307359,0.9683229813664597,1.0,estimable,22.0,1.0
