sample_key,participant,sequence_id,endpoint_timestamp_ns,target_intention,predicted_intention,modality_gaze_weight,modality_hands_weight,modality_objects_weight,modality_vio_weight,modality_gaze_available,modality_hands_available,modality_objects_available,modality_vio_available
test|Edu_10_20260616_150412|3106145555000,Edu,Edu_10_20260616_150412,3106145555000,continue,handover,0.4017949104309082,0.2240182906389236,0.112639345228672,0.2615474462509155,True,True,True,True
test|Edu_10_20260616_150412|3106478889000,Edu,Edu_10_20260616_150412,3106478889000,continue,continue,0.4000782966613769,0.230677917599678,0.1080861240625381,0.2611576318740845,True,True,True,True
test|Edu_10_20260616_150412|3106812222000,Edu,Edu_10_20260616_150412,3106812222000,continue,continue,0.3953718245029449,0.2395762950181961,0.1034330204129219,0.2616188824176788,True,True,True,True
test|Edu_10_20260616_150412|3107145555000,Edu,Edu_10_20260616_150412,3107145555000,continue,continue,0.3945687115192413,0.2495765089988708,0.1010413542389869,0.2548134624958038,True,True,True,True
test|Edu_10_20260616_150412|3107478889000,Edu,Edu_10_20260616_150412,3107478889000,continue,continue,0.3920209109783172,0.2569442987442016,0.1055393368005752,0.2454954534769058,True,True,True,True
test|Edu_10_20260616_150412|3107812222000,Edu,Edu_10_20260616_150412,3107812222000,continue,continue,0.3892485797405243,0.2633305788040161,0.1136860325932502,0.2337347865104675,True,True,True,True
test|Edu_10_20260616_150412|3108145555000,Edu,Edu_10_20260616_150412,3108145555000,continue,continue,0.386871725320816,0.2723755240440368,0.1202239617705345,0.2205288261175155,True,True,True,True
test|Edu_10_20260616_150412|3108478889000,Edu,Edu_10_20260616_150412,3108478889000,continue,continue,0.38079833984375,0.2828510403633117,0.1252501606941223,0.2111004889011383,True,True,True,True
test|Edu_10_20260616_150412|3108812222000,Edu,Edu_10_20260616_150412,3108812222000,continue,continue,0.3785721659660339,0.2889775037765503,0.1280441135168075,0.2044061720371246,True,True,True,True
test|Edu_10_20260616_150412|3109145555000,Edu,Edu_10_20260616_150412,3109145555000,continue,continue,0.3744097352027893,0.2907554507255554,0.1346625685691833,0.2001722604036331,True,True,True,True
test|Edu_10_20260616_150412|3109478888000,Edu,Edu_10_20260616_150412,3109478888000,continue,continue,0.3708272278308868,0.2907827198505401,0.1414765566587448,0.196913480758667,True,True,True,True
test|Edu_10_20260616_150412|3109812222000,Edu,Edu_10_20260616_150412,3109812222000,continue,continue,0.3687989711761474,0.2908758819103241,0.1435499638319015,0.1967751830816269,True,True,True,True
test|Edu_10_20260616_150412|3110145555000,Edu,Edu_10_20260616_150412,3110145555000,continue,continue,0.3719785511493683,0.2854955494403839,0.1370473951101303,0.2054785341024398,True,True,True,True
test|Edu_10_20260616_150412|3110478888000,Edu,Edu_10_20260616_150412,3110478888000,continue,continue,0.3782871067523956,0.2723489105701446,0.131797581911087,0.2175664007663726,True,True,True,True
test|Edu_10_20260616_150412|3110812222000,Edu,Edu_10_20260616_150412,3110812222000,continue,continue,0.3837220072746277,0.2594403326511383,0.1298514306545257,0.2269862443208694,True,True,True,True
test|Edu_10_20260616_150412|3111145555000,Edu,Edu_10_20260616_150412,3111145555000,continue,continue,0.3889017701148987,0.2496647387742996,0.1225857064127922,0.2388478219509124,True,True,True,True
test|Edu_10_20260616_150412|3111478888000,Edu,Edu_10_20260616_150412,3111478888000,continue,continue,0.4046348333358764,0.2357422560453415,0.111222818493843,0.2484001219272613,True,True,True,True
test|Edu_10_20260616_150412|3111812222000,Edu,Edu_10_20260616_150412,3111812222000,continue,handover,0.4148505330085754,0.2250073105096817,0.1061945334076881,0.2539476156234741,True,True,True,True
test|Edu_10_20260616_150412|3112145555000,Edu,Edu_10_20260616_150412,3112145555000,continue,handover,0.4187558591365814,0.2199638783931732,0.108322873711586,0.2529573738574981,True,True,True,True
test|Edu_10_20260616_150412|3112478888000,Edu,Edu_10_20260616_150412,3112478888000,continue,handover,0.4143475592136383,0.2291117906570434,0.110919713973999,0.2456209659576416,True,True,True,True
test|Edu_10_20260616_150412|3112812221000,Edu,Edu_10_20260616_150412,3112812221000,continue,continue,0.4044924676418304,0.242561861872673,0.1094641163945198,0.2434815764427185,True,True,True,True
test|Edu_10_20260616_150412|3113145555000,Edu,Edu_10_20260616_150412,3113145555000,continue,continue,0.3993540406227112,0.2497453242540359,0.1129523515701294,0.2379483133554458,True,True,True,True
test|Edu_10_20260616_150412|3113478888000,Edu,Edu_10_20260616_150412,3113478888000,continue,continue,0.3930920660495758,0.260560542345047,0.1119752153754234,0.2343722283840179,True,True,True,True
test|Edu_10_20260616_150412|3113812221000,Edu,Edu_10_20260616_150412,3113812221000,continue,continue,0.3887119591236114,0.2725206315517425,0.1117419600486755,0.2270253896713256,True,True,True,True
test|Edu_10_20260616_150412|3114145555000,Edu,Edu_10_20260616_150412,3114145555000,continue,continue,0.381018191576004,0.2865281105041504,0.111878752708435,0.2205749005079269,True,True,True,True
test|Edu_10_20260616_150412|3114478888000,Edu,Edu_10_20260616_150412,3114478888000,continue,continue,0.3781567513942718,0.2921768724918365,0.1133228093385696,0.2163435965776443,True,True,True,True
test|Edu_10_20260616_150412|3114812221000,Edu,Edu_10_20260616_150412,3114812221000,continue,continue,0.3798899948596954,0.292825698852539,0.1145627796649932,0.212721586227417,True,True,True,True
test|Edu_10_20260616_150412|3115145555000,Edu,Edu_10_20260616_150412,3115145555000,continue,continue,0.3800432085990906,0.296798825263977,0.1136657297611236,0.2094922065734863,True,True,True,True
test|Edu_10_20260616_150412|3115478888000,Edu,Edu_10_20260616_150412,3115478888000,continue,continue,0.3822987079620361,0.2938910126686096,0.1142930760979652,0.209517240524292,True,True,True,True
test|Edu_10_20260616_150412|3115812221000,Edu,Edu_10_20260616_150412,3115812221000,continue,continue,0.3859404325485229,0.2870829999446869,0.1126921623945236,0.2142844498157501,True,True,True,True
test|Edu_10_20260616_150412|3116145554000,Edu,Edu_10_20260616_150412,3116145554000,continue,continue,0.380113810300827,0.2911879122257232,0.1103798747062683,0.218318372964859,True,True,True,True
test|Edu_10_20260616_150412|3116478888000,Edu,Edu_10_20260616_150412,3116478888000,continue,continue,0.3701359629631042,0.2995156049728393,0.1065358892083168,0.223812535405159,True,True,True,True
test|Edu_10_20260616_150412|3116812221000,Edu,Edu_10_20260616_150412,3116812221000,continue,continue,0.3613233864307403,0.3042427003383636,0.1072251200675964,0.2272087037563324,True,True,True,True
test|Edu_10_20260616_150412|3117145554000,Edu,Edu_10_20260616_150412,3117145554000,continue,continue,0.3508201539516449,0.3107052743434906,0.109995037317276,0.2284795343875885,True,True,True,True
test|Edu_10_20260616_150412|3117478888000,Edu,Edu_10_20260616_150412,3117478888000,continue,continue,0.3418092727661133,0.318897008895874,0.1137695088982582,0.2255242317914962,True,True,True,True
test|Edu_10_20260616_150412|3117812221000,Edu,Edu_10_20260616_150412,3117812221000,continue,continue,0.3374960422515869,0.3266198337078094,0.1170706748962402,0.2188134491443634,True,True,True,True
test|Edu_10_20260616_150412|3118145554000,Edu,Edu_10_20260616_150412,3118145554000,continue,continue,0.3407980501651764,0.3212667107582092,0.1206053346395492,0.2173298746347427,True,True,True,True
test|Edu_10_20260616_150412|3118478888000,Edu,Edu_10_20260616_150412,3118478888000,continue,continue,0.3483500182628631,0.3103514611721039,0.1251967698335647,0.2161017209291458,True,True,True,True
test|Edu_10_20260616_150412|3118812221000,Edu,Edu_10_20260616_150412,3118812221000,continue,continue,0.3543038964271545,0.3052235543727875,0.1262769252061844,0.2141956686973571,True,True,True,True
test|Edu_10_20260616_150412|3119145554000,Edu,Edu_10_20260616_150412,3119145554000,continue,continue,0.3602136671543121,0.3017434477806091,0.1249383762478828,0.2131045460700988,True,True,True,True
test|Edu_10_20260616_150412|3119478887000,Edu,Edu_10_20260616_150412,3119478887000,continue,continue,0.3634282648563385,0.298103779554367,0.1213998198509216,0.2170681804418563,True,True,True,True
test|Edu_10_20260616_150412|3119812221000,Edu,Edu_10_20260616_150412,3119812221000,continue,continue,0.3616614937782287,0.2936610281467438,0.1183219403028488,0.2263555079698562,True,True,True,True
test|Edu_10_20260616_150412|3120145554000,Edu,Edu_10_20260616_150412,3120145554000,continue,continue,0.3631518185138702,0.2880609035491943,0.1178095787763595,0.2309777587652206,True,True,True,True
test|Edu_10_20260616_150412|3120478887000,Edu,Edu_10_20260616_150412,3120478887000,continue,continue,0.3657068014144897,0.2837948203086853,0.1162691116333007,0.2342292517423629,True,True,True,True
test|Edu_10_20260616_150412|3120812221000,Edu,Edu_10_20260616_150412,3120812221000,continue,continue,0.3652960658073425,0.2823812365531921,0.1141289323568344,0.2381938248872757,True,True,True,True
test|Edu_10_20260616_150412|3121145554000,Edu,Edu_10_20260616_150412,3121145554000,continue,fetch,0.3647695183753967,0.2827650308609009,0.1131762042641639,0.2392892837524414,True,True,True,True
test|Edu_10_20260616_150412|3121478887000,Edu,Edu_10_20260616_150412,3121478887000,continue,fetch,0.3643874228000641,0.2843509912490845,0.1124663725495338,0.2387952208518982,True,True,True,True
test|Edu_10_20260616_150412|3121812220000,Edu,Edu_10_20260616_150412,3121812220000,continue,fetch,0.3731825053691864,0.2802044749259949,0.1125272884964943,0.2340857684612274,True,True,True,True
test|Edu_10_20260616_150412|3122145554000,Edu,Edu_10_20260616_150412,3122145554000,continue,fetch,0.385802686214447,0.2679015100002289,0.1110116094350814,0.2352842390537262,True,True,True,True
test|Edu_10_20260616_150412|3122478887000,Edu,Edu_10_20260616_150412,3122478887000,continue,fetch,0.3956141471862793,0.2513433396816253,0.110219806432724,0.2428226768970489,True,True,True,True
test|Edu_10_20260616_150412|3122812220000,Edu,Edu_10_20260616_150412,3122812220000,continue,fetch,0.4097951352596283,0.2351101040840149,0.1109382286667823,0.244156539440155,True,True,True,True
test|Edu_10_20260616_150412|3123145554000,Edu,Edu_10_20260616_150412,3123145554000,fetch,fetch,0.4196763336658478,0.2228106707334518,0.1119302809238433,0.2455827295780182,True,True,True,True
test|Edu_10_20260616_150412|3123478887000,Edu,Edu_10_20260616_150412,3123478887000,fetch,fetch,0.4255193173885345,0.2133898288011551,0.1133949533104896,0.2476959079504013,True,True,True,True
test|Edu_10_20260616_150412|3123812220000,Edu,Edu_10_20260616_150412,3123812220000,fetch,fetch,0.4299469590187073,0.2111620008945465,0.1122986897826194,0.2465924024581909,True,True,True,True
test|Edu_10_20260616_150412|3124145554000,Edu,Edu_10_20260616_150412,3124145554000,fetch,fetch,0.4241586327552795,0.2286152988672256,0.1086278334259986,0.2385982573032379,True,True,True,True
test|Edu_10_20260616_150412|3124478887000,Edu,Edu_10_20260616_150412,3124478887000,fetch,fetch,0.4204727411270141,0.2448779493570327,0.1055036559700965,0.2291457056999206,True,True,True,True
test|Edu_10_20260616_150412|3124812220000,Edu,Edu_10_20260616_150412,3124812220000,fetch,fetch,0.4117072224617004,0.2586253583431244,0.106031909584999,0.2236355245113372,True,True,True,True
test|Edu_10_20260616_150412|3125145554000,Edu,Edu_10_20260616_150412,3125145554000,fetch,fetch,0.4028863608837127,0.2720006704330444,0.1069557443261146,0.2181572616100311,True,True,True,True
test|Edu_10_20260616_150412|3125478887000,Edu,Edu_10_20260616_150412,3125478887000,fetch,fetch,0.3945835828781128,0.2857465744018554,0.107300579547882,0.2123692780733108,True,True,True,True
test|Edu_10_20260616_150412|3125812220000,Edu,Edu_10_20260616_150412,3125812220000,fetch,fetch,0.3895735740661621,0.2947267293930053,0.1085724085569381,0.2071273028850555,True,True,True,True
test|Edu_10_20260616_150412|3126145553000,Edu,Edu_10_20260616_150412,3126145553000,fetch,fetch,0.3904076814651489,0.2947758436203003,0.1109316498041153,0.2038848251104354,True,True,True,True
test|Edu_10_20260616_150412|3126478887000,Edu,Edu_10_20260616_150412,3126478887000,fetch,fetch,0.3927440345287323,0.2934935688972473,0.1137577295303344,0.2000047117471695,True,True,True,True
test|Edu_10_20260616_150412|3126812220000,Edu,Edu_10_20260616_150412,3126812220000,fetch,fetch,0.3896295726299286,0.2924168109893799,0.1180600747466087,0.1998934894800186,True,True,True,True
test|Edu_10_20260616_150412|3127145553000,Edu,Edu_10_20260616_150412,3127145553000,fetch,fetch,0.3928245604038238,0.2926238179206848,0.1149910762906074,0.1995606124401092,True,True,True,True
test|Edu_10_20260616_150412|3127478887000,Edu,Edu_10_20260616_150412,3127478887000,fetch,fetch,0.3990981876850128,0.2807155251502991,0.114940732717514,0.2052455991506576,True,True,True,True
test|Edu_10_20260616_150412|3127812220000,Edu,Edu_10_20260616_150412,3127812220000,fetch,fetch,0.3976794779300689,0.2683305144309997,0.1139497011899948,0.2200402617454528,True,True,True,True
test|Edu_10_20260616_150412|3128145553000,Edu,Edu_10_20260616_150412,3128145553000,fetch,fetch,0.3931563794612884,0.259547472000122,0.1139501556754112,0.2333459854125976,True,True,True,True
test|Edu_10_20260616_150412|3128478886000,Edu,Edu_10_20260616_150412,3128478886000,fetch,fetch,0.4006461501121521,0.2451835721731186,0.113896943628788,0.2402733266353607,True,True,True,True
test|Edu_10_20260616_150412|3130812220000,Edu,Edu_10_20260616_150412,3130812220000,handover,handover,0.4388943016529083,0.2081181854009628,0.1082247942686081,0.2447626292705536,True,True,True,True
test|Edu_10_20260616_150412|3131145553000,Edu,Edu_10_20260616_150412,3131145553000,handover,handover,0.4256830513477325,0.2139756381511688,0.1084094867110252,0.2519318163394928,True,True,True,True
test|Edu_10_20260616_150412|3131478886000,Edu,Edu_10_20260616_150412,3131478886000,handover,handover,0.410414457321167,0.2270026057958603,0.107684276998043,0.2548986077308655,True,True,True,True
test|Edu_10_20260616_150412|3131812220000,Edu,Edu_10_20260616_150412,3131812220000,handover,handover,0.3900541663169861,0.2548911571502685,0.1044191569089889,0.2506355345249176,True,True,True,True
test|Edu_10_20260616_150412|3132145553000,Edu,Edu_10_20260616_150412,3132145553000,handover,handover,0.3703137636184692,0.285906583070755,0.1007129624485969,0.2430666536092758,True,True,True,True
test|Edu_10_20260616_150412|3132478886000,Edu,Edu_10_20260616_150412,3132478886000,handover,handover,0.3580529689788818,0.3156212866306305,0.0976222977042198,0.2287033945322036,True,True,True,True
test|Edu_10_20260616_150412|3132812219000,Edu,Edu_10_20260616_150412,3132812219000,handover,handover,0.3476689457893371,0.3358891308307647,0.0948480144143104,0.2215938866138458,True,True,True,True
test|Edu_10_20260616_150412|3133145553000,Edu,Edu_10_20260616_150412,3133145553000,handover,handover,0.3396139740943908,0.3503155410289764,0.0930424779653549,0.2170280069112777,True,True,True,True
test|Edu_10_20260616_150412|3133478886000,Edu,Edu_10_20260616_150412,3133478886000,handover,handover,0.3327435255050659,0.3585516214370727,0.0919723138213157,0.2167324870824813,True,True,True,True
test|Edu_10_20260616_150412|3133812219000,Edu,Edu_10_20260616_150412,3133812219000,handover,handover,0.3274327516555786,0.365965187549591,0.0913729965686798,0.2152290642261505,True,True,True,True
test|Edu_10_20260616_150412|3134145553000,Edu,Edu_10_20260616_150412,3134145553000,handover,handover,0.3348276317119598,0.3605774044990539,0.0917973443865776,0.2127976715564727,True,True,True,True
test|Edu_10_20260616_150412|3134478886000,Edu,Edu_10_20260616_150412,3134478886000,handover,handover,0.3427233099937439,0.3468311131000519,0.0919243320822715,0.2185212522745132,True,True,True,True
test|Edu_10_20260616_150412|3134812219000,Edu,Edu_10_20260616_150412,3134812219000,handover,handover,0.3515356481075287,0.3331347405910492,0.0913977324962616,0.2239318639039993,True,True,True,True
test|Edu_10_20260616_150412|3135145552000,Edu,Edu_10_20260616_150412,3135145552000,handover,handover,0.3594276905059814,0.3170881271362304,0.0912791788578033,0.2322050184011459,True,True,True,True
test|Edu_10_20260616_150412|3135478886000,Edu,Edu_10_20260616_150412,3135478886000,handover,handover,0.3661200404167175,0.2935777306556701,0.0925076454877853,0.2477945387363433,True,True,True,True
test|Edu_10_20260616_150412|3135812219000,Edu,Edu_10_20260616_150412,3135812219000,handover,handover,0.3781416416168213,0.2689569294452667,0.0959577113389968,0.2569437325000763,True,True,True,True
test|Edu_10_20260616_150412|3136145552000,Edu,Edu_10_20260616_150412,3136145552000,handover,handover,0.4014645516872406,0.2400423437356948,0.0988446772098541,0.2596485018730163,True,True,True,True
test|Edu_10_20260616_150412|3136478886000,Edu,Edu_10_20260616_150412,3136478886000,handover,handover,0.4221907258033752,0.2250505238771438,0.0991490483283996,0.2536097168922424,True,True,True,True
test|Edu_10_20260616_150412|3136812219000,Edu,Edu_10_20260616_150412,3136812219000,handover,handover,0.4319204688072204,0.2249293476343155,0.0990761965513229,0.2440739870071411,True,True,True,True
test|Edu_2_20260604_170420|7522078910000,Edu,Edu_2_20260604_170420,7522078910000,continue,continue,0.3665510714054107,0.2278564721345901,0.175476461648941,0.2301159650087356,True,True,True,True
test|Edu_2_20260604_170420|7522412243000,Edu,Edu_2_20260604_170420,7522412243000,continue,continue,0.3691191673278808,0.2270689308643341,0.1816944330930709,0.2221174240112304,True,True,True,True
test|Edu_2_20260604_170420|7522745577000,Edu,Edu_2_20260604_170420,7522745577000,continue,continue,0.3712978959083557,0.2238770872354507,0.1858517378568649,0.2189732193946838,True,True,True,True
test|Edu_2_20260604_170420|7523078910000,Edu,Edu_2_20260604_170420,7523078910000,continue,continue,0.3752758800983429,0.2267766743898391,0.1827402561903,0.2152071297168731,True,True,True,True
test|Edu_2_20260604_170420|7523412243000,Edu,Edu_2_20260604_170420,7523412243000,continue,continue,0.3743230700492859,0.2340650707483291,0.1812953352928161,0.2103165090084076,True,True,True,True
test|Edu_2_20260604_170420|7523745576000,Edu,Edu_2_20260604_170420,7523745576000,continue,continue,0.3661595582962036,0.24759341776371,0.1799568682909011,0.2062901854515075,True,True,True,True
test|Edu_2_20260604_170420|7524078910000,Edu,Edu_2_20260604_170420,7524078910000,continue,continue,0.3586729764938354,0.2495729476213455,0.1768910884857177,0.214863047003746,True,True,True,True
test|Edu_2_20260604_170420|7524412243000,Edu,Edu_2_20260604_170420,7524412243000,continue,continue,0.3483961820602417,0.2480480968952179,0.1735770404338836,0.2299787402153015,True,True,True,True
test|Edu_2_20260604_170420|7524745576000,Edu,Edu_2_20260604_170420,7524745576000,continue,continue,0.3376654386520386,0.2523007988929748,0.1745541393756866,0.2354796230792999,True,True,True,True
test|Edu_2_20260604_170420|7525078910000,Edu,Edu_2_20260604_170420,7525078910000,continue,continue,0.3257128596305847,0.258773922920227,0.1807966232299804,0.234716534614563,True,True,True,True
test|Edu_2_20260604_170420|7525412243000,Edu,Edu_2_20260604_170420,7525412243000,continue,continue,0.3167918026447296,0.2650330662727356,0.1805459111928939,0.2376292049884796,True,True,True,True
test|Edu_2_20260604_170420|7525745576000,Edu,Edu_2_20260604_170420,7525745576000,continue,continue,0.3194569051265716,0.2653986513614654,0.174518808722496,0.2406256347894668,True,True,True,True
test|Edu_2_20260604_170420|7526078909000,Edu,Edu_2_20260604_170420,7526078909000,continue,continue,0.323459655046463,0.2723541855812073,0.171501412987709,0.2326847612857818,True,True,True,True
test|Edu_2_20260604_170420|7526412243000,Edu,Edu_2_20260604_170420,7526412243000,continue,continue,0.3316404223442077,0.2792025506496429,0.1678360253572464,0.2213209867477417,True,True,True,True
test|Edu_2_20260604_170420|7526745576000,Edu,Edu_2_20260604_170420,7526745576000,continue,continue,0.3428042829036712,0.2818601131439209,0.1616009473800659,0.2137346416711807,True,True,True,True
test|Edu_2_20260604_170420|7527078909000,Edu,Edu_2_20260604_170420,7527078909000,continue,continue,0.3515945971012115,0.2798678278923034,0.1572191417217254,0.2113184481859207,True,True,True,True
test|Edu_2_20260604_170420|7527412243000,Edu,Edu_2_20260604_170420,7527412243000,continue,continue,0.3485178351402282,0.2812797725200653,0.1559794694185257,0.2142229080200195,True,True,True,True
test|Edu_2_20260604_170420|7527745576000,Edu,Edu_2_20260604_170420,7527745576000,continue,continue,0.3428611755371094,0.2800822257995605,0.1588867008686065,0.2181698828935623,True,True,True,True
test|Edu_2_20260604_170420|7528078909000,Edu,Edu_2_20260604_170420,7528078909000,continue,continue,0.3469284772872925,0.273089200258255,0.1640799194574356,0.2159024178981781,True,True,True,True
test|Edu_2_20260604_170420|7528412243000,Edu,Edu_2_20260604_170420,7528412243000,continue,continue,0.3538782298564911,0.2635103166103363,0.1665596961975097,0.2160517573356628,True,True,True,True
test|Edu_2_20260604_170420|7528745576000,Edu,Edu_2_20260604_170420,7528745576000,continue,continue,0.3581372797489166,0.2567949295043945,0.1680683493614196,0.2169993817806244,True,True,True,True
test|Edu_2_20260604_170420|7529078909000,Edu,Edu_2_20260604_170420,7529078909000,continue,continue,0.3622262477874756,0.2512693107128143,0.1681147813796997,0.2183896750211715,True,True,True,True
test|Edu_2_20260604_170420|7529412243000,Edu,Edu_2_20260604_170420,7529412243000,continue,continue,0.3738256096839905,0.2496034950017929,0.1634111851453781,0.2131597399711609,True,True,True,True
test|Edu_2_20260604_170420|7529745576000,Edu,Edu_2_20260604_170420,7529745576000,continue,continue,0.3779439926147461,0.2511119544506073,0.1668352037668228,0.2041088342666626,True,True,True,True
test|Edu_2_20260604_170420|7530078909000,Edu,Edu_2_20260604_170420,7530078909000,continue,continue,0.3761579096317291,0.2618138194084167,0.1647960096597671,0.1972322314977646,True,True,True,True
test|Edu_2_20260604_170420|7530412242000,Edu,Edu_2_20260604_170420,7530412242000,continue,continue,0.3707624077796936,0.2770481407642364,0.1602526605129242,0.1919368207454681,True,True,True,True
test|Edu_2_20260604_170420|7530745576000,Edu,Edu_2_20260604_170420,7530745576000,continue,continue,0.368509441614151,0.2918713986873626,0.1500383913516998,0.1895807832479477,True,True,True,True
test|Edu_2_20260604_170420|7531078909000,Edu,Edu_2_20260604_170420,7531078909000,continue,continue,0.3668341040611267,0.3068975806236267,0.1414023339748382,0.1848659813404083,True,True,True,True
test|Edu_2_20260604_170420|7531412242000,Edu,Edu_2_20260604_170420,7531412242000,continue,continue,0.3635130524635315,0.3166438937187195,0.1362944394350052,0.183548629283905,True,True,True,True
test|Edu_2_20260604_170420|7531745576000,Edu,Edu_2_20260604_170420,7531745576000,continue,continue,0.3652291893959045,0.3232399523258209,0.123563602566719,0.1879672557115554,True,True,True,True
test|Edu_2_20260604_170420|7532078909000,Edu,Edu_2_20260604_170420,7532078909000,continue,continue,0.372320294380188,0.3196110725402832,0.1133349537849426,0.1947336792945861,True,True,True,True
test|Edu_2_20260604_170420|7532412242000,Edu,Edu_2_20260604_170420,7532412242000,continue,continue,0.377217561006546,0.3085606098175049,0.1147515401244163,0.1994703114032745,True,True,True,True
test|Edu_2_20260604_170420|7532745575000,Edu,Edu_2_20260604_170420,7532745575000,continue,continue,0.3775001168251037,0.294186532497406,0.1254128217697143,0.2029004842042923,True,True,True,True
test|Edu_2_20260604_170420|7533078909000,Edu,Edu_2_20260604_170420,7533078909000,continue,continue,0.3679747581481933,0.2853896617889404,0.13738714158535,0.2092484533786773,True,True,True,True
test|Edu_2_20260604_170420|7533412242000,Edu,Edu_2_20260604_170420,7533412242000,continue,continue,0.3495233952999115,0.2767017185688019,0.1501736044883728,0.223601296544075,True,True,True,True
test|Edu_2_20260604_170420|7533745575000,Edu,Edu_2_20260604_170420,7533745575000,continue,continue,0.3273427784442901,0.2680960595607757,0.1630246788263321,0.241536408662796,True,True,True,True
test|Edu_2_20260604_170420|7534078909000,Edu,Edu_2_20260604_170420,7534078909000,continue,continue,0.2974213063716888,0.267436683177948,0.1749083846807479,0.260233610868454,True,True,True,True
test|Edu_2_20260604_170420|7534412242000,Edu,Edu_2_20260604_170420,7534412242000,continue,continue,0.2680875062942505,0.2718018293380737,0.1903782486915588,0.2697323858737945,True,True,True,True
test|Edu_2_20260604_170420|7534745575000,Edu,Edu_2_20260604_170420,7534745575000,continue,continue,0.2465047240257263,0.2627153694629669,0.2167830765247345,0.2739968001842499,True,True,True,True
test|Edu_2_20260604_170420|7535078909000,Edu,Edu_2_20260604_170420,7535078909000,continue,continue,0.246788665652275,0.251131147146225,0.2401867657899856,0.261893481016159,True,True,True,True
test|Edu_2_20260604_170420|7535412242000,Edu,Edu_2_20260604_170420,7535412242000,continue,continue,0.248786985874176,0.2473801225423813,0.2626297175884247,0.2412031441926956,True,True,True,True
test|Edu_2_20260604_170420|7535745575000,Edu,Edu_2_20260604_170420,7535745575000,continue,continue,0.256909966468811,0.2445906102657318,0.2689917087554931,0.2295076996088028,True,True,True,True
test|Edu_2_20260604_170420|7536078908000,Edu,Edu_2_20260604_170420,7536078908000,continue,continue,0.2741333842277527,0.2399278432130813,0.261311411857605,0.2246273756027221,True,True,True,True
test|Edu_2_20260604_170420|7536412242000,Edu,Edu_2_20260604_170420,7536412242000,continue,continue,0.2962929606437683,0.2357205152511596,0.2479151636362075,0.2200713157653808,True,True,True,True
test|Edu_2_20260604_170420|7536745575000,Edu,Edu_2_20260604_170420,7536745575000,continue,continue,0.3176056146621704,0.2390337586402893,0.222568929195404,0.2207916975021362,True,True,True,True
test|Edu_2_20260604_170420|7537078908000,Edu,Edu_2_20260604_170420,7537078908000,continue,continue,0.3374562263488769,0.2311877608299255,0.1988319158554077,0.232524111866951,True,True,True,True
test|Edu_2_20260604_170420|7537412242000,Edu,Edu_2_20260604_170420,7537412242000,fetch,continue,0.3644278943538666,0.2166368663311004,0.1756785809993744,0.2432566881179809,True,True,True,True
test|Edu_2_20260604_170420|7537745575000,Edu,Edu_2_20260604_170420,7537745575000,fetch,fetch,0.3890933394432068,0.2068770080804824,0.1641945540904998,0.2398351579904556,True,True,True,True
test|Edu_2_20260604_170420|7538078908000,Edu,Edu_2_20260604_170420,7538078908000,fetch,fetch,0.4013214409351349,0.2034601122140884,0.158222809433937,0.2369956523180008,True,True,True,True
test|Edu_2_20260604_170420|7538412242000,Edu,Edu_2_20260604_170420,7538412242000,fetch,fetch,0.408221960067749,0.2035440504550933,0.1499960720539093,0.2382379174232483,True,True,True,True
test|Edu_2_20260604_170420|7538745575000,Edu,Edu_2_20260604_170420,7538745575000,fetch,fetch,0.4118349552154541,0.2124406546354293,0.1443333178758621,0.2313910573720932,True,True,True,True
test|Edu_2_20260604_170420|7539078908000,Edu,Edu_2_20260604_170420,7539078908000,fetch,fetch,0.4132562577724457,0.2255632877349853,0.1380456387996673,0.2231348156929016,True,True,True,True
test|Edu_2_20260604_170420|7539412241000,Edu,Edu_2_20260604_170420,7539412241000,fetch,fetch,0.4123105406761169,0.2382905334234237,0.1321102380752563,0.2172886133193969,True,True,True,True
test|Edu_2_20260604_170420|7539745575000,Edu,Edu_2_20260604_170420,7539745575000,fetch,fetch,0.4114795327186584,0.2427146732807159,0.1270407736301422,0.2187649607658386,True,True,True,True
test|Edu_2_20260604_170420|7541412241000,Edu,Edu_2_20260604_170420,7541412241000,handover,handover,0.4280759990215301,0.1975248903036117,0.1543638408184051,0.2200352400541305,True,True,True,True
test|Edu_2_20260604_170420|7541745575000,Edu,Edu_2_20260604_170420,7541745575000,handover,handover,0.4301711320877075,0.2017958909273147,0.1526990085840225,0.2153339982032776,True,True,True,True
test|Edu_2_20260604_170420|7542078908000,Edu,Edu_2_20260604_170420,7542078908000,handover,handover,0.4191021621227264,0.2277114540338516,0.1430179923772812,0.2101683765649795,True,True,True,True
test|Edu_2_20260604_170420|7542412241000,Edu,Edu_2_20260604_170420,7542412241000,handover,handover,0.4089211523532867,0.2533668875694275,0.1316709965467453,0.2060409486293792,True,True,True,True
test|Edu_2_20260604_170420|7542745574000,Edu,Edu_2_20260604_170420,7542745574000,handover,handover,0.395410418510437,0.2775863111019134,0.1259624511003494,0.201040893793106,True,True,True,True
test|Edu_2_20260604_170420|7543078908000,Edu,Edu_2_20260604_170420,7543078908000,handover,handover,0.3870235383510589,0.2950559854507446,0.1216034516692161,0.1963170021772384,True,True,True,True
test|Edu_2_20260604_170420|7543412241000,Edu,Edu_2_20260604_170420,7543412241000,handover,handover,0.3836647868156433,0.2997095882892608,0.1175400018692016,0.1990856826305389,True,True,True,True
test|Edu_2_20260604_170420|7543745574000,Edu,Edu_2_20260604_170420,7543745574000,handover,handover,0.3754278123378753,0.2993141412734985,0.121787279844284,0.2034707516431808,True,True,True,True
test|Edu_3_20260604_170622|7645478909000,Edu,Edu_3_20260604_170622,7645478909000,continue,continue,0.4456080794334411,0.2722732722759247,0.0,0.2821186184883117,True,True,False,True
test|Edu_3_20260604_170622|7645812242000,Edu,Edu_3_20260604_170622,7645812242000,continue,continue,0.4608400464057922,0.2705352902412414,0.0,0.2686247229576111,True,True,False,True
test|Edu_3_20260604_170622|7646145575000,Edu,Edu_3_20260604_170622,7646145575000,continue,continue,0.4634241759777069,0.2706026434898376,0.0,0.265973150730133,True,True,False,True
test|Edu_3_20260604_170622|7646478909000,Edu,Edu_3_20260604_170622,7646478909000,continue,continue,0.4630689620971679,0.2730279266834259,0.0,0.2639030814170837,True,True,False,True
test|Edu_3_20260604_170622|7646812242000,Edu,Edu_3_20260604_170622,7646812242000,continue,continue,0.4587684273719787,0.2789555788040161,0.0,0.2622759342193603,True,True,False,True
test|Edu_3_20260604_170622|7647145575000,Edu,Edu_3_20260604_170622,7647145575000,continue,continue,0.453962117433548,0.2878634631633758,0.0,0.2581744194030761,True,True,False,True
test|Edu_3_20260604_170622|7647478908000,Edu,Edu_3_20260604_170622,7647478908000,continue,continue,0.4475170075893402,0.2894192337989807,0.0,0.2630637586116791,True,True,False,True
test|Edu_3_20260604_170622|7647812242000,Edu,Edu_3_20260604_170622,7647812242000,continue,continue,0.4442625343799591,0.2843440473079681,0.0,0.2713934183120727,True,True,False,True
test|Edu_3_20260604_170622|7648145575000,Edu,Edu_3_20260604_170622,7648145575000,continue,continue,0.4487410485744476,0.281982809305191,0.0,0.2692761719226837,True,True,False,True
test|Edu_3_20260604_170622|7648478908000,Edu,Edu_3_20260604_170622,7648478908000,continue,continue,0.4469176232814789,0.2856060266494751,0.0,0.267476350069046,True,True,False,True
test|Edu_3_20260604_170622|7648812242000,Edu,Edu_3_20260604_170622,7648812242000,continue,continue,0.4510920941829681,0.286988765001297,0.0,0.2619192004203796,True,True,False,True
test|Edu_3_20260604_170622|7649145575000,Edu,Edu_3_20260604_170622,7649145575000,continue,continue,0.4552359879016876,0.2816445529460907,0.0,0.2631195485591888,True,True,False,True
test|Edu_3_20260604_170622|7649478908000,Edu,Edu_3_20260604_170622,7649478908000,continue,continue,0.4598613083362579,0.280297040939331,0.0,0.259841650724411,True,True,False,True
test|Edu_3_20260604_170622|7649812242000,Edu,Edu_3_20260604_170622,7649812242000,continue,continue,0.4627327024936676,0.2785118818283081,0.0,0.2587553858757019,True,True,False,True
test|Edu_3_20260604_170622|7650145575000,Edu,Edu_3_20260604_170622,7650145575000,continue,continue,0.4599582850933075,0.2926431596279144,0.0,0.2473985850811004,True,True,False,True
test|Edu_3_20260604_170622|7650478908000,Edu,Edu_3_20260604_170622,7650478908000,continue,continue,0.4561987519264221,0.3072566986083984,0.0,0.236544519662857,True,True,False,True
test|Edu_3_20260604_170622|7650812241000,Edu,Edu_3_20260604_170622,7650812241000,continue,continue,0.4388393461704254,0.3252500593662262,0.0,0.2359106093645095,True,True,False,True
test|Edu_3_20260604_170622|7651145575000,Edu,Edu_3_20260604_170622,7651145575000,continue,continue,0.424113929271698,0.3425332009792328,0.0,0.2333528697490692,True,True,False,True
test|Edu_3_20260604_170622|7651478908000,Edu,Edu_3_20260604_170622,7651478908000,continue,continue,0.4180858731269836,0.3519103229045868,0.0,0.2300038486719131,True,True,False,True
test|Edu_3_20260604_170622|7651812241000,Edu,Edu_3_20260604_170622,7651812241000,continue,continue,0.4152345359325409,0.3666276037693023,0.0,0.2181378602981567,True,True,False,True
test|Edu_3_20260604_170622|7652145575000,Edu,Edu_3_20260604_170622,7652145575000,continue,continue,0.4185102581977844,0.3658201694488525,0.0,0.215669497847557,True,True,False,True
test|Edu_3_20260604_170622|7652478908000,Edu,Edu_3_20260604_170622,7652478908000,continue,continue,0.4219474494457245,0.3601823151111603,0.0,0.2178702354431152,True,True,False,True
test|Edu_3_20260604_170622|7652812241000,Edu,Edu_3_20260604_170622,7652812241000,continue,continue,0.4298263490200043,0.3528877794742584,0.0,0.2172858119010925,True,True,False,True
test|Edu_3_20260604_170622|7653145575000,Edu,Edu_3_20260604_170622,7653145575000,continue,continue,0.4380605816841125,0.3493613302707672,0.0,0.2125780582427978,True,True,False,True
test|Edu_3_20260604_170622|7653478908000,Edu,Edu_3_20260604_170622,7653478908000,continue,continue,0.438659518957138,0.3499211370944977,0.0,0.2114193737506866,True,True,False,True
test|Edu_3_20260604_170622|7653812241000,Edu,Edu_3_20260604_170622,7653812241000,continue,continue,0.4382360279560089,0.3468258678913116,0.0,0.2149380594491958,True,True,False,True
test|Edu_3_20260604_170622|7654145574000,Edu,Edu_3_20260604_170622,7654145574000,continue,continue,0.4454474151134491,0.3356256783008575,0.0,0.2189269512891769,True,True,False,True
test|Edu_3_20260604_170622|7654478908000,Edu,Edu_3_20260604_170622,7654478908000,continue,continue,0.4572507441043854,0.3187656104564667,0.0,0.2239836901426315,True,True,False,True
test|Edu_3_20260604_170622|7654812241000,Edu,Edu_3_20260604_170622,7654812241000,continue,continue,0.4605893194675445,0.3139440715312958,0.0,0.2254665791988372,True,True,False,True
test|Edu_3_20260604_170622|7655145574000,Edu,Edu_3_20260604_170622,7655145574000,continue,continue,0.4635854363441467,0.3131401240825653,0.0,0.2232745140790939,True,True,False,True
test|Edu_3_20260604_170622|7655478908000,Edu,Edu_3_20260604_170622,7655478908000,continue,continue,0.4589586853981018,0.3164092600345611,0.0,0.2246320694684982,True,True,False,True
test|Edu_3_20260604_170622|7655812241000,Edu,Edu_3_20260604_170622,7655812241000,continue,continue,0.4513022601604461,0.3139747977256775,0.0,0.2347228527069091,True,True,False,True
test|Edu_3_20260604_170622|7656145574000,Edu,Edu_3_20260604_170622,7656145574000,continue,continue,0.4383775293827057,0.3149261474609375,0.0,0.2466963082551956,True,True,False,True
test|Edu_3_20260604_170622|7656478908000,Edu,Edu_3_20260604_170622,7656478908000,continue,continue,0.4289083778858185,0.3175548911094665,0.0,0.2535367310047149,True,True,False,True
test|Edu_3_20260604_170622|7656812241000,Edu,Edu_3_20260604_170622,7656812241000,continue,continue,0.4169609546661377,0.3152809143066406,0.0,0.2677581310272217,True,True,False,True
test|Edu_3_20260604_170622|7657145574000,Edu,Edu_3_20260604_170622,7657145574000,continue,continue,0.4068368375301361,0.3150762319564819,0.0,0.2780869603157043,True,True,False,True
test|Edu_3_20260604_170622|7657478907000,Edu,Edu_3_20260604_170622,7657478907000,continue,continue,0.3984056711196899,0.3233155012130737,0.0,0.2782787978649139,True,True,False,True
test|Edu_3_20260604_170622|7657812241000,Edu,Edu_3_20260604_170622,7657812241000,continue,continue,0.3873937129974365,0.343952476978302,0.0,0.2686538696289062,True,True,False,True
test|Edu_3_20260604_170622|7658145574000,Edu,Edu_3_20260604_170622,7658145574000,continue,continue,0.3800090849399566,0.3667338490486145,0.0,0.2532570958137512,True,True,False,True
test|Edu_3_20260604_170622|7658478907000,Edu,Edu_3_20260604_170622,7658478907000,continue,continue,0.3862961530685425,0.3818401098251343,0.0,0.2318637073040008,True,True,False,True
test|Edu_3_20260604_170622|7658812241000,Edu,Edu_3_20260604_170622,7658812241000,continue,continue,0.3903015255928039,0.390170693397522,0.0,0.2195277661085128,True,True,False,True
test|Edu_3_20260604_170622|7659145574000,Edu,Edu_3_20260604_170622,7659145574000,continue,continue,0.3918429315090179,0.3903889060020447,0.0,0.217768132686615,True,True,False,True
test|Edu_3_20260604_170622|7659478907000,Edu,Edu_3_20260604_170622,7659478907000,continue,continue,0.3862711489200592,0.3828204870223999,0.0,0.2309083789587021,True,True,False,True
test|Edu_3_20260604_170622|7659812241000,Edu,Edu_3_20260604_170622,7659812241000,continue,continue,0.3742103576660156,0.3736363053321838,0.0,0.2521533668041229,True,True,False,True
test|Edu_3_20260604_170622|7660145574000,Edu,Edu_3_20260604_170622,7660145574000,continue,continue,0.3710093796253204,0.3558493256568908,0.0,0.2731413245201111,True,True,False,True
test|Edu_3_20260604_170622|7660478907000,Edu,Edu_3_20260604_170622,7660478907000,continue,continue,0.3862820565700531,0.3398620784282684,0.0,0.2738558053970337,True,True,False,True
test|Edu_3_20260604_170622|7660812240000,Edu,Edu_3_20260604_170622,7660812240000,continue,continue,0.4047434031963348,0.3344637453556061,0.0,0.2607928216457367,True,True,False,True
test|Edu_3_20260604_170622|7661145574000,Edu,Edu_3_20260604_170622,7661145574000,continue,continue,0.4175124168395996,0.3237323760986328,0.0,0.2587551474571228,True,True,False,True
test|Edu_3_20260604_170622|7661478907000,Edu,Edu_3_20260604_170622,7661478907000,continue,continue,0.4398151636123657,0.3040370643138885,0.0,0.2561478018760681,True,True,False,True
test|Edu_3_20260604_170622|7661812240000,Edu,Edu_3_20260604_170622,7661812240000,continue,continue,0.4718038737773895,0.2769908010959625,0.0,0.2512052953243255,True,True,False,True
test|Edu_3_20260604_170622|7662145574000,Edu,Edu_3_20260604_170622,7662145574000,continue,fetch,0.4952312409877777,0.2530421316623688,0.0,0.2517266869544983,True,True,False,True
test|Edu_3_20260604_170622|7662478907000,Edu,Edu_3_20260604_170622,7662478907000,fetch,fetch,0.5117976665496826,0.2304566502571106,0.0,0.2577457129955292,True,True,False,True
test|Edu_3_20260604_170622|7662812240000,Edu,Edu_3_20260604_170622,7662812240000,fetch,fetch,0.5233055949211121,0.2112904638051986,0.0,0.2654038667678833,True,True,False,True
test|Edu_3_20260604_170622|7663145573000,Edu,Edu_3_20260604_170622,7663145573000,fetch,fetch,0.5269870162010193,0.2116186916828155,0.0,0.2613942921161651,True,True,False,True
test|Edu_3_20260604_170622|7663478907000,Edu,Edu_3_20260604_170622,7663478907000,fetch,fetch,0.5232067108154297,0.2231339961290359,0.0,0.2536593377590179,True,True,False,True
test|Edu_3_20260604_170622|7663812240000,Edu,Edu_3_20260604_170622,7663812240000,fetch,fetch,0.450499027967453,0.2053535133600235,0.1304619461297989,0.2136855870485305,True,True,True,True
test|Edu_3_20260604_170622|7664145573000,Edu,Edu_3_20260604_170622,7664145573000,fetch,fetch,0.4478333294391632,0.2174369692802429,0.129350796341896,0.205378919839859,True,True,True,True
test|Edu_3_20260604_170622|7664478907000,Edu,Edu_3_20260604_170622,7664478907000,fetch,fetch,0.4429991841316223,0.2289425879716873,0.1248695850372314,0.2031885832548141,True,True,True,True
test|Edu_3_20260604_170622|7664812240000,Edu,Edu_3_20260604_170622,7664812240000,fetch,fetch,0.4388920962810516,0.2385168224573135,0.1220571547746658,0.2005339711904525,True,True,True,True
test|Edu_3_20260604_170622|7665145573000,Edu,Edu_3_20260604_170622,7665145573000,fetch,fetch,0.4380459487438202,0.2399941831827163,0.1220890209078788,0.1998708099126815,True,True,True,True
test|Edu_3_20260604_170622|7665478907000,Edu,Edu_3_20260604_170622,7665478907000,fetch,fetch,0.4370278418064117,0.2375548034906387,0.1223512813448906,0.2030659765005111,True,True,True,True
test|Edu_3_20260604_170622|7665812240000,Edu,Edu_3_20260604_170622,7665812240000,fetch,fetch,0.4344500303268432,0.2388337850570678,0.1221164762973785,0.2045997232198715,True,True,True,True
test|Edu_3_20260604_170622|7667145573000,Edu,Edu_3_20260604_170622,7667145573000,handover,handover,0.4410749971866607,0.2037117332220077,0.1284233331680297,0.2267899513244629,True,True,True,True
test|Edu_3_20260604_170622|7667478906000,Edu,Edu_3_20260604_170622,7667478906000,handover,handover,0.4443971514701843,0.2001867145299911,0.1284232288599014,0.2269929051399231,True,True,True,True
test|Edu_3_20260604_170622|7667812240000,Edu,Edu_3_20260604_170622,7667812240000,handover,handover,0.4390765428543091,0.2105779647827148,0.1253211349248886,0.2250244319438934,True,True,True,True
test|Edu_3_20260604_170622|7668145573000,Edu,Edu_3_20260604_170622,7668145573000,handover,handover,0.422347217798233,0.2387366890907287,0.1211670637130737,0.2177491188049316,True,True,True,True
test|Edu_3_20260604_170622|7668478906000,Edu,Edu_3_20260604_170622,7668478906000,handover,handover,0.4095616042613983,0.2677404284477234,0.1154680103063583,0.2072299420833587,True,True,True,True
test|Edu_3_20260604_170622|7668812240000,Edu,Edu_3_20260604_170622,7668812240000,handover,handover,0.3946028649806976,0.2942723035812378,0.1123689338564872,0.1987558156251907,True,True,True,True
test|Edu_3_20260604_170622|7669145573000,Edu,Edu_3_20260604_170622,7669145573000,handover,handover,0.385061651468277,0.3118078410625458,0.1088804304599762,0.1942501366138458,True,True,True,True
test|Edu_3_20260604_170622|7669478906000,Edu,Edu_3_20260604_170622,7669478906000,handover,handover,0.38059863448143,0.3196603059768677,0.1080084443092346,0.1917325854301452,True,True,True,True
test|Edu_3_20260604_170622|7669812239000,Edu,Edu_3_20260604_170622,7669812239000,handover,handover,0.3796255886554718,0.322573184967041,0.1075077131390571,0.190293475985527,True,True,True,True
test|Edu_3_20260604_170622|7670145573000,Edu,Edu_3_20260604_170622,7670145573000,handover,handover,0.3816386461257934,0.3204154074192047,0.1060928404331207,0.1918531358242035,True,True,True,True
test|Edu_3_20260604_170622|7670478906000,Edu,Edu_3_20260604_170622,7670478906000,handover,handover,0.3843606412410736,0.3145163655281067,0.1069403365254402,0.1941826790571212,True,True,True,True
test|Edu_4_20260604_170837|7779945574000,Edu,Edu_4_20260604_170837,7779945574000,continue,continue,0.2479929327964782,0.4489449262619018,0.0,0.3030621707439422,True,True,False,True
test|Edu_4_20260604_170837|7780278907000,Edu,Edu_4_20260604_170837,7780278907000,continue,continue,0.2633990943431854,0.4389368295669555,0.0,0.297664076089859,True,True,False,True
test|Edu_4_20260604_170837|7780612241000,Edu,Edu_4_20260604_170837,7780612241000,continue,continue,0.2866958975791931,0.4310044348239898,0.0,0.2822996079921722,True,True,False,True
test|Edu_4_20260604_170837|7780945574000,Edu,Edu_4_20260604_170837,7780945574000,continue,continue,0.3116354942321777,0.4121228754520416,0.0,0.276241660118103,True,True,False,True
test|Edu_4_20260604_170837|7781278907000,Edu,Edu_4_20260604_170837,7781278907000,continue,continue,0.338842362165451,0.3894186019897461,0.0,0.2717390060424804,True,True,False,True
test|Edu_4_20260604_170837|7781612240000,Edu,Edu_4_20260604_170837,7781612240000,continue,continue,0.3664129376411438,0.3667473196983337,0.0,0.2668397128582001,True,True,False,True
test|Edu_4_20260604_170837|7781945574000,Edu,Edu_4_20260604_170837,7781945574000,continue,continue,0.4022543728351593,0.3391729295253753,0.0,0.2585727572441101,True,True,False,True
test|Edu_4_20260604_170837|7782278907000,Edu,Edu_4_20260604_170837,7782278907000,continue,continue,0.4327875971794128,0.3116659224033355,0.0,0.2555464804172516,True,True,False,True
test|Edu_4_20260604_170837|7782612240000,Edu,Edu_4_20260604_170837,7782612240000,continue,continue,0.4537619948387146,0.2898533046245575,0.0,0.2563847303390503,True,True,False,True
test|Edu_4_20260604_170837|7782945574000,Edu,Edu_4_20260604_170837,7782945574000,continue,continue,0.4705462157726288,0.2832763195037842,0.0,0.2461774796247482,True,True,False,True
test|Edu_4_20260604_170837|7783278907000,Edu,Edu_4_20260604_170837,7783278907000,continue,continue,0.4748879075050354,0.2883443236351013,0.0,0.2367677688598632,True,True,False,True
test|Edu_4_20260604_170837|7783612240000,Edu,Edu_4_20260604_170837,7783612240000,continue,continue,0.468052864074707,0.301159918308258,0.0,0.2307872474193573,True,True,False,True
test|Edu_4_20260604_170837|7783945574000,Edu,Edu_4_20260604_170837,7783945574000,continue,continue,0.4544704854488373,0.3100426495075226,0.0,0.2354868799448013,True,True,False,True
test|Edu_4_20260604_170837|7784278907000,Edu,Edu_4_20260604_170837,7784278907000,continue,continue,0.452744573354721,0.3084457516670227,0.0,0.2388096302747726,True,True,False,True
test|Edu_4_20260604_170837|7784612240000,Edu,Edu_4_20260604_170837,7784612240000,continue,continue,0.4513359367847442,0.3060039579868316,0.0,0.2426600754261016,True,True,False,True
test|Edu_4_20260604_170837|7784945573000,Edu,Edu_4_20260604_170837,7784945573000,continue,continue,0.4490607678890228,0.3031218945980072,0.0,0.2478173524141311,True,True,False,True
test|Edu_4_20260604_170837|7785278907000,Edu,Edu_4_20260604_170837,7785278907000,continue,continue,0.4497871696949005,0.3005004525184631,0.0,0.2497123330831527,True,True,False,True
test|Edu_4_20260604_170837|7785612240000,Edu,Edu_4_20260604_170837,7785612240000,continue,continue,0.4580933451652527,0.2881669402122497,0.0,0.2537397742271423,True,True,False,True
test|Edu_4_20260604_170837|7785945573000,Edu,Edu_4_20260604_170837,7785945573000,continue,continue,0.4688949882984161,0.2857289910316467,0.0,0.2453760951757431,True,True,False,True
test|Edu_4_20260604_170837|7786278907000,Edu,Edu_4_20260604_170837,7786278907000,continue,continue,0.4667701721191406,0.2959454655647278,0.0,0.2372843623161316,True,True,False,True
test|Edu_4_20260604_170837|7786612240000,Edu,Edu_4_20260604_170837,7786612240000,continue,continue,0.4685782492160797,0.3005715906620025,0.0,0.2308501750230789,True,True,False,True
test|Edu_4_20260604_170837|7786945573000,Edu,Edu_4_20260604_170837,7786945573000,continue,continue,0.4690869748592376,0.2933523058891296,0.0,0.2375607639551162,True,True,False,True
test|Edu_4_20260604_170837|7787278907000,Edu,Edu_4_20260604_170837,7787278907000,continue,continue,0.4578954577445984,0.2866531908512115,0.0,0.2554513812065124,True,True,False,True
test|Edu_4_20260604_170837|7787612240000,Edu,Edu_4_20260604_170837,7787612240000,continue,continue,0.4312227070331573,0.2972251176834106,0.0,0.2715521156787872,True,True,False,True
test|Edu_4_20260604_170837|7787945573000,Edu,Edu_4_20260604_170837,7787945573000,continue,continue,0.4106933176517486,0.3023196756839752,0.0,0.2869870662689209,True,True,False,True
test|Edu_4_20260604_170837|7788278906000,Edu,Edu_4_20260604_170837,7788278906000,continue,continue,0.400689423084259,0.3019314110279083,0.0,0.2973791658878326,True,True,False,True
test|Edu_4_20260604_170837|7788612240000,Edu,Edu_4_20260604_170837,7788612240000,continue,continue,0.38429856300354,0.3066632449626922,0.0,0.3090381920337677,True,True,False,True
test|Edu_4_20260604_170837|7788945573000,Edu,Edu_4_20260604_170837,7788945573000,continue,continue,0.3769144713878631,0.3216172456741333,0.0,0.3014683425426483,True,True,False,True
test|Edu_4_20260604_170837|7789278906000,Edu,Edu_4_20260604_170837,7789278906000,continue,continue,0.382554680109024,0.3316608369350433,0.0,0.2857844531536102,True,True,False,True
test|Edu_4_20260604_170837|7789612240000,Edu,Edu_4_20260604_170837,7789612240000,continue,continue,0.3964152336120605,0.3257382214069366,0.0,0.2778465747833252,True,True,False,True
test|Edu_4_20260604_170837|7789945573000,Edu,Edu_4_20260604_170837,7789945573000,continue,continue,0.4049748480319977,0.3217909634113312,0.0,0.2732341885566711,True,True,False,True
test|Edu_4_20260604_170837|7790278906000,Edu,Edu_4_20260604_170837,7790278906000,continue,continue,0.4048033058643341,0.3245772123336792,0.0,0.2706194818019867,True,True,False,True
test|Edu_4_20260604_170837|7790612240000,Edu,Edu_4_20260604_170837,7790612240000,continue,continue,0.4002196490764618,0.3368715047836303,0.0,0.2629088461399078,True,True,False,True
test|Edu_4_20260604_170837|7790945573000,Edu,Edu_4_20260604_170837,7790945573000,continue,continue,0.3986903429031372,0.3416237831115722,0.0,0.2596858739852905,True,True,False,True
test|Edu_4_20260604_170837|7791278906000,Edu,Edu_4_20260604_170837,7791278906000,continue,continue,0.399330198764801,0.3502891063690185,0.0,0.2503807842731476,True,True,False,True
test|Edu_4_20260604_170837|7791612239000,Edu,Edu_4_20260604_170837,7791612239000,continue,continue,0.4027220904827118,0.352656602859497,0.0,0.2446213513612747,True,True,False,True
test|Edu_4_20260604_170837|7791945573000,Edu,Edu_4_20260604_170837,7791945573000,continue,continue,0.4045257568359375,0.3448540866374969,0.0,0.2506201863288879,True,True,False,True
test|Edu_4_20260604_170837|7792278906000,Edu,Edu_4_20260604_170837,7792278906000,continue,continue,0.4157751202583313,0.3316007256507873,0.0,0.2526241838932037,True,True,False,True
test|Edu_4_20260604_170837|7792612239000,Edu,Edu_4_20260604_170837,7792612239000,continue,continue,0.4330230057239532,0.3077326118946075,0.0,0.2592443823814392,True,True,False,True
test|Edu_4_20260604_170837|7792945573000,Edu,Edu_4_20260604_170837,7792945573000,continue,continue,0.4421254396438598,0.2924262881278991,0.0,0.2654482722282409,True,True,False,True
test|Edu_4_20260604_170837|7793278906000,Edu,Edu_4_20260604_170837,7793278906000,continue,continue,0.4512255191802978,0.2891615629196167,0.0,0.2596129775047302,True,True,False,True
test|Edu_4_20260604_170837|7793612239000,Edu,Edu_4_20260604_170837,7793612239000,continue,continue,0.4506168365478515,0.2929282188415527,0.0,0.2564549744129181,True,True,False,True
test|Edu_4_20260604_170837|7793945573000,Edu,Edu_4_20260604_170837,7793945573000,continue,continue,0.4542631208896637,0.300564169883728,0.0,0.2451727241277694,True,True,False,True
test|Edu_4_20260604_170837|7794278906000,Edu,Edu_4_20260604_170837,7794278906000,continue,continue,0.4579769968986511,0.3040169179439544,0.0,0.2380060851573944,True,True,False,True
test|Edu_4_20260604_170837|7794612239000,Edu,Edu_4_20260604_170837,7794612239000,continue,continue,0.4562662243843078,0.308382898569107,0.0,0.2353508323431015,True,True,False,True
test|Edu_4_20260604_170837|7794945572000,Edu,Edu_4_20260604_170837,7794945572000,continue,continue,0.4540272653102875,0.3144348859786987,0.0,0.2315377742052078,True,True,False,True
test|Edu_4_20260604_170837|7795278906000,Edu,Edu_4_20260604_170837,7795278906000,continue,continue,0.4482352435588836,0.3156650066375732,0.0,0.2360997796058654,True,True,False,True
test|Edu_4_20260604_170837|7795612239000,Edu,Edu_4_20260604_170837,7795612239000,continue,continue,0.4448305368423462,0.3186580836772918,0.0,0.2365113943815231,True,True,False,True
test|Edu_4_20260604_170837|7795945572000,Edu,Edu_4_20260604_170837,7795945572000,continue,continue,0.4423426985740661,0.3173969388008117,0.0,0.240260362625122,True,True,False,True
test|Edu_4_20260604_170837|7796278906000,Edu,Edu_4_20260604_170837,7796278906000,continue,continue,0.439100056886673,0.3154082596302032,0.0,0.2454916536808014,True,True,False,True
test|Edu_4_20260604_170837|7796612239000,Edu,Edu_4_20260604_170837,7796612239000,continue,continue,0.4365798234939575,0.3133954107761383,0.0,0.2500248253345489,True,True,False,True
test|Edu_4_20260604_170837|7796945572000,Edu,Edu_4_20260604_170837,7796945572000,continue,continue,0.4353393018245697,0.3123266994953155,0.0,0.2523339986801147,True,True,False,True
test|Edu_4_20260604_170837|7797278906000,Edu,Edu_4_20260604_170837,7797278906000,continue,continue,0.4347420036792755,0.3116880357265472,0.0,0.2535698711872101,True,True,False,True
test|Edu_4_20260604_170837|7797612239000,Edu,Edu_4_20260604_170837,7797612239000,continue,continue,0.4398706257343292,0.3121199905872345,0.0,0.248009368777275,True,True,False,True
test|Edu_4_20260604_170837|7797945572000,Edu,Edu_4_20260604_170837,7797945572000,continue,continue,0.4433597326278686,0.3112979531288147,0.0,0.2453422546386718,True,True,False,True
test|Edu_4_20260604_170837|7798278905000,Edu,Edu_4_20260604_170837,7798278905000,continue,continue,0.447912722826004,0.3123376965522766,0.0,0.2397495359182357,True,True,False,True
test|Edu_4_20260604_170837|7798612239000,Edu,Edu_4_20260604_170837,7798612239000,continue,continue,0.4457546174526214,0.3137991726398468,0.0,0.2404461950063705,True,True,False,True
test|Edu_4_20260604_170837|7798945572000,Edu,Edu_4_20260604_170837,7798945572000,continue,continue,0.4474314153194427,0.312533289194107,0.0,0.2400352954864502,True,True,False,True
test|Edu_4_20260604_170837|7799278905000,Edu,Edu_4_20260604_170837,7799278905000,continue,continue,0.4428658485412597,0.3131728768348694,0.0,0.2439612448215484,True,True,False,True
test|Edu_4_20260604_170837|7799612239000,Edu,Edu_4_20260604_170837,7799612239000,continue,continue,0.4317597448825836,0.3216907978057861,0.0,0.246549442410469,True,True,False,True
test|Edu_4_20260604_170837|7799945572000,Edu,Edu_4_20260604_170837,7799945572000,continue,continue,0.4197604954242706,0.3397816121578216,0.0,0.2404579222202301,True,True,False,True
test|Edu_4_20260604_170837|7800278905000,Edu,Edu_4_20260604_170837,7800278905000,continue,continue,0.4084649085998535,0.357751190662384,0.0,0.2337839603424072,True,True,False,True
test|Edu_4_20260604_170837|7800612239000,Edu,Edu_4_20260604_170837,7800612239000,continue,continue,0.4036613404750824,0.3721661567687988,0.0,0.2241725027561187,True,True,False,True
test|Edu_4_20260604_170837|7800945572000,Edu,Edu_4_20260604_170837,7800945572000,continue,continue,0.3965181410312652,0.3817772269248962,0.0,0.2217045575380325,True,True,False,True
test|Edu_4_20260604_170837|7801278905000,Edu,Edu_4_20260604_170837,7801278905000,continue,continue,0.3999193012714386,0.3738065063953399,0.0,0.2262742072343826,True,True,False,True
test|Edu_4_20260604_170837|7801612238000,Edu,Edu_4_20260604_170837,7801612238000,continue,continue,0.4202030301094055,0.3415251672267914,0.0,0.2382718175649643,True,True,False,True
test|Edu_4_20260604_170837|7801945572000,Edu,Edu_4_20260604_170837,7801945572000,continue,fetch,0.4438041746616363,0.2993972897529602,0.0,0.2567985653877258,True,True,False,True
test|Edu_4_20260604_170837|7802278905000,Edu,Edu_4_20260604_170837,7802278905000,fetch,fetch,0.4640285074710846,0.2643948197364807,0.0,0.2715766429901123,True,True,False,True
test|Edu_4_20260604_170837|7802612238000,Edu,Edu_4_20260604_170837,7802612238000,fetch,fetch,0.4833012819290161,0.2337309420108795,0.0,0.2829678356647491,True,True,False,True
test|Edu_4_20260604_170837|7802945572000,Edu,Edu_4_20260604_170837,7802945572000,fetch,fetch,0.5086202025413513,0.2096124738454818,0.0,0.281767338514328,True,True,False,True
test|Edu_4_20260604_170837|7803278905000,Edu,Edu_4_20260604_170837,7803278905000,fetch,fetch,0.5188943147659302,0.2039016634225845,0.0,0.2772040367126465,True,True,False,True
test|Edu_4_20260604_170837|7803612238000,Edu,Edu_4_20260604_170837,7803612238000,fetch,fetch,0.5140246748924255,0.2135938555002212,0.0,0.2723814249038696,True,True,False,True
test|Edu_4_20260604_170837|7803945572000,Edu,Edu_4_20260604_170837,7803945572000,fetch,fetch,0.5120392441749573,0.2265431135892868,0.0,0.2614176571369171,True,True,False,True
test|Edu_4_20260604_170837|7804278905000,Edu,Edu_4_20260604_170837,7804278905000,fetch,fetch,0.5086714625358582,0.2362833619117736,0.0,0.2550451755523681,True,True,False,True
test|Edu_4_20260604_170837|7804612238000,Edu,Edu_4_20260604_170837,7804612238000,fetch,fetch,0.5063130855560303,0.2492567747831344,0.0,0.2444301545619964,True,True,False,True
test|Edu_4_20260604_170837|7804945571000,Edu,Edu_4_20260604_170837,7804945571000,fetch,fetch,0.4999316930770874,0.2630713284015655,0.0,0.236996904015541,True,True,False,True
test|Edu_4_20260604_170837|7805278905000,Edu,Edu_4_20260604_170837,7805278905000,fetch,fetch,0.4974384009838104,0.2732453942298889,0.0,0.229316234588623,True,True,False,True
test|Edu_4_20260604_170837|7805612238000,Edu,Edu_4_20260604_170837,7805612238000,fetch,fetch,0.4994319677352905,0.2744174599647522,0.0,0.2261504977941513,True,True,False,True
test|Edu_4_20260604_170837|7805945571000,Edu,Edu_4_20260604_170837,7805945571000,fetch,fetch,0.5008705854415894,0.2757827639579773,0.0,0.2233466804027557,True,True,False,True
test|Edu_4_20260604_170837|7806278905000,Edu,Edu_4_20260604_170837,7806278905000,fetch,fetch,0.5003588199615479,0.2724225521087646,0.0,0.2272186130285263,True,True,False,True
test|Edu_4_20260604_170837|7806612238000,Edu,Edu_4_20260604_170837,7806612238000,fetch,fetch,0.5037241578102112,0.2641355991363525,0.0,0.2321401983499527,True,True,False,True
test|Edu_4_20260604_170837|7807612238000,Edu,Edu_4_20260604_170837,7807612238000,handover,handover,0.5149245262145996,0.2453439533710479,0.0,0.2397314757108688,True,True,False,True
test|Edu_4_20260604_170837|7807945571000,Edu,Edu_4_20260604_170837,7807945571000,handover,handover,0.515105664730072,0.2433454990386963,0.0,0.2415488809347152,True,True,False,True
test|Edu_4_20260604_170837|7808278904000,Edu,Edu_4_20260604_170837,7808278904000,handover,handover,0.5022397637367249,0.2642138004302978,0.0,0.2335464060306549,True,True,False,True
test|Edu_4_20260604_170837|7808612238000,Edu,Edu_4_20260604_170837,7808612238000,handover,handover,0.4817911386489868,0.2926868796348572,0.0,0.2255220115184784,True,True,False,True
test|Edu_4_20260604_170837|7808945571000,Edu,Edu_4_20260604_170837,7808945571000,handover,handover,0.4626823663711548,0.3186843693256378,0.0,0.2186332494020462,True,True,False,True
test|Edu_4_20260604_170837|7809278904000,Edu,Edu_4_20260604_170837,7809278904000,handover,handover,0.4474651217460632,0.3398919403553009,0.0,0.2126429378986358,True,True,False,True
test|Edu_4_20260604_170837|7809612238000,Edu,Edu_4_20260604_170837,7809612238000,handover,handover,0.4373779296875,0.3529465794563293,0.0,0.2096754759550094,True,True,False,True
test|Edu_4_20260604_170837|7809945571000,Edu,Edu_4_20260604_170837,7809945571000,handover,handover,0.4345924258232116,0.3581162095069885,0.0,0.2072913199663162,True,True,False,True
test|Edu_4_20260604_170837|7810278904000,Edu,Edu_4_20260604_170837,7810278904000,handover,handover,0.3683787882328033,0.3056929111480713,0.1506500095129013,0.1752783358097076,True,True,True,True
test|Edu_4_20260604_170837|7810612238000,Edu,Edu_4_20260604_170837,7810612238000,handover,handover,0.3676873743534088,0.3065868020057678,0.1532128602266311,0.1725130081176757,True,True,True,True
test|Edu_4_20260604_170837|7810945571000,Edu,Edu_4_20260604_170837,7810945571000,handover,handover,0.3652800321578979,0.3048493266105652,0.1536714285612106,0.1761992275714874,True,True,True,True
test|Edu_4_20260604_170837|7811278904000,Edu,Edu_4_20260604_170837,7811278904000,handover,handover,0.3613717555999756,0.3024847209453583,0.1563304811716079,0.1798129975795745,True,True,True,True
test|Edu_4_20260604_170837|7811612237000,Edu,Edu_4_20260604_170837,7811612237000,handover,handover,0.3616237342357635,0.2947529852390289,0.158584788441658,0.1850384771823883,True,True,True,True
test|Edu_5_20260604_170944|7846612240000,Edu,Edu_5_20260604_170944,7846612240000,continue,continue,0.3618899285793304,0.2217600643634796,0.2106913477182388,0.2056586742401123,True,True,True,True
test|Edu_5_20260604_170944|7846945573000,Edu,Edu_5_20260604_170944,7846945573000,continue,continue,0.3645007312297821,0.2094060182571411,0.2139589786529541,0.2121342718601226,True,True,True,True
test|Edu_5_20260604_170944|7847278906000,Edu,Edu_5_20260604_170944,7847278906000,continue,continue,0.3630459010601043,0.2075537592172622,0.219323068857193,0.2100772559642791,True,True,True,True
test|Edu_5_20260604_170944|7847612239000,Edu,Edu_5_20260604_170944,7847612239000,continue,continue,0.3682106137275696,0.2077738046646118,0.2182521969079971,0.2057633399963379,True,True,True,True
test|Edu_5_20260604_170944|7847945573000,Edu,Edu_5_20260604_170944,7847945573000,continue,continue,0.3609856963157654,0.212875947356224,0.219851016998291,0.2062873393297195,True,True,True,True
test|Edu_5_20260604_170944|7848278906000,Edu,Edu_5_20260604_170944,7848278906000,continue,continue,0.3495082259178161,0.2238985449075698,0.2182594686746597,0.2083337604999542,True,True,True,True
test|Edu_5_20260604_170944|7848612239000,Edu,Edu_5_20260604_170944,7848612239000,continue,continue,0.3425635993480682,0.2355787456035614,0.2166923880577087,0.205165296792984,True,True,True,True
test|Edu_5_20260604_170944|7848945573000,Edu,Edu_5_20260604_170944,7848945573000,continue,continue,0.3411703407764435,0.2444535940885543,0.213809385895729,0.2005666494369506,True,True,True,True
test|Edu_5_20260604_170944|7849278906000,Edu,Edu_5_20260604_170944,7849278906000,continue,continue,0.3445314168930053,0.2513337433338165,0.2052954882383346,0.1988393366336822,True,True,True,True
test|Edu_5_20260604_170944|7849612239000,Edu,Edu_5_20260604_170944,7849612239000,continue,continue,0.3376457095146179,0.2559130191802978,0.2050829529762268,0.2013583034276962,True,True,True,True
test|Edu_5_20260604_170944|7849945572000,Edu,Edu_5_20260604_170944,7849945572000,continue,continue,0.3264847695827484,0.2575096487998962,0.2128491848707199,0.2031563520431518,True,True,True,True
test|Edu_5_20260604_170944|7850278906000,Edu,Edu_5_20260604_170944,7850278906000,continue,continue,0.3173759579658508,0.2542526423931122,0.2195505499839782,0.2088208049535751,True,True,True,True
test|Edu_5_20260604_170944|7850612239000,Edu,Edu_5_20260604_170944,7850612239000,continue,continue,0.3066267371177673,0.25045046210289,0.2317297011613845,0.2111930847167968,True,True,True,True
test|Edu_5_20260604_170944|7850945572000,Edu,Edu_5_20260604_170944,7850945572000,continue,continue,0.2881468832492828,0.2534473240375519,0.248433455824852,0.2099723517894745,True,True,True,True
test|Edu_5_20260604_170944|7851278906000,Edu,Edu_5_20260604_170944,7851278906000,continue,continue,0.2740469872951507,0.2591899037361145,0.2617529034614563,0.205010175704956,True,True,True,True
test|Edu_5_20260604_170944|7851612239000,Edu,Edu_5_20260604_170944,7851612239000,continue,continue,0.2689636945724487,0.277350515127182,0.2573814690113067,0.1963043212890625,True,True,True,True
test|Edu_5_20260604_170944|7851945572000,Edu,Edu_5_20260604_170944,7851945572000,continue,continue,0.2730007171630859,0.2945336103439331,0.2465530335903167,0.1859125941991806,True,True,True,True
test|Edu_5_20260604_170944|7852278906000,Edu,Edu_5_20260604_170944,7852278906000,continue,continue,0.2752127945423126,0.3079739511013031,0.2431664019823074,0.1736468970775604,True,True,True,True
test|Edu_5_20260604_170944|7852612239000,Edu,Edu_5_20260604_170944,7852612239000,continue,continue,0.2748496234416961,0.3207035958766937,0.235297292470932,0.1691495329141616,True,True,True,True
test|Edu_5_20260604_170944|7852945572000,Edu,Edu_5_20260604_170944,7852945572000,continue,continue,0.2834864556789398,0.319570243358612,0.2247452288866043,0.1721980571746826,True,True,True,True
test|Edu_5_20260604_170944|7853278905000,Edu,Edu_5_20260604_170944,7853278905000,continue,continue,0.2932356297969818,0.3112621009349823,0.2160592675209045,0.1794429421424865,True,True,True,True
test|Edu_5_20260604_170944|7853612239000,Edu,Edu_5_20260604_170944,7853612239000,continue,continue,0.2981559336185455,0.3020527064800262,0.211354985833168,0.1884363740682602,True,True,True,True
test|Edu_5_20260604_170944|7853945572000,Edu,Edu_5_20260604_170944,7853945572000,continue,continue,0.3032351732254028,0.2955358326435089,0.204010009765625,0.1972189843654632,True,True,True,True
test|Edu_5_20260604_170944|7854278905000,Edu,Edu_5_20260604_170944,7854278905000,continue,continue,0.3071157336235046,0.2935069501399994,0.195846676826477,0.2035306543111801,True,True,True,True
test|Edu_5_20260604_170944|7854612239000,Edu,Edu_5_20260604_170944,7854612239000,continue,continue,0.3012245893478393,0.2977353632450104,0.1907858103513717,0.2102543115615844,True,True,True,True
test|Edu_5_20260604_170944|7854945572000,Edu,Edu_5_20260604_170944,7854945572000,continue,continue,0.3061634004116058,0.3059487640857696,0.1875864267349243,0.2003014236688614,True,True,True,True
test|Edu_5_20260604_170944|7855278905000,Edu,Edu_5_20260604_170944,7855278905000,continue,continue,0.3104437291622162,0.3065697252750397,0.1899568289518356,0.1930296868085861,True,True,True,True
test|Edu_5_20260604_170944|7855612239000,Edu,Edu_5_20260604_170944,7855612239000,continue,continue,0.3085273802280426,0.3075254261493683,0.1965313851833343,0.1874157935380935,True,True,True,True
test|Edu_5_20260604_170944|7855945572000,Edu,Edu_5_20260604_170944,7855945572000,continue,continue,0.3050024211406708,0.3090150058269501,0.2007179856300354,0.1852645576000213,True,True,True,True
test|Edu_5_20260604_170944|7856278905000,Edu,Edu_5_20260604_170944,7856278905000,continue,continue,0.3048297166824341,0.3057135641574859,0.2052400857210159,0.1842166483402252,True,True,True,True
test|Edu_5_20260604_170944|7856612238000,Edu,Edu_5_20260604_170944,7856612238000,continue,continue,0.3139911293983459,0.2942798733711242,0.2109280675649643,0.1808009147644043,True,True,True,True
test|Edu_5_20260604_170944|7856945572000,Edu,Edu_5_20260604_170944,7856945572000,continue,continue,0.3127250075340271,0.2940936684608459,0.2140559703111648,0.1791253536939621,True,True,True,True
test|Edu_5_20260604_170944|7857278905000,Edu,Edu_5_20260604_170944,7857278905000,continue,continue,0.3109577000141144,0.297725111246109,0.2165981531143188,0.1747190654277801,True,True,True,True
test|Edu_5_20260604_170944|7857612238000,Edu,Edu_5_20260604_170944,7857612238000,continue,continue,0.3080783188343048,0.2905720174312591,0.2274120151996612,0.1739376634359359,True,True,True,True
test|Edu_5_20260604_170944|7857945572000,Edu,Edu_5_20260604_170944,7857945572000,continue,continue,0.3036805391311645,0.2787688076496124,0.244015023112297,0.1735356301069259,True,True,True,True
test|Edu_5_20260604_170944|7858278905000,Edu,Edu_5_20260604_170944,7858278905000,continue,continue,0.2942411601543426,0.2779939472675323,0.2603239715099334,0.1674408912658691,True,True,True,True
test|Edu_5_20260604_170944|7858612238000,Edu,Edu_5_20260604_170944,7858612238000,continue,continue,0.2793764472007751,0.2818205058574676,0.2762579619884491,0.1625450998544693,True,True,True,True
test|Edu_5_20260604_170944|7858945572000,Edu,Edu_5_20260604_170944,7858945572000,continue,continue,0.276579201221466,0.27391517162323,0.2855097949504852,0.1639958769083023,True,True,True,True
test|Edu_5_20260604_170944|7859278905000,Edu,Edu_5_20260604_170944,7859278905000,continue,continue,0.2638260722160339,0.2746485769748688,0.2935150861740112,0.1680102199316024,True,True,True,True
test|Edu_5_20260604_170944|7859612238000,Edu,Edu_5_20260604_170944,7859612238000,continue,continue,0.248362511396408,0.2774572968482971,0.2980657815933227,0.1761144250631332,True,True,True,True
test|Edu_5_20260604_170944|7859945571000,Edu,Edu_5_20260604_170944,7859945571000,continue,continue,0.2380434572696685,0.2815420925617218,0.2955444455146789,0.1848700046539306,True,True,True,True
test|Edu_5_20260604_170944|7860278905000,Edu,Edu_5_20260604_170944,7860278905000,continue,continue,0.2441606521606445,0.2836725115776062,0.2787106335163116,0.19345623254776,True,True,True,True
test|Edu_5_20260604_170944|7860612238000,Edu,Edu_5_20260604_170944,7860612238000,continue,continue,0.2559149861335754,0.2935246527194977,0.247718945145607,0.2028414458036422,True,True,True,True
test|Edu_5_20260604_170944|7860945571000,Edu,Edu_5_20260604_170944,7860945571000,continue,continue,0.2584684789180755,0.307119607925415,0.2297783941030502,0.2046334892511367,True,True,True,True
test|Edu_5_20260604_170944|7861278905000,Edu,Edu_5_20260604_170944,7861278905000,continue,continue,0.2642766237258911,0.3168170750141144,0.2149320840835571,0.2039741724729538,True,True,True,True
test|Edu_5_20260604_170944|7861612238000,Edu,Edu_5_20260604_170944,7861612238000,continue,continue,0.2747118473052978,0.3210795223712921,0.2033446282148361,0.2008640021085739,True,True,True,True
test|Edu_5_20260604_170944|7861945571000,Edu,Edu_5_20260604_170944,7861945571000,continue,continue,0.2772133350372314,0.3165375292301178,0.1992866545915603,0.2069625109434127,True,True,True,True
test|Edu_5_20260604_170944|7862278905000,Edu,Edu_5_20260604_170944,7862278905000,continue,continue,0.2765610218048095,0.3001480102539062,0.2064162641763687,0.216874673962593,True,True,True,True
test|Edu_5_20260604_170944|7862612238000,Edu,Edu_5_20260604_170944,7862612238000,continue,continue,0.2774381339550018,0.2732807695865631,0.2306806296110153,0.2186004966497421,True,True,True,True
test|Edu_5_20260604_170944|7862945571000,Edu,Edu_5_20260604_170944,7862945571000,continue,continue,0.2773363888263702,0.2573586702346802,0.242246925830841,0.2230580300092697,True,True,True,True
test|Edu_5_20260604_170944|7863278904000,Edu,Edu_5_20260604_170944,7863278904000,continue,continue,0.2772282361984253,0.2519161105155945,0.2506479322910309,0.2202077209949493,True,True,True,True
test|Edu_5_20260604_170944|7863612238000,Edu,Edu_5_20260604_170944,7863612238000,continue,continue,0.2783539593219757,0.2497339248657226,0.2592875063419342,0.2126245945692062,True,True,True,True
test|Edu_5_20260604_170944|7863945571000,Edu,Edu_5_20260604_170944,7863945571000,continue,continue,0.2915107905864715,0.2493760883808136,0.2558956146240234,0.203217476606369,True,True,True,True
test|Edu_5_20260604_170944|7864278904000,Edu,Edu_5_20260604_170944,7864278904000,continue,continue,0.2962087392807007,0.2598167359828949,0.2495299279689788,0.1944445967674255,True,True,True,True
test|Edu_5_20260604_170944|7864612238000,Edu,Edu_5_20260604_170944,7864612238000,continue,continue,0.294185996055603,0.2836864590644836,0.240256130695343,0.1818713992834091,True,True,True,True
test|Edu_5_20260604_170944|7864945571000,Edu,Edu_5_20260604_170944,7864945571000,continue,continue,0.2922301888465881,0.2913347482681274,0.2415244430303573,0.1749105900526046,True,True,True,True
test|Edu_5_20260604_170944|7865278904000,Edu,Edu_5_20260604_170944,7865278904000,continue,continue,0.2888984382152557,0.2848754525184631,0.2443807274103164,0.1818453669548034,True,True,True,True
test|Edu_5_20260604_170944|7865612238000,Edu,Edu_5_20260604_170944,7865612238000,continue,continue,0.2936480343341827,0.2713608145713806,0.2407831400632858,0.1942080110311508,True,True,True,True
test|Edu_5_20260604_170944|7865945571000,Edu,Edu_5_20260604_170944,7865945571000,continue,continue,0.2967572212219238,0.2525022029876709,0.2442463785409927,0.2064941972494125,True,True,True,True
test|Edu_5_20260604_170944|7866278904000,Edu,Edu_5_20260604_170944,7866278904000,continue,continue,0.298950731754303,0.234712079167366,0.2537722587585449,0.2125649750232696,True,True,True,True
test|Edu_5_20260604_170944|7866612237000,Edu,Edu_5_20260604_170944,7866612237000,continue,continue,0.3066182732582092,0.2154420018196106,0.2637064456939697,0.2142332792282104,True,True,True,True
test|Edu_5_20260604_170944|7866945571000,Edu,Edu_5_20260604_170944,7866945571000,continue,continue,0.3166265189647674,0.2063648700714111,0.2602216303348541,0.2167870253324508,True,True,True,True
test|Edu_5_20260604_170944|7867278904000,Edu,Edu_5_20260604_170944,7867278904000,continue,continue,0.3200354874134063,0.2032818347215652,0.2619364559650421,0.2147462666034698,True,True,True,True
test|Edu_5_20260604_170944|7867612237000,Edu,Edu_5_20260604_170944,7867612237000,continue,continue,0.3182771801948547,0.2024862915277481,0.2664584815502167,0.2127780616283416,True,True,True,True
test|Edu_5_20260604_170944|7867945571000,Edu,Edu_5_20260604_170944,7867945571000,continue,continue,0.3224042654037475,0.2073633074760437,0.2580101788043976,0.2122222334146499,True,True,True,True
test|Edu_5_20260604_170944|7868278904000,Edu,Edu_5_20260604_170944,7868278904000,fetch,continue,0.3276317119598388,0.2166166752576828,0.2413939088582992,0.2143577486276626,True,True,True,True
test|Edu_5_20260604_170944|7868612237000,Edu,Edu_5_20260604_170944,7868612237000,fetch,continue,0.3309042453765869,0.2269595861434936,0.2269769608974456,0.2151591926813125,True,True,True,True
test|Edu_5_20260604_170944|7868945571000,Edu,Edu_5_20260604_170944,7868945571000,fetch,fetch,0.3294578492641449,0.2318394631147384,0.2251542806625366,0.2135483622550964,True,True,True,True
test|Edu_5_20260604_170944|7869278904000,Edu,Edu_5_20260604_170944,7869278904000,fetch,fetch,0.3419616222381592,0.2243972271680832,0.2219942808151245,0.2116468548774719,True,True,True,True
test|Edu_5_20260604_170944|7869612237000,Edu,Edu_5_20260604_170944,7869612237000,fetch,fetch,0.3621221780776977,0.2196806818246841,0.2104368507862091,0.207760289311409,True,True,True,True
test|Edu_5_20260604_170944|7869945570000,Edu,Edu_5_20260604_170944,7869945570000,fetch,fetch,0.3664057552814483,0.220832958817482,0.2082311958074569,0.2045301049947738,True,True,True,True
test|Edu_5_20260604_170944|7870278904000,Edu,Edu_5_20260604_170944,7870278904000,fetch,fetch,0.366580069065094,0.2233137637376785,0.2072083503007888,0.2028978019952774,True,True,True,True
test|Edu_5_20260604_170944|7870612237000,Edu,Edu_5_20260604_170944,7870612237000,fetch,fetch,0.365820050239563,0.229462057352066,0.205251082777977,0.1994667798280716,True,True,True,True
test|Edu_5_20260604_170944|7870945570000,Edu,Edu_5_20260604_170944,7870945570000,fetch,fetch,0.3637922704219818,0.2375199347734451,0.2024674862623214,0.1962202787399292,True,True,True,True
test|Edu_5_20260604_170944|7871278904000,Edu,Edu_5_20260604_170944,7871278904000,fetch,fetch,0.3621848225593567,0.2443180382251739,0.2002280056476593,0.1932691484689712,True,True,True,True
test|Edu_5_20260604_170944|7871612237000,Edu,Edu_5_20260604_170944,7871612237000,fetch,fetch,0.3600778877735138,0.2405427098274231,0.2056397348642349,0.1937395930290222,True,True,True,True
test|Edu_5_20260604_170944|7871945570000,Edu,Edu_5_20260604_170944,7871945570000,fetch,fetch,0.362325519323349,0.2327047288417816,0.2104387134313583,0.194531112909317,True,True,True,True
test|Edu_5_20260604_170944|7873278903000,Edu,Edu_5_20260604_170944,7873278903000,handover,handover,0.3712343871593475,0.2115542739629745,0.2184163182973861,0.1987949907779693,True,True,True,True
test|Edu_5_20260604_170944|7873612237000,Edu,Edu_5_20260604_170944,7873612237000,handover,handover,0.3729351162910461,0.2165707796812057,0.2136829197406768,0.1968111544847488,True,True,True,True
test|Edu_5_20260604_170944|7873945570000,Edu,Edu_5_20260604_170944,7873945570000,handover,handover,0.3632076680660248,0.2385402768850326,0.2081966251134872,0.1900554448366165,True,True,True,True
test|Edu_5_20260604_170944|7874278903000,Edu,Edu_5_20260604_170944,7874278903000,handover,handover,0.35417440533638,0.262839674949646,0.2004984021186828,0.1824874877929687,True,True,True,True
test|Edu_5_20260604_170944|7874612237000,Edu,Edu_5_20260604_170944,7874612237000,handover,handover,0.3470457196235657,0.2805095016956329,0.1948222219944,0.1776225417852401,True,True,True,True
test|Edu_5_20260604_170944|7874945570000,Edu,Edu_5_20260604_170944,7874945570000,handover,handover,0.3415823578834533,0.2928142845630646,0.1929772943258285,0.172626107931137,True,True,True,True
test|Edu_5_20260604_170944|7875278903000,Edu,Edu_5_20260604_170944,7875278903000,handover,handover,0.3377189636230469,0.2994920015335083,0.1913215965032577,0.1714674085378646,True,True,True,True
test|Edu_5_20260604_170944|7875612237000,Edu,Edu_5_20260604_170944,7875612237000,handover,handover,0.3358461260795593,0.304774135351181,0.1906191110610962,0.1687606424093246,True,True,True,True
test|Edu_5_20260604_170944|7875945570000,Edu,Edu_5_20260604_170944,7875945570000,handover,handover,0.3360154330730438,0.306315928697586,0.1907292008399963,0.166939377784729,True,True,True,True
test|Edu_5_20260604_170944|7876278903000,Edu,Edu_5_20260604_170944,7876278903000,handover,handover,0.3354382812976837,0.3061651289463043,0.1903497129678726,0.1680468916893005,True,True,True,True
test|Edu_5_20260604_170944|7876612236000,Edu,Edu_5_20260604_170944,7876612236000,handover,handover,0.3305590450763702,0.3036723732948303,0.1926539689302444,0.173114612698555,True,True,True,True
test|Edu_5_20260604_170944|7876945570000,Edu,Edu_5_20260604_170944,7876945570000,handover,handover,0.3250516057014465,0.2997314929962158,0.196993201971054,0.1782237291336059,True,True,True,True
test|Edu_5_20260604_170944|7877278903000,Edu,Edu_5_20260604_170944,7877278903000,handover,handover,0.3215051293373108,0.2927510738372803,0.2032855004072189,0.1824583560228347,True,True,True,True
test|Edu_5_20260604_170944|7877612236000,Edu,Edu_5_20260604_170944,7877612236000,handover,handover,0.3126448690891266,0.2812508046627044,0.2164214551448822,0.1896828562021255,True,True,True,True
test|Edu_5_20260604_170944|7877945570000,Edu,Edu_5_20260604_170944,7877945570000,handover,continue,0.2949085533618927,0.2695257663726806,0.2349279820919037,0.2006376534700393,True,True,True,True
test|Edu_5_20260604_170944|7878278903000,Edu,Edu_5_20260604_170944,7878278903000,handover,continue,0.270912230014801,0.2584401369094848,0.2598186731338501,0.2108289152383804,True,True,True,True
test|Edu_6_20260616_145740|2714312226000,Edu,Edu_6_20260616_145740,2714312226000,continue,handover,0.3792660236358642,0.2671864926815033,0.117057092487812,0.2364904135465622,True,True,True,True
test|Edu_6_20260616_145740|2714645559000,Edu,Edu_6_20260616_145740,2714645559000,continue,fetch,0.3823713958263397,0.2721955478191376,0.1204175055027008,0.2250156104564666,True,True,True,True
test|Edu_6_20260616_145740|2714978892000,Edu,Edu_6_20260616_145740,2714978892000,continue,fetch,0.3743706047534942,0.2826173901557922,0.1236068755388259,0.2194051444530487,True,True,True,True
test|Edu_6_20260616_145740|2715312225000,Edu,Edu_6_20260616_145740,2715312225000,continue,continue,0.3621653318405151,0.2945278286933899,0.1254930049180984,0.2178138792514801,True,True,True,True
test|Edu_6_20260616_145740|2715645559000,Edu,Edu_6_20260616_145740,2715645559000,continue,continue,0.3581465184688568,0.3001993596553802,0.1260396540164947,0.2156144082546234,True,True,True,True
test|Edu_6_20260616_145740|2715978892000,Edu,Edu_6_20260616_145740,2715978892000,continue,continue,0.3681633472442627,0.2927453815937042,0.1269568502902984,0.212134450674057,True,True,True,True
test|Edu_6_20260616_145740|2716312225000,Edu,Edu_6_20260616_145740,2716312225000,continue,continue,0.3752429187297821,0.2944077253341675,0.1266752481460571,0.2036740481853485,True,True,True,True
test|Edu_6_20260616_145740|2716645559000,Edu,Edu_6_20260616_145740,2716645559000,continue,continue,0.3790123760700226,0.2959635853767395,0.1236805915832519,0.2013434469699859,True,True,True,True
test|Edu_6_20260616_145740|2716978892000,Edu,Edu_6_20260616_145740,2716978892000,continue,continue,0.3872550725936889,0.2938979268074035,0.1188903152942657,0.1999566853046417,True,True,True,True
test|Edu_6_20260616_145740|2717312225000,Edu,Edu_6_20260616_145740,2717312225000,continue,continue,0.3917369544506073,0.2761124968528747,0.1158672347664833,0.2162832766771316,True,True,True,True
test|Edu_6_20260616_145740|2717645559000,Edu,Edu_6_20260616_145740,2717645559000,continue,continue,0.3887607455253601,0.262004941701889,0.1169036626815795,0.2323306500911712,True,True,True,True
test|Edu_6_20260616_145740|2717978892000,Edu,Edu_6_20260616_145740,2717978892000,continue,continue,0.4331122040748596,0.2977180778980255,0.0,0.2691697478294372,True,True,False,True
test|Edu_6_20260616_145740|2718312225000,Edu,Edu_6_20260616_145740,2718312225000,continue,continue,0.433564692735672,0.2994220852851867,0.0,0.2670131623744964,True,True,False,True
test|Edu_6_20260616_145740|2718645558000,Edu,Edu_6_20260616_145740,2718645558000,continue,continue,0.427187442779541,0.3035652935504913,0.0,0.2692472636699676,True,True,False,True
test|Edu_6_20260616_145740|2718978892000,Edu,Edu_6_20260616_145740,2718978892000,continue,continue,0.4235213994979858,0.3067850768566131,0.0,0.2696934938430786,True,True,False,True
test|Edu_6_20260616_145740|2719312225000,Edu,Edu_6_20260616_145740,2719312225000,continue,continue,0.423303872346878,0.3181006014347076,0.0,0.2585955560207367,True,True,False,True
test|Edu_6_20260616_145740|2719645558000,Edu,Edu_6_20260616_145740,2719645558000,continue,continue,0.4211735427379608,0.3335301876068115,0.0,0.2452962845563888,True,True,False,True
test|Edu_6_20260616_145740|2719978892000,Edu,Edu_6_20260616_145740,2719978892000,continue,continue,0.4179704189300537,0.3438112437725067,0.0,0.2382183074951172,True,True,False,True
test|Edu_6_20260616_145740|2720312225000,Edu,Edu_6_20260616_145740,2720312225000,continue,continue,0.4220991730690002,0.3450332880020141,0.0,0.2328675836324691,True,True,False,True
test|Edu_6_20260616_145740|2720645558000,Edu,Edu_6_20260616_145740,2720645558000,continue,continue,0.4212624728679657,0.354731410741806,0.0,0.224006101489067,True,True,False,True
test|Edu_6_20260616_145740|2720978892000,Edu,Edu_6_20260616_145740,2720978892000,continue,continue,0.4137473404407501,0.3643832504749298,0.0,0.2218694388866424,True,True,False,True
test|Edu_6_20260616_145740|2721312225000,Edu,Edu_6_20260616_145740,2721312225000,continue,continue,0.4114277958869934,0.3686122894287109,0.0,0.2199598550796508,True,True,False,True
test|Edu_6_20260616_145740|2721645558000,Edu,Edu_6_20260616_145740,2721645558000,continue,continue,0.4141214191913605,0.3630022704601288,0.0,0.2228763699531555,True,True,False,True
test|Edu_6_20260616_145740|2721978891000,Edu,Edu_6_20260616_145740,2721978891000,continue,continue,0.4217750132083893,0.3570275902748108,0.0,0.2211974114179611,True,True,False,True
test|Edu_6_20260616_145740|2722312225000,Edu,Edu_6_20260616_145740,2722312225000,continue,continue,0.4196187257766723,0.3507290184497833,0.0,0.2296522408723831,True,True,False,True
test|Edu_6_20260616_145740|2722645558000,Edu,Edu_6_20260616_145740,2722645558000,continue,continue,0.4203014671802521,0.343198299407959,0.0,0.2365002781152725,True,True,False,True
test|Edu_6_20260616_145740|2722978891000,Edu,Edu_6_20260616_145740,2722978891000,continue,continue,0.4222111105918884,0.3407028317451477,0.0,0.2370860427618026,True,True,False,True
test|Edu_6_20260616_145740|2723312225000,Edu,Edu_6_20260616_145740,2723312225000,continue,continue,0.4232819974422455,0.3342796564102173,0.0,0.2424383759498596,True,True,False,True
test|Edu_6_20260616_145740|2723645558000,Edu,Edu_6_20260616_145740,2723645558000,continue,continue,0.4211126565933227,0.3273873329162597,0.0,0.2515000104904175,True,True,False,True
test|Edu_6_20260616_145740|2723978891000,Edu,Edu_6_20260616_145740,2723978891000,continue,continue,0.4138651490211487,0.3279129564762115,0.0,0.2582219541072845,True,True,False,True
test|Edu_6_20260616_145740|2724312225000,Edu,Edu_6_20260616_145740,2724312225000,continue,continue,0.4110555648803711,0.3354130089282989,0.0,0.2535314559936523,True,True,False,True
test|Edu_6_20260616_145740|2724645558000,Edu,Edu_6_20260616_145740,2724645558000,continue,continue,0.4120971858501434,0.3415858149528503,0.0,0.2463170140981674,True,True,False,True
test|Edu_6_20260616_145740|2724978891000,Edu,Edu_6_20260616_145740,2724978891000,continue,continue,0.4163890480995178,0.3401165604591369,0.0,0.2434943914413452,True,True,False,True
test|Edu_6_20260616_145740|2725312224000,Edu,Edu_6_20260616_145740,2725312224000,continue,continue,0.4185312986373901,0.34379643201828,0.0,0.2376722395420074,True,True,False,True
test|Edu_6_20260616_145740|2725645558000,Edu,Edu_6_20260616_145740,2725645558000,continue,continue,0.4186897277832031,0.3552580773830414,0.0,0.2260521948337555,True,True,False,True
test|Edu_6_20260616_145740|2725978891000,Edu,Edu_6_20260616_145740,2725978891000,continue,continue,0.4184681177139282,0.3667429983615875,0.0,0.2147888988256454,True,True,False,True
test|Edu_6_20260616_145740|2726312224000,Edu,Edu_6_20260616_145740,2726312224000,continue,continue,0.425836980342865,0.3613391518592834,0.0,0.2128238826990127,True,True,False,True
test|Edu_6_20260616_145740|2726645558000,Edu,Edu_6_20260616_145740,2726645558000,continue,continue,0.4339923560619354,0.348206490278244,0.0,0.2178011387586593,True,True,False,True
test|Edu_6_20260616_145740|2726978891000,Edu,Edu_6_20260616_145740,2726978891000,continue,continue,0.4328455328941345,0.3397639393806457,0.0,0.2273904681205749,True,True,False,True
test|Edu_6_20260616_145740|2727312224000,Edu,Edu_6_20260616_145740,2727312224000,continue,continue,0.4288524687290191,0.3339870572090149,0.0,0.2371605336666107,True,True,False,True
test|Edu_6_20260616_145740|2727645557000,Edu,Edu_6_20260616_145740,2727645557000,continue,continue,0.4236705899238586,0.3282786309719085,0.0,0.2480508387088775,True,True,False,True
test|Edu_6_20260616_145740|2727978891000,Edu,Edu_6_20260616_145740,2727978891000,continue,continue,0.4181998372077942,0.3291975855827331,0.0,0.2526025772094726,True,True,False,True
test|Edu_6_20260616_145740|2728312224000,Edu,Edu_6_20260616_145740,2728312224000,continue,continue,0.4116933345794678,0.3314022421836853,0.0,0.2569044232368469,True,True,False,True
test|Edu_6_20260616_145740|2728645557000,Edu,Edu_6_20260616_145740,2728645557000,continue,continue,0.4130163490772247,0.3214911222457886,0.0,0.2654925286769867,True,True,False,True
test|Edu_6_20260616_145740|2728978891000,Edu,Edu_6_20260616_145740,2728978891000,continue,continue,0.4223398268222809,0.3084215521812439,0.0,0.2692386507987976,True,True,False,True
test|Edu_6_20260616_145740|2729312224000,Edu,Edu_6_20260616_145740,2729312224000,continue,fetch,0.4341036379337311,0.2917650938034057,0.0,0.2741312384605407,True,True,False,True
test|Edu_6_20260616_145740|2729645557000,Edu,Edu_6_20260616_145740,2729645557000,continue,fetch,0.4558649361133575,0.2760065793991089,0.0,0.2681285142898559,True,True,False,True
test|Edu_6_20260616_145740|2729978891000,Edu,Edu_6_20260616_145740,2729978891000,fetch,fetch,0.4735012054443359,0.2556768357753753,0.0,0.2708218991756439,True,True,False,True
test|Edu_6_20260616_145740|2730312224000,Edu,Edu_6_20260616_145740,2730312224000,fetch,fetch,0.4898236989974975,0.2425411194562912,0.0,0.2676351368427276,True,True,False,True
test|Edu_6_20260616_145740|2730645557000,Edu,Edu_6_20260616_145740,2730645557000,fetch,handover,0.4972926080226898,0.2391121685504913,0.0,0.2635952532291412,True,True,False,True
test|Edu_6_20260616_145740|2730978891000,Edu,Edu_6_20260616_145740,2730978891000,fetch,handover,0.4998873174190521,0.2428368926048278,0.0,0.2572757601737976,True,True,False,True
test|Edu_6_20260616_145740|2731312224000,Edu,Edu_6_20260616_145740,2731312224000,fetch,handover,0.4972536861896515,0.2508025467395782,0.0,0.2519437670707702,True,True,False,True
test|Edu_6_20260616_145740|2731645557000,Edu,Edu_6_20260616_145740,2731645557000,fetch,fetch,0.484146773815155,0.2606250047683716,0.0,0.2552282214164734,True,True,False,True
test|Edu_6_20260616_145740|2731978890000,Edu,Edu_6_20260616_145740,2731978890000,fetch,fetch,0.4782887101173401,0.2754140198230743,0.0,0.2462972402572631,True,True,False,True
test|Edu_6_20260616_145740|2732312224000,Edu,Edu_6_20260616_145740,2732312224000,fetch,fetch,0.4763505160808563,0.2881369292736053,0.0,0.2355125248432159,True,True,False,True
test|Edu_6_20260616_145740|2732645557000,Edu,Edu_6_20260616_145740,2732645557000,fetch,fetch,0.4575378000736236,0.3087432980537414,0.0,0.2337189018726349,True,True,False,True
test|Edu_6_20260616_145740|2732978890000,Edu,Edu_6_20260616_145740,2732978890000,fetch,fetch,0.4327467978000641,0.3308049142360687,0.0,0.2364482581615448,True,True,False,True
test|Edu_6_20260616_145740|2733312224000,Edu,Edu_6_20260616_145740,2733312224000,fetch,fetch,0.4207329154014587,0.3427829444408417,0.0,0.2364842146635055,True,True,False,True
test|Edu_6_20260616_145740|2733645557000,Edu,Edu_6_20260616_145740,2733645557000,fetch,fetch,0.4198317229747772,0.3420723974704742,0.0,0.2380958646535873,True,True,False,True
test|Edu_6_20260616_145740|2733978890000,Edu,Edu_6_20260616_145740,2733978890000,fetch,fetch,0.4228922426700592,0.3337247669696808,0.0,0.2433830052614212,True,True,False,True
test|Edu_6_20260616_145740|2735645557000,Edu,Edu_6_20260616_145740,2735645557000,handover,handover,0.4931427240371704,0.2506861984729767,0.0,0.2561710774898529,True,True,False,True
test|Edu_6_20260616_145740|2735978890000,Edu,Edu_6_20260616_145740,2735978890000,handover,handover,0.4923913776874542,0.2493399679660797,0.0,0.2582686245441437,True,True,False,True
test|Edu_6_20260616_145740|2736312223000,Edu,Edu_6_20260616_145740,2736312223000,handover,handover,0.488976776599884,0.2535458505153656,0.0,0.2574774324893951,True,True,False,True
test|Edu_6_20260616_145740|2736645557000,Edu,Edu_6_20260616_145740,2736645557000,handover,handover,0.4747425615787506,0.2801730632781982,0.0,0.2450844347476959,True,True,False,True
test|Edu_6_20260616_145740|2736978890000,Edu,Edu_6_20260616_145740,2736978890000,handover,handover,0.4490680396556854,0.3195153474807739,0.0,0.2314166128635406,True,True,False,True
test|Edu_6_20260616_145740|2737312223000,Edu,Edu_6_20260616_145740,2737312223000,handover,handover,0.4221826791763305,0.355246365070343,0.0,0.2225709855556488,True,True,False,True
test|Edu_6_20260616_145740|2737645557000,Edu,Edu_6_20260616_145740,2737645557000,handover,handover,0.4043883979320526,0.3827961385250091,0.0,0.212815448641777,True,True,False,True
test|Edu_6_20260616_145740|2737978890000,Edu,Edu_6_20260616_145740,2737978890000,handover,handover,0.3938047587871551,0.4000292718410492,0.0,0.206165999174118,True,True,False,True
test|Edu_6_20260616_145740|2738312223000,Edu,Edu_6_20260616_145740,2738312223000,handover,handover,0.3885491490364074,0.4084288775920868,0.0,0.2030219286680221,True,True,False,True
test|Edu_6_20260616_145740|2738645556000,Edu,Edu_6_20260616_145740,2738645556000,handover,handover,0.3841416239738464,0.4114654958248138,0.0,0.2043929249048233,True,True,False,True
test|Edu_6_20260616_145740|2738978890000,Edu,Edu_6_20260616_145740,2738978890000,handover,handover,0.383031278848648,0.4052431583404541,0.0,0.211725503206253,True,True,False,True
test|Edu_6_20260616_145740|2739312223000,Edu,Edu_6_20260616_145740,2739312223000,handover,handover,0.3856299817562103,0.3926914930343628,0.0,0.221678540110588,True,True,False,True
test|Edu_6_20260616_145740|2739645556000,Edu,Edu_6_20260616_145740,2739645556000,handover,handover,0.3961966633796692,0.3788525760173797,0.0,0.2249507308006286,True,True,False,True
test|Edu_6_20260616_145740|2739978890000,Edu,Edu_6_20260616_145740,2739978890000,handover,handover,0.4080153405666351,0.3542950749397278,0.0,0.2376895397901535,True,True,False,True
test|Edu_6_20260616_145740|2740312223000,Edu,Edu_6_20260616_145740,2740312223000,handover,handover,0.4135700166225433,0.3278197050094604,0.0,0.2586102187633514,True,True,False,True
test|Edu_6_20260616_145740|2740645556000,Edu,Edu_6_20260616_145740,2740645556000,handover,handover,0.418383777141571,0.2987402379512787,0.0,0.2828759253025055,True,True,False,True
test|Edu_6_20260616_145740|2740978889000,Edu,Edu_6_20260616_145740,2740978889000,handover,handover,0.4249738752841949,0.2706906795501709,0.0,0.3043354451656341,True,True,False,True
test|Edu_6_20260616_145740|2741312223000,Edu,Edu_6_20260616_145740,2741312223000,handover,handover,0.4289277195930481,0.2624119222164154,0.0,0.3086603879928589,True,True,False,True
test|Edu_6_20260616_145740|2741645556000,Edu,Edu_6_20260616_145740,2741645556000,handover,handover,0.418140560388565,0.2649515271186828,0.0,0.3169079124927521,True,True,False,True
test|Edu_6_20260616_145740|2741978889000,Edu,Edu_6_20260616_145740,2741978889000,handover,handover,0.4242844581604004,0.2627055943012237,0.0,0.3130099475383758,True,True,False,True
test|Edu_6_20260616_145740|2742312223000,Edu,Edu_6_20260616_145740,2742312223000,handover,handover,0.4292595386505127,0.2574621140956878,0.0,0.313278317451477,True,True,False,True
test|Edu_6_20260616_145740|2742645556000,Edu,Edu_6_20260616_145740,2742645556000,handover,handover,0.4425626695156097,0.2537020444869995,0.0,0.3037353456020355,True,True,False,True
test|Edu_6_20260616_145740|2742978889000,Edu,Edu_6_20260616_145740,2742978889000,handover,handover,0.4596506655216217,0.2496853917837143,0.0,0.2906638979911804,True,True,False,True
test|Edu_6_20260616_145740|2743312223000,Edu,Edu_6_20260616_145740,2743312223000,handover,handover,0.4677287340164184,0.244384616613388,0.0,0.2878867387771606,True,True,False,True
test|Edu_6_20260616_145740|2743645556000,Edu,Edu_6_20260616_145740,2743645556000,handover,handover,0.4685327708721161,0.2410091310739517,0.0,0.2904581129550934,True,True,False,True
test|Edu_6_20260616_145740|2743978889000,Edu,Edu_6_20260616_145740,2743978889000,handover,handover,0.461439847946167,0.2453794181346893,0.0,0.293180763721466,True,True,False,True
test|Edu_6_20260616_145740|2744312222000,Edu,Edu_6_20260616_145740,2744312222000,handover,handover,0.4741666316986084,0.248210921883583,0.0,0.2776224017143249,True,True,False,True
test|Edu_6_20260616_145740|2744645556000,Edu,Edu_6_20260616_145740,2744645556000,handover,handover,0.466561496257782,0.2451700717210769,0.0,0.2882683873176574,True,True,False,True
test|Edu_6_20260616_145740|2744978889000,Edu,Edu_6_20260616_145740,2744978889000,handover,handover,0.4577490389347076,0.242171362042427,0.0,0.3000796437263489,True,True,False,True
test|Edu_6_20260616_145740|2745312222000,Edu,Edu_6_20260616_145740,2745312222000,handover,handover,0.4508079886436462,0.2484502047300338,0.0,0.3007418513298034,True,True,False,True
test|Edu_6_20260616_145740|2745645556000,Edu,Edu_6_20260616_145740,2745645556000,handover,handover,0.4351274073123932,0.2604529559612274,0.0,0.3044196367263794,True,True,False,True
test|Edu_7_20260616_145927|2820778892000,Edu,Edu_7_20260616_145927,2820778892000,continue,fetch,0.3965933620929718,0.2496081888675689,0.1329406648874282,0.2208577543497085,True,True,True,True
test|Edu_7_20260616_145927|2821112225000,Edu,Edu_7_20260616_145927,2821112225000,continue,handover,0.389731615781784,0.2593012750148773,0.1404818743467331,0.2104852199554443,True,True,True,True
test|Edu_7_20260616_145927|2821445558000,Edu,Edu_7_20260616_145927,2821445558000,continue,fetch,0.3783820867538452,0.2684100568294525,0.1514762192964553,0.2017316371202469,True,True,True,True
test|Edu_7_20260616_145927|2821778892000,Edu,Edu_7_20260616_145927,2821778892000,continue,continue,0.3640708029270172,0.2768912017345428,0.1654389798641204,0.1935989558696746,True,True,True,True
test|Edu_7_20260616_145927|2822112225000,Edu,Edu_7_20260616_145927,2822112225000,continue,continue,0.3539734184741974,0.2834417521953583,0.1754340231418609,0.1871507912874221,True,True,True,True
test|Edu_7_20260616_145927|2822445558000,Edu,Edu_7_20260616_145927,2822445558000,continue,continue,0.3497775197029114,0.2862031161785126,0.1823959499597549,0.1816233843564987,True,True,True,True
test|Edu_7_20260616_145927|2822778891000,Edu,Edu_7_20260616_145927,2822778891000,continue,continue,0.3538781106472015,0.2887457013130188,0.178069069981575,0.1793071031570434,True,True,True,True
test|Edu_7_20260616_145927|2823112225000,Edu,Edu_7_20260616_145927,2823112225000,continue,continue,0.3533317744731903,0.2947272062301636,0.1698592156171798,0.1820818185806274,True,True,True,True
test|Edu_7_20260616_145927|2823445558000,Edu,Edu_7_20260616_145927,2823445558000,continue,continue,0.35586878657341,0.3016953766345978,0.1567633002996444,0.1856725513935089,True,True,True,True
test|Edu_7_20260616_145927|2823778891000,Edu,Edu_7_20260616_145927,2823778891000,continue,continue,0.3664886355400085,0.2982484102249145,0.1418472975492477,0.1934156417846679,True,True,True,True
test|Edu_7_20260616_145927|2824112225000,Edu,Edu_7_20260616_145927,2824112225000,continue,continue,0.3728171586990356,0.2974750697612762,0.1319070309400558,0.1978007853031158,True,True,True,True
test|Edu_7_20260616_145927|2824445558000,Edu,Edu_7_20260616_145927,2824445558000,continue,continue,0.3796088695526123,0.300823837518692,0.1224161610007286,0.19715116918087,True,True,True,True
test|Edu_7_20260616_145927|2824778891000,Edu,Edu_7_20260616_145927,2824778891000,continue,continue,0.3775200843811035,0.2958106398582458,0.1300618648529052,0.1966074407100677,True,True,True,True
test|Edu_7_20260616_145927|2825112225000,Edu,Edu_7_20260616_145927,2825112225000,continue,continue,0.3756624460220337,0.2888168394565582,0.1347331404685974,0.2007875740528106,True,True,True,True
test|Edu_7_20260616_145927|2825445558000,Edu,Edu_7_20260616_145927,2825445558000,continue,continue,0.3769674599170685,0.2813886702060699,0.1367246955633163,0.2049191147089004,True,True,True,True
test|Edu_7_20260616_145927|2825778891000,Edu,Edu_7_20260616_145927,2825778891000,continue,continue,0.3734622001647949,0.2793620824813843,0.1436071097850799,0.2035685628652572,True,True,True,True
test|Edu_7_20260616_145927|2826112224000,Edu,Edu_7_20260616_145927,2826112224000,continue,continue,0.3677778840065002,0.2772240340709686,0.1500872820615768,0.2049107700586319,True,True,True,True
test|Edu_7_20260616_145927|2826445558000,Edu,Edu_7_20260616_145927,2826445558000,continue,continue,0.3652273416519165,0.2680122256278991,0.1582218557596206,0.2085385620594024,True,True,True,True
test|Edu_7_20260616_145927|2826778891000,Edu,Edu_7_20260616_145927,2826778891000,continue,continue,0.363550066947937,0.2688380479812622,0.1562613099813461,0.2113505154848098,True,True,True,True
test|Edu_7_20260616_145927|2827112224000,Edu,Edu_7_20260616_145927,2827112224000,continue,continue,0.3595393002033233,0.2700286507606506,0.1577228903770446,0.2127091437578201,True,True,True,True
test|Edu_7_20260616_145927|2827445558000,Edu,Edu_7_20260616_145927,2827445558000,continue,continue,0.3568995594978332,0.263624370098114,0.161752387881279,0.2177236229181289,True,True,True,True
test|Edu_7_20260616_145927|2827778891000,Edu,Edu_7_20260616_145927,2827778891000,continue,continue,0.3561943471431732,0.2628459632396698,0.1576319634914398,0.2233277559280395,True,True,True,True
test|Edu_7_20260616_145927|2828112224000,Edu,Edu_7_20260616_145927,2828112224000,continue,continue,0.3557795286178589,0.2690161764621734,0.1548273563385009,0.2203769236803054,True,True,True,True
test|Edu_7_20260616_145927|2828445558000,Edu,Edu_7_20260616_145927,2828445558000,continue,continue,0.3557053506374359,0.2739221155643463,0.1494528800249099,0.2209196537733078,True,True,True,True
test|Edu_7_20260616_145927|2828778891000,Edu,Edu_7_20260616_145927,2828778891000,continue,continue,0.3565162122249603,0.2740024328231811,0.1472606658935547,0.2222206741571426,True,True,True,True
test|Edu_7_20260616_145927|2829112224000,Edu,Edu_7_20260616_145927,2829112224000,continue,continue,0.3641612827777862,0.2775702476501465,0.1414735317230224,0.2167948484420776,True,True,True,True
test|Edu_7_20260616_145927|2829445557000,Edu,Edu_7_20260616_145927,2829445557000,continue,continue,0.3682262003421783,0.2873781323432922,0.1384927630424499,0.2059029340744018,True,True,True,True
test|Edu_7_20260616_145927|2829778891000,Edu,Edu_7_20260616_145927,2829778891000,continue,continue,0.3692448437213897,0.2959615588188171,0.1358778625726699,0.1989156603813171,True,True,True,True
test|Edu_7_20260616_145927|2830112224000,Edu,Edu_7_20260616_145927,2830112224000,continue,continue,0.3714185357093811,0.2978854477405548,0.1313742846250534,0.1993216872215271,True,True,True,True
test|Edu_7_20260616_145927|2830445557000,Edu,Edu_7_20260616_145927,2830445557000,continue,continue,0.3685277998447418,0.3041277825832367,0.1327041387557983,0.1946402490139007,True,True,True,True
test|Edu_7_20260616_145927|2830778891000,Edu,Edu_7_20260616_145927,2830778891000,continue,continue,0.3611107766628265,0.3108662664890289,0.1338455826044082,0.194177359342575,True,True,True,True
test|Edu_7_20260616_145927|2831112224000,Edu,Edu_7_20260616_145927,2831112224000,continue,continue,0.3604951500892639,0.3042438924312591,0.1372837126255035,0.1979773193597793,True,True,True,True
test|Edu_7_20260616_145927|2831445557000,Edu,Edu_7_20260616_145927,2831445557000,continue,continue,0.3611299991607666,0.3011391758918762,0.1397264152765274,0.1980044096708297,True,True,True,True
test|Edu_7_20260616_145927|2831778891000,Edu,Edu_7_20260616_145927,2831778891000,continue,continue,0.3610956072807312,0.2905628383159637,0.1501093506813049,0.1982321888208389,True,True,True,True
test|Edu_7_20260616_145927|2832112224000,Edu,Edu_7_20260616_145927,2832112224000,continue,continue,0.3553991913795471,0.2846080958843231,0.1627798080444336,0.1972128301858902,True,True,True,True
test|Edu_7_20260616_145927|2832445557000,Edu,Edu_7_20260616_145927,2832445557000,continue,continue,0.3518425226211548,0.2785754203796386,0.1675822138786316,0.2019998431205749,True,True,True,True
test|Edu_7_20260616_145927|2832778890000,Edu,Edu_7_20260616_145927,2832778890000,continue,continue,0.3514676988124847,0.2752779722213745,0.1715005040168762,0.2017538249492645,True,True,True,True
test|Edu_7_20260616_145927|2833112224000,Edu,Edu_7_20260616_145927,2833112224000,continue,continue,0.346487283706665,0.2759778797626495,0.1772926151752472,0.2002422362565994,True,True,True,True
test|Edu_7_20260616_145927|2833445557000,Edu,Edu_7_20260616_145927,2833445557000,continue,continue,0.3309215903282165,0.2771029472351074,0.1846655756235122,0.2073098868131637,True,True,True,True
test|Edu_7_20260616_145927|2833778890000,Edu,Edu_7_20260616_145927,2833778890000,continue,continue,0.3259728550910949,0.2785471081733703,0.1784916967153549,0.2169883251190185,True,True,True,True
test|Edu_7_20260616_145927|2834112224000,Edu,Edu_7_20260616_145927,2834112224000,continue,continue,0.3274346888065338,0.276471197605133,0.1672480404376983,0.2288461625576019,True,True,True,True
test|Edu_7_20260616_145927|2834445557000,Edu,Edu_7_20260616_145927,2834445557000,continue,continue,0.3389069736003876,0.272190123796463,0.1598526090383529,0.2290502339601516,True,True,True,True
test|Edu_7_20260616_145927|2834778890000,Edu,Edu_7_20260616_145927,2834778890000,continue,continue,0.352722704410553,0.2665645182132721,0.1569849550724029,0.2237277776002884,True,True,True,True
test|Edu_7_20260616_145927|2835112224000,Edu,Edu_7_20260616_145927,2835112224000,continue,continue,0.3643168210983276,0.2569780051708221,0.1550826728343963,0.223622515797615,True,True,True,True
test|Edu_7_20260616_145927|2835445557000,Edu,Edu_7_20260616_145927,2835445557000,continue,continue,0.3853716254234314,0.2403285354375839,0.1517566293478012,0.222543179988861,True,True,True,True
test|Edu_7_20260616_145927|2835778890000,Edu,Edu_7_20260616_145927,2835778890000,continue,fetch,0.3932299613952636,0.2305474728345871,0.1500958353281021,0.2261266708374023,True,True,True,True
test|Edu_7_20260616_145927|2836112223000,Edu,Edu_7_20260616_145927,2836112223000,continue,fetch,0.3981088101863861,0.2232061326503753,0.1481366604566574,0.2305484861135482,True,True,True,True
test|Edu_7_20260616_145927|2836445557000,Edu,Edu_7_20260616_145927,2836445557000,fetch,fetch,0.4033408761024475,0.2163493484258651,0.1445407569408416,0.2357690632343292,True,True,True,True
test|Edu_7_20260616_145927|2836778890000,Edu,Edu_7_20260616_145927,2836778890000,fetch,fetch,0.4070373475551605,0.2119590640068054,0.1409192532300949,0.2400843054056167,True,True,True,True
test|Edu_7_20260616_145927|2837112223000,Edu,Edu_7_20260616_145927,2837112223000,fetch,fetch,0.4101794958114624,0.2125321179628372,0.1355292946100235,0.2417590916156768,True,True,True,True
test|Edu_7_20260616_145927|2837445557000,Edu,Edu_7_20260616_145927,2837445557000,fetch,fetch,0.4090319871902466,0.2238490134477615,0.1330745667219162,0.2340444773435592,True,True,True,True
test|Edu_7_20260616_145927|2837778890000,Edu,Edu_7_20260616_145927,2837778890000,fetch,fetch,0.4066337049007416,0.2382218241691589,0.1295763403177261,0.2255680859088897,True,True,True,True
test|Edu_7_20260616_145927|2838112223000,Edu,Edu_7_20260616_145927,2838112223000,fetch,fetch,0.3964796960353851,0.2535105645656585,0.1271288692951202,0.2228808999061584,True,True,True,True
test|Edu_7_20260616_145927|2838445557000,Edu,Edu_7_20260616_145927,2838445557000,fetch,fetch,0.3839669227600097,0.2685560584068298,0.1295617073774337,0.2179153859615326,True,True,True,True
test|Edu_7_20260616_145927|2838778890000,Edu,Edu_7_20260616_145927,2838778890000,fetch,fetch,0.3759863972663879,0.2827315926551819,0.1287610530853271,0.212520956993103,True,True,True,True
test|Edu_7_20260616_145927|2839112223000,Edu,Edu_7_20260616_145927,2839112223000,fetch,fetch,0.3694833815097809,0.2953334748744964,0.1285887509584427,0.2065943628549575,True,True,True,True
test|Edu_7_20260616_145927|2839445556000,Edu,Edu_7_20260616_145927,2839445556000,fetch,fetch,0.36396124958992,0.3030088543891907,0.1298556476831436,0.2031742334365844,True,True,True,True
test|Edu_7_20260616_145927|2839778890000,Edu,Edu_7_20260616_145927,2839778890000,fetch,fetch,0.362211525440216,0.3074767589569092,0.1324117332696914,0.1979000270366668,True,True,True,True
test|Edu_7_20260616_145927|2840112223000,Edu,Edu_7_20260616_145927,2840112223000,fetch,fetch,0.3628903925418854,0.3064731955528259,0.1338981091976165,0.1967382729053497,True,True,True,True
test|Edu_7_20260616_145927|2840445556000,Edu,Edu_7_20260616_145927,2840445556000,fetch,fetch,0.3700591325759887,0.2978619337081909,0.1310335546731948,0.2010453790426254,True,True,True,True
test|Edu_7_20260616_145927|2840778890000,Edu,Edu_7_20260616_145927,2840778890000,fetch,fetch,0.3797298073768616,0.2809658050537109,0.1305045336484909,0.208799809217453,True,True,True,True
test|Edu_7_20260616_145927|2842778889000,Edu,Edu_7_20260616_145927,2842778889000,handover,handover,0.4054592847824096,0.2221020013093948,0.1359038650989532,0.2365348041057586,True,True,True,True
test|Edu_7_20260616_145927|2843112223000,Edu,Edu_7_20260616_145927,2843112223000,handover,handover,0.4058057963848114,0.2232982814311981,0.1356629133224487,0.2352330088615417,True,True,True,True
test|Edu_7_20260616_145927|2843445556000,Edu,Edu_7_20260616_145927,2843445556000,handover,handover,0.3972495794296264,0.2398341000080108,0.132857009768486,0.2300593107938766,True,True,True,True
test|Edu_7_20260616_145927|2843778889000,Edu,Edu_7_20260616_145927,2843778889000,handover,handover,0.3734173476696014,0.2722111046314239,0.1278496086597442,0.2265219092369079,True,True,True,True
test|Edu_7_20260616_145927|2844112223000,Edu,Edu_7_20260616_145927,2844112223000,handover,handover,0.3523553907871246,0.3044027388095855,0.122424766421318,0.2208171337842941,True,True,True,True
test|Edu_7_20260616_145927|2844445556000,Edu,Edu_7_20260616_145927,2844445556000,handover,handover,0.3333093225955963,0.3330528140068054,0.1192236840724945,0.2144141346216201,True,True,True,True
test|Edu_7_20260616_145927|2844778889000,Edu,Edu_7_20260616_145927,2844778889000,handover,handover,0.3195946216583252,0.3505008220672607,0.1170960217714309,0.2128085494041443,True,True,True,True
test|Edu_7_20260616_145927|2845112223000,Edu,Edu_7_20260616_145927,2845112223000,handover,handover,0.3139147460460663,0.3568549454212188,0.1156773269176483,0.2135529369115829,True,True,True,True
test|Edu_7_20260616_145927|2845445556000,Edu,Edu_7_20260616_145927,2845445556000,handover,handover,0.3196540176868438,0.348758339881897,0.1155301257967948,0.216057538986206,True,True,True,True
test|Edu_7_20260616_145927|2845778889000,Edu,Edu_7_20260616_145927,2845778889000,handover,handover,0.3366515040397644,0.3314403891563415,0.1158843338489532,0.216023713350296,True,True,True,True
test|Edu_7_20260616_145927|2846112222000,Edu,Edu_7_20260616_145927,2846112222000,handover,handover,0.3561564981937408,0.3082441389560699,0.1181238517165184,0.2174754738807678,True,True,True,True
test|Edu_8_20260616_150108|2922078891000,Edu,Edu_8_20260616_150108,2922078891000,continue,continue,0.4624866545200348,0.265471488237381,0.0,0.2720418274402618,True,True,False,True
test|Edu_8_20260616_150108|2922412224000,Edu,Edu_8_20260616_150108,2922412224000,continue,continue,0.4580943882465362,0.2763428390026092,0.0,0.2655627131462097,True,True,False,True
test|Edu_8_20260616_150108|2922745557000,Edu,Edu_8_20260616_150108,2922745557000,continue,continue,0.4462412297725677,0.2977345585823059,0.0,0.2560241818428039,True,True,False,True
test|Edu_8_20260616_150108|2923078891000,Edu,Edu_8_20260616_150108,2923078891000,continue,continue,0.4331091046333313,0.32187220454216,0.0,0.2450186312198639,True,True,False,True
test|Edu_8_20260616_150108|2923412224000,Edu,Edu_8_20260616_150108,2923412224000,continue,continue,0.4285121262073517,0.3320679366588592,0.0,0.2394200265407562,True,True,False,True
test|Edu_8_20260616_150108|2923745557000,Edu,Edu_8_20260616_150108,2923745557000,continue,continue,0.4268986582756042,0.3337947130203247,0.0,0.2393065989017486,True,True,False,True
test|Edu_8_20260616_150108|2924078890000,Edu,Edu_8_20260616_150108,2924078890000,continue,continue,0.4277663826942444,0.3380407094955444,0.0,0.2341928631067276,True,True,False,True
test|Edu_8_20260616_150108|2924412224000,Edu,Edu_8_20260616_150108,2924412224000,continue,continue,0.4231172204017639,0.3424582481384277,0.0,0.2344245314598083,True,True,False,True
test|Edu_8_20260616_150108|2924745557000,Edu,Edu_8_20260616_150108,2924745557000,continue,continue,0.418763130903244,0.3399490714073181,0.0,0.241287812590599,True,True,False,True
test|Edu_8_20260616_150108|2925078890000,Edu,Edu_8_20260616_150108,2925078890000,continue,continue,0.4177269637584686,0.3440604507923126,0.0,0.2382125705480575,True,True,False,True
test|Edu_8_20260616_150108|2925412224000,Edu,Edu_8_20260616_150108,2925412224000,continue,continue,0.4158710837364197,0.354651391506195,0.0,0.2294775247573852,True,True,False,True
test|Edu_8_20260616_150108|2925745557000,Edu,Edu_8_20260616_150108,2925745557000,continue,continue,0.4153861999511719,0.3598338961601257,0.0,0.2247798889875412,True,True,False,True
test|Edu_8_20260616_150108|2926078890000,Edu,Edu_8_20260616_150108,2926078890000,continue,continue,0.4096883535385132,0.3587836623191833,0.0,0.2315279990434646,True,True,False,True
test|Edu_8_20260616_150108|2926412224000,Edu,Edu_8_20260616_150108,2926412224000,continue,continue,0.4045711457729339,0.3510662913322449,0.0,0.2443626075983047,True,True,False,True
test|Edu_8_20260616_150108|2926745557000,Edu,Edu_8_20260616_150108,2926745557000,continue,continue,0.4105278551578522,0.3387361466884613,0.0,0.2507359385490417,True,True,False,True
test|Edu_8_20260616_150108|2927078890000,Edu,Edu_8_20260616_150108,2927078890000,continue,continue,0.4147863984107971,0.3256523907184601,0.0,0.2595612406730652,True,True,False,True
test|Edu_8_20260616_150108|2927412223000,Edu,Edu_8_20260616_150108,2927412223000,continue,continue,0.4171999096870422,0.3119718432426452,0.0,0.2708282172679901,True,True,False,True
test|Edu_8_20260616_150108|2927745557000,Edu,Edu_8_20260616_150108,2927745557000,continue,continue,0.4106770753860473,0.3126731216907501,0.0,0.2766497731208801,True,True,False,True
test|Edu_8_20260616_150108|2928078890000,Edu,Edu_8_20260616_150108,2928078890000,continue,continue,0.4073073863983154,0.3183935880661011,0.0,0.2742989957332611,True,True,False,True
test|Edu_8_20260616_150108|2928412223000,Edu,Edu_8_20260616_150108,2928412223000,continue,continue,0.4169669151306152,0.3306617438793182,0.0,0.2523713707923889,True,True,False,True
test|Edu_8_20260616_150108|2928745557000,Edu,Edu_8_20260616_150108,2928745557000,continue,continue,0.4159484207630157,0.3449617624282837,0.0,0.2390898764133453,True,True,False,True
test|Edu_8_20260616_150108|2929078890000,Edu,Edu_8_20260616_150108,2929078890000,continue,continue,0.4131234884262085,0.3559679388999939,0.0,0.2309085130691528,True,True,False,True
test|Edu_8_20260616_150108|2929412223000,Edu,Edu_8_20260616_150108,2929412223000,continue,continue,0.4112669825553894,0.3642047345638275,0.0,0.2245282977819442,True,True,False,True
test|Edu_8_20260616_150108|2929745557000,Edu,Edu_8_20260616_150108,2929745557000,continue,continue,0.4159114956855774,0.3658302128314972,0.0,0.2182582765817642,True,True,False,True
test|Edu_8_20260616_150108|2930078890000,Edu,Edu_8_20260616_150108,2930078890000,continue,continue,0.4170186221599579,0.3659519851207733,0.0,0.2170294821262359,True,True,False,True
test|Edu_8_20260616_150108|2930412223000,Edu,Edu_8_20260616_150108,2930412223000,continue,continue,0.4176399707794189,0.3649293184280395,0.0,0.2174306511878967,True,True,False,True
test|Edu_8_20260616_150108|2930745556000,Edu,Edu_8_20260616_150108,2930745556000,continue,continue,0.4136084914207458,0.3623867034912109,0.0,0.2240048497915268,True,True,False,True
test|Edu_8_20260616_150108|2931078890000,Edu,Edu_8_20260616_150108,2931078890000,continue,continue,0.408094197511673,0.3562321662902832,0.0,0.2356736361980438,True,True,False,True
test|Edu_8_20260616_150108|2931412223000,Edu,Edu_8_20260616_150108,2931412223000,continue,continue,0.4044443368911743,0.3477067351341247,0.0,0.2478489577770233,True,True,False,True
test|Edu_8_20260616_150108|2931745556000,Edu,Edu_8_20260616_150108,2931745556000,continue,continue,0.4015054404735565,0.3460961580276489,0.0,0.2523984611034393,True,True,False,True
test|Edu_8_20260616_150108|2932078890000,Edu,Edu_8_20260616_150108,2932078890000,continue,continue,0.4038259088993072,0.3441586494445801,0.0,0.2520154118537903,True,True,False,True
test|Edu_8_20260616_150108|2932412223000,Edu,Edu_8_20260616_150108,2932412223000,continue,continue,0.4193706810474396,0.3239257633686065,0.0,0.2567034959793091,True,True,False,True
test|Edu_8_20260616_150108|2932745556000,Edu,Edu_8_20260616_150108,2932745556000,continue,continue,0.4380306601524353,0.3080537915229797,0.0,0.2539154887199402,True,True,False,True
test|Edu_8_20260616_150108|2933078890000,Edu,Edu_8_20260616_150108,2933078890000,continue,fetch,0.456254780292511,0.2880050837993622,0.0,0.2557401359081268,True,True,False,True
test|Edu_8_20260616_150108|2933412223000,Edu,Edu_8_20260616_150108,2933412223000,fetch,fetch,0.4705585539340973,0.2752389311790466,0.0,0.2542023956775665,True,True,False,True
test|Edu_8_20260616_150108|2933745556000,Edu,Edu_8_20260616_150108,2933745556000,fetch,fetch,0.4812240898609161,0.2618583142757416,0.0,0.2569175958633423,True,True,False,True
test|Edu_8_20260616_150108|2934078889000,Edu,Edu_8_20260616_150108,2934078889000,fetch,fetch,0.4798210561275482,0.2460042983293533,0.0,0.2741746008396148,True,True,False,True
test|Edu_8_20260616_150108|2934412223000,Edu,Edu_8_20260616_150108,2934412223000,fetch,fetch,0.4735153317451477,0.2522470951080322,0.0,0.2742376327514648,True,True,False,True
test|Edu_8_20260616_150108|2934745556000,Edu,Edu_8_20260616_150108,2934745556000,fetch,handover,0.4584559202194214,0.2697498798370361,0.0,0.2717942297458648,True,True,False,True
test|Edu_8_20260616_150108|2935078889000,Edu,Edu_8_20260616_150108,2935078889000,fetch,fetch,0.4552006721496582,0.2880029082298279,0.0,0.2567963898181915,True,True,False,True
test|Edu_8_20260616_150108|2935412223000,Edu,Edu_8_20260616_150108,2935412223000,fetch,fetch,0.3887242674827575,0.2608274519443512,0.1409558355808258,0.2094924002885818,True,True,True,True
test|Edu_8_20260616_150108|2935745556000,Edu,Edu_8_20260616_150108,2935745556000,fetch,fetch,0.3827359080314636,0.2765965163707733,0.1344868838787078,0.2061806917190551,True,True,True,True
test|Edu_8_20260616_150108|2936078889000,Edu,Edu_8_20260616_150108,2936078889000,fetch,fetch,0.3792961537837982,0.2943267226219177,0.1320132762193679,0.1943639367818832,True,True,True,True
test|Edu_8_20260616_150108|2936412223000,Edu,Edu_8_20260616_150108,2936412223000,fetch,fetch,0.3750230967998504,0.3037558197975158,0.1299225687980651,0.1912984997034073,True,True,True,True
test|Edu_8_20260616_150108|2936745556000,Edu,Edu_8_20260616_150108,2936745556000,fetch,fetch,0.3745549917221069,0.3051509857177734,0.1300244182348251,0.1902695745229721,True,True,True,True
test|Edu_8_20260616_150108|2937078889000,Edu,Edu_8_20260616_150108,2937078889000,fetch,fetch,0.3726926743984222,0.3051255643367767,0.1296171993017196,0.1925645470619201,True,True,True,True
test|Edu_8_20260616_150108|2937412222000,Edu,Edu_8_20260616_150108,2937412222000,fetch,fetch,0.3699504733085632,0.3040293455123901,0.1295964866876602,0.1964236199855804,True,True,True,True
test|Edu_8_20260616_150108|2937745556000,Edu,Edu_8_20260616_150108,2937745556000,fetch,fetch,0.3720112442970276,0.2994565963745117,0.1313442140817642,0.19718798995018,True,True,True,True
test|Edu_8_20260616_150108|2938078889000,Edu,Edu_8_20260616_150108,2938078889000,fetch,fetch,0.3807776570320129,0.2891523838043213,0.1299774795770645,0.20009246468544,True,True,True,True
test|Edu_8_20260616_150108|2938412222000,Edu,Edu_8_20260616_150108,2938412222000,fetch,fetch,0.3939023017883301,0.2754689753055572,0.1277318894863128,0.2028968930244445,True,True,True,True
test|Edu_8_20260616_150108|2940745555000,Edu,Edu_8_20260616_150108,2940745555000,handover,handover,0.4178974628448486,0.2254676073789596,0.1119689866900444,0.2446658462285995,True,True,True,True
test|Edu_8_20260616_150108|2941078889000,Edu,Edu_8_20260616_150108,2941078889000,handover,handover,0.4077126681804657,0.2411819100379943,0.1093290597200393,0.2417764514684677,True,True,True,True
test|Edu_8_20260616_150108|2941412222000,Edu,Edu_8_20260616_150108,2941412222000,handover,handover,0.3894321918487549,0.2693138420581817,0.1052601709961891,0.2359937578439712,True,True,True,True
test|Edu_8_20260616_150108|2941745555000,Edu,Edu_8_20260616_150108,2941745555000,handover,handover,0.3708668649196625,0.2990504503250122,0.1004563421010971,0.2296263426542282,True,True,True,True
test|Edu_8_20260616_150108|2942078889000,Edu,Edu_8_20260616_150108,2942078889000,handover,handover,0.3541391491889953,0.3238721787929535,0.1030959635972976,0.218892753124237,True,True,True,True
test|Edu_8_20260616_150108|2942412222000,Edu,Edu_8_20260616_150108,2942412222000,handover,handover,0.3403100073337555,0.3394055366516113,0.1073720976710319,0.2129124104976654,True,True,True,True
test|Edu_8_20260616_150108|2942745555000,Edu,Edu_8_20260616_150108,2942745555000,handover,handover,0.3298884034156799,0.3469443619251251,0.1126705035567283,0.2104966789484024,True,True,True,True
test|Edu_8_20260616_150108|2943078889000,Edu,Edu_8_20260616_150108,2943078889000,handover,handover,0.3220026195049286,0.3490229547023773,0.1201196908950805,0.2088547497987747,True,True,True,True
test|Edu_8_20260616_150108|2943412222000,Edu,Edu_8_20260616_150108,2943412222000,handover,handover,0.3152143061161041,0.3481326401233673,0.1245973482728004,0.2120556682348251,True,True,True,True
test|Edu_8_20260616_150108|2943745555000,Edu,Edu_8_20260616_150108,2943745555000,handover,handover,0.3191253542900085,0.339676171541214,0.1260125637054443,0.2151858806610107,True,True,True,True
test|Edu_8_20260616_150108|2944078888000,Edu,Edu_8_20260616_150108,2944078888000,handover,handover,0.3318405151367187,0.3252042233943939,0.1205585002899169,0.2223968356847763,True,True,True,True
test|Edu_8_20260616_150108|2944412222000,Edu,Edu_8_20260616_150108,2944412222000,handover,handover,0.3501397371292114,0.3049274384975433,0.1170123517513275,0.2279205024242401,True,True,True,True
test|Edu_9_20260616_150247|3022645556000,Edu,Edu_9_20260616_150247,3022645556000,continue,handover,0.6403159499168396,0.0,0.0,0.3596839904785156,True,False,False,True
test|Edu_9_20260616_150247|3022978890000,Edu,Edu_9_20260616_150247,3022978890000,continue,handover,0.6249377131462097,0.0,0.0,0.3750622272491455,True,False,False,True
test|Edu_9_20260616_150247|3023312223000,Edu,Edu_9_20260616_150247,3023312223000,continue,handover,0.6150109767913818,0.0,0.0,0.3849890530109405,True,False,False,True
test|Edu_9_20260616_150247|3023645556000,Edu,Edu_9_20260616_150247,3023645556000,continue,handover,0.6141253113746643,0.0,0.0,0.3858747184276581,True,False,False,True
test|Edu_9_20260616_150247|3023978889000,Edu,Edu_9_20260616_150247,3023978889000,continue,handover,0.6201333999633789,0.0,0.0,0.3798666298389435,True,False,False,True
test|Edu_9_20260616_150247|3024312223000,Edu,Edu_9_20260616_150247,3024312223000,continue,handover,0.6217005252838135,0.0,0.0,0.3782994747161865,True,False,False,True
test|Edu_9_20260616_150247|3024645556000,Edu,Edu_9_20260616_150247,3024645556000,continue,handover,0.6219178438186646,0.0,0.0,0.378082126379013,True,False,False,True
test|Edu_9_20260616_150247|3024978889000,Edu,Edu_9_20260616_150247,3024978889000,continue,handover,0.6333953142166138,0.0,0.0,0.3666047155857086,True,False,False,True
test|Edu_9_20260616_150247|3025312223000,Edu,Edu_9_20260616_150247,3025312223000,continue,handover,0.6386138200759888,0.0,0.0,0.3613862097263336,True,False,False,True
test|Edu_9_20260616_150247|3025645556000,Edu,Edu_9_20260616_150247,3025645556000,continue,handover,0.641704797744751,0.0,0.0,0.3582952320575714,True,False,False,True
test|Edu_9_20260616_150247|3025978889000,Edu,Edu_9_20260616_150247,3025978889000,continue,handover,0.6334373950958252,0.0,0.0,0.3665626049041748,True,False,False,True
test|Edu_9_20260616_150247|3026312223000,Edu,Edu_9_20260616_150247,3026312223000,continue,handover,0.633297324180603,0.0,0.0,0.3667027354240417,True,False,False,True
test|Edu_9_20260616_150247|3026645556000,Edu,Edu_9_20260616_150247,3026645556000,continue,handover,0.6319139003753662,0.0,0.0,0.3680861294269562,True,False,False,True
test|Edu_9_20260616_150247|3026978889000,Edu,Edu_9_20260616_150247,3026978889000,continue,handover,0.6236825585365295,0.0,0.0,0.3763173818588257,True,False,False,True
test|Edu_9_20260616_150247|3027312222000,Edu,Edu_9_20260616_150247,3027312222000,continue,fetch,0.6219364404678345,0.0,0.0,0.3780634999275207,True,False,False,True
test|Edu_9_20260616_150247|3027645556000,Edu,Edu_9_20260616_150247,3027645556000,continue,handover,0.6235347986221313,0.0,0.0,0.3764652609825134,True,False,False,True
test|Edu_9_20260616_150247|3027978889000,Edu,Edu_9_20260616_150247,3027978889000,continue,fetch,0.6258864998817444,0.0,0.0,0.3741134703159332,True,False,False,True
test|Edu_9_20260616_150247|3028312222000,Edu,Edu_9_20260616_150247,3028312222000,continue,fetch,0.626245379447937,0.0,0.0,0.3737545907497406,True,False,False,True
test|Edu_9_20260616_150247|3028645556000,Edu,Edu_9_20260616_150247,3028645556000,continue,fetch,0.6335649490356445,0.0,0.0,0.3664350807666778,True,False,False,True
test|Edu_9_20260616_150247|3028978889000,Edu,Edu_9_20260616_150247,3028978889000,continue,handover,0.6442457437515259,0.0,0.0,0.3557541966438293,True,False,False,True
test|Edu_9_20260616_150247|3029312222000,Edu,Edu_9_20260616_150247,3029312222000,continue,handover,0.651030421257019,0.0,0.0,0.3489696085453033,True,False,False,True
test|Edu_9_20260616_150247|3029645555000,Edu,Edu_9_20260616_150247,3029645555000,continue,handover,0.647599458694458,0.0,0.0,0.3524005711078644,True,False,False,True
test|Edu_9_20260616_150247|3029978889000,Edu,Edu_9_20260616_150247,3029978889000,continue,handover,0.6513455510139465,0.0,0.0,0.3486543893814087,True,False,False,True
test|Edu_9_20260616_150247|3030312222000,Edu,Edu_9_20260616_150247,3030312222000,continue,handover,0.6505676507949829,0.0,0.0,0.3494323790073395,True,False,False,True
test|Edu_9_20260616_150247|3030645555000,Edu,Edu_9_20260616_150247,3030645555000,continue,handover,0.6393436193466187,0.0,0.0,0.3606563508510589,True,False,False,True
test|Edu_9_20260616_150247|3030978889000,Edu,Edu_9_20260616_150247,3030978889000,continue,handover,0.6384442448616028,0.0,0.0,0.3615557551383972,True,False,False,True
test|Edu_9_20260616_150247|3031312222000,Edu,Edu_9_20260616_150247,3031312222000,continue,handover,0.6401399970054626,0.0,0.0,0.3598600327968597,True,False,False,True
test|Edu_9_20260616_150247|3031645555000,Edu,Edu_9_20260616_150247,3031645555000,continue,handover,0.6427897810935974,0.0,0.0,0.3572102189064026,True,False,False,True
test|Edu_9_20260616_150247|3031978889000,Edu,Edu_9_20260616_150247,3031978889000,continue,handover,0.645362913608551,0.0,0.0,0.3546371161937713,True,False,False,True
test|Edu_9_20260616_150247|3032312222000,Edu,Edu_9_20260616_150247,3032312222000,continue,handover,0.6396281719207764,0.0,0.0,0.3603718876838684,True,False,False,True
test|Edu_9_20260616_150247|3032645555000,Edu,Edu_9_20260616_150247,3032645555000,continue,handover,0.6478630900382996,0.0,0.0,0.3521368503570556,True,False,False,True
test|Edu_9_20260616_150247|3032978889000,Edu,Edu_9_20260616_150247,3032978889000,continue,handover,0.6477110981941223,0.0,0.0,0.3522889018058777,True,False,False,True
test|Edu_9_20260616_150247|3033312222000,Edu,Edu_9_20260616_150247,3033312222000,continue,handover,0.6485066413879395,0.0,0.0,0.3514933586120605,True,False,False,True
test|Edu_9_20260616_150247|3033645555000,Edu,Edu_9_20260616_150247,3033645555000,continue,handover,0.6476770639419556,0.0,0.0,0.352322906255722,True,False,False,True
test|Edu_9_20260616_150247|3033978888000,Edu,Edu_9_20260616_150247,3033978888000,continue,handover,0.6412787437438965,0.0,0.0,0.3587212264537811,True,False,False,True
test|Edu_9_20260616_150247|3034312222000,Edu,Edu_9_20260616_150247,3034312222000,continue,handover,0.6544366478919983,0.0,0.0,0.3455634117126465,True,False,False,True
test|Edu_9_20260616_150247|3034645555000,Edu,Edu_9_20260616_150247,3034645555000,continue,handover,0.6567105054855347,0.0,0.0,0.3432894945144653,True,False,False,True
test|Edu_9_20260616_150247|3034978888000,Edu,Edu_9_20260616_150247,3034978888000,continue,handover,0.6526707410812378,0.0,0.0,0.3473292589187622,True,False,False,True
test|Edu_9_20260616_150247|3035312222000,Edu,Edu_9_20260616_150247,3035312222000,continue,handover,0.6428349614143372,0.0,0.0,0.3571650087833404,True,False,False,True
test|Edu_9_20260616_150247|3035645555000,Edu,Edu_9_20260616_150247,3035645555000,continue,handover,0.6262996196746826,0.0,0.0,0.3737004399299621,True,False,False,True
test|Edu_9_20260616_150247|3035978888000,Edu,Edu_9_20260616_150247,3035978888000,continue,handover,0.623328685760498,0.0,0.0,0.3766712546348572,True,False,False,True
test|Edu_9_20260616_150247|3036312221000,Edu,Edu_9_20260616_150247,3036312221000,continue,handover,0.6198605895042419,0.0,0.0,0.3801393806934356,True,False,False,True
test|Edu_9_20260616_150247|3036645555000,Edu,Edu_9_20260616_150247,3036645555000,fetch,fetch,0.6151809692382812,0.0,0.0,0.3848190307617187,True,False,False,True
test|Edu_9_20260616_150247|3036978888000,Edu,Edu_9_20260616_150247,3036978888000,fetch,handover,0.6149028539657593,0.0,0.0,0.3850971162319183,True,False,False,True
test|Edu_9_20260616_150247|3037312221000,Edu,Edu_9_20260616_150247,3037312221000,fetch,handover,0.6212718486785889,0.0,0.0,0.3787281811237335,True,False,False,True
test|Edu_9_20260616_150247|3037645555000,Edu,Edu_9_20260616_150247,3037645555000,fetch,handover,0.6371208429336548,0.0,0.0,0.3628791272640228,True,False,False,True
test|Edu_9_20260616_150247|3037978888000,Edu,Edu_9_20260616_150247,3037978888000,fetch,handover,0.6416604518890381,0.0,0.0,0.3583395779132843,True,False,False,True
test|Edu_9_20260616_150247|3038312221000,Edu,Edu_9_20260616_150247,3038312221000,fetch,handover,0.6408987045288086,0.0,0.0,0.359101265668869,True,False,False,True
test|Edu_9_20260616_150247|3038645555000,Edu,Edu_9_20260616_150247,3038645555000,fetch,handover,0.6387743353843689,0.0,0.0,0.3612256348133087,True,False,False,True
test|Edu_9_20260616_150247|3038978888000,Edu,Edu_9_20260616_150247,3038978888000,fetch,handover,0.6447133421897888,0.0,0.0,0.3552866876125335,True,False,False,True
test|Edu_9_20260616_150247|3039312221000,Edu,Edu_9_20260616_150247,3039312221000,fetch,handover,0.6472100019454956,0.0,0.0,0.3527899980545044,True,False,False,True
test|Edu_9_20260616_150247|3039645555000,Edu,Edu_9_20260616_150247,3039645555000,fetch,handover,0.6489543914794922,0.0,0.0,0.3510456383228302,True,False,False,True
test|Edu_9_20260616_150247|3039978888000,Edu,Edu_9_20260616_150247,3039978888000,fetch,handover,0.6499432921409607,0.0,0.0,0.3500567078590393,True,False,False,True
test|Edu_9_20260616_150247|3040312221000,Edu,Edu_9_20260616_150247,3040312221000,fetch,handover,0.6444361209869385,0.0,0.0,0.3555638492107391,True,False,False,True
test|Edu_9_20260616_150247|3040645554000,Edu,Edu_9_20260616_150247,3040645554000,fetch,handover,0.6410236358642578,0.0,0.0,0.3589763939380646,True,False,False,True
test|Edu_9_20260616_150247|3040978888000,Edu,Edu_9_20260616_150247,3040978888000,fetch,handover,0.6426519751548767,0.0,0.0,0.357348084449768,True,False,False,True
test|Edu_9_20260616_150247|3041312221000,Edu,Edu_9_20260616_150247,3041312221000,fetch,handover,0.6471682786941528,0.0,0.0,0.3528317809104919,True,False,False,True
test|Edu_9_20260616_150247|3041645554000,Edu,Edu_9_20260616_150247,3041645554000,fetch,handover,0.6434396505355835,0.0,0.0,0.3565603792667389,True,False,False,True
test|Edu_9_20260616_150247|3043312221000,Edu,Edu_9_20260616_150247,3043312221000,handover,handover,0.6564387679100037,0.0,0.0,0.3435612320899963,True,False,False,True
test|Edu_9_20260616_150247|3043645554000,Edu,Edu_9_20260616_150247,3043645554000,handover,handover,0.6627111434936523,0.0,0.0,0.33728888630867,True,False,False,True
test|Edu_9_20260616_150247|3043978887000,Edu,Edu_9_20260616_150247,3043978887000,handover,handover,0.660318911075592,0.0,0.0,0.3396811187267303,True,False,False,True
test|Edu_9_20260616_150247|3044312221000,Edu,Edu_9_20260616_150247,3044312221000,handover,handover,0.6591899991035461,0.0,0.0,0.3408099710941314,True,False,False,True
test|Edu_9_20260616_150247|3044645554000,Edu,Edu_9_20260616_150247,3044645554000,handover,handover,0.6607270836830139,0.0,0.0,0.3392729461193084,True,False,False,True
test|Edu_9_20260616_150247|3044978887000,Edu,Edu_9_20260616_150247,3044978887000,handover,handover,0.6562637686729431,0.0,0.0,0.3437361717224121,True,False,False,True
test|Edu_9_20260616_150247|3045312221000,Edu,Edu_9_20260616_150247,3045312221000,handover,handover,0.6545536518096924,0.0,0.0,0.3454463183879852,True,False,False,True
test|Edu_9_20260616_150247|3045645554000,Edu,Edu_9_20260616_150247,3045645554000,handover,handover,0.6516832709312439,0.0,0.0,0.3483167290687561,True,False,False,True
test|Edu_9_20260616_150247|3045978887000,Edu,Edu_9_20260616_150247,3045978887000,handover,handover,0.6409170627593994,0.0,0.0,0.3590829074382782,True,False,False,True
test|Edu_9_20260616_150247|3046312220000,Edu,Edu_9_20260616_150247,3046312220000,handover,handover,0.6220692992210388,0.0,0.0,0.3779306709766388,True,False,False,True
test|Edu_9_20260616_150247|3046645554000,Edu,Edu_9_20260616_150247,3046645554000,handover,handover,0.6067168712615967,0.0,0.0,0.3932831883430481,True,False,False,True
test|Jona_1_20260616_181413|1769278906000,Jona,Jona_1_20260616_181413,1769278906000,continue,continue,0.3327856361865997,0.3315217196941376,0.1175422146916389,0.2181504219770431,True,True,True,True
test|Jona_1_20260616_181413|1769612240000,Jona,Jona_1_20260616_181413,1769612240000,continue,continue,0.3321324288845062,0.3388890326023102,0.1087352856993675,0.2202432304620742,True,True,True,True
test|Jona_1_20260616_181413|1769945573000,Jona,Jona_1_20260616_181413,1769945573000,continue,continue,0.3304800987243652,0.3394961357116699,0.1119604632258415,0.2180633544921875,True,True,True,True
test|Jona_1_20260616_181413|1770278906000,Jona,Jona_1_20260616_181413,1770278906000,continue,continue,0.323734849691391,0.345692902803421,0.1170960813760757,0.2134762108325958,True,True,True,True
test|Jona_1_20260616_181413|1770612239000,Jona,Jona_1_20260616_181413,1770612239000,continue,continue,0.3173262476921081,0.3562122583389282,0.1222583204507827,0.2042031437158584,True,True,True,True
test|Jona_1_20260616_181413|1770945573000,Jona,Jona_1_20260616_181413,1770945573000,continue,continue,0.3041349351406097,0.3674971163272857,0.1275054514408111,0.2008625268936157,True,True,True,True
test|Jona_1_20260616_181413|1771278906000,Jona,Jona_1_20260616_181413,1771278906000,continue,continue,0.2913949489593506,0.3713482618331909,0.1330789029598236,0.2041778862476349,True,True,True,True
test|Jona_1_20260616_181413|1771612239000,Jona,Jona_1_20260616_181413,1771612239000,continue,continue,0.2869834303855896,0.3667767941951751,0.1370624899864196,0.2091772854328155,True,True,True,True
test|Jona_1_20260616_181413|1771945573000,Jona,Jona_1_20260616_181413,1771945573000,continue,continue,0.2873018980026245,0.3585960865020752,0.1355052441358566,0.2185967713594436,True,True,True,True
test|Jona_1_20260616_181413|1772278906000,Jona,Jona_1_20260616_181413,1772278906000,continue,continue,0.2876122295856476,0.3475679457187652,0.1323658376932144,0.2324539124965667,True,True,True,True
test|Jona_1_20260616_181413|1772612239000,Jona,Jona_1_20260616_181413,1772612239000,continue,continue,0.289090484380722,0.341075986623764,0.1290103942155838,0.2408231943845749,True,True,True,True
test|Jona_1_20260616_181413|1772945572000,Jona,Jona_1_20260616_181413,1772945572000,continue,continue,0.2948627471923828,0.3314657509326935,0.1382957249879837,0.2353758066892624,True,True,True,True
test|Jona_1_20260616_181413|1773278906000,Jona,Jona_1_20260616_181413,1773278906000,continue,continue,0.2962799072265625,0.3279521763324737,0.1544229984283447,0.2213449627161026,True,True,True,True
test|Jona_1_20260616_181413|1773612239000,Jona,Jona_1_20260616_181413,1773612239000,continue,continue,0.2890759706497192,0.3298922479152679,0.1736368387937545,0.2073949575424194,True,True,True,True
test|Jona_1_20260616_181413|1773945572000,Jona,Jona_1_20260616_181413,1773945572000,continue,continue,0.2847386300563812,0.3239465057849884,0.1937813013792038,0.1975336223840713,True,True,True,True
test|Jona_1_20260616_181413|1774278906000,Jona,Jona_1_20260616_181413,1774278906000,continue,continue,0.2768496870994568,0.3186759352684021,0.2113911360502243,0.1930832713842392,True,True,True,True
test|Jona_1_20260616_181413|1774612239000,Jona,Jona_1_20260616_181413,1774612239000,continue,continue,0.2678987979888916,0.3128648102283478,0.2234916687011718,0.1957447379827499,True,True,True,True
test|Jona_1_20260616_181413|1774945572000,Jona,Jona_1_20260616_181413,1774945572000,continue,continue,0.2821628153324127,0.3107115924358368,0.2110087424516677,0.1961168199777603,True,True,True,True
test|Jona_1_20260616_181413|1775278906000,Jona,Jona_1_20260616_181413,1775278906000,continue,continue,0.2998221218585968,0.3049193918704986,0.1937378048896789,0.2015206962823867,True,True,True,True
test|Jona_1_20260616_181413|1775612239000,Jona,Jona_1_20260616_181413,1775612239000,continue,continue,0.3189090490341186,0.299962967634201,0.1748218834400177,0.2063060849905014,True,True,True,True
test|Jona_1_20260616_181413|1775945572000,Jona,Jona_1_20260616_181413,1775945572000,continue,continue,0.3311015367507934,0.3063271045684814,0.1608989983797073,0.2016723901033401,True,True,True,True
test|Jona_1_20260616_181413|1776278906000,Jona,Jona_1_20260616_181413,1776278906000,continue,continue,0.3419750928878784,0.3096739649772644,0.1505650132894516,0.1977859884500503,True,True,True,True
test|Jona_1_20260616_181413|1776612239000,Jona,Jona_1_20260616_181413,1776612239000,continue,continue,0.3510530889034271,0.3060335516929626,0.1460273563861847,0.1968860179185867,True,True,True,True
test|Jona_1_20260616_181413|1776945572000,Jona,Jona_1_20260616_181413,1776945572000,continue,continue,0.351290613412857,0.3011004626750946,0.1453117877244949,0.202297031879425,True,True,True,True
test|Jona_1_20260616_181413|1777278905000,Jona,Jona_1_20260616_181413,1777278905000,continue,continue,0.3469622433185577,0.2979882061481476,0.1452915668487548,0.2097579836845398,True,True,True,True
test|Jona_1_20260616_181413|1777612239000,Jona,Jona_1_20260616_181413,1777612239000,continue,continue,0.3431232273578644,0.2893257737159729,0.1462110131978988,0.2213400155305862,True,True,True,True
test|Jona_1_20260616_181413|1777945572000,Jona,Jona_1_20260616_181413,1777945572000,continue,fetch,0.3450981974601745,0.2739225924015045,0.147186204791069,0.2337929904460907,True,True,True,True
test|Jona_1_20260616_181413|1778278905000,Jona,Jona_1_20260616_181413,1778278905000,continue,fetch,0.3453240692615509,0.2708497047424316,0.1477213948965072,0.236104816198349,True,True,True,True
test|Jona_1_20260616_181413|1778612239000,Jona,Jona_1_20260616_181413,1778612239000,continue,fetch,0.3464671969413757,0.2772991955280304,0.1443401128053665,0.2318935543298721,True,True,True,True
test|Jona_1_20260616_181413|1778945572000,Jona,Jona_1_20260616_181413,1778945572000,fetch,fetch,0.3449868559837341,0.2808444201946258,0.1435628533363342,0.2306058257818222,True,True,True,True
test|Jona_1_20260616_181413|1779278905000,Jona,Jona_1_20260616_181413,1779278905000,fetch,fetch,0.3521824777126312,0.2849304974079132,0.14080710709095,0.2220799475908279,True,True,True,True
test|Jona_1_20260616_181413|1779612238000,Jona,Jona_1_20260616_181413,1779612238000,fetch,fetch,0.3566589951515198,0.2964408695697784,0.1402095258235931,0.2066906094551086,True,True,True,True
test|Jona_1_20260616_181413|1779945572000,Jona,Jona_1_20260616_181413,1779945572000,fetch,fetch,0.3538296222686767,0.3070095777511596,0.137984350323677,0.2011765241622924,True,True,True,True
test|Jona_1_20260616_181413|1780278905000,Jona,Jona_1_20260616_181413,1780278905000,fetch,fetch,0.3510155081748962,0.3099951446056366,0.1377459019422531,0.2012433856725692,True,True,True,True
test|Jona_1_20260616_181413|1780612238000,Jona,Jona_1_20260616_181413,1780612238000,fetch,fetch,0.3513874411582947,0.3075663447380066,0.1414467394351959,0.1995995342731475,True,True,True,True
test|Jona_1_20260616_181413|1780945572000,Jona,Jona_1_20260616_181413,1780945572000,fetch,fetch,0.3499120473861694,0.3083645403385162,0.1431727260351181,0.1985506564378738,True,True,True,True
test|Jona_1_20260616_181413|1781278905000,Jona,Jona_1_20260616_181413,1781278905000,fetch,fetch,0.3488039970397949,0.306563138961792,0.1441573649644851,0.2004754990339279,True,True,True,True
test|Jona_1_20260616_181413|1781612238000,Jona,Jona_1_20260616_181413,1781612238000,fetch,fetch,0.3456148207187652,0.3044521510601043,0.1456120163202285,0.2043209671974182,True,True,True,True
test|Jona_1_20260616_181413|1781945572000,Jona,Jona_1_20260616_181413,1781945572000,fetch,fetch,0.3438834547996521,0.3035059869289398,0.1456937342882156,0.2069168090820312,True,True,True,True
test|Jona_1_20260616_181413|1782278905000,Jona,Jona_1_20260616_181413,1782278905000,fetch,fetch,0.3474984765052795,0.303937703371048,0.1443364173173904,0.2042273730039596,True,True,True,True
test|Jona_1_20260616_181413|1782612238000,Jona,Jona_1_20260616_181413,1782612238000,fetch,fetch,0.3489139676094055,0.3011046051979065,0.1416056007146835,0.2083757817745208,True,True,True,True
test|Jona_1_20260616_181413|1786278904000,Jona,Jona_1_20260616_181413,1786278904000,handover,handover,0.3732568919658661,0.2702208757400512,0.1352501660585403,0.2212721109390258,True,True,True,True
test|Jona_1_20260616_181413|1786612238000,Jona,Jona_1_20260616_181413,1786612238000,handover,handover,0.3632597327232361,0.2919768989086151,0.1305314302444458,0.2142319232225418,True,True,True,True
test|Jona_1_20260616_181413|1786945571000,Jona,Jona_1_20260616_181413,1786945571000,handover,handover,0.3559682965278625,0.3132772743701935,0.1260009706020355,0.204753503203392,True,True,True,True
test|Jona_1_20260616_181413|1787278904000,Jona,Jona_1_20260616_181413,1787278904000,handover,handover,0.3468919396400451,0.32892507314682,0.1240228787064552,0.2001601010560989,True,True,True,True
test|Jona_1_20260616_181413|1787612238000,Jona,Jona_1_20260616_181413,1787612238000,handover,handover,0.3426440358161926,0.3376716375350952,0.1226198598742485,0.197064459323883,True,True,True,True
test|Jona_1_20260616_181413|1787945571000,Jona,Jona_1_20260616_181413,1787945571000,handover,handover,0.3383836150169372,0.3415107727050781,0.1224327757954597,0.1976728439331054,True,True,True,True
test|Jona_1_20260616_181413|1788278904000,Jona,Jona_1_20260616_181413,1788278904000,handover,handover,0.3277951776981354,0.3465352058410644,0.1222681328654289,0.2034015208482742,True,True,True,True
test|Jona_1_20260616_181413|1788612238000,Jona,Jona_1_20260616_181413,1788612238000,handover,handover,0.3199053406715393,0.3499833941459656,0.1243802830576896,0.2057309746742248,True,True,True,True
test|Jona_1_20260616_181413|1788945571000,Jona,Jona_1_20260616_181413,1788945571000,handover,handover,0.3029404282569885,0.3548420071601867,0.1290657520294189,0.2131517827510833,True,True,True,True
test|Jona_1_20260616_181413|1789278904000,Jona,Jona_1_20260616_181413,1789278904000,handover,handover,0.2847627103328705,0.3634047210216522,0.131581112742424,0.2202514261007309,True,True,True,True
test|Jona_1_20260616_181413|1789612237000,Jona,Jona_1_20260616_181413,1789612237000,handover,handover,0.2806429266929626,0.3649214208126068,0.1341997981071472,0.2202358692884445,True,True,True,True
test|Jona_1_20260616_181413|1789945571000,Jona,Jona_1_20260616_181413,1789945571000,handover,handover,0.2786232829093933,0.3660471141338348,0.1360295861959457,0.2193000167608261,True,True,True,True
test|Jona_1_20260616_181413|1790278904000,Jona,Jona_1_20260616_181413,1790278904000,handover,handover,0.2820819616317749,0.3666290640830993,0.136578232049942,0.2147108018398285,True,True,True,True
test|Jona_2_20260616_181551|1867578905000,Jona,Jona_2_20260616_181551,1867578905000,continue,fetch,0.3373890519142151,0.34609454870224,0.1133037954568862,0.2032126039266586,True,True,True,True
test|Jona_2_20260616_181551|1867912238000,Jona,Jona_2_20260616_181551,1867912238000,continue,fetch,0.3424017131328583,0.3318451642990112,0.117210566997528,0.2085425406694412,True,True,True,True
test|Jona_2_20260616_181551|1868245572000,Jona,Jona_2_20260616_181551,1868245572000,continue,continue,0.3460191786289215,0.3212810456752777,0.1197792366147041,0.2129205912351608,True,True,True,True
test|Jona_2_20260616_181551|1868578905000,Jona,Jona_2_20260616_181551,1868578905000,continue,continue,0.3456666767597198,0.3294680416584015,0.1165975183248519,0.2082678079605102,True,True,True,True
test|Jona_2_20260616_181551|1868912238000,Jona,Jona_2_20260616_181551,1868912238000,continue,continue,0.3366313874721527,0.3552525341510772,0.1098465397953987,0.1982695460319519,True,True,True,True
test|Jona_2_20260616_181551|1869245572000,Jona,Jona_2_20260616_181551,1869245572000,continue,continue,0.3265484869480133,0.3784955441951751,0.1037722527980804,0.1911837458610534,True,True,True,True
test|Jona_2_20260616_181551|1869578905000,Jona,Jona_2_20260616_181551,1869578905000,continue,continue,0.3167381286621094,0.3962556421756744,0.1008827239274978,0.1861234456300735,True,True,True,True
test|Jona_2_20260616_181551|1869912238000,Jona,Jona_2_20260616_181551,1869912238000,continue,continue,0.3104032576084137,0.4071492850780487,0.0982790365815162,0.1841684281826019,True,True,True,True
test|Jona_2_20260616_181551|1870245572000,Jona,Jona_2_20260616_181551,1870245572000,continue,continue,0.3052849471569061,0.415367841720581,0.0970624983310699,0.1822846680879593,True,True,True,True
test|Jona_2_20260616_181551|1870578905000,Jona,Jona_2_20260616_181551,1870578905000,continue,continue,0.3000179231166839,0.4157206416130066,0.1001879125833511,0.1840735524892807,True,True,True,True
test|Jona_2_20260616_181551|1870912238000,Jona,Jona_2_20260616_181551,1870912238000,continue,continue,0.2939157485961914,0.4141590297222137,0.1044070944190025,0.1875181049108505,True,True,True,True
test|Jona_2_20260616_181551|1871245571000,Jona,Jona_2_20260616_181551,1871245571000,continue,continue,0.2890006303787231,0.4111001193523407,0.1091411560773849,0.1907581239938736,True,True,True,True
test|Jona_2_20260616_181551|1871578905000,Jona,Jona_2_20260616_181551,1871578905000,continue,continue,0.2891670763492584,0.4066219627857208,0.1119491457939148,0.1922617852687835,True,True,True,True
test|Jona_2_20260616_181551|1871912238000,Jona,Jona_2_20260616_181551,1871912238000,continue,continue,0.2894893884658813,0.40400430560112,0.1139488518238067,0.1925574392080307,True,True,True,True
test|Jona_2_20260616_181551|1872245571000,Jona,Jona_2_20260616_181551,1872245571000,continue,continue,0.2894153594970703,0.400652676820755,0.1165092438459396,0.1934227049350738,True,True,True,True
test|Jona_2_20260616_181551|1872578905000,Jona,Jona_2_20260616_181551,1872578905000,continue,continue,0.2948924005031585,0.3920303881168365,0.115894928574562,0.1971823126077652,True,True,True,True
test|Jona_2_20260616_181551|1872912238000,Jona,Jona_2_20260616_181551,1872912238000,continue,continue,0.3002434968948364,0.3840284943580627,0.1145486831665039,0.2011793106794357,True,True,True,True
test|Jona_2_20260616_181551|1873245571000,Jona,Jona_2_20260616_181551,1873245571000,continue,continue,0.3058575391769409,0.3768855333328247,0.1126500219106674,0.2046068757772445,True,True,True,True
test|Jona_2_20260616_181551|1873578905000,Jona,Jona_2_20260616_181551,1873578905000,continue,continue,0.3072712421417236,0.3739648163318634,0.1116643473505973,0.2070995718240738,True,True,True,True
test|Jona_2_20260616_181551|1873912238000,Jona,Jona_2_20260616_181551,1873912238000,continue,continue,0.3040296733379364,0.366830438375473,0.1105373799800872,0.218602567911148,True,True,True,True
test|Jona_2_20260616_181551|1874245571000,Jona,Jona_2_20260616_181551,1874245571000,continue,continue,0.3027656972408294,0.3543767035007477,0.1111000105738639,0.2317575961351394,True,True,True,True
test|Jona_2_20260616_181551|1874578904000,Jona,Jona_2_20260616_181551,1874578904000,continue,continue,0.2987310588359833,0.3414046764373779,0.1146789565682411,0.2451852709054947,True,True,True,True
test|Jona_2_20260616_181551|1874912238000,Jona,Jona_2_20260616_181551,1874912238000,continue,continue,0.3019400238990783,0.3226343393325805,0.1203697770833969,0.2550558447837829,True,True,True,True
test|Jona_2_20260616_181551|1875245571000,Jona,Jona_2_20260616_181551,1875245571000,continue,continue,0.3054695129394531,0.3008309006690979,0.1305059492588043,0.2631936371326446,True,True,True,True
test|Jona_2_20260616_181551|1875578904000,Jona,Jona_2_20260616_181551,1875578904000,continue,continue,0.3108969628810882,0.2910908758640289,0.1366081088781356,0.2614040374755859,True,True,True,True
test|Jona_2_20260616_181551|1875912238000,Jona,Jona_2_20260616_181551,1875912238000,continue,continue,0.3186575174331665,0.2999247610569,0.1384035795927047,0.2430141717195511,True,True,True,True
test|Jona_2_20260616_181551|1876245571000,Jona,Jona_2_20260616_181551,1876245571000,continue,continue,0.3219363987445831,0.3174127042293548,0.1354046016931533,0.2252462804317474,True,True,True,True
test|Jona_2_20260616_181551|1876578904000,Jona,Jona_2_20260616_181551,1876578904000,continue,continue,0.3193263709545135,0.3404940068721771,0.1296750009059906,0.2105045616626739,True,True,True,True
test|Jona_2_20260616_181551|1876912238000,Jona,Jona_2_20260616_181551,1876912238000,continue,continue,0.3056221306324005,0.3710558414459228,0.1219859644770622,0.201335996389389,True,True,True,True
test|Jona_2_20260616_181551|1877245571000,Jona,Jona_2_20260616_181551,1877245571000,continue,continue,0.2891976237297058,0.4054298400878906,0.1130469068884849,0.1923255175352096,True,True,True,True
test|Jona_2_20260616_181551|1877578904000,Jona,Jona_2_20260616_181551,1877578904000,continue,continue,0.2809284925460815,0.4183675348758697,0.108784981071949,0.1919189691543579,True,True,True,True
test|Jona_2_20260616_181551|1877912237000,Jona,Jona_2_20260616_181551,1877912237000,continue,continue,0.2785291075706482,0.420469731092453,0.108503021299839,0.1924981474876403,True,True,True,True
test|Jona_2_20260616_181551|1878245571000,Jona,Jona_2_20260616_181551,1878245571000,continue,continue,0.2767658829689026,0.42195925116539,0.1082074642181396,0.1930674016475677,True,True,True,True
test|Jona_2_20260616_181551|1878578904000,Jona,Jona_2_20260616_181551,1878578904000,continue,continue,0.2779570817947387,0.4238914251327514,0.1075579896569252,0.1905935406684875,True,True,True,True
test|Jona_2_20260616_181551|1878912237000,Jona,Jona_2_20260616_181551,1878912237000,continue,continue,0.28119096159935,0.4231230318546295,0.1073389202356338,0.188347041606903,True,True,True,True
test|Jona_2_20260616_181551|1879245571000,Jona,Jona_2_20260616_181551,1879245571000,continue,continue,0.2841960787773132,0.4209141135215759,0.1072011366486549,0.1876886636018753,True,True,True,True
test|Jona_2_20260616_181551|1879578904000,Jona,Jona_2_20260616_181551,1879578904000,continue,continue,0.2872905433177948,0.4220330715179443,0.104225218296051,0.186451181769371,True,True,True,True
test|Jona_2_20260616_181551|1879912237000,Jona,Jona_2_20260616_181551,1879912237000,continue,continue,0.3220038712024688,0.4695851504802704,0.0,0.2084109187126159,True,True,False,True
test|Jona_2_20260616_181551|1880245571000,Jona,Jona_2_20260616_181551,1880245571000,continue,continue,0.3215264678001404,0.4698702096939087,0.0,0.2086033374071121,True,True,False,True
test|Jona_2_20260616_181551|1880578904000,Jona,Jona_2_20260616_181551,1880578904000,continue,continue,0.3190205097198486,0.4714434444904327,0.0,0.2095359712839126,True,True,False,True
test|Jona_2_20260616_181551|1880912237000,Jona,Jona_2_20260616_181551,1880912237000,continue,continue,0.3192410469055176,0.4688893258571625,0.0,0.2118696719408035,True,True,False,True
test|Jona_2_20260616_181551|1881245570000,Jona,Jona_2_20260616_181551,1881245570000,continue,continue,0.3245757818222046,0.458562821149826,0.0,0.2168614268302917,True,True,False,True
test|Jona_2_20260616_181551|1881578904000,Jona,Jona_2_20260616_181551,1881578904000,continue,continue,0.3309037685394287,0.4440698325634002,0.0,0.2250263690948486,True,True,False,True
test|Jona_2_20260616_181551|1881912237000,Jona,Jona_2_20260616_181551,1881912237000,continue,continue,0.3419164717197418,0.4209209084510803,0.0,0.2371626198291778,True,True,False,True
test|Jona_2_20260616_181551|1882245570000,Jona,Jona_2_20260616_181551,1882245570000,continue,continue,0.3545677959918976,0.393029510974884,0.0,0.2524026930332184,True,True,False,True
test|Jona_2_20260616_181551|1882578904000,Jona,Jona_2_20260616_181551,1882578904000,continue,continue,0.3703812658786773,0.3650744259357452,0.0,0.2645443379878998,True,True,False,True
test|Jona_2_20260616_181551|1882912237000,Jona,Jona_2_20260616_181551,1882912237000,continue,continue,0.3829187154769897,0.344253271818161,0.0,0.2728279829025268,True,True,False,True
test|Jona_2_20260616_181551|1883245570000,Jona,Jona_2_20260616_181551,1883245570000,continue,continue,0.3885638117790222,0.3361761569976806,0.0,0.2752599716186523,True,True,False,True
test|Jona_2_20260616_181551|1883578904000,Jona,Jona_2_20260616_181551,1883578904000,continue,continue,0.3935264050960541,0.3286489844322204,0.0,0.2778246104717254,True,True,False,True
test|Jona_2_20260616_181551|1883912237000,Jona,Jona_2_20260616_181551,1883912237000,continue,continue,0.3891138732433319,0.3276129066944122,0.0,0.2832732200622558,True,True,False,True
test|Jona_2_20260616_181551|1884245570000,Jona,Jona_2_20260616_181551,1884245570000,continue,continue,0.3723792731761932,0.3405980467796325,0.0,0.2870227098464966,True,True,False,True
test|Jona_2_20260616_181551|1884578903000,Jona,Jona_2_20260616_181551,1884578903000,continue,continue,0.3561011254787445,0.3617997467517853,0.0,0.2820991575717926,True,True,False,True
test|Jona_2_20260616_181551|1884912237000,Jona,Jona_2_20260616_181551,1884912237000,continue,continue,0.3390832543373108,0.3811092674732208,0.0,0.2798074781894684,True,True,False,True
test|Jona_2_20260616_181551|1885245570000,Jona,Jona_2_20260616_181551,1885245570000,continue,continue,0.3211064636707306,0.4008942544460296,0.0,0.2779991924762726,True,True,False,True
test|Jona_2_20260616_181551|1885578903000,Jona,Jona_2_20260616_181551,1885578903000,continue,continue,0.3033571243286133,0.4233725965023041,0.0,0.2732702195644378,True,True,False,True
test|Jona_2_20260616_181551|1885912237000,Jona,Jona_2_20260616_181551,1885912237000,continue,continue,0.2918071448802948,0.4437341690063476,0.0,0.2644587159156799,True,True,False,True
test|Jona_2_20260616_181551|1886245570000,Jona,Jona_2_20260616_181551,1886245570000,continue,continue,0.295171171426773,0.4409776329994201,0.0,0.2638512551784515,True,True,False,True
test|Jona_2_20260616_181551|1886578903000,Jona,Jona_2_20260616_181551,1886578903000,continue,continue,0.2982330620288849,0.4275932908058166,0.0,0.2741736769676208,True,True,False,True
test|Jona_2_20260616_181551|1886912237000,Jona,Jona_2_20260616_181551,1886912237000,continue,continue,0.2986283302307129,0.4190177619457245,0.0,0.2823539674282074,True,True,False,True
test|Jona_2_20260616_181551|1887245570000,Jona,Jona_2_20260616_181551,1887245570000,continue,continue,0.3067979514598846,0.4067381024360657,0.0,0.2864639461040497,True,True,False,True
test|Jona_2_20260616_181551|1887578903000,Jona,Jona_2_20260616_181551,1887578903000,continue,continue,0.3192481994628906,0.3900950849056244,0.0,0.290656715631485,True,True,False,True
test|Jona_2_20260616_181551|1887912236000,Jona,Jona_2_20260616_181551,1887912236000,continue,continue,0.3282218277454376,0.3792016804218292,0.0,0.2925764620304107,True,True,False,True
test|Jona_2_20260616_181551|1888245570000,Jona,Jona_2_20260616_181551,1888245570000,continue,continue,0.3297015428543091,0.3852631449699402,0.0,0.2850353121757507,True,True,False,True
test|Jona_2_20260616_181551|1888578903000,Jona,Jona_2_20260616_181551,1888578903000,continue,continue,0.325972706079483,0.3938822448253631,0.0,0.280144989490509,True,True,False,True
test|Jona_2_20260616_181551|1888912236000,Jona,Jona_2_20260616_181551,1888912236000,continue,continue,0.3185791075229645,0.4022149443626404,0.0,0.2792059779167175,True,True,False,True
test|Jona_2_20260616_181551|1889245570000,Jona,Jona_2_20260616_181551,1889245570000,continue,continue,0.3085366487503052,0.4128893911838531,0.0,0.278573989868164,True,True,False,True
test|Jona_2_20260616_181551|1889578903000,Jona,Jona_2_20260616_181551,1889578903000,continue,continue,0.2997934520244598,0.4233750998973846,0.0,0.2768314480781555,True,True,False,True
test|Jona_2_20260616_181551|1889912236000,Jona,Jona_2_20260616_181551,1889912236000,continue,continue,0.2970782518386841,0.4266199171543121,0.0,0.2763018608093261,True,True,False,True
test|Jona_2_20260616_181551|1890245570000,Jona,Jona_2_20260616_181551,1890245570000,continue,continue,0.3010978698730469,0.4225944578647613,0.0,0.2763076424598694,True,True,False,True
test|Jona_2_20260616_181551|1890578903000,Jona,Jona_2_20260616_181551,1890578903000,continue,continue,0.3046209216117859,0.4209922254085541,0.0,0.27438685297966,True,True,False,True
test|Jona_2_20260616_181551|1890912236000,Jona,Jona_2_20260616_181551,1890912236000,continue,continue,0.3075698614120483,0.4229515194892883,0.0,0.2694786190986633,True,True,False,True
test|Jona_2_20260616_181551|1891245569000,Jona,Jona_2_20260616_181551,1891245569000,continue,continue,0.3116418421268463,0.4184747338294983,0.0,0.2698834240436554,True,True,False,True
test|Jona_2_20260616_181551|1891578903000,Jona,Jona_2_20260616_181551,1891578903000,continue,continue,0.3252965807914734,0.4130751192569732,0.0,0.2616282403469085,True,True,False,True
test|Jona_2_20260616_181551|1891912236000,Jona,Jona_2_20260616_181551,1891912236000,continue,continue,0.3454226851463318,0.4065583646297455,0.0,0.2480189651250839,True,True,False,True
test|Jona_2_20260616_181551|1892245569000,Jona,Jona_2_20260616_181551,1892245569000,continue,continue,0.35477015376091,0.3961066901683807,0.0,0.2491231113672256,True,True,False,True
test|Jona_2_20260616_181551|1892578903000,Jona,Jona_2_20260616_181551,1892578903000,continue,fetch,0.3645840883255005,0.3775738775730133,0.0,0.2578420341014862,True,True,False,True
test|Jona_2_20260616_181551|1892912236000,Jona,Jona_2_20260616_181551,1892912236000,continue,fetch,0.3848653435707092,0.3539685606956482,0.0,0.2611660659313202,True,True,False,True
test|Jona_2_20260616_181551|1893245569000,Jona,Jona_2_20260616_181551,1893245569000,continue,fetch,0.4009293019771576,0.3331519067287445,0.0,0.2659187316894531,True,True,False,True
test|Jona_2_20260616_181551|1893578903000,Jona,Jona_2_20260616_181551,1893578903000,continue,fetch,0.4058383107185364,0.3158901631832123,0.0,0.2782715559005737,True,True,False,True
test|Jona_2_20260616_181551|1893912236000,Jona,Jona_2_20260616_181551,1893912236000,continue,fetch,0.4065811038017273,0.3060534596443176,0.0,0.2873654663562774,True,True,False,True
test|Jona_2_20260616_181551|1894245569000,Jona,Jona_2_20260616_181551,1894245569000,fetch,fetch,0.4171126782894134,0.3010081350803375,0.0,0.281879186630249,True,True,False,True
test|Jona_2_20260616_181551|1894578902000,Jona,Jona_2_20260616_181551,1894578902000,fetch,fetch,0.4317457675933838,0.2983640134334564,0.0,0.2698902487754822,True,True,False,True
test|Jona_2_20260616_181551|1894912236000,Jona,Jona_2_20260616_181551,1894912236000,fetch,handover,0.4365533292293548,0.2940973043441772,0.0,0.2693493366241455,True,True,False,True
test|Jona_2_20260616_181551|1895245569000,Jona,Jona_2_20260616_181551,1895245569000,fetch,handover,0.4430241286754608,0.2898774445056915,0.0,0.2670983970165252,True,True,False,True
test|Jona_2_20260616_181551|1895578902000,Jona,Jona_2_20260616_181551,1895578902000,fetch,handover,0.4435483813285827,0.294479101896286,0.0,0.2619725167751312,True,True,False,True
test|Jona_2_20260616_181551|1895912236000,Jona,Jona_2_20260616_181551,1895912236000,fetch,fetch,0.4340640306472778,0.3050902783870697,0.0,0.2608457207679748,True,True,False,True
test|Jona_2_20260616_181551|1896245569000,Jona,Jona_2_20260616_181551,1896245569000,fetch,fetch,0.4207915365695953,0.3157520890235901,0.0,0.2634564340114593,True,True,False,True
test|Jona_2_20260616_181551|1896578902000,Jona,Jona_2_20260616_181551,1896578902000,fetch,fetch,0.4110395312309265,0.3252944350242615,0.0,0.2636660635471344,True,True,False,True
test|Jona_2_20260616_181551|1896912236000,Jona,Jona_2_20260616_181551,1896912236000,fetch,fetch,0.4062024056911468,0.3361669480800628,0.0,0.2576306760311126,True,True,False,True
test|Jona_2_20260616_181551|1897245569000,Jona,Jona_2_20260616_181551,1897245569000,fetch,fetch,0.4012280404567718,0.3479800522327423,0.0,0.2507919073104858,True,True,False,True
test|Jona_2_20260616_181551|1897578902000,Jona,Jona_2_20260616_181551,1897578902000,fetch,fetch,0.4013984203338623,0.35243821144104,0.0,0.2461633533239364,True,True,False,True
test|Jona_2_20260616_181551|1897912235000,Jona,Jona_2_20260616_181551,1897912235000,fetch,fetch,0.4027580618858337,0.3511501848697662,0.0,0.2460917085409164,True,True,False,True
test|Jona_2_20260616_181551|1898245569000,Jona,Jona_2_20260616_181551,1898245569000,fetch,fetch,0.405860960483551,0.3491247296333313,0.0,0.24501433968544,True,True,False,True
test|Jona_2_20260616_181551|1898578902000,Jona,Jona_2_20260616_181551,1898578902000,fetch,fetch,0.4064442217350006,0.3487923741340637,0.0,0.2447634637355804,True,True,False,True
test|Jona_2_20260616_181551|1898912235000,Jona,Jona_2_20260616_181551,1898912235000,fetch,fetch,0.4067617654800415,0.3483661413192749,0.0,0.2448721528053283,True,True,False,True
test|Jona_2_20260616_181551|1899245569000,Jona,Jona_2_20260616_181551,1899245569000,fetch,fetch,0.4069537818431854,0.3484815061092376,0.0,0.2445646822452545,True,True,False,True
test|Jona_2_20260616_181551|1899578902000,Jona,Jona_2_20260616_181551,1899578902000,fetch,fetch,0.4072631299495697,0.3491847217082977,0.0,0.2435521334409713,True,True,False,True
test|Jona_2_20260616_181551|1903912235000,Jona,Jona_2_20260616_181551,1903912235000,handover,handover,0.3834950029850006,0.3834141492843628,0.0,0.233090803027153,True,True,False,True
test|Jona_2_20260616_181551|1904245568000,Jona,Jona_2_20260616_181551,1904245568000,handover,handover,0.3851886689662933,0.384982019662857,0.0,0.229829266667366,True,True,False,True
test|Jona_2_20260616_181551|1904578901000,Jona,Jona_2_20260616_181551,1904578901000,handover,handover,0.3889663517475128,0.3891857862472534,0.0,0.2218478471040725,True,True,False,True
test|Jona_2_20260616_181551|1904912235000,Jona,Jona_2_20260616_181551,1904912235000,handover,handover,0.3916498124599457,0.3893129229545593,0.0,0.2190372794866562,True,True,False,True
test|Jona_2_20260616_181551|1905245568000,Jona,Jona_2_20260616_181551,1905245568000,handover,handover,0.3882350027561188,0.3927568197250366,0.0,0.2190081179141998,True,True,False,True
test|Jona_2_20260616_181551|1905578901000,Jona,Jona_2_20260616_181551,1905578901000,handover,handover,0.3826567530632019,0.3943041563034057,0.0,0.2230391204357147,True,True,False,True
test|Jona_2_20260616_181551|1905912235000,Jona,Jona_2_20260616_181551,1905912235000,handover,handover,0.3773176372051239,0.3979730606079101,0.0,0.2247093319892883,True,True,False,True
test|Jona_2_20260616_181551|1906245568000,Jona,Jona_2_20260616_181551,1906245568000,handover,handover,0.3730660378932953,0.3994964361190796,0.0,0.2274375110864639,True,True,False,True
test|Jona_2_20260616_181551|1906578901000,Jona,Jona_2_20260616_181551,1906578901000,handover,handover,0.3703093826770782,0.3999978899955749,0.0,0.2296926826238632,True,True,False,True
test|Jona_2_20260616_181551|1906912235000,Jona,Jona_2_20260616_181551,1906912235000,handover,handover,0.3691006898880005,0.4014039039611816,0.0,0.2294954359531402,True,True,False,True
test|Jona_2_20260616_181551|1907245568000,Jona,Jona_2_20260616_181551,1907245568000,handover,handover,0.3690854012966156,0.4022154211997986,0.0,0.2286992371082306,True,True,False,True
test|Jona_3_20260616_181717|1954878904000,Jona,Jona_3_20260616_181717,1954878904000,continue,handover,0.246719554066658,0.408338725566864,0.1469558626413345,0.1979858130216598,True,True,True,True
test|Jona_3_20260616_181717|1955212238000,Jona,Jona_3_20260616_181717,1955212238000,continue,continue,0.2477145344018936,0.4056116938591003,0.1459331065416336,0.2007406651973724,True,True,True,True
test|Jona_3_20260616_181717|1955545571000,Jona,Jona_3_20260616_181717,1955545571000,continue,continue,0.2496091872453689,0.4029981791973114,0.1477036774158477,0.1996889412403106,True,True,True,True
test|Jona_3_20260616_181717|1955878904000,Jona,Jona_3_20260616_181717,1955878904000,continue,continue,0.2431581616401672,0.4039843678474426,0.1522838026285171,0.2005736827850341,True,True,True,True
test|Jona_3_20260616_181717|1956212237000,Jona,Jona_3_20260616_181717,1956212237000,continue,continue,0.2414394319057464,0.3961586952209472,0.1592736542224884,0.2031281888484954,True,True,True,True
test|Jona_3_20260616_181717|1956545571000,Jona,Jona_3_20260616_181717,1956545571000,continue,continue,0.3063436150550842,0.449638158082962,0.0,0.2440182268619537,True,True,False,True
test|Jona_3_20260616_181717|1956878904000,Jona,Jona_3_20260616_181717,1956878904000,continue,continue,0.3257596492767334,0.4365444183349609,0.0,0.237695962190628,True,True,False,True
test|Jona_3_20260616_181717|1957212237000,Jona,Jona_3_20260616_181717,1957212237000,continue,continue,0.3351049125194549,0.4375718533992767,0.0,0.2273232638835907,True,True,False,True
test|Jona_3_20260616_181717|1957545571000,Jona,Jona_3_20260616_181717,1957545571000,continue,continue,0.3348814249038696,0.4415984749794006,0.0,0.2235201746225357,True,True,False,True
test|Jona_3_20260616_181717|1957878904000,Jona,Jona_3_20260616_181717,1957878904000,continue,continue,0.3296418488025665,0.4446743726730346,0.0,0.2256838381290435,True,True,False,True
test|Jona_3_20260616_181717|1958212237000,Jona,Jona_3_20260616_181717,1958212237000,continue,continue,0.3255899250507355,0.4500885307788849,0.0,0.2243214845657348,True,True,False,True
test|Jona_3_20260616_181717|1958545571000,Jona,Jona_3_20260616_181717,1958545571000,continue,continue,0.3142812252044678,0.4711712300777435,0.0,0.214547574520111,True,True,False,True
test|Jona_3_20260616_181717|1958878904000,Jona,Jona_3_20260616_181717,1958878904000,continue,continue,0.3045061230659485,0.4827751219272613,0.0,0.2127186954021453,True,True,False,True
test|Jona_3_20260616_181717|1959212237000,Jona,Jona_3_20260616_181717,1959212237000,continue,continue,0.3090401887893677,0.4808976948261261,0.0,0.2100621163845062,True,True,False,True
test|Jona_3_20260616_181717|1959545570000,Jona,Jona_3_20260616_181717,1959545570000,continue,continue,0.318545401096344,0.4750552475452423,0.0,0.2063993513584137,True,True,False,True
test|Jona_3_20260616_181717|1959878904000,Jona,Jona_3_20260616_181717,1959878904000,continue,continue,0.3253470063209533,0.4683356583118438,0.0,0.2063173800706863,True,True,False,True
test|Jona_3_20260616_181717|1960212237000,Jona,Jona_3_20260616_181717,1960212237000,continue,continue,0.3255414366722107,0.4638106226921081,0.0,0.2106478810310363,True,True,False,True
test|Jona_3_20260616_181717|1960545570000,Jona,Jona_3_20260616_181717,1960545570000,continue,continue,0.3332517147064209,0.4588285386562347,0.0,0.2079197317361831,True,True,False,True
test|Jona_3_20260616_181717|1960878904000,Jona,Jona_3_20260616_181717,1960878904000,continue,continue,0.3411411941051483,0.4526219964027405,0.0,0.2062367796897888,True,True,False,True
test|Jona_3_20260616_181717|1961212237000,Jona,Jona_3_20260616_181717,1961212237000,continue,continue,0.330112099647522,0.4477096199989319,0.0,0.2221783548593521,True,True,False,True
test|Jona_3_20260616_181717|1961545570000,Jona,Jona_3_20260616_181717,1961545570000,continue,continue,0.3145495951175689,0.4413517713546753,0.0,0.2440986335277557,True,True,False,True
test|Jona_3_20260616_181717|1961878904000,Jona,Jona_3_20260616_181717,1961878904000,continue,continue,0.3043274581432342,0.4374203979969024,0.0,0.2582521736621856,True,True,False,True
test|Jona_3_20260616_181717|1962212237000,Jona,Jona_3_20260616_181717,1962212237000,continue,continue,0.3035250902175903,0.4318636655807495,0.0,0.2646112442016601,True,True,False,True
test|Jona_3_20260616_181717|1962545570000,Jona,Jona_3_20260616_181717,1962545570000,continue,continue,0.2896202206611633,0.4282374382019043,0.0,0.2821423709392547,True,True,False,True
test|Jona_3_20260616_181717|1962878903000,Jona,Jona_3_20260616_181717,1962878903000,continue,continue,0.2752496898174286,0.4266599416732788,0.0,0.2980903685092926,True,True,False,True
test|Jona_3_20260616_181717|1963212237000,Jona,Jona_3_20260616_181717,1963212237000,continue,continue,0.274126648902893,0.423918068408966,0.0,0.3019552230834961,True,True,False,True
test|Jona_3_20260616_181717|1963545570000,Jona,Jona_3_20260616_181717,1963545570000,continue,continue,0.2814352214336395,0.4131377339363098,0.0,0.305427074432373,True,True,False,True
test|Jona_3_20260616_181717|1963878903000,Jona,Jona_3_20260616_181717,1963878903000,continue,continue,0.293249249458313,0.3916209042072296,0.0,0.315129816532135,True,True,False,True
test|Jona_3_20260616_181717|1964212237000,Jona,Jona_3_20260616_181717,1964212237000,continue,continue,0.3036770522594452,0.3791763186454773,0.0,0.3171466290950775,True,True,False,True
test|Jona_3_20260616_181717|1964545570000,Jona,Jona_3_20260616_181717,1964545570000,continue,continue,0.3147416114807129,0.3707296848297119,0.0,0.3145287036895752,True,True,False,True
test|Jona_3_20260616_181717|1964878903000,Jona,Jona_3_20260616_181717,1964878903000,continue,continue,0.3348045945167541,0.3689033985137939,0.0,0.2962920665740967,True,True,False,True
test|Jona_3_20260616_181717|1965212236000,Jona,Jona_3_20260616_181717,1965212236000,continue,continue,0.347236692905426,0.3729028701782226,0.0,0.2798604965209961,True,True,False,True
test|Jona_3_20260616_181717|1965545570000,Jona,Jona_3_20260616_181717,1965545570000,continue,continue,0.3531873524188995,0.3812887966632843,0.0,0.2655237913131714,True,True,False,True
test|Jona_3_20260616_181717|1965878903000,Jona,Jona_3_20260616_181717,1965878903000,continue,continue,0.3514898717403412,0.3968019783496856,0.0,0.2517081201076507,True,True,False,True
test|Jona_3_20260616_181717|1966212236000,Jona,Jona_3_20260616_181717,1966212236000,continue,continue,0.3551738560199737,0.4078345596790313,0.0,0.2369915843009948,True,True,False,True
test|Jona_3_20260616_181717|1966545570000,Jona,Jona_3_20260616_181717,1966545570000,continue,continue,0.3605905175209045,0.4140253961086273,0.0,0.2253841012716293,True,True,False,True
test|Jona_3_20260616_181717|1966878903000,Jona,Jona_3_20260616_181717,1966878903000,continue,continue,0.3605168759822845,0.4071261584758758,0.0,0.2323569655418396,True,True,False,True
test|Jona_3_20260616_181717|1967212236000,Jona,Jona_3_20260616_181717,1967212236000,continue,continue,0.3578421771526336,0.4049847424030304,0.0,0.2371731251478195,True,True,False,True
test|Jona_3_20260616_181717|1967545570000,Jona,Jona_3_20260616_181717,1967545570000,continue,continue,0.3499049544334411,0.4063885509967804,0.0,0.2437065243721008,True,True,False,True
test|Jona_3_20260616_181717|1967878903000,Jona,Jona_3_20260616_181717,1967878903000,continue,continue,0.350730836391449,0.4000155627727508,0.0,0.2492536753416061,True,True,False,True
test|Jona_3_20260616_181717|1968212236000,Jona,Jona_3_20260616_181717,1968212236000,continue,continue,0.345528781414032,0.3877873420715332,0.0,0.2666838765144348,True,True,False,True
test|Jona_3_20260616_181717|1968545570000,Jona,Jona_3_20260616_181717,1968545570000,continue,continue,0.3391615748405456,0.383339375257492,0.0,0.2774990499019623,True,True,False,True
test|Jona_3_20260616_181717|1968878903000,Jona,Jona_3_20260616_181717,1968878903000,continue,continue,0.3353518843650818,0.3840003609657287,0.0,0.2806477844715118,True,True,False,True
test|Jona_3_20260616_181717|1969212236000,Jona,Jona_3_20260616_181717,1969212236000,continue,continue,0.3431989848613739,0.381285548210144,0.0,0.275515466928482,True,True,False,True
test|Jona_3_20260616_181717|1969545569000,Jona,Jona_3_20260616_181717,1969545569000,continue,continue,0.3671412467956543,0.3732009530067444,0.0,0.2596578001976013,True,True,False,True
test|Jona_3_20260616_181717|1969878903000,Jona,Jona_3_20260616_181717,1969878903000,continue,continue,0.3807353079319,0.374086320400238,0.0,0.2451783865690231,True,True,False,True
test|Jona_3_20260616_181717|1970212236000,Jona,Jona_3_20260616_181717,1970212236000,continue,continue,0.3776146471500397,0.3810795545578003,0.0,0.2413058578968048,True,True,False,True
test|Jona_3_20260616_181717|1970545569000,Jona,Jona_3_20260616_181717,1970545569000,continue,continue,0.3748998641967773,0.3852132260799408,0.0,0.2398868650197982,True,True,False,True
test|Jona_3_20260616_181717|1970878903000,Jona,Jona_3_20260616_181717,1970878903000,continue,continue,0.3729689717292785,0.3870155215263366,0.0,0.2400154918432235,True,True,False,True
test|Jona_3_20260616_181717|1971212236000,Jona,Jona_3_20260616_181717,1971212236000,continue,continue,0.3669491410255432,0.3870320618152618,0.0,0.2460187971591949,True,True,False,True
test|Jona_3_20260616_181717|1971545569000,Jona,Jona_3_20260616_181717,1971545569000,continue,continue,0.3418916761875152,0.3987942039966583,0.0,0.2593141198158264,True,True,False,True
test|Jona_3_20260616_181717|1971878902000,Jona,Jona_3_20260616_181717,1971878902000,continue,continue,0.3379144370555877,0.3968762755393982,0.0,0.2652092576026916,True,True,False,True
test|Jona_3_20260616_181717|1972212236000,Jona,Jona_3_20260616_181717,1972212236000,continue,continue,0.3675108850002289,0.3818737268447876,0.0,0.2506153285503387,True,True,False,True
test|Jona_3_20260616_181717|1972545569000,Jona,Jona_3_20260616_181717,1972545569000,continue,continue,0.3858456015586853,0.3698004186153412,0.0,0.2443540394306183,True,True,False,True
test|Jona_3_20260616_181717|1972878902000,Jona,Jona_3_20260616_181717,1972878902000,continue,continue,0.4020709991455078,0.3584462106227875,0.0,0.2394828796386718,True,True,False,True
test|Jona_3_20260616_181717|1973212236000,Jona,Jona_3_20260616_181717,1973212236000,continue,continue,0.4145046770572662,0.3454034030437469,0.0,0.240091860294342,True,True,False,True
test|Jona_3_20260616_181717|1973545569000,Jona,Jona_3_20260616_181717,1973545569000,continue,continue,0.4200851023197174,0.3278035521507263,0.0,0.2521113157272339,True,True,False,True
test|Jona_3_20260616_181717|1973878902000,Jona,Jona_3_20260616_181717,1973878902000,continue,continue,0.4179803431034088,0.3119336068630218,0.0,0.2700860202312469,True,True,False,True
test|Jona_3_20260616_181717|1974212236000,Jona,Jona_3_20260616_181717,1974212236000,continue,continue,0.4178553819656372,0.3009431362152099,0.0,0.2812014818191528,True,True,False,True
test|Jona_3_20260616_181717|1974545569000,Jona,Jona_3_20260616_181717,1974545569000,continue,continue,0.4176254272460937,0.293515533208847,0.0,0.2888590097427368,True,True,False,True
test|Jona_3_20260616_181717|1974878902000,Jona,Jona_3_20260616_181717,1974878902000,continue,continue,0.4105098843574524,0.3001334965229034,0.0,0.2893566191196441,True,True,False,True
test|Jona_3_20260616_181717|1975212236000,Jona,Jona_3_20260616_181717,1975212236000,continue,continue,0.3924973607063293,0.3182348906993866,0.0,0.2892677187919616,True,True,False,True
test|Jona_3_20260616_181717|1975545569000,Jona,Jona_3_20260616_181717,1975545569000,continue,continue,0.377942830324173,0.3455530703067779,0.0,0.2765041291713714,True,True,False,True
test|Jona_3_20260616_181717|1975878902000,Jona,Jona_3_20260616_181717,1975878902000,continue,continue,0.363947719335556,0.3786748945713043,0.0,0.2573773264884949,True,True,False,True
test|Jona_3_20260616_181717|1976212235000,Jona,Jona_3_20260616_181717,1976212235000,continue,continue,0.3494243323802948,0.4055460095405578,0.0,0.2450296729803085,True,True,False,True
test|Jona_3_20260616_181717|1976545569000,Jona,Jona_3_20260616_181717,1976545569000,continue,continue,0.3335527777671814,0.434037446975708,0.0,0.2324097752571106,True,True,False,True
test|Jona_3_20260616_181717|1976878902000,Jona,Jona_3_20260616_181717,1976878902000,continue,continue,0.3290019035339355,0.4454867839813232,0.0,0.2255112677812576,True,True,False,True
test|Jona_3_20260616_181717|1977212235000,Jona,Jona_3_20260616_181717,1977212235000,continue,continue,0.3343667984008789,0.4443179965019226,0.0,0.2213152647018432,True,True,False,True
test|Jona_3_20260616_181717|1977545569000,Jona,Jona_3_20260616_181717,1977545569000,continue,continue,0.3391430079936981,0.4413491785526275,0.0,0.2195078283548355,True,True,False,True
test|Jona_3_20260616_181717|1977878902000,Jona,Jona_3_20260616_181717,1977878902000,continue,continue,0.3428970873355865,0.4379635751247406,0.0,0.219139352440834,True,True,False,True
test|Jona_3_20260616_181717|1978212235000,Jona,Jona_3_20260616_181717,1978212235000,continue,continue,0.3418999016284942,0.4382598996162414,0.0,0.2198401838541031,True,True,False,True
test|Jona_3_20260616_181717|1978545568000,Jona,Jona_3_20260616_181717,1978545568000,continue,continue,0.3445727229118347,0.4338724017143249,0.0,0.2215548157691955,True,True,False,True
test|Jona_3_20260616_181717|1978878902000,Jona,Jona_3_20260616_181717,1978878902000,continue,continue,0.3465175330638885,0.4302079677581787,0.0,0.2232745289802551,True,True,False,True
test|Jona_3_20260616_181717|1979212235000,Jona,Jona_3_20260616_181717,1979212235000,continue,continue,0.3427397310733795,0.4243499636650085,0.0,0.2329103052616119,True,True,False,True
test|Jona_3_20260616_181717|1979545568000,Jona,Jona_3_20260616_181717,1979545568000,continue,continue,0.3437972962856293,0.4128915071487427,0.0,0.2433111816644668,True,True,False,True
test|Jona_3_20260616_181717|1979878902000,Jona,Jona_3_20260616_181717,1979878902000,continue,continue,0.3536378145217895,0.3972606360912323,0.0,0.2491015940904617,True,True,False,True
test|Jona_3_20260616_181717|1980212235000,Jona,Jona_3_20260616_181717,1980212235000,continue,continue,0.3629649579524994,0.3822056949138641,0.0,0.2548293173313141,True,True,False,True
test|Jona_3_20260616_181717|1980545568000,Jona,Jona_3_20260616_181717,1980545568000,continue,continue,0.3685627579689026,0.373353511095047,0.0,0.2580837905406952,True,True,False,True
test|Jona_3_20260616_181717|1980878902000,Jona,Jona_3_20260616_181717,1980878902000,continue,fetch,0.3637030124664306,0.3705732226371765,0.0,0.2657238245010376,True,True,False,True
test|Jona_3_20260616_181717|1981212235000,Jona,Jona_3_20260616_181717,1981212235000,continue,fetch,0.3614016771316528,0.3684994876384735,0.0,0.2700987756252289,True,True,False,True
test|Jona_3_20260616_181717|1981545568000,Jona,Jona_3_20260616_181717,1981545568000,continue,fetch,0.3658679723739624,0.3654277324676513,0.0,0.2687042653560638,True,True,False,True
test|Jona_3_20260616_181717|1981878901000,Jona,Jona_3_20260616_181717,1981878901000,continue,continue,0.359112799167633,0.3591108620166778,0.0,0.2817763686180115,True,True,False,True
test|Jona_3_20260616_181717|1982212235000,Jona,Jona_3_20260616_181717,1982212235000,continue,continue,0.339509516954422,0.3620349168777466,0.0,0.2984556257724762,True,True,False,True
test|Jona_3_20260616_181717|1982545568000,Jona,Jona_3_20260616_181717,1982545568000,continue,continue,0.3393310010433197,0.3540304601192474,0.0,0.3066385388374328,True,True,False,True
test|Jona_3_20260616_181717|1982878901000,Jona,Jona_3_20260616_181717,1982878901000,continue,continue,0.3690906763076782,0.3306041061878204,0.0,0.3003051877021789,True,True,False,True
test|Jona_3_20260616_181717|1983212235000,Jona,Jona_3_20260616_181717,1983212235000,continue,handover,0.3958274722099304,0.312603235244751,0.0,0.2915692925453186,True,True,False,True
test|Jona_3_20260616_181717|1983545568000,Jona,Jona_3_20260616_181717,1983545568000,continue,handover,0.4019255638122558,0.2965762317180633,0.0,0.3014982640743255,True,True,False,True
test|Jona_3_20260616_181717|1983878901000,Jona,Jona_3_20260616_181717,1983878901000,continue,handover,0.4107761681079864,0.2909245491027832,0.0,0.2982993125915527,True,True,False,True
test|Jona_3_20260616_181717|1984212235000,Jona,Jona_3_20260616_181717,1984212235000,continue,fetch,0.4249066412448883,0.285452663898468,0.0,0.2896406948566437,True,True,False,True
test|Jona_3_20260616_181717|1984545568000,Jona,Jona_3_20260616_181717,1984545568000,continue,fetch,0.4234377443790436,0.2796469330787658,0.0,0.2969153225421905,True,True,False,True
test|Jona_3_20260616_181717|1984878901000,Jona,Jona_3_20260616_181717,1984878901000,continue,handover,0.4235309064388275,0.2770074903964996,0.0,0.2994616329669952,True,True,False,True
test|Jona_3_20260616_181717|1985212234000,Jona,Jona_3_20260616_181717,1985212234000,continue,fetch,0.4253664016723633,0.2875109314918518,0.0,0.2871227562427521,True,True,False,True
test|Jona_3_20260616_181717|1985545568000,Jona,Jona_3_20260616_181717,1985545568000,continue,fetch,0.4262044131755829,0.301266461610794,0.0,0.272529125213623,True,True,False,True
test|Jona_3_20260616_181717|1985878901000,Jona,Jona_3_20260616_181717,1985878901000,continue,fetch,0.4226697981357574,0.3083643615245819,0.0,0.2689658999443054,True,True,False,True
test|Jona_3_20260616_181717|1986212234000,Jona,Jona_3_20260616_181717,1986212234000,continue,fetch,0.4214944243431091,0.3086153566837311,0.0,0.2698902189731598,True,True,False,True
test|Jona_3_20260616_181717|1986545568000,Jona,Jona_3_20260616_181717,1986545568000,fetch,fetch,0.4247932136058807,0.3091406226158142,0.0,0.266066163778305,True,True,False,True
test|Jona_3_20260616_181717|1986878901000,Jona,Jona_3_20260616_181717,1986878901000,fetch,handover,0.4214955568313598,0.3099611699581146,0.0,0.2685432136058807,True,True,False,True
test|Jona_3_20260616_181717|1987212234000,Jona,Jona_3_20260616_181717,1987212234000,fetch,handover,0.412698894739151,0.3098039925098419,0.0,0.2774970829486847,True,True,False,True
test|Jona_3_20260616_181717|1987545568000,Jona,Jona_3_20260616_181717,1987545568000,fetch,handover,0.4095396399497986,0.3091759979724884,0.0,0.2812843322753906,True,True,False,True
test|Jona_3_20260616_181717|1987878901000,Jona,Jona_3_20260616_181717,1987878901000,fetch,fetch,0.4100783467292785,0.3095591962337494,0.0,0.280362457036972,True,True,False,True
test|Jona_3_20260616_181717|1988212234000,Jona,Jona_3_20260616_181717,1988212234000,fetch,fetch,0.407478392124176,0.3204723298549652,0.0,0.2720492482185364,True,True,False,True
test|Jona_3_20260616_181717|1988545567000,Jona,Jona_3_20260616_181717,1988545567000,fetch,fetch,0.400083988904953,0.3313507437705993,0.0,0.2685652673244476,True,True,False,True
test|Jona_3_20260616_181717|1988878901000,Jona,Jona_3_20260616_181717,1988878901000,fetch,fetch,0.3972049057483673,0.3395245671272278,0.0,0.2632705569267273,True,True,False,True
test|Jona_3_20260616_181717|1989212234000,Jona,Jona_3_20260616_181717,1989212234000,fetch,fetch,0.4016594588756561,0.3374876677989959,0.0,0.2608528435230255,True,True,False,True
test|Jona_3_20260616_181717|1989545567000,Jona,Jona_3_20260616_181717,1989545567000,fetch,fetch,0.4040215909481048,0.3366793096065521,0.0,0.259299099445343,True,True,False,True
test|Jona_3_20260616_181717|1989878901000,Jona,Jona_3_20260616_181717,1989878901000,fetch,fetch,0.4045233130455017,0.3366008996963501,0.0,0.2588757574558258,True,True,False,True
test|Jona_3_20260616_181717|1990212234000,Jona,Jona_3_20260616_181717,1990212234000,fetch,fetch,0.3995785415172577,0.331899344921112,0.0,0.2685220539569855,True,True,False,True
test|Jona_3_20260616_181717|1990545567000,Jona,Jona_3_20260616_181717,1990545567000,fetch,fetch,0.4004635214805603,0.331131249666214,0.0,0.2684051990509033,True,True,False,True
test|Jona_3_20260616_181717|1994545567000,Jona,Jona_3_20260616_181717,1994545567000,handover,handover,0.412904679775238,0.3278260231018066,0.0,0.2592693269252777,True,True,False,True
test|Jona_3_20260616_181717|1994878900000,Jona,Jona_3_20260616_181717,1994878900000,handover,handover,0.3910065591335296,0.3531015515327453,0.0,0.2558919489383697,True,True,False,True
test|Jona_3_20260616_181717|1995212233000,Jona,Jona_3_20260616_181717,1995212233000,handover,handover,0.3710686564445495,0.3774873316287994,0.0,0.2514440417289734,True,True,False,True
test|Jona_3_20260616_181717|1995545567000,Jona,Jona_3_20260616_181717,1995545567000,handover,handover,0.3561325371265411,0.3986719846725464,0.0,0.2451954483985901,True,True,False,True
test|Jona_3_20260616_181717|1995878900000,Jona,Jona_3_20260616_181717,1995878900000,handover,handover,0.3456738591194153,0.4083220660686493,0.0,0.2460041046142578,True,True,False,True
test|Jona_3_20260616_181717|1996212233000,Jona,Jona_3_20260616_181717,1996212233000,handover,handover,0.3388013839721679,0.4138631224632263,0.0,0.2473355233669281,True,True,False,True
test|Jona_3_20260616_181717|1996545567000,Jona,Jona_3_20260616_181717,1996545567000,handover,handover,0.3353213965892792,0.4165475070476532,0.0,0.2481310814619064,True,True,False,True
test|Jona_3_20260616_181717|1996878900000,Jona,Jona_3_20260616_181717,1996878900000,handover,handover,0.3362270891666412,0.418424516916275,0.0,0.2453483641147613,True,True,False,True
test|Jona_3_20260616_181717|1997212233000,Jona,Jona_3_20260616_181717,1997212233000,handover,handover,0.3396436870098114,0.4169368743896484,0.0,0.2434194236993789,True,True,False,True
test|Jona_3_20260616_181717|1997545567000,Jona,Jona_3_20260616_181717,1997545567000,handover,handover,0.3400538861751556,0.413451999425888,0.0,0.2464940398931503,True,True,False,True
test|Jona_3_20260616_181717|1997878900000,Jona,Jona_3_20260616_181717,1997878900000,handover,handover,0.3355577290058136,0.4124004542827606,0.0,0.252041757106781,True,True,False,True
test|Jona_4_20260616_181855|2052512237000,Jona,Jona_4_20260616_181855,2052512237000,continue,handover,0.2977468967437744,0.2864265739917755,0.1407426744699478,0.2750838100910187,True,True,True,True
test|Jona_4_20260616_181855|2052845570000,Jona,Jona_4_20260616_181855,2052845570000,continue,handover,0.2973555624485016,0.2874854207038879,0.1404020488262176,0.2747569680213928,True,True,True,True
test|Jona_4_20260616_181855|2053178903000,Jona,Jona_4_20260616_181855,2053178903000,continue,handover,0.3013355135917663,0.2903887033462524,0.1404187083244323,0.267857015132904,True,True,True,True
test|Jona_4_20260616_181855|2053512236000,Jona,Jona_4_20260616_181855,2053512236000,continue,continue,0.3071160018444061,0.2949506640434265,0.137782946228981,0.2601504623889923,True,True,True,True
test|Jona_4_20260616_181855|2053845570000,Jona,Jona_4_20260616_181855,2053845570000,continue,continue,0.3080853223800659,0.3094176948070526,0.1328206360340118,0.2496763318777084,True,True,True,True
test|Jona_4_20260616_181855|2054178903000,Jona,Jona_4_20260616_181855,2054178903000,continue,continue,0.3124756813049316,0.3220766186714172,0.1282108575105667,0.2372368723154068,True,True,True,True
test|Jona_4_20260616_181855|2054512236000,Jona,Jona_4_20260616_181855,2054512236000,continue,continue,0.3179328441619873,0.3245904147624969,0.1301406174898147,0.2273361384868621,True,True,True,True
test|Jona_4_20260616_181855|2054845570000,Jona,Jona_4_20260616_181855,2054845570000,continue,continue,0.3234249055385589,0.3189657628536224,0.1413253396749496,0.2162839919328689,True,True,True,True
test|Jona_4_20260616_181855|2055178903000,Jona,Jona_4_20260616_181855,2055178903000,continue,continue,0.3162998259067535,0.3200627863407135,0.1505598425865173,0.2130775451660156,True,True,True,True
test|Jona_4_20260616_181855|2055512236000,Jona,Jona_4_20260616_181855,2055512236000,continue,continue,0.3062524795532226,0.328513890504837,0.1549543589353561,0.2102793157100677,True,True,True,True
test|Jona_4_20260616_181855|2055845570000,Jona,Jona_4_20260616_181855,2055845570000,continue,continue,0.3105183839797973,0.3313136398792267,0.1486851423978805,0.2094828486442566,True,True,True,True
test|Jona_4_20260616_181855|2056178903000,Jona,Jona_4_20260616_181855,2056178903000,continue,continue,0.3126239776611328,0.3365724682807922,0.1438372731208801,0.2069663256406784,True,True,True,True
test|Jona_4_20260616_181855|2056512236000,Jona,Jona_4_20260616_181855,2056512236000,continue,continue,0.3154084682464599,0.3464988172054291,0.1330331861972808,0.2050595432519912,True,True,True,True
test|Jona_4_20260616_181855|2056845570000,Jona,Jona_4_20260616_181855,2056845570000,continue,continue,0.3183579444885254,0.3606202900409698,0.115195445716381,0.2058263272047042,True,True,True,True
test|Jona_4_20260616_181855|2057178903000,Jona,Jona_4_20260616_181855,2057178903000,continue,continue,0.3210865259170532,0.366655021905899,0.1040824949741363,0.2081759423017501,True,True,True,True
test|Jona_4_20260616_181855|2057512236000,Jona,Jona_4_20260616_181855,2057512236000,continue,continue,0.3219360411167145,0.363195389509201,0.1084776669740676,0.2063908576965332,True,True,True,True
test|Jona_4_20260616_181855|2057845569000,Jona,Jona_4_20260616_181855,2057845569000,continue,continue,0.3192496299743652,0.3557439148426056,0.1226604059338569,0.2023460865020752,True,True,True,True
test|Jona_4_20260616_181855|2058178903000,Jona,Jona_4_20260616_181855,2058178903000,continue,continue,0.3138173520565033,0.3522461354732513,0.1339602470397949,0.199976235628128,True,True,True,True
test|Jona_4_20260616_181855|2058512236000,Jona,Jona_4_20260616_181855,2058512236000,continue,continue,0.3015455305576324,0.3475015759468078,0.1451302319765091,0.2058226466178894,True,True,True,True
test|Jona_4_20260616_181855|2058845569000,Jona,Jona_4_20260616_181855,2058845569000,continue,continue,0.2899996042251587,0.3326922357082367,0.1622018963098526,0.2151062786579132,True,True,True,True
test|Jona_4_20260616_181855|2059178903000,Jona,Jona_4_20260616_181855,2059178903000,continue,continue,0.2915331423282623,0.3152672052383423,0.1714121997356414,0.2217873930931091,True,True,True,True
test|Jona_4_20260616_181855|2059512236000,Jona,Jona_4_20260616_181855,2059512236000,continue,continue,0.2920575737953186,0.3090099692344665,0.1593944281339645,0.239538088440895,True,True,True,True
test|Jona_4_20260616_181855|2059845569000,Jona,Jona_4_20260616_181855,2059845569000,continue,continue,0.2882297039031982,0.3030706644058227,0.1466250717639923,0.2620745301246643,True,True,True,True
test|Jona_4_20260616_181855|2060178902000,Jona,Jona_4_20260616_181855,2060178902000,continue,continue,0.2952849268913269,0.291287750005722,0.1374005675315857,0.2760267853736877,True,True,True,True
test|Jona_4_20260616_181855|2060512236000,Jona,Jona_4_20260616_181855,2060512236000,continue,continue,0.3047833442687988,0.2931975424289703,0.1320362091064453,0.2699829041957855,True,True,True,True
test|Jona_4_20260616_181855|2060845569000,Jona,Jona_4_20260616_181855,2060845569000,continue,continue,0.3011006414890289,0.3056758642196655,0.1220740899443626,0.2711493968963623,True,True,True,True
test|Jona_4_20260616_181855|2061178902000,Jona,Jona_4_20260616_181855,2061178902000,continue,continue,0.2926022112369537,0.325713962316513,0.1163958236575126,0.2652880251407623,True,True,True,True
test|Jona_4_20260616_181855|2061512236000,Jona,Jona_4_20260616_181855,2061512236000,continue,continue,0.2872540950775146,0.341613233089447,0.12498739361763,0.2461453378200531,True,True,True,True
test|Jona_4_20260616_181855|2061845569000,Jona,Jona_4_20260616_181855,2061845569000,continue,continue,0.2866927087306976,0.3524538874626159,0.137391984462738,0.2234614044427871,True,True,True,True
test|Jona_4_20260616_181855|2062178902000,Jona,Jona_4_20260616_181855,2062178902000,continue,continue,0.2823154032230377,0.3583852648735046,0.1480559408664703,0.2112433165311813,True,True,True,True
test|Jona_4_20260616_181855|2062512236000,Jona,Jona_4_20260616_181855,2062512236000,continue,continue,0.2810588777065277,0.3610268533229828,0.149024486541748,0.2088897824287414,True,True,True,True
test|Jona_4_20260616_181855|2062845569000,Jona,Jona_4_20260616_181855,2062845569000,continue,continue,0.2956931889057159,0.3509760200977325,0.1499324738979339,0.2033983021974563,True,True,True,True
test|Jona_4_20260616_181855|2063178902000,Jona,Jona_4_20260616_181855,2063178902000,continue,continue,0.3081137537956238,0.3325896263122558,0.1523016095161438,0.2069949954748153,True,True,True,True
test|Jona_4_20260616_181855|2063512236000,Jona,Jona_4_20260616_181855,2063512236000,continue,continue,0.3214263617992401,0.3168859779834747,0.1464840173721313,0.2152036726474762,True,True,True,True
test|Jona_4_20260616_181855|2063845569000,Jona,Jona_4_20260616_181855,2063845569000,continue,continue,0.3333006501197815,0.3080096542835235,0.1372781991958618,0.2214114516973495,True,True,True,True
test|Jona_4_20260616_181855|2064178902000,Jona,Jona_4_20260616_181855,2064178902000,continue,continue,0.3406799137592315,0.3008007109165191,0.1327215731143951,0.2257978171110153,True,True,True,True
test|Jona_4_20260616_181855|2064512235000,Jona,Jona_4_20260616_181855,2064512235000,continue,continue,0.3361800909042358,0.3061916530132293,0.1353093385696411,0.2223189622163772,True,True,True,True
test|Jona_4_20260616_181855|2064845569000,Jona,Jona_4_20260616_181855,2064845569000,continue,continue,0.3250862956047058,0.3293364346027374,0.1309381425380706,0.2146390974521637,True,True,True,True
test|Jona_4_20260616_181855|2065178902000,Jona,Jona_4_20260616_181855,2065178902000,continue,continue,0.3163020014762878,0.3507135510444641,0.1258813440799713,0.2071030884981155,True,True,True,True
test|Jona_4_20260616_181855|2065512235000,Jona,Jona_4_20260616_181855,2065512235000,continue,continue,0.3050788938999176,0.3633045256137848,0.1312618404626846,0.2003547549247741,True,True,True,True
test|Jona_4_20260616_181855|2065845569000,Jona,Jona_4_20260616_181855,2065845569000,continue,continue,0.28591388463974,0.3750215768814087,0.1423021703958511,0.1967623233795166,True,True,True,True
test|Jona_4_20260616_181855|2066178902000,Jona,Jona_4_20260616_181855,2066178902000,continue,continue,0.2706575691699981,0.3929362297058105,0.1469120979309082,0.1894940733909607,True,True,True,True
test|Jona_4_20260616_181855|2066512235000,Jona,Jona_4_20260616_181855,2066512235000,continue,continue,0.2588458657264709,0.3958804309368133,0.1547344624996185,0.1905392706394195,True,True,True,True
test|Jona_4_20260616_181855|2066845568000,Jona,Jona_4_20260616_181855,2066845568000,continue,continue,0.2475246638059616,0.389853686094284,0.1701593995094299,0.1924622356891632,True,True,True,True
test|Jona_4_20260616_181855|2067178902000,Jona,Jona_4_20260616_181855,2067178902000,continue,continue,0.2410214990377426,0.3831968307495117,0.1810246407985687,0.1947569996118545,True,True,True,True
test|Jona_4_20260616_181855|2067512235000,Jona,Jona_4_20260616_181855,2067512235000,continue,continue,0.2428499013185501,0.3808842599391937,0.176630213856697,0.1996356546878814,True,True,True,True
test|Jona_4_20260616_181855|2067845568000,Jona,Jona_4_20260616_181855,2067845568000,continue,continue,0.2521726787090301,0.3755772113800049,0.1669698059558868,0.2052802741527557,True,True,True,True
test|Jona_4_20260616_181855|2068178902000,Jona,Jona_4_20260616_181855,2068178902000,continue,continue,0.2690532803535461,0.3612398505210876,0.1571116596460342,0.2125952392816543,True,True,True,True
test|Jona_4_20260616_181855|2068512235000,Jona,Jona_4_20260616_181855,2068512235000,continue,continue,0.2890619933605194,0.3524243235588074,0.1444221287965774,0.2140915393829345,True,True,True,True
test|Jona_4_20260616_181855|2068845568000,Jona,Jona_4_20260616_181855,2068845568000,continue,continue,0.3100519478321075,0.3317140638828277,0.1357453912496566,0.2224886119365692,True,True,True,True
test|Jona_4_20260616_181855|2069178902000,Jona,Jona_4_20260616_181855,2069178902000,continue,continue,0.3284835815429687,0.3025062680244446,0.1355868428945541,0.2334233224391937,True,True,True,True
test|Jona_4_20260616_181855|2069512235000,Jona,Jona_4_20260616_181855,2069512235000,continue,continue,0.3442691564559936,0.2773914635181427,0.1410616338253021,0.2372777014970779,True,True,True,True
test|Jona_4_20260616_181855|2069845568000,Jona,Jona_4_20260616_181855,2069845568000,continue,continue,0.3569720685482025,0.254524827003479,0.1479768753051757,0.2405262440443039,True,True,True,True
test|Jona_4_20260616_181855|2070178901000,Jona,Jona_4_20260616_181855,2070178901000,continue,continue,0.3593676686286926,0.236011266708374,0.1573746055364608,0.2472464442253112,True,True,True,True
test|Jona_4_20260616_181855|2070512235000,Jona,Jona_4_20260616_181855,2070512235000,continue,continue,0.3539069294929504,0.2216558307409286,0.1632555276155471,0.2611817419528961,True,True,True,True
test|Jona_4_20260616_181855|2070845568000,Jona,Jona_4_20260616_181855,2070845568000,continue,fetch,0.3352798521518707,0.2194750010967254,0.1692369878292083,0.2760081887245178,True,True,True,True
test|Jona_4_20260616_181855|2071178901000,Jona,Jona_4_20260616_181855,2071178901000,continue,continue,0.3168652951717376,0.2241929173469543,0.1739007234573364,0.2850410342216491,True,True,True,True
test|Jona_4_20260616_181855|2071512235000,Jona,Jona_4_20260616_181855,2071512235000,continue,handover,0.3003605604171753,0.2387963533401489,0.1719743609428405,0.2888687252998352,True,True,True,True
test|Jona_4_20260616_181855|2071845568000,Jona,Jona_4_20260616_181855,2071845568000,continue,handover,0.2909738421440124,0.2534780502319336,0.1702132821083068,0.285334825515747,True,True,True,True
test|Jona_4_20260616_181855|2072178901000,Jona,Jona_4_20260616_181855,2072178901000,continue,handover,0.3113696575164795,0.2568529844284057,0.1643467247486114,0.2674306333065033,True,True,True,True
test|Jona_4_20260616_181855|2072512235000,Jona,Jona_4_20260616_181855,2072512235000,continue,fetch,0.3252986967563629,0.2654886841773987,0.1603926420211792,0.248819962143898,True,True,True,True
test|Jona_4_20260616_181855|2072845568000,Jona,Jona_4_20260616_181855,2072845568000,continue,fetch,0.328859269618988,0.2811496555805206,0.1580068916082382,0.2319841682910919,True,True,True,True
test|Jona_4_20260616_181855|2073178901000,Jona,Jona_4_20260616_181855,2073178901000,continue,fetch,0.3237350285053253,0.2947866916656494,0.1557959020137787,0.2256823778152465,True,True,True,True
test|Jona_4_20260616_181855|2073512234000,Jona,Jona_4_20260616_181855,2073512234000,continue,fetch,0.3335885405540466,0.2850259840488434,0.1567890793085098,0.2245964109897613,True,True,True,True
test|Jona_4_20260616_181855|2073845568000,Jona,Jona_4_20260616_181855,2073845568000,continue,fetch,0.3340004980564117,0.2790284752845764,0.157341793179512,0.2296292930841446,True,True,True,True
test|Jona_4_20260616_181855|2074178901000,Jona,Jona_4_20260616_181855,2074178901000,continue,fetch,0.3272918462753296,0.2810378074645996,0.1555405706167221,0.236129805445671,True,True,True,True
test|Jona_4_20260616_181855|2074512234000,Jona,Jona_4_20260616_181855,2074512234000,continue,fetch,0.3317842185497284,0.280741423368454,0.1493684500455856,0.2381059378385543,True,True,True,True
test|Jona_4_20260616_181855|2074845568000,Jona,Jona_4_20260616_181855,2074845568000,continue,fetch,0.344114750623703,0.2775483131408691,0.1425091475248336,0.2358277440071106,True,True,True,True
test|Jona_4_20260616_181855|2075178901000,Jona,Jona_4_20260616_181855,2075178901000,fetch,fetch,0.358159601688385,0.2750543355941772,0.1363174319267273,0.2304686158895492,True,True,True,True
test|Jona_4_20260616_181855|2075512234000,Jona,Jona_4_20260616_181855,2075512234000,fetch,fetch,0.3629641830921173,0.2751461863517761,0.1309864372014999,0.2309031784534454,True,True,True,True
test|Jona_4_20260616_181855|2075845568000,Jona,Jona_4_20260616_181855,2075845568000,fetch,fetch,0.363123208284378,0.2766567170619964,0.1267349421977996,0.233485147356987,True,True,True,True
test|Jona_4_20260616_181855|2076178901000,Jona,Jona_4_20260616_181855,2076178901000,fetch,handover,0.3632031977176666,0.2778080999851227,0.1223671287298202,0.2366215288639068,True,True,True,True
test|Jona_4_20260616_181855|2076512234000,Jona,Jona_4_20260616_181855,2076512234000,fetch,fetch,0.3598149418830871,0.2824139893054962,0.1220360174775123,0.2357350438833236,True,True,True,True
test|Jona_4_20260616_181855|2076845567000,Jona,Jona_4_20260616_181855,2076845567000,fetch,fetch,0.3558123707771301,0.2864956855773926,0.1219322010874748,0.2357596904039383,True,True,True,True
test|Jona_4_20260616_181855|2077178901000,Jona,Jona_4_20260616_181855,2077178901000,fetch,fetch,0.3513578474521637,0.2917466759681701,0.1209926381707191,0.2359028458595276,True,True,True,True
test|Jona_4_20260616_181855|2077512234000,Jona,Jona_4_20260616_181855,2077512234000,fetch,fetch,0.3477852046489715,0.2979847490787506,0.1209120154380798,0.233318030834198,True,True,True,True
test|Jona_4_20260616_181855|2077845567000,Jona,Jona_4_20260616_181855,2077845567000,fetch,fetch,0.3958495557308197,0.3455972075462341,0.0,0.2585532665252685,True,True,False,True
test|Jona_4_20260616_181855|2078178901000,Jona,Jona_4_20260616_181855,2078178901000,fetch,fetch,0.3991807699203491,0.352298229932785,0.0,0.2485210001468658,True,True,False,True
test|Jona_4_20260616_181855|2078512234000,Jona,Jona_4_20260616_181855,2078512234000,fetch,fetch,0.4001521468162536,0.3535018265247345,0.0,0.246346041560173,True,True,False,True
test|Jona_4_20260616_181855|2078845567000,Jona,Jona_4_20260616_181855,2078845567000,fetch,fetch,0.402132898569107,0.3543885052204132,0.0,0.2434785664081573,True,True,False,True
test|Jona_4_20260616_181855|2079178901000,Jona,Jona_4_20260616_181855,2079178901000,fetch,fetch,0.4004330635070801,0.3543049097061157,0.0,0.2452619820833206,True,True,False,True
test|Jona_4_20260616_181855|2079512234000,Jona,Jona_4_20260616_181855,2079512234000,fetch,fetch,0.4006153047084808,0.3524905741214752,0.0,0.2468940764665603,True,True,False,True
test|Jona_4_20260616_181855|2079845567000,Jona,Jona_4_20260616_181855,2079845567000,fetch,fetch,0.4009675979614258,0.3512560427188873,0.0,0.2477764338254928,True,True,False,True
test|Jona_4_20260616_181855|2080178900000,Jona,Jona_4_20260616_181855,2080178900000,fetch,fetch,0.4024087190628052,0.3497687578201294,0.0,0.2478225082159042,True,True,False,True
test|Jona_4_20260616_181855|2080512234000,Jona,Jona_4_20260616_181855,2080512234000,fetch,fetch,0.4046871662139892,0.3483152091503143,0.0,0.2469976246356964,True,True,False,True
test|Jona_4_20260616_181855|2084845567000,Jona,Jona_4_20260616_181855,2084845567000,handover,handover,0.3991206288337707,0.3569433093070984,0.0,0.2439361214637756,True,True,False,True
test|Jona_4_20260616_181855|2085178900000,Jona,Jona_4_20260616_181855,2085178900000,handover,handover,0.388108491897583,0.3807235062122345,0.0,0.2311679720878601,True,True,False,True
test|Jona_4_20260616_181855|2085512233000,Jona,Jona_4_20260616_181855,2085512233000,handover,handover,0.3775810599327087,0.3995409309864044,0.0,0.2228779643774032,True,True,False,True
test|Jona_4_20260616_181855|2085845567000,Jona,Jona_4_20260616_181855,2085845567000,handover,handover,0.3666397631168365,0.4156295657157898,0.0,0.2177307158708572,True,True,False,True
test|Jona_4_20260616_181855|2086178900000,Jona,Jona_4_20260616_181855,2086178900000,handover,handover,0.3597056269645691,0.4231960773468017,0.0,0.2170983105897903,True,True,False,True
test|Jona_4_20260616_181855|2086512233000,Jona,Jona_4_20260616_181855,2086512233000,handover,handover,0.3492258191108703,0.4284006059169769,0.0,0.2223735600709915,True,True,False,True
test|Jona_4_20260616_181855|2086845566000,Jona,Jona_4_20260616_181855,2086845566000,handover,handover,0.3392314910888672,0.4344845116138458,0.0,0.2262840121984481,True,True,False,True
test|Jona_4_20260616_181855|2087178900000,Jona,Jona_4_20260616_181855,2087178900000,handover,handover,0.3343226015567779,0.4395018815994262,0.0,0.2261755466461181,True,True,False,True
test|Jona_4_20260616_181855|2087512233000,Jona,Jona_4_20260616_181855,2087512233000,handover,handover,0.3344983160495758,0.4411186575889587,0.0,0.2243830561637878,True,True,False,True
test|Jona_4_20260616_181855|2087845566000,Jona,Jona_4_20260616_181855,2087845566000,handover,handover,0.3355100154876709,0.4397942423820495,0.0,0.2246957272291183,True,True,False,True
test|Jona_4_20260616_181855|2088178900000,Jona,Jona_4_20260616_181855,2088178900000,handover,handover,0.3382886350154876,0.4366442561149597,0.0,0.225067064166069,True,True,False,True
test|Jona_4_20260616_181855|2088512233000,Jona,Jona_4_20260616_181855,2088512233000,handover,handover,0.3403303027153015,0.4344226717948913,0.0,0.2252470254898071,True,True,False,True
test|Jona_5_20260616_182002|2119378903000,Jona,Jona_5_20260616_182002,2119378903000,continue,continue,0.3756611049175262,0.3660086393356323,0.0,0.258330225944519,True,True,False,True
test|Jona_5_20260616_182002|2119712236000,Jona,Jona_5_20260616_182002,2119712236000,continue,continue,0.3652533292770386,0.3790634274482727,0.0,0.2556832432746887,True,True,False,True
test|Jona_5_20260616_182002|2120045569000,Jona,Jona_5_20260616_182002,2120045569000,continue,continue,0.3614672720432281,0.40110644698143,0.0,0.2374262660741806,True,True,False,True
test|Jona_5_20260616_182002|2120378903000,Jona,Jona_5_20260616_182002,2120378903000,continue,continue,0.3536388576030731,0.4175463616847992,0.0,0.22881481051445,True,True,False,True
test|Jona_5_20260616_182002|2120712236000,Jona,Jona_5_20260616_182002,2120712236000,continue,continue,0.3528877198696136,0.4201299250125885,0.0,0.226982295513153,True,True,False,True
test|Jona_5_20260616_182002|2121045569000,Jona,Jona_5_20260616_182002,2121045569000,continue,continue,0.3537458479404449,0.4230515956878662,0.0,0.2232025414705276,True,True,False,True
test|Jona_5_20260616_182002|2121378902000,Jona,Jona_5_20260616_182002,2121378902000,continue,continue,0.3488028645515442,0.426045298576355,0.0,0.2251517921686172,True,True,False,True
test|Jona_5_20260616_182002|2121712236000,Jona,Jona_5_20260616_182002,2121712236000,continue,continue,0.3473279178142547,0.4289128184318542,0.0,0.2237593233585357,True,True,False,True
test|Jona_5_20260616_182002|2122045569000,Jona,Jona_5_20260616_182002,2122045569000,continue,continue,0.3016041219234466,0.3715275228023529,0.1255175769329071,0.2013508081436157,True,True,True,True
test|Jona_5_20260616_182002|2122378902000,Jona,Jona_5_20260616_182002,2122378902000,continue,continue,0.299315482378006,0.3700884282588959,0.1266550570726394,0.2039410471916198,True,True,True,True
test|Jona_5_20260616_182002|2122712236000,Jona,Jona_5_20260616_182002,2122712236000,continue,continue,0.3013750314712524,0.3753383755683899,0.1245053336024284,0.1987812370061874,True,True,True,True
test|Jona_5_20260616_182002|2123045569000,Jona,Jona_5_20260616_182002,2123045569000,continue,continue,0.3033416271209717,0.37679523229599,0.1250517517328262,0.1948113590478897,True,True,True,True
test|Jona_5_20260616_182002|2123378902000,Jona,Jona_5_20260616_182002,2123378902000,continue,continue,0.3084749579429626,0.3735336363315582,0.1242530345916748,0.1937383860349655,True,True,True,True
test|Jona_5_20260616_182002|2123712236000,Jona,Jona_5_20260616_182002,2123712236000,continue,continue,0.3147696852684021,0.3623960614204407,0.1248718872666359,0.1979623734951019,True,True,True,True
test|Jona_5_20260616_182002|2124045569000,Jona,Jona_5_20260616_182002,2124045569000,continue,continue,0.3222279250621795,0.3464718461036682,0.1275045573711395,0.2037956565618515,True,True,True,True
test|Jona_5_20260616_182002|2124378902000,Jona,Jona_5_20260616_182002,2124378902000,continue,continue,0.331687182188034,0.3295163214206695,0.1280454695224762,0.2107509523630142,True,True,True,True
test|Jona_5_20260616_182002|2124712235000,Jona,Jona_5_20260616_182002,2124712235000,continue,continue,0.3381975889205932,0.3133570551872253,0.1298424750566482,0.2186029404401779,True,True,True,True
test|Jona_5_20260616_182002|2125045569000,Jona,Jona_5_20260616_182002,2125045569000,continue,continue,0.345917135477066,0.3005333244800567,0.1291086375713348,0.2244408726692199,True,True,True,True
test|Jona_5_20260616_182002|2125378902000,Jona,Jona_5_20260616_182002,2125378902000,continue,continue,0.3534795641899109,0.2897813320159912,0.1284828335046768,0.2282562553882599,True,True,True,True
test|Jona_5_20260616_182002|2125712235000,Jona,Jona_5_20260616_182002,2125712235000,continue,continue,0.359437495470047,0.2843022048473358,0.1270149797201156,0.2292452901601791,True,True,True,True
test|Jona_5_20260616_182002|2126045569000,Jona,Jona_5_20260616_182002,2126045569000,continue,continue,0.3637543618679046,0.2829595804214477,0.124085895717144,0.2292001545429229,True,True,True,True
test|Jona_5_20260616_182002|2126378902000,Jona,Jona_5_20260616_182002,2126378902000,continue,continue,0.3636786043643951,0.2816850543022156,0.1265909373760223,0.2280454337596893,True,True,True,True
test|Jona_5_20260616_182002|2126712235000,Jona,Jona_5_20260616_182002,2126712235000,continue,continue,0.3650668263435364,0.282996654510498,0.1263387203216552,0.2255978286266327,True,True,True,True
test|Jona_5_20260616_182002|2127045569000,Jona,Jona_5_20260616_182002,2127045569000,continue,continue,0.3636046648025512,0.2869816720485687,0.1277325302362442,0.221681073307991,True,True,True,True
test|Jona_5_20260616_182002|2127378902000,Jona,Jona_5_20260616_182002,2127378902000,continue,continue,0.3599824607372284,0.2902112007141113,0.1301851123571396,0.2196211963891983,True,True,True,True
test|Jona_5_20260616_182002|2127712235000,Jona,Jona_5_20260616_182002,2127712235000,continue,continue,0.3558603525161743,0.2932536005973816,0.131674438714981,0.2192116379737854,True,True,True,True
test|Jona_5_20260616_182002|2128045568000,Jona,Jona_5_20260616_182002,2128045568000,continue,continue,0.346581369638443,0.2981123328208923,0.136167362332344,0.2191389203071594,True,True,True,True
test|Jona_5_20260616_182002|2128378902000,Jona,Jona_5_20260616_182002,2128378902000,continue,continue,0.3367989361286163,0.3146819174289703,0.1338546723127365,0.2146644294261932,True,True,True,True
test|Jona_5_20260616_182002|2128712235000,Jona,Jona_5_20260616_182002,2128712235000,continue,continue,0.3236487507820129,0.3368134200572967,0.1309467405080795,0.2085910737514495,True,True,True,True
test|Jona_5_20260616_182002|2129045568000,Jona,Jona_5_20260616_182002,2129045568000,continue,continue,0.311797946691513,0.3590024709701538,0.1261271238327026,0.2030724585056305,True,True,True,True
test|Jona_5_20260616_182002|2129378902000,Jona,Jona_5_20260616_182002,2129378902000,continue,continue,0.2963321208953857,0.3734665215015411,0.1318507939577102,0.1983504891395568,True,True,True,True
test|Jona_5_20260616_182002|2129712235000,Jona,Jona_5_20260616_182002,2129712235000,continue,continue,0.2775830328464508,0.3813998103141784,0.1414038687944412,0.1996132731437683,True,True,True,True
test|Jona_5_20260616_182002|2130045568000,Jona,Jona_5_20260616_182002,2130045568000,continue,continue,0.265534371137619,0.3852638304233551,0.148506611585617,0.20069520175457,True,True,True,True
test|Jona_5_20260616_182002|2130378901000,Jona,Jona_5_20260616_182002,2130378901000,continue,continue,0.256317138671875,0.3782743811607361,0.1602201163768768,0.2051883786916732,True,True,True,True
test|Jona_5_20260616_182002|2130712235000,Jona,Jona_5_20260616_182002,2130712235000,continue,continue,0.2476720511913299,0.3646395802497864,0.1737082302570343,0.2139801234006881,True,True,True,True
test|Jona_5_20260616_182002|2131045568000,Jona,Jona_5_20260616_182002,2131045568000,continue,continue,0.2394505590200424,0.3504193723201751,0.1924359053373336,0.2176941037178039,True,True,True,True
test|Jona_5_20260616_182002|2131378901000,Jona,Jona_5_20260616_182002,2131378901000,continue,continue,0.2368143796920776,0.3392615914344787,0.1985131949186325,0.2254108339548111,True,True,True,True
test|Jona_5_20260616_182002|2131712235000,Jona,Jona_5_20260616_182002,2131712235000,continue,continue,0.2397201657295227,0.3408975899219513,0.2038830518722534,0.2154991775751114,True,True,True,True
test|Jona_5_20260616_182002|2132045568000,Jona,Jona_5_20260616_182002,2132045568000,continue,continue,0.2413122355937957,0.3449978232383728,0.2073810547590255,0.206308826804161,True,True,True,True
test|Jona_5_20260616_182002|2132378901000,Jona,Jona_5_20260616_182002,2132378901000,continue,continue,0.2488099783658981,0.3396103084087372,0.2095459699630737,0.2020337581634521,True,True,True,True
test|Jona_5_20260616_182002|2132712235000,Jona,Jona_5_20260616_182002,2132712235000,continue,continue,0.2646616101264953,0.3277713656425476,0.2121922969818115,0.1953747868537902,True,True,True,True
test|Jona_5_20260616_182002|2133045568000,Jona,Jona_5_20260616_182002,2133045568000,continue,continue,0.277563601732254,0.3145413994789123,0.2108299881219864,0.1970650553703308,True,True,True,True
test|Jona_5_20260616_182002|2133378901000,Jona,Jona_5_20260616_182002,2133378901000,continue,continue,0.290783941745758,0.3024249076843261,0.213111013174057,0.1936801820993423,True,True,True,True
test|Jona_5_20260616_182002|2133712235000,Jona,Jona_5_20260616_182002,2133712235000,continue,continue,0.3071542382240295,0.275889128446579,0.21560138463974,0.2013552337884903,True,True,True,True
test|Jona_5_20260616_182002|2134045568000,Jona,Jona_5_20260616_182002,2134045568000,continue,continue,0.3190036118030548,0.2567766308784485,0.2177648097276687,0.2064550071954727,True,True,True,True
test|Jona_5_20260616_182002|2134378901000,Jona,Jona_5_20260616_182002,2134378901000,continue,continue,0.3115954399108886,0.2654646933078766,0.2137993425130844,0.2091405689716339,True,True,True,True
test|Jona_5_20260616_182002|2134712234000,Jona,Jona_5_20260616_182002,2134712234000,continue,continue,0.2908884286880493,0.29004567861557,0.2131662517786026,0.2058995813131332,True,True,True,True
test|Jona_5_20260616_182002|2135045568000,Jona,Jona_5_20260616_182002,2135045568000,continue,continue,0.274108350276947,0.3087154328823089,0.2134235948324203,0.203752651810646,True,True,True,True
test|Jona_5_20260616_182002|2135378901000,Jona,Jona_5_20260616_182002,2135378901000,continue,continue,0.2598223984241485,0.3211764395236969,0.2130894958972931,0.2059116214513778,True,True,True,True
test|Jona_5_20260616_182002|2135712234000,Jona,Jona_5_20260616_182002,2135712234000,continue,continue,0.2399802505970001,0.3459212183952331,0.2117508202791214,0.2023476958274841,True,True,True,True
test|Jona_5_20260616_182002|2136045568000,Jona,Jona_5_20260616_182002,2136045568000,continue,continue,0.2236981093883514,0.3619221448898315,0.2118524014949798,0.2025274187326431,True,True,True,True
test|Jona_5_20260616_182002|2136378901000,Jona,Jona_5_20260616_182002,2136378901000,continue,continue,0.2131240516901016,0.3616388142108917,0.2157668620347976,0.2094702720642089,True,True,True,True
test|Jona_5_20260616_182002|2136712234000,Jona,Jona_5_20260616_182002,2136712234000,continue,continue,0.207511618733406,0.3550918102264404,0.2192327082157135,0.2181638330221176,True,True,True,True
test|Jona_5_20260616_182002|2137045567000,Jona,Jona_5_20260616_182002,2137045567000,continue,continue,0.2048381865024566,0.35483518242836,0.2181643098592758,0.2221623659133911,True,True,True,True
test|Jona_5_20260616_182002|2137378901000,Jona,Jona_5_20260616_182002,2137378901000,continue,continue,0.2050576210021972,0.3576571047306061,0.22347092628479,0.2138143330812454,True,True,True,True
test|Jona_5_20260616_182002|2137712234000,Jona,Jona_5_20260616_182002,2137712234000,continue,continue,0.2083095610141754,0.3569836914539337,0.2217664718627929,0.2129402458667755,True,True,True,True
test|Jona_5_20260616_182002|2138045567000,Jona,Jona_5_20260616_182002,2138045567000,continue,continue,0.205837145447731,0.3635762333869934,0.2208221703767776,0.2097645252943039,True,True,True,True
test|Jona_5_20260616_182002|2138378901000,Jona,Jona_5_20260616_182002,2138378901000,continue,continue,0.209021508693695,0.3700625002384186,0.2194411754608154,0.2014748156070709,True,True,True,True
test|Jona_5_20260616_182002|2138712234000,Jona,Jona_5_20260616_182002,2138712234000,continue,continue,0.2113506644964218,0.3701395690441131,0.2245641499757766,0.1939456611871719,True,True,True,True
test|Jona_5_20260616_182002|2139045567000,Jona,Jona_5_20260616_182002,2139045567000,continue,continue,0.2067833095788955,0.3681469559669494,0.2350446283817291,0.190025120973587,True,True,True,True
test|Jona_5_20260616_182002|2139378901000,Jona,Jona_5_20260616_182002,2139378901000,continue,continue,0.2009762078523636,0.3682424128055572,0.2392349988222122,0.1915463209152221,True,True,True,True
test|Jona_5_20260616_182002|2139712234000,Jona,Jona_5_20260616_182002,2139712234000,continue,continue,0.1980228722095489,0.3684266209602356,0.2462963014841079,0.1872541755437851,True,True,True,True
test|Jona_5_20260616_182002|2140045567000,Jona,Jona_5_20260616_182002,2140045567000,continue,continue,0.2129410654306411,0.3543669283390045,0.248667761683464,0.1840241849422454,True,True,True,True
test|Jona_5_20260616_182002|2140378901000,Jona,Jona_5_20260616_182002,2140378901000,continue,continue,0.2296962291002273,0.334424763917923,0.2444174736738205,0.1914615333080291,True,True,True,True
test|Jona_5_20260616_182002|2140712234000,Jona,Jona_5_20260616_182002,2140712234000,continue,continue,0.2440953552722931,0.3196584582328796,0.2331142425537109,0.2031319737434387,True,True,True,True
test|Jona_5_20260616_182002|2141045567000,Jona,Jona_5_20260616_182002,2141045567000,continue,fetch,0.2644782066345215,0.3034984171390533,0.2207803875207901,0.211242988705635,True,True,True,True
test|Jona_5_20260616_182002|2141378900000,Jona,Jona_5_20260616_182002,2141378900000,continue,fetch,0.2881067395210266,0.2854207158088684,0.2073055952787399,0.2191669642925262,True,True,True,True
test|Jona_5_20260616_182002|2141712234000,Jona,Jona_5_20260616_182002,2141712234000,continue,fetch,0.3038832545280456,0.2722938358783722,0.1969905942678451,0.2268322706222534,True,True,True,True
test|Jona_5_20260616_182002|2142045567000,Jona,Jona_5_20260616_182002,2142045567000,continue,fetch,0.3114264011383056,0.2693945169448852,0.1895786672830581,0.2296003997325897,True,True,True,True
test|Jona_5_20260616_182002|2142378900000,Jona,Jona_5_20260616_182002,2142378900000,continue,fetch,0.3146693706512451,0.2718897759914398,0.18951216340065,0.223928764462471,True,True,True,True
test|Jona_5_20260616_182002|2142712234000,Jona,Jona_5_20260616_182002,2142712234000,continue,fetch,0.3159441649913788,0.2709565758705139,0.189251571893692,0.2238476872444152,True,True,True,True
test|Jona_5_20260616_182002|2143045567000,Jona,Jona_5_20260616_182002,2143045567000,continue,fetch,0.3177387416362762,0.268363893032074,0.1879276931285858,0.2259696573019027,True,True,True,True
test|Jona_5_20260616_182002|2143378900000,Jona,Jona_5_20260616_182002,2143378900000,continue,fetch,0.3172229528427124,0.26486936211586,0.1872370541095733,0.2306706756353378,True,True,True,True
test|Jona_5_20260616_182002|2143712233000,Jona,Jona_5_20260616_182002,2143712233000,continue,fetch,0.3168876469135284,0.2595458328723907,0.1878057122230529,0.2357608079910278,True,True,True,True
test|Jona_5_20260616_182002|2144045567000,Jona,Jona_5_20260616_182002,2144045567000,continue,fetch,0.3226645290851593,0.2554812729358673,0.1821377128362655,0.239716500043869,True,True,True,True
test|Jona_5_20260616_182002|2144378900000,Jona,Jona_5_20260616_182002,2144378900000,fetch,fetch,0.3310957849025726,0.2519528865814209,0.1766810566186905,0.2402702271938324,True,True,True,True
test|Jona_5_20260616_182002|2144712233000,Jona,Jona_5_20260616_182002,2144712233000,fetch,fetch,0.3384940922260284,0.2528744339942932,0.1711536645889282,0.2374777942895889,True,True,True,True
test|Jona_5_20260616_182002|2145045567000,Jona,Jona_5_20260616_182002,2145045567000,fetch,fetch,0.3465408086776733,0.2550056874752044,0.1645804792642593,0.2338729500770568,True,True,True,True
test|Jona_5_20260616_182002|2145378900000,Jona,Jona_5_20260616_182002,2145378900000,fetch,fetch,0.3533076047897339,0.2610722482204437,0.1569644808769226,0.2286556512117386,True,True,True,True
test|Jona_5_20260616_182002|2145712233000,Jona,Jona_5_20260616_182002,2145712233000,fetch,fetch,0.3560845553874969,0.270062506198883,0.1491407305002212,0.2247122377157211,True,True,True,True
test|Jona_5_20260616_182002|2146045567000,Jona,Jona_5_20260616_182002,2146045567000,fetch,fetch,0.3525514602661133,0.2786828577518463,0.1477352678775787,0.2210304588079452,True,True,True,True
test|Jona_5_20260616_182002|2146378900000,Jona,Jona_5_20260616_182002,2146378900000,fetch,fetch,0.3462457358837127,0.2883889079093933,0.1491854041814804,0.2161799669265747,True,True,True,True
test|Jona_5_20260616_182002|2146712233000,Jona,Jona_5_20260616_182002,2146712233000,fetch,fetch,0.3429718315601349,0.2950136363506317,0.1507300287485122,0.2112844586372375,True,True,True,True
test|Jona_5_20260616_182002|2147045566000,Jona,Jona_5_20260616_182002,2147045566000,fetch,fetch,0.3398048281669616,0.301995187997818,0.1527654975652694,0.205434501171112,True,True,True,True
test|Jona_5_20260616_182002|2147378900000,Jona,Jona_5_20260616_182002,2147378900000,fetch,fetch,0.336117535829544,0.3075994849205017,0.1544713228940963,0.2018116116523742,True,True,True,True
test|Jona_5_20260616_182002|2147712233000,Jona,Jona_5_20260616_182002,2147712233000,fetch,fetch,0.3337164521217346,0.3091562390327453,0.1573252826929092,0.1998019516468048,True,True,True,True
test|Jona_5_20260616_182002|2148045566000,Jona,Jona_5_20260616_182002,2148045566000,fetch,fetch,0.3340567648410797,0.3091748654842376,0.1608025729656219,0.1959657520055771,True,True,True,True
test|Jona_5_20260616_182002|2148378900000,Jona,Jona_5_20260616_182002,2148378900000,fetch,fetch,0.3346200287342071,0.3082284927368164,0.1616733521223068,0.1954780966043472,True,True,True,True
test|Jona_5_20260616_182002|2148712233000,Jona,Jona_5_20260616_182002,2148712233000,fetch,fetch,0.3328517973423004,0.3059272766113281,0.1641808003187179,0.1970401257276535,True,True,True,True
test|Jona_5_20260616_182002|2149045566000,Jona,Jona_5_20260616_182002,2149045566000,fetch,fetch,0.3326539993286133,0.3032525777816772,0.1643346697092056,0.1997587531805038,True,True,True,True
test|Jona_5_20260616_182002|2149378900000,Jona,Jona_5_20260616_182002,2149378900000,fetch,fetch,0.3334671556949615,0.3008033037185669,0.1659161746501922,0.1998133361339569,True,True,True,True
test|Jona_5_20260616_182002|2149712233000,Jona,Jona_5_20260616_182002,2149712233000,fetch,fetch,0.333286851644516,0.3008863031864166,0.1664743423461914,0.1993525177240371,True,True,True,True
test|Jona_5_20260616_182002|2150045566000,Jona,Jona_5_20260616_182002,2150045566000,fetch,fetch,0.3307151198387146,0.3020493686199188,0.1667341738939285,0.200501337647438,True,True,True,True
test|Jona_5_20260616_182002|2150378899000,Jona,Jona_5_20260616_182002,2150378899000,fetch,fetch,0.3307996988296509,0.3019132614135742,0.1667099595069885,0.2005770206451416,True,True,True,True
test|Jona_5_20260616_182002|2150712233000,Jona,Jona_5_20260616_182002,2150712233000,fetch,fetch,0.3325026035308838,0.3025200963020324,0.1651986986398697,0.1997785866260528,True,True,True,True
test|Jona_5_20260616_182002|2151045566000,Jona,Jona_5_20260616_182002,2151045566000,fetch,fetch,0.3322068154811859,0.3021039664745331,0.1676819324493408,0.1980072855949401,True,True,True,True
test|Jona_5_20260616_182002|2154378899000,Jona,Jona_5_20260616_182002,2154378899000,handover,handover,0.3453444838523865,0.2943677306175232,0.1485205888748169,0.2117671966552734,True,True,True,True
test|Jona_5_20260616_182002|2154712232000,Jona,Jona_5_20260616_182002,2154712232000,handover,handover,0.337766945362091,0.3122498691082001,0.1440799236297607,0.2059033364057541,True,True,True,True
test|Jona_5_20260616_182002|2155045566000,Jona,Jona_5_20260616_182002,2155045566000,handover,handover,0.3332867622375488,0.3260920941829681,0.1402989774942398,0.2003220915794372,True,True,True,True
test|Jona_5_20260616_182002|2155378899000,Jona,Jona_5_20260616_182002,2155378899000,handover,handover,0.3300272822380066,0.3362369537353515,0.1384048908948898,0.1953308284282684,True,True,True,True
test|Jona_5_20260616_182002|2155712232000,Jona,Jona_5_20260616_182002,2155712232000,handover,handover,0.328109472990036,0.3400106132030487,0.1393824964761734,0.1924973726272583,True,True,True,True
test|Jona_5_20260616_182002|2156045566000,Jona,Jona_5_20260616_182002,2156045566000,handover,handover,0.3260518908500671,0.3414431512355804,0.1405855566263198,0.1919194161891937,True,True,True,True
test|Jona_5_20260616_182002|2156378899000,Jona,Jona_5_20260616_182002,2156378899000,handover,handover,0.3219871520996094,0.3429380655288696,0.1440762877464294,0.1909984946250915,True,True,True,True
test|Jona_5_20260616_182002|2156712232000,Jona,Jona_5_20260616_182002,2156712232000,handover,handover,0.3173117041587829,0.3459004461765289,0.1456682533025741,0.1911196261644363,True,True,True,True
test|Jona_5_20260616_182002|2157045565000,Jona,Jona_5_20260616_182002,2157045565000,handover,handover,0.3144692182540893,0.3484001457691192,0.1463628411293029,0.1907677948474884,True,True,True,True
test|Jona_5_20260616_182002|2157378899000,Jona,Jona_5_20260616_182002,2157378899000,handover,handover,0.3123781383037567,0.3503981232643127,0.146946370601654,0.1902773678302765,True,True,True,True
test|Jona_5_20260616_182002|2157712232000,Jona,Jona_5_20260616_182002,2157712232000,handover,handover,0.3108490109443664,0.3508610427379608,0.146087497472763,0.1922024637460708,True,True,True,True
test|Jona_6_20260616_182111|2188112235000,Jona,Jona_6_20260616_182111,2188112235000,continue,continue,0.3396132290363312,0.4386119544506073,0.0,0.2217747867107391,True,True,False,True
test|Jona_6_20260616_182111|2188445569000,Jona,Jona_6_20260616_182111,2188445569000,continue,continue,0.3399973511695862,0.4264217019081116,0.0,0.233580932021141,True,True,False,True
test|Jona_6_20260616_182111|2188778902000,Jona,Jona_6_20260616_182111,2188778902000,continue,continue,0.3546096384525299,0.4079400300979614,0.0,0.237450286746025,True,True,False,True
test|Jona_6_20260616_182111|2189112235000,Jona,Jona_6_20260616_182111,2189112235000,continue,continue,0.3686730861663818,0.3923482894897461,0.0,0.2389786094427108,True,True,False,True
test|Jona_6_20260616_182111|2189445568000,Jona,Jona_6_20260616_182111,2189445568000,continue,continue,0.3809957802295685,0.3745657503604889,0.0,0.2444385439157486,True,True,False,True
test|Jona_6_20260616_182111|2189778902000,Jona,Jona_6_20260616_182111,2189778902000,continue,continue,0.3852934539318084,0.3683739006519317,0.0,0.2463326305150985,True,True,False,True
test|Jona_6_20260616_182111|2190112235000,Jona,Jona_6_20260616_182111,2190112235000,continue,continue,0.384204626083374,0.3707731366157532,0.0,0.2450222373008728,True,True,False,True
test|Jona_6_20260616_182111|2190445568000,Jona,Jona_6_20260616_182111,2190445568000,continue,continue,0.3857649862766266,0.3688494861125946,0.0,0.24538554251194,True,True,False,True
test|Jona_6_20260616_182111|2190778902000,Jona,Jona_6_20260616_182111,2190778902000,continue,continue,0.3847622871398926,0.3677485287189483,0.0,0.2474891394376754,True,True,False,True
test|Jona_6_20260616_182111|2191112235000,Jona,Jona_6_20260616_182111,2191112235000,continue,continue,0.3804437220096588,0.3711242079734802,0.0,0.2484320700168609,True,True,False,True
test|Jona_6_20260616_182111|2191445568000,Jona,Jona_6_20260616_182111,2191445568000,continue,continue,0.3762122094631195,0.3690305650234222,0.0,0.2547572255134582,True,True,False,True
test|Jona_6_20260616_182111|2191778902000,Jona,Jona_6_20260616_182111,2191778902000,continue,continue,0.3736067116260528,0.3622101843357086,0.0,0.2641830742359161,True,True,False,True
test|Jona_6_20260616_182111|2192112235000,Jona,Jona_6_20260616_182111,2192112235000,continue,continue,0.3972624540328979,0.3373536467552185,0.0,0.2653839588165283,True,True,False,True
test|Jona_6_20260616_182111|2192445568000,Jona,Jona_6_20260616_182111,2192445568000,continue,continue,0.4095832407474518,0.3253405392169952,0.0,0.2650762498378753,True,True,False,True
test|Jona_6_20260616_182111|2192778901000,Jona,Jona_6_20260616_182111,2192778901000,continue,continue,0.4101609289646148,0.321881353855133,0.0,0.2679577469825744,True,True,False,True
test|Jona_6_20260616_182111|2193112235000,Jona,Jona_6_20260616_182111,2193112235000,continue,continue,0.4208614230155945,0.3111118376255035,0.0,0.2680267095565796,True,True,False,True
test|Jona_6_20260616_182111|2193445568000,Jona,Jona_6_20260616_182111,2193445568000,continue,continue,0.4317274987697601,0.3152117729187011,0.0,0.2530607879161834,True,True,False,True
test|Jona_6_20260616_182111|2193778901000,Jona,Jona_6_20260616_182111,2193778901000,continue,continue,0.437950849533081,0.3275553584098816,0.0,0.2344938069581985,True,True,False,True
test|Jona_6_20260616_182111|2194112235000,Jona,Jona_6_20260616_182111,2194112235000,continue,continue,0.4255436360836029,0.3402113914489746,0.0,0.2342449873685836,True,True,False,True
test|Jona_6_20260616_182111|2194445568000,Jona,Jona_6_20260616_182111,2194445568000,continue,continue,0.4210749864578247,0.3447816669940948,0.0,0.2341433614492416,True,True,False,True
test|Jona_6_20260616_182111|2194778901000,Jona,Jona_6_20260616_182111,2194778901000,continue,continue,0.4224855303764343,0.3457157611846924,0.0,0.2317987382411956,True,True,False,True
test|Jona_6_20260616_182111|2195112235000,Jona,Jona_6_20260616_182111,2195112235000,continue,continue,0.4182610809803009,0.3519881665706634,0.0,0.229750782251358,True,True,False,True
test|Jona_6_20260616_182111|2195445568000,Jona,Jona_6_20260616_182111,2195445568000,continue,continue,0.4143908321857452,0.3482144474983215,0.0,0.2373947650194168,True,True,False,True
test|Jona_6_20260616_182111|2195778901000,Jona,Jona_6_20260616_182111,2195778901000,continue,continue,0.4140267670154571,0.3386752605438232,0.0,0.2472979724407196,True,True,False,True
test|Jona_6_20260616_182111|2196112234000,Jona,Jona_6_20260616_182111,2196112234000,continue,continue,0.4132943153381347,0.3372482359409332,0.0,0.2494574040174484,True,True,False,True
test|Jona_6_20260616_182111|2196445568000,Jona,Jona_6_20260616_182111,2196445568000,continue,continue,0.4064700603485107,0.3464020490646362,0.0,0.2471278756856918,True,True,False,True
test|Jona_6_20260616_182111|2196778901000,Jona,Jona_6_20260616_182111,2196778901000,continue,continue,0.3966260552406311,0.3587448596954345,0.0,0.2446290105581283,True,True,False,True
test|Jona_6_20260616_182111|2197112234000,Jona,Jona_6_20260616_182111,2197112234000,continue,continue,0.3867062628269195,0.3656528890132904,0.0,0.2476408779621124,True,True,False,True
test|Jona_6_20260616_182111|2197445568000,Jona,Jona_6_20260616_182111,2197445568000,continue,continue,0.3873617351055145,0.3611040115356445,0.0,0.2515342831611633,True,True,False,True
test|Jona_6_20260616_182111|2197778901000,Jona,Jona_6_20260616_182111,2197778901000,continue,continue,0.3917817771434784,0.3500343859195709,0.0,0.258183866739273,True,True,False,True
test|Jona_6_20260616_182111|2198112234000,Jona,Jona_6_20260616_182111,2198112234000,continue,continue,0.4013502895832062,0.342462956905365,0.0,0.2561867237091064,True,True,False,True
test|Jona_6_20260616_182111|2198445568000,Jona,Jona_6_20260616_182111,2198445568000,continue,continue,0.412828117609024,0.3272840976715088,0.0,0.2598877847194671,True,True,False,True
test|Jona_6_20260616_182111|2198778901000,Jona,Jona_6_20260616_182111,2198778901000,continue,continue,0.4243620932102203,0.3130039572715759,0.0,0.2626339197158813,True,True,False,True
test|Jona_6_20260616_182111|2199112234000,Jona,Jona_6_20260616_182111,2199112234000,continue,continue,0.4329518675804138,0.3055421113967895,0.0,0.2615059912204742,True,True,False,True
test|Jona_6_20260616_182111|2199445567000,Jona,Jona_6_20260616_182111,2199445567000,continue,continue,0.4344477951526642,0.3075708448886871,0.0,0.2579813301563263,True,True,False,True
test|Jona_6_20260616_182111|2199778901000,Jona,Jona_6_20260616_182111,2199778901000,continue,continue,0.4339848756790161,0.3097673654556274,0.0,0.256247729063034,True,True,False,True
test|Jona_6_20260616_182111|2200112234000,Jona,Jona_6_20260616_182111,2200112234000,continue,continue,0.4276855289936065,0.307160884141922,0.0,0.265153557062149,True,True,False,True
test|Jona_6_20260616_182111|2200445567000,Jona,Jona_6_20260616_182111,2200445567000,continue,fetch,0.4195529222488403,0.3067380785942077,0.0,0.2737090289592743,True,True,False,True
test|Jona_6_20260616_182111|2200778901000,Jona,Jona_6_20260616_182111,2200778901000,continue,fetch,0.4099093079566955,0.3026349246501922,0.0,0.2874557673931122,True,True,False,True
test|Jona_6_20260616_182111|2201112234000,Jona,Jona_6_20260616_182111,2201112234000,continue,fetch,0.3999149799346924,0.3146508932113647,0.0,0.2854340970516205,True,True,False,True
test|Jona_6_20260616_182111|2201445567000,Jona,Jona_6_20260616_182111,2201445567000,continue,continue,0.3911951780319214,0.3353446722030639,0.0,0.273460179567337,True,True,False,True
test|Jona_6_20260616_182111|2201778901000,Jona,Jona_6_20260616_182111,2201778901000,continue,continue,0.382079541683197,0.3536198437213897,0.0,0.2643005847930908,True,True,False,True
test|Jona_6_20260616_182111|2202112234000,Jona,Jona_6_20260616_182111,2202112234000,continue,continue,0.3749690651893616,0.3677775859832763,0.0,0.2572533190250397,True,True,False,True
test|Jona_6_20260616_182111|2202445567000,Jona,Jona_6_20260616_182111,2202445567000,continue,continue,0.3604122102260589,0.3846800327301025,0.0,0.2549077272415161,True,True,False,True
test|Jona_6_20260616_182111|2202778900000,Jona,Jona_6_20260616_182111,2202778900000,continue,continue,0.3472942411899566,0.4029496908187866,0.0,0.2497560977935791,True,True,False,True
test|Jona_6_20260616_182111|2203112234000,Jona,Jona_6_20260616_182111,2203112234000,continue,continue,0.3569538593292236,0.393978863954544,0.0,0.2490673065185547,True,True,False,True
test|Jona_6_20260616_182111|2203445567000,Jona,Jona_6_20260616_182111,2203445567000,continue,continue,0.3618101775646209,0.3783073127269745,0.0,0.2598825097084045,True,True,False,True
test|Jona_6_20260616_182111|2203778900000,Jona,Jona_6_20260616_182111,2203778900000,continue,continue,0.367323100566864,0.36391282081604,0.0,0.2687640786170959,True,True,False,True
test|Jona_6_20260616_182111|2204112234000,Jona,Jona_6_20260616_182111,2204112234000,continue,continue,0.3645245432853699,0.3560712337493896,0.0,0.2794042825698852,True,True,False,True
test|Jona_6_20260616_182111|2204445567000,Jona,Jona_6_20260616_182111,2204445567000,continue,continue,0.3832783997058868,0.3428085148334503,0.0,0.2739130556583404,True,True,False,True
test|Jona_6_20260616_182111|2204778900000,Jona,Jona_6_20260616_182111,2204778900000,continue,continue,0.3129533231258392,0.2637443542480469,0.215769961476326,0.2075323909521103,True,True,True,True
test|Jona_6_20260616_182111|2205112234000,Jona,Jona_6_20260616_182111,2205112234000,continue,fetch,0.311320811510086,0.2615286707878113,0.2152607440948486,0.2118897885084152,True,True,True,True
test|Jona_6_20260616_182111|2205445567000,Jona,Jona_6_20260616_182111,2205445567000,continue,continue,0.3102999925613403,0.257254421710968,0.2147412151098251,0.2177043557167053,True,True,True,True
test|Jona_6_20260616_182111|2205778900000,Jona,Jona_6_20260616_182111,2205778900000,continue,continue,0.3121021091938019,0.2487628608942031,0.2191101610660553,0.2200248539447784,True,True,True,True
test|Jona_6_20260616_182111|2206112233000,Jona,Jona_6_20260616_182111,2206112233000,continue,fetch,0.3216255605220794,0.236395388841629,0.2198308706283569,0.2221481651067733,True,True,True,True
test|Jona_6_20260616_182111|2206445567000,Jona,Jona_6_20260616_182111,2206445567000,continue,fetch,0.3063202202320099,0.2261087894439697,0.2275650799274444,0.2400059551000595,True,True,True,True
test|Jona_6_20260616_182111|2206778900000,Jona,Jona_6_20260616_182111,2206778900000,continue,fetch,0.3080369532108307,0.2123853862285614,0.224141925573349,0.2554357051849365,True,True,True,True
test|Jona_6_20260616_182111|2207112233000,Jona,Jona_6_20260616_182111,2207112233000,continue,fetch,0.3162734508514404,0.2039811760187149,0.2180892676115036,0.261656105518341,True,True,True,True
test|Jona_6_20260616_182111|2207445567000,Jona,Jona_6_20260616_182111,2207445567000,continue,fetch,0.3294239938259125,0.1983297616243362,0.2115460187196731,0.2607002258300781,True,True,True,True
test|Jona_6_20260616_182111|2207778900000,Jona,Jona_6_20260616_182111,2207778900000,fetch,fetch,0.3393392860889435,0.1962148249149322,0.2046077847480774,0.2598381340503692,True,True,True,True
test|Jona_6_20260616_182111|2208112233000,Jona,Jona_6_20260616_182111,2208112233000,fetch,fetch,0.3512623310089111,0.1951155066490173,0.2000181376934051,0.2536040246486664,True,True,True,True
test|Jona_6_20260616_182111|2208445566000,Jona,Jona_6_20260616_182111,2208445566000,fetch,fetch,0.3676349818706512,0.1976670920848846,0.1917026787996292,0.2429952770471573,True,True,True,True
test|Jona_6_20260616_182111|2208778900000,Jona,Jona_6_20260616_182111,2208778900000,fetch,fetch,0.3673993051052093,0.2101727426052093,0.1897123157978058,0.2327155917882919,True,True,True,True
test|Jona_6_20260616_182111|2209112233000,Jona,Jona_6_20260616_182111,2209112233000,fetch,fetch,0.3659170567989349,0.2211794257164001,0.183885782957077,0.2290177643299102,True,True,True,True
test|Jona_6_20260616_182111|2209445566000,Jona,Jona_6_20260616_182111,2209445566000,fetch,fetch,0.3616531193256378,0.231338620185852,0.1793933361768722,0.2276148647069931,True,True,True,True
test|Jona_6_20260616_182111|2209778900000,Jona,Jona_6_20260616_182111,2209778900000,fetch,fetch,0.3572798371315002,0.2415670156478881,0.176805093884468,0.2243480831384658,True,True,True,True
test|Jona_6_20260616_182111|2210112233000,Jona,Jona_6_20260616_182111,2210112233000,fetch,fetch,0.3551872670650482,0.2517047226428985,0.1736327558755874,0.2194752693176269,True,True,True,True
test|Jona_6_20260616_182111|2210445566000,Jona,Jona_6_20260616_182111,2210445566000,fetch,fetch,0.3544917702674866,0.2596536576747894,0.1711416095495224,0.2147129774093628,True,True,True,True
test|Jona_6_20260616_182111|2210778900000,Jona,Jona_6_20260616_182111,2210778900000,fetch,fetch,0.3553993999958038,0.2614651024341583,0.1699545681476593,0.2131809294223785,True,True,True,True
test|Jona_6_20260616_182111|2211112233000,Jona,Jona_6_20260616_182111,2211112233000,fetch,fetch,0.3558686077594757,0.2623302042484283,0.170884296298027,0.2109168469905853,True,True,True,True
test|Jona_6_20260616_182111|2211445566000,Jona,Jona_6_20260616_182111,2211445566000,fetch,fetch,0.3561264276504516,0.2638304829597473,0.1712540388107299,0.2087890952825546,True,True,True,True
test|Jona_6_20260616_182111|2211778900000,Jona,Jona_6_20260616_182111,2211778900000,fetch,fetch,0.3567132949829101,0.2657360434532165,0.1694707423448562,0.2080798894166946,True,True,True,True
test|Jona_6_20260616_182111|2212112233000,Jona,Jona_6_20260616_182111,2212112233000,fetch,fetch,0.3551666736602783,0.267025351524353,0.1684730798006057,0.2093348652124405,True,True,True,True
test|Jona_6_20260616_182111|2212445566000,Jona,Jona_6_20260616_182111,2212445566000,fetch,fetch,0.3526819050312042,0.2684175968170166,0.1687066256999969,0.2101938277482986,True,True,True,True
test|Jona_6_20260616_182111|2212778899000,Jona,Jona_6_20260616_182111,2212778899000,fetch,fetch,0.3514736294746399,0.2692807614803314,0.1689489334821701,0.2102966606616974,True,True,True,True
test|Jona_6_20260616_182111|2216778899000,Jona,Jona_6_20260616_182111,2216778899000,handover,handover,0.3066202700138092,0.3538241386413574,0.1496139615774154,0.1899416297674179,True,True,True,True
test|Jona_6_20260616_182111|2217112232000,Jona,Jona_6_20260616_182111,2217112232000,handover,handover,0.3142811357975006,0.350344568490982,0.1482774466276168,0.187096893787384,True,True,True,True
test|Jona_6_20260616_182111|2217445566000,Jona,Jona_6_20260616_182111,2217445566000,handover,handover,0.3218347430229187,0.3460549116134643,0.1482919305562973,0.1838183850049972,True,True,True,True
test|Jona_6_20260616_182111|2217778899000,Jona,Jona_6_20260616_182111,2217778899000,handover,handover,0.3251162767410278,0.3414959013462066,0.1494705975055694,0.1839171648025512,True,True,True,True
test|Jona_6_20260616_182111|2218112232000,Jona,Jona_6_20260616_182111,2218112232000,handover,handover,0.3241505622863769,0.3361624479293823,0.1512701362371444,0.1884168535470962,True,True,True,True
test|Jona_6_20260616_182111|2218445566000,Jona,Jona_6_20260616_182111,2218445566000,handover,handover,0.3215329945087433,0.3355956077575683,0.1531330198049545,0.1897384524345398,True,True,True,True
test|Jona_6_20260616_182111|2218778899000,Jona,Jona_6_20260616_182111,2218778899000,handover,handover,0.3171769082546234,0.3385590314865112,0.1543390154838562,0.1899250149726867,True,True,True,True
test|Jona_6_20260616_182111|2219112232000,Jona,Jona_6_20260616_182111,2219112232000,handover,handover,0.3128580152988434,0.3394419550895691,0.1555289477109909,0.1921710669994354,True,True,True,True
test|Jona_6_20260616_182111|2219445565000,Jona,Jona_6_20260616_182111,2219445565000,handover,handover,0.3103333413600921,0.3396555781364441,0.1560548692941665,0.1939562559127807,True,True,True,True
test|Jona_6_20260616_182111|2219778899000,Jona,Jona_6_20260616_182111,2219778899000,handover,handover,0.3095624446868896,0.3395500779151916,0.156018316745758,0.1948692053556442,True,True,True,True
test|Jona_6_20260616_182111|2220112232000,Jona,Jona_6_20260616_182111,2220112232000,handover,handover,0.3106893897056579,0.3402177095413208,0.1564356386661529,0.1926572769880294,True,True,True,True
test|Jona_6_20260616_182111|2220445565000,Jona,Jona_6_20260616_182111,2220445565000,handover,handover,0.3113544583320617,0.3403542935848236,0.1565788239240646,0.19171242415905,True,True,True,True
test|Jona_7_20260616_182214|2250878901000,Jona,Jona_7_20260616_182214,2250878901000,continue,continue,0.252703845500946,0.3433417975902557,0.16822449862957,0.2357298731803894,True,True,True,True
test|Jona_7_20260616_182214|2251212235000,Jona,Jona_7_20260616_182214,2251212235000,continue,continue,0.2638199627399444,0.3187026381492615,0.1691379845142364,0.2483393549919128,True,True,True,True
test|Jona_7_20260616_182214|2251545568000,Jona,Jona_7_20260616_182214,2251545568000,continue,continue,0.2795405089855194,0.2926057279109955,0.1700010001659393,0.2578527629375458,True,True,True,True
test|Jona_7_20260616_182214|2251878901000,Jona,Jona_7_20260616_182214,2251878901000,continue,continue,0.2977385222911834,0.270022451877594,0.1711971312761306,0.261041909456253,True,True,True,True
test|Jona_7_20260616_182214|2252212235000,Jona,Jona_7_20260616_182214,2252212235000,continue,continue,0.3059704005718231,0.2627011239528656,0.1698809713125229,0.2614475190639496,True,True,True,True
test|Jona_7_20260616_182214|2252545568000,Jona,Jona_7_20260616_182214,2252545568000,continue,continue,0.3141787946224212,0.2562124133110046,0.171016052365303,0.2585927546024322,True,True,True,True
test|Jona_7_20260616_182214|2252878901000,Jona,Jona_7_20260616_182214,2252878901000,continue,continue,0.3173603415489197,0.253500372171402,0.1756467670202255,0.2534925937652588,True,True,True,True
test|Jona_7_20260616_182214|2253212234000,Jona,Jona_7_20260616_182214,2253212234000,continue,continue,0.3166049122810364,0.2526350617408752,0.1835088729858398,0.2472511231899261,True,True,True,True
test|Jona_7_20260616_182214|2253545568000,Jona,Jona_7_20260616_182214,2253545568000,continue,continue,0.312313973903656,0.2564460039138794,0.1886060982942581,0.2426338940858841,True,True,True,True
test|Jona_7_20260616_182214|2253878901000,Jona,Jona_7_20260616_182214,2253878901000,continue,continue,0.3107194304466247,0.2603326141834259,0.1924451887607574,0.2365027368068695,True,True,True,True
test|Jona_7_20260616_182214|2254212234000,Jona,Jona_7_20260616_182214,2254212234000,continue,continue,0.3039741516113281,0.2620144188404083,0.1954945921897888,0.2385168969631195,True,True,True,True
test|Jona_7_20260616_182214|2254545568000,Jona,Jona_7_20260616_182214,2254545568000,continue,continue,0.2886435389518738,0.2678173780441284,0.2026820331811905,0.2408570200204849,True,True,True,True
test|Jona_7_20260616_182214|2254878901000,Jona,Jona_7_20260616_182214,2254878901000,continue,continue,0.2683311700820923,0.2802736759185791,0.2113362997770309,0.2400588691234588,True,True,True,True
test|Jona_7_20260616_182214|2255212234000,Jona,Jona_7_20260616_182214,2255212234000,continue,continue,0.2489307224750518,0.2983913123607635,0.2178923934698104,0.2347855418920517,True,True,True,True
test|Jona_7_20260616_182214|2255545567000,Jona,Jona_7_20260616_182214,2255545567000,continue,continue,0.2326084822416305,0.3198723793029785,0.2234218269586563,0.2240972816944122,True,True,True,True
test|Jona_7_20260616_182214|2255878901000,Jona,Jona_7_20260616_182214,2255878901000,continue,continue,0.2160188853740692,0.3461624085903168,0.2242652773857116,0.2135533988475799,True,True,True,True
test|Jona_7_20260616_182214|2256212234000,Jona,Jona_7_20260616_182214,2256212234000,continue,continue,0.206932708621025,0.3659181594848633,0.2290546596050262,0.198094442486763,True,True,True,True
test|Jona_7_20260616_182214|2256545567000,Jona,Jona_7_20260616_182214,2256545567000,continue,continue,0.1994716078042984,0.3863572180271148,0.2298982143402099,0.1842729747295379,True,True,True,True
test|Jona_7_20260616_182214|2256878901000,Jona,Jona_7_20260616_182214,2256878901000,continue,continue,0.1934830844402313,0.3963953852653503,0.2356134206056594,0.1745081841945648,True,True,True,True
test|Jona_7_20260616_182214|2257212234000,Jona,Jona_7_20260616_182214,2257212234000,continue,continue,0.1932040899991989,0.3967302143573761,0.2389323413372039,0.1711333096027374,True,True,True,True
test|Jona_7_20260616_182214|2257545567000,Jona,Jona_7_20260616_182214,2257545567000,continue,continue,0.1942831128835678,0.3986309468746185,0.2367817014455795,0.1703043133020401,True,True,True,True
test|Jona_7_20260616_182214|2257878901000,Jona,Jona_7_20260616_182214,2257878901000,continue,continue,0.1932759135961532,0.3974156677722931,0.2382262051105499,0.1710821688175201,True,True,True,True
test|Jona_7_20260616_182214|2258212234000,Jona,Jona_7_20260616_182214,2258212234000,continue,continue,0.1930860131978988,0.4001893699169159,0.2343906015157699,0.1723340898752212,True,True,True,True
test|Jona_7_20260616_182214|2258545567000,Jona,Jona_7_20260616_182214,2258545567000,continue,continue,0.1987031996250152,0.3965350091457367,0.2333523780107498,0.1714093536138534,True,True,True,True
test|Jona_7_20260616_182214|2258878901000,Jona,Jona_7_20260616_182214,2258878901000,continue,continue,0.2100258022546768,0.3954636752605438,0.2275155931711197,0.166994959115982,True,True,True,True
test|Jona_7_20260616_182214|2259212234000,Jona,Jona_7_20260616_182214,2259212234000,continue,continue,0.2141534686088562,0.3977733254432678,0.2247424870729446,0.1633307039737701,True,True,True,True
test|Jona_7_20260616_182214|2259545567000,Jona,Jona_7_20260616_182214,2259545567000,continue,continue,0.215541809797287,0.4021199345588684,0.2221029847860336,0.1602352857589721,True,True,True,True
test|Jona_7_20260616_182214|2259878900000,Jona,Jona_7_20260616_182214,2259878900000,continue,continue,0.2201597094535827,0.4099968671798706,0.2137832343578338,0.1560601592063903,True,True,True,True
test|Jona_7_20260616_182214|2260212234000,Jona,Jona_7_20260616_182214,2260212234000,continue,continue,0.2237261533737182,0.4119867980480194,0.2114297747611999,0.1528573185205459,True,True,True,True
test|Jona_7_20260616_182214|2260545567000,Jona,Jona_7_20260616_182214,2260545567000,continue,continue,0.2310876250267028,0.4123196899890899,0.2083048373460769,0.1482878178358078,True,True,True,True
test|Jona_7_20260616_182214|2260878900000,Jona,Jona_7_20260616_182214,2260878900000,continue,continue,0.2309610843658447,0.4146955609321594,0.2053852081298828,0.1489581614732742,True,True,True,True
test|Jona_7_20260616_182214|2261212234000,Jona,Jona_7_20260616_182214,2261212234000,continue,continue,0.2351363599300384,0.4149190187454223,0.1988630145788192,0.1510815769433975,True,True,True,True
test|Jona_7_20260616_182214|2261545567000,Jona,Jona_7_20260616_182214,2261545567000,continue,continue,0.240487664937973,0.4104544222354889,0.1945957094430923,0.1544621586799621,True,True,True,True
test|Jona_7_20260616_182214|2261878900000,Jona,Jona_7_20260616_182214,2261878900000,continue,continue,0.2443538457155227,0.4050856232643127,0.1957191079854965,0.1548414677381515,True,True,True,True
test|Jona_7_20260616_182214|2262212233000,Jona,Jona_7_20260616_182214,2262212233000,continue,continue,0.2463778108358383,0.4049268066883087,0.1928499490022659,0.1558453887701034,True,True,True,True
test|Jona_7_20260616_182214|2262545567000,Jona,Jona_7_20260616_182214,2262545567000,continue,continue,0.2502704262733459,0.4013921618461609,0.1901133358478546,0.1582241058349609,True,True,True,True
test|Jona_7_20260616_182214|2262878900000,Jona,Jona_7_20260616_182214,2262878900000,continue,continue,0.2558821737766266,0.3935362696647644,0.1878566294908523,0.1627248972654342,True,True,True,True
test|Jona_7_20260616_182214|2263212233000,Jona,Jona_7_20260616_182214,2263212233000,continue,continue,0.2680714428424835,0.373547613620758,0.1891451627016067,0.1692357361316681,True,True,True,True
test|Jona_7_20260616_182214|2263545567000,Jona,Jona_7_20260616_182214,2263545567000,continue,continue,0.2765807211399078,0.35457244515419,0.1965721547603607,0.1722746342420578,True,True,True,True
test|Jona_7_20260616_182214|2263878900000,Jona,Jona_7_20260616_182214,2263878900000,continue,continue,0.2796147167682647,0.3438781797885895,0.1992431581020355,0.1772639751434326,True,True,True,True
test|Jona_7_20260616_182214|2264212233000,Jona,Jona_7_20260616_182214,2264212233000,continue,continue,0.2822220027446747,0.3269429504871368,0.2080346196889877,0.1828003823757171,True,True,True,True
test|Jona_7_20260616_182214|2264545567000,Jona,Jona_7_20260616_182214,2264545567000,continue,continue,0.281315416097641,0.3174555897712707,0.2080870866775512,0.1931418478488922,True,True,True,True
test|Jona_7_20260616_182214|2264878900000,Jona,Jona_7_20260616_182214,2264878900000,continue,continue,0.2834116816520691,0.3116990327835083,0.2073932439088821,0.197496086359024,True,True,True,True
test|Jona_7_20260616_182214|2265212233000,Jona,Jona_7_20260616_182214,2265212233000,continue,fetch,0.2841024100780487,0.3117198050022125,0.2064628303050995,0.1977149248123169,True,True,True,True
test|Jona_7_20260616_182214|2265545566000,Jona,Jona_7_20260616_182214,2265545566000,continue,fetch,0.2795650064945221,0.3157018423080444,0.200540691614151,0.2041924148797989,True,True,True,True
test|Jona_7_20260616_182214|2265878900000,Jona,Jona_7_20260616_182214,2265878900000,continue,fetch,0.2789928019046783,0.3124611675739288,0.2000840753316879,0.2084619849920272,True,True,True,True
test|Jona_7_20260616_182214|2266212233000,Jona,Jona_7_20260616_182214,2266212233000,continue,fetch,0.2812826931476593,0.3165079951286316,0.1929726153612136,0.2092366963624954,True,True,True,True
test|Jona_7_20260616_182214|2266545566000,Jona,Jona_7_20260616_182214,2266545566000,continue,continue,0.2743050456047058,0.3204022347927093,0.1928675025701522,0.2124252617359161,True,True,True,True
test|Jona_7_20260616_182214|2266878900000,Jona,Jona_7_20260616_182214,2266878900000,continue,continue,0.2641048729419708,0.3259970843791961,0.1977620124816894,0.2121360003948211,True,True,True,True
test|Jona_7_20260616_182214|2267212233000,Jona,Jona_7_20260616_182214,2267212233000,continue,continue,0.2524729669094085,0.3334349393844604,0.1975997537374496,0.2164923995733261,True,True,True,True
test|Jona_7_20260616_182214|2267545566000,Jona,Jona_7_20260616_182214,2267545566000,continue,continue,0.2459790110588073,0.3364893496036529,0.2026493102312088,0.2148823142051696,True,True,True,True
test|Jona_7_20260616_182214|2267878900000,Jona,Jona_7_20260616_182214,2267878900000,continue,continue,0.3003541529178619,0.4304434359073639,0.0,0.2692024111747741,True,True,False,True
test|Jona_7_20260616_182214|2268212233000,Jona,Jona_7_20260616_182214,2268212233000,continue,continue,0.2939631044864654,0.4379209876060486,0.0,0.2681159079074859,True,True,False,True
test|Jona_7_20260616_182214|2268545566000,Jona,Jona_7_20260616_182214,2268545566000,continue,continue,0.2961358726024627,0.4409828186035156,0.0,0.2628813087940216,True,True,False,True
test|Jona_7_20260616_182214|2268878899000,Jona,Jona_7_20260616_182214,2268878899000,continue,fetch,0.2968233227729797,0.43805131316185,0.0,0.2651253640651703,True,True,False,True
test|Jona_7_20260616_182214|2269212233000,Jona,Jona_7_20260616_182214,2269212233000,continue,fetch,0.2971419095993042,0.4377492070198059,0.0,0.2651088833808899,True,True,False,True
test|Jona_7_20260616_182214|2269545566000,Jona,Jona_7_20260616_182214,2269545566000,continue,fetch,0.2990705370903015,0.4356553256511688,0.0,0.2652741372585296,True,True,False,True
test|Jona_7_20260616_182214|2269878899000,Jona,Jona_7_20260616_182214,2269878899000,continue,fetch,0.3019432425498962,0.4279634654521942,0.0,0.2700933516025543,True,True,False,True
test|Jona_7_20260616_182214|2270212233000,Jona,Jona_7_20260616_182214,2270212233000,continue,fetch,0.3060693144798279,0.4205909669399261,0.0,0.2733397185802459,True,True,False,True
test|Jona_7_20260616_182214|2270545566000,Jona,Jona_7_20260616_182214,2270545566000,continue,fetch,0.3130849301815033,0.4129306972026825,0.0,0.2739843130111694,True,True,False,True
test|Jona_7_20260616_182214|2270878899000,Jona,Jona_7_20260616_182214,2270878899000,continue,fetch,0.3210077285766601,0.4136934578418731,0.0,0.2652989029884338,True,True,False,True
test|Jona_7_20260616_182214|2271212233000,Jona,Jona_7_20260616_182214,2271212233000,continue,fetch,0.3347879946231842,0.4021139144897461,0.0,0.2630980908870697,True,True,False,True
test|Jona_7_20260616_182214|2271545566000,Jona,Jona_7_20260616_182214,2271545566000,continue,fetch,0.3490958511829376,0.3726796805858612,0.0,0.2782244384288788,True,True,False,True
test|Jona_7_20260616_182214|2271878899000,Jona,Jona_7_20260616_182214,2271878899000,continue,fetch,0.3686838150024414,0.3419141769409179,0.0,0.289402037858963,True,True,False,True
test|Jona_7_20260616_182214|2272212232000,Jona,Jona_7_20260616_182214,2272212232000,continue,fetch,0.3930030167102813,0.3141179978847503,0.0,0.2928789556026459,True,True,False,True
test|Jona_7_20260616_182214|2272545566000,Jona,Jona_7_20260616_182214,2272545566000,continue,fetch,0.4139076173305511,0.2895219922065735,0.0,0.2965703904628753,True,True,False,True
test|Jona_7_20260616_182214|2272878899000,Jona,Jona_7_20260616_182214,2272878899000,continue,fetch,0.4267388582229614,0.2674871385097503,0.0,0.3057739436626434,True,True,False,True
test|Jona_7_20260616_182214|2273212232000,Jona,Jona_7_20260616_182214,2273212232000,fetch,fetch,0.4352211356163025,0.2571847438812256,0.0,0.3075940907001495,True,True,False,True
test|Jona_7_20260616_182214|2273545566000,Jona,Jona_7_20260616_182214,2273545566000,fetch,fetch,0.4471515715122223,0.2557019889354706,0.0,0.2971464395523071,True,True,False,True
test|Jona_7_20260616_182214|2273878899000,Jona,Jona_7_20260616_182214,2273878899000,fetch,handover,0.4539009034633636,0.2567611038684845,0.0,0.2893379330635071,True,True,False,True
test|Jona_7_20260616_182214|2274212232000,Jona,Jona_7_20260616_182214,2274212232000,fetch,handover,0.4504093825817108,0.2581635117530823,0.0,0.2914271354675293,True,True,False,True
test|Jona_7_20260616_182214|2274545566000,Jona,Jona_7_20260616_182214,2274545566000,fetch,handover,0.4460943639278412,0.2673255801200866,0.0,0.2865799963474273,True,True,False,True
test|Jona_7_20260616_182214|2274878899000,Jona,Jona_7_20260616_182214,2274878899000,fetch,handover,0.4389557242393493,0.2788752615451813,0.0,0.2821690738201141,True,True,False,True
test|Jona_7_20260616_182214|2275212232000,Jona,Jona_7_20260616_182214,2275212232000,fetch,fetch,0.4347337782382965,0.2945698201656341,0.0,0.2706964015960693,True,True,False,True
test|Jona_7_20260616_182214|2275545565000,Jona,Jona_7_20260616_182214,2275545565000,fetch,fetch,0.430726557970047,0.310156762599945,0.0,0.2591167390346527,True,True,False,True
test|Jona_7_20260616_182214|2275878899000,Jona,Jona_7_20260616_182214,2275878899000,fetch,fetch,0.4293543100357055,0.3222256600856781,0.0,0.2484199851751327,True,True,False,True
test|Jona_7_20260616_182214|2276212232000,Jona,Jona_7_20260616_182214,2276212232000,fetch,fetch,0.4300892949104309,0.3310963809490204,0.0,0.2388143837451934,True,True,False,True
test|Jona_7_20260616_182214|2276545565000,Jona,Jona_7_20260616_182214,2276545565000,fetch,fetch,0.4287262558937073,0.3326823711395263,0.0,0.2385913282632827,True,True,False,True
test|Jona_7_20260616_182214|2276878899000,Jona,Jona_7_20260616_182214,2276878899000,fetch,fetch,0.4307322204113006,0.3331671059131622,0.0,0.2361006289720535,True,True,False,True
test|Jona_7_20260616_182214|2277212232000,Jona,Jona_7_20260616_182214,2277212232000,fetch,fetch,0.4303207099437713,0.3310907781124115,0.0,0.2385885268449783,True,True,False,True
test|Jona_7_20260616_182214|2277545565000,Jona,Jona_7_20260616_182214,2277545565000,fetch,fetch,0.4251445233821869,0.3302009701728821,0.0,0.244654506444931,True,True,False,True
test|Jona_7_20260616_182214|2277878899000,Jona,Jona_7_20260616_182214,2277878899000,fetch,fetch,0.4222269356250763,0.3289629817008972,0.0,0.2488100230693817,True,True,False,True
test|Jona_7_20260616_182214|2278212232000,Jona,Jona_7_20260616_182214,2278212232000,fetch,fetch,0.419188916683197,0.3295855522155761,0.0,0.2512255311012268,True,True,False,True
test|Jona_7_20260616_182214|2282212231000,Jona,Jona_7_20260616_182214,2282212231000,handover,handover,0.4585204720497131,0.2710412144660949,0.0,0.2704382538795471,True,True,False,True
test|Jona_7_20260616_182214|2282545565000,Jona,Jona_7_20260616_182214,2282545565000,handover,handover,0.4432266056537628,0.3028333783149719,0.0,0.2539400458335876,True,True,False,True
test|Jona_7_20260616_182214|2282878898000,Jona,Jona_7_20260616_182214,2282878898000,handover,handover,0.4257151484489441,0.3371859490871429,0.0,0.2370988726615905,True,True,False,True
test|Jona_7_20260616_182214|2283212231000,Jona,Jona_7_20260616_182214,2283212231000,handover,handover,0.4092100858688354,0.3656591773033142,0.0,0.2251307070255279,True,True,False,True
test|Jona_7_20260616_182214|2283545565000,Jona,Jona_7_20260616_182214,2283545565000,handover,handover,0.3956984281539917,0.3846722543239593,0.0,0.2196293473243713,True,True,False,True
test|Jona_7_20260616_182214|2283878898000,Jona,Jona_7_20260616_182214,2283878898000,handover,handover,0.3851041495800018,0.3952869772911072,0.0,0.2196088880300521,True,True,False,True
test|Jona_7_20260616_182214|2284212231000,Jona,Jona_7_20260616_182214,2284212231000,handover,handover,0.3797236680984497,0.3997063338756561,0.0,0.2205700129270553,True,True,False,True
test|Jona_7_20260616_182214|2284545565000,Jona,Jona_7_20260616_182214,2284545565000,handover,handover,0.3786025941371918,0.4012704193592071,0.0,0.2201269418001175,True,True,False,True
test|Jona_7_20260616_182214|2284878898000,Jona,Jona_7_20260616_182214,2284878898000,handover,handover,0.3778648376464844,0.4024557769298553,0.0,0.2196793258190155,True,True,False,True
test|Jona_7_20260616_182214|2285212231000,Jona,Jona_7_20260616_182214,2285212231000,handover,handover,0.3784196674823761,0.4006302654743194,0.0,0.220950111746788,True,True,False,True
test|Jona_7_20260616_182214|2285545564000,Jona,Jona_7_20260616_182214,2285545564000,handover,handover,0.3808576166629791,0.3997263014316559,0.0,0.2194160521030426,True,True,False,True
test|Jona_7_20260616_182214|2285878898000,Jona,Jona_7_20260616_182214,2285878898000,handover,handover,0.3821663856506347,0.3983088731765747,0.0,0.2195247411727905,True,True,False,True
test|Mona_1_20260624_123312|1076136275000,Mona,Mona_1_20260624_123312,1076136275000,continue,continue,0.2489608526229858,0.3867922127246856,0.1440262049436569,0.2202206999063491,True,True,True,True
test|Mona_1_20260624_123312|1076469609000,Mona,Mona_1_20260624_123312,1076469609000,continue,continue,0.2611297070980072,0.3573200404644012,0.1459388434886932,0.2356114834547042,True,True,True,True
test|Mona_1_20260624_123312|1076802942000,Mona,Mona_1_20260624_123312,1076802942000,continue,continue,0.2731013894081116,0.3356736898422241,0.152591660618782,0.2386332154273986,True,True,True,True
test|Mona_1_20260624_123312|1077136275000,Mona,Mona_1_20260624_123312,1077136275000,continue,continue,0.2839884757995605,0.3118454217910766,0.1584312170743942,0.2457349598407745,True,True,True,True
test|Mona_1_20260624_123312|1077469609000,Mona,Mona_1_20260624_123312,1077469609000,continue,continue,0.2914676368236542,0.2881087958812713,0.170069620013237,0.250353991985321,True,True,True,True
test|Mona_1_20260624_123312|1077802942000,Mona,Mona_1_20260624_123312,1077802942000,continue,continue,0.2962873876094818,0.2745018899440765,0.1717080026865005,0.2575027048587799,True,True,True,True
test|Mona_1_20260624_123312|1078136275000,Mona,Mona_1_20260624_123312,1078136275000,continue,continue,0.2998572885990143,0.2750731110572815,0.1718861758708953,0.2531834244728088,True,True,True,True
test|Mona_1_20260624_123312|1078469609000,Mona,Mona_1_20260624_123312,1078469609000,continue,continue,0.3082208037376404,0.2745364606380462,0.1760601103305816,0.2411825954914093,True,True,True,True
test|Mona_1_20260624_123312|1078802942000,Mona,Mona_1_20260624_123312,1078802942000,continue,continue,0.312466412782669,0.2697203159332275,0.1846931725740432,0.2331201583147049,True,True,True,True
test|Mona_1_20260624_123312|1079136275000,Mona,Mona_1_20260624_123312,1079136275000,continue,continue,0.3098718225955963,0.2712641954421997,0.1965217143297195,0.2223422676324844,True,True,True,True
test|Mona_1_20260624_123312|1079469609000,Mona,Mona_1_20260624_123312,1079469609000,continue,continue,0.3039014041423797,0.2813372015953064,0.201775848865509,0.2129855155944824,True,True,True,True
test|Mona_1_20260624_123312|1079802942000,Mona,Mona_1_20260624_123312,1079802942000,continue,continue,0.3031599521636963,0.2792937755584717,0.2134142965078354,0.2041319608688354,True,True,True,True
test|Mona_1_20260624_123312|1080136275000,Mona,Mona_1_20260624_123312,1080136275000,continue,continue,0.2997692823410034,0.2756451666355133,0.2211503535509109,0.2034351825714111,True,True,True,True
test|Mona_1_20260624_123312|1080469609000,Mona,Mona_1_20260624_123312,1080469609000,continue,continue,0.2910704016685486,0.2776707410812378,0.2290130108594894,0.2022458761930465,True,True,True,True
test|Mona_1_20260624_123312|1080802942000,Mona,Mona_1_20260624_123312,1080802942000,continue,continue,0.284509927034378,0.2823296189308166,0.234073981642723,0.1990865021944046,True,True,True,True
test|Mona_1_20260624_123312|1081136275000,Mona,Mona_1_20260624_123312,1081136275000,continue,continue,0.2782553136348724,0.2831686437129974,0.2339453548192978,0.2046307027339935,True,True,True,True
test|Mona_1_20260624_123312|1081469609000,Mona,Mona_1_20260624_123312,1081469609000,continue,continue,0.2774546444416046,0.2712798118591308,0.2386680543422699,0.212597444653511,True,True,True,True
test|Mona_1_20260624_123312|1081802942000,Mona,Mona_1_20260624_123312,1081802942000,continue,continue,0.2691861391067505,0.2731887698173523,0.2415129691362381,0.2161121070384979,True,True,True,True
test|Mona_1_20260624_123312|1082136275000,Mona,Mona_1_20260624_123312,1082136275000,continue,continue,0.2652620673179626,0.2743621170520782,0.2476563304662704,0.2127194851636886,True,True,True,True
test|Mona_1_20260624_123312|1082469609000,Mona,Mona_1_20260624_123312,1082469609000,continue,continue,0.2651925981044769,0.2848493456840515,0.241608589887619,0.2083494514226913,True,True,True,True
test|Mona_1_20260624_123312|1082802942000,Mona,Mona_1_20260624_123312,1082802942000,continue,continue,0.2607104182243347,0.2980794608592987,0.2400421798229217,0.2011679410934448,True,True,True,True
test|Mona_1_20260624_123312|1083136275000,Mona,Mona_1_20260624_123312,1083136275000,continue,continue,0.2674810290336609,0.2964944243431091,0.2446345090866089,0.1913900524377823,True,True,True,True
test|Mona_1_20260624_123312|1083469609000,Mona,Mona_1_20260624_123312,1083469609000,continue,continue,0.2736367285251617,0.2955926656723022,0.2472443133592605,0.1835262775421142,True,True,True,True
test|Mona_1_20260624_123312|1083802942000,Mona,Mona_1_20260624_123312,1083802942000,continue,continue,0.2806434333324432,0.2842845618724823,0.2537703216075897,0.1813017129898071,True,True,True,True
test|Mona_1_20260624_123312|1084136275000,Mona,Mona_1_20260624_123312,1084136275000,continue,continue,0.2871836423873901,0.269812136888504,0.2572305202484131,0.1857737451791763,True,True,True,True
test|Mona_1_20260624_123312|1084469609000,Mona,Mona_1_20260624_123312,1084469609000,continue,continue,0.2954902648925781,0.2431236803531646,0.270208328962326,0.1911777853965759,True,True,True,True
test|Mona_1_20260624_123312|1084802942000,Mona,Mona_1_20260624_123312,1084802942000,continue,continue,0.3036618530750274,0.2186245918273925,0.2771040499210357,0.2006095349788665,True,True,True,True
test|Mona_1_20260624_123312|1085136275000,Mona,Mona_1_20260624_123312,1085136275000,continue,continue,0.3070931732654571,0.2111500054597854,0.2800483107566833,0.201708510518074,True,True,True,True
test|Mona_1_20260624_123312|1085469609000,Mona,Mona_1_20260624_123312,1085469609000,continue,continue,0.311189740896225,0.2073979526758194,0.2785419225692749,0.2028703391551971,True,True,True,True
test|Mona_1_20260624_123312|1085802942000,Mona,Mona_1_20260624_123312,1085802942000,continue,continue,0.3084881007671356,0.2130018025636673,0.2757235765457153,0.2027865350246429,True,True,True,True
test|Mona_1_20260624_123312|1086136275000,Mona,Mona_1_20260624_123312,1086136275000,continue,continue,0.3034064471721649,0.2273375838994979,0.2678540647029876,0.2014018446207046,True,True,True,True
test|Mona_1_20260624_123312|1086469609000,Mona,Mona_1_20260624_123312,1086469609000,continue,continue,0.297410249710083,0.2461951076984405,0.2510904669761657,0.2053041756153106,True,True,True,True
test|Mona_1_20260624_123312|1086802942000,Mona,Mona_1_20260624_123312,1086802942000,continue,continue,0.2976356744766235,0.2664131224155426,0.2300573140382766,0.2058939188718795,True,True,True,True
test|Mona_1_20260624_123312|1087136275000,Mona,Mona_1_20260624_123312,1087136275000,continue,continue,0.2966437637805938,0.2837798297405243,0.2141189724206924,0.2054574191570282,True,True,True,True
test|Mona_1_20260624_123312|1087469609000,Mona,Mona_1_20260624_123312,1087469609000,continue,continue,0.2960255146026611,0.2998448312282562,0.1948726922273636,0.2092569470405578,True,True,True,True
test|Mona_1_20260624_123312|1087802942000,Mona,Mona_1_20260624_123312,1087802942000,continue,continue,0.3037889897823334,0.2993041574954986,0.1818373650312423,0.2150695472955703,True,True,True,True
test|Mona_1_20260624_123312|1088136275000,Mona,Mona_1_20260624_123312,1088136275000,continue,continue,0.312881201505661,0.2981635928153991,0.172946348786354,0.2160088568925857,True,True,True,True
test|Mona_1_20260624_123312|1088469609000,Mona,Mona_1_20260624_123312,1088469609000,continue,continue,0.3209692239761352,0.3005905151367187,0.1687019765377044,0.2097382694482803,True,True,True,True
test|Mona_1_20260624_123312|1088802942000,Mona,Mona_1_20260624_123312,1088802942000,continue,continue,0.3204978108406067,0.3013368248939514,0.1662879586219787,0.2118774056434631,True,True,True,True
test|Mona_1_20260624_123312|1089136275000,Mona,Mona_1_20260624_123312,1089136275000,continue,continue,0.3225208818912506,0.3066100776195526,0.1607905775308609,0.2100784331560135,True,True,True,True
test|Mona_1_20260624_123312|1089469609000,Mona,Mona_1_20260624_123312,1089469609000,continue,continue,0.3226541578769684,0.3119535744190216,0.1592108607292175,0.2061813771724701,True,True,True,True
test|Mona_1_20260624_123312|1089802942000,Mona,Mona_1_20260624_123312,1089802942000,continue,continue,0.3233264088630676,0.3132068812847137,0.1579411178827285,0.2055256068706512,True,True,True,True
test|Mona_1_20260624_123312|1090136275000,Mona,Mona_1_20260624_123312,1090136275000,continue,continue,0.3243272304534912,0.3008040189743042,0.1670227348804474,0.2078460603952407,True,True,True,True
test|Mona_1_20260624_123312|1090469609000,Mona,Mona_1_20260624_123312,1090469609000,continue,continue,0.3306083977222442,0.2787977755069732,0.1795350909233093,0.2110587507486343,True,True,True,True
test|Mona_1_20260624_123312|1090802942000,Mona,Mona_1_20260624_123312,1090802942000,continue,continue,0.3343181610107422,0.2599031627178192,0.1961781978607177,0.2096005380153656,True,True,True,True
test|Mona_1_20260624_123312|1091136275000,Mona,Mona_1_20260624_123312,1091136275000,continue,continue,0.327899694442749,0.2433402687311172,0.2148550450801849,0.2139050215482711,True,True,True,True
test|Mona_1_20260624_123312|1091469609000,Mona,Mona_1_20260624_123312,1091469609000,continue,continue,0.320793479681015,0.2272055000066757,0.2333291321992874,0.2186718583106994,True,True,True,True
test|Mona_1_20260624_123312|1091802942000,Mona,Mona_1_20260624_123312,1091802942000,continue,continue,0.3111633658409118,0.2201943695545196,0.2476603388786316,0.2209819108247757,True,True,True,True
test|Mona_1_20260624_123312|1092136275000,Mona,Mona_1_20260624_123312,1092136275000,continue,continue,0.311058759689331,0.2150440663099289,0.2509213984012604,0.2229758203029632,True,True,True,True
test|Mona_1_20260624_123312|1092469609000,Mona,Mona_1_20260624_123312,1092469609000,continue,continue,0.3097734451293945,0.2128504514694214,0.2528226971626282,0.2245533466339111,True,True,True,True
test|Mona_1_20260624_123312|1092802942000,Mona,Mona_1_20260624_123312,1092802942000,continue,continue,0.3096323013305664,0.2088181376457214,0.252911627292633,0.2286379933357238,True,True,True,True
test|Mona_1_20260624_123312|1093136275000,Mona,Mona_1_20260624_123312,1093136275000,continue,continue,0.3165935575962066,0.2027188092470169,0.2528170049190521,0.2278706282377243,True,True,True,True
test|Mona_1_20260624_123312|1093469609000,Mona,Mona_1_20260624_123312,1093469609000,continue,continue,0.3274176120758056,0.2010212838649749,0.242529422044754,0.2290317118167877,True,True,True,True
test|Mona_1_20260624_123312|1093802942000,Mona,Mona_1_20260624_123312,1093802942000,continue,continue,0.3320463001728058,0.1946689188480377,0.2426760792732238,0.2306087613105774,True,True,True,True
test|Mona_1_20260624_123312|1094136275000,Mona,Mona_1_20260624_123312,1094136275000,continue,continue,0.3322442173957824,0.1877719610929489,0.243768036365509,0.2362158000469207,True,True,True,True
test|Mona_1_20260624_123312|1094469609000,Mona,Mona_1_20260624_123312,1094469609000,continue,continue,0.3308687806129455,0.1871646791696548,0.2341555058956146,0.2478110790252685,True,True,True,True
test|Mona_1_20260624_123312|1094802942000,Mona,Mona_1_20260624_123312,1094802942000,continue,continue,0.3315981328487396,0.1920112073421478,0.2207945585250854,0.2555961012840271,True,True,True,True
test|Mona_1_20260624_123312|1095136275000,Mona,Mona_1_20260624_123312,1095136275000,continue,continue,0.3350209295749664,0.1967782229185104,0.2050429582595825,0.2631578147411346,True,True,True,True
test|Mona_1_20260624_123312|1095469609000,Mona,Mona_1_20260624_123312,1095469609000,fetch,fetch,0.3325601518154144,0.1982499808073043,0.2021187245845794,0.2670710980892181,True,True,True,True
test|Mona_1_20260624_123312|1095802942000,Mona,Mona_1_20260624_123312,1095802942000,fetch,fetch,0.3180842101573944,0.2423697412014007,0.1844898611307144,0.2550561726093292,True,True,True,True
test|Mona_1_20260624_123312|1096136275000,Mona,Mona_1_20260624_123312,1096136275000,fetch,fetch,0.2951807081699371,0.3045724630355835,0.1710188388824463,0.2292279750108719,True,True,True,True
test|Mona_1_20260624_123312|1096469609000,Mona,Mona_1_20260624_123312,1096469609000,fetch,fetch,0.2740190923213959,0.378416895866394,0.1514279097318649,0.1961361169815063,True,True,True,True
test|Mona_1_20260624_123312|1096802942000,Mona,Mona_1_20260624_123312,1096802942000,fetch,fetch,0.2764429152011871,0.3818260431289673,0.1493062973022461,0.1924247741699218,True,True,True,True
test|Mona_1_20260624_123312|1097136275000,Mona,Mona_1_20260624_123312,1097136275000,fetch,fetch,0.2759241163730621,0.3808450400829315,0.1483714133501052,0.1948594003915786,True,True,True,True
test|Mona_1_20260624_123312|1097469609000,Mona,Mona_1_20260624_123312,1097469609000,fetch,fetch,0.2759093046188354,0.3817436695098877,0.1475941240787506,0.1947529315948486,True,True,True,True
test|Mona_1_20260624_123312|1097802942000,Mona,Mona_1_20260624_123312,1097802942000,fetch,fetch,0.2729847729206085,0.3899803757667541,0.1426421105861663,0.1943927109241485,True,True,True,True
test|Mona_1_20260624_123312|1098136275000,Mona,Mona_1_20260624_123312,1098136275000,fetch,fetch,0.2735602259635925,0.4028357565402984,0.128275990486145,0.1953280121088028,True,True,True,True
test|Mona_1_20260624_123312|1098469609000,Mona,Mona_1_20260624_123312,1098469609000,fetch,fetch,0.2690386176109314,0.4099927246570587,0.1263211071491241,0.1946475207805633,True,True,True,True
test|Mona_1_20260624_123312|1098802942000,Mona,Mona_1_20260624_123312,1098802942000,fetch,fetch,0.2642359733581543,0.4111706912517547,0.1315334588289261,0.1930599361658096,True,True,True,True
test|Mona_1_20260624_123312|1099136275000,Mona,Mona_1_20260624_123312,1099136275000,fetch,fetch,0.2623558044433594,0.4069525897502899,0.1387176513671875,0.1919739097356796,True,True,True,True
test|Mona_1_20260624_123312|1099469609000,Mona,Mona_1_20260624_123312,1099469609000,fetch,fetch,0.2693462073802948,0.3802710771560669,0.1495161801576614,0.2008665800094604,True,True,True,True
test|Mona_1_20260624_123312|1099802942000,Mona,Mona_1_20260624_123312,1099802942000,fetch,fetch,0.2742173969745636,0.3601368367671966,0.1591439843177795,0.2065018415451049,True,True,True,True
test|Mona_1_20260624_123312|1101469609000,Mona,Mona_1_20260624_123312,1101469609000,handover,handover,0.2837225198745727,0.3699576556682586,0.1576256901025772,0.1886941939592361,True,True,True,True
test|Mona_1_20260624_123312|1101802942000,Mona,Mona_1_20260624_123312,1101802942000,handover,fetch,0.2893842458724975,0.3592944145202636,0.1596884131431579,0.1916329562664032,True,True,True,True
test|Mona_1_20260624_123312|1102136275000,Mona,Mona_1_20260624_123312,1102136275000,handover,fetch,0.2884998917579651,0.3586003482341766,0.1571823358535766,0.1957174092531204,True,True,True,True
test|Mona_1_20260624_123312|1102469609000,Mona,Mona_1_20260624_123312,1102469609000,handover,handover,0.2887483537197113,0.3676052987575531,0.151251345872879,0.1923949718475341,True,True,True,True
test|Mona_1_20260624_123312|1102802942000,Mona,Mona_1_20260624_123312,1102802942000,handover,handover,0.2828317582607269,0.3845978379249573,0.1445914804935455,0.1879788935184478,True,True,True,True
test|Mona_1_20260624_123312|1103136275000,Mona,Mona_1_20260624_123312,1103136275000,handover,handover,0.2789872884750366,0.3893574774265289,0.1416640132665634,0.1899912059307098,True,True,True,True
test|Mona_1_20260624_123312|1103469609000,Mona,Mona_1_20260624_123312,1103469609000,handover,handover,0.2689355313777923,0.4100756049156189,0.1361868679523468,0.1848019808530807,True,True,True,True
test|Mona_1_20260624_123312|1103802942000,Mona,Mona_1_20260624_123312,1103802942000,handover,handover,0.2674735188484192,0.4131948053836822,0.1339225471019745,0.185409128665924,True,True,True,True
test|Mona_1_20260624_123312|1104136275000,Mona,Mona_1_20260624_123312,1104136275000,handover,handover,0.2673895359039306,0.417790025472641,0.1330488920211792,0.1817715466022491,True,True,True,True
test|Mona_1_20260624_123312|1104469609000,Mona,Mona_1_20260624_123312,1104469609000,handover,handover,0.2662138640880584,0.4185550808906555,0.1327040344476699,0.1825270503759384,True,True,True,True
test|Mona_1_20260624_123312|1104802942000,Mona,Mona_1_20260624_123312,1104802942000,handover,handover,0.2633054256439209,0.4185363352298736,0.1318485140800476,0.1863097846508026,True,True,True,True
test|Mona_1_20260624_123312|1105136275000,Mona,Mona_1_20260624_123312,1105136275000,handover,handover,0.2606742680072784,0.4149369299411773,0.1370735466480255,0.1873152405023574,True,True,True,True
test|Mona_1_20260624_123312|1105469609000,Mona,Mona_1_20260624_123312,1105469609000,handover,handover,0.2593351900577545,0.4081855416297912,0.1425974369049072,0.1898818910121917,True,True,True,True
test|Mona_1_20260624_123312|1105802942000,Mona,Mona_1_20260624_123312,1105802942000,handover,handover,0.2566511332988739,0.4019456803798675,0.1500626802444458,0.1913404911756515,True,True,True,True
test|Mona_1_20260624_123312|1106136275000,Mona,Mona_1_20260624_123312,1106136275000,handover,handover,0.2496045380830764,0.402224987745285,0.1557076573371887,0.1924628317356109,True,True,True,True
test|Mona_1_20260624_123312|1106469609000,Mona,Mona_1_20260624_123312,1106469609000,handover,handover,0.2423826903104782,0.4027559161186218,0.1581212282180786,0.1967401206493377,True,True,True,True
test|Mona_1_20260624_123312|1106802942000,Mona,Mona_1_20260624_123312,1106802942000,handover,handover,0.2413961440324783,0.3944329023361206,0.1650366336107254,0.1991343051195144,True,True,True,True
test|Mona_1_20260624_123312|1107136275000,Mona,Mona_1_20260624_123312,1107136275000,handover,handover,0.2493745535612106,0.3706517517566681,0.1722302585840225,0.2077434808015823,True,True,True,True
test|Mona_1_20260624_123312|1107469609000,Mona,Mona_1_20260624_123312,1107469609000,handover,continue,0.2486078590154647,0.3574419915676117,0.1793666929006576,0.2145834863185882,True,True,True,True
test|Mona_1_20260624_123312|1107802942000,Mona,Mona_1_20260624_123312,1107802942000,handover,continue,0.2480288296937942,0.348455399274826,0.1804558932781219,0.2230598479509353,True,True,True,True
test|Mona_1_20260624_123312|1108136275000,Mona,Mona_1_20260624_123312,1108136275000,handover,continue,0.2522161304950714,0.3385570049285888,0.181040272116661,0.2281865924596786,True,True,True,True
test|Mona_1_20260624_123312|1108469609000,Mona,Mona_1_20260624_123312,1108469609000,handover,continue,0.2542881369590759,0.3355510234832763,0.1883867233991623,0.221774160861969,True,True,True,True
test|Mona_3_20260624_123548|1231936275000,Mona,Mona_3_20260624_123548,1231936275000,continue,continue,0.3041750788688659,0.2228585481643676,0.2585392296314239,0.2144271731376648,True,True,True,True
test|Mona_3_20260624_123548|1232269609000,Mona,Mona_3_20260624_123548,1232269609000,continue,continue,0.2970508635044098,0.2238962948322296,0.2662687301635742,0.2127840965986251,True,True,True,True
test|Mona_3_20260624_123548|1232602942000,Mona,Mona_3_20260624_123548,1232602942000,continue,continue,0.2940181493759155,0.2298255264759063,0.2643907368183136,0.2117656171321869,True,True,True,True
test|Mona_3_20260624_123548|1232936275000,Mona,Mona_3_20260624_123548,1232936275000,continue,continue,0.2970001101493835,0.227456733584404,0.2599672079086303,0.2155759334564209,True,True,True,True
test|Mona_3_20260624_123548|1233269609000,Mona,Mona_3_20260624_123548,1233269609000,continue,continue,0.2928639948368072,0.2360703647136688,0.2558304965496063,0.2152351140975952,True,True,True,True
test|Mona_3_20260624_123548|1233602942000,Mona,Mona_3_20260624_123548,1233602942000,continue,continue,0.300298810005188,0.2553977072238922,0.2306363135576248,0.2136671990156173,True,True,True,True
test|Mona_3_20260624_123548|1233936275000,Mona,Mona_3_20260624_123548,1233936275000,continue,continue,0.3053087890148163,0.2715478241443634,0.2103283554315567,0.2128150314092636,True,True,True,True
test|Mona_3_20260624_123548|1234269609000,Mona,Mona_3_20260624_123548,1234269609000,continue,continue,0.3058926165103912,0.2851621806621551,0.1985608041286468,0.2103844135999679,True,True,True,True
test|Mona_3_20260624_123548|1234602942000,Mona,Mona_3_20260624_123548,1234602942000,continue,continue,0.3039014637470245,0.2897679209709167,0.1959881484508514,0.2103424221277237,True,True,True,True
test|Mona_3_20260624_123548|1234936275000,Mona,Mona_3_20260624_123548,1234936275000,continue,continue,0.2989283800125122,0.3074279427528381,0.1832211166620254,0.2104226052761078,True,True,True,True
test|Mona_3_20260624_123548|1235269609000,Mona,Mona_3_20260624_123548,1235269609000,continue,continue,0.3025738298892975,0.3093087077140808,0.1742791980504989,0.2138382941484451,True,True,True,True
test|Mona_3_20260624_123548|1235602942000,Mona,Mona_3_20260624_123548,1235602942000,continue,continue,0.3036854863166809,0.3072475790977478,0.1741667836904525,0.2149001508951187,True,True,True,True
test|Mona_3_20260624_123548|1235936275000,Mona,Mona_3_20260624_123548,1235936275000,continue,continue,0.2984853982925415,0.3055892288684845,0.1758553087711334,0.2200700491666793,True,True,True,True
test|Mona_3_20260624_123548|1236269609000,Mona,Mona_3_20260624_123548,1236269609000,continue,continue,0.2954704761505127,0.3048287034034729,0.1756117492914199,0.2240890711545944,True,True,True,True
test|Mona_3_20260624_123548|1236602942000,Mona,Mona_3_20260624_123548,1236602942000,continue,continue,0.2906888723373413,0.3032903671264648,0.1808503270149231,0.2251704186201095,True,True,True,True
test|Mona_3_20260624_123548|1236936275000,Mona,Mona_3_20260624_123548,1236936275000,continue,continue,0.2910129725933075,0.2953817546367645,0.18475142121315,0.2288538664579391,True,True,True,True
test|Mona_3_20260624_123548|1237269609000,Mona,Mona_3_20260624_123548,1237269609000,continue,continue,0.2909005582332611,0.2958920896053314,0.1821178346872329,0.2310895472764969,True,True,True,True
test|Mona_3_20260624_123548|1237602942000,Mona,Mona_3_20260624_123548,1237602942000,continue,continue,0.2873134613037109,0.2833150923252105,0.2009915709495544,0.2283798456192016,True,True,True,True
test|Mona_3_20260624_123548|1237936275000,Mona,Mona_3_20260624_123548,1237936275000,continue,continue,0.2969271540641784,0.2662395536899566,0.2161314785480499,0.2207017987966537,True,True,True,True
test|Mona_3_20260624_123548|1238269609000,Mona,Mona_3_20260624_123548,1238269609000,continue,continue,0.2949936985969543,0.248978704214096,0.2378050833940506,0.2182225435972213,True,True,True,True
test|Mona_3_20260624_123548|1238602942000,Mona,Mona_3_20260624_123548,1238602942000,continue,continue,0.2871299684047699,0.2445280402898788,0.2495899647474289,0.2187520861625671,True,True,True,True
test|Mona_3_20260624_123548|1238936275000,Mona,Mona_3_20260624_123548,1238936275000,continue,continue,0.2656646966934204,0.2445154339075088,0.272296130657196,0.2175237089395523,True,True,True,True
test|Mona_3_20260624_123548|1239269609000,Mona,Mona_3_20260624_123548,1239269609000,continue,continue,0.2494683563709259,0.2546745538711548,0.2839262783527374,0.2119308412075042,True,True,True,True
test|Mona_3_20260624_123548|1239602942000,Mona,Mona_3_20260624_123548,1239602942000,continue,continue,0.2455479353666305,0.2717604339122772,0.2768578231334686,0.2058337926864624,True,True,True,True
test|Mona_3_20260624_123548|1239936275000,Mona,Mona_3_20260624_123548,1239936275000,continue,continue,0.2393610477447509,0.2888513803482055,0.2724529206752777,0.1993347108364105,True,True,True,True
test|Mona_3_20260624_123548|1240269609000,Mona,Mona_3_20260624_123548,1240269609000,continue,continue,0.241417571902275,0.3036224246025085,0.266180157661438,0.1887798011302948,True,True,True,True
test|Mona_3_20260624_123548|1240602942000,Mona,Mona_3_20260624_123548,1240602942000,continue,continue,0.2549592852592468,0.2970470190048218,0.2656141221523285,0.1823795884847641,True,True,True,True
test|Mona_3_20260624_123548|1240936275000,Mona,Mona_3_20260624_123548,1240936275000,continue,continue,0.2718068659305572,0.2860583662986755,0.2630307376384735,0.1791040748357772,True,True,True,True
test|Mona_3_20260624_123548|1241269609000,Mona,Mona_3_20260624_123548,1241269609000,continue,continue,0.27865070104599,0.2733344435691833,0.2615613341331482,0.186453491449356,True,True,True,True
test|Mona_3_20260624_123548|1241602942000,Mona,Mona_3_20260624_123548,1241602942000,continue,continue,0.3725670874118805,0.3645506203174591,0.0,0.2628822922706604,True,True,False,True
test|Mona_3_20260624_123548|1241936275000,Mona,Mona_3_20260624_123548,1241936275000,continue,continue,0.3674267828464508,0.3593084812164306,0.0,0.2732647359371185,True,True,False,True
test|Mona_3_20260624_123548|1242269609000,Mona,Mona_3_20260624_123548,1242269609000,continue,continue,0.3750979900360107,0.3404625654220581,0.0,0.2844394147396087,True,True,False,True
test|Mona_3_20260624_123548|1242602942000,Mona,Mona_3_20260624_123548,1242602942000,continue,continue,0.3776105940341949,0.3363877832889557,0.0,0.2860016226768493,True,True,False,True
test|Mona_3_20260624_123548|1242936275000,Mona,Mona_3_20260624_123548,1242936275000,continue,continue,0.3757084906101227,0.3453320860862732,0.0,0.2789594531059265,True,True,False,True
test|Mona_3_20260624_123548|1243269609000,Mona,Mona_3_20260624_123548,1243269609000,continue,continue,0.379671186208725,0.3566392064094543,0.0,0.2636895775794983,True,True,False,True
test|Mona_3_20260624_123548|1243602942000,Mona,Mona_3_20260624_123548,1243602942000,continue,continue,0.3852298855781555,0.3564627766609192,0.0,0.2583073377609253,True,True,False,True
test|Mona_3_20260624_123548|1243936275000,Mona,Mona_3_20260624_123548,1243936275000,continue,continue,0.3748183846473694,0.3592770099639892,0.0,0.2659046053886413,True,True,False,True
test|Mona_3_20260624_123548|1244269609000,Mona,Mona_3_20260624_123548,1244269609000,continue,continue,0.3565492630004883,0.3755089938640594,0.0,0.2679417133331299,True,True,False,True
test|Mona_3_20260624_123548|1244602942000,Mona,Mona_3_20260624_123548,1244602942000,continue,continue,0.35146164894104,0.3849299848079681,0.0,0.2636083662509918,True,True,False,True
test|Mona_3_20260624_123548|1244936275000,Mona,Mona_3_20260624_123548,1244936275000,continue,continue,0.3551807701587677,0.3860459923744201,0.0,0.2587732374668121,True,True,False,True
test|Mona_3_20260624_123548|1245269609000,Mona,Mona_3_20260624_123548,1245269609000,continue,continue,0.3492576777935028,0.3853491544723511,0.0,0.2653931379318237,True,True,False,True
test|Mona_3_20260624_123548|1245602942000,Mona,Mona_3_20260624_123548,1245602942000,continue,continue,0.3423943817615509,0.3973254263401031,0.0,0.2602801620960235,True,True,False,True
test|Mona_3_20260624_123548|1245936275000,Mona,Mona_3_20260624_123548,1245936275000,continue,continue,0.3586850762367248,0.3920594751834869,0.0,0.2492554485797882,True,True,False,True
test|Mona_3_20260624_123548|1246269609000,Mona,Mona_3_20260624_123548,1246269609000,continue,continue,0.3757126927375793,0.3726153373718261,0.0,0.2516719698905945,True,True,False,True
test|Mona_3_20260624_123548|1246602942000,Mona,Mona_3_20260624_123548,1246602942000,continue,continue,0.3814952373504638,0.3566058278083801,0.0,0.2618989646434784,True,True,False,True
test|Mona_3_20260624_123548|1246936275000,Mona,Mona_3_20260624_123548,1246936275000,continue,continue,0.3878972232341766,0.3370909392833709,0.0,0.2750118374824524,True,True,False,True
test|Mona_3_20260624_123548|1247269609000,Mona,Mona_3_20260624_123548,1247269609000,continue,continue,0.4045630991458893,0.3205640017986297,0.0,0.2748728990554809,True,True,False,True
test|Mona_3_20260624_123548|1247602942000,Mona,Mona_3_20260624_123548,1247602942000,continue,continue,0.4159637689590454,0.3006555438041687,0.0,0.2833806574344635,True,True,False,True
test|Mona_3_20260624_123548|1247936275000,Mona,Mona_3_20260624_123548,1247936275000,continue,continue,0.4128012955188751,0.2952124774456024,0.0,0.2919862866401672,True,True,False,True
test|Mona_3_20260624_123548|1248269609000,Mona,Mona_3_20260624_123548,1248269609000,continue,continue,0.3943642973899841,0.3155806064605713,0.0,0.2900550067424774,True,True,False,True
test|Mona_3_20260624_123548|1248602942000,Mona,Mona_3_20260624_123548,1248602942000,continue,continue,0.3761165142059326,0.336747944355011,0.0,0.2871355414390564,True,True,False,True
test|Mona_3_20260624_123548|1248936275000,Mona,Mona_3_20260624_123548,1248936275000,continue,continue,0.3660672307014465,0.3616105318069458,0.0,0.2723222970962524,True,True,False,True
test|Mona_3_20260624_123548|1249269609000,Mona,Mona_3_20260624_123548,1249269609000,continue,continue,0.353455901145935,0.388572096824646,0.0,0.2579720318317413,True,True,False,True
test|Mona_3_20260624_123548|1249602942000,Mona,Mona_3_20260624_123548,1249602942000,continue,continue,0.3542934656143188,0.3999492824077606,0.0,0.2457573115825653,True,True,False,True
test|Mona_3_20260624_123548|1249936275000,Mona,Mona_3_20260624_123548,1249936275000,continue,continue,0.3576650023460388,0.4069409370422363,0.0,0.2353940904140472,True,True,False,True
test|Mona_3_20260624_123548|1250269609000,Mona,Mona_3_20260624_123548,1250269609000,continue,continue,0.3669244050979614,0.4034591615200043,0.0,0.2296164482831955,True,True,False,True
test|Mona_3_20260624_123548|1250602942000,Mona,Mona_3_20260624_123548,1250602942000,continue,continue,0.3776946663856506,0.4020141363143921,0.0,0.220291182398796,True,True,False,True
test|Mona_3_20260624_123548|1250936275000,Mona,Mona_3_20260624_123548,1250936275000,continue,continue,0.3782230019569397,0.4036590754985809,0.0,0.2181179076433181,True,True,False,True
test|Mona_3_20260624_123548|1251269609000,Mona,Mona_3_20260624_123548,1251269609000,continue,continue,0.3783931136131286,0.4060098528861999,0.0,0.215597003698349,True,True,False,True
test|Mona_3_20260624_123548|1251602942000,Mona,Mona_3_20260624_123548,1251602942000,continue,continue,0.3732398450374603,0.3996600210666656,0.0,0.227100059390068,True,True,False,True
test|Mona_3_20260624_123548|1251936275000,Mona,Mona_3_20260624_123548,1251936275000,continue,continue,0.3651124238967895,0.3893124759197235,0.0,0.2455750256776809,True,True,False,True
test|Mona_3_20260624_123548|1252269609000,Mona,Mona_3_20260624_123548,1252269609000,continue,continue,0.3639349341392517,0.3754231631755829,0.0,0.2606419622898102,True,True,False,True
test|Mona_3_20260624_123548|1252602942000,Mona,Mona_3_20260624_123548,1252602942000,continue,continue,0.3656765222549438,0.351199060678482,0.0,0.2831243574619293,True,True,False,True
test|Mona_3_20260624_123548|1252936275000,Mona,Mona_3_20260624_123548,1252936275000,continue,continue,0.3726400732994079,0.318999320268631,0.0,0.3083605468273163,True,True,False,True
test|Mona_3_20260624_123548|1253269609000,Mona,Mona_3_20260624_123548,1253269609000,continue,continue,0.3798104226589203,0.2955552935600281,0.0,0.3246342539787292,True,True,False,True
test|Mona_3_20260624_123548|1253602942000,Mona,Mona_3_20260624_123548,1253602942000,continue,continue,0.3897905051708221,0.283109962940216,0.0,0.3270995914936065,True,True,False,True
test|Mona_3_20260624_123548|1253936275000,Mona,Mona_3_20260624_123548,1253936275000,continue,continue,0.4010223150253296,0.277403861284256,0.0,0.3215738534927368,True,True,False,True
test|Mona_3_20260624_123548|1254269609000,Mona,Mona_3_20260624_123548,1254269609000,continue,continue,0.4024969041347503,0.2884838879108429,0.0,0.3090192377567291,True,True,False,True
test|Mona_3_20260624_123548|1254602942000,Mona,Mona_3_20260624_123548,1254602942000,continue,continue,0.3941400945186615,0.3064605891704559,0.0,0.2993993163108825,True,True,False,True
test|Mona_3_20260624_123548|1254936275000,Mona,Mona_3_20260624_123548,1254936275000,continue,continue,0.3955596685409546,0.3181190192699432,0.0,0.2863212823867798,True,True,False,True
test|Mona_3_20260624_123548|1255269609000,Mona,Mona_3_20260624_123548,1255269609000,continue,continue,0.3952093124389648,0.3255763351917267,0.0,0.2792143821716308,True,True,False,True
test|Mona_3_20260624_123548|1255602942000,Mona,Mona_3_20260624_123548,1255602942000,continue,continue,0.3881296515464782,0.3379633724689483,0.0,0.273906946182251,True,True,False,True
test|Mona_3_20260624_123548|1255936275000,Mona,Mona_3_20260624_123548,1255936275000,continue,continue,0.3690059185028076,0.369501382112503,0.0,0.2614926397800445,True,True,False,True
test|Mona_3_20260624_123548|1256269609000,Mona,Mona_3_20260624_123548,1256269609000,continue,continue,0.3553672432899475,0.3910456001758575,0.0,0.2535871267318725,True,True,False,True
test|Mona_3_20260624_123548|1256602942000,Mona,Mona_3_20260624_123548,1256602942000,continue,fetch,0.3865654468536377,0.3334188759326935,0.0,0.2800156772136688,True,True,False,True
test|Mona_3_20260624_123548|1256936275000,Mona,Mona_3_20260624_123548,1256936275000,continue,fetch,0.5913477540016174,0.0,0.0,0.4086522459983825,True,False,False,True
test|Mona_3_20260624_123548|1257269609000,Mona,Mona_3_20260624_123548,1257269609000,fetch,handover,0.57992023229599,0.0,0.0,0.4200797080993652,True,False,False,True
test|Mona_3_20260624_123548|1257602942000,Mona,Mona_3_20260624_123548,1257602942000,fetch,handover,0.568213164806366,0.0,0.0,0.4317868053913116,True,False,False,True
test|Mona_3_20260624_123548|1257936275000,Mona,Mona_3_20260624_123548,1257936275000,fetch,continue,0.5704054832458496,0.0,0.0,0.429594486951828,True,False,False,True
test|Mona_3_20260624_123548|1258269609000,Mona,Mona_3_20260624_123548,1258269609000,fetch,continue,0.3051701784133911,0.4576982855796814,0.0,0.237131580710411,True,True,False,True
test|Mona_3_20260624_123548|1258602942000,Mona,Mona_3_20260624_123548,1258602942000,fetch,continue,0.2947924137115478,0.4761591553688049,0.0,0.2290483862161636,True,True,False,True
test|Mona_3_20260624_123548|1258936275000,Mona,Mona_3_20260624_123548,1258936275000,fetch,continue,0.2841496467590332,0.49170982837677,0.0,0.2241405099630355,True,True,False,True
test|Mona_3_20260624_123548|1259269609000,Mona,Mona_3_20260624_123548,1259269609000,fetch,continue,0.280565857887268,0.5028101205825806,0.0,0.2166240066289901,True,True,False,True
test|Mona_3_20260624_123548|1259602942000,Mona,Mona_3_20260624_123548,1259602942000,fetch,continue,0.2776013910770416,0.5101850628852844,0.0,0.2122135013341903,True,True,False,True
test|Mona_3_20260624_123548|1259936275000,Mona,Mona_3_20260624_123548,1259936275000,fetch,continue,0.2715542316436767,0.5100875496864319,0.0,0.2183581292629242,True,True,False,True
test|Mona_3_20260624_123548|1260269609000,Mona,Mona_3_20260624_123548,1260269609000,fetch,continue,0.2703486084938049,0.5117117166519165,0.0,0.2179396897554397,True,True,False,True
test|Mona_3_20260624_123548|1260602942000,Mona,Mona_3_20260624_123548,1260602942000,fetch,fetch,0.2710062563419342,0.5154032111167908,0.0,0.2135905474424362,True,True,False,True
test|Mona_3_20260624_123548|1260936275000,Mona,Mona_3_20260624_123548,1260936275000,fetch,fetch,0.2731257379055023,0.5157154202461243,0.0,0.2111587971448898,True,True,False,True
test|Mona_3_20260624_123548|1261269609000,Mona,Mona_3_20260624_123548,1261269609000,fetch,fetch,0.2746218144893646,0.5149607062339783,0.0,0.2104174643754959,True,True,False,True
test|Mona_3_20260624_123548|1261602942000,Mona,Mona_3_20260624_123548,1261602942000,fetch,fetch,0.2748502492904663,0.5113673806190491,0.0,0.2137823700904846,True,True,False,True
test|Mona_3_20260624_123548|1261936275000,Mona,Mona_3_20260624_123548,1261936275000,fetch,fetch,0.2797700464725494,0.508771538734436,0.0,0.2114583998918533,True,True,False,True
test|Mona_3_20260624_123548|1262269609000,Mona,Mona_3_20260624_123548,1262269609000,fetch,fetch,0.2876445353031158,0.4921785891056061,0.0,0.220176875591278,True,True,False,True
test|Mona_3_20260624_123548|1263936275000,Mona,Mona_3_20260624_123548,1263936275000,handover,fetch,0.3408291339874267,0.4222736060619354,0.0,0.236897274851799,True,True,False,True
test|Mona_3_20260624_123548|1264269609000,Mona,Mona_3_20260624_123548,1264269609000,handover,fetch,0.3394728600978851,0.4395064413547516,0.0,0.2210206836462021,True,True,False,True
test|Mona_3_20260624_123548|1264602942000,Mona,Mona_3_20260624_123548,1264602942000,handover,fetch,0.3451249897480011,0.4361107051372528,0.0,0.2187642753124237,True,True,False,True
test|Mona_3_20260624_123548|1264936275000,Mona,Mona_3_20260624_123548,1264936275000,handover,fetch,0.3449232876300812,0.4414037764072418,0.0,0.2136729061603546,True,True,False,True
test|Mona_3_20260624_123548|1265269609000,Mona,Mona_3_20260624_123548,1265269609000,handover,fetch,0.3387767970561981,0.4402581751346588,0.0,0.2209650427103042,True,True,False,True
test|Mona_3_20260624_123548|1265602942000,Mona,Mona_3_20260624_123548,1265602942000,handover,fetch,0.3300118148326874,0.4490365087985992,0.0,0.2209516763687133,True,True,False,True
test|Mona_3_20260624_123548|1265936275000,Mona,Mona_3_20260624_123548,1265936275000,handover,handover,0.3131628632545471,0.4678564369678497,0.0,0.2189806550741195,True,True,False,True
test|Mona_3_20260624_123548|1266269609000,Mona,Mona_3_20260624_123548,1266269609000,handover,handover,0.2961751222610473,0.47974494099617,0.0,0.2240798473358154,True,True,False,True
test|Mona_3_20260624_123548|1266602942000,Mona,Mona_3_20260624_123548,1266602942000,handover,handover,0.2892878353595733,0.4761457443237304,0.0,0.2345663458108902,True,True,False,True
test|Mona_3_20260624_123548|1266936275000,Mona,Mona_3_20260624_123548,1266936275000,handover,handover,0.2902224063873291,0.4724746644496918,0.0,0.2373029887676239,True,True,False,True
test|Mona_3_20260624_123548|1267269609000,Mona,Mona_3_20260624_123548,1267269609000,handover,handover,0.2889772057533264,0.4736462831497192,0.0,0.2373765558004379,True,True,False,True
test|Mona_3_20260624_123548|1267602942000,Mona,Mona_3_20260624_123548,1267602942000,handover,handover,0.2894198596477508,0.4739536046981811,0.0,0.2366265952587127,True,True,False,True
test|Mona_3_20260624_123548|1267936275000,Mona,Mona_3_20260624_123548,1267936275000,handover,handover,0.2906765341758728,0.4756723344326019,0.0,0.2336511611938476,True,True,False,True
test|Mona_4_20260624_123706|1310069609000,Mona,Mona_4_20260624_123706,1310069609000,continue,continue,0.252196192741394,0.375390350818634,0.1830992102622985,0.1893142759799957,True,True,True,True
test|Mona_4_20260624_123706|1310402942000,Mona,Mona_4_20260624_123706,1310402942000,continue,continue,0.2556305527687073,0.3803086876869201,0.1823160797357559,0.1817446947097778,True,True,True,True
test|Mona_4_20260624_123706|1310736275000,Mona,Mona_4_20260624_123706,1310736275000,continue,continue,0.2603485286235809,0.3847527801990509,0.1805141419172287,0.174384593963623,True,True,True,True
test|Mona_4_20260624_123706|1311069609000,Mona,Mona_4_20260624_123706,1311069609000,continue,continue,0.2636680603027344,0.3898041844367981,0.1756739765405655,0.1708537638187408,True,True,True,True
test|Mona_4_20260624_123706|1311402942000,Mona,Mona_4_20260624_123706,1311402942000,continue,continue,0.2642498910427093,0.3889823257923126,0.1765405833721161,0.1702270954847335,True,True,True,True
test|Mona_4_20260624_123706|1311736275000,Mona,Mona_4_20260624_123706,1311736275000,continue,continue,0.2660808265209198,0.38752481341362,0.1796476691961288,0.1667467206716537,True,True,True,True
test|Mona_4_20260624_123706|1312069609000,Mona,Mona_4_20260624_123706,1312069609000,continue,continue,0.2733671367168426,0.3749811947345733,0.1837744712829589,0.1678772717714309,True,True,True,True
test|Mona_4_20260624_123706|1312402942000,Mona,Mona_4_20260624_123706,1312402942000,continue,continue,0.2819425165653229,0.3556069731712341,0.1832261085510254,0.1792244166135788,True,True,True,True
test|Mona_4_20260624_123706|1312736275000,Mona,Mona_4_20260624_123706,1312736275000,continue,continue,0.2913587391376495,0.3315457701683044,0.1830213367938995,0.1940740793943405,True,True,True,True
test|Mona_4_20260624_123706|1313069609000,Mona,Mona_4_20260624_123706,1313069609000,continue,continue,0.2951608300209045,0.3240932524204254,0.1811336725950241,0.1996122747659683,True,True,True,True
test|Mona_4_20260624_123706|1313402942000,Mona,Mona_4_20260624_123706,1313402942000,continue,continue,0.2905247807502746,0.3223841786384582,0.1856448948383331,0.2014461308717727,True,True,True,True
test|Mona_4_20260624_123706|1313736275000,Mona,Mona_4_20260624_123706,1313736275000,continue,continue,0.2863639593124389,0.3218811452388763,0.1914508640766143,0.2003040611743927,True,True,True,True
test|Mona_4_20260624_123706|1314069609000,Mona,Mona_4_20260624_123706,1314069609000,continue,continue,0.282224178314209,0.3302408754825592,0.1893617659807205,0.1981731504201889,True,True,True,True
test|Mona_4_20260624_123706|1314402942000,Mona,Mona_4_20260624_123706,1314402942000,continue,continue,0.2765334844589233,0.3445293605327606,0.1875011324882507,0.19143608212471,True,True,True,True
test|Mona_4_20260624_123706|1314736275000,Mona,Mona_4_20260624_123706,1314736275000,continue,continue,0.2668144702911377,0.3534603416919708,0.197105273604393,0.1826199293136596,True,True,True,True
test|Mona_4_20260624_123706|1315069609000,Mona,Mona_4_20260624_123706,1315069609000,continue,continue,0.2586583197116852,0.3443532586097717,0.2108102142810821,0.1861782670021057,True,True,True,True
test|Mona_4_20260624_123706|1315402942000,Mona,Mona_4_20260624_123706,1315402942000,continue,continue,0.2626082003116607,0.3357926905155182,0.2099980115890503,0.1916010826826095,True,True,True,True
test|Mona_4_20260624_123706|1315736275000,Mona,Mona_4_20260624_123706,1315736275000,continue,handover,0.2726283669471741,0.330981969833374,0.2042729407548904,0.1921167075634002,True,True,True,True
test|Mona_4_20260624_123706|1316069609000,Mona,Mona_4_20260624_123706,1316069609000,continue,continue,0.2679048478603363,0.3240698575973511,0.2062892466783523,0.2017360180616378,True,True,True,True
test|Mona_4_20260624_123706|1316402942000,Mona,Mona_4_20260624_123706,1316402942000,continue,continue,0.2627388834953308,0.3083717823028564,0.2132315337657928,0.2156578004360199,True,True,True,True
test|Mona_4_20260624_123706|1316736275000,Mona,Mona_4_20260624_123706,1316736275000,continue,continue,0.2594217360019684,0.3055885136127472,0.2099088579416275,0.2250808179378509,True,True,True,True
test|Mona_4_20260624_123706|1317069609000,Mona,Mona_4_20260624_123706,1317069609000,continue,continue,0.2745579481124878,0.3007048070430755,0.1977500468492508,0.2269871681928634,True,True,True,True
test|Mona_4_20260624_123706|1317402942000,Mona,Mona_4_20260624_123706,1317402942000,continue,continue,0.3001299500465393,0.2837844789028168,0.1904934793710708,0.2255920618772506,True,True,True,True
test|Mona_4_20260624_123706|1317736275000,Mona,Mona_4_20260624_123706,1317736275000,continue,continue,0.3011150658130646,0.2972040772438049,0.1823824346065521,0.2192983776330948,True,True,True,True
test|Mona_4_20260624_123706|1318069609000,Mona,Mona_4_20260624_123706,1318069609000,continue,continue,0.303672045469284,0.3074242770671844,0.177590399980545,0.2113133072853088,True,True,True,True
test|Mona_4_20260624_123706|1318402942000,Mona,Mona_4_20260624_123706,1318402942000,continue,continue,0.3049018681049347,0.3095599710941314,0.1747373789548874,0.2108007669448852,True,True,True,True
test|Mona_4_20260624_123706|1318736275000,Mona,Mona_4_20260624_123706,1318736275000,continue,continue,0.3044864237308502,0.3073799908161163,0.1760911792516708,0.212042361497879,True,True,True,True
test|Mona_4_20260624_123706|1319069609000,Mona,Mona_4_20260624_123706,1319069609000,continue,continue,0.300678938627243,0.310307890176773,0.1774779260158538,0.21153524518013,True,True,True,True
test|Mona_4_20260624_123706|1319402942000,Mona,Mona_4_20260624_123706,1319402942000,continue,continue,0.2962322235107422,0.3167217969894409,0.1805055141448974,0.206540510058403,True,True,True,True
test|Mona_4_20260624_123706|1319736275000,Mona,Mona_4_20260624_123706,1319736275000,continue,continue,0.305455207824707,0.2930688261985779,0.1916022598743438,0.2098737359046936,True,True,True,True
test|Mona_4_20260624_123706|1320069609000,Mona,Mona_4_20260624_123706,1320069609000,continue,continue,0.3126722574234009,0.2747969329357147,0.2002446204423904,0.2122861444950103,True,True,True,True
test|Mona_4_20260624_123706|1320402942000,Mona,Mona_4_20260624_123706,1320402942000,continue,continue,0.3114819526672363,0.2724468111991882,0.2041604816913604,0.2119107842445373,True,True,True,True
test|Mona_4_20260624_123706|1320736275000,Mona,Mona_4_20260624_123706,1320736275000,continue,continue,0.3068093657493591,0.2722855508327484,0.2039220780134201,0.2169829905033111,True,True,True,True
test|Mona_4_20260624_123706|1321069609000,Mona,Mona_4_20260624_123706,1321069609000,continue,continue,0.3006802201271057,0.2716485857963562,0.2037535458803177,0.2239176332950592,True,True,True,True
test|Mona_4_20260624_123706|1321402942000,Mona,Mona_4_20260624_123706,1321402942000,continue,continue,0.2880867421627044,0.2782987356185913,0.2064457833766937,0.2271687090396881,True,True,True,True
test|Mona_4_20260624_123706|1321736275000,Mona,Mona_4_20260624_123706,1321736275000,continue,continue,0.2741297483444214,0.2939306199550628,0.2108059078454971,0.2211337387561798,True,True,True,True
test|Mona_4_20260624_123706|1322069609000,Mona,Mona_4_20260624_123706,1322069609000,continue,continue,0.2633217275142669,0.3124757707118988,0.2138665467500686,0.2103359401226043,True,True,True,True
test|Mona_4_20260624_123706|1322402942000,Mona,Mona_4_20260624_123706,1322402942000,continue,continue,0.2581646144390106,0.3335056602954864,0.2129554003477096,0.1953742802143097,True,True,True,True
test|Mona_4_20260624_123706|1322736275000,Mona,Mona_4_20260624_123706,1322736275000,continue,continue,0.2597506046295166,0.3447977006435394,0.2122355252504348,0.1832161694765091,True,True,True,True
test|Mona_4_20260624_123706|1323069609000,Mona,Mona_4_20260624_123706,1323069609000,continue,continue,0.2655932903289795,0.3431267142295837,0.2145334780216217,0.176746517419815,True,True,True,True
test|Mona_4_20260624_123706|1323402942000,Mona,Mona_4_20260624_123706,1323402942000,continue,continue,0.2683903276920318,0.3360973000526428,0.2184136509895324,0.1770987510681152,True,True,True,True
test|Mona_4_20260624_123706|1323736275000,Mona,Mona_4_20260624_123706,1323736275000,continue,continue,0.2631981968879699,0.3304502069950104,0.2166242748498916,0.1897273063659668,True,True,True,True
test|Mona_4_20260624_123706|1324069609000,Mona,Mona_4_20260624_123706,1324069609000,continue,continue,0.2577967047691345,0.3375923037528991,0.2064653784036636,0.1981456726789474,True,True,True,True
test|Mona_4_20260624_123706|1324402942000,Mona,Mona_4_20260624_123706,1324402942000,continue,continue,0.2499168962240219,0.3445873856544494,0.1996940672397613,0.2058015912771225,True,True,True,True
test|Mona_4_20260624_123706|1324736275000,Mona,Mona_4_20260624_123706,1324736275000,continue,continue,0.2435010969638824,0.3531242311000824,0.194267600774765,0.2091071158647537,True,True,True,True
test|Mona_4_20260624_123706|1325069609000,Mona,Mona_4_20260624_123706,1325069609000,continue,continue,0.2369722574949264,0.3696398138999939,0.1846679449081421,0.2087199538946151,True,True,True,True
test|Mona_4_20260624_123706|1325402942000,Mona,Mona_4_20260624_123706,1325402942000,continue,continue,0.232924684882164,0.3858005106449127,0.176108032464981,0.2051667720079422,True,True,True,True
test|Mona_4_20260624_123706|1325736275000,Mona,Mona_4_20260624_123706,1325736275000,continue,continue,0.2353205680847168,0.3986267745494842,0.1735610067844391,0.1924916505813598,True,True,True,True
test|Mona_4_20260624_123706|1326069609000,Mona,Mona_4_20260624_123706,1326069609000,continue,continue,0.2493749111890792,0.3766816854476928,0.1791689395904541,0.1947744637727737,True,True,True,True
test|Mona_4_20260624_123706|1326402942000,Mona,Mona_4_20260624_123706,1326402942000,continue,continue,0.2675632238388061,0.347253680229187,0.1875999569892883,0.1975830793380737,True,True,True,True
test|Mona_4_20260624_123706|1326736275000,Mona,Mona_4_20260624_123706,1326736275000,continue,continue,0.2849401831626892,0.3173752725124359,0.1964098960161209,0.2012746036052703,True,True,True,True
test|Mona_4_20260624_123706|1327069609000,Mona,Mona_4_20260624_123706,1327069609000,continue,continue,0.299286812543869,0.285480797290802,0.2063691914081573,0.2088631987571716,True,True,True,True
test|Mona_4_20260624_123706|1327402942000,Mona,Mona_4_20260624_123706,1327402942000,continue,continue,0.3041472136974334,0.2514685988426208,0.2192975878715515,0.2250865846872329,True,True,True,True
test|Mona_4_20260624_123706|1327736275000,Mona,Mona_4_20260624_123706,1327736275000,continue,continue,0.3090565502643585,0.2315617203712463,0.2214788645505905,0.2379028797149658,True,True,True,True
test|Mona_4_20260624_123706|1328069609000,Mona,Mona_4_20260624_123706,1328069609000,continue,continue,0.3093779683113098,0.2315075546503067,0.2140605449676513,0.2450539618730545,True,True,True,True
test|Mona_4_20260624_123706|1328402942000,Mona,Mona_4_20260624_123706,1328402942000,continue,continue,0.3097293972969055,0.2405788749456405,0.2065510898828506,0.2431406825780868,True,True,True,True
test|Mona_4_20260624_123706|1328736275000,Mona,Mona_4_20260624_123706,1328736275000,continue,continue,0.307193249464035,0.2562839984893799,0.1966128796339035,0.2399098873138427,True,True,True,True
test|Mona_4_20260624_123706|1329069609000,Mona,Mona_4_20260624_123706,1329069609000,continue,continue,0.2972586750984192,0.2734571695327759,0.1886540949344635,0.2406300604343414,True,True,True,True
test|Mona_4_20260624_123706|1329402942000,Mona,Mona_4_20260624_123706,1329402942000,continue,continue,0.3020413517951965,0.2935129404067993,0.1777817755937576,0.2266639322042465,True,True,True,True
test|Mona_4_20260624_123706|1329736275000,Mona,Mona_4_20260624_123706,1329736275000,continue,continue,0.3073365986347198,0.3039028644561767,0.168745532631874,0.2200149744749069,True,True,True,True
test|Mona_4_20260624_123706|1330069609000,Mona,Mona_4_20260624_123706,1330069609000,continue,continue,0.3044330775737762,0.3084617853164673,0.1696006208658218,0.2175045162439346,True,True,True,True
test|Mona_4_20260624_123706|1330402942000,Mona,Mona_4_20260624_123706,1330402942000,continue,continue,0.3009046614170074,0.3050332069396972,0.1687815934419632,0.2252805382013321,True,True,True,True
test|Mona_4_20260624_123706|1330736275000,Mona,Mona_4_20260624_123706,1330736275000,continue,continue,0.2943817973136902,0.3046317100524902,0.1678536981344223,0.2331328392028808,True,True,True,True
test|Mona_4_20260624_123706|1331069609000,Mona,Mona_4_20260624_123706,1331069609000,continue,continue,0.2960237264633178,0.3026201725006103,0.1699119210243225,0.2314441800117492,True,True,True,True
test|Mona_4_20260624_123706|1331402942000,Mona,Mona_4_20260624_123706,1331402942000,continue,continue,0.2968397140502929,0.3000591695308685,0.1740452498197555,0.2290558815002441,True,True,True,True
test|Mona_4_20260624_123706|1331736275000,Mona,Mona_4_20260624_123706,1331736275000,continue,continue,0.2968780398368835,0.2971003949642181,0.1817715167999267,0.2242500782012939,True,True,True,True
test|Mona_4_20260624_123706|1332069609000,Mona,Mona_4_20260624_123706,1332069609000,continue,continue,0.2989383041858673,0.3003461956977844,0.1871032863855362,0.2136122435331344,True,True,True,True
test|Mona_4_20260624_123706|1332402942000,Mona,Mona_4_20260624_123706,1332402942000,continue,continue,0.2937305867671966,0.3130908608436584,0.1926072984933853,0.2005712687969207,True,True,True,True
test|Mona_4_20260624_123706|1332736275000,Mona,Mona_4_20260624_123706,1332736275000,continue,continue,0.2872903048992157,0.3222377598285675,0.1994363218545913,0.1910355687141418,True,True,True,True
test|Mona_4_20260624_123706|1333069609000,Mona,Mona_4_20260624_123706,1333069609000,continue,continue,0.2737347185611725,0.3309056460857391,0.2032715231180191,0.192088097333908,True,True,True,True
test|Mona_4_20260624_123706|1333402942000,Mona,Mona_4_20260624_123706,1333402942000,continue,continue,0.2606123387813568,0.3294019699096679,0.2055828422307968,0.2044027894735336,True,True,True,True
test|Mona_4_20260624_123706|1333736275000,Mona,Mona_4_20260624_123706,1333736275000,continue,continue,0.2423428893089294,0.3348614573478699,0.2086483389139175,0.2141472548246383,True,True,True,True
test|Mona_4_20260624_123706|1334069609000,Mona,Mona_4_20260624_123706,1334069609000,continue,continue,0.2295253723859787,0.3379009366035461,0.2129473835229873,0.219626322388649,True,True,True,True
test|Mona_4_20260624_123706|1334402942000,Mona,Mona_4_20260624_123706,1334402942000,continue,continue,0.2236435115337371,0.3391630947589874,0.2163852155208587,0.2208082377910614,True,True,True,True
test|Mona_4_20260624_123706|1334736275000,Mona,Mona_4_20260624_123706,1334736275000,continue,continue,0.2229282408952713,0.3412658870220184,0.2209791839122772,0.2148267030715942,True,True,True,True
test|Mona_4_20260624_123706|1335069609000,Mona,Mona_4_20260624_123706,1335069609000,continue,continue,0.2251802235841751,0.3437083959579468,0.2231951504945755,0.2079162746667862,True,True,True,True
test|Mona_4_20260624_123706|1335402942000,Mona,Mona_4_20260624_123706,1335402942000,continue,continue,0.2242701053619384,0.3631826639175415,0.2169765830039978,0.1955706626176834,True,True,True,True
test|Mona_4_20260624_123706|1335736275000,Mona,Mona_4_20260624_123706,1335736275000,continue,continue,0.2290084958076477,0.3577326834201813,0.2159177660942077,0.1973410695791244,True,True,True,True
test|Mona_4_20260624_123706|1336069609000,Mona,Mona_4_20260624_123706,1336069609000,continue,continue,0.2412173151969909,0.3368946611881256,0.2106041312217712,0.2112839370965957,True,True,True,True
test|Mona_4_20260624_123706|1336402942000,Mona,Mona_4_20260624_123706,1336402942000,continue,continue,0.2518428862094879,0.3236405253410339,0.1977621167898178,0.2267544269561767,True,True,True,True
test|Mona_4_20260624_123706|1336736275000,Mona,Mona_4_20260624_123706,1336736275000,continue,continue,0.2654310166835785,0.3086974620819092,0.1811127364635467,0.2447587847709655,True,True,True,True
test|Mona_4_20260624_123706|1337069609000,Mona,Mona_4_20260624_123706,1337069609000,continue,continue,0.2885787487030029,0.3052974641323089,0.1654526442289352,0.240671157836914,True,True,True,True
test|Mona_4_20260624_123706|1337402942000,Mona,Mona_4_20260624_123706,1337402942000,fetch,continue,0.3089562058448791,0.2943031787872314,0.1611257046461105,0.2356149107217788,True,True,True,True
test|Mona_4_20260624_123706|1337736275000,Mona,Mona_4_20260624_123706,1337736275000,fetch,fetch,0.319136381149292,0.2916892766952514,0.1567526012659073,0.2324216961860656,True,True,True,True
test|Mona_4_20260624_123706|1338069609000,Mona,Mona_4_20260624_123706,1338069609000,fetch,fetch,0.300898402929306,0.340208500623703,0.1477354615926742,0.2111576050519943,True,True,True,True
test|Mona_4_20260624_123706|1338402942000,Mona,Mona_4_20260624_123706,1338402942000,fetch,fetch,0.297750174999237,0.3516603112220764,0.1454054415225982,0.2051841020584106,True,True,True,True
test|Mona_4_20260624_123706|1338736275000,Mona,Mona_4_20260624_123706,1338736275000,fetch,fetch,0.2728596329689026,0.3989952504634857,0.1390757262706756,0.1890694051980972,True,True,True,True
test|Mona_4_20260624_123706|1339069609000,Mona,Mona_4_20260624_123706,1339069609000,fetch,fetch,0.2678863406181335,0.3988850712776184,0.1448253393173217,0.1884032487869262,True,True,True,True
test|Mona_4_20260624_123706|1339402942000,Mona,Mona_4_20260624_123706,1339402942000,fetch,fetch,0.2611041069030761,0.4034265577793121,0.1475436389446258,0.1879257559776306,True,True,True,True
test|Mona_4_20260624_123706|1339736275000,Mona,Mona_4_20260624_123706,1339736275000,fetch,fetch,0.2506922483444214,0.4131599962711334,0.1514675915241241,0.1846802085638046,True,True,True,True
test|Mona_4_20260624_123706|1340069609000,Mona,Mona_4_20260624_123706,1340069609000,fetch,fetch,0.2421276867389679,0.4170007109642029,0.1555930823087692,0.1852784752845764,True,True,True,True
test|Mona_4_20260624_123706|1340402942000,Mona,Mona_4_20260624_123706,1340402942000,fetch,fetch,0.2341106981039047,0.422020673751831,0.1604711711406707,0.1833973824977874,True,True,True,True
test|Mona_4_20260624_123706|1340736275000,Mona,Mona_4_20260624_123706,1340736275000,fetch,fetch,0.2291624397039413,0.4301130771636963,0.1621596962213516,0.1785647720098495,True,True,True,True
test|Mona_4_20260624_123706|1341069609000,Mona,Mona_4_20260624_123706,1341069609000,fetch,fetch,0.2247489392757415,0.4406681358814239,0.1596427112817764,0.1749401837587356,True,True,True,True
test|Mona_4_20260624_123706|1341402942000,Mona,Mona_4_20260624_123706,1341402942000,fetch,handover,0.2219960689544677,0.444932609796524,0.1589222252368927,0.1741490662097931,True,True,True,True
test|Mona_4_20260624_123706|1341736275000,Mona,Mona_4_20260624_123706,1341736275000,fetch,fetch,0.2216041386127472,0.4415772557258606,0.1602891236543655,0.1765295267105102,True,True,True,True
test|Mona_4_20260624_123706|1342069609000,Mona,Mona_4_20260624_123706,1342069609000,fetch,fetch,0.2247522622346878,0.437522292137146,0.1588238626718521,0.1789015084505081,True,True,True,True
test|Mona_4_20260624_123706|1342402942000,Mona,Mona_4_20260624_123706,1342402942000,fetch,fetch,0.2308515906333923,0.4296843409538269,0.1562767922878265,0.183187261223793,True,True,True,True
test|Mona_4_20260624_123706|1342736275000,Mona,Mona_4_20260624_123706,1342736275000,fetch,fetch,0.2415824830532074,0.4079793989658355,0.1571777462959289,0.1932604163885116,True,True,True,True
test|Mona_4_20260624_123706|1345069609000,Mona,Mona_4_20260624_123706,1345069609000,handover,handover,0.2851007282733917,0.3481791317462921,0.1535114645957946,0.2132086604833603,True,True,True,True
test|Mona_4_20260624_123706|1345402942000,Mona,Mona_4_20260624_123706,1345402942000,handover,handover,0.2791095674037933,0.3563297390937805,0.1528334468603134,0.2117272168397903,True,True,True,True
test|Mona_4_20260624_123706|1345736275000,Mona,Mona_4_20260624_123706,1345736275000,handover,handover,0.274168998003006,0.3694886565208435,0.1490291208028793,0.2073132395744323,True,True,True,True
test|Mona_4_20260624_123706|1346069609000,Mona,Mona_4_20260624_123706,1346069609000,handover,handover,0.2706426978111267,0.3722192049026489,0.1448074728250503,0.2123306393623352,True,True,True,True
test|Mona_4_20260624_123706|1346402942000,Mona,Mona_4_20260624_123706,1346402942000,handover,handover,0.2741049230098724,0.3715723156929016,0.1422729790210724,0.2120497226715088,True,True,True,True
test|Mona_4_20260624_123706|1346736275000,Mona,Mona_4_20260624_123706,1346736275000,handover,handover,0.2716652452945709,0.3804832100868225,0.1393147408962249,0.2085367292165756,True,True,True,True
test|Mona_4_20260624_123706|1347069609000,Mona,Mona_4_20260624_123706,1347069609000,handover,handover,0.2728774845600128,0.3824412524700165,0.1379594653844833,0.2067217528820037,True,True,True,True
test|Mona_4_20260624_123706|1347402942000,Mona,Mona_4_20260624_123706,1347402942000,handover,handover,0.2743501663208008,0.3858837187290191,0.137018546462059,0.2027475982904434,True,True,True,True
test|Mona_4_20260624_123706|1347736275000,Mona,Mona_4_20260624_123706,1347736275000,handover,handover,0.273772656917572,0.3854986429214477,0.1375046670436859,0.2032239884138107,True,True,True,True
test|Mona_4_20260624_123706|1348069609000,Mona,Mona_4_20260624_123706,1348069609000,handover,handover,0.2732375264167785,0.3861558139324188,0.1377182304859161,0.2028883844614029,True,True,True,True
test|Mona_5_20260624_123814|1377869609000,Mona,Mona_5_20260624_123814,1377869609000,continue,continue,0.2865754067897796,0.2741039097309112,0.2458120882511139,0.193508580327034,True,True,True,True
test|Mona_5_20260624_123814|1378202943000,Mona,Mona_5_20260624_123814,1378202943000,continue,continue,0.2922102212905884,0.2644575834274292,0.2491090595722198,0.1942231804132461,True,True,True,True
test|Mona_5_20260624_123814|1378536276000,Mona,Mona_5_20260624_123814,1378536276000,continue,continue,0.3070745766162872,0.2500829994678497,0.2445632368326187,0.1982792317867279,True,True,True,True
test|Mona_5_20260624_123814|1378869609000,Mona,Mona_5_20260624_123814,1378869609000,continue,continue,0.3193206787109375,0.2463793605566024,0.2296367138624191,0.2046632170677185,True,True,True,True
test|Mona_5_20260624_123814|1379202943000,Mona,Mona_5_20260624_123814,1379202943000,continue,continue,0.3323989808559418,0.2435490041971206,0.2058187872171402,0.2182332277297973,True,True,True,True
test|Mona_5_20260624_123814|1379536276000,Mona,Mona_5_20260624_123814,1379536276000,continue,continue,0.3368177115917206,0.2444612979888916,0.1903185248374939,0.2284025102853775,True,True,True,True
test|Mona_5_20260624_123814|1379869609000,Mona,Mona_5_20260624_123814,1379869609000,continue,continue,0.3337520956993103,0.2535768151283264,0.1743134558200836,0.2383576184511184,True,True,True,True
test|Mona_5_20260624_123814|1380202943000,Mona,Mona_5_20260624_123814,1380202943000,continue,continue,0.3276095688343048,0.2599841952323913,0.169340118765831,0.2430661767721176,True,True,True,True
test|Mona_5_20260624_123814|1380536276000,Mona,Mona_5_20260624_123814,1380536276000,continue,continue,0.3171447813510895,0.2750382125377655,0.1685420572757721,0.2392749637365341,True,True,True,True
test|Mona_5_20260624_123814|1380869609000,Mona,Mona_5_20260624_123814,1380869609000,continue,continue,0.3057471811771393,0.2940070033073425,0.1663566380739212,0.2338891327381134,True,True,True,True
test|Mona_5_20260624_123814|1381202943000,Mona,Mona_5_20260624_123814,1381202943000,continue,continue,0.2855784595012665,0.3195409178733825,0.168458953499794,0.2264216542243957,True,True,True,True
test|Mona_5_20260624_123814|1381536276000,Mona,Mona_5_20260624_123814,1381536276000,continue,continue,0.2677915394306183,0.3262260556221008,0.1894825249910354,0.216499850153923,True,True,True,True
test|Mona_5_20260624_123814|1381869609000,Mona,Mona_5_20260624_123814,1381869609000,continue,continue,0.2681961059570312,0.3171032071113586,0.2089567631483078,0.2057439088821411,True,True,True,True
test|Mona_5_20260624_123814|1382202943000,Mona,Mona_5_20260624_123814,1382202943000,continue,continue,0.2740604281425476,0.3074501752853393,0.222764104604721,0.1957252919673919,True,True,True,True
test|Mona_5_20260624_123814|1382536276000,Mona,Mona_5_20260624_123814,1382536276000,continue,continue,0.2789563834667206,0.2883012592792511,0.237373873591423,0.1953684836626052,True,True,True,True
test|Mona_5_20260624_123814|1382869609000,Mona,Mona_5_20260624_123814,1382869609000,continue,continue,0.2879636585712433,0.2703212201595306,0.2476330697536468,0.1940820664167404,True,True,True,True
test|Mona_5_20260624_123814|1383202943000,Mona,Mona_5_20260624_123814,1383202943000,continue,continue,0.2997031807899475,0.2532245516777038,0.2533208429813385,0.1937514543533325,True,True,True,True
test|Mona_5_20260624_123814|1383536276000,Mona,Mona_5_20260624_123814,1383536276000,continue,continue,0.313476949930191,0.2445371448993683,0.2425692677497863,0.1994166225194931,True,True,True,True
test|Mona_5_20260624_123814|1383869609000,Mona,Mona_5_20260624_123814,1383869609000,continue,continue,0.3232201039791107,0.2415414452552795,0.2273553162813186,0.2078831940889358,True,True,True,True
test|Mona_5_20260624_123814|1384202943000,Mona,Mona_5_20260624_123814,1384202943000,continue,continue,0.3172242045402527,0.2358953654766082,0.2264873832464218,0.2203930467367172,True,True,True,True
test|Mona_5_20260624_123814|1384536276000,Mona,Mona_5_20260624_123814,1384536276000,continue,continue,0.3058423697948456,0.2420097291469574,0.224515900015831,0.2276319712400436,True,True,True,True
test|Mona_5_20260624_123814|1384869609000,Mona,Mona_5_20260624_123814,1384869609000,continue,continue,0.3014743030071258,0.2409600913524627,0.2271463125944137,0.2304193526506424,True,True,True,True
test|Mona_5_20260624_123814|1385202943000,Mona,Mona_5_20260624_123814,1385202943000,continue,continue,0.2955758571624756,0.2400065809488296,0.2325636446475982,0.2318539768457412,True,True,True,True
test|Mona_5_20260624_123814|1385536276000,Mona,Mona_5_20260624_123814,1385536276000,continue,continue,0.2782917320728302,0.2333769798278808,0.2551620602607727,0.2331691980361938,True,True,True,True
test|Mona_5_20260624_123814|1385869609000,Mona,Mona_5_20260624_123814,1385869609000,continue,continue,0.2697151303291321,0.2301942110061645,0.2672129869461059,0.2328776866197586,True,True,True,True
test|Mona_5_20260624_123814|1386202943000,Mona,Mona_5_20260624_123814,1386202943000,continue,continue,0.2732038497924804,0.2330638021230697,0.2686918377876282,0.2250405102968216,True,True,True,True
test|Mona_5_20260624_123814|1386536276000,Mona,Mona_5_20260624_123814,1386536276000,continue,continue,0.2838510870933532,0.2321034520864486,0.2715896070003509,0.2124558538198471,True,True,True,True
test|Mona_5_20260624_123814|1386869609000,Mona,Mona_5_20260624_123814,1386869609000,continue,continue,0.2840510010719299,0.2317041307687759,0.2801353335380554,0.2041095048189163,True,True,True,True
test|Mona_5_20260624_123814|1387202943000,Mona,Mona_5_20260624_123814,1387202943000,continue,continue,0.2856645286083221,0.2321608662605285,0.2823725044727325,0.1998021155595779,True,True,True,True
test|Mona_5_20260624_123814|1387536276000,Mona,Mona_5_20260624_123814,1387536276000,continue,continue,0.3011697232723236,0.2482780069112777,0.2559967339038849,0.1945555359125137,True,True,True,True
test|Mona_5_20260624_123814|1387869609000,Mona,Mona_5_20260624_123814,1387869609000,continue,continue,0.3066815137863159,0.2607928812503814,0.2422119975090026,0.1903135776519775,True,True,True,True
test|Mona_5_20260624_123814|1388202943000,Mona,Mona_5_20260624_123814,1388202943000,continue,continue,0.3093595206737518,0.268054723739624,0.2293602079153061,0.1932255625724792,True,True,True,True
test|Mona_5_20260624_123814|1388536276000,Mona,Mona_5_20260624_123814,1388536276000,continue,continue,0.3135146200656891,0.2582098841667175,0.2267017960548401,0.2015736848115921,True,True,True,True
test|Mona_5_20260624_123814|1388869609000,Mona,Mona_5_20260624_123814,1388869609000,continue,continue,0.3228985667228699,0.2550525367259979,0.208584576845169,0.2134642899036407,True,True,True,True
test|Mona_5_20260624_123814|1389202943000,Mona,Mona_5_20260624_123814,1389202943000,continue,continue,0.3229735493659973,0.2727899551391601,0.1858901381492614,0.2183463275432586,True,True,True,True
test|Mona_5_20260624_123814|1389536276000,Mona,Mona_5_20260624_123814,1389536276000,continue,continue,0.3081975877285003,0.2770308256149292,0.1958554238080978,0.2189161330461502,True,True,True,True
test|Mona_5_20260624_123814|1389869609000,Mona,Mona_5_20260624_123814,1389869609000,continue,continue,0.2909647226333618,0.2736213803291321,0.2163710743188858,0.2190428376197815,True,True,True,True
test|Mona_5_20260624_123814|1390202943000,Mona,Mona_5_20260624_123814,1390202943000,continue,continue,0.2723744511604309,0.2752164006233215,0.2329645901918411,0.2194445431232452,True,True,True,True
test|Mona_5_20260624_123814|1390536276000,Mona,Mona_5_20260624_123814,1390536276000,continue,continue,0.2580797374248504,0.2898157835006714,0.2291514426469802,0.222953051328659,True,True,True,True
test|Mona_5_20260624_123814|1390869609000,Mona,Mona_5_20260624_123814,1390869609000,continue,continue,0.2496213465929031,0.2971764802932739,0.2386301457881927,0.2145720422267913,True,True,True,True
test|Mona_5_20260624_123814|1391202943000,Mona,Mona_5_20260624_123814,1391202943000,continue,continue,0.2518064081668854,0.295045256614685,0.2428356111049652,0.2103127688169479,True,True,True,True
test|Mona_5_20260624_123814|1391536276000,Mona,Mona_5_20260624_123814,1391536276000,continue,continue,0.2659099102020263,0.2971127331256866,0.2334456294775009,0.2035316824913025,True,True,True,True
test|Mona_5_20260624_123814|1391869609000,Mona,Mona_5_20260624_123814,1391869609000,continue,continue,0.2840908169746399,0.306934654712677,0.2147248387336731,0.1942497044801712,True,True,True,True
test|Mona_5_20260624_123814|1392202943000,Mona,Mona_5_20260624_123814,1392202943000,continue,continue,0.3041700720787048,0.3144283592700958,0.1983896344900131,0.1830119490623474,True,True,True,True
test|Mona_5_20260624_123814|1392536276000,Mona,Mona_5_20260624_123814,1392536276000,continue,continue,0.3197571039199829,0.3118837177753448,0.1945938766002655,0.1737653166055679,True,True,True,True
test|Mona_5_20260624_123814|1392869609000,Mona,Mona_5_20260624_123814,1392869609000,continue,continue,0.3253332674503326,0.3019995093345642,0.193411186337471,0.1792560368776321,True,True,True,True
test|Mona_5_20260624_123814|1393202943000,Mona,Mona_5_20260624_123814,1393202943000,continue,continue,0.3252532482147217,0.2976799607276916,0.197709709405899,0.1793570965528488,True,True,True,True
test|Mona_5_20260624_123814|1393536276000,Mona,Mona_5_20260624_123814,1393536276000,continue,continue,0.3214008212089538,0.292423665523529,0.2052128165960312,0.1809626370668411,True,True,True,True
test|Mona_5_20260624_123814|1393869609000,Mona,Mona_5_20260624_123814,1393869609000,continue,continue,0.311051070690155,0.2875469028949737,0.2134287059307098,0.1879733502864837,True,True,True,True
test|Mona_5_20260624_123814|1394202943000,Mona,Mona_5_20260624_123814,1394202943000,continue,continue,0.3052839934825897,0.2758484482765198,0.224034383893013,0.1948331594467163,True,True,True,True
test|Mona_5_20260624_123814|1394536276000,Mona,Mona_5_20260624_123814,1394536276000,continue,continue,0.2931974530220032,0.275047093629837,0.2296736240386963,0.2020817995071411,True,True,True,True
test|Mona_5_20260624_123814|1394869609000,Mona,Mona_5_20260624_123814,1394869609000,continue,continue,0.2815030813217163,0.2741329669952392,0.2359184473752975,0.2084455341100692,True,True,True,True
test|Mona_5_20260624_123814|1395202943000,Mona,Mona_5_20260624_123814,1395202943000,continue,continue,0.2716975510120392,0.269401341676712,0.2408224940299987,0.2180785536766052,True,True,True,True
test|Mona_5_20260624_123814|1395536276000,Mona,Mona_5_20260624_123814,1395536276000,continue,continue,0.2620660364627838,0.272123247385025,0.2438047379255294,0.222006008028984,True,True,True,True
test|Mona_5_20260624_123814|1395869609000,Mona,Mona_5_20260624_123814,1395869609000,continue,continue,0.2580629587173462,0.2763320505619049,0.2487171590328216,0.2168878316879272,True,True,True,True
test|Mona_5_20260624_123814|1396202943000,Mona,Mona_5_20260624_123814,1396202943000,continue,continue,0.2543098628520965,0.2864036560058594,0.243076279759407,0.2162102460861206,True,True,True,True
test|Mona_5_20260624_123814|1396536276000,Mona,Mona_5_20260624_123814,1396536276000,continue,continue,0.2534005343914032,0.2994700670242309,0.2346643954515457,0.2124649733304977,True,True,True,True
test|Mona_5_20260624_123814|1396869609000,Mona,Mona_5_20260624_123814,1396869609000,continue,continue,0.2508600950241089,0.3143306970596313,0.2280743271112442,0.2067348808050155,True,True,True,True
test|Mona_5_20260624_123814|1397202943000,Mona,Mona_5_20260624_123814,1397202943000,continue,continue,0.2553132176399231,0.3205213546752929,0.2326956242322921,0.1914698183536529,True,True,True,True
test|Mona_5_20260624_123814|1397536276000,Mona,Mona_5_20260624_123814,1397536276000,continue,continue,0.2652419805526733,0.3174076080322265,0.2345582991838455,0.1827921271324157,True,True,True,True
test|Mona_5_20260624_123814|1397869609000,Mona,Mona_5_20260624_123814,1397869609000,continue,continue,0.2683332860469818,0.3142827153205871,0.2361359745264053,0.1812479943037033,True,True,True,True
test|Mona_5_20260624_123814|1398202943000,Mona,Mona_5_20260624_123814,1398202943000,continue,continue,0.2611227035522461,0.3160816431045532,0.2473464459180832,0.1754492670297622,True,True,True,True
test|Mona_5_20260624_123814|1398536276000,Mona,Mona_5_20260624_123814,1398536276000,continue,continue,0.2526264786720276,0.3152912855148315,0.25283944606781,0.1792427748441696,True,True,True,True
test|Mona_5_20260624_123814|1398869609000,Mona,Mona_5_20260624_123814,1398869609000,continue,continue,0.253743439912796,0.3134010136127472,0.2492651045322418,0.1835904270410537,True,True,True,True
test|Mona_5_20260624_123814|1399202943000,Mona,Mona_5_20260624_123814,1399202943000,continue,continue,0.254121869802475,0.3124122619628906,0.244449183344841,0.1890166848897934,True,True,True,True
test|Mona_5_20260624_123814|1399536276000,Mona,Mona_5_20260624_123814,1399536276000,continue,continue,0.2531242668628692,0.3182323276996612,0.241235002875328,0.1874083429574966,True,True,True,True
test|Mona_5_20260624_123814|1399869609000,Mona,Mona_5_20260624_123814,1399869609000,continue,continue,0.2532843351364136,0.320814311504364,0.2406261414289474,0.1852752417325973,True,True,True,True
test|Mona_5_20260624_123814|1400202943000,Mona,Mona_5_20260624_123814,1400202943000,continue,continue,0.2605670392513275,0.3159548044204712,0.2412470132112503,0.182231143116951,True,True,True,True
test|Mona_5_20260624_123814|1400536276000,Mona,Mona_5_20260624_123814,1400536276000,continue,continue,0.2709213197231293,0.3054927587509155,0.2445794641971588,0.1790064722299575,True,True,True,True
test|Mona_5_20260624_123814|1400869609000,Mona,Mona_5_20260624_123814,1400869609000,continue,continue,0.2834472954273224,0.2854501008987427,0.2478559464216232,0.1832466274499893,True,True,True,True
test|Mona_5_20260624_123814|1401202943000,Mona,Mona_5_20260624_123814,1401202943000,continue,continue,0.2932234406471252,0.2728971242904663,0.2462710440158844,0.1876083314418792,True,True,True,True
test|Mona_5_20260624_123814|1401536276000,Mona,Mona_5_20260624_123814,1401536276000,continue,continue,0.2996165454387665,0.2569006383419037,0.2433511763811111,0.2001315802335739,True,True,True,True
test|Mona_5_20260624_123814|1401869609000,Mona,Mona_5_20260624_123814,1401869609000,continue,continue,0.3059016168117523,0.2436484545469284,0.2404561042785644,0.2099938094615936,True,True,True,True
test|Mona_5_20260624_123814|1402202943000,Mona,Mona_5_20260624_123814,1402202943000,continue,continue,0.3105045258998871,0.2375896424055099,0.2363487035036087,0.2155570536851883,True,True,True,True
test|Mona_5_20260624_123814|1402536276000,Mona,Mona_5_20260624_123814,1402536276000,continue,continue,0.3056764900684356,0.2464655190706253,0.2322762608528137,0.2155817300081253,True,True,True,True
test|Mona_5_20260624_123814|1402869609000,Mona,Mona_5_20260624_123814,1402869609000,continue,continue,0.2893474996089935,0.270198255777359,0.2311784327030182,0.2092758566141128,True,True,True,True
test|Mona_5_20260624_123814|1403202943000,Mona,Mona_5_20260624_123814,1403202943000,continue,continue,0.2739795446395874,0.2830080687999725,0.2363188415765762,0.2066935300827026,True,True,True,True
test|Mona_5_20260624_123814|1403536276000,Mona,Mona_5_20260624_123814,1403536276000,continue,continue,0.2671355307102203,0.2954367995262146,0.2346963286399841,0.2027313560247421,True,True,True,True
test|Mona_5_20260624_123814|1403869609000,Mona,Mona_5_20260624_123814,1403869609000,continue,continue,0.2638889849185943,0.3095126748085022,0.2307061553001403,0.195892184972763,True,True,True,True
test|Mona_5_20260624_123814|1404202943000,Mona,Mona_5_20260624_123814,1404202943000,continue,continue,0.2616554200649261,0.3198670744895935,0.2280576974153518,0.1904198229312896,True,True,True,True
test|Mona_5_20260624_123814|1404536276000,Mona,Mona_5_20260624_123814,1404536276000,continue,continue,0.2638685703277588,0.3211720883846283,0.2308710813522339,0.1840882301330566,True,True,True,True
test|Mona_5_20260624_123814|1404869609000,Mona,Mona_5_20260624_123814,1404869609000,continue,continue,0.2696321010589599,0.313014805316925,0.2411341667175293,0.1762189269065857,True,True,True,True
test|Mona_5_20260624_123814|1405202943000,Mona,Mona_5_20260624_123814,1405202943000,continue,continue,0.2674990892410278,0.3062849342823028,0.2562175989151001,0.1699983030557632,True,True,True,True
test|Mona_5_20260624_123814|1405536276000,Mona,Mona_5_20260624_123814,1405536276000,continue,continue,0.2608839571475982,0.3048769533634186,0.269793838262558,0.1644452810287475,True,True,True,True
test|Mona_5_20260624_123814|1405869609000,Mona,Mona_5_20260624_123814,1405869609000,continue,continue,0.254129409790039,0.3045003414154053,0.279119074344635,0.1622511446475982,True,True,True,True
test|Mona_5_20260624_123814|1406202943000,Mona,Mona_5_20260624_123814,1406202943000,continue,continue,0.2541895508766174,0.2955423593521118,0.2820954620838165,0.1681725829839706,True,True,True,True
test|Mona_5_20260624_123814|1406536276000,Mona,Mona_5_20260624_123814,1406536276000,continue,continue,0.2575995028018951,0.2921405732631683,0.2765892446041107,0.1736706644296646,True,True,True,True
test|Mona_5_20260624_123814|1406869609000,Mona,Mona_5_20260624_123814,1406869609000,continue,continue,0.2632423043251037,0.2885346412658691,0.2691884934902191,0.1790345311164856,True,True,True,True
test|Mona_5_20260624_123814|1407202943000,Mona,Mona_5_20260624_123814,1407202943000,continue,continue,0.2687487304210663,0.2791453301906585,0.268610417842865,0.1834955215454101,True,True,True,True
test|Mona_5_20260624_123814|1407536276000,Mona,Mona_5_20260624_123814,1407536276000,continue,continue,0.273405522108078,0.2738439738750458,0.2679981291294098,0.1847523599863052,True,True,True,True
test|Mona_5_20260624_123814|1407869609000,Mona,Mona_5_20260624_123814,1407869609000,continue,continue,0.2804827988147735,0.2722488939762115,0.2588288187980652,0.1884395182132721,True,True,True,True
test|Mona_5_20260624_123814|1408202943000,Mona,Mona_5_20260624_123814,1408202943000,continue,continue,0.2833897769451141,0.2780228853225708,0.2554559707641601,0.1831313967704773,True,True,True,True
test|Mona_5_20260624_123814|1408536276000,Mona,Mona_5_20260624_123814,1408536276000,continue,continue,0.2782235741615295,0.2693796753883362,0.2679713070392608,0.184425488114357,True,True,True,True
test|Mona_5_20260624_123814|1408869609000,Mona,Mona_5_20260624_123814,1408869609000,continue,continue,0.272199809551239,0.2623398005962372,0.2745804786682129,0.1908799260854721,True,True,True,True
test|Mona_5_20260624_123814|1409202943000,Mona,Mona_5_20260624_123814,1409202943000,continue,continue,0.2700585126876831,0.2607157230377197,0.2708751559257507,0.1983506828546524,True,True,True,True
test|Mona_5_20260624_123814|1409536276000,Mona,Mona_5_20260624_123814,1409536276000,continue,continue,0.2700400054454803,0.2590529024600982,0.2620028257369995,0.208904281258583,True,True,True,True
test|Mona_5_20260624_123814|1409869609000,Mona,Mona_5_20260624_123814,1409869609000,continue,continue,0.2723498046398163,0.26224085688591,0.2488998472690582,0.216509461402893,True,True,True,True
test|Mona_5_20260624_123814|1410202943000,Mona,Mona_5_20260624_123814,1410202943000,continue,continue,0.2744507789611816,0.2624214291572571,0.2388885766267776,0.224239245057106,True,True,True,True
test|Mona_5_20260624_123814|1410536276000,Mona,Mona_5_20260624_123814,1410536276000,continue,continue,0.2757205963134765,0.2695524394512176,0.2297419756650924,0.2249850332736969,True,True,True,True
test|Mona_5_20260624_123814|1410869609000,Mona,Mona_5_20260624_123814,1410869609000,fetch,continue,0.2837919592857361,0.2706432640552521,0.2232034057378769,0.2223613709211349,True,True,True,True
test|Mona_5_20260624_123814|1411202943000,Mona,Mona_5_20260624_123814,1411202943000,fetch,continue,0.2914596199989319,0.2752150893211365,0.2111132889986038,0.2222119718790054,True,True,True,True
test|Mona_5_20260624_123814|1411536276000,Mona,Mona_5_20260624_123814,1411536276000,fetch,continue,0.2561189532279968,0.3875451683998108,0.1773857325315475,0.1789501458406448,True,True,True,True
test|Mona_5_20260624_123814|1411869609000,Mona,Mona_5_20260624_123814,1411869609000,fetch,continue,0.2639800608158111,0.3655932247638702,0.1953046917915344,0.1751220673322677,True,True,True,True
test|Mona_5_20260624_123814|1412202943000,Mona,Mona_5_20260624_123814,1412202943000,fetch,continue,0.25753054022789,0.3703556358814239,0.2048820704221725,0.1672317534685135,True,True,True,True
test|Mona_5_20260624_123814|1412536276000,Mona,Mona_5_20260624_123814,1412536276000,fetch,continue,0.2574701905250549,0.3543453812599182,0.2215603739023208,0.1666240990161895,True,True,True,True
test|Mona_5_20260624_123814|1412869609000,Mona,Mona_5_20260624_123814,1412869609000,fetch,fetch,0.2525841295719147,0.3411883413791656,0.2374746054410934,0.1687529683113098,True,True,True,True
test|Mona_5_20260624_123814|1413202943000,Mona,Mona_5_20260624_123814,1413202943000,fetch,fetch,0.2482620924711227,0.3309721350669861,0.2502665519714355,0.170499250292778,True,True,True,True
test|Mona_5_20260624_123814|1413536276000,Mona,Mona_5_20260624_123814,1413536276000,fetch,fetch,0.2442677617073059,0.3248195946216583,0.2565662264823913,0.1743464469909668,True,True,True,True
test|Mona_5_20260624_123814|1413869609000,Mona,Mona_5_20260624_123814,1413869609000,fetch,fetch,0.2444772869348526,0.3190515637397766,0.2580687999725342,0.1784024238586425,True,True,True,True
test|Mona_5_20260624_123814|1414202943000,Mona,Mona_5_20260624_123814,1414202943000,fetch,fetch,0.2460218369960785,0.3102681934833526,0.2605663239955902,0.183143600821495,True,True,True,True
test|Mona_5_20260624_123814|1414536276000,Mona,Mona_5_20260624_123814,1414536276000,fetch,fetch,0.2471014410257339,0.3066052794456482,0.2615837156772613,0.1847095638513565,True,True,True,True
test|Mona_5_20260624_123814|1414869609000,Mona,Mona_5_20260624_123814,1414869609000,fetch,fetch,0.2479799091815948,0.3059649169445038,0.2616820335388183,0.1843730956315994,True,True,True,True
test|Mona_5_20260624_123814|1415202943000,Mona,Mona_5_20260624_123814,1415202943000,fetch,fetch,0.2449634969234466,0.3097964525222778,0.2608510553836822,0.1843890100717544,True,True,True,True
test|Mona_5_20260624_123814|1415536276000,Mona,Mona_5_20260624_123814,1415536276000,fetch,fetch,0.2430333197116851,0.3101652264595032,0.2622951865196228,0.1845062971115112,True,True,True,True
test|Mona_5_20260624_123814|1415869609000,Mona,Mona_5_20260624_123814,1415869609000,fetch,fetch,0.2486727833747863,0.2986838519573211,0.2625461518764496,0.1900971978902816,True,True,True,True
test|Mona_5_20260624_123814|1417869609000,Mona,Mona_5_20260624_123814,1417869609000,handover,handover,0.2651594877243042,0.2742602825164795,0.2636529207229614,0.1969273090362548,True,True,True,True
test|Mona_5_20260624_123814|1418202943000,Mona,Mona_5_20260624_123814,1418202943000,handover,handover,0.2612757682800293,0.2794840931892395,0.263673335313797,0.1955668032169342,True,True,True,True
test|Mona_5_20260624_123814|1418536276000,Mona,Mona_5_20260624_123814,1418536276000,handover,handover,0.2614389359951019,0.2848639786243438,0.2645785510540008,0.1891185343265533,True,True,True,True
test|Mona_5_20260624_123814|1418869609000,Mona,Mona_5_20260624_123814,1418869609000,handover,handover,0.2640211284160614,0.2884103059768677,0.2570419311523437,0.1905266493558883,True,True,True,True
test|Mona_5_20260624_123814|1419202943000,Mona,Mona_5_20260624_123814,1419202943000,handover,continue,0.2665445804595947,0.3061946928501129,0.2386028319597244,0.1886578947305679,True,True,True,True
test|Mona_5_20260624_123814|1419536276000,Mona,Mona_5_20260624_123814,1419536276000,handover,continue,0.2632712423801422,0.333430528640747,0.2187433689832687,0.1845548897981643,True,True,True,True
test|Mona_5_20260624_123814|1419869609000,Mona,Mona_5_20260624_123814,1419869609000,handover,handover,0.2572755515575409,0.3669279515743255,0.1974588334560394,0.1783376783132553,True,True,True,True
test|Mona_5_20260624_123814|1420202943000,Mona,Mona_5_20260624_123814,1420202943000,handover,handover,0.2541878521442413,0.3909390270709991,0.1769531667232513,0.1779199093580246,True,True,True,True
test|Mona_5_20260624_123814|1420536276000,Mona,Mona_5_20260624_123814,1420536276000,handover,handover,0.2532940208911896,0.396862655878067,0.1713607013225555,0.1784826666116714,True,True,True,True
test|Mona_5_20260624_123814|1420869609000,Mona,Mona_5_20260624_123814,1420869609000,handover,handover,0.2473208755254745,0.3972523510456085,0.1774733960628509,0.1779533922672271,True,True,True,True
test|Mona_6_20260624_123930|1453936276000,Mona,Mona_6_20260624_123930,1453936276000,continue,continue,0.3077448904514313,0.2694081962108612,0.2287491858005523,0.1940977424383163,True,True,True,True
test|Mona_6_20260624_123930|1454269609000,Mona,Mona_6_20260624_123930,1454269609000,continue,continue,0.306722342967987,0.2483711391687393,0.2467172294855117,0.1981892585754394,True,True,True,True
test|Mona_6_20260624_123930|1454602942000,Mona,Mona_6_20260624_123930,1454602942000,continue,continue,0.305407702922821,0.2366019338369369,0.2616406381130218,0.1963497549295425,True,True,True,True
test|Mona_6_20260624_123930|1454936276000,Mona,Mona_6_20260624_123930,1454936276000,continue,continue,0.2999209463596344,0.2319825142621994,0.2712607085704803,0.196835771203041,True,True,True,True
test|Mona_6_20260624_123930|1455269609000,Mona,Mona_6_20260624_123930,1455269609000,continue,continue,0.302655279636383,0.2216783463954925,0.2742901742458343,0.2013761848211288,True,True,True,True
test|Mona_6_20260624_123930|1455602942000,Mona,Mona_6_20260624_123930,1455602942000,continue,continue,0.3048810362815857,0.2229945808649063,0.266501635313034,0.2056227028369903,True,True,True,True
test|Mona_6_20260624_123930|1455936276000,Mona,Mona_6_20260624_123930,1455936276000,continue,continue,0.3128030896186828,0.2125036567449569,0.2646349668502807,0.2100583016872406,True,True,True,True
test|Mona_6_20260624_123930|1456269609000,Mona,Mona_6_20260624_123930,1456269609000,continue,continue,0.3132341206073761,0.2152077704668045,0.2611193358898163,0.2104387730360031,True,True,True,True
test|Mona_6_20260624_123930|1456602942000,Mona,Mona_6_20260624_123930,1456602942000,continue,continue,0.3139510154724121,0.2122997641563415,0.261002779006958,0.2127464562654495,True,True,True,True
test|Mona_6_20260624_123930|1456936276000,Mona,Mona_6_20260624_123930,1456936276000,continue,continue,0.3171596825122833,0.2063079923391342,0.2631559669971466,0.2133763432502746,True,True,True,True
test|Mona_6_20260624_123930|1457269609000,Mona,Mona_6_20260624_123930,1457269609000,continue,continue,0.3181945383548736,0.2036110907793045,0.2655729055404663,0.2126214951276779,True,True,True,True
test|Mona_6_20260624_123930|1457602942000,Mona,Mona_6_20260624_123930,1457602942000,continue,continue,0.3172335922718048,0.2045343965291977,0.2672048807144165,0.2110271751880645,True,True,True,True
test|Mona_6_20260624_123930|1457936276000,Mona,Mona_6_20260624_123930,1457936276000,continue,continue,0.3164360523223877,0.2069938033819198,0.2663341760635376,0.2102360278367996,True,True,True,True
test|Mona_6_20260624_123930|1458269609000,Mona,Mona_6_20260624_123930,1458269609000,continue,continue,0.3148877918720245,0.2090989053249359,0.2673069834709167,0.2087062895298004,True,True,True,True
test|Mona_6_20260624_123930|1458602942000,Mona,Mona_6_20260624_123930,1458602942000,continue,continue,0.3128582537174225,0.2113457769155502,0.2677967250347137,0.2079991698265075,True,True,True,True
test|Mona_6_20260624_123930|1458936276000,Mona,Mona_6_20260624_123930,1458936276000,continue,continue,0.311900794506073,0.2078636735677719,0.2712657153606415,0.2089697569608688,True,True,True,True
test|Mona_6_20260624_123930|1459269609000,Mona,Mona_6_20260624_123930,1459269609000,continue,continue,0.3134730160236358,0.2017703056335449,0.2741150557994842,0.2106416672468185,True,True,True,True
test|Mona_6_20260624_123930|1459602942000,Mona,Mona_6_20260624_123930,1459602942000,continue,continue,0.3160807490348816,0.1918809115886688,0.2786646485328674,0.2133736908435821,True,True,True,True
test|Mona_6_20260624_123930|1459936276000,Mona,Mona_6_20260624_123930,1459936276000,continue,continue,0.3171335756778717,0.1809387356042862,0.2871680855751037,0.2147595733404159,True,True,True,True
test|Mona_6_20260624_123930|1460269609000,Mona,Mona_6_20260624_123930,1460269609000,continue,continue,0.3201517462730407,0.1727854758501052,0.2865100502967834,0.220552772283554,True,True,True,True
test|Mona_6_20260624_123930|1460602942000,Mona,Mona_6_20260624_123930,1460602942000,continue,continue,0.3164528906345367,0.1730863749980926,0.2875142693519592,0.2229464650154113,True,True,True,True
test|Mona_6_20260624_123930|1460936276000,Mona,Mona_6_20260624_123930,1460936276000,continue,continue,0.3134852051734924,0.1811293363571167,0.2794344127178192,0.2259510457515716,True,True,True,True
test|Mona_6_20260624_123930|1461269609000,Mona,Mona_6_20260624_123930,1461269609000,continue,continue,0.3050757348537445,0.1978757083415985,0.2685005366802215,0.2285480350255966,True,True,True,True
test|Mona_6_20260624_123930|1461602942000,Mona,Mona_6_20260624_123930,1461602942000,continue,continue,0.2992440164089203,0.2143210917711258,0.2622359097003937,0.2241989523172378,True,True,True,True
test|Mona_6_20260624_123930|1461936276000,Mona,Mona_6_20260624_123930,1461936276000,continue,continue,0.2904354333877563,0.2339106351137161,0.2542312741279602,0.2214226573705673,True,True,True,True
test|Mona_6_20260624_123930|1462269609000,Mona,Mona_6_20260624_123930,1462269609000,continue,continue,0.264300525188446,0.255998283624649,0.257671594619751,0.2220295667648315,True,True,True,True
test|Mona_6_20260624_123930|1462602942000,Mona,Mona_6_20260624_123930,1462602942000,continue,continue,0.2576193809509277,0.2674079835414886,0.2576899528503418,0.2172826677560806,True,True,True,True
test|Mona_6_20260624_123930|1462936276000,Mona,Mona_6_20260624_123930,1462936276000,continue,continue,0.2589168846607208,0.270172655582428,0.2609859704971313,0.2099245190620422,True,True,True,True
test|Mona_6_20260624_123930|1463269609000,Mona,Mona_6_20260624_123930,1463269609000,continue,continue,0.2530762255191803,0.279117614030838,0.261510282754898,0.2062958925962448,True,True,True,True
test|Mona_6_20260624_123930|1463602942000,Mona,Mona_6_20260624_123930,1463602942000,continue,continue,0.2457247972488403,0.2935683131217956,0.2569059729576111,0.2038009315729141,True,True,True,True
test|Mona_6_20260624_123930|1463936276000,Mona,Mona_6_20260624_123930,1463936276000,continue,continue,0.2557502388954162,0.2977679669857025,0.2496892511844635,0.1967925280332565,True,True,True,True
test|Mona_6_20260624_123930|1464269609000,Mona,Mona_6_20260624_123930,1464269609000,continue,continue,0.2626819312572479,0.3059525787830353,0.242969661951065,0.1883958578109741,True,True,True,True
test|Mona_6_20260624_123930|1464602942000,Mona,Mona_6_20260624_123930,1464602942000,continue,continue,0.2654705345630646,0.3112101852893829,0.2368785142898559,0.1864408403635025,True,True,True,True
test|Mona_6_20260624_123930|1464936276000,Mona,Mona_6_20260624_123930,1464936276000,continue,continue,0.2728163003921509,0.3069429695606231,0.2335716187953949,0.1866691261529922,True,True,True,True
test|Mona_6_20260624_123930|1465269609000,Mona,Mona_6_20260624_123930,1465269609000,continue,continue,0.2829524874687195,0.2859738767147064,0.2415542900562286,0.189519390463829,True,True,True,True
test|Mona_6_20260624_123930|1465602942000,Mona,Mona_6_20260624_123930,1465602942000,continue,continue,0.2901742458343506,0.2663242518901825,0.2505890429019928,0.1929124295711517,True,True,True,True
test|Mona_6_20260624_123930|1465936276000,Mona,Mona_6_20260624_123930,1465936276000,continue,continue,0.2950595915317535,0.2500266432762146,0.2519522309303283,0.2029615193605423,True,True,True,True
test|Mona_6_20260624_123930|1466269609000,Mona,Mona_6_20260624_123930,1466269609000,continue,continue,0.303441971540451,0.2284473180770874,0.261732667684555,0.2063781172037124,True,True,True,True
test|Mona_6_20260624_123930|1466602942000,Mona,Mona_6_20260624_123930,1466602942000,continue,continue,0.3110893070697784,0.2091475874185562,0.2736736238002777,0.2060894072055816,True,True,True,True
test|Mona_6_20260624_123930|1466936276000,Mona,Mona_6_20260624_123930,1466936276000,continue,continue,0.3115950524806976,0.2039027065038681,0.2819443643093109,0.2025578767061233,True,True,True,True
test|Mona_6_20260624_123930|1467269609000,Mona,Mona_6_20260624_123930,1467269609000,continue,continue,0.3084885478019714,0.2051968425512313,0.2875770032405853,0.1987375915050506,True,True,True,True
test|Mona_6_20260624_123930|1467602942000,Mona,Mona_6_20260624_123930,1467602942000,continue,continue,0.3056803941726684,0.2041293233633041,0.2943127155303955,0.1958775520324707,True,True,True,True
test|Mona_6_20260624_123930|1467936276000,Mona,Mona_6_20260624_123930,1467936276000,continue,continue,0.302593320608139,0.2050159871578216,0.3034413158893585,0.1889493465423584,True,True,True,True
test|Mona_6_20260624_123930|1468269609000,Mona,Mona_6_20260624_123930,1468269609000,continue,continue,0.2968855202198028,0.2096346914768219,0.3062493801116943,0.1872303634881973,True,True,True,True
test|Mona_6_20260624_123930|1468602942000,Mona,Mona_6_20260624_123930,1468602942000,continue,continue,0.2930518090724945,0.2187372744083404,0.3048921823501587,0.1833187490701675,True,True,True,True
test|Mona_6_20260624_123930|1468936276000,Mona,Mona_6_20260624_123930,1468936276000,continue,continue,0.2895919680595398,0.2263665646314621,0.3044244945049286,0.1796169728040695,True,True,True,True
test|Mona_6_20260624_123930|1469269609000,Mona,Mona_6_20260624_123930,1469269609000,continue,continue,0.2859581112861633,0.2295773029327392,0.3065145611763,0.1779500395059585,True,True,True,True
test|Mona_6_20260624_123930|1469602942000,Mona,Mona_6_20260624_123930,1469602942000,continue,continue,0.2820338010787964,0.2308630049228668,0.3078978359699249,0.179205372929573,True,True,True,True
test|Mona_6_20260624_123930|1469936276000,Mona,Mona_6_20260624_123930,1469936276000,continue,continue,0.2807417511940002,0.2333911508321762,0.3062154352664947,0.1796516925096511,True,True,True,True
test|Mona_6_20260624_123930|1470269609000,Mona,Mona_6_20260624_123930,1470269609000,continue,continue,0.2809327244758606,0.2358096092939376,0.3013789355754852,0.1818787157535553,True,True,True,True
test|Mona_6_20260624_123930|1470602942000,Mona,Mona_6_20260624_123930,1470602942000,continue,continue,0.2804181277751922,0.237177237868309,0.296773612499237,0.1856310069561004,True,True,True,True
test|Mona_6_20260624_123930|1470936276000,Mona,Mona_6_20260624_123930,1470936276000,continue,continue,0.2800211012363434,0.2374485582113266,0.289099782705307,0.1934305131435394,True,True,True,True
test|Mona_6_20260624_123930|1471269609000,Mona,Mona_6_20260624_123930,1471269609000,continue,continue,0.2817627787590027,0.2369826883077621,0.2802408039569855,0.2010137438774109,True,True,True,True
test|Mona_6_20260624_123930|1471602942000,Mona,Mona_6_20260624_123930,1471602942000,continue,continue,0.2855599820613861,0.2412004321813583,0.2714926898479461,0.2017468959093094,True,True,True,True
test|Mona_6_20260624_123930|1471936276000,Mona,Mona_6_20260624_123930,1471936276000,continue,continue,0.2885716557502746,0.2446318864822387,0.2648980319499969,0.2018984407186508,True,True,True,True
test|Mona_6_20260624_123930|1472269609000,Mona,Mona_6_20260624_123930,1472269609000,continue,continue,0.2889111936092376,0.2477887719869613,0.2594797015190124,0.2038203924894333,True,True,True,True
test|Mona_6_20260624_123930|1472602942000,Mona,Mona_6_20260624_123930,1472602942000,continue,continue,0.2988201677799225,0.2387666702270507,0.2566376030445099,0.2057755589485168,True,True,True,True
test|Mona_6_20260624_123930|1472936276000,Mona,Mona_6_20260624_123930,1472936276000,continue,continue,0.2989030480384826,0.2383861392736435,0.2585316300392151,0.2041791230440139,True,True,True,True
test|Mona_6_20260624_123930|1473269609000,Mona,Mona_6_20260624_123930,1473269609000,continue,continue,0.2985881268978119,0.2378247678279876,0.2592755258083343,0.2043116092681884,True,True,True,True
test|Mona_6_20260624_123930|1473602942000,Mona,Mona_6_20260624_123930,1473602942000,continue,continue,0.2985239923000335,0.2367033660411834,0.2581914663314819,0.2065811157226562,True,True,True,True
test|Mona_6_20260624_123930|1473936276000,Mona,Mona_6_20260624_123930,1473936276000,continue,continue,0.2984054088592529,0.2373792827129364,0.2572341561317444,0.2069810777902603,True,True,True,True
test|Mona_6_20260624_123930|1474269609000,Mona,Mona_6_20260624_123930,1474269609000,continue,continue,0.3010493218898773,0.2392153590917587,0.2551177144050598,0.2046176046133041,True,True,True,True
test|Mona_6_20260624_123930|1474602942000,Mona,Mona_6_20260624_123930,1474602942000,continue,continue,0.3000388145446777,0.2524984180927276,0.248592734336853,0.1988700330257415,True,True,True,True
test|Mona_6_20260624_123930|1474936276000,Mona,Mona_6_20260624_123930,1474936276000,continue,continue,0.2974602282047272,0.2618457078933716,0.2408144921064376,0.1998795568943023,True,True,True,True
test|Mona_6_20260624_123930|1475269609000,Mona,Mona_6_20260624_123930,1475269609000,continue,continue,0.2851404845714569,0.2779101729393005,0.2362230271100998,0.2007263153791427,True,True,True,True
test|Mona_6_20260624_123930|1475602942000,Mona,Mona_6_20260624_123930,1475602942000,continue,continue,0.2701087892055511,0.2902784049510956,0.2316092252731323,0.2080035358667373,True,True,True,True
test|Mona_6_20260624_123930|1475936276000,Mona,Mona_6_20260624_123930,1475936276000,continue,continue,0.2642318308353424,0.2972745597362518,0.2267612516880035,0.2117323875427246,True,True,True,True
test|Mona_6_20260624_123930|1476269609000,Mona,Mona_6_20260624_123930,1476269609000,continue,continue,0.2534598708152771,0.3033316433429718,0.2235768586397171,0.219631627202034,True,True,True,True
test|Mona_6_20260624_123930|1476602942000,Mona,Mona_6_20260624_123930,1476602942000,continue,continue,0.2463465631008148,0.3066592812538147,0.2256230562925338,0.2213711589574813,True,True,True,True
test|Mona_6_20260624_123930|1476936276000,Mona,Mona_6_20260624_123930,1476936276000,continue,continue,0.2489498257637024,0.3049696087837219,0.2296713888645172,0.2164091914892196,True,True,True,True
test|Mona_6_20260624_123930|1477269609000,Mona,Mona_6_20260624_123930,1477269609000,continue,continue,0.2593681216239929,0.2979871332645416,0.2339551001787185,0.2086896002292633,True,True,True,True
test|Mona_6_20260624_123930|1477602942000,Mona,Mona_6_20260624_123930,1477602942000,continue,continue,0.2729800641536712,0.2921284437179565,0.2387687265872955,0.1961227655410766,True,True,True,True
test|Mona_6_20260624_123930|1477936276000,Mona,Mona_6_20260624_123930,1477936276000,continue,continue,0.2825082242488861,0.287776380777359,0.2416201084852218,0.1880953013896942,True,True,True,True
test|Mona_6_20260624_123930|1478269609000,Mona,Mona_6_20260624_123930,1478269609000,continue,continue,0.2885798215866089,0.2837871015071869,0.2466455996036529,0.1809874773025512,True,True,True,True
test|Mona_6_20260624_123930|1478602942000,Mona,Mona_6_20260624_123930,1478602942000,continue,continue,0.2946562469005584,0.2775328457355499,0.2473549544811248,0.1804559975862503,True,True,True,True
test|Mona_6_20260624_123930|1478936276000,Mona,Mona_6_20260624_123930,1478936276000,continue,continue,0.2952401340007782,0.2741938829421997,0.2470057904720306,0.1835602670907974,True,True,True,True
test|Mona_6_20260624_123930|1479269609000,Mona,Mona_6_20260624_123930,1479269609000,continue,continue,0.2923215925693512,0.2705138623714447,0.253507524728775,0.1836569756269455,True,True,True,True
test|Mona_6_20260624_123930|1479602942000,Mona,Mona_6_20260624_123930,1479602942000,continue,continue,0.2892197966575622,0.2585714757442474,0.2624412775039673,0.1897674649953842,True,True,True,True
test|Mona_6_20260624_123930|1479936276000,Mona,Mona_6_20260624_123930,1479936276000,continue,continue,0.2798516154289245,0.2492495477199554,0.2761917412281036,0.1947070956230163,True,True,True,True
test|Mona_6_20260624_123930|1480269609000,Mona,Mona_6_20260624_123930,1480269609000,continue,continue,0.2725290656089782,0.2365290224552154,0.2921779155731201,0.1987639814615249,True,True,True,True
test|Mona_6_20260624_123930|1480602942000,Mona,Mona_6_20260624_123930,1480602942000,continue,continue,0.2679844796657562,0.2218548953533172,0.3046994805335998,0.2054611295461654,True,True,True,True
test|Mona_6_20260624_123930|1480936276000,Mona,Mona_6_20260624_123930,1480936276000,continue,continue,0.2736470997333526,0.2107383906841278,0.3075244724750519,0.2080900371074676,True,True,True,True
test|Mona_6_20260624_123930|1481269609000,Mona,Mona_6_20260624_123930,1481269609000,continue,continue,0.279837965965271,0.2150480449199676,0.3007363677024841,0.2043776363134384,True,True,True,True
test|Mona_6_20260624_123930|1481602942000,Mona,Mona_6_20260624_123930,1481602942000,continue,continue,0.2874293029308319,0.2328126579523086,0.2818125188350677,0.1979455053806305,True,True,True,True
test|Mona_6_20260624_123930|1481936276000,Mona,Mona_6_20260624_123930,1481936276000,continue,continue,0.2953605949878692,0.2521010637283325,0.2584554851055145,0.1940828263759613,True,True,True,True
test|Mona_6_20260624_123930|1482269609000,Mona,Mona_6_20260624_123930,1482269609000,continue,continue,0.2974372208118438,0.2744928896427154,0.2358082830905914,0.1922616362571716,True,True,True,True
test|Mona_6_20260624_123930|1482602942000,Mona,Mona_6_20260624_123930,1482602942000,continue,continue,0.2947373688220978,0.3012408316135406,0.2178840339183807,0.186137706041336,True,True,True,True
test|Mona_6_20260624_123930|1482936276000,Mona,Mona_6_20260624_123930,1482936276000,continue,continue,0.289970189332962,0.3277882635593414,0.2065132558345794,0.1757282614707946,True,True,True,True
test|Mona_6_20260624_123930|1483269609000,Mona,Mona_6_20260624_123930,1483269609000,continue,continue,0.2955609560012817,0.3327317535877228,0.1947024464607238,0.1770048290491104,True,True,True,True
test|Mona_6_20260624_123930|1483602942000,Mona,Mona_6_20260624_123930,1483602942000,continue,continue,0.2917451858520508,0.3365933895111084,0.194250538945198,0.1774108856916427,True,True,True,True
test|Mona_6_20260624_123930|1483936276000,Mona,Mona_6_20260624_123930,1483936276000,continue,continue,0.2837170362472534,0.3401726186275482,0.1948668360710144,0.1812435835599899,True,True,True,True
test|Mona_6_20260624_123930|1484269609000,Mona,Mona_6_20260624_123930,1484269609000,continue,continue,0.2765478491783142,0.3399588763713836,0.1965170502662658,0.1869761794805526,True,True,True,True
test|Mona_6_20260624_123930|1484602942000,Mona,Mona_6_20260624_123930,1484602942000,continue,continue,0.27669358253479,0.3435733020305633,0.1874340921640396,0.1922990083694458,True,True,True,True
test|Mona_6_20260624_123930|1484936276000,Mona,Mona_6_20260624_123930,1484936276000,continue,continue,0.2802723050117492,0.3427122831344604,0.1775548458099365,0.1994606107473373,True,True,True,True
test|Mona_6_20260624_123930|1485269609000,Mona,Mona_6_20260624_123930,1485269609000,continue,continue,0.2773952782154083,0.3380628228187561,0.1767079532146453,0.2078339755535125,True,True,True,True
test|Mona_6_20260624_123930|1485602942000,Mona,Mona_6_20260624_123930,1485602942000,continue,continue,0.2674303352832794,0.3189069628715515,0.19046151638031,0.2232011407613754,True,True,True,True
test|Mona_6_20260624_123930|1485936276000,Mona,Mona_6_20260624_123930,1485936276000,continue,continue,0.2642983198165893,0.3014107346534729,0.2030543833971023,0.231236532330513,True,True,True,True
test|Mona_6_20260624_123930|1486269609000,Mona,Mona_6_20260624_123930,1486269609000,continue,continue,0.2668539881706238,0.2911899089813232,0.2117615640163421,0.2301945388317108,True,True,True,True
test|Mona_6_20260624_123930|1486602942000,Mona,Mona_6_20260624_123930,1486602942000,fetch,continue,0.2662096321582794,0.2831895351409912,0.2218851298093795,0.2287157028913498,True,True,True,True
test|Mona_6_20260624_123930|1486936276000,Mona,Mona_6_20260624_123930,1486936276000,fetch,continue,0.2645381391048431,0.2815019190311432,0.2254688143730163,0.2284911423921585,True,True,True,True
test|Mona_6_20260624_123930|1487269609000,Mona,Mona_6_20260624_123930,1487269609000,fetch,continue,0.2664465606212616,0.2892505824565887,0.2268175035715103,0.2174853533506393,True,True,True,True
test|Mona_6_20260624_123930|1487602942000,Mona,Mona_6_20260624_123930,1487602942000,fetch,continue,0.2737987637519836,0.2985550761222839,0.2200591713190078,0.2075869739055633,True,True,True,True
test|Mona_6_20260624_123930|1487936276000,Mona,Mona_6_20260624_123930,1487936276000,fetch,continue,0.2761615514755249,0.3140991926193237,0.2131689488887787,0.1965702921152115,True,True,True,True
test|Mona_6_20260624_123930|1488269609000,Mona,Mona_6_20260624_123930,1488269609000,fetch,continue,0.2618092596530914,0.3501867055892944,0.2024015635251999,0.1856025010347366,True,True,True,True
test|Mona_6_20260624_123930|1488602942000,Mona,Mona_6_20260624_123930,1488602942000,fetch,continue,0.2516546249389648,0.3777283728122711,0.1954245567321777,0.1751924157142639,True,True,True,True
test|Mona_6_20260624_123930|1488936276000,Mona,Mona_6_20260624_123930,1488936276000,fetch,fetch,0.2537185549736023,0.3681176602840423,0.2012025862932205,0.1769612282514572,True,True,True,True
test|Mona_6_20260624_123930|1489269609000,Mona,Mona_6_20260624_123930,1489269609000,fetch,continue,0.2513873875141144,0.3681032955646515,0.1999483853578567,0.1805609464645385,True,True,True,True
test|Mona_6_20260624_123930|1489602942000,Mona,Mona_6_20260624_123930,1489602942000,fetch,continue,0.2491792887449264,0.3760985732078552,0.1968781501054763,0.1778439730405807,True,True,True,True
test|Mona_6_20260624_123930|1489936276000,Mona,Mona_6_20260624_123930,1489936276000,fetch,fetch,0.2478587478399276,0.3813299238681793,0.1946614384651184,0.1761498749256134,True,True,True,True
test|Mona_6_20260624_123930|1490269609000,Mona,Mona_6_20260624_123930,1490269609000,fetch,fetch,0.2487140297889709,0.3809418678283691,0.1949236989021301,0.1754204481840133,True,True,True,True
test|Mona_6_20260624_123930|1490602942000,Mona,Mona_6_20260624_123930,1490602942000,fetch,fetch,0.2455745339393615,0.390623927116394,0.191769540309906,0.1720319241285324,True,True,True,True
test|Mona_6_20260624_123930|1490936276000,Mona,Mona_6_20260624_123930,1490936276000,fetch,fetch,0.2397751361131668,0.4043655097484588,0.1883267015218734,0.167532667517662,True,True,True,True
test|Mona_6_20260624_123930|1491269609000,Mona,Mona_6_20260624_123930,1491269609000,fetch,fetch,0.2353706359863281,0.4097405672073364,0.1881187558174133,0.1667700707912445,True,True,True,True
test|Mona_6_20260624_123930|1493602942000,Mona,Mona_6_20260624_123930,1493602942000,handover,fetch,0.2581118941307068,0.3260630369186401,0.2243756204843521,0.1914494633674621,True,True,True,True
test|Mona_6_20260624_123930|1493936276000,Mona,Mona_6_20260624_123930,1493936276000,handover,fetch,0.2565043568611145,0.3355170488357544,0.2236396968364715,0.1843389421701431,True,True,True,True
test|Mona_6_20260624_123930|1494269609000,Mona,Mona_6_20260624_123930,1494269609000,handover,fetch,0.2592767477035522,0.3306325078010559,0.2305816411972046,0.1795091032981872,True,True,True,True
test|Mona_6_20260624_123930|1494602942000,Mona,Mona_6_20260624_123930,1494602942000,handover,fetch,0.2627775967121124,0.3276367485523224,0.2320278584957122,0.1775578409433365,True,True,True,True
test|Mona_6_20260624_123930|1494936276000,Mona,Mona_6_20260624_123930,1494936276000,handover,continue,0.2639250159263611,0.3296175599098205,0.2270380705595016,0.1794193834066391,True,True,True,True
test|Mona_6_20260624_123930|1495269609000,Mona,Mona_6_20260624_123930,1495269609000,handover,continue,0.2654480040073395,0.3322938084602356,0.2216131538152694,0.1806449890136718,True,True,True,True
test|Mona_6_20260624_123930|1495602942000,Mona,Mona_6_20260624_123930,1495602942000,handover,continue,0.2627094686031341,0.3409840762615204,0.2168204486370086,0.1794859617948532,True,True,True,True
test|Mona_6_20260624_123930|1495936276000,Mona,Mona_6_20260624_123930,1495936276000,handover,continue,0.2562558054924011,0.3577387928962707,0.2085281908512115,0.1774771958589553,True,True,True,True
test|Mona_6_20260624_123930|1496269609000,Mona,Mona_6_20260624_123930,1496269609000,handover,continue,0.2541055977344513,0.3657779395580292,0.1987389177083969,0.1813775151968002,True,True,True,True
test|Mona_6_20260624_123930|1496602942000,Mona,Mona_6_20260624_123930,1496602942000,handover,continue,0.2522556781768799,0.3698594272136688,0.1961064785718917,0.1817784309387207,True,True,True,True
test|Mona_6_20260624_123930|1496936276000,Mona,Mona_6_20260624_123930,1496936276000,handover,handover,0.2473329007625579,0.3799161314964294,0.1975483894348144,0.1752025932073593,True,True,True,True
test|Mona_7_20260624_124051|1534836276000,Mona,Mona_7_20260624_124051,1534836276000,continue,handover,0.3950848877429962,0.382487416267395,0.0,0.2224277257919311,True,True,False,True
test|Mona_7_20260624_124051|1535169609000,Mona,Mona_7_20260624_124051,1535169609000,continue,continue,0.4040383100509643,0.3790425658226013,0.0,0.2169191390275955,True,True,False,True
test|Mona_7_20260624_124051|1535502943000,Mona,Mona_7_20260624_124051,1535502943000,continue,continue,0.411059021949768,0.3763421773910522,0.0,0.2125988453626632,True,True,False,True
test|Mona_7_20260624_124051|1535836276000,Mona,Mona_7_20260624_124051,1535836276000,continue,continue,0.4165733456611633,0.3669812679290771,0.0,0.2164454162120819,True,True,False,True
test|Mona_7_20260624_124051|1536169609000,Mona,Mona_7_20260624_124051,1536169609000,continue,continue,0.428641527891159,0.3422883450984955,0.0,0.2290700823068618,True,True,False,True
test|Mona_7_20260624_124051|1536502943000,Mona,Mona_7_20260624_124051,1536502943000,continue,continue,0.4331269562244415,0.3256149590015411,0.0,0.2412581145763397,True,True,False,True
test|Mona_7_20260624_124051|1536836276000,Mona,Mona_7_20260624_124051,1536836276000,continue,continue,0.4294229745864868,0.3198613226413727,0.0,0.2507157027721405,True,True,False,True
test|Mona_7_20260624_124051|1537169609000,Mona,Mona_7_20260624_124051,1537169609000,continue,continue,0.4232268333435058,0.3138753771781921,0.0,0.2628977596759796,True,True,False,True
test|Mona_7_20260624_124051|1537502943000,Mona,Mona_7_20260624_124051,1537502943000,continue,continue,0.4156842827796936,0.3150957524776459,0.0,0.2692199349403381,True,True,False,True
test|Mona_7_20260624_124051|1537836276000,Mona,Mona_7_20260624_124051,1537836276000,continue,continue,0.401247501373291,0.3239652216434479,0.0,0.2747872769832611,True,True,False,True
test|Mona_7_20260624_124051|1538169609000,Mona,Mona_7_20260624_124051,1538169609000,continue,continue,0.3936600089073181,0.340075671672821,0.0,0.2662642896175384,True,True,False,True
test|Mona_7_20260624_124051|1538502943000,Mona,Mona_7_20260624_124051,1538502943000,continue,continue,0.3950309157371521,0.3406645655632019,0.0,0.264304518699646,True,True,False,True
test|Mona_7_20260624_124051|1538836276000,Mona,Mona_7_20260624_124051,1538836276000,continue,continue,0.391846090555191,0.3463020920753479,0.0,0.2618518769741058,True,True,False,True
test|Mona_7_20260624_124051|1539169609000,Mona,Mona_7_20260624_124051,1539169609000,continue,continue,0.3815901577472687,0.3579131066799164,0.0,0.2604967355728149,True,True,False,True
test|Mona_7_20260624_124051|1539502943000,Mona,Mona_7_20260624_124051,1539502943000,continue,continue,0.3751575946807861,0.3699290454387665,0.0,0.2549133896827698,True,True,False,True
test|Mona_7_20260624_124051|1539836276000,Mona,Mona_7_20260624_124051,1539836276000,continue,continue,0.3770915865898132,0.3810828626155853,0.0,0.2418254762887954,True,True,False,True
test|Mona_7_20260624_124051|1540169609000,Mona,Mona_7_20260624_124051,1540169609000,continue,continue,0.3774177432060241,0.3843044936656952,0.0,0.2382777035236358,True,True,False,True
test|Mona_7_20260624_124051|1540502943000,Mona,Mona_7_20260624_124051,1540502943000,continue,continue,0.3871913850307464,0.378402441740036,0.0,0.2344061583280563,True,True,False,True
test|Mona_7_20260624_124051|1540836276000,Mona,Mona_7_20260624_124051,1540836276000,continue,continue,0.398161381483078,0.3702872991561889,0.0,0.2315512895584106,True,True,False,True
test|Mona_7_20260624_124051|1541169609000,Mona,Mona_7_20260624_124051,1541169609000,continue,continue,0.4097122848033905,0.3666545152664184,0.0,0.2236332595348358,True,True,False,True
test|Mona_7_20260624_124051|1541502943000,Mona,Mona_7_20260624_124051,1541502943000,continue,continue,0.4118860065937042,0.3623354434967041,0.0,0.225778579711914,True,True,False,True
test|Mona_7_20260624_124051|1541836276000,Mona,Mona_7_20260624_124051,1541836276000,continue,continue,0.4114003479480743,0.354859858751297,0.0,0.233739748597145,True,True,False,True
test|Mona_7_20260624_124051|1542169609000,Mona,Mona_7_20260624_124051,1542169609000,continue,continue,0.4099763929843902,0.3507513999938965,0.0,0.2392721772193908,True,True,False,True
test|Mona_7_20260624_124051|1542502943000,Mona,Mona_7_20260624_124051,1542502943000,continue,continue,0.3981333076953888,0.3586480915546417,0.0,0.2432186007499694,True,True,False,True
test|Mona_7_20260624_124051|1542836276000,Mona,Mona_7_20260624_124051,1542836276000,continue,continue,0.3824086785316467,0.3699627220630646,0.0,0.2476285994052887,True,True,False,True
test|Mona_7_20260624_124051|1543169609000,Mona,Mona_7_20260624_124051,1543169609000,continue,continue,0.3666274845600128,0.3864533305168152,0.0,0.2469190955162048,True,True,False,True
test|Mona_7_20260624_124051|1543502943000,Mona,Mona_7_20260624_124051,1543502943000,continue,continue,0.3489457070827484,0.4020806849002838,0.0,0.248973548412323,True,True,False,True
test|Mona_7_20260624_124051|1543836276000,Mona,Mona_7_20260624_124051,1543836276000,continue,continue,0.3294244408607483,0.4138252139091491,0.0,0.2567503452301025,True,True,False,True
test|Mona_7_20260624_124051|1544169609000,Mona,Mona_7_20260624_124051,1544169609000,continue,continue,0.3143462538719177,0.4261161088943481,0.0,0.2595376074314117,True,True,False,True
test|Mona_7_20260624_124051|1544502943000,Mona,Mona_7_20260624_124051,1544502943000,continue,continue,0.313356876373291,0.4316108822822571,0.0,0.255032330751419,True,True,False,True
test|Mona_7_20260624_124051|1544836276000,Mona,Mona_7_20260624_124051,1544836276000,continue,continue,0.3236280977725982,0.4266547858715057,0.0,0.249717116355896,True,True,False,True
test|Mona_7_20260624_124051|1545169609000,Mona,Mona_7_20260624_124051,1545169609000,continue,continue,0.3411502838134765,0.4018200635910034,0.0,0.2570295929908752,True,True,False,True
test|Mona_7_20260624_124051|1545502943000,Mona,Mona_7_20260624_124051,1545502943000,continue,continue,0.3604403734207153,0.3681418299674988,0.0,0.2714177966117859,True,True,False,True
test|Mona_7_20260624_124051|1545836276000,Mona,Mona_7_20260624_124051,1545836276000,continue,continue,0.3834153115749359,0.3372887074947357,0.0,0.2792959809303283,True,True,False,True
test|Mona_7_20260624_124051|1546169609000,Mona,Mona_7_20260624_124051,1546169609000,continue,continue,0.3965344727039337,0.3185052871704101,0.0,0.2849602997303009,True,True,False,True
test|Mona_7_20260624_124051|1546502943000,Mona,Mona_7_20260624_124051,1546502943000,continue,continue,0.3928528726100921,0.3164408206939697,0.0,0.2907062172889709,True,True,False,True
test|Mona_7_20260624_124051|1546836276000,Mona,Mona_7_20260624_124051,1546836276000,continue,continue,0.3853957056999206,0.3176767528057098,0.0,0.2969275712966919,True,True,False,True
test|Mona_7_20260624_124051|1547169609000,Mona,Mona_7_20260624_124051,1547169609000,continue,continue,0.3794106245040893,0.3321140706539154,0.0,0.2884753346443176,True,True,False,True
test|Mona_7_20260624_124051|1547502943000,Mona,Mona_7_20260624_124051,1547502943000,continue,continue,0.3786726891994476,0.3534026145935058,0.0,0.2679246962070465,True,True,False,True
test|Mona_7_20260624_124051|1547836276000,Mona,Mona_7_20260624_124051,1547836276000,continue,continue,0.366076797246933,0.387891948223114,0.0,0.2460312694311142,True,True,False,True
test|Mona_7_20260624_124051|1548169609000,Mona,Mona_7_20260624_124051,1548169609000,continue,continue,0.3540260195732116,0.4123733639717102,0.0,0.2336006909608841,True,True,False,True
test|Mona_7_20260624_124051|1548502943000,Mona,Mona_7_20260624_124051,1548502943000,continue,continue,0.3449657559394836,0.4211432039737701,0.0,0.2338910847902298,True,True,False,True
test|Mona_7_20260624_124051|1548836276000,Mona,Mona_7_20260624_124051,1548836276000,continue,continue,0.3409605920314789,0.4289085566997528,0.0,0.2301308214664459,True,True,False,True
test|Mona_7_20260624_124051|1549169609000,Mona,Mona_7_20260624_124051,1549169609000,continue,continue,0.3341918289661407,0.4384045600891113,0.0,0.2274036556482315,True,True,False,True
test|Mona_7_20260624_124051|1549502943000,Mona,Mona_7_20260624_124051,1549502943000,continue,continue,0.3305531442165375,0.4464914798736572,0.0,0.2229553908109665,True,True,False,True
test|Mona_7_20260624_124051|1549836276000,Mona,Mona_7_20260624_124051,1549836276000,continue,continue,0.3299659490585327,0.4479719996452331,0.0,0.2220621109008789,True,True,False,True
test|Mona_7_20260624_124051|1550169609000,Mona,Mona_7_20260624_124051,1550169609000,continue,continue,0.3153679668903351,0.4611575007438659,0.0,0.2234745025634765,True,True,False,True
test|Mona_7_20260624_124051|1550502943000,Mona,Mona_7_20260624_124051,1550502943000,continue,continue,0.315664142370224,0.4568254053592682,0.0,0.2275104969739914,True,True,False,True
test|Mona_7_20260624_124051|1550836276000,Mona,Mona_7_20260624_124051,1550836276000,continue,continue,0.3265685439109802,0.4423060715198517,0.0,0.2311253696680069,True,True,False,True
test|Mona_7_20260624_124051|1551169609000,Mona,Mona_7_20260624_124051,1551169609000,continue,continue,0.3293456435203552,0.4331062436103821,0.0,0.2375480979681015,True,True,False,True
test|Mona_7_20260624_124051|1551502943000,Mona,Mona_7_20260624_124051,1551502943000,continue,continue,0.329692006111145,0.42186039686203,0.0,0.2484475821256637,True,True,False,True
test|Mona_7_20260624_124051|1551836276000,Mona,Mona_7_20260624_124051,1551836276000,continue,continue,0.339043915271759,0.4062122404575348,0.0,0.2547438442707062,True,True,False,True
test|Mona_7_20260624_124051|1552169609000,Mona,Mona_7_20260624_124051,1552169609000,continue,continue,0.35611292719841,0.3876914978027344,0.0,0.2561955749988556,True,True,False,True
test|Mona_7_20260624_124051|1552502943000,Mona,Mona_7_20260624_124051,1552502943000,continue,continue,0.3702603280544281,0.373422771692276,0.0,0.2563169300556183,True,True,False,True
test|Mona_7_20260624_124051|1552836276000,Mona,Mona_7_20260624_124051,1552836276000,continue,continue,0.3735193014144897,0.3595319092273712,0.0,0.2669487595558166,True,True,False,True
test|Mona_7_20260624_124051|1553169609000,Mona,Mona_7_20260624_124051,1553169609000,continue,continue,0.3727534413337707,0.3503376245498657,0.0,0.2769089639186859,True,True,False,True
test|Mona_7_20260624_124051|1553502943000,Mona,Mona_7_20260624_124051,1553502943000,continue,continue,0.3731817007064819,0.3462228775024414,0.0,0.2805954217910766,True,True,False,True
test|Mona_7_20260624_124051|1553836276000,Mona,Mona_7_20260624_124051,1553836276000,continue,continue,0.374540239572525,0.3487351834774017,0.0,0.2767245769500732,True,True,False,True
test|Mona_7_20260624_124051|1554169609000,Mona,Mona_7_20260624_124051,1554169609000,continue,continue,0.377675712108612,0.3467331528663635,0.0,0.2755912244319916,True,True,False,True
test|Mona_7_20260624_124051|1554502943000,Mona,Mona_7_20260624_124051,1554502943000,continue,continue,0.3650983870029449,0.3606996536254883,0.0,0.2742019593715668,True,True,False,True
test|Mona_7_20260624_124051|1554836276000,Mona,Mona_7_20260624_124051,1554836276000,continue,continue,0.3614031374454498,0.3841782212257385,0.0,0.2544187009334564,True,True,False,True
test|Mona_7_20260624_124051|1555169609000,Mona,Mona_7_20260624_124051,1555169609000,continue,continue,0.368010401725769,0.3843629062175751,0.0,0.247626706957817,True,True,False,True
test|Mona_7_20260624_124051|1555502943000,Mona,Mona_7_20260624_124051,1555502943000,continue,continue,0.3738965392112732,0.3816867470741272,0.0,0.2444167137145996,True,True,False,True
test|Mona_7_20260624_124051|1555836276000,Mona,Mona_7_20260624_124051,1555836276000,continue,continue,0.3717108964920044,0.3751561045646667,0.0,0.2531330585479736,True,True,False,True
test|Mona_7_20260624_124051|1556169609000,Mona,Mona_7_20260624_124051,1556169609000,continue,continue,0.3678723275661468,0.3772211968898773,0.0,0.2549064457416534,True,True,False,True
test|Mona_7_20260624_124051|1556502943000,Mona,Mona_7_20260624_124051,1556502943000,continue,continue,0.3704386353492737,0.3737665116786957,0.0,0.2557947933673858,True,True,False,True
test|Mona_7_20260624_124051|1556836276000,Mona,Mona_7_20260624_124051,1556836276000,continue,continue,0.3637396395206451,0.3755244612693786,0.0,0.2607358992099762,True,True,False,True
test|Mona_7_20260624_124051|1557169609000,Mona,Mona_7_20260624_124051,1557169609000,continue,continue,0.3722379207611084,0.372044175863266,0.0,0.2557178735733032,True,True,False,True
test|Mona_7_20260624_124051|1557502943000,Mona,Mona_7_20260624_124051,1557502943000,continue,continue,0.3781719207763672,0.3592070937156677,0.0,0.2626209557056427,True,True,False,True
test|Mona_7_20260624_124051|1557836276000,Mona,Mona_7_20260624_124051,1557836276000,continue,continue,0.3875124454498291,0.3367739021778106,0.0,0.2757136523723602,True,True,False,True
test|Mona_7_20260624_124051|1558169609000,Mona,Mona_7_20260624_124051,1558169609000,continue,continue,0.3989994823932647,0.3157778084278106,0.0,0.2852227091789245,True,True,False,True
test|Mona_7_20260624_124051|1558502943000,Mona,Mona_7_20260624_124051,1558502943000,continue,continue,0.4086326062679291,0.3068714737892151,0.0,0.2844959199428558,True,True,False,True
test|Mona_7_20260624_124051|1558836276000,Mona,Mona_7_20260624_124051,1558836276000,continue,continue,0.416121244430542,0.2984747290611267,0.0,0.2854039967060089,True,True,False,True
test|Mona_7_20260624_124051|1559169609000,Mona,Mona_7_20260624_124051,1559169609000,continue,continue,0.4143180847167969,0.298647403717041,0.0,0.2870345413684845,True,True,False,True
test|Mona_7_20260624_124051|1559502943000,Mona,Mona_7_20260624_124051,1559502943000,continue,continue,0.4132755398750305,0.3029686510562897,0.0,0.2837558388710022,True,True,False,True
test|Mona_7_20260624_124051|1559836276000,Mona,Mona_7_20260624_124051,1559836276000,continue,continue,0.4136791527271271,0.3128150105476379,0.0,0.2735058069229126,True,True,False,True
test|Mona_7_20260624_124051|1560169609000,Mona,Mona_7_20260624_124051,1560169609000,continue,continue,0.4113689959049225,0.3191693127155304,0.0,0.2694616913795471,True,True,False,True
test|Mona_7_20260624_124051|1560502943000,Mona,Mona_7_20260624_124051,1560502943000,continue,continue,0.4094172716140747,0.3111516237258911,0.0,0.2794311642646789,True,True,False,True
test|Mona_7_20260624_124051|1560836276000,Mona,Mona_7_20260624_124051,1560836276000,continue,continue,0.4000331461429596,0.3062047958374023,0.0,0.2937620282173157,True,True,False,True
test|Mona_7_20260624_124051|1561169609000,Mona,Mona_7_20260624_124051,1561169609000,continue,continue,0.3981850445270538,0.3077019453048706,0.0,0.2941130399703979,True,True,False,True
test|Mona_7_20260624_124051|1561502943000,Mona,Mona_7_20260624_124051,1561502943000,continue,continue,0.4026991426944732,0.3089197278022766,0.0,0.2883810997009277,True,True,False,True
test|Mona_7_20260624_124051|1561836276000,Mona,Mona_7_20260624_124051,1561836276000,continue,continue,0.4035913348197937,0.3150568604469299,0.0,0.281351774930954,True,True,False,True
test|Mona_7_20260624_124051|1562169609000,Mona,Mona_7_20260624_124051,1562169609000,continue,continue,0.4055370688438415,0.3185681998729706,0.0,0.2758947610855102,True,True,False,True
test|Mona_7_20260624_124051|1562502943000,Mona,Mona_7_20260624_124051,1562502943000,continue,continue,0.4012067019939422,0.3281356692314148,0.0,0.2706575989723205,True,True,False,True
test|Mona_7_20260624_124051|1562836276000,Mona,Mona_7_20260624_124051,1562836276000,continue,continue,0.4053853452205658,0.338657796382904,0.0,0.2559568881988525,True,True,False,True
test|Mona_7_20260624_124051|1563169609000,Mona,Mona_7_20260624_124051,1563169609000,continue,continue,0.401990532875061,0.3442218601703644,0.0,0.253787636756897,True,True,False,True
test|Mona_7_20260624_124051|1563502943000,Mona,Mona_7_20260624_124051,1563502943000,continue,continue,0.3957468867301941,0.3416149616241455,0.0,0.2626381516456604,True,True,False,True
test|Mona_7_20260624_124051|1563836276000,Mona,Mona_7_20260624_124051,1563836276000,continue,continue,0.3940753042697906,0.3390332162380218,0.0,0.2668914496898651,True,True,False,True
test|Mona_7_20260624_124051|1564169609000,Mona,Mona_7_20260624_124051,1564169609000,continue,continue,0.3911313414573669,0.3457006216049194,0.0,0.263168066740036,True,True,False,True
test|Mona_7_20260624_124051|1564502943000,Mona,Mona_7_20260624_124051,1564502943000,continue,continue,0.3063320219516754,0.2738590538501739,0.2203785628080368,0.199430376291275,True,True,True,True
test|Mona_7_20260624_124051|1564836276000,Mona,Mona_7_20260624_124051,1564836276000,continue,continue,0.3045755326747894,0.2734176814556122,0.2229571193456649,0.199049636721611,True,True,True,True
test|Mona_7_20260624_124051|1565169609000,Mona,Mona_7_20260624_124051,1565169609000,continue,continue,0.2999249398708343,0.2855262160301208,0.2082286924123764,0.2063201665878296,True,True,True,True
test|Mona_7_20260624_124051|1565502943000,Mona,Mona_7_20260624_124051,1565502943000,continue,continue,0.2926650941371918,0.2928856313228607,0.2048993855714798,0.2095498293638229,True,True,True,True
test|Mona_7_20260624_124051|1565836276000,Mona,Mona_7_20260624_124051,1565836276000,continue,continue,0.2935637533664703,0.2907207310199737,0.2057195156812667,0.2099960297346115,True,True,True,True
test|Mona_7_20260624_124051|1566169609000,Mona,Mona_7_20260624_124051,1566169609000,fetch,continue,0.29366534948349,0.2909192144870758,0.2055500447750091,0.209865391254425,True,True,True,True
test|Mona_7_20260624_124051|1566502943000,Mona,Mona_7_20260624_124051,1566502943000,fetch,continue,0.2929655611515045,0.3020917773246765,0.1981479078531265,0.2067946791648864,True,True,True,True
test|Mona_7_20260624_124051|1566836276000,Mona,Mona_7_20260624_124051,1566836276000,fetch,continue,0.2900765836238861,0.3224640488624573,0.1777037382125854,0.2097556143999099,True,True,True,True
test|Mona_7_20260624_124051|1567169609000,Mona,Mona_7_20260624_124051,1567169609000,fetch,continue,0.290705531835556,0.3140784800052643,0.1911611407995224,0.2040548622608184,True,True,True,True
test|Mona_7_20260624_124051|1567502943000,Mona,Mona_7_20260624_124051,1567502943000,fetch,continue,0.2971951365470886,0.325926125049591,0.1807641088962555,0.1961146295070648,True,True,True,True
test|Mona_7_20260624_124051|1567836276000,Mona,Mona_7_20260624_124051,1567836276000,fetch,continue,0.2941466569900512,0.3164497911930084,0.194803699851036,0.1945998519659042,True,True,True,True
test|Mona_7_20260624_124051|1568169609000,Mona,Mona_7_20260624_124051,1568169609000,fetch,fetch,0.2920633554458618,0.3151480257511139,0.1990766674280166,0.19371198117733,True,True,True,True
test|Mona_7_20260624_124051|1568502943000,Mona,Mona_7_20260624_124051,1568502943000,fetch,fetch,0.2917244136333465,0.3197870552539825,0.1964890509843826,0.191999465227127,True,True,True,True
test|Mona_7_20260624_124051|1568836276000,Mona,Mona_7_20260624_124051,1568836276000,fetch,fetch,0.2961422204971313,0.3274556398391723,0.1911719292402267,0.1852301657199859,True,True,True,True
test|Mona_7_20260624_124051|1569169609000,Mona,Mona_7_20260624_124051,1569169609000,fetch,fetch,0.2967514991760254,0.3298652172088623,0.191180944442749,0.1822023540735244,True,True,True,True
test|Mona_7_20260624_124051|1569502943000,Mona,Mona_7_20260624_124051,1569502943000,fetch,fetch,0.2972795963287353,0.3223815858364105,0.1955446302890777,0.1847941726446151,True,True,True,True
test|Mona_7_20260624_124051|1569836276000,Mona,Mona_7_20260624_124051,1569836276000,fetch,fetch,0.2981320321559906,0.3199127912521362,0.1955022364854812,0.1864529401063919,True,True,True,True
test|Mona_7_20260624_124051|1570169609000,Mona,Mona_7_20260624_124051,1570169609000,fetch,fetch,0.2984450757503509,0.3195813000202179,0.1946256309747696,0.1873479783535003,True,True,True,True
test|Mona_7_20260624_124051|1570502943000,Mona,Mona_7_20260624_124051,1570502943000,fetch,fetch,0.2975954413414001,0.3197695612907409,0.1942203044891357,0.1884146928787231,True,True,True,True
test|Mona_7_20260624_124051|1570836276000,Mona,Mona_7_20260624_124051,1570836276000,fetch,fetch,0.2940727174282074,0.3205881714820862,0.1957299411296844,0.1896091997623443,True,True,True,True
test|Mona_7_20260624_124051|1571169609000,Mona,Mona_7_20260624_124051,1571169609000,fetch,fetch,0.2908739447593689,0.3231136500835418,0.1945170313119888,0.1914953589439392,True,True,True,True
test|Mona_7_20260624_124051|1571502943000,Mona,Mona_7_20260624_124051,1571502943000,fetch,fetch,0.2869285345077514,0.3273452818393707,0.1914908289909362,0.1942353397607803,True,True,True,True
test|Mona_7_20260624_124051|1571836276000,Mona,Mona_7_20260624_124051,1571836276000,fetch,fetch,0.2875923812389374,0.3157488703727722,0.1938287168741226,0.2028299868106842,True,True,True,True
test|Mona_7_20260624_124051|1573836276000,Mona,Mona_7_20260624_124051,1573836276000,handover,handover,0.290750503540039,0.3144471347332001,0.1929944157600402,0.2018079310655594,True,True,True,True
test|Mona_7_20260624_124051|1574169609000,Mona,Mona_7_20260624_124051,1574169609000,handover,handover,0.2815814912319183,0.338619589805603,0.1824411004781723,0.1973578035831451,True,True,True,True
test|Mona_7_20260624_124051|1574502943000,Mona,Mona_7_20260624_124051,1574502943000,handover,handover,0.269259512424469,0.3685547411441803,0.172424241900444,0.1897615045309066,True,True,True,True
test|Mona_7_20260624_124051|1574836276000,Mona,Mona_7_20260624_124051,1574836276000,handover,handover,0.2565509676933288,0.4024917781352997,0.1584776043891906,0.1824796497821808,True,True,True,True
test|Mona_7_20260624_124051|1575169609000,Mona,Mona_7_20260624_124051,1575169609000,handover,handover,0.2540706992149353,0.4069146811962127,0.1554743498563766,0.1835403144359588,True,True,True,True
test|Mona_7_20260624_124051|1575502943000,Mona,Mona_7_20260624_124051,1575502943000,handover,handover,0.2522418200969696,0.4138725996017456,0.1489591002464294,0.1849264949560165,True,True,True,True
test|Mona_7_20260624_124051|1575836276000,Mona,Mona_7_20260624_124051,1575836276000,handover,handover,0.2501839101314544,0.4144287109375,0.1483649015426635,0.1870225071907043,True,True,True,True
test|Mona_7_20260624_124051|1576169609000,Mona,Mona_7_20260624_124051,1576169609000,handover,handover,0.2493136078119278,0.4161408841609955,0.1485178470611572,0.1860275715589523,True,True,True,True
test|Mona_7_20260624_124051|1576502943000,Mona,Mona_7_20260624_124051,1576502943000,handover,handover,0.2485042065382003,0.4171128869056701,0.1477764993906021,0.1866064220666885,True,True,True,True
test|Mona_7_20260624_124051|1576836276000,Mona,Mona_7_20260624_124051,1576836276000,handover,handover,0.2478251159191131,0.4181912243366241,0.1474375277757644,0.1865460574626922,True,True,True,True
test|Mona_7_20260624_124051|1577169609000,Mona,Mona_7_20260624_124051,1577169609000,handover,handover,0.2473301291465759,0.4174593687057495,0.147751122713089,0.1874593943357467,True,True,True,True
test|Mona_8_20260624_124414|1738302942000,Mona,Mona_8_20260624_124414,1738302942000,continue,continue,0.2538782656192779,0.3120807409286499,0.2060406357049942,0.2280004024505615,True,True,True,True
test|Mona_8_20260624_124414|1738636275000,Mona,Mona_8_20260624_124414,1738636275000,continue,continue,0.2579800188541412,0.3105685710906982,0.2144355475902557,0.2170158624649047,True,True,True,True
test|Mona_8_20260624_124414|1738969609000,Mona,Mona_8_20260624_124414,1738969609000,continue,continue,0.2595539391040802,0.3065682649612427,0.2217204719781875,0.2121573537588119,True,True,True,True
test|Mona_8_20260624_124414|1739302942000,Mona,Mona_8_20260624_124414,1739302942000,continue,continue,0.2627629041671753,0.3001412153244018,0.2258867621421814,0.211209163069725,True,True,True,True
test|Mona_8_20260624_124414|1739636275000,Mona,Mona_8_20260624_124414,1739636275000,continue,continue,0.2681605815887451,0.2879729270935058,0.2396628856658935,0.2042035907506942,True,True,True,True
test|Mona_8_20260624_124414|1739969609000,Mona,Mona_8_20260624_124414,1739969609000,continue,continue,0.2802472710609436,0.2686842978000641,0.2488414645195007,0.2022270262241363,True,True,True,True
test|Mona_8_20260624_124414|1740302942000,Mona,Mona_8_20260624_124414,1740302942000,continue,continue,0.2933205664157867,0.2448122948408126,0.2532127201557159,0.2086543887853622,True,True,True,True
test|Mona_8_20260624_124414|1740636275000,Mona,Mona_8_20260624_124414,1740636275000,continue,continue,0.3069930076599121,0.2245676964521408,0.2515313625335693,0.2169079035520553,True,True,True,True
test|Mona_8_20260624_124414|1740969609000,Mona,Mona_8_20260624_124414,1740969609000,continue,continue,0.3158032298088074,0.2119906544685363,0.2463478595018386,0.2258582711219787,True,True,True,True
test|Mona_8_20260624_124414|1741302942000,Mona,Mona_8_20260624_124414,1741302942000,continue,continue,0.3210330009460449,0.2016397714614868,0.2460837215185165,0.2312434911727905,True,True,True,True
test|Mona_8_20260624_124414|1741636275000,Mona,Mona_8_20260624_124414,1741636275000,continue,continue,0.3292460143566131,0.188001349568367,0.2466003000736236,0.2361523658037185,True,True,True,True
test|Mona_8_20260624_124414|1741969609000,Mona,Mona_8_20260624_124414,1741969609000,continue,continue,0.3225696980953216,0.1915027797222137,0.2511753737926483,0.2347521632909774,True,True,True,True
test|Mona_8_20260624_124414|1742302942000,Mona,Mona_8_20260624_124414,1742302942000,continue,continue,0.3102070391178131,0.2006071954965591,0.2525146603584289,0.2366711199283599,True,True,True,True
test|Mona_8_20260624_124414|1742636275000,Mona,Mona_8_20260624_124414,1742636275000,continue,continue,0.3041937351226806,0.2067139744758606,0.2544522583484649,0.2346400320529937,True,True,True,True
test|Mona_8_20260624_124414|1742969609000,Mona,Mona_8_20260624_124414,1742969609000,continue,continue,0.3019110560417175,0.2114023864269256,0.2615369260311126,0.2251496165990829,True,True,True,True
test|Mona_8_20260624_124414|1743302942000,Mona,Mona_8_20260624_124414,1743302942000,continue,continue,0.2984664440155029,0.2130172997713089,0.2708457410335541,0.2176705151796341,True,True,True,True
test|Mona_8_20260624_124414|1743636275000,Mona,Mona_8_20260624_124414,1743636275000,continue,continue,0.2841178178787231,0.2216470092535019,0.2785791158676147,0.2156560122966766,True,True,True,True
test|Mona_8_20260624_124414|1743969609000,Mona,Mona_8_20260624_124414,1743969609000,continue,continue,0.2819012105464935,0.2329905033111572,0.2719840705394745,0.2131241858005523,True,True,True,True
test|Mona_8_20260624_124414|1744302942000,Mona,Mona_8_20260624_124414,1744302942000,continue,continue,0.2813814282417297,0.2466845959424972,0.2650548219680786,0.206879124045372,True,True,True,True
test|Mona_8_20260624_124414|1744636275000,Mona,Mona_8_20260624_124414,1744636275000,continue,continue,0.2820510268211365,0.2659057676792145,0.2526879012584686,0.1993552893400192,True,True,True,True
test|Mona_8_20260624_124414|1744969609000,Mona,Mona_8_20260624_124414,1744969609000,continue,continue,0.282844066619873,0.2835582196712494,0.2333389520645141,0.2002588361501693,True,True,True,True
test|Mona_8_20260624_124414|1745302942000,Mona,Mona_8_20260624_124414,1745302942000,continue,continue,0.2844002246856689,0.3041925132274627,0.2109508067369461,0.200456440448761,True,True,True,True
test|Mona_8_20260624_124414|1745636275000,Mona,Mona_8_20260624_124414,1745636275000,continue,continue,0.3010136783123016,0.300585389137268,0.1938775479793548,0.2045233845710754,True,True,True,True
test|Mona_8_20260624_124414|1745969609000,Mona,Mona_8_20260624_124414,1745969609000,continue,continue,0.3111970722675323,0.2965787649154663,0.1827594637870788,0.2094646990299224,True,True,True,True
test|Mona_8_20260624_124414|1746302942000,Mona,Mona_8_20260624_124414,1746302942000,continue,continue,0.3140266537666321,0.2992403209209442,0.1718381643295288,0.2148948609828949,True,True,True,True
test|Mona_8_20260624_124414|1746636275000,Mona,Mona_8_20260624_124414,1746636275000,continue,continue,0.3108113408088684,0.299786776304245,0.1718565970659256,0.2175452262163162,True,True,True,True
test|Mona_8_20260624_124414|1746969609000,Mona,Mona_8_20260624_124414,1746969609000,continue,continue,0.3044245839118957,0.2932432889938354,0.1799803972244262,0.2223517596721649,True,True,True,True
test|Mona_8_20260624_124414|1747302942000,Mona,Mona_8_20260624_124414,1747302942000,continue,continue,0.2908709347248077,0.2977643609046936,0.1832233220338821,0.2281413227319717,True,True,True,True
test|Mona_8_20260624_124414|1747636275000,Mona,Mona_8_20260624_124414,1747636275000,continue,continue,0.2801241278648376,0.3226355314254761,0.1756232380867004,0.2216170728206634,True,True,True,True
test|Mona_8_20260624_124414|1747969609000,Mona,Mona_8_20260624_124414,1747969609000,continue,continue,0.2795757055282593,0.3420586884021759,0.1661504060029983,0.2122151851654052,True,True,True,True
test|Mona_8_20260624_124414|1748302942000,Mona,Mona_8_20260624_124414,1748302942000,continue,continue,0.2794080078601837,0.3518894910812378,0.1656992137432098,0.2030032128095626,True,True,True,True
test|Mona_8_20260624_124414|1748636275000,Mona,Mona_8_20260624_124414,1748636275000,continue,continue,0.2690611779689789,0.3587298989295959,0.1654693037271499,0.2067396342754364,True,True,True,True
test|Mona_8_20260624_124414|1748969609000,Mona,Mona_8_20260624_124414,1748969609000,continue,continue,0.2710977494716644,0.3660363256931305,0.161150574684143,0.2017154246568679,True,True,True,True
test|Mona_8_20260624_124414|1749302942000,Mona,Mona_8_20260624_124414,1749302942000,continue,continue,0.2854466140270233,0.3601045608520508,0.1593666821718216,0.1950821280479431,True,True,True,True
test|Mona_8_20260624_124414|1749636275000,Mona,Mona_8_20260624_124414,1749636275000,continue,continue,0.2929888367652893,0.3425875306129455,0.164914458990097,0.1995092034339904,True,True,True,True
test|Mona_8_20260624_124414|1749969609000,Mona,Mona_8_20260624_124414,1749969609000,continue,continue,0.3023390769958496,0.3181527853012085,0.171609565615654,0.2078986018896103,True,True,True,True
test|Mona_8_20260624_124414|1750302942000,Mona,Mona_8_20260624_124414,1750302942000,continue,continue,0.3060385584831238,0.3091607987880707,0.1760968565940857,0.208703726530075,True,True,True,True
test|Mona_8_20260624_124414|1750636275000,Mona,Mona_8_20260624_124414,1750636275000,continue,continue,0.3114008903503418,0.2960360646247864,0.1835236400365829,0.20903941988945,True,True,True,True
test|Mona_8_20260624_124414|1750969609000,Mona,Mona_8_20260624_124414,1750969609000,continue,continue,0.3118267655372619,0.281632512807846,0.1843084394931793,0.2222322821617126,True,True,True,True
test|Mona_8_20260624_124414|1751302942000,Mona,Mona_8_20260624_124414,1751302942000,continue,continue,0.3089891374111175,0.2755546569824219,0.1890932768583297,0.2263628989458084,True,True,True,True
test|Mona_8_20260624_124414|1751636275000,Mona,Mona_8_20260624_124414,1751636275000,continue,continue,0.2993247807025909,0.2891541421413421,0.1893170922994613,0.2222040444612503,True,True,True,True
test|Mona_8_20260624_124414|1751969609000,Mona,Mona_8_20260624_124414,1751969609000,continue,continue,0.2844481170177459,0.3127498924732208,0.1831265389919281,0.2196754515171051,True,True,True,True
test|Mona_8_20260624_124414|1752302942000,Mona,Mona_8_20260624_124414,1752302942000,continue,continue,0.2768815755844116,0.3196378350257873,0.1810047030448913,0.222475916147232,True,True,True,True
test|Mona_8_20260624_124414|1752636275000,Mona,Mona_8_20260624_124414,1752636275000,continue,continue,0.278775155544281,0.3311185538768768,0.172650396823883,0.2174559235572815,True,True,True,True
test|Mona_8_20260624_124414|1752969609000,Mona,Mona_8_20260624_124414,1752969609000,continue,continue,0.281387448310852,0.3212315142154693,0.1809599697589874,0.2164210826158523,True,True,True,True
test|Mona_8_20260624_124414|1753302942000,Mona,Mona_8_20260624_124414,1753302942000,continue,continue,0.2948959171772003,0.3022933006286621,0.187075525522232,0.2157352119684219,True,True,True,True
test|Mona_8_20260624_124414|1753636275000,Mona,Mona_8_20260624_124414,1753636275000,continue,continue,0.3105585873126983,0.2825259566307068,0.1891165971755981,0.2177988886833191,True,True,True,True
test|Mona_8_20260624_124414|1753969609000,Mona,Mona_8_20260624_124414,1753969609000,continue,continue,0.3212747275829315,0.2723189294338226,0.195991575717926,0.2104147374629974,True,True,True,True
test|Mona_8_20260624_124414|1754302942000,Mona,Mona_8_20260624_124414,1754302942000,continue,continue,0.3237244486808777,0.272481232881546,0.1919848173856735,0.2118095308542251,True,True,True,True
test|Mona_8_20260624_124414|1754636275000,Mona,Mona_8_20260624_124414,1754636275000,continue,continue,0.3196148872375488,0.2659839391708374,0.1921341866254806,0.2222670167684555,True,True,True,True
test|Mona_8_20260624_124414|1754969609000,Mona,Mona_8_20260624_124414,1754969609000,continue,continue,0.317923903465271,0.2656837701797485,0.1910337507724762,0.2253585755825042,True,True,True,True
test|Mona_8_20260624_124414|1755302942000,Mona,Mona_8_20260624_124414,1755302942000,continue,continue,0.3196971714496612,0.2653637230396271,0.187926173210144,0.2270129323005676,True,True,True,True
test|Mona_8_20260624_124414|1755636275000,Mona,Mona_8_20260624_124414,1755636275000,continue,continue,0.3202412128448486,0.2597538232803345,0.1890431940555572,0.2309617698192596,True,True,True,True
test|Mona_8_20260624_124414|1755969609000,Mona,Mona_8_20260624_124414,1755969609000,continue,continue,0.3215774297714233,0.2473077178001403,0.1926620751619339,0.2384528666734695,True,True,True,True
test|Mona_8_20260624_124414|1756302942000,Mona,Mona_8_20260624_124414,1756302942000,continue,continue,0.3266595005989074,0.232629656791687,0.1982418894767761,0.2424689978361129,True,True,True,True
test|Mona_8_20260624_124414|1756636275000,Mona,Mona_8_20260624_124414,1756636275000,continue,continue,0.3298094868659973,0.2241480946540832,0.2046999186277389,0.2413425147533416,True,True,True,True
test|Mona_8_20260624_124414|1756969609000,Mona,Mona_8_20260624_124414,1756969609000,continue,continue,0.3280692100524902,0.2228176742792129,0.2048100978136062,0.2443029433488845,True,True,True,True
test|Mona_8_20260624_124414|1757302942000,Mona,Mona_8_20260624_124414,1757302942000,continue,continue,0.3218795359134674,0.222677081823349,0.2067256867885589,0.2487177103757858,True,True,True,True
test|Mona_8_20260624_124414|1757636275000,Mona,Mona_8_20260624_124414,1757636275000,continue,continue,0.3134441375732422,0.2337716668844223,0.2060296982526779,0.2467544674873352,True,True,True,True
test|Mona_8_20260624_124414|1757969609000,Mona,Mona_8_20260624_124414,1757969609000,continue,continue,0.3050843179225921,0.2501585185527801,0.2049028426408767,0.2398543208837509,True,True,True,True
test|Mona_8_20260624_124414|1758302942000,Mona,Mona_8_20260624_124414,1758302942000,continue,continue,0.3005131781101227,0.26388680934906,0.2050985842943191,0.2305014282464981,True,True,True,True
test|Mona_8_20260624_124414|1758636275000,Mona,Mona_8_20260624_124414,1758636275000,continue,continue,0.2954855859279632,0.2809177935123443,0.2030465751886367,0.220550075173378,True,True,True,True
test|Mona_8_20260624_124414|1758969609000,Mona,Mona_8_20260624_124414,1758969609000,continue,continue,0.2853943109512329,0.3067965805530548,0.1976276934146881,0.2101813852787017,True,True,True,True
test|Mona_8_20260624_124414|1759302942000,Mona,Mona_8_20260624_124414,1759302942000,continue,continue,0.2798777520656585,0.3362126648426056,0.187525674700737,0.1963838785886764,True,True,True,True
test|Mona_8_20260624_124414|1759636275000,Mona,Mona_8_20260624_124414,1759636275000,continue,continue,0.2832441926002502,0.3420196771621704,0.1810633242130279,0.1936728060245514,True,True,True,True
test|Mona_8_20260624_124414|1759969609000,Mona,Mona_8_20260624_124414,1759969609000,continue,continue,0.280584841966629,0.3414599299430847,0.1824203431606292,0.1955348998308181,True,True,True,True
test|Mona_8_20260624_124414|1760302942000,Mona,Mona_8_20260624_124414,1760302942000,continue,continue,0.2828277051448822,0.3248079717159271,0.1878227740526199,0.2045415639877319,True,True,True,True
test|Mona_8_20260624_124414|1760636275000,Mona,Mona_8_20260624_124414,1760636275000,continue,continue,0.2892252206802368,0.2981019020080566,0.2023956477642059,0.2102772742509842,True,True,True,True
test|Mona_8_20260624_124414|1760969609000,Mona,Mona_8_20260624_124414,1760969609000,continue,continue,0.2982993423938751,0.2769306302070617,0.220094159245491,0.2046758979558944,True,True,True,True
test|Mona_8_20260624_124414|1761302942000,Mona,Mona_8_20260624_124414,1761302942000,continue,continue,0.2996684312820434,0.2610513269901275,0.2339757978916168,0.2053044885396957,True,True,True,True
test|Mona_8_20260624_124414|1761636275000,Mona,Mona_8_20260624_124414,1761636275000,continue,continue,0.2959035634994507,0.2553376853466034,0.2422781437635421,0.2064805477857589,True,True,True,True
test|Mona_8_20260624_124414|1761969609000,Mona,Mona_8_20260624_124414,1761969609000,continue,continue,0.300273597240448,0.2443036139011383,0.2440254837274551,0.2113972753286361,True,True,True,True
test|Mona_8_20260624_124414|1762302942000,Mona,Mona_8_20260624_124414,1762302942000,continue,continue,0.3023593127727508,0.2402271330356598,0.2424269467592239,0.2149866223335266,True,True,True,True
test|Mona_8_20260624_124414|1762636275000,Mona,Mona_8_20260624_124414,1762636275000,continue,continue,0.2995987832546234,0.2465690225362777,0.2389810979366302,0.2148510664701461,True,True,True,True
test|Mona_8_20260624_124414|1762969609000,Mona,Mona_8_20260624_124414,1762969609000,continue,continue,0.2989028096199035,0.2403340190649032,0.2365142107009887,0.224249005317688,True,True,True,True
test|Mona_8_20260624_124414|1763302942000,Mona,Mona_8_20260624_124414,1763302942000,continue,continue,0.3000599145889282,0.2313878089189529,0.2388194501399994,0.2297328263521194,True,True,True,True
test|Mona_8_20260624_124414|1763636275000,Mona,Mona_8_20260624_124414,1763636275000,continue,continue,0.3006281852722168,0.2253006398677826,0.2451157569885254,0.2289554178714752,True,True,True,True
test|Mona_8_20260624_124414|1763969609000,Mona,Mona_8_20260624_124414,1763969609000,continue,continue,0.3006996512413025,0.2257804721593856,0.2542740404605865,0.2192458361387252,True,True,True,True
test|Mona_8_20260624_124414|1764302942000,Mona,Mona_8_20260624_124414,1764302942000,continue,continue,0.2977385222911834,0.2280676662921905,0.2642958462238312,0.2098979949951172,True,True,True,True
test|Mona_8_20260624_124414|1764636275000,Mona,Mona_8_20260624_124414,1764636275000,continue,continue,0.2975972890853882,0.2246549427509308,0.270710289478302,0.2070375233888626,True,True,True,True
test|Mona_8_20260624_124414|1764969609000,Mona,Mona_8_20260624_124414,1764969609000,continue,continue,0.2862823903560638,0.2455631345510482,0.2702137529850006,0.1979407519102096,True,True,True,True
test|Mona_8_20260624_124414|1765302942000,Mona,Mona_8_20260624_124414,1765302942000,continue,continue,0.2803631722927093,0.2555285692214966,0.265464186668396,0.1986440867185592,True,True,True,True
test|Mona_8_20260624_124414|1765636275000,Mona,Mona_8_20260624_124414,1765636275000,continue,continue,0.278078019618988,0.26319420337677,0.2564188241958618,0.2023089528083801,True,True,True,True
test|Mona_8_20260624_124414|1765969609000,Mona,Mona_8_20260624_124414,1765969609000,continue,continue,0.2759720683097839,0.2726249098777771,0.2483666688203811,0.2030363827943802,True,True,True,True
test|Mona_8_20260624_124414|1766302942000,Mona,Mona_8_20260624_124414,1766302942000,continue,continue,0.275806725025177,0.2838560044765472,0.242552176117897,0.1977851241827011,True,True,True,True
test|Mona_8_20260624_124414|1766636275000,Mona,Mona_8_20260624_124414,1766636275000,continue,continue,0.2764053344726562,0.2987557351589203,0.2349510341882705,0.1898879259824752,True,True,True,True
test|Mona_8_20260624_124414|1766969609000,Mona,Mona_8_20260624_124414,1766969609000,continue,continue,0.2814481556415558,0.294233500957489,0.2294986397027969,0.1948196738958358,True,True,True,True
test|Mona_8_20260624_124414|1767302942000,Mona,Mona_8_20260624_124414,1767302942000,continue,continue,0.2886235415935516,0.2995657920837402,0.218472346663475,0.1933383792638778,True,True,True,True
test|Mona_8_20260624_124414|1767636275000,Mona,Mona_8_20260624_124414,1767636275000,continue,continue,0.2973655462265014,0.29610675573349,0.220677763223648,0.1858498901128769,True,True,True,True
test|Mona_8_20260624_124414|1767969609000,Mona,Mona_8_20260624_124414,1767969609000,continue,continue,0.3061518967151642,0.2908442914485931,0.2129955142736435,0.190008282661438,True,True,True,True
test|Mona_8_20260624_124414|1768302942000,Mona,Mona_8_20260624_124414,1768302942000,continue,continue,0.3129386305809021,0.2850687801837921,0.1934673637151718,0.2085251659154892,True,True,True,True
test|Mona_8_20260624_124414|1768636275000,Mona,Mona_8_20260624_124414,1768636275000,continue,continue,0.3197178542613983,0.2764590680599212,0.1764007210731506,0.2274223566055297,True,True,True,True
test|Mona_8_20260624_124414|1768969609000,Mona,Mona_8_20260624_124414,1768969609000,continue,continue,0.3356993794441223,0.2640414237976074,0.1690442711114883,0.2312149405479431,True,True,True,True
test|Mona_8_20260624_124414|1769302942000,Mona,Mona_8_20260624_124414,1769302942000,continue,handover,0.3369576334953308,0.2608230412006378,0.1744868159294128,0.2277325093746185,True,True,True,True
test|Mona_8_20260624_124414|1769636275000,Mona,Mona_8_20260624_124414,1769636275000,continue,continue,0.331303596496582,0.2604417502880096,0.1782609075307846,0.2299937456846237,True,True,True,True
test|Mona_8_20260624_124414|1769969609000,Mona,Mona_8_20260624_124414,1769969609000,continue,continue,0.3273809850215912,0.2610042989253998,0.184704378247261,0.2269103825092315,True,True,True,True
test|Mona_8_20260624_124414|1770302942000,Mona,Mona_8_20260624_124414,1770302942000,continue,continue,0.0,0.3878652155399322,0.286723643541336,0.3254111409187317,False,True,True,True
test|Mona_8_20260624_124414|1770636275000,Mona,Mona_8_20260624_124414,1770636275000,continue,continue,0.0,0.3909637033939361,0.2962530553340912,0.312783271074295,False,True,True,True
test|Mona_8_20260624_124414|1770969609000,Mona,Mona_8_20260624_124414,1770969609000,continue,continue,0.3105482161045074,0.2713618278503418,0.2049354612827301,0.2131544798612594,True,True,True,True
test|Mona_8_20260624_124414|1771302942000,Mona,Mona_8_20260624_124414,1771302942000,continue,continue,0.3099150061607361,0.2665546238422394,0.2091834098100662,0.2143469750881195,True,True,True,True
test|Mona_8_20260624_124414|1771636275000,Mona,Mona_8_20260624_124414,1771636275000,continue,continue,0.295543760061264,0.2684518694877624,0.2171942442655563,0.2188101410865783,True,True,True,True
test|Mona_8_20260624_124414|1771969609000,Mona,Mona_8_20260624_124414,1771969609000,continue,continue,0.2900389730930328,0.2694783210754394,0.2169291824102401,0.2235535234212875,True,True,True,True
test|Mona_8_20260624_124414|1772302942000,Mona,Mona_8_20260624_124414,1772302942000,continue,continue,0.2894740402698517,0.2730525434017181,0.2164574116468429,0.221015989780426,True,True,True,True
test|Mona_8_20260624_124414|1772636275000,Mona,Mona_8_20260624_124414,1772636275000,continue,continue,0.2888809144496918,0.2768459916114807,0.2148600071668625,0.2194130569696426,True,True,True,True
test|Mona_8_20260624_124414|1772969609000,Mona,Mona_8_20260624_124414,1772969609000,continue,continue,0.2857816815376282,0.2858197391033172,0.2143425643444061,0.214055985212326,True,True,True,True
test|Mona_8_20260624_124414|1773302942000,Mona,Mona_8_20260624_124414,1773302942000,continue,continue,0.2795640230178833,0.2967440485954284,0.2035863399505615,0.2201055735349655,True,True,True,True
test|Mona_8_20260624_124414|1773636275000,Mona,Mona_8_20260624_124414,1773636275000,continue,continue,0.2756275534629822,0.3194330632686615,0.1893078684806823,0.2156315594911575,True,True,True,True
test|Mona_8_20260624_124414|1773969609000,Mona,Mona_8_20260624_124414,1773969609000,continue,continue,0.2763355076313019,0.3281134963035583,0.1770650595426559,0.2184859216213226,True,True,True,True
test|Mona_8_20260624_124414|1774302942000,Mona,Mona_8_20260624_124414,1774302942000,continue,continue,0.2810702621936798,0.3273776471614837,0.167458489537239,0.2240935862064361,True,True,True,True
test|Mona_8_20260624_124414|1774636275000,Mona,Mona_8_20260624_124414,1774636275000,continue,continue,0.2829741835594177,0.3278352618217468,0.1667902022600174,0.2224004119634628,True,True,True,True
test|Mona_8_20260624_124414|1774969609000,Mona,Mona_8_20260624_124414,1774969609000,continue,continue,0.284525990486145,0.3283261060714721,0.1679403930902481,0.2192074954509735,True,True,True,True
test|Mona_8_20260624_124414|1775302942000,Mona,Mona_8_20260624_124414,1775302942000,continue,continue,0.2822763919830322,0.3267389833927154,0.1813636273145675,0.2096209377050399,True,True,True,True
test|Mona_8_20260624_124414|1775636275000,Mona,Mona_8_20260624_124414,1775636275000,continue,continue,0.2829275727272033,0.3124051690101623,0.196166917681694,0.208500325679779,True,True,True,True
test|Mona_8_20260624_124414|1775969609000,Mona,Mona_8_20260624_124414,1775969609000,continue,continue,0.2806459069252014,0.3093422055244446,0.213456928730011,0.1965549439191818,True,True,True,True
test|Mona_8_20260624_124414|1776302942000,Mona,Mona_8_20260624_124414,1776302942000,continue,continue,0.2721442580223083,0.3046265840530395,0.2262631058692932,0.1969660520553589,True,True,True,True
test|Mona_8_20260624_124414|1776636275000,Mona,Mona_8_20260624_124414,1776636275000,continue,continue,0.2707048654556274,0.2996439039707184,0.2222523540258407,0.2073989063501358,True,True,True,True
test|Mona_8_20260624_124414|1776969609000,Mona,Mona_8_20260624_124414,1776969609000,continue,continue,0.27395960688591,0.2935857474803924,0.2120569348335266,0.2203977406024933,True,True,True,True
test|Mona_8_20260624_124414|1777302942000,Mona,Mona_8_20260624_124414,1777302942000,continue,continue,0.2786657512187958,0.2934559881687164,0.2009748518466949,0.2269034087657928,True,True,True,True
test|Mona_8_20260624_124414|1777636275000,Mona,Mona_8_20260624_124414,1777636275000,continue,continue,0.2790155708789825,0.2935697734355926,0.1974171251058578,0.2299975156784057,True,True,True,True
test|Mona_8_20260624_124414|1777969609000,Mona,Mona_8_20260624_124414,1777969609000,continue,continue,0.2802532613277435,0.3051424920558929,0.1819365918636322,0.2326676696538925,True,True,True,True
test|Mona_8_20260624_124414|1778302942000,Mona,Mona_8_20260624_124414,1778302942000,continue,continue,0.2840748131275177,0.3236089944839477,0.1589307636022567,0.2333853840827942,True,True,True,True
test|Mona_8_20260624_124414|1778636275000,Mona,Mona_8_20260624_124414,1778636275000,continue,continue,0.2898958623409271,0.3379147946834564,0.1532774120569229,0.2189119011163711,True,True,True,True
test|Mona_8_20260624_124414|1778969609000,Mona,Mona_8_20260624_124414,1778969609000,fetch,handover,0.2760486602783203,0.3609795272350311,0.1576759219169616,0.2052958607673645,True,True,True,True
test|Mona_8_20260624_124414|1779302942000,Mona,Mona_8_20260624_124414,1779302942000,fetch,continue,0.2605952322483063,0.3782629370689392,0.1620339006185531,0.1991078853607177,True,True,True,True
test|Mona_8_20260624_124414|1779636275000,Mona,Mona_8_20260624_124414,1779636275000,fetch,continue,0.2654128968715668,0.3871640563011169,0.1546733975410461,0.1927495598793029,True,True,True,True
test|Mona_8_20260624_124414|1779969609000,Mona,Mona_8_20260624_124414,1779969609000,fetch,continue,0.2767019867897033,0.3761686086654663,0.1480923593044281,0.1990370005369186,True,True,True,True
test|Mona_8_20260624_124414|1780302942000,Mona,Mona_8_20260624_124414,1780302942000,fetch,continue,0.278681993484497,0.3832287788391113,0.1427302807569503,0.1953590512275695,True,True,True,True
test|Mona_8_20260624_124414|1780636275000,Mona,Mona_8_20260624_124414,1780636275000,fetch,continue,0.2753496468067169,0.3918077349662781,0.1401433646678924,0.1926992088556289,True,True,True,True
test|Mona_8_20260624_124414|1780969609000,Mona,Mona_8_20260624_124414,1780969609000,fetch,fetch,0.2746608257293701,0.3982967436313629,0.1362560838460922,0.1907863616943359,True,True,True,True
test|Mona_8_20260624_124414|1781302942000,Mona,Mona_8_20260624_124414,1781302942000,fetch,fetch,0.2751550674438476,0.4041978120803833,0.1278384327888488,0.1928086131811142,True,True,True,True
test|Mona_8_20260624_124414|1781636275000,Mona,Mona_8_20260624_124414,1781636275000,fetch,fetch,0.278179258108139,0.4137356877326965,0.1135018467903137,0.1945831775665283,True,True,True,True
test|Mona_8_20260624_124414|1781969609000,Mona,Mona_8_20260624_124414,1781969609000,fetch,fetch,0.2780820727348327,0.4327390193939209,0.1001297459006309,0.1890492141246795,True,True,True,True
test|Mona_8_20260624_124414|1782302942000,Mona,Mona_8_20260624_124414,1782302942000,fetch,fetch,0.3034837245941162,0.4885472953319549,0.0,0.2079689651727676,True,True,False,True
test|Mona_8_20260624_124414|1782636275000,Mona,Mona_8_20260624_124414,1782636275000,fetch,fetch,0.303149551153183,0.4897259473800659,0.0,0.2071244120597839,True,True,False,True
test|Mona_8_20260624_124414|1782969609000,Mona,Mona_8_20260624_124414,1782969609000,fetch,continue,0.3042338788509369,0.4898982346057892,0.0,0.2058679014444351,True,True,False,True
test|Mona_8_20260624_124414|1783302942000,Mona,Mona_8_20260624_124414,1783302942000,fetch,continue,0.3014974594116211,0.4899585545063019,0.0,0.2085439413785934,True,True,False,True
test|Mona_8_20260624_124414|1784636275000,Mona,Mona_8_20260624_124414,1784636275000,handover,fetch,0.349992424249649,0.3854763805866241,0.0,0.2645312547683716,True,True,False,True
test|Mona_8_20260624_124414|1784969609000,Mona,Mona_8_20260624_124414,1784969609000,handover,handover,0.3679580688476562,0.3668359518051147,0.0,0.2652060389518738,True,True,False,True
test|Mona_8_20260624_124414|1785302942000,Mona,Mona_8_20260624_124414,1785302942000,handover,handover,0.3115015029907226,0.3162786066532135,0.1525794863700866,0.2196403592824936,True,True,True,True
test|Mona_8_20260624_124414|1785636275000,Mona,Mona_8_20260624_124414,1785636275000,handover,handover,0.300476461648941,0.3118019998073578,0.1757723093032837,0.2119492590427398,True,True,True,True
test|Mona_8_20260624_124414|1785969609000,Mona,Mona_8_20260624_124414,1785969609000,handover,handover,0.2986031472682953,0.3385786414146423,0.1543904989957809,0.2084276676177978,True,True,True,True
test|Mona_8_20260624_124414|1786302942000,Mona,Mona_8_20260624_124414,1786302942000,handover,handover,0.2821374237537384,0.3658902049064636,0.147910013794899,0.2040622979402542,True,True,True,True
test|Mona_8_20260624_124414|1786636275000,Mona,Mona_8_20260624_124414,1786636275000,handover,handover,0.2658713757991791,0.3953517377376556,0.1419819742441177,0.1967949420213699,True,True,True,True
test|Mona_8_20260624_124414|1786969609000,Mona,Mona_8_20260624_124414,1786969609000,handover,handover,0.2482790201902389,0.4250949025154114,0.1349216699600219,0.19170443713665,True,True,True,True
test|Mona_8_20260624_124414|1787302942000,Mona,Mona_8_20260624_124414,1787302942000,handover,handover,0.2442353665828704,0.429689884185791,0.1323868334293365,0.1936878710985183,True,True,True,True
test|Mona_8_20260624_124414|1787636275000,Mona,Mona_8_20260624_124414,1787636275000,handover,handover,0.2516108155250549,0.446473091840744,0.1054910644888877,0.1964250802993774,True,True,True,True
test|Mona_8_20260624_124414|1787969609000,Mona,Mona_8_20260624_124414,1787969609000,handover,handover,0.2500558495521545,0.4465874135494232,0.1029830500483512,0.2003737241029739,True,True,True,True
test|Mona_8_20260624_124414|1788302942000,Mona,Mona_8_20260624_124414,1788302942000,handover,handover,0.2786256968975067,0.4979209005832672,0.0,0.223453402519226,True,True,False,True
test|Mona_8_20260624_124414|1788636275000,Mona,Mona_8_20260624_124414,1788636275000,handover,handover,0.281607985496521,0.4972917139530182,0.0,0.2211003601551056,True,True,False,True
