artifact_manifest_fingerprint,checkpoint_epoch,checkpoint_name,checkpoint_path,checkpoint_selection_metric,checkpoint_selection_split,checkpoint_selection_value,checkpoint_sha256,dataset_content_fingerprint,dataset_tag,diagnostic_native_end_to_end_pose_orientation_mean_deg,diagnostic_native_end_to_end_pose_orientation_median_deg,diagnostic_native_end_to_end_pose_position_mean_cm,diagnostic_native_end_to_end_pose_position_median_cm,diagnostic_native_end_to_end_pose_position_rmse_cm,diagnostic_native_end_to_end_pose_samples,diagnostic_untrained_pose_coverage,diagnostic_untrained_pose_orientation_mean_deg,diagnostic_untrained_pose_orientation_median_deg,diagnostic_untrained_pose_position_mean_cm,diagnostic_untrained_pose_position_median_cm,diagnostic_untrained_pose_position_rmse_cm,diagnostic_untrained_pose_samples,experiment_id,factor,family,future_pose_loss_enabled,matrix_id,model_type,pose_metrics_role,pose_output_semantics,result_semantics,seed,selection_file_sha256,source_content_fingerprint,source_final_test_report,source_final_test_report_sha256,source_run,system_evaluable_t1_windows,system_excluded_handover_windows_without_valid_t1_pose,system_ground_truth_handover_windows,system_handover_and_hand_correct_conditional_rate,system_handover_and_hand_correct_count,system_handover_and_hand_correct_rate,system_handover_correct_conditional_rate,system_handover_correct_count,system_handover_correct_rate,system_handover_hand_pose_available_conditional_rate,system_handover_hand_pose_available_count,system_handover_hand_pose_available_rate,system_success_at_10_cm_conditional_rate,system_success_at_10_cm_count,system_success_at_10_cm_rate,system_success_at_15_cm_conditional_rate,system_success_at_15_cm_count,system_success_at_15_cm_rate,system_success_at_20_cm_conditional_rate,system_success_at_20_cm_count,system_success_at_20_cm_rate,system_success_at_5_cm_conditional_rate,system_success_at_5_cm_count,system_success_at_5_cm_rate,system_success_cohort_fingerprint,system_success_definition,system_success_pose_method,system_success_position_error_column,system_success_status,system_valid_t1_pose_target_coverage_within_handover,t1_baseline_policy,t1_baseline_policy_fingerprint,t1_fair_common_status,t1_fair_constant_velocity_orientation_mean_deg,t1_fair_constant_velocity_orientation_median_deg,t1_fair_constant_velocity_position_mean_cm,t1_fair_constant_velocity_position_median_cm,t1_fair_constant_velocity_position_rmse_cm,t1_fair_constant_velocity_samples,t1_fair_coverage,t1_fair_learned_model_orientation_mean_deg,t1_fair_learned_model_orientation_median_deg,t1_fair_learned_model_position_mean_cm,t1_fair_learned_model_position_median_cm,t1_fair_learned_model_position_rmse_cm,t1_fair_learned_model_samples,t1_fair_persistence_orientation_mean_deg,t1_fair_persistence_orientation_median_deg,t1_fair_persistence_position_mean_cm,t1_fair_persistence_position_median_cm,t1_fair_persistence_position_rmse_cm,t1_fair_persistence_samples,t1_fair_pose_target_denominator,t1_fair_receiving_hand_context,t1_fair_sample_key_fingerprint,t1_fair_shared_samples,t1_grouped_report,t1_grouped_report_sha256,terminal_fair_comparison_role,terminal_fair_coverage,terminal_fair_learned_end_to_end_orientation_mean_deg,terminal_fair_learned_end_to_end_orientation_median_deg,terminal_fair_learned_end_to_end_position_mean_cm,terminal_fair_learned_end_to_end_position_median_cm,terminal_fair_learned_end_to_end_position_rmse_cm,terminal_fair_learned_end_to_end_samples,terminal_fair_learned_oracle_hand_orientation_mean_deg,terminal_fair_learned_oracle_hand_orientation_median_deg,terminal_fair_learned_oracle_hand_position_mean_cm,terminal_fair_learned_oracle_hand_position_median_cm,terminal_fair_learned_oracle_hand_position_rmse_cm,terminal_fair_learned_oracle_hand_samples,terminal_fair_partially_overlapping_aggregation_coverage,terminal_fair_partially_overlapping_aggregation_interpretation,terminal_fair_partially_overlapping_aggregation_learned_end_to_end_orientation_mean_deg,terminal_fair_partially_overlapping_aggregation_learned_end_to_end_orientation_median_deg,terminal_fair_partially_overlapping_aggregation_learned_end_to_end_position_mean_cm,terminal_fair_partially_overlapping_aggregation_learned_end_to_end_position_median_cm,terminal_fair_partially_overlapping_aggregation_learned_end_to_end_position_rmse_cm,terminal_fair_partially_overlapping_aggregation_learned_end_to_end_samples,terminal_fair_partially_overlapping_aggregation_learned_oracle_hand_orientation_mean_deg,terminal_fair_partially_overlapping_aggregation_learned_oracle_hand_orientation_median_deg,terminal_fair_partially_overlapping_aggregation_learned_oracle_hand_position_mean_cm,terminal_fair_partially_overlapping_aggregation_learned_oracle_hand_position_median_cm,terminal_fair_partially_overlapping_aggregation_learned_oracle_hand_position_rmse_cm,terminal_fair_partially_overlapping_aggregation_learned_oracle_hand_samples,terminal_fair_partially_overlapping_aggregation_persistence_orientation_mean_deg,terminal_fair_partially_overlapping_aggregation_persistence_orientation_median_deg,terminal_fair_partially_overlapping_aggregation_persistence_position_mean_cm,terminal_fair_partially_overlapping_aggregation_persistence_position_median_cm,terminal_fair_partially_overlapping_aggregation_persistence_position_rmse_cm,terminal_fair_partially_overlapping_aggregation_persistence_samples,terminal_fair_partially_overlapping_aggregation_pose_target_denominator,terminal_fair_partially_overlapping_aggregation_shared_samples,terminal_fair_persistence_orientation_mean_deg,terminal_fair_persistence_orientation_median_deg,terminal_fair_persistence_position_mean_cm,terminal_fair_persistence_position_median_cm,terminal_fair_persistence_position_rmse_cm,terminal_fair_persistence_samples,terminal_fair_pose_target_denominator,terminal_fair_receiving_hand_context,terminal_fair_shared_samples,terminal_fair_strictly_before_aggregation_coverage,terminal_fair_strictly_before_aggregation_interpretation,terminal_fair_strictly_before_aggregation_learned_end_to_end_orientation_mean_deg,terminal_fair_strictly_before_aggregation_learned_end_to_end_orientation_median_deg,terminal_fair_strictly_before_aggregation_learned_end_to_end_position_mean_cm,terminal_fair_strictly_before_aggregation_learned_end_to_end_position_median_cm,terminal_fair_strictly_before_aggregation_learned_end_to_end_position_rmse_cm,terminal_fair_strictly_before_aggregation_learned_end_to_end_samples,terminal_fair_strictly_before_aggregation_learned_oracle_hand_orientation_mean_deg,terminal_fair_strictly_before_aggregation_learned_oracle_hand_orientation_median_deg,terminal_fair_strictly_before_aggregation_learned_oracle_hand_position_mean_cm,terminal_fair_strictly_before_aggregation_learned_oracle_hand_position_median_cm,terminal_fair_strictly_before_aggregation_learned_oracle_hand_position_rmse_cm,terminal_fair_strictly_before_aggregation_learned_oracle_hand_samples,terminal_fair_strictly_before_aggregation_persistence_orientation_mean_deg,terminal_fair_strictly_before_aggregation_persistence_orientation_median_deg,terminal_fair_strictly_before_aggregation_persistence_position_mean_cm,terminal_fair_strictly_before_aggregation_persistence_position_median_cm,terminal_fair_strictly_before_aggregation_persistence_position_rmse_cm,terminal_fair_strictly_before_aggregation_persistence_samples,terminal_fair_strictly_before_aggregation_pose_target_denominator,terminal_fair_strictly_before_aggregation_shared_samples,terminal_fair_target_regime_denominator_sum,terminal_main_pose_reporting_regime,terminal_pooled_pose_is_diagnostic,test_assistance_accuracy,test_assistance_assistance_f1,test_assistance_assistance_precision,test_assistance_assistance_predicted,test_assistance_assistance_recall,test_assistance_assistance_support,test_assistance_confusion_matrix,test_assistance_continue_f1,test_assistance_continue_precision,test_assistance_continue_predicted,test_assistance_continue_recall,test_assistance_continue_support,test_assistance_macro_f1,test_assistance_macro_f1_supported,test_assistance_samples,test_assistance_type_accuracy,test_assistance_type_confusion_matrix,test_assistance_type_fetch_f1,test_assistance_type_fetch_precision,test_assistance_type_fetch_predicted,test_assistance_type_fetch_recall,test_assistance_type_fetch_support,test_assistance_type_handover_f1,test_assistance_type_handover_precision,test_assistance_type_handover_predicted,test_assistance_type_handover_recall,test_assistance_type_handover_support,test_assistance_type_macro_f1,test_assistance_type_macro_f1_supported,test_assistance_type_samples,test_intention_accuracy,test_intention_confusion_matrix,test_intention_continue_f1,test_intention_continue_precision,test_intention_continue_predicted,test_intention_continue_recall,test_intention_continue_support,test_intention_fetch_f1,test_intention_fetch_precision,test_intention_fetch_predicted,test_intention_fetch_recall,test_intention_fetch_support,test_intention_handover_f1,test_intention_handover_precision,test_intention_handover_predicted,test_intention_handover_recall,test_intention_handover_support,test_intention_macro_f1,test_intention_macro_f1_supported,test_intention_samples,test_pose_coverage,test_pose_coverage_status,test_pose_cross_model_comparability,test_pose_oracle_reference_valid,test_pose_orientation_mean_deg,test_pose_orientation_median_deg,test_pose_position_mean_cm,test_pose_position_median_cm,test_pose_position_rmse_cm,test_pose_predicted_reference_valid,test_pose_sample_key_fingerprint,test_pose_samples,test_pose_target_denominator,test_receiving_hand_accuracy,test_receiving_hand_confusion_matrix,test_receiving_hand_left_f1,test_receiving_hand_left_precision,test_receiving_hand_left_predicted,test_receiving_hand_left_recall,test_receiving_hand_left_support,test_receiving_hand_macro_f1,test_receiving_hand_macro_f1_supported,test_receiving_hand_right_f1,test_receiving_hand_right_precision,test_receiving_hand_right_predicted,test_receiving_hand_right_recall,test_receiving_hand_right_support,test_receiving_hand_samples,test_window_endpoint_count,test_window_endpoint_fingerprint,thesis_task_role,trainable_parameters,variant
09c6793a31262c3decd62b597b3b95fd256521c5c8406da1c16b1587e03b2c36,4,best_intention,/home/eker/Master-Thesis---Multi-modal-User-Intention-Estimation-and-Hand-Position-Prediction/Training/runs/dataset_v3_causal_20260815_n214_5d136a34/thesis_final_v2_validation/baseline_mlp/baseline_mlp_seed42/best_model.pt,validation_intention_macro_f1,validation,0.8855044320140872,8c141f0fd442f1b445c689fd95a752d20c9ef0fefe7b518cd8dd491fe6473ce4,339c313d56c7be8564a3035cd8334bad103e15659315c33135e96b95e820245a,dataset_v3_causal_20260815_n214_5d136a34,61.229610443115234,38.86189270019531,20.020713806152344,16.10276985168457,23.94588279724121,217,,,,,,,,baseline_mlp,backbone,baseline,True,thesis_final_v2_corrected_alignment,hierarchical_window_mlp,main_learned_output,learned_end_to_end_fixed_both_reference_cohort,single_validation_selected_executable_checkpoint,42,a87834b20f7275293e3cba47e96565ef55f27895dff49dc82499d5a20efe4d21,b2cfd10991c5638277795aadcabfd322d3e9eb41dffb70696b63dc657f5f22cb,/home/eker/Master-Thesis---Multi-modal-User-Intention-Estimation-and-Hand-Position-Prediction/Training/reports/dataset_v3_causal_20260815_n214_5d136a34/thesis_final_v2_corrected_alignment/final_test/baseline_mlp_seed42.json,88c1d4fc79a4661f0903f40b8fc2e38e8f1d069a74572d2db6ba2cad6628b27a,Training/runs/dataset_v3_causal_20260815_n214_5d136a34/thesis_final_v2_validation/baseline_mlp/baseline_mlp_seed42,,,,,,,,,,,,,,,,,,,,,,,,,,,,,not_available,,,,not_available,,,,,,,,,,,,,,,,,,,,,,,,,,,,,,,,,,,,,,,,,,,,,,,,,,,,,,,,,,,,,,,,,,,,,,,,,,,,,,,,,,,,,,,,,,,,,,,,0.9054115507048659,0.8551532033426182,0.7782002534854245,789,0.9489953632148377,647,"[[1377,175],[33,614]]",0.9297771775827144,0.9765957446808511,1410,0.8872422680412371,1552,0.8924651904626664,0.8924651904626664,2199,0.9273570324574961,"[[308,35],[12,292]]",0.9291101055806938,0.9625,320,0.8979591836734694,343,0.925515055467512,0.8929663608562691,327,0.9605263157894737,304,0.9273125805241029,0.9273125805241029,647,0.8849477035015917,"[[1377,69,106],[25,284,34],[8,11,285]]",0.9297771775827144,0.9765957446808511,1410,0.8872422680412371,1552,0.8033946251768035,0.7802197802197802,364,0.8279883381924198,343,0.7818930041152264,0.6705882352941176,425,0.9375,304,0.8383549356249148,0.8383549356249148,2199,0.8341013824884793,reported_denominator,fixed_model_independent_both_hand_references_valid_cohort,,57.693328857421875,32.805747985839844,20.417606353759766,15.889297485351562,24.73580551147461,,c1b6f47c13c119afe8a5cab1fe3c4cecf0df3e5792e49c305ae52aa13d266288,181,217,0.9276315789473685,"[[68,22],[0,214]]",0.8607594936708861,1.0,68,0.7555555555555555,90,0.9059353023909986,0.9059353023909986,0.9511111111111111,0.9067796610169492,236,1.0,214,304,2199,e65fda6e350b016156730a27eefd2764798e605c4bfcbe5ed08d2653b912df3c,primary_t_plus_1_future_wrist,197309,MLP
5f8b8a7ccd479ea76e08f5ec7cec5db9b8cc7f2411659c7103cb1a120e2a7a98,7,best_intention,/home/eker/Master-Thesis---Multi-modal-User-Intention-Estimation-and-Hand-Position-Prediction/Training/runs/dataset_v3_causal_20260815_n214_5d136a34/thesis_final_v2_validation/baseline_mlp/baseline_mlp_seed43/best_model.pt,validation_intention_macro_f1,validation,0.8900184526208896,ecc80f90b299aae6ac910d9958f4e4e7f2f6f8a0fc4dcb3c4d8918b718e661cf,339c313d56c7be8564a3035cd8334bad103e15659315c33135e96b95e820245a,dataset_v3_causal_20260815_n214_5d136a34,62.38483428955078,41.18378448486328,20.045637130737305,14.16321086883545,24.94443130493164,217,,,,,,,,baseline_mlp,backbone,baseline,True,thesis_final_v2_corrected_alignment,hierarchical_window_mlp,main_learned_output,learned_end_to_end_fixed_both_reference_cohort,single_validation_selected_executable_checkpoint,43,a87834b20f7275293e3cba47e96565ef55f27895dff49dc82499d5a20efe4d21,b2cfd10991c5638277795aadcabfd322d3e9eb41dffb70696b63dc657f5f22cb,/home/eker/Master-Thesis---Multi-modal-User-Intention-Estimation-and-Hand-Position-Prediction/Training/reports/dataset_v3_causal_20260815_n214_5d136a34/thesis_final_v2_corrected_alignment/final_test/baseline_mlp_seed43.json,7bda589c02cbe82a2498e9440da789ef96b7717b1bd4a60c76205fb346f6cd45,Training/runs/dataset_v3_causal_20260815_n214_5d136a34/thesis_final_v2_validation/baseline_mlp/baseline_mlp_seed43,,,,,,,,,,,,,,,,,,,,,,,,,,,,,not_available,,,,not_available,,,,,,,,,,,,,,,,,,,,,,,,,,,,,,,,,,,,,,,,,,,,,,,,,,,,,,,,,,,,,,,,,,,,,,,,,,,,,,,,,,,,,,,,,,,,,,,,0.8954070031832652,0.8443843031123139,0.7509025270758123,831,0.964451313755796,647,"[[1345,207],[23,624]]",0.9212328767123287,0.9831871345029239,1368,0.8666237113402062,1552,0.8828085899123213,0.8828085899123213,2199,0.9242658423493045,"[[315,28],[21,283]]",0.9278350515463918,0.9375,336,0.9183673469387755,343,0.9203252032520326,0.909967845659164,311,0.930921052631579,304,0.9240801273992122,0.9240801273992122,647,0.8735788994997726,"[[1345,103,104],[20,295,28],[3,20,281]]",0.9212328767123287,0.9831871345029239,1368,0.8666237113402062,1552,0.7752956636005256,0.7057416267942583,418,0.8600583090379009,343,0.7838214783821479,0.6803874092009685,413,0.9243421052631579,304,0.8267833395650007,0.8267833395650007,2199,0.8341013824884793,reported_denominator,fixed_model_independent_both_hand_references_valid_cohort,,56.850379943847656,32.07040023803711,18.518457412719727,13.264398574829102,23.405521392822266,,c1b6f47c13c119afe8a5cab1fe3c4cecf0df3e5792e49c305ae52aa13d266288,181,217,0.9144736842105263,"[[64,26],[0,214]]",0.8311688311688311,1.0,64,0.7111111111111111,90,0.8869500543509354,0.8869500543509354,0.9427312775330398,0.8916666666666667,240,1.0,214,304,2199,e65fda6e350b016156730a27eefd2764798e605c4bfcbe5ed08d2653b912df3c,primary_t_plus_1_future_wrist,197309,MLP
684ca9e44190f6a01b1ba19538aeb0de4c5c1d4de42479620a611af6ab18293f,11,best_intention,/home/eker/Master-Thesis---Multi-modal-User-Intention-Estimation-and-Hand-Position-Prediction/Training/runs/dataset_v3_causal_20260815_n214_5d136a34/thesis_final_v2_validation/baseline_mlp/baseline_mlp_seed44/best_model.pt,validation_intention_macro_f1,validation,0.8912216212489902,5f911372c0a7803071bd5bbbae0a0ef45d1b81d0ae25f27a4d6ad142bba70267,339c313d56c7be8564a3035cd8334bad103e15659315c33135e96b95e820245a,dataset_v3_causal_20260815_n214_5d136a34,54.45047378540039,33.22016525268555,18.946352005004883,15.923478126525879,21.899513244628906,217,,,,,,,,baseline_mlp,backbone,baseline,True,thesis_final_v2_corrected_alignment,hierarchical_window_mlp,main_learned_output,learned_end_to_end_fixed_both_reference_cohort,single_validation_selected_executable_checkpoint,44,a87834b20f7275293e3cba47e96565ef55f27895dff49dc82499d5a20efe4d21,b2cfd10991c5638277795aadcabfd322d3e9eb41dffb70696b63dc657f5f22cb,/home/eker/Master-Thesis---Multi-modal-User-Intention-Estimation-and-Hand-Position-Prediction/Training/reports/dataset_v3_causal_20260815_n214_5d136a34/thesis_final_v2_corrected_alignment/final_test/baseline_mlp_seed44.json,893afe76b7bf3085ea876c4c435174ff85934a9de8c0ba1701b993211947406d,Training/runs/dataset_v3_causal_20260815_n214_5d136a34/thesis_final_v2_validation/baseline_mlp/baseline_mlp_seed44,,,,,,,,,,,,,,,,,,,,,,,,,,,,,not_available,,,,not_available,,,,,,,,,,,,,,,,,,,,,,,,,,,,,,,,,,,,,,,,,,,,,,,,,,,,,,,,,,,,,,,,,,,,,,,,,,,,,,,,,,,,,,,,,,,,,,,,0.8840381991814461,0.8301132578281146,0.7295081967213115,854,0.9629057187017002,647,"[[1321,231],[24,623]]",0.9119779081808768,0.9821561338289962,1345,0.851159793814433,1552,0.8710455830044956,0.8710455830044956,2199,0.8964451313755796,"[[298,45],[22,282]]",0.8989441930618403,0.93125,320,0.8688046647230321,343,0.8938193343898574,0.8623853211009175,327,0.9276315789473685,304,0.8963817637258489,0.8963817637258489,647,0.855843565256935,"[[1321,110,121],[19,279,45],[5,17,282]]",0.9119779081808768,0.9821561338289962,1345,0.851159793814433,1552,0.7449933244325768,0.687192118226601,406,0.8134110787172012,343,0.7500000000000001,0.6294642857142857,448,0.9276315789473685,304,0.8023237442044846,0.8023237442044846,2199,0.8341013824884793,reported_denominator,fixed_model_independent_both_hand_references_valid_cohort,,53.582176208496094,31.54554557800293,19.570222854614258,16.00200080871582,22.810970306396484,,c1b6f47c13c119afe8a5cab1fe3c4cecf0df3e5792e49c305ae52aa13d266288,181,217,0.9210526315789473,"[[66,24],[0,214]]",0.846153846153846,1.0,66,0.7333333333333333,90,0.8965282505105514,0.8965282505105514,0.9469026548672567,0.8991596638655462,238,1.0,214,304,2199,e65fda6e350b016156730a27eefd2764798e605c4bfcbe5ed08d2653b912df3c,primary_t_plus_1_future_wrist,197309,MLP
3a7984af989555f6ac535d799a676a253329e6e6b772c3706f35263029c865b9,5,best_intention,/home/eker/Master-Thesis---Multi-modal-User-Intention-Estimation-and-Hand-Position-Prediction/Training/runs/dataset_v3_causal_20260815_n214_5d136a34/thesis_final_v2_validation/baseline_gru/baseline_gru_seed42/best_model.pt,validation_intention_macro_f1,validation,0.9053736002102669,3d1b3cef7a43481bbbde7678c06af45375f48544000f6623c703d2a2606f46ee,339c313d56c7be8564a3035cd8334bad103e15659315c33135e96b95e820245a,dataset_v3_causal_20260815_n214_5d136a34,48.68421173095703,33.37691116333008,18.14518165588379,16.995708465576172,20.367694854736328,217,,,,,,,,baseline_gru,backbone,baseline,True,thesis_final_v2_corrected_alignment,hierarchical_gru,main_learned_output,learned_end_to_end_fixed_both_reference_cohort,single_validation_selected_executable_checkpoint,42,a87834b20f7275293e3cba47e96565ef55f27895dff49dc82499d5a20efe4d21,b2cfd10991c5638277795aadcabfd322d3e9eb41dffb70696b63dc657f5f22cb,/home/eker/Master-Thesis---Multi-modal-User-Intention-Estimation-and-Hand-Position-Prediction/Training/reports/dataset_v3_causal_20260815_n214_5d136a34/thesis_final_v2_corrected_alignment/final_test/baseline_gru_seed42.json,d62a5b1d3efc6ae755eb1ed3063d24b53b4302da82f8d9be65f365469487f4f9,Training/runs/dataset_v3_causal_20260815_n214_5d136a34/thesis_final_v2_validation/baseline_gru/baseline_gru_seed42,,,,,,,,,,,,,,,,,,,,,,,,,,,,,not_available,,,,not_available,,,,,,,,,,,,,,,,,,,,,,,,,,,,,,,,,,,,,,,,,,,,,,,,,,,,,,,,,,,,,,,,,,,,,,,,,,,,,,,,,,,,,,,,,,,,,,,,0.8781264211005002,0.8191632928475034,0.7269461077844311,835,0.9381761978361669,647,"[[1324,228],[40,607]]",0.9080932784636488,0.9706744868035191,1364,0.8530927835051546,1552,0.8636282856555761,0.8636282856555761,2199,0.8871715610510046,"[[295,48],[25,279]]",0.8898944193061841,0.921875,320,0.8600583090379009,343,0.8843106180665611,0.8532110091743119,327,0.9177631578947368,304,0.8871025186863726,0.8871025186863726,647,0.8458390177353342,"[[1324,99,129],[36,259,48],[4,23,277]]",0.9080932784636488,0.9706744868035191,1364,0.8530927835051546,1552,0.7154696132596685,0.6797900262467191,381,0.7551020408163265,343,0.7308707124010555,0.6101321585903083,454,0.9111842105263158,304,0.784811201374791,0.784811201374791,2199,0.8341013824884793,reported_denominator,fixed_model_independent_both_hand_references_valid_cohort,,46.69700622558594,26.111289978027344,18.987045288085938,17.41478729248047,21.140762329101562,,c1b6f47c13c119afe8a5cab1fe3c4cecf0df3e5792e49c305ae52aa13d266288,181,217,0.9342105263157895,"[[70,20],[0,214]]",0.8750000000000001,1.0,70,0.7777777777777778,90,0.9151785714285715,0.9151785714285715,0.9553571428571429,0.9145299145299145,234,1.0,214,304,2199,e65fda6e350b016156730a27eefd2764798e605c4bfcbe5ed08d2653b912df3c,primary_t_plus_1_future_wrist,190413,GRU
60d1197a8a1d3bac64c55b0dcf7d0b0794011fe9af77a5e732fa643cfeda3d2d,5,best_intention,/home/eker/Master-Thesis---Multi-modal-User-Intention-Estimation-and-Hand-Position-Prediction/Training/runs/dataset_v3_causal_20260815_n214_5d136a34/thesis_final_v2_validation/baseline_gru/baseline_gru_seed43/best_model.pt,validation_intention_macro_f1,validation,0.8972608834419793,d505245b810c3a7dd23804b7d092de1dc98e576ce9e81c4e976d99728df741ba,339c313d56c7be8564a3035cd8334bad103e15659315c33135e96b95e820245a,dataset_v3_causal_20260815_n214_5d136a34,44.591712951660156,25.64141273498535,16.77699851989746,13.857558250427246,19.7884578704834,217,,,,,,,,baseline_gru,backbone,baseline,True,thesis_final_v2_corrected_alignment,hierarchical_gru,main_learned_output,learned_end_to_end_fixed_both_reference_cohort,single_validation_selected_executable_checkpoint,43,a87834b20f7275293e3cba47e96565ef55f27895dff49dc82499d5a20efe4d21,b2cfd10991c5638277795aadcabfd322d3e9eb41dffb70696b63dc657f5f22cb,/home/eker/Master-Thesis---Multi-modal-User-Intention-Estimation-and-Hand-Position-Prediction/Training/reports/dataset_v3_causal_20260815_n214_5d136a34/thesis_final_v2_corrected_alignment/final_test/baseline_gru_seed43.json,b522ea258089a8127d1f1541e5450e0b3fef8b3abd14b2fb1fb98a10830f9802,Training/runs/dataset_v3_causal_20260815_n214_5d136a34/thesis_final_v2_validation/baseline_gru/baseline_gru_seed43,,,,,,,,,,,,,,,,,,,,,,,,,,,,,not_available,,,,not_available,,,,,,,,,,,,,,,,,,,,,,,,,,,,,,,,,,,,,,,,,,,,,,,,,,,,,,,,,,,,,,,,,,,,,,,,,,,,,,,,,,,,,,,,,,,,,,,,0.8772169167803547,0.8165760869565217,0.7284848484848485,825,0.9289026275115919,647,"[[1328,224],[46,601]]",0.9077238550922762,0.9665211062590975,1374,0.8556701030927835,1552,0.8621499710243989,0.8621499710243989,2199,0.8995363214837713,"[[315,28],[37,267]]",0.9064748201438849,0.8948863636363636,352,0.9183673469387755,343,0.8914858096828047,0.9050847457627119,295,0.8782894736842105,304,0.8989803149133448,0.8989803149133448,647,0.8526603001364257,"[[1328,166,58],[29,286,28],[17,26,261]]",0.9077238550922762,0.9665211062590975,1374,0.8556701030927835,1552,0.6967113276492083,0.5983263598326359,478,0.8338192419825073,343,0.8018433179723502,0.7521613832853026,347,0.8585526315789473,304,0.8020928335712783,0.8020928335712783,2199,0.8341013824884793,reported_denominator,fixed_model_independent_both_hand_references_valid_cohort,,44.907737731933594,22.449968338012695,17.67283058166504,14.67143726348877,20.841806411743164,,c1b6f47c13c119afe8a5cab1fe3c4cecf0df3e5792e49c305ae52aa13d266288,181,217,0.9407894736842105,"[[73,17],[1,213]]",0.8902439024390244,0.9864864864864865,74,0.8111111111111111,90,0.924851680949242,0.924851680949242,0.9594594594594595,0.9260869565217391,230,0.9953271028037384,214,304,2199,e65fda6e350b016156730a27eefd2764798e605c4bfcbe5ed08d2653b912df3c,primary_t_plus_1_future_wrist,190413,GRU
fe4421682c9e0467e241b3bf156e0fead341b1566db6c70ec6509fd1c1f12336,14,best_intention,/home/eker/Master-Thesis---Multi-modal-User-Intention-Estimation-and-Hand-Position-Prediction/Training/runs/dataset_v3_causal_20260815_n214_5d136a34/thesis_final_v2_validation/baseline_gru/baseline_gru_seed44/best_model.pt,validation_intention_macro_f1,validation,0.9120515275547381,aba5095247beb226aee8042728368160b7d106586497287ce891e87b493d0e27,339c313d56c7be8564a3035cd8334bad103e15659315c33135e96b95e820245a,dataset_v3_causal_20260815_n214_5d136a34,49.87445068359375,35.60970687866211,19.67789649963379,19.08353042602539,21.63095474243164,217,,,,,,,,baseline_gru,backbone,baseline,True,thesis_final_v2_corrected_alignment,hierarchical_gru,main_learned_output,learned_end_to_end_fixed_both_reference_cohort,single_validation_selected_executable_checkpoint,44,a87834b20f7275293e3cba47e96565ef55f27895dff49dc82499d5a20efe4d21,b2cfd10991c5638277795aadcabfd322d3e9eb41dffb70696b63dc657f5f22cb,/home/eker/Master-Thesis---Multi-modal-User-Intention-Estimation-and-Hand-Position-Prediction/Training/reports/dataset_v3_causal_20260815_n214_5d136a34/thesis_final_v2_corrected_alignment/final_test/baseline_gru_seed44.json,cf7540c407ef5f0eb5988c245af91949b0321ea900d60cff8565aeed3f8e1796,Training/runs/dataset_v3_causal_20260815_n214_5d136a34/thesis_final_v2_validation/baseline_gru/baseline_gru_seed44,,,,,,,,,,,,,,,,,,,,,,,,,,,,,not_available,,,,not_available,,,,,,,,,,,,,,,,,,,,,,,,,,,,,,,,,,,,,,,,,,,,,,,,,,,,,,,,,,,,,,,,,,,,,,,,,,,,,,,,,,,,,,,,,,,,,,,,0.8913142337426103,0.831333803810868,0.7649350649350649,770,0.910355486862442,647,"[[1371,181],[58,589]]",0.9198255618919826,0.9594121763470959,1429,0.8833762886597938,1552,0.8755796828514253,0.8755796828514253,2199,0.9072642967542504,"[[320,23],[37,267]]",0.9142857142857144,0.896358543417367,357,0.9329446064139941,343,0.898989898989899,0.9206896551724137,290,0.8782894736842105,304,0.9066378066378067,0.9066378066378067,647,0.8708503865393361,"[[1371,126,55],[39,283,21],[19,24,261]]",0.9198255618919826,0.9594121763470959,1429,0.8833762886597938,1552,0.729381443298969,0.6535796766743649,433,0.8250728862973761,343,0.814352574102964,0.7744807121661721,337,0.8585526315789473,304,0.8211865264313053,0.8211865264313053,2199,0.8341013824884793,reported_denominator,fixed_model_independent_both_hand_references_valid_cohort,,43.792938232421875,30.444988250732422,19.581893920898438,18.513996124267578,21.53879165649414,,c1b6f47c13c119afe8a5cab1fe3c4cecf0df3e5792e49c305ae52aa13d266288,181,217,0.9177631578947368,"[[65,25],[0,214]]",0.8387096774193548,1.0,65,0.7222222222222222,90,0.89176101972513,0.89176101972513,0.9448123620309051,0.895397489539749,239,1.0,214,304,2199,e65fda6e350b016156730a27eefd2764798e605c4bfcbe5ed08d2653b912df3c,primary_t_plus_1_future_wrist,190413,GRU
4a53b8a199bd0df3bb6733d93e36ce744e17e4047b66926cd96d7fb20ecf7c61,13,best_intention,/home/eker/Master-Thesis---Multi-modal-User-Intention-Estimation-and-Hand-Position-Prediction/Training/runs/dataset_v3_causal_20260815_n214_5d136a34/thesis_final_v2_validation/baseline_transformer/baseline_transformer_seed42/best_model.pt,validation_intention_macro_f1,validation,0.8678121403184108,1d57a912cafbb91890b58452727fa00450f97c9ac099f7543e61f090ce688b1a,339c313d56c7be8564a3035cd8334bad103e15659315c33135e96b95e820245a,dataset_v3_causal_20260815_n214_5d136a34,46.18617248535156,29.577285766601562,18.13289451599121,15.142138481140137,22.41304588317871,217,,,,,,,,baseline_transformer,backbone,baseline,True,thesis_final_v2_corrected_alignment,hierarchical_gated_multimodal_transformer,main_learned_output,learned_end_to_end_fixed_both_reference_cohort,single_validation_selected_executable_checkpoint,42,a87834b20f7275293e3cba47e96565ef55f27895dff49dc82499d5a20efe4d21,b2cfd10991c5638277795aadcabfd322d3e9eb41dffb70696b63dc657f5f22cb,/home/eker/Master-Thesis---Multi-modal-User-Intention-Estimation-and-Hand-Position-Prediction/Training/reports/dataset_v3_causal_20260815_n214_5d136a34/thesis_final_v2_corrected_alignment/final_test/baseline_transformer_seed42.json,0520e1120af79c12a818d119b3b26cb5d78fb53bae37ae15c68e011c36064c81,Training/runs/dataset_v3_causal_20260815_n214_5d136a34/thesis_final_v2_validation/baseline_transformer/baseline_transformer_seed42,,,,,,,,,,,,,,,,,,,,,,,,,,,,,not_available,,,,not_available,,,,,,,,,,,,,,,,,,,,,,,,,,,,,,,,,,,,,,,,,,,,,,,,,,,,,,,,,,,,,,,,,,,,,,,,,,,,,,,,,,,,,,,,,,,,,,,,0.8908594815825375,0.8340248962655601,0.7546933667083855,799,0.9319938176197836,647,"[[1356,196],[44,603]]",0.9186991869918699,0.9685714285714285,1400,0.8737113402061856,1552,0.876362041628715,0.876362041628715,2199,0.919629057187017,"[[315,28],[24,280]]",0.9237536656891496,0.9292035398230089,339,0.9183673469387755,343,0.915032679738562,0.9090909090909091,308,0.9210526315789473,304,0.9193931727138558,0.9193931727138558,647,0.8708503865393361,"[[1356,120,76],[33,286,24],[11,20,273]]",0.9186991869918699,0.9685714285714285,1400,0.8737113402061856,1552,0.7438231469440834,0.6713615023474179,426,0.8338192419825073,343,0.8064992614475629,0.7319034852546917,373,0.8980263157894737,304,0.823007198461172,0.823007198461172,2199,0.8341013824884793,reported_denominator,fixed_model_independent_both_hand_references_valid_cohort,,46.163700103759766,30.405006408691406,19.309656143188477,15.498122215270996,23.603595733642578,,c1b6f47c13c119afe8a5cab1fe3c4cecf0df3e5792e49c305ae52aa13d266288,181,217,0.9769736842105263,"[[84,6],[1,213]]",0.96,0.9882352941176471,85,0.9333333333333333,90,0.9719168591224019,0.9719168591224019,0.9838337182448037,0.9726027397260274,219,0.9953271028037384,214,304,2199,e65fda6e350b016156730a27eefd2764798e605c4bfcbe5ed08d2653b912df3c,primary_t_plus_1_future_wrist,183887,temporal_channel_transformer
8b783c36daff63a56175955deb8c024f456b9c8f5e270f0c4a566eea2ca531c5,10,best_intention,/home/eker/Master-Thesis---Multi-modal-User-Intention-Estimation-and-Hand-Position-Prediction/Training/runs/dataset_v3_causal_20260815_n214_5d136a34/thesis_final_v2_validation/baseline_transformer/baseline_transformer_seed43/best_model.pt,validation_intention_macro_f1,validation,0.8765657212464469,2a697104757a7ae856ebc3e2e57a2de10e27895224e902769713509c2d47ea5b,339c313d56c7be8564a3035cd8334bad103e15659315c33135e96b95e820245a,dataset_v3_causal_20260815_n214_5d136a34,52.12123489379883,38.1369743347168,20.707162857055664,15.822653770446777,24.71285629272461,217,,,,,,,,baseline_transformer,backbone,baseline,True,thesis_final_v2_corrected_alignment,hierarchical_gated_multimodal_transformer,main_learned_output,learned_end_to_end_fixed_both_reference_cohort,single_validation_selected_executable_checkpoint,43,a87834b20f7275293e3cba47e96565ef55f27895dff49dc82499d5a20efe4d21,b2cfd10991c5638277795aadcabfd322d3e9eb41dffb70696b63dc657f5f22cb,/home/eker/Master-Thesis---Multi-modal-User-Intention-Estimation-and-Hand-Position-Prediction/Training/reports/dataset_v3_causal_20260815_n214_5d136a34/thesis_final_v2_corrected_alignment/final_test/baseline_transformer_seed43.json,7a9c6add541543ced0e30c1755a36b3f1d02ad50096ab22add27cef986041aff,Training/runs/dataset_v3_causal_20260815_n214_5d136a34/thesis_final_v2_validation/baseline_transformer/baseline_transformer_seed43,,,,,,,,,,,,,,,,,,,,,,,,,,,,,not_available,,,,not_available,,,,,,,,,,,,,,,,,,,,,,,,,,,,,,,,,,,,,,,,,,,,,,,,,,,,,,,,,,,,,,,,,,,,,,,,,,,,,,,,,,,,,,,,,,,,,,,,0.8813096862210096,0.8170988086895586,0.7474358974358974,780,0.9010819165378671,647,"[[1355,197],[64,583]]",0.9121507909794682,0.9548978153629316,1419,0.8730670103092784,1552,0.8646247998345133,0.8646247998345133,2199,0.8948995363214838,"[[310,33],[35,269]]",0.9011627906976745,0.8985507246376812,345,0.9037900874635568,343,0.8877887788778879,0.890728476821192,302,0.8848684210526315,304,0.8944757847877811,0.8944757847877811,647,0.8567530695770805,"[[1355,139,58],[45,267,31],[19,23,262]]",0.9121507909794682,0.9548978153629316,1419,0.8730670103092784,1552,0.6917098445595855,0.6223776223776224,429,0.7784256559766763,343,0.8,0.7464387464387464,351,0.8618421052631579,304,0.8012868785130179,0.8012868785130179,2199,0.8341013824884793,reported_denominator,fixed_model_independent_both_hand_references_valid_cohort,,50.010860443115234,30.949899673461914,20.474151611328125,15.216900825500488,24.644145965576172,,c1b6f47c13c119afe8a5cab1fe3c4cecf0df3e5792e49c305ae52aa13d266288,181,217,0.9572368421052632,"[[77,13],[0,214]]",0.9221556886227544,1.0,77,0.8555555555555555,90,0.9463386152864339,0.9463386152864339,0.9705215419501134,0.9427312775330396,227,1.0,214,304,2199,e65fda6e350b016156730a27eefd2764798e605c4bfcbe5ed08d2653b912df3c,primary_t_plus_1_future_wrist,183887,temporal_channel_transformer
1328ed2f3f73e2862396d92432563406db00a4b14b5143b9e24dba5bdf134312,13,best_intention,/home/eker/Master-Thesis---Multi-modal-User-Intention-Estimation-and-Hand-Position-Prediction/Training/runs/dataset_v3_causal_20260815_n214_5d136a34/thesis_final_v2_validation/baseline_transformer/baseline_transformer_seed44/best_model.pt,validation_intention_macro_f1,validation,0.871893711929071,d6ffa61b3c0c6e43964fdef4baedac11c5b63d738c68d65034e7ed3f7005a71c,339c313d56c7be8564a3035cd8334bad103e15659315c33135e96b95e820245a,dataset_v3_causal_20260815_n214_5d136a34,48.26540756225586,26.875551223754883,17.766490936279297,14.227773666381836,21.508832931518555,217,,,,,,,,baseline_transformer,backbone,baseline,True,thesis_final_v2_corrected_alignment,hierarchical_gated_multimodal_transformer,main_learned_output,learned_end_to_end_fixed_both_reference_cohort,single_validation_selected_executable_checkpoint,44,a87834b20f7275293e3cba47e96565ef55f27895dff49dc82499d5a20efe4d21,b2cfd10991c5638277795aadcabfd322d3e9eb41dffb70696b63dc657f5f22cb,/home/eker/Master-Thesis---Multi-modal-User-Intention-Estimation-and-Hand-Position-Prediction/Training/reports/dataset_v3_causal_20260815_n214_5d136a34/thesis_final_v2_corrected_alignment/final_test/baseline_transformer_seed44.json,1ec61b966f6a58dab2a96f114486746e57b7ee5b449364c3f135e1dfa0fc7af2,Training/runs/dataset_v3_causal_20260815_n214_5d136a34/thesis_final_v2_validation/baseline_transformer/baseline_transformer_seed44,,,,,,,,,,,,,,,,,,,,,,,,,,,,,not_available,,,,not_available,,,,,,,,,,,,,,,,,,,,,,,,,,,,,,,,,,,,,,,,,,,,,,,,,,,,,,,,,,,,,,,,,,,,,,,,,,,,,,,,,,,,,,,,,,,,,,,,0.8817644383810823,0.8233695652173914,0.7345454545454545,825,0.9366306027820711,647,"[[1333,219],[41,606]]",0.9111414900888585,0.970160116448326,1374,0.8588917525773195,1552,0.8672555276531249,0.8672555276531249,2199,0.8979907264296755,"[[295,48],[18,286]]",0.899390243902439,0.9424920127795527,313,0.8600583090379009,343,0.896551724137931,0.8562874251497006,334,0.9407894736842105,304,0.897970984020185,0.897970984020185,647,0.8535698044565712,"[[1333,107,112],[27,268,48],[14,14,276]]",0.9111414900888585,0.970160116448326,1374,0.8588917525773195,1552,0.7322404371584701,0.6889460154241646,389,0.7813411078717201,343,0.745945945945946,0.6330275229357798,436,0.9078947368421053,304,0.7964426243977581,0.7964426243977581,2199,0.8341013824884793,reported_denominator,fixed_model_independent_both_hand_references_valid_cohort,,47.23807144165039,24.24019432067871,18.496776580810547,14.247068405151367,22.54557228088379,,c1b6f47c13c119afe8a5cab1fe3c4cecf0df3e5792e49c305ae52aa13d266288,181,217,0.9638157894736842,"[[79,11],[0,214]]",0.9349112426035503,1.0,79,0.8777777777777778,90,0.9549271474976749,0.9549271474976749,0.9749430523917996,0.9511111111111111,225,1.0,214,304,2199,e65fda6e350b016156730a27eefd2764798e605c4bfcbe5ed08d2653b912df3c,primary_t_plus_1_future_wrist,183887,temporal_channel_transformer
feb0271c8efe1e87c29ecffe8328e85fa77aa51a396fe5aa7aabd5766ca9c791,7,best_intention,/home/eker/Master-Thesis---Multi-modal-User-Intention-Estimation-and-Hand-Position-Prediction/Training/runs/dataset_v3_causal_20260815_n214_5d136a34/thesis_final_v2_validation/residual_current_gate/residual_current_gate_seed42/best_intention_model.pt,validation_intention_macro_f1,validation,0.8759980963152763,b3c1d755e71912e468d4fcb7f18c81f3b83a9ab6e45085dbfd669c1c4a835736,339c313d56c7be8564a3035cd8334bad103e15659315c33135e96b95e820245a,dataset_v3_causal_20260815_n214_5d136a34,44.62278366088867,20.780733108520508,15.57966136932373,8.850831031799316,20.825157165527344,217,,,,,,,,residual_current_gate,fusion,primary,True,thesis_final_v2_corrected_alignment,hierarchical_residual_pose_transformer_v2,main_learned_output,learned_end_to_end_fixed_both_reference_cohort,single_validation_selected_executable_checkpoint,42,a87834b20f7275293e3cba47e96565ef55f27895dff49dc82499d5a20efe4d21,b2cfd10991c5638277795aadcabfd322d3e9eb41dffb70696b63dc657f5f22cb,/home/eker/Master-Thesis---Multi-modal-User-Intention-Estimation-and-Hand-Position-Prediction/Training/reports/dataset_v3_causal_20260815_n214_5d136a34/thesis_final_v2_corrected_alignment/final_test/residual_current_gate_seed42.json,14e024ca0b26abddeed42bfd838ab184662216686f806682940a81bee5a35275,Training/runs/dataset_v3_causal_20260815_n214_5d136a34/thesis_final_v2_validation/residual_current_gate/residual_current_gate_seed42,217,87,304,0.9844559585492227,190,0.8755760368663594,,193,0.8894009216589862,1.0,190,0.8755760368663594,0.5894736842105263,112,0.5161290322580645,0.6736842105263158,128,0.5898617511520737,0.7210526315789474,137,0.631336405529954,0.4105263157894737,78,0.35944700460829493,2f7aad9b5040901e139d9d00846ea9080ae733524b26493d9be3cac9a6b3a11d,"Ground-truth handover with a valid t+1 receiving-wrist target; success requires predicted handover, the correct receiving hand, an available learned predicted-hand pose, and Euclidean position error strictly below the threshold.",learned_end_to_end,predicted_position_error_cm,available_checkpoint_bound,0.7138157894736842,"{""fallbacks"":""none"",""maximum_observation_age_seconds"":0.25,""velocity_lookback_seconds"":0.5,""minimum_velocity_fit_span_seconds"":0.1,""timestamp_basis"":""hand_timestamp_ns source captures"",""constant_velocity_prediction_horizon"":""endpoint timestamp_ns + future_horizon_seconds; the future target capture timestamp is evaluation metadata only"",""constant_velocity_orientation"":""zero angular velocity; latest valid quaternion is held""}",f86a7db790bfead345587ced989c79b82674557dab77f36d531a5e56253f9559,available_checkpoint_bound,42.04896856236211,15.505820107708042,33.49035494558316,28.088438737903104,47.923339307254395,213,0.9815668202764977,41.16027500453339,19.73458576245321,15.176632279308102,8.409381579435436,20.394263288188725,213,42.04896856236211,15.505820107708042,14.80422205700099,6.342896434320831,22.30791016833363,213,217,ground_truth_receiving_hand,e872d791bc71d09c7e494216ff9808761760d830dcfee58506f3833e7f29a9f7,213,/home/eker/Master-Thesis---Multi-modal-User-Intention-Estimation-and-Hand-Position-Prediction/Training/reports/dataset_v3_causal_20260815_n214_5d136a34/thesis_final_v2_corrected_alignment/postprocess/residual_current_gate_seed42/grouped_metrics.json,60c067bf07a1275bcf383a59363d9c8fb5062b5775ae99a4175ec4796fb6bbb7,,,,,,,,,,,,,,,,,,,,,,,,,,,,,,,,,,,,,,,,,,,,,,,,,,,,,,,,,,,,,,,,,,,,,,,0.8999545247839927,0.84593837535014,0.7733674775928298,781,0.9335394126738794,647,"[[1375,177],[43,604]]",0.9259259259259259,0.9696755994358252,1418,0.8859536082474226,1552,0.885932150638033,0.885932150638033,2199,0.9227202472952086,"[[326,17],[33,271]]",0.9287749287749287,0.9080779944289693,359,0.9504373177842566,343,0.9155405405405405,0.9409722222222222,288,0.8914473684210527,304,0.9221577346577345,0.9221577346577345,647,0.8790359254206458,"[[1375,107,70],[33,293,17],[10,29,265]]",0.9259259259259259,0.9696755994358252,1418,0.8859536082474226,1552,0.7590673575129532,0.682983682983683,429,0.8542274052478134,343,0.8079268292682926,0.7528409090909091,352,0.8717105263157895,304,0.8309733709023904,0.8309733709023904,2199,0.8341013824884793,reported_denominator,fixed_model_independent_both_hand_references_valid_cohort,214,48.227943420410156,26.126432418823242,16.659137725830078,12.042243003845215,21.57915687561035,217,c1b6f47c13c119afe8a5cab1fe3c4cecf0df3e5792e49c305ae52aa13d266288,181,217,0.9605263157894737,"[[78,12],[0,214]]",0.9285714285714286,1.0,78,0.8666666666666667,90,0.9506493506493507,0.9506493506493507,0.9727272727272728,0.9469026548672567,226,1.0,214,304,2199,e65fda6e350b016156730a27eefd2764798e605c4bfcbe5ed08d2653b912df3c,primary_t_plus_1_future_wrist,184015,temporal_channel_gated
ffe6841a37686a1baa21367f8e6111edf2d5d01dfba30879e0031ebb09857466,3,best_intention,/home/eker/Master-Thesis---Multi-modal-User-Intention-Estimation-and-Hand-Position-Prediction/Training/runs/dataset_v3_causal_20260815_n214_5d136a34/thesis_final_v2_validation/residual_current_gate/residual_current_gate_seed43/best_intention_model.pt,validation_intention_macro_f1,validation,0.8721469364142983,565d6262820a6505e64bb60f991de297b1f37ec3930f31f9a36e48746a20a0d0,339c313d56c7be8564a3035cd8334bad103e15659315c33135e96b95e820245a,dataset_v3_causal_20260815_n214_5d136a34,45.70512390136719,23.31515884399414,15.344696044921875,8.368001937866211,20.133556365966797,217,,,,,,,,residual_current_gate,fusion,primary,True,thesis_final_v2_corrected_alignment,hierarchical_residual_pose_transformer_v2,main_learned_output,learned_end_to_end_fixed_both_reference_cohort,single_validation_selected_executable_checkpoint,43,a87834b20f7275293e3cba47e96565ef55f27895dff49dc82499d5a20efe4d21,b2cfd10991c5638277795aadcabfd322d3e9eb41dffb70696b63dc657f5f22cb,/home/eker/Master-Thesis---Multi-modal-User-Intention-Estimation-and-Hand-Position-Prediction/Training/reports/dataset_v3_causal_20260815_n214_5d136a34/thesis_final_v2_corrected_alignment/final_test/residual_current_gate_seed43.json,16eafaa462793b47682295773b47cc9c5bd250da39b31ce456b4e101a36e8317,Training/runs/dataset_v3_causal_20260815_n214_5d136a34/thesis_final_v2_validation/residual_current_gate/residual_current_gate_seed43,217,87,304,0.9846153846153847,192,0.8847926267281107,,195,0.8986175115207373,1.0,192,0.8847926267281107,0.578125,111,0.511520737327189,0.6614583333333334,127,0.5852534562211982,0.734375,141,0.6497695852534562,0.25,48,0.22119815668202766,2f7aad9b5040901e139d9d00846ea9080ae733524b26493d9be3cac9a6b3a11d,"Ground-truth handover with a valid t+1 receiving-wrist target; success requires predicted handover, the correct receiving hand, an available learned predicted-hand pose, and Euclidean position error strictly below the threshold.",learned_end_to_end,predicted_position_error_cm,available_checkpoint_bound,0.7138157894736842,"{""fallbacks"":""none"",""maximum_observation_age_seconds"":0.25,""velocity_lookback_seconds"":0.5,""minimum_velocity_fit_span_seconds"":0.1,""timestamp_basis"":""hand_timestamp_ns source captures"",""constant_velocity_prediction_horizon"":""endpoint timestamp_ns + future_horizon_seconds; the future target capture timestamp is evaluation metadata only"",""constant_velocity_orientation"":""zero angular velocity; latest valid quaternion is held""}",f86a7db790bfead345587ced989c79b82674557dab77f36d531a5e56253f9559,available_checkpoint_bound,42.04896856236211,15.505820107708042,33.49035494558316,28.088438737903104,47.923339307254395,213,0.9815668202764977,42.079580836001824,22.921546015134577,14.963386127687317,8.199088036158908,19.724723054521593,213,42.04896856236211,15.505820107708042,14.80422205700099,6.342896434320831,22.30791016833363,213,217,ground_truth_receiving_hand,e872d791bc71d09c7e494216ff9808761760d830dcfee58506f3833e7f29a9f7,213,/home/eker/Master-Thesis---Multi-modal-User-Intention-Estimation-and-Hand-Position-Prediction/Training/reports/dataset_v3_causal_20260815_n214_5d136a34/thesis_final_v2_corrected_alignment/postprocess/residual_current_gate_seed43/grouped_metrics.json,da141d83ed57ebaa24fdf16a944ef007f89f89d57bfd4a998512ea262778a38a,,,,,,,,,,,,,,,,,,,,,,,,,,,,,,,,,,,,,,,,,,,,,,,,,,,,,,,,,,,,,,,,,,,,,,,0.9085948158253752,0.8629856850715746,0.7719512195121951,820,0.9783616692426584,647,"[[1365,187],[14,633]]",0.9314227226202662,0.9898477157360406,1379,0.8795103092783505,1552,0.8972042038459204,0.8972042038459204,2199,0.9149922720247295,"[[318,25],[30,274]]",0.9204052098408104,0.9137931034482759,348,0.9271137026239067,343,0.9087893864013266,0.9163879598662207,299,0.9013157894736842,304,0.9145972981210685,0.9145972981210685,647,0.8858572078217372,"[[1365,124,63],[5,313,25],[9,25,270]]",0.9314227226202662,0.9898477157360406,1379,0.8795103092783505,1552,0.7776397515527951,0.6774891774891775,462,0.9125364431486881,343,0.8157099697885197,0.7541899441340782,358,0.8881578947368421,304,0.8415908146538603,0.8415908146538603,2199,0.8341013824884793,reported_denominator,fixed_model_independent_both_hand_references_valid_cohort,214,49.629695892333984,32.51736831665039,16.779598236083984,12.625927925109863,20.957359313964844,217,c1b6f47c13c119afe8a5cab1fe3c4cecf0df3e5792e49c305ae52aa13d266288,181,217,0.9671052631578947,"[[80,10],[0,214]]",0.9411764705882353,1.0,80,0.8888888888888888,90,0.9591727101799624,0.9591727101799624,0.9771689497716896,0.9553571428571429,224,1.0,214,304,2199,e65fda6e350b016156730a27eefd2764798e605c4bfcbe5ed08d2653b912df3c,primary_t_plus_1_future_wrist,184015,temporal_channel_gated
a04a01fe515477e48949e3227eea6d8b53146e08bac4b7a4adfb90a3f6db250f,10,best_intention,/home/eker/Master-Thesis---Multi-modal-User-Intention-Estimation-and-Hand-Position-Prediction/Training/runs/dataset_v3_causal_20260815_n214_5d136a34/thesis_final_v2_validation/residual_current_gate/residual_current_gate_seed44/best_intention_model.pt,validation_intention_macro_f1,validation,0.8755179451412558,9019ecb1d67ceae34fb6f47f17bc4cd8ce5661b7f889c0d0678d87ee8cdf3551,339c313d56c7be8564a3035cd8334bad103e15659315c33135e96b95e820245a,dataset_v3_causal_20260815_n214_5d136a34,43.25684356689453,22.27614402770996,14.985597610473633,8.437032699584961,20.52713394165039,217,,,,,,,,residual_current_gate,fusion,primary,True,thesis_final_v2_corrected_alignment,hierarchical_residual_pose_transformer_v2,main_learned_output,learned_end_to_end_fixed_both_reference_cohort,single_validation_selected_executable_checkpoint,44,a87834b20f7275293e3cba47e96565ef55f27895dff49dc82499d5a20efe4d21,b2cfd10991c5638277795aadcabfd322d3e9eb41dffb70696b63dc657f5f22cb,/home/eker/Master-Thesis---Multi-modal-User-Intention-Estimation-and-Hand-Position-Prediction/Training/reports/dataset_v3_causal_20260815_n214_5d136a34/thesis_final_v2_corrected_alignment/final_test/residual_current_gate_seed44.json,62a8205453bfe3ff9c475591af98dbff69042ab08b1f8689b3611fe0378e75ef,Training/runs/dataset_v3_causal_20260815_n214_5d136a34/thesis_final_v2_validation/residual_current_gate/residual_current_gate_seed44,217,87,304,0.9847715736040609,194,0.8940092165898618,,197,0.9078341013824884,1.0,194,0.8940092165898618,0.5979381443298969,116,0.5345622119815668,0.6649484536082474,129,0.5944700460829493,0.7164948453608248,139,0.6405529953917051,0.4639175257731959,90,0.4147465437788018,2f7aad9b5040901e139d9d00846ea9080ae733524b26493d9be3cac9a6b3a11d,"Ground-truth handover with a valid t+1 receiving-wrist target; success requires predicted handover, the correct receiving hand, an available learned predicted-hand pose, and Euclidean position error strictly below the threshold.",learned_end_to_end,predicted_position_error_cm,available_checkpoint_bound,0.7138157894736842,"{""fallbacks"":""none"",""maximum_observation_age_seconds"":0.25,""velocity_lookback_seconds"":0.5,""minimum_velocity_fit_span_seconds"":0.1,""timestamp_basis"":""hand_timestamp_ns source captures"",""constant_velocity_prediction_horizon"":""endpoint timestamp_ns + future_horizon_seconds; the future target capture timestamp is evaluation metadata only"",""constant_velocity_orientation"":""zero angular velocity; latest valid quaternion is held""}",f86a7db790bfead345587ced989c79b82674557dab77f36d531a5e56253f9559,available_checkpoint_bound,42.04896856236211,15.505820107708042,33.49035494558316,28.088438737903104,47.923339307254395,213,0.9815668202764977,40.28003902555684,21.70565434465809,14.569900923092709,7.918180432462043,20.080518903945112,213,42.04896856236211,15.505820107708042,14.80422205700099,6.342896434320831,22.30791016833363,213,217,ground_truth_receiving_hand,e872d791bc71d09c7e494216ff9808761760d830dcfee58506f3833e7f29a9f7,213,/home/eker/Master-Thesis---Multi-modal-User-Intention-Estimation-and-Hand-Position-Prediction/Training/reports/dataset_v3_causal_20260815_n214_5d136a34/thesis_final_v2_corrected_alignment/postprocess/residual_current_gate_seed44/grouped_metrics.json,d22ceb18429ff78659e04b7b6db356c9901ec1178b4b9843dae98ea606c64bcc,,,,,,,,,,,,,,,,,,,,,,,,,,,,,,,,,,,,,,,,,,,,,,,,,,,,,,,,,,,,,,,,,,,,,,,0.8708503865393361,0.8116710875331565,0.710801393728223,861,0.9459041731066461,647,"[[1303,249],[35,612]]",0.9017301038062284,0.9738415545590433,1338,0.8395618556701031,1552,0.8567005956696925,0.8567005956696925,2199,0.9412673879443586,"[[333,10],[28,276]]",0.9460227272727273,0.9224376731301939,361,0.9708454810495627,343,0.9355932203389831,0.965034965034965,286,0.9078947368421053,304,0.9408079738058552,0.9408079738058552,647,0.8544793087767167,"[[1303,153,96],[26,308,9],[9,27,268]]",0.9017301038062284,0.9738415545590433,1338,0.8395618556701031,1552,0.7412755716004814,0.6311475409836066,488,0.8979591836734694,343,0.7917282127031019,0.7184986595174263,373,0.881578947368421,304,0.8115779627032705,0.8115779627032705,2199,0.8341013824884793,reported_denominator,fixed_model_independent_both_hand_references_valid_cohort,214,46.2789192199707,25.94757080078125,16.195507049560547,11.441904067993164,21.354637145996094,217,c1b6f47c13c119afe8a5cab1fe3c4cecf0df3e5792e49c305ae52aa13d266288,181,217,0.9473684210526315,"[[74,16],[0,214]]",0.9024390243902439,1.0,74,0.8222222222222222,90,0.9332014941771039,0.9332014941771039,0.9639639639639639,0.9304347826086956,230,1.0,214,304,2199,e65fda6e350b016156730a27eefd2764798e605c4bfcbe5ed08d2653b912df3c,primary_t_plus_1_future_wrist,184015,temporal_channel_gated
adfc494f2b31bc88cf786f1a785c856a39e7128ab89f5544cecbcdf295a2ff93,5,best_intention,/home/eker/Master-Thesis---Multi-modal-User-Intention-Estimation-and-Hand-Position-Prediction/Training/runs/dataset_v3_causal_20260815_n214_5d136a34/thesis_final_v2_validation/residual_simple_gate/residual_simple_gate_seed42/best_intention_model.pt,validation_intention_macro_f1,validation,0.8589443977794043,6af52f2543783bea39ef62a37dee491d866e229a6cafe1673cdda493c321389e,339c313d56c7be8564a3035cd8334bad103e15659315c33135e96b95e820245a,dataset_v3_causal_20260815_n214_5d136a34,42.42026901245117,19.140911102294922,14.650660514831543,8.192537307739258,20.07356834411621,217,,,,,,,,residual_simple_gate,fusion,architecture_ablation,True,thesis_final_v2_corrected_alignment,hierarchical_residual_pose_transformer_v2,main_learned_output,learned_end_to_end_fixed_both_reference_cohort,single_validation_selected_executable_checkpoint,42,a87834b20f7275293e3cba47e96565ef55f27895dff49dc82499d5a20efe4d21,b2cfd10991c5638277795aadcabfd322d3e9eb41dffb70696b63dc657f5f22cb,/home/eker/Master-Thesis---Multi-modal-User-Intention-Estimation-and-Hand-Position-Prediction/Training/reports/dataset_v3_causal_20260815_n214_5d136a34/thesis_final_v2_corrected_alignment/final_test/residual_simple_gate_seed42.json,59cb35bf30ef38268e24e1564a910d67201155bc03a1d3dae1ae816344f34b52,Training/runs/dataset_v3_causal_20260815_n214_5d136a34/thesis_final_v2_validation/residual_simple_gate/residual_simple_gate_seed42,,,,,,,,,,,,,,,,,,,,,,,,,,,,,not_available,,,,not_available,,,,,,,,,,,,,,,,,,,,,,,,,,,,,,,,,,,,,,,,,,,,,,,,,,,,,,,,,,,,,,,,,,,,,,,,,,,,,,,,,,,,,,,,,,,,,,,,0.9035925420645748,0.8521617852161785,0.7763659466327827,787,0.9443585780525502,647,"[[1376,176],[36,611]]",0.9284750337381916,0.9745042492917847,1412,0.8865979381443299,1552,0.890318409477185,0.890318409477185,2199,0.9335394126738794,"[[317,26],[17,287]]",0.9364844903988183,0.9491017964071856,334,0.924198250728863,343,0.9303079416531604,0.9169329073482428,313,0.944078947368421,304,0.9333962160259894,0.9333962160259894,647,0.8844929513415188,"[[1376,111,65],[27,291,25],[9,17,278]]",0.9284750337381916,0.9745042492917847,1412,0.8865979381443299,1552,0.763779527559055,0.6945107398568019,419,0.8483965014577259,343,0.8273809523809524,0.7554347826086957,368,0.9144736842105263,304,0.8398785045593997,0.8398785045593997,2199,0.8341013824884793,reported_denominator,fixed_model_independent_both_hand_references_valid_cohort,214,46.12582015991211,25.752017974853516,15.864792823791504,11.714276313781738,21.03839874267578,217,c1b6f47c13c119afe8a5cab1fe3c4cecf0df3e5792e49c305ae52aa13d266288,181,217,0.9638157894736842,"[[79,11],[0,214]]",0.9349112426035503,1.0,79,0.8777777777777778,90,0.9549271474976749,0.9549271474976749,0.9749430523917996,0.9511111111111111,225,1.0,214,304,2199,e65fda6e350b016156730a27eefd2764798e605c4bfcbe5ed08d2653b912df3c,primary_t_plus_1_future_wrist,175629,temporal_channel_simple
28253ef4f3053cab4e9778eac33639db06ac7db7bd70e91851aedb681620ceb0,5,best_intention,/home/eker/Master-Thesis---Multi-modal-User-Intention-Estimation-and-Hand-Position-Prediction/Training/runs/dataset_v3_causal_20260815_n214_5d136a34/thesis_final_v2_validation/residual_simple_gate/residual_simple_gate_seed43/best_intention_model.pt,validation_intention_macro_f1,validation,0.8802246532434954,7d6e1ecb3b31b5175d884a25a2e2b70cd90aa5104a99136738fcae54ab0d2ab0,339c313d56c7be8564a3035cd8334bad103e15659315c33135e96b95e820245a,dataset_v3_causal_20260815_n214_5d136a34,46.551517486572266,22.199182510375977,15.65748405456543,9.915855407714844,20.31291961669922,213,,,,,,,,residual_simple_gate,fusion,architecture_ablation,True,thesis_final_v2_corrected_alignment,hierarchical_residual_pose_transformer_v2,main_learned_output,learned_end_to_end_fixed_both_reference_cohort,single_validation_selected_executable_checkpoint,43,a87834b20f7275293e3cba47e96565ef55f27895dff49dc82499d5a20efe4d21,b2cfd10991c5638277795aadcabfd322d3e9eb41dffb70696b63dc657f5f22cb,/home/eker/Master-Thesis---Multi-modal-User-Intention-Estimation-and-Hand-Position-Prediction/Training/reports/dataset_v3_causal_20260815_n214_5d136a34/thesis_final_v2_corrected_alignment/final_test/residual_simple_gate_seed43.json,273786792964951e6b5dbe07a7f54e86a4c9699cbc4307c277a17b6ac7bcd661,Training/runs/dataset_v3_causal_20260815_n214_5d136a34/thesis_final_v2_validation/residual_simple_gate/residual_simple_gate_seed43,,,,,,,,,,,,,,,,,,,,,,,,,,,,,not_available,,,,not_available,,,,,,,,,,,,,,,,,,,,,,,,,,,,,,,,,,,,,,,,,,,,,,,,,,,,,,,,,,,,,,,,,,,,,,,,,,,,,,,,,,,,,,,,,,,,,,,,0.8944974988631196,0.8382147838214785,0.7636594663278272,787,0.9289026275115919,647,"[[1366,186],[46,601]]",0.921727395411606,0.9674220963172805,1412,0.8801546391752577,1552,0.8799710896165422,0.8799710896165422,2199,0.8918083462132921,"[[318,25],[45,259]]",0.9008498583569405,0.8760330578512396,363,0.9271137026239067,343,0.8809523809523809,0.9119718309859155,284,0.8519736842105263,304,0.8909011196546608,0.8909011196546608,647,0.8685766257389722,"[[1366,141,45],[19,299,25],[27,32,245]]",0.921727395411606,0.9674220963172805,1412,0.8801546391752577,1552,0.7337423312883435,0.6334745762711864,472,0.8717201166180758,343,0.7915993537964459,0.7777777777777778,315,0.805921052631579,304,0.8156896934987984,0.8156896934987984,2199,0.8341013824884793,reported_denominator,fixed_model_independent_both_hand_references_valid_cohort,214,49.28300094604492,28.68471908569336,16.350055694580078,12.23709774017334,21.000688552856445,213,c1b6f47c13c119afe8a5cab1fe3c4cecf0df3e5792e49c305ae52aa13d266288,181,217,0.9177631578947368,"[[65,25],[0,214]]",0.8387096774193548,1.0,65,0.7222222222222222,90,0.89176101972513,0.89176101972513,0.9448123620309051,0.895397489539749,239,1.0,214,304,2199,e65fda6e350b016156730a27eefd2764798e605c4bfcbe5ed08d2653b912df3c,primary_t_plus_1_future_wrist,175629,temporal_channel_simple
68cfe464d39c5f23cc1c21683946a3fad75019bedbed8d02f64af2e937bd22e2,12,best_intention,/home/eker/Master-Thesis---Multi-modal-User-Intention-Estimation-and-Hand-Position-Prediction/Training/runs/dataset_v3_causal_20260815_n214_5d136a34/thesis_final_v2_validation/residual_simple_gate/residual_simple_gate_seed44/best_intention_model.pt,validation_intention_macro_f1,validation,0.8879819079077652,44867bff6a7681a3e0dd93cac7b9c7a1e33eb1ae1c577115f0fc3a39c230a330,339c313d56c7be8564a3035cd8334bad103e15659315c33135e96b95e820245a,dataset_v3_causal_20260815_n214_5d136a34,43.0695915222168,18.761999130249023,15.272990226745605,9.150694847106934,21.389318466186523,217,,,,,,,,residual_simple_gate,fusion,architecture_ablation,True,thesis_final_v2_corrected_alignment,hierarchical_residual_pose_transformer_v2,main_learned_output,learned_end_to_end_fixed_both_reference_cohort,single_validation_selected_executable_checkpoint,44,a87834b20f7275293e3cba47e96565ef55f27895dff49dc82499d5a20efe4d21,b2cfd10991c5638277795aadcabfd322d3e9eb41dffb70696b63dc657f5f22cb,/home/eker/Master-Thesis---Multi-modal-User-Intention-Estimation-and-Hand-Position-Prediction/Training/reports/dataset_v3_causal_20260815_n214_5d136a34/thesis_final_v2_corrected_alignment/final_test/residual_simple_gate_seed44.json,6fc3a34c6a3d56d9498b620543d138775fe06162df572fdb8606213c708cfcb3,Training/runs/dataset_v3_causal_20260815_n214_5d136a34/thesis_final_v2_validation/residual_simple_gate/residual_simple_gate_seed44,,,,,,,,,,,,,,,,,,,,,,,,,,,,,not_available,,,,not_available,,,,,,,,,,,,,,,,,,,,,,,,,,,,,,,,,,,,,,,,,,,,,,,,,,,,,,,,,,,,,,,,,,,,,,,,,,,,,,,,,,,,,,,,,,,,,,,,0.880400181900864,0.8231338264963013,0.7285714285714285,840,0.9459041731066461,647,"[[1324,228],[35,612]]",0.9096530401923738,0.9742457689477557,1359,0.8530927835051546,1552,0.8663934333443375,0.8663934333443375,2199,0.9134466769706336,"[[308,35],[21,283]]",0.9166666666666666,0.9361702127659575,329,0.8979591836734694,343,0.909967845659164,0.889937106918239,318,0.930921052631579,304,0.9133172561629153,0.9133172561629153,647,0.8581173260572987,"[[1324,130,98],[29,284,30],[6,19,279]]",0.9096530401923738,0.9742457689477557,1359,0.8530927835051546,1552,0.7319587628865978,0.6558891454965358,433,0.8279883381924198,343,0.7848101265822784,0.6855036855036855,407,0.9177631578947368,304,0.8088073098870833,0.8088073098870833,2199,0.8341013824884793,reported_denominator,fixed_model_independent_both_hand_references_valid_cohort,214,47.049713134765625,29.525169372558594,16.589468002319336,11.932379722595215,22.242433547973633,217,c1b6f47c13c119afe8a5cab1fe3c4cecf0df3e5792e49c305ae52aa13d266288,181,217,0.9506578947368421,"[[77,13],[2,212]]",0.9112426035502957,0.9746835443037974,79,0.8555555555555555,90,0.9385370193150111,0.9385370193150111,0.9658314350797266,0.9422222222222222,225,0.9906542056074766,214,304,2199,e65fda6e350b016156730a27eefd2764798e605c4bfcbe5ed08d2653b912df3c,primary_t_plus_1_future_wrist,175629,temporal_channel_simple
977be0354fbe9e48dd2d5ddef2b72665c0b5bfd89788b0a01d9455f8347cc234,9,best_intention,/home/eker/Master-Thesis---Multi-modal-User-Intention-Estimation-and-Hand-Position-Prediction/Training/runs/dataset_v3_causal_20260815_n214_5d136a34/thesis_final_v2_validation/residual_modality_gated/residual_modality_gated_seed42/best_intention_model.pt,validation_intention_macro_f1,validation,0.9015305703784741,f93371efa301d377f9a649aee339a6c7d8811df08561859802867ab4ece6c9b1,339c313d56c7be8564a3035cd8334bad103e15659315c33135e96b95e820245a,dataset_v3_causal_20260815_n214_5d136a34,43.8388671875,21.12824249267578,15.13942813873291,9.99474811553955,19.938976287841797,217,,,,,,,,residual_modality_gated,fusion,architecture_ablation,True,thesis_final_v2_corrected_alignment,hierarchical_residual_pose_transformer_v2,main_learned_output,learned_end_to_end_fixed_both_reference_cohort,single_validation_selected_executable_checkpoint,42,a87834b20f7275293e3cba47e96565ef55f27895dff49dc82499d5a20efe4d21,b2cfd10991c5638277795aadcabfd322d3e9eb41dffb70696b63dc657f5f22cb,/home/eker/Master-Thesis---Multi-modal-User-Intention-Estimation-and-Hand-Position-Prediction/Training/reports/dataset_v3_causal_20260815_n214_5d136a34/thesis_final_v2_corrected_alignment/final_test/residual_modality_gated_seed42.json,00a1bb912d10825958ae431241b16928362cb276990e9a3be00015d47f3b0a76,Training/runs/dataset_v3_causal_20260815_n214_5d136a34/thesis_final_v2_validation/residual_modality_gated/residual_modality_gated_seed42,217,87,304,0.9760765550239234,204,0.9400921658986175,,209,0.9631336405529954,1.0,204,0.9400921658986175,0.5343137254901961,109,0.5023041474654378,0.6470588235294118,132,0.6082949308755761,0.7009803921568627,143,0.6589861751152074,0.3284313725490196,67,0.3087557603686636,2f7aad9b5040901e139d9d00846ea9080ae733524b26493d9be3cac9a6b3a11d,"Ground-truth handover with a valid t+1 receiving-wrist target; success requires predicted handover, the correct receiving hand, an available learned predicted-hand pose, and Euclidean position error strictly below the threshold.",learned_end_to_end,predicted_position_error_cm,available_checkpoint_bound,0.7138157894736842,"{""fallbacks"":""none"",""maximum_observation_age_seconds"":0.25,""velocity_lookback_seconds"":0.5,""minimum_velocity_fit_span_seconds"":0.1,""timestamp_basis"":""hand_timestamp_ns source captures"",""constant_velocity_prediction_horizon"":""endpoint timestamp_ns + future_horizon_seconds; the future target capture timestamp is evaluation metadata only"",""constant_velocity_orientation"":""zero angular velocity; latest valid quaternion is held""}",f86a7db790bfead345587ced989c79b82674557dab77f36d531a5e56253f9559,available_checkpoint_bound,42.04896856236211,15.505820107708042,33.49035494558316,28.088438737903104,47.923339307254395,213,0.9815668202764977,39.17705304852796,20.55438691841684,15.030124850228896,9.933914992086718,19.93076130407231,213,42.04896856236211,15.505820107708042,14.80422205700099,6.342896434320831,22.30791016833363,213,217,ground_truth_receiving_hand,e872d791bc71d09c7e494216ff9808761760d830dcfee58506f3833e7f29a9f7,213,/home/eker/Master-Thesis---Multi-modal-User-Intention-Estimation-and-Hand-Position-Prediction/Training/reports/dataset_v3_causal_20260815_n214_5d136a34/thesis_final_v2_corrected_alignment/postprocess/residual_modality_gated_seed42/grouped_metrics.json,7b6b3fa30f7b3cf02676704acf20b7215d72b7a9ec86018c50ab1ff683f6ae92,,,,,,,,,,,,,,,,,,,,,,,,,,,,,,,,,,,,,,,,,,,,,,,,,,,,,,,,,,,,,,,,,,,,,,,0.9154160982264665,0.870653685674548,0.7914032869785083,791,0.9675425038639877,647,"[[1387,165],[21,626]]",0.9371621621621623,0.9850852272727273,1408,0.8936855670103093,1552,0.9039079239183552,0.9039079239183552,2199,0.9010819165378671,"[[298,45],[19,285]]",0.9030303030303031,0.9400630914826499,317,0.8688046647230321,343,0.8990536277602523,0.8636363636363636,330,0.9375,304,0.9010419653952777,0.9010419653952777,647,0.8863119599818099,"[[1387,93,72],[20,278,45],[1,19,284]]",0.9371621621621623,0.9850852272727273,1408,0.8936855670103093,1552,0.7585266030013643,0.7128205128205128,390,0.8104956268221575,343,0.8056737588652482,0.7082294264339152,401,0.9342105263157895,304,0.8337875080095917,0.8337875080095917,2199,0.8341013824884793,reported_denominator,fixed_model_independent_both_hand_references_valid_cohort,214,46.36854934692383,25.48482322692871,16.207748413085938,12.061446189880371,20.938894271850586,217,c1b6f47c13c119afe8a5cab1fe3c4cecf0df3e5792e49c305ae52aa13d266288,181,217,0.9177631578947368,"[[74,16],[9,205]]",0.8554913294797688,0.891566265060241,83,0.8222222222222222,90,0.8990100325559764,0.8990100325559764,0.9425287356321841,0.9276018099547512,221,0.9579439252336449,214,304,2199,e65fda6e350b016156730a27eefd2764798e605c4bfcbe5ed08d2653b912df3c,primary_t_plus_1_future_wrist,97678,modality_gated
6e0ff48f3e3d588c5c8aad2d84559e93a9ff7f836f72f1804f8d9c0967c49e37,5,best_intention,/home/eker/Master-Thesis---Multi-modal-User-Intention-Estimation-and-Hand-Position-Prediction/Training/runs/dataset_v3_causal_20260815_n214_5d136a34/thesis_final_v2_validation/residual_modality_gated/residual_modality_gated_seed43/best_intention_model.pt,validation_intention_macro_f1,validation,0.8922673295068809,ea845302ba8b70e335b7fa89002869a7d76a3d309cc19d702c4f2a3e20a88883,339c313d56c7be8564a3035cd8334bad103e15659315c33135e96b95e820245a,dataset_v3_causal_20260815_n214_5d136a34,41.98115921020508,21.17186164855957,15.260574340820312,10.284038543701172,19.190824508666992,216,,,,,,,,residual_modality_gated,fusion,architecture_ablation,True,thesis_final_v2_corrected_alignment,hierarchical_residual_pose_transformer_v2,main_learned_output,learned_end_to_end_fixed_both_reference_cohort,single_validation_selected_executable_checkpoint,43,a87834b20f7275293e3cba47e96565ef55f27895dff49dc82499d5a20efe4d21,b2cfd10991c5638277795aadcabfd322d3e9eb41dffb70696b63dc657f5f22cb,/home/eker/Master-Thesis---Multi-modal-User-Intention-Estimation-and-Hand-Position-Prediction/Training/reports/dataset_v3_causal_20260815_n214_5d136a34/thesis_final_v2_corrected_alignment/final_test/residual_modality_gated_seed43.json,75368b3a288a44b24054007e6e98bdf69d163c2cf50eda03b9f7afb952f0433e,Training/runs/dataset_v3_causal_20260815_n214_5d136a34/thesis_final_v2_validation/residual_modality_gated/residual_modality_gated_seed43,217,87,304,0.9856459330143541,206,0.9493087557603687,,209,0.9631336405529954,1.0,206,0.9493087557603687,0.5145631067961165,106,0.48847926267281105,0.6359223300970874,131,0.6036866359447005,0.7038834951456311,145,0.6682027649769585,0.1796116504854369,37,0.17050691244239632,2f7aad9b5040901e139d9d00846ea9080ae733524b26493d9be3cac9a6b3a11d,"Ground-truth handover with a valid t+1 receiving-wrist target; success requires predicted handover, the correct receiving hand, an available learned predicted-hand pose, and Euclidean position error strictly below the threshold.",learned_end_to_end,predicted_position_error_cm,available_checkpoint_bound,0.7138157894736842,"{""fallbacks"":""none"",""maximum_observation_age_seconds"":0.25,""velocity_lookback_seconds"":0.5,""minimum_velocity_fit_span_seconds"":0.1,""timestamp_basis"":""hand_timestamp_ns source captures"",""constant_velocity_prediction_horizon"":""endpoint timestamp_ns + future_horizon_seconds; the future target capture timestamp is evaluation metadata only"",""constant_velocity_orientation"":""zero angular velocity; latest valid quaternion is held""}",f86a7db790bfead345587ced989c79b82674557dab77f36d531a5e56253f9559,available_checkpoint_bound,42.04896856236211,15.505820107708042,33.49035494558316,28.088438737903104,47.923339307254395,213,0.9815668202764977,37.86299117725116,20.01006250789648,15.303106379588847,10.039980556645794,19.419728940560496,213,42.04896856236211,15.505820107708042,14.80422205700099,6.342896434320831,22.30791016833363,213,217,ground_truth_receiving_hand,e872d791bc71d09c7e494216ff9808761760d830dcfee58506f3833e7f29a9f7,213,/home/eker/Master-Thesis---Multi-modal-User-Intention-Estimation-and-Hand-Position-Prediction/Training/reports/dataset_v3_causal_20260815_n214_5d136a34/thesis_final_v2_corrected_alignment/postprocess/residual_modality_gated_seed43/grouped_metrics.json,2748aa62af293a7fd448aaef6c368ae1588fefcfb05cce671a2c649588347fc3,,,,,,,,,,,,,,,,,,,,,,,,,,,,,,,,,,,,,,,,,,,,,,,,,,,,,,,,,,,,,,,,,,,,,,,0.8885857207821737,0.8334466349422163,0.7439320388349514,824,0.9474497681607419,647,"[[1341,211],[34,613]]",0.9162965493679536,0.9752727272727273,1375,0.8640463917525774,1552,0.8748715921550849,0.8748715921550849,2199,0.9319938176197836,"[[319,24],[20,284]]",0.9354838709677419,0.9410029498525073,339,0.9300291545189504,343,0.9281045751633986,0.922077922077922,308,0.9342105263157895,304,0.9317942230655702,0.9317942230655702,647,0.869031377899045,"[[1341,121,90],[33,287,23],[1,20,283]]",0.9162965493679536,0.9752727272727273,1375,0.8640463917525774,1552,0.7444876783398185,0.6705607476635514,428,0.8367346938775511,343,0.8085714285714285,0.7146464646464646,396,0.930921052631579,304,0.823118552093067,0.823118552093067,2199,0.8341013824884793,reported_denominator,fixed_model_independent_both_hand_references_valid_cohort,214,44.84974670410156,23.91158676147461,15.847021102905273,11.255006790161133,19.90422248840332,216,c1b6f47c13c119afe8a5cab1fe3c4cecf0df3e5792e49c305ae52aa13d266288,181,217,0.9572368421052632,"[[77,13],[0,214]]",0.9221556886227544,1.0,77,0.8555555555555555,90,0.9463386152864339,0.9463386152864339,0.9705215419501134,0.9427312775330396,227,1.0,214,304,2199,e65fda6e350b016156730a27eefd2764798e605c4bfcbe5ed08d2653b912df3c,primary_t_plus_1_future_wrist,97678,modality_gated
22e1745f09dccb5ca7b59c2c129a0fb7b6114bbcf7c4e8df419547ed5ed6e20b,8,best_intention,/home/eker/Master-Thesis---Multi-modal-User-Intention-Estimation-and-Hand-Position-Prediction/Training/runs/dataset_v3_causal_20260815_n214_5d136a34/thesis_final_v2_validation/residual_modality_gated/residual_modality_gated_seed44/best_intention_model.pt,validation_intention_macro_f1,validation,0.8763836099193401,84b95f65c60f083fdb15be9b212b756821e47df7e42161205c0140ac255d3331,339c313d56c7be8564a3035cd8334bad103e15659315c33135e96b95e820245a,dataset_v3_causal_20260815_n214_5d136a34,44.34654998779297,21.146528244018555,15.306811332702637,10.102522850036621,19.689876556396484,212,,,,,,,,residual_modality_gated,fusion,architecture_ablation,True,thesis_final_v2_corrected_alignment,hierarchical_residual_pose_transformer_v2,main_learned_output,learned_end_to_end_fixed_both_reference_cohort,single_validation_selected_executable_checkpoint,44,a87834b20f7275293e3cba47e96565ef55f27895dff49dc82499d5a20efe4d21,b2cfd10991c5638277795aadcabfd322d3e9eb41dffb70696b63dc657f5f22cb,/home/eker/Master-Thesis---Multi-modal-User-Intention-Estimation-and-Hand-Position-Prediction/Training/reports/dataset_v3_causal_20260815_n214_5d136a34/thesis_final_v2_corrected_alignment/final_test/residual_modality_gated_seed44.json,563e6c342446729058e45f8f144d2f4b4205ee4f259aef5061c2514f794ec810,Training/runs/dataset_v3_causal_20260815_n214_5d136a34/thesis_final_v2_validation/residual_modality_gated/residual_modality_gated_seed44,217,87,304,0.964824120603015,192,0.8847926267281107,,199,0.9170506912442397,1.0,192,0.8847926267281107,0.5260416666666666,101,0.46543778801843316,0.65625,126,0.5806451612903226,0.6979166666666666,134,0.6175115207373272,0.265625,51,0.2350230414746544,2f7aad9b5040901e139d9d00846ea9080ae733524b26493d9be3cac9a6b3a11d,"Ground-truth handover with a valid t+1 receiving-wrist target; success requires predicted handover, the correct receiving hand, an available learned predicted-hand pose, and Euclidean position error strictly below the threshold.",learned_end_to_end,predicted_position_error_cm,available_checkpoint_bound,0.7138157894736842,"{""fallbacks"":""none"",""maximum_observation_age_seconds"":0.25,""velocity_lookback_seconds"":0.5,""minimum_velocity_fit_span_seconds"":0.1,""timestamp_basis"":""hand_timestamp_ns source captures"",""constant_velocity_prediction_horizon"":""endpoint timestamp_ns + future_horizon_seconds; the future target capture timestamp is evaluation metadata only"",""constant_velocity_orientation"":""zero angular velocity; latest valid quaternion is held""}",f86a7db790bfead345587ced989c79b82674557dab77f36d531a5e56253f9559,available_checkpoint_bound,42.04896856236211,15.505820107708042,33.49035494558316,28.088438737903104,47.923339307254395,213,0.9815668202764977,41.08965879060072,21.10460288519213,15.389035051231751,9.911442874801244,19.89916020561676,213,42.04896856236211,15.505820107708042,14.80422205700099,6.342896434320831,22.30791016833363,213,217,ground_truth_receiving_hand,e872d791bc71d09c7e494216ff9808761760d830dcfee58506f3833e7f29a9f7,213,/home/eker/Master-Thesis---Multi-modal-User-Intention-Estimation-and-Hand-Position-Prediction/Training/reports/dataset_v3_causal_20260815_n214_5d136a34/thesis_final_v2_corrected_alignment/postprocess/residual_modality_gated_seed44/grouped_metrics.json,7239cf46ef2c6c15a620e7594bd1b72a806e9838cec0ee9961d4ce959e99d01d,,,,,,,,,,,,,,,,,,,,,,,,,,,,,,,,,,,,,,,,,,,,,,,,,,,,,,,,,,,,,,,,,,,,,,,0.9095043201455207,0.8563176895306859,0.8035230352303523,738,0.9165378670788253,647,"[[1407,145],[54,593]]",0.9339528708927978,0.9630390143737166,1461,0.9065721649484536,1552,0.8951352802117418,0.8951352802117418,2199,0.9149922720247295,"[[307,36],[19,285]]",0.9177877428998504,0.941717791411043,326,0.8950437317784257,343,0.9119999999999999,0.8878504672897196,321,0.9375,304,0.9148938714499252,0.9148938714499252,647,0.888130968622101,"[[1407,87,58],[40,269,34],[14,13,277]]",0.9339528708927978,0.9630390143737166,1461,0.9065721649484536,1552,0.7556179775280899,0.7289972899728997,369,0.7842565597667639,343,0.8231797919762258,0.7506775067750677,369,0.9111842105263158,304,0.8375835467990379,0.8375835467990379,2199,0.8341013824884793,reported_denominator,fixed_model_independent_both_hand_references_valid_cohort,214,46.85181427001953,26.720367431640625,15.969355583190918,10.689534187316895,20.51099967956543,212,c1b6f47c13c119afe8a5cab1fe3c4cecf0df3e5792e49c305ae52aa13d266288,181,217,0.9144736842105263,"[[71,19],[7,207]]",0.8452380952380951,0.9102564102564102,78,0.7888888888888889,90,0.893073593073593,0.893073593073593,0.9409090909090909,0.915929203539823,226,0.9672897196261683,214,304,2199,e65fda6e350b016156730a27eefd2764798e605c4bfcbe5ed08d2653b912df3c,primary_t_plus_1_future_wrist,97678,modality_gated
b2b08d729a5847ef26cefd8836fb5f4b85f00c40537d63727a40b05889fcfd52,10,best_intention,/home/eker/Master-Thesis---Multi-modal-User-Intention-Estimation-and-Hand-Position-Prediction/Training/runs/dataset_v3_causal_20260815_n214_5d136a34/thesis_final_v2_validation/visual_corrected_random_current_gate/visual_corrected_random_current_gate_seed42/best_intention_model.pt,validation_intention_macro_f1,validation,0.8662246616990003,cb9df275eaa2a31ea3b27d2023f1f6508487e8a697f69edf4233682b27433275,cc9d2433fad0aced1fd8c569f915bbc5b67f068d167de93d81400f1c7694917f,dataset_v3_causal_20260815_n214_5d136a34,45.169471740722656,23.359027862548828,17.277894973754883,13.564632415771484,21.81610870361328,217,,,,,,,,visual_corrected_random_current_gate,visual_control,visual,True,thesis_final_v2_corrected_alignment,hierarchical_residual_pose_transformer_v2,main_learned_output,learned_end_to_end_fixed_both_reference_cohort,single_validation_selected_executable_checkpoint,42,a87834b20f7275293e3cba47e96565ef55f27895dff49dc82499d5a20efe4d21,b2cfd10991c5638277795aadcabfd322d3e9eb41dffb70696b63dc657f5f22cb,/home/eker/Master-Thesis---Multi-modal-User-Intention-Estimation-and-Hand-Position-Prediction/Training/reports/dataset_v3_causal_20260815_n214_5d136a34/thesis_final_v2_corrected_alignment/final_test/visual_corrected_random_current_gate_seed42.json,03c36b632b15fc4bb0d290ac2bce55fd1a7d7c0ddc016d929332729977c6bdc5,Training/runs/dataset_v3_causal_20260815_n214_5d136a34/thesis_final_v2_validation/visual_corrected_random_current_gate/visual_corrected_random_current_gate_seed42,,,,,,,,,,,,,,,,,,,,,,,,,,,,,not_available,,,,not_available,,,,,,,,,,,,,,,,,,,,,,,,,,,,,,,,,,,,,,,,,,,,,,,,,,,,,,,,,,,,,,,,,,,,,,,,,,,,,,,,,,,,,,,,,,,,,,,,0.8876762164620282,0.831858407079646,0.7433090024330901,822,0.9443585780525502,647,"[[1341,211],[36,611]]",0.9156708774325709,0.9738562091503268,1377,0.8640463917525774,1552,0.8737646422561085,0.8737646422561085,2199,0.8918083462132921,"[[304,39],[31,273]]",0.8967551622418879,0.9074626865671642,335,0.8862973760932945,343,0.8863636363636364,0.875,312,0.8980263157894737,304,0.8915593993027622,0.8915593993027622,647,0.8585720782173716,"[[1341,113,98],[23,281,39],[13,25,266]]",0.9156708774325709,0.9738562091503268,1377,0.8640463917525774,1552,0.7375328083989501,0.6706443914081146,419,0.8192419825072886,343,0.7524752475247525,0.6600496277915633,403,0.875,304,0.8018929777854243,0.8018929777854243,2199,0.8341013824884793,reported_denominator,fixed_model_independent_both_hand_references_valid_cohort,214,47.68149948120117,28.364479064941406,16.901412963867188,12.55928897857666,21.705997467041016,217,c1b6f47c13c119afe8a5cab1fe3c4cecf0df3e5792e49c305ae52aa13d266288,181,217,0.9736842105263158,"[[82,8],[0,214]]",0.9534883720930233,1.0,82,0.9111111111111111,90,0.9675698741199061,0.9675698741199061,0.9816513761467891,0.963963963963964,222,1.0,214,304,2199,e65fda6e350b016156730a27eefd2764798e605c4bfcbe5ed08d2653b912df3c,primary_t_plus_1_future_wrist,192207,sensor_plus_deterministic_random_same_timestamps_and_dimension
db5078100b8e404377b1d9f7a00e1e4ab299706b04ac22c308ff159c49d35b93,17,best_intention,/home/eker/Master-Thesis---Multi-modal-User-Intention-Estimation-and-Hand-Position-Prediction/Training/runs/dataset_v3_causal_20260815_n214_5d136a34/thesis_final_v2_validation/visual_corrected_random_current_gate/visual_corrected_random_current_gate_seed43/best_intention_model.pt,validation_intention_macro_f1,validation,0.8694947685572,75fd452dd25baa803e715abe86703d44ef091acdbd69677e2625c90daeb84fb3,cc9d2433fad0aced1fd8c569f915bbc5b67f068d167de93d81400f1c7694917f,dataset_v3_causal_20260815_n214_5d136a34,44.22962951660156,21.712032318115234,16.263151168823242,12.703649520874023,20.716251373291016,215,,,,,,,,visual_corrected_random_current_gate,visual_control,visual,True,thesis_final_v2_corrected_alignment,hierarchical_residual_pose_transformer_v2,main_learned_output,learned_end_to_end_fixed_both_reference_cohort,single_validation_selected_executable_checkpoint,43,a87834b20f7275293e3cba47e96565ef55f27895dff49dc82499d5a20efe4d21,b2cfd10991c5638277795aadcabfd322d3e9eb41dffb70696b63dc657f5f22cb,/home/eker/Master-Thesis---Multi-modal-User-Intention-Estimation-and-Hand-Position-Prediction/Training/reports/dataset_v3_causal_20260815_n214_5d136a34/thesis_final_v2_corrected_alignment/final_test/visual_corrected_random_current_gate_seed43.json,f78afc790b81c0d211486eb083c287a3e8a6235fbb26f18583200c58f2e4513b,Training/runs/dataset_v3_causal_20260815_n214_5d136a34/thesis_final_v2_validation/visual_corrected_random_current_gate/visual_corrected_random_current_gate_seed43,,,,,,,,,,,,,,,,,,,,,,,,,,,,,not_available,,,,not_available,,,,,,,,,,,,,,,,,,,,,,,,,,,,,,,,,,,,,,,,,,,,,,,,,,,,,,,,,,,,,,,,,,,,,,,,,,,,,,,,,,,,,,,,,,,,,,,,0.8922237380627558,0.8327452364149611,0.7662337662337663,770,0.9119010819165378,647,"[[1372,180],[57,590]]",0.9204964776920497,0.960111966410077,1429,0.884020618556701,1552,0.8766208570535055,0.8766208570535055,2199,0.9072642967542504,"[[297,46],[14,290]]",0.9082568807339451,0.954983922829582,311,0.8658892128279884,343,0.90625,0.8630952380952381,336,0.9539473684210527,304,0.9072534403669725,0.9072534403669725,647,0.869031377899045,"[[1372,92,88],[38,263,42],[19,9,276]]",0.9204964776920497,0.960111966410077,1429,0.884020618556701,1552,0.743988684582744,0.7225274725274725,364,0.7667638483965015,343,0.7774647887323944,0.6798029556650246,406,0.9078947368421053,304,0.8139833170023959,0.8139833170023959,2199,0.8341013824884793,reported_denominator,fixed_model_independent_both_hand_references_valid_cohort,214,47.853538513183594,25.194496154785156,16.312007904052734,12.293571472167969,21.03093719482422,215,c1b6f47c13c119afe8a5cab1fe3c4cecf0df3e5792e49c305ae52aa13d266288,181,217,0.9638157894736842,"[[80,10],[1,213]]",0.935672514619883,0.9876543209876543,81,0.8888888888888888,90,0.9552504449529621,0.9552504449529621,0.9748283752860412,0.9551569506726457,223,0.9953271028037384,214,304,2199,e65fda6e350b016156730a27eefd2764798e605c4bfcbe5ed08d2653b912df3c,primary_t_plus_1_future_wrist,192207,sensor_plus_deterministic_random_same_timestamps_and_dimension
2d48ee29554f429c340da4ff23d1594b4d92a2953b6153c0e0a5f9f14ab9c375,8,best_intention,/home/eker/Master-Thesis---Multi-modal-User-Intention-Estimation-and-Hand-Position-Prediction/Training/runs/dataset_v3_causal_20260815_n214_5d136a34/thesis_final_v2_validation/visual_corrected_random_current_gate/visual_corrected_random_current_gate_seed44/best_intention_model.pt,validation_intention_macro_f1,validation,0.8646527961352165,c6ad15b6f017d157932277b4aa43eb7c4790d9c797c62722b2f44bff33555ce0,cc9d2433fad0aced1fd8c569f915bbc5b67f068d167de93d81400f1c7694917f,dataset_v3_causal_20260815_n214_5d136a34,43.846317291259766,19.293134689331055,15.46027946472168,7.432697772979736,20.73931121826172,216,,,,,,,,visual_corrected_random_current_gate,visual_control,visual,True,thesis_final_v2_corrected_alignment,hierarchical_residual_pose_transformer_v2,main_learned_output,learned_end_to_end_fixed_both_reference_cohort,single_validation_selected_executable_checkpoint,44,a87834b20f7275293e3cba47e96565ef55f27895dff49dc82499d5a20efe4d21,b2cfd10991c5638277795aadcabfd322d3e9eb41dffb70696b63dc657f5f22cb,/home/eker/Master-Thesis---Multi-modal-User-Intention-Estimation-and-Hand-Position-Prediction/Training/reports/dataset_v3_causal_20260815_n214_5d136a34/thesis_final_v2_corrected_alignment/final_test/visual_corrected_random_current_gate_seed44.json,02336a348bd8a059cd20ab39deb3aa50fc47d71acb365f7a5dfa06c438048941,Training/runs/dataset_v3_causal_20260815_n214_5d136a34/thesis_final_v2_validation/visual_corrected_random_current_gate/visual_corrected_random_current_gate_seed44,,,,,,,,,,,,,,,,,,,,,,,,,,,,,not_available,,,,not_available,,,,,,,,,,,,,,,,,,,,,,,,,,,,,,,,,,,,,,,,,,,,,,,,,,,,,,,,,,,,,,,,,,,,,,,,,,,,,,,,,,,,,,,,,,,,,,,,0.9213278763074124,0.8723247232472325,0.8347457627118644,708,0.9134466769706336,647,"[[1435,117],[56,591]]",0.9431482090042722,0.9624413145539906,1491,0.9246134020618557,1552,0.9077364661257523,0.9077364661257523,2199,0.8686244204018547,"[[296,47],[38,266]]",0.8744460856720827,0.8862275449101796,334,0.8629737609329446,343,0.8622366288492707,0.8498402555910544,313,0.875,304,0.8683413572606766,0.8683413572606766,647,0.888130968622101,"[[1435,66,51],[39,260,44],[17,29,258]]",0.9431482090042722,0.9624413145539906,1491,0.9246134020618557,1552,0.7449856733524356,0.7323943661971831,355,0.7580174927113703,343,0.7853881278538813,0.7308781869688386,353,0.8486842105263158,304,0.824507336736863,0.824507336736863,2199,0.8341013824884793,reported_denominator,fixed_model_independent_both_hand_references_valid_cohort,214,47.355045318603516,25.76629638671875,16.548057556152344,11.64091968536377,21.56443214416504,216,c1b6f47c13c119afe8a5cab1fe3c4cecf0df3e5792e49c305ae52aa13d266288,181,217,0.9638157894736842,"[[79,11],[0,214]]",0.9349112426035503,1.0,79,0.8777777777777778,90,0.9549271474976749,0.9549271474976749,0.9749430523917996,0.9511111111111111,225,1.0,214,304,2199,e65fda6e350b016156730a27eefd2764798e605c4bfcbe5ed08d2653b912df3c,primary_t_plus_1_future_wrist,192207,sensor_plus_deterministic_random_same_timestamps_and_dimension
f935dd0d165c3b937a974d25dfddc5a267fed0f646a7faa506e6cd5ea7a3d017,3,best_intention,/home/eker/Master-Thesis---Multi-modal-User-Intention-Estimation-and-Hand-Position-Prediction/Training/runs/dataset_v3_causal_20260815_n214_5d136a34/thesis_final_v2_validation/residual_flat/residual_flat_seed42/best_intention_model.pt,validation_intention_macro_f1,validation,0.874796504267635,ad0b0f72a6bfaf907a8883037c2718c5b74ec18d3c2289d9403816a20d10fdc5,339c313d56c7be8564a3035cd8334bad103e15659315c33135e96b95e820245a,dataset_v3_causal_20260815_n214_5d136a34,42.606197357177734,20.404138565063477,15.284183502197266,7.643028259277344,20.524810791015625,217,,,,,,,,residual_flat,intention_head,architecture_ablation,True,thesis_final_v2_corrected_alignment,hierarchical_residual_pose_transformer_v2,main_learned_output,learned_end_to_end_fixed_both_reference_cohort,single_validation_selected_executable_checkpoint,42,a87834b20f7275293e3cba47e96565ef55f27895dff49dc82499d5a20efe4d21,b2cfd10991c5638277795aadcabfd322d3e9eb41dffb70696b63dc657f5f22cb,/home/eker/Master-Thesis---Multi-modal-User-Intention-Estimation-and-Hand-Position-Prediction/Training/reports/dataset_v3_causal_20260815_n214_5d136a34/thesis_final_v2_corrected_alignment/final_test/residual_flat_seed42.json,02f9c8aff09ad4c514bd1c4b4796c32d11ba312b16708fe0bcfdda2bea425f42,Training/runs/dataset_v3_causal_20260815_n214_5d136a34/thesis_final_v2_validation/residual_flat/residual_flat_seed42,,,,,,,,,,,,,,,,,,,,,,,,,,,,,not_available,,,,not_available,,,,,,,,,,,,,,,,,,,,,,,,,,,,,,,,,,,,,,,,,,,,,,,,,,,,,,,,,,,,,,,,,,,,,,,,,,,,,,,,,,,,,,,,,,,,,,,,0.8981355161437017,0.8492597577388964,0.7520858164481525,839,0.9752704791344667,647,"[[1344,208],[16,631]]",0.9230769230769231,0.9882352941176471,1360,0.865979381443299,1552,0.8861683404079097,0.8861683404079097,2199,0.9258114374034003,"[[314,29],[19,285]]",0.9289940828402367,0.9429429429429429,333,0.9154518950437318,343,0.9223300970873787,0.9076433121019108,314,0.9375,304,0.9256620899638077,0.9256620899638077,647,0.8772169167803547,"[[1344,129,79],[14,301,28],[2,18,284]]",0.9230769230769231,0.9882352941176471,1360,0.865979381443299,1552,0.7610619469026548,0.671875,448,0.8775510204081632,343,0.8172661870503597,0.7263427109974424,391,0.9342105263157895,304,0.8338016856766459,0.8338016856766459,2199,0.8341013824884793,reported_denominator,fixed_model_independent_both_hand_references_valid_cohort,214,45.01496124267578,26.221393585205078,16.365922927856445,11.785635948181152,21.393943786621094,217,c1b6f47c13c119afe8a5cab1fe3c4cecf0df3e5792e49c305ae52aa13d266288,181,217,0.9638157894736842,"[[79,11],[0,214]]",0.9349112426035503,1.0,79,0.8777777777777778,90,0.9549271474976749,0.9549271474976749,0.9749430523917996,0.9511111111111111,225,1.0,214,304,2199,e65fda6e350b016156730a27eefd2764798e605c4bfcbe5ed08d2653b912df3c,primary_t_plus_1_future_wrist,183886,flat_continue_fetch_handover
4d4d6c143d1981111ba755ac8e08ea26ca9a3168ae0e6bd14d10e0ef34598b19,14,best_intention,/home/eker/Master-Thesis---Multi-modal-User-Intention-Estimation-and-Hand-Position-Prediction/Training/runs/dataset_v3_causal_20260815_n214_5d136a34/thesis_final_v2_validation/residual_flat/residual_flat_seed43/best_intention_model.pt,validation_intention_macro_f1,validation,0.8652807118622367,fd772103d469a7791ff1920ab6162b5f9903d2c2090f2a0bfcebf4a56e2274d7,339c313d56c7be8564a3035cd8334bad103e15659315c33135e96b95e820245a,dataset_v3_causal_20260815_n214_5d136a34,46.5477294921875,32.77986145019531,18.67833137512207,13.826404571533203,25.20025634765625,217,,,,,,,,residual_flat,intention_head,architecture_ablation,True,thesis_final_v2_corrected_alignment,hierarchical_residual_pose_transformer_v2,main_learned_output,learned_end_to_end_fixed_both_reference_cohort,single_validation_selected_executable_checkpoint,43,a87834b20f7275293e3cba47e96565ef55f27895dff49dc82499d5a20efe4d21,b2cfd10991c5638277795aadcabfd322d3e9eb41dffb70696b63dc657f5f22cb,/home/eker/Master-Thesis---Multi-modal-User-Intention-Estimation-and-Hand-Position-Prediction/Training/reports/dataset_v3_causal_20260815_n214_5d136a34/thesis_final_v2_corrected_alignment/final_test/residual_flat_seed43.json,7a2a99d9c8c44f7f36152f1921b0434dbb519b4845bd76e5695f1e2f37b5a04d,Training/runs/dataset_v3_causal_20260815_n214_5d136a34/thesis_final_v2_validation/residual_flat/residual_flat_seed43,,,,,,,,,,,,,,,,,,,,,,,,,,,,,not_available,,,,not_available,,,,,,,,,,,,,,,,,,,,,,,,,,,,,,,,,,,,,,,,,,,,,,,,,,,,,,,,,,,,,,,,,,,,,,,,,,,,,,,,,,,,,,,,,,,,,,,,0.8958617553433379,0.8451656524678838,0.7512019230769231,832,0.9659969088098919,647,"[[1345,207],[22,625]]",0.92154847550531,0.9839063643013899,1367,0.8666237113402062,1552,0.8833570639865969,0.8833570639865969,2199,0.9041731066460588,"[[316,27],[35,269]]",0.9106628242074929,0.9002849002849003,351,0.9212827988338192,343,0.8966666666666667,0.9087837837837838,296,0.8848684210526315,304,0.9036647454370799,0.9036647454370799,647,0.8685766257389722,"[[1345,151,56],[14,303,26],[8,34,262]]",0.92154847550531,0.9839063643013899,1367,0.8666237113402062,1552,0.7292418772563176,0.6209016393442623,488,0.8833819241982507,343,0.808641975308642,0.7616279069767442,344,0.8618421052631579,304,0.8198107760234232,0.8198107760234232,2199,0.8341013824884793,reported_denominator,fixed_model_independent_both_hand_references_valid_cohort,214,48.79222869873047,35.9490966796875,18.773836135864258,16.52495002746582,24.924314498901367,217,c1b6f47c13c119afe8a5cab1fe3c4cecf0df3e5792e49c305ae52aa13d266288,181,217,0.9605263157894737,"[[78,12],[0,214]]",0.9285714285714286,1.0,78,0.8666666666666667,90,0.9506493506493507,0.9506493506493507,0.9727272727272728,0.9469026548672567,226,1.0,214,304,2199,e65fda6e350b016156730a27eefd2764798e605c4bfcbe5ed08d2653b912df3c,primary_t_plus_1_future_wrist,183886,flat_continue_fetch_handover
d20b163ba7ae37eb73d514a3fe9df8fb03dd864b40cbe189e1e4f9c31f61808a,17,best_intention,/home/eker/Master-Thesis---Multi-modal-User-Intention-Estimation-and-Hand-Position-Prediction/Training/runs/dataset_v3_causal_20260815_n214_5d136a34/thesis_final_v2_validation/residual_flat/residual_flat_seed44/best_intention_model.pt,validation_intention_macro_f1,validation,0.8701361319094493,8e71ba0242e6948ef1882ab7b87220ebff5699d216a17d6a7782687adb59b929,339c313d56c7be8564a3035cd8334bad103e15659315c33135e96b95e820245a,dataset_v3_causal_20260815_n214_5d136a34,40.692466735839844,20.394763946533203,16.319576263427734,10.817113876342773,22.02547264099121,217,,,,,,,,residual_flat,intention_head,architecture_ablation,True,thesis_final_v2_corrected_alignment,hierarchical_residual_pose_transformer_v2,main_learned_output,learned_end_to_end_fixed_both_reference_cohort,single_validation_selected_executable_checkpoint,44,a87834b20f7275293e3cba47e96565ef55f27895dff49dc82499d5a20efe4d21,b2cfd10991c5638277795aadcabfd322d3e9eb41dffb70696b63dc657f5f22cb,/home/eker/Master-Thesis---Multi-modal-User-Intention-Estimation-and-Hand-Position-Prediction/Training/reports/dataset_v3_causal_20260815_n214_5d136a34/thesis_final_v2_corrected_alignment/final_test/residual_flat_seed44.json,0d302eb5f7ffbb4e3938a69c60e261843f21650c847741686dba801daee87e6b,Training/runs/dataset_v3_causal_20260815_n214_5d136a34/thesis_final_v2_validation/residual_flat/residual_flat_seed44,,,,,,,,,,,,,,,,,,,,,,,,,,,,,not_available,,,,not_available,,,,,,,,,,,,,,,,,,,,,,,,,,,,,,,,,,,,,,,,,,,,,,,,,,,,,,,,,,,,,,,,,,,,,,,,,,,,,,,,,,,,,,,,,,,,,,,,0.8744884038199181,0.8099173553719009,0.7304347826086957,805,0.9088098918083463,647,"[[1335,217],[59,588]]",0.9063136456211812,0.9576757532281205,1394,0.8601804123711341,1552,0.8581155004965411,0.8581155004965411,2199,0.9180834621329211,"[[322,21],[32,272]]",0.9239598278335724,0.9096045197740112,354,0.9387755102040817,343,0.9112227805695142,0.9283276450511946,293,0.8947368421052632,304,0.9175913042015433,0.9175913042015433,647,0.8540245566166439,"[[1335,153,64],[40,282,21],[19,24,261]]",0.9063136456211812,0.9576757532281205,1394,0.8601804123711341,1552,0.7032418952618454,0.6143790849673203,459,0.8221574344023324,343,0.803076923076923,0.7543352601156069,346,0.8585526315789473,304,0.8042108213199833,0.8042108213199833,2199,0.8341013824884793,reported_denominator,fixed_model_independent_both_hand_references_valid_cohort,214,43.77218246459961,26.383081436157227,16.624523162841797,10.8757905960083,22.335186004638672,217,c1b6f47c13c119afe8a5cab1fe3c4cecf0df3e5792e49c305ae52aa13d266288,181,217,0.9671052631578947,"[[82,8],[2,212]]",0.9425287356321839,0.9761904761904762,84,0.9111111111111111,90,0.959743630488903,0.959743630488903,0.9769585253456221,0.9636363636363636,220,0.9906542056074766,214,304,2199,e65fda6e350b016156730a27eefd2764798e605c4bfcbe5ed08d2653b912df3c,primary_t_plus_1_future_wrist,183886,flat_continue_fetch_handover
0977d30dcff6e24ebd6db862622fd5587f93e595ba7f05d86a1602f83e7ebf98,7,best_intention,/home/eker/Master-Thesis---Multi-modal-User-Intention-Estimation-and-Hand-Position-Prediction/Training/runs/dataset_v3_causal_20260815_n214_5d136a34/thesis_final_v2_validation/residual_without_pose_aux/residual_without_pose_aux_seed42/best_intention_model.pt,validation_intention_macro_f1,validation,0.8805258450348306,1382669975767d0c83d26863f6c1443371b1706a3ed367cd16a2f8a1e88def37,339c313d56c7be8564a3035cd8334bad103e15659315c33135e96b95e820245a,dataset_v3_causal_20260815_n214_5d136a34,,,,,,,1.0,43.4980354309082,15.889852523803711,15.465371131896973,7.141374588012695,23.158552169799805,217,residual_without_pose_aux,future_pose_loss,multitask_ablation,False,thesis_final_v2_corrected_alignment,hierarchical_residual_pose_transformer_v2,untrained_pose_head_diagnostic_only,untrained_pose_head_diagnostic_excluded_from_main_results,single_validation_selected_executable_checkpoint,42,a87834b20f7275293e3cba47e96565ef55f27895dff49dc82499d5a20efe4d21,b2cfd10991c5638277795aadcabfd322d3e9eb41dffb70696b63dc657f5f22cb,/home/eker/Master-Thesis---Multi-modal-User-Intention-Estimation-and-Hand-Position-Prediction/Training/reports/dataset_v3_causal_20260815_n214_5d136a34/thesis_final_v2_corrected_alignment/final_test/residual_without_pose_aux_seed42.json,39e47598a99489c45a356acc402e3f13d977b9f7ac01e931d728844489cccf95,Training/runs/dataset_v3_causal_20260815_n214_5d136a34/thesis_final_v2_validation/residual_without_pose_aux/residual_without_pose_aux_seed42,,,,,,,,,,,,,,,,,,,,,,,,,,,,,not_available,,,,untrained_pose_head_diagnostic_excluded,,,,,,,,,,,,,,,,,,,,,,,,,,,,,,,,,,,,,,,,,,,,,,,,,,,,,,,,,,,,,,,,,,,,,,,,,,,,,,,,,,,,,,,,,,,,,,,,0.9008640291041382,0.8479776847977684,0.772554002541296,787,0.9397217928902627,647,"[[1373,179],[39,608]]",0.926450742240216,0.9723796033994334,1412,0.8846649484536082,1552,0.8872142135189922,0.8872142135189922,2199,0.9289026275115919,"[[320,23],[23,281]]",0.9329446064139941,0.9329446064139941,343,0.9329446064139941,343,0.9243421052631579,0.9243421052631579,304,0.9243421052631579,304,0.928643355838576,0.928643355838576,647,0.880400181900864,"[[1373,102,77],[34,287,22],[5,23,276]]",0.926450742240216,0.9723796033994334,1412,0.8846649484536082,1552,0.7602649006622517,0.6966019417475728,412,0.8367346938775511,343,0.812960235640648,0.736,375,0.9078947368421053,304,0.8332252928477052,0.8332252928477052,2199,,untrained_pose_head_excluded,,214,,,,,,217,,,217,0.9638157894736842,"[[79,11],[0,214]]",0.9349112426035503,1.0,79,0.8777777777777778,90,0.9549271474976749,0.9549271474976749,0.9749430523917996,0.9511111111111111,225,1.0,214,304,2199,e65fda6e350b016156730a27eefd2764798e605c4bfcbe5ed08d2653b912df3c,primary_t_plus_1_future_wrist,184015,pose_loss_weight_zero
a5bdb568fbc7731a1899d1c74e6dff8cb323d99bd6d437b67cd6748f7e44bf72,5,best_intention,/home/eker/Master-Thesis---Multi-modal-User-Intention-Estimation-and-Hand-Position-Prediction/Training/runs/dataset_v3_causal_20260815_n214_5d136a34/thesis_final_v2_validation/residual_without_pose_aux/residual_without_pose_aux_seed43/best_intention_model.pt,validation_intention_macro_f1,validation,0.8745240259228232,ce49ef80f3daac3d1e336d57ec0fad88f238068e057a1dfe1de9705bd5b54e0b,339c313d56c7be8564a3035cd8334bad103e15659315c33135e96b95e820245a,dataset_v3_causal_20260815_n214_5d136a34,,,,,,,1.0,43.566856384277344,15.889852523803711,15.519046783447266,7.141374588012695,23.2537841796875,217,residual_without_pose_aux,future_pose_loss,multitask_ablation,False,thesis_final_v2_corrected_alignment,hierarchical_residual_pose_transformer_v2,untrained_pose_head_diagnostic_only,untrained_pose_head_diagnostic_excluded_from_main_results,single_validation_selected_executable_checkpoint,43,a87834b20f7275293e3cba47e96565ef55f27895dff49dc82499d5a20efe4d21,b2cfd10991c5638277795aadcabfd322d3e9eb41dffb70696b63dc657f5f22cb,/home/eker/Master-Thesis---Multi-modal-User-Intention-Estimation-and-Hand-Position-Prediction/Training/reports/dataset_v3_causal_20260815_n214_5d136a34/thesis_final_v2_corrected_alignment/final_test/residual_without_pose_aux_seed43.json,5855fb0a72611a2e0c596f39a197d573c1448ab4abde76ba0f765964b649d46d,Training/runs/dataset_v3_causal_20260815_n214_5d136a34/thesis_final_v2_validation/residual_without_pose_aux/residual_without_pose_aux_seed43,,,,,,,,,,,,,,,,,,,,,,,,,,,,,not_available,,,,untrained_pose_head_diagnostic_excluded,,,,,,,,,,,,,,,,,,,,,,,,,,,,,,,,,,,,,,,,,,,,,,,,,,,,,,,,,,,,,,,,,,,,,,,,,,,,,,,,,,,,,,,,,,,,,,,,0.8854024556616644,0.8290366350067843,0.7388149939540508,827,0.9443585780525502,647,"[[1336,216],[36,611]]",0.9138166894664843,0.9737609329446064,1372,0.8608247422680413,1552,0.8714266622366342,0.8714266622366342,2199,0.9180834621329211,"[[312,31],[22,282]]",0.9217134416543575,0.9341317365269461,334,0.9096209912536443,343,0.9141004862236629,0.9009584664536742,313,0.9276315789473685,304,0.9179069639390103,0.9179069639390103,647,0.8626648476580264,"[[1336,151,65],[22,291,30],[14,20,270]]",0.9138166894664843,0.9737609329446064,1372,0.8608247422680413,1552,0.7229813664596274,0.6298701298701299,462,0.8483965014577259,343,0.8071748878923766,0.7397260273972602,365,0.8881578947368421,304,0.8146576479394961,0.8146576479394961,2199,,untrained_pose_head_excluded,,214,,,,,,217,,,217,0.9605263157894737,"[[78,12],[0,214]]",0.9285714285714286,1.0,78,0.8666666666666667,90,0.9506493506493507,0.9506493506493507,0.9727272727272728,0.9469026548672567,226,1.0,214,304,2199,e65fda6e350b016156730a27eefd2764798e605c4bfcbe5ed08d2653b912df3c,primary_t_plus_1_future_wrist,184015,pose_loss_weight_zero
55438ba88568bcd130db5989745e0885acb8af62692ae92f38ff017f1beaa534,12,best_intention,/home/eker/Master-Thesis---Multi-modal-User-Intention-Estimation-and-Hand-Position-Prediction/Training/runs/dataset_v3_causal_20260815_n214_5d136a34/thesis_final_v2_validation/residual_without_pose_aux/residual_without_pose_aux_seed44/best_intention_model.pt,validation_intention_macro_f1,validation,0.8744759934370222,96654425f3986c3639fde5f969d90142508f29ff9831120dc5b234ad9abf81be,339c313d56c7be8564a3035cd8334bad103e15659315c33135e96b95e820245a,dataset_v3_causal_20260815_n214_5d136a34,,,,,,,0.9953917050691244,43.15843200683594,15.810542106628418,15.256730079650879,7.072013854980469,22.843769073486328,216,residual_without_pose_aux,future_pose_loss,multitask_ablation,False,thesis_final_v2_corrected_alignment,hierarchical_residual_pose_transformer_v2,untrained_pose_head_diagnostic_only,untrained_pose_head_diagnostic_excluded_from_main_results,single_validation_selected_executable_checkpoint,44,a87834b20f7275293e3cba47e96565ef55f27895dff49dc82499d5a20efe4d21,b2cfd10991c5638277795aadcabfd322d3e9eb41dffb70696b63dc657f5f22cb,/home/eker/Master-Thesis---Multi-modal-User-Intention-Estimation-and-Hand-Position-Prediction/Training/reports/dataset_v3_causal_20260815_n214_5d136a34/thesis_final_v2_corrected_alignment/final_test/residual_without_pose_aux_seed44.json,fdd3a849b6560c4fe078a1b38030adc4dbe11570e94812f7376560d96b513957,Training/runs/dataset_v3_causal_20260815_n214_5d136a34/thesis_final_v2_validation/residual_without_pose_aux/residual_without_pose_aux_seed44,,,,,,,,,,,,,,,,,,,,,,,,,,,,,not_available,,,,untrained_pose_head_diagnostic_excluded,,,,,,,,,,,,,,,,,,,,,,,,,,,,,,,,,,,,,,,,,,,,,,,,,,,,,,,,,,,,,,,,,,,,,,,,,,,,,,,,,,,,,,,,,,,,,,,,0.8826739427012278,0.829815303430079,0.7238204833141542,869,0.9721792890262752,647,"[[1312,240],[18,629]]",0.9104788341429563,0.9864661654135338,1330,0.845360824742268,1552,0.8701470687865176,0.8701470687865176,2199,0.9520865533230294,"[[337,6],[25,279]]",0.9560283687943263,0.930939226519337,362,0.9825072886297376,343,0.9473684210526315,0.9789473684210527,285,0.9177631578947368,304,0.951698394923479,0.951698394923479,647,0.869031377899045,"[[1312,151,89],[14,324,5],[4,25,275]]",0.9104788341429563,0.9864661654135338,1330,0.845360824742268,1552,0.7686832740213523,0.648,500,0.9446064139941691,343,0.8172362555720653,0.7452574525745257,369,0.9046052631578947,304,0.8321327879121245,0.8321327879121245,2199,,untrained_pose_head_excluded,,214,,,,,,216,,,217,0.9638157894736842,"[[79,11],[0,214]]",0.9349112426035503,1.0,79,0.8777777777777778,90,0.9549271474976749,0.9549271474976749,0.9749430523917996,0.9511111111111111,225,1.0,214,304,2199,e65fda6e350b016156730a27eefd2764798e605c4bfcbe5ed08d2653b912df3c,primary_t_plus_1_future_wrist,184015,pose_loss_weight_zero
6060858bef71fa9273aec888bb03ff52b95dc3e42e811e9cf79feb9484ca1cc7,6,best_intention,/home/eker/Master-Thesis---Multi-modal-User-Intention-Estimation-and-Hand-Position-Prediction/Training/runs/dataset_v3_causal_20260815_n214_5d136a34/thesis_final_v2_validation/modality_no_gaze/modality_no_gaze_seed42/best_intention_model.pt,validation_intention_macro_f1,validation,0.869858337600273,822e0f1b9551ac26ed02dc8603f7db1b1e4a7b2c425d29111aecfd0c0df81769,4a2390e5a8e48e5b7729878e082139b8b6f3bc2739ef72212cf32074773830bd,dataset_v3_causal_20260815_n214_5d136a34,39.06748580932617,18.022628784179688,14.363840103149414,7.530954360961914,20.361461639404297,217,,,,,,,,modality_no_gaze,input_modality,modality_ablation,True,thesis_final_v2_corrected_alignment,hierarchical_residual_pose_transformer_v2,main_learned_output,learned_end_to_end_fixed_both_reference_cohort,single_validation_selected_executable_checkpoint,42,a87834b20f7275293e3cba47e96565ef55f27895dff49dc82499d5a20efe4d21,b2cfd10991c5638277795aadcabfd322d3e9eb41dffb70696b63dc657f5f22cb,/home/eker/Master-Thesis---Multi-modal-User-Intention-Estimation-and-Hand-Position-Prediction/Training/reports/dataset_v3_causal_20260815_n214_5d136a34/thesis_final_v2_corrected_alignment/final_test/modality_no_gaze_seed42.json,c428678d680bf3bad0bf5e966bd289f4700b9fab0d76a603de8a08ac0819a012,Training/runs/dataset_v3_causal_20260815_n214_5d136a34/thesis_final_v2_validation/modality_no_gaze/modality_no_gaze_seed42,,,,,,,,,,,,,,,,,,,,,,,,,,,,,not_available,,,,not_available,,,,,,,,,,,,,,,,,,,,,,,,,,,,,,,,,,,,,,,,,,,,,,,,,,,,,,,,,,,,,,,,,,,,,,,,,,,,,,,,,,,,,,,,,,,,,,,,0.880400181900864,0.8151791988756149,0.7474226804123711,776,0.8964451313755796,647,"[[1356,196],[67,580]]",0.9115966386554621,0.9529163738580464,1423,0.8737113402061856,1552,0.8633879187655384,0.8633879187655384,2199,0.893353941267388,"[[288,55],[14,290]]",0.8930232558139536,0.9536423841059603,302,0.8396501457725948,343,0.8936825885978428,0.8405797101449275,345,0.9539473684210527,304,0.8933529222058982,0.8933529222058982,647,0.8526603001364257,"[[1356,102,94],[44,251,48],[23,13,268]]",0.9115966386554621,0.9529163738580464,1423,0.8737113402061856,1552,0.7080394922425952,0.6857923497267759,366,0.7317784256559767,343,0.7507002801120449,0.6536585365853659,410,0.881578947368421,304,0.7901121370033675,0.7901121370033675,2199,0.8341013824884793,reported_denominator,fixed_model_independent_both_hand_references_valid_cohort,214,42.362640380859375,25.18544578552246,15.639364242553711,11.07975959777832,21.33515167236328,217,c1b6f47c13c119afe8a5cab1fe3c4cecf0df3e5792e49c305ae52aa13d266288,181,217,0.9736842105263158,"[[83,7],[1,213]]",0.9540229885057472,0.9880952380952381,84,0.9222222222222223,90,0.9677949043911225,0.9677949043911225,0.9815668202764977,0.9681818181818181,220,0.9953271028037384,214,304,2199,e65fda6e350b016156730a27eefd2764798e605c4bfcbe5ed08d2653b912df3c,primary_t_plus_1_future_wrist,176847,strict_gaze_dependency_ablation
3ebd86a43365cb3ac961bd951fdc07446b204df737c575b0feed14c9a0145e62,12,best_intention,/home/eker/Master-Thesis---Multi-modal-User-Intention-Estimation-and-Hand-Position-Prediction/Training/runs/dataset_v3_causal_20260815_n214_5d136a34/thesis_final_v2_validation/modality_no_gaze/modality_no_gaze_seed43/best_intention_model.pt,validation_intention_macro_f1,validation,0.8847080011704889,aab184ffbcec94b8bf7ed015b632b00b696ec2430b9a56c28ec8c140dba3c0f2,4a2390e5a8e48e5b7729878e082139b8b6f3bc2739ef72212cf32074773830bd,dataset_v3_causal_20260815_n214_5d136a34,41.85528564453125,18.83744239807129,14.764450073242188,9.23296070098877,19.946138381958008,216,,,,,,,,modality_no_gaze,input_modality,modality_ablation,True,thesis_final_v2_corrected_alignment,hierarchical_residual_pose_transformer_v2,main_learned_output,learned_end_to_end_fixed_both_reference_cohort,single_validation_selected_executable_checkpoint,43,a87834b20f7275293e3cba47e96565ef55f27895dff49dc82499d5a20efe4d21,b2cfd10991c5638277795aadcabfd322d3e9eb41dffb70696b63dc657f5f22cb,/home/eker/Master-Thesis---Multi-modal-User-Intention-Estimation-and-Hand-Position-Prediction/Training/reports/dataset_v3_causal_20260815_n214_5d136a34/thesis_final_v2_corrected_alignment/final_test/modality_no_gaze_seed43.json,96dc33476d01fc204abdaa3534679c0e0479c4728d51ecbf7074c9fae63890c7,Training/runs/dataset_v3_causal_20260815_n214_5d136a34/thesis_final_v2_validation/modality_no_gaze/modality_no_gaze_seed43,,,,,,,,,,,,,,,,,,,,,,,,,,,,,not_available,,,,not_available,,,,,,,,,,,,,,,,,,,,,,,,,,,,,,,,,,,,,,,,,,,,,,,,,,,,,,,,,,,,,,,,,,,,,,,,,,,,,,,,,,,,,,,,,,,,,,,,0.8826739427012278,0.8252032520325203,0.7346200241254524,829,0.9412673879443586,647,"[[1332,220],[38,609]]",0.9117043121149897,0.9722627737226277,1370,0.8582474226804123,1552,0.868453782073755,0.868453782073755,2199,0.9165378670788253,"[[304,39],[15,289]]",0.918429003021148,0.9529780564263323,319,0.8862973760932945,343,0.9145569620253164,0.8810975609756098,328,0.9506578947368421,304,0.9164929825232322,0.9164929825232322,647,0.8622100954979536,"[[1332,155,65],[27,284,32],[11,13,280]]",0.9117043121149897,0.9722627737226277,1370,0.8582474226804123,1552,0.7144654088050315,0.6283185840707964,452,0.8279883381924198,343,0.8223201174743024,0.7427055702917772,377,0.9210526315789473,304,0.8161632794647745,0.8161632794647745,2199,0.8341013824884793,reported_denominator,fixed_model_independent_both_hand_references_valid_cohort,214,45.105777740478516,25.11476707458496,15.804984092712402,11.863351821899414,21.089229583740234,216,c1b6f47c13c119afe8a5cab1fe3c4cecf0df3e5792e49c305ae52aa13d266288,181,217,0.9572368421052632,"[[85,5],[8,206]]",0.9289617486338798,0.9139784946236559,93,0.9444444444444444,90,0.9491867566698811,0.9491867566698811,0.9694117647058823,0.976303317535545,211,0.9626168224299065,214,304,2199,e65fda6e350b016156730a27eefd2764798e605c4bfcbe5ed08d2653b912df3c,primary_t_plus_1_future_wrist,176847,strict_gaze_dependency_ablation
4d8fb1a2d15babb5c684bcd2faf32ac076894659eba3890a82bbbd210699c516,15,best_intention,/home/eker/Master-Thesis---Multi-modal-User-Intention-Estimation-and-Hand-Position-Prediction/Training/runs/dataset_v3_causal_20260815_n214_5d136a34/thesis_final_v2_validation/modality_no_gaze/modality_no_gaze_seed44/best_intention_model.pt,validation_intention_macro_f1,validation,0.886966287789951,2d1f00cfae5dc0b823bf58b95e61e03cc595f104e21b8e44d34014442989117c,4a2390e5a8e48e5b7729878e082139b8b6f3bc2739ef72212cf32074773830bd,dataset_v3_causal_20260815_n214_5d136a34,38.97763442993164,18.47662353515625,14.948800086975098,7.707545280456543,20.751012802124023,216,,,,,,,,modality_no_gaze,input_modality,modality_ablation,True,thesis_final_v2_corrected_alignment,hierarchical_residual_pose_transformer_v2,main_learned_output,learned_end_to_end_fixed_both_reference_cohort,single_validation_selected_executable_checkpoint,44,a87834b20f7275293e3cba47e96565ef55f27895dff49dc82499d5a20efe4d21,b2cfd10991c5638277795aadcabfd322d3e9eb41dffb70696b63dc657f5f22cb,/home/eker/Master-Thesis---Multi-modal-User-Intention-Estimation-and-Hand-Position-Prediction/Training/reports/dataset_v3_causal_20260815_n214_5d136a34/thesis_final_v2_corrected_alignment/final_test/modality_no_gaze_seed44.json,a6df9c8e4b242b74c45a8b2344926687f174348f700da3467514804a32e76f93,Training/runs/dataset_v3_causal_20260815_n214_5d136a34/thesis_final_v2_validation/modality_no_gaze/modality_no_gaze_seed44,,,,,,,,,,,,,,,,,,,,,,,,,,,,,not_available,,,,not_available,,,,,,,,,,,,,,,,,,,,,,,,,,,,,,,,,,,,,,,,,,,,,,,,,,,,,,,,,,,,,,,,,,,,,,,,,,,,,,,,,,,,,,,,,,,,,,,,0.8972260118235562,0.8412921348314606,0.7709137709137709,777,0.9258114374034003,647,"[[1374,178],[48,599]]",0.9240080699394755,0.9662447257383966,1422,0.8853092783505154,1552,0.882650102385468,0.882650102385468,2199,0.8608964451313755,"[[263,80],[10,294]]",0.8538961038961038,0.9633699633699634,273,0.7667638483965015,343,0.8672566371681416,0.786096256684492,374,0.9671052631578947,304,0.8605763705321228,0.8605763705321228,647,0.8603910868576625,"[[1374,98,80],[32,237,74],[16,7,281]]",0.9240080699394755,0.9662447257383966,1422,0.8853092783505154,1552,0.6919708029197081,0.6929824561403509,342,0.6909620991253644,343,0.760487144790257,0.6459770114942529,435,0.9243421052631579,304,0.7921553392164803,0.7921553392164803,2199,0.8341013824884793,reported_denominator,fixed_model_independent_both_hand_references_valid_cohort,214,42.38345718383789,21.38878059387207,16.448253631591797,11.797868728637695,21.997745513916016,216,c1b6f47c13c119afe8a5cab1fe3c4cecf0df3e5792e49c305ae52aa13d266288,181,217,0.9539473684210527,"[[84,6],[8,206]]",0.9230769230769231,0.9130434782608695,92,0.9333333333333333,90,0.9451065366558324,0.9451065366558324,0.9671361502347416,0.9716981132075472,212,0.9626168224299065,214,304,2199,e65fda6e350b016156730a27eefd2764798e605c4bfcbe5ed08d2653b912df3c,primary_t_plus_1_future_wrist,176847,strict_gaze_dependency_ablation
8a79b13796fb2fc6f7b124b298e60d62a9a25b6afb70d803ede657229e4561d9,4,best_intention,/home/eker/Master-Thesis---Multi-modal-User-Intention-Estimation-and-Hand-Position-Prediction/Training/runs/dataset_v3_causal_20260815_n214_5d136a34/thesis_final_v2_validation/modality_no_hands/modality_no_hands_seed42/best_intention_model.pt,validation_intention_macro_f1,validation,0.7905528018919711,c23815edac62a5a7a6bbea643ca70916eaaf5e79822eba4808d0302654bc7c0b,905423c04c6e070d8a73bb90b7e7f7e17d5c0d03750c59fea81e4c301e45e7a6,dataset_v3_causal_20260815_n214_5d136a34,59.68090057373047,36.52693176269531,19.764297485351562,13.848794937133789,25.91591453552246,188,,,,,,,,modality_no_hands,input_modality,modality_ablation,True,thesis_final_v2_corrected_alignment,hierarchical_residual_pose_transformer_v2,main_learned_output,learned_end_to_end_fixed_both_reference_cohort,single_validation_selected_executable_checkpoint,42,a87834b20f7275293e3cba47e96565ef55f27895dff49dc82499d5a20efe4d21,b2cfd10991c5638277795aadcabfd322d3e9eb41dffb70696b63dc657f5f22cb,/home/eker/Master-Thesis---Multi-modal-User-Intention-Estimation-and-Hand-Position-Prediction/Training/reports/dataset_v3_causal_20260815_n214_5d136a34/thesis_final_v2_corrected_alignment/final_test/modality_no_hands_seed42.json,931a5e58568d50a59a7cbfa9770f279389171f38e7b8968aef9fd4a1ef79ba9d,Training/runs/dataset_v3_causal_20260815_n214_5d136a34/thesis_final_v2_validation/modality_no_hands/modality_no_hands_seed42,,,,,,,,,,,,,,,,,,,,,,,,,,,,,not_available,,,,not_available,,,,,,,,,,,,,,,,,,,,,,,,,,,,,,,,,,,,,,,,,,,,,,,,,,,,,,,,,,,,,,,,,,,,,,,,,,,,,,,,,,,,,,,,,,,,,,,,0.8817644383810823,0.8204419889502763,0.7415730337078652,801,0.9180834621329211,647,"[[1345,207],[53,594]]",0.9118644067796611,0.9620886981402003,1398,0.8666237113402062,1552,0.8661531978649687,0.8661531978649687,2199,0.8408037094281299,"[[297,46],[57,247]]",0.8522238163558107,0.8389830508474576,354,0.8658892128279884,343,0.8274706867671693,0.8430034129692833,293,0.8125,304,0.83984725156149,0.83984725156149,647,0.8408367439745339,"[[1345,121,86],[38,259,46],[15,44,245]]",0.9118644067796611,0.9620886981402003,1398,0.8666237113402062,1552,0.6753585397653195,0.6108490566037735,424,0.7551020408163265,343,0.7195301027900146,0.649867374005305,377,0.805921052631579,304,0.7689176831116651,0.7689176831116651,2199,0.8341013824884793,reported_denominator,fixed_model_independent_both_hand_references_valid_cohort,214,59.87655258178711,36.97404479980469,19.493881225585938,13.928885459899902,25.381465911865234,188,c1b6f47c13c119afe8a5cab1fe3c4cecf0df3e5792e49c305ae52aa13d266288,181,217,0.7236842105263158,"[[6,84],[0,214]]",0.125,1.0,6,0.06666666666666667,90,0.48046875,0.48046875,0.8359375,0.7181208053691275,298,1.0,214,304,2199,e65fda6e350b016156730a27eefd2764798e605c4bfcbe5ed08d2653b912df3c,primary_t_plus_1_future_wrist,179407,hand_feature_channel_ablation
2e5332c2975c0a64f8667edca414fed14930f6edcafc97e49acaa8bd0fbdb1ef,3,best_intention,/home/eker/Master-Thesis---Multi-modal-User-Intention-Estimation-and-Hand-Position-Prediction/Training/runs/dataset_v3_causal_20260815_n214_5d136a34/thesis_final_v2_validation/modality_no_hands/modality_no_hands_seed43/best_intention_model.pt,validation_intention_macro_f1,validation,0.7581676596118188,68cee87d68e62b5d6dae7dc8bb7c28b4c4045084d5954c8d0984add84380a3da,905423c04c6e070d8a73bb90b7e7f7e17d5c0d03750c59fea81e4c301e45e7a6,dataset_v3_causal_20260815_n214_5d136a34,58.75124740600586,37.70341873168945,18.986238479614258,14.107987403869629,24.092838287353516,190,,,,,,,,modality_no_hands,input_modality,modality_ablation,True,thesis_final_v2_corrected_alignment,hierarchical_residual_pose_transformer_v2,main_learned_output,learned_end_to_end_fixed_both_reference_cohort,single_validation_selected_executable_checkpoint,43,a87834b20f7275293e3cba47e96565ef55f27895dff49dc82499d5a20efe4d21,b2cfd10991c5638277795aadcabfd322d3e9eb41dffb70696b63dc657f5f22cb,/home/eker/Master-Thesis---Multi-modal-User-Intention-Estimation-and-Hand-Position-Prediction/Training/reports/dataset_v3_causal_20260815_n214_5d136a34/thesis_final_v2_corrected_alignment/final_test/modality_no_hands_seed43.json,bdf3ba78387dae8abbc5c284f06719244344a966c23071ff9d7d0128da3717b4,Training/runs/dataset_v3_causal_20260815_n214_5d136a34/thesis_final_v2_validation/modality_no_hands/modality_no_hands_seed43,,,,,,,,,,,,,,,,,,,,,,,,,,,,,not_available,,,,not_available,,,,,,,,,,,,,,,,,,,,,,,,,,,,,,,,,,,,,,,,,,,,,,,,,,,,,,,,,,,,,,,,,,,,,,,,,,,,,,,,,,,,,,,,,,,,,,,,0.8685766257389722,0.7986062717770035,0.7271573604060914,788,0.8856259659969088,647,"[[1337,215],[74,573]]",0.9024637192035101,0.9475549255846917,1411,0.8614690721649485,1552,0.8505349954902568,0.8505349954902568,2199,0.7836166924265843,"[[322,21],[119,185]]",0.8214285714285714,0.7301587301587301,441,0.9387755102040817,343,0.7254901960784313,0.8980582524271845,206,0.6085526315789473,304,0.7734593837535013,0.7734593837535013,647,0.814006366530241,"[[1337,139,76],[48,274,21],[26,99,179]]",0.9024637192035101,0.9475549255846917,1411,0.8614690721649485,1552,0.6409356725146199,0.53515625,512,0.7988338192419825,343,0.6172413793103448,0.6485507246376812,276,0.5888157894736842,304,0.720213590342825,0.720213590342825,2199,0.8341013824884793,reported_denominator,fixed_model_independent_both_hand_references_valid_cohort,214,59.129241943359375,38.593536376953125,18.848896026611328,14.452348709106445,23.738855361938477,190,c1b6f47c13c119afe8a5cab1fe3c4cecf0df3e5792e49c305ae52aa13d266288,181,217,0.7927631578947368,"[[27,63],[0,214]]",0.4615384615384615,1.0,27,0.3,90,0.6666144446185179,0.6666144446185179,0.8716904276985744,0.7725631768953068,277,1.0,214,304,2199,e65fda6e350b016156730a27eefd2764798e605c4bfcbe5ed08d2653b912df3c,primary_t_plus_1_future_wrist,179407,hand_feature_channel_ablation
ae6d8c49285ef2c10d3646ba30e8652aade48b3697c92383c9bce00e07ef8df0,10,best_intention,/home/eker/Master-Thesis---Multi-modal-User-Intention-Estimation-and-Hand-Position-Prediction/Training/runs/dataset_v3_causal_20260815_n214_5d136a34/thesis_final_v2_validation/modality_no_hands/modality_no_hands_seed44/best_intention_model.pt,validation_intention_macro_f1,validation,0.7737536559109053,776851ba7b1f6294c3bee22e8597b5b4f64f739b8582863418329e46dae6372b,905423c04c6e070d8a73bb90b7e7f7e17d5c0d03750c59fea81e4c301e45e7a6,dataset_v3_causal_20260815_n214_5d136a34,64.44735717773438,47.26615524291992,19.512619018554688,15.138818740844727,24.41837501525879,195,,,,,,,,modality_no_hands,input_modality,modality_ablation,True,thesis_final_v2_corrected_alignment,hierarchical_residual_pose_transformer_v2,main_learned_output,learned_end_to_end_fixed_both_reference_cohort,single_validation_selected_executable_checkpoint,44,a87834b20f7275293e3cba47e96565ef55f27895dff49dc82499d5a20efe4d21,b2cfd10991c5638277795aadcabfd322d3e9eb41dffb70696b63dc657f5f22cb,/home/eker/Master-Thesis---Multi-modal-User-Intention-Estimation-and-Hand-Position-Prediction/Training/reports/dataset_v3_causal_20260815_n214_5d136a34/thesis_final_v2_corrected_alignment/final_test/modality_no_hands_seed44.json,b070aa86efd0efb1518f1bacc3c017f2bdcc0974e1ad5b890e8e212554f4cd96,Training/runs/dataset_v3_causal_20260815_n214_5d136a34/thesis_final_v2_validation/modality_no_hands/modality_no_hands_seed44,,,,,,,,,,,,,,,,,,,,,,,,,,,,,not_available,,,,not_available,,,,,,,,,,,,,,,,,,,,,,,,,,,,,,,,,,,,,,,,,,,,,,,,,,,,,,,,,,,,,,,,,,,,,,,,,,,,,,,,,,,,,,,,,,,,,,,,0.8358344702137335,0.7591727818545697,0.6678403755868545,852,0.8794435857805255,647,"[[1269,283],[78,569]]",0.87547430148327,0.9420935412026726,1347,0.8176546391752577,1552,0.8173235416689199,0.8173235416689199,2199,0.8114374034003091,"[[320,23],[99,205]]",0.8398950131233597,0.7637231503579952,419,0.9329446064139941,343,0.7706766917293233,0.8991228070175439,228,0.6743421052631579,304,0.8052858524263415,0.8052858524263415,647,0.7908140063665302,"[[1269,223,60],[43,283,17],[35,82,187]]",0.87547430148327,0.9420935412026726,1347,0.8176546391752577,1552,0.6079484425349088,0.4812925170068027,588,0.8250728862973761,343,0.6584507042253521,0.7083333333333334,264,0.6151315789473685,304,0.7139578160811769,0.7139578160811769,2199,0.8341013824884793,reported_denominator,fixed_model_independent_both_hand_references_valid_cohort,214,65.38870239257812,48.219234466552734,19.6190185546875,15.9938383102417,24.407758712768555,195,c1b6f47c13c119afe8a5cab1fe3c4cecf0df3e5792e49c305ae52aa13d266288,181,217,0.7894736842105263,"[[26,64],[0,214]]",0.4482758620689655,1.0,26,0.28888888888888886,90,0.6590972806279787,0.6590972806279787,0.8699186991869918,0.7697841726618705,278,1.0,214,304,2199,e65fda6e350b016156730a27eefd2764798e605c4bfcbe5ed08d2653b912df3c,primary_t_plus_1_future_wrist,179407,hand_feature_channel_ablation
542aa0f346edd546a535282419705d87f1c8e0c5c36a4f097d470f66a04510fb,11,best_intention,/home/eker/Master-Thesis---Multi-modal-User-Intention-Estimation-and-Hand-Position-Prediction/Training/runs/dataset_v3_causal_20260815_n214_5d136a34/thesis_final_v2_validation/modality_no_objects/modality_no_objects_seed42/best_intention_model.pt,validation_intention_macro_f1,validation,0.8711913571119371,fd229da822db974946a56142d174754f32b8d37c6559aebcab2e75bfce7d8863,079650369a2df4c37c366b50d32fe8bfb3bbd3d75474ba8762e759fccf701098,dataset_v3_causal_20260815_n214_5d136a34,39.2502326965332,18.104557037353516,13.625393867492676,6.932584762573242,19.044538497924805,216,,,,,,,,modality_no_objects,input_modality,modality_ablation,True,thesis_final_v2_corrected_alignment,hierarchical_residual_pose_transformer_v2,main_learned_output,learned_end_to_end_fixed_both_reference_cohort,single_validation_selected_executable_checkpoint,42,a87834b20f7275293e3cba47e96565ef55f27895dff49dc82499d5a20efe4d21,b2cfd10991c5638277795aadcabfd322d3e9eb41dffb70696b63dc657f5f22cb,/home/eker/Master-Thesis---Multi-modal-User-Intention-Estimation-and-Hand-Position-Prediction/Training/reports/dataset_v3_causal_20260815_n214_5d136a34/thesis_final_v2_corrected_alignment/final_test/modality_no_objects_seed42.json,6fcad0efad10e8a77b8a0916f0d9710eaa32e102c3a489d395a8e38e3a4b3916,Training/runs/dataset_v3_causal_20260815_n214_5d136a34/thesis_final_v2_validation/modality_no_objects/modality_no_objects_seed42,,,,,,,,,,,,,,,,,,,,,,,,,,,,,not_available,,,,not_available,,,,,,,,,,,,,,,,,,,,,,,,,,,,,,,,,,,,,,,,,,,,,,,,,,,,,,,,,,,,,,,,,,,,,,,,,,,,,,,,,,,,,,,,,,,,,,,,0.9195088676671214,0.873481057898499,0.8125,752,0.9443585780525502,647,"[[1411,141],[36,611]]",0.940980326775592,0.9751209398756047,1447,0.9091494845360825,1552,0.9072306923370455,0.9072306923370455,2199,0.9428129829984544,"[[314,29],[8,296]]",0.9443609022556391,0.9751552795031055,322,0.9154518950437318,343,0.9411764705882354,0.9107692307692308,325,0.9736842105263158,304,0.9427686864219372,0.9427686864219372,647,0.903137789904502,"[[1411,74,67],[34,280,29],[2,7,295]]",0.940980326775592,0.9751209398756047,1447,0.9091494845360825,1552,0.7954545454545454,0.775623268698061,361,0.8163265306122449,343,0.8489208633093525,0.7544757033248082,391,0.9703947368421053,304,0.86178524517983,0.86178524517983,2199,0.8341013824884793,reported_denominator,fixed_model_independent_both_hand_references_valid_cohort,214,42.775146484375,23.247695922851562,15.098431587219238,10.872052192687988,20.173290252685547,216,c1b6f47c13c119afe8a5cab1fe3c4cecf0df3e5792e49c305ae52aa13d266288,181,217,0.9703947368421053,"[[84,6],[3,211]]",0.9491525423728815,0.9655172413793104,87,0.9333333333333333,90,0.9641354359196195,0.9641354359196195,0.9791183294663575,0.9723502304147466,217,0.985981308411215,214,304,2199,e65fda6e350b016156730a27eefd2764798e605c4bfcbe5ed08d2653b912df3c,primary_t_plus_1_future_wrist,170191,strict_object_dependency_ablation
620339bfbc1d1a4e3f4f4a5ae1838706e89cc82a47c22c3b0241680ccaa1cc37,4,best_intention,/home/eker/Master-Thesis---Multi-modal-User-Intention-Estimation-and-Hand-Position-Prediction/Training/runs/dataset_v3_causal_20260815_n214_5d136a34/thesis_final_v2_validation/modality_no_objects/modality_no_objects_seed43/best_intention_model.pt,validation_intention_macro_f1,validation,0.8752894913910451,903c3f9870713e97bbf2805937fb54fcf6ee2970311c47886c99bae723239e07,079650369a2df4c37c366b50d32fe8bfb3bbd3d75474ba8762e759fccf701098,dataset_v3_causal_20260815_n214_5d136a34,42.315635681152344,19.583908081054688,15.999550819396973,9.729899406433105,21.419641494750977,217,,,,,,,,modality_no_objects,input_modality,modality_ablation,True,thesis_final_v2_corrected_alignment,hierarchical_residual_pose_transformer_v2,main_learned_output,learned_end_to_end_fixed_both_reference_cohort,single_validation_selected_executable_checkpoint,43,a87834b20f7275293e3cba47e96565ef55f27895dff49dc82499d5a20efe4d21,b2cfd10991c5638277795aadcabfd322d3e9eb41dffb70696b63dc657f5f22cb,/home/eker/Master-Thesis---Multi-modal-User-Intention-Estimation-and-Hand-Position-Prediction/Training/reports/dataset_v3_causal_20260815_n214_5d136a34/thesis_final_v2_corrected_alignment/final_test/modality_no_objects_seed43.json,9f9b900d2e4c7ed3a3b8c5a91dfe4ef020a8c2277a3b731fa26124f570ca5818,Training/runs/dataset_v3_causal_20260815_n214_5d136a34/thesis_final_v2_validation/modality_no_objects/modality_no_objects_seed43,,,,,,,,,,,,,,,,,,,,,,,,,,,,,not_available,,,,not_available,,,,,,,,,,,,,,,,,,,,,,,,,,,,,,,,,,,,,,,,,,,,,,,,,,,,,,,,,,,,,,,,,,,,,,,,,,,,,,,,,,,,,,,,,,,,,,,,0.9022282855843565,0.8550236008091705,0.7583732057416268,836,0.9799072642967542,647,"[[1350,202],[13,634]]",0.9262435677530017,0.9904622157006603,1363,0.8698453608247423,1552,0.8906335842810861,0.8906335842810861,2199,0.9412673879443586,"[[323,20],[18,286]]",0.9444444444444445,0.9472140762463344,341,0.9416909620991254,343,0.937704918032787,0.934640522875817,306,0.9407894736842105,304,0.9410746812386157,0.9410746812386157,647,0.8854024556616644,"[[1350,118,84],[12,311,20],[1,17,286]]",0.9262435677530017,0.9904622157006603,1363,0.8698453608247423,1552,0.7883396704689479,0.6973094170403588,446,0.9067055393586005,343,0.8242074927953891,0.7333333333333333,390,0.9407894736842105,304,0.8462635770057796,0.8462635770057796,2199,0.8341013824884793,reported_denominator,fixed_model_independent_both_hand_references_valid_cohort,214,46.21866226196289,30.424795150756836,16.774221420288086,12.921239852905273,22.175186157226562,217,c1b6f47c13c119afe8a5cab1fe3c4cecf0df3e5792e49c305ae52aa13d266288,181,217,0.9605263157894737,"[[81,9],[3,211]]",0.9310344827586207,0.9642857142857143,84,0.9,90,0.9516923565866837,0.9516923565866837,0.9723502304147467,0.9590909090909091,220,0.985981308411215,214,304,2199,e65fda6e350b016156730a27eefd2764798e605c4bfcbe5ed08d2653b912df3c,primary_t_plus_1_future_wrist,170191,strict_object_dependency_ablation
933c6b4e7275e81a21fe1915c3974b798d982defd44ce288ee586f8772245d3e,5,best_intention,/home/eker/Master-Thesis---Multi-modal-User-Intention-Estimation-and-Hand-Position-Prediction/Training/runs/dataset_v3_causal_20260815_n214_5d136a34/thesis_final_v2_validation/modality_no_objects/modality_no_objects_seed44/best_intention_model.pt,validation_intention_macro_f1,validation,0.8676381077817762,b1cdc7f9867f0bcbb18fbf0fb01e899f4de82af650ba9d28274209ff4b6c64c2,079650369a2df4c37c366b50d32fe8bfb3bbd3d75474ba8762e759fccf701098,dataset_v3_causal_20260815_n214_5d136a34,41.489803314208984,19.215167999267578,14.640213966369629,8.13726806640625,19.60281753540039,217,,,,,,,,modality_no_objects,input_modality,modality_ablation,True,thesis_final_v2_corrected_alignment,hierarchical_residual_pose_transformer_v2,main_learned_output,learned_end_to_end_fixed_both_reference_cohort,single_validation_selected_executable_checkpoint,44,a87834b20f7275293e3cba47e96565ef55f27895dff49dc82499d5a20efe4d21,b2cfd10991c5638277795aadcabfd322d3e9eb41dffb70696b63dc657f5f22cb,/home/eker/Master-Thesis---Multi-modal-User-Intention-Estimation-and-Hand-Position-Prediction/Training/reports/dataset_v3_causal_20260815_n214_5d136a34/thesis_final_v2_corrected_alignment/final_test/modality_no_objects_seed44.json,354af0576dc16cbb7b768f13a216d1ba5eeb9e7192378d322119d0d94d3ea570,Training/runs/dataset_v3_causal_20260815_n214_5d136a34/thesis_final_v2_validation/modality_no_objects/modality_no_objects_seed44,,,,,,,,,,,,,,,,,,,,,,,,,,,,,not_available,,,,not_available,,,,,,,,,,,,,,,,,,,,,,,,,,,,,,,,,,,,,,,,,,,,,,,,,,,,,,,,,,,,,,,,,,,,,,,,,,,,,,,,,,,,,,,,,,,,,,,,0.901318781264211,0.8468595624558928,0.7792207792207793,770,0.9273570324574961,647,"[[1382,170],[47,600]]",0.9272056356927205,0.967109867039888,1429,0.8904639175257731,1552,0.8870325990743066,0.8870325990743066,2199,0.9289026275115919,"[[315,28],[18,286]]",0.9319526627218935,0.9459459459459459,333,0.9183673469387755,343,0.9255663430420712,0.910828025477707,314,0.9407894736842105,304,0.9287595028819824,0.9287595028819824,647,0.8808549340609367,"[[1382,75,95],[39,277,27],[8,18,278]]",0.9272056356927205,0.967109867039888,1429,0.8904639175257731,1552,0.7769985974754559,0.7486486486486487,370,0.8075801749271136,343,0.7897727272727271,0.695,400,0.9144736842105263,304,0.8313256534803012,0.8313256534803012,2199,0.8341013824884793,reported_denominator,fixed_model_independent_both_hand_references_valid_cohort,214,44.632293701171875,25.811899185180664,15.675894737243652,11.417465209960938,20.417570114135742,217,c1b6f47c13c119afe8a5cab1fe3c4cecf0df3e5792e49c305ae52aa13d266288,181,217,0.9703947368421053,"[[82,8],[1,213]]",0.9479768786127168,0.9879518072289156,83,0.9111111111111111,90,0.9636436117201514,0.9636436117201514,0.9793103448275862,0.9638009049773756,221,0.9953271028037384,214,304,2199,e65fda6e350b016156730a27eefd2764798e605c4bfcbe5ed08d2653b912df3c,primary_t_plus_1_future_wrist,170191,strict_object_dependency_ablation
e6bb6f36a62beea9e4269f4cd7ab20727f5edf457ce5774ccaf35c98ba88860c,19,best_intention,/home/eker/Master-Thesis---Multi-modal-User-Intention-Estimation-and-Hand-Position-Prediction/Training/runs/dataset_v3_causal_20260815_n214_5d136a34/thesis_final_v2_validation/modality_no_vio/modality_no_vio_seed42/best_intention_model.pt,validation_intention_macro_f1,validation,0.8941887351753445,86902e7b78f42c5ebcdc9e6ff26a8ee19c2e2c449be7398199701dad9bd43d67,bb743b36cd41d9189518f2549ffca36626af53aea4a39f3def298b72db26b0c2,dataset_v3_causal_20260815_n214_5d136a34,41.55195999145508,22.521329879760742,15.857937812805176,11.034398078918457,20.765600204467773,217,,,,,,,,modality_no_vio,input_modality,modality_ablation,True,thesis_final_v2_corrected_alignment,hierarchical_residual_pose_transformer_v2,main_learned_output,learned_end_to_end_fixed_both_reference_cohort,single_validation_selected_executable_checkpoint,42,a87834b20f7275293e3cba47e96565ef55f27895dff49dc82499d5a20efe4d21,b2cfd10991c5638277795aadcabfd322d3e9eb41dffb70696b63dc657f5f22cb,/home/eker/Master-Thesis---Multi-modal-User-Intention-Estimation-and-Hand-Position-Prediction/Training/reports/dataset_v3_causal_20260815_n214_5d136a34/thesis_final_v2_corrected_alignment/final_test/modality_no_vio_seed42.json,e8d9304de2d24f2879c6dd0772d0a18d9fcb6e6c9897075215a51028e6b55eba,Training/runs/dataset_v3_causal_20260815_n214_5d136a34/thesis_final_v2_validation/modality_no_vio/modality_no_vio_seed42,,,,,,,,,,,,,,,,,,,,,,,,,,,,,not_available,,,,not_available,,,,,,,,,,,,,,,,,,,,,,,,,,,,,,,,,,,,,,,,,,,,,,,,,,,,,,,,,,,,,,,,,,,,,,,,,,,,,,,,,,,,,,,,,,,,,,,,0.8681218735788995,0.7949080622347949,0.7327249022164276,767,0.8686244204018547,647,"[[1347,205],[85,562]]",0.9028150134048258,0.9406424581005587,1432,0.8679123711340206,1552,0.8488615378198103,0.8488615378198103,2199,0.8995363214837713,"[[310,33],[32,272]]",0.9051094890510949,0.9064327485380117,342,0.9037900874635568,343,0.8932676518883415,0.8918032786885246,305,0.8947368421052632,304,0.8991885704697182,0.8991885704697182,647,0.8472032742155525,"[[1347,125,80],[58,256,29],[27,17,260]]",0.9028150134048258,0.9406424581005587,1432,0.8679123711340206,1552,0.6909581646423751,0.6432160804020101,398,0.7463556851311953,343,0.7726597325408618,0.7046070460704607,369,0.8552631578947368,304,0.788810970196021,0.788810970196021,2199,0.8341013824884793,reported_denominator,fixed_model_independent_both_hand_references_valid_cohort,214,44.027992248535156,26.736177444458008,16.666959762573242,12.584739685058594,21.701749801635742,217,c1b6f47c13c119afe8a5cab1fe3c4cecf0df3e5792e49c305ae52aa13d266288,181,217,0.9506578947368421,"[[75,15],[0,214]]",0.9090909090909091,1.0,75,0.8333333333333334,90,0.9376154319720911,0.9376154319720911,0.9661399548532731,0.9344978165938864,229,1.0,214,304,2199,e65fda6e350b016156730a27eefd2764798e605c4bfcbe5ed08d2653b912df3c,primary_t_plus_1_future_wrist,181455,direct_vio_channel_ablation
bababa8d86ad51ccc1fdf2411d4926fccf29c60d6d8f3202cfdd85a280d886e3,9,best_intention,/home/eker/Master-Thesis---Multi-modal-User-Intention-Estimation-and-Hand-Position-Prediction/Training/runs/dataset_v3_causal_20260815_n214_5d136a34/thesis_final_v2_validation/modality_no_vio/modality_no_vio_seed43/best_intention_model.pt,validation_intention_macro_f1,validation,0.8833133305818252,df3418d81cda360b4f18fc9ef0b219749554f2dbebbdccc0e538e95640d233b7,bb743b36cd41d9189518f2549ffca36626af53aea4a39f3def298b72db26b0c2,dataset_v3_causal_20260815_n214_5d136a34,44.20615005493164,21.114044189453125,14.817224502563477,9.007022857666016,19.99476432800293,216,,,,,,,,modality_no_vio,input_modality,modality_ablation,True,thesis_final_v2_corrected_alignment,hierarchical_residual_pose_transformer_v2,main_learned_output,learned_end_to_end_fixed_both_reference_cohort,single_validation_selected_executable_checkpoint,43,a87834b20f7275293e3cba47e96565ef55f27895dff49dc82499d5a20efe4d21,b2cfd10991c5638277795aadcabfd322d3e9eb41dffb70696b63dc657f5f22cb,/home/eker/Master-Thesis---Multi-modal-User-Intention-Estimation-and-Hand-Position-Prediction/Training/reports/dataset_v3_causal_20260815_n214_5d136a34/thesis_final_v2_corrected_alignment/final_test/modality_no_vio_seed43.json,0dddb7aa45034e2541b555d1b6c01a74158f76628d4431b4150a9821bcdd3ce0,Training/runs/dataset_v3_causal_20260815_n214_5d136a34/thesis_final_v2_validation/modality_no_vio/modality_no_vio_seed43,,,,,,,,,,,,,,,,,,,,,,,,,,,,,not_available,,,,not_available,,,,,,,,,,,,,,,,,,,,,,,,,,,,,,,,,,,,,,,,,,,,,,,,,,,,,,,,,,,,,,,,,,,,,,,,,,,,,,,,,,,,,,,,,,,,,,,,0.8867667121418826,0.8186453022578296,0.7741046831955923,726,0.8686244204018547,647,"[[1388,164],[85,562]]",0.9176859504132232,0.9422946367956552,1473,0.8943298969072165,1552,0.8681656263355264,0.8681656263355264,2199,0.893353941267388,"[[302,41],[28,276]]",0.8974739970282318,0.9151515151515152,330,0.880466472303207,343,0.888888888888889,0.8706624605678234,317,0.9078947368421053,304,0.8931814429585604,0.8931814429585604,647,0.8685766257389722,"[[1388,70,94],[63,251,29],[22,11,271]]",0.9176859504132232,0.9422946367956552,1473,0.8943298969072165,1552,0.7437037037037038,0.7560240963855421,332,0.7317784256559767,343,0.7765042979942693,0.6878172588832487,394,0.8914473684210527,304,0.8126313173703988,0.8126313173703988,2199,0.8341013824884793,reported_denominator,fixed_model_independent_both_hand_references_valid_cohort,214,47.85607147216797,27.39519691467285,15.824540138244629,12.130744934082031,20.831636428833008,216,c1b6f47c13c119afe8a5cab1fe3c4cecf0df3e5792e49c305ae52aa13d266288,181,217,0.9342105263157895,"[[70,20],[0,214]]",0.8750000000000001,1.0,70,0.7777777777777778,90,0.9151785714285715,0.9151785714285715,0.9553571428571429,0.9145299145299145,234,1.0,214,304,2199,e65fda6e350b016156730a27eefd2764798e605c4bfcbe5ed08d2653b912df3c,primary_t_plus_1_future_wrist,181455,direct_vio_channel_ablation
fffd06303134e70bb9840f700331b4b033bd87b5b14bc6ba3cc1d8dc95dc1fde,19,best_intention,/home/eker/Master-Thesis---Multi-modal-User-Intention-Estimation-and-Hand-Position-Prediction/Training/runs/dataset_v3_causal_20260815_n214_5d136a34/thesis_final_v2_validation/modality_no_vio/modality_no_vio_seed44/best_intention_model.pt,validation_intention_macro_f1,validation,0.863636867491835,3d56a0d3f0929477e2e818032995f9be2668b30679adb0afa5174c0c77d2e9df,bb743b36cd41d9189518f2549ffca36626af53aea4a39f3def298b72db26b0c2,dataset_v3_causal_20260815_n214_5d136a34,43.175079345703125,24.36068344116211,15.630472183227539,11.351940155029297,21.15867042541504,215,,,,,,,,modality_no_vio,input_modality,modality_ablation,True,thesis_final_v2_corrected_alignment,hierarchical_residual_pose_transformer_v2,main_learned_output,learned_end_to_end_fixed_both_reference_cohort,single_validation_selected_executable_checkpoint,44,a87834b20f7275293e3cba47e96565ef55f27895dff49dc82499d5a20efe4d21,b2cfd10991c5638277795aadcabfd322d3e9eb41dffb70696b63dc657f5f22cb,/home/eker/Master-Thesis---Multi-modal-User-Intention-Estimation-and-Hand-Position-Prediction/Training/reports/dataset_v3_causal_20260815_n214_5d136a34/thesis_final_v2_corrected_alignment/final_test/modality_no_vio_seed44.json,4a62b0be7ec9ef979aa0fdccfe324ff81ce5d76375ce8da72adcd2daa846aa3f,Training/runs/dataset_v3_causal_20260815_n214_5d136a34/thesis_final_v2_validation/modality_no_vio/modality_no_vio_seed44,,,,,,,,,,,,,,,,,,,,,,,,,,,,,not_available,,,,not_available,,,,,,,,,,,,,,,,,,,,,,,,,,,,,,,,,,,,,,,,,,,,,,,,,,,,,,,,,,,,,,,,,,,,,,,,,,,,,,,,,,,,,,,,,,,,,,,,0.8790359254206458,0.8121468926553672,0.7477243172951885,769,0.8887171561051005,647,"[[1358,194],[72,575]]",0.9107981220657277,0.9496503496503497,1430,0.875,1552,0.8614725073605475,0.8614725073605475,2199,0.8686244204018547,"[[290,53],[32,272]]",0.8721804511278196,0.9006211180124224,322,0.8454810495626822,343,0.8648648648648647,0.8369230769230769,325,0.8947368421052632,304,0.8685226579963421,0.8685226579963421,647,0.8472032742155525,"[[1358,103,91],[48,243,52],[24,18,262]]",0.9107981220657277,0.9496503496503497,1430,0.875,1552,0.6874115983026874,0.6675824175824175,364,0.7084548104956269,343,0.7390691114245416,0.6469135802469136,405,0.8618421052631579,304,0.7790929439309856,0.7790929439309856,2199,0.8341013824884793,reported_denominator,fixed_model_independent_both_hand_references_valid_cohort,214,46.31086349487305,28.30199432373047,16.482242584228516,12.053898811340332,21.846792221069336,215,c1b6f47c13c119afe8a5cab1fe3c4cecf0df3e5792e49c305ae52aa13d266288,181,217,0.9375,"[[71,19],[0,214]]",0.8819875776397516,1.0,71,0.7888888888888889,90,0.9197409923992941,0.9197409923992941,0.9574944071588367,0.9184549356223176,233,1.0,214,304,2199,e65fda6e350b016156730a27eefd2764798e605c4bfcbe5ed08d2653b912df3c,primary_t_plus_1_future_wrist,181455,direct_vio_channel_ablation
06ae43160fa5d9cad3699326fa21951cf06002c2334752059736c5a4231d110a,14,best_intention,/home/eker/Master-Thesis---Multi-modal-User-Intention-Estimation-and-Hand-Position-Prediction/Training/runs/dataset_v3_causal_20260815_n214_5d136a34/thesis_final_v2_validation/visual_corrected_clip_current_gate/visual_corrected_clip_current_gate_seed42/best_intention_model.pt,validation_intention_macro_f1,validation,0.8835914582918557,8d9973a447c5e560202656056054e9ca29ca7ed5ac0f0ec2e3f118974cd69648,1c0180a04028072157b015317ce37cd5b578020d2eb9774888ecbce68e44e699,dataset_v3_causal_20260815_n214_5d136a34,41.65753936767578,19.492250442504883,14.657598495483398,10.060797691345215,19.160627365112305,217,,,,,,,,visual_corrected_clip_current_gate,visual_context,visual,True,thesis_final_v2_corrected_alignment,hierarchical_residual_pose_transformer_v2,main_learned_output,learned_end_to_end_fixed_both_reference_cohort,single_validation_selected_executable_checkpoint,42,a87834b20f7275293e3cba47e96565ef55f27895dff49dc82499d5a20efe4d21,b2cfd10991c5638277795aadcabfd322d3e9eb41dffb70696b63dc657f5f22cb,/home/eker/Master-Thesis---Multi-modal-User-Intention-Estimation-and-Hand-Position-Prediction/Training/reports/dataset_v3_causal_20260815_n214_5d136a34/thesis_final_v2_corrected_alignment/final_test/visual_corrected_clip_current_gate_seed42.json,a117a4cd3d34dc50e90535cdd9b0bee06de0b7f4be10bbd6758caf09f219635b,Training/runs/dataset_v3_causal_20260815_n214_5d136a34/thesis_final_v2_validation/visual_corrected_clip_current_gate/visual_corrected_clip_current_gate_seed42,,,,,,,,,,,,,,,,,,,,,,,,,,,,,not_available,,,,not_available,,,,,,,,,,,,,,,,,,,,,,,,,,,,,,,,,,,,,,,,,,,,,,,,,,,,,,,,,,,,,,,,,,,,,,,,,,,,,,,,,,,,,,,,,,,,,,,,0.9358799454297408,0.8937452901281084,0.8720588235294118,680,0.9165378670788253,647,"[[1465,87],[54,593]]",0.9540866167372192,0.9644502962475313,1519,0.9439432989690721,1552,0.9239159534326638,0.9239159534326638,2199,0.9026275115919629,"[[299,44],[19,285]]",0.9046898638426626,0.940251572327044,318,0.8717201166180758,343,0.9004739336492892,0.8662613981762918,329,0.9375,304,0.9025818987459759,0.9025818987459759,647,0.910868576625739,"[[1465,61,26],[38,261,44],[16,11,277]]",0.9540866167372192,0.9644502962475313,1519,0.9439432989690721,1552,0.7721893491124262,0.7837837837837838,333,0.760932944606414,343,0.8509984639016898,0.7982708933717579,347,0.9111842105263158,304,0.8590914765837784,0.8590914765837784,2199,0.8341013824884793,reported_denominator,fixed_model_independent_both_hand_references_valid_cohort,214,44.23421859741211,21.723922729492188,15.376934051513672,11.45878791809082,19.746021270751953,217,c1b6f47c13c119afe8a5cab1fe3c4cecf0df3e5792e49c305ae52aa13d266288,181,217,0.9473684210526315,"[[76,14],[2,212]]",0.9047619047619048,0.9743589743589743,78,0.8444444444444444,90,0.9341991341991343,0.9341991341991343,0.9636363636363636,0.9380530973451328,226,0.9906542056074766,214,304,2199,e65fda6e350b016156730a27eefd2764798e605c4bfcbe5ed08d2653b912df3c,primary_t_plus_1_future_wrist,192207,sensor_plus_corrected_clip_temporal_channel_gate
b188daf89b241c9419ebc630db38c484e28bded3d993b050a57ee7e38bc932cf,12,best_intention,/home/eker/Master-Thesis---Multi-modal-User-Intention-Estimation-and-Hand-Position-Prediction/Training/runs/dataset_v3_causal_20260815_n214_5d136a34/thesis_final_v2_validation/visual_corrected_clip_current_gate/visual_corrected_clip_current_gate_seed43/best_intention_model.pt,validation_intention_macro_f1,validation,0.8767917471250269,b78c4360052b9222feab952c3a9582319785c043bdb636ec75b1349a5543b022,1c0180a04028072157b015317ce37cd5b578020d2eb9774888ecbce68e44e699,dataset_v3_causal_20260815_n214_5d136a34,43.353370666503906,19.669065475463867,15.509298324584961,10.076227188110352,21.414365768432617,213,,,,,,,,visual_corrected_clip_current_gate,visual_context,visual,True,thesis_final_v2_corrected_alignment,hierarchical_residual_pose_transformer_v2,main_learned_output,learned_end_to_end_fixed_both_reference_cohort,single_validation_selected_executable_checkpoint,43,a87834b20f7275293e3cba47e96565ef55f27895dff49dc82499d5a20efe4d21,b2cfd10991c5638277795aadcabfd322d3e9eb41dffb70696b63dc657f5f22cb,/home/eker/Master-Thesis---Multi-modal-User-Intention-Estimation-and-Hand-Position-Prediction/Training/reports/dataset_v3_causal_20260815_n214_5d136a34/thesis_final_v2_corrected_alignment/final_test/visual_corrected_clip_current_gate_seed43.json,a1cea41dc5d98871fa25f9696f9d3aa0ab963ca5df6a073af65b2c593dc993d1,Training/runs/dataset_v3_causal_20260815_n214_5d136a34/thesis_final_v2_validation/visual_corrected_clip_current_gate/visual_corrected_clip_current_gate_seed43,,,,,,,,,,,,,,,,,,,,,,,,,,,,,not_available,,,,not_available,,,,,,,,,,,,,,,,,,,,,,,,,,,,,,,,,,,,,,,,,,,,,,,,,,,,,,,,,,,,,,,,,,,,,,,,,,,,,,,,,,,,,,,,,,,,,,,,0.9226921327876307,0.8706240487062405,0.8575712143928036,667,0.884080370942813,647,"[[1457,95],[75,572]]",0.9448767833981842,0.9510443864229765,1532,0.9387886597938144,1552,0.9077504160522123,0.9077504160522123,2199,0.9010819165378671,"[[292,51],[13,291]]",0.9012345679012346,0.9573770491803278,305,0.8513119533527697,343,0.9009287925696595,0.8508771929824561,342,0.9572368421052632,304,0.9010816802354471,0.9010816802354471,647,0.89949977262392,"[[1457,45,50],[63,234,46],[12,5,287]]",0.9448767833981842,0.9510443864229765,1532,0.9387886597938144,1552,0.7464114832535885,0.823943661971831,284,0.6822157434402333,343,0.8355167394468704,0.7493472584856397,383,0.944078947368421,304,0.8422683353662145,0.8422683353662145,2199,0.8341013824884793,reported_denominator,fixed_model_independent_both_hand_references_valid_cohort,214,46.82278823852539,26.10303497314453,16.185312271118164,11.275683403015137,22.11583709716797,213,c1b6f47c13c119afe8a5cab1fe3c4cecf0df3e5792e49c305ae52aa13d266288,181,217,0.9375,"[[71,19],[0,214]]",0.8819875776397516,1.0,71,0.7888888888888889,90,0.9197409923992941,0.9197409923992941,0.9574944071588367,0.9184549356223176,233,1.0,214,304,2199,e65fda6e350b016156730a27eefd2764798e605c4bfcbe5ed08d2653b912df3c,primary_t_plus_1_future_wrist,192207,sensor_plus_corrected_clip_temporal_channel_gate
97a6dd2218609d304306872f357677adfda8e60491431cc7aafbc0d9aca7dca3,8,best_intention,/home/eker/Master-Thesis---Multi-modal-User-Intention-Estimation-and-Hand-Position-Prediction/Training/runs/dataset_v3_causal_20260815_n214_5d136a34/thesis_final_v2_validation/visual_corrected_clip_current_gate/visual_corrected_clip_current_gate_seed44/best_intention_model.pt,validation_intention_macro_f1,validation,0.9006883281987607,ef3713660e7f9b11515c7e2c3f26c5db4cfb04a89a817b4e895b24c630872473,1c0180a04028072157b015317ce37cd5b578020d2eb9774888ecbce68e44e699,dataset_v3_causal_20260815_n214_5d136a34,42.95513153076172,19.413576126098633,15.414674758911133,7.278266429901123,21.298274993896484,217,,,,,,,,visual_corrected_clip_current_gate,visual_context,visual,True,thesis_final_v2_corrected_alignment,hierarchical_residual_pose_transformer_v2,main_learned_output,learned_end_to_end_fixed_both_reference_cohort,single_validation_selected_executable_checkpoint,44,a87834b20f7275293e3cba47e96565ef55f27895dff49dc82499d5a20efe4d21,b2cfd10991c5638277795aadcabfd322d3e9eb41dffb70696b63dc657f5f22cb,/home/eker/Master-Thesis---Multi-modal-User-Intention-Estimation-and-Hand-Position-Prediction/Training/reports/dataset_v3_causal_20260815_n214_5d136a34/thesis_final_v2_corrected_alignment/final_test/visual_corrected_clip_current_gate_seed44.json,22a876e43a47006b5c2dc9120034e3582718000689f72b321b779ad69b0eec49,Training/runs/dataset_v3_causal_20260815_n214_5d136a34/thesis_final_v2_validation/visual_corrected_clip_current_gate/visual_corrected_clip_current_gate_seed44,,,,,,,,,,,,,,,,,,,,,,,,,,,,,not_available,,,,not_available,,,,,,,,,,,,,,,,,,,,,,,,,,,,,,,,,,,,,,,,,,,,,,,,,,,,,,,,,,,,,,,,,,,,,,,,,,,,,,,,,,,,,,,,,,,,,,,,0.920418371987267,0.8763250883392226,0.8072916666666666,768,0.9582689335394127,647,"[[1404,148],[27,620]]",0.941334227287965,0.9811320754716981,1431,0.904639175257732,1552,0.9088296578135938,0.9088296578135938,2199,0.893353941267388,"[[292,51],[18,286]]",0.8943338437978561,0.9419354838709677,310,0.8513119533527697,343,0.8923556942277692,0.8486646884272997,337,0.9407894736842105,304,0.8933447690128127,0.8933447690128127,647,0.8913142337426103,"[[1404,90,58],[25,272,46],[2,18,284]]",0.941334227287965,0.9811320754716981,1431,0.904639175257732,1552,0.7524204702627939,0.7157894736842105,380,0.793002915451895,343,0.8208092485549132,0.7319587628865979,388,0.9342105263157895,304,0.8381879820352239,0.8381879820352239,2199,0.8341013824884793,reported_denominator,fixed_model_independent_both_hand_references_valid_cohort,214,46.425445556640625,24.310977935791016,16.542442321777344,11.277326583862305,22.07217025756836,217,c1b6f47c13c119afe8a5cab1fe3c4cecf0df3e5792e49c305ae52aa13d266288,181,217,0.9572368421052632,"[[78,12],[1,213]]",0.9230769230769232,0.9873417721518988,79,0.8666666666666667,90,0.9467320834063432,0.9467320834063432,0.9703872437357631,0.9466666666666667,225,0.9953271028037384,214,304,2199,e65fda6e350b016156730a27eefd2764798e605c4bfcbe5ed08d2653b912df3c,primary_t_plus_1_future_wrist,192207,sensor_plus_corrected_clip_temporal_channel_gate
ece02db63b7164c0a3b02fcf97c4f855c1eabc920a99782bc29591915dcd26e4,3,best_intention,/home/eker/Master-Thesis---Multi-modal-User-Intention-Estimation-and-Hand-Position-Prediction/Training/runs/dataset_v3_causal_20260815_n214_5d136a34/thesis_final_v2_validation/visual_corrected_clip_modality_gate/visual_corrected_clip_modality_gate_seed42/best_intention_model.pt,validation_intention_macro_f1,validation,0.9010741672517838,850754aa49c34afcd20bcbdc89169c654ff021db3c76e60d55f72053969ce965,1c0180a04028072157b015317ce37cd5b578020d2eb9774888ecbce68e44e699,dataset_v3_causal_20260815_n214_5d136a34,51.1954460144043,28.882740020751953,17.049697875976562,12.383036613464355,21.779739379882812,206,,,,,,,,visual_corrected_clip_modality_gate,visual_fusion,visual,True,thesis_final_v2_corrected_alignment,hierarchical_residual_pose_transformer_v2,main_learned_output,learned_end_to_end_fixed_both_reference_cohort,single_validation_selected_executable_checkpoint,42,a87834b20f7275293e3cba47e96565ef55f27895dff49dc82499d5a20efe4d21,b2cfd10991c5638277795aadcabfd322d3e9eb41dffb70696b63dc657f5f22cb,/home/eker/Master-Thesis---Multi-modal-User-Intention-Estimation-and-Hand-Position-Prediction/Training/reports/dataset_v3_causal_20260815_n214_5d136a34/thesis_final_v2_corrected_alignment/final_test/visual_corrected_clip_modality_gate_seed42.json,8e4229cf2f28444f209d981e9b7fbe9c81c2d9953553d0bb8bc0feaa5461a653,Training/runs/dataset_v3_causal_20260815_n214_5d136a34/thesis_final_v2_validation/visual_corrected_clip_modality_gate/visual_corrected_clip_modality_gate_seed42,217,87,304,0.8900523560209425,170,0.783410138248848,,191,0.880184331797235,1.0,170,0.783410138248848,0.4764705882352941,81,0.37327188940092165,0.6352941176470588,108,0.4976958525345622,0.6941176470588235,118,0.543778801843318,0.3176470588235294,54,0.2488479262672811,2f7aad9b5040901e139d9d00846ea9080ae733524b26493d9be3cac9a6b3a11d,"Ground-truth handover with a valid t+1 receiving-wrist target; success requires predicted handover, the correct receiving hand, an available learned predicted-hand pose, and Euclidean position error strictly below the threshold.",learned_end_to_end,predicted_position_error_cm,available_checkpoint_bound,0.7138157894736842,"{""fallbacks"":""none"",""maximum_observation_age_seconds"":0.25,""velocity_lookback_seconds"":0.5,""minimum_velocity_fit_span_seconds"":0.1,""timestamp_basis"":""hand_timestamp_ns source captures"",""constant_velocity_prediction_horizon"":""endpoint timestamp_ns + future_horizon_seconds; the future target capture timestamp is evaluation metadata only"",""constant_velocity_orientation"":""zero angular velocity; latest valid quaternion is held""}",f86a7db790bfead345587ced989c79b82674557dab77f36d531a5e56253f9559,available_checkpoint_bound,42.04896856236211,15.505820107708042,33.49035494558316,28.088438737903104,47.923339307254395,213,0.9815668202764977,43.70941634315042,28.88277771647813,15.727066479504314,12.097563432112612,20.23388190590423,213,42.04896856236211,15.505820107708042,14.80422205700099,6.342896434320831,22.30791016833363,213,217,ground_truth_receiving_hand,e872d791bc71d09c7e494216ff9808761760d830dcfee58506f3833e7f29a9f7,213,/home/eker/Master-Thesis---Multi-modal-User-Intention-Estimation-and-Hand-Position-Prediction/Training/reports/dataset_v3_causal_20260815_n214_5d136a34/thesis_final_v2_corrected_alignment/postprocess/visual_corrected_clip_modality_gate_seed42/grouped_metrics.json,54595ff80540306d077e4ac7bd000d7c125445fbecfcf819cac9b0b49e29f4cd,,,,,,,,,,,,,,,,,,,,,,,,,,,,,,,,,,,,,,,,,,,,,,,,,,,,,,,,,,,,,,,,,,,,,,,0.9363346975898136,0.8989898989898991,0.8430311231393776,739,0.9629057187017002,647,"[[1436,116],[24,623]]",0.9535192563081009,0.9835616438356164,1460,0.9252577319587629,1552,0.926254577649,0.926254577649,2199,0.910355486862442,"[[323,20],[38,266]]",0.9176136363636365,0.8947368421052632,361,0.9416909620991254,343,0.9016949152542374,0.9300699300699301,286,0.875,304,0.909654275808937,0.909654275808937,647,0.91268758526603,"[[1436,112,4],[17,306,20],[7,32,265]]",0.9535192563081009,0.9835616438356164,1460,0.9252577319587629,1552,0.7717528373266078,0.68,450,0.892128279883382,343,0.893760539629005,0.916955017301038,289,0.8717105263157895,304,0.8730108777545712,0.8730108777545712,2199,0.8341013824884793,reported_denominator,fixed_model_independent_both_hand_references_valid_cohort,214,53.91482925415039,33.62499237060547,17.665555953979492,14.272319793701172,22.363914489746094,206,c1b6f47c13c119afe8a5cab1fe3c4cecf0df3e5792e49c305ae52aa13d266288,181,217,0.8486842105263158,"[[55,35],[11,203]]",0.7051282051282051,0.8333333333333334,66,0.6111111111111112,90,0.8016791468118901,0.8016791468118901,0.8982300884955752,0.8529411764705882,238,0.9485981308411215,214,304,2199,e65fda6e350b016156730a27eefd2764798e605c4bfcbe5ed08d2653b912df3c,primary_t_plus_1_future_wrist,101966,sensor_plus_corrected_clip_modality_gate
b1c87b1f2004d2b13155c65d160b52a3342f42ae894714a9f129b2ad263d8e71,1,best_intention,/home/eker/Master-Thesis---Multi-modal-User-Intention-Estimation-and-Hand-Position-Prediction/Training/runs/dataset_v3_causal_20260815_n214_5d136a34/thesis_final_v2_validation/visual_corrected_clip_modality_gate/visual_corrected_clip_modality_gate_seed43/best_intention_model.pt,validation_intention_macro_f1,validation,0.8706689734822133,743a5b60f2efd159b229e87f7bd3e9b3e96450bcc33de1b619fd41e35948bd16,1c0180a04028072157b015317ce37cd5b578020d2eb9774888ecbce68e44e699,dataset_v3_causal_20260815_n214_5d136a34,44.28681564331055,18.752361297607422,15.77751350402832,8.454377174377441,22.229352951049805,213,,,,,,,,visual_corrected_clip_modality_gate,visual_fusion,visual,True,thesis_final_v2_corrected_alignment,hierarchical_residual_pose_transformer_v2,main_learned_output,learned_end_to_end_fixed_both_reference_cohort,single_validation_selected_executable_checkpoint,43,a87834b20f7275293e3cba47e96565ef55f27895dff49dc82499d5a20efe4d21,b2cfd10991c5638277795aadcabfd322d3e9eb41dffb70696b63dc657f5f22cb,/home/eker/Master-Thesis---Multi-modal-User-Intention-Estimation-and-Hand-Position-Prediction/Training/reports/dataset_v3_causal_20260815_n214_5d136a34/thesis_final_v2_corrected_alignment/final_test/visual_corrected_clip_modality_gate_seed43.json,1cc0ed1cc3918742ea50cf5ac89476b7755f73b79b680db6f5645887ceb09b31,Training/runs/dataset_v3_causal_20260815_n214_5d136a34/thesis_final_v2_validation/visual_corrected_clip_modality_gate/visual_corrected_clip_modality_gate_seed43,217,87,304,0.9230769230769231,192,0.8847926267281107,,208,0.9585253456221198,1.0,192,0.8847926267281107,0.6041666666666666,116,0.5345622119815668,0.6927083333333334,133,0.6129032258064516,0.7291666666666666,140,0.6451612903225806,0.4635416666666667,89,0.41013824884792627,2f7aad9b5040901e139d9d00846ea9080ae733524b26493d9be3cac9a6b3a11d,"Ground-truth handover with a valid t+1 receiving-wrist target; success requires predicted handover, the correct receiving hand, an available learned predicted-hand pose, and Euclidean position error strictly below the threshold.",learned_end_to_end,predicted_position_error_cm,available_checkpoint_bound,0.7138157894736842,"{""fallbacks"":""none"",""maximum_observation_age_seconds"":0.25,""velocity_lookback_seconds"":0.5,""minimum_velocity_fit_span_seconds"":0.1,""timestamp_basis"":""hand_timestamp_ns source captures"",""constant_velocity_prediction_horizon"":""endpoint timestamp_ns + future_horizon_seconds; the future target capture timestamp is evaluation metadata only"",""constant_velocity_orientation"":""zero angular velocity; latest valid quaternion is held""}",f86a7db790bfead345587ced989c79b82674557dab77f36d531a5e56253f9559,available_checkpoint_bound,42.04896856236211,15.505820107708042,33.49035494558316,28.088438737903104,47.923339307254395,213,0.9815668202764977,40.334770768156154,18.061237311344925,14.963618397375596,7.648444005522805,21.166894339877626,213,42.04896856236211,15.505820107708042,14.80422205700099,6.342896434320831,22.30791016833363,213,217,ground_truth_receiving_hand,e872d791bc71d09c7e494216ff9808761760d830dcfee58506f3833e7f29a9f7,213,/home/eker/Master-Thesis---Multi-modal-User-Intention-Estimation-and-Hand-Position-Prediction/Training/reports/dataset_v3_causal_20260815_n214_5d136a34/thesis_final_v2_corrected_alignment/postprocess/visual_corrected_clip_modality_gate_seed43/grouped_metrics.json,f52b1f9f7c0c2f994919708d4819c7de12748f9bfd653aa53de2bed898c9d89a,,,,,,,,,,,,,,,,,,,,,,,,,,,,,,,,,,,,,,,,,,,,,,,,,,,,,,,,,,,,,,,,,,,,,,,0.924056389267849,0.8828070175438597,0.8084832904884319,778,0.9721792890262752,647,"[[1403,149],[18,629]]",0.9438277833837874,0.9873328641801549,1421,0.9039948453608248,1552,0.9133174004638236,0.9133174004638236,2199,0.9088098918083463,"[[304,39],[20,284]]",0.9115442278860569,0.9382716049382716,324,0.8862973760932945,343,0.9059011164274323,0.8792569659442725,323,0.9342105263157895,304,0.9087226721567446,0.9087226721567446,647,0.8990450204638472,"[[1403,79,70],[14,290,39],[4,16,284]]",0.9438277833837874,0.9873328641801549,1421,0.9039948453608248,1552,0.7967032967032966,0.7532467532467533,385,0.8454810495626822,343,0.8149210903873745,0.72264631043257,393,0.9342105263157895,304,0.8518173901581528,0.8518173901581528,2199,0.8341013824884793,reported_denominator,fixed_model_independent_both_hand_references_valid_cohort,214,48.67194747924805,28.895145416259766,17.073509216308594,10.740216255187988,23.072294235229492,213,c1b6f47c13c119afe8a5cab1fe3c4cecf0df3e5792e49c305ae52aa13d266288,181,217,0.8980263157894737,"[[66,24],[7,207]]",0.8098159509202454,0.9041095890410958,73,0.7333333333333333,90,0.8700765147859655,0.8700765147859655,0.9303370786516855,0.8961038961038961,231,0.9672897196261683,214,304,2199,e65fda6e350b016156730a27eefd2764798e605c4bfcbe5ed08d2653b912df3c,primary_t_plus_1_future_wrist,101966,sensor_plus_corrected_clip_modality_gate
c97c9809cda804a1e7c1a7dc03cff09c2fbf9e4d9502294588e1116d752bed6a,5,best_intention,/home/eker/Master-Thesis---Multi-modal-User-Intention-Estimation-and-Hand-Position-Prediction/Training/runs/dataset_v3_causal_20260815_n214_5d136a34/thesis_final_v2_validation/visual_corrected_clip_modality_gate/visual_corrected_clip_modality_gate_seed44/best_intention_model.pt,validation_intention_macro_f1,validation,0.8902771254374618,df395cb4cff551c96db889dd21e9b8c2bf6dd1096db2c1ebdd39e7cc290851ef,1c0180a04028072157b015317ce37cd5b578020d2eb9774888ecbce68e44e699,dataset_v3_causal_20260815_n214_5d136a34,40.77286148071289,20.445322036743164,15.464852333068848,10.555475234985352,20.126483917236328,217,,,,,,,,visual_corrected_clip_modality_gate,visual_fusion,visual,True,thesis_final_v2_corrected_alignment,hierarchical_residual_pose_transformer_v2,main_learned_output,learned_end_to_end_fixed_both_reference_cohort,single_validation_selected_executable_checkpoint,44,a87834b20f7275293e3cba47e96565ef55f27895dff49dc82499d5a20efe4d21,b2cfd10991c5638277795aadcabfd322d3e9eb41dffb70696b63dc657f5f22cb,/home/eker/Master-Thesis---Multi-modal-User-Intention-Estimation-and-Hand-Position-Prediction/Training/reports/dataset_v3_causal_20260815_n214_5d136a34/thesis_final_v2_corrected_alignment/final_test/visual_corrected_clip_modality_gate_seed44.json,4f7e2913aeec3a670b289e86b94f977cb22b084ea92eb4e849cdaa9035192700,Training/runs/dataset_v3_causal_20260815_n214_5d136a34/thesis_final_v2_validation/visual_corrected_clip_modality_gate/visual_corrected_clip_modality_gate_seed44,217,87,304,0.961352657004831,199,0.9170506912442397,,207,0.9539170506912442,1.0,199,0.9170506912442397,0.5226130653266332,104,0.4792626728110599,0.6733668341708543,134,0.6175115207373272,0.7286432160804021,145,0.6682027649769585,0.24623115577889448,49,0.22580645161290322,2f7aad9b5040901e139d9d00846ea9080ae733524b26493d9be3cac9a6b3a11d,"Ground-truth handover with a valid t+1 receiving-wrist target; success requires predicted handover, the correct receiving hand, an available learned predicted-hand pose, and Euclidean position error strictly below the threshold.",learned_end_to_end,predicted_position_error_cm,available_checkpoint_bound,0.7138157894736842,"{""fallbacks"":""none"",""maximum_observation_age_seconds"":0.25,""velocity_lookback_seconds"":0.5,""minimum_velocity_fit_span_seconds"":0.1,""timestamp_basis"":""hand_timestamp_ns source captures"",""constant_velocity_prediction_horizon"":""endpoint timestamp_ns + future_horizon_seconds; the future target capture timestamp is evaluation metadata only"",""constant_velocity_orientation"":""zero angular velocity; latest valid quaternion is held""}",f86a7db790bfead345587ced989c79b82674557dab77f36d531a5e56253f9559,available_checkpoint_bound,42.04896856236211,15.505820107708042,33.49035494558316,28.088438737903104,47.923339307254395,213,0.9815668202764977,37.16352049787854,20.13834201229547,15.12409697450984,10.338522185709548,19.76908036510844,213,42.04896856236211,15.505820107708042,14.80422205700099,6.342896434320831,22.30791016833363,213,217,ground_truth_receiving_hand,e872d791bc71d09c7e494216ff9808761760d830dcfee58506f3833e7f29a9f7,213,/home/eker/Master-Thesis---Multi-modal-User-Intention-Estimation-and-Hand-Position-Prediction/Training/reports/dataset_v3_causal_20260815_n214_5d136a34/thesis_final_v2_corrected_alignment/postprocess/visual_corrected_clip_modality_gate_seed44/grouped_metrics.json,19b973b49caf4fefb20f02939e8aa61db96665c4666959c7558b83df15c5bc68,,,,,,,,,,,,,,,,,,,,,,,,,,,,,,,,,,,,,,,,,,,,,,,,,,,,,,,,,,,,,,,,,,,,,,,0.931787175989086,0.8930099857346647,0.8291390728476821,755,0.9675425038639877,647,"[[1423,129],[21,626]]",0.9499332443257678,0.9854570637119113,1444,0.916881443298969,1552,0.9214716150302162,0.9214716150302162,2199,0.9165378670788253,"[[307,36],[18,286]]",0.9191616766467066,0.9446153846153846,325,0.8950437317784257,343,0.9137380191693291,0.8881987577639752,322,0.9407894736842105,304,0.9164498479080179,0.9164498479080179,647,0.9076853115052297,"[[1423,104,25],[17,291,35],[4,18,282]]",0.9499332443257678,0.9854570637119113,1444,0.916881443298969,1552,0.7698412698412699,0.7046004842615012,413,0.8483965014577259,343,0.8730650154798762,0.8245614035087719,342,0.9276315789473685,304,0.8642798432156379,0.8642798432156379,2199,0.8341013824884793,reported_denominator,fixed_model_independent_both_hand_references_valid_cohort,214,43.17621994018555,22.770822525024414,15.935708999633789,11.604389190673828,20.466379165649414,217,c1b6f47c13c119afe8a5cab1fe3c4cecf0df3e5792e49c305ae52aa13d266288,181,217,0.9473684210526315,"[[74,16],[0,214]]",0.9024390243902439,1.0,74,0.8222222222222222,90,0.9332014941771039,0.9332014941771039,0.9639639639639639,0.9304347826086956,230,1.0,214,304,2199,e65fda6e350b016156730a27eefd2764798e605c4bfcbe5ed08d2653b912df3c,primary_t_plus_1_future_wrist,101966,sensor_plus_corrected_clip_modality_gate
1b0e5d1dcaa5b573359f9583bc7e71cc0307b7e8b4df9dabd2a2343bdd20ca6a,21,best_intention,/home/eker/Master-Thesis---Multi-modal-User-Intention-Estimation-and-Hand-Position-Prediction/Training/runs/dataset_v3_causal_20260815_n214_5d136a34/thesis_final_v2_validation/terminal_endpose_learned/terminal_endpose_learned_seed42/best_intention_model.pt,validation_intention_macro_f1,validation,0.8610338373948169,60f446ffb9f79e2a7a5ef765456461d0a9bb82af40879f2003890f5e9acce8f4,d7c5964ef20eadde5b20dc57b0735c3462f59f41f0ec614d8932af74b5409d9d,dataset_v3_causal_20260815_n214_5d136a34,55.86967468261719,35.19651412963867,20.886234283447266,14.705183029174805,28.69110679626465,260,,,,,,,,terminal_endpose_learned,terminal_pose_method,secondary_endpose,True,thesis_final_v2_corrected_alignment,hierarchical_dual_horizon_residual_pose_transformer_v3,main_learned_output,learned_end_to_end_fixed_both_reference_cohort,single_validation_selected_executable_checkpoint,42,a87834b20f7275293e3cba47e96565ef55f27895dff49dc82499d5a20efe4d21,b2cfd10991c5638277795aadcabfd322d3e9eb41dffb70696b63dc657f5f22cb,/home/eker/Master-Thesis---Multi-modal-User-Intention-Estimation-and-Hand-Position-Prediction/Training/reports/dataset_v3_causal_20260815_n214_5d136a34/thesis_final_v2_corrected_alignment/final_test/terminal_endpose_learned_seed42.json,5d66f31ffa5383fa2497a08df4deb04a7d0383a01b2078fe047efeb66cb07ecf,Training/runs/dataset_v3_causal_20260815_n214_5d136a34/thesis_final_v2_validation/terminal_endpose_learned/terminal_endpose_learned_seed42,,,,,,,,,,,,,,,,,,,,,,,,,,,,,not_available,,,,not_available,,,,,,,,,,,,,,,,,,,,,,,,,,"Exact model-independent paired comparison on valid targets where both left and right reference poses are available; learned oracle-hand, learned predicted-hand and ground-truth-hand persistence are therefore executable for every model",0.85,54.26494216918945,34.995849609375,18.988452911376953,13.605305671691895,25.78998565673828,221,51.710304260253906,34.995849609375,18.52623748779297,13.605305671691895,24.983379364013672,221,0.8333333333333334,terminal-state estimation with partial target evidence,17.25220489501953,2.6805498600006104,8.289469718933105,1.4793956279754639,21.131027221679688,20,12.2736234664917,2.6805498600006104,5.646079063415527,1.4793956279754639,13.447062492370605,20,1.9868348836898804,1.9766751527786255,0.5988014340400696,0.34026360511779785,0.8285633325576782,20,24,20,48.16598892211914,24.479562759399414,16.653179168701172,8.70181941986084,23.843778610229492,221,260,"{""learned_oracle_hand"":""ground-truth receiving hand"",""learned_end_to_end"":""predicted receiving hand"",""persistence"":""ground-truth receiving hand""}",221,0.8516949152542372,pure future terminal forecast,57.94779968261719,37.57746505737305,20.053028106689453,14.795494079589844,26.208295822143555,201,55.63435363769531,37.57746505737305,19.80784034729004,14.795494079589844,25.85117530822754,201,52.76092529296875,27.547595977783203,18.25063133239746,11.22988510131836,25.00054168701172,201,236,201,260,strictly_before_aggregation,True,0.8985902683037744,0.8454608454608455,0.7663316582914573,796,0.9428129829984544,647,"[[1366,186],[37,610]]",0.9245346869712351,0.9736279401282965,1403,0.8801546391752577,1552,0.8849977662160403,0.8849977662160403,2199,0.9381761978361669,"[[320,23],[17,287]]",0.9411764705882354,0.9495548961424333,337,0.9329446064139941,343,0.9348534201954397,0.9258064516129032,310,0.944078947368421,304,0.9380149453918376,0.9380149453918376,647,0.8817644383810823,"[[1366,125,61],[26,294,23],[11,14,279]]",0.9245346869712351,0.9736279401282965,1403,0.8801546391752577,1552,0.7577319587628865,0.6789838337182448,433,0.8571428571428571,343,0.8365817091454274,0.768595041322314,363,0.9177631578947368,304,0.8396161182931831,0.8396161182931831,2199,0.85,reported_denominator,fixed_model_independent_both_hand_references_valid_cohort,257,54.26494216918945,34.995849609375,18.988452911376953,13.605305671691895,25.78998565673828,260,166ed2b69d55d274b3e3276714941638b7000d8e69b4a98554c0e9c1a9acf1fb,221,260,0.9605263157894737,"[[82,8],[4,210]]",0.9318181818181819,0.9534883720930233,86,0.9111111111111111,90,0.952020202020202,0.952020202020202,0.9722222222222222,0.963302752293578,218,0.9813084112149533,214,304,2199,e65fda6e350b016156730a27eefd2764798e605c4bfcbe5ed08d2653b912df3c,secondary_terminal_endpose,65860,dual_horizon_learned
98f2ee34c8886cd9b32726e93982b315231ac172936378e17158216d87777081,20,best_intention,/home/eker/Master-Thesis---Multi-modal-User-Intention-Estimation-and-Hand-Position-Prediction/Training/runs/dataset_v3_causal_20260815_n214_5d136a34/thesis_final_v2_validation/terminal_endpose_learned/terminal_endpose_learned_seed43/best_intention_model.pt,validation_intention_macro_f1,validation,0.8694813968651168,aee7a1259c502e4405a33b1c155905ff13c031a92b2dfc743b8218f96269dd13,d7c5964ef20eadde5b20dc57b0735c3462f59f41f0ec614d8932af74b5409d9d,dataset_v3_causal_20260815_n214_5d136a34,52.29824447631836,33.104736328125,19.714529037475586,13.730500221252441,27.131244659423828,258,,,,,,,,terminal_endpose_learned,terminal_pose_method,secondary_endpose,True,thesis_final_v2_corrected_alignment,hierarchical_dual_horizon_residual_pose_transformer_v3,main_learned_output,learned_end_to_end_fixed_both_reference_cohort,single_validation_selected_executable_checkpoint,43,a87834b20f7275293e3cba47e96565ef55f27895dff49dc82499d5a20efe4d21,b2cfd10991c5638277795aadcabfd322d3e9eb41dffb70696b63dc657f5f22cb,/home/eker/Master-Thesis---Multi-modal-User-Intention-Estimation-and-Hand-Position-Prediction/Training/reports/dataset_v3_causal_20260815_n214_5d136a34/thesis_final_v2_corrected_alignment/final_test/terminal_endpose_learned_seed43.json,f692d258714cc289eefedf64389fd9b423d0dc77589749ed520802fc6e1097d1,Training/runs/dataset_v3_causal_20260815_n214_5d136a34/thesis_final_v2_validation/terminal_endpose_learned/terminal_endpose_learned_seed43,,,,,,,,,,,,,,,,,,,,,,,,,,,,,not_available,,,,not_available,,,,,,,,,,,,,,,,,,,,,,,,,,"Exact model-independent paired comparison on valid targets where both left and right reference poses are available; learned oracle-hand, learned predicted-hand and ground-truth-hand persistence are therefore executable for every model",0.85,49.909507751464844,31.40578842163086,17.98975372314453,12.458690643310547,25.040813446044922,221,47.20106887817383,31.13996124267578,17.240934371948242,12.458690643310547,23.39569664001465,221,0.8333333333333334,terminal-state estimation with partial target evidence,11.956664085388184,2.981382131576538,5.728394508361816,1.19712495803833,17.733020782470703,20,7.283041477203369,2.981382131576538,3.2126717567443848,1.19712495803833,6.786444664001465,20,1.9868348836898804,1.9766751527786255,0.5988014340400696,0.34026360511779785,0.8285633325576782,20,24,20,48.16598892211914,24.479562759399414,16.653179168701172,8.70181941986084,23.843778610229492,221,260,"{""learned_oracle_hand"":""ground-truth receiving hand"",""learned_end_to_end"":""predicted receiving hand"",""persistence"":""ground-truth receiving hand""}",221,0.8516949152542372,pure future terminal forecast,53.68590545654297,36.479061126708984,19.209789276123047,14.285072326660156,25.654338836669922,201,51.17300796508789,36.40422821044922,18.636781692504883,14.285072326660156,24.438486099243164,201,52.76092529296875,27.547595977783203,18.25063133239746,11.22988510131836,25.00054168701172,201,236,201,260,strictly_before_aggregation,True,0.8799454297407913,0.8176795580110496,0.7390761548064919,801,0.9149922720247295,647,"[[1343,209],[55,592]]",0.9105084745762713,0.9606580829756796,1398,0.8653350515463918,1552,0.8640940162936604,0.8640940162936604,2199,0.8871715610510046,"[[299,44],[29,275]]",0.8912071535022354,0.9115853658536586,328,0.8717201166180758,343,0.8828250401284109,0.8620689655172413,319,0.9046052631578947,304,0.8870160968153231,0.8870160968153231,647,0.8517507958162801,"[[1343,125,84],[23,276,44],[32,18,254]]",0.9105084745762713,0.9606580829756796,1398,0.8653350515463918,1552,0.7244094488188977,0.6587112171837709,419,0.8046647230320699,343,0.7405247813411079,0.6649214659685864,382,0.8355263157894737,304,0.7918142349120924,0.7918142349120924,2199,0.85,reported_denominator,fixed_model_independent_both_hand_references_valid_cohort,257,49.909507751464844,31.40578842163086,17.98975372314453,12.458690643310547,25.040813446044922,258,166ed2b69d55d274b3e3276714941638b7000d8e69b4a98554c0e9c1a9acf1fb,221,260,0.9572368421052632,"[[81,9],[4,210]]",0.9257142857142857,0.9529411764705882,85,0.9,90,0.9478455955130319,0.9478455955130319,0.9699769053117782,0.958904109589041,219,0.9813084112149533,214,304,2199,e65fda6e350b016156730a27eefd2764798e605c4bfcbe5ed08d2653b912df3c,secondary_terminal_endpose,65860,dual_horizon_learned
cca2c50be8d5963b46a5a0480e52a32d61ff2a1b1f984933709270b5b53f1f5e,9,best_intention,/home/eker/Master-Thesis---Multi-modal-User-Intention-Estimation-and-Hand-Position-Prediction/Training/runs/dataset_v3_causal_20260815_n214_5d136a34/thesis_final_v2_validation/terminal_endpose_learned/terminal_endpose_learned_seed44/best_intention_model.pt,validation_intention_macro_f1,validation,0.8739348546671435,2aaf237944d1d61cce65af7383c8b0b7f54fd6e2bff52d6559f26258cd34ff4c,d7c5964ef20eadde5b20dc57b0735c3462f59f41f0ec614d8932af74b5409d9d,dataset_v3_causal_20260815_n214_5d136a34,56.625526428222656,40.874671936035156,21.283843994140625,15.946364402770996,28.79132843017578,260,,,,,,,,terminal_endpose_learned,terminal_pose_method,secondary_endpose,True,thesis_final_v2_corrected_alignment,hierarchical_dual_horizon_residual_pose_transformer_v3,main_learned_output,learned_end_to_end_fixed_both_reference_cohort,single_validation_selected_executable_checkpoint,44,a87834b20f7275293e3cba47e96565ef55f27895dff49dc82499d5a20efe4d21,b2cfd10991c5638277795aadcabfd322d3e9eb41dffb70696b63dc657f5f22cb,/home/eker/Master-Thesis---Multi-modal-User-Intention-Estimation-and-Hand-Position-Prediction/Training/reports/dataset_v3_causal_20260815_n214_5d136a34/thesis_final_v2_corrected_alignment/final_test/terminal_endpose_learned_seed44.json,1a65a10cf26b32c8f77d82427123e021eec93a29e5506d9aacefd8f9f791bca7,Training/runs/dataset_v3_causal_20260815_n214_5d136a34/thesis_final_v2_validation/terminal_endpose_learned/terminal_endpose_learned_seed44,,,,,,,,,,,,,,,,,,,,,,,,,,,,,not_available,,,,not_available,,,,,,,,,,,,,,,,,,,,,,,,,,"Exact model-independent paired comparison on valid targets where both left and right reference poses are available; learned oracle-hand, learned predicted-hand and ground-truth-hand persistence are therefore executable for every model",0.85,52.66850662231445,33.595794677734375,18.852264404296875,14.731534004211426,25.129655838012695,221,51.765872955322266,33.595794677734375,19.24236488342285,14.731534004211426,25.891977310180664,221,0.8333333333333334,terminal-state estimation with partial target evidence,9.986817359924316,3.8892154693603516,5.713685512542725,1.939389705657959,12.827554702758789,20,9.986817359924316,3.8892154693603516,5.713685512542725,1.939389705657959,12.827554702758789,20,1.9868348836898804,1.9766751527786255,0.5988014340400696,0.34026360511779785,0.8285633325576782,20,24,20,48.16598892211914,24.479562759399414,16.653179168701172,8.70181941986084,23.843778610229492,221,260,"{""learned_oracle_hand"":""ground-truth receiving hand"",""learned_end_to_end"":""predicted receiving hand"",""persistence"":""ground-truth receiving hand""}",221,0.8516949152542372,pure future terminal forecast,56.915443420410156,45.351776123046875,20.159584045410156,16.471221923828125,26.037715911865234,201,55.92299270629883,45.351776123046875,20.588504791259766,16.471221923828125,26.846372604370117,201,52.76092529296875,27.547595977783203,18.25063133239746,11.22988510131836,25.00054168701172,201,236,201,260,strictly_before_aggregation,True,0.9085948158253752,0.8635437881873727,0.7699757869249395,826,0.9829984544049459,647,"[[1362,190],[11,636]]",0.9312820512820512,0.9919883466860888,1373,0.8775773195876289,1552,0.8974129197347119,0.8974129197347119,2199,0.9366306027820711,"[[316,27],[14,290]]",0.9390787518573551,0.9575757575757575,330,0.9212827988338192,343,0.9339774557165861,0.9148264984227129,317,0.9539473684210527,304,0.9365281037869706,0.9365281037869706,647,0.889949977262392,"[[1362,113,77],[10,306,27],[1,14,289]]",0.9312820512820512,0.9919883466860888,1373,0.8775773195876289,1552,0.7886597938144331,0.7066974595842956,433,0.892128279883382,343,0.8292682926829269,0.7353689567430025,393,0.9506578947368421,304,0.8497367125931371,0.8497367125931371,2199,0.85,reported_denominator,fixed_model_independent_both_hand_references_valid_cohort,257,52.66850662231445,33.595794677734375,18.852264404296875,14.731534004211426,25.129655838012695,260,166ed2b69d55d274b3e3276714941638b7000d8e69b4a98554c0e9c1a9acf1fb,221,260,0.9703947368421053,"[[81,9],[0,214]]",0.9473684210526316,1.0,81,0.9,90,0.9633867276887872,0.9633867276887872,0.9794050343249427,0.9596412556053812,223,1.0,214,304,2199,e65fda6e350b016156730a27eefd2764798e605c4bfcbe5ed08d2653b912df3c,secondary_terminal_endpose,65860,dual_horizon_learned
