split,participant,sequence_id,endpoint_row,endpoint_timestamp_ns,future_target_timestamp_ns,receiving_hand,reason
train,Berat,Berat_10_20260616_142950,939,1074379011000,1075379011000.0,right,valid
train,Berat,Berat_10_20260616_142950,949,1074712345000,1075712345000.0,right,valid
train,Berat,Berat_10_20260616_142950,959,1075045678000,1076045678000.0,right,valid
train,Berat,Berat_10_20260616_142950,969,1075379011000,1076379011000.0,right,valid
train,Berat,Berat_10_20260616_142950,979,1075712345000,1076712345000.0,right,valid
train,Berat,Berat_10_20260616_142950,989,1076045678000,1077045678000.0,right,valid
train,Berat,Berat_10_20260616_142950,999,1076379011000,1077379011000.0,right,valid
train,Berat,Berat_10_20260616_142950,1009,1076712345000,1077712344000.0,right,valid
train,Berat,Berat_10_20260616_142950,1019,1077045678000,1078045678000.0,right,valid
train,Berat,Berat_10_20260616_142950,1029,1077379011000,1078379011000.0,right,valid
train,Berat,Berat_10_20260616_142950,1039,1077712344000,1078712344000.0,right,valid
train,Berat,Berat_10_20260616_142950,1049,1078045678000,1079045678000.0,right,valid
train,Berat,Berat_10_20260616_142950,1059,1078379011000,1079379011000.0,right,valid
train,Berat,Berat_10_20260616_142950,1069,1078712344000,1079712344000.0,right,valid
train,Berat,Berat_10_20260616_142950,1079,1079045678000,1080045677000.0,right,valid
train,Berat,Berat_10_20260616_142950,1089,1079379011000,1080379011000.0,right,valid
train,Berat,Berat_10_20260616_142950,1099,1079712344000,,right,future_after_recording_end
train,Berat,Berat_10_20260616_142950,1109,1080045677000,,right,future_after_recording_end
train,Berat,Berat_10_20260616_142950,1119,1080379011000,,right,future_after_recording_end
train,Berat,Berat_1_20260604_154611,1019,2867412292000,2868412292000.0,right,valid
train,Berat,Berat_1_20260604_154611,1029,2867745625000,2868745625000.0,right,valid
train,Berat,Berat_1_20260604_154611,1039,2868078958000,2869078958000.0,right,valid
train,Berat,Berat_1_20260604_154611,1049,2868412292000,2869412292000.0,right,valid
train,Berat,Berat_1_20260604_154611,1059,2868745625000,2869745625000.0,right,valid
train,Berat,Berat_1_20260604_154611,1069,2869078958000,2870078958000.0,right,valid
train,Berat,Berat_1_20260604_154611,1079,2869412292000,2870412292000.0,right,valid
train,Berat,Berat_1_20260604_154611,1089,2869745625000,2870745625000.0,right,valid
train,Berat,Berat_1_20260604_154611,1099,2870078958000,2871078958000.0,right,valid
train,Berat,Berat_1_20260604_154611,1109,2870412292000,2871412292000.0,right,valid
train,Berat,Berat_1_20260604_154611,1119,2870745625000,,right,future_after_recording_end
train,Berat,Berat_1_20260604_154611,1129,2871078958000,,right,future_after_recording_end
train,Berat,Berat_1_20260604_154611,1139,2871412292000,,right,future_after_recording_end
train,Berat,Berat_3_20260604_154928,959,3061512290000,3062512290000.0,right,valid
train,Berat,Berat_3_20260604_154928,969,3061845623000,3062845623000.0,right,valid
train,Berat,Berat_3_20260604_154928,979,3062178956000,3063178956000.0,right,valid
train,Berat,Berat_3_20260604_154928,989,3062512290000,3063512290000.0,right,valid
train,Berat,Berat_3_20260604_154928,999,3062845623000,3063845623000.0,right,valid
train,Berat,Berat_3_20260604_154928,1009,3063178956000,3064178956000.0,right,valid
train,Berat,Berat_3_20260604_154928,1019,3063512290000,3064512289000.0,right,valid
train,Berat,Berat_3_20260604_154928,1029,3063845623000,3064845623000.0,right,valid
train,Berat,Berat_3_20260604_154928,1039,3064178956000,3065178956000.0,right,valid
train,Berat,Berat_3_20260604_154928,1049,3064512289000,3065512289000.0,right,valid
train,Berat,Berat_3_20260604_154928,1059,3064845623000,3065845623000.0,right,valid
train,Berat,Berat_3_20260604_154928,1069,3065178956000,,right,future_after_recording_end
train,Berat,Berat_3_20260604_154928,1079,3065512289000,,right,future_after_recording_end
train,Berat,Berat_3_20260604_154928,1089,3065845623000,,right,future_after_recording_end
train,Berat,Berat_4_20260604_155100,1019,3154978956000,3155978956000.0,right,valid
train,Berat,Berat_4_20260604_155100,1029,3155312289000,3156312289000.0,right,valid
train,Berat,Berat_4_20260604_155100,1039,3155645622000,3156645622000.0,right,valid
train,Berat,Berat_4_20260604_155100,1049,3155978956000,3156978956000.0,right,valid
train,Berat,Berat_4_20260604_155100,1059,3156312289000,3157312289000.0,right,valid
train,Berat,Berat_4_20260604_155100,1069,3156645622000,3157645622000.0,right,valid
train,Berat,Berat_4_20260604_155100,1079,3156978956000,3157978956000.0,right,valid
train,Berat,Berat_4_20260604_155100,1089,3157312289000,3158312289000.0,right,valid
train,Berat,Berat_4_20260604_155100,1099,3157645622000,3158645622000.0,right,valid
train,Berat,Berat_4_20260604_155100,1109,3157978956000,3158978955000.0,right,valid
train,Berat,Berat_4_20260604_155100,1119,3158312289000,,right,future_after_recording_end
train,Berat,Berat_4_20260604_155100,1129,3158645622000,,right,future_after_recording_end
train,Berat,Berat_4_20260604_155100,1139,3158978955000,,right,future_after_recording_end
train,Berat,Berat_5_20260604_155234,1329,3259078954000,3260078954000.0,right,valid
train,Berat,Berat_5_20260604_155234,1339,3259412287000,3260412287000.0,right,valid
train,Berat,Berat_5_20260604_155234,1349,3259745621000,3260745620000.0,right,valid
train,Berat,Berat_5_20260604_155234,1359,3260078954000,3261078954000.0,right,valid
train,Berat,Berat_5_20260604_155234,1369,3260412287000,3261412287000.0,right,valid
train,Berat,Berat_5_20260604_155234,1379,3260745620000,3261745620000.0,right,valid
train,Berat,Berat_5_20260604_155234,1389,3261078954000,3262078954000.0,right,valid
train,Berat,Berat_5_20260604_155234,1399,3261412287000,3262412287000.0,right,valid
train,Berat,Berat_5_20260604_155234,1409,3261745620000,3262745620000.0,right,valid
train,Berat,Berat_5_20260604_155234,1419,3262078954000,3263078953000.0,right,future_hand_tracking_invalid
train,Berat,Berat_5_20260604_155234,1429,3262412287000,,right,future_after_recording_end
train,Berat,Berat_5_20260604_155234,1439,3262745620000,,right,future_after_recording_end
train,Berat,Berat_5_20260604_155234,1449,3263078953000,,right,future_after_recording_end
train,Berat,Berat_6_20260616_142129,859,570612350000,571612350000.0,right,valid
train,Berat,Berat_6_20260616_142129,869,570945683000,571945683000.0,right,valid
train,Berat,Berat_6_20260616_142129,879,571279017000,572279017000.0,right,valid
train,Berat,Berat_6_20260616_142129,889,571612350000,572612350000.0,right,valid
train,Berat,Berat_6_20260616_142129,899,571945683000,572945683000.0,right,valid
train,Berat,Berat_6_20260616_142129,909,572279017000,573279016000.0,right,valid
train,Berat,Berat_6_20260616_142129,919,572612350000,573612350000.0,right,valid
train,Berat,Berat_6_20260616_142129,929,572945683000,573945683000.0,right,valid
train,Berat,Berat_6_20260616_142129,939,573279016000,574279016000.0,right,valid
train,Berat,Berat_6_20260616_142129,949,573612350000,574612350000.0,right,valid
train,Berat,Berat_6_20260616_142129,959,573945683000,574945683000.0,right,valid
train,Berat,Berat_6_20260616_142129,969,574279016000,575279016000.0,right,valid
train,Berat,Berat_6_20260616_142129,979,574612350000,,right,future_after_recording_end
train,Berat,Berat_6_20260616_142129,989,574945683000,,right,future_after_recording_end
train,Berat,Berat_6_20260616_142129,999,575279016000,,right,future_after_recording_end
train,Berat,Berat_7_20260616_142358,819,718045682000,719045682000.0,right,valid
train,Berat,Berat_7_20260616_142358,829,718379015000,719379015000.0,right,valid
train,Berat,Berat_7_20260616_142358,839,718712349000,719712349000.0,right,valid
train,Berat,Berat_7_20260616_142358,849,719045682000,720045682000.0,right,valid
train,Berat,Berat_7_20260616_142358,859,719379015000,720379015000.0,right,valid
train,Berat,Berat_7_20260616_142358,869,719712349000,720712348000.0,right,valid
train,Berat,Berat_7_20260616_142358,879,720045682000,721045682000.0,right,valid
train,Berat,Berat_7_20260616_142358,889,720379015000,721379015000.0,right,valid
train,Berat,Berat_7_20260616_142358,899,720712348000,721712348000.0,right,valid
train,Berat,Berat_7_20260616_142358,909,721045682000,722045682000.0,right,valid
train,Berat,Berat_7_20260616_142358,919,721379015000,722379015000.0,right,valid
train,Berat,Berat_7_20260616_142358,929,721712348000,722712348000.0,right,valid
train,Berat,Berat_7_20260616_142358,939,722045682000,723045681000.0,right,valid
train,Berat,Berat_7_20260616_142358,949,722379015000,723379015000.0,right,valid
train,Berat,Berat_7_20260616_142358,959,722712348000,723712348000.0,right,valid
train,Berat,Berat_7_20260616_142358,969,723045681000,,right,future_after_recording_end
train,Berat,Berat_7_20260616_142358,979,723379015000,,right,future_after_recording_end
train,Berat,Berat_7_20260616_142358,989,723712348000,,right,future_after_recording_end
train,Berat,Berat_8_20260616_142539,1019,825545681000,826545681000.0,right,valid
train,Berat,Berat_8_20260616_142539,1029,825879014000,826879014000.0,right,valid
train,Berat,Berat_8_20260616_142539,1039,826212347000,827212347000.0,right,valid
train,Berat,Berat_8_20260616_142539,1049,826545681000,827545681000.0,right,valid
train,Berat,Berat_8_20260616_142539,1059,826879014000,827879014000.0,right,valid
train,Berat,Berat_8_20260616_142539,1069,827212347000,828212347000.0,right,valid
train,Berat,Berat_8_20260616_142539,1079,827545681000,828545681000.0,right,valid
train,Berat,Berat_8_20260616_142539,1089,827879014000,828879014000.0,right,valid
train,Berat,Berat_8_20260616_142539,1099,828212347000,829212347000.0,right,valid
train,Berat,Berat_8_20260616_142539,1109,828545681000,829545680000.0,right,valid
train,Berat,Berat_8_20260616_142539,1119,828879014000,829879014000.0,right,valid
train,Berat,Berat_8_20260616_142539,1129,829212347000,830212347000.0,right,valid
train,Berat,Berat_8_20260616_142539,1139,829545680000,830545680000.0,right,valid
train,Berat,Berat_8_20260616_142539,1149,829879014000,830879014000.0,right,valid
train,Berat,Berat_8_20260616_142539,1159,830212347000,831212347000.0,right,future_hand_tracking_invalid
train,Berat,Berat_8_20260616_142539,1169,830545680000,,right,future_after_recording_end
train,Berat,Berat_8_20260616_142539,1179,830879014000,,right,future_after_recording_end
train,Berat,Berat_8_20260616_142539,1189,831212347000,,right,future_after_recording_end
train,Berat,Berat_9_20260616_142847,919,1010579012000,1011579012000.0,right,valid
train,Berat,Berat_9_20260616_142847,929,1010912345000,1011912345000.0,right,valid
train,Berat,Berat_9_20260616_142847,939,1011245679000,1012245679000.0,right,valid
train,Berat,Berat_9_20260616_142847,949,1011579012000,1012579012000.0,right,valid
train,Berat,Berat_9_20260616_142847,959,1011912345000,1012912345000.0,right,valid
train,Berat,Berat_9_20260616_142847,969,1012245679000,1013245678000.0,right,valid
train,Berat,Berat_9_20260616_142847,979,1012579012000,1013579012000.0,right,valid
train,Berat,Berat_9_20260616_142847,989,1012912345000,1013912345000.0,right,valid
train,Berat,Berat_9_20260616_142847,999,1013245678000,1014245678000.0,right,valid
train,Berat,Berat_9_20260616_142847,1009,1013579012000,1014579012000.0,right,valid
train,Berat,Berat_9_20260616_142847,1019,1013912345000,1014912345000.0,right,valid
train,Berat,Berat_9_20260616_142847,1029,1014245678000,1015245678000.0,right,valid
train,Berat,Berat_9_20260616_142847,1039,1014579012000,1015579012000.0,right,valid
train,Berat,Berat_9_20260616_142847,1049,1014912345000,1015912345000.0,right,valid
train,Berat,Berat_9_20260616_142847,1059,1015245678000,1016245678000.0,right,valid
train,Berat,Berat_9_20260616_142847,1069,1015579012000,1016579011000.0,right,valid
train,Berat,Berat_9_20260616_142847,1079,1015912345000,1016912345000.0,right,valid
train,Berat,Berat_9_20260616_142847,1089,1016245678000,1017245678000.0,right,future_hand_tracking_invalid
train,Berat,Berat_9_20260616_142847,1099,1016579011000,,right,future_after_recording_end
train,Berat,Berat_9_20260616_142847,1109,1016912345000,,right,future_after_recording_end
train,Berat,Berat_9_20260616_142847,1119,1017245678000,,right,future_after_recording_end
train,Felix,Felix_1_20260604_171946,839,8475078898000,8476078898000.0,right,valid
train,Felix,Felix_1_20260604_171946,849,8475412231000,8476412231000.0,right,valid
train,Felix,Felix_1_20260604_171946,859,8475745565000,8476745564000.0,right,valid
train,Felix,Felix_1_20260604_171946,869,8476078898000,8477078898000.0,right,valid
train,Felix,Felix_1_20260604_171946,879,8476412231000,8477412231000.0,right,valid
train,Felix,Felix_1_20260604_171946,889,8476745564000,8477745564000.0,right,valid
train,Felix,Felix_1_20260604_171946,899,8477078898000,8478078898000.0,right,valid
train,Felix,Felix_1_20260604_171946,909,8477412231000,8478412231000.0,right,valid
train,Felix,Felix_1_20260604_171946,919,8477745564000,8478745564000.0,right,valid
train,Felix,Felix_1_20260604_171946,929,8478078898000,8479078898000.0,right,valid
train,Felix,Felix_1_20260604_171946,939,8478412231000,8479412231000.0,right,valid
train,Felix,Felix_1_20260604_171946,949,8478745564000,8479745564000.0,right,valid
train,Felix,Felix_1_20260604_171946,959,8479078898000,8480078897000.0,right,future_slam_pose_invalid
train,Felix,Felix_1_20260604_171946,969,8479412231000,,right,future_after_recording_end
train,Felix,Felix_1_20260604_171946,979,8479745564000,,right,future_after_recording_end
train,Felix,Felix_1_20260604_171946,989,8480078897000,,right,future_after_recording_end
train,Felix,Felix_2_20260604_172102,789,8549640008000,8550640008000.0,right,valid
train,Felix,Felix_2_20260604_172102,799,8549973342000,8550973342000.0,right,valid
train,Felix,Felix_2_20260604_172102,809,8550306675000,8551306675000.0,right,valid
train,Felix,Felix_2_20260604_172102,819,8550640008000,8551640008000.0,right,valid
train,Felix,Felix_2_20260604_172102,829,8550973342000,8551973342000.0,right,valid
train,Felix,Felix_2_20260604_172102,839,8551306675000,8552306675000.0,right,valid
train,Felix,Felix_2_20260604_172102,849,8551640008000,8552640008000.0,right,valid
train,Felix,Felix_2_20260604_172102,859,8551973342000,8552973341000.0,right,valid
train,Felix,Felix_2_20260604_172102,869,8552306675000,8553306675000.0,right,valid
train,Felix,Felix_2_20260604_172102,879,8552640008000,8553640008000.0,right,valid
train,Felix,Felix_2_20260604_172102,889,8552973341000,8553973341000.0,right,valid
train,Felix,Felix_2_20260604_172102,899,8553306675000,8554306675000.0,right,valid
train,Felix,Felix_2_20260604_172102,909,8553640008000,8554640008000.0,right,valid
train,Felix,Felix_2_20260604_172102,919,8553973341000,8554973341000.0,right,valid
train,Felix,Felix_2_20260604_172102,929,8554306675000,8555306675000.0,right,valid
train,Felix,Felix_2_20260604_172102,939,8554640008000,8555640008000.0,right,valid
train,Felix,Felix_2_20260604_172102,949,8554973341000,8555973341000.0,right,valid
train,Felix,Felix_2_20260604_172102,959,8555306675000,8556306674000.0,right,valid
train,Felix,Felix_2_20260604_172102,969,8555640008000,,right,future_after_recording_end
train,Felix,Felix_2_20260604_172102,979,8555973341000,,right,future_after_recording_end
train,Felix,Felix_2_20260604_172102,989,8556306674000,,right,future_after_recording_end
train,Felix,Felix_3_20260604_172212,809,8620078897000,8621078896000.0,right,valid
train,Felix,Felix_3_20260604_172212,819,8620412230000,8621412230000.0,right,valid
train,Felix,Felix_3_20260604_172212,829,8620745563000,8621745563000.0,right,valid
train,Felix,Felix_3_20260604_172212,839,8621078896000,8622078896000.0,right,valid
train,Felix,Felix_3_20260604_172212,849,8621412230000,8622412230000.0,right,valid
train,Felix,Felix_3_20260604_172212,859,8621745563000,8622745563000.0,right,valid
train,Felix,Felix_3_20260604_172212,869,8622078896000,8623078896000.0,right,valid
train,Felix,Felix_3_20260604_172212,879,8622412230000,8623412230000.0,right,valid
train,Felix,Felix_3_20260604_172212,889,8622745563000,8623745563000.0,right,valid
train,Felix,Felix_3_20260604_172212,899,8623078896000,8624078896000.0,right,valid
train,Felix,Felix_3_20260604_172212,909,8623412230000,8624412229000.0,right,valid
train,Felix,Felix_3_20260604_172212,919,8623745563000,8624745563000.0,right,valid
train,Felix,Felix_3_20260604_172212,929,8624078896000,8625078896000.0,right,valid
train,Felix,Felix_3_20260604_172212,939,8624412229000,8625412229000.0,right,valid
train,Felix,Felix_3_20260604_172212,949,8624745563000,8625745563000.0,right,future_hand_tracking_invalid
train,Felix,Felix_3_20260604_172212,959,8625078896000,,right,future_after_recording_end
train,Felix,Felix_3_20260604_172212,969,8625412229000,,right,future_after_recording_end
train,Felix,Felix_3_20260604_172212,979,8625745563000,,right,future_after_recording_end
train,Jan,Jan_1_20260604_161550,819,4638145583000,4639145583000.0,right,valid
train,Jan,Jan_1_20260604_161550,829,4638478916000,4639478916000.0,right,valid
train,Jan,Jan_1_20260604_161550,839,4638812250000,4639812250000.0,right,valid
train,Jan,Jan_1_20260604_161550,849,4639145583000,4640145583000.0,right,valid
train,Jan,Jan_1_20260604_161550,859,4639478916000,4640478916000.0,right,valid
train,Jan,Jan_1_20260604_161550,869,4639812250000,4640812249000.0,right,valid
train,Jan,Jan_1_20260604_161550,879,4640145583000,4641145583000.0,right,valid
train,Jan,Jan_1_20260604_161550,889,4640478916000,4641478916000.0,right,valid
train,Jan,Jan_1_20260604_161550,899,4640812249000,4641812249000.0,right,valid
train,Jan,Jan_1_20260604_161550,909,4641145583000,4642145583000.0,right,valid
train,Jan,Jan_1_20260604_161550,919,4641478916000,4642478916000.0,right,valid
train,Jan,Jan_1_20260604_161550,929,4641812249000,4642812249000.0,right,valid
train,Jan,Jan_1_20260604_161550,939,4642145583000,4643145583000.0,right,valid
train,Jan,Jan_1_20260604_161550,949,4642478916000,4643478916000.0,right,valid
train,Jan,Jan_1_20260604_161550,959,4642812249000,4643812249000.0,right,valid
train,Jan,Jan_1_20260604_161550,969,4643145583000,,right,future_after_recording_end
train,Jan,Jan_1_20260604_161550,979,4643478916000,,right,future_after_recording_end
train,Jan,Jan_1_20260604_161550,989,4643812249000,,right,future_after_recording_end
train,Jan,Jan_2_20260604_161704,889,4713612249000,4714612249000.0,right,valid
train,Jan,Jan_2_20260604_161704,899,4713945582000,4714945582000.0,right,valid
train,Jan,Jan_2_20260604_161704,909,4714278915000,4715278915000.0,right,valid
train,Jan,Jan_2_20260604_161704,919,4714612249000,4715612249000.0,right,valid
train,Jan,Jan_2_20260604_161704,929,4714945582000,4715945582000.0,right,valid
train,Jan,Jan_2_20260604_161704,939,4715278915000,4716278915000.0,right,valid
train,Jan,Jan_2_20260604_161704,949,4715612249000,4716612249000.0,right,valid
train,Jan,Jan_2_20260604_161704,959,4715945582000,4716945582000.0,right,valid
train,Jan,Jan_2_20260604_161704,969,4716278915000,4717278915000.0,right,valid
train,Jan,Jan_2_20260604_161704,979,4716612249000,4717612248000.0,right,valid
train,Jan,Jan_2_20260604_161704,989,4716945582000,4717945582000.0,right,valid
train,Jan,Jan_2_20260604_161704,999,4717278915000,4718278915000.0,right,future_hand_tracking_invalid
train,Jan,Jan_2_20260604_161704,1009,4717612248000,,right,future_after_recording_end
train,Jan,Jan_2_20260604_161704,1019,4717945582000,,right,future_after_recording_end
train,Jan,Jan_2_20260604_161704,1029,4718278915000,,right,future_after_recording_end
train,Jan,Jan_3_20260604_161835,899,4805878914000,4806878914000.0,right,valid
train,Jan,Jan_3_20260604_161835,909,4806212248000,4807212248000.0,right,valid
train,Jan,Jan_3_20260604_161835,919,4806545581000,4807545581000.0,right,valid
train,Jan,Jan_3_20260604_161835,929,4806878914000,4807878914000.0,right,valid
train,Jan,Jan_3_20260604_161835,939,4807212248000,4808212248000.0,right,valid
train,Jan,Jan_3_20260604_161835,949,4807545581000,4808545581000.0,right,valid
train,Jan,Jan_3_20260604_161835,959,4807878914000,4808878914000.0,right,valid
train,Jan,Jan_3_20260604_161835,969,4808212248000,,right,future_after_recording_end
train,Jan,Jan_3_20260604_161835,979,4808545581000,,right,future_after_recording_end
train,Jan,Jan_3_20260604_161835,989,4808878914000,,right,future_after_recording_end
train,Jan,Jan_4_20260604_162000,829,4888012247000,4889012247000.0,right,valid
train,Jan,Jan_4_20260604_162000,839,4888345581000,4889345580000.0,right,valid
train,Jan,Jan_4_20260604_162000,849,4888678914000,4889678914000.0,right,valid
train,Jan,Jan_4_20260604_162000,859,4889012247000,4890012247000.0,right,valid
train,Jan,Jan_4_20260604_162000,869,4889345580000,4890345580000.0,right,valid
train,Jan,Jan_4_20260604_162000,879,4889678914000,4890678914000.0,right,valid
train,Jan,Jan_4_20260604_162000,889,4890012247000,4891012247000.0,right,valid
train,Jan,Jan_4_20260604_162000,899,4890345580000,4891345580000.0,right,valid
train,Jan,Jan_4_20260604_162000,909,4890678914000,4891678914000.0,right,valid
train,Jan,Jan_4_20260604_162000,919,4891012247000,4892012247000.0,right,valid
train,Jan,Jan_4_20260604_162000,929,4891345580000,4892345580000.0,right,valid
train,Jan,Jan_4_20260604_162000,939,4891678914000,4892678913000.0,right,valid
train,Jan,Jan_4_20260604_162000,949,4892012247000,4893012247000.0,right,valid
train,Jan,Jan_4_20260604_162000,959,4892345580000,4893345580000.0,right,valid
train,Jan,Jan_4_20260604_162000,969,4892678913000,,right,future_after_recording_end
train,Jan,Jan_4_20260604_162000,979,4893012247000,,right,future_after_recording_end
train,Jan,Jan_4_20260604_162000,989,4893345580000,,right,future_after_recording_end
train,Jan,Jan_5_20260604_162111,989,4964478913000,4965478913000.0,right,valid
train,Jan,Jan_5_20260604_162111,999,4964812246000,4965812246000.0,right,valid
train,Jan,Jan_5_20260604_162111,1009,4965145579000,4966145579000.0,right,valid
train,Jan,Jan_5_20260604_162111,1019,4965478913000,4966478912000.0,right,valid
train,Jan,Jan_5_20260604_162111,1029,4965812246000,4966812246000.0,right,valid
train,Jan,Jan_5_20260604_162111,1039,4966145579000,4967145579000.0,right,valid
train,Jan,Jan_5_20260604_162111,1049,4966478912000,4967478912000.0,right,valid
train,Jan,Jan_5_20260604_162111,1059,4966812246000,4967812246000.0,right,valid
train,Jan,Jan_5_20260604_162111,1069,4967145579000,4968145579000.0,right,valid
train,Jan,Jan_5_20260604_162111,1079,4967478912000,,right,future_after_recording_end
train,Jan,Jan_5_20260604_162111,1089,4967812246000,,right,future_after_recording_end
train,Jan,Jan_5_20260604_162111,1099,4968145579000,,right,future_after_recording_end
train,Jola,Jola_2_20260624_131246,1189,3488369609000,3489369609000.0,right,valid
train,Jola,Jola_2_20260624_131246,1199,3488702942000,3489702942000.0,right,valid
train,Jola,Jola_2_20260624_131246,1209,3489036276000,3490036276000.0,right,valid
train,Jola,Jola_2_20260624_131246,1219,3489369609000,3490369609000.0,right,valid
train,Jola,Jola_2_20260624_131246,1229,3489702942000,3490702942000.0,right,valid
train,Jola,Jola_2_20260624_131246,1239,3490036276000,3491036276000.0,right,valid
train,Jola,Jola_2_20260624_131246,1249,3490369609000,3491369609000.0,right,valid
train,Jola,Jola_2_20260624_131246,1259,3490702942000,3491702942000.0,right,valid
train,Jola,Jola_2_20260624_131246,1269,3491036276000,,right,future_after_recording_end
train,Jola,Jola_2_20260624_131246,1279,3491369609000,,right,future_after_recording_end
train,Jola,Jola_2_20260624_131246,1289,3491702942000,,right,future_after_recording_end
train,Jola,Jola_3_20260624_131435,1129,3594936276000,3595936276000.0,right,valid
train,Jola,Jola_3_20260624_131435,1139,3595269609000,3596269609000.0,right,valid
train,Jola,Jola_3_20260624_131435,1149,3595602942000,3596602942000.0,right,valid
train,Jola,Jola_3_20260624_131435,1159,3595936276000,3596936276000.0,right,valid
train,Jola,Jola_3_20260624_131435,1169,3596269609000,3597269609000.0,right,valid
train,Jola,Jola_3_20260624_131435,1179,3596602942000,3597602942000.0,right,valid
train,Jola,Jola_3_20260624_131435,1189,3596936276000,3597936276000.0,right,valid
train,Jola,Jola_3_20260624_131435,1199,3597269609000,,right,future_after_recording_end
train,Jola,Jola_3_20260624_131435,1209,3597602942000,,right,future_after_recording_end
train,Jola,Jola_3_20260624_131435,1219,3597936276000,,right,future_after_recording_end
train,Julienco,Julienco_1_20260624_125251,829,2281036275000,2282036275000.0,right,valid
train,Julienco,Julienco_1_20260624_125251,839,2281369609000,2282369609000.0,right,valid
train,Julienco,Julienco_1_20260624_125251,849,2281702942000,2282702942000.0,right,valid
train,Julienco,Julienco_1_20260624_125251,859,2282036275000,2283036275000.0,right,valid
train,Julienco,Julienco_1_20260624_125251,869,2282369609000,2283369609000.0,right,valid
train,Julienco,Julienco_1_20260624_125251,879,2282702942000,2283702942000.0,right,valid
train,Julienco,Julienco_1_20260624_125251,889,2283036275000,2284036275000.0,right,valid
train,Julienco,Julienco_1_20260624_125251,899,2283369609000,2284369609000.0,right,valid
train,Julienco,Julienco_1_20260624_125251,909,2283702942000,2284702942000.0,right,valid
train,Julienco,Julienco_1_20260624_125251,919,2284036275000,2285036275000.0,right,valid
train,Julienco,Julienco_1_20260624_125251,929,2284369609000,2285369609000.0,right,valid
train,Julienco,Julienco_1_20260624_125251,939,2284702942000,2285702942000.0,right,valid
train,Julienco,Julienco_1_20260624_125251,949,2285036275000,2286036275000.0,right,valid
train,Julienco,Julienco_1_20260624_125251,959,2285369609000,2286369609000.0,right,valid
train,Julienco,Julienco_1_20260624_125251,969,2285702942000,2286702942000.0,right,valid
train,Julienco,Julienco_1_20260624_125251,979,2286036275000,2287036275000.0,right,valid
train,Julienco,Julienco_1_20260624_125251,989,2286369609000,2287369609000.0,right,valid
train,Julienco,Julienco_1_20260624_125251,999,2286702942000,2287702942000.0,right,valid
train,Julienco,Julienco_1_20260624_125251,1009,2287036275000,,right,future_after_recording_end
train,Julienco,Julienco_1_20260624_125251,1019,2287369609000,,right,future_after_recording_end
train,Julienco,Julienco_1_20260624_125251,1029,2287702942000,,right,future_after_recording_end
train,Julienco,Julienco_4_2_20260624_125830,819,2619602942000,2620602942000.0,right,valid
train,Julienco,Julienco_4_2_20260624_125830,829,2619936276000,2620936276000.0,right,valid
train,Julienco,Julienco_4_2_20260624_125830,839,2620269609000,2621269609000.0,right,valid
train,Julienco,Julienco_4_2_20260624_125830,849,2620602942000,2621602942000.0,right,valid
train,Julienco,Julienco_4_2_20260624_125830,859,2620936276000,2621936276000.0,right,valid
train,Julienco,Julienco_4_2_20260624_125830,869,2621269609000,2622269609000.0,right,valid
train,Julienco,Julienco_4_2_20260624_125830,879,2621602942000,2622602942000.0,right,valid
train,Julienco,Julienco_4_2_20260624_125830,889,2621936276000,2622936276000.0,right,valid
train,Julienco,Julienco_4_2_20260624_125830,899,2622269609000,2623269609000.0,right,valid
train,Julienco,Julienco_4_2_20260624_125830,909,2622602942000,2623602942000.0,right,valid
train,Julienco,Julienco_4_2_20260624_125830,919,2622936276000,2623936276000.0,right,valid
train,Julienco,Julienco_4_2_20260624_125830,929,2623269609000,2624269609000.0,right,valid
train,Julienco,Julienco_4_2_20260624_125830,939,2623602942000,2624602942000.0,right,valid
train,Julienco,Julienco_4_2_20260624_125830,949,2623936276000,2624936276000.0,right,valid
train,Julienco,Julienco_4_2_20260624_125830,959,2624269609000,2625269609000.0,right,future_hand_tracking_invalid
train,Julienco,Julienco_4_2_20260624_125830,969,2624602942000,2625602942000.0,right,future_hand_tracking_invalid
train,Julienco,Julienco_4_2_20260624_125830,979,2624936276000,2625936276000.0,right,future_hand_tracking_invalid
train,Julienco,Julienco_4_2_20260624_125830,989,2625269609000,2626269609000.0,right,future_hand_tracking_invalid
train,Julienco,Julienco_4_2_20260624_125830,999,2625602942000,,right,future_after_recording_end
train,Julienco,Julienco_4_2_20260624_125830,1009,2625936276000,,right,future_after_recording_end
train,Julienco,Julienco_4_2_20260624_125830,1019,2626269609000,,right,future_after_recording_end
train,Julienco,Julienco_6_20260624_130048,829,2757836276000,2758836276000.0,right,valid
train,Julienco,Julienco_6_20260624_130048,839,2758169609000,2759169609000.0,right,valid
train,Julienco,Julienco_6_20260624_130048,849,2758502943000,2759502943000.0,right,valid
train,Julienco,Julienco_6_20260624_130048,859,2758836276000,2759836276000.0,right,valid
train,Julienco,Julienco_6_20260624_130048,869,2759169609000,2760169609000.0,right,valid
train,Julienco,Julienco_6_20260624_130048,879,2759502943000,2760502943000.0,right,valid
train,Julienco,Julienco_6_20260624_130048,889,2759836276000,2760836276000.0,right,valid
train,Julienco,Julienco_6_20260624_130048,899,2760169609000,2761169609000.0,right,valid
train,Julienco,Julienco_6_20260624_130048,909,2760502943000,2761502943000.0,right,valid
train,Julienco,Julienco_6_20260624_130048,919,2760836276000,2761836276000.0,right,valid
train,Julienco,Julienco_6_20260624_130048,929,2761169609000,2762169609000.0,right,valid
train,Julienco,Julienco_6_20260624_130048,939,2761502943000,2762502943000.0,right,future_hand_tracking_invalid
train,Julienco,Julienco_6_20260624_130048,949,2761836276000,2762836276000.0,right,future_hand_tracking_invalid
train,Julienco,Julienco_6_20260624_130048,959,2762169609000,2763169609000.0,right,future_hand_tracking_invalid
train,Julienco,Julienco_6_20260624_130048,969,2762502943000,2763502943000.0,right,future_hand_tracking_invalid
train,Julienco,Julienco_6_20260624_130048,979,2762836276000,2763836276000.0,right,future_hand_tracking_invalid
train,Julienco,Julienco_6_20260624_130048,989,2763169609000,2764169609000.0,right,future_hand_tracking_invalid
train,Julienco,Julienco_6_20260624_130048,999,2763502943000,2764502943000.0,right,future_hand_tracking_invalid
train,Julienco,Julienco_6_20260624_130048,1009,2763836276000,,right,future_after_recording_end
train,Julienco,Julienco_6_20260624_130048,1019,2764169609000,,right,future_after_recording_end
train,Julienco,Julienco_6_20260624_130048,1029,2764502943000,,right,future_after_recording_end
train,Leys,Leys_1_20260604_163147,669,5590245580000,5591245580000.0,right,valid
train,Leys,Leys_1_20260604_163147,679,5590578913000,5591578913000.0,right,valid
train,Leys,Leys_1_20260604_163147,689,5590912247000,5591912246000.0,right,valid
train,Leys,Leys_1_20260604_163147,699,5591245580000,5592245580000.0,right,valid
train,Leys,Leys_1_20260604_163147,709,5591578913000,5592578913000.0,right,valid
train,Leys,Leys_1_20260604_163147,719,5591912246000,5592912246000.0,right,valid
train,Leys,Leys_1_20260604_163147,729,5592245580000,5593245580000.0,right,valid
train,Leys,Leys_1_20260604_163147,739,5592578913000,5593578913000.0,right,valid
train,Leys,Leys_1_20260604_163147,749,5592912246000,5593912246000.0,right,valid
train,Leys,Leys_1_20260604_163147,759,5593245580000,5594245580000.0,right,future_hand_tracking_invalid
train,Leys,Leys_1_20260604_163147,769,5593578913000,,right,future_after_recording_end
train,Leys,Leys_1_20260604_163147,779,5593912246000,,right,future_after_recording_end
train,Leys,Leys_1_20260604_163147,789,5594245580000,,right,future_after_recording_end
train,Leys,Leys_2_20260604_163417,609,5738178912000,5739178911000.0,right,valid
train,Leys,Leys_2_20260604_163417,619,5738512245000,5739512245000.0,right,valid
train,Leys,Leys_2_20260604_163417,629,5738845578000,5739845578000.0,right,valid
train,Leys,Leys_2_20260604_163417,639,5739178911000,5740178911000.0,right,valid
train,Leys,Leys_2_20260604_163417,649,5739512245000,5740512245000.0,right,valid
train,Leys,Leys_2_20260604_163417,659,5739845578000,5740845578000.0,right,valid
train,Leys,Leys_2_20260604_163417,669,5740178911000,5741178911000.0,right,valid
train,Leys,Leys_2_20260604_163417,679,5740512245000,5741512245000.0,right,valid
train,Leys,Leys_2_20260604_163417,689,5740845578000,5741845578000.0,right,valid
train,Leys,Leys_2_20260604_163417,699,5741178911000,5742178911000.0,right,valid
train,Leys,Leys_2_20260604_163417,709,5741512245000,5742512244000.0,right,future_hand_tracking_invalid
train,Leys,Leys_2_20260604_163417,719,5741845578000,,right,future_after_recording_end
train,Leys,Leys_2_20260604_163417,729,5742178911000,,right,future_after_recording_end
train,Leys,Leys_2_20260604_163417,739,5742512244000,,right,future_after_recording_end
train,Leys,Leys_3_20260604_163535,769,5821578911000,5822578911000.0,right,valid
train,Leys,Leys_3_20260604_163535,779,5821912244000,5822912244000.0,right,valid
train,Leys,Leys_3_20260604_163535,789,5822245577000,5823245577000.0,right,valid
train,Leys,Leys_3_20260604_163535,799,5822578911000,5823578910000.0,right,valid
train,Leys,Leys_3_20260604_163535,809,5822912244000,5823912244000.0,right,valid
train,Leys,Leys_3_20260604_163535,819,5823245577000,5824245577000.0,right,valid
train,Leys,Leys_3_20260604_163535,829,5823578910000,5824578910000.0,right,valid
train,Leys,Leys_3_20260604_163535,839,5823912244000,5824912244000.0,right,valid
train,Leys,Leys_3_20260604_163535,849,5824245577000,5825245577000.0,right,valid
train,Leys,Leys_3_20260604_163535,859,5824578910000,5825578910000.0,right,valid
train,Leys,Leys_3_20260604_163535,869,5824912244000,5825912244000.0,right,valid
train,Leys,Leys_3_20260604_163535,879,5825245577000,5826245577000.0,right,valid
train,Leys,Leys_3_20260604_163535,889,5825578910000,5826578910000.0,right,valid
train,Leys,Leys_3_20260604_163535,899,5825912244000,5826912243000.0,right,valid
train,Leys,Leys_3_20260604_163535,909,5826245577000,5827245577000.0,right,valid
train,Leys,Leys_3_20260604_163535,919,5826578910000,5827578910000.0,right,valid
train,Leys,Leys_3_20260604_163535,929,5826912243000,5827912243000.0,right,valid
train,Leys,Leys_3_20260604_163535,939,5827245577000,5828245577000.0,right,valid
train,Leys,Leys_3_20260604_163535,949,5827578910000,5828578910000.0,right,valid
train,Leys,Leys_3_20260604_163535,959,5827912243000,5828912243000.0,right,valid
train,Leys,Leys_3_20260604_163535,969,5828245577000,,right,future_after_recording_end
train,Leys,Leys_3_20260604_163535,979,5828578910000,,right,future_after_recording_end
train,Leys,Leys_3_20260604_163535,989,5828912243000,,right,future_after_recording_end
train,Leys,Leys_4_20260604_163704,769,5911445576000,5912445576000.0,right,valid
train,Leys,Leys_4_20260604_163704,779,5911778910000,5912778910000.0,right,valid
train,Leys,Leys_4_20260604_163704,789,5912112243000,5913112243000.0,right,valid
train,Leys,Leys_4_20260604_163704,799,5912445576000,5913445576000.0,right,valid
train,Leys,Leys_4_20260604_163704,809,5912778910000,5913778910000.0,right,valid
train,Leys,Leys_4_20260604_163704,819,5913112243000,5914112243000.0,right,valid
train,Leys,Leys_4_20260604_163704,829,5913445576000,5914445576000.0,right,valid
train,Leys,Leys_4_20260604_163704,839,5913778910000,5914778909000.0,right,valid
train,Leys,Leys_4_20260604_163704,849,5914112243000,5915112243000.0,right,valid
train,Leys,Leys_4_20260604_163704,859,5914445576000,5915445576000.0,right,valid
train,Leys,Leys_4_20260604_163704,869,5914778909000,5915778909000.0,right,valid
train,Leys,Leys_4_20260604_163704,879,5915112243000,5916112243000.0,right,valid
train,Leys,Leys_4_20260604_163704,889,5915445576000,5916445576000.0,right,valid
train,Leys,Leys_4_20260604_163704,899,5915778909000,5916778909000.0,right,valid
train,Leys,Leys_4_20260604_163704,909,5916112243000,5917112243000.0,right,valid
train,Leys,Leys_4_20260604_163704,919,5916445576000,5917445576000.0,right,valid
train,Leys,Leys_4_20260604_163704,929,5916778909000,5917778909000.0,right,valid
train,Leys,Leys_4_20260604_163704,939,5917112243000,5918112242000.0,right,valid
train,Leys,Leys_4_20260604_163704,949,5917445576000,5918445576000.0,right,valid
train,Leys,Leys_4_20260604_163704,959,5917778909000,5918778909000.0,right,future_hand_and_robot_frame_invalid
train,Leys,Leys_4_20260604_163704,969,5918112242000,,right,future_after_recording_end
train,Leys,Leys_4_20260604_163704,979,5918445576000,,right,future_after_recording_end
train,Leys,Leys_4_20260604_163704,989,5918778909000,,right,future_after_recording_end
train,Leys,Leys_5_20260604_163854,759,6020378909000,6021378909000.0,right,valid
train,Leys,Leys_5_20260604_163854,769,6020712242000,6021712242000.0,right,valid
train,Leys,Leys_5_20260604_163854,779,6021045575000,6022045575000.0,right,valid
train,Leys,Leys_5_20260604_163854,789,6021378909000,6022378909000.0,right,valid
train,Leys,Leys_5_20260604_163854,799,6021712242000,6022712242000.0,right,valid
train,Leys,Leys_5_20260604_163854,809,6022045575000,6023045575000.0,right,valid
train,Leys,Leys_5_20260604_163854,819,6022378909000,6023378908000.0,right,valid
train,Leys,Leys_5_20260604_163854,829,6022712242000,6023712242000.0,right,valid
train,Leys,Leys_5_20260604_163854,839,6023045575000,,right,future_after_recording_end
train,Leys,Leys_5_20260604_163854,849,6023378908000,,right,future_after_recording_end
train,Leys,Leys_5_20260604_163854,859,6023712242000,,right,future_after_recording_end
train,Maria,Maria_1_20260624_133852,999,5047402943000,5048402943000.0,right,valid
train,Maria,Maria_1_20260624_133852,1009,5047736276000,5048736276000.0,right,valid
train,Maria,Maria_1_20260624_133852,1019,5048069609000,5049069609000.0,right,valid
train,Maria,Maria_1_20260624_133852,1029,5048402943000,5049402943000.0,right,valid
train,Maria,Maria_1_20260624_133852,1039,5048736276000,5049736276000.0,right,valid
train,Maria,Maria_1_20260624_133852,1049,5049069609000,5050069609000.0,right,valid
train,Maria,Maria_1_20260624_133852,1059,5049402943000,5050402943000.0,right,valid
train,Maria,Maria_1_20260624_133852,1069,5049736276000,5050736276000.0,right,valid
train,Maria,Maria_1_20260624_133852,1079,5050069609000,,right,future_after_recording_end
train,Maria,Maria_1_20260624_133852,1089,5050402943000,,right,future_after_recording_end
train,Maria,Maria_1_20260624_133852,1099,5050736276000,,right,future_after_recording_end
train,Maria,Maria_2_20260624_134005,759,5112902942000,5113902942000.0,right,valid
train,Maria,Maria_2_20260624_134005,769,5113236275000,5114236275000.0,right,valid
train,Maria,Maria_2_20260624_134005,779,5113569609000,5114569609000.0,right,valid
train,Maria,Maria_2_20260624_134005,789,5113902942000,5114902942000.0,right,valid
train,Maria,Maria_2_20260624_134005,799,5114236275000,5115236275000.0,right,valid
train,Maria,Maria_2_20260624_134005,809,5114569609000,5115569609000.0,right,valid
train,Maria,Maria_2_20260624_134005,819,5114902942000,,right,future_after_recording_end
train,Maria,Maria_2_20260624_134005,829,5115236275000,,right,future_after_recording_end
train,Maria,Maria_2_20260624_134005,839,5115569609000,,right,future_after_recording_end
train,Maria,Maria_3_20260624_134101,999,5176302943000,5177302943000.0,right,future_hand_tracking_invalid
train,Maria,Maria_3_20260624_134101,1009,5176636276000,5177636276000.0,right,future_hand_tracking_invalid
train,Maria,Maria_3_20260624_134101,1019,5176969609000,5177969609000.0,right,future_hand_tracking_invalid
train,Maria,Maria_3_20260624_134101,1029,5177302943000,5178302943000.0,right,future_hand_tracking_invalid
train,Maria,Maria_3_20260624_134101,1039,5177636276000,5178636276000.0,right,future_hand_tracking_invalid
train,Maria,Maria_3_20260624_134101,1049,5177969609000,5178969609000.0,right,future_hand_and_robot_frame_invalid
train,Maria,Maria_3_20260624_134101,1059,5178302943000,,right,future_after_recording_end
train,Maria,Maria_3_20260624_134101,1069,5178636276000,,right,future_after_recording_end
train,Maria,Maria_3_20260624_134101,1079,5178969609000,,right,future_after_recording_end
train,Maria,Maria_4_20260624_134233,729,5259136275000,5260136275000.0,right,valid
train,Maria,Maria_4_20260624_134233,739,5259469609000,5260469609000.0,right,valid
train,Maria,Maria_4_20260624_134233,749,5259802942000,5260802942000.0,right,valid
train,Maria,Maria_4_20260624_134233,759,5260136275000,5261136275000.0,right,valid
train,Maria,Maria_4_20260624_134233,769,5260469609000,5261469609000.0,right,valid
train,Maria,Maria_4_20260624_134233,779,5260802942000,5261802942000.0,right,valid
train,Maria,Maria_4_20260624_134233,789,5261136275000,5262136275000.0,right,valid
train,Maria,Maria_4_20260624_134233,799,5261469609000,,right,future_after_recording_end
train,Maria,Maria_4_20260624_134233,809,5261802942000,,right,future_after_recording_end
train,Maria,Maria_4_20260624_134233,819,5262136275000,,right,future_after_recording_end
train,Maria,Maria_5_20260624_134337,949,5330602942000,5331602942000.0,right,future_hand_tracking_invalid
train,Maria,Maria_5_20260624_134337,959,5330936275000,5331936275000.0,right,valid
train,Maria,Maria_5_20260624_134337,969,5331269609000,5332269609000.0,right,valid
train,Maria,Maria_5_20260624_134337,979,5331602942000,5332602942000.0,right,valid
train,Maria,Maria_5_20260624_134337,989,5331936275000,5332936275000.0,right,valid
train,Maria,Maria_5_20260624_134337,999,5332269609000,5333269609000.0,right,valid
train,Maria,Maria_5_20260624_134337,1009,5332602942000,5333602942000.0,right,valid
train,Maria,Maria_5_20260624_134337,1019,5332936275000,5333936275000.0,right,valid
train,Maria,Maria_5_20260624_134337,1029,5333269609000,,right,future_after_recording_end
train,Maria,Maria_5_20260624_134337,1039,5333602942000,,right,future_after_recording_end
train,Maria,Maria_5_20260624_134337,1049,5333936275000,,right,future_after_recording_end
train,Melih,Melih_10_20260616_180515,1119,1266712242000,1267712242000.0,right,valid
train,Melih,Melih_10_20260616_180515,1129,1267045575000,1268045575000.0,right,valid
train,Melih,Melih_10_20260616_180515,1139,1267378908000,1268378908000.0,right,valid
train,Melih,Melih_10_20260616_180515,1149,1267712242000,1268712242000.0,right,valid
train,Melih,Melih_10_20260616_180515,1159,1268045575000,1269045575000.0,right,valid
train,Melih,Melih_10_20260616_180515,1169,1268378908000,1269378908000.0,right,valid
train,Melih,Melih_10_20260616_180515,1179,1268712242000,1269712242000.0,right,valid
train,Melih,Melih_10_20260616_180515,1189,1269045575000,,right,future_after_recording_end
train,Melih,Melih_10_20260616_180515,1199,1269378908000,,right,future_after_recording_end
train,Melih,Melih_10_20260616_180515,1209,1269712242000,,right,future_after_recording_end
train,Melih,Melih_1_20260616_175140,669,437373363000,438373362000.0,right,valid
train,Melih,Melih_1_20260616_175140,679,437706696000,438706696000.0,right,valid
train,Melih,Melih_1_20260616_175140,689,438040029000,439040029000.0,right,valid
train,Melih,Melih_1_20260616_175140,699,438373362000,439373362000.0,right,valid
train,Melih,Melih_1_20260616_175140,709,438706696000,439706696000.0,right,valid
train,Melih,Melih_1_20260616_175140,719,439040029000,440040029000.0,right,valid
train,Melih,Melih_1_20260616_175140,729,439373362000,440373362000.0,right,valid
train,Melih,Melih_1_20260616_175140,739,439706696000,440706696000.0,right,valid
train,Melih,Melih_1_20260616_175140,749,440040029000,441040029000.0,right,valid
train,Melih,Melih_1_20260616_175140,759,440373362000,,right,future_after_recording_end
train,Melih,Melih_1_20260616_175140,769,440706696000,,right,future_after_recording_end
train,Melih,Melih_1_20260616_175140,779,441040029000,,right,future_after_recording_end
train,Melih,Melih_2_20260616_175310,759,530145584000,531145584000.0,right,valid
train,Melih,Melih_2_20260616_175310,769,530478917000,531478917000.0,right,valid
train,Melih,Melih_2_20260616_175310,779,530812250000,531812250000.0,right,valid
train,Melih,Melih_2_20260616_175310,789,531145584000,532145583000.0,right,valid
train,Melih,Melih_2_20260616_175310,799,531478917000,532478917000.0,right,valid
train,Melih,Melih_2_20260616_175310,809,531812250000,532812250000.0,right,valid
train,Melih,Melih_2_20260616_175310,819,532145583000,533145583000.0,right,valid
train,Melih,Melih_2_20260616_175310,829,532478917000,533478917000.0,right,valid
train,Melih,Melih_2_20260616_175310,839,532812250000,533812250000.0,right,valid
train,Melih,Melih_2_20260616_175310,849,533145583000,534145583000.0,right,valid
train,Melih,Melih_2_20260616_175310,859,533478917000,534478916000.0,right,valid
train,Melih,Melih_2_20260616_175310,869,533812250000,534812250000.0,right,valid
train,Melih,Melih_2_20260616_175310,879,534145583000,535145583000.0,right,valid
train,Melih,Melih_2_20260616_175310,889,534478916000,535478916000.0,right,valid
train,Melih,Melih_2_20260616_175310,899,534812250000,535812250000.0,right,valid
train,Melih,Melih_2_20260616_175310,909,535145583000,536145583000.0,right,valid
train,Melih,Melih_2_20260616_175310,919,535478916000,536478916000.0,right,valid
train,Melih,Melih_2_20260616_175310,929,535812250000,536812250000.0,right,valid
train,Melih,Melih_2_20260616_175310,939,536145583000,537145583000.0,right,valid
train,Melih,Melih_2_20260616_175310,949,536478916000,537478916000.0,right,valid
train,Melih,Melih_2_20260616_175310,959,536812250000,537812249000.0,right,future_hand_and_robot_frame_invalid
train,Melih,Melih_2_20260616_175310,969,537145583000,,right,future_after_recording_end
train,Melih,Melih_2_20260616_175310,979,537478916000,,right,future_after_recording_end
train,Melih,Melih_2_20260616_175310,989,537812249000,,right,future_after_recording_end
train,Melih,Melih_3_20260616_175418,769,597912250000,598912249000.0,right,valid
train,Melih,Melih_3_20260616_175418,779,598245583000,599245583000.0,right,valid
train,Melih,Melih_3_20260616_175418,789,598578916000,599578916000.0,right,valid
train,Melih,Melih_3_20260616_175418,799,598912249000,599912249000.0,right,valid
train,Melih,Melih_3_20260616_175418,809,599245583000,600245583000.0,right,valid
train,Melih,Melih_3_20260616_175418,819,599578916000,600578916000.0,right,valid
train,Melih,Melih_3_20260616_175418,829,599912249000,600912249000.0,right,valid
train,Melih,Melih_3_20260616_175418,839,600245583000,601245583000.0,right,valid
train,Melih,Melih_3_20260616_175418,849,600578916000,601578916000.0,right,valid
train,Melih,Melih_3_20260616_175418,859,600912249000,601912249000.0,right,valid
train,Melih,Melih_3_20260616_175418,869,601245583000,602245582000.0,right,valid
train,Melih,Melih_3_20260616_175418,879,601578916000,602578916000.0,right,valid
train,Melih,Melih_3_20260616_175418,889,601912249000,602912249000.0,right,valid
train,Melih,Melih_3_20260616_175418,899,602245582000,603245582000.0,right,valid
train,Melih,Melih_3_20260616_175418,909,602578916000,603578916000.0,right,valid
train,Melih,Melih_3_20260616_175418,919,602912249000,603912249000.0,right,valid
train,Melih,Melih_3_20260616_175418,929,603245582000,604245582000.0,right,valid
train,Melih,Melih_3_20260616_175418,939,603578916000,604578916000.0,right,valid
train,Melih,Melih_3_20260616_175418,949,603912249000,604912249000.0,right,valid
train,Melih,Melih_3_20260616_175418,959,604245582000,605245582000.0,right,valid
train,Melih,Melih_3_20260616_175418,969,604578916000,605578915000.0,right,valid
train,Melih,Melih_3_20260616_175418,979,604912249000,,right,future_after_recording_end
train,Melih,Melih_3_20260616_175418,989,605245582000,,right,future_after_recording_end
train,Melih,Melih_3_20260616_175418,999,605578915000,,right,future_after_recording_end
train,Melih,Melih_4_20260616_175523,739,661740026000,662740026000.0,right,valid
train,Melih,Melih_4_20260616_175523,749,662073360000,663073360000.0,right,valid
train,Melih,Melih_4_20260616_175523,759,662406693000,663406693000.0,right,valid
train,Melih,Melih_4_20260616_175523,769,662740026000,663740026000.0,right,valid
train,Melih,Melih_4_20260616_175523,779,663073360000,664073359000.0,right,valid
train,Melih,Melih_4_20260616_175523,789,663406693000,664406693000.0,right,valid
train,Melih,Melih_4_20260616_175523,799,663740026000,664740026000.0,right,valid
train,Melih,Melih_4_20260616_175523,809,664073359000,665073359000.0,right,valid
train,Melih,Melih_4_20260616_175523,819,664406693000,665406693000.0,right,valid
train,Melih,Melih_4_20260616_175523,829,664740026000,665740026000.0,right,valid
train,Melih,Melih_4_20260616_175523,839,665073359000,666073359000.0,right,valid
train,Melih,Melih_4_20260616_175523,849,665406693000,666406692000.0,right,valid
train,Melih,Melih_4_20260616_175523,859,665740026000,666740026000.0,right,valid
train,Melih,Melih_4_20260616_175523,869,666073359000,667073359000.0,right,valid
train,Melih,Melih_4_20260616_175523,879,666406692000,667406692000.0,right,valid
train,Melih,Melih_4_20260616_175523,889,666740026000,667740026000.0,right,valid
train,Melih,Melih_4_20260616_175523,899,667073359000,668073359000.0,right,valid
train,Melih,Melih_4_20260616_175523,909,667406692000,668406692000.0,right,valid
train,Melih,Melih_4_20260616_175523,919,667740026000,668740026000.0,right,valid
train,Melih,Melih_4_20260616_175523,929,668073359000,669073359000.0,right,valid
train,Melih,Melih_4_20260616_175523,939,668406692000,669406692000.0,right,valid
train,Melih,Melih_4_20260616_175523,949,668740026000,669740026000.0,right,valid
train,Melih,Melih_4_20260616_175523,959,669073359000,670073359000.0,right,valid
train,Melih,Melih_4_20260616_175523,969,669406692000,670406692000.0,right,valid
train,Melih,Melih_4_20260616_175523,979,669740026000,670740025000.0,right,valid
train,Melih,Melih_4_20260616_175523,989,670073359000,,right,future_after_recording_end
train,Melih,Melih_4_20260616_175523,999,670406692000,,right,future_after_recording_end
train,Melih,Melih_4_20260616_175523,1009,670740025000,,right,future_after_recording_end
train,Melih,Melih_5_20260616_175612,809,714112248000,715112248000.0,right,valid
train,Melih,Melih_5_20260616_175612,819,714445582000,715445581000.0,right,valid
train,Melih,Melih_5_20260616_175612,829,714778915000,715778915000.0,right,valid
train,Melih,Melih_5_20260616_175612,839,715112248000,716112248000.0,right,valid
train,Melih,Melih_5_20260616_175612,849,715445581000,716445581000.0,right,valid
train,Melih,Melih_5_20260616_175612,859,715778915000,716778915000.0,right,valid
train,Melih,Melih_5_20260616_175612,869,716112248000,717112248000.0,right,valid
train,Melih,Melih_5_20260616_175612,879,716445581000,717445581000.0,right,valid
train,Melih,Melih_5_20260616_175612,889,716778915000,717778915000.0,right,valid
train,Melih,Melih_5_20260616_175612,899,717112248000,718112248000.0,right,valid
train,Melih,Melih_5_20260616_175612,909,717445581000,718445581000.0,right,valid
train,Melih,Melih_5_20260616_175612,919,717778915000,718778914000.0,right,valid
train,Melih,Melih_5_20260616_175612,929,718112248000,719112248000.0,right,valid
train,Melih,Melih_5_20260616_175612,939,718445581000,719445581000.0,right,valid
train,Melih,Melih_5_20260616_175612,949,718778914000,719778914000.0,right,valid
train,Melih,Melih_5_20260616_175612,959,719112248000,,right,future_after_recording_end
train,Melih,Melih_5_20260616_175612,969,719445581000,,right,future_after_recording_end
train,Melih,Melih_5_20260616_175612,979,719778914000,,right,future_after_recording_end
train,Melih,Melih_6_20260616_180104,769,1006145579000,1007145579000.0,right,valid
train,Melih,Melih_6_20260616_180104,779,1006478912000,1007478912000.0,right,valid
train,Melih,Melih_6_20260616_180104,789,1006812245000,1007812245000.0,right,valid
train,Melih,Melih_6_20260616_180104,799,1007145579000,1008145578000.0,right,valid
train,Melih,Melih_6_20260616_180104,809,1007478912000,1008478912000.0,right,valid
train,Melih,Melih_6_20260616_180104,819,1007812245000,1008812245000.0,right,valid
train,Melih,Melih_6_20260616_180104,829,1008145578000,1009145578000.0,right,valid
train,Melih,Melih_6_20260616_180104,839,1008478912000,1009478912000.0,right,valid
train,Melih,Melih_6_20260616_180104,849,1008812245000,1009812245000.0,right,valid
train,Melih,Melih_6_20260616_180104,859,1009145578000,1010145578000.0,right,valid
train,Melih,Melih_6_20260616_180104,869,1009478912000,1010478912000.0,right,valid
train,Melih,Melih_6_20260616_180104,879,1009812245000,1010812245000.0,right,valid
train,Melih,Melih_6_20260616_180104,889,1010145578000,1011145578000.0,right,valid
train,Melih,Melih_6_20260616_180104,899,1010478912000,1011478911000.0,right,valid
train,Melih,Melih_6_20260616_180104,909,1010812245000,,right,future_after_recording_end
train,Melih,Melih_6_20260616_180104,919,1011145578000,,right,future_after_recording_end
train,Melih,Melih_6_20260616_180104,929,1011478911000,,right,future_after_recording_end
train,Melih,Melih_7_20260616_180202,889,1066712244000,1067712244000.0,right,valid
train,Melih,Melih_7_20260616_180202,899,1067045578000,1068045578000.0,right,valid
train,Melih,Melih_7_20260616_180202,909,1067378911000,1068378911000.0,right,valid
train,Melih,Melih_7_20260616_180202,919,1067712244000,1068712244000.0,right,valid
train,Melih,Melih_7_20260616_180202,929,1068045578000,1069045578000.0,right,valid
train,Melih,Melih_7_20260616_180202,939,1068378911000,1069378911000.0,right,valid
train,Melih,Melih_7_20260616_180202,949,1068712244000,1069712244000.0,right,valid
train,Melih,Melih_7_20260616_180202,959,1069045578000,1070045577000.0,right,valid
train,Melih,Melih_7_20260616_180202,969,1069378911000,1070378911000.0,right,valid
train,Melih,Melih_7_20260616_180202,979,1069712244000,1070712244000.0,right,valid
train,Melih,Melih_7_20260616_180202,989,1070045577000,1071045577000.0,right,valid
train,Melih,Melih_7_20260616_180202,999,1070378911000,1071378911000.0,right,valid
train,Melih,Melih_7_20260616_180202,1009,1070712244000,1071712244000.0,right,valid
train,Melih,Melih_7_20260616_180202,1019,1071045577000,,right,future_after_recording_end
train,Melih,Melih_7_20260616_180202,1029,1071378911000,,right,future_after_recording_end
train,Melih,Melih_7_20260616_180202,1039,1071712244000,,right,future_after_recording_end
train,Melih,Melih_8_20260616_180307,819,1128912244000,1129912244000.0,right,valid
train,Melih,Melih_8_20260616_180307,829,1129245577000,1130245577000.0,right,valid
train,Melih,Melih_8_20260616_180307,839,1129578911000,1130578911000.0,right,valid
train,Melih,Melih_8_20260616_180307,849,1129912244000,1130912244000.0,right,valid
train,Melih,Melih_8_20260616_180307,859,1130245577000,1131245577000.0,right,valid
train,Melih,Melih_8_20260616_180307,869,1130578911000,1131578910000.0,right,valid
train,Melih,Melih_8_20260616_180307,879,1130912244000,1131912244000.0,right,valid
train,Melih,Melih_8_20260616_180307,889,1131245577000,1132245577000.0,right,valid
train,Melih,Melih_8_20260616_180307,899,1131578910000,1132578910000.0,right,valid
train,Melih,Melih_8_20260616_180307,909,1131912244000,1132912244000.0,right,valid
train,Melih,Melih_8_20260616_180307,919,1132245577000,1133245577000.0,right,valid
train,Melih,Melih_8_20260616_180307,929,1132578910000,1133578910000.0,right,valid
train,Melih,Melih_8_20260616_180307,939,1132912244000,1133912244000.0,right,valid
train,Melih,Melih_8_20260616_180307,949,1133245577000,1134245577000.0,right,valid
train,Melih,Melih_8_20260616_180307,959,1133578910000,1134578910000.0,right,valid
train,Melih,Melih_8_20260616_180307,969,1133912244000,,right,future_after_recording_end
train,Melih,Melih_8_20260616_180307,979,1134245577000,,right,future_after_recording_end
train,Melih,Melih_8_20260616_180307,989,1134578910000,,right,future_after_recording_end
train,Melih,Melih_9_20260616_180402,869,1186845577000,1187845576000.0,right,valid
train,Melih,Melih_9_20260616_180402,879,1187178910000,1188178910000.0,right,valid
train,Melih,Melih_9_20260616_180402,889,1187512243000,1188512243000.0,right,valid
train,Melih,Melih_9_20260616_180402,899,1187845576000,1188845576000.0,right,valid
train,Melih,Melih_9_20260616_180402,909,1188178910000,1189178910000.0,right,valid
train,Melih,Melih_9_20260616_180402,919,1188512243000,1189512243000.0,right,valid
train,Melih,Melih_9_20260616_180402,929,1188845576000,1189845576000.0,right,valid
train,Melih,Melih_9_20260616_180402,939,1189178910000,1190178910000.0,right,future_hand_tracking_invalid
train,Melih,Melih_9_20260616_180402,949,1189512243000,,right,future_after_recording_end
train,Melih,Melih_9_20260616_180402,959,1189845576000,,right,future_after_recording_end
train,Melih,Melih_9_20260616_180402,969,1190178910000,,right,future_after_recording_end
train,Suthan,Suthan_1_20260604_164834,1079,6610012249000,6611012249000.0,right,valid
train,Suthan,Suthan_1_20260604_164834,1089,6610345583000,6611345583000.0,right,valid
train,Suthan,Suthan_1_20260604_164834,1099,6610678916000,6611678916000.0,right,valid
train,Suthan,Suthan_1_20260604_164834,1109,6611012249000,6612012249000.0,right,valid
train,Suthan,Suthan_1_20260604_164834,1119,6611345583000,6612345582000.0,right,valid
train,Suthan,Suthan_1_20260604_164834,1129,6611678916000,6612678916000.0,right,valid
train,Suthan,Suthan_1_20260604_164834,1139,6612012249000,6613012249000.0,right,valid
train,Suthan,Suthan_1_20260604_164834,1149,6612345582000,6613345582000.0,right,valid
train,Suthan,Suthan_1_20260604_164834,1159,6612678916000,6613678916000.0,right,valid
train,Suthan,Suthan_1_20260604_164834,1169,6613012249000,6614012249000.0,right,valid
train,Suthan,Suthan_1_20260604_164834,1179,6613345582000,6614345582000.0,right,future_hand_tracking_invalid
train,Suthan,Suthan_1_20260604_164834,1189,6613678916000,6614678915000.0,right,future_hand_tracking_invalid
train,Suthan,Suthan_1_20260604_164834,1199,6614012249000,,right,future_after_recording_end
train,Suthan,Suthan_1_20260604_164834,1209,6614345582000,,right,future_after_recording_end
train,Suthan,Suthan_1_20260604_164834,1219,6614678915000,,right,future_after_recording_end
train,Suthan,Suthan_3_20260604_165324,919,6895606691000,6896606691000.0,right,valid
train,Suthan,Suthan_3_20260604_165324,929,6895940025000,6896940024000.0,right,valid
train,Suthan,Suthan_3_20260604_165324,939,6896273358000,6897273358000.0,right,valid
train,Suthan,Suthan_3_20260604_165324,949,6896606691000,6897606691000.0,right,valid
train,Suthan,Suthan_3_20260604_165324,959,6896940024000,6897940024000.0,right,valid
train,Suthan,Suthan_3_20260604_165324,969,6897273358000,6898273358000.0,right,valid
train,Suthan,Suthan_3_20260604_165324,979,6897606691000,6898606691000.0,right,valid
train,Suthan,Suthan_3_20260604_165324,989,6897940024000,6898940024000.0,right,valid
train,Suthan,Suthan_3_20260604_165324,999,6898273358000,,right,future_after_recording_end
train,Suthan,Suthan_3_20260604_165324,1009,6898606691000,,right,future_after_recording_end
train,Suthan,Suthan_3_20260604_165324,1019,6898940024000,,right,future_after_recording_end
train,Suthan,Suthan_4_20260604_165434,849,6963345580000,6964345580000.0,right,valid
train,Suthan,Suthan_4_20260604_165434,859,6963678913000,6964678913000.0,right,valid
train,Suthan,Suthan_4_20260604_165434,869,6964012246000,6965012246000.0,right,valid
train,Suthan,Suthan_4_20260604_165434,879,6964345580000,6965345579000.0,right,valid
train,Suthan,Suthan_4_20260604_165434,889,6964678913000,6965678913000.0,right,valid
train,Suthan,Suthan_4_20260604_165434,899,6965012246000,6966012246000.0,right,valid
train,Suthan,Suthan_4_20260604_165434,909,6965345579000,6966345579000.0,right,valid
train,Suthan,Suthan_4_20260604_165434,919,6965678913000,6966678913000.0,right,valid
train,Suthan,Suthan_4_20260604_165434,929,6966012246000,6967012246000.0,right,valid
train,Suthan,Suthan_4_20260604_165434,939,6966345579000,6967345579000.0,right,valid
train,Suthan,Suthan_4_20260604_165434,949,6966678913000,6967678913000.0,right,valid
train,Suthan,Suthan_4_20260604_165434,959,6967012246000,6968012246000.0,right,valid
train,Suthan,Suthan_4_20260604_165434,969,6967345579000,,right,future_after_recording_end
train,Suthan,Suthan_4_20260604_165434,979,6967678913000,,right,future_after_recording_end
train,Suthan,Suthan_4_20260604_165434,989,6968012246000,,right,future_after_recording_end
train,Tarik,Tarik_10_20260704_142949,1079,7627336276000,7628336276000.0,left,valid
train,Tarik,Tarik_10_20260704_142949,1089,7627669609000,7628669609000.0,left,valid
train,Tarik,Tarik_10_20260704_142949,1099,7628002943000,7629002943000.0,left,valid
train,Tarik,Tarik_10_20260704_142949,1109,7628336276000,7629336276000.0,left,valid
train,Tarik,Tarik_10_20260704_142949,1119,7628669609000,7629669609000.0,left,valid
train,Tarik,Tarik_10_20260704_142949,1129,7629002943000,7630002943000.0,left,valid
train,Tarik,Tarik_10_20260704_142949,1139,7629336276000,7630336276000.0,left,valid
train,Tarik,Tarik_10_20260704_142949,1149,7629669609000,7630669609000.0,left,valid
train,Tarik,Tarik_10_20260704_142949,1159,7630002943000,7631002943000.0,left,valid
train,Tarik,Tarik_10_20260704_142949,1169,7630336276000,7631336276000.0,left,valid
train,Tarik,Tarik_10_20260704_142949,1179,7630669609000,7631669609000.0,left,valid
train,Tarik,Tarik_10_20260704_142949,1189,7631002943000,7632002943000.0,left,valid
train,Tarik,Tarik_10_20260704_142949,1199,7631336276000,7632336276000.0,left,valid
train,Tarik,Tarik_10_20260704_142949,1209,7631669609000,7632669609000.0,left,valid
train,Tarik,Tarik_10_20260704_142949,1219,7632002943000,7633002943000.0,left,valid
train,Tarik,Tarik_10_20260704_142949,1229,7632336276000,7633336276000.0,left,valid
train,Tarik,Tarik_10_20260704_142949,1239,7632669609000,7633669609000.0,left,valid
train,Tarik,Tarik_10_20260704_142949,1249,7633002943000,7634002943000.0,left,future_hand_and_robot_frame_invalid
train,Tarik,Tarik_10_20260704_142949,1259,7633336276000,,left,future_after_recording_end
train,Tarik,Tarik_10_20260704_142949,1269,7633669609000,,left,future_after_recording_end
train,Tarik,Tarik_10_20260704_142949,1279,7634002943000,,left,future_after_recording_end
train,Tarik,Tarik_11_20260704_143216,1069,7773402942000,7774402942000.0,right,valid
train,Tarik,Tarik_11_20260704_143216,1079,7773736276000,7774736276000.0,right,valid
train,Tarik,Tarik_11_20260704_143216,1089,7774069609000,7775069609000.0,right,valid
train,Tarik,Tarik_11_20260704_143216,1099,7774402942000,7775402942000.0,right,valid
train,Tarik,Tarik_11_20260704_143216,1109,7774736276000,7775736276000.0,right,valid
train,Tarik,Tarik_11_20260704_143216,1119,7775069609000,7776069609000.0,right,valid
train,Tarik,Tarik_11_20260704_143216,1129,7775402942000,7776402942000.0,right,valid
train,Tarik,Tarik_11_20260704_143216,1139,7775736276000,7776736276000.0,right,valid
train,Tarik,Tarik_11_20260704_143216,1149,7776069609000,7777069609000.0,right,valid
train,Tarik,Tarik_11_20260704_143216,1159,7776402942000,7777402942000.0,right,valid
train,Tarik,Tarik_11_20260704_143216,1169,7776736276000,7777736276000.0,right,valid
train,Tarik,Tarik_11_20260704_143216,1179,7777069609000,7778069609000.0,right,valid
train,Tarik,Tarik_11_20260704_143216,1189,7777402942000,7778402942000.0,right,valid
train,Tarik,Tarik_11_20260704_143216,1199,7777736276000,7778736276000.0,right,valid
train,Tarik,Tarik_11_20260704_143216,1209,7778069609000,7779069609000.0,right,valid
train,Tarik,Tarik_11_20260704_143216,1219,7778402942000,7779402942000.0,right,valid
train,Tarik,Tarik_11_20260704_143216,1229,7778736276000,7779736276000.0,right,valid
train,Tarik,Tarik_11_20260704_143216,1239,7779069609000,7780069609000.0,right,valid
train,Tarik,Tarik_11_20260704_143216,1249,7779402942000,7780402942000.0,right,valid
train,Tarik,Tarik_11_20260704_143216,1259,7779736276000,7780736276000.0,right,valid
train,Tarik,Tarik_11_20260704_143216,1269,7780069609000,7781069609000.0,right,valid
train,Tarik,Tarik_11_20260704_143216,1279,7780402942000,7781402942000.0,right,valid
train,Tarik,Tarik_11_20260704_143216,1289,7780736276000,7781736276000.0,right,valid
train,Tarik,Tarik_11_20260704_143216,1299,7781069609000,7782069609000.0,right,valid
train,Tarik,Tarik_11_20260704_143216,1309,7781402942000,7782402942000.0,right,valid
train,Tarik,Tarik_11_20260704_143216,1319,7781736276000,7782736276000.0,right,valid
train,Tarik,Tarik_11_20260704_143216,1329,7782069609000,7783069609000.0,right,valid
train,Tarik,Tarik_11_20260704_143216,1339,7782402942000,,right,future_after_recording_end
train,Tarik,Tarik_11_20260704_143216,1349,7782736276000,,right,future_after_recording_end
train,Tarik,Tarik_11_20260704_143216,1359,7783069609000,,right,future_after_recording_end
train,Tarik,Tarik_12_20260704_143334,859,7844402942000,7845402942000.0,left,valid
train,Tarik,Tarik_12_20260704_143334,869,7844736276000,7845736276000.0,left,valid
train,Tarik,Tarik_12_20260704_143334,879,7845069609000,7846069609000.0,left,valid
train,Tarik,Tarik_12_20260704_143334,889,7845402942000,7846402942000.0,left,valid
train,Tarik,Tarik_12_20260704_143334,899,7845736276000,7846736276000.0,left,valid
train,Tarik,Tarik_12_20260704_143334,909,7846069609000,7847069609000.0,left,valid
train,Tarik,Tarik_12_20260704_143334,919,7846402942000,7847402942000.0,left,valid
train,Tarik,Tarik_12_20260704_143334,929,7846736276000,7847736276000.0,left,valid
train,Tarik,Tarik_12_20260704_143334,939,7847069609000,7848069609000.0,left,valid
train,Tarik,Tarik_12_20260704_143334,949,7847402942000,7848402942000.0,left,valid
train,Tarik,Tarik_12_20260704_143334,959,7847736276000,7848736276000.0,left,valid
train,Tarik,Tarik_12_20260704_143334,969,7848069609000,7849069609000.0,left,valid
train,Tarik,Tarik_12_20260704_143334,979,7848402942000,7849402942000.0,left,valid
train,Tarik,Tarik_12_20260704_143334,989,7848736276000,7849736276000.0,left,valid
train,Tarik,Tarik_12_20260704_143334,999,7849069609000,7850069609000.0,left,valid
train,Tarik,Tarik_12_20260704_143334,1009,7849402942000,7850402942000.0,left,valid
train,Tarik,Tarik_12_20260704_143334,1019,7849736276000,7850736276000.0,left,valid
train,Tarik,Tarik_12_20260704_143334,1029,7850069609000,7851069609000.0,left,valid
train,Tarik,Tarik_12_20260704_143334,1039,7850402942000,,left,future_after_recording_end
train,Tarik,Tarik_12_20260704_143334,1049,7850736276000,,left,future_after_recording_end
train,Tarik,Tarik_12_20260704_143334,1059,7851069609000,,left,future_after_recording_end
train,Tarik,Tarik_13_20260704_143446,899,7918302942000,7919302942000.0,left,valid
train,Tarik,Tarik_13_20260704_143446,909,7918636276000,7919636276000.0,left,valid
train,Tarik,Tarik_13_20260704_143446,919,7918969609000,7919969609000.0,left,valid
train,Tarik,Tarik_13_20260704_143446,929,7919302942000,7920302942000.0,left,valid
train,Tarik,Tarik_13_20260704_143446,939,7919636276000,7920636276000.0,left,valid
train,Tarik,Tarik_13_20260704_143446,949,7919969609000,7920969609000.0,left,valid
train,Tarik,Tarik_13_20260704_143446,959,7920302942000,7921302942000.0,left,valid
train,Tarik,Tarik_13_20260704_143446,969,7920636276000,7921636276000.0,left,valid
train,Tarik,Tarik_13_20260704_143446,979,7920969609000,7921969609000.0,left,valid
train,Tarik,Tarik_13_20260704_143446,989,7921302942000,7922302942000.0,left,valid
train,Tarik,Tarik_13_20260704_143446,999,7921636276000,7922636276000.0,left,valid
train,Tarik,Tarik_13_20260704_143446,1009,7921969609000,7922969609000.0,left,valid
train,Tarik,Tarik_13_20260704_143446,1019,7922302942000,7923302942000.0,left,valid
train,Tarik,Tarik_13_20260704_143446,1029,7922636276000,7923636276000.0,left,valid
train,Tarik,Tarik_13_20260704_143446,1039,7922969609000,7923969609000.0,left,valid
train,Tarik,Tarik_13_20260704_143446,1049,7923302942000,7924302942000.0,left,valid
train,Tarik,Tarik_13_20260704_143446,1059,7923636276000,7924636276000.0,left,valid
train,Tarik,Tarik_13_20260704_143446,1069,7923969609000,7924969609000.0,left,valid
train,Tarik,Tarik_13_20260704_143446,1079,7924302942000,7925302942000.0,left,valid
train,Tarik,Tarik_13_20260704_143446,1089,7924636276000,7925636276000.0,left,valid
train,Tarik,Tarik_13_20260704_143446,1099,7924969609000,7925969609000.0,left,valid
train,Tarik,Tarik_13_20260704_143446,1109,7925302942000,7926302942000.0,left,valid
train,Tarik,Tarik_13_20260704_143446,1119,7925636276000,7926636276000.0,left,valid
train,Tarik,Tarik_13_20260704_143446,1129,7925969609000,7926969609000.0,left,valid
train,Tarik,Tarik_13_20260704_143446,1139,7926302942000,7927302942000.0,left,valid
train,Tarik,Tarik_13_20260704_143446,1149,7926636276000,7927636276000.0,left,valid
train,Tarik,Tarik_13_20260704_143446,1159,7926969609000,7927969609000.0,left,future_hand_and_robot_frame_invalid
train,Tarik,Tarik_13_20260704_143446,1169,7927302942000,,left,future_after_recording_end
train,Tarik,Tarik_13_20260704_143446,1179,7927636276000,,left,future_after_recording_end
train,Tarik,Tarik_13_20260704_143446,1189,7927969609000,,left,future_after_recording_end
train,Tarik,Tarik_14_20260704_143554,979,7989202942000,7990202942000.0,left,valid
train,Tarik,Tarik_14_20260704_143554,989,7989536275000,7990536275000.0,left,valid
train,Tarik,Tarik_14_20260704_143554,999,7989869609000,7990869609000.0,left,valid
train,Tarik,Tarik_14_20260704_143554,1009,7990202942000,7991202942000.0,left,valid
train,Tarik,Tarik_14_20260704_143554,1019,7990536275000,7991536275000.0,left,valid
train,Tarik,Tarik_14_20260704_143554,1029,7990869609000,7991869609000.0,left,valid
train,Tarik,Tarik_14_20260704_143554,1039,7991202942000,7992202942000.0,left,valid
train,Tarik,Tarik_14_20260704_143554,1049,7991536275000,7992536275000.0,left,valid
train,Tarik,Tarik_14_20260704_143554,1059,7991869609000,7992869609000.0,left,valid
train,Tarik,Tarik_14_20260704_143554,1069,7992202942000,7993202942000.0,left,valid
train,Tarik,Tarik_14_20260704_143554,1079,7992536275000,7993536275000.0,left,valid
train,Tarik,Tarik_14_20260704_143554,1089,7992869609000,7993869609000.0,left,valid
train,Tarik,Tarik_14_20260704_143554,1099,7993202942000,7994202942000.0,left,valid
train,Tarik,Tarik_14_20260704_143554,1109,7993536275000,7994536275000.0,left,valid
train,Tarik,Tarik_14_20260704_143554,1119,7993869609000,7994869609000.0,left,valid
train,Tarik,Tarik_14_20260704_143554,1129,7994202942000,7995202942000.0,left,valid
train,Tarik,Tarik_14_20260704_143554,1139,7994536275000,7995536275000.0,left,valid
train,Tarik,Tarik_14_20260704_143554,1149,7994869609000,7995869609000.0,left,valid
train,Tarik,Tarik_14_20260704_143554,1159,7995202942000,7996202942000.0,left,valid
train,Tarik,Tarik_14_20260704_143554,1169,7995536275000,7996536275000.0,left,valid
train,Tarik,Tarik_14_20260704_143554,1179,7995869609000,7996869609000.0,left,valid
train,Tarik,Tarik_14_20260704_143554,1189,7996202942000,7997202942000.0,left,valid
train,Tarik,Tarik_14_20260704_143554,1199,7996536275000,7997536275000.0,left,valid
train,Tarik,Tarik_14_20260704_143554,1209,7996869609000,7997869609000.0,left,valid
train,Tarik,Tarik_14_20260704_143554,1219,7997202942000,7998202942000.0,left,valid
train,Tarik,Tarik_14_20260704_143554,1229,7997536275000,,left,future_after_recording_end
train,Tarik,Tarik_14_20260704_143554,1239,7997869609000,,left,future_after_recording_end
train,Tarik,Tarik_14_20260704_143554,1249,7998202942000,,left,future_after_recording_end
train,Tarik,Tarik_15_20260704_143803,1329,8129469609000,8130469609000.0,left,valid
train,Tarik,Tarik_15_20260704_143803,1339,8129802942000,8130802942000.0,left,valid
train,Tarik,Tarik_15_20260704_143803,1349,8130136276000,8131136276000.0,left,valid
train,Tarik,Tarik_15_20260704_143803,1359,8130469609000,8131469609000.0,left,valid
train,Tarik,Tarik_15_20260704_143803,1369,8130802942000,8131802942000.0,left,valid
train,Tarik,Tarik_15_20260704_143803,1379,8131136276000,8132136276000.0,left,valid
train,Tarik,Tarik_15_20260704_143803,1389,8131469609000,8132469609000.0,left,valid
train,Tarik,Tarik_15_20260704_143803,1399,8131802942000,8132802942000.0,left,valid
train,Tarik,Tarik_15_20260704_143803,1409,8132136276000,8133136276000.0,left,valid
train,Tarik,Tarik_15_20260704_143803,1419,8132469609000,8133469609000.0,left,valid
train,Tarik,Tarik_15_20260704_143803,1429,8132802942000,8133802942000.0,left,valid
train,Tarik,Tarik_15_20260704_143803,1439,8133136276000,8134136276000.0,left,valid
train,Tarik,Tarik_15_20260704_143803,1449,8133469609000,8134469609000.0,left,valid
train,Tarik,Tarik_15_20260704_143803,1459,8133802942000,8134802942000.0,left,valid
train,Tarik,Tarik_15_20260704_143803,1469,8134136276000,8135136276000.0,left,valid
train,Tarik,Tarik_15_20260704_143803,1479,8134469609000,8135469609000.0,left,valid
train,Tarik,Tarik_15_20260704_143803,1489,8134802942000,8135802942000.0,left,valid
train,Tarik,Tarik_15_20260704_143803,1499,8135136276000,8136136276000.0,left,valid
train,Tarik,Tarik_15_20260704_143803,1509,8135469609000,8136469609000.0,left,valid
train,Tarik,Tarik_15_20260704_143803,1519,8135802942000,8136802942000.0,left,valid
train,Tarik,Tarik_15_20260704_143803,1529,8136136276000,8137136276000.0,left,valid
train,Tarik,Tarik_15_20260704_143803,1539,8136469609000,,left,future_after_recording_end
train,Tarik,Tarik_15_20260704_143803,1549,8136802942000,,left,future_after_recording_end
train,Tarik,Tarik_15_20260704_143803,1559,8137136276000,,left,future_after_recording_end
train,Tarik,Tarik_16_20260704_143930,849,8200002943000,8201002943000.0,left,valid
train,Tarik,Tarik_16_20260704_143930,859,8200336276000,8201336276000.0,left,valid
train,Tarik,Tarik_16_20260704_143930,869,8200669609000,8201669609000.0,left,valid
train,Tarik,Tarik_16_20260704_143930,879,8201002943000,8202002943000.0,left,valid
train,Tarik,Tarik_16_20260704_143930,889,8201336276000,8202336276000.0,left,valid
train,Tarik,Tarik_16_20260704_143930,899,8201669609000,8202669609000.0,left,valid
train,Tarik,Tarik_16_20260704_143930,909,8202002943000,8203002943000.0,left,valid
train,Tarik,Tarik_16_20260704_143930,919,8202336276000,8203336276000.0,left,valid
train,Tarik,Tarik_16_20260704_143930,929,8202669609000,8203669609000.0,left,valid
train,Tarik,Tarik_16_20260704_143930,939,8203002943000,8204002943000.0,left,valid
train,Tarik,Tarik_16_20260704_143930,949,8203336276000,8204336276000.0,left,valid
train,Tarik,Tarik_16_20260704_143930,959,8203669609000,8204669609000.0,left,valid
train,Tarik,Tarik_16_20260704_143930,969,8204002943000,8205002943000.0,left,valid
train,Tarik,Tarik_16_20260704_143930,979,8204336276000,8205336276000.0,left,valid
train,Tarik,Tarik_16_20260704_143930,989,8204669609000,8205669609000.0,left,valid
train,Tarik,Tarik_16_20260704_143930,999,8205002943000,8206002943000.0,left,valid
train,Tarik,Tarik_16_20260704_143930,1009,8205336276000,8206336276000.0,left,valid
train,Tarik,Tarik_16_20260704_143930,1019,8205669609000,8206669609000.0,left,valid
train,Tarik,Tarik_16_20260704_143930,1029,8206002943000,8207002943000.0,left,valid
train,Tarik,Tarik_16_20260704_143930,1039,8206336276000,8207336276000.0,left,valid
train,Tarik,Tarik_16_20260704_143930,1049,8206669609000,8207669609000.0,left,valid
train,Tarik,Tarik_16_20260704_143930,1059,8207002943000,8208002943000.0,left,valid
train,Tarik,Tarik_16_20260704_143930,1069,8207336276000,8208336276000.0,left,valid
train,Tarik,Tarik_16_20260704_143930,1079,8207669609000,,left,future_after_recording_end
train,Tarik,Tarik_16_20260704_143930,1089,8208002943000,,left,future_after_recording_end
train,Tarik,Tarik_16_20260704_143930,1099,8208336276000,,left,future_after_recording_end
train,Tarik,Tarik_17_20260704_144050,979,8284436275000,8285436275000.0,left,valid
train,Tarik,Tarik_17_20260704_144050,989,8284769609000,8285769609000.0,left,valid
train,Tarik,Tarik_17_20260704_144050,999,8285102942000,8286102942000.0,left,valid
train,Tarik,Tarik_17_20260704_144050,1009,8285436275000,8286436275000.0,left,valid
train,Tarik,Tarik_17_20260704_144050,1019,8285769609000,8286769609000.0,left,valid
train,Tarik,Tarik_17_20260704_144050,1029,8286102942000,8287102942000.0,left,valid
train,Tarik,Tarik_17_20260704_144050,1039,8286436275000,8287436275000.0,left,valid
train,Tarik,Tarik_17_20260704_144050,1049,8286769609000,8287769609000.0,left,valid
train,Tarik,Tarik_17_20260704_144050,1059,8287102942000,8288102942000.0,left,valid
train,Tarik,Tarik_17_20260704_144050,1069,8287436275000,8288436275000.0,left,valid
train,Tarik,Tarik_17_20260704_144050,1079,8287769609000,8288769609000.0,left,valid
train,Tarik,Tarik_17_20260704_144050,1089,8288102942000,8289102942000.0,left,valid
train,Tarik,Tarik_17_20260704_144050,1099,8288436275000,8289436275000.0,left,valid
train,Tarik,Tarik_17_20260704_144050,1109,8288769609000,8289769609000.0,left,valid
train,Tarik,Tarik_17_20260704_144050,1119,8289102942000,8290102942000.0,left,valid
train,Tarik,Tarik_17_20260704_144050,1129,8289436275000,8290436275000.0,left,valid
train,Tarik,Tarik_17_20260704_144050,1139,8289769609000,8290769609000.0,left,valid
train,Tarik,Tarik_17_20260704_144050,1149,8290102942000,8291102942000.0,left,valid
train,Tarik,Tarik_17_20260704_144050,1159,8290436275000,8291436275000.0,left,valid
train,Tarik,Tarik_17_20260704_144050,1169,8290769609000,8291769609000.0,left,valid
train,Tarik,Tarik_17_20260704_144050,1179,8291102942000,8292102942000.0,left,valid
train,Tarik,Tarik_17_20260704_144050,1189,8291436275000,8292436275000.0,left,valid
train,Tarik,Tarik_17_20260704_144050,1199,8291769609000,8292769609000.0,left,future_hand_and_robot_frame_invalid
train,Tarik,Tarik_17_20260704_144050,1209,8292102942000,,left,future_after_recording_end
train,Tarik,Tarik_17_20260704_144050,1219,8292436275000,,left,future_after_recording_end
train,Tarik,Tarik_17_20260704_144050,1229,8292769609000,,left,future_after_recording_end
train,Tarik,Tarik_18_20260704_144512,1129,8551736276000,8552736276000.0,left,valid
train,Tarik,Tarik_18_20260704_144512,1139,8552069609000,8553069609000.0,left,valid
train,Tarik,Tarik_18_20260704_144512,1149,8552402942000,8553402942000.0,left,valid
train,Tarik,Tarik_18_20260704_144512,1159,8552736276000,8553736276000.0,left,valid
train,Tarik,Tarik_18_20260704_144512,1169,8553069609000,8554069609000.0,left,valid
train,Tarik,Tarik_18_20260704_144512,1179,8553402942000,8554402942000.0,left,valid
train,Tarik,Tarik_18_20260704_144512,1189,8553736276000,8554736276000.0,left,valid
train,Tarik,Tarik_18_20260704_144512,1199,8554069609000,8555069609000.0,left,valid
train,Tarik,Tarik_18_20260704_144512,1209,8554402942000,8555402942000.0,left,valid
train,Tarik,Tarik_18_20260704_144512,1219,8554736276000,8555736276000.0,left,valid
train,Tarik,Tarik_18_20260704_144512,1229,8555069609000,8556069609000.0,left,valid
train,Tarik,Tarik_18_20260704_144512,1239,8555402942000,8556402942000.0,left,valid
train,Tarik,Tarik_18_20260704_144512,1249,8555736276000,8556736276000.0,left,valid
train,Tarik,Tarik_18_20260704_144512,1259,8556069609000,8557069609000.0,left,valid
train,Tarik,Tarik_18_20260704_144512,1269,8556402942000,8557402942000.0,left,valid
train,Tarik,Tarik_18_20260704_144512,1279,8556736276000,8557736276000.0,left,valid
train,Tarik,Tarik_18_20260704_144512,1289,8557069609000,8558069609000.0,left,valid
train,Tarik,Tarik_18_20260704_144512,1299,8557402942000,8558402942000.0,left,valid
train,Tarik,Tarik_18_20260704_144512,1309,8557736276000,8558736276000.0,left,valid
train,Tarik,Tarik_18_20260704_144512,1319,8558069609000,8559069609000.0,left,valid
train,Tarik,Tarik_18_20260704_144512,1329,8558402942000,8559402942000.0,left,valid
train,Tarik,Tarik_18_20260704_144512,1339,8558736276000,,left,future_after_recording_end
train,Tarik,Tarik_18_20260704_144512,1349,8559069609000,,left,future_after_recording_end
train,Tarik,Tarik_18_20260704_144512,1359,8559402942000,,left,future_after_recording_end
train,Tarik,Tarik_1_20260704_141845,1209,6967336275000,6968336275000.0,right,valid
train,Tarik,Tarik_1_20260704_141845,1219,6967669609000,6968669609000.0,right,valid
train,Tarik,Tarik_1_20260704_141845,1229,6968002942000,6969002942000.0,right,valid
train,Tarik,Tarik_1_20260704_141845,1239,6968336275000,6969336275000.0,right,valid
train,Tarik,Tarik_1_20260704_141845,1249,6968669609000,6969669609000.0,right,valid
train,Tarik,Tarik_1_20260704_141845,1259,6969002942000,6970002942000.0,right,valid
train,Tarik,Tarik_1_20260704_141845,1269,6969336275000,6970336275000.0,right,valid
train,Tarik,Tarik_1_20260704_141845,1279,6969669609000,6970669609000.0,right,valid
train,Tarik,Tarik_1_20260704_141845,1289,6970002942000,6971002942000.0,right,valid
train,Tarik,Tarik_1_20260704_141845,1299,6970336275000,6971336275000.0,right,valid
train,Tarik,Tarik_1_20260704_141845,1309,6970669609000,6971669609000.0,right,valid
train,Tarik,Tarik_1_20260704_141845,1319,6971002942000,6972002942000.0,right,valid
train,Tarik,Tarik_1_20260704_141845,1329,6971336275000,6972336275000.0,right,valid
train,Tarik,Tarik_1_20260704_141845,1339,6971669609000,6972669609000.0,right,valid
train,Tarik,Tarik_1_20260704_141845,1349,6972002942000,6973002942000.0,right,valid
train,Tarik,Tarik_1_20260704_141845,1359,6972336275000,6973336275000.0,right,valid
train,Tarik,Tarik_1_20260704_141845,1369,6972669609000,6973669609000.0,right,valid
train,Tarik,Tarik_1_20260704_141845,1379,6973002942000,6974002942000.0,right,valid
train,Tarik,Tarik_1_20260704_141845,1389,6973336275000,6974336275000.0,right,valid
train,Tarik,Tarik_1_20260704_141845,1399,6973669609000,6974669609000.0,right,valid
train,Tarik,Tarik_1_20260704_141845,1409,6974002942000,6975002942000.0,right,valid
train,Tarik,Tarik_1_20260704_141845,1419,6974336275000,6975336275000.0,right,valid
train,Tarik,Tarik_1_20260704_141845,1429,6974669609000,6975669609000.0,right,valid
train,Tarik,Tarik_1_20260704_141845,1439,6975002942000,,right,future_after_recording_end
train,Tarik,Tarik_1_20260704_141845,1449,6975336275000,,right,future_after_recording_end
train,Tarik,Tarik_1_20260704_141845,1459,6975669609000,,right,future_after_recording_end
train,Tarik,Tarik_20_20260704_145000,1019,8836269609000,8837269609000.0,right,valid
train,Tarik,Tarik_20_20260704_145000,1029,8836602942000,8837602942000.0,right,valid
train,Tarik,Tarik_20_20260704_145000,1039,8836936276000,8837936276000.0,right,valid
train,Tarik,Tarik_20_20260704_145000,1049,8837269609000,8838269609000.0,right,valid
train,Tarik,Tarik_20_20260704_145000,1059,8837602942000,8838602942000.0,right,valid
train,Tarik,Tarik_20_20260704_145000,1069,8837936276000,8838936276000.0,right,valid
train,Tarik,Tarik_20_20260704_145000,1079,8838269609000,8839269609000.0,right,valid
train,Tarik,Tarik_20_20260704_145000,1089,8838602942000,8839602942000.0,right,valid
train,Tarik,Tarik_20_20260704_145000,1099,8838936276000,8839936276000.0,right,valid
train,Tarik,Tarik_20_20260704_145000,1109,8839269609000,8840269609000.0,right,valid
train,Tarik,Tarik_20_20260704_145000,1119,8839602942000,8840602942000.0,right,valid
train,Tarik,Tarik_20_20260704_145000,1129,8839936276000,8840936276000.0,right,valid
train,Tarik,Tarik_20_20260704_145000,1139,8840269609000,8841269609000.0,right,valid
train,Tarik,Tarik_20_20260704_145000,1149,8840602942000,8841602942000.0,right,valid
train,Tarik,Tarik_20_20260704_145000,1159,8840936276000,8841936276000.0,right,valid
train,Tarik,Tarik_20_20260704_145000,1169,8841269609000,8842269609000.0,right,valid
train,Tarik,Tarik_20_20260704_145000,1179,8841602942000,8842602942000.0,right,valid
train,Tarik,Tarik_20_20260704_145000,1189,8841936276000,8842936276000.0,right,valid
train,Tarik,Tarik_20_20260704_145000,1199,8842269609000,8843269609000.0,right,future_hand_and_robot_frame_invalid
train,Tarik,Tarik_20_20260704_145000,1209,8842602942000,,right,future_after_recording_end
train,Tarik,Tarik_20_20260704_145000,1219,8842936276000,,right,future_after_recording_end
train,Tarik,Tarik_20_20260704_145000,1229,8843269609000,,right,future_after_recording_end
train,Tarik,Tarik_21_20260704_145054,1049,8891602942000,8892602942000.0,right,valid
train,Tarik,Tarik_21_20260704_145054,1059,8891936276000,8892936276000.0,right,valid
train,Tarik,Tarik_21_20260704_145054,1069,8892269609000,8893269609000.0,right,valid
train,Tarik,Tarik_21_20260704_145054,1079,8892602942000,8893602942000.0,right,valid
train,Tarik,Tarik_21_20260704_145054,1089,8892936276000,8893936276000.0,right,valid
train,Tarik,Tarik_21_20260704_145054,1099,8893269609000,8894269609000.0,right,valid
train,Tarik,Tarik_21_20260704_145054,1109,8893602942000,8894602942000.0,right,valid
train,Tarik,Tarik_21_20260704_145054,1119,8893936276000,8894936276000.0,right,valid
train,Tarik,Tarik_21_20260704_145054,1129,8894269609000,8895269609000.0,right,valid
train,Tarik,Tarik_21_20260704_145054,1139,8894602942000,8895602942000.0,right,valid
train,Tarik,Tarik_21_20260704_145054,1149,8894936276000,8895936276000.0,right,valid
train,Tarik,Tarik_21_20260704_145054,1159,8895269609000,8896269609000.0,right,valid
train,Tarik,Tarik_21_20260704_145054,1169,8895602942000,8896602942000.0,right,valid
train,Tarik,Tarik_21_20260704_145054,1179,8895936276000,8896936276000.0,right,valid
train,Tarik,Tarik_21_20260704_145054,1189,8896269609000,8897269609000.0,right,valid
train,Tarik,Tarik_21_20260704_145054,1199,8896602942000,8897602942000.0,right,valid
train,Tarik,Tarik_21_20260704_145054,1209,8896936276000,8897936275000.0,right,valid
train,Tarik,Tarik_21_20260704_145054,1219,8897269609000,,right,future_after_recording_end
train,Tarik,Tarik_21_20260704_145054,1229,8897602942000,,right,future_after_recording_end
train,Tarik,Tarik_21_20260704_145054,1239,8897936275000,,right,future_after_recording_end
train,Tarik,Tarik_23_20260704_145434,1099,9112902942000,9113902942000.0,left,valid
train,Tarik,Tarik_23_20260704_145434,1109,9113236276000,9114236276000.0,left,valid
train,Tarik,Tarik_23_20260704_145434,1119,9113569609000,9114569609000.0,left,valid
train,Tarik,Tarik_23_20260704_145434,1129,9113902942000,9114902942000.0,left,valid
train,Tarik,Tarik_23_20260704_145434,1139,9114236276000,9115236276000.0,left,valid
train,Tarik,Tarik_23_20260704_145434,1149,9114569609000,9115569609000.0,left,valid
train,Tarik,Tarik_23_20260704_145434,1159,9114902942000,9115902942000.0,left,valid
train,Tarik,Tarik_23_20260704_145434,1169,9115236276000,9116236276000.0,left,valid
train,Tarik,Tarik_23_20260704_145434,1179,9115569609000,9116569609000.0,left,valid
train,Tarik,Tarik_23_20260704_145434,1189,9115902942000,9116902942000.0,left,valid
train,Tarik,Tarik_23_20260704_145434,1199,9116236276000,9117236276000.0,left,valid
train,Tarik,Tarik_23_20260704_145434,1209,9116569609000,9117569609000.0,left,valid
train,Tarik,Tarik_23_20260704_145434,1219,9116902942000,9117902942000.0,left,valid
train,Tarik,Tarik_23_20260704_145434,1229,9117236276000,9118236276000.0,left,valid
train,Tarik,Tarik_23_20260704_145434,1239,9117569609000,9118569609000.0,left,valid
train,Tarik,Tarik_23_20260704_145434,1249,9117902942000,9118902942000.0,left,valid
train,Tarik,Tarik_23_20260704_145434,1259,9118236276000,9119236276000.0,left,valid
train,Tarik,Tarik_23_20260704_145434,1269,9118569609000,9119569609000.0,left,valid
train,Tarik,Tarik_23_20260704_145434,1279,9118902942000,9119902942000.0,left,future_hand_and_robot_frame_invalid
train,Tarik,Tarik_23_20260704_145434,1289,9119236276000,,left,future_after_recording_end
train,Tarik,Tarik_23_20260704_145434,1299,9119569609000,,left,future_after_recording_end
train,Tarik,Tarik_23_20260704_145434,1309,9119902942000,,left,future_after_recording_end
train,Tarik,Tarik_24_20260704_145314,859,9024336276000,9025336276000.0,right,valid
train,Tarik,Tarik_24_20260704_145314,869,9024669609000,9025669609000.0,right,valid
train,Tarik,Tarik_24_20260704_145314,879,9025002943000,9026002943000.0,right,valid
train,Tarik,Tarik_24_20260704_145314,889,9025336276000,9026336276000.0,right,valid
train,Tarik,Tarik_24_20260704_145314,899,9025669609000,9026669609000.0,right,valid
train,Tarik,Tarik_24_20260704_145314,909,9026002943000,9027002943000.0,right,valid
train,Tarik,Tarik_24_20260704_145314,919,9026336276000,9027336276000.0,right,valid
train,Tarik,Tarik_24_20260704_145314,929,9026669609000,9027669609000.0,right,valid
train,Tarik,Tarik_24_20260704_145314,939,9027002943000,9028002943000.0,right,valid
train,Tarik,Tarik_24_20260704_145314,949,9027336276000,9028336276000.0,right,valid
train,Tarik,Tarik_24_20260704_145314,959,9027669609000,9028669609000.0,right,valid
train,Tarik,Tarik_24_20260704_145314,969,9028002943000,9029002943000.0,right,valid
train,Tarik,Tarik_24_20260704_145314,979,9028336276000,9029336276000.0,right,valid
train,Tarik,Tarik_24_20260704_145314,989,9028669609000,9029669609000.0,right,valid
train,Tarik,Tarik_24_20260704_145314,999,9029002943000,9030002943000.0,right,valid
train,Tarik,Tarik_24_20260704_145314,1009,9029336276000,9030336276000.0,right,valid
train,Tarik,Tarik_24_20260704_145314,1019,9029669609000,9030669609000.0,right,valid
train,Tarik,Tarik_24_20260704_145314,1029,9030002943000,9031002943000.0,right,valid
train,Tarik,Tarik_24_20260704_145314,1039,9030336276000,9031336276000.0,right,valid
train,Tarik,Tarik_24_20260704_145314,1049,9030669609000,9031669609000.0,right,valid
train,Tarik,Tarik_24_20260704_145314,1059,9031002943000,,right,future_after_recording_end
train,Tarik,Tarik_24_20260704_145314,1069,9031336276000,,right,future_after_recording_end
train,Tarik,Tarik_24_20260704_145314,1079,9031669609000,,right,future_after_recording_end
train,Tarik,Tarik_2_20260704_142022,1379,7069202942000,7070202942000.0,right,valid
train,Tarik,Tarik_2_20260704_142022,1389,7069536275000,7070536275000.0,right,valid
train,Tarik,Tarik_2_20260704_142022,1399,7069869609000,7070869609000.0,right,valid
train,Tarik,Tarik_2_20260704_142022,1409,7070202942000,7071202942000.0,right,valid
train,Tarik,Tarik_2_20260704_142022,1419,7070536275000,7071536275000.0,right,valid
train,Tarik,Tarik_2_20260704_142022,1429,7070869609000,7071869609000.0,right,valid
train,Tarik,Tarik_2_20260704_142022,1439,7071202942000,7072202942000.0,right,valid
train,Tarik,Tarik_2_20260704_142022,1449,7071536275000,7072536275000.0,right,valid
train,Tarik,Tarik_2_20260704_142022,1459,7071869609000,7072869609000.0,right,valid
train,Tarik,Tarik_2_20260704_142022,1469,7072202942000,7073202942000.0,right,valid
train,Tarik,Tarik_2_20260704_142022,1479,7072536275000,7073536275000.0,right,valid
train,Tarik,Tarik_2_20260704_142022,1489,7072869609000,7073869609000.0,right,valid
train,Tarik,Tarik_2_20260704_142022,1499,7073202942000,7074202942000.0,right,valid
train,Tarik,Tarik_2_20260704_142022,1509,7073536275000,7074536275000.0,right,valid
train,Tarik,Tarik_2_20260704_142022,1519,7073869609000,7074869609000.0,right,valid
train,Tarik,Tarik_2_20260704_142022,1529,7074202942000,7075202942000.0,right,valid
train,Tarik,Tarik_2_20260704_142022,1539,7074536275000,7075536275000.0,right,valid
train,Tarik,Tarik_2_20260704_142022,1549,7074869609000,7075869609000.0,right,valid
train,Tarik,Tarik_2_20260704_142022,1559,7075202942000,7076202942000.0,right,valid
train,Tarik,Tarik_2_20260704_142022,1569,7075536275000,7076536275000.0,right,valid
train,Tarik,Tarik_2_20260704_142022,1579,7075869609000,7076869609000.0,right,future_slam_pose_invalid
train,Tarik,Tarik_2_20260704_142022,1589,7076202942000,,right,future_after_recording_end
train,Tarik,Tarik_2_20260704_142022,1599,7076536275000,,right,future_after_recording_end
train,Tarik,Tarik_2_20260704_142022,1609,7076869609000,,right,future_after_recording_end
train,Tarik,Tarik_3_20260704_142144,759,7131069609000,7132069609000.0,right,valid
train,Tarik,Tarik_3_20260704_142144,769,7131402942000,7132402942000.0,right,valid
train,Tarik,Tarik_3_20260704_142144,779,7131736275000,7132736275000.0,right,valid
train,Tarik,Tarik_3_20260704_142144,789,7132069609000,7133069609000.0,right,valid
train,Tarik,Tarik_3_20260704_142144,799,7132402942000,7133402942000.0,right,valid
train,Tarik,Tarik_3_20260704_142144,809,7132736275000,7133736275000.0,right,valid
train,Tarik,Tarik_3_20260704_142144,819,7133069609000,7134069609000.0,right,valid
train,Tarik,Tarik_3_20260704_142144,829,7133402942000,7134402942000.0,right,valid
train,Tarik,Tarik_3_20260704_142144,839,7133736275000,7134736275000.0,right,valid
train,Tarik,Tarik_3_20260704_142144,849,7134069609000,7135069609000.0,right,valid
train,Tarik,Tarik_3_20260704_142144,859,7134402942000,7135402942000.0,right,valid
train,Tarik,Tarik_3_20260704_142144,869,7134736275000,7135736275000.0,right,valid
train,Tarik,Tarik_3_20260704_142144,879,7135069609000,7136069609000.0,right,valid
train,Tarik,Tarik_3_20260704_142144,889,7135402942000,7136402942000.0,right,valid
train,Tarik,Tarik_3_20260704_142144,899,7135736275000,7136736275000.0,right,valid
train,Tarik,Tarik_3_20260704_142144,909,7136069609000,7137069609000.0,right,future_hand_tracking_invalid
train,Tarik,Tarik_3_20260704_142144,919,7136402942000,7137402942000.0,right,future_hand_tracking_invalid
train,Tarik,Tarik_3_20260704_142144,929,7136736275000,7137736275000.0,right,valid
train,Tarik,Tarik_3_20260704_142144,939,7137069609000,7138069609000.0,right,valid
train,Tarik,Tarik_3_20260704_142144,949,7137402942000,7138402942000.0,right,valid
train,Tarik,Tarik_3_20260704_142144,959,7137736275000,7138736275000.0,right,valid
train,Tarik,Tarik_3_20260704_142144,969,7138069609000,7139069609000.0,right,valid
train,Tarik,Tarik_3_20260704_142144,979,7138402942000,7139402942000.0,right,valid
train,Tarik,Tarik_3_20260704_142144,989,7138736275000,7139736275000.0,right,valid
train,Tarik,Tarik_3_20260704_142144,999,7139069609000,7140069609000.0,right,valid
train,Tarik,Tarik_3_20260704_142144,1009,7139402942000,,right,future_after_recording_end
train,Tarik,Tarik_3_20260704_142144,1019,7139736275000,,right,future_after_recording_end
train,Tarik,Tarik_3_20260704_142144,1029,7140069609000,,right,future_after_recording_end
train,Tarik,Tarik_4_20260704_142308,919,7220702942000,7221702942000.0,right,valid
train,Tarik,Tarik_4_20260704_142308,929,7221036276000,7222036276000.0,right,valid
train,Tarik,Tarik_4_20260704_142308,939,7221369609000,7222369609000.0,right,valid
train,Tarik,Tarik_4_20260704_142308,949,7221702942000,7222702942000.0,right,valid
train,Tarik,Tarik_4_20260704_142308,959,7222036276000,7223036276000.0,right,valid
train,Tarik,Tarik_4_20260704_142308,969,7222369609000,7223369609000.0,right,valid
train,Tarik,Tarik_4_20260704_142308,979,7222702942000,7223702942000.0,right,valid
train,Tarik,Tarik_4_20260704_142308,989,7223036276000,7224036276000.0,right,valid
train,Tarik,Tarik_4_20260704_142308,999,7223369609000,7224369609000.0,right,valid
train,Tarik,Tarik_4_20260704_142308,1009,7223702942000,7224702942000.0,right,valid
train,Tarik,Tarik_4_20260704_142308,1019,7224036276000,7225036276000.0,right,valid
train,Tarik,Tarik_4_20260704_142308,1029,7224369609000,7225369609000.0,right,valid
train,Tarik,Tarik_4_20260704_142308,1039,7224702942000,7225702942000.0,right,valid
train,Tarik,Tarik_4_20260704_142308,1049,7225036276000,7226036276000.0,right,valid
train,Tarik,Tarik_4_20260704_142308,1059,7225369609000,7226369609000.0,right,valid
train,Tarik,Tarik_4_20260704_142308,1069,7225702942000,7226702942000.0,right,future_hand_and_robot_frame_invalid
train,Tarik,Tarik_4_20260704_142308,1079,7226036276000,,right,future_after_recording_end
train,Tarik,Tarik_4_20260704_142308,1089,7226369609000,,right,future_after_recording_end
train,Tarik,Tarik_4_20260704_142308,1099,7226702942000,,right,future_after_recording_end
train,Tarik,Tarik_5_20260704_142458,949,7331402942000,7332402942000.0,right,valid
train,Tarik,Tarik_5_20260704_142458,959,7331736276000,7332736276000.0,right,valid
train,Tarik,Tarik_5_20260704_142458,969,7332069609000,7333069609000.0,right,valid
train,Tarik,Tarik_5_20260704_142458,979,7332402942000,7333402942000.0,right,valid
train,Tarik,Tarik_5_20260704_142458,989,7332736276000,7333736276000.0,right,valid
train,Tarik,Tarik_5_20260704_142458,999,7333069609000,7334069609000.0,right,valid
train,Tarik,Tarik_5_20260704_142458,1009,7333402942000,7334402942000.0,right,valid
train,Tarik,Tarik_5_20260704_142458,1019,7333736276000,7334736276000.0,right,valid
train,Tarik,Tarik_5_20260704_142458,1029,7334069609000,7335069609000.0,right,valid
train,Tarik,Tarik_5_20260704_142458,1039,7334402942000,7335402942000.0,right,valid
train,Tarik,Tarik_5_20260704_142458,1049,7334736276000,7335736276000.0,right,valid
train,Tarik,Tarik_5_20260704_142458,1059,7335069609000,7336069609000.0,right,valid
train,Tarik,Tarik_5_20260704_142458,1069,7335402942000,7336402942000.0,right,valid
train,Tarik,Tarik_5_20260704_142458,1079,7335736276000,7336736276000.0,right,valid
train,Tarik,Tarik_5_20260704_142458,1089,7336069609000,7337069609000.0,right,valid
train,Tarik,Tarik_5_20260704_142458,1099,7336402942000,7337402942000.0,right,valid
train,Tarik,Tarik_5_20260704_142458,1109,7336736276000,7337736276000.0,right,valid
train,Tarik,Tarik_5_20260704_142458,1119,7337069609000,,right,future_after_recording_end
train,Tarik,Tarik_5_20260704_142458,1129,7337402942000,,right,future_after_recording_end
train,Tarik,Tarik_5_20260704_142458,1139,7337736276000,,right,future_after_recording_end
train,Tarik,Tarik_6_20260704_142555,949,7388336276000,7389336276000.0,right,valid
train,Tarik,Tarik_6_20260704_142555,959,7388669609000,7389669609000.0,right,valid
train,Tarik,Tarik_6_20260704_142555,969,7389002943000,7390002943000.0,right,valid
train,Tarik,Tarik_6_20260704_142555,979,7389336276000,7390336276000.0,right,valid
train,Tarik,Tarik_6_20260704_142555,989,7389669609000,7390669609000.0,right,valid
train,Tarik,Tarik_6_20260704_142555,999,7390002943000,7391002943000.0,right,valid
train,Tarik,Tarik_6_20260704_142555,1009,7390336276000,7391336276000.0,right,valid
train,Tarik,Tarik_6_20260704_142555,1019,7390669609000,7391669609000.0,right,valid
train,Tarik,Tarik_6_20260704_142555,1029,7391002943000,7392002943000.0,right,valid
train,Tarik,Tarik_6_20260704_142555,1039,7391336276000,7392336276000.0,right,valid
train,Tarik,Tarik_6_20260704_142555,1049,7391669609000,7392669609000.0,right,valid
train,Tarik,Tarik_6_20260704_142555,1059,7392002943000,7393002943000.0,right,valid
train,Tarik,Tarik_6_20260704_142555,1069,7392336276000,7393336276000.0,right,valid
train,Tarik,Tarik_6_20260704_142555,1079,7392669609000,7393669609000.0,right,valid
train,Tarik,Tarik_6_20260704_142555,1089,7393002943000,7394002943000.0,right,valid
train,Tarik,Tarik_6_20260704_142555,1099,7393336276000,,right,future_after_recording_end
train,Tarik,Tarik_6_20260704_142555,1109,7393669609000,,right,future_after_recording_end
train,Tarik,Tarik_6_20260704_142555,1119,7394002943000,,right,future_after_recording_end
train,Tarik,Tarik_7_20260704_142646,999,7441636275000,7442636275000.0,right,valid
train,Tarik,Tarik_7_20260704_142646,1009,7441969609000,7442969609000.0,right,valid
train,Tarik,Tarik_7_20260704_142646,1019,7442302942000,7443302942000.0,right,valid
train,Tarik,Tarik_7_20260704_142646,1029,7442636275000,7443636275000.0,right,valid
train,Tarik,Tarik_7_20260704_142646,1039,7442969609000,7443969609000.0,right,valid
train,Tarik,Tarik_7_20260704_142646,1049,7443302942000,7444302942000.0,right,valid
train,Tarik,Tarik_7_20260704_142646,1059,7443636275000,7444636275000.0,right,valid
train,Tarik,Tarik_7_20260704_142646,1069,7443969609000,7444969609000.0,right,valid
train,Tarik,Tarik_7_20260704_142646,1079,7444302942000,7445302942000.0,right,valid
train,Tarik,Tarik_7_20260704_142646,1089,7444636275000,7445636275000.0,right,valid
train,Tarik,Tarik_7_20260704_142646,1099,7444969609000,7445969609000.0,right,valid
train,Tarik,Tarik_7_20260704_142646,1109,7445302942000,7446302942000.0,right,valid
train,Tarik,Tarik_7_20260704_142646,1119,7445636275000,7446636275000.0,right,valid
train,Tarik,Tarik_7_20260704_142646,1129,7445969609000,7446969609000.0,right,future_hand_and_robot_frame_invalid
train,Tarik,Tarik_7_20260704_142646,1139,7446302942000,,right,future_after_recording_end
train,Tarik,Tarik_7_20260704_142646,1149,7446636275000,,right,future_after_recording_end
train,Tarik,Tarik_7_20260704_142646,1159,7446969609000,,right,future_after_recording_end
train,Tarik,Tarik_8_20260704_142759,1109,7518302942000,7519302942000.0,right,valid
train,Tarik,Tarik_8_20260704_142759,1119,7518636275000,7519636275000.0,right,valid
train,Tarik,Tarik_8_20260704_142759,1129,7518969609000,7519969609000.0,right,valid
train,Tarik,Tarik_8_20260704_142759,1139,7519302942000,7520302942000.0,right,valid
train,Tarik,Tarik_8_20260704_142759,1149,7519636275000,7520636275000.0,right,valid
train,Tarik,Tarik_8_20260704_142759,1159,7519969609000,7520969609000.0,right,valid
train,Tarik,Tarik_8_20260704_142759,1169,7520302942000,7521302942000.0,right,valid
train,Tarik,Tarik_8_20260704_142759,1179,7520636275000,7521636275000.0,right,valid
train,Tarik,Tarik_8_20260704_142759,1189,7520969609000,7521969609000.0,right,valid
train,Tarik,Tarik_8_20260704_142759,1199,7521302942000,7522302942000.0,right,valid
train,Tarik,Tarik_8_20260704_142759,1209,7521636275000,7522636275000.0,right,valid
train,Tarik,Tarik_8_20260704_142759,1219,7521969609000,7522969609000.0,right,valid
train,Tarik,Tarik_8_20260704_142759,1229,7522302942000,7523302942000.0,right,valid
train,Tarik,Tarik_8_20260704_142759,1239,7522636275000,7523636275000.0,right,valid
train,Tarik,Tarik_8_20260704_142759,1249,7522969609000,7523969609000.0,right,valid
train,Tarik,Tarik_8_20260704_142759,1259,7523302942000,7524302942000.0,right,valid
train,Tarik,Tarik_8_20260704_142759,1269,7523636275000,7524636275000.0,right,valid
train,Tarik,Tarik_8_20260704_142759,1279,7523969609000,,right,future_after_recording_end
train,Tarik,Tarik_8_20260704_142759,1289,7524302942000,,right,future_after_recording_end
train,Tarik,Tarik_8_20260704_142759,1299,7524636275000,,right,future_after_recording_end
train,Tarik,Tarik_9_20260704_142856,1099,7575269609000,7576269609000.0,right,valid
train,Tarik,Tarik_9_20260704_142856,1109,7575602942000,7576602942000.0,right,valid
train,Tarik,Tarik_9_20260704_142856,1119,7575936275000,7576936275000.0,right,valid
train,Tarik,Tarik_9_20260704_142856,1129,7576269609000,7577269609000.0,right,valid
train,Tarik,Tarik_9_20260704_142856,1139,7576602942000,7577602942000.0,right,valid
train,Tarik,Tarik_9_20260704_142856,1149,7576936275000,7577936275000.0,right,valid
train,Tarik,Tarik_9_20260704_142856,1159,7577269609000,7578269609000.0,right,valid
train,Tarik,Tarik_9_20260704_142856,1169,7577602942000,7578602942000.0,right,valid
train,Tarik,Tarik_9_20260704_142856,1179,7577936275000,7578936275000.0,right,valid
train,Tarik,Tarik_9_20260704_142856,1189,7578269609000,7579269609000.0,right,valid
train,Tarik,Tarik_9_20260704_142856,1199,7578602942000,7579602942000.0,right,valid
train,Tarik,Tarik_9_20260704_142856,1209,7578936275000,7579936275000.0,right,valid
train,Tarik,Tarik_9_20260704_142856,1219,7579269609000,7580269609000.0,right,valid
train,Tarik,Tarik_9_20260704_142856,1229,7579602942000,7580602942000.0,right,future_hand_and_robot_frame_invalid
train,Tarik,Tarik_9_20260704_142856,1239,7579936275000,,right,future_after_recording_end
train,Tarik,Tarik_9_20260704_142856,1249,7580269609000,,right,future_after_recording_end
train,Tarik,Tarik_9_20260704_142856,1259,7580602942000,,right,future_after_recording_end
train,Urim,Urim_10_20260616_145015,1039,2302712227000,2303712227000.0,right,valid
train,Urim,Urim_10_20260616_145015,1049,2303045560000,2304045560000.0,right,valid
train,Urim,Urim_10_20260616_145015,1059,2303378894000,2304378894000.0,right,valid
train,Urim,Urim_10_20260616_145015,1069,2303712227000,2304712227000.0,right,valid
train,Urim,Urim_10_20260616_145015,1079,2304045560000,2305045560000.0,right,valid
train,Urim,Urim_10_20260616_145015,1089,2304378894000,2305378894000.0,right,valid
train,Urim,Urim_10_20260616_145015,1099,2304712227000,2305712227000.0,right,valid
train,Urim,Urim_10_20260616_145015,1109,2305045560000,2306045560000.0,right,valid
train,Urim,Urim_10_20260616_145015,1119,2305378894000,2306378893000.0,right,valid
train,Urim,Urim_10_20260616_145015,1129,2305712227000,,right,future_after_recording_end
train,Urim,Urim_10_20260616_145015,1139,2306045560000,,right,future_after_recording_end
train,Urim,Urim_10_20260616_145015,1149,2306378893000,,right,future_after_recording_end
train,Urim,Urim_1_20260604_160102,1029,3756978950000,3757978950000.0,right,valid
train,Urim,Urim_1_20260604_160102,1039,3757312283000,3758312283000.0,right,valid
train,Urim,Urim_1_20260604_160102,1049,3757645616000,3758645616000.0,right,valid
train,Urim,Urim_1_20260604_160102,1059,3757978950000,3758978950000.0,right,valid
train,Urim,Urim_1_20260604_160102,1069,3758312283000,3759312283000.0,right,valid
train,Urim,Urim_1_20260604_160102,1079,3758645616000,3759645616000.0,right,valid
train,Urim,Urim_1_20260604_160102,1089,3758978950000,3759978949000.0,right,valid
train,Urim,Urim_1_20260604_160102,1099,3759312283000,3760312283000.0,right,valid
train,Urim,Urim_1_20260604_160102,1109,3759645616000,3760645616000.0,right,valid
train,Urim,Urim_1_20260604_160102,1119,3759978949000,3760978949000.0,right,valid
train,Urim,Urim_1_20260604_160102,1129,3760312283000,3761312283000.0,right,valid
train,Urim,Urim_1_20260604_160102,1139,3760645616000,3761645616000.0,right,valid
train,Urim,Urim_1_20260604_160102,1149,3760978949000,3761978949000.0,right,valid
train,Urim,Urim_1_20260604_160102,1159,3761312283000,3762312283000.0,right,future_hand_tracking_invalid
train,Urim,Urim_1_20260604_160102,1169,3761645616000,,right,future_after_recording_end
train,Urim,Urim_1_20260604_160102,1179,3761978949000,,right,future_after_recording_end
train,Urim,Urim_1_20260604_160102,1189,3762312283000,,right,future_after_recording_end
train,Urim,Urim_2_20260604_160234,559,3833878950000,3834878950000.0,right,valid
train,Urim,Urim_2_20260604_160234,569,3834212283000,3835212283000.0,right,valid
train,Urim,Urim_2_20260604_160234,579,3834545617000,3835545616000.0,right,valid
train,Urim,Urim_2_20260604_160234,589,3834878950000,3835878950000.0,right,valid
train,Urim,Urim_2_20260604_160234,599,3835212283000,3836212283000.0,right,valid
train,Urim,Urim_2_20260604_160234,609,3835545616000,3836545616000.0,right,valid
train,Urim,Urim_2_20260604_160234,619,3835878950000,3836878950000.0,right,valid
train,Urim,Urim_2_20260604_160234,629,3836212283000,3837212283000.0,right,valid
train,Urim,Urim_2_20260604_160234,639,3836545616000,3837545616000.0,right,valid
train,Urim,Urim_2_20260604_160234,649,3836878950000,3837878950000.0,right,valid
train,Urim,Urim_2_20260604_160234,659,3837212283000,3838212283000.0,right,valid
train,Urim,Urim_2_20260604_160234,669,3837545616000,3838545616000.0,right,valid
train,Urim,Urim_2_20260604_160234,679,3837878950000,,right,future_after_recording_end
train,Urim,Urim_2_20260604_160234,689,3838212283000,,right,future_after_recording_end
train,Urim,Urim_2_20260604_160234,699,3838545616000,,right,future_after_recording_end
train,Urim,Urim_3_20260604_160345,839,3913912282000,3914912282000.0,right,valid
train,Urim,Urim_3_20260604_160345,849,3914245615000,3915245615000.0,right,valid
train,Urim,Urim_3_20260604_160345,859,3914578948000,3915578948000.0,right,valid
train,Urim,Urim_3_20260604_160345,869,3914912282000,3915912281000.0,right,valid
train,Urim,Urim_3_20260604_160345,879,3915245615000,3916245615000.0,right,valid
train,Urim,Urim_3_20260604_160345,889,3915578948000,3916578948000.0,right,valid
train,Urim,Urim_3_20260604_160345,899,3915912281000,3916912281000.0,right,valid
train,Urim,Urim_3_20260604_160345,909,3916245615000,3917245615000.0,right,valid
train,Urim,Urim_3_20260604_160345,919,3916578948000,3917578948000.0,right,valid
train,Urim,Urim_3_20260604_160345,929,3916912281000,3917912281000.0,right,valid
train,Urim,Urim_3_20260604_160345,939,3917245615000,3918245615000.0,right,valid
train,Urim,Urim_3_20260604_160345,949,3917578948000,3918578948000.0,right,valid
train,Urim,Urim_3_20260604_160345,959,3917912281000,3918912281000.0,right,valid
train,Urim,Urim_3_20260604_160345,969,3918245615000,,right,future_after_recording_end
train,Urim,Urim_3_20260604_160345,979,3918578948000,,right,future_after_recording_end
train,Urim,Urim_3_20260604_160345,989,3918912281000,,right,future_after_recording_end
train,Urim,Urim_4_20260604_160502,899,3992978947000,3993978947000.0,right,valid
train,Urim,Urim_4_20260604_160502,909,3993312281000,3994312281000.0,right,valid
train,Urim,Urim_4_20260604_160502,919,3993645614000,3994645614000.0,right,valid
train,Urim,Urim_4_20260604_160502,929,3993978947000,3994978947000.0,right,valid
train,Urim,Urim_4_20260604_160502,939,3994312281000,3995312280000.0,right,valid
train,Urim,Urim_4_20260604_160502,949,3994645614000,3995645614000.0,right,valid
train,Urim,Urim_4_20260604_160502,959,3994978947000,3995978947000.0,right,valid
train,Urim,Urim_4_20260604_160502,969,3995312280000,3996312280000.0,right,valid
train,Urim,Urim_4_20260604_160502,979,3995645614000,3996645614000.0,right,valid
train,Urim,Urim_4_20260604_160502,989,3995978947000,3996978947000.0,right,valid
train,Urim,Urim_4_20260604_160502,999,3996312280000,,right,future_after_recording_end
train,Urim,Urim_4_20260604_160502,1009,3996645614000,,right,future_after_recording_end
train,Urim,Urim_4_20260604_160502,1019,3996978947000,,right,future_after_recording_end
train,Urim,Urim_5_20260604_160634,959,4087178946000,4088178946000.0,right,valid
train,Urim,Urim_5_20260604_160634,969,4087512279000,4088512279000.0,right,valid
train,Urim,Urim_5_20260604_160634,979,4087845613000,4088845613000.0,right,valid
train,Urim,Urim_5_20260604_160634,989,4088178946000,4089178946000.0,right,valid
train,Urim,Urim_5_20260604_160634,999,4088512279000,4089512279000.0,right,valid
train,Urim,Urim_5_20260604_160634,1009,4088845613000,4089845613000.0,right,valid
train,Urim,Urim_5_20260604_160634,1019,4089178946000,4090178946000.0,right,valid
train,Urim,Urim_5_20260604_160634,1029,4089512279000,4090512279000.0,right,valid
train,Urim,Urim_5_20260604_160634,1039,4089845613000,4090845613000.0,right,valid
train,Urim,Urim_5_20260604_160634,1049,4090178946000,4091178946000.0,right,valid
train,Urim,Urim_5_20260604_160634,1059,4090512279000,4091512279000.0,right,future_hand_tracking_invalid
train,Urim,Urim_5_20260604_160634,1069,4090845613000,,right,future_after_recording_end
train,Urim,Urim_5_20260604_160634,1079,4091178946000,,right,future_after_recording_end
train,Urim,Urim_5_20260604_160634,1089,4091512279000,,right,future_after_recording_end
train,Urim,Urim_6_20260616_144055,879,1736945567000,1737945566000.0,right,valid
train,Urim,Urim_6_20260616_144055,889,1737278900000,1738278900000.0,right,valid
train,Urim,Urim_6_20260616_144055,899,1737612233000,1738612233000.0,right,valid
train,Urim,Urim_6_20260616_144055,909,1737945566000,1738945566000.0,right,valid
train,Urim,Urim_6_20260616_144055,919,1738278900000,1739278900000.0,right,valid
train,Urim,Urim_6_20260616_144055,929,1738612233000,1739612233000.0,right,valid
train,Urim,Urim_6_20260616_144055,939,1738945566000,1739945566000.0,right,valid
train,Urim,Urim_6_20260616_144055,949,1739278900000,1740278900000.0,right,valid
train,Urim,Urim_6_20260616_144055,959,1739612233000,1740612233000.0,right,valid
train,Urim,Urim_6_20260616_144055,969,1739945566000,1740945566000.0,right,valid
train,Urim,Urim_6_20260616_144055,979,1740278900000,,right,future_after_recording_end
train,Urim,Urim_6_20260616_144055,989,1740612233000,,right,future_after_recording_end
train,Urim,Urim_6_20260616_144055,999,1740945566000,,right,future_after_recording_end
train,Urim,Urim_7_20260616_144229,859,1831112232000,1832112232000.0,right,valid
train,Urim,Urim_7_20260616_144229,869,1831445566000,1832445566000.0,right,valid
train,Urim,Urim_7_20260616_144229,879,1831778899000,1832778899000.0,right,valid
train,Urim,Urim_7_20260616_144229,889,1832112232000,1833112232000.0,right,valid
train,Urim,Urim_7_20260616_144229,899,1832445566000,1833445565000.0,right,valid
train,Urim,Urim_7_20260616_144229,909,1832778899000,1833778899000.0,right,valid
train,Urim,Urim_7_20260616_144229,919,1833112232000,1834112232000.0,right,valid
train,Urim,Urim_7_20260616_144229,929,1833445565000,1834445565000.0,right,valid
train,Urim,Urim_7_20260616_144229,939,1833778899000,1834778899000.0,right,valid
train,Urim,Urim_7_20260616_144229,949,1834112232000,1835112232000.0,right,valid
train,Urim,Urim_7_20260616_144229,959,1834445565000,1835445565000.0,right,valid
train,Urim,Urim_7_20260616_144229,969,1834778899000,,right,future_after_recording_end
train,Urim,Urim_7_20260616_144229,979,1835112232000,,right,future_after_recording_end
train,Urim,Urim_7_20260616_144229,989,1835445565000,,right,future_after_recording_end
train,Urim,Urim_8_20260616_144352,899,1915312231000,1916312231000.0,right,valid
train,Urim,Urim_8_20260616_144352,909,1915645565000,1916645565000.0,right,valid
train,Urim,Urim_8_20260616_144352,919,1915978898000,1916978898000.0,right,valid
train,Urim,Urim_8_20260616_144352,929,1916312231000,1917312231000.0,right,valid
train,Urim,Urim_8_20260616_144352,939,1916645565000,1917645565000.0,right,valid
train,Urim,Urim_8_20260616_144352,949,1916978898000,1917978898000.0,right,valid
train,Urim,Urim_8_20260616_144352,959,1917312231000,1918312231000.0,right,valid
train,Urim,Urim_8_20260616_144352,969,1917645565000,1918645564000.0,right,valid
train,Urim,Urim_8_20260616_144352,979,1917978898000,1918978898000.0,right,valid
train,Urim,Urim_8_20260616_144352,989,1918312231000,1919312231000.0,right,valid
train,Urim,Urim_8_20260616_144352,999,1918645564000,1919645564000.0,right,valid
train,Urim,Urim_8_20260616_144352,1009,1918978898000,,right,future_after_recording_end
train,Urim,Urim_8_20260616_144352,1019,1919312231000,,right,future_after_recording_end
train,Urim,Urim_8_20260616_144352,1029,1919645564000,,right,future_after_recording_end
train,Urim,Urim_9_20260616_144841,979,2207712228000,2208712227000.0,right,valid
train,Urim,Urim_9_20260616_144841,989,2208045561000,2209045561000.0,right,valid
train,Urim,Urim_9_20260616_144841,999,2208378894000,2209378894000.0,right,valid
train,Urim,Urim_9_20260616_144841,1009,2208712227000,2209712227000.0,right,valid
train,Urim,Urim_9_20260616_144841,1019,2209045561000,2210045561000.0,right,valid
train,Urim,Urim_9_20260616_144841,1029,2209378894000,2210378894000.0,right,valid
train,Urim,Urim_9_20260616_144841,1039,2209712227000,2210712227000.0,right,valid
train,Urim,Urim_9_20260616_144841,1049,2210045561000,2211045561000.0,right,valid
train,Urim,Urim_9_20260616_144841,1059,2210378894000,2211378894000.0,right,valid
train,Urim,Urim_9_20260616_144841,1069,2210712227000,2211712227000.0,right,valid
train,Urim,Urim_9_20260616_144841,1079,2211045561000,2212045561000.0,right,valid
train,Urim,Urim_9_20260616_144841,1089,2211378894000,2212378894000.0,right,valid
train,Urim,Urim_9_20260616_144841,1099,2211712227000,,right,future_after_recording_end
train,Urim,Urim_9_20260616_144841,1109,2212045561000,,right,future_after_recording_end
train,Urim,Urim_9_20260616_144841,1119,2212378894000,,right,future_after_recording_end
validation,Atilla,Atilla_1_20260616_184923,1019,3910445551000,3911445551000.0,right,valid
validation,Atilla,Atilla_1_20260616_184923,1029,3910778884000,3911778884000.0,right,valid
validation,Atilla,Atilla_1_20260616_184923,1039,3911112218000,3912112218000.0,right,valid
validation,Atilla,Atilla_1_20260616_184923,1049,3911445551000,3912445551000.0,right,valid
validation,Atilla,Atilla_1_20260616_184923,1059,3911778884000,3912778884000.0,right,valid
validation,Atilla,Atilla_1_20260616_184923,1069,3912112218000,3913112217000.0,right,valid
validation,Atilla,Atilla_1_20260616_184923,1079,3912445551000,3913445551000.0,right,valid
validation,Atilla,Atilla_1_20260616_184923,1089,3912778884000,3913778884000.0,right,valid
validation,Atilla,Atilla_1_20260616_184923,1099,3913112217000,3914112217000.0,right,valid
validation,Atilla,Atilla_1_20260616_184923,1109,3913445551000,3914445551000.0,right,valid
validation,Atilla,Atilla_1_20260616_184923,1119,3913778884000,3914778884000.0,right,valid
validation,Atilla,Atilla_1_20260616_184923,1129,3914112217000,3915112217000.0,right,valid
validation,Atilla,Atilla_1_20260616_184923,1139,3914445551000,,right,future_after_recording_end
validation,Atilla,Atilla_1_20260616_184923,1149,3914778884000,,right,future_after_recording_end
validation,Atilla,Atilla_1_20260616_184923,1159,3915112217000,,right,future_after_recording_end
validation,Atilla,Atilla_2_20260616_185042,759,3982845551000,3983845551000.0,right,valid
validation,Atilla,Atilla_2_20260616_185042,769,3983178884000,3984178884000.0,right,valid
validation,Atilla,Atilla_2_20260616_185042,779,3983512218000,3984512217000.0,right,valid
validation,Atilla,Atilla_2_20260616_185042,789,3983845551000,3984845551000.0,right,valid
validation,Atilla,Atilla_2_20260616_185042,799,3984178884000,3985178884000.0,right,valid
validation,Atilla,Atilla_2_20260616_185042,809,3984512217000,3985512217000.0,right,valid
validation,Atilla,Atilla_2_20260616_185042,819,3984845551000,3985845551000.0,right,valid
validation,Atilla,Atilla_2_20260616_185042,829,3985178884000,3986178884000.0,right,valid
validation,Atilla,Atilla_2_20260616_185042,839,3985512217000,3986512217000.0,right,valid
validation,Atilla,Atilla_2_20260616_185042,849,3985845551000,3986845551000.0,right,valid
validation,Atilla,Atilla_2_20260616_185042,859,3986178884000,3987178884000.0,right,valid
validation,Atilla,Atilla_2_20260616_185042,869,3986512217000,3987512217000.0,right,valid
validation,Atilla,Atilla_2_20260616_185042,879,3986845551000,3987845551000.0,right,valid
validation,Atilla,Atilla_2_20260616_185042,889,3987178884000,3988178884000.0,right,valid
validation,Atilla,Atilla_2_20260616_185042,899,3987512217000,3988512217000.0,right,valid
validation,Atilla,Atilla_2_20260616_185042,909,3987845551000,3988845550000.0,right,valid
validation,Atilla,Atilla_2_20260616_185042,919,3988178884000,3989178884000.0,right,valid
validation,Atilla,Atilla_2_20260616_185042,929,3988512217000,3989512217000.0,right,valid
validation,Atilla,Atilla_2_20260616_185042,939,3988845550000,3989845550000.0,right,valid
validation,Atilla,Atilla_2_20260616_185042,949,3989178884000,3990178884000.0,right,valid
validation,Atilla,Atilla_2_20260616_185042,959,3989512217000,,right,future_after_recording_end
validation,Atilla,Atilla_2_20260616_185042,969,3989845550000,,right,future_after_recording_end
validation,Atilla,Atilla_2_20260616_185042,979,3990178884000,,right,future_after_recording_end
validation,Atilla,Atilla_3_20260616_185212,739,4071173328000,4072173328000.0,right,valid
validation,Atilla,Atilla_3_20260616_185212,749,4071506661000,4072506661000.0,right,valid
validation,Atilla,Atilla_3_20260616_185212,759,4071839995000,4072839995000.0,right,valid
validation,Atilla,Atilla_3_20260616_185212,769,4072173328000,4073173328000.0,right,valid
validation,Atilla,Atilla_3_20260616_185212,779,4072506661000,4073506661000.0,right,valid
validation,Atilla,Atilla_3_20260616_185212,789,4072839995000,4073839994000.0,right,valid
validation,Atilla,Atilla_3_20260616_185212,799,4073173328000,4074173328000.0,right,valid
validation,Atilla,Atilla_3_20260616_185212,809,4073506661000,4074506661000.0,right,valid
validation,Atilla,Atilla_3_20260616_185212,819,4073839994000,4074839994000.0,right,valid
validation,Atilla,Atilla_3_20260616_185212,829,4074173328000,4075173328000.0,right,valid
validation,Atilla,Atilla_3_20260616_185212,839,4074506661000,4075506661000.0,right,valid
validation,Atilla,Atilla_3_20260616_185212,849,4074839994000,4075839994000.0,right,valid
validation,Atilla,Atilla_3_20260616_185212,859,4075173328000,4076173327000.0,right,valid
validation,Atilla,Atilla_3_20260616_185212,869,4075506661000,4076506661000.0,right,valid
validation,Atilla,Atilla_3_20260616_185212,879,4075839994000,4076839994000.0,right,valid
validation,Atilla,Atilla_3_20260616_185212,889,4076173327000,4077173327000.0,right,valid
validation,Atilla,Atilla_3_20260616_185212,899,4076506661000,4077506661000.0,right,valid
validation,Atilla,Atilla_3_20260616_185212,909,4076839994000,4077839994000.0,right,valid
validation,Atilla,Atilla_3_20260616_185212,919,4077173327000,4078173327000.0,right,valid
validation,Atilla,Atilla_3_20260616_185212,929,4077506661000,4078506661000.0,right,valid
validation,Atilla,Atilla_3_20260616_185212,939,4077839994000,4078839994000.0,right,valid
validation,Atilla,Atilla_3_20260616_185212,949,4078173327000,4079173327000.0,right,valid
validation,Atilla,Atilla_3_20260616_185212,959,4078506661000,4079506661000.0,right,valid
validation,Atilla,Atilla_3_20260616_185212,969,4078839994000,4079839994000.0,right,valid
validation,Atilla,Atilla_3_20260616_185212,979,4079173327000,,right,future_after_recording_end
validation,Atilla,Atilla_3_20260616_185212,989,4079506661000,,right,future_after_recording_end
validation,Atilla,Atilla_3_20260616_185212,999,4079839994000,,right,future_after_recording_end
validation,Atilla,Atilla_4_20260616_185327,699,4145612216000,4146612216000.0,right,valid
validation,Atilla,Atilla_4_20260616_185327,709,4145945550000,4146945549000.0,right,valid
validation,Atilla,Atilla_4_20260616_185327,719,4146278883000,4147278883000.0,right,valid
validation,Atilla,Atilla_4_20260616_185327,729,4146612216000,4147612216000.0,right,valid
validation,Atilla,Atilla_4_20260616_185327,739,4146945549000,4147945549000.0,right,valid
validation,Atilla,Atilla_4_20260616_185327,749,4147278883000,4148278883000.0,right,valid
validation,Atilla,Atilla_4_20260616_185327,759,4147612216000,4148612216000.0,right,valid
validation,Atilla,Atilla_4_20260616_185327,769,4147945549000,4148945549000.0,right,valid
validation,Atilla,Atilla_4_20260616_185327,779,4148278883000,4149278882000.0,right,valid
validation,Atilla,Atilla_4_20260616_185327,789,4148612216000,4149612216000.0,right,valid
validation,Atilla,Atilla_4_20260616_185327,799,4148945549000,4149945549000.0,right,valid
validation,Atilla,Atilla_4_20260616_185327,809,4149278882000,4150278882000.0,right,valid
validation,Atilla,Atilla_4_20260616_185327,819,4149612216000,4150612216000.0,right,valid
validation,Atilla,Atilla_4_20260616_185327,829,4149945549000,4150945549000.0,right,valid
validation,Atilla,Atilla_4_20260616_185327,839,4150278882000,4151278882000.0,right,valid
validation,Atilla,Atilla_4_20260616_185327,849,4150612216000,4151612216000.0,right,valid
validation,Atilla,Atilla_4_20260616_185327,859,4150945549000,4151945549000.0,right,valid
validation,Atilla,Atilla_4_20260616_185327,869,4151278882000,4152278882000.0,right,valid
validation,Atilla,Atilla_4_20260616_185327,879,4151612216000,4152612216000.0,right,valid
validation,Atilla,Atilla_4_20260616_185327,889,4151945549000,4152945549000.0,right,valid
validation,Atilla,Atilla_4_20260616_185327,899,4152278882000,4153278882000.0,right,valid
validation,Atilla,Atilla_4_20260616_185327,909,4152612216000,4153612215000.0,right,valid
validation,Atilla,Atilla_4_20260616_185327,919,4152945549000,4153945549000.0,right,valid
validation,Atilla,Atilla_4_20260616_185327,929,4153278882000,4154278882000.0,right,valid
validation,Atilla,Atilla_4_20260616_185327,939,4153612215000,4154612215000.0,right,valid
validation,Atilla,Atilla_4_20260616_185327,949,4153945549000,4154945549000.0,right,valid
validation,Atilla,Atilla_4_20260616_185327,959,4154278882000,4155278882000.0,right,valid
validation,Atilla,Atilla_4_20260616_185327,969,4154612215000,4155612215000.0,right,valid
validation,Atilla,Atilla_4_20260616_185327,979,4154945549000,,right,future_after_recording_end
validation,Atilla,Atilla_4_20260616_185327,989,4155278882000,,right,future_after_recording_end
validation,Atilla,Atilla_4_20260616_185327,999,4155612215000,,right,future_after_recording_end
validation,Atilla,Atilla_5_20260616_185449,869,4232812215000,4233812215000.0,right,valid
validation,Atilla,Atilla_5_20260616_185449,879,4233145548000,4234145548000.0,right,valid
validation,Atilla,Atilla_5_20260616_185449,889,4233478881000,4234478881000.0,right,valid
validation,Atilla,Atilla_5_20260616_185449,899,4233812215000,4234812215000.0,right,valid
validation,Atilla,Atilla_5_20260616_185449,909,4234145548000,4235145548000.0,right,valid
validation,Atilla,Atilla_5_20260616_185449,919,4234478881000,4235478881000.0,right,valid
validation,Atilla,Atilla_5_20260616_185449,929,4234812215000,4235812215000.0,right,valid
validation,Atilla,Atilla_5_20260616_185449,939,4235145548000,4236145548000.0,right,valid
validation,Atilla,Atilla_5_20260616_185449,949,4235478881000,4236478881000.0,right,valid
validation,Atilla,Atilla_5_20260616_185449,959,4235812215000,,right,future_after_recording_end
validation,Atilla,Atilla_5_20260616_185449,969,4236145548000,,right,future_after_recording_end
validation,Atilla,Atilla_5_20260616_185449,979,4236478881000,,right,future_after_recording_end
validation,Atilla,Atilla_6_20260616_185613,899,4318145547000,4319145547000.0,right,valid
validation,Atilla,Atilla_6_20260616_185613,909,4318478881000,4319478880000.0,right,valid
validation,Atilla,Atilla_6_20260616_185613,919,4318812214000,4319812214000.0,right,valid
validation,Atilla,Atilla_6_20260616_185613,929,4319145547000,4320145547000.0,right,valid
validation,Atilla,Atilla_6_20260616_185613,939,4319478880000,4320478880000.0,right,valid
validation,Atilla,Atilla_6_20260616_185613,949,4319812214000,4320812214000.0,right,valid
validation,Atilla,Atilla_6_20260616_185613,959,4320145547000,4321145547000.0,right,valid
validation,Atilla,Atilla_6_20260616_185613,969,4320478880000,4321478880000.0,right,future_hand_tracking_invalid
validation,Atilla,Atilla_6_20260616_185613,979,4320812214000,,right,future_after_recording_end
validation,Atilla,Atilla_6_20260616_185613,989,4321145547000,,right,future_after_recording_end
validation,Atilla,Atilla_6_20260616_185613,999,4321478880000,,right,future_after_recording_end
validation,Atilla,Atilla_7_20260616_185714,859,4377345546000,4378345546000.0,right,valid
validation,Atilla,Atilla_7_20260616_185714,869,4377678880000,4378678879000.0,right,valid
validation,Atilla,Atilla_7_20260616_185714,879,4378012213000,4379012213000.0,right,valid
validation,Atilla,Atilla_7_20260616_185714,889,4378345546000,4379345546000.0,right,valid
validation,Atilla,Atilla_7_20260616_185714,899,4378678879000,4379678879000.0,right,valid
validation,Atilla,Atilla_7_20260616_185714,909,4379012213000,4380012213000.0,right,valid
validation,Atilla,Atilla_7_20260616_185714,919,4379345546000,4380345546000.0,right,valid
validation,Atilla,Atilla_7_20260616_185714,929,4379678879000,4380678879000.0,right,valid
validation,Atilla,Atilla_7_20260616_185714,939,4380012213000,4381012213000.0,right,valid
validation,Atilla,Atilla_7_20260616_185714,949,4380345546000,4381345546000.0,right,valid
validation,Atilla,Atilla_7_20260616_185714,959,4380678879000,4381678879000.0,right,valid
validation,Atilla,Atilla_7_20260616_185714,969,4381012213000,,right,future_after_recording_end
validation,Atilla,Atilla_7_20260616_185714,979,4381345546000,,right,future_after_recording_end
validation,Atilla,Atilla_7_20260616_185714,989,4381678879000,,right,future_after_recording_end
validation,Atilla,Atilla_8_20260616_185812,859,4436645546000,4437645546000.0,right,valid
validation,Atilla,Atilla_8_20260616_185812,869,4436978879000,4437978879000.0,right,valid
validation,Atilla,Atilla_8_20260616_185812,879,4437312213000,4438312213000.0,right,valid
validation,Atilla,Atilla_8_20260616_185812,889,4437645546000,4438645546000.0,right,valid
validation,Atilla,Atilla_8_20260616_185812,899,4437978879000,4438978879000.0,right,valid
validation,Atilla,Atilla_8_20260616_185812,909,4438312213000,4439312212000.0,right,valid
validation,Atilla,Atilla_8_20260616_185812,919,4438645546000,4439645546000.0,right,valid
validation,Atilla,Atilla_8_20260616_185812,929,4438978879000,4439978879000.0,right,valid
validation,Atilla,Atilla_8_20260616_185812,939,4439312212000,,right,future_after_recording_end
validation,Atilla,Atilla_8_20260616_185812,949,4439645546000,,right,future_after_recording_end
validation,Atilla,Atilla_8_20260616_185812,959,4439978879000,,right,future_after_recording_end
validation,Ermal,Ermal_1_20260604_151723,809,1130512313000,1131512313000.0,right,valid
validation,Ermal,Ermal_1_20260604_151723,819,1130845646000,1131845646000.0,right,valid
validation,Ermal,Ermal_1_20260604_151723,829,1131178979000,1132178979000.0,right,valid
validation,Ermal,Ermal_1_20260604_151723,839,1131512313000,1132512312000.0,right,valid
validation,Ermal,Ermal_1_20260604_151723,849,1131845646000,1132845646000.0,right,valid
validation,Ermal,Ermal_1_20260604_151723,859,1132178979000,1133178979000.0,right,valid
validation,Ermal,Ermal_1_20260604_151723,869,1132512312000,1133512312000.0,right,valid
validation,Ermal,Ermal_1_20260604_151723,879,1132845646000,1133845646000.0,right,valid
validation,Ermal,Ermal_1_20260604_151723,889,1133178979000,1134178979000.0,right,valid
validation,Ermal,Ermal_1_20260604_151723,899,1133512312000,1134512312000.0,right,valid
validation,Ermal,Ermal_1_20260604_151723,909,1133845646000,1134845645000.0,right,valid
validation,Ermal,Ermal_1_20260604_151723,919,1134178979000,1135178979000.0,right,valid
validation,Ermal,Ermal_1_20260604_151723,929,1134512312000,1135512312000.0,right,valid
validation,Ermal,Ermal_1_20260604_151723,939,1134845645000,1135845645000.0,right,valid
validation,Ermal,Ermal_1_20260604_151723,949,1135178979000,1136178979000.0,right,valid
validation,Ermal,Ermal_1_20260604_151723,959,1135512312000,1136512312000.0,right,valid
validation,Ermal,Ermal_1_20260604_151723,969,1135845645000,1136845645000.0,right,valid
validation,Ermal,Ermal_1_20260604_151723,979,1136178979000,1137178979000.0,right,future_slam_pose_invalid
validation,Ermal,Ermal_1_20260604_151723,989,1136512312000,,right,future_after_recording_end
validation,Ermal,Ermal_1_20260604_151723,999,1136845645000,,right,future_after_recording_end
validation,Ermal,Ermal_1_20260604_151723,1009,1137178979000,,right,future_after_recording_end
validation,Ermal,Ermal_2_20260604_151912,999,1247812311000,1248812311000.0,right,valid
validation,Ermal,Ermal_2_20260604_151912,1009,1248145644000,1249145644000.0,right,valid
validation,Ermal,Ermal_2_20260604_151912,1019,1248478977000,1249478977000.0,right,valid
validation,Ermal,Ermal_2_20260604_151912,1029,1248812311000,1249812310000.0,right,valid
validation,Ermal,Ermal_2_20260604_151912,1039,1249145644000,1250145644000.0,right,valid
validation,Ermal,Ermal_2_20260604_151912,1049,1249478977000,1250478977000.0,right,valid
validation,Ermal,Ermal_2_20260604_151912,1059,1249812310000,1250812310000.0,right,valid
validation,Ermal,Ermal_2_20260604_151912,1069,1250145644000,1251145644000.0,right,valid
validation,Ermal,Ermal_2_20260604_151912,1079,1250478977000,1251478977000.0,right,valid
validation,Ermal,Ermal_2_20260604_151912,1089,1250812310000,1251812310000.0,right,future_hand_tracking_invalid
validation,Ermal,Ermal_2_20260604_151912,1099,1251145644000,,right,future_after_recording_end
validation,Ermal,Ermal_2_20260604_151912,1109,1251478977000,,right,future_after_recording_end
validation,Ermal,Ermal_2_20260604_151912,1119,1251812310000,,right,future_after_recording_end
validation,Ermal,Ermal_3_20260604_152032,719,1317945644000,1318945644000.0,right,valid
validation,Ermal,Ermal_3_20260604_152032,729,1318278978000,1319278977000.0,right,valid
validation,Ermal,Ermal_3_20260604_152032,739,1318612311000,1319612311000.0,right,valid
validation,Ermal,Ermal_3_20260604_152032,749,1318945644000,1319945644000.0,right,valid
validation,Ermal,Ermal_3_20260604_152032,759,1319278977000,1320278977000.0,right,valid
validation,Ermal,Ermal_3_20260604_152032,769,1319612311000,1320612311000.0,right,valid
validation,Ermal,Ermal_3_20260604_152032,779,1319945644000,1320945644000.0,right,valid
validation,Ermal,Ermal_3_20260604_152032,789,1320278977000,,right,future_after_recording_end
validation,Ermal,Ermal_3_20260604_152032,799,1320612311000,,right,future_after_recording_end
validation,Ermal,Ermal_3_20260604_152032,809,1320945644000,,right,future_after_recording_end
validation,Ermal,Ermal_4_20260604_152214,799,1422412310000,1423412310000.0,right,valid
validation,Ermal,Ermal_4_20260604_152214,809,1422745643000,1423745643000.0,right,valid
validation,Ermal,Ermal_4_20260604_152214,819,1423078976000,1424078976000.0,right,valid
validation,Ermal,Ermal_4_20260604_152214,829,1423412310000,1424412309000.0,right,valid
validation,Ermal,Ermal_4_20260604_152214,839,1423745643000,1424745643000.0,right,valid
validation,Ermal,Ermal_4_20260604_152214,849,1424078976000,1425078976000.0,right,valid
validation,Ermal,Ermal_4_20260604_152214,859,1424412309000,1425412309000.0,right,valid
validation,Ermal,Ermal_4_20260604_152214,869,1424745643000,1425745643000.0,right,valid
validation,Ermal,Ermal_4_20260604_152214,879,1425078976000,1426078976000.0,right,valid
validation,Ermal,Ermal_4_20260604_152214,889,1425412309000,1426412309000.0,right,valid
validation,Ermal,Ermal_4_20260604_152214,899,1425745643000,1426745643000.0,right,valid
validation,Ermal,Ermal_4_20260604_152214,909,1426078976000,1427078976000.0,right,valid
validation,Ermal,Ermal_4_20260604_152214,919,1426412309000,1427412309000.0,right,valid
validation,Ermal,Ermal_4_20260604_152214,929,1426745643000,1427745642000.0,right,valid
validation,Ermal,Ermal_4_20260604_152214,939,1427078976000,1428078976000.0,right,valid
validation,Ermal,Ermal_4_20260604_152214,949,1427412309000,1428412309000.0,right,valid
validation,Ermal,Ermal_4_20260604_152214,959,1427745642000,,right,future_after_recording_end
validation,Ermal,Ermal_4_20260604_152214,969,1428078976000,,right,future_after_recording_end
validation,Ermal,Ermal_4_20260604_152214,979,1428412309000,,right,future_after_recording_end
validation,Ermal,Ermal_5_20260616_153530,629,5003345638000,5004345638000.0,right,valid
validation,Ermal,Ermal_5_20260616_153530,639,5003678971000,5004678971000.0,right,valid
validation,Ermal,Ermal_5_20260616_153530,649,5004012305000,5005012305000.0,right,valid
validation,Ermal,Ermal_5_20260616_153530,659,5004345638000,5005345638000.0,right,valid
validation,Ermal,Ermal_5_20260616_153530,669,5004678971000,5005678971000.0,right,valid
validation,Ermal,Ermal_5_20260616_153530,679,5005012305000,5006012305000.0,right,valid
validation,Ermal,Ermal_5_20260616_153530,689,5005345638000,5006345638000.0,right,valid
validation,Ermal,Ermal_5_20260616_153530,699,5005678971000,5006678971000.0,right,valid
validation,Ermal,Ermal_5_20260616_153530,709,5006012305000,5007012305000.0,right,valid
validation,Ermal,Ermal_5_20260616_153530,719,5006345638000,5007345638000.0,right,valid
validation,Ermal,Ermal_5_20260616_153530,729,5006678971000,5007678971000.0,right,valid
validation,Ermal,Ermal_5_20260616_153530,739,5007012305000,5008012304000.0,right,valid
validation,Ermal,Ermal_5_20260616_153530,749,5007345638000,5008345638000.0,right,valid
validation,Ermal,Ermal_5_20260616_153530,759,5007678971000,5008678971000.0,right,valid
validation,Ermal,Ermal_5_20260616_153530,769,5008012304000,5009012304000.0,right,valid
validation,Ermal,Ermal_5_20260616_153530,779,5008345638000,5009345638000.0,right,valid
validation,Ermal,Ermal_5_20260616_153530,789,5008678971000,5009678971000.0,right,valid
validation,Ermal,Ermal_5_20260616_153530,799,5009012304000,5010012304000.0,right,valid
validation,Ermal,Ermal_5_20260616_153530,809,5009345638000,5010345637000.0,right,valid
validation,Ermal,Ermal_5_20260616_153530,819,5009678971000,5010678971000.0,right,valid
validation,Ermal,Ermal_5_20260616_153530,829,5010012304000,5011012304000.0,right,valid
validation,Ermal,Ermal_5_20260616_153530,839,5010345637000,5011345637000.0,right,valid
validation,Ermal,Ermal_5_20260616_153530,849,5010678971000,5011678971000.0,right,valid
validation,Ermal,Ermal_5_20260616_153530,859,5011012304000,5012012304000.0,right,valid
validation,Ermal,Ermal_5_20260616_153530,869,5011345637000,5012345637000.0,right,valid
validation,Ermal,Ermal_5_20260616_153530,879,5011678971000,5012678971000.0,right,valid
validation,Ermal,Ermal_5_20260616_153530,889,5012012304000,5013012304000.0,right,valid
validation,Ermal,Ermal_5_20260616_153530,899,5012345637000,5013345637000.0,right,valid
validation,Ermal,Ermal_5_20260616_153530,909,5012678971000,5013678971000.0,right,valid
validation,Ermal,Ermal_5_20260616_153530,919,5013012304000,5014012304000.0,right,valid
validation,Ermal,Ermal_5_20260616_153530,929,5013345637000,5014345637000.0,right,valid
validation,Ermal,Ermal_5_20260616_153530,939,5013678971000,5014678970000.0,right,valid
validation,Ermal,Ermal_5_20260616_153530,949,5014012304000,5015012304000.0,right,valid
validation,Ermal,Ermal_5_20260616_153530,959,5014345637000,,right,future_after_recording_end
validation,Ermal,Ermal_5_20260616_153530,969,5014678970000,,right,future_after_recording_end
validation,Ermal,Ermal_5_20260616_153530,979,5015012304000,,right,future_after_recording_end
validation,Ermal,Ermal_6_20260616_153648,1009,5094612302000,5095612302000.0,right,valid
validation,Ermal,Ermal_6_20260616_153648,1019,5094945636000,5095945636000.0,right,valid
validation,Ermal,Ermal_6_20260616_153648,1029,5095278969000,5096278969000.0,right,valid
validation,Ermal,Ermal_6_20260616_153648,1039,5095612302000,5096612302000.0,right,valid
validation,Ermal,Ermal_6_20260616_153648,1049,5095945636000,5096945635000.0,right,valid
validation,Ermal,Ermal_6_20260616_153648,1059,5096278969000,5097278969000.0,right,valid
validation,Ermal,Ermal_6_20260616_153648,1069,5096612302000,5097612302000.0,right,valid
validation,Ermal,Ermal_6_20260616_153648,1079,5096945635000,5097945635000.0,right,valid
validation,Ermal,Ermal_6_20260616_153648,1089,5097278969000,5098278969000.0,right,valid
validation,Ermal,Ermal_6_20260616_153648,1099,5097612302000,5098612302000.0,right,valid
validation,Ermal,Ermal_6_20260616_153648,1109,5097945635000,5098945635000.0,right,valid
validation,Ermal,Ermal_6_20260616_153648,1119,5098278969000,5099278968000.0,right,valid
validation,Ermal,Ermal_6_20260616_153648,1129,5098612302000,,right,future_after_recording_end
validation,Ermal,Ermal_6_20260616_153648,1139,5098945635000,,right,future_after_recording_end
validation,Ermal,Ermal_6_20260616_153648,1149,5099278968000,,right,future_after_recording_end
validation,Ermal,Ermal_7_20260616_153921,1349,5258845633000,5259845633000.0,right,valid
validation,Ermal,Ermal_7_20260616_153921,1359,5259178966000,5260178966000.0,right,valid
validation,Ermal,Ermal_7_20260616_153921,1369,5259512300000,5260512299000.0,right,valid
validation,Ermal,Ermal_7_20260616_153921,1379,5259845633000,5260845633000.0,right,valid
validation,Ermal,Ermal_7_20260616_153921,1389,5260178966000,5261178966000.0,right,valid
validation,Ermal,Ermal_7_20260616_153921,1399,5260512299000,5261512299000.0,right,valid
validation,Ermal,Ermal_7_20260616_153921,1409,5260845633000,5261845633000.0,right,valid
validation,Ermal,Ermal_7_20260616_153921,1419,5261178966000,5262178966000.0,right,valid
validation,Ermal,Ermal_7_20260616_153921,1429,5261512299000,5262512299000.0,right,valid
validation,Ermal,Ermal_7_20260616_153921,1439,5261845633000,5262845633000.0,right,valid
validation,Ermal,Ermal_7_20260616_153921,1449,5262178966000,,right,future_after_recording_end
validation,Ermal,Ermal_7_20260616_153921,1459,5262512299000,,right,future_after_recording_end
validation,Ermal,Ermal_7_20260616_153921,1469,5262845633000,,right,future_after_recording_end
validation,Ermal,Ermal_8_20260616_154054,1049,5342545633000,5343545633000.0,right,valid
validation,Ermal,Ermal_8_20260616_154054,1059,5342878966000,5343878966000.0,right,valid
validation,Ermal,Ermal_8_20260616_154054,1069,5343212300000,5344212299000.0,right,valid
validation,Ermal,Ermal_8_20260616_154054,1079,5343545633000,5344545633000.0,right,valid
validation,Ermal,Ermal_8_20260616_154054,1089,5343878966000,5344878966000.0,right,valid
validation,Ermal,Ermal_8_20260616_154054,1099,5344212299000,5345212299000.0,right,valid
validation,Ermal,Ermal_8_20260616_154054,1109,5344545633000,5345545633000.0,right,valid
validation,Ermal,Ermal_8_20260616_154054,1119,5344878966000,5345878966000.0,right,valid
validation,Ermal,Ermal_8_20260616_154054,1129,5345212299000,5346212299000.0,right,future_hand_tracking_invalid
validation,Ermal,Ermal_8_20260616_154054,1139,5345545633000,,right,future_after_recording_end
validation,Ermal,Ermal_8_20260616_154054,1149,5345878966000,,right,future_after_recording_end
validation,Ermal,Ermal_8_20260616_154054,1159,5346212299000,,right,future_after_recording_end
validation,Ermal,Ermal_9_20260616_154205,1039,5412278966000,5413278966000.0,right,valid
validation,Ermal,Ermal_9_20260616_154205,1049,5412612299000,5413612299000.0,right,valid
validation,Ermal,Ermal_9_20260616_154205,1059,5412945632000,5413945632000.0,right,valid
validation,Ermal,Ermal_9_20260616_154205,1069,5413278966000,5414278966000.0,right,valid
validation,Ermal,Ermal_9_20260616_154205,1079,5413612299000,5414612299000.0,right,valid
validation,Ermal,Ermal_9_20260616_154205,1089,5413945632000,5414945632000.0,right,valid
validation,Ermal,Ermal_9_20260616_154205,1099,5414278966000,5415278965000.0,right,valid
validation,Ermal,Ermal_9_20260616_154205,1109,5414612299000,5415612299000.0,right,valid
validation,Ermal,Ermal_9_20260616_154205,1119,5414945632000,5415945632000.0,right,valid
validation,Ermal,Ermal_9_20260616_154205,1129,5415278965000,5416278965000.0,right,valid
validation,Ermal,Ermal_9_20260616_154205,1139,5415612299000,5416612299000.0,right,valid
validation,Ermal,Ermal_9_20260616_154205,1149,5415945632000,,right,future_after_recording_end
validation,Ermal,Ermal_9_20260616_154205,1159,5416278965000,,right,future_after_recording_end
validation,Ermal,Ermal_9_20260616_154205,1169,5416612299000,,right,future_after_recording_end
validation,Vanessa,Vanessa_1_20260624_132542,1019,4257736276000,4258736276000.0,right,future_hand_tracking_invalid
validation,Vanessa,Vanessa_1_20260624_132542,1029,4258069609000,4259069609000.0,right,future_hand_tracking_invalid
validation,Vanessa,Vanessa_1_20260624_132542,1039,4258402943000,4259402943000.0,right,future_hand_tracking_invalid
validation,Vanessa,Vanessa_1_20260624_132542,1049,4258736276000,4259736276000.0,right,future_hand_tracking_invalid
validation,Vanessa,Vanessa_1_20260624_132542,1059,4259069609000,4260069609000.0,right,valid
validation,Vanessa,Vanessa_1_20260624_132542,1069,4259402943000,4260402943000.0,right,valid
validation,Vanessa,Vanessa_1_20260624_132542,1079,4259736276000,4260736276000.0,right,valid
validation,Vanessa,Vanessa_1_20260624_132542,1089,4260069609000,4261069609000.0,right,valid
validation,Vanessa,Vanessa_1_20260624_132542,1099,4260402943000,4261402943000.0,right,valid
validation,Vanessa,Vanessa_1_20260624_132542,1109,4260736276000,4261736276000.0,right,valid
validation,Vanessa,Vanessa_1_20260624_132542,1119,4261069609000,4262069609000.0,right,valid
validation,Vanessa,Vanessa_1_20260624_132542,1129,4261402943000,4262402943000.0,right,valid
validation,Vanessa,Vanessa_1_20260624_132542,1139,4261736276000,4262736276000.0,right,valid
validation,Vanessa,Vanessa_1_20260624_132542,1149,4262069609000,4263069609000.0,right,valid
validation,Vanessa,Vanessa_1_20260624_132542,1159,4262402943000,4263402943000.0,right,valid
validation,Vanessa,Vanessa_1_20260624_132542,1169,4262736276000,4263736276000.0,right,future_hand_tracking_invalid
validation,Vanessa,Vanessa_1_20260624_132542,1179,4263069609000,4264069609000.0,right,future_hand_tracking_invalid
validation,Vanessa,Vanessa_1_20260624_132542,1189,4263402943000,,right,future_after_recording_end
validation,Vanessa,Vanessa_1_20260624_132542,1199,4263736276000,,right,future_after_recording_end
validation,Vanessa,Vanessa_1_20260624_132542,1209,4264069609000,,right,future_after_recording_end
validation,Vanessa,Vanessa_2_20260624_132710,1009,4346302942000,4347302942000.0,right,valid
validation,Vanessa,Vanessa_2_20260624_132710,1019,4346636275000,4347636275000.0,right,valid
validation,Vanessa,Vanessa_2_20260624_132710,1029,4346969609000,4347969609000.0,right,valid
validation,Vanessa,Vanessa_2_20260624_132710,1039,4347302942000,4348302942000.0,right,valid
validation,Vanessa,Vanessa_2_20260624_132710,1049,4347636275000,4348636275000.0,right,valid
validation,Vanessa,Vanessa_2_20260624_132710,1059,4347969609000,4348969609000.0,right,future_hand_tracking_invalid
validation,Vanessa,Vanessa_2_20260624_132710,1069,4348302942000,,right,future_after_recording_end
validation,Vanessa,Vanessa_2_20260624_132710,1079,4348636275000,,right,future_after_recording_end
validation,Vanessa,Vanessa_2_20260624_132710,1089,4348969609000,,right,future_after_recording_end
validation,Vanessa,Vanessa_3_20260624_132807,1219,4410202943000,,right,future_after_recording_end
validation,Vanessa,Vanessa_3_20260624_132807,1229,4410536276000,,right,future_after_recording_end
validation,Vanessa,Vanessa_3_20260624_132807,1239,4410869609000,,right,future_after_recording_end
validation,Vanessa,Vanessa_4_20260624_132943,839,4493169609000,4494169609000.0,right,valid
validation,Vanessa,Vanessa_4_20260624_132943,849,4493502943000,4494502943000.0,right,valid
validation,Vanessa,Vanessa_4_20260624_132943,859,4493836276000,4494836276000.0,right,valid
validation,Vanessa,Vanessa_4_20260624_132943,869,4494169609000,4495169609000.0,right,valid
validation,Vanessa,Vanessa_4_20260624_132943,879,4494502943000,4495502943000.0,right,valid
validation,Vanessa,Vanessa_4_20260624_132943,889,4494836276000,4495836276000.0,right,valid
validation,Vanessa,Vanessa_4_20260624_132943,899,4495169609000,4496169609000.0,right,future_hand_tracking_invalid
validation,Vanessa,Vanessa_4_20260624_132943,909,4495502943000,4496502943000.0,right,future_hand_tracking_invalid
validation,Vanessa,Vanessa_4_20260624_132943,919,4495836276000,4496836276000.0,right,future_hand_tracking_invalid
validation,Vanessa,Vanessa_4_20260624_132943,929,4496169609000,4497169609000.0,right,future_hand_tracking_invalid
validation,Vanessa,Vanessa_4_20260624_132943,939,4496502943000,4497502943000.0,right,future_hand_tracking_invalid
validation,Vanessa,Vanessa_4_20260624_132943,949,4496836276000,4497836276000.0,right,future_hand_tracking_invalid
validation,Vanessa,Vanessa_4_20260624_132943,959,4497169609000,4498169609000.0,right,future_hand_tracking_invalid
validation,Vanessa,Vanessa_4_20260624_132943,969,4497502943000,4498502943000.0,right,future_hand_tracking_invalid
validation,Vanessa,Vanessa_4_20260624_132943,979,4497836276000,4498836276000.0,right,future_hand_tracking_invalid
validation,Vanessa,Vanessa_4_20260624_132943,989,4498169609000,4499169609000.0,right,future_hand_tracking_invalid
validation,Vanessa,Vanessa_4_20260624_132943,999,4498502943000,,right,future_after_recording_end
validation,Vanessa,Vanessa_4_20260624_132943,1009,4498836276000,,right,future_after_recording_end
validation,Vanessa,Vanessa_4_20260624_132943,1019,4499169609000,,right,future_after_recording_end
validation,Vanessa,Vanessa_5_20260624_133059,949,4572969609000,4573969609000.0,right,valid
validation,Vanessa,Vanessa_5_20260624_133059,959,4573302943000,4574302943000.0,right,valid
validation,Vanessa,Vanessa_5_20260624_133059,969,4573636276000,4574636276000.0,right,valid
validation,Vanessa,Vanessa_5_20260624_133059,979,4573969609000,4574969609000.0,right,valid
validation,Vanessa,Vanessa_5_20260624_133059,989,4574302943000,4575302943000.0,right,valid
validation,Vanessa,Vanessa_5_20260624_133059,999,4574636276000,4575636276000.0,right,valid
validation,Vanessa,Vanessa_5_20260624_133059,1009,4574969609000,,right,future_after_recording_end
validation,Vanessa,Vanessa_5_20260624_133059,1019,4575302943000,,right,future_after_recording_end
validation,Vanessa,Vanessa_5_20260624_133059,1029,4575636276000,,right,future_after_recording_end
validation,Vanessa,Vanessa_6_20260624_133209,979,4644302942000,4645302942000.0,right,valid
validation,Vanessa,Vanessa_6_20260624_133209,989,4644636275000,4645636275000.0,right,valid
validation,Vanessa,Vanessa_6_20260624_133209,999,4644969609000,4645969609000.0,right,valid
validation,Vanessa,Vanessa_6_20260624_133209,1009,4645302942000,4646302942000.0,right,valid
validation,Vanessa,Vanessa_6_20260624_133209,1019,4645636275000,4646636275000.0,right,valid
validation,Vanessa,Vanessa_6_20260624_133209,1029,4645969609000,4646969609000.0,right,valid
validation,Vanessa,Vanessa_6_20260624_133209,1039,4646302942000,4647302942000.0,right,valid
validation,Vanessa,Vanessa_6_20260624_133209,1049,4646636275000,4647636275000.0,right,valid
validation,Vanessa,Vanessa_6_20260624_133209,1059,4646969609000,4647969609000.0,right,valid
validation,Vanessa,Vanessa_6_20260624_133209,1069,4647302942000,,right,future_after_recording_end
validation,Vanessa,Vanessa_6_20260624_133209,1079,4647636275000,,right,future_after_recording_end
validation,Vanessa,Vanessa_6_20260624_133209,1089,4647969609000,,right,future_after_recording_end
validation,Vanessa,Vanessa_7_20260624_133405,849,4755569609000,4756569609000.0,right,valid
validation,Vanessa,Vanessa_7_20260624_133405,859,4755902942000,4756902942000.0,right,valid
validation,Vanessa,Vanessa_7_20260624_133405,869,4756236275000,4757236275000.0,right,valid
validation,Vanessa,Vanessa_7_20260624_133405,879,4756569609000,4757569609000.0,right,valid
validation,Vanessa,Vanessa_7_20260624_133405,889,4756902942000,4757902942000.0,right,valid
validation,Vanessa,Vanessa_7_20260624_133405,899,4757236275000,4758236275000.0,right,valid
validation,Vanessa,Vanessa_7_20260624_133405,909,4757569609000,4758569609000.0,right,valid
validation,Vanessa,Vanessa_7_20260624_133405,919,4757902942000,4758902942000.0,right,future_hand_tracking_invalid
validation,Vanessa,Vanessa_7_20260624_133405,929,4758236275000,4759236275000.0,right,future_hand_tracking_invalid
validation,Vanessa,Vanessa_7_20260624_133405,939,4758569609000,4759569609000.0,right,future_hand_tracking_invalid
validation,Vanessa,Vanessa_7_20260624_133405,949,4758902942000,4759902942000.0,right,future_hand_tracking_invalid
validation,Vanessa,Vanessa_7_20260624_133405,959,4759236275000,4760236275000.0,right,future_hand_tracking_invalid
validation,Vanessa,Vanessa_7_20260624_133405,969,4759569609000,4760569609000.0,right,future_hand_tracking_invalid
validation,Vanessa,Vanessa_7_20260624_133405,979,4759902942000,4760902942000.0,right,future_hand_tracking_invalid
validation,Vanessa,Vanessa_7_20260624_133405,989,4760236275000,4761236275000.0,right,future_hand_tracking_invalid
validation,Vanessa,Vanessa_7_20260624_133405,999,4760569609000,,right,future_after_recording_end
validation,Vanessa,Vanessa_7_20260624_133405,1009,4760902942000,,right,future_after_recording_end
validation,Vanessa,Vanessa_7_20260624_133405,1019,4761236275000,,right,future_after_recording_end
validation,Vanessa,Vanessa_8_20260624_133505,1089,4823669609000,4824669609000.0,right,valid
validation,Vanessa,Vanessa_8_20260624_133505,1099,4824002942000,4825002942000.0,right,valid
validation,Vanessa,Vanessa_8_20260624_133505,1109,4824336275000,4825336275000.0,right,valid
validation,Vanessa,Vanessa_8_20260624_133505,1119,4824669609000,4825669609000.0,right,valid
validation,Vanessa,Vanessa_8_20260624_133505,1129,4825002942000,4826002942000.0,right,valid
validation,Vanessa,Vanessa_8_20260624_133505,1139,4825336275000,4826336275000.0,right,valid
validation,Vanessa,Vanessa_8_20260624_133505,1149,4825669609000,4826669609000.0,right,valid
validation,Vanessa,Vanessa_8_20260624_133505,1159,4826002942000,,right,future_after_recording_end
validation,Vanessa,Vanessa_8_20260624_133505,1169,4826336275000,,right,future_after_recording_end
validation,Vanessa,Vanessa_8_20260624_133505,1179,4826669609000,,right,future_after_recording_end
test,Edu,Edu_10_20260616_150412,799,3130812220000,3131812220000.0,right,valid
test,Edu,Edu_10_20260616_150412,809,3131145553000,3132145553000.0,right,valid
test,Edu,Edu_10_20260616_150412,819,3131478886000,3132478886000.0,right,valid
test,Edu,Edu_10_20260616_150412,829,3131812220000,3132812219000.0,right,valid
test,Edu,Edu_10_20260616_150412,839,3132145553000,3133145553000.0,right,valid
test,Edu,Edu_10_20260616_150412,849,3132478886000,3133478886000.0,right,valid
test,Edu,Edu_10_20260616_150412,859,3132812219000,3133812219000.0,right,valid
test,Edu,Edu_10_20260616_150412,869,3133145553000,3134145553000.0,right,valid
test,Edu,Edu_10_20260616_150412,879,3133478886000,3134478886000.0,right,valid
test,Edu,Edu_10_20260616_150412,889,3133812219000,3134812219000.0,right,valid
test,Edu,Edu_10_20260616_150412,899,3134145553000,3135145552000.0,right,valid
test,Edu,Edu_10_20260616_150412,909,3134478886000,3135478886000.0,right,valid
test,Edu,Edu_10_20260616_150412,919,3134812219000,3135812219000.0,right,valid
test,Edu,Edu_10_20260616_150412,929,3135145552000,3136145552000.0,right,valid
test,Edu,Edu_10_20260616_150412,939,3135478886000,3136478886000.0,right,valid
test,Edu,Edu_10_20260616_150412,949,3135812219000,3136812219000.0,right,valid
test,Edu,Edu_10_20260616_150412,959,3136145552000,,right,future_after_recording_end
test,Edu,Edu_10_20260616_150412,969,3136478886000,,right,future_after_recording_end
test,Edu,Edu_10_20260616_150412,979,3136812219000,,right,future_after_recording_end
test,Edu,Edu_1_20260604_170154,1139,7413245574000,7414245574000.0,right,valid
test,Edu,Edu_1_20260604_170154,1149,7413578908000,7414578908000.0,right,valid
test,Edu,Edu_1_20260604_170154,1159,7413912241000,7414912241000.0,right,valid
test,Edu,Edu_1_20260604_170154,1169,7414245574000,7415245574000.0,right,valid
test,Edu,Edu_1_20260604_170154,1179,7414578908000,7415578907000.0,right,valid
test,Edu,Edu_1_20260604_170154,1189,7414912241000,,right,future_after_recording_end
test,Edu,Edu_1_20260604_170154,1199,7415245574000,,right,future_after_recording_end
test,Edu,Edu_1_20260604_170154,1209,7415578907000,,right,future_after_recording_end
test,Edu,Edu_2_20260604_170420,639,7541412241000,7542412241000.0,right,valid
test,Edu,Edu_2_20260604_170420,649,7541745575000,7542745574000.0,right,valid
test,Edu,Edu_2_20260604_170420,659,7542078908000,7543078908000.0,right,valid
test,Edu,Edu_2_20260604_170420,669,7542412241000,7543412241000.0,right,valid
test,Edu,Edu_2_20260604_170420,679,7542745574000,7543745574000.0,right,valid
test,Edu,Edu_2_20260604_170420,689,7543078908000,,right,future_after_recording_end
test,Edu,Edu_2_20260604_170420,699,7543412241000,,right,future_after_recording_end
test,Edu,Edu_2_20260604_170420,709,7543745574000,,right,future_after_recording_end
test,Edu,Edu_3_20260604_170622,709,7667145573000,7668145573000.0,right,valid
test,Edu,Edu_3_20260604_170622,719,7667478906000,7668478906000.0,right,valid
test,Edu,Edu_3_20260604_170622,729,7667812240000,7668812240000.0,right,valid
test,Edu,Edu_3_20260604_170622,739,7668145573000,7669145573000.0,right,valid
test,Edu,Edu_3_20260604_170622,749,7668478906000,7669478906000.0,right,valid
test,Edu,Edu_3_20260604_170622,759,7668812240000,7669812239000.0,right,valid
test,Edu,Edu_3_20260604_170622,769,7669145573000,7670145573000.0,right,valid
test,Edu,Edu_3_20260604_170622,779,7669478906000,7670478906000.0,right,valid
test,Edu,Edu_3_20260604_170622,789,7669812239000,,right,future_after_recording_end
test,Edu,Edu_3_20260604_170622,799,7670145573000,,right,future_after_recording_end
test,Edu,Edu_3_20260604_170622,809,7670478906000,,right,future_after_recording_end
test,Edu,Edu_4_20260604_170837,889,7807612238000,7808612238000.0,right,valid
test,Edu,Edu_4_20260604_170837,899,7807945571000,7808945571000.0,right,valid
test,Edu,Edu_4_20260604_170837,909,7808278904000,7809278904000.0,right,valid
test,Edu,Edu_4_20260604_170837,919,7808612238000,7809612238000.0,right,valid
test,Edu,Edu_4_20260604_170837,929,7808945571000,7809945571000.0,right,valid
test,Edu,Edu_4_20260604_170837,939,7809278904000,7810278904000.0,right,valid
test,Edu,Edu_4_20260604_170837,949,7809612238000,7810612238000.0,right,valid
test,Edu,Edu_4_20260604_170837,959,7809945571000,7810945571000.0,right,valid
test,Edu,Edu_4_20260604_170837,969,7810278904000,7811278904000.0,right,valid
test,Edu,Edu_4_20260604_170837,979,7810612238000,7811612237000.0,right,future_hand_tracking_invalid
test,Edu,Edu_4_20260604_170837,989,7810945571000,,right,future_after_recording_end
test,Edu,Edu_4_20260604_170837,999,7811278904000,,right,future_after_recording_end
test,Edu,Edu_4_20260604_170837,1009,7811612237000,,right,future_after_recording_end
test,Edu,Edu_5_20260604_170944,859,7873278903000,7874278903000.0,right,valid
test,Edu,Edu_5_20260604_170944,869,7873612237000,7874612237000.0,right,valid
test,Edu,Edu_5_20260604_170944,879,7873945570000,7874945570000.0,right,valid
test,Edu,Edu_5_20260604_170944,889,7874278903000,7875278903000.0,right,valid
test,Edu,Edu_5_20260604_170944,899,7874612237000,7875612237000.0,right,valid
test,Edu,Edu_5_20260604_170944,909,7874945570000,7875945570000.0,right,valid
test,Edu,Edu_5_20260604_170944,919,7875278903000,7876278903000.0,right,valid
test,Edu,Edu_5_20260604_170944,929,7875612237000,7876612236000.0,right,valid
test,Edu,Edu_5_20260604_170944,939,7875945570000,7876945570000.0,right,valid
test,Edu,Edu_5_20260604_170944,949,7876278903000,7877278903000.0,right,valid
test,Edu,Edu_5_20260604_170944,959,7876612236000,7877612236000.0,right,valid
test,Edu,Edu_5_20260604_170944,969,7876945570000,7877945570000.0,right,valid
test,Edu,Edu_5_20260604_170944,979,7877278903000,7878278903000.0,right,future_hand_tracking_invalid
test,Edu,Edu_5_20260604_170944,989,7877612236000,,right,future_after_recording_end
test,Edu,Edu_5_20260604_170944,999,7877945570000,,right,future_after_recording_end
test,Edu,Edu_5_20260604_170944,1009,7878278903000,,right,future_after_recording_end
test,Edu,Edu_6_20260616_145740,699,2735645557000,2736645557000.0,right,valid
test,Edu,Edu_6_20260616_145740,709,2735978890000,2736978890000.0,right,valid
test,Edu,Edu_6_20260616_145740,719,2736312223000,2737312223000.0,right,valid
test,Edu,Edu_6_20260616_145740,729,2736645557000,2737645557000.0,right,valid
test,Edu,Edu_6_20260616_145740,739,2736978890000,2737978890000.0,right,valid
test,Edu,Edu_6_20260616_145740,749,2737312223000,2738312223000.0,right,valid
test,Edu,Edu_6_20260616_145740,759,2737645557000,2738645556000.0,right,valid
test,Edu,Edu_6_20260616_145740,769,2737978890000,2738978890000.0,right,valid
test,Edu,Edu_6_20260616_145740,779,2738312223000,2739312223000.0,right,valid
test,Edu,Edu_6_20260616_145740,789,2738645556000,2739645556000.0,right,valid
test,Edu,Edu_6_20260616_145740,799,2738978890000,2739978890000.0,right,valid
test,Edu,Edu_6_20260616_145740,809,2739312223000,2740312223000.0,right,valid
test,Edu,Edu_6_20260616_145740,819,2739645556000,2740645556000.0,right,valid
test,Edu,Edu_6_20260616_145740,829,2739978890000,2740978889000.0,right,valid
test,Edu,Edu_6_20260616_145740,839,2740312223000,2741312223000.0,right,valid
test,Edu,Edu_6_20260616_145740,849,2740645556000,2741645556000.0,right,valid
test,Edu,Edu_6_20260616_145740,859,2740978889000,2741978889000.0,right,valid
test,Edu,Edu_6_20260616_145740,869,2741312223000,2742312223000.0,right,valid
test,Edu,Edu_6_20260616_145740,879,2741645556000,2742645556000.0,right,valid
test,Edu,Edu_6_20260616_145740,889,2741978889000,2742978889000.0,right,valid
test,Edu,Edu_6_20260616_145740,899,2742312223000,2743312223000.0,right,valid
test,Edu,Edu_6_20260616_145740,909,2742645556000,2743645556000.0,right,valid
test,Edu,Edu_6_20260616_145740,919,2742978889000,2743978889000.0,right,valid
test,Edu,Edu_6_20260616_145740,929,2743312223000,2744312222000.0,right,valid
test,Edu,Edu_6_20260616_145740,939,2743645556000,2744645556000.0,right,valid
test,Edu,Edu_6_20260616_145740,949,2743978889000,2744978889000.0,right,valid
test,Edu,Edu_6_20260616_145740,959,2744312222000,2745312222000.0,right,valid
test,Edu,Edu_6_20260616_145740,969,2744645556000,2745645556000.0,right,future_hand_and_robot_frame_invalid
test,Edu,Edu_6_20260616_145740,979,2744978889000,,right,future_after_recording_end
test,Edu,Edu_6_20260616_145740,989,2745312222000,,right,future_after_recording_end
test,Edu,Edu_6_20260616_145740,999,2745645556000,,right,future_after_recording_end
test,Edu,Edu_7_20260616_145927,719,2842778889000,2843778889000.0,right,valid
test,Edu,Edu_7_20260616_145927,729,2843112223000,2844112223000.0,right,valid
test,Edu,Edu_7_20260616_145927,739,2843445556000,2844445556000.0,right,valid
test,Edu,Edu_7_20260616_145927,749,2843778889000,2844778889000.0,right,valid
test,Edu,Edu_7_20260616_145927,759,2844112223000,2845112223000.0,right,valid
test,Edu,Edu_7_20260616_145927,769,2844445556000,2845445556000.0,right,valid
test,Edu,Edu_7_20260616_145927,779,2844778889000,2845778889000.0,right,valid
test,Edu,Edu_7_20260616_145927,789,2845112223000,2846112222000.0,right,valid
test,Edu,Edu_7_20260616_145927,799,2845445556000,,right,future_after_recording_end
test,Edu,Edu_7_20260616_145927,809,2845778889000,,right,future_after_recording_end
test,Edu,Edu_7_20260616_145927,819,2846112222000,,right,future_after_recording_end
test,Edu,Edu_8_20260616_150108,619,2940745555000,2941745555000.0,right,valid
test,Edu,Edu_8_20260616_150108,629,2941078889000,2942078889000.0,right,valid
test,Edu,Edu_8_20260616_150108,639,2941412222000,2942412222000.0,right,valid
test,Edu,Edu_8_20260616_150108,649,2941745555000,2942745555000.0,right,valid
test,Edu,Edu_8_20260616_150108,659,2942078889000,2943078889000.0,right,valid
test,Edu,Edu_8_20260616_150108,669,2942412222000,2943412222000.0,right,valid
test,Edu,Edu_8_20260616_150108,679,2942745555000,2943745555000.0,right,valid
test,Edu,Edu_8_20260616_150108,689,2943078889000,2944078888000.0,right,valid
test,Edu,Edu_8_20260616_150108,699,2943412222000,2944412222000.0,right,valid
test,Edu,Edu_8_20260616_150108,709,2943745555000,,right,future_after_recording_end
test,Edu,Edu_8_20260616_150108,719,2944078888000,,right,future_after_recording_end
test,Edu,Edu_8_20260616_150108,729,2944412222000,,right,future_after_recording_end
test,Edu,Edu_9_20260616_150247,679,3043312221000,3044312221000.0,right,valid
test,Edu,Edu_9_20260616_150247,689,3043645554000,3044645554000.0,right,valid
test,Edu,Edu_9_20260616_150247,699,3043978887000,3044978887000.0,right,valid
test,Edu,Edu_9_20260616_150247,709,3044312221000,3045312221000.0,right,valid
test,Edu,Edu_9_20260616_150247,719,3044645554000,3045645554000.0,right,valid
test,Edu,Edu_9_20260616_150247,729,3044978887000,3045978887000.0,right,valid
test,Edu,Edu_9_20260616_150247,739,3045312221000,3046312220000.0,right,valid
test,Edu,Edu_9_20260616_150247,749,3045645554000,3046645554000.0,right,future_hand_tracking_invalid
test,Edu,Edu_9_20260616_150247,759,3045978887000,,right,future_after_recording_end
test,Edu,Edu_9_20260616_150247,769,3046312220000,,right,future_after_recording_end
test,Edu,Edu_9_20260616_150247,779,3046645554000,,right,future_after_recording_end
test,Jona,Jona_1_20260616_181413,569,1786278904000,1787278904000.0,right,valid
test,Jona,Jona_1_20260616_181413,579,1786612238000,1787612238000.0,right,valid
test,Jona,Jona_1_20260616_181413,589,1786945571000,1787945571000.0,right,valid
test,Jona,Jona_1_20260616_181413,599,1787278904000,1788278904000.0,right,valid
test,Jona,Jona_1_20260616_181413,609,1787612238000,1788612238000.0,right,valid
test,Jona,Jona_1_20260616_181413,619,1787945571000,1788945571000.0,right,valid
test,Jona,Jona_1_20260616_181413,629,1788278904000,1789278904000.0,right,valid
test,Jona,Jona_1_20260616_181413,639,1788612238000,1789612237000.0,right,valid
test,Jona,Jona_1_20260616_181413,649,1788945571000,1789945571000.0,right,valid
test,Jona,Jona_1_20260616_181413,659,1789278904000,1790278904000.0,right,valid
test,Jona,Jona_1_20260616_181413,669,1789612237000,,right,future_after_recording_end
test,Jona,Jona_1_20260616_181413,679,1789945571000,,right,future_after_recording_end
test,Jona,Jona_1_20260616_181413,689,1790278904000,,right,future_after_recording_end
test,Jona,Jona_2_20260616_181551,1149,1903912235000,1904912235000.0,right,valid
test,Jona,Jona_2_20260616_181551,1159,1904245568000,1905245568000.0,right,valid
test,Jona,Jona_2_20260616_181551,1169,1904578901000,1905578901000.0,right,valid
test,Jona,Jona_2_20260616_181551,1179,1904912235000,1905912235000.0,right,valid
test,Jona,Jona_2_20260616_181551,1189,1905245568000,1906245568000.0,right,valid
test,Jona,Jona_2_20260616_181551,1199,1905578901000,1906578901000.0,right,valid
test,Jona,Jona_2_20260616_181551,1209,1905912235000,1906912235000.0,right,valid
test,Jona,Jona_2_20260616_181551,1219,1906245568000,1907245568000.0,right,valid
test,Jona,Jona_2_20260616_181551,1229,1906578901000,,right,future_after_recording_end
test,Jona,Jona_2_20260616_181551,1239,1906912235000,,right,future_after_recording_end
test,Jona,Jona_2_20260616_181551,1249,1907245568000,,right,future_after_recording_end
test,Jona,Jona_3_20260616_181717,1249,1994545567000,1995545567000.0,right,valid
test,Jona,Jona_3_20260616_181717,1259,1994878900000,1995878900000.0,right,valid
test,Jona,Jona_3_20260616_181717,1269,1995212233000,1996212233000.0,right,valid
test,Jona,Jona_3_20260616_181717,1279,1995545567000,1996545567000.0,right,valid
test,Jona,Jona_3_20260616_181717,1289,1995878900000,1996878900000.0,right,valid
test,Jona,Jona_3_20260616_181717,1299,1996212233000,1997212233000.0,right,valid
test,Jona,Jona_3_20260616_181717,1309,1996545567000,1997545567000.0,right,valid
test,Jona,Jona_3_20260616_181717,1319,1996878900000,1997878900000.0,right,valid
test,Jona,Jona_3_20260616_181717,1329,1997212233000,,right,future_after_recording_end
test,Jona,Jona_3_20260616_181717,1339,1997545567000,,right,future_after_recording_end
test,Jona,Jona_3_20260616_181717,1349,1997878900000,,right,future_after_recording_end
test,Jona,Jona_4_20260616_181855,1029,2084845567000,2085845567000.0,right,valid
test,Jona,Jona_4_20260616_181855,1039,2085178900000,2086178900000.0,right,valid
test,Jona,Jona_4_20260616_181855,1049,2085512233000,2086512233000.0,right,valid
test,Jona,Jona_4_20260616_181855,1059,2085845567000,2086845566000.0,right,valid
test,Jona,Jona_4_20260616_181855,1069,2086178900000,2087178900000.0,right,valid
test,Jona,Jona_4_20260616_181855,1079,2086512233000,2087512233000.0,right,valid
test,Jona,Jona_4_20260616_181855,1089,2086845566000,2087845566000.0,right,valid
test,Jona,Jona_4_20260616_181855,1099,2087178900000,2088178900000.0,right,valid
test,Jona,Jona_4_20260616_181855,1109,2087512233000,2088512233000.0,right,valid
test,Jona,Jona_4_20260616_181855,1119,2087845566000,,right,future_after_recording_end
test,Jona,Jona_4_20260616_181855,1129,2088178900000,,right,future_after_recording_end
test,Jona,Jona_4_20260616_181855,1139,2088512233000,,right,future_after_recording_end
test,Jona,Jona_5_20260616_182002,1109,2154378899000,2155378899000.0,right,valid
test,Jona,Jona_5_20260616_182002,1119,2154712232000,2155712232000.0,right,valid
test,Jona,Jona_5_20260616_182002,1129,2155045566000,2156045566000.0,right,valid
test,Jona,Jona_5_20260616_182002,1139,2155378899000,2156378899000.0,right,valid
test,Jona,Jona_5_20260616_182002,1149,2155712232000,2156712232000.0,right,valid
test,Jona,Jona_5_20260616_182002,1159,2156045566000,2157045565000.0,right,valid
test,Jona,Jona_5_20260616_182002,1169,2156378899000,2157378899000.0,right,valid
test,Jona,Jona_5_20260616_182002,1179,2156712232000,2157712232000.0,right,valid
test,Jona,Jona_5_20260616_182002,1189,2157045565000,,right,future_after_recording_end
test,Jona,Jona_5_20260616_182002,1199,2157378899000,,right,future_after_recording_end
test,Jona,Jona_5_20260616_182002,1209,2157712232000,,right,future_after_recording_end
test,Jona,Jona_6_20260616_182111,919,2216778899000,2217778899000.0,right,valid
test,Jona,Jona_6_20260616_182111,929,2217112232000,2218112232000.0,right,valid
test,Jona,Jona_6_20260616_182111,939,2217445566000,2218445566000.0,right,valid
test,Jona,Jona_6_20260616_182111,949,2217778899000,2218778899000.0,right,valid
test,Jona,Jona_6_20260616_182111,959,2218112232000,2219112232000.0,right,valid
test,Jona,Jona_6_20260616_182111,969,2218445566000,2219445565000.0,right,valid
test,Jona,Jona_6_20260616_182111,979,2218778899000,2219778899000.0,right,valid
test,Jona,Jona_6_20260616_182111,989,2219112232000,2220112232000.0,right,valid
test,Jona,Jona_6_20260616_182111,999,2219445565000,2220445565000.0,right,valid
test,Jona,Jona_6_20260616_182111,1009,2219778899000,,right,future_after_recording_end
test,Jona,Jona_6_20260616_182111,1019,2220112232000,,right,future_after_recording_end
test,Jona,Jona_6_20260616_182111,1029,2220445565000,,right,future_after_recording_end
test,Jona,Jona_7_20260616_182214,999,2282212231000,2283212231000.0,right,valid
test,Jona,Jona_7_20260616_182214,1009,2282545565000,2283545565000.0,right,valid
test,Jona,Jona_7_20260616_182214,1019,2282878898000,2283878898000.0,right,valid
test,Jona,Jona_7_20260616_182214,1029,2283212231000,2284212231000.0,right,valid
test,Jona,Jona_7_20260616_182214,1039,2283545565000,2284545565000.0,right,valid
test,Jona,Jona_7_20260616_182214,1049,2283878898000,2284878898000.0,right,valid
test,Jona,Jona_7_20260616_182214,1059,2284212231000,2285212231000.0,right,valid
test,Jona,Jona_7_20260616_182214,1069,2284545565000,2285545564000.0,right,valid
test,Jona,Jona_7_20260616_182214,1079,2284878898000,2285878898000.0,right,valid
test,Jona,Jona_7_20260616_182214,1089,2285212231000,,right,future_after_recording_end
test,Jona,Jona_7_20260616_182214,1099,2285545564000,,right,future_after_recording_end
test,Jona,Jona_7_20260616_182214,1109,2285878898000,,right,future_after_recording_end
test,Mona,Mona_1_20260624_123312,819,1101469609000,1102469609000.0,left,valid
test,Mona,Mona_1_20260624_123312,829,1101802942000,1102802942000.0,left,valid
test,Mona,Mona_1_20260624_123312,839,1102136275000,1103136275000.0,left,valid
test,Mona,Mona_1_20260624_123312,849,1102469609000,1103469609000.0,left,valid
test,Mona,Mona_1_20260624_123312,859,1102802942000,1103802942000.0,left,valid
test,Mona,Mona_1_20260624_123312,869,1103136275000,1104136275000.0,left,valid
test,Mona,Mona_1_20260624_123312,879,1103469609000,1104469609000.0,left,valid
test,Mona,Mona_1_20260624_123312,889,1103802942000,1104802942000.0,left,valid
test,Mona,Mona_1_20260624_123312,899,1104136275000,1105136275000.0,left,valid
test,Mona,Mona_1_20260624_123312,909,1104469609000,1105469609000.0,left,valid
test,Mona,Mona_1_20260624_123312,919,1104802942000,1105802942000.0,left,valid
test,Mona,Mona_1_20260624_123312,929,1105136275000,1106136275000.0,left,valid
test,Mona,Mona_1_20260624_123312,939,1105469609000,1106469609000.0,left,valid
test,Mona,Mona_1_20260624_123312,949,1105802942000,1106802942000.0,left,valid
test,Mona,Mona_1_20260624_123312,959,1106136275000,1107136275000.0,left,valid
test,Mona,Mona_1_20260624_123312,969,1106469609000,1107469609000.0,left,future_hand_tracking_invalid
test,Mona,Mona_1_20260624_123312,979,1106802942000,1107802942000.0,left,future_hand_tracking_invalid
test,Mona,Mona_1_20260624_123312,989,1107136275000,1108136275000.0,left,future_hand_tracking_invalid
test,Mona,Mona_1_20260624_123312,999,1107469609000,1108469609000.0,left,future_hand_tracking_invalid
test,Mona,Mona_1_20260624_123312,1009,1107802942000,,left,future_after_recording_end
test,Mona,Mona_1_20260624_123312,1019,1108136275000,,left,future_after_recording_end
test,Mona,Mona_1_20260624_123312,1029,1108469609000,,left,future_after_recording_end
test,Mona,Mona_2_20260624_123443,1019,1198802942000,1199802942000.0,left,valid
test,Mona,Mona_2_20260624_123443,1029,1199136276000,1200136276000.0,left,valid
test,Mona,Mona_2_20260624_123443,1039,1199469609000,1200469609000.0,left,valid
test,Mona,Mona_2_20260624_123443,1049,1199802942000,1200802942000.0,left,valid
test,Mona,Mona_2_20260624_123443,1059,1200136276000,1201136276000.0,left,valid
test,Mona,Mona_2_20260624_123443,1069,1200469609000,1201469609000.0,left,valid
test,Mona,Mona_2_20260624_123443,1079,1200802942000,1201802942000.0,left,valid
test,Mona,Mona_2_20260624_123443,1089,1201136276000,1202136276000.0,left,valid
test,Mona,Mona_2_20260624_123443,1099,1201469609000,,left,future_after_recording_end
test,Mona,Mona_2_20260624_123443,1109,1201802942000,,left,future_after_recording_end
test,Mona,Mona_2_20260624_123443,1119,1202136276000,,left,future_after_recording_end
test,Mona,Mona_3_20260624_123548,1019,1263936275000,1264936275000.0,left,valid
test,Mona,Mona_3_20260624_123548,1029,1264269609000,1265269609000.0,left,valid
test,Mona,Mona_3_20260624_123548,1039,1264602942000,1265602942000.0,left,valid
test,Mona,Mona_3_20260624_123548,1049,1264936275000,1265936275000.0,left,valid
test,Mona,Mona_3_20260624_123548,1059,1265269609000,1266269609000.0,left,valid
test,Mona,Mona_3_20260624_123548,1069,1265602942000,1266602942000.0,left,valid
test,Mona,Mona_3_20260624_123548,1079,1265936275000,1266936275000.0,left,valid
test,Mona,Mona_3_20260624_123548,1089,1266269609000,1267269609000.0,left,valid
test,Mona,Mona_3_20260624_123548,1099,1266602942000,1267602942000.0,left,valid
test,Mona,Mona_3_20260624_123548,1109,1266936275000,1267936275000.0,left,valid
test,Mona,Mona_3_20260624_123548,1119,1267269609000,,left,future_after_recording_end
test,Mona,Mona_3_20260624_123548,1129,1267602942000,,left,future_after_recording_end
test,Mona,Mona_3_20260624_123548,1139,1267936275000,,left,future_after_recording_end
test,Mona,Mona_4_20260624_123706,1109,1345069609000,1346069609000.0,left,valid
test,Mona,Mona_4_20260624_123706,1119,1345402942000,1346402942000.0,left,valid
test,Mona,Mona_4_20260624_123706,1129,1345736275000,1346736275000.0,left,valid
test,Mona,Mona_4_20260624_123706,1139,1346069609000,1347069609000.0,left,valid
test,Mona,Mona_4_20260624_123706,1149,1346402942000,1347402942000.0,left,valid
test,Mona,Mona_4_20260624_123706,1159,1346736275000,1347736275000.0,left,valid
test,Mona,Mona_4_20260624_123706,1169,1347069609000,1348069609000.0,left,valid
test,Mona,Mona_4_20260624_123706,1179,1347402942000,,left,future_after_recording_end
test,Mona,Mona_4_20260624_123706,1189,1347736275000,,left,future_after_recording_end
test,Mona,Mona_4_20260624_123706,1199,1348069609000,,left,future_after_recording_end
test,Mona,Mona_5_20260624_123814,1259,1417869609000,1418869609000.0,left,valid
test,Mona,Mona_5_20260624_123814,1269,1418202943000,1419202943000.0,left,valid
test,Mona,Mona_5_20260624_123814,1279,1418536276000,1419536276000.0,left,valid
test,Mona,Mona_5_20260624_123814,1289,1418869609000,1419869609000.0,left,valid
test,Mona,Mona_5_20260624_123814,1299,1419202943000,1420202943000.0,left,valid
test,Mona,Mona_5_20260624_123814,1309,1419536276000,1420536276000.0,left,valid
test,Mona,Mona_5_20260624_123814,1319,1419869609000,1420869609000.0,left,valid
test,Mona,Mona_5_20260624_123814,1329,1420202943000,,left,future_after_recording_end
test,Mona,Mona_5_20260624_123814,1339,1420536276000,,left,future_after_recording_end
test,Mona,Mona_5_20260624_123814,1349,1420869609000,,left,future_after_recording_end
test,Mona,Mona_6_20260624_123930,1249,1493602942000,1494602942000.0,left,future_hand_tracking_invalid
test,Mona,Mona_6_20260624_123930,1259,1493936276000,1494936276000.0,left,valid
test,Mona,Mona_6_20260624_123930,1269,1494269609000,1495269609000.0,left,valid
test,Mona,Mona_6_20260624_123930,1279,1494602942000,1495602942000.0,left,valid
test,Mona,Mona_6_20260624_123930,1289,1494936276000,1495936276000.0,left,valid
test,Mona,Mona_6_20260624_123930,1299,1495269609000,1496269609000.0,left,valid
test,Mona,Mona_6_20260624_123930,1309,1495602942000,1496602942000.0,left,valid
test,Mona,Mona_6_20260624_123930,1319,1495936276000,1496936276000.0,left,valid
test,Mona,Mona_6_20260624_123930,1329,1496269609000,,left,future_after_recording_end
test,Mona,Mona_6_20260624_123930,1339,1496602942000,,left,future_after_recording_end
test,Mona,Mona_6_20260624_123930,1349,1496936276000,,left,future_after_recording_end
test,Mona,Mona_7_20260624_124051,1229,1573836276000,1574836276000.0,left,valid
test,Mona,Mona_7_20260624_124051,1239,1574169609000,1575169609000.0,left,valid
test,Mona,Mona_7_20260624_124051,1249,1574502943000,1575502943000.0,left,valid
test,Mona,Mona_7_20260624_124051,1259,1574836276000,1575836276000.0,left,valid
test,Mona,Mona_7_20260624_124051,1269,1575169609000,1576169609000.0,left,valid
test,Mona,Mona_7_20260624_124051,1279,1575502943000,1576502943000.0,left,valid
test,Mona,Mona_7_20260624_124051,1289,1575836276000,1576836276000.0,left,valid
test,Mona,Mona_7_20260624_124051,1299,1576169609000,1577169609000.0,left,future_hand_tracking_invalid
test,Mona,Mona_7_20260624_124051,1309,1576502943000,,left,future_after_recording_end
test,Mona,Mona_7_20260624_124051,1319,1576836276000,,left,future_after_recording_end
test,Mona,Mona_7_20260624_124051,1329,1577169609000,,left,future_after_recording_end
test,Mona,Mona_8_20260624_124414,1449,1784636275000,1785636275000.0,left,valid
test,Mona,Mona_8_20260624_124414,1459,1784969609000,1785969609000.0,left,valid
test,Mona,Mona_8_20260624_124414,1469,1785302942000,1786302942000.0,left,valid
test,Mona,Mona_8_20260624_124414,1479,1785636275000,1786636275000.0,left,valid
test,Mona,Mona_8_20260624_124414,1489,1785969609000,1786969609000.0,left,valid
test,Mona,Mona_8_20260624_124414,1499,1786302942000,1787302942000.0,left,valid
test,Mona,Mona_8_20260624_124414,1509,1786636275000,1787636275000.0,left,valid
test,Mona,Mona_8_20260624_124414,1519,1786969609000,1787969609000.0,left,valid
test,Mona,Mona_8_20260624_124414,1529,1787302942000,1788302942000.0,left,valid
test,Mona,Mona_8_20260624_124414,1539,1787636275000,1788636275000.0,left,future_hand_and_robot_frame_invalid
test,Mona,Mona_8_20260624_124414,1549,1787969609000,,left,future_after_recording_end
test,Mona,Mona_8_20260624_124414,1559,1788302942000,,left,future_after_recording_end
test,Mona,Mona_8_20260624_124414,1569,1788636275000,,left,future_after_recording_end
