Job ID: 2155043
Node: tcml-node6
Repo dir: /home/eker/Master-Thesis---Multi-modal-User-Intention-Estimation-and-Hand-Position-Prediction
Image: /home/eker/singularity/aria_master.simg
VRS dir: /home/eker/Master-Thesis---Multi-modal-User-Intention-Estimation-and-Hand-Position-Prediction/Data_collection/Data_vrs
ArUco output dir: /home/eker/Master-Thesis---Multi-modal-User-Intention-Estimation-and-Hand-Position-Prediction/Data_collection/Aruco_CSV
Backup dir: /home/eker/Master-Thesis---Multi-modal-User-Intention-Estimation-and-Hand-Position-Prediction/Data_collection/aruco_batch_backups/job_2155043
Overwrite all: 0
Max frames: all
Write annotated videos: 0
Progress every: 500
Started: Thu Jul  2 11:36:18 PM CEST 2026

============================================================
1) Input and resume overview
============================================================
VRS count: 136
Existing CSV count in Aruco_CSV: 124

MISSING: Urim_6_20260616_144055
MISSING: Urim_7_20260616_144229
MISSING: Urim_8_20260616_144352
MISSING: Urim_9_20260616_144841
MISSING: Vanessa_1_20260624_132542
MISSING: Vanessa_2_20260624_132710
MISSING: Vanessa_3_20260624_132807
MISSING: Vanessa_4_20260624_132943
MISSING: Vanessa_5_20260624_133059
MISSING: Vanessa_6_20260624_133209
MISSING: Vanessa_7_20260624_133405
MISSING: Vanessa_8_20260624_133505

Valid before run:   124
Missing before run: 12
Invalid before run: 0

Backing up existing completed CSV files...

============================================================
2) Run calibrated marker extraction
============================================================

------------------------------------------------------------
[1/136] Sequence: Atilla_1_20260616_184923
VRS:        /home/eker/Master-Thesis---Multi-modal-User-Intention-Estimation-and-Hand-Position-Prediction/Data_collection/Data_vrs/Atilla_1_20260616_184923.vrs
Output CSV: /home/eker/Master-Thesis---Multi-modal-User-Intention-Estimation-and-Hand-Position-Prediction/Data_collection/Aruco_CSV/aruco_poses_Atilla_1_20260616_184923.csv
QA symlink: /home/eker/Master-Thesis---Multi-modal-User-Intention-Estimation-and-Hand-Position-Prediction/Data_collection/aruco_poses_Atilla_1_20260616_184923.csv
SKIP: valid output already exists.

------------------------------------------------------------
[2/136] Sequence: Atilla_2_20260616_185042
VRS:        /home/eker/Master-Thesis---Multi-modal-User-Intention-Estimation-and-Hand-Position-Prediction/Data_collection/Data_vrs/Atilla_2_20260616_185042.vrs
Output CSV: /home/eker/Master-Thesis---Multi-modal-User-Intention-Estimation-and-Hand-Position-Prediction/Data_collection/Aruco_CSV/aruco_poses_Atilla_2_20260616_185042.csv
QA symlink: /home/eker/Master-Thesis---Multi-modal-User-Intention-Estimation-and-Hand-Position-Prediction/Data_collection/aruco_poses_Atilla_2_20260616_185042.csv
SKIP: valid output already exists.

------------------------------------------------------------
[3/136] Sequence: Atilla_3_20260616_185212
VRS:        /home/eker/Master-Thesis---Multi-modal-User-Intention-Estimation-and-Hand-Position-Prediction/Data_collection/Data_vrs/Atilla_3_20260616_185212.vrs
Output CSV: /home/eker/Master-Thesis---Multi-modal-User-Intention-Estimation-and-Hand-Position-Prediction/Data_collection/Aruco_CSV/aruco_poses_Atilla_3_20260616_185212.csv
QA symlink: /home/eker/Master-Thesis---Multi-modal-User-Intention-Estimation-and-Hand-Position-Prediction/Data_collection/aruco_poses_Atilla_3_20260616_185212.csv
SKIP: valid output already exists.

------------------------------------------------------------
[4/136] Sequence: Atilla_4_20260616_185327
VRS:        /home/eker/Master-Thesis---Multi-modal-User-Intention-Estimation-and-Hand-Position-Prediction/Data_collection/Data_vrs/Atilla_4_20260616_185327.vrs
Output CSV: /home/eker/Master-Thesis---Multi-modal-User-Intention-Estimation-and-Hand-Position-Prediction/Data_collection/Aruco_CSV/aruco_poses_Atilla_4_20260616_185327.csv
QA symlink: /home/eker/Master-Thesis---Multi-modal-User-Intention-Estimation-and-Hand-Position-Prediction/Data_collection/aruco_poses_Atilla_4_20260616_185327.csv
SKIP: valid output already exists.

------------------------------------------------------------
[5/136] Sequence: Atilla_5_20260616_185449
VRS:        /home/eker/Master-Thesis---Multi-modal-User-Intention-Estimation-and-Hand-Position-Prediction/Data_collection/Data_vrs/Atilla_5_20260616_185449.vrs
Output CSV: /home/eker/Master-Thesis---Multi-modal-User-Intention-Estimation-and-Hand-Position-Prediction/Data_collection/Aruco_CSV/aruco_poses_Atilla_5_20260616_185449.csv
QA symlink: /home/eker/Master-Thesis---Multi-modal-User-Intention-Estimation-and-Hand-Position-Prediction/Data_collection/aruco_poses_Atilla_5_20260616_185449.csv
SKIP: valid output already exists.

------------------------------------------------------------
[6/136] Sequence: Atilla_6_20260616_185613
VRS:        /home/eker/Master-Thesis---Multi-modal-User-Intention-Estimation-and-Hand-Position-Prediction/Data_collection/Data_vrs/Atilla_6_20260616_185613.vrs
Output CSV: /home/eker/Master-Thesis---Multi-modal-User-Intention-Estimation-and-Hand-Position-Prediction/Data_collection/Aruco_CSV/aruco_poses_Atilla_6_20260616_185613.csv
QA symlink: /home/eker/Master-Thesis---Multi-modal-User-Intention-Estimation-and-Hand-Position-Prediction/Data_collection/aruco_poses_Atilla_6_20260616_185613.csv
SKIP: valid output already exists.

------------------------------------------------------------
[7/136] Sequence: Atilla_7_20260616_185714
VRS:        /home/eker/Master-Thesis---Multi-modal-User-Intention-Estimation-and-Hand-Position-Prediction/Data_collection/Data_vrs/Atilla_7_20260616_185714.vrs
Output CSV: /home/eker/Master-Thesis---Multi-modal-User-Intention-Estimation-and-Hand-Position-Prediction/Data_collection/Aruco_CSV/aruco_poses_Atilla_7_20260616_185714.csv
QA symlink: /home/eker/Master-Thesis---Multi-modal-User-Intention-Estimation-and-Hand-Position-Prediction/Data_collection/aruco_poses_Atilla_7_20260616_185714.csv
SKIP: valid output already exists.

------------------------------------------------------------
[8/136] Sequence: Atilla_8_20260616_185812
VRS:        /home/eker/Master-Thesis---Multi-modal-User-Intention-Estimation-and-Hand-Position-Prediction/Data_collection/Data_vrs/Atilla_8_20260616_185812.vrs
Output CSV: /home/eker/Master-Thesis---Multi-modal-User-Intention-Estimation-and-Hand-Position-Prediction/Data_collection/Aruco_CSV/aruco_poses_Atilla_8_20260616_185812.csv
QA symlink: /home/eker/Master-Thesis---Multi-modal-User-Intention-Estimation-and-Hand-Position-Prediction/Data_collection/aruco_poses_Atilla_8_20260616_185812.csv
SKIP: valid output already exists.

------------------------------------------------------------
[9/136] Sequence: Berat_10_20260616_142950
VRS:        /home/eker/Master-Thesis---Multi-modal-User-Intention-Estimation-and-Hand-Position-Prediction/Data_collection/Data_vrs/Berat_10_20260616_142950.vrs
Output CSV: /home/eker/Master-Thesis---Multi-modal-User-Intention-Estimation-and-Hand-Position-Prediction/Data_collection/Aruco_CSV/aruco_poses_Berat_10_20260616_142950.csv
QA symlink: /home/eker/Master-Thesis---Multi-modal-User-Intention-Estimation-and-Hand-Position-Prediction/Data_collection/aruco_poses_Berat_10_20260616_142950.csv
SKIP: valid output already exists.

------------------------------------------------------------
[10/136] Sequence: Berat_1_20260604_154611
VRS:        /home/eker/Master-Thesis---Multi-modal-User-Intention-Estimation-and-Hand-Position-Prediction/Data_collection/Data_vrs/Berat_1_20260604_154611.vrs
Output CSV: /home/eker/Master-Thesis---Multi-modal-User-Intention-Estimation-and-Hand-Position-Prediction/Data_collection/Aruco_CSV/aruco_poses_Berat_1_20260604_154611.csv
QA symlink: /home/eker/Master-Thesis---Multi-modal-User-Intention-Estimation-and-Hand-Position-Prediction/Data_collection/aruco_poses_Berat_1_20260604_154611.csv
SKIP: valid output already exists.

------------------------------------------------------------
[11/136] Sequence: Berat_2_20260604_154801
VRS:        /home/eker/Master-Thesis---Multi-modal-User-Intention-Estimation-and-Hand-Position-Prediction/Data_collection/Data_vrs/Berat_2_20260604_154801.vrs
Output CSV: /home/eker/Master-Thesis---Multi-modal-User-Intention-Estimation-and-Hand-Position-Prediction/Data_collection/Aruco_CSV/aruco_poses_Berat_2_20260604_154801.csv
QA symlink: /home/eker/Master-Thesis---Multi-modal-User-Intention-Estimation-and-Hand-Position-Prediction/Data_collection/aruco_poses_Berat_2_20260604_154801.csv
SKIP: valid output already exists.

------------------------------------------------------------
[12/136] Sequence: Berat_3_20260604_154928
VRS:        /home/eker/Master-Thesis---Multi-modal-User-Intention-Estimation-and-Hand-Position-Prediction/Data_collection/Data_vrs/Berat_3_20260604_154928.vrs
Output CSV: /home/eker/Master-Thesis---Multi-modal-User-Intention-Estimation-and-Hand-Position-Prediction/Data_collection/Aruco_CSV/aruco_poses_Berat_3_20260604_154928.csv
QA symlink: /home/eker/Master-Thesis---Multi-modal-User-Intention-Estimation-and-Hand-Position-Prediction/Data_collection/aruco_poses_Berat_3_20260604_154928.csv
SKIP: valid output already exists.

------------------------------------------------------------
[13/136] Sequence: Berat_4_20260604_155100
VRS:        /home/eker/Master-Thesis---Multi-modal-User-Intention-Estimation-and-Hand-Position-Prediction/Data_collection/Data_vrs/Berat_4_20260604_155100.vrs
Output CSV: /home/eker/Master-Thesis---Multi-modal-User-Intention-Estimation-and-Hand-Position-Prediction/Data_collection/Aruco_CSV/aruco_poses_Berat_4_20260604_155100.csv
QA symlink: /home/eker/Master-Thesis---Multi-modal-User-Intention-Estimation-and-Hand-Position-Prediction/Data_collection/aruco_poses_Berat_4_20260604_155100.csv
SKIP: valid output already exists.

------------------------------------------------------------
[14/136] Sequence: Berat_5_20260604_155234
VRS:        /home/eker/Master-Thesis---Multi-modal-User-Intention-Estimation-and-Hand-Position-Prediction/Data_collection/Data_vrs/Berat_5_20260604_155234.vrs
Output CSV: /home/eker/Master-Thesis---Multi-modal-User-Intention-Estimation-and-Hand-Position-Prediction/Data_collection/Aruco_CSV/aruco_poses_Berat_5_20260604_155234.csv
QA symlink: /home/eker/Master-Thesis---Multi-modal-User-Intention-Estimation-and-Hand-Position-Prediction/Data_collection/aruco_poses_Berat_5_20260604_155234.csv
SKIP: valid output already exists.

------------------------------------------------------------
[15/136] Sequence: Berat_6_20260616_142129
VRS:        /home/eker/Master-Thesis---Multi-modal-User-Intention-Estimation-and-Hand-Position-Prediction/Data_collection/Data_vrs/Berat_6_20260616_142129.vrs
Output CSV: /home/eker/Master-Thesis---Multi-modal-User-Intention-Estimation-and-Hand-Position-Prediction/Data_collection/Aruco_CSV/aruco_poses_Berat_6_20260616_142129.csv
QA symlink: /home/eker/Master-Thesis---Multi-modal-User-Intention-Estimation-and-Hand-Position-Prediction/Data_collection/aruco_poses_Berat_6_20260616_142129.csv
SKIP: valid output already exists.

------------------------------------------------------------
[16/136] Sequence: Berat_7_20260616_142358
VRS:        /home/eker/Master-Thesis---Multi-modal-User-Intention-Estimation-and-Hand-Position-Prediction/Data_collection/Data_vrs/Berat_7_20260616_142358.vrs
Output CSV: /home/eker/Master-Thesis---Multi-modal-User-Intention-Estimation-and-Hand-Position-Prediction/Data_collection/Aruco_CSV/aruco_poses_Berat_7_20260616_142358.csv
QA symlink: /home/eker/Master-Thesis---Multi-modal-User-Intention-Estimation-and-Hand-Position-Prediction/Data_collection/aruco_poses_Berat_7_20260616_142358.csv
SKIP: valid output already exists.

------------------------------------------------------------
[17/136] Sequence: Berat_8_20260616_142539
VRS:        /home/eker/Master-Thesis---Multi-modal-User-Intention-Estimation-and-Hand-Position-Prediction/Data_collection/Data_vrs/Berat_8_20260616_142539.vrs
Output CSV: /home/eker/Master-Thesis---Multi-modal-User-Intention-Estimation-and-Hand-Position-Prediction/Data_collection/Aruco_CSV/aruco_poses_Berat_8_20260616_142539.csv
QA symlink: /home/eker/Master-Thesis---Multi-modal-User-Intention-Estimation-and-Hand-Position-Prediction/Data_collection/aruco_poses_Berat_8_20260616_142539.csv
SKIP: valid output already exists.

------------------------------------------------------------
[18/136] Sequence: Berat_9_20260616_142847
VRS:        /home/eker/Master-Thesis---Multi-modal-User-Intention-Estimation-and-Hand-Position-Prediction/Data_collection/Data_vrs/Berat_9_20260616_142847.vrs
Output CSV: /home/eker/Master-Thesis---Multi-modal-User-Intention-Estimation-and-Hand-Position-Prediction/Data_collection/Aruco_CSV/aruco_poses_Berat_9_20260616_142847.csv
QA symlink: /home/eker/Master-Thesis---Multi-modal-User-Intention-Estimation-and-Hand-Position-Prediction/Data_collection/aruco_poses_Berat_9_20260616_142847.csv
SKIP: valid output already exists.

------------------------------------------------------------
[19/136] Sequence: Edu_10_20260616_150412
VRS:        /home/eker/Master-Thesis---Multi-modal-User-Intention-Estimation-and-Hand-Position-Prediction/Data_collection/Data_vrs/Edu_10_20260616_150412.vrs
Output CSV: /home/eker/Master-Thesis---Multi-modal-User-Intention-Estimation-and-Hand-Position-Prediction/Data_collection/Aruco_CSV/aruco_poses_Edu_10_20260616_150412.csv
QA symlink: /home/eker/Master-Thesis---Multi-modal-User-Intention-Estimation-and-Hand-Position-Prediction/Data_collection/aruco_poses_Edu_10_20260616_150412.csv
SKIP: valid output already exists.

------------------------------------------------------------
[20/136] Sequence: Edu_1_20260604_170154
VRS:        /home/eker/Master-Thesis---Multi-modal-User-Intention-Estimation-and-Hand-Position-Prediction/Data_collection/Data_vrs/Edu_1_20260604_170154.vrs
Output CSV: /home/eker/Master-Thesis---Multi-modal-User-Intention-Estimation-and-Hand-Position-Prediction/Data_collection/Aruco_CSV/aruco_poses_Edu_1_20260604_170154.csv
QA symlink: /home/eker/Master-Thesis---Multi-modal-User-Intention-Estimation-and-Hand-Position-Prediction/Data_collection/aruco_poses_Edu_1_20260604_170154.csv
SKIP: valid output already exists.

------------------------------------------------------------
[21/136] Sequence: Edu_2_20260604_170420
VRS:        /home/eker/Master-Thesis---Multi-modal-User-Intention-Estimation-and-Hand-Position-Prediction/Data_collection/Data_vrs/Edu_2_20260604_170420.vrs
Output CSV: /home/eker/Master-Thesis---Multi-modal-User-Intention-Estimation-and-Hand-Position-Prediction/Data_collection/Aruco_CSV/aruco_poses_Edu_2_20260604_170420.csv
QA symlink: /home/eker/Master-Thesis---Multi-modal-User-Intention-Estimation-and-Hand-Position-Prediction/Data_collection/aruco_poses_Edu_2_20260604_170420.csv
SKIP: valid output already exists.

------------------------------------------------------------
[22/136] Sequence: Edu_3_20260604_170622
VRS:        /home/eker/Master-Thesis---Multi-modal-User-Intention-Estimation-and-Hand-Position-Prediction/Data_collection/Data_vrs/Edu_3_20260604_170622.vrs
Output CSV: /home/eker/Master-Thesis---Multi-modal-User-Intention-Estimation-and-Hand-Position-Prediction/Data_collection/Aruco_CSV/aruco_poses_Edu_3_20260604_170622.csv
QA symlink: /home/eker/Master-Thesis---Multi-modal-User-Intention-Estimation-and-Hand-Position-Prediction/Data_collection/aruco_poses_Edu_3_20260604_170622.csv
SKIP: valid output already exists.

------------------------------------------------------------
[23/136] Sequence: Edu_4_20260604_170837
VRS:        /home/eker/Master-Thesis---Multi-modal-User-Intention-Estimation-and-Hand-Position-Prediction/Data_collection/Data_vrs/Edu_4_20260604_170837.vrs
Output CSV: /home/eker/Master-Thesis---Multi-modal-User-Intention-Estimation-and-Hand-Position-Prediction/Data_collection/Aruco_CSV/aruco_poses_Edu_4_20260604_170837.csv
QA symlink: /home/eker/Master-Thesis---Multi-modal-User-Intention-Estimation-and-Hand-Position-Prediction/Data_collection/aruco_poses_Edu_4_20260604_170837.csv
SKIP: valid output already exists.

------------------------------------------------------------
[24/136] Sequence: Edu_5_20260604_170944
VRS:        /home/eker/Master-Thesis---Multi-modal-User-Intention-Estimation-and-Hand-Position-Prediction/Data_collection/Data_vrs/Edu_5_20260604_170944.vrs
Output CSV: /home/eker/Master-Thesis---Multi-modal-User-Intention-Estimation-and-Hand-Position-Prediction/Data_collection/Aruco_CSV/aruco_poses_Edu_5_20260604_170944.csv
QA symlink: /home/eker/Master-Thesis---Multi-modal-User-Intention-Estimation-and-Hand-Position-Prediction/Data_collection/aruco_poses_Edu_5_20260604_170944.csv
SKIP: valid output already exists.

------------------------------------------------------------
[25/136] Sequence: Edu_6_20260616_145740
VRS:        /home/eker/Master-Thesis---Multi-modal-User-Intention-Estimation-and-Hand-Position-Prediction/Data_collection/Data_vrs/Edu_6_20260616_145740.vrs
Output CSV: /home/eker/Master-Thesis---Multi-modal-User-Intention-Estimation-and-Hand-Position-Prediction/Data_collection/Aruco_CSV/aruco_poses_Edu_6_20260616_145740.csv
QA symlink: /home/eker/Master-Thesis---Multi-modal-User-Intention-Estimation-and-Hand-Position-Prediction/Data_collection/aruco_poses_Edu_6_20260616_145740.csv
SKIP: valid output already exists.

------------------------------------------------------------
[26/136] Sequence: Edu_7_20260616_145927
VRS:        /home/eker/Master-Thesis---Multi-modal-User-Intention-Estimation-and-Hand-Position-Prediction/Data_collection/Data_vrs/Edu_7_20260616_145927.vrs
Output CSV: /home/eker/Master-Thesis---Multi-modal-User-Intention-Estimation-and-Hand-Position-Prediction/Data_collection/Aruco_CSV/aruco_poses_Edu_7_20260616_145927.csv
QA symlink: /home/eker/Master-Thesis---Multi-modal-User-Intention-Estimation-and-Hand-Position-Prediction/Data_collection/aruco_poses_Edu_7_20260616_145927.csv
SKIP: valid output already exists.

------------------------------------------------------------
[27/136] Sequence: Edu_8_20260616_150108
VRS:        /home/eker/Master-Thesis---Multi-modal-User-Intention-Estimation-and-Hand-Position-Prediction/Data_collection/Data_vrs/Edu_8_20260616_150108.vrs
Output CSV: /home/eker/Master-Thesis---Multi-modal-User-Intention-Estimation-and-Hand-Position-Prediction/Data_collection/Aruco_CSV/aruco_poses_Edu_8_20260616_150108.csv
QA symlink: /home/eker/Master-Thesis---Multi-modal-User-Intention-Estimation-and-Hand-Position-Prediction/Data_collection/aruco_poses_Edu_8_20260616_150108.csv
SKIP: valid output already exists.

------------------------------------------------------------
[28/136] Sequence: Edu_9_20260616_150247
VRS:        /home/eker/Master-Thesis---Multi-modal-User-Intention-Estimation-and-Hand-Position-Prediction/Data_collection/Data_vrs/Edu_9_20260616_150247.vrs
Output CSV: /home/eker/Master-Thesis---Multi-modal-User-Intention-Estimation-and-Hand-Position-Prediction/Data_collection/Aruco_CSV/aruco_poses_Edu_9_20260616_150247.csv
QA symlink: /home/eker/Master-Thesis---Multi-modal-User-Intention-Estimation-and-Hand-Position-Prediction/Data_collection/aruco_poses_Edu_9_20260616_150247.csv
SKIP: valid output already exists.

------------------------------------------------------------
[29/136] Sequence: Ermal_1_20260604_151723
VRS:        /home/eker/Master-Thesis---Multi-modal-User-Intention-Estimation-and-Hand-Position-Prediction/Data_collection/Data_vrs/Ermal_1_20260604_151723.vrs
Output CSV: /home/eker/Master-Thesis---Multi-modal-User-Intention-Estimation-and-Hand-Position-Prediction/Data_collection/Aruco_CSV/aruco_poses_Ermal_1_20260604_151723.csv
QA symlink: /home/eker/Master-Thesis---Multi-modal-User-Intention-Estimation-and-Hand-Position-Prediction/Data_collection/aruco_poses_Ermal_1_20260604_151723.csv
SKIP: valid output already exists.

------------------------------------------------------------
[30/136] Sequence: Ermal_2_20260604_151912
VRS:        /home/eker/Master-Thesis---Multi-modal-User-Intention-Estimation-and-Hand-Position-Prediction/Data_collection/Data_vrs/Ermal_2_20260604_151912.vrs
Output CSV: /home/eker/Master-Thesis---Multi-modal-User-Intention-Estimation-and-Hand-Position-Prediction/Data_collection/Aruco_CSV/aruco_poses_Ermal_2_20260604_151912.csv
QA symlink: /home/eker/Master-Thesis---Multi-modal-User-Intention-Estimation-and-Hand-Position-Prediction/Data_collection/aruco_poses_Ermal_2_20260604_151912.csv
SKIP: valid output already exists.

------------------------------------------------------------
[31/136] Sequence: Ermal_3_20260604_152032
VRS:        /home/eker/Master-Thesis---Multi-modal-User-Intention-Estimation-and-Hand-Position-Prediction/Data_collection/Data_vrs/Ermal_3_20260604_152032.vrs
Output CSV: /home/eker/Master-Thesis---Multi-modal-User-Intention-Estimation-and-Hand-Position-Prediction/Data_collection/Aruco_CSV/aruco_poses_Ermal_3_20260604_152032.csv
QA symlink: /home/eker/Master-Thesis---Multi-modal-User-Intention-Estimation-and-Hand-Position-Prediction/Data_collection/aruco_poses_Ermal_3_20260604_152032.csv
SKIP: valid output already exists.

------------------------------------------------------------
[32/136] Sequence: Ermal_4_20260604_152214
VRS:        /home/eker/Master-Thesis---Multi-modal-User-Intention-Estimation-and-Hand-Position-Prediction/Data_collection/Data_vrs/Ermal_4_20260604_152214.vrs
Output CSV: /home/eker/Master-Thesis---Multi-modal-User-Intention-Estimation-and-Hand-Position-Prediction/Data_collection/Aruco_CSV/aruco_poses_Ermal_4_20260604_152214.csv
QA symlink: /home/eker/Master-Thesis---Multi-modal-User-Intention-Estimation-and-Hand-Position-Prediction/Data_collection/aruco_poses_Ermal_4_20260604_152214.csv
SKIP: valid output already exists.

------------------------------------------------------------
[33/136] Sequence: Ermal_5_20260616_153530
VRS:        /home/eker/Master-Thesis---Multi-modal-User-Intention-Estimation-and-Hand-Position-Prediction/Data_collection/Data_vrs/Ermal_5_20260616_153530.vrs
Output CSV: /home/eker/Master-Thesis---Multi-modal-User-Intention-Estimation-and-Hand-Position-Prediction/Data_collection/Aruco_CSV/aruco_poses_Ermal_5_20260616_153530.csv
QA symlink: /home/eker/Master-Thesis---Multi-modal-User-Intention-Estimation-and-Hand-Position-Prediction/Data_collection/aruco_poses_Ermal_5_20260616_153530.csv
SKIP: valid output already exists.

------------------------------------------------------------
[34/136] Sequence: Ermal_6_20260616_153648
VRS:        /home/eker/Master-Thesis---Multi-modal-User-Intention-Estimation-and-Hand-Position-Prediction/Data_collection/Data_vrs/Ermal_6_20260616_153648.vrs
Output CSV: /home/eker/Master-Thesis---Multi-modal-User-Intention-Estimation-and-Hand-Position-Prediction/Data_collection/Aruco_CSV/aruco_poses_Ermal_6_20260616_153648.csv
QA symlink: /home/eker/Master-Thesis---Multi-modal-User-Intention-Estimation-and-Hand-Position-Prediction/Data_collection/aruco_poses_Ermal_6_20260616_153648.csv
SKIP: valid output already exists.

------------------------------------------------------------
[35/136] Sequence: Ermal_7_20260616_153921
VRS:        /home/eker/Master-Thesis---Multi-modal-User-Intention-Estimation-and-Hand-Position-Prediction/Data_collection/Data_vrs/Ermal_7_20260616_153921.vrs
Output CSV: /home/eker/Master-Thesis---Multi-modal-User-Intention-Estimation-and-Hand-Position-Prediction/Data_collection/Aruco_CSV/aruco_poses_Ermal_7_20260616_153921.csv
QA symlink: /home/eker/Master-Thesis---Multi-modal-User-Intention-Estimation-and-Hand-Position-Prediction/Data_collection/aruco_poses_Ermal_7_20260616_153921.csv
SKIP: valid output already exists.

------------------------------------------------------------
[36/136] Sequence: Ermal_8_20260616_154054
VRS:        /home/eker/Master-Thesis---Multi-modal-User-Intention-Estimation-and-Hand-Position-Prediction/Data_collection/Data_vrs/Ermal_8_20260616_154054.vrs
Output CSV: /home/eker/Master-Thesis---Multi-modal-User-Intention-Estimation-and-Hand-Position-Prediction/Data_collection/Aruco_CSV/aruco_poses_Ermal_8_20260616_154054.csv
QA symlink: /home/eker/Master-Thesis---Multi-modal-User-Intention-Estimation-and-Hand-Position-Prediction/Data_collection/aruco_poses_Ermal_8_20260616_154054.csv
SKIP: valid output already exists.

------------------------------------------------------------
[37/136] Sequence: Ermal_9_20260616_154205
VRS:        /home/eker/Master-Thesis---Multi-modal-User-Intention-Estimation-and-Hand-Position-Prediction/Data_collection/Data_vrs/Ermal_9_20260616_154205.vrs
Output CSV: /home/eker/Master-Thesis---Multi-modal-User-Intention-Estimation-and-Hand-Position-Prediction/Data_collection/Aruco_CSV/aruco_poses_Ermal_9_20260616_154205.csv
QA symlink: /home/eker/Master-Thesis---Multi-modal-User-Intention-Estimation-and-Hand-Position-Prediction/Data_collection/aruco_poses_Ermal_9_20260616_154205.csv
SKIP: valid output already exists.

------------------------------------------------------------
[38/136] Sequence: Felix_1_20260604_171928
VRS:        /home/eker/Master-Thesis---Multi-modal-User-Intention-Estimation-and-Hand-Position-Prediction/Data_collection/Data_vrs/Felix_1_20260604_171928.vrs
Output CSV: /home/eker/Master-Thesis---Multi-modal-User-Intention-Estimation-and-Hand-Position-Prediction/Data_collection/Aruco_CSV/aruco_poses_Felix_1_20260604_171928.csv
QA symlink: /home/eker/Master-Thesis---Multi-modal-User-Intention-Estimation-and-Hand-Position-Prediction/Data_collection/aruco_poses_Felix_1_20260604_171928.csv
SKIP: valid output already exists.

------------------------------------------------------------
[39/136] Sequence: Felix_1_20260604_171946
VRS:        /home/eker/Master-Thesis---Multi-modal-User-Intention-Estimation-and-Hand-Position-Prediction/Data_collection/Data_vrs/Felix_1_20260604_171946.vrs
Output CSV: /home/eker/Master-Thesis---Multi-modal-User-Intention-Estimation-and-Hand-Position-Prediction/Data_collection/Aruco_CSV/aruco_poses_Felix_1_20260604_171946.csv
QA symlink: /home/eker/Master-Thesis---Multi-modal-User-Intention-Estimation-and-Hand-Position-Prediction/Data_collection/aruco_poses_Felix_1_20260604_171946.csv
SKIP: valid output already exists.

------------------------------------------------------------
[40/136] Sequence: Felix_2_20260604_172102
VRS:        /home/eker/Master-Thesis---Multi-modal-User-Intention-Estimation-and-Hand-Position-Prediction/Data_collection/Data_vrs/Felix_2_20260604_172102.vrs
Output CSV: /home/eker/Master-Thesis---Multi-modal-User-Intention-Estimation-and-Hand-Position-Prediction/Data_collection/Aruco_CSV/aruco_poses_Felix_2_20260604_172102.csv
QA symlink: /home/eker/Master-Thesis---Multi-modal-User-Intention-Estimation-and-Hand-Position-Prediction/Data_collection/aruco_poses_Felix_2_20260604_172102.csv
SKIP: valid output already exists.

------------------------------------------------------------
[41/136] Sequence: Felix_3_20260604_172212
VRS:        /home/eker/Master-Thesis---Multi-modal-User-Intention-Estimation-and-Hand-Position-Prediction/Data_collection/Data_vrs/Felix_3_20260604_172212.vrs
Output CSV: /home/eker/Master-Thesis---Multi-modal-User-Intention-Estimation-and-Hand-Position-Prediction/Data_collection/Aruco_CSV/aruco_poses_Felix_3_20260604_172212.csv
QA symlink: /home/eker/Master-Thesis---Multi-modal-User-Intention-Estimation-and-Hand-Position-Prediction/Data_collection/aruco_poses_Felix_3_20260604_172212.csv
SKIP: valid output already exists.

------------------------------------------------------------
[42/136] Sequence: Felix_4_20260604_172358
VRS:        /home/eker/Master-Thesis---Multi-modal-User-Intention-Estimation-and-Hand-Position-Prediction/Data_collection/Data_vrs/Felix_4_20260604_172358.vrs
Output CSV: /home/eker/Master-Thesis---Multi-modal-User-Intention-Estimation-and-Hand-Position-Prediction/Data_collection/Aruco_CSV/aruco_poses_Felix_4_20260604_172358.csv
QA symlink: /home/eker/Master-Thesis---Multi-modal-User-Intention-Estimation-and-Hand-Position-Prediction/Data_collection/aruco_poses_Felix_4_20260604_172358.csv
SKIP: valid output already exists.

------------------------------------------------------------
[43/136] Sequence: Jan_1_20260604_161550
VRS:        /home/eker/Master-Thesis---Multi-modal-User-Intention-Estimation-and-Hand-Position-Prediction/Data_collection/Data_vrs/Jan_1_20260604_161550.vrs
Output CSV: /home/eker/Master-Thesis---Multi-modal-User-Intention-Estimation-and-Hand-Position-Prediction/Data_collection/Aruco_CSV/aruco_poses_Jan_1_20260604_161550.csv
QA symlink: /home/eker/Master-Thesis---Multi-modal-User-Intention-Estimation-and-Hand-Position-Prediction/Data_collection/aruco_poses_Jan_1_20260604_161550.csv
SKIP: valid output already exists.

------------------------------------------------------------
[44/136] Sequence: Jan_2_20260604_161704
VRS:        /home/eker/Master-Thesis---Multi-modal-User-Intention-Estimation-and-Hand-Position-Prediction/Data_collection/Data_vrs/Jan_2_20260604_161704.vrs
Output CSV: /home/eker/Master-Thesis---Multi-modal-User-Intention-Estimation-and-Hand-Position-Prediction/Data_collection/Aruco_CSV/aruco_poses_Jan_2_20260604_161704.csv
QA symlink: /home/eker/Master-Thesis---Multi-modal-User-Intention-Estimation-and-Hand-Position-Prediction/Data_collection/aruco_poses_Jan_2_20260604_161704.csv
SKIP: valid output already exists.

------------------------------------------------------------
[45/136] Sequence: Jan_3_20260604_161835
VRS:        /home/eker/Master-Thesis---Multi-modal-User-Intention-Estimation-and-Hand-Position-Prediction/Data_collection/Data_vrs/Jan_3_20260604_161835.vrs
Output CSV: /home/eker/Master-Thesis---Multi-modal-User-Intention-Estimation-and-Hand-Position-Prediction/Data_collection/Aruco_CSV/aruco_poses_Jan_3_20260604_161835.csv
QA symlink: /home/eker/Master-Thesis---Multi-modal-User-Intention-Estimation-and-Hand-Position-Prediction/Data_collection/aruco_poses_Jan_3_20260604_161835.csv
SKIP: valid output already exists.

------------------------------------------------------------
[46/136] Sequence: Jan_4_20260604_162000
VRS:        /home/eker/Master-Thesis---Multi-modal-User-Intention-Estimation-and-Hand-Position-Prediction/Data_collection/Data_vrs/Jan_4_20260604_162000.vrs
Output CSV: /home/eker/Master-Thesis---Multi-modal-User-Intention-Estimation-and-Hand-Position-Prediction/Data_collection/Aruco_CSV/aruco_poses_Jan_4_20260604_162000.csv
QA symlink: /home/eker/Master-Thesis---Multi-modal-User-Intention-Estimation-and-Hand-Position-Prediction/Data_collection/aruco_poses_Jan_4_20260604_162000.csv
SKIP: valid output already exists.

------------------------------------------------------------
[47/136] Sequence: Jan_5_20260604_162111
VRS:        /home/eker/Master-Thesis---Multi-modal-User-Intention-Estimation-and-Hand-Position-Prediction/Data_collection/Data_vrs/Jan_5_20260604_162111.vrs
Output CSV: /home/eker/Master-Thesis---Multi-modal-User-Intention-Estimation-and-Hand-Position-Prediction/Data_collection/Aruco_CSV/aruco_poses_Jan_5_20260604_162111.csv
QA symlink: /home/eker/Master-Thesis---Multi-modal-User-Intention-Estimation-and-Hand-Position-Prediction/Data_collection/aruco_poses_Jan_5_20260604_162111.csv
SKIP: valid output already exists.

------------------------------------------------------------
[48/136] Sequence: Jola_1_20260624_131133
VRS:        /home/eker/Master-Thesis---Multi-modal-User-Intention-Estimation-and-Hand-Position-Prediction/Data_collection/Data_vrs/Jola_1_20260624_131133.vrs
Output CSV: /home/eker/Master-Thesis---Multi-modal-User-Intention-Estimation-and-Hand-Position-Prediction/Data_collection/Aruco_CSV/aruco_poses_Jola_1_20260624_131133.csv
QA symlink: /home/eker/Master-Thesis---Multi-modal-User-Intention-Estimation-and-Hand-Position-Prediction/Data_collection/aruco_poses_Jola_1_20260624_131133.csv
SKIP: valid output already exists.

------------------------------------------------------------
[49/136] Sequence: Jola_2_20260624_131246
VRS:        /home/eker/Master-Thesis---Multi-modal-User-Intention-Estimation-and-Hand-Position-Prediction/Data_collection/Data_vrs/Jola_2_20260624_131246.vrs
Output CSV: /home/eker/Master-Thesis---Multi-modal-User-Intention-Estimation-and-Hand-Position-Prediction/Data_collection/Aruco_CSV/aruco_poses_Jola_2_20260624_131246.csv
QA symlink: /home/eker/Master-Thesis---Multi-modal-User-Intention-Estimation-and-Hand-Position-Prediction/Data_collection/aruco_poses_Jola_2_20260624_131246.csv
SKIP: valid output already exists.

------------------------------------------------------------
[50/136] Sequence: Jola_3_20260624_131435
VRS:        /home/eker/Master-Thesis---Multi-modal-User-Intention-Estimation-and-Hand-Position-Prediction/Data_collection/Data_vrs/Jola_3_20260624_131435.vrs
Output CSV: /home/eker/Master-Thesis---Multi-modal-User-Intention-Estimation-and-Hand-Position-Prediction/Data_collection/Aruco_CSV/aruco_poses_Jola_3_20260624_131435.csv
QA symlink: /home/eker/Master-Thesis---Multi-modal-User-Intention-Estimation-and-Hand-Position-Prediction/Data_collection/aruco_poses_Jola_3_20260624_131435.csv
SKIP: valid output already exists.

------------------------------------------------------------
[51/136] Sequence: Jola_4_20260624_131548
VRS:        /home/eker/Master-Thesis---Multi-modal-User-Intention-Estimation-and-Hand-Position-Prediction/Data_collection/Data_vrs/Jola_4_20260624_131548.vrs
Output CSV: /home/eker/Master-Thesis---Multi-modal-User-Intention-Estimation-and-Hand-Position-Prediction/Data_collection/Aruco_CSV/aruco_poses_Jola_4_20260624_131548.csv
QA symlink: /home/eker/Master-Thesis---Multi-modal-User-Intention-Estimation-and-Hand-Position-Prediction/Data_collection/aruco_poses_Jola_4_20260624_131548.csv
SKIP: valid output already exists.

------------------------------------------------------------
[52/136] Sequence: Jola_5_20260624_131818
VRS:        /home/eker/Master-Thesis---Multi-modal-User-Intention-Estimation-and-Hand-Position-Prediction/Data_collection/Data_vrs/Jola_5_20260624_131818.vrs
Output CSV: /home/eker/Master-Thesis---Multi-modal-User-Intention-Estimation-and-Hand-Position-Prediction/Data_collection/Aruco_CSV/aruco_poses_Jola_5_20260624_131818.csv
QA symlink: /home/eker/Master-Thesis---Multi-modal-User-Intention-Estimation-and-Hand-Position-Prediction/Data_collection/aruco_poses_Jola_5_20260624_131818.csv
SKIP: valid output already exists.

------------------------------------------------------------
[53/136] Sequence: Jola_6_20260624_132027
VRS:        /home/eker/Master-Thesis---Multi-modal-User-Intention-Estimation-and-Hand-Position-Prediction/Data_collection/Data_vrs/Jola_6_20260624_132027.vrs
Output CSV: /home/eker/Master-Thesis---Multi-modal-User-Intention-Estimation-and-Hand-Position-Prediction/Data_collection/Aruco_CSV/aruco_poses_Jola_6_20260624_132027.csv
QA symlink: /home/eker/Master-Thesis---Multi-modal-User-Intention-Estimation-and-Hand-Position-Prediction/Data_collection/aruco_poses_Jola_6_20260624_132027.csv
SKIP: valid output already exists.

------------------------------------------------------------
[54/136] Sequence: Jona_1_20260616_181413
VRS:        /home/eker/Master-Thesis---Multi-modal-User-Intention-Estimation-and-Hand-Position-Prediction/Data_collection/Data_vrs/Jona_1_20260616_181413.vrs
Output CSV: /home/eker/Master-Thesis---Multi-modal-User-Intention-Estimation-and-Hand-Position-Prediction/Data_collection/Aruco_CSV/aruco_poses_Jona_1_20260616_181413.csv
QA symlink: /home/eker/Master-Thesis---Multi-modal-User-Intention-Estimation-and-Hand-Position-Prediction/Data_collection/aruco_poses_Jona_1_20260616_181413.csv
SKIP: valid output already exists.

------------------------------------------------------------
[55/136] Sequence: Jona_2_20260616_181551
VRS:        /home/eker/Master-Thesis---Multi-modal-User-Intention-Estimation-and-Hand-Position-Prediction/Data_collection/Data_vrs/Jona_2_20260616_181551.vrs
Output CSV: /home/eker/Master-Thesis---Multi-modal-User-Intention-Estimation-and-Hand-Position-Prediction/Data_collection/Aruco_CSV/aruco_poses_Jona_2_20260616_181551.csv
QA symlink: /home/eker/Master-Thesis---Multi-modal-User-Intention-Estimation-and-Hand-Position-Prediction/Data_collection/aruco_poses_Jona_2_20260616_181551.csv
SKIP: valid output already exists.

------------------------------------------------------------
[56/136] Sequence: Jona_3_20260616_181717
VRS:        /home/eker/Master-Thesis---Multi-modal-User-Intention-Estimation-and-Hand-Position-Prediction/Data_collection/Data_vrs/Jona_3_20260616_181717.vrs
Output CSV: /home/eker/Master-Thesis---Multi-modal-User-Intention-Estimation-and-Hand-Position-Prediction/Data_collection/Aruco_CSV/aruco_poses_Jona_3_20260616_181717.csv
QA symlink: /home/eker/Master-Thesis---Multi-modal-User-Intention-Estimation-and-Hand-Position-Prediction/Data_collection/aruco_poses_Jona_3_20260616_181717.csv
SKIP: valid output already exists.

------------------------------------------------------------
[57/136] Sequence: Jona_4_20260616_181855
VRS:        /home/eker/Master-Thesis---Multi-modal-User-Intention-Estimation-and-Hand-Position-Prediction/Data_collection/Data_vrs/Jona_4_20260616_181855.vrs
Output CSV: /home/eker/Master-Thesis---Multi-modal-User-Intention-Estimation-and-Hand-Position-Prediction/Data_collection/Aruco_CSV/aruco_poses_Jona_4_20260616_181855.csv
QA symlink: /home/eker/Master-Thesis---Multi-modal-User-Intention-Estimation-and-Hand-Position-Prediction/Data_collection/aruco_poses_Jona_4_20260616_181855.csv
SKIP: valid output already exists.

------------------------------------------------------------
[58/136] Sequence: Jona_5_20260616_182002
VRS:        /home/eker/Master-Thesis---Multi-modal-User-Intention-Estimation-and-Hand-Position-Prediction/Data_collection/Data_vrs/Jona_5_20260616_182002.vrs
Output CSV: /home/eker/Master-Thesis---Multi-modal-User-Intention-Estimation-and-Hand-Position-Prediction/Data_collection/Aruco_CSV/aruco_poses_Jona_5_20260616_182002.csv
QA symlink: /home/eker/Master-Thesis---Multi-modal-User-Intention-Estimation-and-Hand-Position-Prediction/Data_collection/aruco_poses_Jona_5_20260616_182002.csv
SKIP: valid output already exists.

------------------------------------------------------------
[59/136] Sequence: Jona_6_20260616_182111
VRS:        /home/eker/Master-Thesis---Multi-modal-User-Intention-Estimation-and-Hand-Position-Prediction/Data_collection/Data_vrs/Jona_6_20260616_182111.vrs
Output CSV: /home/eker/Master-Thesis---Multi-modal-User-Intention-Estimation-and-Hand-Position-Prediction/Data_collection/Aruco_CSV/aruco_poses_Jona_6_20260616_182111.csv
QA symlink: /home/eker/Master-Thesis---Multi-modal-User-Intention-Estimation-and-Hand-Position-Prediction/Data_collection/aruco_poses_Jona_6_20260616_182111.csv
SKIP: valid output already exists.

------------------------------------------------------------
[60/136] Sequence: Jona_7_20260616_182214
VRS:        /home/eker/Master-Thesis---Multi-modal-User-Intention-Estimation-and-Hand-Position-Prediction/Data_collection/Data_vrs/Jona_7_20260616_182214.vrs
Output CSV: /home/eker/Master-Thesis---Multi-modal-User-Intention-Estimation-and-Hand-Position-Prediction/Data_collection/Aruco_CSV/aruco_poses_Jona_7_20260616_182214.csv
QA symlink: /home/eker/Master-Thesis---Multi-modal-User-Intention-Estimation-and-Hand-Position-Prediction/Data_collection/aruco_poses_Jona_7_20260616_182214.csv
SKIP: valid output already exists.

------------------------------------------------------------
[61/136] Sequence: Julienco_1_20260624_125251
VRS:        /home/eker/Master-Thesis---Multi-modal-User-Intention-Estimation-and-Hand-Position-Prediction/Data_collection/Data_vrs/Julienco_1_20260624_125251.vrs
Output CSV: /home/eker/Master-Thesis---Multi-modal-User-Intention-Estimation-and-Hand-Position-Prediction/Data_collection/Aruco_CSV/aruco_poses_Julienco_1_20260624_125251.csv
QA symlink: /home/eker/Master-Thesis---Multi-modal-User-Intention-Estimation-and-Hand-Position-Prediction/Data_collection/aruco_poses_Julienco_1_20260624_125251.csv
SKIP: valid output already exists.

------------------------------------------------------------
[62/136] Sequence: Julienco_2_20260624_125435
VRS:        /home/eker/Master-Thesis---Multi-modal-User-Intention-Estimation-and-Hand-Position-Prediction/Data_collection/Data_vrs/Julienco_2_20260624_125435.vrs
Output CSV: /home/eker/Master-Thesis---Multi-modal-User-Intention-Estimation-and-Hand-Position-Prediction/Data_collection/Aruco_CSV/aruco_poses_Julienco_2_20260624_125435.csv
QA symlink: /home/eker/Master-Thesis---Multi-modal-User-Intention-Estimation-and-Hand-Position-Prediction/Data_collection/aruco_poses_Julienco_2_20260624_125435.csv
SKIP: valid output already exists.

------------------------------------------------------------
[63/136] Sequence: Julienco_3_20260624_125549
VRS:        /home/eker/Master-Thesis---Multi-modal-User-Intention-Estimation-and-Hand-Position-Prediction/Data_collection/Data_vrs/Julienco_3_20260624_125549.vrs
Output CSV: /home/eker/Master-Thesis---Multi-modal-User-Intention-Estimation-and-Hand-Position-Prediction/Data_collection/Aruco_CSV/aruco_poses_Julienco_3_20260624_125549.csv
QA symlink: /home/eker/Master-Thesis---Multi-modal-User-Intention-Estimation-and-Hand-Position-Prediction/Data_collection/aruco_poses_Julienco_3_20260624_125549.csv
SKIP: valid output already exists.

------------------------------------------------------------
[64/136] Sequence: Julienco_4_20260624_125717
VRS:        /home/eker/Master-Thesis---Multi-modal-User-Intention-Estimation-and-Hand-Position-Prediction/Data_collection/Data_vrs/Julienco_4_20260624_125717.vrs
Output CSV: /home/eker/Master-Thesis---Multi-modal-User-Intention-Estimation-and-Hand-Position-Prediction/Data_collection/Aruco_CSV/aruco_poses_Julienco_4_20260624_125717.csv
QA symlink: /home/eker/Master-Thesis---Multi-modal-User-Intention-Estimation-and-Hand-Position-Prediction/Data_collection/aruco_poses_Julienco_4_20260624_125717.csv
SKIP: valid output already exists.

------------------------------------------------------------
[65/136] Sequence: Julienco_4_2_20260624_125830
VRS:        /home/eker/Master-Thesis---Multi-modal-User-Intention-Estimation-and-Hand-Position-Prediction/Data_collection/Data_vrs/Julienco_4_2_20260624_125830.vrs
Output CSV: /home/eker/Master-Thesis---Multi-modal-User-Intention-Estimation-and-Hand-Position-Prediction/Data_collection/Aruco_CSV/aruco_poses_Julienco_4_2_20260624_125830.csv
QA symlink: /home/eker/Master-Thesis---Multi-modal-User-Intention-Estimation-and-Hand-Position-Prediction/Data_collection/aruco_poses_Julienco_4_2_20260624_125830.csv
SKIP: valid output already exists.

------------------------------------------------------------
[66/136] Sequence: Julienco_5_20260624_125942
VRS:        /home/eker/Master-Thesis---Multi-modal-User-Intention-Estimation-and-Hand-Position-Prediction/Data_collection/Data_vrs/Julienco_5_20260624_125942.vrs
Output CSV: /home/eker/Master-Thesis---Multi-modal-User-Intention-Estimation-and-Hand-Position-Prediction/Data_collection/Aruco_CSV/aruco_poses_Julienco_5_20260624_125942.csv
QA symlink: /home/eker/Master-Thesis---Multi-modal-User-Intention-Estimation-and-Hand-Position-Prediction/Data_collection/aruco_poses_Julienco_5_20260624_125942.csv
SKIP: valid output already exists.

------------------------------------------------------------
[67/136] Sequence: Julienco_6_20260624_130048
VRS:        /home/eker/Master-Thesis---Multi-modal-User-Intention-Estimation-and-Hand-Position-Prediction/Data_collection/Data_vrs/Julienco_6_20260624_130048.vrs
Output CSV: /home/eker/Master-Thesis---Multi-modal-User-Intention-Estimation-and-Hand-Position-Prediction/Data_collection/Aruco_CSV/aruco_poses_Julienco_6_20260624_130048.csv
QA symlink: /home/eker/Master-Thesis---Multi-modal-User-Intention-Estimation-and-Hand-Position-Prediction/Data_collection/aruco_poses_Julienco_6_20260624_130048.csv
SKIP: valid output already exists.

------------------------------------------------------------
[68/136] Sequence: Julienco_7_20260624_130215
VRS:        /home/eker/Master-Thesis---Multi-modal-User-Intention-Estimation-and-Hand-Position-Prediction/Data_collection/Data_vrs/Julienco_7_20260624_130215.vrs
Output CSV: /home/eker/Master-Thesis---Multi-modal-User-Intention-Estimation-and-Hand-Position-Prediction/Data_collection/Aruco_CSV/aruco_poses_Julienco_7_20260624_130215.csv
QA symlink: /home/eker/Master-Thesis---Multi-modal-User-Intention-Estimation-and-Hand-Position-Prediction/Data_collection/aruco_poses_Julienco_7_20260624_130215.csv
SKIP: valid output already exists.

------------------------------------------------------------
[69/136] Sequence: Julienco_8_20260624_130311
VRS:        /home/eker/Master-Thesis---Multi-modal-User-Intention-Estimation-and-Hand-Position-Prediction/Data_collection/Data_vrs/Julienco_8_20260624_130311.vrs
Output CSV: /home/eker/Master-Thesis---Multi-modal-User-Intention-Estimation-and-Hand-Position-Prediction/Data_collection/Aruco_CSV/aruco_poses_Julienco_8_20260624_130311.csv
QA symlink: /home/eker/Master-Thesis---Multi-modal-User-Intention-Estimation-and-Hand-Position-Prediction/Data_collection/aruco_poses_Julienco_8_20260624_130311.csv
SKIP: valid output already exists.

------------------------------------------------------------
[70/136] Sequence: Leys_1_20260604_163147
VRS:        /home/eker/Master-Thesis---Multi-modal-User-Intention-Estimation-and-Hand-Position-Prediction/Data_collection/Data_vrs/Leys_1_20260604_163147.vrs
Output CSV: /home/eker/Master-Thesis---Multi-modal-User-Intention-Estimation-and-Hand-Position-Prediction/Data_collection/Aruco_CSV/aruco_poses_Leys_1_20260604_163147.csv
QA symlink: /home/eker/Master-Thesis---Multi-modal-User-Intention-Estimation-and-Hand-Position-Prediction/Data_collection/aruco_poses_Leys_1_20260604_163147.csv
SKIP: valid output already exists.

------------------------------------------------------------
[71/136] Sequence: Leys_2_20260604_163417
VRS:        /home/eker/Master-Thesis---Multi-modal-User-Intention-Estimation-and-Hand-Position-Prediction/Data_collection/Data_vrs/Leys_2_20260604_163417.vrs
Output CSV: /home/eker/Master-Thesis---Multi-modal-User-Intention-Estimation-and-Hand-Position-Prediction/Data_collection/Aruco_CSV/aruco_poses_Leys_2_20260604_163417.csv
QA symlink: /home/eker/Master-Thesis---Multi-modal-User-Intention-Estimation-and-Hand-Position-Prediction/Data_collection/aruco_poses_Leys_2_20260604_163417.csv
SKIP: valid output already exists.

------------------------------------------------------------
[72/136] Sequence: Leys_3_20260604_163535
VRS:        /home/eker/Master-Thesis---Multi-modal-User-Intention-Estimation-and-Hand-Position-Prediction/Data_collection/Data_vrs/Leys_3_20260604_163535.vrs
Output CSV: /home/eker/Master-Thesis---Multi-modal-User-Intention-Estimation-and-Hand-Position-Prediction/Data_collection/Aruco_CSV/aruco_poses_Leys_3_20260604_163535.csv
QA symlink: /home/eker/Master-Thesis---Multi-modal-User-Intention-Estimation-and-Hand-Position-Prediction/Data_collection/aruco_poses_Leys_3_20260604_163535.csv
SKIP: valid output already exists.

------------------------------------------------------------
[73/136] Sequence: Leys_4_20260604_163704
VRS:        /home/eker/Master-Thesis---Multi-modal-User-Intention-Estimation-and-Hand-Position-Prediction/Data_collection/Data_vrs/Leys_4_20260604_163704.vrs
Output CSV: /home/eker/Master-Thesis---Multi-modal-User-Intention-Estimation-and-Hand-Position-Prediction/Data_collection/Aruco_CSV/aruco_poses_Leys_4_20260604_163704.csv
QA symlink: /home/eker/Master-Thesis---Multi-modal-User-Intention-Estimation-and-Hand-Position-Prediction/Data_collection/aruco_poses_Leys_4_20260604_163704.csv
SKIP: valid output already exists.

------------------------------------------------------------
[74/136] Sequence: Leys_5_20260604_163854
VRS:        /home/eker/Master-Thesis---Multi-modal-User-Intention-Estimation-and-Hand-Position-Prediction/Data_collection/Data_vrs/Leys_5_20260604_163854.vrs
Output CSV: /home/eker/Master-Thesis---Multi-modal-User-Intention-Estimation-and-Hand-Position-Prediction/Data_collection/Aruco_CSV/aruco_poses_Leys_5_20260604_163854.csv
QA symlink: /home/eker/Master-Thesis---Multi-modal-User-Intention-Estimation-and-Hand-Position-Prediction/Data_collection/aruco_poses_Leys_5_20260604_163854.csv
SKIP: valid output already exists.

------------------------------------------------------------
[75/136] Sequence: Maria_1_20260624_133852
VRS:        /home/eker/Master-Thesis---Multi-modal-User-Intention-Estimation-and-Hand-Position-Prediction/Data_collection/Data_vrs/Maria_1_20260624_133852.vrs
Output CSV: /home/eker/Master-Thesis---Multi-modal-User-Intention-Estimation-and-Hand-Position-Prediction/Data_collection/Aruco_CSV/aruco_poses_Maria_1_20260624_133852.csv
QA symlink: /home/eker/Master-Thesis---Multi-modal-User-Intention-Estimation-and-Hand-Position-Prediction/Data_collection/aruco_poses_Maria_1_20260624_133852.csv
SKIP: valid output already exists.

------------------------------------------------------------
[76/136] Sequence: Maria_2_20260624_134005
VRS:        /home/eker/Master-Thesis---Multi-modal-User-Intention-Estimation-and-Hand-Position-Prediction/Data_collection/Data_vrs/Maria_2_20260624_134005.vrs
Output CSV: /home/eker/Master-Thesis---Multi-modal-User-Intention-Estimation-and-Hand-Position-Prediction/Data_collection/Aruco_CSV/aruco_poses_Maria_2_20260624_134005.csv
QA symlink: /home/eker/Master-Thesis---Multi-modal-User-Intention-Estimation-and-Hand-Position-Prediction/Data_collection/aruco_poses_Maria_2_20260624_134005.csv
SKIP: valid output already exists.

------------------------------------------------------------
[77/136] Sequence: Maria_3_20260624_134101
VRS:        /home/eker/Master-Thesis---Multi-modal-User-Intention-Estimation-and-Hand-Position-Prediction/Data_collection/Data_vrs/Maria_3_20260624_134101.vrs
Output CSV: /home/eker/Master-Thesis---Multi-modal-User-Intention-Estimation-and-Hand-Position-Prediction/Data_collection/Aruco_CSV/aruco_poses_Maria_3_20260624_134101.csv
QA symlink: /home/eker/Master-Thesis---Multi-modal-User-Intention-Estimation-and-Hand-Position-Prediction/Data_collection/aruco_poses_Maria_3_20260624_134101.csv
SKIP: valid output already exists.

------------------------------------------------------------
[78/136] Sequence: Maria_4_20260624_134233
VRS:        /home/eker/Master-Thesis---Multi-modal-User-Intention-Estimation-and-Hand-Position-Prediction/Data_collection/Data_vrs/Maria_4_20260624_134233.vrs
Output CSV: /home/eker/Master-Thesis---Multi-modal-User-Intention-Estimation-and-Hand-Position-Prediction/Data_collection/Aruco_CSV/aruco_poses_Maria_4_20260624_134233.csv
QA symlink: /home/eker/Master-Thesis---Multi-modal-User-Intention-Estimation-and-Hand-Position-Prediction/Data_collection/aruco_poses_Maria_4_20260624_134233.csv
SKIP: valid output already exists.

------------------------------------------------------------
[79/136] Sequence: Maria_5_20260624_134337
VRS:        /home/eker/Master-Thesis---Multi-modal-User-Intention-Estimation-and-Hand-Position-Prediction/Data_collection/Data_vrs/Maria_5_20260624_134337.vrs
Output CSV: /home/eker/Master-Thesis---Multi-modal-User-Intention-Estimation-and-Hand-Position-Prediction/Data_collection/Aruco_CSV/aruco_poses_Maria_5_20260624_134337.csv
QA symlink: /home/eker/Master-Thesis---Multi-modal-User-Intention-Estimation-and-Hand-Position-Prediction/Data_collection/aruco_poses_Maria_5_20260624_134337.csv
SKIP: valid output already exists.

------------------------------------------------------------
[80/136] Sequence: Maria_6_20260624_134443
VRS:        /home/eker/Master-Thesis---Multi-modal-User-Intention-Estimation-and-Hand-Position-Prediction/Data_collection/Data_vrs/Maria_6_20260624_134443.vrs
Output CSV: /home/eker/Master-Thesis---Multi-modal-User-Intention-Estimation-and-Hand-Position-Prediction/Data_collection/Aruco_CSV/aruco_poses_Maria_6_20260624_134443.csv
QA symlink: /home/eker/Master-Thesis---Multi-modal-User-Intention-Estimation-and-Hand-Position-Prediction/Data_collection/aruco_poses_Maria_6_20260624_134443.csv
SKIP: valid output already exists.

------------------------------------------------------------
[81/136] Sequence: Melih_10_20260616_180515
VRS:        /home/eker/Master-Thesis---Multi-modal-User-Intention-Estimation-and-Hand-Position-Prediction/Data_collection/Data_vrs/Melih_10_20260616_180515.vrs
Output CSV: /home/eker/Master-Thesis---Multi-modal-User-Intention-Estimation-and-Hand-Position-Prediction/Data_collection/Aruco_CSV/aruco_poses_Melih_10_20260616_180515.csv
QA symlink: /home/eker/Master-Thesis---Multi-modal-User-Intention-Estimation-and-Hand-Position-Prediction/Data_collection/aruco_poses_Melih_10_20260616_180515.csv
SKIP: valid output already exists.

------------------------------------------------------------
[82/136] Sequence: Melih_1_20260616_175140
VRS:        /home/eker/Master-Thesis---Multi-modal-User-Intention-Estimation-and-Hand-Position-Prediction/Data_collection/Data_vrs/Melih_1_20260616_175140.vrs
Output CSV: /home/eker/Master-Thesis---Multi-modal-User-Intention-Estimation-and-Hand-Position-Prediction/Data_collection/Aruco_CSV/aruco_poses_Melih_1_20260616_175140.csv
QA symlink: /home/eker/Master-Thesis---Multi-modal-User-Intention-Estimation-and-Hand-Position-Prediction/Data_collection/aruco_poses_Melih_1_20260616_175140.csv
SKIP: valid output already exists.

------------------------------------------------------------
[83/136] Sequence: Melih_2_20260616_175310
VRS:        /home/eker/Master-Thesis---Multi-modal-User-Intention-Estimation-and-Hand-Position-Prediction/Data_collection/Data_vrs/Melih_2_20260616_175310.vrs
Output CSV: /home/eker/Master-Thesis---Multi-modal-User-Intention-Estimation-and-Hand-Position-Prediction/Data_collection/Aruco_CSV/aruco_poses_Melih_2_20260616_175310.csv
QA symlink: /home/eker/Master-Thesis---Multi-modal-User-Intention-Estimation-and-Hand-Position-Prediction/Data_collection/aruco_poses_Melih_2_20260616_175310.csv
SKIP: valid output already exists.

------------------------------------------------------------
[84/136] Sequence: Melih_3_20260616_175418
VRS:        /home/eker/Master-Thesis---Multi-modal-User-Intention-Estimation-and-Hand-Position-Prediction/Data_collection/Data_vrs/Melih_3_20260616_175418.vrs
Output CSV: /home/eker/Master-Thesis---Multi-modal-User-Intention-Estimation-and-Hand-Position-Prediction/Data_collection/Aruco_CSV/aruco_poses_Melih_3_20260616_175418.csv
QA symlink: /home/eker/Master-Thesis---Multi-modal-User-Intention-Estimation-and-Hand-Position-Prediction/Data_collection/aruco_poses_Melih_3_20260616_175418.csv
SKIP: valid output already exists.

------------------------------------------------------------
[85/136] Sequence: Melih_4_20260616_175523
VRS:        /home/eker/Master-Thesis---Multi-modal-User-Intention-Estimation-and-Hand-Position-Prediction/Data_collection/Data_vrs/Melih_4_20260616_175523.vrs
Output CSV: /home/eker/Master-Thesis---Multi-modal-User-Intention-Estimation-and-Hand-Position-Prediction/Data_collection/Aruco_CSV/aruco_poses_Melih_4_20260616_175523.csv
QA symlink: /home/eker/Master-Thesis---Multi-modal-User-Intention-Estimation-and-Hand-Position-Prediction/Data_collection/aruco_poses_Melih_4_20260616_175523.csv
SKIP: valid output already exists.

------------------------------------------------------------
[86/136] Sequence: Melih_5_20260616_175612
VRS:        /home/eker/Master-Thesis---Multi-modal-User-Intention-Estimation-and-Hand-Position-Prediction/Data_collection/Data_vrs/Melih_5_20260616_175612.vrs
Output CSV: /home/eker/Master-Thesis---Multi-modal-User-Intention-Estimation-and-Hand-Position-Prediction/Data_collection/Aruco_CSV/aruco_poses_Melih_5_20260616_175612.csv
QA symlink: /home/eker/Master-Thesis---Multi-modal-User-Intention-Estimation-and-Hand-Position-Prediction/Data_collection/aruco_poses_Melih_5_20260616_175612.csv
SKIP: valid output already exists.

------------------------------------------------------------
[87/136] Sequence: Melih_6_20260616_180104
VRS:        /home/eker/Master-Thesis---Multi-modal-User-Intention-Estimation-and-Hand-Position-Prediction/Data_collection/Data_vrs/Melih_6_20260616_180104.vrs
Output CSV: /home/eker/Master-Thesis---Multi-modal-User-Intention-Estimation-and-Hand-Position-Prediction/Data_collection/Aruco_CSV/aruco_poses_Melih_6_20260616_180104.csv
QA symlink: /home/eker/Master-Thesis---Multi-modal-User-Intention-Estimation-and-Hand-Position-Prediction/Data_collection/aruco_poses_Melih_6_20260616_180104.csv
SKIP: valid output already exists.

------------------------------------------------------------
[88/136] Sequence: Melih_7_20260616_180202
VRS:        /home/eker/Master-Thesis---Multi-modal-User-Intention-Estimation-and-Hand-Position-Prediction/Data_collection/Data_vrs/Melih_7_20260616_180202.vrs
Output CSV: /home/eker/Master-Thesis---Multi-modal-User-Intention-Estimation-and-Hand-Position-Prediction/Data_collection/Aruco_CSV/aruco_poses_Melih_7_20260616_180202.csv
QA symlink: /home/eker/Master-Thesis---Multi-modal-User-Intention-Estimation-and-Hand-Position-Prediction/Data_collection/aruco_poses_Melih_7_20260616_180202.csv
SKIP: valid output already exists.

------------------------------------------------------------
[89/136] Sequence: Melih_8_20260616_180307
VRS:        /home/eker/Master-Thesis---Multi-modal-User-Intention-Estimation-and-Hand-Position-Prediction/Data_collection/Data_vrs/Melih_8_20260616_180307.vrs
Output CSV: /home/eker/Master-Thesis---Multi-modal-User-Intention-Estimation-and-Hand-Position-Prediction/Data_collection/Aruco_CSV/aruco_poses_Melih_8_20260616_180307.csv
QA symlink: /home/eker/Master-Thesis---Multi-modal-User-Intention-Estimation-and-Hand-Position-Prediction/Data_collection/aruco_poses_Melih_8_20260616_180307.csv
SKIP: valid output already exists.

------------------------------------------------------------
[90/136] Sequence: Melih_9_20260616_180402
VRS:        /home/eker/Master-Thesis---Multi-modal-User-Intention-Estimation-and-Hand-Position-Prediction/Data_collection/Data_vrs/Melih_9_20260616_180402.vrs
Output CSV: /home/eker/Master-Thesis---Multi-modal-User-Intention-Estimation-and-Hand-Position-Prediction/Data_collection/Aruco_CSV/aruco_poses_Melih_9_20260616_180402.csv
QA symlink: /home/eker/Master-Thesis---Multi-modal-User-Intention-Estimation-and-Hand-Position-Prediction/Data_collection/aruco_poses_Melih_9_20260616_180402.csv
SKIP: valid output already exists.

------------------------------------------------------------
[91/136] Sequence: Miro_1_20260604_153303
VRS:        /home/eker/Master-Thesis---Multi-modal-User-Intention-Estimation-and-Hand-Position-Prediction/Data_collection/Data_vrs/Miro_1_20260604_153303.vrs
Output CSV: /home/eker/Master-Thesis---Multi-modal-User-Intention-Estimation-and-Hand-Position-Prediction/Data_collection/Aruco_CSV/aruco_poses_Miro_1_20260604_153303.csv
QA symlink: /home/eker/Master-Thesis---Multi-modal-User-Intention-Estimation-and-Hand-Position-Prediction/Data_collection/aruco_poses_Miro_1_20260604_153303.csv
SKIP: valid output already exists.

------------------------------------------------------------
[92/136] Sequence: Miro_2_20260604_153451
VRS:        /home/eker/Master-Thesis---Multi-modal-User-Intention-Estimation-and-Hand-Position-Prediction/Data_collection/Data_vrs/Miro_2_20260604_153451.vrs
Output CSV: /home/eker/Master-Thesis---Multi-modal-User-Intention-Estimation-and-Hand-Position-Prediction/Data_collection/Aruco_CSV/aruco_poses_Miro_2_20260604_153451.csv
QA symlink: /home/eker/Master-Thesis---Multi-modal-User-Intention-Estimation-and-Hand-Position-Prediction/Data_collection/aruco_poses_Miro_2_20260604_153451.csv
SKIP: valid output already exists.

------------------------------------------------------------
[93/136] Sequence: Miro_3_20260604_153609
VRS:        /home/eker/Master-Thesis---Multi-modal-User-Intention-Estimation-and-Hand-Position-Prediction/Data_collection/Data_vrs/Miro_3_20260604_153609.vrs
Output CSV: /home/eker/Master-Thesis---Multi-modal-User-Intention-Estimation-and-Hand-Position-Prediction/Data_collection/Aruco_CSV/aruco_poses_Miro_3_20260604_153609.csv
QA symlink: /home/eker/Master-Thesis---Multi-modal-User-Intention-Estimation-and-Hand-Position-Prediction/Data_collection/aruco_poses_Miro_3_20260604_153609.csv
SKIP: valid output already exists.

------------------------------------------------------------
[94/136] Sequence: Miro_4_20260604_153734
VRS:        /home/eker/Master-Thesis---Multi-modal-User-Intention-Estimation-and-Hand-Position-Prediction/Data_collection/Data_vrs/Miro_4_20260604_153734.vrs
Output CSV: /home/eker/Master-Thesis---Multi-modal-User-Intention-Estimation-and-Hand-Position-Prediction/Data_collection/Aruco_CSV/aruco_poses_Miro_4_20260604_153734.csv
QA symlink: /home/eker/Master-Thesis---Multi-modal-User-Intention-Estimation-and-Hand-Position-Prediction/Data_collection/aruco_poses_Miro_4_20260604_153734.csv
SKIP: valid output already exists.

------------------------------------------------------------
[95/136] Sequence: Mona_1_20260624_123312
VRS:        /home/eker/Master-Thesis---Multi-modal-User-Intention-Estimation-and-Hand-Position-Prediction/Data_collection/Data_vrs/Mona_1_20260624_123312.vrs
Output CSV: /home/eker/Master-Thesis---Multi-modal-User-Intention-Estimation-and-Hand-Position-Prediction/Data_collection/Aruco_CSV/aruco_poses_Mona_1_20260624_123312.csv
QA symlink: /home/eker/Master-Thesis---Multi-modal-User-Intention-Estimation-and-Hand-Position-Prediction/Data_collection/aruco_poses_Mona_1_20260624_123312.csv
SKIP: valid output already exists.

------------------------------------------------------------
[96/136] Sequence: Mona_2_20260624_123443
VRS:        /home/eker/Master-Thesis---Multi-modal-User-Intention-Estimation-and-Hand-Position-Prediction/Data_collection/Data_vrs/Mona_2_20260624_123443.vrs
Output CSV: /home/eker/Master-Thesis---Multi-modal-User-Intention-Estimation-and-Hand-Position-Prediction/Data_collection/Aruco_CSV/aruco_poses_Mona_2_20260624_123443.csv
QA symlink: /home/eker/Master-Thesis---Multi-modal-User-Intention-Estimation-and-Hand-Position-Prediction/Data_collection/aruco_poses_Mona_2_20260624_123443.csv
SKIP: valid output already exists.

------------------------------------------------------------
[97/136] Sequence: Mona_3_20260624_123548
VRS:        /home/eker/Master-Thesis---Multi-modal-User-Intention-Estimation-and-Hand-Position-Prediction/Data_collection/Data_vrs/Mona_3_20260624_123548.vrs
Output CSV: /home/eker/Master-Thesis---Multi-modal-User-Intention-Estimation-and-Hand-Position-Prediction/Data_collection/Aruco_CSV/aruco_poses_Mona_3_20260624_123548.csv
QA symlink: /home/eker/Master-Thesis---Multi-modal-User-Intention-Estimation-and-Hand-Position-Prediction/Data_collection/aruco_poses_Mona_3_20260624_123548.csv
SKIP: valid output already exists.

------------------------------------------------------------
[98/136] Sequence: Mona_4_20260624_123706
VRS:        /home/eker/Master-Thesis---Multi-modal-User-Intention-Estimation-and-Hand-Position-Prediction/Data_collection/Data_vrs/Mona_4_20260624_123706.vrs
Output CSV: /home/eker/Master-Thesis---Multi-modal-User-Intention-Estimation-and-Hand-Position-Prediction/Data_collection/Aruco_CSV/aruco_poses_Mona_4_20260624_123706.csv
QA symlink: /home/eker/Master-Thesis---Multi-modal-User-Intention-Estimation-and-Hand-Position-Prediction/Data_collection/aruco_poses_Mona_4_20260624_123706.csv
SKIP: valid output already exists.

------------------------------------------------------------
[99/136] Sequence: Mona_5_20260624_123814
VRS:        /home/eker/Master-Thesis---Multi-modal-User-Intention-Estimation-and-Hand-Position-Prediction/Data_collection/Data_vrs/Mona_5_20260624_123814.vrs
Output CSV: /home/eker/Master-Thesis---Multi-modal-User-Intention-Estimation-and-Hand-Position-Prediction/Data_collection/Aruco_CSV/aruco_poses_Mona_5_20260624_123814.csv
QA symlink: /home/eker/Master-Thesis---Multi-modal-User-Intention-Estimation-and-Hand-Position-Prediction/Data_collection/aruco_poses_Mona_5_20260624_123814.csv
SKIP: valid output already exists.

------------------------------------------------------------
[100/136] Sequence: Mona_6_20260624_123930
VRS:        /home/eker/Master-Thesis---Multi-modal-User-Intention-Estimation-and-Hand-Position-Prediction/Data_collection/Data_vrs/Mona_6_20260624_123930.vrs
Output CSV: /home/eker/Master-Thesis---Multi-modal-User-Intention-Estimation-and-Hand-Position-Prediction/Data_collection/Aruco_CSV/aruco_poses_Mona_6_20260624_123930.csv
QA symlink: /home/eker/Master-Thesis---Multi-modal-User-Intention-Estimation-and-Hand-Position-Prediction/Data_collection/aruco_poses_Mona_6_20260624_123930.csv
SKIP: valid output already exists.

------------------------------------------------------------
[101/136] Sequence: Mona_7_20260624_124051
VRS:        /home/eker/Master-Thesis---Multi-modal-User-Intention-Estimation-and-Hand-Position-Prediction/Data_collection/Data_vrs/Mona_7_20260624_124051.vrs
Output CSV: /home/eker/Master-Thesis---Multi-modal-User-Intention-Estimation-and-Hand-Position-Prediction/Data_collection/Aruco_CSV/aruco_poses_Mona_7_20260624_124051.csv
QA symlink: /home/eker/Master-Thesis---Multi-modal-User-Intention-Estimation-and-Hand-Position-Prediction/Data_collection/aruco_poses_Mona_7_20260624_124051.csv
SKIP: valid output already exists.

------------------------------------------------------------
[102/136] Sequence: Mona_8_20260624_124414
VRS:        /home/eker/Master-Thesis---Multi-modal-User-Intention-Estimation-and-Hand-Position-Prediction/Data_collection/Data_vrs/Mona_8_20260624_124414.vrs
Output CSV: /home/eker/Master-Thesis---Multi-modal-User-Intention-Estimation-and-Hand-Position-Prediction/Data_collection/Aruco_CSV/aruco_poses_Mona_8_20260624_124414.csv
QA symlink: /home/eker/Master-Thesis---Multi-modal-User-Intention-Estimation-and-Hand-Position-Prediction/Data_collection/aruco_poses_Mona_8_20260624_124414.csv
SKIP: valid output already exists.

------------------------------------------------------------
[103/136] Sequence: Suthan_1_20260604_164834
VRS:        /home/eker/Master-Thesis---Multi-modal-User-Intention-Estimation-and-Hand-Position-Prediction/Data_collection/Data_vrs/Suthan_1_20260604_164834.vrs
Output CSV: /home/eker/Master-Thesis---Multi-modal-User-Intention-Estimation-and-Hand-Position-Prediction/Data_collection/Aruco_CSV/aruco_poses_Suthan_1_20260604_164834.csv
QA symlink: /home/eker/Master-Thesis---Multi-modal-User-Intention-Estimation-and-Hand-Position-Prediction/Data_collection/aruco_poses_Suthan_1_20260604_164834.csv
SKIP: valid output already exists.

------------------------------------------------------------
[104/136] Sequence: Suthan_2_20260604_165031
VRS:        /home/eker/Master-Thesis---Multi-modal-User-Intention-Estimation-and-Hand-Position-Prediction/Data_collection/Data_vrs/Suthan_2_20260604_165031.vrs
Output CSV: /home/eker/Master-Thesis---Multi-modal-User-Intention-Estimation-and-Hand-Position-Prediction/Data_collection/Aruco_CSV/aruco_poses_Suthan_2_20260604_165031.csv
QA symlink: /home/eker/Master-Thesis---Multi-modal-User-Intention-Estimation-and-Hand-Position-Prediction/Data_collection/aruco_poses_Suthan_2_20260604_165031.csv
SKIP: valid output already exists.

------------------------------------------------------------
[105/136] Sequence: Suthan_3_20260604_165324
VRS:        /home/eker/Master-Thesis---Multi-modal-User-Intention-Estimation-and-Hand-Position-Prediction/Data_collection/Data_vrs/Suthan_3_20260604_165324.vrs
Output CSV: /home/eker/Master-Thesis---Multi-modal-User-Intention-Estimation-and-Hand-Position-Prediction/Data_collection/Aruco_CSV/aruco_poses_Suthan_3_20260604_165324.csv
QA symlink: /home/eker/Master-Thesis---Multi-modal-User-Intention-Estimation-and-Hand-Position-Prediction/Data_collection/aruco_poses_Suthan_3_20260604_165324.csv
SKIP: valid output already exists.

------------------------------------------------------------
[106/136] Sequence: Suthan_4_20260604_165434
VRS:        /home/eker/Master-Thesis---Multi-modal-User-Intention-Estimation-and-Hand-Position-Prediction/Data_collection/Data_vrs/Suthan_4_20260604_165434.vrs
Output CSV: /home/eker/Master-Thesis---Multi-modal-User-Intention-Estimation-and-Hand-Position-Prediction/Data_collection/Aruco_CSV/aruco_poses_Suthan_4_20260604_165434.csv
QA symlink: /home/eker/Master-Thesis---Multi-modal-User-Intention-Estimation-and-Hand-Position-Prediction/Data_collection/aruco_poses_Suthan_4_20260604_165434.csv
SKIP: valid output already exists.

------------------------------------------------------------
[107/136] Sequence: Test_1_20260624_122109
VRS:        /home/eker/Master-Thesis---Multi-modal-User-Intention-Estimation-and-Hand-Position-Prediction/Data_collection/Data_vrs/Test_1_20260624_122109.vrs
Output CSV: /home/eker/Master-Thesis---Multi-modal-User-Intention-Estimation-and-Hand-Position-Prediction/Data_collection/Aruco_CSV/aruco_poses_Test_1_20260624_122109.csv
QA symlink: /home/eker/Master-Thesis---Multi-modal-User-Intention-Estimation-and-Hand-Position-Prediction/Data_collection/aruco_poses_Test_1_20260624_122109.csv
SKIP: valid output already exists.

------------------------------------------------------------
[108/136] Sequence: Test_2_20260624_122206
VRS:        /home/eker/Master-Thesis---Multi-modal-User-Intention-Estimation-and-Hand-Position-Prediction/Data_collection/Data_vrs/Test_2_20260624_122206.vrs
Output CSV: /home/eker/Master-Thesis---Multi-modal-User-Intention-Estimation-and-Hand-Position-Prediction/Data_collection/Aruco_CSV/aruco_poses_Test_2_20260624_122206.csv
QA symlink: /home/eker/Master-Thesis---Multi-modal-User-Intention-Estimation-and-Hand-Position-Prediction/Data_collection/aruco_poses_Test_2_20260624_122206.csv
SKIP: valid output already exists.

------------------------------------------------------------
[109/136] Sequence: Test_3_20260522_160036
VRS:        /home/eker/Master-Thesis---Multi-modal-User-Intention-Estimation-and-Hand-Position-Prediction/Data_collection/Data_vrs/Test_3_20260522_160036.vrs
Output CSV: /home/eker/Master-Thesis---Multi-modal-User-Intention-Estimation-and-Hand-Position-Prediction/Data_collection/Aruco_CSV/aruco_poses_Test_3_20260522_160036.csv
QA symlink: /home/eker/Master-Thesis---Multi-modal-User-Intention-Estimation-and-Hand-Position-Prediction/Data_collection/aruco_poses_Test_3_20260522_160036.csv
SKIP: valid output already exists.

------------------------------------------------------------
[110/136] Sequence: Test_3_20260624_122314
VRS:        /home/eker/Master-Thesis---Multi-modal-User-Intention-Estimation-and-Hand-Position-Prediction/Data_collection/Data_vrs/Test_3_20260624_122314.vrs
Output CSV: /home/eker/Master-Thesis---Multi-modal-User-Intention-Estimation-and-Hand-Position-Prediction/Data_collection/Aruco_CSV/aruco_poses_Test_3_20260624_122314.csv
QA symlink: /home/eker/Master-Thesis---Multi-modal-User-Intention-Estimation-and-Hand-Position-Prediction/Data_collection/aruco_poses_Test_3_20260624_122314.csv
SKIP: valid output already exists.

------------------------------------------------------------
[111/136] Sequence: Test_4_20260527_161832
VRS:        /home/eker/Master-Thesis---Multi-modal-User-Intention-Estimation-and-Hand-Position-Prediction/Data_collection/Data_vrs/Test_4_20260527_161832.vrs
Output CSV: /home/eker/Master-Thesis---Multi-modal-User-Intention-Estimation-and-Hand-Position-Prediction/Data_collection/Aruco_CSV/aruco_poses_Test_4_20260527_161832.csv
QA symlink: /home/eker/Master-Thesis---Multi-modal-User-Intention-Estimation-and-Hand-Position-Prediction/Data_collection/aruco_poses_Test_4_20260527_161832.csv
SKIP: valid output already exists.

------------------------------------------------------------
[112/136] Sequence: Test_4_20260624_122416
VRS:        /home/eker/Master-Thesis---Multi-modal-User-Intention-Estimation-and-Hand-Position-Prediction/Data_collection/Data_vrs/Test_4_20260624_122416.vrs
Output CSV: /home/eker/Master-Thesis---Multi-modal-User-Intention-Estimation-and-Hand-Position-Prediction/Data_collection/Aruco_CSV/aruco_poses_Test_4_20260624_122416.csv
QA symlink: /home/eker/Master-Thesis---Multi-modal-User-Intention-Estimation-and-Hand-Position-Prediction/Data_collection/aruco_poses_Test_4_20260624_122416.csv
SKIP: valid output already exists.

------------------------------------------------------------
[113/136] Sequence: Test_5_20260624_122509
VRS:        /home/eker/Master-Thesis---Multi-modal-User-Intention-Estimation-and-Hand-Position-Prediction/Data_collection/Data_vrs/Test_5_20260624_122509.vrs
Output CSV: /home/eker/Master-Thesis---Multi-modal-User-Intention-Estimation-and-Hand-Position-Prediction/Data_collection/Aruco_CSV/aruco_poses_Test_5_20260624_122509.csv
QA symlink: /home/eker/Master-Thesis---Multi-modal-User-Intention-Estimation-and-Hand-Position-Prediction/Data_collection/aruco_poses_Test_5_20260624_122509.csv
SKIP: valid output already exists.

------------------------------------------------------------
[114/136] Sequence: Test_6_20260624_122607
VRS:        /home/eker/Master-Thesis---Multi-modal-User-Intention-Estimation-and-Hand-Position-Prediction/Data_collection/Data_vrs/Test_6_20260624_122607.vrs
Output CSV: /home/eker/Master-Thesis---Multi-modal-User-Intention-Estimation-and-Hand-Position-Prediction/Data_collection/Aruco_CSV/aruco_poses_Test_6_20260624_122607.csv
QA symlink: /home/eker/Master-Thesis---Multi-modal-User-Intention-Estimation-and-Hand-Position-Prediction/Data_collection/aruco_poses_Test_6_20260624_122607.csv
SKIP: valid output already exists.

------------------------------------------------------------
[115/136] Sequence: Test_7_20260601_165002
VRS:        /home/eker/Master-Thesis---Multi-modal-User-Intention-Estimation-and-Hand-Position-Prediction/Data_collection/Data_vrs/Test_7_20260601_165002.vrs
Output CSV: /home/eker/Master-Thesis---Multi-modal-User-Intention-Estimation-and-Hand-Position-Prediction/Data_collection/Aruco_CSV/aruco_poses_Test_7_20260601_165002.csv
QA symlink: /home/eker/Master-Thesis---Multi-modal-User-Intention-Estimation-and-Hand-Position-Prediction/Data_collection/aruco_poses_Test_7_20260601_165002.csv
SKIP: valid output already exists.

------------------------------------------------------------
[116/136] Sequence: Test_7_20260624_122709
VRS:        /home/eker/Master-Thesis---Multi-modal-User-Intention-Estimation-and-Hand-Position-Prediction/Data_collection/Data_vrs/Test_7_20260624_122709.vrs
Output CSV: /home/eker/Master-Thesis---Multi-modal-User-Intention-Estimation-and-Hand-Position-Prediction/Data_collection/Aruco_CSV/aruco_poses_Test_7_20260624_122709.csv
QA symlink: /home/eker/Master-Thesis---Multi-modal-User-Intention-Estimation-and-Hand-Position-Prediction/Data_collection/aruco_poses_Test_7_20260624_122709.csv
SKIP: valid output already exists.

------------------------------------------------------------
[117/136] Sequence: unknown_20260604_150319
VRS:        /home/eker/Master-Thesis---Multi-modal-User-Intention-Estimation-and-Hand-Position-Prediction/Data_collection/Data_vrs/unknown_20260604_150319.vrs
Output CSV: /home/eker/Master-Thesis---Multi-modal-User-Intention-Estimation-and-Hand-Position-Prediction/Data_collection/Aruco_CSV/aruco_poses_unknown_20260604_150319.csv
QA symlink: /home/eker/Master-Thesis---Multi-modal-User-Intention-Estimation-and-Hand-Position-Prediction/Data_collection/aruco_poses_unknown_20260604_150319.csv
SKIP: valid output already exists.

------------------------------------------------------------
[118/136] Sequence: Unknown_2_20260616_141751
VRS:        /home/eker/Master-Thesis---Multi-modal-User-Intention-Estimation-and-Hand-Position-Prediction/Data_collection/Data_vrs/Unknown_2_20260616_141751.vrs
Output CSV: /home/eker/Master-Thesis---Multi-modal-User-Intention-Estimation-and-Hand-Position-Prediction/Data_collection/Aruco_CSV/aruco_poses_Unknown_2_20260616_141751.csv
QA symlink: /home/eker/Master-Thesis---Multi-modal-User-Intention-Estimation-and-Hand-Position-Prediction/Data_collection/aruco_poses_Unknown_2_20260616_141751.csv
SKIP: valid output already exists.

------------------------------------------------------------
[119/136] Sequence: Urim_10_20260616_145015
VRS:        /home/eker/Master-Thesis---Multi-modal-User-Intention-Estimation-and-Hand-Position-Prediction/Data_collection/Data_vrs/Urim_10_20260616_145015.vrs
Output CSV: /home/eker/Master-Thesis---Multi-modal-User-Intention-Estimation-and-Hand-Position-Prediction/Data_collection/Aruco_CSV/aruco_poses_Urim_10_20260616_145015.csv
QA symlink: /home/eker/Master-Thesis---Multi-modal-User-Intention-Estimation-and-Hand-Position-Prediction/Data_collection/aruco_poses_Urim_10_20260616_145015.csv
SKIP: valid output already exists.

------------------------------------------------------------
[120/136] Sequence: Urim_1_20260604_160102
VRS:        /home/eker/Master-Thesis---Multi-modal-User-Intention-Estimation-and-Hand-Position-Prediction/Data_collection/Data_vrs/Urim_1_20260604_160102.vrs
Output CSV: /home/eker/Master-Thesis---Multi-modal-User-Intention-Estimation-and-Hand-Position-Prediction/Data_collection/Aruco_CSV/aruco_poses_Urim_1_20260604_160102.csv
QA symlink: /home/eker/Master-Thesis---Multi-modal-User-Intention-Estimation-and-Hand-Position-Prediction/Data_collection/aruco_poses_Urim_1_20260604_160102.csv
SKIP: valid output already exists.

------------------------------------------------------------
[121/136] Sequence: Urim_2_20260604_160234
VRS:        /home/eker/Master-Thesis---Multi-modal-User-Intention-Estimation-and-Hand-Position-Prediction/Data_collection/Data_vrs/Urim_2_20260604_160234.vrs
Output CSV: /home/eker/Master-Thesis---Multi-modal-User-Intention-Estimation-and-Hand-Position-Prediction/Data_collection/Aruco_CSV/aruco_poses_Urim_2_20260604_160234.csv
QA symlink: /home/eker/Master-Thesis---Multi-modal-User-Intention-Estimation-and-Hand-Position-Prediction/Data_collection/aruco_poses_Urim_2_20260604_160234.csv
SKIP: valid output already exists.

------------------------------------------------------------
[122/136] Sequence: Urim_3_20260604_160345
VRS:        /home/eker/Master-Thesis---Multi-modal-User-Intention-Estimation-and-Hand-Position-Prediction/Data_collection/Data_vrs/Urim_3_20260604_160345.vrs
Output CSV: /home/eker/Master-Thesis---Multi-modal-User-Intention-Estimation-and-Hand-Position-Prediction/Data_collection/Aruco_CSV/aruco_poses_Urim_3_20260604_160345.csv
QA symlink: /home/eker/Master-Thesis---Multi-modal-User-Intention-Estimation-and-Hand-Position-Prediction/Data_collection/aruco_poses_Urim_3_20260604_160345.csv
SKIP: valid output already exists.

------------------------------------------------------------
[123/136] Sequence: Urim_4_20260604_160502
VRS:        /home/eker/Master-Thesis---Multi-modal-User-Intention-Estimation-and-Hand-Position-Prediction/Data_collection/Data_vrs/Urim_4_20260604_160502.vrs
Output CSV: /home/eker/Master-Thesis---Multi-modal-User-Intention-Estimation-and-Hand-Position-Prediction/Data_collection/Aruco_CSV/aruco_poses_Urim_4_20260604_160502.csv
QA symlink: /home/eker/Master-Thesis---Multi-modal-User-Intention-Estimation-and-Hand-Position-Prediction/Data_collection/aruco_poses_Urim_4_20260604_160502.csv
SKIP: valid output already exists.

------------------------------------------------------------
[124/136] Sequence: Urim_5_20260604_160634
VRS:        /home/eker/Master-Thesis---Multi-modal-User-Intention-Estimation-and-Hand-Position-Prediction/Data_collection/Data_vrs/Urim_5_20260604_160634.vrs
Output CSV: /home/eker/Master-Thesis---Multi-modal-User-Intention-Estimation-and-Hand-Position-Prediction/Data_collection/Aruco_CSV/aruco_poses_Urim_5_20260604_160634.csv
QA symlink: /home/eker/Master-Thesis---Multi-modal-User-Intention-Estimation-and-Hand-Position-Prediction/Data_collection/aruco_poses_Urim_5_20260604_160634.csv
SKIP: valid output already exists.

------------------------------------------------------------
[125/136] Sequence: Urim_6_20260616_144055
VRS:        /home/eker/Master-Thesis---Multi-modal-User-Intention-Estimation-and-Hand-Position-Prediction/Data_collection/Data_vrs/Urim_6_20260616_144055.vrs
Output CSV: /home/eker/Master-Thesis---Multi-modal-User-Intention-Estimation-and-Hand-Position-Prediction/Data_collection/Aruco_CSV/aruco_poses_Urim_6_20260616_144055.csv
QA symlink: /home/eker/Master-Thesis---Multi-modal-User-Intention-Estimation-and-Hand-Position-Prediction/Data_collection/aruco_poses_Urim_6_20260616_144055.csv
Opening: /home/eker/Master-Thesis---Multi-modal-User-Intention-Estimation-and-Hand-Position-Prediction/Data_collection/Data_vrs/Urim_6_20260616_144055.vrs
Frame 1/1054
Frame 501/1054
Frame 1001/1054
Frame 1054/1054

Extraction summary
  sequence: Urim_6_20260616_144055
  frames: 1054/1054
  timestamp range ns: 1706024958515 .. 1741114633078
  accepted marker poses: 9395
  rejected IDs: 1
  failed pose estimates: 0
    apriltag_36h11:0 -> 582
    apriltag_36h11:1 -> 230
    apriltag_36h11:2 -> 754
    apriltag_36h11:3 -> 253
    apriltag_36h11:4 -> 241
    aruco_4x4_50:7 -> 975
    aruco_4x4_50:8 -> 1027
    aruco_4x4_50:9 -> 906
    aruco_4x4_50:10 -> 812
    aruco_4x4_50:11 -> 926
    aruco_4x4_50:12 -> 1010
    aruco_4x4_50:13 -> 630
    aruco_4x4_50:14 -> 1049
  rejected ID details:
    aruco_4x4_50:17 -> 1
  CSV: /home/eker/Master-Thesis---Multi-modal-User-Intention-Estimation-and-Hand-Position-Prediction/Data_collection/Aruco_CSV/aruco_poses_Urim_6_20260616_144055.csv
Finished and validated: Urim_6_20260616_144055

------------------------------------------------------------
[126/136] Sequence: Urim_7_20260616_144229
VRS:        /home/eker/Master-Thesis---Multi-modal-User-Intention-Estimation-and-Hand-Position-Prediction/Data_collection/Data_vrs/Urim_7_20260616_144229.vrs
Output CSV: /home/eker/Master-Thesis---Multi-modal-User-Intention-Estimation-and-Hand-Position-Prediction/Data_collection/Aruco_CSV/aruco_poses_Urim_7_20260616_144229.csv
QA symlink: /home/eker/Master-Thesis---Multi-modal-User-Intention-Estimation-and-Hand-Position-Prediction/Data_collection/aruco_poses_Urim_7_20260616_144229.csv
Opening: /home/eker/Master-Thesis---Multi-modal-User-Intention-Estimation-and-Hand-Position-Prediction/Data_collection/Data_vrs/Urim_7_20260616_144229.vrs
Frame 1/1049
Frame 501/1049
Frame 1001/1049
Frame 1049/1049

Extraction summary
  sequence: Urim_7_20260616_144229
  frames: 1049/1049
  timestamp range ns: 1800765219713 .. 1835687635683
  accepted marker poses: 9413
  rejected IDs: 1
  failed pose estimates: 0
    apriltag_36h11:0 -> 733
    apriltag_36h11:1 -> 85
    apriltag_36h11:2 -> 178
    apriltag_36h11:3 -> 280
    aruco_4x4_50:6 -> 854
    aruco_4x4_50:7 -> 1049
    aruco_4x4_50:8 -> 991
    aruco_4x4_50:9 -> 995
    aruco_4x4_50:10 -> 995
    aruco_4x4_50:11 -> 691
    aruco_4x4_50:12 -> 957
    aruco_4x4_50:13 -> 1043
    aruco_4x4_50:14 -> 562
  rejected ID details:
    aruco_4x4_50:17 -> 1
  CSV: /home/eker/Master-Thesis---Multi-modal-User-Intention-Estimation-and-Hand-Position-Prediction/Data_collection/Aruco_CSV/aruco_poses_Urim_7_20260616_144229.csv
Finished and validated: Urim_7_20260616_144229

------------------------------------------------------------
[127/136] Sequence: Urim_8_20260616_144352
VRS:        /home/eker/Master-Thesis---Multi-modal-User-Intention-Estimation-and-Hand-Position-Prediction/Data_collection/Data_vrs/Urim_8_20260616_144352.vrs
Output CSV: /home/eker/Master-Thesis---Multi-modal-User-Intention-Estimation-and-Hand-Position-Prediction/Data_collection/Aruco_CSV/aruco_poses_Urim_8_20260616_144352.csv
QA symlink: /home/eker/Master-Thesis---Multi-modal-User-Intention-Estimation-and-Hand-Position-Prediction/Data_collection/aruco_poses_Urim_8_20260616_144352.csv
Opening: /home/eker/Master-Thesis---Multi-modal-User-Intention-Estimation-and-Hand-Position-Prediction/Data_collection/Data_vrs/Urim_8_20260616_144352.vrs
Frame 1/1088
Frame 501/1088
Frame 1001/1088
Frame 1088/1088

Extraction summary
  sequence: Urim_8_20260616_144352
  frames: 1088/1088
  timestamp range ns: 1883705416006 .. 1919927425611
  accepted marker poses: 10164
  rejected IDs: 1
  failed pose estimates: 0
    apriltag_36h11:0 -> 482
    apriltag_36h11:1 -> 134
    apriltag_36h11:2 -> 857
    apriltag_36h11:3 -> 189
    aruco_4x4_50:6 -> 1083
    aruco_4x4_50:7 -> 588
    aruco_4x4_50:8 -> 935
    aruco_4x4_50:9 -> 990
    aruco_4x4_50:10 -> 948
    aruco_4x4_50:11 -> 914
    aruco_4x4_50:12 -> 1050
    aruco_4x4_50:13 -> 1004
    aruco_4x4_50:14 -> 990
  rejected ID details:
    aruco_4x4_50:17 -> 1
  CSV: /home/eker/Master-Thesis---Multi-modal-User-Intention-Estimation-and-Hand-Position-Prediction/Data_collection/Aruco_CSV/aruco_poses_Urim_8_20260616_144352.csv
Finished and validated: Urim_8_20260616_144352

------------------------------------------------------------
[128/136] Sequence: Urim_9_20260616_144841
VRS:        /home/eker/Master-Thesis---Multi-modal-User-Intention-Estimation-and-Hand-Position-Prediction/Data_collection/Data_vrs/Urim_9_20260616_144841.vrs
Output CSV: /home/eker/Master-Thesis---Multi-modal-User-Intention-Estimation-and-Hand-Position-Prediction/Data_collection/Aruco_CSV/aruco_poses_Urim_9_20260616_144841.csv
QA symlink: /home/eker/Master-Thesis---Multi-modal-User-Intention-Estimation-and-Hand-Position-Prediction/Data_collection/aruco_poses_Urim_9_20260616_144841.csv
Opening: /home/eker/Master-Thesis---Multi-modal-User-Intention-Estimation-and-Hand-Position-Prediction/Data_collection/Data_vrs/Urim_9_20260616_144841.vrs
Frame 1/1220
Frame 501/1220
Frame 1001/1220
Frame 1220/1220

Extraction summary
  sequence: Urim_9_20260616_144841
  frames: 1220/1220
  timestamp range ns: 2171896597797 .. 2212517517047
  accepted marker poses: 11740
  rejected IDs: 0
  failed pose estimates: 0
    apriltag_36h11:0 -> 797
    apriltag_36h11:1 -> 245
    apriltag_36h11:2 -> 807
    apriltag_36h11:3 -> 298
    apriltag_36h11:4 -> 275
    aruco_4x4_50:6 -> 998
    aruco_4x4_50:7 -> 931
    aruco_4x4_50:8 -> 1178
    aruco_4x4_50:9 -> 1091
    aruco_4x4_50:10 -> 1103
    aruco_4x4_50:11 -> 1126
    aruco_4x4_50:12 -> 1050
    aruco_4x4_50:13 -> 951
    aruco_4x4_50:14 -> 890
  CSV: /home/eker/Master-Thesis---Multi-modal-User-Intention-Estimation-and-Hand-Position-Prediction/Data_collection/Aruco_CSV/aruco_poses_Urim_9_20260616_144841.csv
Finished and validated: Urim_9_20260616_144841

------------------------------------------------------------
[129/136] Sequence: Vanessa_1_20260624_132542
VRS:        /home/eker/Master-Thesis---Multi-modal-User-Intention-Estimation-and-Hand-Position-Prediction/Data_collection/Data_vrs/Vanessa_1_20260624_132542.vrs
Output CSV: /home/eker/Master-Thesis---Multi-modal-User-Intention-Estimation-and-Hand-Position-Prediction/Data_collection/Aruco_CSV/aruco_poses_Vanessa_1_20260624_132542.csv
QA symlink: /home/eker/Master-Thesis---Multi-modal-User-Intention-Estimation-and-Hand-Position-Prediction/Data_collection/aruco_poses_Vanessa_1_20260624_132542.csv
Opening: /home/eker/Master-Thesis---Multi-modal-User-Intention-Estimation-and-Hand-Position-Prediction/Data_collection/Data_vrs/Vanessa_1_20260624_132542.vrs
Frame 1/1211
Frame 501/1211
Frame 1001/1211
Frame 1211/1211

Extraction summary
  sequence: Vanessa_1_20260624_132542
  frames: 1211/1211
  timestamp range ns: 4223755420863 .. 4264077942758
  accepted marker poses: 9035
  rejected IDs: 1
  failed pose estimates: 0
    apriltag_36h11:0 -> 900
    apriltag_36h11:2 -> 769
    apriltag_36h11:4 -> 612
    aruco_4x4_50:6 -> 971
    aruco_4x4_50:7 -> 983
    aruco_4x4_50:8 -> 882
    aruco_4x4_50:9 -> 1118
    aruco_4x4_50:10 -> 126
    aruco_4x4_50:11 -> 497
    aruco_4x4_50:12 -> 835
    aruco_4x4_50:13 -> 374
    aruco_4x4_50:14 -> 968
  rejected ID details:
    aruco_4x4_50:37 -> 1
  CSV: /home/eker/Master-Thesis---Multi-modal-User-Intention-Estimation-and-Hand-Position-Prediction/Data_collection/Aruco_CSV/aruco_poses_Vanessa_1_20260624_132542.csv
Finished and validated: Vanessa_1_20260624_132542

------------------------------------------------------------
[130/136] Sequence: Vanessa_2_20260624_132710
VRS:        /home/eker/Master-Thesis---Multi-modal-User-Intention-Estimation-and-Hand-Position-Prediction/Data_collection/Data_vrs/Vanessa_2_20260624_132710.vrs
Output CSV: /home/eker/Master-Thesis---Multi-modal-User-Intention-Estimation-and-Hand-Position-Prediction/Data_collection/Aruco_CSV/aruco_poses_Vanessa_2_20260624_132710.csv
QA symlink: /home/eker/Master-Thesis---Multi-modal-User-Intention-Estimation-and-Hand-Position-Prediction/Data_collection/aruco_poses_Vanessa_2_20260624_132710.csv
Opening: /home/eker/Master-Thesis---Multi-modal-User-Intention-Estimation-and-Hand-Position-Prediction/Data_collection/Data_vrs/Vanessa_2_20260624_132710.vrs
Frame 1/1092
Frame 501/1092
Frame 1001/1092
Frame 1092/1092

Extraction summary
  sequence: Vanessa_2_20260624_132710
  frames: 1092/1092
  timestamp range ns: 4312653026290 .. 4349010945759
  accepted marker poses: 8741
  rejected IDs: 0
  failed pose estimates: 0
    apriltag_36h11:0 -> 1089
    apriltag_36h11:2 -> 650
    aruco_4x4_50:6 -> 427
    aruco_4x4_50:7 -> 1091
    aruco_4x4_50:8 -> 442
    aruco_4x4_50:9 -> 1091
    aruco_4x4_50:11 -> 851
    aruco_4x4_50:12 -> 938
    aruco_4x4_50:13 -> 1072
    aruco_4x4_50:14 -> 1090
  CSV: /home/eker/Master-Thesis---Multi-modal-User-Intention-Estimation-and-Hand-Position-Prediction/Data_collection/Aruco_CSV/aruco_poses_Vanessa_2_20260624_132710.csv
Finished and validated: Vanessa_2_20260624_132710

------------------------------------------------------------
[131/136] Sequence: Vanessa_3_20260624_132807
VRS:        /home/eker/Master-Thesis---Multi-modal-User-Intention-Estimation-and-Hand-Position-Prediction/Data_collection/Data_vrs/Vanessa_3_20260624_132807.vrs
Output CSV: /home/eker/Master-Thesis---Multi-modal-User-Intention-Estimation-and-Hand-Position-Prediction/Data_collection/Aruco_CSV/aruco_poses_Vanessa_3_20260624_132807.csv
QA symlink: /home/eker/Master-Thesis---Multi-modal-User-Intention-Estimation-and-Hand-Position-Prediction/Data_collection/aruco_poses_Vanessa_3_20260624_132807.csv
Opening: /home/eker/Master-Thesis---Multi-modal-User-Intention-Estimation-and-Hand-Position-Prediction/Data_collection/Data_vrs/Vanessa_3_20260624_132807.vrs
Frame 1/1243
Frame 501/1243
Frame 1001/1243
Frame 1243/1243

Extraction summary
  sequence: Vanessa_3_20260624_132807
  frames: 1243/1243
  timestamp range ns: 4369539622384 .. 4410929663364
  accepted marker poses: 9700
  rejected IDs: 0
  failed pose estimates: 0
    apriltag_36h11:0 -> 1143
    apriltag_36h11:1 -> 7
    apriltag_36h11:2 -> 693
    apriltag_36h11:4 -> 12
    aruco_4x4_50:6 -> 40
    aruco_4x4_50:7 -> 1221
    aruco_4x4_50:8 -> 302
    aruco_4x4_50:9 -> 1225
    aruco_4x4_50:10 -> 873
    aruco_4x4_50:11 -> 900
    aruco_4x4_50:12 -> 853
    aruco_4x4_50:13 -> 1228
    aruco_4x4_50:14 -> 1203
  CSV: /home/eker/Master-Thesis---Multi-modal-User-Intention-Estimation-and-Hand-Position-Prediction/Data_collection/Aruco_CSV/aruco_poses_Vanessa_3_20260624_132807.csv
Finished and validated: Vanessa_3_20260624_132807

------------------------------------------------------------
[132/136] Sequence: Vanessa_4_20260624_132943
VRS:        /home/eker/Master-Thesis---Multi-modal-User-Intention-Estimation-and-Hand-Position-Prediction/Data_collection/Data_vrs/Vanessa_4_20260624_132943.vrs
Output CSV: /home/eker/Master-Thesis---Multi-modal-User-Intention-Estimation-and-Hand-Position-Prediction/Data_collection/Aruco_CSV/aruco_poses_Vanessa_4_20260624_132943.csv
QA symlink: /home/eker/Master-Thesis---Multi-modal-User-Intention-Estimation-and-Hand-Position-Prediction/Data_collection/aruco_poses_Vanessa_4_20260624_132943.csv
Opening: /home/eker/Master-Thesis---Multi-modal-User-Intention-Estimation-and-Hand-Position-Prediction/Data_collection/Data_vrs/Vanessa_4_20260624_132943.vrs
Frame 1/1027
Frame 501/1027
Frame 1001/1027
Frame 1027/1027

Extraction summary
  sequence: Vanessa_4_20260624_132943
  frames: 1027/1027
  timestamp range ns: 4465201469206 .. 4499392286437
  accepted marker poses: 8494
  rejected IDs: 0
  failed pose estimates: 0
    apriltag_36h11:0 -> 784
    apriltag_36h11:1 -> 8
    apriltag_36h11:2 -> 736
    apriltag_36h11:4 -> 574
    aruco_4x4_50:6 -> 25
    aruco_4x4_50:7 -> 902
    aruco_4x4_50:8 -> 355
    aruco_4x4_50:9 -> 958
    aruco_4x4_50:10 -> 436
    aruco_4x4_50:11 -> 977
    aruco_4x4_50:12 -> 988
    aruco_4x4_50:13 -> 966
    aruco_4x4_50:14 -> 785
  CSV: /home/eker/Master-Thesis---Multi-modal-User-Intention-Estimation-and-Hand-Position-Prediction/Data_collection/Aruco_CSV/aruco_poses_Vanessa_4_20260624_132943.csv
Finished and validated: Vanessa_4_20260624_132943

------------------------------------------------------------
[133/136] Sequence: Vanessa_5_20260624_133059
VRS:        /home/eker/Master-Thesis---Multi-modal-User-Intention-Estimation-and-Hand-Position-Prediction/Data_collection/Data_vrs/Vanessa_5_20260624_133059.vrs
Output CSV: /home/eker/Master-Thesis---Multi-modal-User-Intention-Estimation-and-Hand-Position-Prediction/Data_collection/Aruco_CSV/aruco_poses_Vanessa_5_20260624_133059.csv
QA symlink: /home/eker/Master-Thesis---Multi-modal-User-Intention-Estimation-and-Hand-Position-Prediction/Data_collection/aruco_poses_Vanessa_5_20260624_133059.csv
Opening: /home/eker/Master-Thesis---Multi-modal-User-Intention-Estimation-and-Hand-Position-Prediction/Data_collection/Data_vrs/Vanessa_5_20260624_133059.vrs
Frame 1/1033
Frame 501/1033
Frame 1001/1033
Frame 1033/1033

Extraction summary
  sequence: Vanessa_5_20260624_133059
  frames: 1033/1033
  timestamp range ns: 4541335567749 .. 4575727359196
  accepted marker poses: 9865
  rejected IDs: 1
  failed pose estimates: 0
    apriltag_36h11:0 -> 942
    apriltag_36h11:2 -> 674
    apriltag_36h11:4 -> 522
    aruco_4x4_50:6 -> 953
    aruco_4x4_50:7 -> 995
    aruco_4x4_50:8 -> 775
    aruco_4x4_50:9 -> 1017
    aruco_4x4_50:10 -> 1033
    aruco_4x4_50:11 -> 920
    aruco_4x4_50:12 -> 935
    aruco_4x4_50:13 -> 536
    aruco_4x4_50:14 -> 563
  rejected ID details:
    aruco_4x4_50:37 -> 1
  CSV: /home/eker/Master-Thesis---Multi-modal-User-Intention-Estimation-and-Hand-Position-Prediction/Data_collection/Aruco_CSV/aruco_poses_Vanessa_5_20260624_133059.csv
Finished and validated: Vanessa_5_20260624_133059

------------------------------------------------------------
[134/136] Sequence: Vanessa_6_20260624_133209
VRS:        /home/eker/Master-Thesis---Multi-modal-User-Intention-Estimation-and-Hand-Position-Prediction/Data_collection/Data_vrs/Vanessa_6_20260624_133209.vrs
Output CSV: /home/eker/Master-Thesis---Multi-modal-User-Intention-Estimation-and-Hand-Position-Prediction/Data_collection/Aruco_CSV/aruco_poses_Vanessa_6_20260624_133209.csv
QA symlink: /home/eker/Master-Thesis---Multi-modal-User-Intention-Estimation-and-Hand-Position-Prediction/Data_collection/aruco_poses_Vanessa_6_20260624_133209.csv
Opening: /home/eker/Master-Thesis---Multi-modal-User-Intention-Estimation-and-Hand-Position-Prediction/Data_collection/Data_vrs/Vanessa_6_20260624_133209.vrs
Frame 1/1095
Frame 501/1095
Frame 1001/1095
Frame 1095/1095

Extraction summary
  sequence: Vanessa_6_20260624_133209
  frames: 1095/1095
  timestamp range ns: 4611639112541 .. 4648097134447
  accepted marker poses: 9247
  rejected IDs: 3
  failed pose estimates: 0
    apriltag_36h11:0 -> 1068
    apriltag_36h11:2 -> 855
    apriltag_36h11:4 -> 663
    aruco_4x4_50:6 -> 113
    aruco_4x4_50:7 -> 1074
    aruco_4x4_50:8 -> 829
    aruco_4x4_50:9 -> 697
    aruco_4x4_50:10 -> 1056
    aruco_4x4_50:11 -> 413
    aruco_4x4_50:12 -> 1055
    aruco_4x4_50:13 -> 664
    aruco_4x4_50:14 -> 760
  rejected ID details:
    aruco_4x4_50:17 -> 3
  CSV: /home/eker/Master-Thesis---Multi-modal-User-Intention-Estimation-and-Hand-Position-Prediction/Data_collection/Aruco_CSV/aruco_poses_Vanessa_6_20260624_133209.csv
Finished and validated: Vanessa_6_20260624_133209

------------------------------------------------------------
[135/136] Sequence: Vanessa_7_20260624_133405
VRS:        /home/eker/Master-Thesis---Multi-modal-User-Intention-Estimation-and-Hand-Position-Prediction/Data_collection/Data_vrs/Vanessa_7_20260624_133405.vrs
Output CSV: /home/eker/Master-Thesis---Multi-modal-User-Intention-Estimation-and-Hand-Position-Prediction/Data_collection/Aruco_CSV/aruco_poses_Vanessa_7_20260624_133405.csv
QA symlink: /home/eker/Master-Thesis---Multi-modal-User-Intention-Estimation-and-Hand-Position-Prediction/Data_collection/aruco_poses_Vanessa_7_20260624_133405.csv
Opening: /home/eker/Master-Thesis---Multi-modal-User-Intention-Estimation-and-Hand-Position-Prediction/Data_collection/Data_vrs/Vanessa_7_20260624_133405.vrs
Frame 1/1025
Frame 501/1025
Frame 1001/1025
Frame 1025/1025

Extraction summary
  sequence: Vanessa_7_20260624_133405
  frames: 1025/1025
  timestamp range ns: 4727254907072 .. 4761380028499
  accepted marker poses: 6769
  rejected IDs: 4
  failed pose estimates: 0
    apriltag_36h11:0 -> 15
    apriltag_36h11:2 -> 590
    apriltag_36h11:4 -> 593
    aruco_4x4_50:6 -> 545
    aruco_4x4_50:7 -> 867
    aruco_4x4_50:8 -> 360
    aruco_4x4_50:9 -> 867
    aruco_4x4_50:11 -> 4
    aruco_4x4_50:12 -> 1005
    aruco_4x4_50:13 -> 1004
    aruco_4x4_50:14 -> 919
  rejected ID details:
    aruco_4x4_50:17 -> 2
    aruco_4x4_50:37 -> 2
  CSV: /home/eker/Master-Thesis---Multi-modal-User-Intention-Estimation-and-Hand-Position-Prediction/Data_collection/Aruco_CSV/aruco_poses_Vanessa_7_20260624_133405.csv
Finished and validated: Vanessa_7_20260624_133405

------------------------------------------------------------
[136/136] Sequence: Vanessa_8_20260624_133505
VRS:        /home/eker/Master-Thesis---Multi-modal-User-Intention-Estimation-and-Hand-Position-Prediction/Data_collection/Data_vrs/Vanessa_8_20260624_133505.vrs
Output CSV: /home/eker/Master-Thesis---Multi-modal-User-Intention-Estimation-and-Hand-Position-Prediction/Data_collection/Aruco_CSV/aruco_poses_Vanessa_8_20260624_133505.csv
QA symlink: /home/eker/Master-Thesis---Multi-modal-User-Intention-Estimation-and-Hand-Position-Prediction/Data_collection/aruco_poses_Vanessa_8_20260624_133505.csv
Opening: /home/eker/Master-Thesis---Multi-modal-User-Intention-Estimation-and-Hand-Position-Prediction/Data_collection/Data_vrs/Vanessa_8_20260624_133505.vrs
Frame 1/1187
Frame 501/1187
Frame 1001/1187
Frame 1187/1187

Extraction summary
  sequence: Vanessa_8_20260624_133505
  frames: 1187/1187
  timestamp range ns: 4787366321603 .. 4826890289352
  accepted marker poses: 8302
  rejected IDs: 3
  failed pose estimates: 0
    apriltag_36h11:0 -> 596
    apriltag_36h11:2 -> 880
    apriltag_36h11:4 -> 599
    aruco_4x4_50:7 -> 702
    aruco_4x4_50:8 -> 439
    aruco_4x4_50:9 -> 563
    aruco_4x4_50:10 -> 576
    aruco_4x4_50:11 -> 1126
    aruco_4x4_50:12 -> 644
    aruco_4x4_50:13 -> 1022
    aruco_4x4_50:14 -> 1155
  rejected ID details:
    aruco_4x4_50:17 -> 2
    aruco_4x4_50:37 -> 1
  CSV: /home/eker/Master-Thesis---Multi-modal-User-Intention-Estimation-and-Hand-Position-Prediction/Data_collection/Aruco_CSV/aruco_poses_Vanessa_8_20260624_133505.csv
Finished and validated: Vanessa_8_20260624_133505

Copying final CSV outputs to the job backup directory...

============================================================
3) Validate completeness before dataset QA
============================================================
Valid after run:   136/136
Missing after run: 0
Invalid after run: 0

============================================================
4) Run dataset QA
============================================================
Using backup dir for QA: /home/eker/Master-Thesis---Multi-modal-User-Intention-Estimation-and-Hand-Position-Prediction/BackUp_Videos
Manifest written: /home/eker/Master-Thesis---Multi-modal-User-Intention-Estimation-and-Hand-Position-Prediction/Data_collection/dataset_manifest.csv
Report written:   /home/eker/Master-Thesis---Multi-modal-User-Intention-Estimation-and-Hand-Position-Prediction/Data_collection/dataset_qa_report.json
Sequences:        136
Training incl.:   124
Training excl.:   12
Usable now:       25
Backup sync:      0 missing in Data_vrs, 136 missing in backup
Status counts:
  missing_hand_tracking: 96
  missing_handover_hand_tracking: 3
  missing_slam: 1
  partial_timestamps: 11
  valid: 24
  valid_with_warnings: 1
Next actions:
  download_or_process_mps: 97
  fix_timestamps: 11
  ready_for_master_merge: 24
  review_or_exclude_sequence: 4

============================================================
5) QA summary
============================================================
Manifest: /home/eker/Master-Thesis---Multi-modal-User-Intention-Estimation-and-Hand-Position-Prediction/Data_collection/dataset_manifest.csv
Report:   /home/eker/Master-Thesis---Multi-modal-User-Intention-Estimation-and-Hand-Position-Prediction/Data_collection/dataset_qa_report.json

Dataset QA:
  total_sequences: 136
  training_include_candidates: 124
  training_excluded_candidates: 12
  valid_or_warning_sequences: 25

Status counts:
  missing_hand_tracking: 96
  missing_handover_hand_tracking: 3
  missing_slam: 1
  partial_timestamps: 11
  valid: 24
  valid_with_warnings: 1

Next actions:
  download_or_process_mps: 97
  fix_timestamps: 11
  ready_for_master_merge: 24
  review_or_exclude_sequence: 4

============================================================
6) Marker extraction summary
============================================================
VRS files seen:          136
Processed now:           12
Skipped valid existing:  124
Invalid reprocessed:     0
Extraction failures:     0
Valid final CSVs:        136/136
Missing final CSVs:      0
Invalid final CSVs:      0
QA symlinks:             136
Finished: Fri Jul  3 12:50:50 AM CEST 2026
Full marker extraction and QA completed successfully.
