Job ID: 2154180
Node: tcml-node5
Repo dir: /home/eker/Master-Thesis---Multi-modal-User-Intention-Estimation-and-Hand-Position-Prediction
Image: /home/eker/singularity/aria_master.simg
VRS dir: /home/eker/Master-Thesis---Multi-modal-User-Intention-Estimation-and-Hand-Position-Prediction/Data_collection/Data_vrs
ArUco output dir: /home/eker/Master-Thesis---Multi-modal-User-Intention-Estimation-and-Hand-Position-Prediction/Data_collection/Aruco_CSV
Backup dir: /home/eker/Master-Thesis---Multi-modal-User-Intention-Estimation-and-Hand-Position-Prediction/Data_collection/aruco_batch_backups/job_2154180
Overwrite: 0
Max frames: all
Write annotated videos: 0
Progress every: 500
Started: Wed Jul  1 04:09:18 PM CEST 2026

============================================================
1) Input overview
============================================================
VRS count:
136

Existing ArUco/AprilTag CSV count in Aruco_CSV:
0

Backing up existing ArUco/AprilTag CSV files from Aruco_CSV if present...

============================================================
2) Run calibrated marker extraction for all VRS files
============================================================

------------------------------------------------------------
[1] Sequence: Atilla_1_20260616_184923
VRS:        /home/eker/Master-Thesis---Multi-modal-User-Intention-Estimation-and-Hand-Position-Prediction/Data_collection/Data_vrs/Atilla_1_20260616_184923.vrs
Output CSV: /home/eker/Master-Thesis---Multi-modal-User-Intention-Estimation-and-Hand-Position-Prediction/Data_collection/Aruco_CSV/aruco_poses_Atilla_1_20260616_184923.csv
QA symlink: /home/eker/Master-Thesis---Multi-modal-User-Intention-Estimation-and-Hand-Position-Prediction/Data_collection/aruco_poses_Atilla_1_20260616_184923.csv
Opening: /home/eker/Master-Thesis---Multi-modal-User-Intention-Estimation-and-Hand-Position-Prediction/Data_collection/Data_vrs/Atilla_1_20260616_184923.vrs
Frame 1/1162
Frame 501/1162
Frame 1001/1162
Frame 1162/1162

Extraction summary
  sequence: Atilla_1_20260616_184923
  frames: 1162/1162
  timestamp range ns: 3876478441266 .. 3915167460660
  accepted marker poses: 10006
  rejected IDs: 5
  failed pose estimates: 0
    apriltag_36h11:0 -> 910
    apriltag_36h11:1 -> 26
    apriltag_36h11:2 -> 614
    apriltag_36h11:4 -> 170
    aruco_4x4_50:6 -> 1138
    aruco_4x4_50:7 -> 1053
    aruco_4x4_50:8 -> 1159
    aruco_4x4_50:9 -> 808
    aruco_4x4_50:10 -> 627
    aruco_4x4_50:11 -> 1122
    aruco_4x4_50:12 -> 926
    aruco_4x4_50:13 -> 550
    aruco_4x4_50:14 -> 903
  rejected ID details:
    aruco_4x4_50:17 -> 2
    aruco_4x4_50:37 -> 3
  CSV: /home/eker/Master-Thesis---Multi-modal-User-Intention-Estimation-and-Hand-Position-Prediction/Data_collection/Aruco_CSV/aruco_poses_Atilla_1_20260616_184923.csv
Finished: Atilla_1_20260616_184923

------------------------------------------------------------
[2] Sequence: Atilla_2_20260616_185042
VRS:        /home/eker/Master-Thesis---Multi-modal-User-Intention-Estimation-and-Hand-Position-Prediction/Data_collection/Data_vrs/Atilla_2_20260616_185042.vrs
Output CSV: /home/eker/Master-Thesis---Multi-modal-User-Intention-Estimation-and-Hand-Position-Prediction/Data_collection/Aruco_CSV/aruco_poses_Atilla_2_20260616_185042.csv
QA symlink: /home/eker/Master-Thesis---Multi-modal-User-Intention-Estimation-and-Hand-Position-Prediction/Data_collection/aruco_poses_Atilla_2_20260616_185042.csv
Opening: /home/eker/Master-Thesis---Multi-modal-User-Intention-Estimation-and-Hand-Position-Prediction/Data_collection/Data_vrs/Atilla_2_20260616_185042.vrs
Frame 1/1033
Frame 501/1033
Frame 1001/1033
Frame 1033/1033

Extraction summary
  sequence: Atilla_2_20260616_185042
  frames: 1033/1033
  timestamp range ns: 3955869472119 .. 3990260000297
  accepted marker poses: 9212
  rejected IDs: 3
  failed pose estimates: 0
    apriltag_36h11:0 -> 776
    apriltag_36h11:1 -> 3
    apriltag_36h11:4 -> 655
    aruco_4x4_50:6 -> 1023
    aruco_4x4_50:7 -> 926
    aruco_4x4_50:8 -> 863
    aruco_4x4_50:9 -> 987
    aruco_4x4_50:10 -> 99
    aruco_4x4_50:11 -> 946
    aruco_4x4_50:12 -> 895
    aruco_4x4_50:13 -> 1025
    aruco_4x4_50:14 -> 1014
  rejected ID details:
    aruco_4x4_50:17 -> 1
    aruco_4x4_50:37 -> 2
  CSV: /home/eker/Master-Thesis---Multi-modal-User-Intention-Estimation-and-Hand-Position-Prediction/Data_collection/Aruco_CSV/aruco_poses_Atilla_2_20260616_185042.csv
Finished: Atilla_2_20260616_185042

------------------------------------------------------------
[3] Sequence: Atilla_3_20260616_185212
VRS:        /home/eker/Master-Thesis---Multi-modal-User-Intention-Estimation-and-Hand-Position-Prediction/Data_collection/Data_vrs/Atilla_3_20260616_185212.vrs
Output CSV: /home/eker/Master-Thesis---Multi-modal-User-Intention-Estimation-and-Hand-Position-Prediction/Data_collection/Aruco_CSV/aruco_poses_Atilla_3_20260616_185212.csv
QA symlink: /home/eker/Master-Thesis---Multi-modal-User-Intention-Estimation-and-Hand-Position-Prediction/Data_collection/aruco_poses_Atilla_3_20260616_185212.csv
Opening: /home/eker/Master-Thesis---Multi-modal-User-Intention-Estimation-and-Hand-Position-Prediction/Data_collection/Data_vrs/Atilla_3_20260616_185212.vrs
Frame 1/1033
Frame 501/1033
Frame 1001/1033
Frame 1033/1033

Extraction summary
  sequence: Atilla_3_20260616_185212
  frames: 1033/1033
  timestamp range ns: 4045641837735 .. 4080032567380
  accepted marker poses: 9544
  rejected IDs: 6
  failed pose estimates: 0
    apriltag_36h11:0 -> 702
    apriltag_36h11:1 -> 16
    apriltag_36h11:2 -> 589
    apriltag_36h11:4 -> 526
    aruco_4x4_50:6 -> 733
    aruco_4x4_50:7 -> 967
    aruco_4x4_50:8 -> 925
    aruco_4x4_50:9 -> 422
    aruco_4x4_50:10 -> 817
    aruco_4x4_50:11 -> 999
    aruco_4x4_50:12 -> 899
    aruco_4x4_50:13 -> 944
    aruco_4x4_50:14 -> 1005
  rejected ID details:
    aruco_4x4_50:17 -> 5
    aruco_4x4_50:37 -> 1
  CSV: /home/eker/Master-Thesis---Multi-modal-User-Intention-Estimation-and-Hand-Position-Prediction/Data_collection/Aruco_CSV/aruco_poses_Atilla_3_20260616_185212.csv
Finished: Atilla_3_20260616_185212

------------------------------------------------------------
[4] Sequence: Atilla_4_20260616_185327
VRS:        /home/eker/Master-Thesis---Multi-modal-User-Intention-Estimation-and-Hand-Position-Prediction/Data_collection/Data_vrs/Atilla_4_20260616_185327.vrs
Output CSV: /home/eker/Master-Thesis---Multi-modal-User-Intention-Estimation-and-Hand-Position-Prediction/Data_collection/Aruco_CSV/aruco_poses_Atilla_4_20260616_185327.csv
QA symlink: /home/eker/Master-Thesis---Multi-modal-User-Intention-Estimation-and-Hand-Position-Prediction/Data_collection/aruco_poses_Atilla_4_20260616_185327.csv
Opening: /home/eker/Master-Thesis---Multi-modal-User-Intention-Estimation-and-Hand-Position-Prediction/Data_collection/Data_vrs/Atilla_4_20260616_185327.vrs
Frame 1/1060
Frame 501/1060
Frame 1001/1060
Frame 1060/1060

Extraction summary
  sequence: Atilla_4_20260616_185327
  frames: 1060/1060
  timestamp range ns: 4120578763891 .. 4155869027744
  accepted marker poses: 10774
  rejected IDs: 1
  failed pose estimates: 0
    apriltag_36h11:0 -> 773
    apriltag_36h11:1 -> 12
    apriltag_36h11:2 -> 854
    apriltag_36h11:4 -> 674
    aruco_4x4_50:6 -> 1028
    aruco_4x4_50:7 -> 794
    aruco_4x4_50:8 -> 951
    aruco_4x4_50:9 -> 1015
    aruco_4x4_50:10 -> 916
    aruco_4x4_50:11 -> 930
    aruco_4x4_50:12 -> 888
    aruco_4x4_50:13 -> 908
    aruco_4x4_50:14 -> 1031
  rejected ID details:
    aruco_4x4_50:17 -> 1
  CSV: /home/eker/Master-Thesis---Multi-modal-User-Intention-Estimation-and-Hand-Position-Prediction/Data_collection/Aruco_CSV/aruco_poses_Atilla_4_20260616_185327.csv
Finished: Atilla_4_20260616_185327

------------------------------------------------------------
[5] Sequence: Atilla_5_20260616_185449
VRS:        /home/eker/Master-Thesis---Multi-modal-User-Intention-Estimation-and-Hand-Position-Prediction/Data_collection/Data_vrs/Atilla_5_20260616_185449.vrs
Output CSV: /home/eker/Master-Thesis---Multi-modal-User-Intention-Estimation-and-Hand-Position-Prediction/Data_collection/Aruco_CSV/aruco_poses_Atilla_5_20260616_185449.csv
QA symlink: /home/eker/Master-Thesis---Multi-modal-User-Intention-Estimation-and-Hand-Position-Prediction/Data_collection/aruco_poses_Atilla_5_20260616_185449.csv
Opening: /home/eker/Master-Thesis---Multi-modal-User-Intention-Estimation-and-Hand-Position-Prediction/Data_collection/Data_vrs/Atilla_5_20260616_185449.vrs
Frame 1/1039
Frame 501/1039
Frame 1001/1039
Frame 1039/1039

Extraction summary
  sequence: Atilla_5_20260616_185449
  frames: 1039/1039
  timestamp range ns: 4202111212640 .. 4236701744516
  accepted marker poses: 8672
  rejected IDs: 1
  failed pose estimates: 0
    apriltag_36h11:0 -> 686
    apriltag_36h11:2 -> 698
    aruco_4x4_50:6 -> 917
    aruco_4x4_50:7 -> 915
    aruco_4x4_50:8 -> 924
    aruco_4x4_50:9 -> 906
    aruco_4x4_50:10 -> 935
    aruco_4x4_50:11 -> 888
    aruco_4x4_50:12 -> 799
    aruco_4x4_50:13 -> 530
    aruco_4x4_50:14 -> 474
  rejected ID details:
    aruco_4x4_50:17 -> 1
  CSV: /home/eker/Master-Thesis---Multi-modal-User-Intention-Estimation-and-Hand-Position-Prediction/Data_collection/Aruco_CSV/aruco_poses_Atilla_5_20260616_185449.csv
Finished: Atilla_5_20260616_185449

------------------------------------------------------------
[6] Sequence: Atilla_6_20260616_185613
VRS:        /home/eker/Master-Thesis---Multi-modal-User-Intention-Estimation-and-Hand-Position-Prediction/Data_collection/Data_vrs/Atilla_6_20260616_185613.vrs
Output CSV: /home/eker/Master-Thesis---Multi-modal-User-Intention-Estimation-and-Hand-Position-Prediction/Data_collection/Aruco_CSV/aruco_poses_Atilla_6_20260616_185613.csv
QA symlink: /home/eker/Master-Thesis---Multi-modal-User-Intention-Estimation-and-Hand-Position-Prediction/Data_collection/aruco_poses_Atilla_6_20260616_185613.csv
Opening: /home/eker/Master-Thesis---Multi-modal-User-Intention-Estimation-and-Hand-Position-Prediction/Data_collection/Data_vrs/Atilla_6_20260616_185613.vrs
Frame 1/1043
Frame 501/1043
Frame 1001/1043
Frame 1043/1043

Extraction summary
  sequence: Atilla_6_20260616_185613
  frames: 1043/1043
  timestamp range ns: 4286764346921 .. 4321488350818
  accepted marker poses: 10617
  rejected IDs: 1
  failed pose estimates: 0
    apriltag_36h11:0 -> 798
    apriltag_36h11:1 -> 1
    apriltag_36h11:2 -> 838
    apriltag_36h11:4 -> 623
    aruco_4x4_50:6 -> 925
    aruco_4x4_50:7 -> 982
    aruco_4x4_50:8 -> 1018
    aruco_4x4_50:9 -> 1021
    aruco_4x4_50:10 -> 509
    aruco_4x4_50:11 -> 1032
    aruco_4x4_50:12 -> 1031
    aruco_4x4_50:13 -> 895
    aruco_4x4_50:14 -> 944
  rejected ID details:
    aruco_4x4_50:17 -> 1
  CSV: /home/eker/Master-Thesis---Multi-modal-User-Intention-Estimation-and-Hand-Position-Prediction/Data_collection/Aruco_CSV/aruco_poses_Atilla_6_20260616_185613.csv
Finished: Atilla_6_20260616_185613

------------------------------------------------------------
[7] Sequence: Atilla_7_20260616_185714
VRS:        /home/eker/Master-Thesis---Multi-modal-User-Intention-Estimation-and-Hand-Position-Prediction/Data_collection/Data_vrs/Atilla_7_20260616_185714.vrs
Output CSV: /home/eker/Master-Thesis---Multi-modal-User-Intention-Estimation-and-Hand-Position-Prediction/Data_collection/Aruco_CSV/aruco_poses_Atilla_7_20260616_185714.csv
QA symlink: /home/eker/Master-Thesis---Multi-modal-User-Intention-Estimation-and-Hand-Position-Prediction/Data_collection/aruco_poses_Atilla_7_20260616_185714.csv
Opening: /home/eker/Master-Thesis---Multi-modal-User-Intention-Estimation-and-Hand-Position-Prediction/Data_collection/Data_vrs/Atilla_7_20260616_185714.vrs
Frame 1/1038
Frame 501/1038
Frame 1001/1038
Frame 1038/1038

Extraction summary
  sequence: Atilla_7_20260616_185714
  frames: 1038/1038
  timestamp range ns: 4347279808817 .. 4381837068891
  accepted marker poses: 8642
  rejected IDs: 2
  failed pose estimates: 0
    apriltag_36h11:0 -> 812
    apriltag_36h11:1 -> 72
    apriltag_36h11:2 -> 894
    apriltag_36h11:4 -> 449
    aruco_4x4_50:6 -> 2
    aruco_4x4_50:7 -> 852
    aruco_4x4_50:8 -> 361
    aruco_4x4_50:9 -> 648
    aruco_4x4_50:10 -> 868
    aruco_4x4_50:11 -> 1015
    aruco_4x4_50:12 -> 671
    aruco_4x4_50:13 -> 1005
    aruco_4x4_50:14 -> 993
  rejected ID details:
    aruco_4x4_50:17 -> 1
    aruco_4x4_50:37 -> 1
  CSV: /home/eker/Master-Thesis---Multi-modal-User-Intention-Estimation-and-Hand-Position-Prediction/Data_collection/Aruco_CSV/aruco_poses_Atilla_7_20260616_185714.csv
Finished: Atilla_7_20260616_185714

------------------------------------------------------------
[8] Sequence: Atilla_8_20260616_185812
VRS:        /home/eker/Master-Thesis---Multi-modal-User-Intention-Estimation-and-Hand-Position-Prediction/Data_collection/Data_vrs/Atilla_8_20260616_185812.vrs
Output CSV: /home/eker/Master-Thesis---Multi-modal-User-Intention-Estimation-and-Hand-Position-Prediction/Data_collection/Aruco_CSV/aruco_poses_Atilla_8_20260616_185812.csv
QA symlink: /home/eker/Master-Thesis---Multi-modal-User-Intention-Estimation-and-Hand-Position-Prediction/Data_collection/aruco_poses_Atilla_8_20260616_185812.csv
Opening: /home/eker/Master-Thesis---Multi-modal-User-Intention-Estimation-and-Hand-Position-Prediction/Data_collection/Data_vrs/Atilla_8_20260616_185812.vrs
Frame 1/1035
Frame 501/1035
Frame 1001/1035
Frame 1035/1035

Extraction summary
  sequence: Atilla_8_20260616_185812
  frames: 1035/1035
  timestamp range ns: 4405623185349 .. 4440080333526
  accepted marker poses: 10029
  rejected IDs: 2
  failed pose estimates: 0
    apriltag_36h11:0 -> 714
    apriltag_36h11:2 -> 938
    apriltag_36h11:4 -> 628
    aruco_4x4_50:6 -> 950
    aruco_4x4_50:7 -> 769
    aruco_4x4_50:8 -> 961
    aruco_4x4_50:9 -> 820
    aruco_4x4_50:10 -> 565
    aruco_4x4_50:11 -> 1017
    aruco_4x4_50:12 -> 1006
    aruco_4x4_50:13 -> 772
    aruco_4x4_50:14 -> 889
  rejected ID details:
    aruco_4x4_50:17 -> 2
  CSV: /home/eker/Master-Thesis---Multi-modal-User-Intention-Estimation-and-Hand-Position-Prediction/Data_collection/Aruco_CSV/aruco_poses_Atilla_8_20260616_185812.csv
Finished: Atilla_8_20260616_185812

------------------------------------------------------------
[9] Sequence: Berat_10_20260616_142950
VRS:        /home/eker/Master-Thesis---Multi-modal-User-Intention-Estimation-and-Hand-Position-Prediction/Data_collection/Data_vrs/Berat_10_20260616_142950.vrs
Output CSV: /home/eker/Master-Thesis---Multi-modal-User-Intention-Estimation-and-Hand-Position-Prediction/Data_collection/Aruco_CSV/aruco_poses_Berat_10_20260616_142950.csv
QA symlink: /home/eker/Master-Thesis---Multi-modal-User-Intention-Estimation-and-Hand-Position-Prediction/Data_collection/aruco_poses_Berat_10_20260616_142950.csv
Opening: /home/eker/Master-Thesis---Multi-modal-User-Intention-Estimation-and-Hand-Position-Prediction/Data_collection/Data_vrs/Berat_10_20260616_142950.vrs
Frame 1/1164
Frame 501/1164
Frame 1001/1164
Frame 1164/1164

Extraction summary
  sequence: Berat_10_20260616_142950
  frames: 1164/1164
  timestamp range ns: 1041715986371 .. 1080471698987
  accepted marker poses: 9023
  rejected IDs: 0
  failed pose estimates: 0
    apriltag_36h11:0 -> 556
    apriltag_36h11:1 -> 109
    apriltag_36h11:2 -> 973
    apriltag_36h11:3 -> 71
    apriltag_36h11:4 -> 188
    aruco_4x4_50:7 -> 1033
    aruco_4x4_50:8 -> 925
    aruco_4x4_50:9 -> 37
    aruco_4x4_50:10 -> 1006
    aruco_4x4_50:11 -> 1002
    aruco_4x4_50:12 -> 1021
    aruco_4x4_50:13 -> 1046
    aruco_4x4_50:14 -> 1056
  CSV: /home/eker/Master-Thesis---Multi-modal-User-Intention-Estimation-and-Hand-Position-Prediction/Data_collection/Aruco_CSV/aruco_poses_Berat_10_20260616_142950.csv
Finished: Berat_10_20260616_142950

------------------------------------------------------------
[10] Sequence: Berat_1_20260604_154611
VRS:        /home/eker/Master-Thesis---Multi-modal-User-Intention-Estimation-and-Hand-Position-Prediction/Data_collection/Data_vrs/Berat_1_20260604_154611.vrs
Output CSV: /home/eker/Master-Thesis---Multi-modal-User-Intention-Estimation-and-Hand-Position-Prediction/Data_collection/Aruco_CSV/aruco_poses_Berat_1_20260604_154611.csv
QA symlink: /home/eker/Master-Thesis---Multi-modal-User-Intention-Estimation-and-Hand-Position-Prediction/Data_collection/aruco_poses_Berat_1_20260604_154611.csv
Opening: /home/eker/Master-Thesis---Multi-modal-User-Intention-Estimation-and-Hand-Position-Prediction/Data_collection/Data_vrs/Berat_1_20260604_154611.vrs
Frame 1/1233
Frame 501/1233
Frame 1001/1233
Frame 1233/1233

Extraction summary
  sequence: Berat_1_20260604_154611
  frames: 1233/1233
  timestamp range ns: 2830484518206 .. 2871539888051
  accepted marker poses: 9713
  rejected IDs: 5
  failed pose estimates: 0
    apriltag_36h11:0 -> 796
    apriltag_36h11:1 -> 122
    apriltag_36h11:2 -> 278
    apriltag_36h11:3 -> 201
    apriltag_36h11:4 -> 35
    aruco_4x4_50:6 -> 375
    aruco_4x4_50:7 -> 1190
    aruco_4x4_50:8 -> 1194
    aruco_4x4_50:9 -> 1010
    aruco_4x4_50:10 -> 221
    aruco_4x4_50:11 -> 1051
    aruco_4x4_50:12 -> 1229
    aruco_4x4_50:13 -> 1124
    aruco_4x4_50:14 -> 887
  rejected ID details:
    aruco_4x4_50:17 -> 2
    aruco_4x4_50:26 -> 1
    aruco_4x4_50:37 -> 2
  CSV: /home/eker/Master-Thesis---Multi-modal-User-Intention-Estimation-and-Hand-Position-Prediction/Data_collection/Aruco_CSV/aruco_poses_Berat_1_20260604_154611.csv
Finished: Berat_1_20260604_154611

------------------------------------------------------------
[11] Sequence: Berat_2_20260604_154801
VRS:        /home/eker/Master-Thesis---Multi-modal-User-Intention-Estimation-and-Hand-Position-Prediction/Data_collection/Data_vrs/Berat_2_20260604_154801.vrs
Output CSV: /home/eker/Master-Thesis---Multi-modal-User-Intention-Estimation-and-Hand-Position-Prediction/Data_collection/Aruco_CSV/aruco_poses_Berat_2_20260604_154801.csv
QA symlink: /home/eker/Master-Thesis---Multi-modal-User-Intention-Estimation-and-Hand-Position-Prediction/Data_collection/aruco_poses_Berat_2_20260604_154801.csv
Opening: /home/eker/Master-Thesis---Multi-modal-User-Intention-Estimation-and-Hand-Position-Prediction/Data_collection/Data_vrs/Berat_2_20260604_154801.vrs
Frame 1/1103
Frame 501/1103
Frame 1001/1103
Frame 1103/1103

Extraction summary
  sequence: Berat_2_20260604_154801
  frames: 1103/1103
  timestamp range ns: 2941105469092 .. 2977828695446
  accepted marker poses: 8405
  rejected IDs: 2
  failed pose estimates: 0
    apriltag_36h11:0 -> 975
    apriltag_36h11:1 -> 89
    apriltag_36h11:2 -> 219
    apriltag_36h11:3 -> 37
    apriltag_36h11:4 -> 33
    aruco_4x4_50:6 -> 157
    aruco_4x4_50:7 -> 1065
    aruco_4x4_50:8 -> 1061
    aruco_4x4_50:9 -> 916
    aruco_4x4_50:10 -> 954
    aruco_4x4_50:11 -> 423
    aruco_4x4_50:12 -> 628
    aruco_4x4_50:13 -> 836
    aruco_4x4_50:14 -> 1012
  rejected ID details:
    aruco_4x4_50:17 -> 1
    aruco_4x4_50:37 -> 1
  CSV: /home/eker/Master-Thesis---Multi-modal-User-Intention-Estimation-and-Hand-Position-Prediction/Data_collection/Aruco_CSV/aruco_poses_Berat_2_20260604_154801.csv
Finished: Berat_2_20260604_154801

------------------------------------------------------------
[12] Sequence: Berat_3_20260604_154928
VRS:        /home/eker/Master-Thesis---Multi-modal-User-Intention-Estimation-and-Hand-Position-Prediction/Data_collection/Data_vrs/Berat_3_20260604_154928.vrs
Output CSV: /home/eker/Master-Thesis---Multi-modal-User-Intention-Estimation-and-Hand-Position-Prediction/Data_collection/Aruco_CSV/aruco_poses_Berat_3_20260604_154928.csv
QA symlink: /home/eker/Master-Thesis---Multi-modal-User-Intention-Estimation-and-Hand-Position-Prediction/Data_collection/aruco_poses_Berat_3_20260604_154928.csv
Opening: /home/eker/Master-Thesis---Multi-modal-User-Intention-Estimation-and-Hand-Position-Prediction/Data_collection/Data_vrs/Berat_3_20260604_154928.vrs
Frame 1/1136
Frame 501/1136
Frame 1001/1136
Frame 1136/1136

Extraction summary
  sequence: Berat_3_20260604_154928
  frames: 1136/1136
  timestamp range ns: 3028110156593 .. 3065933074821
  accepted marker poses: 7986
  rejected IDs: 5
  failed pose estimates: 0
    apriltag_36h11:0 -> 908
    apriltag_36h11:1 -> 106
    apriltag_36h11:2 -> 247
    apriltag_36h11:3 -> 32
    apriltag_36h11:4 -> 8
    aruco_4x4_50:6 -> 669
    aruco_4x4_50:7 -> 854
    aruco_4x4_50:8 -> 761
    aruco_4x4_50:9 -> 317
    aruco_4x4_50:10 -> 896
    aruco_4x4_50:11 -> 813
    aruco_4x4_50:12 -> 1016
    aruco_4x4_50:13 -> 740
    aruco_4x4_50:14 -> 619
  rejected ID details:
    aruco_4x4_50:17 -> 4
    aruco_4x4_50:37 -> 1
  CSV: /home/eker/Master-Thesis---Multi-modal-User-Intention-Estimation-and-Hand-Position-Prediction/Data_collection/Aruco_CSV/aruco_poses_Berat_3_20260604_154928.csv
Finished: Berat_3_20260604_154928

------------------------------------------------------------
[13] Sequence: Berat_4_20260604_155100
VRS:        /home/eker/Master-Thesis---Multi-modal-User-Intention-Estimation-and-Hand-Position-Prediction/Data_collection/Data_vrs/Berat_4_20260604_155100.vrs
Output CSV: /home/eker/Master-Thesis---Multi-modal-User-Intention-Estimation-and-Hand-Position-Prediction/Data_collection/Aruco_CSV/aruco_poses_Berat_4_20260604_155100.csv
QA symlink: /home/eker/Master-Thesis---Multi-modal-User-Intention-Estimation-and-Hand-Position-Prediction/Data_collection/aruco_poses_Berat_4_20260604_155100.csv
Opening: /home/eker/Master-Thesis---Multi-modal-User-Intention-Estimation-and-Hand-Position-Prediction/Data_collection/Data_vrs/Berat_4_20260604_155100.vrs
Frame 1/1185
Frame 501/1185
Frame 1001/1185
Frame 1185/1185

Extraction summary
  sequence: Berat_4_20260604_155100
  frames: 1185/1185
  timestamp range ns: 3119728734145 .. 3159184534040
  accepted marker poses: 9695
  rejected IDs: 3
  failed pose estimates: 0
    apriltag_36h11:0 -> 1005
    apriltag_36h11:1 -> 70
    apriltag_36h11:2 -> 270
    apriltag_36h11:3 -> 137
    apriltag_36h11:4 -> 1
    aruco_4x4_50:6 -> 91
    aruco_4x4_50:7 -> 944
    aruco_4x4_50:8 -> 1089
    aruco_4x4_50:9 -> 1074
    aruco_4x4_50:10 -> 1098
    aruco_4x4_50:11 -> 874
    aruco_4x4_50:12 -> 1166
    aruco_4x4_50:13 -> 1110
    aruco_4x4_50:14 -> 766
  rejected ID details:
    aruco_4x4_50:17 -> 2
    aruco_4x4_50:37 -> 1
  CSV: /home/eker/Master-Thesis---Multi-modal-User-Intention-Estimation-and-Hand-Position-Prediction/Data_collection/Aruco_CSV/aruco_poses_Berat_4_20260604_155100.csv
Finished: Berat_4_20260604_155100

------------------------------------------------------------
[14] Sequence: Berat_5_20260604_155234
VRS:        /home/eker/Master-Thesis---Multi-modal-User-Intention-Estimation-and-Hand-Position-Prediction/Data_collection/Data_vrs/Berat_5_20260604_155234.vrs
Output CSV: /home/eker/Master-Thesis---Multi-modal-User-Intention-Estimation-and-Hand-Position-Prediction/Data_collection/Aruco_CSV/aruco_poses_Berat_5_20260604_155234.csv
QA symlink: /home/eker/Master-Thesis---Multi-modal-User-Intention-Estimation-and-Hand-Position-Prediction/Data_collection/aruco_poses_Berat_5_20260604_155234.csv
Opening: /home/eker/Master-Thesis---Multi-modal-User-Intention-Estimation-and-Hand-Position-Prediction/Data_collection/Data_vrs/Berat_5_20260604_155234.vrs
Frame 1/1487
Frame 501/1487
Frame 1001/1487
Frame 1487/1487

Extraction summary
  sequence: Berat_5_20260604_155234
  frames: 1487/1487
  timestamp range ns: 3213616635551 .. 3263136324769
  accepted marker poses: 8536
  rejected IDs: 8
  failed pose estimates: 0
    apriltag_36h11:0 -> 1106
    apriltag_36h11:1 -> 131
    apriltag_36h11:2 -> 214
    apriltag_36h11:3 -> 28
    apriltag_36h11:4 -> 39
    aruco_4x4_50:6 -> 641
    aruco_4x4_50:7 -> 872
    aruco_4x4_50:8 -> 976
    aruco_4x4_50:9 -> 614
    aruco_4x4_50:10 -> 1149
    aruco_4x4_50:11 -> 723
    aruco_4x4_50:12 -> 1237
    aruco_4x4_50:13 -> 679
    aruco_4x4_50:14 -> 127
  rejected ID details:
    aruco_4x4_50:17 -> 6
    aruco_4x4_50:37 -> 2
  CSV: /home/eker/Master-Thesis---Multi-modal-User-Intention-Estimation-and-Hand-Position-Prediction/Data_collection/Aruco_CSV/aruco_poses_Berat_5_20260604_155234.csv
Finished: Berat_5_20260604_155234

------------------------------------------------------------
[15] Sequence: Berat_6_20260616_142129
VRS:        /home/eker/Master-Thesis---Multi-modal-User-Intention-Estimation-and-Hand-Position-Prediction/Data_collection/Data_vrs/Berat_6_20260616_142129.vrs
Output CSV: /home/eker/Master-Thesis---Multi-modal-User-Intention-Estimation-and-Hand-Position-Prediction/Data_collection/Aruco_CSV/aruco_poses_Berat_6_20260616_142129.csv
QA symlink: /home/eker/Master-Thesis---Multi-modal-User-Intention-Estimation-and-Hand-Position-Prediction/Data_collection/aruco_poses_Berat_6_20260616_142129.csv
Opening: /home/eker/Master-Thesis---Multi-modal-User-Intention-Estimation-and-Hand-Position-Prediction/Data_collection/Data_vrs/Berat_6_20260616_142129.vrs
Frame 1/1047
Frame 501/1047
Frame 1001/1047
Frame 1047/1047

Extraction summary
  sequence: Berat_6_20260616_142129
  frames: 1047/1047
  timestamp range ns: 540684321778 .. 575541381402
  accepted marker poses: 8717
  rejected IDs: 4
  failed pose estimates: 0
    apriltag_36h11:0 -> 238
    apriltag_36h11:1 -> 47
    apriltag_36h11:2 -> 694
    apriltag_36h11:3 -> 246
    apriltag_36h11:4 -> 174
    aruco_4x4_50:6 -> 866
    aruco_4x4_50:7 -> 997
    aruco_4x4_50:8 -> 868
    aruco_4x4_50:9 -> 666
    aruco_4x4_50:10 -> 962
    aruco_4x4_50:11 -> 903
    aruco_4x4_50:12 -> 831
    aruco_4x4_50:13 -> 825
    aruco_4x4_50:14 -> 400
  rejected ID details:
    aruco_4x4_50:17 -> 4
  CSV: /home/eker/Master-Thesis---Multi-modal-User-Intention-Estimation-and-Hand-Position-Prediction/Data_collection/Aruco_CSV/aruco_poses_Berat_6_20260616_142129.csv
Finished: Berat_6_20260616_142129

------------------------------------------------------------
[16] Sequence: Berat_7_20260616_142358
VRS:        /home/eker/Master-Thesis---Multi-modal-User-Intention-Estimation-and-Hand-Position-Prediction/Data_collection/Data_vrs/Berat_7_20260616_142358.vrs
Output CSV: /home/eker/Master-Thesis---Multi-modal-User-Intention-Estimation-and-Hand-Position-Prediction/Data_collection/Aruco_CSV/aruco_poses_Berat_7_20260616_142358.csv
QA symlink: /home/eker/Master-Thesis---Multi-modal-User-Intention-Estimation-and-Hand-Position-Prediction/Data_collection/aruco_poses_Berat_7_20260616_142358.csv
Opening: /home/eker/Master-Thesis---Multi-modal-User-Intention-Estimation-and-Hand-Position-Prediction/Data_collection/Data_vrs/Berat_7_20260616_142358.vrs
Frame 1/1037
Frame 501/1037
Frame 1001/1037
Frame 1037/1037

Extraction summary
  sequence: Berat_7_20260616_142358
  frames: 1037/1037
  timestamp range ns: 689479967632 .. 724003898018
  accepted marker poses: 9261
  rejected IDs: 6
  failed pose estimates: 0
    apriltag_36h11:0 -> 753
    apriltag_36h11:2 -> 645
    apriltag_36h11:3 -> 253
    apriltag_36h11:4 -> 178
    aruco_4x4_50:6 -> 760
    aruco_4x4_50:7 -> 602
    aruco_4x4_50:8 -> 910
    aruco_4x4_50:9 -> 1026
    aruco_4x4_50:10 -> 954
    aruco_4x4_50:11 -> 756
    aruco_4x4_50:12 -> 866
    aruco_4x4_50:13 -> 863
    aruco_4x4_50:14 -> 695
  rejected ID details:
    aruco_4x4_50:17 -> 6
  CSV: /home/eker/Master-Thesis---Multi-modal-User-Intention-Estimation-and-Hand-Position-Prediction/Data_collection/Aruco_CSV/aruco_poses_Berat_7_20260616_142358.csv
Finished: Berat_7_20260616_142358

------------------------------------------------------------
[17] Sequence: Berat_8_20260616_142539
VRS:        /home/eker/Master-Thesis---Multi-modal-User-Intention-Estimation-and-Hand-Position-Prediction/Data_collection/Data_vrs/Berat_8_20260616_142539.vrs
Output CSV: /home/eker/Master-Thesis---Multi-modal-User-Intention-Estimation-and-Hand-Position-Prediction/Data_collection/Aruco_CSV/aruco_poses_Berat_8_20260616_142539.csv
QA symlink: /home/eker/Master-Thesis---Multi-modal-User-Intention-Estimation-and-Hand-Position-Prediction/Data_collection/aruco_poses_Berat_8_20260616_142539.csv
Opening: /home/eker/Master-Thesis---Multi-modal-User-Intention-Estimation-and-Hand-Position-Prediction/Data_collection/Data_vrs/Berat_8_20260616_142539.vrs
Frame 1/1233
Frame 501/1233
Frame 1001/1233
Frame 1233/1233

Extraction summary
  sequence: Berat_8_20260616_142539
  frames: 1233/1233
  timestamp range ns: 790156149685 .. 831211453383
  accepted marker poses: 10194
  rejected IDs: 0
  failed pose estimates: 0
    apriltag_36h11:0 -> 630
    apriltag_36h11:1 -> 96
    apriltag_36h11:2 -> 894
    apriltag_36h11:3 -> 265
    apriltag_36h11:4 -> 178
    aruco_4x4_50:6 -> 1042
    aruco_4x4_50:7 -> 880
    aruco_4x4_50:8 -> 970
    aruco_4x4_50:9 -> 927
    aruco_4x4_50:10 -> 902
    aruco_4x4_50:11 -> 865
    aruco_4x4_50:12 -> 967
    aruco_4x4_50:13 -> 627
    aruco_4x4_50:14 -> 951
  CSV: /home/eker/Master-Thesis---Multi-modal-User-Intention-Estimation-and-Hand-Position-Prediction/Data_collection/Aruco_CSV/aruco_poses_Berat_8_20260616_142539.csv
Finished: Berat_8_20260616_142539

------------------------------------------------------------
[18] Sequence: Berat_9_20260616_142847
VRS:        /home/eker/Master-Thesis---Multi-modal-User-Intention-Estimation-and-Hand-Position-Prediction/Data_collection/Data_vrs/Berat_9_20260616_142847.vrs
Output CSV: /home/eker/Master-Thesis---Multi-modal-User-Intention-Estimation-and-Hand-Position-Prediction/Data_collection/Aruco_CSV/aruco_poses_Berat_9_20260616_142847.csv
QA symlink: /home/eker/Master-Thesis---Multi-modal-User-Intention-Estimation-and-Hand-Position-Prediction/Data_collection/aruco_poses_Berat_9_20260616_142847.csv
Opening: /home/eker/Master-Thesis---Multi-modal-User-Intention-Estimation-and-Hand-Position-Prediction/Data_collection/Data_vrs/Berat_9_20260616_142847.vrs
Frame 1/1184
Frame 501/1184
Frame 1001/1184
Frame 1184/1184

Extraction summary
  sequence: Berat_9_20260616_142847
  frames: 1184/1184
  timestamp range ns: 977831494330 .. 1017253934632
  accepted marker poses: 9639
  rejected IDs: 3
  failed pose estimates: 0
    apriltag_36h11:0 -> 437
    apriltag_36h11:1 -> 51
    apriltag_36h11:2 -> 820
    apriltag_36h11:3 -> 207
    apriltag_36h11:4 -> 246
    aruco_4x4_50:6 -> 669
    aruco_4x4_50:7 -> 897
    aruco_4x4_50:8 -> 835
    aruco_4x4_50:9 -> 1010
    aruco_4x4_50:10 -> 1103
    aruco_4x4_50:11 -> 1157
    aruco_4x4_50:12 -> 365
    aruco_4x4_50:13 -> 890
    aruco_4x4_50:14 -> 952
  rejected ID details:
    aruco_4x4_50:0 -> 2
    aruco_4x4_50:17 -> 1
  CSV: /home/eker/Master-Thesis---Multi-modal-User-Intention-Estimation-and-Hand-Position-Prediction/Data_collection/Aruco_CSV/aruco_poses_Berat_9_20260616_142847.csv
Finished: Berat_9_20260616_142847

------------------------------------------------------------
[19] Sequence: Edu_10_20260616_150412
VRS:        /home/eker/Master-Thesis---Multi-modal-User-Intention-Estimation-and-Hand-Position-Prediction/Data_collection/Data_vrs/Edu_10_20260616_150412.vrs
Output CSV: /home/eker/Master-Thesis---Multi-modal-User-Intention-Estimation-and-Hand-Position-Prediction/Data_collection/Aruco_CSV/aruco_poses_Edu_10_20260616_150412.csv
QA symlink: /home/eker/Master-Thesis---Multi-modal-User-Intention-Estimation-and-Hand-Position-Prediction/Data_collection/aruco_poses_Edu_10_20260616_150412.csv
Opening: /home/eker/Master-Thesis---Multi-modal-User-Intention-Estimation-and-Hand-Position-Prediction/Data_collection/Data_vrs/Edu_10_20260616_150412.vrs
Frame 1/1021
Frame 501/1021
Frame 1001/1021
Frame 1021/1021

Extraction summary
  sequence: Edu_10_20260616_150412
  frames: 1021/1021
  timestamp range ns: 3103043624454 .. 3137034232942
  accepted marker poses: 10923
  rejected IDs: 3
  failed pose estimates: 0
    apriltag_36h11:0 -> 917
    apriltag_36h11:1 -> 688
    apriltag_36h11:2 -> 578
    apriltag_36h11:3 -> 447
    apriltag_36h11:4 -> 137
    aruco_4x4_50:6 -> 643
    aruco_4x4_50:7 -> 1021
    aruco_4x4_50:8 -> 938
    aruco_4x4_50:9 -> 1021
    aruco_4x4_50:10 -> 939
    aruco_4x4_50:11 -> 981
    aruco_4x4_50:12 -> 907
    aruco_4x4_50:13 -> 775
    aruco_4x4_50:14 -> 931
  rejected ID details:
    aruco_4x4_50:0 -> 2
    aruco_4x4_50:17 -> 1
  CSV: /home/eker/Master-Thesis---Multi-modal-User-Intention-Estimation-and-Hand-Position-Prediction/Data_collection/Aruco_CSV/aruco_poses_Edu_10_20260616_150412.csv
Finished: Edu_10_20260616_150412

------------------------------------------------------------
[20] Sequence: Edu_1_20260604_170154
VRS:        /home/eker/Master-Thesis---Multi-modal-User-Intention-Estimation-and-Hand-Position-Prediction/Data_collection/Data_vrs/Edu_1_20260604_170154.vrs
Output CSV: /home/eker/Master-Thesis---Multi-modal-User-Intention-Estimation-and-Hand-Position-Prediction/Data_collection/Aruco_CSV/aruco_poses_Edu_1_20260604_170154.csv
QA symlink: /home/eker/Master-Thesis---Multi-modal-User-Intention-Estimation-and-Hand-Position-Prediction/Data_collection/aruco_poses_Edu_1_20260604_170154.csv
Opening: /home/eker/Master-Thesis---Multi-modal-User-Intention-Estimation-and-Hand-Position-Prediction/Data_collection/Data_vrs/Edu_1_20260604_170154.vrs
Frame 1/1255
Frame 501/1255
Frame 1001/1255
Frame 1255/1255

Extraction summary
  sequence: Edu_1_20260604_170154
  frames: 1255/1255
  timestamp range ns: 7373985161608 .. 7415773654629
  accepted marker poses: 8378
  rejected IDs: 3
  failed pose estimates: 0
    apriltag_36h11:0 -> 1030
    apriltag_36h11:2 -> 366
    apriltag_36h11:3 -> 111
    apriltag_36h11:4 -> 95
    aruco_4x4_50:6 -> 856
    aruco_4x4_50:7 -> 33
    aruco_4x4_50:8 -> 1111
    aruco_4x4_50:9 -> 1175
    aruco_4x4_50:10 -> 1237
    aruco_4x4_50:12 -> 1131
    aruco_4x4_50:13 -> 1182
    aruco_4x4_50:14 -> 51
  rejected ID details:
    aruco_4x4_50:17 -> 1
    aruco_4x4_50:37 -> 2
  CSV: /home/eker/Master-Thesis---Multi-modal-User-Intention-Estimation-and-Hand-Position-Prediction/Data_collection/Aruco_CSV/aruco_poses_Edu_1_20260604_170154.csv
Finished: Edu_1_20260604_170154

------------------------------------------------------------
[21] Sequence: Edu_2_20260604_170420
VRS:        /home/eker/Master-Thesis---Multi-modal-User-Intention-Estimation-and-Hand-Position-Prediction/Data_collection/Data_vrs/Edu_2_20260604_170420.vrs
Output CSV: /home/eker/Master-Thesis---Multi-modal-User-Intention-Estimation-and-Hand-Position-Prediction/Data_collection/Aruco_CSV/aruco_poses_Edu_2_20260604_170420.csv
QA symlink: /home/eker/Master-Thesis---Multi-modal-User-Intention-Estimation-and-Hand-Position-Prediction/Data_collection/aruco_poses_Edu_2_20260604_170420.csv
Opening: /home/eker/Master-Thesis---Multi-modal-User-Intention-Estimation-and-Hand-Position-Prediction/Data_collection/Data_vrs/Edu_2_20260604_170420.vrs
Frame 1/745
Frame 501/745
Frame 745/745

Extraction summary
  sequence: Edu_2_20260604_170420
  frames: 745/745
  timestamp range ns: 7519233550723 .. 7544026718118
  accepted marker poses: 5677
  rejected IDs: 3
  failed pose estimates: 0
    apriltag_36h11:0 -> 706
    apriltag_36h11:2 -> 144
    apriltag_36h11:3 -> 77
    apriltag_36h11:4 -> 36
    aruco_4x4_50:6 -> 581
    aruco_4x4_50:7 -> 373
    aruco_4x4_50:8 -> 246
    aruco_4x4_50:9 -> 745
    aruco_4x4_50:10 -> 726
    aruco_4x4_50:11 -> 511
    aruco_4x4_50:12 -> 740
    aruco_4x4_50:13 -> 743
    aruco_4x4_50:14 -> 49
  rejected ID details:
    aruco_4x4_50:17 -> 2
    aruco_4x4_50:37 -> 1
  CSV: /home/eker/Master-Thesis---Multi-modal-User-Intention-Estimation-and-Hand-Position-Prediction/Data_collection/Aruco_CSV/aruco_poses_Edu_2_20260604_170420.csv
Finished: Edu_2_20260604_170420

------------------------------------------------------------
[22] Sequence: Edu_3_20260604_170622
VRS:        /home/eker/Master-Thesis---Multi-modal-User-Intention-Estimation-and-Hand-Position-Prediction/Data_collection/Data_vrs/Edu_3_20260604_170622.vrs
Output CSV: /home/eker/Master-Thesis---Multi-modal-User-Intention-Estimation-and-Hand-Position-Prediction/Data_collection/Aruco_CSV/aruco_poses_Edu_3_20260604_170622.csv
QA symlink: /home/eker/Master-Thesis---Multi-modal-User-Intention-Estimation-and-Hand-Position-Prediction/Data_collection/aruco_poses_Edu_3_20260604_170622.csv
Opening: /home/eker/Master-Thesis---Multi-modal-User-Intention-Estimation-and-Hand-Position-Prediction/Data_collection/Data_vrs/Edu_3_20260604_170622.vrs
Frame 1/857
Frame 501/857
Frame 857/857

Extraction summary
  sequence: Edu_3_20260604_170622
  frames: 857/857
  timestamp range ns: 7642184830619 .. 7670710304993
  accepted marker poses: 5865
  rejected IDs: 9
  failed pose estimates: 0
    apriltag_36h11:0 -> 809
    apriltag_36h11:2 -> 124
    apriltag_36h11:3 -> 57
    apriltag_36h11:4 -> 31
    aruco_4x4_50:6 -> 850
    aruco_4x4_50:7 -> 760
    aruco_4x4_50:8 -> 46
    aruco_4x4_50:9 -> 400
    aruco_4x4_50:10 -> 790
    aruco_4x4_50:11 -> 463
    aruco_4x4_50:12 -> 831
    aruco_4x4_50:13 -> 704
  rejected ID details:
    aruco_4x4_50:17 -> 6
    aruco_4x4_50:37 -> 3
  CSV: /home/eker/Master-Thesis---Multi-modal-User-Intention-Estimation-and-Hand-Position-Prediction/Data_collection/Aruco_CSV/aruco_poses_Edu_3_20260604_170622.csv
Finished: Edu_3_20260604_170622

------------------------------------------------------------
[23] Sequence: Edu_4_20260604_170837
VRS:        /home/eker/Master-Thesis---Multi-modal-User-Intention-Estimation-and-Hand-Position-Prediction/Data_collection/Data_vrs/Edu_4_20260604_170837.vrs
Output CSV: /home/eker/Master-Thesis---Multi-modal-User-Intention-Estimation-and-Hand-Position-Prediction/Data_collection/Aruco_CSV/aruco_poses_Edu_4_20260604_170837.csv
QA symlink: /home/eker/Master-Thesis---Multi-modal-User-Intention-Estimation-and-Hand-Position-Prediction/Data_collection/aruco_poses_Edu_4_20260604_170837.csv
Opening: /home/eker/Master-Thesis---Multi-modal-User-Intention-Estimation-and-Hand-Position-Prediction/Data_collection/Data_vrs/Edu_4_20260604_170837.vrs
Frame 1/1039
Frame 501/1039
Frame 1001/1039
Frame 1039/1039

Extraction summary
  sequence: Edu_4_20260604_170837
  frames: 1039/1039
  timestamp range ns: 7777087990099 .. 7811678449942
  accepted marker poses: 7369
  rejected IDs: 2
  failed pose estimates: 0
    apriltag_36h11:0 -> 873
    apriltag_36h11:2 -> 199
    apriltag_36h11:3 -> 41
    apriltag_36h11:4 -> 56
    aruco_4x4_50:6 -> 823
    aruco_4x4_50:7 -> 964
    aruco_4x4_50:8 -> 855
    aruco_4x4_50:9 -> 841
    aruco_4x4_50:10 -> 973
    aruco_4x4_50:11 -> 2
    aruco_4x4_50:12 -> 729
    aruco_4x4_50:13 -> 974
    aruco_4x4_50:14 -> 39
  rejected ID details:
    aruco_4x4_50:37 -> 2
  CSV: /home/eker/Master-Thesis---Multi-modal-User-Intention-Estimation-and-Hand-Position-Prediction/Data_collection/Aruco_CSV/aruco_poses_Edu_4_20260604_170837.csv
Finished: Edu_4_20260604_170837

------------------------------------------------------------
[24] Sequence: Edu_5_20260604_170944
VRS:        /home/eker/Master-Thesis---Multi-modal-User-Intention-Estimation-and-Hand-Position-Prediction/Data_collection/Data_vrs/Edu_5_20260604_170944.vrs
Output CSV: /home/eker/Master-Thesis---Multi-modal-User-Intention-Estimation-and-Hand-Position-Prediction/Data_collection/Aruco_CSV/aruco_poses_Edu_5_20260604_170944.csv
QA symlink: /home/eker/Master-Thesis---Multi-modal-User-Intention-Estimation-and-Hand-Position-Prediction/Data_collection/aruco_poses_Edu_5_20260604_170944.csv
Opening: /home/eker/Master-Thesis---Multi-modal-User-Intention-Estimation-and-Hand-Position-Prediction/Data_collection/Data_vrs/Edu_5_20260604_170944.vrs
Frame 1/1039
Frame 501/1039
Frame 1001/1039
Frame 1039/1039

Extraction summary
  sequence: Edu_5_20260604_170944
  frames: 1039/1039
  timestamp range ns: 7843674210566 .. 7878264667182
  accepted marker poses: 5362
  rejected IDs: 5
  failed pose estimates: 0
    apriltag_36h11:0 -> 734
    apriltag_36h11:2 -> 191
    apriltag_36h11:3 -> 9
    apriltag_36h11:4 -> 57
    aruco_4x4_50:6 -> 872
    aruco_4x4_50:7 -> 338
    aruco_4x4_50:8 -> 528
    aruco_4x4_50:10 -> 822
    aruco_4x4_50:11 -> 52
    aruco_4x4_50:12 -> 989
    aruco_4x4_50:13 -> 722
    aruco_4x4_50:14 -> 48
  rejected ID details:
    aruco_4x4_50:37 -> 5
  CSV: /home/eker/Master-Thesis---Multi-modal-User-Intention-Estimation-and-Hand-Position-Prediction/Data_collection/Aruco_CSV/aruco_poses_Edu_5_20260604_170944.csv
Finished: Edu_5_20260604_170944

------------------------------------------------------------
[25] Sequence: Edu_6_20260616_145740
VRS:        /home/eker/Master-Thesis---Multi-modal-User-Intention-Estimation-and-Hand-Position-Prediction/Data_collection/Data_vrs/Edu_6_20260616_145740.vrs
Output CSV: /home/eker/Master-Thesis---Multi-modal-User-Intention-Estimation-and-Hand-Position-Prediction/Data_collection/Aruco_CSV/aruco_poses_Edu_6_20260616_145740.csv
QA symlink: /home/eker/Master-Thesis---Multi-modal-User-Intention-Estimation-and-Hand-Position-Prediction/Data_collection/aruco_poses_Edu_6_20260616_145740.csv
Opening: /home/eker/Master-Thesis---Multi-modal-User-Intention-Estimation-and-Hand-Position-Prediction/Data_collection/Data_vrs/Edu_6_20260616_145740.vrs
Frame 1/1036
Frame 501/1036
Frame 1001/1036
Frame 1036/1036

Extraction summary
  sequence: Edu_6_20260616_145740
  frames: 1036/1036
  timestamp range ns: 2711193399777 .. 2745684145182
  accepted marker poses: 10027
  rejected IDs: 2
  failed pose estimates: 0
    apriltag_36h11:0 -> 817
    apriltag_36h11:1 -> 937
    apriltag_36h11:2 -> 575
    apriltag_36h11:3 -> 354
    apriltag_36h11:4 -> 76
    aruco_4x4_50:6 -> 70
    aruco_4x4_50:7 -> 900
    aruco_4x4_50:8 -> 1009
    aruco_4x4_50:9 -> 706
    aruco_4x4_50:10 -> 832
    aruco_4x4_50:11 -> 998
    aruco_4x4_50:12 -> 788
    aruco_4x4_50:13 -> 1018
    aruco_4x4_50:14 -> 947
  rejected ID details:
    aruco_4x4_50:0 -> 1
    aruco_4x4_50:17 -> 1
  CSV: /home/eker/Master-Thesis---Multi-modal-User-Intention-Estimation-and-Hand-Position-Prediction/Data_collection/Aruco_CSV/aruco_poses_Edu_6_20260616_145740.csv
Finished: Edu_6_20260616_145740

------------------------------------------------------------
[26] Sequence: Edu_7_20260616_145927
VRS:        /home/eker/Master-Thesis---Multi-modal-User-Intention-Estimation-and-Hand-Position-Prediction/Data_collection/Data_vrs/Edu_7_20260616_145927.vrs
Output CSV: /home/eker/Master-Thesis---Multi-modal-User-Intention-Estimation-and-Hand-Position-Prediction/Data_collection/Aruco_CSV/aruco_poses_Edu_7_20260616_145927.csv
QA symlink: /home/eker/Master-Thesis---Multi-modal-User-Intention-Estimation-and-Hand-Position-Prediction/Data_collection/aruco_poses_Edu_7_20260616_145927.csv
Opening: /home/eker/Master-Thesis---Multi-modal-User-Intention-Estimation-and-Hand-Position-Prediction/Data_collection/Data_vrs/Edu_7_20260616_145927.vrs
Frame 1/850
Frame 501/850
Frame 850/850

Extraction summary
  sequence: Edu_7_20260616_145927
  frames: 850/850
  timestamp range ns: 2818111233568 .. 2846403426121
  accepted marker poses: 8525
  rejected IDs: 0
  failed pose estimates: 0
    apriltag_36h11:0 -> 730
    apriltag_36h11:1 -> 763
    apriltag_36h11:2 -> 562
    apriltag_36h11:3 -> 104
    apriltag_36h11:4 -> 91
    aruco_4x4_50:6 -> 736
    aruco_4x4_50:7 -> 827
    aruco_4x4_50:8 -> 662
    aruco_4x4_50:9 -> 820
    aruco_4x4_50:10 -> 720
    aruco_4x4_50:11 -> 797
    aruco_4x4_50:12 -> 408
    aruco_4x4_50:13 -> 767
    aruco_4x4_50:14 -> 538
  CSV: /home/eker/Master-Thesis---Multi-modal-User-Intention-Estimation-and-Hand-Position-Prediction/Data_collection/Aruco_CSV/aruco_poses_Edu_7_20260616_145927.csv
Finished: Edu_7_20260616_145927

------------------------------------------------------------
[27] Sequence: Edu_8_20260616_150108
VRS:        /home/eker/Master-Thesis---Multi-modal-User-Intention-Estimation-and-Hand-Position-Prediction/Data_collection/Data_vrs/Edu_8_20260616_150108.vrs
Output CSV: /home/eker/Master-Thesis---Multi-modal-User-Intention-Estimation-and-Hand-Position-Prediction/Data_collection/Aruco_CSV/aruco_poses_Edu_8_20260616_150108.csv
QA symlink: /home/eker/Master-Thesis---Multi-modal-User-Intention-Estimation-and-Hand-Position-Prediction/Data_collection/aruco_poses_Edu_8_20260616_150108.csv
Opening: /home/eker/Master-Thesis---Multi-modal-User-Intention-Estimation-and-Hand-Position-Prediction/Data_collection/Data_vrs/Edu_8_20260616_150108.vrs
Frame 1/763
Frame 501/763
Frame 763/763

Extraction summary
  sequence: Edu_8_20260616_150108
  frames: 763/763
  timestamp range ns: 2919150021069 .. 2944543014088
  accepted marker poses: 7758
  rejected IDs: 0
  failed pose estimates: 0
    apriltag_36h11:0 -> 690
    apriltag_36h11:1 -> 637
    apriltag_36h11:2 -> 432
    apriltag_36h11:3 -> 141
    apriltag_36h11:4 -> 87
    aruco_4x4_50:6 -> 610
    aruco_4x4_50:7 -> 593
    aruco_4x4_50:8 -> 713
    aruco_4x4_50:9 -> 662
    aruco_4x4_50:10 -> 544
    aruco_4x4_50:11 -> 737
    aruco_4x4_50:12 -> 574
    aruco_4x4_50:13 -> 626
    aruco_4x4_50:14 -> 712
  CSV: /home/eker/Master-Thesis---Multi-modal-User-Intention-Estimation-and-Hand-Position-Prediction/Data_collection/Aruco_CSV/aruco_poses_Edu_8_20260616_150108.csv
Finished: Edu_8_20260616_150108

------------------------------------------------------------
[28] Sequence: Edu_9_20260616_150247
VRS:        /home/eker/Master-Thesis---Multi-modal-User-Intention-Estimation-and-Hand-Position-Prediction/Data_collection/Data_vrs/Edu_9_20260616_150247.vrs
Output CSV: /home/eker/Master-Thesis---Multi-modal-User-Intention-Estimation-and-Hand-Position-Prediction/Data_collection/Aruco_CSV/aruco_poses_Edu_9_20260616_150247.csv
QA symlink: /home/eker/Master-Thesis---Multi-modal-User-Intention-Estimation-and-Hand-Position-Prediction/Data_collection/aruco_poses_Edu_9_20260616_150247.csv
Opening: /home/eker/Master-Thesis---Multi-modal-User-Intention-Estimation-and-Hand-Position-Prediction/Data_collection/Data_vrs/Edu_9_20260616_150247.vrs
Frame 1/841
Frame 501/841
Frame 841/841

Extraction summary
  sequence: Edu_9_20260616_150247
  frames: 841/841
  timestamp range ns: 3018758052839 .. 3046750341120
  accepted marker poses: 8656
  rejected IDs: 1
  failed pose estimates: 0
    apriltag_36h11:0 -> 704
    apriltag_36h11:1 -> 553
    apriltag_36h11:2 -> 498
    apriltag_36h11:3 -> 122
    apriltag_36h11:4 -> 122
    aruco_4x4_50:6 -> 609
    aruco_4x4_50:7 -> 733
    aruco_4x4_50:8 -> 693
    aruco_4x4_50:9 -> 673
    aruco_4x4_50:10 -> 784
    aruco_4x4_50:11 -> 769
    aruco_4x4_50:12 -> 799
    aruco_4x4_50:13 -> 831
    aruco_4x4_50:14 -> 766
  rejected ID details:
    aruco_4x4_50:17 -> 1
  CSV: /home/eker/Master-Thesis---Multi-modal-User-Intention-Estimation-and-Hand-Position-Prediction/Data_collection/Aruco_CSV/aruco_poses_Edu_9_20260616_150247.csv
Finished: Edu_9_20260616_150247

------------------------------------------------------------
[29] Sequence: Ermal_1_20260604_151723
VRS:        /home/eker/Master-Thesis---Multi-modal-User-Intention-Estimation-and-Hand-Position-Prediction/Data_collection/Data_vrs/Ermal_1_20260604_151723.vrs
Output CSV: /home/eker/Master-Thesis---Multi-modal-User-Intention-Estimation-and-Hand-Position-Prediction/Data_collection/Aruco_CSV/aruco_poses_Ermal_1_20260604_151723.csv
QA symlink: /home/eker/Master-Thesis---Multi-modal-User-Intention-Estimation-and-Hand-Position-Prediction/Data_collection/aruco_poses_Ermal_1_20260604_151723.csv
Opening: /home/eker/Master-Thesis---Multi-modal-User-Intention-Estimation-and-Hand-Position-Prediction/Data_collection/Data_vrs/Ermal_1_20260604_151723.vrs
Frame 1/1040
Frame 501/1040
Frame 1001/1040
Frame 1040/1040

Extraction summary
  sequence: Ermal_1_20260604_151723
  frames: 1040/1040
  timestamp range ns: 1102651307554 .. 1137275115991
  accepted marker poses: 4412
  rejected IDs: 1
  failed pose estimates: 0
    apriltag_36h11:0 -> 432
    apriltag_36h11:1 -> 12
    apriltag_36h11:2 -> 588
    apriltag_36h11:3 -> 102
    aruco_4x4_50:6 -> 290
    aruco_4x4_50:7 -> 426
    aruco_4x4_50:8 -> 971
    aruco_4x4_50:9 -> 929
    aruco_4x4_50:10 -> 662
  rejected ID details:
    aruco_4x4_50:37 -> 1
  CSV: /home/eker/Master-Thesis---Multi-modal-User-Intention-Estimation-and-Hand-Position-Prediction/Data_collection/Aruco_CSV/aruco_poses_Ermal_1_20260604_151723.csv
Finished: Ermal_1_20260604_151723

------------------------------------------------------------
[30] Sequence: Ermal_2_20260604_151912
VRS:        /home/eker/Master-Thesis---Multi-modal-User-Intention-Estimation-and-Hand-Position-Prediction/Data_collection/Data_vrs/Ermal_2_20260604_151912.vrs
Output CSV: /home/eker/Master-Thesis---Multi-modal-User-Intention-Estimation-and-Hand-Position-Prediction/Data_collection/Aruco_CSV/aruco_poses_Ermal_2_20260604_151912.csv
QA symlink: /home/eker/Master-Thesis---Multi-modal-User-Intention-Estimation-and-Hand-Position-Prediction/Data_collection/aruco_poses_Ermal_2_20260604_151912.csv
Opening: /home/eker/Master-Thesis---Multi-modal-User-Intention-Estimation-and-Hand-Position-Prediction/Data_collection/Data_vrs/Ermal_2_20260604_151912.vrs
Frame 1/1205
Frame 501/1205
Frame 1001/1205
Frame 1205/1205

Extraction summary
  sequence: Ermal_2_20260604_151912
  frames: 1205/1205
  timestamp range ns: 1211687638054 .. 1251810238491
  accepted marker poses: 6698
  rejected IDs: 1
  failed pose estimates: 0
    apriltag_36h11:0 -> 405
    apriltag_36h11:1 -> 93
    apriltag_36h11:2 -> 730
    apriltag_36h11:3 -> 586
    apriltag_36h11:4 -> 17
    aruco_4x4_50:6 -> 861
    aruco_4x4_50:7 -> 841
    aruco_4x4_50:8 -> 1205
    aruco_4x4_50:9 -> 991
    aruco_4x4_50:10 -> 969
  rejected ID details:
    aruco_4x4_50:37 -> 1
  CSV: /home/eker/Master-Thesis---Multi-modal-User-Intention-Estimation-and-Hand-Position-Prediction/Data_collection/Aruco_CSV/aruco_poses_Ermal_2_20260604_151912.csv
Finished: Ermal_2_20260604_151912

------------------------------------------------------------
[31] Sequence: Ermal_3_20260604_152032
VRS:        /home/eker/Master-Thesis---Multi-modal-User-Intention-Estimation-and-Hand-Position-Prediction/Data_collection/Data_vrs/Ermal_3_20260604_152032.vrs
Output CSV: /home/eker/Master-Thesis---Multi-modal-User-Intention-Estimation-and-Hand-Position-Prediction/Data_collection/Aruco_CSV/aruco_poses_Ermal_3_20260604_152032.csv
QA symlink: /home/eker/Master-Thesis---Multi-modal-User-Intention-Estimation-and-Hand-Position-Prediction/Data_collection/aruco_poses_Ermal_3_20260604_152032.csv
Opening: /home/eker/Master-Thesis---Multi-modal-User-Intention-Estimation-and-Hand-Position-Prediction/Data_collection/Data_vrs/Ermal_3_20260604_152032.vrs
Frame 1/888
Frame 501/888
Frame 888/888

Extraction summary
  sequence: Ermal_3_20260604_152032
  frames: 888/888
  timestamp range ns: 1291657441888 .. 1321216205263
  accepted marker poses: 4708
  rejected IDs: 0
  failed pose estimates: 0
    apriltag_36h11:0 -> 388
    apriltag_36h11:1 -> 44
    apriltag_36h11:2 -> 529
    apriltag_36h11:3 -> 340
    apriltag_36h11:4 -> 10
    aruco_4x4_50:6 -> 630
    aruco_4x4_50:7 -> 727
    aruco_4x4_50:8 -> 706
    aruco_4x4_50:9 -> 605
    aruco_4x4_50:10 -> 729
  CSV: /home/eker/Master-Thesis---Multi-modal-User-Intention-Estimation-and-Hand-Position-Prediction/Data_collection/Aruco_CSV/aruco_poses_Ermal_3_20260604_152032.csv
Finished: Ermal_3_20260604_152032

------------------------------------------------------------
[32] Sequence: Ermal_4_20260604_152214
VRS:        /home/eker/Master-Thesis---Multi-modal-User-Intention-Estimation-and-Hand-Position-Prediction/Data_collection/Data_vrs/Ermal_4_20260604_152214.vrs
Output CSV: /home/eker/Master-Thesis---Multi-modal-User-Intention-Estimation-and-Hand-Position-Prediction/Data_collection/Aruco_CSV/aruco_poses_Ermal_4_20260604_152214.csv
QA symlink: /home/eker/Master-Thesis---Multi-modal-User-Intention-Estimation-and-Hand-Position-Prediction/Data_collection/aruco_poses_Ermal_4_20260604_152214.csv
Opening: /home/eker/Master-Thesis---Multi-modal-User-Intention-Estimation-and-Hand-Position-Prediction/Data_collection/Data_vrs/Ermal_4_20260604_152214.vrs
Frame 1/1037
Frame 501/1037
Frame 1001/1037
Frame 1037/1037

Extraction summary
  sequence: Ermal_4_20260604_152214
  frames: 1037/1037
  timestamp range ns: 1394140151387 .. 1428664158335
  accepted marker poses: 5138
  rejected IDs: 4
  failed pose estimates: 0
    apriltag_36h11:0 -> 683
    apriltag_36h11:1 -> 6
    apriltag_36h11:2 -> 610
    apriltag_36h11:3 -> 245
    apriltag_36h11:4 -> 98
    aruco_4x4_50:6 -> 185
    aruco_4x4_50:7 -> 941
    aruco_4x4_50:8 -> 755
    aruco_4x4_50:9 -> 744
    aruco_4x4_50:10 -> 871
  rejected ID details:
    aruco_4x4_50:16 -> 1
    aruco_4x4_50:17 -> 2
    aruco_4x4_50:37 -> 1
  CSV: /home/eker/Master-Thesis---Multi-modal-User-Intention-Estimation-and-Hand-Position-Prediction/Data_collection/Aruco_CSV/aruco_poses_Ermal_4_20260604_152214.csv
Finished: Ermal_4_20260604_152214

------------------------------------------------------------
[33] Sequence: Ermal_5_20260616_153530
VRS:        /home/eker/Master-Thesis---Multi-modal-User-Intention-Estimation-and-Hand-Position-Prediction/Data_collection/Data_vrs/Ermal_5_20260616_153530.vrs
Output CSV: /home/eker/Master-Thesis---Multi-modal-User-Intention-Estimation-and-Hand-Position-Prediction/Data_collection/Aruco_CSV/aruco_poses_Ermal_5_20260616_153530.csv
QA symlink: /home/eker/Master-Thesis---Multi-modal-User-Intention-Estimation-and-Hand-Position-Prediction/Data_collection/aruco_poses_Ermal_5_20260616_153530.csv
Opening: /home/eker/Master-Thesis---Multi-modal-User-Intention-Estimation-and-Hand-Position-Prediction/Data_collection/Data_vrs/Ermal_5_20260616_153530.vrs
Frame 1/1026
Frame 501/1026
Frame 1001/1026
Frame 1026/1026

Extraction summary
  sequence: Ermal_5_20260616_153530
  frames: 1026/1026
  timestamp range ns: 4981080258871 .. 5015236938276
  accepted marker poses: 8361
  rejected IDs: 0
  failed pose estimates: 0
    apriltag_36h11:0 -> 832
    apriltag_36h11:1 -> 490
    apriltag_36h11:2 -> 673
    apriltag_36h11:3 -> 53
    apriltag_36h11:4 -> 279
    aruco_4x4_50:6 -> 849
    aruco_4x4_50:8 -> 952
    aruco_4x4_50:9 -> 605
    aruco_4x4_50:10 -> 189
    aruco_4x4_50:11 -> 912
    aruco_4x4_50:12 -> 625
    aruco_4x4_50:13 -> 955
    aruco_4x4_50:14 -> 947
  CSV: /home/eker/Master-Thesis---Multi-modal-User-Intention-Estimation-and-Hand-Position-Prediction/Data_collection/Aruco_CSV/aruco_poses_Ermal_5_20260616_153530.csv
Finished: Ermal_5_20260616_153530

------------------------------------------------------------
[34] Sequence: Ermal_6_20260616_153648
VRS:        /home/eker/Master-Thesis---Multi-modal-User-Intention-Estimation-and-Hand-Position-Prediction/Data_collection/Data_vrs/Ermal_6_20260616_153648.vrs
Output CSV: /home/eker/Master-Thesis---Multi-modal-User-Intention-Estimation-and-Hand-Position-Prediction/Data_collection/Aruco_CSV/aruco_poses_Ermal_6_20260616_153648.csv
QA symlink: /home/eker/Master-Thesis---Multi-modal-User-Intention-Estimation-and-Hand-Position-Prediction/Data_collection/aruco_poses_Ermal_6_20260616_153648.csv
Opening: /home/eker/Master-Thesis---Multi-modal-User-Intention-Estimation-and-Hand-Position-Prediction/Data_collection/Data_vrs/Ermal_6_20260616_153648.vrs
Frame 1/1208
Frame 501/1208
Frame 1001/1208
Frame 1208/1208

Extraction summary
  sequence: Ermal_6_20260616_153648
  frames: 1208/1208
  timestamp range ns: 5059298259985 .. 5099519511360
  accepted marker poses: 10001
  rejected IDs: 2
  failed pose estimates: 0
    apriltag_36h11:0 -> 1046
    apriltag_36h11:1 -> 732
    apriltag_36h11:2 -> 883
    apriltag_36h11:4 -> 224
    aruco_4x4_50:6 -> 1034
    aruco_4x4_50:7 -> 788
    aruco_4x4_50:8 -> 1174
    aruco_4x4_50:9 -> 1105
    aruco_4x4_50:10 -> 1006
    aruco_4x4_50:11 -> 375
    aruco_4x4_50:12 -> 159
    aruco_4x4_50:13 -> 1190
    aruco_4x4_50:14 -> 285
  rejected ID details:
    aruco_4x4_50:17 -> 2
  CSV: /home/eker/Master-Thesis---Multi-modal-User-Intention-Estimation-and-Hand-Position-Prediction/Data_collection/Aruco_CSV/aruco_poses_Ermal_6_20260616_153648.csv
Finished: Ermal_6_20260616_153648

------------------------------------------------------------
[35] Sequence: Ermal_7_20260616_153921
VRS:        /home/eker/Master-Thesis---Multi-modal-User-Intention-Estimation-and-Hand-Position-Prediction/Data_collection/Data_vrs/Ermal_7_20260616_153921.vrs
Output CSV: /home/eker/Master-Thesis---Multi-modal-User-Intention-Estimation-and-Hand-Position-Prediction/Data_collection/Aruco_CSV/aruco_poses_Ermal_7_20260616_153921.csv
QA symlink: /home/eker/Master-Thesis---Multi-modal-User-Intention-Estimation-and-Hand-Position-Prediction/Data_collection/aruco_poses_Ermal_7_20260616_153921.csv
Opening: /home/eker/Master-Thesis---Multi-modal-User-Intention-Estimation-and-Hand-Position-Prediction/Data_collection/Data_vrs/Ermal_7_20260616_153921.vrs
Frame 1/1521
Frame 501/1521
Frame 1001/1521
Frame 1501/1521
Frame 1521/1521

Extraction summary
  sequence: Ermal_7_20260616_153921
  frames: 1521/1521
  timestamp range ns: 5212318214256 .. 5262970577870
  accepted marker poses: 12017
  rejected IDs: 1
  failed pose estimates: 0
    apriltag_36h11:0 -> 1252
    apriltag_36h11:1 -> 930
    apriltag_36h11:2 -> 1187
    apriltag_36h11:3 -> 7
    apriltag_36h11:4 -> 220
    aruco_4x4_50:6 -> 1276
    aruco_4x4_50:7 -> 1233
    aruco_4x4_50:8 -> 1211
    aruco_4x4_50:9 -> 1508
    aruco_4x4_50:10 -> 308
    aruco_4x4_50:11 -> 1364
    aruco_4x4_50:13 -> 1521
  rejected ID details:
    aruco_4x4_50:37 -> 1
  CSV: /home/eker/Master-Thesis---Multi-modal-User-Intention-Estimation-and-Hand-Position-Prediction/Data_collection/Aruco_CSV/aruco_poses_Ermal_7_20260616_153921.csv
Finished: Ermal_7_20260616_153921

------------------------------------------------------------
[36] Sequence: Ermal_8_20260616_154054
VRS:        /home/eker/Master-Thesis---Multi-modal-User-Intention-Estimation-and-Hand-Position-Prediction/Data_collection/Data_vrs/Ermal_8_20260616_154054.vrs
Output CSV: /home/eker/Master-Thesis---Multi-modal-User-Intention-Estimation-and-Hand-Position-Prediction/Data_collection/Aruco_CSV/aruco_poses_Ermal_8_20260616_154054.csv
QA symlink: /home/eker/Master-Thesis---Multi-modal-User-Intention-Estimation-and-Hand-Position-Prediction/Data_collection/aruco_poses_Ermal_8_20260616_154054.csv
Opening: /home/eker/Master-Thesis---Multi-modal-User-Intention-Estimation-and-Hand-Position-Prediction/Data_collection/Data_vrs/Ermal_8_20260616_154054.vrs
Frame 1/1229
Frame 501/1229
Frame 1001/1229
Frame 1229/1229

Extraction summary
  sequence: Ermal_8_20260616_154054
  frames: 1229/1229
  timestamp range ns: 5305288687172 .. 5346210599985
  accepted marker poses: 11848
  rejected IDs: 1
  failed pose estimates: 0
    apriltag_36h11:0 -> 939
    apriltag_36h11:1 -> 749
    apriltag_36h11:2 -> 940
    apriltag_36h11:3 -> 87
    apriltag_36h11:4 -> 209
    aruco_4x4_50:6 -> 1042
    aruco_4x4_50:7 -> 1214
    aruco_4x4_50:8 -> 464
    aruco_4x4_50:9 -> 1229
    aruco_4x4_50:10 -> 902
    aruco_4x4_50:11 -> 1225
    aruco_4x4_50:12 -> 626
    aruco_4x4_50:13 -> 1135
    aruco_4x4_50:14 -> 1087
  rejected ID details:
    aruco_4x4_50:0 -> 1
  CSV: /home/eker/Master-Thesis---Multi-modal-User-Intention-Estimation-and-Hand-Position-Prediction/Data_collection/Aruco_CSV/aruco_poses_Ermal_8_20260616_154054.csv
Finished: Ermal_8_20260616_154054

------------------------------------------------------------
[37] Sequence: Ermal_9_20260616_154205
VRS:        /home/eker/Master-Thesis---Multi-modal-User-Intention-Estimation-and-Hand-Position-Prediction/Data_collection/Data_vrs/Ermal_9_20260616_154205.vrs
Output CSV: /home/eker/Master-Thesis---Multi-modal-User-Intention-Estimation-and-Hand-Position-Prediction/Data_collection/Aruco_CSV/aruco_poses_Ermal_9_20260616_154205.csv
QA symlink: /home/eker/Master-Thesis---Multi-modal-User-Intention-Estimation-and-Hand-Position-Prediction/Data_collection/aruco_poses_Ermal_9_20260616_154205.csv
Opening: /home/eker/Master-Thesis---Multi-modal-User-Intention-Estimation-and-Hand-Position-Prediction/Data_collection/Data_vrs/Ermal_9_20260616_154205.vrs
Frame 1/1222
Frame 501/1222
Frame 1001/1222
Frame 1222/1222

Extraction summary
  sequence: Ermal_9_20260616_154205
  frames: 1222/1222
  timestamp range ns: 5376055647120 .. 5416744407381
  accepted marker poses: 12314
  rejected IDs: 0
  failed pose estimates: 0
    apriltag_36h11:0 -> 905
    apriltag_36h11:1 -> 572
    apriltag_36h11:2 -> 913
    apriltag_36h11:3 -> 137
    apriltag_36h11:4 -> 88
    aruco_4x4_50:6 -> 945
    aruco_4x4_50:7 -> 1060
    aruco_4x4_50:8 -> 1131
    aruco_4x4_50:9 -> 1222
    aruco_4x4_50:10 -> 591
    aruco_4x4_50:11 -> 1222
    aruco_4x4_50:12 -> 1222
    aruco_4x4_50:13 -> 1210
    aruco_4x4_50:14 -> 1096
  CSV: /home/eker/Master-Thesis---Multi-modal-User-Intention-Estimation-and-Hand-Position-Prediction/Data_collection/Aruco_CSV/aruco_poses_Ermal_9_20260616_154205.csv
Finished: Ermal_9_20260616_154205

------------------------------------------------------------
[38] Sequence: Felix_1_20260604_171928
VRS:        /home/eker/Master-Thesis---Multi-modal-User-Intention-Estimation-and-Hand-Position-Prediction/Data_collection/Data_vrs/Felix_1_20260604_171928.vrs
Output CSV: /home/eker/Master-Thesis---Multi-modal-User-Intention-Estimation-and-Hand-Position-Prediction/Data_collection/Aruco_CSV/aruco_poses_Felix_1_20260604_171928.csv
QA symlink: /home/eker/Master-Thesis---Multi-modal-User-Intention-Estimation-and-Hand-Position-Prediction/Data_collection/aruco_poses_Felix_1_20260604_171928.csv
Opening: /home/eker/Master-Thesis---Multi-modal-User-Intention-Estimation-and-Hand-Position-Prediction/Data_collection/Data_vrs/Felix_1_20260604_171928.vrs
Frame 1/125
Frame 125/125

Extraction summary
  sequence: Felix_1_20260604_171928
  frames: 125/125
  timestamp range ns: 8428170775514 .. 8432302972390
  accepted marker poses: 590
  rejected IDs: 0
  failed pose estimates: 0
    apriltag_36h11:0 -> 56
    apriltag_36h11:2 -> 12
    apriltag_36h11:3 -> 50
    aruco_4x4_50:6 -> 42
    aruco_4x4_50:7 -> 97
    aruco_4x4_50:10 -> 100
    aruco_4x4_50:11 -> 80
    aruco_4x4_50:12 -> 84
    aruco_4x4_50:13 -> 69
  CSV: /home/eker/Master-Thesis---Multi-modal-User-Intention-Estimation-and-Hand-Position-Prediction/Data_collection/Aruco_CSV/aruco_poses_Felix_1_20260604_171928.csv
Finished: Felix_1_20260604_171928

------------------------------------------------------------
[39] Sequence: Felix_1_20260604_171946
VRS:        /home/eker/Master-Thesis---Multi-modal-User-Intention-Estimation-and-Hand-Position-Prediction/Data_collection/Data_vrs/Felix_1_20260604_171946.vrs
Output CSV: /home/eker/Master-Thesis---Multi-modal-User-Intention-Estimation-and-Hand-Position-Prediction/Data_collection/Aruco_CSV/aruco_poses_Felix_1_20260604_171946.csv
QA symlink: /home/eker/Master-Thesis---Multi-modal-User-Intention-Estimation-and-Hand-Position-Prediction/Data_collection/aruco_poses_Felix_1_20260604_171946.csv
Opening: /home/eker/Master-Thesis---Multi-modal-User-Intention-Estimation-and-Hand-Position-Prediction/Data_collection/Data_vrs/Felix_1_20260604_171946.vrs
Frame 1/1037
Frame 501/1037
Frame 1001/1037
Frame 1037/1037

Extraction summary
  sequence: Felix_1_20260604_171946
  frames: 1037/1037
  timestamp range ns: 8445625597911 .. 8480149421922
  accepted marker poses: 7523
  rejected IDs: 3
  failed pose estimates: 0
    apriltag_36h11:0 -> 723
    apriltag_36h11:1 -> 3
    apriltag_36h11:2 -> 219
    apriltag_36h11:3 -> 251
    apriltag_36h11:4 -> 20
    aruco_4x4_50:6 -> 732
    aruco_4x4_50:7 -> 913
    aruco_4x4_50:8 -> 302
    aruco_4x4_50:9 -> 799
    aruco_4x4_50:10 -> 979
    aruco_4x4_50:11 -> 742
    aruco_4x4_50:12 -> 934
    aruco_4x4_50:13 -> 906
  rejected ID details:
    aruco_4x4_50:34 -> 1
    aruco_4x4_50:37 -> 2
  CSV: /home/eker/Master-Thesis---Multi-modal-User-Intention-Estimation-and-Hand-Position-Prediction/Data_collection/Aruco_CSV/aruco_poses_Felix_1_20260604_171946.csv
Finished: Felix_1_20260604_171946

------------------------------------------------------------
[40] Sequence: Felix_2_20260604_172102
VRS:        /home/eker/Master-Thesis---Multi-modal-User-Intention-Estimation-and-Hand-Position-Prediction/Data_collection/Data_vrs/Felix_2_20260604_172102.vrs
Output CSV: /home/eker/Master-Thesis---Multi-modal-User-Intention-Estimation-and-Hand-Position-Prediction/Data_collection/Aruco_CSV/aruco_poses_Felix_2_20260604_172102.csv
QA symlink: /home/eker/Master-Thesis---Multi-modal-User-Intention-Estimation-and-Hand-Position-Prediction/Data_collection/aruco_poses_Felix_2_20260604_172102.csv
Opening: /home/eker/Master-Thesis---Multi-modal-User-Intention-Estimation-and-Hand-Position-Prediction/Data_collection/Data_vrs/Felix_2_20260604_172102.vrs
Frame 1/1041
Frame 501/1041
Frame 1001/1041
Frame 1041/1041

Extraction summary
  sequence: Felix_2_20260604_172102
  frames: 1041/1041
  timestamp range ns: 8521775601400 .. 8556432717807
  accepted marker poses: 6051
  rejected IDs: 4
  failed pose estimates: 0
    apriltag_36h11:0 -> 660
    apriltag_36h11:1 -> 45
    apriltag_36h11:2 -> 124
    apriltag_36h11:3 -> 274
    apriltag_36h11:4 -> 13
    aruco_4x4_50:6 -> 861
    aruco_4x4_50:7 -> 257
    aruco_4x4_50:8 -> 23
    aruco_4x4_50:9 -> 816
    aruco_4x4_50:10 -> 928
    aruco_4x4_50:11 -> 13
    aruco_4x4_50:12 -> 985
    aruco_4x4_50:13 -> 947
    aruco_4x4_50:14 -> 105
  rejected ID details:
    aruco_4x4_50:37 -> 4
  CSV: /home/eker/Master-Thesis---Multi-modal-User-Intention-Estimation-and-Hand-Position-Prediction/Data_collection/Aruco_CSV/aruco_poses_Felix_2_20260604_172102.csv
Finished: Felix_2_20260604_172102

------------------------------------------------------------
[41] Sequence: Felix_3_20260604_172212
VRS:        /home/eker/Master-Thesis---Multi-modal-User-Intention-Estimation-and-Hand-Position-Prediction/Data_collection/Data_vrs/Felix_3_20260604_172212.vrs
Output CSV: /home/eker/Master-Thesis---Multi-modal-User-Intention-Estimation-and-Hand-Position-Prediction/Data_collection/Aruco_CSV/aruco_poses_Felix_3_20260604_172212.csv
QA symlink: /home/eker/Master-Thesis---Multi-modal-User-Intention-Estimation-and-Hand-Position-Prediction/Data_collection/aruco_poses_Felix_3_20260604_172212.csv
Opening: /home/eker/Master-Thesis---Multi-modal-User-Intention-Estimation-and-Hand-Position-Prediction/Data_collection/Data_vrs/Felix_3_20260604_172212.vrs
Frame 1/1036
Frame 501/1036
Frame 1001/1036
Frame 1036/1036

Extraction summary
  sequence: Felix_3_20260604_172212
  frames: 1036/1036
  timestamp range ns: 8591298479473 .. 8625788972441
  accepted marker poses: 7587
  rejected IDs: 2
  failed pose estimates: 0
    apriltag_36h11:0 -> 631
    apriltag_36h11:1 -> 12
    apriltag_36h11:2 -> 222
    apriltag_36h11:3 -> 233
    apriltag_36h11:4 -> 44
    aruco_4x4_50:6 -> 956
    aruco_4x4_50:7 -> 944
    aruco_4x4_50:8 -> 244
    aruco_4x4_50:9 -> 969
    aruco_4x4_50:10 -> 901
    aruco_4x4_50:11 -> 421
    aruco_4x4_50:12 -> 889
    aruco_4x4_50:13 -> 754
    aruco_4x4_50:14 -> 367
  rejected ID details:
    aruco_4x4_50:37 -> 2
  CSV: /home/eker/Master-Thesis---Multi-modal-User-Intention-Estimation-and-Hand-Position-Prediction/Data_collection/Aruco_CSV/aruco_poses_Felix_3_20260604_172212.csv
Finished: Felix_3_20260604_172212

------------------------------------------------------------
[42] Sequence: Felix_4_20260604_172358
VRS:        /home/eker/Master-Thesis---Multi-modal-User-Intention-Estimation-and-Hand-Position-Prediction/Data_collection/Data_vrs/Felix_4_20260604_172358.vrs
Output CSV: /home/eker/Master-Thesis---Multi-modal-User-Intention-Estimation-and-Hand-Position-Prediction/Data_collection/Aruco_CSV/aruco_poses_Felix_4_20260604_172358.csv
QA symlink: /home/eker/Master-Thesis---Multi-modal-User-Intention-Estimation-and-Hand-Position-Prediction/Data_collection/aruco_poses_Felix_4_20260604_172358.csv
Opening: /home/eker/Master-Thesis---Multi-modal-User-Intention-Estimation-and-Hand-Position-Prediction/Data_collection/Data_vrs/Felix_4_20260604_172358.vrs
Frame 1/1038
Frame 501/1038
Frame 1001/1038
Frame 1038/1038

Extraction summary
  sequence: Felix_4_20260604_172358
  frames: 1038/1038
  timestamp range ns: 8698069512703 .. 8732626658536
  accepted marker poses: 6171
  rejected IDs: 5
  failed pose estimates: 0
    apriltag_36h11:0 -> 605
    apriltag_36h11:1 -> 32
    apriltag_36h11:2 -> 143
    apriltag_36h11:3 -> 230
    apriltag_36h11:4 -> 20
    aruco_4x4_50:6 -> 643
    aruco_4x4_50:7 -> 201
    aruco_4x4_50:8 -> 141
    aruco_4x4_50:9 -> 869
    aruco_4x4_50:10 -> 761
    aruco_4x4_50:11 -> 477
    aruco_4x4_50:12 -> 831
    aruco_4x4_50:13 -> 977
    aruco_4x4_50:14 -> 241
  rejected ID details:
    aruco_4x4_50:3 -> 1
    aruco_4x4_50:34 -> 1
    aruco_4x4_50:37 -> 3
  CSV: /home/eker/Master-Thesis---Multi-modal-User-Intention-Estimation-and-Hand-Position-Prediction/Data_collection/Aruco_CSV/aruco_poses_Felix_4_20260604_172358.csv
Finished: Felix_4_20260604_172358

------------------------------------------------------------
[43] Sequence: Jan_1_20260604_161550
VRS:        /home/eker/Master-Thesis---Multi-modal-User-Intention-Estimation-and-Hand-Position-Prediction/Data_collection/Data_vrs/Jan_1_20260604_161550.vrs
Output CSV: /home/eker/Master-Thesis---Multi-modal-User-Intention-Estimation-and-Hand-Position-Prediction/Data_collection/Aruco_CSV/aruco_poses_Jan_1_20260604_161550.csv
QA symlink: /home/eker/Master-Thesis---Multi-modal-User-Intention-Estimation-and-Hand-Position-Prediction/Data_collection/aruco_poses_Jan_1_20260604_161550.csv
Opening: /home/eker/Master-Thesis---Multi-modal-User-Intention-Estimation-and-Hand-Position-Prediction/Data_collection/Data_vrs/Jan_1_20260604_161550.vrs
Frame 1/1042
Frame 501/1042
Frame 1001/1042
Frame 1042/1042

Extraction summary
  sequence: Jan_1_20260604_161550
  frames: 1042/1042
  timestamp range ns: 4609359795968 .. 4644050256801
  accepted marker poses: 6882
  rejected IDs: 3
  failed pose estimates: 0
    apriltag_36h11:0 -> 626
    apriltag_36h11:2 -> 549
    apriltag_36h11:3 -> 82
    apriltag_36h11:4 -> 66
    aruco_4x4_50:6 -> 248
    aruco_4x4_50:7 -> 846
    aruco_4x4_50:8 -> 895
    aruco_4x4_50:9 -> 1007
    aruco_4x4_50:11 -> 262
    aruco_4x4_50:12 -> 866
    aruco_4x4_50:13 -> 941
    aruco_4x4_50:14 -> 494
  rejected ID details:
    aruco_4x4_50:17 -> 2
    aruco_4x4_50:37 -> 1
  CSV: /home/eker/Master-Thesis---Multi-modal-User-Intention-Estimation-and-Hand-Position-Prediction/Data_collection/Aruco_CSV/aruco_poses_Jan_1_20260604_161550.csv
Finished: Jan_1_20260604_161550

------------------------------------------------------------
[44] Sequence: Jan_2_20260604_161704
VRS:        /home/eker/Master-Thesis---Multi-modal-User-Intention-Estimation-and-Hand-Position-Prediction/Data_collection/Data_vrs/Jan_2_20260604_161704.vrs
Output CSV: /home/eker/Master-Thesis---Multi-modal-User-Intention-Estimation-and-Hand-Position-Prediction/Data_collection/Aruco_CSV/aruco_poses_Jan_2_20260604_161704.csv
QA symlink: /home/eker/Master-Thesis---Multi-modal-User-Intention-Estimation-and-Hand-Position-Prediction/Data_collection/aruco_poses_Jan_2_20260604_161704.csv
Opening: /home/eker/Master-Thesis---Multi-modal-User-Intention-Estimation-and-Hand-Position-Prediction/Data_collection/Data_vrs/Jan_2_20260604_161704.vrs
Frame 1/1039
Frame 501/1039
Frame 1001/1039
Frame 1039/1039

Extraction summary
  sequence: Jan_2_20260604_161704
  frames: 1039/1039
  timestamp range ns: 4683692530706 .. 4718283010914
  accepted marker poses: 6186
  rejected IDs: 6
  failed pose estimates: 0
    apriltag_36h11:0 -> 651
    apriltag_36h11:2 -> 575
    apriltag_36h11:3 -> 64
    aruco_4x4_50:6 -> 1
    aruco_4x4_50:7 -> 960
    aruco_4x4_50:8 -> 839
    aruco_4x4_50:9 -> 1016
    aruco_4x4_50:10 -> 22
    aruco_4x4_50:11 -> 480
    aruco_4x4_50:12 -> 798
    aruco_4x4_50:13 -> 521
    aruco_4x4_50:14 -> 259
  rejected ID details:
    aruco_4x4_50:17 -> 5
    aruco_4x4_50:37 -> 1
  CSV: /home/eker/Master-Thesis---Multi-modal-User-Intention-Estimation-and-Hand-Position-Prediction/Data_collection/Aruco_CSV/aruco_poses_Jan_2_20260604_161704.csv
Finished: Jan_2_20260604_161704

------------------------------------------------------------
[45] Sequence: Jan_3_20260604_161835
VRS:        /home/eker/Master-Thesis---Multi-modal-User-Intention-Estimation-and-Hand-Position-Prediction/Data_collection/Data_vrs/Jan_3_20260604_161835.vrs
Output CSV: /home/eker/Master-Thesis---Multi-modal-User-Intention-Estimation-and-Hand-Position-Prediction/Data_collection/Aruco_CSV/aruco_poses_Jan_3_20260604_161835.csv
QA symlink: /home/eker/Master-Thesis---Multi-modal-User-Intention-Estimation-and-Hand-Position-Prediction/Data_collection/aruco_poses_Jan_3_20260604_161835.csv
Opening: /home/eker/Master-Thesis---Multi-modal-User-Intention-Estimation-and-Hand-Position-Prediction/Data_collection/Data_vrs/Jan_3_20260604_161835.vrs
Frame 1/1037
Frame 501/1037
Frame 1001/1037
Frame 1037/1037

Extraction summary
  sequence: Jan_3_20260604_161835
  frames: 1037/1037
  timestamp range ns: 4774565010654 .. 4809088838884
  accepted marker poses: 6822
  rejected IDs: 1
  failed pose estimates: 0
    apriltag_36h11:0 -> 148
    apriltag_36h11:2 -> 529
    apriltag_36h11:4 -> 91
    aruco_4x4_50:6 -> 153
    aruco_4x4_50:7 -> 1035
    aruco_4x4_50:8 -> 1032
    aruco_4x4_50:9 -> 900
    aruco_4x4_50:10 -> 441
    aruco_4x4_50:11 -> 517
    aruco_4x4_50:12 -> 877
    aruco_4x4_50:13 -> 783
    aruco_4x4_50:14 -> 316
  rejected ID details:
    aruco_4x4_50:37 -> 1
  CSV: /home/eker/Master-Thesis---Multi-modal-User-Intention-Estimation-and-Hand-Position-Prediction/Data_collection/Aruco_CSV/aruco_poses_Jan_3_20260604_161835.csv
Finished: Jan_3_20260604_161835

------------------------------------------------------------
[46] Sequence: Jan_4_20260604_162000
VRS:        /home/eker/Master-Thesis---Multi-modal-User-Intention-Estimation-and-Hand-Position-Prediction/Data_collection/Data_vrs/Jan_4_20260604_162000.vrs
Output CSV: /home/eker/Master-Thesis---Multi-modal-User-Intention-Estimation-and-Hand-Position-Prediction/Data_collection/Aruco_CSV/aruco_poses_Jan_4_20260604_162000.csv
QA symlink: /home/eker/Master-Thesis---Multi-modal-User-Intention-Estimation-and-Hand-Position-Prediction/Data_collection/aruco_poses_Jan_4_20260604_162000.csv
Opening: /home/eker/Master-Thesis---Multi-modal-User-Intention-Estimation-and-Hand-Position-Prediction/Data_collection/Data_vrs/Jan_4_20260604_162000.vrs
Frame 1/1023
Frame 501/1023
Frame 1001/1023
Frame 1023/1023

Extraction summary
  sequence: Jan_4_20260604_162000
  frames: 1023/1023
  timestamp range ns: 4859544192373 .. 4893601478051
  accepted marker poses: 6290
  rejected IDs: 2
  failed pose estimates: 0
    apriltag_36h11:0 -> 672
    apriltag_36h11:2 -> 293
    apriltag_36h11:4 -> 3
    aruco_4x4_50:6 -> 445
    aruco_4x4_50:7 -> 988
    aruco_4x4_50:8 -> 415
    aruco_4x4_50:10 -> 896
    aruco_4x4_50:11 -> 68
    aruco_4x4_50:12 -> 914
    aruco_4x4_50:13 -> 856
    aruco_4x4_50:14 -> 740
  rejected ID details:
    aruco_4x4_50:17 -> 1
    aruco_4x4_50:37 -> 1
  CSV: /home/eker/Master-Thesis---Multi-modal-User-Intention-Estimation-and-Hand-Position-Prediction/Data_collection/Aruco_CSV/aruco_poses_Jan_4_20260604_162000.csv
Finished: Jan_4_20260604_162000

------------------------------------------------------------
[47] Sequence: Jan_5_20260604_162111
VRS:        /home/eker/Master-Thesis---Multi-modal-User-Intention-Estimation-and-Hand-Position-Prediction/Data_collection/Data_vrs/Jan_5_20260604_162111.vrs
Output CSV: /home/eker/Master-Thesis---Multi-modal-User-Intention-Estimation-and-Hand-Position-Prediction/Data_collection/Aruco_CSV/aruco_poses_Jan_5_20260604_162111.csv
QA symlink: /home/eker/Master-Thesis---Multi-modal-User-Intention-Estimation-and-Hand-Position-Prediction/Data_collection/aruco_poses_Jan_5_20260604_162111.csv
Opening: /home/eker/Master-Thesis---Multi-modal-User-Intention-Estimation-and-Hand-Position-Prediction/Data_collection/Data_vrs/Jan_5_20260604_162111.vrs
Frame 1/1138
Frame 501/1138
Frame 1001/1138
Frame 1138/1138

Extraction summary
  sequence: Jan_5_20260604_162111
  frames: 1138/1138
  timestamp range ns: 4930544742476 .. 4968434300237
  accepted marker poses: 8246
  rejected IDs: 3
  failed pose estimates: 0
    apriltag_36h11:0 -> 886
    apriltag_36h11:2 -> 373
    apriltag_36h11:4 -> 65
    aruco_4x4_50:6 -> 336
    aruco_4x4_50:7 -> 823
    aruco_4x4_50:8 -> 1019
    aruco_4x4_50:9 -> 974
    aruco_4x4_50:10 -> 1012
    aruco_4x4_50:11 -> 941
    aruco_4x4_50:13 -> 1077
    aruco_4x4_50:14 -> 740
  rejected ID details:
    aruco_4x4_50:17 -> 1
    aruco_4x4_50:37 -> 2
  CSV: /home/eker/Master-Thesis---Multi-modal-User-Intention-Estimation-and-Hand-Position-Prediction/Data_collection/Aruco_CSV/aruco_poses_Jan_5_20260604_162111.csv
Finished: Jan_5_20260604_162111

------------------------------------------------------------
[48] Sequence: Jola_1_20260624_131133
VRS:        /home/eker/Master-Thesis---Multi-modal-User-Intention-Estimation-and-Hand-Position-Prediction/Data_collection/Data_vrs/Jola_1_20260624_131133.vrs
Output CSV: /home/eker/Master-Thesis---Multi-modal-User-Intention-Estimation-and-Hand-Position-Prediction/Data_collection/Aruco_CSV/aruco_poses_Jola_1_20260624_131133.csv
QA symlink: /home/eker/Master-Thesis---Multi-modal-User-Intention-Estimation-and-Hand-Position-Prediction/Data_collection/aruco_poses_Jola_1_20260624_131133.csv
Opening: /home/eker/Master-Thesis---Multi-modal-User-Intention-Estimation-and-Hand-Position-Prediction/Data_collection/Data_vrs/Jola_1_20260624_131133.vrs
Frame 1/1236
Frame 501/1236
Frame 1001/1236
Frame 1236/1236

Extraction summary
  sequence: Jola_1_20260624_131133
  frames: 1236/1236
  timestamp range ns: 3375208585353 .. 3416363831395
  accepted marker poses: 8037
  rejected IDs: 9
  failed pose estimates: 0
    apriltag_36h11:0 -> 682
    apriltag_36h11:1 -> 190
    apriltag_36h11:2 -> 380
    apriltag_36h11:3 -> 7
    apriltag_36h11:4 -> 282
    aruco_4x4_50:6 -> 150
    aruco_4x4_50:7 -> 853
    aruco_4x4_50:8 -> 652
    aruco_4x4_50:9 -> 846
    aruco_4x4_50:10 -> 767
    aruco_4x4_50:11 -> 702
    aruco_4x4_50:12 -> 787
    aruco_4x4_50:13 -> 1014
    aruco_4x4_50:14 -> 725
  rejected ID details:
    aruco_4x4_50:37 -> 9
  CSV: /home/eker/Master-Thesis---Multi-modal-User-Intention-Estimation-and-Hand-Position-Prediction/Data_collection/Aruco_CSV/aruco_poses_Jola_1_20260624_131133.csv
Finished: Jola_1_20260624_131133

------------------------------------------------------------
[49] Sequence: Jola_2_20260624_131246
VRS:        /home/eker/Master-Thesis---Multi-modal-User-Intention-Estimation-and-Hand-Position-Prediction/Data_collection/Data_vrs/Jola_2_20260624_131246.vrs
Output CSV: /home/eker/Master-Thesis---Multi-modal-User-Intention-Estimation-and-Hand-Position-Prediction/Data_collection/Aruco_CSV/aruco_poses_Jola_2_20260624_131246.csv
QA symlink: /home/eker/Master-Thesis---Multi-modal-User-Intention-Estimation-and-Hand-Position-Prediction/Data_collection/aruco_poses_Jola_2_20260624_131246.csv
Opening: /home/eker/Master-Thesis---Multi-modal-User-Intention-Estimation-and-Hand-Position-Prediction/Data_collection/Data_vrs/Jola_2_20260624_131246.vrs
Frame 1/1300
Frame 501/1300
Frame 1001/1300
Frame 1300/1300

Extraction summary
  sequence: Jola_2_20260624_131246
  frames: 1300/1300
  timestamp range ns: 3448720723686 .. 3492008746760
  accepted marker poses: 7437
  rejected IDs: 6
  failed pose estimates: 0
    apriltag_36h11:0 -> 767
    apriltag_36h11:1 -> 86
    apriltag_36h11:2 -> 381
    apriltag_36h11:3 -> 34
    apriltag_36h11:4 -> 323
    aruco_4x4_50:7 -> 706
    aruco_4x4_50:8 -> 636
    aruco_4x4_50:9 -> 784
    aruco_4x4_50:10 -> 599
    aruco_4x4_50:11 -> 627
    aruco_4x4_50:12 -> 661
    aruco_4x4_50:13 -> 1031
    aruco_4x4_50:14 -> 802
  rejected ID details:
    aruco_4x4_50:37 -> 6
  CSV: /home/eker/Master-Thesis---Multi-modal-User-Intention-Estimation-and-Hand-Position-Prediction/Data_collection/Aruco_CSV/aruco_poses_Jola_2_20260624_131246.csv
Finished: Jola_2_20260624_131246

------------------------------------------------------------
[50] Sequence: Jola_3_20260624_131435
VRS:        /home/eker/Master-Thesis---Multi-modal-User-Intention-Estimation-and-Hand-Position-Prediction/Data_collection/Data_vrs/Jola_3_20260624_131435.vrs
Output CSV: /home/eker/Master-Thesis---Multi-modal-User-Intention-Estimation-and-Hand-Position-Prediction/Data_collection/Aruco_CSV/aruco_poses_Jola_3_20260624_131435.csv
QA symlink: /home/eker/Master-Thesis---Multi-modal-User-Intention-Estimation-and-Hand-Position-Prediction/Data_collection/aruco_poses_Jola_3_20260624_131435.csv
Opening: /home/eker/Master-Thesis---Multi-modal-User-Intention-Estimation-and-Hand-Position-Prediction/Data_collection/Data_vrs/Jola_3_20260624_131435.vrs
Frame 1/1224
Frame 501/1224
Frame 1001/1224
Frame 1224/1224

Extraction summary
  sequence: Jola_3_20260624_131435
  frames: 1224/1224
  timestamp range ns: 3557295529572 .. 3598051757291
  accepted marker poses: 6741
  rejected IDs: 1
  failed pose estimates: 0
    apriltag_36h11:0 -> 842
    apriltag_36h11:2 -> 254
    apriltag_36h11:4 -> 461
    aruco_4x4_50:6 -> 594
    aruco_4x4_50:7 -> 903
    aruco_4x4_50:8 -> 473
    aruco_4x4_50:9 -> 682
    aruco_4x4_50:10 -> 464
    aruco_4x4_50:11 -> 530
    aruco_4x4_50:12 -> 534
    aruco_4x4_50:13 -> 636
    aruco_4x4_50:14 -> 368
  rejected ID details:
    aruco_4x4_50:17 -> 1
  CSV: /home/eker/Master-Thesis---Multi-modal-User-Intention-Estimation-and-Hand-Position-Prediction/Data_collection/Aruco_CSV/aruco_poses_Jola_3_20260624_131435.csv
Finished: Jola_3_20260624_131435

------------------------------------------------------------
[51] Sequence: Jola_4_20260624_131548
VRS:        /home/eker/Master-Thesis---Multi-modal-User-Intention-Estimation-and-Hand-Position-Prediction/Data_collection/Data_vrs/Jola_4_20260624_131548.vrs
Output CSV: /home/eker/Master-Thesis---Multi-modal-User-Intention-Estimation-and-Hand-Position-Prediction/Data_collection/Aruco_CSV/aruco_poses_Jola_4_20260624_131548.csv
QA symlink: /home/eker/Master-Thesis---Multi-modal-User-Intention-Estimation-and-Hand-Position-Prediction/Data_collection/aruco_poses_Jola_4_20260624_131548.csv
Opening: /home/eker/Master-Thesis---Multi-modal-User-Intention-Estimation-and-Hand-Position-Prediction/Data_collection/Data_vrs/Jola_4_20260624_131548.vrs
Frame 1/1292
Frame 501/1292
Frame 1001/1292
Frame 1292/1292

Extraction summary
  sequence: Jola_4_20260624_131548
  frames: 1292/1292
  timestamp range ns: 3630701870561 .. 3673722449999
  accepted marker poses: 3712
  rejected IDs: 4
  failed pose estimates: 0
    apriltag_36h11:0 -> 432
    apriltag_36h11:1 -> 132
    apriltag_36h11:2 -> 155
    apriltag_36h11:4 -> 269
    aruco_4x4_50:6 -> 105
    aruco_4x4_50:7 -> 272
    aruco_4x4_50:8 -> 281
    aruco_4x4_50:9 -> 127
    aruco_4x4_50:10 -> 2
    aruco_4x4_50:11 -> 567
    aruco_4x4_50:12 -> 191
    aruco_4x4_50:13 -> 526
    aruco_4x4_50:14 -> 653
  rejected ID details:
    aruco_4x4_50:17 -> 1
    aruco_4x4_50:30 -> 3
  CSV: /home/eker/Master-Thesis---Multi-modal-User-Intention-Estimation-and-Hand-Position-Prediction/Data_collection/Aruco_CSV/aruco_poses_Jola_4_20260624_131548.csv
Finished: Jola_4_20260624_131548

------------------------------------------------------------
[52] Sequence: Jola_5_20260624_131818
VRS:        /home/eker/Master-Thesis---Multi-modal-User-Intention-Estimation-and-Hand-Position-Prediction/Data_collection/Data_vrs/Jola_5_20260624_131818.vrs
Output CSV: /home/eker/Master-Thesis---Multi-modal-User-Intention-Estimation-and-Hand-Position-Prediction/Data_collection/Aruco_CSV/aruco_poses_Jola_5_20260624_131818.csv
QA symlink: /home/eker/Master-Thesis---Multi-modal-User-Intention-Estimation-and-Hand-Position-Prediction/Data_collection/aruco_poses_Jola_5_20260624_131818.csv
Opening: /home/eker/Master-Thesis---Multi-modal-User-Intention-Estimation-and-Hand-Position-Prediction/Data_collection/Data_vrs/Jola_5_20260624_131818.vrs
Frame 1/1360
Frame 501/1360
Frame 1001/1360
Frame 1360/1360

Extraction summary
  sequence: Jola_5_20260624_131818
  frames: 1360/1360
  timestamp range ns: 3780367706395 .. 3825655162539
  accepted marker poses: 6553
  rejected IDs: 1
  failed pose estimates: 0
    apriltag_36h11:0 -> 764
    apriltag_36h11:1 -> 80
    apriltag_36h11:2 -> 205
    apriltag_36h11:3 -> 178
    apriltag_36h11:4 -> 123
    aruco_4x4_50:6 -> 580
    aruco_4x4_50:7 -> 368
    aruco_4x4_50:8 -> 850
    aruco_4x4_50:9 -> 661
    aruco_4x4_50:10 -> 704
    aruco_4x4_50:11 -> 365
    aruco_4x4_50:12 -> 516
    aruco_4x4_50:13 -> 616
    aruco_4x4_50:14 -> 543
  rejected ID details:
    aruco_4x4_50:17 -> 1
  CSV: /home/eker/Master-Thesis---Multi-modal-User-Intention-Estimation-and-Hand-Position-Prediction/Data_collection/Aruco_CSV/aruco_poses_Jola_5_20260624_131818.csv
Finished: Jola_5_20260624_131818

------------------------------------------------------------
[53] Sequence: Jola_6_20260624_132027
VRS:        /home/eker/Master-Thesis---Multi-modal-User-Intention-Estimation-and-Hand-Position-Prediction/Data_collection/Data_vrs/Jola_6_20260624_132027.vrs
Output CSV: /home/eker/Master-Thesis---Multi-modal-User-Intention-Estimation-and-Hand-Position-Prediction/Data_collection/Aruco_CSV/aruco_poses_Jola_6_20260624_132027.csv
QA symlink: /home/eker/Master-Thesis---Multi-modal-User-Intention-Estimation-and-Hand-Position-Prediction/Data_collection/aruco_poses_Jola_6_20260624_132027.csv
Opening: /home/eker/Master-Thesis---Multi-modal-User-Intention-Estimation-and-Hand-Position-Prediction/Data_collection/Data_vrs/Jola_6_20260624_132027.vrs
Frame 1/1440
Frame 501/1440
Frame 1001/1440
Frame 1440/1440

Extraction summary
  sequence: Jola_6_20260624_132027
  frames: 1440/1440
  timestamp range ns: 3909177345457 .. 3957131133134
  accepted marker poses: 8986
  rejected IDs: 1
  failed pose estimates: 0
    apriltag_36h11:0 -> 686
    apriltag_36h11:1 -> 47
    apriltag_36h11:2 -> 374
    apriltag_36h11:3 -> 55
    apriltag_36h11:4 -> 284
    aruco_4x4_50:6 -> 760
    aruco_4x4_50:7 -> 883
    aruco_4x4_50:8 -> 925
    aruco_4x4_50:9 -> 758
    aruco_4x4_50:10 -> 728
    aruco_4x4_50:11 -> 837
    aruco_4x4_50:12 -> 1057
    aruco_4x4_50:13 -> 807
    aruco_4x4_50:14 -> 785
  rejected ID details:
    aruco_4x4_50:37 -> 1
  CSV: /home/eker/Master-Thesis---Multi-modal-User-Intention-Estimation-and-Hand-Position-Prediction/Data_collection/Aruco_CSV/aruco_poses_Jola_6_20260624_132027.csv
Finished: Jola_6_20260624_132027

------------------------------------------------------------
[54] Sequence: Jona_1_20260616_181413
VRS:        /home/eker/Master-Thesis---Multi-modal-User-Intention-Estimation-and-Hand-Position-Prediction/Data_collection/Data_vrs/Jona_1_20260616_181413.vrs
Output CSV: /home/eker/Master-Thesis---Multi-modal-User-Intention-Estimation-and-Hand-Position-Prediction/Data_collection/Aruco_CSV/aruco_poses_Jona_1_20260616_181413.csv
QA symlink: /home/eker/Master-Thesis---Multi-modal-User-Intention-Estimation-and-Hand-Position-Prediction/Data_collection/aruco_poses_Jona_1_20260616_181413.csv
Opening: /home/eker/Master-Thesis---Multi-modal-User-Intention-Estimation-and-Hand-Position-Prediction/Data_collection/Data_vrs/Jona_1_20260616_181413.vrs
Frame 1/714
Frame 501/714
Frame 714/714

Extraction summary
  sequence: Jona_1_20260616_181413
  frames: 714/714
  timestamp range ns: 1766708751159 .. 1790468508003
  accepted marker poses: 6076
  rejected IDs: 5
  failed pose estimates: 0
    apriltag_36h11:0 -> 278
    apriltag_36h11:2 -> 518
    apriltag_36h11:4 -> 240
    aruco_4x4_50:6 -> 80
    aruco_4x4_50:7 -> 711
    aruco_4x4_50:8 -> 622
    aruco_4x4_50:9 -> 313
    aruco_4x4_50:10 -> 714
    aruco_4x4_50:11 -> 701
    aruco_4x4_50:12 -> 690
    aruco_4x4_50:13 -> 620
    aruco_4x4_50:14 -> 589
  rejected ID details:
    aruco_4x4_50:17 -> 4
    aruco_4x4_50:37 -> 1
  CSV: /home/eker/Master-Thesis---Multi-modal-User-Intention-Estimation-and-Hand-Position-Prediction/Data_collection/Aruco_CSV/aruco_poses_Jona_1_20260616_181413.csv
Finished: Jona_1_20260616_181413

------------------------------------------------------------
[55] Sequence: Jona_2_20260616_181551
VRS:        /home/eker/Master-Thesis---Multi-modal-User-Intention-Estimation-and-Hand-Position-Prediction/Data_collection/Data_vrs/Jona_2_20260616_181551.vrs
Output CSV: /home/eker/Master-Thesis---Multi-modal-User-Intention-Estimation-and-Hand-Position-Prediction/Data_collection/Aruco_CSV/aruco_poses_Jona_2_20260616_181551.csv
QA symlink: /home/eker/Master-Thesis---Multi-modal-User-Intention-Estimation-and-Hand-Position-Prediction/Data_collection/aruco_poses_Jona_2_20260616_181551.csv
Opening: /home/eker/Master-Thesis---Multi-modal-User-Intention-Estimation-and-Hand-Position-Prediction/Data_collection/Data_vrs/Jona_2_20260616_181551.vrs
Frame 1/1295
Frame 501/1295
Frame 1001/1295
Frame 1295/1295

Extraction summary
  sequence: Jona_2_20260616_181551
  frames: 1295/1295
  timestamp range ns: 1864295711524 .. 1907416355815
  accepted marker poses: 10826
  rejected IDs: 5
  failed pose estimates: 0
    apriltag_36h11:0 -> 676
    apriltag_36h11:1 -> 288
    apriltag_36h11:2 -> 1158
    apriltag_36h11:4 -> 468
    aruco_4x4_50:6 -> 1079
    aruco_4x4_50:7 -> 889
    aruco_4x4_50:8 -> 1258
    aruco_4x4_50:9 -> 341
    aruco_4x4_50:11 -> 1242
    aruco_4x4_50:12 -> 1185
    aruco_4x4_50:13 -> 1118
    aruco_4x4_50:14 -> 1124
  rejected ID details:
    aruco_4x4_50:17 -> 5
  CSV: /home/eker/Master-Thesis---Multi-modal-User-Intention-Estimation-and-Hand-Position-Prediction/Data_collection/Aruco_CSV/aruco_poses_Jona_2_20260616_181551.csv
Finished: Jona_2_20260616_181551

------------------------------------------------------------
[56] Sequence: Jona_3_20260616_181717
VRS:        /home/eker/Master-Thesis---Multi-modal-User-Intention-Estimation-and-Hand-Position-Prediction/Data_collection/Data_vrs/Jona_3_20260616_181717.vrs
Output CSV: /home/eker/Master-Thesis---Multi-modal-User-Intention-Estimation-and-Hand-Position-Prediction/Data_collection/Aruco_CSV/aruco_poses_Jona_3_20260616_181717.csv
QA symlink: /home/eker/Master-Thesis---Multi-modal-User-Intention-Estimation-and-Hand-Position-Prediction/Data_collection/aruco_poses_Jona_3_20260616_181717.csv
Opening: /home/eker/Master-Thesis---Multi-modal-User-Intention-Estimation-and-Hand-Position-Prediction/Data_collection/Data_vrs/Jona_3_20260616_181717.vrs
Frame 1/1417
Frame 501/1417
Frame 1001/1417
Frame 1417/1417

Extraction summary
  sequence: Jona_3_20260616_181717
  frames: 1417/1417
  timestamp range ns: 1950793287076 .. 1997979792304
  accepted marker poses: 12300
  rejected IDs: 10
  failed pose estimates: 0
    apriltag_36h11:0 -> 864
    apriltag_36h11:1 -> 112
    apriltag_36h11:2 -> 552
    apriltag_36h11:4 -> 501
    aruco_4x4_50:6 -> 1337
    aruco_4x4_50:7 -> 937
    aruco_4x4_50:8 -> 1357
    aruco_4x4_50:9 -> 1396
    aruco_4x4_50:10 -> 1416
    aruco_4x4_50:11 -> 1172
    aruco_4x4_50:12 -> 1327
    aruco_4x4_50:13 -> 108
    aruco_4x4_50:14 -> 1221
  rejected ID details:
    aruco_4x4_50:37 -> 10
  CSV: /home/eker/Master-Thesis---Multi-modal-User-Intention-Estimation-and-Hand-Position-Prediction/Data_collection/Aruco_CSV/aruco_poses_Jona_3_20260616_181717.csv
Finished: Jona_3_20260616_181717

------------------------------------------------------------
[57] Sequence: Jona_4_20260616_181855
VRS:        /home/eker/Master-Thesis---Multi-modal-User-Intention-Estimation-and-Hand-Position-Prediction/Data_collection/Data_vrs/Jona_4_20260616_181855.vrs
Output CSV: /home/eker/Master-Thesis---Multi-modal-User-Intention-Estimation-and-Hand-Position-Prediction/Data_collection/Aruco_CSV/aruco_poses_Jona_4_20260616_181855.csv
QA symlink: /home/eker/Master-Thesis---Multi-modal-User-Intention-Estimation-and-Hand-Position-Prediction/Data_collection/aruco_poses_Jona_4_20260616_181855.csv
Opening: /home/eker/Master-Thesis---Multi-modal-User-Intention-Estimation-and-Hand-Position-Prediction/Data_collection/Data_vrs/Jona_4_20260616_181855.vrs
Frame 1/1201
Frame 501/1201
Frame 1001/1201
Frame 1201/1201

Extraction summary
  sequence: Jona_4_20260616_181855
  frames: 1201/1201
  timestamp range ns: 2048733879533 .. 2088721638554
  accepted marker poses: 11130
  rejected IDs: 3
  failed pose estimates: 0
    apriltag_36h11:0 -> 926
    apriltag_36h11:1 -> 49
    apriltag_36h11:2 -> 1026
    apriltag_36h11:4 -> 409
    aruco_4x4_50:6 -> 653
    aruco_4x4_50:7 -> 1196
    aruco_4x4_50:8 -> 1105
    aruco_4x4_50:9 -> 136
    aruco_4x4_50:10 -> 1183
    aruco_4x4_50:11 -> 1143
    aruco_4x4_50:12 -> 1042
    aruco_4x4_50:13 -> 1197
    aruco_4x4_50:14 -> 1065
  rejected ID details:
    aruco_4x4_50:37 -> 3
  CSV: /home/eker/Master-Thesis---Multi-modal-User-Intention-Estimation-and-Hand-Position-Prediction/Data_collection/Aruco_CSV/aruco_poses_Jona_4_20260616_181855.csv
Finished: Jona_4_20260616_181855

------------------------------------------------------------
[58] Sequence: Jona_5_20260616_182002
VRS:        /home/eker/Master-Thesis---Multi-modal-User-Intention-Estimation-and-Hand-Position-Prediction/Data_collection/Data_vrs/Jona_5_20260616_182002.vrs
Output CSV: /home/eker/Master-Thesis---Multi-modal-User-Intention-Estimation-and-Hand-Position-Prediction/Data_collection/Aruco_CSV/aruco_poses_Jona_5_20260616_182002.csv
QA symlink: /home/eker/Master-Thesis---Multi-modal-User-Intention-Estimation-and-Hand-Position-Prediction/Data_collection/aruco_poses_Jona_5_20260616_182002.csv
Opening: /home/eker/Master-Thesis---Multi-modal-User-Intention-Estimation-and-Hand-Position-Prediction/Data_collection/Data_vrs/Jona_5_20260616_182002.vrs
Frame 1/1266
Frame 501/1266
Frame 1001/1266
Frame 1266/1266

Extraction summary
  sequence: Jona_5_20260616_182002
  frames: 1266/1266
  timestamp range ns: 2115780586949 .. 2157934466982
  accepted marker poses: 9720
  rejected IDs: 1
  failed pose estimates: 0
    apriltag_36h11:0 -> 726
    apriltag_36h11:1 -> 46
    apriltag_36h11:2 -> 925
    apriltag_36h11:4 -> 446
    aruco_4x4_50:6 -> 514
    aruco_4x4_50:7 -> 1264
    aruco_4x4_50:8 -> 1253
    aruco_4x4_50:9 -> 1071
    aruco_4x4_50:10 -> 268
    aruco_4x4_50:11 -> 1258
    aruco_4x4_50:12 -> 710
    aruco_4x4_50:13 -> 1131
    aruco_4x4_50:14 -> 108
  rejected ID details:
    aruco_4x4_50:17 -> 1
  CSV: /home/eker/Master-Thesis---Multi-modal-User-Intention-Estimation-and-Hand-Position-Prediction/Data_collection/Aruco_CSV/aruco_poses_Jona_5_20260616_182002.csv
Finished: Jona_5_20260616_182002

------------------------------------------------------------
[59] Sequence: Jona_6_20260616_182111
VRS:        /home/eker/Master-Thesis---Multi-modal-User-Intention-Estimation-and-Hand-Position-Prediction/Data_collection/Data_vrs/Jona_6_20260616_182111.vrs
Output CSV: /home/eker/Master-Thesis---Multi-modal-User-Intention-Estimation-and-Hand-Position-Prediction/Data_collection/Aruco_CSV/aruco_poses_Jona_6_20260616_182111.csv
QA symlink: /home/eker/Master-Thesis---Multi-modal-User-Intention-Estimation-and-Hand-Position-Prediction/Data_collection/aruco_poses_Jona_6_20260616_182111.csv
Opening: /home/eker/Master-Thesis---Multi-modal-User-Intention-Estimation-and-Hand-Position-Prediction/Data_collection/Data_vrs/Jona_6_20260616_182111.vrs
Frame 1/1096
Frame 501/1096
Frame 1001/1096
Frame 1096/1096

Extraction summary
  sequence: Jona_6_20260616_182111
  frames: 1096/1096
  timestamp range ns: 2184184303815 .. 2220673182867
  accepted marker poses: 9561
  rejected IDs: 1
  failed pose estimates: 0
    apriltag_36h11:0 -> 876
    apriltag_36h11:1 -> 7
    apriltag_36h11:2 -> 874
    apriltag_36h11:4 -> 375
    aruco_4x4_50:6 -> 1081
    aruco_4x4_50:7 -> 449
    aruco_4x4_50:8 -> 897
    aruco_4x4_50:9 -> 1019
    aruco_4x4_50:10 -> 981
    aruco_4x4_50:11 -> 1093
    aruco_4x4_50:12 -> 1096
    aruco_4x4_50:13 -> 492
    aruco_4x4_50:14 -> 321
  rejected ID details:
    aruco_4x4_50:37 -> 1
  CSV: /home/eker/Master-Thesis---Multi-modal-User-Intention-Estimation-and-Hand-Position-Prediction/Data_collection/Aruco_CSV/aruco_poses_Jona_6_20260616_182111.csv
Finished: Jona_6_20260616_182111

------------------------------------------------------------
[60] Sequence: Jona_7_20260616_182214
VRS:        /home/eker/Master-Thesis---Multi-modal-User-Intention-Estimation-and-Hand-Position-Prediction/Data_collection/Data_vrs/Jona_7_20260616_182214.vrs
Output CSV: /home/eker/Master-Thesis---Multi-modal-User-Intention-Estimation-and-Hand-Position-Prediction/Data_collection/Aruco_CSV/aruco_poses_Jona_7_20260616_182214.csv
QA symlink: /home/eker/Master-Thesis---Multi-modal-User-Intention-Estimation-and-Hand-Position-Prediction/Data_collection/aruco_poses_Jona_7_20260616_182214.csv
Opening: /home/eker/Master-Thesis---Multi-modal-User-Intention-Estimation-and-Hand-Position-Prediction/Data_collection/Data_vrs/Jona_7_20260616_182214.vrs
Frame 1/1166
Frame 501/1166
Frame 1001/1166
Frame 1166/1166

Extraction summary
  sequence: Jona_7_20260616_182214
  frames: 1166/1166
  timestamp range ns: 2247164852627 .. 2285986610784
  accepted marker poses: 9448
  rejected IDs: 7
  failed pose estimates: 0
    apriltag_36h11:0 -> 783
    apriltag_36h11:1 -> 90
    apriltag_36h11:2 -> 787
    apriltag_36h11:4 -> 507
    aruco_4x4_50:6 -> 967
    aruco_4x4_50:7 -> 1009
    aruco_4x4_50:8 -> 1041
    aruco_4x4_50:9 -> 833
    aruco_4x4_50:10 -> 505
    aruco_4x4_50:11 -> 1018
    aruco_4x4_50:12 -> 876
    aruco_4x4_50:13 -> 451
    aruco_4x4_50:14 -> 581
  rejected ID details:
    aruco_4x4_50:17 -> 1
    aruco_4x4_50:41 -> 6
  CSV: /home/eker/Master-Thesis---Multi-modal-User-Intention-Estimation-and-Hand-Position-Prediction/Data_collection/Aruco_CSV/aruco_poses_Jona_7_20260616_182214.csv
Finished: Jona_7_20260616_182214

------------------------------------------------------------
[61] Sequence: Julienco_1_20260624_125251
VRS:        /home/eker/Master-Thesis---Multi-modal-User-Intention-Estimation-and-Hand-Position-Prediction/Data_collection/Data_vrs/Julienco_1_20260624_125251.vrs
Output CSV: /home/eker/Master-Thesis---Multi-modal-User-Intention-Estimation-and-Hand-Position-Prediction/Data_collection/Aruco_CSV/aruco_poses_Julienco_1_20260624_125251.csv
QA symlink: /home/eker/Master-Thesis---Multi-modal-User-Intention-Estimation-and-Hand-Position-Prediction/Data_collection/aruco_poses_Julienco_1_20260624_125251.csv
Opening: /home/eker/Master-Thesis---Multi-modal-User-Intention-Estimation-and-Hand-Position-Prediction/Data_collection/Data_vrs/Julienco_1_20260624_125251.vrs
Frame 1/1038
Frame 501/1038
Frame 1001/1038
Frame 1038/1038

Extraction summary
  sequence: Julienco_1_20260624_125251
  frames: 1038/1038
  timestamp range ns: 2253397177071 .. 2287954611112
  accepted marker poses: 8712
  rejected IDs: 6
  failed pose estimates: 0
    apriltag_36h11:0 -> 800
    apriltag_36h11:1 -> 11
    apriltag_36h11:2 -> 684
    apriltag_36h11:3 -> 14
    apriltag_36h11:4 -> 667
    aruco_4x4_50:6 -> 243
    aruco_4x4_50:7 -> 885
    aruco_4x4_50:8 -> 972
    aruco_4x4_50:9 -> 718
    aruco_4x4_50:10 -> 928
    aruco_4x4_50:11 -> 620
    aruco_4x4_50:12 -> 959
    aruco_4x4_50:13 -> 814
    aruco_4x4_50:14 -> 397
  rejected ID details:
    aruco_4x4_50:17 -> 1
    aruco_4x4_50:37 -> 5
  CSV: /home/eker/Master-Thesis---Multi-modal-User-Intention-Estimation-and-Hand-Position-Prediction/Data_collection/Aruco_CSV/aruco_poses_Julienco_1_20260624_125251.csv
Finished: Julienco_1_20260624_125251

------------------------------------------------------------
[62] Sequence: Julienco_2_20260624_125435
VRS:        /home/eker/Master-Thesis---Multi-modal-User-Intention-Estimation-and-Hand-Position-Prediction/Data_collection/Data_vrs/Julienco_2_20260624_125435.vrs
Output CSV: /home/eker/Master-Thesis---Multi-modal-User-Intention-Estimation-and-Hand-Position-Prediction/Data_collection/Aruco_CSV/aruco_poses_Julienco_2_20260624_125435.csv
QA symlink: /home/eker/Master-Thesis---Multi-modal-User-Intention-Estimation-and-Hand-Position-Prediction/Data_collection/aruco_poses_Julienco_2_20260624_125435.csv
Opening: /home/eker/Master-Thesis---Multi-modal-User-Intention-Estimation-and-Hand-Position-Prediction/Data_collection/Data_vrs/Julienco_2_20260624_125435.vrs
Frame 1/757
Frame 501/757
Frame 757/757

Extraction summary
  sequence: Julienco_2_20260624_125435
  frames: 757/757
  timestamp range ns: 2357692333687 .. 2382886415186
  accepted marker poses: 6430
  rejected IDs: 2
  failed pose estimates: 0
    apriltag_36h11:0 -> 723
    apriltag_36h11:2 -> 712
    apriltag_36h11:4 -> 65
    aruco_4x4_50:7 -> 455
    aruco_4x4_50:8 -> 674
    aruco_4x4_50:9 -> 483
    aruco_4x4_50:10 -> 739
    aruco_4x4_50:11 -> 513
    aruco_4x4_50:12 -> 756
    aruco_4x4_50:13 -> 556
    aruco_4x4_50:14 -> 754
  rejected ID details:
    aruco_4x4_50:17 -> 2
  CSV: /home/eker/Master-Thesis---Multi-modal-User-Intention-Estimation-and-Hand-Position-Prediction/Data_collection/Aruco_CSV/aruco_poses_Julienco_2_20260624_125435.csv
Finished: Julienco_2_20260624_125435

------------------------------------------------------------
[63] Sequence: Julienco_3_20260624_125549
VRS:        /home/eker/Master-Thesis---Multi-modal-User-Intention-Estimation-and-Hand-Position-Prediction/Data_collection/Data_vrs/Julienco_3_20260624_125549.vrs
Output CSV: /home/eker/Master-Thesis---Multi-modal-User-Intention-Estimation-and-Hand-Position-Prediction/Data_collection/Aruco_CSV/aruco_poses_Julienco_3_20260624_125549.csv
QA symlink: /home/eker/Master-Thesis---Multi-modal-User-Intention-Estimation-and-Hand-Position-Prediction/Data_collection/aruco_poses_Julienco_3_20260624_125549.csv
Opening: /home/eker/Master-Thesis---Multi-modal-User-Intention-Estimation-and-Hand-Position-Prediction/Data_collection/Data_vrs/Julienco_3_20260624_125549.vrs
Frame 1/1109
Frame 501/1109
Frame 1001/1109
Frame 1109/1109

Extraction summary
  sequence: Julienco_3_20260624_125549
  frames: 1109/1109
  timestamp range ns: 2431668826394 .. 2468592347072
  accepted marker poses: 8355
  rejected IDs: 3
  failed pose estimates: 0
    apriltag_36h11:0 -> 806
    apriltag_36h11:1 -> 43
    apriltag_36h11:2 -> 953
    apriltag_36h11:4 -> 64
    aruco_4x4_50:7 -> 462
    aruco_4x4_50:8 -> 985
    aruco_4x4_50:9 -> 673
    aruco_4x4_50:10 -> 1046
    aruco_4x4_50:11 -> 1093
    aruco_4x4_50:12 -> 711
    aruco_4x4_50:13 -> 558
    aruco_4x4_50:14 -> 961
  rejected ID details:
    aruco_4x4_50:17 -> 1
    aruco_4x4_50:24 -> 2
  CSV: /home/eker/Master-Thesis---Multi-modal-User-Intention-Estimation-and-Hand-Position-Prediction/Data_collection/Aruco_CSV/aruco_poses_Julienco_3_20260624_125549.csv
Finished: Julienco_3_20260624_125549

------------------------------------------------------------
[64] Sequence: Julienco_4_20260624_125717
VRS:        /home/eker/Master-Thesis---Multi-modal-User-Intention-Estimation-and-Hand-Position-Prediction/Data_collection/Data_vrs/Julienco_4_20260624_125717.vrs
Output CSV: /home/eker/Master-Thesis---Multi-modal-User-Intention-Estimation-and-Hand-Position-Prediction/Data_collection/Aruco_CSV/aruco_poses_Julienco_4_20260624_125717.csv
QA symlink: /home/eker/Master-Thesis---Multi-modal-User-Intention-Estimation-and-Hand-Position-Prediction/Data_collection/aruco_poses_Julienco_4_20260624_125717.csv
Opening: /home/eker/Master-Thesis---Multi-modal-User-Intention-Estimation-and-Hand-Position-Prediction/Data_collection/Data_vrs/Julienco_4_20260624_125717.vrs
Frame 1/1027
Frame 501/1027
Frame 1001/1027
Frame 1027/1027

Extraction summary
  sequence: Julienco_4_20260624_125717
  frames: 1027/1027
  timestamp range ns: 2518768428998 .. 2552960228947
  accepted marker poses: 9805
  rejected IDs: 0
  failed pose estimates: 0
    apriltag_36h11:0 -> 953
    apriltag_36h11:2 -> 845
    apriltag_36h11:4 -> 787
    aruco_4x4_50:6 -> 535
    aruco_4x4_50:7 -> 624
    aruco_4x4_50:8 -> 1027
    aruco_4x4_50:9 -> 890
    aruco_4x4_50:10 -> 767
    aruco_4x4_50:11 -> 934
    aruco_4x4_50:12 -> 902
    aruco_4x4_50:13 -> 518
    aruco_4x4_50:14 -> 1023
  CSV: /home/eker/Master-Thesis---Multi-modal-User-Intention-Estimation-and-Hand-Position-Prediction/Data_collection/Aruco_CSV/aruco_poses_Julienco_4_20260624_125717.csv
Finished: Julienco_4_20260624_125717

------------------------------------------------------------
[65] Sequence: Julienco_4_2_20260624_125830
VRS:        /home/eker/Master-Thesis---Multi-modal-User-Intention-Estimation-and-Hand-Position-Prediction/Data_collection/Data_vrs/Julienco_4_2_20260624_125830.vrs
Output CSV: /home/eker/Master-Thesis---Multi-modal-User-Intention-Estimation-and-Hand-Position-Prediction/Data_collection/Aruco_CSV/aruco_poses_Julienco_4_2_20260624_125830.csv
QA symlink: /home/eker/Master-Thesis---Multi-modal-User-Intention-Estimation-and-Hand-Position-Prediction/Data_collection/aruco_poses_Julienco_4_2_20260624_125830.csv
Opening: /home/eker/Master-Thesis---Multi-modal-User-Intention-Estimation-and-Hand-Position-Prediction/Data_collection/Data_vrs/Julienco_4_2_20260624_125830.vrs
Frame 1/1027
Frame 501/1027
Frame 1001/1027
Frame 1027/1027

Extraction summary
  sequence: Julienco_4_2_20260624_125830
  frames: 1027/1027
  timestamp range ns: 2592272586915 .. 2626463559915
  accepted marker poses: 7985
  rejected IDs: 0
  failed pose estimates: 0
    apriltag_36h11:0 -> 820
    apriltag_36h11:1 -> 34
    apriltag_36h11:2 -> 881
    apriltag_36h11:4 -> 720
    aruco_4x4_50:6 -> 857
    aruco_4x4_50:7 -> 661
    aruco_4x4_50:9 -> 979
    aruco_4x4_50:10 -> 1027
    aruco_4x4_50:11 -> 870
    aruco_4x4_50:13 -> 114
    aruco_4x4_50:14 -> 1022
  CSV: /home/eker/Master-Thesis---Multi-modal-User-Intention-Estimation-and-Hand-Position-Prediction/Data_collection/Aruco_CSV/aruco_poses_Julienco_4_2_20260624_125830.csv
Finished: Julienco_4_2_20260624_125830

------------------------------------------------------------
[66] Sequence: Julienco_5_20260624_125942
VRS:        /home/eker/Master-Thesis---Multi-modal-User-Intention-Estimation-and-Hand-Position-Prediction/Data_collection/Data_vrs/Julienco_5_20260624_125942.vrs
Output CSV: /home/eker/Master-Thesis---Multi-modal-User-Intention-Estimation-and-Hand-Position-Prediction/Data_collection/Aruco_CSV/aruco_poses_Julienco_5_20260624_125942.csv
QA symlink: /home/eker/Master-Thesis---Multi-modal-User-Intention-Estimation-and-Hand-Position-Prediction/Data_collection/aruco_poses_Julienco_5_20260624_125942.csv
Opening: /home/eker/Master-Thesis---Multi-modal-User-Intention-Estimation-and-Hand-Position-Prediction/Data_collection/Data_vrs/Julienco_5_20260624_125942.vrs
Frame 1/1039
Frame 501/1039
Frame 1001/1039
Frame 1039/1039

Extraction summary
  sequence: Julienco_5_20260624_125942
  frames: 1039/1039
  timestamp range ns: 2663838208685 .. 2698429322185
  accepted marker poses: 9931
  rejected IDs: 2
  failed pose estimates: 0
    apriltag_36h11:0 -> 804
    apriltag_36h11:1 -> 29
    apriltag_36h11:2 -> 893
    apriltag_36h11:4 -> 788
    aruco_4x4_50:6 -> 1038
    aruco_4x4_50:7 -> 899
    aruco_4x4_50:8 -> 737
    aruco_4x4_50:9 -> 931
    aruco_4x4_50:10 -> 991
    aruco_4x4_50:11 -> 900
    aruco_4x4_50:13 -> 884
    aruco_4x4_50:14 -> 1037
  rejected ID details:
    aruco_4x4_50:37 -> 2
  CSV: /home/eker/Master-Thesis---Multi-modal-User-Intention-Estimation-and-Hand-Position-Prediction/Data_collection/Aruco_CSV/aruco_poses_Julienco_5_20260624_125942.csv
Finished: Julienco_5_20260624_125942

------------------------------------------------------------
[67] Sequence: Julienco_6_20260624_130048
VRS:        /home/eker/Master-Thesis---Multi-modal-User-Intention-Estimation-and-Hand-Position-Prediction/Data_collection/Data_vrs/Julienco_6_20260624_130048.vrs
Output CSV: /home/eker/Master-Thesis---Multi-modal-User-Intention-Estimation-and-Hand-Position-Prediction/Data_collection/Aruco_CSV/aruco_poses_Julienco_6_20260624_130048.csv
QA symlink: /home/eker/Master-Thesis---Multi-modal-User-Intention-Estimation-and-Hand-Position-Prediction/Data_collection/aruco_poses_Julienco_6_20260624_130048.csv
Opening: /home/eker/Master-Thesis---Multi-modal-User-Intention-Estimation-and-Hand-Position-Prediction/Data_collection/Data_vrs/Julienco_6_20260624_130048.vrs
Frame 1/1039
Frame 501/1039
Frame 1001/1039
Frame 1039/1039

Extraction summary
  sequence: Julienco_6_20260624_130048
  frames: 1039/1039
  timestamp range ns: 2730187517072 .. 2764778984613
  accepted marker poses: 9618
  rejected IDs: 0
  failed pose estimates: 0
    apriltag_36h11:0 -> 822
    apriltag_36h11:1 -> 142
    apriltag_36h11:2 -> 885
    apriltag_36h11:4 -> 713
    aruco_4x4_50:6 -> 906
    aruco_4x4_50:7 -> 981
    aruco_4x4_50:8 -> 827
    aruco_4x4_50:9 -> 1012
    aruco_4x4_50:10 -> 488
    aruco_4x4_50:11 -> 1028
    aruco_4x4_50:13 -> 814
    aruco_4x4_50:14 -> 1000
  CSV: /home/eker/Master-Thesis---Multi-modal-User-Intention-Estimation-and-Hand-Position-Prediction/Data_collection/Aruco_CSV/aruco_poses_Julienco_6_20260624_130048.csv
Finished: Julienco_6_20260624_130048

------------------------------------------------------------
[68] Sequence: Julienco_7_20260624_130215
VRS:        /home/eker/Master-Thesis---Multi-modal-User-Intention-Estimation-and-Hand-Position-Prediction/Data_collection/Data_vrs/Julienco_7_20260624_130215.vrs
Output CSV: /home/eker/Master-Thesis---Multi-modal-User-Intention-Estimation-and-Hand-Position-Prediction/Data_collection/Aruco_CSV/aruco_poses_Julienco_7_20260624_130215.csv
QA symlink: /home/eker/Master-Thesis---Multi-modal-User-Intention-Estimation-and-Hand-Position-Prediction/Data_collection/aruco_poses_Julienco_7_20260624_130215.csv
Opening: /home/eker/Master-Thesis---Multi-modal-User-Intention-Estimation-and-Hand-Position-Prediction/Data_collection/Data_vrs/Julienco_7_20260624_130215.vrs
Frame 1/831
Frame 501/831
Frame 831/831

Extraction summary
  sequence: Julienco_7_20260624_130215
  frames: 831/831
  timestamp range ns: 2817509051602 .. 2845169222937
  accepted marker poses: 7858
  rejected IDs: 1
  failed pose estimates: 0
    apriltag_36h11:0 -> 796
    apriltag_36h11:2 -> 685
    apriltag_36h11:4 -> 631
    aruco_4x4_50:6 -> 662
    aruco_4x4_50:7 -> 785
    aruco_4x4_50:8 -> 704
    aruco_4x4_50:9 -> 766
    aruco_4x4_50:10 -> 529
    aruco_4x4_50:11 -> 760
    aruco_4x4_50:13 -> 726
    aruco_4x4_50:14 -> 814
  rejected ID details:
    aruco_4x4_50:37 -> 1
  CSV: /home/eker/Master-Thesis---Multi-modal-User-Intention-Estimation-and-Hand-Position-Prediction/Data_collection/Aruco_CSV/aruco_poses_Julienco_7_20260624_130215.csv
Finished: Julienco_7_20260624_130215

------------------------------------------------------------
[69] Sequence: Julienco_8_20260624_130311
VRS:        /home/eker/Master-Thesis---Multi-modal-User-Intention-Estimation-and-Hand-Position-Prediction/Data_collection/Data_vrs/Julienco_8_20260624_130311.vrs
Output CSV: /home/eker/Master-Thesis---Multi-modal-User-Intention-Estimation-and-Hand-Position-Prediction/Data_collection/Aruco_CSV/aruco_poses_Julienco_8_20260624_130311.csv
QA symlink: /home/eker/Master-Thesis---Multi-modal-User-Intention-Estimation-and-Hand-Position-Prediction/Data_collection/aruco_poses_Julienco_8_20260624_130311.csv
Opening: /home/eker/Master-Thesis---Multi-modal-User-Intention-Estimation-and-Hand-Position-Prediction/Data_collection/Data_vrs/Julienco_8_20260624_130311.vrs
Frame 1/841
Frame 501/841
Frame 841/841

Extraction summary
  sequence: Julienco_8_20260624_130311
  frames: 841/841
  timestamp range ns: 2873363573321 .. 2901357019123
  accepted marker poses: 7469
  rejected IDs: 1
  failed pose estimates: 0
    apriltag_36h11:0 -> 728
    apriltag_36h11:2 -> 701
    apriltag_36h11:4 -> 449
    aruco_4x4_50:6 -> 502
    aruco_4x4_50:7 -> 318
    aruco_4x4_50:8 -> 534
    aruco_4x4_50:9 -> 690
    aruco_4x4_50:10 -> 768
    aruco_4x4_50:11 -> 783
    aruco_4x4_50:12 -> 691
    aruco_4x4_50:13 -> 504
    aruco_4x4_50:14 -> 801
  rejected ID details:
    aruco_4x4_50:44 -> 1
  CSV: /home/eker/Master-Thesis---Multi-modal-User-Intention-Estimation-and-Hand-Position-Prediction/Data_collection/Aruco_CSV/aruco_poses_Julienco_8_20260624_130311.csv
Finished: Julienco_8_20260624_130311

------------------------------------------------------------
[70] Sequence: Leys_1_20260604_163147
VRS:        /home/eker/Master-Thesis---Multi-modal-User-Intention-Estimation-and-Hand-Position-Prediction/Data_collection/Data_vrs/Leys_1_20260604_163147.vrs
Output CSV: /home/eker/Master-Thesis---Multi-modal-User-Intention-Estimation-and-Hand-Position-Prediction/Data_collection/Aruco_CSV/aruco_poses_Leys_1_20260604_163147.csv
QA symlink: /home/eker/Master-Thesis---Multi-modal-User-Intention-Estimation-and-Hand-Position-Prediction/Data_collection/aruco_poses_Leys_1_20260604_163147.csv
Opening: /home/eker/Master-Thesis---Multi-modal-User-Intention-Estimation-and-Hand-Position-Prediction/Data_collection/Data_vrs/Leys_1_20260604_163147.vrs
Frame 1/835
Frame 501/835
Frame 835/835

Extraction summary
  sequence: Leys_1_20260604_163147
  frames: 835/835
  timestamp range ns: 5566483357202 .. 5594275718502
  accepted marker poses: 6961
  rejected IDs: 18
  failed pose estimates: 0
    apriltag_36h11:0 -> 807
    apriltag_36h11:2 -> 15
    apriltag_36h11:4 -> 49
    aruco_4x4_50:6 -> 194
    aruco_4x4_50:7 -> 755
    aruco_4x4_50:8 -> 834
    aruco_4x4_50:9 -> 775
    aruco_4x4_50:10 -> 834
    aruco_4x4_50:11 -> 634
    aruco_4x4_50:12 -> 732
    aruco_4x4_50:13 -> 599
    aruco_4x4_50:14 -> 733
  rejected ID details:
    aruco_4x4_50:17 -> 16
    aruco_4x4_50:37 -> 2
  CSV: /home/eker/Master-Thesis---Multi-modal-User-Intention-Estimation-and-Hand-Position-Prediction/Data_collection/Aruco_CSV/aruco_poses_Leys_1_20260604_163147.csv
Finished: Leys_1_20260604_163147

------------------------------------------------------------
[71] Sequence: Leys_2_20260604_163417
VRS:        /home/eker/Master-Thesis---Multi-modal-User-Intention-Estimation-and-Hand-Position-Prediction/Data_collection/Data_vrs/Leys_2_20260604_163417.vrs
Output CSV: /home/eker/Master-Thesis---Multi-modal-User-Intention-Estimation-and-Hand-Position-Prediction/Data_collection/Aruco_CSV/aruco_poses_Leys_2_20260604_163417.csv
QA symlink: /home/eker/Master-Thesis---Multi-modal-User-Intention-Estimation-and-Hand-Position-Prediction/Data_collection/aruco_poses_Leys_2_20260604_163417.csv
Opening: /home/eker/Master-Thesis---Multi-modal-User-Intention-Estimation-and-Hand-Position-Prediction/Data_collection/Data_vrs/Leys_2_20260604_163417.vrs
Frame 1/779
Frame 501/779
Frame 779/779

Extraction summary
  sequence: Leys_2_20260604_163417
  frames: 779/779
  timestamp range ns: 5716653234025 .. 5742579425846
  accepted marker poses: 5299
  rejected IDs: 0
  failed pose estimates: 0
    apriltag_36h11:0 -> 656
    apriltag_36h11:2 -> 208
    apriltag_36h11:3 -> 102
    apriltag_36h11:4 -> 35
    aruco_4x4_50:6 -> 602
    aruco_4x4_50:7 -> 774
    aruco_4x4_50:8 -> 763
    aruco_4x4_50:10 -> 637
    aruco_4x4_50:11 -> 142
    aruco_4x4_50:12 -> 776
    aruco_4x4_50:13 -> 599
    aruco_4x4_50:14 -> 5
  CSV: /home/eker/Master-Thesis---Multi-modal-User-Intention-Estimation-and-Hand-Position-Prediction/Data_collection/Aruco_CSV/aruco_poses_Leys_2_20260604_163417.csv
Finished: Leys_2_20260604_163417

------------------------------------------------------------
[72] Sequence: Leys_3_20260604_163535
VRS:        /home/eker/Master-Thesis---Multi-modal-User-Intention-Estimation-and-Hand-Position-Prediction/Data_collection/Data_vrs/Leys_3_20260604_163535.vrs
Output CSV: /home/eker/Master-Thesis---Multi-modal-User-Intention-Estimation-and-Hand-Position-Prediction/Data_collection/Aruco_CSV/aruco_poses_Leys_3_20260604_163535.csv
QA symlink: /home/eker/Master-Thesis---Multi-modal-User-Intention-Estimation-and-Hand-Position-Prediction/Data_collection/aruco_poses_Leys_3_20260604_163535.csv
Opening: /home/eker/Master-Thesis---Multi-modal-User-Intention-Estimation-and-Hand-Position-Prediction/Data_collection/Data_vrs/Leys_3_20260604_163535.vrs
Frame 1/1037
Frame 501/1037
Frame 1001/1037
Frame 1037/1037

Extraction summary
  sequence: Leys_3_20260604_163535
  frames: 1037/1037
  timestamp range ns: 5794628719700 .. 5829152541836
  accepted marker poses: 7020
  rejected IDs: 1
  failed pose estimates: 0
    apriltag_36h11:0 -> 906
    apriltag_36h11:1 -> 76
    apriltag_36h11:2 -> 3
    apriltag_36h11:3 -> 218
    apriltag_36h11:4 -> 34
    aruco_4x4_50:7 -> 435
    aruco_4x4_50:8 -> 1032
    aruco_4x4_50:9 -> 842
    aruco_4x4_50:10 -> 1022
    aruco_4x4_50:11 -> 1
    aruco_4x4_50:12 -> 1019
    aruco_4x4_50:13 -> 828
    aruco_4x4_50:14 -> 604
  rejected ID details:
    aruco_4x4_50:37 -> 1
  CSV: /home/eker/Master-Thesis---Multi-modal-User-Intention-Estimation-and-Hand-Position-Prediction/Data_collection/Aruco_CSV/aruco_poses_Leys_3_20260604_163535.csv
Finished: Leys_3_20260604_163535

------------------------------------------------------------
[73] Sequence: Leys_4_20260604_163704
VRS:        /home/eker/Master-Thesis---Multi-modal-User-Intention-Estimation-and-Hand-Position-Prediction/Data_collection/Data_vrs/Leys_4_20260604_163704.vrs
Output CSV: /home/eker/Master-Thesis---Multi-modal-User-Intention-Estimation-and-Hand-Position-Prediction/Data_collection/Aruco_CSV/aruco_poses_Leys_4_20260604_163704.csv
QA symlink: /home/eker/Master-Thesis---Multi-modal-User-Intention-Estimation-and-Hand-Position-Prediction/Data_collection/aruco_poses_Leys_4_20260604_163704.csv
Opening: /home/eker/Master-Thesis---Multi-modal-User-Intention-Estimation-and-Hand-Position-Prediction/Data_collection/Data_vrs/Leys_4_20260604_163704.vrs
Frame 1/1040
Frame 501/1040
Frame 1001/1040
Frame 1040/1040

Extraction summary
  sequence: Leys_4_20260604_163704
  frames: 1040/1040
  timestamp range ns: 5884159136629 .. 5918782927826
  accepted marker poses: 7153
  rejected IDs: 4
  failed pose estimates: 0
    apriltag_36h11:0 -> 855
    apriltag_36h11:1 -> 26
    apriltag_36h11:2 -> 188
    apriltag_36h11:3 -> 113
    apriltag_36h11:4 -> 32
    aruco_4x4_50:6 -> 105
    aruco_4x4_50:7 -> 479
    aruco_4x4_50:8 -> 1037
    aruco_4x4_50:9 -> 946
    aruco_4x4_50:10 -> 1038
    aruco_4x4_50:11 -> 540
    aruco_4x4_50:12 -> 780
    aruco_4x4_50:13 -> 1014
  rejected ID details:
    aruco_4x4_50:17 -> 1
    aruco_4x4_50:37 -> 3
  CSV: /home/eker/Master-Thesis---Multi-modal-User-Intention-Estimation-and-Hand-Position-Prediction/Data_collection/Aruco_CSV/aruco_poses_Leys_4_20260604_163704.csv
Finished: Leys_4_20260604_163704

------------------------------------------------------------
[74] Sequence: Leys_5_20260604_163854
VRS:        /home/eker/Master-Thesis---Multi-modal-User-Intention-Estimation-and-Hand-Position-Prediction/Data_collection/Data_vrs/Leys_5_20260604_163854.vrs
Output CSV: /home/eker/Master-Thesis---Multi-modal-User-Intention-Estimation-and-Hand-Position-Prediction/Data_collection/Aruco_CSV/aruco_poses_Leys_5_20260604_163854.csv
QA symlink: /home/eker/Master-Thesis---Multi-modal-User-Intention-Estimation-and-Hand-Position-Prediction/Data_collection/aruco_poses_Leys_5_20260604_163854.csv
Opening: /home/eker/Master-Thesis---Multi-modal-User-Intention-Estimation-and-Hand-Position-Prediction/Data_collection/Data_vrs/Leys_5_20260604_163854.vrs
Frame 1/898
Frame 501/898
Frame 898/898

Extraction summary
  sequence: Leys_5_20260604_163854
  frames: 898/898
  timestamp range ns: 5994103234440 .. 6023994999233
  accepted marker poses: 7530
  rejected IDs: 3
  failed pose estimates: 0
    apriltag_36h11:0 -> 716
    apriltag_36h11:1 -> 88
    apriltag_36h11:2 -> 155
    apriltag_36h11:3 -> 207
    apriltag_36h11:4 -> 3
    aruco_4x4_50:7 -> 635
    aruco_4x4_50:8 -> 887
    aruco_4x4_50:9 -> 898
    aruco_4x4_50:10 -> 898
    aruco_4x4_50:11 -> 745
    aruco_4x4_50:12 -> 808
    aruco_4x4_50:13 -> 886
    aruco_4x4_50:14 -> 604
  rejected ID details:
    aruco_4x4_50:37 -> 3
  CSV: /home/eker/Master-Thesis---Multi-modal-User-Intention-Estimation-and-Hand-Position-Prediction/Data_collection/Aruco_CSV/aruco_poses_Leys_5_20260604_163854.csv
Finished: Leys_5_20260604_163854

------------------------------------------------------------
[75] Sequence: Maria_1_20260624_133852
VRS:        /home/eker/Master-Thesis---Multi-modal-User-Intention-Estimation-and-Hand-Position-Prediction/Data_collection/Data_vrs/Maria_1_20260624_133852.vrs
Output CSV: /home/eker/Master-Thesis---Multi-modal-User-Intention-Estimation-and-Hand-Position-Prediction/Data_collection/Aruco_CSV/aruco_poses_Maria_1_20260624_133852.csv
QA symlink: /home/eker/Master-Thesis---Multi-modal-User-Intention-Estimation-and-Hand-Position-Prediction/Data_collection/aruco_poses_Maria_1_20260624_133852.csv
Opening: /home/eker/Master-Thesis---Multi-modal-User-Intention-Estimation-and-Hand-Position-Prediction/Data_collection/Data_vrs/Maria_1_20260624_133852.vrs
Frame 1/1109
Frame 501/1109
Frame 1001/1109
Frame 1109/1109

Extraction summary
  sequence: Maria_1_20260624_133852
  frames: 1109/1109
  timestamp range ns: 5014098485550 .. 5051020641499
  accepted marker poses: 4902
  rejected IDs: 2
  failed pose estimates: 0
    apriltag_36h11:0 -> 501
    apriltag_36h11:2 -> 752
    apriltag_36h11:4 -> 443
    aruco_4x4_50:6 -> 1
    aruco_4x4_50:7 -> 7
    aruco_4x4_50:8 -> 393
    aruco_4x4_50:9 -> 79
    aruco_4x4_50:10 -> 205
    aruco_4x4_50:11 -> 657
    aruco_4x4_50:12 -> 475
    aruco_4x4_50:13 -> 596
    aruco_4x4_50:14 -> 793
  rejected ID details:
    aruco_4x4_50:17 -> 2
  CSV: /home/eker/Master-Thesis---Multi-modal-User-Intention-Estimation-and-Hand-Position-Prediction/Data_collection/Aruco_CSV/aruco_poses_Maria_1_20260624_133852.csv
Finished: Maria_1_20260624_133852

------------------------------------------------------------
[76] Sequence: Maria_2_20260624_134005
VRS:        /home/eker/Master-Thesis---Multi-modal-User-Intention-Estimation-and-Hand-Position-Prediction/Data_collection/Data_vrs/Maria_2_20260624_134005.vrs
Output CSV: /home/eker/Master-Thesis---Multi-modal-User-Intention-Estimation-and-Hand-Position-Prediction/Data_collection/Aruco_CSV/aruco_poses_Maria_2_20260624_134005.csv
QA symlink: /home/eker/Master-Thesis---Multi-modal-User-Intention-Estimation-and-Hand-Position-Prediction/Data_collection/aruco_poses_Maria_2_20260624_134005.csv
Opening: /home/eker/Master-Thesis---Multi-modal-User-Intention-Estimation-and-Hand-Position-Prediction/Data_collection/Data_vrs/Maria_2_20260624_134005.vrs
Frame 1/844
Frame 501/844
Frame 844/844

Extraction summary
  sequence: Maria_2_20260624_134005
  frames: 844/844
  timestamp range ns: 5087602555509 .. 5115695407531
  accepted marker poses: 4279
  rejected IDs: 6
  failed pose estimates: 0
    apriltag_36h11:0 -> 492
    apriltag_36h11:2 -> 583
    apriltag_36h11:4 -> 370
    aruco_4x4_50:6 -> 253
    aruco_4x4_50:7 -> 620
    aruco_4x4_50:8 -> 33
    aruco_4x4_50:9 -> 539
    aruco_4x4_50:10 -> 606
    aruco_4x4_50:11 -> 34
    aruco_4x4_50:12 -> 73
    aruco_4x4_50:13 -> 626
    aruco_4x4_50:14 -> 50
  rejected ID details:
    aruco_4x4_50:17 -> 2
    aruco_4x4_50:26 -> 2
    aruco_4x4_50:37 -> 2
  CSV: /home/eker/Master-Thesis---Multi-modal-User-Intention-Estimation-and-Hand-Position-Prediction/Data_collection/Aruco_CSV/aruco_poses_Maria_2_20260624_134005.csv
Finished: Maria_2_20260624_134005

------------------------------------------------------------
[77] Sequence: Maria_3_20260624_134101
VRS:        /home/eker/Master-Thesis---Multi-modal-User-Intention-Estimation-and-Hand-Position-Prediction/Data_collection/Data_vrs/Maria_3_20260624_134101.vrs
Output CSV: /home/eker/Master-Thesis---Multi-modal-User-Intention-Estimation-and-Hand-Position-Prediction/Data_collection/Aruco_CSV/aruco_poses_Maria_3_20260624_134101.csv
QA symlink: /home/eker/Master-Thesis---Multi-modal-User-Intention-Estimation-and-Hand-Position-Prediction/Data_collection/aruco_poses_Maria_3_20260624_134101.csv
Opening: /home/eker/Master-Thesis---Multi-modal-User-Intention-Estimation-and-Hand-Position-Prediction/Data_collection/Data_vrs/Maria_3_20260624_134101.vrs
Frame 1/1084
Frame 501/1084
Frame 1001/1084
Frame 1084/1084

Extraction summary
  sequence: Maria_3_20260624_134101
  frames: 1084/1084
  timestamp range ns: 5142977386289 .. 5179067737675
  accepted marker poses: 3784
  rejected IDs: 9
  failed pose estimates: 0
    apriltag_36h11:0 -> 519
    apriltag_36h11:2 -> 641
    apriltag_36h11:4 -> 441
    aruco_4x4_50:8 -> 1
    aruco_4x4_50:9 -> 739
    aruco_4x4_50:10 -> 417
    aruco_4x4_50:11 -> 580
    aruco_4x4_50:12 -> 105
    aruco_4x4_50:13 -> 133
    aruco_4x4_50:14 -> 208
  rejected ID details:
    aruco_4x4_50:17 -> 5
    aruco_4x4_50:37 -> 4
  CSV: /home/eker/Master-Thesis---Multi-modal-User-Intention-Estimation-and-Hand-Position-Prediction/Data_collection/Aruco_CSV/aruco_poses_Maria_3_20260624_134101.csv
Finished: Maria_3_20260624_134101

------------------------------------------------------------
[78] Sequence: Maria_4_20260624_134233
VRS:        /home/eker/Master-Thesis---Multi-modal-User-Intention-Estimation-and-Hand-Position-Prediction/Data_collection/Data_vrs/Maria_4_20260624_134233.vrs
Output CSV: /home/eker/Master-Thesis---Multi-modal-User-Intention-Estimation-and-Hand-Position-Prediction/Data_collection/Aruco_CSV/aruco_poses_Maria_4_20260624_134233.csv
QA symlink: /home/eker/Master-Thesis---Multi-modal-User-Intention-Estimation-and-Hand-Position-Prediction/Data_collection/aruco_poses_Maria_4_20260624_134233.csv
Opening: /home/eker/Master-Thesis---Multi-modal-User-Intention-Estimation-and-Hand-Position-Prediction/Data_collection/Data_vrs/Maria_4_20260624_134233.vrs
Frame 1/828
Frame 501/828
Frame 828/828

Extraction summary
  sequence: Maria_4_20260624_134233
  frames: 828/828
  timestamp range ns: 5234843821916 .. 5262404296426
  accepted marker poses: 2978
  rejected IDs: 4
  failed pose estimates: 0
    apriltag_36h11:0 -> 373
    apriltag_36h11:2 -> 501
    apriltag_36h11:4 -> 314
    aruco_4x4_50:7 -> 798
    aruco_4x4_50:8 -> 61
    aruco_4x4_50:9 -> 9
    aruco_4x4_50:10 -> 9
    aruco_4x4_50:11 -> 109
    aruco_4x4_50:12 -> 439
    aruco_4x4_50:13 -> 365
  rejected ID details:
    aruco_4x4_50:17 -> 1
    aruco_4x4_50:37 -> 3
  CSV: /home/eker/Master-Thesis---Multi-modal-User-Intention-Estimation-and-Hand-Position-Prediction/Data_collection/Aruco_CSV/aruco_poses_Maria_4_20260624_134233.csv
Finished: Maria_4_20260624_134233

------------------------------------------------------------
[79] Sequence: Maria_5_20260624_134337
VRS:        /home/eker/Master-Thesis---Multi-modal-User-Intention-Estimation-and-Hand-Position-Prediction/Data_collection/Data_vrs/Maria_5_20260624_134337.vrs
Output CSV: /home/eker/Master-Thesis---Multi-modal-User-Intention-Estimation-and-Hand-Position-Prediction/Data_collection/Aruco_CSV/aruco_poses_Maria_5_20260624_134337.csv
QA symlink: /home/eker/Master-Thesis---Multi-modal-User-Intention-Estimation-and-Hand-Position-Prediction/Data_collection/aruco_poses_Maria_5_20260624_134337.csv
Opening: /home/eker/Master-Thesis---Multi-modal-User-Intention-Estimation-and-Hand-Position-Prediction/Data_collection/Data_vrs/Maria_5_20260624_134337.vrs
Frame 1/1056
Frame 501/1056
Frame 1001/1056
Frame 1056/1056

Extraction summary
  sequence: Maria_5_20260624_134337
  frames: 1056/1056
  timestamp range ns: 5298962246185 .. 5334121192863
  accepted marker poses: 4027
  rejected IDs: 2
  failed pose estimates: 0
    apriltag_36h11:0 -> 655
    apriltag_36h11:2 -> 526
    apriltag_36h11:4 -> 440
    aruco_4x4_50:7 -> 782
    aruco_4x4_50:8 -> 3
    aruco_4x4_50:9 -> 744
    aruco_4x4_50:10 -> 20
    aruco_4x4_50:12 -> 685
    aruco_4x4_50:13 -> 26
    aruco_4x4_50:14 -> 146
  rejected ID details:
    aruco_4x4_50:17 -> 1
    aruco_4x4_50:46 -> 1
  CSV: /home/eker/Master-Thesis---Multi-modal-User-Intention-Estimation-and-Hand-Position-Prediction/Data_collection/Aruco_CSV/aruco_poses_Maria_5_20260624_134337.csv
Finished: Maria_5_20260624_134337

------------------------------------------------------------
[80] Sequence: Maria_6_20260624_134443
VRS:        /home/eker/Master-Thesis---Multi-modal-User-Intention-Estimation-and-Hand-Position-Prediction/Data_collection/Data_vrs/Maria_6_20260624_134443.vrs
Output CSV: /home/eker/Master-Thesis---Multi-modal-User-Intention-Estimation-and-Hand-Position-Prediction/Data_collection/Aruco_CSV/aruco_poses_Maria_6_20260624_134443.csv
QA symlink: /home/eker/Master-Thesis---Multi-modal-User-Intention-Estimation-and-Hand-Position-Prediction/Data_collection/aruco_poses_Maria_6_20260624_134443.csv
Opening: /home/eker/Master-Thesis---Multi-modal-User-Intention-Estimation-and-Hand-Position-Prediction/Data_collection/Data_vrs/Maria_6_20260624_134443.vrs
Frame 1/1134
Frame 501/1134
Frame 1001/1134
Frame 1134/1134

Extraction summary
  sequence: Maria_6_20260624_134443
  frames: 1134/1134
  timestamp range ns: 5365157933269 .. 5402916230227
  accepted marker poses: 4095
  rejected IDs: 1
  failed pose estimates: 0
    apriltag_36h11:0 -> 625
    apriltag_36h11:2 -> 441
    apriltag_36h11:4 -> 416
    aruco_4x4_50:7 -> 1038
    aruco_4x4_50:9 -> 143
    aruco_4x4_50:10 -> 21
    aruco_4x4_50:11 -> 225
    aruco_4x4_50:12 -> 267
    aruco_4x4_50:13 -> 855
    aruco_4x4_50:14 -> 64
  rejected ID details:
    aruco_4x4_50:37 -> 1
  CSV: /home/eker/Master-Thesis---Multi-modal-User-Intention-Estimation-and-Hand-Position-Prediction/Data_collection/Aruco_CSV/aruco_poses_Maria_6_20260624_134443.csv
Finished: Maria_6_20260624_134443

------------------------------------------------------------
[81] Sequence: Melih_10_20260616_180515
VRS:        /home/eker/Master-Thesis---Multi-modal-User-Intention-Estimation-and-Hand-Position-Prediction/Data_collection/Data_vrs/Melih_10_20260616_180515.vrs
Output CSV: /home/eker/Master-Thesis---Multi-modal-User-Intention-Estimation-and-Hand-Position-Prediction/Data_collection/Aruco_CSV/aruco_poses_Melih_10_20260616_180515.csv
QA symlink: /home/eker/Master-Thesis---Multi-modal-User-Intention-Estimation-and-Hand-Position-Prediction/Data_collection/aruco_poses_Melih_10_20260616_180515.csv
Opening: /home/eker/Master-Thesis---Multi-modal-User-Intention-Estimation-and-Hand-Position-Prediction/Data_collection/Data_vrs/Melih_10_20260616_180515.vrs
Frame 1/1242
Frame 501/1242
Frame 1001/1242
Frame 1242/1242

Extraction summary
  sequence: Melih_10_20260616_180515
  frames: 1242/1242
  timestamp range ns: 1228610268314 .. 1269964664252
  accepted marker poses: 12378
  rejected IDs: 8
  failed pose estimates: 0
    apriltag_36h11:0 -> 659
    apriltag_36h11:1 -> 84
    apriltag_36h11:2 -> 1057
    apriltag_36h11:3 -> 70
    apriltag_36h11:4 -> 384
    aruco_4x4_50:6 -> 1170
    aruco_4x4_50:7 -> 1200
    aruco_4x4_50:8 -> 978
    aruco_4x4_50:9 -> 1023
    aruco_4x4_50:10 -> 1235
    aruco_4x4_50:11 -> 1223
    aruco_4x4_50:12 -> 1195
    aruco_4x4_50:13 -> 961
    aruco_4x4_50:14 -> 1139
  rejected ID details:
    aruco_4x4_50:17 -> 8
  CSV: /home/eker/Master-Thesis---Multi-modal-User-Intention-Estimation-and-Hand-Position-Prediction/Data_collection/Aruco_CSV/aruco_poses_Melih_10_20260616_180515.csv
Finished: Melih_10_20260616_180515

------------------------------------------------------------
[82] Sequence: Melih_1_20260616_175140
VRS:        /home/eker/Master-Thesis---Multi-modal-User-Intention-Estimation-and-Hand-Position-Prediction/Data_collection/Data_vrs/Melih_1_20260616_175140.vrs
Output CSV: /home/eker/Master-Thesis---Multi-modal-User-Intention-Estimation-and-Hand-Position-Prediction/Data_collection/Aruco_CSV/aruco_poses_Melih_1_20260616_175140.csv
QA symlink: /home/eker/Master-Thesis---Multi-modal-User-Intention-Estimation-and-Hand-Position-Prediction/Data_collection/aruco_poses_Melih_1_20260616_175140.csv
Opening: /home/eker/Master-Thesis---Multi-modal-User-Intention-Estimation-and-Hand-Position-Prediction/Data_collection/Data_vrs/Melih_1_20260616_175140.vrs
Frame 1/825
Frame 501/825
Frame 825/825

Extraction summary
  sequence: Melih_1_20260616_175140
  frames: 825/825
  timestamp range ns: 413709230793 .. 441167393596
  accepted marker poses: 7506
  rejected IDs: 0
  failed pose estimates: 0
    apriltag_36h11:0 -> 116
    apriltag_36h11:2 -> 601
    apriltag_36h11:3 -> 157
    aruco_4x4_50:6 -> 789
    aruco_4x4_50:7 -> 825
    aruco_4x4_50:8 -> 817
    aruco_4x4_50:9 -> 822
    aruco_4x4_50:10 -> 302
    aruco_4x4_50:11 -> 747
    aruco_4x4_50:12 -> 703
    aruco_4x4_50:13 -> 809
    aruco_4x4_50:14 -> 818
  CSV: /home/eker/Master-Thesis---Multi-modal-User-Intention-Estimation-and-Hand-Position-Prediction/Data_collection/Aruco_CSV/aruco_poses_Melih_1_20260616_175140.csv
Finished: Melih_1_20260616_175140

------------------------------------------------------------
[83] Sequence: Melih_2_20260616_175310
VRS:        /home/eker/Master-Thesis---Multi-modal-User-Intention-Estimation-and-Hand-Position-Prediction/Data_collection/Data_vrs/Melih_2_20260616_175310.vrs
Output CSV: /home/eker/Master-Thesis---Multi-modal-User-Intention-Estimation-and-Hand-Position-Prediction/Data_collection/Aruco_CSV/aruco_poses_Melih_2_20260616_175310.csv
QA symlink: /home/eker/Master-Thesis---Multi-modal-User-Intention-Estimation-and-Hand-Position-Prediction/Data_collection/aruco_poses_Melih_2_20260616_175310.csv
Opening: /home/eker/Master-Thesis---Multi-modal-User-Intention-Estimation-and-Hand-Position-Prediction/Data_collection/Data_vrs/Melih_2_20260616_175310.vrs
Frame 1/1025
Frame 501/1025
Frame 1001/1025
Frame 1025/1025

Extraction summary
  sequence: Melih_2_20260616_175310
  frames: 1025/1025
  timestamp range ns: 503701845169 .. 537825453960
  accepted marker poses: 8860
  rejected IDs: 1
  failed pose estimates: 0
    apriltag_36h11:0 -> 690
    apriltag_36h11:2 -> 750
    apriltag_36h11:3 -> 120
    apriltag_36h11:4 -> 25
    aruco_4x4_50:6 -> 595
    aruco_4x4_50:7 -> 946
    aruco_4x4_50:8 -> 1006
    aruco_4x4_50:9 -> 983
    aruco_4x4_50:10 -> 540
    aruco_4x4_50:11 -> 738
    aruco_4x4_50:12 -> 1004
    aruco_4x4_50:13 -> 949
    aruco_4x4_50:14 -> 514
  rejected ID details:
    aruco_4x4_50:17 -> 1
  CSV: /home/eker/Master-Thesis---Multi-modal-User-Intention-Estimation-and-Hand-Position-Prediction/Data_collection/Aruco_CSV/aruco_poses_Melih_2_20260616_175310.csv
Finished: Melih_2_20260616_175310

------------------------------------------------------------
[84] Sequence: Melih_3_20260616_175418
VRS:        /home/eker/Master-Thesis---Multi-modal-User-Intention-Estimation-and-Hand-Position-Prediction/Data_collection/Data_vrs/Melih_3_20260616_175418.vrs
Output CSV: /home/eker/Master-Thesis---Multi-modal-User-Intention-Estimation-and-Hand-Position-Prediction/Data_collection/Aruco_CSV/aruco_poses_Melih_3_20260616_175418.csv
QA symlink: /home/eker/Master-Thesis---Multi-modal-User-Intention-Estimation-and-Hand-Position-Prediction/Data_collection/aruco_poses_Melih_3_20260616_175418.csv
Opening: /home/eker/Master-Thesis---Multi-modal-User-Intention-Estimation-and-Hand-Position-Prediction/Data_collection/Data_vrs/Melih_3_20260616_175418.vrs
Frame 1/1038
Frame 501/1038
Frame 1001/1038
Frame 1038/1038

Extraction summary
  sequence: Melih_3_20260616_175418
  frames: 1038/1038
  timestamp range ns: 571191994721 .. 605748993012
  accepted marker poses: 8522
  rejected IDs: 1
  failed pose estimates: 0
    apriltag_36h11:0 -> 837
    apriltag_36h11:1 -> 39
    apriltag_36h11:2 -> 783
    apriltag_36h11:3 -> 189
    apriltag_36h11:4 -> 40
    aruco_4x4_50:6 -> 624
    aruco_4x4_50:7 -> 991
    aruco_4x4_50:8 -> 683
    aruco_4x4_50:9 -> 981
    aruco_4x4_50:10 -> 42
    aruco_4x4_50:11 -> 577
    aruco_4x4_50:12 -> 927
    aruco_4x4_50:13 -> 983
    aruco_4x4_50:14 -> 826
  rejected ID details:
    aruco_4x4_50:17 -> 1
  CSV: /home/eker/Master-Thesis---Multi-modal-User-Intention-Estimation-and-Hand-Position-Prediction/Data_collection/Aruco_CSV/aruco_poses_Melih_3_20260616_175418.csv
Finished: Melih_3_20260616_175418

------------------------------------------------------------
[85] Sequence: Melih_4_20260616_175523
VRS:        /home/eker/Master-Thesis---Multi-modal-User-Intention-Estimation-and-Hand-Position-Prediction/Data_collection/Data_vrs/Melih_4_20260616_175523.vrs
Output CSV: /home/eker/Master-Thesis---Multi-modal-User-Intention-Estimation-and-Hand-Position-Prediction/Data_collection/Aruco_CSV/aruco_poses_Melih_4_20260616_175523.csv
QA symlink: /home/eker/Master-Thesis---Multi-modal-User-Intention-Estimation-and-Hand-Position-Prediction/Data_collection/aruco_poses_Melih_4_20260616_175523.csv
Opening: /home/eker/Master-Thesis---Multi-modal-User-Intention-Estimation-and-Hand-Position-Prediction/Data_collection/Data_vrs/Melih_4_20260616_175523.vrs
Frame 1/1037
Frame 501/1037
Frame 1001/1037
Frame 1037/1037

Extraction summary
  sequence: Melih_4_20260616_175523
  frames: 1037/1037
  timestamp range ns: 636239447627 .. 670763057564
  accepted marker poses: 9310
  rejected IDs: 0
  failed pose estimates: 0
    apriltag_36h11:0 -> 715
    apriltag_36h11:2 -> 789
    apriltag_36h11:3 -> 130
    apriltag_36h11:4 -> 8
    aruco_4x4_50:6 -> 950
    aruco_4x4_50:7 -> 1037
    aruco_4x4_50:8 -> 769
    aruco_4x4_50:9 -> 852
    aruco_4x4_50:10 -> 129
    aruco_4x4_50:11 -> 1034
    aruco_4x4_50:12 -> 883
    aruco_4x4_50:13 -> 1037
    aruco_4x4_50:14 -> 977
  CSV: /home/eker/Master-Thesis---Multi-modal-User-Intention-Estimation-and-Hand-Position-Prediction/Data_collection/Aruco_CSV/aruco_poses_Melih_4_20260616_175523.csv
Finished: Melih_4_20260616_175523

------------------------------------------------------------
[86] Sequence: Melih_5_20260616_175612
VRS:        /home/eker/Master-Thesis---Multi-modal-User-Intention-Estimation-and-Hand-Position-Prediction/Data_collection/Data_vrs/Melih_5_20260616_175612.vrs
Output CSV: /home/eker/Master-Thesis---Multi-modal-User-Intention-Estimation-and-Hand-Position-Prediction/Data_collection/Aruco_CSV/aruco_poses_Melih_5_20260616_175612.csv
QA symlink: /home/eker/Master-Thesis---Multi-modal-User-Intention-Estimation-and-Hand-Position-Prediction/Data_collection/aruco_poses_Melih_5_20260616_175612.csv
Opening: /home/eker/Master-Thesis---Multi-modal-User-Intention-Estimation-and-Hand-Position-Prediction/Data_collection/Data_vrs/Melih_5_20260616_175612.vrs
Frame 1/1024
Frame 501/1024
Frame 1001/1024
Frame 1024/1024

Extraction summary
  sequence: Melih_5_20260616_175612
  frames: 1024/1024
  timestamp range ns: 685771739107 .. 719861689752
  accepted marker poses: 9783
  rejected IDs: 2
  failed pose estimates: 0
    apriltag_36h11:0 -> 818
    apriltag_36h11:2 -> 903
    apriltag_36h11:3 -> 23
    apriltag_36h11:4 -> 474
    aruco_4x4_50:6 -> 671
    aruco_4x4_50:7 -> 1023
    aruco_4x4_50:8 -> 946
    aruco_4x4_50:9 -> 897
    aruco_4x4_50:10 -> 78
    aruco_4x4_50:11 -> 1016
    aruco_4x4_50:12 -> 998
    aruco_4x4_50:13 -> 995
    aruco_4x4_50:14 -> 941
  rejected ID details:
    aruco_4x4_50:17 -> 1
    aruco_4x4_50:41 -> 1
  CSV: /home/eker/Master-Thesis---Multi-modal-User-Intention-Estimation-and-Hand-Position-Prediction/Data_collection/Aruco_CSV/aruco_poses_Melih_5_20260616_175612.csv
Finished: Melih_5_20260616_175612

------------------------------------------------------------
[87] Sequence: Melih_6_20260616_180104
VRS:        /home/eker/Master-Thesis---Multi-modal-User-Intention-Estimation-and-Hand-Position-Prediction/Data_collection/Data_vrs/Melih_6_20260616_180104.vrs
Output CSV: /home/eker/Master-Thesis---Multi-modal-User-Intention-Estimation-and-Hand-Position-Prediction/Data_collection/Aruco_CSV/aruco_poses_Melih_6_20260616_180104.csv
QA symlink: /home/eker/Master-Thesis---Multi-modal-User-Intention-Estimation-and-Hand-Position-Prediction/Data_collection/aruco_poses_Melih_6_20260616_180104.csv
Opening: /home/eker/Master-Thesis---Multi-modal-User-Intention-Estimation-and-Hand-Position-Prediction/Data_collection/Data_vrs/Melih_6_20260616_180104.vrs
Frame 1/1024
Frame 501/1024
Frame 1001/1024
Frame 1024/1024

Extraction summary
  sequence: Melih_6_20260616_180104
  frames: 1024/1024
  timestamp range ns: 977679379024 .. 1011768838274
  accepted marker poses: 9763
  rejected IDs: 4
  failed pose estimates: 0
    apriltag_36h11:0 -> 771
    apriltag_36h11:2 -> 824
    apriltag_36h11:3 -> 153
    apriltag_36h11:4 -> 250
    aruco_4x4_50:6 -> 942
    aruco_4x4_50:7 -> 964
    aruco_4x4_50:8 -> 1005
    aruco_4x4_50:9 -> 1005
    aruco_4x4_50:10 -> 105
    aruco_4x4_50:11 -> 1018
    aruco_4x4_50:12 -> 1024
    aruco_4x4_50:13 -> 801
    aruco_4x4_50:14 -> 901
  rejected ID details:
    aruco_4x4_50:17 -> 1
    aruco_4x4_50:37 -> 2
    aruco_4x4_50:41 -> 1
  CSV: /home/eker/Master-Thesis---Multi-modal-User-Intention-Estimation-and-Hand-Position-Prediction/Data_collection/Aruco_CSV/aruco_poses_Melih_6_20260616_180104.csv
Finished: Melih_6_20260616_180104

------------------------------------------------------------
[88] Sequence: Melih_7_20260616_180202
VRS:        /home/eker/Master-Thesis---Multi-modal-User-Intention-Estimation-and-Hand-Position-Prediction/Data_collection/Data_vrs/Melih_7_20260616_180202.vrs
Output CSV: /home/eker/Master-Thesis---Multi-modal-User-Intention-Estimation-and-Hand-Position-Prediction/Data_collection/Aruco_CSV/aruco_poses_Melih_7_20260616_180202.csv
QA symlink: /home/eker/Master-Thesis---Multi-modal-User-Intention-Estimation-and-Hand-Position-Prediction/Data_collection/aruco_poses_Melih_7_20260616_180202.csv
Opening: /home/eker/Master-Thesis---Multi-modal-User-Intention-Estimation-and-Hand-Position-Prediction/Data_collection/Data_vrs/Melih_7_20260616_180202.vrs
Frame 1/1085
Frame 501/1085
Frame 1001/1085
Frame 1085/1085

Extraction summary
  sequence: Melih_7_20260616_180202
  frames: 1085/1085
  timestamp range ns: 1035729250221 .. 1071851254347
  accepted marker poses: 9805
  rejected IDs: 1
  failed pose estimates: 0
    apriltag_36h11:0 -> 809
    apriltag_36h11:2 -> 676
    apriltag_36h11:3 -> 175
    apriltag_36h11:4 -> 447
    aruco_4x4_50:6 -> 996
    aruco_4x4_50:7 -> 1081
    aruco_4x4_50:8 -> 1066
    aruco_4x4_50:9 -> 1046
    aruco_4x4_50:10 -> 450
    aruco_4x4_50:11 -> 1062
    aruco_4x4_50:12 -> 909
    aruco_4x4_50:13 -> 158
    aruco_4x4_50:14 -> 930
  rejected ID details:
    aruco_4x4_50:17 -> 1
  CSV: /home/eker/Master-Thesis---Multi-modal-User-Intention-Estimation-and-Hand-Position-Prediction/Data_collection/Aruco_CSV/aruco_poses_Melih_7_20260616_180202.csv
Finished: Melih_7_20260616_180202

------------------------------------------------------------
[89] Sequence: Melih_8_20260616_180307
VRS:        /home/eker/Master-Thesis---Multi-modal-User-Intention-Estimation-and-Hand-Position-Prediction/Data_collection/Data_vrs/Melih_8_20260616_180307.vrs
Output CSV: /home/eker/Master-Thesis---Multi-modal-User-Intention-Estimation-and-Hand-Position-Prediction/Data_collection/Aruco_CSV/aruco_poses_Melih_8_20260616_180307.csv
QA symlink: /home/eker/Master-Thesis---Multi-modal-User-Intention-Estimation-and-Hand-Position-Prediction/Data_collection/aruco_poses_Melih_8_20260616_180307.csv
Opening: /home/eker/Master-Thesis---Multi-modal-User-Intention-Estimation-and-Hand-Position-Prediction/Data_collection/Data_vrs/Melih_8_20260616_180307.vrs
Frame 1/1038
Frame 501/1038
Frame 1001/1038
Frame 1038/1038

Extraction summary
  sequence: Melih_8_20260616_180307
  frames: 1038/1038
  timestamp range ns: 1100206668908 .. 1134762427232
  accepted marker poses: 9759
  rejected IDs: 9
  failed pose estimates: 0
    apriltag_36h11:0 -> 788
    apriltag_36h11:1 -> 138
    apriltag_36h11:2 -> 732
    apriltag_36h11:3 -> 56
    apriltag_36h11:4 -> 356
    aruco_4x4_50:6 -> 1032
    aruco_4x4_50:7 -> 987
    aruco_4x4_50:8 -> 993
    aruco_4x4_50:9 -> 543
    aruco_4x4_50:10 -> 351
    aruco_4x4_50:11 -> 1038
    aruco_4x4_50:12 -> 984
    aruco_4x4_50:13 -> 773
    aruco_4x4_50:14 -> 988
  rejected ID details:
    aruco_4x4_50:17 -> 8
    aruco_4x4_50:37 -> 1
  CSV: /home/eker/Master-Thesis---Multi-modal-User-Intention-Estimation-and-Hand-Position-Prediction/Data_collection/Aruco_CSV/aruco_poses_Melih_8_20260616_180307.csv
Finished: Melih_8_20260616_180307

------------------------------------------------------------
[90] Sequence: Melih_9_20260616_180402
VRS:        /home/eker/Master-Thesis---Multi-modal-User-Intention-Estimation-and-Hand-Position-Prediction/Data_collection/Data_vrs/Melih_9_20260616_180402.vrs
Output CSV: /home/eker/Master-Thesis---Multi-modal-User-Intention-Estimation-and-Hand-Position-Prediction/Data_collection/Aruco_CSV/aruco_poses_Melih_9_20260616_180402.csv
QA symlink: /home/eker/Master-Thesis---Multi-modal-User-Intention-Estimation-and-Hand-Position-Prediction/Data_collection/aruco_poses_Melih_9_20260616_180402.csv
Opening: /home/eker/Master-Thesis---Multi-modal-User-Intention-Estimation-and-Hand-Position-Prediction/Data_collection/Data_vrs/Melih_9_20260616_180402.vrs
Frame 1/1036
Frame 501/1036
Frame 1001/1036
Frame 1036/1036

Extraction summary
  sequence: Melih_9_20260616_180402
  frames: 1036/1036
  timestamp range ns: 1155713610074 .. 1190202702617
  accepted marker poses: 10121
  rejected IDs: 3
  failed pose estimates: 0
    apriltag_36h11:0 -> 801
    apriltag_36h11:1 -> 201
    apriltag_36h11:2 -> 751
    apriltag_36h11:3 -> 124
    apriltag_36h11:4 -> 243
    aruco_4x4_50:6 -> 1005
    aruco_4x4_50:7 -> 716
    aruco_4x4_50:8 -> 984
    aruco_4x4_50:9 -> 786
    aruco_4x4_50:10 -> 921
    aruco_4x4_50:11 -> 1036
    aruco_4x4_50:12 -> 674
    aruco_4x4_50:13 -> 1036
    aruco_4x4_50:14 -> 843
  rejected ID details:
    aruco_4x4_50:17 -> 2
    aruco_4x4_50:37 -> 1
  CSV: /home/eker/Master-Thesis---Multi-modal-User-Intention-Estimation-and-Hand-Position-Prediction/Data_collection/Aruco_CSV/aruco_poses_Melih_9_20260616_180402.csv
Finished: Melih_9_20260616_180402

------------------------------------------------------------
[91] Sequence: Miro_1_20260604_153303
VRS:        /home/eker/Master-Thesis---Multi-modal-User-Intention-Estimation-and-Hand-Position-Prediction/Data_collection/Data_vrs/Miro_1_20260604_153303.vrs
Output CSV: /home/eker/Master-Thesis---Multi-modal-User-Intention-Estimation-and-Hand-Position-Prediction/Data_collection/Aruco_CSV/aruco_poses_Miro_1_20260604_153303.csv
QA symlink: /home/eker/Master-Thesis---Multi-modal-User-Intention-Estimation-and-Hand-Position-Prediction/Data_collection/aruco_poses_Miro_1_20260604_153303.csv
Opening: /home/eker/Master-Thesis---Multi-modal-User-Intention-Estimation-and-Hand-Position-Prediction/Data_collection/Data_vrs/Miro_1_20260604_153303.vrs
Frame 1/1035
Frame 501/1035
Frame 1001/1035
Frame 1035/1035

Extraction summary
  sequence: Miro_1_20260604_153303
  frames: 1035/1035
  timestamp range ns: 2042521615158 .. 2076978781459
  accepted marker poses: 5602
  rejected IDs: 5
  failed pose estimates: 0
    apriltag_36h11:0 -> 507
    apriltag_36h11:1 -> 23
    apriltag_36h11:2 -> 376
    apriltag_36h11:3 -> 171
    apriltag_36h11:4 -> 48
    aruco_4x4_50:6 -> 344
    aruco_4x4_50:7 -> 756
    aruco_4x4_50:8 -> 437
    aruco_4x4_50:9 -> 819
    aruco_4x4_50:10 -> 913
    aruco_4x4_50:13 -> 982
    aruco_4x4_50:14 -> 226
  rejected ID details:
    aruco_4x4_50:17 -> 2
    aruco_4x4_50:37 -> 3
  CSV: /home/eker/Master-Thesis---Multi-modal-User-Intention-Estimation-and-Hand-Position-Prediction/Data_collection/Aruco_CSV/aruco_poses_Miro_1_20260604_153303.csv
Finished: Miro_1_20260604_153303

------------------------------------------------------------
[92] Sequence: Miro_2_20260604_153451
VRS:        /home/eker/Master-Thesis---Multi-modal-User-Intention-Estimation-and-Hand-Position-Prediction/Data_collection/Data_vrs/Miro_2_20260604_153451.vrs
Output CSV: /home/eker/Master-Thesis---Multi-modal-User-Intention-Estimation-and-Hand-Position-Prediction/Data_collection/Aruco_CSV/aruco_poses_Miro_2_20260604_153451.csv
QA symlink: /home/eker/Master-Thesis---Multi-modal-User-Intention-Estimation-and-Hand-Position-Prediction/Data_collection/aruco_poses_Miro_2_20260604_153451.csv
Opening: /home/eker/Master-Thesis---Multi-modal-User-Intention-Estimation-and-Hand-Position-Prediction/Data_collection/Data_vrs/Miro_2_20260604_153451.vrs
Frame 1/811
Frame 501/811
Frame 811/811

Extraction summary
  sequence: Miro_2_20260604_153451
  frames: 811/811
  timestamp range ns: 2150242547136 .. 2177235107136
  accepted marker poses: 2361
  rejected IDs: 1
  failed pose estimates: 0
    apriltag_36h11:0 -> 536
    apriltag_36h11:1 -> 42
    apriltag_36h11:2 -> 29
    apriltag_36h11:3 -> 84
    apriltag_36h11:4 -> 15
    aruco_4x4_50:6 -> 231
    aruco_4x4_50:7 -> 181
    aruco_4x4_50:8 -> 367
    aruco_4x4_50:9 -> 70
    aruco_4x4_50:10 -> 8
    aruco_4x4_50:12 -> 392
    aruco_4x4_50:13 -> 206
    aruco_4x4_50:14 -> 200
  rejected ID details:
    aruco_4x4_50:37 -> 1
  CSV: /home/eker/Master-Thesis---Multi-modal-User-Intention-Estimation-and-Hand-Position-Prediction/Data_collection/Aruco_CSV/aruco_poses_Miro_2_20260604_153451.csv
Finished: Miro_2_20260604_153451

------------------------------------------------------------
[93] Sequence: Miro_3_20260604_153609
VRS:        /home/eker/Master-Thesis---Multi-modal-User-Intention-Estimation-and-Hand-Position-Prediction/Data_collection/Data_vrs/Miro_3_20260604_153609.vrs
Output CSV: /home/eker/Master-Thesis---Multi-modal-User-Intention-Estimation-and-Hand-Position-Prediction/Data_collection/Aruco_CSV/aruco_poses_Miro_3_20260604_153609.csv
QA symlink: /home/eker/Master-Thesis---Multi-modal-User-Intention-Estimation-and-Hand-Position-Prediction/Data_collection/aruco_poses_Miro_3_20260604_153609.csv
Opening: /home/eker/Master-Thesis---Multi-modal-User-Intention-Estimation-and-Hand-Position-Prediction/Data_collection/Data_vrs/Miro_3_20260604_153609.vrs
Frame 1/735
Frame 501/735
Frame 735/735

Extraction summary
  sequence: Miro_3_20260604_153609
  frames: 735/735
  timestamp range ns: 2228709348594 .. 2253169271355
  accepted marker poses: 1767
  rejected IDs: 2
  failed pose estimates: 0
    apriltag_36h11:0 -> 88
    apriltag_36h11:1 -> 13
    apriltag_36h11:2 -> 186
    apriltag_36h11:3 -> 81
    apriltag_36h11:4 -> 8
    aruco_4x4_50:6 -> 142
    aruco_4x4_50:8 -> 203
    aruco_4x4_50:10 -> 569
    aruco_4x4_50:11 -> 256
    aruco_4x4_50:12 -> 23
    aruco_4x4_50:13 -> 144
    aruco_4x4_50:14 -> 54
  rejected ID details:
    aruco_4x4_50:17 -> 1
    aruco_4x4_50:37 -> 1
  CSV: /home/eker/Master-Thesis---Multi-modal-User-Intention-Estimation-and-Hand-Position-Prediction/Data_collection/Aruco_CSV/aruco_poses_Miro_3_20260604_153609.csv
Finished: Miro_3_20260604_153609

------------------------------------------------------------
[94] Sequence: Miro_4_20260604_153734
VRS:        /home/eker/Master-Thesis---Multi-modal-User-Intention-Estimation-and-Hand-Position-Prediction/Data_collection/Data_vrs/Miro_4_20260604_153734.vrs
Output CSV: /home/eker/Master-Thesis---Multi-modal-User-Intention-Estimation-and-Hand-Position-Prediction/Data_collection/Aruco_CSV/aruco_poses_Miro_4_20260604_153734.csv
QA symlink: /home/eker/Master-Thesis---Multi-modal-User-Intention-Estimation-and-Hand-Position-Prediction/Data_collection/aruco_poses_Miro_4_20260604_153734.csv
Opening: /home/eker/Master-Thesis---Multi-modal-User-Intention-Estimation-and-Hand-Position-Prediction/Data_collection/Data_vrs/Miro_4_20260604_153734.vrs
Frame 1/1105
Frame 501/1105
Frame 1001/1105
Frame 1105/1105

Extraction summary
  sequence: Miro_4_20260604_153734
  frames: 1105/1105
  timestamp range ns: 2313192711563 .. 2349982569376
  accepted marker poses: 3286
  rejected IDs: 2
  failed pose estimates: 0
    apriltag_36h11:0 -> 377
    apriltag_36h11:2 -> 307
    apriltag_36h11:4 -> 23
    aruco_4x4_50:6 -> 114
    aruco_4x4_50:7 -> 285
    aruco_4x4_50:8 -> 297
    aruco_4x4_50:9 -> 523
    aruco_4x4_50:10 -> 385
    aruco_4x4_50:11 -> 299
    aruco_4x4_50:12 -> 82
    aruco_4x4_50:13 -> 226
    aruco_4x4_50:14 -> 368
  rejected ID details:
    aruco_4x4_50:37 -> 2
  CSV: /home/eker/Master-Thesis---Multi-modal-User-Intention-Estimation-and-Hand-Position-Prediction/Data_collection/Aruco_CSV/aruco_poses_Miro_4_20260604_153734.csv
Finished: Miro_4_20260604_153734

------------------------------------------------------------
[95] Sequence: Mona_1_20260624_123312
VRS:        /home/eker/Master-Thesis---Multi-modal-User-Intention-Estimation-and-Hand-Position-Prediction/Data_collection/Data_vrs/Mona_1_20260624_123312.vrs
Output CSV: /home/eker/Master-Thesis---Multi-modal-User-Intention-Estimation-and-Hand-Position-Prediction/Data_collection/Aruco_CSV/aruco_poses_Mona_1_20260624_123312.csv
QA symlink: /home/eker/Master-Thesis---Multi-modal-User-Intention-Estimation-and-Hand-Position-Prediction/Data_collection/aruco_poses_Mona_1_20260624_123312.csv
Opening: /home/eker/Master-Thesis---Multi-modal-User-Intention-Estimation-and-Hand-Position-Prediction/Data_collection/Data_vrs/Mona_1_20260624_123312.vrs
Frame 1/1038
Frame 501/1038
Frame 1001/1038
Frame 1038/1038

Extraction summary
  sequence: Mona_1_20260624_123312
  frames: 1038/1038
  timestamp range ns: 1074159122759 .. 1108715749686
  accepted marker poses: 7992
  rejected IDs: 3
  failed pose estimates: 0
    apriltag_36h11:0 -> 841
    apriltag_36h11:1 -> 44
    apriltag_36h11:2 -> 430
    apriltag_36h11:4 -> 392
    aruco_4x4_50:6 -> 646
    aruco_4x4_50:7 -> 634
    aruco_4x4_50:8 -> 1023
    aruco_4x4_50:9 -> 837
    aruco_4x4_50:10 -> 139
    aruco_4x4_50:11 -> 87
    aruco_4x4_50:12 -> 977
    aruco_4x4_50:13 -> 957
    aruco_4x4_50:14 -> 985
  rejected ID details:
    aruco_4x4_50:22 -> 1
    aruco_4x4_50:37 -> 2
  CSV: /home/eker/Master-Thesis---Multi-modal-User-Intention-Estimation-and-Hand-Position-Prediction/Data_collection/Aruco_CSV/aruco_poses_Mona_1_20260624_123312.csv
Finished: Mona_1_20260624_123312

------------------------------------------------------------
[96] Sequence: Mona_2_20260624_123443
VRS:        /home/eker/Master-Thesis---Multi-modal-User-Intention-Estimation-and-Hand-Position-Prediction/Data_collection/Data_vrs/Mona_2_20260624_123443.vrs
Output CSV: /home/eker/Master-Thesis---Multi-modal-User-Intention-Estimation-and-Hand-Position-Prediction/Data_collection/Aruco_CSV/aruco_poses_Mona_2_20260624_123443.csv
QA symlink: /home/eker/Master-Thesis---Multi-modal-User-Intention-Estimation-and-Hand-Position-Prediction/Data_collection/aruco_poses_Mona_2_20260624_123443.csv
Opening: /home/eker/Master-Thesis---Multi-modal-User-Intention-Estimation-and-Hand-Position-Prediction/Data_collection/Data_vrs/Mona_2_20260624_123443.vrs
Frame 1/1124
Frame 501/1124
Frame 1001/1124
Frame 1124/1124

Extraction summary
  sequence: Mona_2_20260624_123443
  frames: 1124/1124
  timestamp range ns: 1164830774675 .. 1202254913383
  accepted marker poses: 8023
  rejected IDs: 1
  failed pose estimates: 0
    apriltag_36h11:0 -> 882
    apriltag_36h11:1 -> 14
    apriltag_36h11:2 -> 474
    apriltag_36h11:3 -> 80
    apriltag_36h11:4 -> 477
    aruco_4x4_50:6 -> 1015
    aruco_4x4_50:7 -> 761
    aruco_4x4_50:8 -> 1058
    aruco_4x4_50:9 -> 969
    aruco_4x4_50:11 -> 533
    aruco_4x4_50:12 -> 666
    aruco_4x4_50:13 -> 93
    aruco_4x4_50:14 -> 1001
  rejected ID details:
    aruco_4x4_50:17 -> 1
  CSV: /home/eker/Master-Thesis---Multi-modal-User-Intention-Estimation-and-Hand-Position-Prediction/Data_collection/Aruco_CSV/aruco_poses_Mona_2_20260624_123443.csv
Finished: Mona_2_20260624_123443

------------------------------------------------------------
[97] Sequence: Mona_3_20260624_123548
VRS:        /home/eker/Master-Thesis---Multi-modal-User-Intention-Estimation-and-Hand-Position-Prediction/Data_collection/Data_vrs/Mona_3_20260624_123548.vrs
Output CSV: /home/eker/Master-Thesis---Multi-modal-User-Intention-Estimation-and-Hand-Position-Prediction/Data_collection/Aruco_CSV/aruco_poses_Mona_3_20260624_123548.csv
QA symlink: /home/eker/Master-Thesis---Multi-modal-User-Intention-Estimation-and-Hand-Position-Prediction/Data_collection/aruco_poses_Mona_3_20260624_123548.csv
Opening: /home/eker/Master-Thesis---Multi-modal-User-Intention-Estimation-and-Hand-Position-Prediction/Data_collection/Data_vrs/Mona_3_20260624_123548.vrs
Frame 1/1150
Frame 501/1150
Frame 1001/1150
Frame 1150/1150

Extraction summary
  sequence: Mona_3_20260624_123548
  frames: 1150/1150
  timestamp range ns: 1229951594416 .. 1268241830291
  accepted marker poses: 6966
  rejected IDs: 2
  failed pose estimates: 0
    apriltag_36h11:0 -> 907
    apriltag_36h11:1 -> 222
    apriltag_36h11:2 -> 385
    apriltag_36h11:3 -> 14
    apriltag_36h11:4 -> 381
    aruco_4x4_50:6 -> 1034
    aruco_4x4_50:7 -> 743
    aruco_4x4_50:8 -> 891
    aruco_4x4_50:9 -> 758
    aruco_4x4_50:10 -> 184
    aruco_4x4_50:11 -> 249
    aruco_4x4_50:12 -> 241
    aruco_4x4_50:13 -> 432
    aruco_4x4_50:14 -> 525
  rejected ID details:
    aruco_4x4_50:17 -> 1
    aruco_4x4_50:37 -> 1
  CSV: /home/eker/Master-Thesis---Multi-modal-User-Intention-Estimation-and-Hand-Position-Prediction/Data_collection/Aruco_CSV/aruco_poses_Mona_3_20260624_123548.csv
Finished: Mona_3_20260624_123548

------------------------------------------------------------
[98] Sequence: Mona_4_20260624_123706
VRS:        /home/eker/Master-Thesis---Multi-modal-User-Intention-Estimation-and-Hand-Position-Prediction/Data_collection/Data_vrs/Mona_4_20260624_123706.vrs
Output CSV: /home/eker/Master-Thesis---Multi-modal-User-Intention-Estimation-and-Hand-Position-Prediction/Data_collection/Aruco_CSV/aruco_poses_Mona_4_20260624_123706.csv
QA symlink: /home/eker/Master-Thesis---Multi-modal-User-Intention-Estimation-and-Hand-Position-Prediction/Data_collection/aruco_poses_Mona_4_20260624_123706.csv
Opening: /home/eker/Master-Thesis---Multi-modal-User-Intention-Estimation-and-Hand-Position-Prediction/Data_collection/Data_vrs/Mona_4_20260624_123706.vrs
Frame 1/1207
Frame 501/1207
Frame 1001/1207
Frame 1207/1207

Extraction summary
  sequence: Mona_4_20260624_123706
  frames: 1207/1207
  timestamp range ns: 1308099969623 .. 1348289997310
  accepted marker poses: 9479
  rejected IDs: 2
  failed pose estimates: 0
    apriltag_36h11:0 -> 766
    apriltag_36h11:1 -> 165
    apriltag_36h11:2 -> 257
    apriltag_36h11:3 -> 105
    apriltag_36h11:4 -> 471
    aruco_4x4_50:6 -> 952
    aruco_4x4_50:7 -> 673
    aruco_4x4_50:8 -> 1030
    aruco_4x4_50:9 -> 726
    aruco_4x4_50:10 -> 497
    aruco_4x4_50:11 -> 1071
    aruco_4x4_50:12 -> 675
    aruco_4x4_50:13 -> 1038
    aruco_4x4_50:14 -> 1053
  rejected ID details:
    aruco_4x4_50:17 -> 1
    aruco_4x4_50:45 -> 1
  CSV: /home/eker/Master-Thesis---Multi-modal-User-Intention-Estimation-and-Hand-Position-Prediction/Data_collection/Aruco_CSV/aruco_poses_Mona_4_20260624_123706.csv
Finished: Mona_4_20260624_123706

------------------------------------------------------------
[99] Sequence: Mona_5_20260624_123814
VRS:        /home/eker/Master-Thesis---Multi-modal-User-Intention-Estimation-and-Hand-Position-Prediction/Data_collection/Data_vrs/Mona_5_20260624_123814.vrs
Output CSV: /home/eker/Master-Thesis---Multi-modal-User-Intention-Estimation-and-Hand-Position-Prediction/Data_collection/Aruco_CSV/aruco_poses_Mona_5_20260624_123814.csv
QA symlink: /home/eker/Master-Thesis---Multi-modal-User-Intention-Estimation-and-Hand-Position-Prediction/Data_collection/aruco_poses_Mona_5_20260624_123814.csv
Opening: /home/eker/Master-Thesis---Multi-modal-User-Intention-Estimation-and-Hand-Position-Prediction/Data_collection/Data_vrs/Mona_5_20260624_123814.vrs
Frame 1/1354
Frame 501/1354
Frame 1001/1354
Frame 1354/1354

Extraction summary
  sequence: Mona_5_20260624_123814
  frames: 1354/1354
  timestamp range ns: 1375893414883 .. 1420982373489
  accepted marker poses: 8926
  rejected IDs: 4
  failed pose estimates: 0
    apriltag_36h11:0 -> 997
    apriltag_36h11:1 -> 96
    apriltag_36h11:2 -> 577
    apriltag_36h11:3 -> 17
    apriltag_36h11:4 -> 500
    aruco_4x4_50:6 -> 918
    aruco_4x4_50:7 -> 480
    aruco_4x4_50:8 -> 901
    aruco_4x4_50:9 -> 941
    aruco_4x4_50:10 -> 748
    aruco_4x4_50:11 -> 605
    aruco_4x4_50:12 -> 766
    aruco_4x4_50:13 -> 587
    aruco_4x4_50:14 -> 793
  rejected ID details:
    aruco_4x4_50:17 -> 3
    aruco_4x4_50:37 -> 1
  CSV: /home/eker/Master-Thesis---Multi-modal-User-Intention-Estimation-and-Hand-Position-Prediction/Data_collection/Aruco_CSV/aruco_poses_Mona_5_20260624_123814.csv
Finished: Mona_5_20260624_123814

------------------------------------------------------------
[100] Sequence: Mona_6_20260624_123930
VRS:        /home/eker/Master-Thesis---Multi-modal-User-Intention-Estimation-and-Hand-Position-Prediction/Data_collection/Data_vrs/Mona_6_20260624_123930.vrs
Output CSV: /home/eker/Master-Thesis---Multi-modal-User-Intention-Estimation-and-Hand-Position-Prediction/Data_collection/Aruco_CSV/aruco_poses_Mona_6_20260624_123930.csv
QA symlink: /home/eker/Master-Thesis---Multi-modal-User-Intention-Estimation-and-Hand-Position-Prediction/Data_collection/aruco_poses_Mona_6_20260624_123930.csv
Opening: /home/eker/Master-Thesis---Multi-modal-User-Intention-Estimation-and-Hand-Position-Prediction/Data_collection/Data_vrs/Mona_6_20260624_123930.vrs
Frame 1/1355
Frame 501/1355
Frame 1001/1355
Frame 1355/1355

Extraction summary
  sequence: Mona_6_20260624_123930
  frames: 1355/1355
  timestamp range ns: 1451963566915 .. 1497086063144
  accepted marker poses: 10192
  rejected IDs: 5
  failed pose estimates: 0
    apriltag_36h11:0 -> 1073
    apriltag_36h11:1 -> 57
    apriltag_36h11:2 -> 207
    apriltag_36h11:3 -> 43
    apriltag_36h11:4 -> 501
    aruco_4x4_50:6 -> 826
    aruco_4x4_50:7 -> 971
    aruco_4x4_50:8 -> 1008
    aruco_4x4_50:9 -> 1204
    aruco_4x4_50:10 -> 519
    aruco_4x4_50:11 -> 357
    aruco_4x4_50:12 -> 1118
    aruco_4x4_50:13 -> 1150
    aruco_4x4_50:14 -> 1158
  rejected ID details:
    aruco_4x4_50:17 -> 4
    aruco_4x4_50:37 -> 1
  CSV: /home/eker/Master-Thesis---Multi-modal-User-Intention-Estimation-and-Hand-Position-Prediction/Data_collection/Aruco_CSV/aruco_poses_Mona_6_20260624_123930.csv
Finished: Mona_6_20260624_123930

------------------------------------------------------------
[101] Sequence: Mona_7_20260624_124051
VRS:        /home/eker/Master-Thesis---Multi-modal-User-Intention-Estimation-and-Hand-Position-Prediction/Data_collection/Data_vrs/Mona_7_20260624_124051.vrs
Output CSV: /home/eker/Master-Thesis---Multi-modal-User-Intention-Estimation-and-Hand-Position-Prediction/Data_collection/Aruco_CSV/aruco_poses_Mona_7_20260624_124051.csv
QA symlink: /home/eker/Master-Thesis---Multi-modal-User-Intention-Estimation-and-Hand-Position-Prediction/Data_collection/aruco_poses_Mona_7_20260624_124051.csv
Opening: /home/eker/Master-Thesis---Multi-modal-User-Intention-Estimation-and-Hand-Position-Prediction/Data_collection/Data_vrs/Mona_7_20260624_124051.vrs
Frame 1/1332
Frame 501/1332
Frame 1001/1332
Frame 1332/1332

Extraction summary
  sequence: Mona_7_20260624_124051
  frames: 1332/1332
  timestamp range ns: 1532844970144 .. 1577200931008
  accepted marker poses: 11181
  rejected IDs: 2
  failed pose estimates: 0
    apriltag_36h11:0 -> 1000
    apriltag_36h11:1 -> 279
    apriltag_36h11:2 -> 156
    apriltag_36h11:3 -> 130
    apriltag_36h11:4 -> 222
    aruco_4x4_50:6 -> 962
    aruco_4x4_50:7 -> 854
    aruco_4x4_50:8 -> 1160
    aruco_4x4_50:9 -> 831
    aruco_4x4_50:10 -> 1257
    aruco_4x4_50:11 -> 1145
    aruco_4x4_50:12 -> 844
    aruco_4x4_50:13 -> 1101
    aruco_4x4_50:14 -> 1240
  rejected ID details:
    aruco_4x4_50:17 -> 1
    aruco_4x4_50:37 -> 1
  CSV: /home/eker/Master-Thesis---Multi-modal-User-Intention-Estimation-and-Hand-Position-Prediction/Data_collection/Aruco_CSV/aruco_poses_Mona_7_20260624_124051.csv
Finished: Mona_7_20260624_124051

------------------------------------------------------------
[102] Sequence: Mona_8_20260624_124414
VRS:        /home/eker/Master-Thesis---Multi-modal-User-Intention-Estimation-and-Hand-Position-Prediction/Data_collection/Data_vrs/Mona_8_20260624_124414.vrs
Output CSV: /home/eker/Master-Thesis---Multi-modal-User-Intention-Estimation-and-Hand-Position-Prediction/Data_collection/Aruco_CSV/aruco_poses_Mona_8_20260624_124414.csv
QA symlink: /home/eker/Master-Thesis---Multi-modal-User-Intention-Estimation-and-Hand-Position-Prediction/Data_collection/aruco_poses_Mona_8_20260624_124414.csv
Opening: /home/eker/Master-Thesis---Multi-modal-User-Intention-Estimation-and-Hand-Position-Prediction/Data_collection/Data_vrs/Mona_8_20260624_124414.vrs
Frame 1/1571
Frame 501/1571
Frame 1001/1571
Frame 1501/1571
Frame 1571/1571

Extraction summary
  sequence: Mona_8_20260624_124414
  frames: 1571/1571
  timestamp range ns: 1736328405092 .. 1788648772687
  accepted marker poses: 10855
  rejected IDs: 6
  failed pose estimates: 0
    apriltag_36h11:0 -> 927
    apriltag_36h11:1 -> 401
    apriltag_36h11:2 -> 576
    apriltag_36h11:3 -> 108
    apriltag_36h11:4 -> 446
    aruco_4x4_50:6 -> 984
    aruco_4x4_50:7 -> 1422
    aruco_4x4_50:8 -> 497
    aruco_4x4_50:9 -> 1237
    aruco_4x4_50:10 -> 1136
    aruco_4x4_50:11 -> 6
    aruco_4x4_50:12 -> 1288
    aruco_4x4_50:13 -> 866
    aruco_4x4_50:14 -> 961
  rejected ID details:
    aruco_4x4_50:17 -> 4
    aruco_4x4_50:37 -> 2
  CSV: /home/eker/Master-Thesis---Multi-modal-User-Intention-Estimation-and-Hand-Position-Prediction/Data_collection/Aruco_CSV/aruco_poses_Mona_8_20260624_124414.csv
Finished: Mona_8_20260624_124414

------------------------------------------------------------
[103] Sequence: Suthan_1_20260604_164834
VRS:        /home/eker/Master-Thesis---Multi-modal-User-Intention-Estimation-and-Hand-Position-Prediction/Data_collection/Data_vrs/Suthan_1_20260604_164834.vrs
Output CSV: /home/eker/Master-Thesis---Multi-modal-User-Intention-Estimation-and-Hand-Position-Prediction/Data_collection/Aruco_CSV/aruco_poses_Suthan_1_20260604_164834.csv
QA symlink: /home/eker/Master-Thesis---Multi-modal-User-Intention-Estimation-and-Hand-Position-Prediction/Data_collection/aruco_poses_Suthan_1_20260604_164834.csv
Opening: /home/eker/Master-Thesis---Multi-modal-User-Intention-Estimation-and-Hand-Position-Prediction/Data_collection/Data_vrs/Suthan_1_20260604_164834.vrs
Frame 1/1226
Frame 501/1226
Frame 1001/1226
Frame 1226/1226

Extraction summary
  sequence: Suthan_1_20260604_164834
  frames: 1226/1226
  timestamp range ns: 6574006340620 .. 6614827979577
  accepted marker poses: 6348
  rejected IDs: 22
  failed pose estimates: 0
    apriltag_36h11:0 -> 923
    apriltag_36h11:2 -> 152
    apriltag_36h11:3 -> 31
    apriltag_36h11:4 -> 7
    aruco_4x4_50:7 -> 530
    aruco_4x4_50:8 -> 364
    aruco_4x4_50:9 -> 470
    aruco_4x4_50:10 -> 1184
    aruco_4x4_50:11 -> 109
    aruco_4x4_50:12 -> 1197
    aruco_4x4_50:13 -> 1002
    aruco_4x4_50:14 -> 379
  rejected ID details:
    aruco_4x4_50:17 -> 6
    aruco_4x4_50:37 -> 16
  CSV: /home/eker/Master-Thesis---Multi-modal-User-Intention-Estimation-and-Hand-Position-Prediction/Data_collection/Aruco_CSV/aruco_poses_Suthan_1_20260604_164834.csv
Finished: Suthan_1_20260604_164834

------------------------------------------------------------
[104] Sequence: Suthan_2_20260604_165031
VRS:        /home/eker/Master-Thesis---Multi-modal-User-Intention-Estimation-and-Hand-Position-Prediction/Data_collection/Data_vrs/Suthan_2_20260604_165031.vrs
Output CSV: /home/eker/Master-Thesis---Multi-modal-User-Intention-Estimation-and-Hand-Position-Prediction/Data_collection/Aruco_CSV/aruco_poses_Suthan_2_20260604_165031.csv
QA symlink: /home/eker/Master-Thesis---Multi-modal-User-Intention-Estimation-and-Hand-Position-Prediction/Data_collection/aruco_poses_Suthan_2_20260604_165031.csv
Opening: /home/eker/Master-Thesis---Multi-modal-User-Intention-Estimation-and-Hand-Position-Prediction/Data_collection/Data_vrs/Suthan_2_20260604_165031.vrs
Frame 1/1040
Frame 501/1040
Frame 1001/1040
Frame 1040/1040

Extraction summary
  sequence: Suthan_2_20260604_165031
  frames: 1040/1040
  timestamp range ns: 6690603790775 .. 6725227602390
  accepted marker poses: 6989
  rejected IDs: 15
  failed pose estimates: 0
    apriltag_36h11:0 -> 699
    apriltag_36h11:2 -> 141
    apriltag_36h11:3 -> 55
    apriltag_36h11:4 -> 22
    aruco_4x4_50:6 -> 795
    aruco_4x4_50:7 -> 38
    aruco_4x4_50:8 -> 440
    aruco_4x4_50:9 -> 1013
    aruco_4x4_50:10 -> 866
    aruco_4x4_50:11 -> 534
    aruco_4x4_50:12 -> 892
    aruco_4x4_50:13 -> 834
    aruco_4x4_50:14 -> 660
  rejected ID details:
    aruco_4x4_50:17 -> 7
    aruco_4x4_50:37 -> 8
  CSV: /home/eker/Master-Thesis---Multi-modal-User-Intention-Estimation-and-Hand-Position-Prediction/Data_collection/Aruco_CSV/aruco_poses_Suthan_2_20260604_165031.csv
Finished: Suthan_2_20260604_165031

------------------------------------------------------------
[105] Sequence: Suthan_3_20260604_165324
VRS:        /home/eker/Master-Thesis---Multi-modal-User-Intention-Estimation-and-Hand-Position-Prediction/Data_collection/Data_vrs/Suthan_3_20260604_165324.vrs
Output CSV: /home/eker/Master-Thesis---Multi-modal-User-Intention-Estimation-and-Hand-Position-Prediction/Data_collection/Aruco_CSV/aruco_poses_Suthan_3_20260604_165324.csv
QA symlink: /home/eker/Master-Thesis---Multi-modal-User-Intention-Estimation-and-Hand-Position-Prediction/Data_collection/aruco_poses_Suthan_3_20260604_165324.csv
Opening: /home/eker/Master-Thesis---Multi-modal-User-Intention-Estimation-and-Hand-Position-Prediction/Data_collection/Data_vrs/Suthan_3_20260604_165324.vrs
Frame 1/1062
Frame 501/1062
Frame 1001/1062
Frame 1062/1062

Extraction summary
  sequence: Suthan_3_20260604_165324
  frames: 1062/1062
  timestamp range ns: 6863707842702 .. 6899064773848
  accepted marker poses: 5779
  rejected IDs: 4
  failed pose estimates: 0
    apriltag_36h11:0 -> 782
    apriltag_36h11:2 -> 249
    apriltag_36h11:3 -> 27
    apriltag_36h11:4 -> 50
    aruco_4x4_50:6 -> 137
    aruco_4x4_50:7 -> 429
    aruco_4x4_50:8 -> 99
    aruco_4x4_50:9 -> 980
    aruco_4x4_50:10 -> 1059
    aruco_4x4_50:11 -> 681
    aruco_4x4_50:12 -> 894
    aruco_4x4_50:13 -> 392
  rejected ID details:
    aruco_4x4_50:37 -> 4
  CSV: /home/eker/Master-Thesis---Multi-modal-User-Intention-Estimation-and-Hand-Position-Prediction/Data_collection/Aruco_CSV/aruco_poses_Suthan_3_20260604_165324.csv
Finished: Suthan_3_20260604_165324

------------------------------------------------------------
[106] Sequence: Suthan_4_20260604_165434
VRS:        /home/eker/Master-Thesis---Multi-modal-User-Intention-Estimation-and-Hand-Position-Prediction/Data_collection/Data_vrs/Suthan_4_20260604_165434.vrs
Output CSV: /home/eker/Master-Thesis---Multi-modal-User-Intention-Estimation-and-Hand-Position-Prediction/Data_collection/Aruco_CSV/aruco_poses_Suthan_4_20260604_165434.csv
QA symlink: /home/eker/Master-Thesis---Multi-modal-User-Intention-Estimation-and-Hand-Position-Prediction/Data_collection/aruco_poses_Suthan_4_20260604_165434.csv
Opening: /home/eker/Master-Thesis---Multi-modal-User-Intention-Estimation-and-Hand-Position-Prediction/Data_collection/Data_vrs/Suthan_4_20260604_165434.vrs
Frame 1/1037
Frame 501/1037
Frame 1001/1037
Frame 1037/1037

Extraction summary
  sequence: Suthan_4_20260604_165434
  frames: 1037/1037
  timestamp range ns: 6933623820567 .. 6968147643067
  accepted marker poses: 6697
  rejected IDs: 5
  failed pose estimates: 0
    apriltag_36h11:0 -> 715
    apriltag_36h11:1 -> 21
    apriltag_36h11:2 -> 213
    apriltag_36h11:3 -> 35
    apriltag_36h11:4 -> 36
    aruco_4x4_50:6 -> 494
    aruco_4x4_50:7 -> 6
    aruco_4x4_50:8 -> 894
    aruco_4x4_50:9 -> 973
    aruco_4x4_50:10 -> 757
    aruco_4x4_50:11 -> 818
    aruco_4x4_50:12 -> 813
    aruco_4x4_50:13 -> 922
  rejected ID details:
    aruco_4x4_50:17 -> 1
    aruco_4x4_50:24 -> 1
    aruco_4x4_50:37 -> 3
  CSV: /home/eker/Master-Thesis---Multi-modal-User-Intention-Estimation-and-Hand-Position-Prediction/Data_collection/Aruco_CSV/aruco_poses_Suthan_4_20260604_165434.csv
Finished: Suthan_4_20260604_165434

------------------------------------------------------------
[107] Sequence: Test_1_20260624_122109
VRS:        /home/eker/Master-Thesis---Multi-modal-User-Intention-Estimation-and-Hand-Position-Prediction/Data_collection/Data_vrs/Test_1_20260624_122109.vrs
Output CSV: /home/eker/Master-Thesis---Multi-modal-User-Intention-Estimation-and-Hand-Position-Prediction/Data_collection/Aruco_CSV/aruco_poses_Test_1_20260624_122109.csv
QA symlink: /home/eker/Master-Thesis---Multi-modal-User-Intention-Estimation-and-Hand-Position-Prediction/Data_collection/aruco_poses_Test_1_20260624_122109.csv
Opening: /home/eker/Master-Thesis---Multi-modal-User-Intention-Estimation-and-Hand-Position-Prediction/Data_collection/Data_vrs/Test_1_20260624_122109.vrs
Frame 1/818
Frame 501/818
Frame 818/818

Extraction summary
  sequence: Test_1_20260624_122109
  frames: 818/818
  timestamp range ns: 351327070562 .. 378552042916
  accepted marker poses: 5175
  rejected IDs: 10
  failed pose estimates: 0
    apriltag_36h11:0 -> 208
    apriltag_36h11:1 -> 160
    apriltag_36h11:2 -> 277
    apriltag_36h11:4 -> 138
    aruco_4x4_50:6 -> 708
    aruco_4x4_50:7 -> 456
    aruco_4x4_50:8 -> 742
    aruco_4x4_50:9 -> 293
    aruco_4x4_50:10 -> 303
    aruco_4x4_50:11 -> 161
    aruco_4x4_50:12 -> 606
    aruco_4x4_50:13 -> 726
    aruco_4x4_50:14 -> 397
  rejected ID details:
    aruco_4x4_50:17 -> 1
    aruco_4x4_50:37 -> 9
  CSV: /home/eker/Master-Thesis---Multi-modal-User-Intention-Estimation-and-Hand-Position-Prediction/Data_collection/Aruco_CSV/aruco_poses_Test_1_20260624_122109.csv
Finished: Test_1_20260624_122109

------------------------------------------------------------
[108] Sequence: Test_2_20260624_122206
VRS:        /home/eker/Master-Thesis---Multi-modal-User-Intention-Estimation-and-Hand-Position-Prediction/Data_collection/Data_vrs/Test_2_20260624_122206.vrs
Output CSV: /home/eker/Master-Thesis---Multi-modal-User-Intention-Estimation-and-Hand-Position-Prediction/Data_collection/Aruco_CSV/aruco_poses_Test_2_20260624_122206.csv
QA symlink: /home/eker/Master-Thesis---Multi-modal-User-Intention-Estimation-and-Hand-Position-Prediction/Data_collection/aruco_poses_Test_2_20260624_122206.csv
Opening: /home/eker/Master-Thesis---Multi-modal-User-Intention-Estimation-and-Hand-Position-Prediction/Data_collection/Data_vrs/Test_2_20260624_122206.vrs
Frame 1/770
Frame 501/770
Frame 770/770

Extraction summary
  sequence: Test_2_20260624_122206
  frames: 770/770
  timestamp range ns: 408261784364 .. 433887685697
  accepted marker poses: 5951
  rejected IDs: 7
  failed pose estimates: 0
    apriltag_36h11:0 -> 506
    apriltag_36h11:1 -> 68
    apriltag_36h11:2 -> 270
    apriltag_36h11:4 -> 51
    aruco_4x4_50:6 -> 701
    aruco_4x4_50:7 -> 447
    aruco_4x4_50:8 -> 750
    aruco_4x4_50:9 -> 484
    aruco_4x4_50:10 -> 706
    aruco_4x4_50:11 -> 173
    aruco_4x4_50:12 -> 584
    aruco_4x4_50:13 -> 636
    aruco_4x4_50:14 -> 575
  rejected ID details:
    aruco_4x4_50:37 -> 7
  CSV: /home/eker/Master-Thesis---Multi-modal-User-Intention-Estimation-and-Hand-Position-Prediction/Data_collection/Aruco_CSV/aruco_poses_Test_2_20260624_122206.csv
Finished: Test_2_20260624_122206

------------------------------------------------------------
[109] Sequence: Test_3_20260522_160036
VRS:        /home/eker/Master-Thesis---Multi-modal-User-Intention-Estimation-and-Hand-Position-Prediction/Data_collection/Data_vrs/Test_3_20260522_160036.vrs
Output CSV: /home/eker/Master-Thesis---Multi-modal-User-Intention-Estimation-and-Hand-Position-Prediction/Data_collection/Aruco_CSV/aruco_poses_Test_3_20260522_160036.csv
QA symlink: /home/eker/Master-Thesis---Multi-modal-User-Intention-Estimation-and-Hand-Position-Prediction/Data_collection/aruco_poses_Test_3_20260522_160036.csv
Opening: /home/eker/Master-Thesis---Multi-modal-User-Intention-Estimation-and-Hand-Position-Prediction/Data_collection/Data_vrs/Test_3_20260522_160036.vrs
Frame 1/757
Frame 501/757
Frame 757/757

Extraction summary
  sequence: Test_3_20260522_160036
  frames: 757/757
  timestamp range ns: 260466011451 .. 336059972680
  accepted marker poses: 0
  rejected IDs: 46
  failed pose estimates: 0
  rejected ID details:
    aruco_4x4_50:3 -> 1
    aruco_4x4_50:17 -> 43
    aruco_4x4_50:37 -> 2
  CSV: /home/eker/Master-Thesis---Multi-modal-User-Intention-Estimation-and-Hand-Position-Prediction/Data_collection/Aruco_CSV/aruco_poses_Test_3_20260522_160036.csv
Finished: Test_3_20260522_160036

------------------------------------------------------------
[110] Sequence: Test_3_20260624_122314
VRS:        /home/eker/Master-Thesis---Multi-modal-User-Intention-Estimation-and-Hand-Position-Prediction/Data_collection/Data_vrs/Test_3_20260624_122314.vrs
Output CSV: /home/eker/Master-Thesis---Multi-modal-User-Intention-Estimation-and-Hand-Position-Prediction/Data_collection/Aruco_CSV/aruco_poses_Test_3_20260624_122314.csv
QA symlink: /home/eker/Master-Thesis---Multi-modal-User-Intention-Estimation-and-Hand-Position-Prediction/Data_collection/aruco_poses_Test_3_20260624_122314.csv
Opening: /home/eker/Master-Thesis---Multi-modal-User-Intention-Estimation-and-Hand-Position-Prediction/Data_collection/Data_vrs/Test_3_20260624_122314.vrs
Frame 1/742
Frame 501/742
Frame 742/742

Extraction summary
  sequence: Test_3_20260624_122314
  frames: 742/742
  timestamp range ns: 476172945978 .. 500865277915
  accepted marker poses: 4276
  rejected IDs: 21
  failed pose estimates: 0
    apriltag_36h11:0 -> 211
    apriltag_36h11:1 -> 26
    apriltag_36h11:2 -> 337
    apriltag_36h11:4 -> 199
    aruco_4x4_50:6 -> 290
    aruco_4x4_50:7 -> 368
    aruco_4x4_50:8 -> 514
    aruco_4x4_50:9 -> 287
    aruco_4x4_50:10 -> 514
    aruco_4x4_50:11 -> 298
    aruco_4x4_50:12 -> 350
    aruco_4x4_50:13 -> 398
    aruco_4x4_50:14 -> 484
  rejected ID details:
    aruco_4x4_50:17 -> 3
    aruco_4x4_50:37 -> 18
  CSV: /home/eker/Master-Thesis---Multi-modal-User-Intention-Estimation-and-Hand-Position-Prediction/Data_collection/Aruco_CSV/aruco_poses_Test_3_20260624_122314.csv
Finished: Test_3_20260624_122314

------------------------------------------------------------
[111] Sequence: Test_4_20260527_161832
VRS:        /home/eker/Master-Thesis---Multi-modal-User-Intention-Estimation-and-Hand-Position-Prediction/Data_collection/Data_vrs/Test_4_20260527_161832.vrs
Output CSV: /home/eker/Master-Thesis---Multi-modal-User-Intention-Estimation-and-Hand-Position-Prediction/Data_collection/Aruco_CSV/aruco_poses_Test_4_20260527_161832.csv
QA symlink: /home/eker/Master-Thesis---Multi-modal-User-Intention-Estimation-and-Hand-Position-Prediction/Data_collection/aruco_poses_Test_4_20260527_161832.csv
Opening: /home/eker/Master-Thesis---Multi-modal-User-Intention-Estimation-and-Hand-Position-Prediction/Data_collection/Data_vrs/Test_4_20260527_161832.vrs
Frame 1/248
Frame 248/248

Extraction summary
  sequence: Test_4_20260527_161832
  frames: 248/248
  timestamp range ns: 233504192210 .. 258202344127
  accepted marker poses: 0
  rejected IDs: 3
  failed pose estimates: 0
  rejected ID details:
    aruco_4x4_50:17 -> 2
    aruco_4x4_50:37 -> 1
  CSV: /home/eker/Master-Thesis---Multi-modal-User-Intention-Estimation-and-Hand-Position-Prediction/Data_collection/Aruco_CSV/aruco_poses_Test_4_20260527_161832.csv
Finished: Test_4_20260527_161832

------------------------------------------------------------
[112] Sequence: Test_4_20260624_122416
VRS:        /home/eker/Master-Thesis---Multi-modal-User-Intention-Estimation-and-Hand-Position-Prediction/Data_collection/Data_vrs/Test_4_20260624_122416.vrs
Output CSV: /home/eker/Master-Thesis---Multi-modal-User-Intention-Estimation-and-Hand-Position-Prediction/Data_collection/Aruco_CSV/aruco_poses_Test_4_20260624_122416.csv
QA symlink: /home/eker/Master-Thesis---Multi-modal-User-Intention-Estimation-and-Hand-Position-Prediction/Data_collection/aruco_poses_Test_4_20260624_122416.csv
Opening: /home/eker/Master-Thesis---Multi-modal-User-Intention-Estimation-and-Hand-Position-Prediction/Data_collection/Data_vrs/Test_4_20260624_122416.vrs
Frame 1/839
Frame 501/839
Frame 839/839

Extraction summary
  sequence: Test_4_20260624_122416
  frames: 839/839
  timestamp range ns: 538075437696 .. 566001243529
  accepted marker poses: 4276
  rejected IDs: 1
  failed pose estimates: 0
    apriltag_36h11:0 -> 374
    apriltag_36h11:1 -> 71
    apriltag_36h11:2 -> 313
    apriltag_36h11:4 -> 266
    aruco_4x4_50:6 -> 430
    aruco_4x4_50:7 -> 338
    aruco_4x4_50:8 -> 398
    aruco_4x4_50:9 -> 694
    aruco_4x4_50:10 -> 122
    aruco_4x4_50:12 -> 470
    aruco_4x4_50:13 -> 289
    aruco_4x4_50:14 -> 511
  rejected ID details:
    aruco_4x4_50:17 -> 1
  CSV: /home/eker/Master-Thesis---Multi-modal-User-Intention-Estimation-and-Hand-Position-Prediction/Data_collection/Aruco_CSV/aruco_poses_Test_4_20260624_122416.csv
Finished: Test_4_20260624_122416

------------------------------------------------------------
[113] Sequence: Test_5_20260624_122509
VRS:        /home/eker/Master-Thesis---Multi-modal-User-Intention-Estimation-and-Hand-Position-Prediction/Data_collection/Data_vrs/Test_5_20260624_122509.vrs
Output CSV: /home/eker/Master-Thesis---Multi-modal-User-Intention-Estimation-and-Hand-Position-Prediction/Data_collection/Aruco_CSV/aruco_poses_Test_5_20260624_122509.csv
QA symlink: /home/eker/Master-Thesis---Multi-modal-User-Intention-Estimation-and-Hand-Position-Prediction/Data_collection/aruco_poses_Test_5_20260624_122509.csv
Opening: /home/eker/Master-Thesis---Multi-modal-User-Intention-Estimation-and-Hand-Position-Prediction/Data_collection/Data_vrs/Test_5_20260624_122509.vrs
Frame 1/702
Frame 501/702
Frame 702/702

Extraction summary
  sequence: Test_5_20260624_122509
  frames: 702/702
  timestamp range ns: 591707791081 .. 615068608708
  accepted marker poses: 3482
  rejected IDs: 5
  failed pose estimates: 0
    apriltag_36h11:0 -> 230
    apriltag_36h11:1 -> 48
    apriltag_36h11:2 -> 299
    apriltag_36h11:4 -> 240
    aruco_4x4_50:6 -> 502
    aruco_4x4_50:7 -> 496
    aruco_4x4_50:8 -> 329
    aruco_4x4_50:9 -> 656
    aruco_4x4_50:10 -> 43
    aruco_4x4_50:12 -> 95
    aruco_4x4_50:13 -> 328
    aruco_4x4_50:14 -> 216
  rejected ID details:
    aruco_4x4_50:17 -> 3
    aruco_4x4_50:37 -> 2
  CSV: /home/eker/Master-Thesis---Multi-modal-User-Intention-Estimation-and-Hand-Position-Prediction/Data_collection/Aruco_CSV/aruco_poses_Test_5_20260624_122509.csv
Finished: Test_5_20260624_122509

------------------------------------------------------------
[114] Sequence: Test_6_20260624_122607
VRS:        /home/eker/Master-Thesis---Multi-modal-User-Intention-Estimation-and-Hand-Position-Prediction/Data_collection/Data_vrs/Test_6_20260624_122607.vrs
Output CSV: /home/eker/Master-Thesis---Multi-modal-User-Intention-Estimation-and-Hand-Position-Prediction/Data_collection/Aruco_CSV/aruco_poses_Test_6_20260624_122607.csv
QA symlink: /home/eker/Master-Thesis---Multi-modal-User-Intention-Estimation-and-Hand-Position-Prediction/Data_collection/aruco_poses_Test_6_20260624_122607.csv
Opening: /home/eker/Master-Thesis---Multi-modal-User-Intention-Estimation-and-Hand-Position-Prediction/Data_collection/Data_vrs/Test_6_20260624_122607.vrs
Frame 1/789
Frame 501/789
Frame 789/789

Extraction summary
  sequence: Test_6_20260624_122607
  frames: 789/789
  timestamp range ns: 649270169780 .. 675529859998
  accepted marker poses: 4510
  rejected IDs: 4
  failed pose estimates: 0
    apriltag_36h11:0 -> 284
    apriltag_36h11:1 -> 51
    apriltag_36h11:2 -> 382
    apriltag_36h11:4 -> 290
    aruco_4x4_50:6 -> 143
    aruco_4x4_50:7 -> 118
    aruco_4x4_50:8 -> 572
    aruco_4x4_50:9 -> 640
    aruco_4x4_50:10 -> 646
    aruco_4x4_50:12 -> 328
    aruco_4x4_50:13 -> 479
    aruco_4x4_50:14 -> 577
  rejected ID details:
    aruco_4x4_50:17 -> 3
    aruco_4x4_50:37 -> 1
  CSV: /home/eker/Master-Thesis---Multi-modal-User-Intention-Estimation-and-Hand-Position-Prediction/Data_collection/Aruco_CSV/aruco_poses_Test_6_20260624_122607.csv
Finished: Test_6_20260624_122607

------------------------------------------------------------
[115] Sequence: Test_7_20260601_165002
VRS:        /home/eker/Master-Thesis---Multi-modal-User-Intention-Estimation-and-Hand-Position-Prediction/Data_collection/Data_vrs/Test_7_20260601_165002.vrs
Output CSV: /home/eker/Master-Thesis---Multi-modal-User-Intention-Estimation-and-Hand-Position-Prediction/Data_collection/Aruco_CSV/aruco_poses_Test_7_20260601_165002.csv
QA symlink: /home/eker/Master-Thesis---Multi-modal-User-Intention-Estimation-and-Hand-Position-Prediction/Data_collection/aruco_poses_Test_7_20260601_165002.csv
Opening: /home/eker/Master-Thesis---Multi-modal-User-Intention-Estimation-and-Hand-Position-Prediction/Data_collection/Data_vrs/Test_7_20260601_165002.vrs
Frame 1/356
Frame 356/356

Extraction summary
  sequence: Test_7_20260601_165002
  frames: 356/356
  timestamp range ns: 681809593211 .. 717306614713
  accepted marker poses: 1196
  rejected IDs: 0
  failed pose estimates: 0
    apriltag_36h11:0 -> 268
    apriltag_36h11:1 -> 300
    apriltag_36h11:2 -> 142
    apriltag_36h11:3 -> 194
    apriltag_36h11:4 -> 292
  CSV: /home/eker/Master-Thesis---Multi-modal-User-Intention-Estimation-and-Hand-Position-Prediction/Data_collection/Aruco_CSV/aruco_poses_Test_7_20260601_165002.csv
Finished: Test_7_20260601_165002

------------------------------------------------------------
[116] Sequence: Test_7_20260624_122709
VRS:        /home/eker/Master-Thesis---Multi-modal-User-Intention-Estimation-and-Hand-Position-Prediction/Data_collection/Data_vrs/Test_7_20260624_122709.vrs
Output CSV: /home/eker/Master-Thesis---Multi-modal-User-Intention-Estimation-and-Hand-Position-Prediction/Data_collection/Aruco_CSV/aruco_poses_Test_7_20260624_122709.csv
QA symlink: /home/eker/Master-Thesis---Multi-modal-User-Intention-Estimation-and-Hand-Position-Prediction/Data_collection/aruco_poses_Test_7_20260624_122709.csv
Opening: /home/eker/Master-Thesis---Multi-modal-User-Intention-Estimation-and-Hand-Position-Prediction/Data_collection/Data_vrs/Test_7_20260624_122709.vrs
Frame 1/733
Frame 501/733
Frame 733/733

Extraction summary
  sequence: Test_7_20260624_122709
  frames: 733/733
  timestamp range ns: 710735899780 .. 735130183904
  accepted marker poses: 4283
  rejected IDs: 1
  failed pose estimates: 0
    apriltag_36h11:0 -> 277
    apriltag_36h11:1 -> 37
    apriltag_36h11:2 -> 270
    apriltag_36h11:4 -> 196
    aruco_4x4_50:6 -> 411
    aruco_4x4_50:7 -> 354
    aruco_4x4_50:8 -> 596
    aruco_4x4_50:9 -> 489
    aruco_4x4_50:10 -> 37
    aruco_4x4_50:12 -> 634
    aruco_4x4_50:13 -> 493
    aruco_4x4_50:14 -> 489
  rejected ID details:
    aruco_4x4_50:37 -> 1
  CSV: /home/eker/Master-Thesis---Multi-modal-User-Intention-Estimation-and-Hand-Position-Prediction/Data_collection/Aruco_CSV/aruco_poses_Test_7_20260624_122709.csv
Finished: Test_7_20260624_122709

------------------------------------------------------------
[117] Sequence: unknown_20260604_150319
VRS:        /home/eker/Master-Thesis---Multi-modal-User-Intention-Estimation-and-Hand-Position-Prediction/Data_collection/Data_vrs/unknown_20260604_150319.vrs
Output CSV: /home/eker/Master-Thesis---Multi-modal-User-Intention-Estimation-and-Hand-Position-Prediction/Data_collection/Aruco_CSV/aruco_poses_unknown_20260604_150319.csv
QA symlink: /home/eker/Master-Thesis---Multi-modal-User-Intention-Estimation-and-Hand-Position-Prediction/Data_collection/aruco_poses_unknown_20260604_150319.csv
Opening: /home/eker/Master-Thesis---Multi-modal-User-Intention-Estimation-and-Hand-Position-Prediction/Data_collection/Data_vrs/unknown_20260604_150319.vrs
Frame 1/83
Frame 83/83

Extraction summary
  sequence: unknown_20260604_150319
  frames: 83/83
  timestamp range ns: 258861333954 .. 267060436079
  accepted marker poses: 209
  rejected IDs: 12
  failed pose estimates: 0
    apriltag_36h11:0 -> 10
    apriltag_36h11:2 -> 58
    apriltag_36h11:4 -> 31
    aruco_4x4_50:6 -> 49
    aruco_4x4_50:10 -> 5
    aruco_4x4_50:14 -> 56
  rejected ID details:
    aruco_4x4_50:17 -> 12
  CSV: /home/eker/Master-Thesis---Multi-modal-User-Intention-Estimation-and-Hand-Position-Prediction/Data_collection/Aruco_CSV/aruco_poses_unknown_20260604_150319.csv
Finished: unknown_20260604_150319

------------------------------------------------------------
[118] Sequence: Unknown_2_20260616_141751
VRS:        /home/eker/Master-Thesis---Multi-modal-User-Intention-Estimation-and-Hand-Position-Prediction/Data_collection/Data_vrs/Unknown_2_20260616_141751.vrs
Output CSV: /home/eker/Master-Thesis---Multi-modal-User-Intention-Estimation-and-Hand-Position-Prediction/Data_collection/Aruco_CSV/aruco_poses_Unknown_2_20260616_141751.csv
QA symlink: /home/eker/Master-Thesis---Multi-modal-User-Intention-Estimation-and-Hand-Position-Prediction/Data_collection/aruco_poses_Unknown_2_20260616_141751.csv
Opening: /home/eker/Master-Thesis---Multi-modal-User-Intention-Estimation-and-Hand-Position-Prediction/Data_collection/Data_vrs/Unknown_2_20260616_141751.vrs
Frame 1/207
Frame 207/207

Extraction summary
  sequence: Unknown_2_20260616_141751
  frames: 207/207
  timestamp range ns: 321772268954 .. 328637047704
  accepted marker poses: 1923
  rejected IDs: 1
  failed pose estimates: 0
    apriltag_36h11:0 -> 143
    apriltag_36h11:1 -> 207
    apriltag_36h11:2 -> 76
    apriltag_36h11:4 -> 22
    aruco_4x4_50:6 -> 207
    aruco_4x4_50:7 -> 192
    aruco_4x4_50:8 -> 197
    aruco_4x4_50:9 -> 183
    aruco_4x4_50:10 -> 203
    aruco_4x4_50:11 -> 124
    aruco_4x4_50:12 -> 4
    aruco_4x4_50:13 -> 182
    aruco_4x4_50:14 -> 183
  rejected ID details:
    aruco_4x4_50:17 -> 1
  CSV: /home/eker/Master-Thesis---Multi-modal-User-Intention-Estimation-and-Hand-Position-Prediction/Data_collection/Aruco_CSV/aruco_poses_Unknown_2_20260616_141751.csv
Finished: Unknown_2_20260616_141751

------------------------------------------------------------
[119] Sequence: Urim_10_20260616_145015
VRS:        /home/eker/Master-Thesis---Multi-modal-User-Intention-Estimation-and-Hand-Position-Prediction/Data_collection/Data_vrs/Urim_10_20260616_145015.vrs
Output CSV: /home/eker/Master-Thesis---Multi-modal-User-Intention-Estimation-and-Hand-Position-Prediction/Data_collection/Aruco_CSV/aruco_poses_Urim_10_20260616_145015.csv
QA symlink: /home/eker/Master-Thesis---Multi-modal-User-Intention-Estimation-and-Hand-Position-Prediction/Data_collection/aruco_poses_Urim_10_20260616_145015.csv
Opening: /home/eker/Master-Thesis---Multi-modal-User-Intention-Estimation-and-Hand-Position-Prediction/Data_collection/Data_vrs/Urim_10_20260616_145015.vrs
Frame 1/1198
Frame 501/1198
Frame 1001/1198
Frame 1198/1198

Extraction summary
  sequence: Urim_10_20260616_145015
  frames: 1198/1198
  timestamp range ns: 2266767432235 .. 2306655549702
  accepted marker poses: 11741
  rejected IDs: 0
  failed pose estimates: 0
    apriltag_36h11:0 -> 477
    apriltag_36h11:1 -> 163
    apriltag_36h11:2 -> 952
    apriltag_36h11:3 -> 177
    apriltag_36h11:4 -> 250
    aruco_4x4_50:6 -> 827
    aruco_4x4_50:7 -> 1075
    aruco_4x4_50:8 -> 1198
    aruco_4x4_50:9 -> 994
    aruco_4x4_50:10 -> 1085
    aruco_4x4_50:11 -> 1194
    aruco_4x4_50:12 -> 1187
    aruco_4x4_50:13 -> 1067
    aruco_4x4_50:14 -> 1095
  CSV: /home/eker/Master-Thesis---Multi-modal-User-Intention-Estimation-and-Hand-Position-Prediction/Data_collection/Aruco_CSV/aruco_poses_Urim_10_20260616_145015.csv
Finished: Urim_10_20260616_145015

------------------------------------------------------------
[120] Sequence: Urim_1_20260604_160102
VRS:        /home/eker/Master-Thesis---Multi-modal-User-Intention-Estimation-and-Hand-Position-Prediction/Data_collection/Data_vrs/Urim_1_20260604_160102.vrs
Output CSV: /home/eker/Master-Thesis---Multi-modal-User-Intention-Estimation-and-Hand-Position-Prediction/Data_collection/Aruco_CSV/aruco_poses_Urim_1_20260604_160102.csv
QA symlink: /home/eker/Master-Thesis---Multi-modal-User-Intention-Estimation-and-Hand-Position-Prediction/Data_collection/aruco_poses_Urim_1_20260604_160102.csv
Opening: /home/eker/Master-Thesis---Multi-modal-User-Intention-Estimation-and-Hand-Position-Prediction/Data_collection/Data_vrs/Urim_1_20260604_160102.vrs
Frame 1/1234
Frame 501/1234
Frame 1001/1234
Frame 1234/1234

Extraction summary
  sequence: Urim_1_20260604_160102
  frames: 1234/1234
  timestamp range ns: 3721210810655 .. 3762299501175
  accepted marker poses: 8044
  rejected IDs: 4
  failed pose estimates: 0
    apriltag_36h11:0 -> 891
    apriltag_36h11:1 -> 162
    apriltag_36h11:2 -> 509
    apriltag_36h11:4 -> 119
    aruco_4x4_50:7 -> 1159
    aruco_4x4_50:8 -> 447
    aruco_4x4_50:9 -> 630
    aruco_4x4_50:10 -> 890
    aruco_4x4_50:11 -> 606
    aruco_4x4_50:12 -> 1184
    aruco_4x4_50:13 -> 1072
    aruco_4x4_50:14 -> 375
  rejected ID details:
    aruco_4x4_50:37 -> 4
  CSV: /home/eker/Master-Thesis---Multi-modal-User-Intention-Estimation-and-Hand-Position-Prediction/Data_collection/Aruco_CSV/aruco_poses_Urim_1_20260604_160102.csv
Finished: Urim_1_20260604_160102

------------------------------------------------------------
[121] Sequence: Urim_2_20260604_160234
VRS:        /home/eker/Master-Thesis---Multi-modal-User-Intention-Estimation-and-Hand-Position-Prediction/Data_collection/Data_vrs/Urim_2_20260604_160234.vrs
Output CSV: /home/eker/Master-Thesis---Multi-modal-User-Intention-Estimation-and-Hand-Position-Prediction/Data_collection/Aruco_CSV/aruco_poses_Urim_2_20260604_160234.csv
QA symlink: /home/eker/Master-Thesis---Multi-modal-User-Intention-Estimation-and-Hand-Position-Prediction/Data_collection/aruco_poses_Urim_2_20260604_160234.csv
Opening: /home/eker/Master-Thesis---Multi-modal-User-Intention-Estimation-and-Hand-Position-Prediction/Data_collection/Data_vrs/Urim_2_20260604_160234.vrs
Frame 1/760
Frame 501/760
Frame 760/760

Extraction summary
  sequence: Urim_2_20260604_160234
  frames: 760/760
  timestamp range ns: 3813534787581 .. 3838827824143
  accepted marker poses: 6122
  rejected IDs: 3
  failed pose estimates: 0
    apriltag_36h11:0 -> 668
    apriltag_36h11:1 -> 282
    apriltag_36h11:2 -> 177
    apriltag_36h11:3 -> 84
    apriltag_36h11:4 -> 47
    aruco_4x4_50:7 -> 708
    aruco_4x4_50:8 -> 753
    aruco_4x4_50:9 -> 748
    aruco_4x4_50:10 -> 757
    aruco_4x4_50:11 -> 549
    aruco_4x4_50:12 -> 753
    aruco_4x4_50:13 -> 502
    aruco_4x4_50:14 -> 94
  rejected ID details:
    aruco_4x4_50:17 -> 2
    aruco_4x4_50:37 -> 1
  CSV: /home/eker/Master-Thesis---Multi-modal-User-Intention-Estimation-and-Hand-Position-Prediction/Data_collection/Aruco_CSV/aruco_poses_Urim_2_20260604_160234.csv
Finished: Urim_2_20260604_160234

------------------------------------------------------------
[122] Sequence: Urim_3_20260604_160345
VRS:        /home/eker/Master-Thesis---Multi-modal-User-Intention-Estimation-and-Hand-Position-Prediction/Data_collection/Data_vrs/Urim_3_20260604_160345.vrs
Output CSV: /home/eker/Master-Thesis---Multi-modal-User-Intention-Estimation-and-Hand-Position-Prediction/Data_collection/Aruco_CSV/aruco_poses_Urim_3_20260604_160345.csv
QA symlink: /home/eker/Master-Thesis---Multi-modal-User-Intention-Estimation-and-Hand-Position-Prediction/Data_collection/aruco_poses_Urim_3_20260604_160345.csv
Opening: /home/eker/Master-Thesis---Multi-modal-User-Intention-Estimation-and-Hand-Position-Prediction/Data_collection/Data_vrs/Urim_3_20260604_160345.vrs
Frame 1/1036
Frame 501/1036
Frame 1001/1036
Frame 1036/1036

Extraction summary
  sequence: Urim_3_20260604_160345
  frames: 1036/1036
  timestamp range ns: 3884680105863 .. 3919170602893
  accepted marker poses: 8081
  rejected IDs: 4
  failed pose estimates: 0
    apriltag_36h11:0 -> 694
    apriltag_36h11:1 -> 151
    apriltag_36h11:2 -> 419
    apriltag_36h11:3 -> 11
    apriltag_36h11:4 -> 134
    aruco_4x4_50:7 -> 1036
    aruco_4x4_50:8 -> 938
    aruco_4x4_50:9 -> 938
    aruco_4x4_50:10 -> 488
    aruco_4x4_50:11 -> 852
    aruco_4x4_50:12 -> 1029
    aruco_4x4_50:13 -> 718
    aruco_4x4_50:14 -> 673
  rejected ID details:
    aruco_4x4_50:17 -> 1
    aruco_4x4_50:37 -> 3
  CSV: /home/eker/Master-Thesis---Multi-modal-User-Intention-Estimation-and-Hand-Position-Prediction/Data_collection/Aruco_CSV/aruco_poses_Urim_3_20260604_160345.csv
Finished: Urim_3_20260604_160345

------------------------------------------------------------
[123] Sequence: Urim_4_20260604_160502
VRS:        /home/eker/Master-Thesis---Multi-modal-User-Intention-Estimation-and-Hand-Position-Prediction/Data_collection/Data_vrs/Urim_4_20260604_160502.vrs
Output CSV: /home/eker/Master-Thesis---Multi-modal-User-Intention-Estimation-and-Hand-Position-Prediction/Data_collection/Aruco_CSV/aruco_poses_Urim_4_20260604_160502.csv
QA symlink: /home/eker/Master-Thesis---Multi-modal-User-Intention-Estimation-and-Hand-Position-Prediction/Data_collection/aruco_poses_Urim_4_20260604_160502.csv
Opening: /home/eker/Master-Thesis---Multi-modal-User-Intention-Estimation-and-Hand-Position-Prediction/Data_collection/Data_vrs/Urim_4_20260604_160502.vrs
Frame 1/1065
Frame 501/1065
Frame 1001/1065
Frame 1065/1065

Extraction summary
  sequence: Urim_4_20260604_160502
  frames: 1065/1065
  timestamp range ns: 3961566241697 .. 3997023133675
  accepted marker poses: 8266
  rejected IDs: 3
  failed pose estimates: 0
    apriltag_36h11:0 -> 676
    apriltag_36h11:1 -> 110
    apriltag_36h11:2 -> 227
    apriltag_36h11:3 -> 170
    apriltag_36h11:4 -> 106
    aruco_4x4_50:7 -> 752
    aruco_4x4_50:8 -> 1055
    aruco_4x4_50:9 -> 971
    aruco_4x4_50:10 -> 986
    aruco_4x4_50:11 -> 1032
    aruco_4x4_50:12 -> 696
    aruco_4x4_50:13 -> 840
    aruco_4x4_50:14 -> 645
  rejected ID details:
    aruco_4x4_50:17 -> 1
    aruco_4x4_50:37 -> 2
  CSV: /home/eker/Master-Thesis---Multi-modal-User-Intention-Estimation-and-Hand-Position-Prediction/Data_collection/Aruco_CSV/aruco_poses_Urim_4_20260604_160502.csv
Finished: Urim_4_20260604_160502

------------------------------------------------------------
[124] Sequence: Urim_5_20260604_160634
VRS:        /home/eker/Master-Thesis---Multi-modal-User-Intention-Estimation-and-Hand-Position-Prediction/Data_collection/Data_vrs/Urim_5_20260604_160634.vrs
Output CSV: /home/eker/Master-Thesis---Multi-modal-User-Intention-Estimation-and-Hand-Position-Prediction/Data_collection/Aruco_CSV/aruco_poses_Urim_5_20260604_160634.csv
QA symlink: /home/eker/Master-Thesis---Multi-modal-User-Intention-Estimation-and-Hand-Position-Prediction/Data_collection/aruco_poses_Urim_5_20260604_160634.csv
Opening: /home/eker/Master-Thesis---Multi-modal-User-Intention-Estimation-and-Hand-Position-Prediction/Data_collection/Data_vrs/Urim_5_20260604_160634.vrs
Frame 1/1138
Frame 501/1138
Frame 1001/1138
Frame 1138/1138

Extraction summary
  sequence: Urim_5_20260604_160634
  frames: 1138/1138
  timestamp range ns: 4053662963832 .. 4091552517583
  accepted marker poses: 8724
  rejected IDs: 3
  failed pose estimates: 0
    apriltag_36h11:0 -> 768
    apriltag_36h11:1 -> 101
    apriltag_36h11:2 -> 271
    apriltag_36h11:3 -> 187
    apriltag_36h11:4 -> 34
    aruco_4x4_50:7 -> 962
    aruco_4x4_50:8 -> 1138
    aruco_4x4_50:9 -> 1119
    aruco_4x4_50:10 -> 1137
    aruco_4x4_50:11 -> 691
    aruco_4x4_50:12 -> 1073
    aruco_4x4_50:13 -> 386
    aruco_4x4_50:14 -> 857
  rejected ID details:
    aruco_4x4_50:37 -> 3
  CSV: /home/eker/Master-Thesis---Multi-modal-User-Intention-Estimation-and-Hand-Position-Prediction/Data_collection/Aruco_CSV/aruco_poses_Urim_5_20260604_160634.csv
Finished: Urim_5_20260604_160634

------------------------------------------------------------
[125] Sequence: Urim_6_20260616_144055
VRS:        /home/eker/Master-Thesis---Multi-modal-User-Intention-Estimation-and-Hand-Position-Prediction/Data_collection/Data_vrs/Urim_6_20260616_144055.vrs
Output CSV: /home/eker/Master-Thesis---Multi-modal-User-Intention-Estimation-and-Hand-Position-Prediction/Data_collection/Aruco_CSV/aruco_poses_Urim_6_20260616_144055.csv
QA symlink: /home/eker/Master-Thesis---Multi-modal-User-Intention-Estimation-and-Hand-Position-Prediction/Data_collection/aruco_poses_Urim_6_20260616_144055.csv
Opening: /home/eker/Master-Thesis---Multi-modal-User-Intention-Estimation-and-Hand-Position-Prediction/Data_collection/Data_vrs/Urim_6_20260616_144055.vrs
Frame 1/1054
Frame 501/1054
