[38;2;000;000;255m[ProgressLogger][INFO]: 2026-07-01 16:09:21: Opening /home/eker/Master-Thesis---Multi-modal-User-Intention-Estimation-and-Hand-Position-Prediction/Data_collection/Data_vrs/Atilla_1_20260616_184923.vrs...[0m
[0m[38;2;000;128;000m[MultiRecordFileReader][DEBUG]: Opened file '/home/eker/Master-Thesis---Multi-modal-User-Intention-Estimation-and-Hand-Position-Prediction/Data_collection/Data_vrs/Atilla_1_20260616_184923.vrs' and assigned to reader #0[0m
[0m[38;2;000;000;255m[VrsDataProvider][INFO]: streamId 211-1/camera-et-left activated[0m
[0m[38;2;000;000;255m[VrsDataProvider][INFO]: streamId 211-2/camera-et-right activated[0m
[0m[38;2;000;000;255m[VrsDataProvider][INFO]: streamId 214-1/camera-rgb activated[0m
[0m[38;2;000;000;255m[VrsDataProvider][INFO]: streamId 231-1/mic activated[0m
[0m[38;2;000;000;255m[VrsDataProvider][INFO]: streamId 246-1/temperature activated[0m
[0m[38;2;000;000;255m[VrsDataProvider][INFO]: streamId 247-1/baro0 activated[0m
[0m[38;2;000;000;255m[VrsDataProvider][INFO]: streamId 248-1/ppg activated[0m
[0m[38;2;000;000;255m[VrsDataProvider][INFO]: streamId 281-1/gps-app activated[0m
[0m[38;2;000;000;255m[VrsDataProvider][INFO]: streamId 282-1/wps activated[0m
[0m[38;2;000;000;255m[VrsDataProvider][INFO]: streamId 283-1/bluetooth activated[0m
[0m[38;2;000;000;255m[VrsDataProvider][INFO]: Utc stream found: 285-1[0m
[0m[38;2;000;000;255m[VrsDataProvider][INFO]: streamId 371-1/handtracking activated[0m
[0m[38;2;000;000;255m[VrsDataProvider][INFO]: streamId 371-2/vio activated[0m
[0m[38;2;000;000;255m[VrsDataProvider][INFO]: streamId 371-3/vio_high_frequency activated[0m
[0m[38;2;000;000;255m[VrsDataProvider][INFO]: streamId 373-1/eyegaze activated[0m
[0m[38;2;000;000;255m[VrsDataProvider][INFO]: streamId 500-1/als activated[0m
[0m[38;2;000;000;255m[VrsDataProvider][INFO]: Fail to activate streamId 502-1[0m
[0m[38;2;000;000;255m[VrsDataProvider][INFO]: streamId 1201-1/slam-front-left activated[0m
[0m[38;2;000;000;255m[VrsDataProvider][INFO]: streamId 1201-2/slam-front-right activated[0m
[0m[38;2;000;000;255m[VrsDataProvider][INFO]: streamId 1201-3/slam-side-left activated[0m
[0m[38;2;000;000;255m[VrsDataProvider][INFO]: streamId 1201-4/slam-side-right activated[0m
[0m[38;2;000;000;255m[VrsDataProvider][INFO]: streamId 1202-1/imu-left activated[0m
[0m[38;2;000;000;255m[VrsDataProvider][INFO]: streamId 1202-2/imu-right activated[0m
[0m[38;2;000;000;255m[VrsDataProvider][INFO]: streamId 1203-1/mag0 activated[0m
[0m[38;2;000;000;255m[XprsDecoder][INFO]: Using H.265 SW decoder named 'hevc' (xprs::gray8 -> vrs::grey8)[0m
[0m[38;2;000;000;255m[TelemetryLogger][INFO]: make_xprs_decoder, video/200x200/pixel=grey8/codec=H.265: H.265/SW/hevc, gray8[0m
[0m[38;2;000;000;255m[XprsDecoder][INFO]: Using H.265 SW decoder named 'hevc' (xprs::gray8 -> vrs::grey8)[0m
[0m[38;2;000;000;255m[TelemetryLogger][INFO]: make_xprs_decoder, video/200x200/pixel=grey8/codec=H.265: H.265/SW/hevc, gray8[0m
[0m[38;2;000;000;255m[XprsDecoder][INFO]: Using H.265 SW decoder named 'hevc' (xprs::yuv420p -> vrs::yuv_i420_split)[0m
[0m[38;2;000;000;255m[TelemetryLogger][INFO]: make_xprs_decoder, video/2016x1512/pixel=yuv_i420_split/codec=H.265: H.265/SW/hevc, yuv420p[0m
[0m[38;2;000;000;255m[XprsDecoder][INFO]: Using H.265 SW decoder named 'hevc' (xprs::gray8 -> vrs::grey8)[0m
[0m[38;2;000;000;255m[TelemetryLogger][INFO]: make_xprs_decoder, video/512x512/pixel=grey8/codec=H.265: H.265/SW/hevc, gray8[0m
[0m[38;2;000;000;255m[XprsDecoder][INFO]: Using H.265 SW decoder named 'hevc' (xprs::gray8 -> vrs::grey8)[0m
[0m[38;2;000;000;255m[TelemetryLogger][INFO]: make_xprs_decoder, video/512x512/pixel=grey8/codec=H.265: H.265/SW/hevc, gray8[0m
[0m[38;2;000;000;255m[XprsDecoder][INFO]: Using H.265 SW decoder named 'hevc' (xprs::gray8 -> vrs::grey8)[0m
[0m[38;2;000;000;255m[TelemetryLogger][INFO]: make_xprs_decoder, video/512x512/pixel=grey8/codec=H.265: H.265/SW/hevc, gray8[0m
[0m[38;2;000;000;255m[XprsDecoder][INFO]: Using H.265 SW decoder named 'hevc' (xprs::gray8 -> vrs::grey8)[0m
[0m[38;2;000;000;255m[TelemetryLogger][INFO]: make_xprs_decoder, video/512x512/pixel=grey8/codec=H.265: H.265/SW/hevc, gray8[0m
[0m[38;2;000;000;255m[ProgressLogger][INFO]: 2026-07-01 16:15:29: Opening /home/eker/Master-Thesis---Multi-modal-User-Intention-Estimation-and-Hand-Position-Prediction/Data_collection/Data_vrs/Atilla_2_20260616_185042.vrs...[0m
[0m[38;2;000;128;000m[MultiRecordFileReader][DEBUG]: Opened file '/home/eker/Master-Thesis---Multi-modal-User-Intention-Estimation-and-Hand-Position-Prediction/Data_collection/Data_vrs/Atilla_2_20260616_185042.vrs' and assigned to reader #0[0m
[0m[38;2;000;000;255m[VrsDataProvider][INFO]: streamId 211-1/camera-et-left activated[0m
[0m[38;2;000;000;255m[VrsDataProvider][INFO]: streamId 211-2/camera-et-right activated[0m
[0m[38;2;000;000;255m[VrsDataProvider][INFO]: streamId 214-1/camera-rgb activated[0m
[0m[38;2;000;000;255m[VrsDataProvider][INFO]: streamId 231-1/mic activated[0m
[0m[38;2;000;000;255m[VrsDataProvider][INFO]: streamId 246-1/temperature activated[0m
[0m[38;2;000;000;255m[VrsDataProvider][INFO]: streamId 247-1/baro0 activated[0m
[0m[38;2;000;000;255m[VrsDataProvider][INFO]: streamId 248-1/ppg activated[0m
[0m[38;2;000;000;255m[VrsDataProvider][INFO]: streamId 281-1/gps-app activated[0m
[0m[38;2;000;000;255m[VrsDataProvider][INFO]: streamId 282-1/wps activated[0m
[0m[38;2;000;000;255m[VrsDataProvider][INFO]: streamId 283-1/bluetooth activated[0m
[0m[38;2;000;000;255m[VrsDataProvider][INFO]: Utc stream found: 285-1[0m
[0m[38;2;000;000;255m[VrsDataProvider][INFO]: streamId 371-1/handtracking activated[0m
[0m[38;2;000;000;255m[VrsDataProvider][INFO]: streamId 371-2/vio activated[0m
[0m[38;2;000;000;255m[VrsDataProvider][INFO]: streamId 371-3/vio_high_frequency activated[0m
[0m[38;2;000;000;255m[VrsDataProvider][INFO]: streamId 373-1/eyegaze activated[0m
[0m[38;2;000;000;255m[VrsDataProvider][INFO]: streamId 500-1/als activated[0m
[0m[38;2;000;000;255m[VrsDataProvider][INFO]: Fail to activate streamId 502-1[0m
[0m[38;2;000;000;255m[VrsDataProvider][INFO]: streamId 1201-1/slam-front-left activated[0m
[0m[38;2;000;000;255m[VrsDataProvider][INFO]: streamId 1201-2/slam-front-right activated[0m
[0m[38;2;000;000;255m[VrsDataProvider][INFO]: streamId 1201-3/slam-side-left activated[0m
[0m[38;2;000;000;255m[VrsDataProvider][INFO]: streamId 1201-4/slam-side-right activated[0m
[0m[38;2;000;000;255m[VrsDataProvider][INFO]: streamId 1202-1/imu-left activated[0m
[0m[38;2;000;000;255m[VrsDataProvider][INFO]: streamId 1202-2/imu-right activated[0m
[0m[38;2;000;000;255m[VrsDataProvider][INFO]: streamId 1203-1/mag0 activated[0m
[0m[38;2;000;000;255m[XprsDecoder][INFO]: Using H.265 SW decoder named 'hevc' (xprs::gray8 -> vrs::grey8)[0m
[0m[38;2;000;000;255m[TelemetryLogger][INFO]: make_xprs_decoder, video/200x200/pixel=grey8/codec=H.265: H.265/SW/hevc, gray8[0m
[0m[38;2;000;000;255m[XprsDecoder][INFO]: Using H.265 SW decoder named 'hevc' (xprs::gray8 -> vrs::grey8)[0m
[0m[38;2;000;000;255m[TelemetryLogger][INFO]: make_xprs_decoder, video/200x200/pixel=grey8/codec=H.265: H.265/SW/hevc, gray8[0m
[0m[38;2;000;000;255m[XprsDecoder][INFO]: Using H.265 SW decoder named 'hevc' (xprs::yuv420p -> vrs::yuv_i420_split)[0m
[0m[38;2;000;000;255m[TelemetryLogger][INFO]: make_xprs_decoder, video/2016x1512/pixel=yuv_i420_split/codec=H.265: H.265/SW/hevc, yuv420p[0m
[0m[38;2;000;000;255m[XprsDecoder][INFO]: Using H.265 SW decoder named 'hevc' (xprs::gray8 -> vrs::grey8)[0m
[0m[38;2;000;000;255m[TelemetryLogger][INFO]: make_xprs_decoder, video/512x512/pixel=grey8/codec=H.265: H.265/SW/hevc, gray8[0m
[0m[38;2;000;000;255m[XprsDecoder][INFO]: Using H.265 SW decoder named 'hevc' (xprs::gray8 -> vrs::grey8)[0m
[0m[38;2;000;000;255m[TelemetryLogger][INFO]: make_xprs_decoder, video/512x512/pixel=grey8/codec=H.265: H.265/SW/hevc, gray8[0m
[0m[38;2;000;000;255m[XprsDecoder][INFO]: Using H.265 SW decoder named 'hevc' (xprs::gray8 -> vrs::grey8)[0m
[0m[38;2;000;000;255m[TelemetryLogger][INFO]: make_xprs_decoder, video/512x512/pixel=grey8/codec=H.265: H.265/SW/hevc, gray8[0m
[0m[38;2;000;000;255m[XprsDecoder][INFO]: Using H.265 SW decoder named 'hevc' (xprs::gray8 -> vrs::grey8)[0m
[0m[38;2;000;000;255m[TelemetryLogger][INFO]: make_xprs_decoder, video/512x512/pixel=grey8/codec=H.265: H.265/SW/hevc, gray8[0m
[0m[38;2;000;000;255m[ProgressLogger][INFO]: 2026-07-01 16:21:07: Opening /home/eker/Master-Thesis---Multi-modal-User-Intention-Estimation-and-Hand-Position-Prediction/Data_collection/Data_vrs/Atilla_3_20260616_185212.vrs...[0m
[0m[38;2;000;128;000m[MultiRecordFileReader][DEBUG]: Opened file '/home/eker/Master-Thesis---Multi-modal-User-Intention-Estimation-and-Hand-Position-Prediction/Data_collection/Data_vrs/Atilla_3_20260616_185212.vrs' and assigned to reader #0[0m
[0m[38;2;000;000;255m[VrsDataProvider][INFO]: streamId 211-1/camera-et-left activated[0m
[0m[38;2;000;000;255m[VrsDataProvider][INFO]: streamId 211-2/camera-et-right activated[0m
[0m[38;2;000;000;255m[VrsDataProvider][INFO]: streamId 214-1/camera-rgb activated[0m
[0m[38;2;000;000;255m[VrsDataProvider][INFO]: streamId 231-1/mic activated[0m
[0m[38;2;000;000;255m[VrsDataProvider][INFO]: streamId 246-1/temperature activated[0m
[0m[38;2;000;000;255m[VrsDataProvider][INFO]: streamId 247-1/baro0 activated[0m
[0m[38;2;000;000;255m[VrsDataProvider][INFO]: streamId 248-1/ppg activated[0m
[0m[38;2;000;000;255m[VrsDataProvider][INFO]: streamId 281-1/gps-app activated[0m
[0m[38;2;000;000;255m[VrsDataProvider][INFO]: streamId 282-1/wps activated[0m
[0m[38;2;000;000;255m[VrsDataProvider][INFO]: streamId 283-1/bluetooth activated[0m
[0m[38;2;000;000;255m[VrsDataProvider][INFO]: Utc stream found: 285-1[0m
[0m[38;2;000;000;255m[VrsDataProvider][INFO]: streamId 371-1/handtracking activated[0m
[0m[38;2;000;000;255m[VrsDataProvider][INFO]: streamId 371-2/vio activated[0m
[0m[38;2;000;000;255m[VrsDataProvider][INFO]: streamId 371-3/vio_high_frequency activated[0m
[0m[38;2;000;000;255m[VrsDataProvider][INFO]: streamId 373-1/eyegaze activated[0m
[0m[38;2;000;000;255m[VrsDataProvider][INFO]: streamId 500-1/als activated[0m
[0m[38;2;000;000;255m[VrsDataProvider][INFO]: Fail to activate streamId 502-1[0m
[0m[38;2;000;000;255m[VrsDataProvider][INFO]: streamId 1201-1/slam-front-left activated[0m
[0m[38;2;000;000;255m[VrsDataProvider][INFO]: streamId 1201-2/slam-front-right activated[0m
[0m[38;2;000;000;255m[VrsDataProvider][INFO]: streamId 1201-3/slam-side-left activated[0m
[0m[38;2;000;000;255m[VrsDataProvider][INFO]: streamId 1201-4/slam-side-right activated[0m
[0m[38;2;000;000;255m[VrsDataProvider][INFO]: streamId 1202-1/imu-left activated[0m
[0m[38;2;000;000;255m[VrsDataProvider][INFO]: streamId 1202-2/imu-right activated[0m
[0m[38;2;000;000;255m[VrsDataProvider][INFO]: streamId 1203-1/mag0 activated[0m
[0m[38;2;000;000;255m[XprsDecoder][INFO]: Using H.265 SW decoder named 'hevc' (xprs::gray8 -> vrs::grey8)[0m
[0m[38;2;000;000;255m[TelemetryLogger][INFO]: make_xprs_decoder, video/200x200/pixel=grey8/codec=H.265: H.265/SW/hevc, gray8[0m
[0m[38;2;000;000;255m[XprsDecoder][INFO]: Using H.265 SW decoder named 'hevc' (xprs::gray8 -> vrs::grey8)[0m
[0m[38;2;000;000;255m[TelemetryLogger][INFO]: make_xprs_decoder, video/200x200/pixel=grey8/codec=H.265: H.265/SW/hevc, gray8[0m
[0m[38;2;000;000;255m[XprsDecoder][INFO]: Using H.265 SW decoder named 'hevc' (xprs::yuv420p -> vrs::yuv_i420_split)[0m
[0m[38;2;000;000;255m[TelemetryLogger][INFO]: make_xprs_decoder, video/2016x1512/pixel=yuv_i420_split/codec=H.265: H.265/SW/hevc, yuv420p[0m
[0m[38;2;000;000;255m[XprsDecoder][INFO]: Using H.265 SW decoder named 'hevc' (xprs::gray8 -> vrs::grey8)[0m
[0m[38;2;000;000;255m[TelemetryLogger][INFO]: make_xprs_decoder, video/512x512/pixel=grey8/codec=H.265: H.265/SW/hevc, gray8[0m
[0m[38;2;000;000;255m[XprsDecoder][INFO]: Using H.265 SW decoder named 'hevc' (xprs::gray8 -> vrs::grey8)[0m
[0m[38;2;000;000;255m[TelemetryLogger][INFO]: make_xprs_decoder, video/512x512/pixel=grey8/codec=H.265: H.265/SW/hevc, gray8[0m
[0m[38;2;000;000;255m[XprsDecoder][INFO]: Using H.265 SW decoder named 'hevc' (xprs::gray8 -> vrs::grey8)[0m
[0m[38;2;000;000;255m[TelemetryLogger][INFO]: make_xprs_decoder, video/512x512/pixel=grey8/codec=H.265: H.265/SW/hevc, gray8[0m
[0m[38;2;000;000;255m[XprsDecoder][INFO]: Using H.265 SW decoder named 'hevc' (xprs::gray8 -> vrs::grey8)[0m
[0m[38;2;000;000;255m[TelemetryLogger][INFO]: make_xprs_decoder, video/512x512/pixel=grey8/codec=H.265: H.265/SW/hevc, gray8[0m
[0m[38;2;000;000;255m[ProgressLogger][INFO]: 2026-07-01 16:26:41: Opening /home/eker/Master-Thesis---Multi-modal-User-Intention-Estimation-and-Hand-Position-Prediction/Data_collection/Data_vrs/Atilla_4_20260616_185327.vrs...[0m
[0m[38;2;000;128;000m[MultiRecordFileReader][DEBUG]: Opened file '/home/eker/Master-Thesis---Multi-modal-User-Intention-Estimation-and-Hand-Position-Prediction/Data_collection/Data_vrs/Atilla_4_20260616_185327.vrs' and assigned to reader #0[0m
[0m[38;2;000;000;255m[VrsDataProvider][INFO]: streamId 211-1/camera-et-left activated[0m
[0m[38;2;000;000;255m[VrsDataProvider][INFO]: streamId 211-2/camera-et-right activated[0m
[0m[38;2;000;000;255m[VrsDataProvider][INFO]: streamId 214-1/camera-rgb activated[0m
[0m[38;2;000;000;255m[VrsDataProvider][INFO]: streamId 231-1/mic activated[0m
[0m[38;2;000;000;255m[VrsDataProvider][INFO]: streamId 246-1/temperature activated[0m
[0m[38;2;000;000;255m[VrsDataProvider][INFO]: streamId 247-1/baro0 activated[0m
[0m[38;2;000;000;255m[VrsDataProvider][INFO]: streamId 248-1/ppg activated[0m
[0m[38;2;000;000;255m[VrsDataProvider][INFO]: streamId 281-1/gps-app activated[0m
[0m[38;2;000;000;255m[VrsDataProvider][INFO]: streamId 282-1/wps activated[0m
[0m[38;2;000;000;255m[VrsDataProvider][INFO]: streamId 283-1/bluetooth activated[0m
[0m[38;2;000;000;255m[VrsDataProvider][INFO]: Utc stream found: 285-1[0m
[0m[38;2;000;000;255m[VrsDataProvider][INFO]: streamId 371-1/handtracking activated[0m
[0m[38;2;000;000;255m[VrsDataProvider][INFO]: streamId 371-2/vio activated[0m
[0m[38;2;000;000;255m[VrsDataProvider][INFO]: streamId 371-3/vio_high_frequency activated[0m
[0m[38;2;000;000;255m[VrsDataProvider][INFO]: streamId 373-1/eyegaze activated[0m
[0m[38;2;000;000;255m[VrsDataProvider][INFO]: streamId 500-1/als activated[0m
[0m[38;2;000;000;255m[VrsDataProvider][INFO]: Fail to activate streamId 502-1[0m
[0m[38;2;000;000;255m[VrsDataProvider][INFO]: streamId 1201-1/slam-front-left activated[0m
[0m[38;2;000;000;255m[VrsDataProvider][INFO]: streamId 1201-2/slam-front-right activated[0m
[0m[38;2;000;000;255m[VrsDataProvider][INFO]: streamId 1201-3/slam-side-left activated[0m
[0m[38;2;000;000;255m[VrsDataProvider][INFO]: streamId 1201-4/slam-side-right activated[0m
[0m[38;2;000;000;255m[VrsDataProvider][INFO]: streamId 1202-1/imu-left activated[0m
[0m[38;2;000;000;255m[VrsDataProvider][INFO]: streamId 1202-2/imu-right activated[0m
[0m[38;2;000;000;255m[VrsDataProvider][INFO]: streamId 1203-1/mag0 activated[0m
[0m[38;2;000;000;255m[XprsDecoder][INFO]: Using H.265 SW decoder named 'hevc' (xprs::gray8 -> vrs::grey8)[0m
[0m[38;2;000;000;255m[TelemetryLogger][INFO]: make_xprs_decoder, video/200x200/pixel=grey8/codec=H.265: H.265/SW/hevc, gray8[0m
[0m[38;2;000;000;255m[XprsDecoder][INFO]: Using H.265 SW decoder named 'hevc' (xprs::gray8 -> vrs::grey8)[0m
[0m[38;2;000;000;255m[TelemetryLogger][INFO]: make_xprs_decoder, video/200x200/pixel=grey8/codec=H.265: H.265/SW/hevc, gray8[0m
[0m[38;2;000;000;255m[XprsDecoder][INFO]: Using H.265 SW decoder named 'hevc' (xprs::yuv420p -> vrs::yuv_i420_split)[0m
[0m[38;2;000;000;255m[TelemetryLogger][INFO]: make_xprs_decoder, video/2016x1512/pixel=yuv_i420_split/codec=H.265: H.265/SW/hevc, yuv420p[0m
[0m[38;2;000;000;255m[XprsDecoder][INFO]: Using H.265 SW decoder named 'hevc' (xprs::gray8 -> vrs::grey8)[0m
[0m[38;2;000;000;255m[TelemetryLogger][INFO]: make_xprs_decoder, video/512x512/pixel=grey8/codec=H.265: H.265/SW/hevc, gray8[0m
[0m[38;2;000;000;255m[XprsDecoder][INFO]: Using H.265 SW decoder named 'hevc' (xprs::gray8 -> vrs::grey8)[0m
[0m[38;2;000;000;255m[TelemetryLogger][INFO]: make_xprs_decoder, video/512x512/pixel=grey8/codec=H.265: H.265/SW/hevc, gray8[0m
[0m[38;2;000;000;255m[XprsDecoder][INFO]: Using H.265 SW decoder named 'hevc' (xprs::gray8 -> vrs::grey8)[0m
[0m[38;2;000;000;255m[TelemetryLogger][INFO]: make_xprs_decoder, video/512x512/pixel=grey8/codec=H.265: H.265/SW/hevc, gray8[0m
[0m[38;2;000;000;255m[XprsDecoder][INFO]: Using H.265 SW decoder named 'hevc' (xprs::gray8 -> vrs::grey8)[0m
[0m[38;2;000;000;255m[TelemetryLogger][INFO]: make_xprs_decoder, video/512x512/pixel=grey8/codec=H.265: H.265/SW/hevc, gray8[0m
[0m[38;2;000;000;255m[ProgressLogger][INFO]: 2026-07-01 16:32:24: Opening /home/eker/Master-Thesis---Multi-modal-User-Intention-Estimation-and-Hand-Position-Prediction/Data_collection/Data_vrs/Atilla_5_20260616_185449.vrs...[0m
[0m[38;2;000;128;000m[MultiRecordFileReader][DEBUG]: Opened file '/home/eker/Master-Thesis---Multi-modal-User-Intention-Estimation-and-Hand-Position-Prediction/Data_collection/Data_vrs/Atilla_5_20260616_185449.vrs' and assigned to reader #0[0m
[0m[38;2;000;000;255m[VrsDataProvider][INFO]: streamId 211-1/camera-et-left activated[0m
[0m[38;2;000;000;255m[VrsDataProvider][INFO]: streamId 211-2/camera-et-right activated[0m
[0m[38;2;000;000;255m[VrsDataProvider][INFO]: streamId 214-1/camera-rgb activated[0m
[0m[38;2;000;000;255m[VrsDataProvider][INFO]: streamId 231-1/mic activated[0m
[0m[38;2;000;000;255m[VrsDataProvider][INFO]: streamId 246-1/temperature activated[0m
[0m[38;2;000;000;255m[VrsDataProvider][INFO]: streamId 247-1/baro0 activated[0m
[0m[38;2;000;000;255m[VrsDataProvider][INFO]: streamId 248-1/ppg activated[0m
[0m[38;2;000;000;255m[VrsDataProvider][INFO]: streamId 281-1/gps-app activated[0m
[0m[38;2;000;000;255m[VrsDataProvider][INFO]: streamId 282-1/wps activated[0m
[0m[38;2;000;000;255m[VrsDataProvider][INFO]: streamId 283-1/bluetooth activated[0m
[0m[38;2;000;000;255m[VrsDataProvider][INFO]: Utc stream found: 285-1[0m
[0m[38;2;000;000;255m[VrsDataProvider][INFO]: streamId 371-1/handtracking activated[0m
[0m[38;2;000;000;255m[VrsDataProvider][INFO]: streamId 371-2/vio activated[0m
[0m[38;2;000;000;255m[VrsDataProvider][INFO]: streamId 371-3/vio_high_frequency activated[0m
[0m[38;2;000;000;255m[VrsDataProvider][INFO]: streamId 373-1/eyegaze activated[0m
[0m[38;2;000;000;255m[VrsDataProvider][INFO]: streamId 500-1/als activated[0m
[0m[38;2;000;000;255m[VrsDataProvider][INFO]: Fail to activate streamId 502-1[0m
[0m[38;2;000;000;255m[VrsDataProvider][INFO]: streamId 1201-1/slam-front-left activated[0m
[0m[38;2;000;000;255m[VrsDataProvider][INFO]: streamId 1201-2/slam-front-right activated[0m
[0m[38;2;000;000;255m[VrsDataProvider][INFO]: streamId 1201-3/slam-side-left activated[0m
[0m[38;2;000;000;255m[VrsDataProvider][INFO]: streamId 1201-4/slam-side-right activated[0m
[0m[38;2;000;000;255m[VrsDataProvider][INFO]: streamId 1202-1/imu-left activated[0m
[0m[38;2;000;000;255m[VrsDataProvider][INFO]: streamId 1202-2/imu-right activated[0m
[0m[38;2;000;000;255m[VrsDataProvider][INFO]: streamId 1203-1/mag0 activated[0m
[0m[38;2;000;000;255m[XprsDecoder][INFO]: Using H.265 SW decoder named 'hevc' (xprs::gray8 -> vrs::grey8)[0m
[0m[38;2;000;000;255m[TelemetryLogger][INFO]: make_xprs_decoder, video/200x200/pixel=grey8/codec=H.265: H.265/SW/hevc, gray8[0m
[0m[38;2;000;000;255m[XprsDecoder][INFO]: Using H.265 SW decoder named 'hevc' (xprs::gray8 -> vrs::grey8)[0m
[0m[38;2;000;000;255m[TelemetryLogger][INFO]: make_xprs_decoder, video/200x200/pixel=grey8/codec=H.265: H.265/SW/hevc, gray8[0m
[0m[38;2;000;000;255m[XprsDecoder][INFO]: Using H.265 SW decoder named 'hevc' (xprs::yuv420p -> vrs::yuv_i420_split)[0m
[0m[38;2;000;000;255m[TelemetryLogger][INFO]: make_xprs_decoder, video/2016x1512/pixel=yuv_i420_split/codec=H.265: H.265/SW/hevc, yuv420p[0m
[0m[38;2;000;000;255m[XprsDecoder][INFO]: Using H.265 SW decoder named 'hevc' (xprs::gray8 -> vrs::grey8)[0m
[0m[38;2;000;000;255m[TelemetryLogger][INFO]: make_xprs_decoder, video/512x512/pixel=grey8/codec=H.265: H.265/SW/hevc, gray8[0m
[0m[38;2;000;000;255m[XprsDecoder][INFO]: Using H.265 SW decoder named 'hevc' (xprs::gray8 -> vrs::grey8)[0m
[0m[38;2;000;000;255m[TelemetryLogger][INFO]: make_xprs_decoder, video/512x512/pixel=grey8/codec=H.265: H.265/SW/hevc, gray8[0m
[0m[38;2;000;000;255m[XprsDecoder][INFO]: Using H.265 SW decoder named 'hevc' (xprs::gray8 -> vrs::grey8)[0m
[0m[38;2;000;000;255m[TelemetryLogger][INFO]: make_xprs_decoder, video/512x512/pixel=grey8/codec=H.265: H.265/SW/hevc, gray8[0m
[0m[38;2;000;000;255m[XprsDecoder][INFO]: Using H.265 SW decoder named 'hevc' (xprs::gray8 -> vrs::grey8)[0m
[0m[38;2;000;000;255m[TelemetryLogger][INFO]: make_xprs_decoder, video/512x512/pixel=grey8/codec=H.265: H.265/SW/hevc, gray8[0m
[0m[38;2;000;000;255m[ProgressLogger][INFO]: 2026-07-01 16:37:57: Opening /home/eker/Master-Thesis---Multi-modal-User-Intention-Estimation-and-Hand-Position-Prediction/Data_collection/Data_vrs/Atilla_6_20260616_185613.vrs...[0m
[0m[38;2;000;128;000m[MultiRecordFileReader][DEBUG]: Opened file '/home/eker/Master-Thesis---Multi-modal-User-Intention-Estimation-and-Hand-Position-Prediction/Data_collection/Data_vrs/Atilla_6_20260616_185613.vrs' and assigned to reader #0[0m
[0m[38;2;000;000;255m[VrsDataProvider][INFO]: streamId 211-1/camera-et-left activated[0m
[0m[38;2;000;000;255m[VrsDataProvider][INFO]: streamId 211-2/camera-et-right activated[0m
[0m[38;2;000;000;255m[VrsDataProvider][INFO]: streamId 214-1/camera-rgb activated[0m
[0m[38;2;000;000;255m[VrsDataProvider][INFO]: streamId 231-1/mic activated[0m
[0m[38;2;000;000;255m[VrsDataProvider][INFO]: streamId 246-1/temperature activated[0m
[0m[38;2;000;000;255m[VrsDataProvider][INFO]: streamId 247-1/baro0 activated[0m
[0m[38;2;000;000;255m[VrsDataProvider][INFO]: streamId 248-1/ppg activated[0m
[0m[38;2;000;000;255m[VrsDataProvider][INFO]: streamId 281-1/gps-app activated[0m
[0m[38;2;000;000;255m[VrsDataProvider][INFO]: streamId 282-1/wps activated[0m
[0m[38;2;000;000;255m[VrsDataProvider][INFO]: streamId 283-1/bluetooth activated[0m
[0m[38;2;000;000;255m[VrsDataProvider][INFO]: Utc stream found: 285-1[0m
[0m[38;2;000;000;255m[VrsDataProvider][INFO]: streamId 371-1/handtracking activated[0m
[0m[38;2;000;000;255m[VrsDataProvider][INFO]: streamId 371-2/vio activated[0m
[0m[38;2;000;000;255m[VrsDataProvider][INFO]: streamId 371-3/vio_high_frequency activated[0m
[0m[38;2;000;000;255m[VrsDataProvider][INFO]: streamId 373-1/eyegaze activated[0m
[0m[38;2;000;000;255m[VrsDataProvider][INFO]: streamId 500-1/als activated[0m
[0m[38;2;000;000;255m[VrsDataProvider][INFO]: Fail to activate streamId 502-1[0m
[0m[38;2;000;000;255m[VrsDataProvider][INFO]: streamId 1201-1/slam-front-left activated[0m
[0m[38;2;000;000;255m[VrsDataProvider][INFO]: streamId 1201-2/slam-front-right activated[0m
[0m[38;2;000;000;255m[VrsDataProvider][INFO]: streamId 1201-3/slam-side-left activated[0m
[0m[38;2;000;000;255m[VrsDataProvider][INFO]: streamId 1201-4/slam-side-right activated[0m
[0m[38;2;000;000;255m[VrsDataProvider][INFO]: streamId 1202-1/imu-left activated[0m
[0m[38;2;000;000;255m[VrsDataProvider][INFO]: streamId 1202-2/imu-right activated[0m
[0m[38;2;000;000;255m[VrsDataProvider][INFO]: streamId 1203-1/mag0 activated[0m
[0m[38;2;000;000;255m[XprsDecoder][INFO]: Using H.265 SW decoder named 'hevc' (xprs::gray8 -> vrs::grey8)[0m
[0m[38;2;000;000;255m[TelemetryLogger][INFO]: make_xprs_decoder, video/200x200/pixel=grey8/codec=H.265: H.265/SW/hevc, gray8[0m
[0m[38;2;000;000;255m[XprsDecoder][INFO]: Using H.265 SW decoder named 'hevc' (xprs::gray8 -> vrs::grey8)[0m
[0m[38;2;000;000;255m[TelemetryLogger][INFO]: make_xprs_decoder, video/200x200/pixel=grey8/codec=H.265: H.265/SW/hevc, gray8[0m
[0m[38;2;000;000;255m[XprsDecoder][INFO]: Using H.265 SW decoder named 'hevc' (xprs::yuv420p -> vrs::yuv_i420_split)[0m
[0m[38;2;000;000;255m[TelemetryLogger][INFO]: make_xprs_decoder, video/2016x1512/pixel=yuv_i420_split/codec=H.265: H.265/SW/hevc, yuv420p[0m
[0m[38;2;000;000;255m[XprsDecoder][INFO]: Using H.265 SW decoder named 'hevc' (xprs::gray8 -> vrs::grey8)[0m
[0m[38;2;000;000;255m[TelemetryLogger][INFO]: make_xprs_decoder, video/512x512/pixel=grey8/codec=H.265: H.265/SW/hevc, gray8[0m
[0m[38;2;000;000;255m[XprsDecoder][INFO]: Using H.265 SW decoder named 'hevc' (xprs::gray8 -> vrs::grey8)[0m
[0m[38;2;000;000;255m[TelemetryLogger][INFO]: make_xprs_decoder, video/512x512/pixel=grey8/codec=H.265: H.265/SW/hevc, gray8[0m
[0m[38;2;000;000;255m[XprsDecoder][INFO]: Using H.265 SW decoder named 'hevc' (xprs::gray8 -> vrs::grey8)[0m
[0m[38;2;000;000;255m[TelemetryLogger][INFO]: make_xprs_decoder, video/512x512/pixel=grey8/codec=H.265: H.265/SW/hevc, gray8[0m
[0m[38;2;000;000;255m[XprsDecoder][INFO]: Using H.265 SW decoder named 'hevc' (xprs::gray8 -> vrs::grey8)[0m
[0m[38;2;000;000;255m[TelemetryLogger][INFO]: make_xprs_decoder, video/512x512/pixel=grey8/codec=H.265: H.265/SW/hevc, gray8[0m
[0m[38;2;000;000;255m[ProgressLogger][INFO]: 2026-07-01 16:43:31: Opening /home/eker/Master-Thesis---Multi-modal-User-Intention-Estimation-and-Hand-Position-Prediction/Data_collection/Data_vrs/Atilla_7_20260616_185714.vrs...[0m
[0m[38;2;000;128;000m[MultiRecordFileReader][DEBUG]: Opened file '/home/eker/Master-Thesis---Multi-modal-User-Intention-Estimation-and-Hand-Position-Prediction/Data_collection/Data_vrs/Atilla_7_20260616_185714.vrs' and assigned to reader #0[0m
[0m[38;2;000;000;255m[VrsDataProvider][INFO]: streamId 211-1/camera-et-left activated[0m
[0m[38;2;000;000;255m[VrsDataProvider][INFO]: streamId 211-2/camera-et-right activated[0m
[0m[38;2;000;000;255m[VrsDataProvider][INFO]: streamId 214-1/camera-rgb activated[0m
[0m[38;2;000;000;255m[VrsDataProvider][INFO]: streamId 231-1/mic activated[0m
[0m[38;2;000;000;255m[VrsDataProvider][INFO]: streamId 246-1/temperature activated[0m
[0m[38;2;000;000;255m[VrsDataProvider][INFO]: streamId 247-1/baro0 activated[0m
[0m[38;2;000;000;255m[VrsDataProvider][INFO]: streamId 248-1/ppg activated[0m
[0m[38;2;000;000;255m[VrsDataProvider][INFO]: streamId 281-1/gps-app activated[0m
[0m[38;2;000;000;255m[VrsDataProvider][INFO]: streamId 282-1/wps activated[0m
[0m[38;2;000;000;255m[VrsDataProvider][INFO]: streamId 283-1/bluetooth activated[0m
[0m[38;2;000;000;255m[VrsDataProvider][INFO]: Utc stream found: 285-1[0m
[0m[38;2;000;000;255m[VrsDataProvider][INFO]: streamId 371-1/handtracking activated[0m
[0m[38;2;000;000;255m[VrsDataProvider][INFO]: streamId 371-2/vio activated[0m
[0m[38;2;000;000;255m[VrsDataProvider][INFO]: streamId 371-3/vio_high_frequency activated[0m
[0m[38;2;000;000;255m[VrsDataProvider][INFO]: streamId 373-1/eyegaze activated[0m
[0m[38;2;000;000;255m[VrsDataProvider][INFO]: streamId 500-1/als activated[0m
[0m[38;2;000;000;255m[VrsDataProvider][INFO]: Fail to activate streamId 502-1[0m
[0m[38;2;000;000;255m[VrsDataProvider][INFO]: streamId 1201-1/slam-front-left activated[0m
[0m[38;2;000;000;255m[VrsDataProvider][INFO]: streamId 1201-2/slam-front-right activated[0m
[0m[38;2;000;000;255m[VrsDataProvider][INFO]: streamId 1201-3/slam-side-left activated[0m
[0m[38;2;000;000;255m[VrsDataProvider][INFO]: streamId 1201-4/slam-side-right activated[0m
[0m[38;2;000;000;255m[VrsDataProvider][INFO]: streamId 1202-1/imu-left activated[0m
[0m[38;2;000;000;255m[VrsDataProvider][INFO]: streamId 1202-2/imu-right activated[0m
[0m[38;2;000;000;255m[VrsDataProvider][INFO]: streamId 1203-1/mag0 activated[0m
[0m[38;2;000;000;255m[XprsDecoder][INFO]: Using H.265 SW decoder named 'hevc' (xprs::gray8 -> vrs::grey8)[0m
[0m[38;2;000;000;255m[TelemetryLogger][INFO]: make_xprs_decoder, video/200x200/pixel=grey8/codec=H.265: H.265/SW/hevc, gray8[0m
[0m[38;2;000;000;255m[XprsDecoder][INFO]: Using H.265 SW decoder named 'hevc' (xprs::gray8 -> vrs::grey8)[0m
[0m[38;2;000;000;255m[TelemetryLogger][INFO]: make_xprs_decoder, video/200x200/pixel=grey8/codec=H.265: H.265/SW/hevc, gray8[0m
[0m[38;2;000;000;255m[XprsDecoder][INFO]: Using H.265 SW decoder named 'hevc' (xprs::yuv420p -> vrs::yuv_i420_split)[0m
[0m[38;2;000;000;255m[TelemetryLogger][INFO]: make_xprs_decoder, video/2016x1512/pixel=yuv_i420_split/codec=H.265: H.265/SW/hevc, yuv420p[0m
[0m[38;2;000;000;255m[XprsDecoder][INFO]: Using H.265 SW decoder named 'hevc' (xprs::gray8 -> vrs::grey8)[0m
[0m[38;2;000;000;255m[TelemetryLogger][INFO]: make_xprs_decoder, video/512x512/pixel=grey8/codec=H.265: H.265/SW/hevc, gray8[0m
[0m[38;2;000;000;255m[XprsDecoder][INFO]: Using H.265 SW decoder named 'hevc' (xprs::gray8 -> vrs::grey8)[0m
[0m[38;2;000;000;255m[TelemetryLogger][INFO]: make_xprs_decoder, video/512x512/pixel=grey8/codec=H.265: H.265/SW/hevc, gray8[0m
[0m[38;2;000;000;255m[XprsDecoder][INFO]: Using H.265 SW decoder named 'hevc' (xprs::gray8 -> vrs::grey8)[0m
[0m[38;2;000;000;255m[TelemetryLogger][INFO]: make_xprs_decoder, video/512x512/pixel=grey8/codec=H.265: H.265/SW/hevc, gray8[0m
[0m[38;2;000;000;255m[XprsDecoder][INFO]: Using H.265 SW decoder named 'hevc' (xprs::gray8 -> vrs::grey8)[0m
[0m[38;2;000;000;255m[TelemetryLogger][INFO]: make_xprs_decoder, video/512x512/pixel=grey8/codec=H.265: H.265/SW/hevc, gray8[0m
[0m[38;2;000;000;255m[ProgressLogger][INFO]: 2026-07-01 16:49:10: Opening /home/eker/Master-Thesis---Multi-modal-User-Intention-Estimation-and-Hand-Position-Prediction/Data_collection/Data_vrs/Atilla_8_20260616_185812.vrs...[0m
[0m[38;2;000;128;000m[MultiRecordFileReader][DEBUG]: Opened file '/home/eker/Master-Thesis---Multi-modal-User-Intention-Estimation-and-Hand-Position-Prediction/Data_collection/Data_vrs/Atilla_8_20260616_185812.vrs' and assigned to reader #0[0m
[0m[38;2;000;000;255m[VrsDataProvider][INFO]: streamId 211-1/camera-et-left activated[0m
[0m[38;2;000;000;255m[VrsDataProvider][INFO]: streamId 211-2/camera-et-right activated[0m
[0m[38;2;000;000;255m[VrsDataProvider][INFO]: streamId 214-1/camera-rgb activated[0m
[0m[38;2;000;000;255m[VrsDataProvider][INFO]: streamId 231-1/mic activated[0m
[0m[38;2;000;000;255m[VrsDataProvider][INFO]: streamId 246-1/temperature activated[0m
[0m[38;2;000;000;255m[VrsDataProvider][INFO]: streamId 247-1/baro0 activated[0m
[0m[38;2;000;000;255m[VrsDataProvider][INFO]: streamId 248-1/ppg activated[0m
[0m[38;2;000;000;255m[VrsDataProvider][INFO]: streamId 281-1/gps-app activated[0m
[0m[38;2;000;000;255m[VrsDataProvider][INFO]: streamId 282-1/wps activated[0m
[0m[38;2;000;000;255m[VrsDataProvider][INFO]: streamId 283-1/bluetooth activated[0m
[0m[38;2;000;000;255m[VrsDataProvider][INFO]: Utc stream found: 285-1[0m
[0m[38;2;000;000;255m[VrsDataProvider][INFO]: streamId 371-1/handtracking activated[0m
[0m[38;2;000;000;255m[VrsDataProvider][INFO]: streamId 371-2/vio activated[0m
[0m[38;2;000;000;255m[VrsDataProvider][INFO]: streamId 371-3/vio_high_frequency activated[0m
[0m[38;2;000;000;255m[VrsDataProvider][INFO]: streamId 373-1/eyegaze activated[0m
[0m[38;2;000;000;255m[VrsDataProvider][INFO]: streamId 500-1/als activated[0m
[0m[38;2;000;000;255m[VrsDataProvider][INFO]: Fail to activate streamId 502-1[0m
[0m[38;2;000;000;255m[VrsDataProvider][INFO]: streamId 1201-1/slam-front-left activated[0m
[0m[38;2;000;000;255m[VrsDataProvider][INFO]: streamId 1201-2/slam-front-right activated[0m
[0m[38;2;000;000;255m[VrsDataProvider][INFO]: streamId 1201-3/slam-side-left activated[0m
[0m[38;2;000;000;255m[VrsDataProvider][INFO]: streamId 1201-4/slam-side-right activated[0m
[0m[38;2;000;000;255m[VrsDataProvider][INFO]: streamId 1202-1/imu-left activated[0m
[0m[38;2;000;000;255m[VrsDataProvider][INFO]: streamId 1202-2/imu-right activated[0m
[0m[38;2;000;000;255m[VrsDataProvider][INFO]: streamId 1203-1/mag0 activated[0m
[0m[38;2;000;000;255m[XprsDecoder][INFO]: Using H.265 SW decoder named 'hevc' (xprs::gray8 -> vrs::grey8)[0m
[0m[38;2;000;000;255m[TelemetryLogger][INFO]: make_xprs_decoder, video/200x200/pixel=grey8/codec=H.265: H.265/SW/hevc, gray8[0m
[0m[38;2;000;000;255m[XprsDecoder][INFO]: Using H.265 SW decoder named 'hevc' (xprs::gray8 -> vrs::grey8)[0m
[0m[38;2;000;000;255m[TelemetryLogger][INFO]: make_xprs_decoder, video/200x200/pixel=grey8/codec=H.265: H.265/SW/hevc, gray8[0m
[0m[38;2;000;000;255m[XprsDecoder][INFO]: Using H.265 SW decoder named 'hevc' (xprs::yuv420p -> vrs::yuv_i420_split)[0m
[0m[38;2;000;000;255m[TelemetryLogger][INFO]: make_xprs_decoder, video/2016x1512/pixel=yuv_i420_split/codec=H.265: H.265/SW/hevc, yuv420p[0m
[0m[38;2;000;000;255m[XprsDecoder][INFO]: Using H.265 SW decoder named 'hevc' (xprs::gray8 -> vrs::grey8)[0m
[0m[38;2;000;000;255m[TelemetryLogger][INFO]: make_xprs_decoder, video/512x512/pixel=grey8/codec=H.265: H.265/SW/hevc, gray8[0m
[0m[38;2;000;000;255m[XprsDecoder][INFO]: Using H.265 SW decoder named 'hevc' (xprs::gray8 -> vrs::grey8)[0m
[0m[38;2;000;000;255m[TelemetryLogger][INFO]: make_xprs_decoder, video/512x512/pixel=grey8/codec=H.265: H.265/SW/hevc, gray8[0m
[0m[38;2;000;000;255m[XprsDecoder][INFO]: Using H.265 SW decoder named 'hevc' (xprs::gray8 -> vrs::grey8)[0m
[0m[38;2;000;000;255m[TelemetryLogger][INFO]: make_xprs_decoder, video/512x512/pixel=grey8/codec=H.265: H.265/SW/hevc, gray8[0m
[0m[38;2;000;000;255m[XprsDecoder][INFO]: Using H.265 SW decoder named 'hevc' (xprs::gray8 -> vrs::grey8)[0m
[0m[38;2;000;000;255m[TelemetryLogger][INFO]: make_xprs_decoder, video/512x512/pixel=grey8/codec=H.265: H.265/SW/hevc, gray8[0m
[0m[38;2;000;000;255m[ProgressLogger][INFO]: 2026-07-01 16:54:46: Opening /home/eker/Master-Thesis---Multi-modal-User-Intention-Estimation-and-Hand-Position-Prediction/Data_collection/Data_vrs/Berat_10_20260616_142950.vrs...[0m
[0m[38;2;000;128;000m[MultiRecordFileReader][DEBUG]: Opened file '/home/eker/Master-Thesis---Multi-modal-User-Intention-Estimation-and-Hand-Position-Prediction/Data_collection/Data_vrs/Berat_10_20260616_142950.vrs' and assigned to reader #0[0m
[0m[38;2;000;000;255m[VrsDataProvider][INFO]: streamId 211-1/camera-et-left activated[0m
[0m[38;2;000;000;255m[VrsDataProvider][INFO]: streamId 211-2/camera-et-right activated[0m
[0m[38;2;000;000;255m[VrsDataProvider][INFO]: streamId 214-1/camera-rgb activated[0m
[0m[38;2;000;000;255m[VrsDataProvider][INFO]: streamId 231-1/mic activated[0m
[0m[38;2;000;000;255m[VrsDataProvider][INFO]: streamId 246-1/temperature activated[0m
[0m[38;2;000;000;255m[VrsDataProvider][INFO]: streamId 247-1/baro0 activated[0m
[0m[38;2;000;000;255m[VrsDataProvider][INFO]: streamId 248-1/ppg activated[0m
[0m[38;2;000;000;255m[VrsDataProvider][INFO]: streamId 281-1/gps-app activated[0m
[0m[38;2;000;000;255m[VrsDataProvider][INFO]: streamId 282-1/wps activated[0m
[0m[38;2;000;000;255m[VrsDataProvider][INFO]: streamId 283-1/bluetooth activated[0m
[0m[38;2;000;000;255m[VrsDataProvider][INFO]: Utc stream found: 285-1[0m
[0m[38;2;000;000;255m[VrsDataProvider][INFO]: streamId 371-1/handtracking activated[0m
[0m[38;2;000;000;255m[VrsDataProvider][INFO]: streamId 371-2/vio activated[0m
[0m[38;2;000;000;255m[VrsDataProvider][INFO]: streamId 371-3/vio_high_frequency activated[0m
[0m[38;2;000;000;255m[VrsDataProvider][INFO]: streamId 373-1/eyegaze activated[0m
[0m[38;2;000;000;255m[VrsDataProvider][INFO]: streamId 500-1/als activated[0m
[0m[38;2;000;000;255m[VrsDataProvider][INFO]: Fail to activate streamId 502-1[0m
[0m[38;2;000;000;255m[VrsDataProvider][INFO]: streamId 1201-1/slam-front-left activated[0m
[0m[38;2;000;000;255m[VrsDataProvider][INFO]: streamId 1201-2/slam-front-right activated[0m
[0m[38;2;000;000;255m[VrsDataProvider][INFO]: streamId 1201-3/slam-side-left activated[0m
[0m[38;2;000;000;255m[VrsDataProvider][INFO]: streamId 1201-4/slam-side-right activated[0m
[0m[38;2;000;000;255m[VrsDataProvider][INFO]: streamId 1202-1/imu-left activated[0m
[0m[38;2;000;000;255m[VrsDataProvider][INFO]: streamId 1202-2/imu-right activated[0m
[0m[38;2;000;000;255m[VrsDataProvider][INFO]: streamId 1203-1/mag0 activated[0m
[0m[38;2;000;000;255m[XprsDecoder][INFO]: Using H.265 SW decoder named 'hevc' (xprs::gray8 -> vrs::grey8)[0m
[0m[38;2;000;000;255m[TelemetryLogger][INFO]: make_xprs_decoder, video/200x200/pixel=grey8/codec=H.265: H.265/SW/hevc, gray8[0m
[0m[38;2;000;000;255m[XprsDecoder][INFO]: Using H.265 SW decoder named 'hevc' (xprs::gray8 -> vrs::grey8)[0m
[0m[38;2;000;000;255m[TelemetryLogger][INFO]: make_xprs_decoder, video/200x200/pixel=grey8/codec=H.265: H.265/SW/hevc, gray8[0m
[0m[38;2;000;000;255m[XprsDecoder][INFO]: Using H.265 SW decoder named 'hevc' (xprs::yuv420p -> vrs::yuv_i420_split)[0m
[0m[38;2;000;000;255m[TelemetryLogger][INFO]: make_xprs_decoder, video/2016x1512/pixel=yuv_i420_split/codec=H.265: H.265/SW/hevc, yuv420p[0m
[0m[38;2;000;000;255m[XprsDecoder][INFO]: Using H.265 SW decoder named 'hevc' (xprs::gray8 -> vrs::grey8)[0m
[0m[38;2;000;000;255m[TelemetryLogger][INFO]: make_xprs_decoder, video/512x512/pixel=grey8/codec=H.265: H.265/SW/hevc, gray8[0m
[0m[38;2;000;000;255m[XprsDecoder][INFO]: Using H.265 SW decoder named 'hevc' (xprs::gray8 -> vrs::grey8)[0m
[0m[38;2;000;000;255m[TelemetryLogger][INFO]: make_xprs_decoder, video/512x512/pixel=grey8/codec=H.265: H.265/SW/hevc, gray8[0m
[0m[38;2;000;000;255m[XprsDecoder][INFO]: Using H.265 SW decoder named 'hevc' (xprs::gray8 -> vrs::grey8)[0m
[0m[38;2;000;000;255m[TelemetryLogger][INFO]: make_xprs_decoder, video/512x512/pixel=grey8/codec=H.265: H.265/SW/hevc, gray8[0m
[0m[38;2;000;000;255m[XprsDecoder][INFO]: Using H.265 SW decoder named 'hevc' (xprs::gray8 -> vrs::grey8)[0m
[0m[38;2;000;000;255m[TelemetryLogger][INFO]: make_xprs_decoder, video/512x512/pixel=grey8/codec=H.265: H.265/SW/hevc, gray8[0m
[0m[38;2;000;000;255m[ProgressLogger][INFO]: 2026-07-01 17:00:52: Opening /home/eker/Master-Thesis---Multi-modal-User-Intention-Estimation-and-Hand-Position-Prediction/Data_collection/Data_vrs/Berat_1_20260604_154611.vrs...[0m
[0m[38;2;000;128;000m[MultiRecordFileReader][DEBUG]: Opened file '/home/eker/Master-Thesis---Multi-modal-User-Intention-Estimation-and-Hand-Position-Prediction/Data_collection/Data_vrs/Berat_1_20260604_154611.vrs' and assigned to reader #0[0m
[0m[38;2;000;000;255m[VrsDataProvider][INFO]: streamId 211-1/camera-et-left activated[0m
[0m[38;2;000;000;255m[VrsDataProvider][INFO]: streamId 211-2/camera-et-right activated[0m
[0m[38;2;000;000;255m[VrsDataProvider][INFO]: streamId 214-1/camera-rgb activated[0m
[0m[38;2;000;000;255m[VrsDataProvider][INFO]: streamId 231-1/mic activated[0m
[0m[38;2;000;000;255m[VrsDataProvider][INFO]: streamId 246-1/temperature activated[0m
[0m[38;2;000;000;255m[VrsDataProvider][INFO]: streamId 247-1/baro0 activated[0m
[0m[38;2;000;000;255m[VrsDataProvider][INFO]: streamId 248-1/ppg activated[0m
[0m[38;2;000;000;255m[VrsDataProvider][INFO]: streamId 281-1/gps-app activated[0m
[0m[38;2;000;000;255m[VrsDataProvider][INFO]: streamId 282-1/wps activated[0m
[0m[38;2;000;000;255m[VrsDataProvider][INFO]: streamId 283-1/bluetooth activated[0m
[0m[38;2;000;000;255m[VrsDataProvider][INFO]: Utc stream found: 285-1[0m
[0m[38;2;000;000;255m[VrsDataProvider][INFO]: streamId 371-1/handtracking activated[0m
[0m[38;2;000;000;255m[VrsDataProvider][INFO]: streamId 371-2/vio activated[0m
[0m[38;2;000;000;255m[VrsDataProvider][INFO]: streamId 371-3/vio_high_frequency activated[0m
[0m[38;2;000;000;255m[VrsDataProvider][INFO]: streamId 373-1/eyegaze activated[0m
[0m[38;2;000;000;255m[VrsDataProvider][INFO]: streamId 500-1/als activated[0m
[0m[38;2;000;000;255m[VrsDataProvider][INFO]: Fail to activate streamId 502-1[0m
[0m[38;2;000;000;255m[VrsDataProvider][INFO]: streamId 1201-1/slam-front-left activated[0m
[0m[38;2;000;000;255m[VrsDataProvider][INFO]: streamId 1201-2/slam-front-right activated[0m
[0m[38;2;000;000;255m[VrsDataProvider][INFO]: streamId 1201-3/slam-side-left activated[0m
[0m[38;2;000;000;255m[VrsDataProvider][INFO]: streamId 1201-4/slam-side-right activated[0m
[0m[38;2;000;000;255m[VrsDataProvider][INFO]: streamId 1202-1/imu-left activated[0m
[0m[38;2;000;000;255m[VrsDataProvider][INFO]: streamId 1202-2/imu-right activated[0m
[0m[38;2;000;000;255m[VrsDataProvider][INFO]: streamId 1203-1/mag0 activated[0m
[0m[38;2;000;000;255m[XprsDecoder][INFO]: Using H.265 SW decoder named 'hevc' (xprs::gray8 -> vrs::grey8)[0m
[0m[38;2;000;000;255m[TelemetryLogger][INFO]: make_xprs_decoder, video/200x200/pixel=grey8/codec=H.265: H.265/SW/hevc, gray8[0m
[0m[38;2;000;000;255m[XprsDecoder][INFO]: Using H.265 SW decoder named 'hevc' (xprs::gray8 -> vrs::grey8)[0m
[0m[38;2;000;000;255m[TelemetryLogger][INFO]: make_xprs_decoder, video/200x200/pixel=grey8/codec=H.265: H.265/SW/hevc, gray8[0m
[0m[38;2;000;000;255m[XprsDecoder][INFO]: Using H.265 SW decoder named 'hevc' (xprs::yuv420p -> vrs::yuv_i420_split)[0m
[0m[38;2;000;000;255m[TelemetryLogger][INFO]: make_xprs_decoder, video/2016x1512/pixel=yuv_i420_split/codec=H.265: H.265/SW/hevc, yuv420p[0m
[0m[38;2;000;000;255m[XprsDecoder][INFO]: Using H.265 SW decoder named 'hevc' (xprs::gray8 -> vrs::grey8)[0m
[0m[38;2;000;000;255m[TelemetryLogger][INFO]: make_xprs_decoder, video/512x512/pixel=grey8/codec=H.265: H.265/SW/hevc, gray8[0m
[0m[38;2;000;000;255m[XprsDecoder][INFO]: Using H.265 SW decoder named 'hevc' (xprs::gray8 -> vrs::grey8)[0m
[0m[38;2;000;000;255m[TelemetryLogger][INFO]: make_xprs_decoder, video/512x512/pixel=grey8/codec=H.265: H.265/SW/hevc, gray8[0m
[0m[38;2;000;000;255m[XprsDecoder][INFO]: Using H.265 SW decoder named 'hevc' (xprs::gray8 -> vrs::grey8)[0m
[0m[38;2;000;000;255m[TelemetryLogger][INFO]: make_xprs_decoder, video/512x512/pixel=grey8/codec=H.265: H.265/SW/hevc, gray8[0m
[0m[38;2;000;000;255m[XprsDecoder][INFO]: Using H.265 SW decoder named 'hevc' (xprs::gray8 -> vrs::grey8)[0m
[0m[38;2;000;000;255m[TelemetryLogger][INFO]: make_xprs_decoder, video/512x512/pixel=grey8/codec=H.265: H.265/SW/hevc, gray8[0m
[0m[38;2;000;000;255m[ProgressLogger][INFO]: 2026-07-01 17:07:47: Opening /home/eker/Master-Thesis---Multi-modal-User-Intention-Estimation-and-Hand-Position-Prediction/Data_collection/Data_vrs/Berat_2_20260604_154801.vrs...[0m
[0m[38;2;000;128;000m[MultiRecordFileReader][DEBUG]: Opened file '/home/eker/Master-Thesis---Multi-modal-User-Intention-Estimation-and-Hand-Position-Prediction/Data_collection/Data_vrs/Berat_2_20260604_154801.vrs' and assigned to reader #0[0m
[0m[38;2;000;000;255m[VrsDataProvider][INFO]: streamId 211-1/camera-et-left activated[0m
[0m[38;2;000;000;255m[VrsDataProvider][INFO]: streamId 211-2/camera-et-right activated[0m
[0m[38;2;000;000;255m[VrsDataProvider][INFO]: streamId 214-1/camera-rgb activated[0m
[0m[38;2;000;000;255m[VrsDataProvider][INFO]: streamId 231-1/mic activated[0m
[0m[38;2;000;000;255m[VrsDataProvider][INFO]: streamId 246-1/temperature activated[0m
[0m[38;2;000;000;255m[VrsDataProvider][INFO]: streamId 247-1/baro0 activated[0m
[0m[38;2;000;000;255m[VrsDataProvider][INFO]: streamId 248-1/ppg activated[0m
[0m[38;2;000;000;255m[VrsDataProvider][INFO]: streamId 281-1/gps-app activated[0m
[0m[38;2;000;000;255m[VrsDataProvider][INFO]: streamId 282-1/wps activated[0m
[0m[38;2;000;000;255m[VrsDataProvider][INFO]: streamId 283-1/bluetooth activated[0m
[0m[38;2;000;000;255m[VrsDataProvider][INFO]: Utc stream found: 285-1[0m
[0m[38;2;000;000;255m[VrsDataProvider][INFO]: streamId 371-1/handtracking activated[0m
[0m[38;2;000;000;255m[VrsDataProvider][INFO]: streamId 371-2/vio activated[0m
[0m[38;2;000;000;255m[VrsDataProvider][INFO]: streamId 371-3/vio_high_frequency activated[0m
[0m[38;2;000;000;255m[VrsDataProvider][INFO]: streamId 373-1/eyegaze activated[0m
[0m[38;2;000;000;255m[VrsDataProvider][INFO]: streamId 500-1/als activated[0m
[0m[38;2;000;000;255m[VrsDataProvider][INFO]: Fail to activate streamId 502-1[0m
[0m[38;2;000;000;255m[VrsDataProvider][INFO]: streamId 1201-1/slam-front-left activated[0m
[0m[38;2;000;000;255m[VrsDataProvider][INFO]: streamId 1201-2/slam-front-right activated[0m
[0m[38;2;000;000;255m[VrsDataProvider][INFO]: streamId 1201-3/slam-side-left activated[0m
[0m[38;2;000;000;255m[VrsDataProvider][INFO]: streamId 1201-4/slam-side-right activated[0m
[0m[38;2;000;000;255m[VrsDataProvider][INFO]: streamId 1202-1/imu-left activated[0m
[0m[38;2;000;000;255m[VrsDataProvider][INFO]: streamId 1202-2/imu-right activated[0m
[0m[38;2;000;000;255m[VrsDataProvider][INFO]: streamId 1203-1/mag0 activated[0m
[0m[38;2;000;000;255m[XprsDecoder][INFO]: Using H.265 SW decoder named 'hevc' (xprs::gray8 -> vrs::grey8)[0m
[0m[38;2;000;000;255m[TelemetryLogger][INFO]: make_xprs_decoder, video/200x200/pixel=grey8/codec=H.265: H.265/SW/hevc, gray8[0m
[0m[38;2;000;000;255m[XprsDecoder][INFO]: Using H.265 SW decoder named 'hevc' (xprs::gray8 -> vrs::grey8)[0m
[0m[38;2;000;000;255m[TelemetryLogger][INFO]: make_xprs_decoder, video/200x200/pixel=grey8/codec=H.265: H.265/SW/hevc, gray8[0m
[0m[38;2;000;000;255m[XprsDecoder][INFO]: Using H.265 SW decoder named 'hevc' (xprs::yuv420p -> vrs::yuv_i420_split)[0m
[0m[38;2;000;000;255m[TelemetryLogger][INFO]: make_xprs_decoder, video/2016x1512/pixel=yuv_i420_split/codec=H.265: H.265/SW/hevc, yuv420p[0m
[0m[38;2;000;000;255m[XprsDecoder][INFO]: Using H.265 SW decoder named 'hevc' (xprs::gray8 -> vrs::grey8)[0m
[0m[38;2;000;000;255m[TelemetryLogger][INFO]: make_xprs_decoder, video/512x512/pixel=grey8/codec=H.265: H.265/SW/hevc, gray8[0m
[0m[38;2;000;000;255m[XprsDecoder][INFO]: Using H.265 SW decoder named 'hevc' (xprs::gray8 -> vrs::grey8)[0m
[0m[38;2;000;000;255m[TelemetryLogger][INFO]: make_xprs_decoder, video/512x512/pixel=grey8/codec=H.265: H.265/SW/hevc, gray8[0m
[0m[38;2;000;000;255m[XprsDecoder][INFO]: Using H.265 SW decoder named 'hevc' (xprs::gray8 -> vrs::grey8)[0m
[0m[38;2;000;000;255m[TelemetryLogger][INFO]: make_xprs_decoder, video/512x512/pixel=grey8/codec=H.265: H.265/SW/hevc, gray8[0m
[0m[38;2;000;000;255m[XprsDecoder][INFO]: Using H.265 SW decoder named 'hevc' (xprs::gray8 -> vrs::grey8)[0m
[0m[38;2;000;000;255m[TelemetryLogger][INFO]: make_xprs_decoder, video/512x512/pixel=grey8/codec=H.265: H.265/SW/hevc, gray8[0m
[0m[38;2;000;000;255m[ProgressLogger][INFO]: 2026-07-01 17:13:58: Opening /home/eker/Master-Thesis---Multi-modal-User-Intention-Estimation-and-Hand-Position-Prediction/Data_collection/Data_vrs/Berat_3_20260604_154928.vrs...[0m
[0m[38;2;000;128;000m[MultiRecordFileReader][DEBUG]: Opened file '/home/eker/Master-Thesis---Multi-modal-User-Intention-Estimation-and-Hand-Position-Prediction/Data_collection/Data_vrs/Berat_3_20260604_154928.vrs' and assigned to reader #0[0m
[0m[38;2;000;000;255m[VrsDataProvider][INFO]: streamId 211-1/camera-et-left activated[0m
[0m[38;2;000;000;255m[VrsDataProvider][INFO]: streamId 211-2/camera-et-right activated[0m
[0m[38;2;000;000;255m[VrsDataProvider][INFO]: streamId 214-1/camera-rgb activated[0m
[0m[38;2;000;000;255m[VrsDataProvider][INFO]: streamId 231-1/mic activated[0m
[0m[38;2;000;000;255m[VrsDataProvider][INFO]: streamId 246-1/temperature activated[0m
[0m[38;2;000;000;255m[VrsDataProvider][INFO]: streamId 247-1/baro0 activated[0m
[0m[38;2;000;000;255m[VrsDataProvider][INFO]: streamId 248-1/ppg activated[0m
[0m[38;2;000;000;255m[VrsDataProvider][INFO]: streamId 281-1/gps-app activated[0m
[0m[38;2;000;000;255m[VrsDataProvider][INFO]: streamId 282-1/wps activated[0m
[0m[38;2;000;000;255m[VrsDataProvider][INFO]: streamId 283-1/bluetooth activated[0m
[0m[38;2;000;000;255m[VrsDataProvider][INFO]: Utc stream found: 285-1[0m
[0m[38;2;000;000;255m[VrsDataProvider][INFO]: streamId 371-1/handtracking activated[0m
[0m[38;2;000;000;255m[VrsDataProvider][INFO]: streamId 371-2/vio activated[0m
[0m[38;2;000;000;255m[VrsDataProvider][INFO]: streamId 371-3/vio_high_frequency activated[0m
[0m[38;2;000;000;255m[VrsDataProvider][INFO]: streamId 373-1/eyegaze activated[0m
[0m[38;2;000;000;255m[VrsDataProvider][INFO]: streamId 500-1/als activated[0m
[0m[38;2;000;000;255m[VrsDataProvider][INFO]: Fail to activate streamId 502-1[0m
[0m[38;2;000;000;255m[VrsDataProvider][INFO]: streamId 1201-1/slam-front-left activated[0m
[0m[38;2;000;000;255m[VrsDataProvider][INFO]: streamId 1201-2/slam-front-right activated[0m
[0m[38;2;000;000;255m[VrsDataProvider][INFO]: streamId 1201-3/slam-side-left activated[0m
[0m[38;2;000;000;255m[VrsDataProvider][INFO]: streamId 1201-4/slam-side-right activated[0m
[0m[38;2;000;000;255m[VrsDataProvider][INFO]: streamId 1202-1/imu-left activated[0m
[0m[38;2;000;000;255m[VrsDataProvider][INFO]: streamId 1202-2/imu-right activated[0m
[0m[38;2;000;000;255m[VrsDataProvider][INFO]: streamId 1203-1/mag0 activated[0m
[0m[38;2;000;000;255m[XprsDecoder][INFO]: Using H.265 SW decoder named 'hevc' (xprs::gray8 -> vrs::grey8)[0m
[0m[38;2;000;000;255m[TelemetryLogger][INFO]: make_xprs_decoder, video/200x200/pixel=grey8/codec=H.265: H.265/SW/hevc, gray8[0m
[0m[38;2;000;000;255m[XprsDecoder][INFO]: Using H.265 SW decoder named 'hevc' (xprs::gray8 -> vrs::grey8)[0m
[0m[38;2;000;000;255m[TelemetryLogger][INFO]: make_xprs_decoder, video/200x200/pixel=grey8/codec=H.265: H.265/SW/hevc, gray8[0m
[0m[38;2;000;000;255m[XprsDecoder][INFO]: Using H.265 SW decoder named 'hevc' (xprs::yuv420p -> vrs::yuv_i420_split)[0m
[0m[38;2;000;000;255m[TelemetryLogger][INFO]: make_xprs_decoder, video/2016x1512/pixel=yuv_i420_split/codec=H.265: H.265/SW/hevc, yuv420p[0m
[0m[38;2;000;000;255m[XprsDecoder][INFO]: Using H.265 SW decoder named 'hevc' (xprs::gray8 -> vrs::grey8)[0m
[0m[38;2;000;000;255m[TelemetryLogger][INFO]: make_xprs_decoder, video/512x512/pixel=grey8/codec=H.265: H.265/SW/hevc, gray8[0m
[0m[38;2;000;000;255m[XprsDecoder][INFO]: Using H.265 SW decoder named 'hevc' (xprs::gray8 -> vrs::grey8)[0m
[0m[38;2;000;000;255m[TelemetryLogger][INFO]: make_xprs_decoder, video/512x512/pixel=grey8/codec=H.265: H.265/SW/hevc, gray8[0m
[0m[38;2;000;000;255m[XprsDecoder][INFO]: Using H.265 SW decoder named 'hevc' (xprs::gray8 -> vrs::grey8)[0m
[0m[38;2;000;000;255m[TelemetryLogger][INFO]: make_xprs_decoder, video/512x512/pixel=grey8/codec=H.265: H.265/SW/hevc, gray8[0m
[0m[38;2;000;000;255m[XprsDecoder][INFO]: Using H.265 SW decoder named 'hevc' (xprs::gray8 -> vrs::grey8)[0m
[0m[38;2;000;000;255m[TelemetryLogger][INFO]: make_xprs_decoder, video/512x512/pixel=grey8/codec=H.265: H.265/SW/hevc, gray8[0m
[0m[38;2;000;000;255m[ProgressLogger][INFO]: 2026-07-01 17:20:13: Opening /home/eker/Master-Thesis---Multi-modal-User-Intention-Estimation-and-Hand-Position-Prediction/Data_collection/Data_vrs/Berat_4_20260604_155100.vrs...[0m
[0m[38;2;000;128;000m[MultiRecordFileReader][DEBUG]: Opened file '/home/eker/Master-Thesis---Multi-modal-User-Intention-Estimation-and-Hand-Position-Prediction/Data_collection/Data_vrs/Berat_4_20260604_155100.vrs' and assigned to reader #0[0m
[0m[38;2;000;000;255m[VrsDataProvider][INFO]: streamId 211-1/camera-et-left activated[0m
[0m[38;2;000;000;255m[VrsDataProvider][INFO]: streamId 211-2/camera-et-right activated[0m
[0m[38;2;000;000;255m[VrsDataProvider][INFO]: streamId 214-1/camera-rgb activated[0m
[0m[38;2;000;000;255m[VrsDataProvider][INFO]: streamId 231-1/mic activated[0m
[0m[38;2;000;000;255m[VrsDataProvider][INFO]: streamId 246-1/temperature activated[0m
[0m[38;2;000;000;255m[VrsDataProvider][INFO]: streamId 247-1/baro0 activated[0m
[0m[38;2;000;000;255m[VrsDataProvider][INFO]: streamId 248-1/ppg activated[0m
[0m[38;2;000;000;255m[VrsDataProvider][INFO]: streamId 281-1/gps-app activated[0m
[0m[38;2;000;000;255m[VrsDataProvider][INFO]: streamId 282-1/wps activated[0m
[0m[38;2;000;000;255m[VrsDataProvider][INFO]: streamId 283-1/bluetooth activated[0m
[0m[38;2;000;000;255m[VrsDataProvider][INFO]: Utc stream found: 285-1[0m
[0m[38;2;000;000;255m[VrsDataProvider][INFO]: streamId 371-1/handtracking activated[0m
[0m[38;2;000;000;255m[VrsDataProvider][INFO]: streamId 371-2/vio activated[0m
[0m[38;2;000;000;255m[VrsDataProvider][INFO]: streamId 371-3/vio_high_frequency activated[0m
[0m[38;2;000;000;255m[VrsDataProvider][INFO]: streamId 373-1/eyegaze activated[0m
[0m[38;2;000;000;255m[VrsDataProvider][INFO]: streamId 500-1/als activated[0m
[0m[38;2;000;000;255m[VrsDataProvider][INFO]: Fail to activate streamId 502-1[0m
[0m[38;2;000;000;255m[VrsDataProvider][INFO]: streamId 1201-1/slam-front-left activated[0m
[0m[38;2;000;000;255m[VrsDataProvider][INFO]: streamId 1201-2/slam-front-right activated[0m
[0m[38;2;000;000;255m[VrsDataProvider][INFO]: streamId 1201-3/slam-side-left activated[0m
[0m[38;2;000;000;255m[VrsDataProvider][INFO]: streamId 1201-4/slam-side-right activated[0m
[0m[38;2;000;000;255m[VrsDataProvider][INFO]: streamId 1202-1/imu-left activated[0m
[0m[38;2;000;000;255m[VrsDataProvider][INFO]: streamId 1202-2/imu-right activated[0m
[0m[38;2;000;000;255m[VrsDataProvider][INFO]: streamId 1203-1/mag0 activated[0m
[0m[38;2;000;000;255m[XprsDecoder][INFO]: Using H.265 SW decoder named 'hevc' (xprs::gray8 -> vrs::grey8)[0m
[0m[38;2;000;000;255m[TelemetryLogger][INFO]: make_xprs_decoder, video/200x200/pixel=grey8/codec=H.265: H.265/SW/hevc, gray8[0m
[0m[38;2;000;000;255m[XprsDecoder][INFO]: Using H.265 SW decoder named 'hevc' (xprs::gray8 -> vrs::grey8)[0m
[0m[38;2;000;000;255m[TelemetryLogger][INFO]: make_xprs_decoder, video/200x200/pixel=grey8/codec=H.265: H.265/SW/hevc, gray8[0m
[0m[38;2;000;000;255m[XprsDecoder][INFO]: Using H.265 SW decoder named 'hevc' (xprs::yuv420p -> vrs::yuv_i420_split)[0m
[0m[38;2;000;000;255m[TelemetryLogger][INFO]: make_xprs_decoder, video/2016x1512/pixel=yuv_i420_split/codec=H.265: H.265/SW/hevc, yuv420p[0m
[0m[38;2;000;000;255m[XprsDecoder][INFO]: Using H.265 SW decoder named 'hevc' (xprs::gray8 -> vrs::grey8)[0m
[0m[38;2;000;000;255m[TelemetryLogger][INFO]: make_xprs_decoder, video/512x512/pixel=grey8/codec=H.265: H.265/SW/hevc, gray8[0m
[0m[38;2;000;000;255m[XprsDecoder][INFO]: Using H.265 SW decoder named 'hevc' (xprs::gray8 -> vrs::grey8)[0m
[0m[38;2;000;000;255m[TelemetryLogger][INFO]: make_xprs_decoder, video/512x512/pixel=grey8/codec=H.265: H.265/SW/hevc, gray8[0m
[0m[38;2;000;000;255m[XprsDecoder][INFO]: Using H.265 SW decoder named 'hevc' (xprs::gray8 -> vrs::grey8)[0m
[0m[38;2;000;000;255m[TelemetryLogger][INFO]: make_xprs_decoder, video/512x512/pixel=grey8/codec=H.265: H.265/SW/hevc, gray8[0m
[0m[38;2;000;000;255m[XprsDecoder][INFO]: Using H.265 SW decoder named 'hevc' (xprs::gray8 -> vrs::grey8)[0m
[0m[38;2;000;000;255m[TelemetryLogger][INFO]: make_xprs_decoder, video/512x512/pixel=grey8/codec=H.265: H.265/SW/hevc, gray8[0m
[0m[38;2;000;000;255m[ProgressLogger][INFO]: 2026-07-01 17:26:46: Opening /home/eker/Master-Thesis---Multi-modal-User-Intention-Estimation-and-Hand-Position-Prediction/Data_collection/Data_vrs/Berat_5_20260604_155234.vrs...[0m
[0m[38;2;000;128;000m[MultiRecordFileReader][DEBUG]: Opened file '/home/eker/Master-Thesis---Multi-modal-User-Intention-Estimation-and-Hand-Position-Prediction/Data_collection/Data_vrs/Berat_5_20260604_155234.vrs' and assigned to reader #0[0m
[0m[38;2;000;000;255m[VrsDataProvider][INFO]: streamId 211-1/camera-et-left activated[0m
[0m[38;2;000;000;255m[VrsDataProvider][INFO]: streamId 211-2/camera-et-right activated[0m
[0m[38;2;000;000;255m[VrsDataProvider][INFO]: streamId 214-1/camera-rgb activated[0m
[0m[38;2;000;000;255m[VrsDataProvider][INFO]: streamId 231-1/mic activated[0m
[0m[38;2;000;000;255m[VrsDataProvider][INFO]: streamId 246-1/temperature activated[0m
[0m[38;2;000;000;255m[VrsDataProvider][INFO]: streamId 247-1/baro0 activated[0m
[0m[38;2;000;000;255m[VrsDataProvider][INFO]: streamId 248-1/ppg activated[0m
[0m[38;2;000;000;255m[VrsDataProvider][INFO]: streamId 281-1/gps-app activated[0m
[0m[38;2;000;000;255m[VrsDataProvider][INFO]: streamId 282-1/wps activated[0m
[0m[38;2;000;000;255m[VrsDataProvider][INFO]: streamId 283-1/bluetooth activated[0m
[0m[38;2;000;000;255m[VrsDataProvider][INFO]: Utc stream found: 285-1[0m
[0m[38;2;000;000;255m[VrsDataProvider][INFO]: streamId 371-1/handtracking activated[0m
[0m[38;2;000;000;255m[VrsDataProvider][INFO]: streamId 371-2/vio activated[0m
[0m[38;2;000;000;255m[VrsDataProvider][INFO]: streamId 371-3/vio_high_frequency activated[0m
[0m[38;2;000;000;255m[VrsDataProvider][INFO]: streamId 373-1/eyegaze activated[0m
[0m[38;2;000;000;255m[VrsDataProvider][INFO]: streamId 500-1/als activated[0m
[0m[38;2;000;000;255m[VrsDataProvider][INFO]: Fail to activate streamId 502-1[0m
[0m[38;2;000;000;255m[VrsDataProvider][INFO]: streamId 1201-1/slam-front-left activated[0m
[0m[38;2;000;000;255m[VrsDataProvider][INFO]: streamId 1201-2/slam-front-right activated[0m
[0m[38;2;000;000;255m[VrsDataProvider][INFO]: streamId 1201-3/slam-side-left activated[0m
[0m[38;2;000;000;255m[VrsDataProvider][INFO]: streamId 1201-4/slam-side-right activated[0m
[0m[38;2;000;000;255m[VrsDataProvider][INFO]: streamId 1202-1/imu-left activated[0m
[0m[38;2;000;000;255m[VrsDataProvider][INFO]: streamId 1202-2/imu-right activated[0m
[0m[38;2;000;000;255m[VrsDataProvider][INFO]: streamId 1203-1/mag0 activated[0m
[0m[38;2;000;000;255m[XprsDecoder][INFO]: Using H.265 SW decoder named 'hevc' (xprs::gray8 -> vrs::grey8)[0m
[0m[38;2;000;000;255m[TelemetryLogger][INFO]: make_xprs_decoder, video/200x200/pixel=grey8/codec=H.265: H.265/SW/hevc, gray8[0m
[0m[38;2;000;000;255m[XprsDecoder][INFO]: Using H.265 SW decoder named 'hevc' (xprs::gray8 -> vrs::grey8)[0m
[0m[38;2;000;000;255m[TelemetryLogger][INFO]: make_xprs_decoder, video/200x200/pixel=grey8/codec=H.265: H.265/SW/hevc, gray8[0m
[0m[38;2;000;000;255m[XprsDecoder][INFO]: Using H.265 SW decoder named 'hevc' (xprs::yuv420p -> vrs::yuv_i420_split)[0m
[0m[38;2;000;000;255m[TelemetryLogger][INFO]: make_xprs_decoder, video/2016x1512/pixel=yuv_i420_split/codec=H.265: H.265/SW/hevc, yuv420p[0m
[0m[38;2;000;000;255m[XprsDecoder][INFO]: Using H.265 SW decoder named 'hevc' (xprs::gray8 -> vrs::grey8)[0m
[0m[38;2;000;000;255m[TelemetryLogger][INFO]: make_xprs_decoder, video/512x512/pixel=grey8/codec=H.265: H.265/SW/hevc, gray8[0m
[0m[38;2;000;000;255m[XprsDecoder][INFO]: Using H.265 SW decoder named 'hevc' (xprs::gray8 -> vrs::grey8)[0m
[0m[38;2;000;000;255m[TelemetryLogger][INFO]: make_xprs_decoder, video/512x512/pixel=grey8/codec=H.265: H.265/SW/hevc, gray8[0m
[0m[38;2;000;000;255m[XprsDecoder][INFO]: Using H.265 SW decoder named 'hevc' (xprs::gray8 -> vrs::grey8)[0m
[0m[38;2;000;000;255m[TelemetryLogger][INFO]: make_xprs_decoder, video/512x512/pixel=grey8/codec=H.265: H.265/SW/hevc, gray8[0m
[0m[38;2;000;000;255m[XprsDecoder][INFO]: Using H.265 SW decoder named 'hevc' (xprs::gray8 -> vrs::grey8)[0m
[0m[38;2;000;000;255m[TelemetryLogger][INFO]: make_xprs_decoder, video/512x512/pixel=grey8/codec=H.265: H.265/SW/hevc, gray8[0m
[0m[38;2;000;000;255m[ProgressLogger][INFO]: 2026-07-01 17:34:55: Opening /home/eker/Master-Thesis---Multi-modal-User-Intention-Estimation-and-Hand-Position-Prediction/Data_collection/Data_vrs/Berat_6_20260616_142129.vrs...[0m
[0m[38;2;000;128;000m[MultiRecordFileReader][DEBUG]: Opened file '/home/eker/Master-Thesis---Multi-modal-User-Intention-Estimation-and-Hand-Position-Prediction/Data_collection/Data_vrs/Berat_6_20260616_142129.vrs' and assigned to reader #0[0m
[0m[38;2;000;000;255m[VrsDataProvider][INFO]: streamId 211-1/camera-et-left activated[0m
[0m[38;2;000;000;255m[VrsDataProvider][INFO]: streamId 211-2/camera-et-right activated[0m
[0m[38;2;000;000;255m[VrsDataProvider][INFO]: streamId 214-1/camera-rgb activated[0m
[0m[38;2;000;000;255m[VrsDataProvider][INFO]: streamId 231-1/mic activated[0m
[0m[38;2;000;000;255m[VrsDataProvider][INFO]: streamId 246-1/temperature activated[0m
[0m[38;2;000;000;255m[VrsDataProvider][INFO]: streamId 247-1/baro0 activated[0m
[0m[38;2;000;000;255m[VrsDataProvider][INFO]: streamId 248-1/ppg activated[0m
[0m[38;2;000;000;255m[VrsDataProvider][INFO]: streamId 281-1/gps-app activated[0m
[0m[38;2;000;000;255m[VrsDataProvider][INFO]: streamId 282-1/wps activated[0m
[0m[38;2;000;000;255m[VrsDataProvider][INFO]: streamId 283-1/bluetooth activated[0m
[0m[38;2;000;000;255m[VrsDataProvider][INFO]: Utc stream found: 285-1[0m
[0m[38;2;000;000;255m[VrsDataProvider][INFO]: streamId 371-1/handtracking activated[0m
[0m[38;2;000;000;255m[VrsDataProvider][INFO]: streamId 371-2/vio activated[0m
[0m[38;2;000;000;255m[VrsDataProvider][INFO]: streamId 371-3/vio_high_frequency activated[0m
[0m[38;2;000;000;255m[VrsDataProvider][INFO]: streamId 373-1/eyegaze activated[0m
[0m[38;2;000;000;255m[VrsDataProvider][INFO]: streamId 500-1/als activated[0m
[0m[38;2;000;000;255m[VrsDataProvider][INFO]: Fail to activate streamId 502-1[0m
[0m[38;2;000;000;255m[VrsDataProvider][INFO]: streamId 1201-1/slam-front-left activated[0m
[0m[38;2;000;000;255m[VrsDataProvider][INFO]: streamId 1201-2/slam-front-right activated[0m
[0m[38;2;000;000;255m[VrsDataProvider][INFO]: streamId 1201-3/slam-side-left activated[0m
[0m[38;2;000;000;255m[VrsDataProvider][INFO]: streamId 1201-4/slam-side-right activated[0m
[0m[38;2;000;000;255m[VrsDataProvider][INFO]: streamId 1202-1/imu-left activated[0m
[0m[38;2;000;000;255m[VrsDataProvider][INFO]: streamId 1202-2/imu-right activated[0m
[0m[38;2;000;000;255m[VrsDataProvider][INFO]: streamId 1203-1/mag0 activated[0m
[0m[38;2;000;000;255m[XprsDecoder][INFO]: Using H.265 SW decoder named 'hevc' (xprs::gray8 -> vrs::grey8)[0m
[0m[38;2;000;000;255m[TelemetryLogger][INFO]: make_xprs_decoder, video/200x200/pixel=grey8/codec=H.265: H.265/SW/hevc, gray8[0m
[0m[38;2;000;000;255m[XprsDecoder][INFO]: Using H.265 SW decoder named 'hevc' (xprs::gray8 -> vrs::grey8)[0m
[0m[38;2;000;000;255m[TelemetryLogger][INFO]: make_xprs_decoder, video/200x200/pixel=grey8/codec=H.265: H.265/SW/hevc, gray8[0m
[0m[38;2;000;000;255m[XprsDecoder][INFO]: Using H.265 SW decoder named 'hevc' (xprs::yuv420p -> vrs::yuv_i420_split)[0m
[0m[38;2;000;000;255m[TelemetryLogger][INFO]: make_xprs_decoder, video/2016x1512/pixel=yuv_i420_split/codec=H.265: H.265/SW/hevc, yuv420p[0m
[0m[38;2;000;000;255m[XprsDecoder][INFO]: Using H.265 SW decoder named 'hevc' (xprs::gray8 -> vrs::grey8)[0m
[0m[38;2;000;000;255m[TelemetryLogger][INFO]: make_xprs_decoder, video/512x512/pixel=grey8/codec=H.265: H.265/SW/hevc, gray8[0m
[0m[38;2;000;000;255m[XprsDecoder][INFO]: Using H.265 SW decoder named 'hevc' (xprs::gray8 -> vrs::grey8)[0m
[0m[38;2;000;000;255m[TelemetryLogger][INFO]: make_xprs_decoder, video/512x512/pixel=grey8/codec=H.265: H.265/SW/hevc, gray8[0m
[0m[38;2;000;000;255m[XprsDecoder][INFO]: Using H.265 SW decoder named 'hevc' (xprs::gray8 -> vrs::grey8)[0m
[0m[38;2;000;000;255m[TelemetryLogger][INFO]: make_xprs_decoder, video/512x512/pixel=grey8/codec=H.265: H.265/SW/hevc, gray8[0m
[0m[38;2;000;000;255m[XprsDecoder][INFO]: Using H.265 SW decoder named 'hevc' (xprs::gray8 -> vrs::grey8)[0m
[0m[38;2;000;000;255m[TelemetryLogger][INFO]: make_xprs_decoder, video/512x512/pixel=grey8/codec=H.265: H.265/SW/hevc, gray8[0m
[0m[38;2;000;000;255m[ProgressLogger][INFO]: 2026-07-01 17:40:25: Opening /home/eker/Master-Thesis---Multi-modal-User-Intention-Estimation-and-Hand-Position-Prediction/Data_collection/Data_vrs/Berat_7_20260616_142358.vrs...[0m
[0m[38;2;000;128;000m[MultiRecordFileReader][DEBUG]: Opened file '/home/eker/Master-Thesis---Multi-modal-User-Intention-Estimation-and-Hand-Position-Prediction/Data_collection/Data_vrs/Berat_7_20260616_142358.vrs' and assigned to reader #0[0m
[0m[38;2;000;000;255m[VrsDataProvider][INFO]: streamId 211-1/camera-et-left activated[0m
[0m[38;2;000;000;255m[VrsDataProvider][INFO]: streamId 211-2/camera-et-right activated[0m
[0m[38;2;000;000;255m[VrsDataProvider][INFO]: streamId 214-1/camera-rgb activated[0m
[0m[38;2;000;000;255m[VrsDataProvider][INFO]: streamId 231-1/mic activated[0m
[0m[38;2;000;000;255m[VrsDataProvider][INFO]: streamId 246-1/temperature activated[0m
[0m[38;2;000;000;255m[VrsDataProvider][INFO]: streamId 247-1/baro0 activated[0m
[0m[38;2;000;000;255m[VrsDataProvider][INFO]: streamId 248-1/ppg activated[0m
[0m[38;2;000;000;255m[VrsDataProvider][INFO]: streamId 281-1/gps-app activated[0m
[0m[38;2;000;000;255m[VrsDataProvider][INFO]: streamId 282-1/wps activated[0m
[0m[38;2;000;000;255m[VrsDataProvider][INFO]: streamId 283-1/bluetooth activated[0m
[0m[38;2;000;000;255m[VrsDataProvider][INFO]: Utc stream found: 285-1[0m
[0m[38;2;000;000;255m[VrsDataProvider][INFO]: streamId 371-1/handtracking activated[0m
[0m[38;2;000;000;255m[VrsDataProvider][INFO]: streamId 371-2/vio activated[0m
[0m[38;2;000;000;255m[VrsDataProvider][INFO]: streamId 371-3/vio_high_frequency activated[0m
[0m[38;2;000;000;255m[VrsDataProvider][INFO]: streamId 373-1/eyegaze activated[0m
[0m[38;2;000;000;255m[VrsDataProvider][INFO]: streamId 500-1/als activated[0m
[0m[38;2;000;000;255m[VrsDataProvider][INFO]: Fail to activate streamId 502-1[0m
[0m[38;2;000;000;255m[VrsDataProvider][INFO]: streamId 1201-1/slam-front-left activated[0m
[0m[38;2;000;000;255m[VrsDataProvider][INFO]: streamId 1201-2/slam-front-right activated[0m
[0m[38;2;000;000;255m[VrsDataProvider][INFO]: streamId 1201-3/slam-side-left activated[0m
[0m[38;2;000;000;255m[VrsDataProvider][INFO]: streamId 1201-4/slam-side-right activated[0m
[0m[38;2;000;000;255m[VrsDataProvider][INFO]: streamId 1202-1/imu-left activated[0m
[0m[38;2;000;000;255m[VrsDataProvider][INFO]: streamId 1202-2/imu-right activated[0m
[0m[38;2;000;000;255m[VrsDataProvider][INFO]: streamId 1203-1/mag0 activated[0m
[0m[38;2;000;000;255m[XprsDecoder][INFO]: Using H.265 SW decoder named 'hevc' (xprs::gray8 -> vrs::grey8)[0m
[0m[38;2;000;000;255m[TelemetryLogger][INFO]: make_xprs_decoder, video/200x200/pixel=grey8/codec=H.265: H.265/SW/hevc, gray8[0m
[0m[38;2;000;000;255m[XprsDecoder][INFO]: Using H.265 SW decoder named 'hevc' (xprs::gray8 -> vrs::grey8)[0m
[0m[38;2;000;000;255m[TelemetryLogger][INFO]: make_xprs_decoder, video/200x200/pixel=grey8/codec=H.265: H.265/SW/hevc, gray8[0m
[0m[38;2;000;000;255m[XprsDecoder][INFO]: Using H.265 SW decoder named 'hevc' (xprs::yuv420p -> vrs::yuv_i420_split)[0m
[0m[38;2;000;000;255m[TelemetryLogger][INFO]: make_xprs_decoder, video/2016x1512/pixel=yuv_i420_split/codec=H.265: H.265/SW/hevc, yuv420p[0m
[0m[38;2;000;000;255m[XprsDecoder][INFO]: Using H.265 SW decoder named 'hevc' (xprs::gray8 -> vrs::grey8)[0m
[0m[38;2;000;000;255m[TelemetryLogger][INFO]: make_xprs_decoder, video/512x512/pixel=grey8/codec=H.265: H.265/SW/hevc, gray8[0m
[0m[38;2;000;000;255m[XprsDecoder][INFO]: Using H.265 SW decoder named 'hevc' (xprs::gray8 -> vrs::grey8)[0m
[0m[38;2;000;000;255m[TelemetryLogger][INFO]: make_xprs_decoder, video/512x512/pixel=grey8/codec=H.265: H.265/SW/hevc, gray8[0m
[0m[38;2;000;000;255m[XprsDecoder][INFO]: Using H.265 SW decoder named 'hevc' (xprs::gray8 -> vrs::grey8)[0m
[0m[38;2;000;000;255m[TelemetryLogger][INFO]: make_xprs_decoder, video/512x512/pixel=grey8/codec=H.265: H.265/SW/hevc, gray8[0m
[0m[38;2;000;000;255m[XprsDecoder][INFO]: Using H.265 SW decoder named 'hevc' (xprs::gray8 -> vrs::grey8)[0m
[0m[38;2;000;000;255m[TelemetryLogger][INFO]: make_xprs_decoder, video/512x512/pixel=grey8/codec=H.265: H.265/SW/hevc, gray8[0m
[0m[38;2;000;000;255m[ProgressLogger][INFO]: 2026-07-01 17:46:00: Opening /home/eker/Master-Thesis---Multi-modal-User-Intention-Estimation-and-Hand-Position-Prediction/Data_collection/Data_vrs/Berat_8_20260616_142539.vrs...[0m
[0m[38;2;000;128;000m[MultiRecordFileReader][DEBUG]: Opened file '/home/eker/Master-Thesis---Multi-modal-User-Intention-Estimation-and-Hand-Position-Prediction/Data_collection/Data_vrs/Berat_8_20260616_142539.vrs' and assigned to reader #0[0m
[0m[38;2;000;000;255m[VrsDataProvider][INFO]: streamId 211-1/camera-et-left activated[0m
[0m[38;2;000;000;255m[VrsDataProvider][INFO]: streamId 211-2/camera-et-right activated[0m
[0m[38;2;000;000;255m[VrsDataProvider][INFO]: streamId 214-1/camera-rgb activated[0m
[0m[38;2;000;000;255m[VrsDataProvider][INFO]: streamId 231-1/mic activated[0m
[0m[38;2;000;000;255m[VrsDataProvider][INFO]: streamId 246-1/temperature activated[0m
[0m[38;2;000;000;255m[VrsDataProvider][INFO]: streamId 247-1/baro0 activated[0m
[0m[38;2;000;000;255m[VrsDataProvider][INFO]: streamId 248-1/ppg activated[0m
[0m[38;2;000;000;255m[VrsDataProvider][INFO]: streamId 281-1/gps-app activated[0m
[0m[38;2;000;000;255m[VrsDataProvider][INFO]: streamId 282-1/wps activated[0m
[0m[38;2;000;000;255m[VrsDataProvider][INFO]: streamId 283-1/bluetooth activated[0m
[0m[38;2;000;000;255m[VrsDataProvider][INFO]: Utc stream found: 285-1[0m
[0m[38;2;000;000;255m[VrsDataProvider][INFO]: streamId 371-1/handtracking activated[0m
[0m[38;2;000;000;255m[VrsDataProvider][INFO]: streamId 371-2/vio activated[0m
[0m[38;2;000;000;255m[VrsDataProvider][INFO]: streamId 371-3/vio_high_frequency activated[0m
[0m[38;2;000;000;255m[VrsDataProvider][INFO]: streamId 373-1/eyegaze activated[0m
[0m[38;2;000;000;255m[VrsDataProvider][INFO]: streamId 500-1/als activated[0m
[0m[38;2;000;000;255m[VrsDataProvider][INFO]: Fail to activate streamId 502-1[0m
[0m[38;2;000;000;255m[VrsDataProvider][INFO]: streamId 1201-1/slam-front-left activated[0m
[0m[38;2;000;000;255m[VrsDataProvider][INFO]: streamId 1201-2/slam-front-right activated[0m
[0m[38;2;000;000;255m[VrsDataProvider][INFO]: streamId 1201-3/slam-side-left activated[0m
[0m[38;2;000;000;255m[VrsDataProvider][INFO]: streamId 1201-4/slam-side-right activated[0m
[0m[38;2;000;000;255m[VrsDataProvider][INFO]: streamId 1202-1/imu-left activated[0m
[0m[38;2;000;000;255m[VrsDataProvider][INFO]: streamId 1202-2/imu-right activated[0m
[0m[38;2;000;000;255m[VrsDataProvider][INFO]: streamId 1203-1/mag0 activated[0m
[0m[38;2;000;000;255m[XprsDecoder][INFO]: Using H.265 SW decoder named 'hevc' (xprs::gray8 -> vrs::grey8)[0m
[0m[38;2;000;000;255m[TelemetryLogger][INFO]: make_xprs_decoder, video/200x200/pixel=grey8/codec=H.265: H.265/SW/hevc, gray8[0m
[0m[38;2;000;000;255m[XprsDecoder][INFO]: Using H.265 SW decoder named 'hevc' (xprs::gray8 -> vrs::grey8)[0m
[0m[38;2;000;000;255m[TelemetryLogger][INFO]: make_xprs_decoder, video/200x200/pixel=grey8/codec=H.265: H.265/SW/hevc, gray8[0m
[0m[38;2;000;000;255m[XprsDecoder][INFO]: Using H.265 SW decoder named 'hevc' (xprs::yuv420p -> vrs::yuv_i420_split)[0m
[0m[38;2;000;000;255m[TelemetryLogger][INFO]: make_xprs_decoder, video/2016x1512/pixel=yuv_i420_split/codec=H.265: H.265/SW/hevc, yuv420p[0m
[0m[38;2;000;000;255m[XprsDecoder][INFO]: Using H.265 SW decoder named 'hevc' (xprs::gray8 -> vrs::grey8)[0m
[0m[38;2;000;000;255m[TelemetryLogger][INFO]: make_xprs_decoder, video/512x512/pixel=grey8/codec=H.265: H.265/SW/hevc, gray8[0m
[0m[38;2;000;000;255m[XprsDecoder][INFO]: Using H.265 SW decoder named 'hevc' (xprs::gray8 -> vrs::grey8)[0m
[0m[38;2;000;000;255m[TelemetryLogger][INFO]: make_xprs_decoder, video/512x512/pixel=grey8/codec=H.265: H.265/SW/hevc, gray8[0m
[0m[38;2;000;000;255m[XprsDecoder][INFO]: Using H.265 SW decoder named 'hevc' (xprs::gray8 -> vrs::grey8)[0m
[0m[38;2;000;000;255m[TelemetryLogger][INFO]: make_xprs_decoder, video/512x512/pixel=grey8/codec=H.265: H.265/SW/hevc, gray8[0m
[0m[38;2;000;000;255m[XprsDecoder][INFO]: Using H.265 SW decoder named 'hevc' (xprs::gray8 -> vrs::grey8)[0m
[0m[38;2;000;000;255m[TelemetryLogger][INFO]: make_xprs_decoder, video/512x512/pixel=grey8/codec=H.265: H.265/SW/hevc, gray8[0m
[0m[38;2;000;000;255m[ProgressLogger][INFO]: 2026-07-01 17:52:35: Opening /home/eker/Master-Thesis---Multi-modal-User-Intention-Estimation-and-Hand-Position-Prediction/Data_collection/Data_vrs/Berat_9_20260616_142847.vrs...[0m
[0m[38;2;000;128;000m[MultiRecordFileReader][DEBUG]: Opened file '/home/eker/Master-Thesis---Multi-modal-User-Intention-Estimation-and-Hand-Position-Prediction/Data_collection/Data_vrs/Berat_9_20260616_142847.vrs' and assigned to reader #0[0m
[0m[38;2;000;000;255m[VrsDataProvider][INFO]: streamId 211-1/camera-et-left activated[0m
[0m[38;2;000;000;255m[VrsDataProvider][INFO]: streamId 211-2/camera-et-right activated[0m
[0m[38;2;000;000;255m[VrsDataProvider][INFO]: streamId 214-1/camera-rgb activated[0m
[0m[38;2;000;000;255m[VrsDataProvider][INFO]: streamId 231-1/mic activated[0m
[0m[38;2;000;000;255m[VrsDataProvider][INFO]: streamId 246-1/temperature activated[0m
[0m[38;2;000;000;255m[VrsDataProvider][INFO]: streamId 247-1/baro0 activated[0m
[0m[38;2;000;000;255m[VrsDataProvider][INFO]: streamId 248-1/ppg activated[0m
[0m[38;2;000;000;255m[VrsDataProvider][INFO]: streamId 281-1/gps-app activated[0m
[0m[38;2;000;000;255m[VrsDataProvider][INFO]: streamId 282-1/wps activated[0m
[0m[38;2;000;000;255m[VrsDataProvider][INFO]: streamId 283-1/bluetooth activated[0m
[0m[38;2;000;000;255m[VrsDataProvider][INFO]: Utc stream found: 285-1[0m
[0m[38;2;000;000;255m[VrsDataProvider][INFO]: streamId 371-1/handtracking activated[0m
[0m[38;2;000;000;255m[VrsDataProvider][INFO]: streamId 371-2/vio activated[0m
[0m[38;2;000;000;255m[VrsDataProvider][INFO]: streamId 371-3/vio_high_frequency activated[0m
[0m[38;2;000;000;255m[VrsDataProvider][INFO]: streamId 373-1/eyegaze activated[0m
[0m[38;2;000;000;255m[VrsDataProvider][INFO]: streamId 500-1/als activated[0m
[0m[38;2;000;000;255m[VrsDataProvider][INFO]: Fail to activate streamId 502-1[0m
[0m[38;2;000;000;255m[VrsDataProvider][INFO]: streamId 1201-1/slam-front-left activated[0m
[0m[38;2;000;000;255m[VrsDataProvider][INFO]: streamId 1201-2/slam-front-right activated[0m
[0m[38;2;000;000;255m[VrsDataProvider][INFO]: streamId 1201-3/slam-side-left activated[0m
[0m[38;2;000;000;255m[VrsDataProvider][INFO]: streamId 1201-4/slam-side-right activated[0m
[0m[38;2;000;000;255m[VrsDataProvider][INFO]: streamId 1202-1/imu-left activated[0m
[0m[38;2;000;000;255m[VrsDataProvider][INFO]: streamId 1202-2/imu-right activated[0m
[0m[38;2;000;000;255m[VrsDataProvider][INFO]: streamId 1203-1/mag0 activated[0m
[0m[38;2;000;000;255m[XprsDecoder][INFO]: Using H.265 SW decoder named 'hevc' (xprs::gray8 -> vrs::grey8)[0m
[0m[38;2;000;000;255m[TelemetryLogger][INFO]: make_xprs_decoder, video/200x200/pixel=grey8/codec=H.265: H.265/SW/hevc, gray8[0m
[0m[38;2;000;000;255m[XprsDecoder][INFO]: Using H.265 SW decoder named 'hevc' (xprs::gray8 -> vrs::grey8)[0m
[0m[38;2;000;000;255m[TelemetryLogger][INFO]: make_xprs_decoder, video/200x200/pixel=grey8/codec=H.265: H.265/SW/hevc, gray8[0m
[0m[38;2;000;000;255m[XprsDecoder][INFO]: Using H.265 SW decoder named 'hevc' (xprs::yuv420p -> vrs::yuv_i420_split)[0m
[0m[38;2;000;000;255m[TelemetryLogger][INFO]: make_xprs_decoder, video/2016x1512/pixel=yuv_i420_split/codec=H.265: H.265/SW/hevc, yuv420p[0m
[0m[38;2;000;000;255m[XprsDecoder][INFO]: Using H.265 SW decoder named 'hevc' (xprs::gray8 -> vrs::grey8)[0m
[0m[38;2;000;000;255m[TelemetryLogger][INFO]: make_xprs_decoder, video/512x512/pixel=grey8/codec=H.265: H.265/SW/hevc, gray8[0m
[0m[38;2;000;000;255m[XprsDecoder][INFO]: Using H.265 SW decoder named 'hevc' (xprs::gray8 -> vrs::grey8)[0m
[0m[38;2;000;000;255m[TelemetryLogger][INFO]: make_xprs_decoder, video/512x512/pixel=grey8/codec=H.265: H.265/SW/hevc, gray8[0m
[0m[38;2;000;000;255m[XprsDecoder][INFO]: Using H.265 SW decoder named 'hevc' (xprs::gray8 -> vrs::grey8)[0m
[0m[38;2;000;000;255m[TelemetryLogger][INFO]: make_xprs_decoder, video/512x512/pixel=grey8/codec=H.265: H.265/SW/hevc, gray8[0m
[0m[38;2;000;000;255m[XprsDecoder][INFO]: Using H.265 SW decoder named 'hevc' (xprs::gray8 -> vrs::grey8)[0m
[0m[38;2;000;000;255m[TelemetryLogger][INFO]: make_xprs_decoder, video/512x512/pixel=grey8/codec=H.265: H.265/SW/hevc, gray8[0m
[0m[38;2;000;000;255m[ProgressLogger][INFO]: 2026-07-01 17:58:57: Opening /home/eker/Master-Thesis---Multi-modal-User-Intention-Estimation-and-Hand-Position-Prediction/Data_collection/Data_vrs/Edu_10_20260616_150412.vrs...[0m
[0m[38;2;000;128;000m[MultiRecordFileReader][DEBUG]: Opened file '/home/eker/Master-Thesis---Multi-modal-User-Intention-Estimation-and-Hand-Position-Prediction/Data_collection/Data_vrs/Edu_10_20260616_150412.vrs' and assigned to reader #0[0m
[0m[38;2;000;000;255m[VrsDataProvider][INFO]: streamId 211-1/camera-et-left activated[0m
[0m[38;2;000;000;255m[VrsDataProvider][INFO]: streamId 211-2/camera-et-right activated[0m
[0m[38;2;000;000;255m[VrsDataProvider][INFO]: streamId 214-1/camera-rgb activated[0m
[0m[38;2;000;000;255m[VrsDataProvider][INFO]: streamId 231-1/mic activated[0m
[0m[38;2;000;000;255m[VrsDataProvider][INFO]: streamId 246-1/temperature activated[0m
[0m[38;2;000;000;255m[VrsDataProvider][INFO]: streamId 247-1/baro0 activated[0m
[0m[38;2;000;000;255m[VrsDataProvider][INFO]: streamId 248-1/ppg activated[0m
[0m[38;2;000;000;255m[VrsDataProvider][INFO]: streamId 281-1/gps-app activated[0m
[0m[38;2;000;000;255m[VrsDataProvider][INFO]: streamId 282-1/wps activated[0m
[0m[38;2;000;000;255m[VrsDataProvider][INFO]: streamId 283-1/bluetooth activated[0m
[0m[38;2;000;000;255m[VrsDataProvider][INFO]: Utc stream found: 285-1[0m
[0m[38;2;000;000;255m[VrsDataProvider][INFO]: streamId 371-1/handtracking activated[0m
[0m[38;2;000;000;255m[VrsDataProvider][INFO]: streamId 371-2/vio activated[0m
[0m[38;2;000;000;255m[VrsDataProvider][INFO]: streamId 371-3/vio_high_frequency activated[0m
[0m[38;2;000;000;255m[VrsDataProvider][INFO]: streamId 373-1/eyegaze activated[0m
[0m[38;2;000;000;255m[VrsDataProvider][INFO]: streamId 500-1/als activated[0m
[0m[38;2;000;000;255m[VrsDataProvider][INFO]: Fail to activate streamId 502-1[0m
[0m[38;2;000;000;255m[VrsDataProvider][INFO]: streamId 1201-1/slam-front-left activated[0m
[0m[38;2;000;000;255m[VrsDataProvider][INFO]: streamId 1201-2/slam-front-right activated[0m
[0m[38;2;000;000;255m[VrsDataProvider][INFO]: streamId 1201-3/slam-side-left activated[0m
[0m[38;2;000;000;255m[VrsDataProvider][INFO]: streamId 1201-4/slam-side-right activated[0m
[0m[38;2;000;000;255m[VrsDataProvider][INFO]: streamId 1202-1/imu-left activated[0m
[0m[38;2;000;000;255m[VrsDataProvider][INFO]: streamId 1202-2/imu-right activated[0m
[0m[38;2;000;000;255m[VrsDataProvider][INFO]: streamId 1203-1/mag0 activated[0m
[0m[38;2;000;000;255m[XprsDecoder][INFO]: Using H.265 SW decoder named 'hevc' (xprs::gray8 -> vrs::grey8)[0m
[0m[38;2;000;000;255m[TelemetryLogger][INFO]: make_xprs_decoder, video/200x200/pixel=grey8/codec=H.265: H.265/SW/hevc, gray8[0m
[0m[38;2;000;000;255m[XprsDecoder][INFO]: Using H.265 SW decoder named 'hevc' (xprs::gray8 -> vrs::grey8)[0m
[0m[38;2;000;000;255m[TelemetryLogger][INFO]: make_xprs_decoder, video/200x200/pixel=grey8/codec=H.265: H.265/SW/hevc, gray8[0m
[0m[38;2;000;000;255m[XprsDecoder][INFO]: Using H.265 SW decoder named 'hevc' (xprs::yuv420p -> vrs::yuv_i420_split)[0m
[0m[38;2;000;000;255m[TelemetryLogger][INFO]: make_xprs_decoder, video/2016x1512/pixel=yuv_i420_split/codec=H.265: H.265/SW/hevc, yuv420p[0m
[0m[38;2;000;000;255m[XprsDecoder][INFO]: Using H.265 SW decoder named 'hevc' (xprs::gray8 -> vrs::grey8)[0m
[0m[38;2;000;000;255m[TelemetryLogger][INFO]: make_xprs_decoder, video/512x512/pixel=grey8/codec=H.265: H.265/SW/hevc, gray8[0m
[0m[38;2;000;000;255m[XprsDecoder][INFO]: Using H.265 SW decoder named 'hevc' (xprs::gray8 -> vrs::grey8)[0m
[0m[38;2;000;000;255m[TelemetryLogger][INFO]: make_xprs_decoder, video/512x512/pixel=grey8/codec=H.265: H.265/SW/hevc, gray8[0m
[0m[38;2;000;000;255m[XprsDecoder][INFO]: Using H.265 SW decoder named 'hevc' (xprs::gray8 -> vrs::grey8)[0m
[0m[38;2;000;000;255m[TelemetryLogger][INFO]: make_xprs_decoder, video/512x512/pixel=grey8/codec=H.265: H.265/SW/hevc, gray8[0m
[0m[38;2;000;000;255m[XprsDecoder][INFO]: Using H.265 SW decoder named 'hevc' (xprs::gray8 -> vrs::grey8)[0m
[0m[38;2;000;000;255m[TelemetryLogger][INFO]: make_xprs_decoder, video/512x512/pixel=grey8/codec=H.265: H.265/SW/hevc, gray8[0m
[0m[38;2;000;000;255m[ProgressLogger][INFO]: 2026-07-01 18:04:19: Opening /home/eker/Master-Thesis---Multi-modal-User-Intention-Estimation-and-Hand-Position-Prediction/Data_collection/Data_vrs/Edu_1_20260604_170154.vrs...[0m
[0m[38;2;000;128;000m[MultiRecordFileReader][DEBUG]: Opened file '/home/eker/Master-Thesis---Multi-modal-User-Intention-Estimation-and-Hand-Position-Prediction/Data_collection/Data_vrs/Edu_1_20260604_170154.vrs' and assigned to reader #0[0m
[0m[38;2;000;000;255m[VrsDataProvider][INFO]: streamId 211-1/camera-et-left activated[0m
[0m[38;2;000;000;255m[VrsDataProvider][INFO]: streamId 211-2/camera-et-right activated[0m
[0m[38;2;000;000;255m[VrsDataProvider][INFO]: streamId 214-1/camera-rgb activated[0m
[0m[38;2;000;000;255m[VrsDataProvider][INFO]: streamId 231-1/mic activated[0m
[0m[38;2;000;000;255m[VrsDataProvider][INFO]: streamId 246-1/temperature activated[0m
[0m[38;2;000;000;255m[VrsDataProvider][INFO]: streamId 247-1/baro0 activated[0m
[0m[38;2;000;000;255m[VrsDataProvider][INFO]: streamId 248-1/ppg activated[0m
[0m[38;2;000;000;255m[VrsDataProvider][INFO]: streamId 281-1/gps-app activated[0m
[0m[38;2;000;000;255m[VrsDataProvider][INFO]: streamId 282-1/wps activated[0m
[0m[38;2;000;000;255m[VrsDataProvider][INFO]: streamId 283-1/bluetooth activated[0m
[0m[38;2;000;000;255m[VrsDataProvider][INFO]: Utc stream found: 285-1[0m
[0m[38;2;000;000;255m[VrsDataProvider][INFO]: streamId 371-1/handtracking activated[0m
[0m[38;2;000;000;255m[VrsDataProvider][INFO]: streamId 371-2/vio activated[0m
[0m[38;2;000;000;255m[VrsDataProvider][INFO]: streamId 371-3/vio_high_frequency activated[0m
[0m[38;2;000;000;255m[VrsDataProvider][INFO]: streamId 373-1/eyegaze activated[0m
[0m[38;2;000;000;255m[VrsDataProvider][INFO]: streamId 500-1/als activated[0m
[0m[38;2;000;000;255m[VrsDataProvider][INFO]: Fail to activate streamId 502-1[0m
[0m[38;2;000;000;255m[VrsDataProvider][INFO]: streamId 1201-1/slam-front-left activated[0m
[0m[38;2;000;000;255m[VrsDataProvider][INFO]: streamId 1201-2/slam-front-right activated[0m
[0m[38;2;000;000;255m[VrsDataProvider][INFO]: streamId 1201-3/slam-side-left activated[0m
[0m[38;2;000;000;255m[VrsDataProvider][INFO]: streamId 1201-4/slam-side-right activated[0m
[0m[38;2;000;000;255m[VrsDataProvider][INFO]: streamId 1202-1/imu-left activated[0m
[0m[38;2;000;000;255m[VrsDataProvider][INFO]: streamId 1202-2/imu-right activated[0m
[0m[38;2;000;000;255m[VrsDataProvider][INFO]: streamId 1203-1/mag0 activated[0m
[0m[38;2;000;000;255m[XprsDecoder][INFO]: Using H.265 SW decoder named 'hevc' (xprs::gray8 -> vrs::grey8)[0m
[0m[38;2;000;000;255m[TelemetryLogger][INFO]: make_xprs_decoder, video/200x200/pixel=grey8/codec=H.265: H.265/SW/hevc, gray8[0m
[0m[38;2;000;000;255m[XprsDecoder][INFO]: Using H.265 SW decoder named 'hevc' (xprs::gray8 -> vrs::grey8)[0m
[0m[38;2;000;000;255m[TelemetryLogger][INFO]: make_xprs_decoder, video/200x200/pixel=grey8/codec=H.265: H.265/SW/hevc, gray8[0m
[0m[38;2;000;000;255m[XprsDecoder][INFO]: Using H.265 SW decoder named 'hevc' (xprs::yuv420p -> vrs::yuv_i420_split)[0m
[0m[38;2;000;000;255m[TelemetryLogger][INFO]: make_xprs_decoder, video/2016x1512/pixel=yuv_i420_split/codec=H.265: H.265/SW/hevc, yuv420p[0m
[0m[38;2;000;000;255m[XprsDecoder][INFO]: Using H.265 SW decoder named 'hevc' (xprs::gray8 -> vrs::grey8)[0m
[0m[38;2;000;000;255m[TelemetryLogger][INFO]: make_xprs_decoder, video/512x512/pixel=grey8/codec=H.265: H.265/SW/hevc, gray8[0m
[0m[38;2;000;000;255m[XprsDecoder][INFO]: Using H.265 SW decoder named 'hevc' (xprs::gray8 -> vrs::grey8)[0m
[0m[38;2;000;000;255m[TelemetryLogger][INFO]: make_xprs_decoder, video/512x512/pixel=grey8/codec=H.265: H.265/SW/hevc, gray8[0m
[0m[38;2;000;000;255m[XprsDecoder][INFO]: Using H.265 SW decoder named 'hevc' (xprs::gray8 -> vrs::grey8)[0m
[0m[38;2;000;000;255m[TelemetryLogger][INFO]: make_xprs_decoder, video/512x512/pixel=grey8/codec=H.265: H.265/SW/hevc, gray8[0m
[0m[38;2;000;000;255m[XprsDecoder][INFO]: Using H.265 SW decoder named 'hevc' (xprs::gray8 -> vrs::grey8)[0m
[0m[38;2;000;000;255m[TelemetryLogger][INFO]: make_xprs_decoder, video/512x512/pixel=grey8/codec=H.265: H.265/SW/hevc, gray8[0m
[0m[38;2;000;000;255m[ProgressLogger][INFO]: 2026-07-01 18:11:05: Opening /home/eker/Master-Thesis---Multi-modal-User-Intention-Estimation-and-Hand-Position-Prediction/Data_collection/Data_vrs/Edu_2_20260604_170420.vrs...[0m
[0m[38;2;000;128;000m[MultiRecordFileReader][DEBUG]: Opened file '/home/eker/Master-Thesis---Multi-modal-User-Intention-Estimation-and-Hand-Position-Prediction/Data_collection/Data_vrs/Edu_2_20260604_170420.vrs' and assigned to reader #0[0m
[0m[38;2;000;000;255m[VrsDataProvider][INFO]: streamId 211-1/camera-et-left activated[0m
[0m[38;2;000;000;255m[VrsDataProvider][INFO]: streamId 211-2/camera-et-right activated[0m
[0m[38;2;000;000;255m[VrsDataProvider][INFO]: streamId 214-1/camera-rgb activated[0m
[0m[38;2;000;000;255m[VrsDataProvider][INFO]: streamId 231-1/mic activated[0m
[0m[38;2;000;000;255m[VrsDataProvider][INFO]: streamId 246-1/temperature activated[0m
[0m[38;2;000;000;255m[VrsDataProvider][INFO]: streamId 247-1/baro0 activated[0m
[0m[38;2;000;000;255m[VrsDataProvider][INFO]: streamId 248-1/ppg activated[0m
[0m[38;2;000;000;255m[VrsDataProvider][INFO]: streamId 281-1/gps-app activated[0m
[0m[38;2;000;000;255m[VrsDataProvider][INFO]: streamId 282-1/wps activated[0m
[0m[38;2;000;000;255m[VrsDataProvider][INFO]: streamId 283-1/bluetooth activated[0m
[0m[38;2;000;000;255m[VrsDataProvider][INFO]: Utc stream found: 285-1[0m
[0m[38;2;000;000;255m[VrsDataProvider][INFO]: streamId 371-1/handtracking activated[0m
[0m[38;2;000;000;255m[VrsDataProvider][INFO]: streamId 371-2/vio activated[0m
[0m[38;2;000;000;255m[VrsDataProvider][INFO]: streamId 371-3/vio_high_frequency activated[0m
[0m[38;2;000;000;255m[VrsDataProvider][INFO]: streamId 373-1/eyegaze activated[0m
[0m[38;2;000;000;255m[VrsDataProvider][INFO]: streamId 500-1/als activated[0m
[0m[38;2;000;000;255m[VrsDataProvider][INFO]: Fail to activate streamId 502-1[0m
[0m[38;2;000;000;255m[VrsDataProvider][INFO]: streamId 1201-1/slam-front-left activated[0m
[0m[38;2;000;000;255m[VrsDataProvider][INFO]: streamId 1201-2/slam-front-right activated[0m
[0m[38;2;000;000;255m[VrsDataProvider][INFO]: streamId 1201-3/slam-side-left activated[0m
[0m[38;2;000;000;255m[VrsDataProvider][INFO]: streamId 1201-4/slam-side-right activated[0m
[0m[38;2;000;000;255m[VrsDataProvider][INFO]: streamId 1202-1/imu-left activated[0m
[0m[38;2;000;000;255m[VrsDataProvider][INFO]: streamId 1202-2/imu-right activated[0m
[0m[38;2;000;000;255m[VrsDataProvider][INFO]: streamId 1203-1/mag0 activated[0m
[0m[38;2;000;000;255m[XprsDecoder][INFO]: Using H.265 SW decoder named 'hevc' (xprs::gray8 -> vrs::grey8)[0m
[0m[38;2;000;000;255m[TelemetryLogger][INFO]: make_xprs_decoder, video/200x200/pixel=grey8/codec=H.265: H.265/SW/hevc, gray8[0m
[0m[38;2;000;000;255m[XprsDecoder][INFO]: Using H.265 SW decoder named 'hevc' (xprs::gray8 -> vrs::grey8)[0m
[0m[38;2;000;000;255m[TelemetryLogger][INFO]: make_xprs_decoder, video/200x200/pixel=grey8/codec=H.265: H.265/SW/hevc, gray8[0m
[0m[38;2;000;000;255m[XprsDecoder][INFO]: Using H.265 SW decoder named 'hevc' (xprs::yuv420p -> vrs::yuv_i420_split)[0m
[0m[38;2;000;000;255m[TelemetryLogger][INFO]: make_xprs_decoder, video/2016x1512/pixel=yuv_i420_split/codec=H.265: H.265/SW/hevc, yuv420p[0m
[0m[38;2;000;000;255m[XprsDecoder][INFO]: Using H.265 SW decoder named 'hevc' (xprs::gray8 -> vrs::grey8)[0m
[0m[38;2;000;000;255m[TelemetryLogger][INFO]: make_xprs_decoder, video/512x512/pixel=grey8/codec=H.265: H.265/SW/hevc, gray8[0m
[0m[38;2;000;000;255m[XprsDecoder][INFO]: Using H.265 SW decoder named 'hevc' (xprs::gray8 -> vrs::grey8)[0m
[0m[38;2;000;000;255m[TelemetryLogger][INFO]: make_xprs_decoder, video/512x512/pixel=grey8/codec=H.265: H.265/SW/hevc, gray8[0m
[0m[38;2;000;000;255m[XprsDecoder][INFO]: Using H.265 SW decoder named 'hevc' (xprs::gray8 -> vrs::grey8)[0m
[0m[38;2;000;000;255m[TelemetryLogger][INFO]: make_xprs_decoder, video/512x512/pixel=grey8/codec=H.265: H.265/SW/hevc, gray8[0m
[0m[38;2;000;000;255m[XprsDecoder][INFO]: Using H.265 SW decoder named 'hevc' (xprs::gray8 -> vrs::grey8)[0m
[0m[38;2;000;000;255m[TelemetryLogger][INFO]: make_xprs_decoder, video/512x512/pixel=grey8/codec=H.265: H.265/SW/hevc, gray8[0m
[0m[38;2;000;000;255m[ProgressLogger][INFO]: 2026-07-01 18:15:18: Opening /home/eker/Master-Thesis---Multi-modal-User-Intention-Estimation-and-Hand-Position-Prediction/Data_collection/Data_vrs/Edu_3_20260604_170622.vrs...[0m
[0m[38;2;000;128;000m[MultiRecordFileReader][DEBUG]: Opened file '/home/eker/Master-Thesis---Multi-modal-User-Intention-Estimation-and-Hand-Position-Prediction/Data_collection/Data_vrs/Edu_3_20260604_170622.vrs' and assigned to reader #0[0m
[0m[38;2;000;000;255m[VrsDataProvider][INFO]: streamId 211-1/camera-et-left activated[0m
[0m[38;2;000;000;255m[VrsDataProvider][INFO]: streamId 211-2/camera-et-right activated[0m
[0m[38;2;000;000;255m[VrsDataProvider][INFO]: streamId 214-1/camera-rgb activated[0m
[0m[38;2;000;000;255m[VrsDataProvider][INFO]: streamId 231-1/mic activated[0m
[0m[38;2;000;000;255m[VrsDataProvider][INFO]: streamId 246-1/temperature activated[0m
[0m[38;2;000;000;255m[VrsDataProvider][INFO]: streamId 247-1/baro0 activated[0m
[0m[38;2;000;000;255m[VrsDataProvider][INFO]: streamId 248-1/ppg activated[0m
[0m[38;2;000;000;255m[VrsDataProvider][INFO]: streamId 281-1/gps-app activated[0m
[0m[38;2;000;000;255m[VrsDataProvider][INFO]: streamId 282-1/wps activated[0m
[0m[38;2;000;000;255m[VrsDataProvider][INFO]: streamId 283-1/bluetooth activated[0m
[0m[38;2;000;000;255m[VrsDataProvider][INFO]: Utc stream found: 285-1[0m
[0m[38;2;000;000;255m[VrsDataProvider][INFO]: streamId 371-1/handtracking activated[0m
[0m[38;2;000;000;255m[VrsDataProvider][INFO]: streamId 371-2/vio activated[0m
[0m[38;2;000;000;255m[VrsDataProvider][INFO]: streamId 371-3/vio_high_frequency activated[0m
[0m[38;2;000;000;255m[VrsDataProvider][INFO]: streamId 373-1/eyegaze activated[0m
[0m[38;2;000;000;255m[VrsDataProvider][INFO]: streamId 500-1/als activated[0m
[0m[38;2;000;000;255m[VrsDataProvider][INFO]: Fail to activate streamId 502-1[0m
[0m[38;2;000;000;255m[VrsDataProvider][INFO]: streamId 1201-1/slam-front-left activated[0m
[0m[38;2;000;000;255m[VrsDataProvider][INFO]: streamId 1201-2/slam-front-right activated[0m
[0m[38;2;000;000;255m[VrsDataProvider][INFO]: streamId 1201-3/slam-side-left activated[0m
[0m[38;2;000;000;255m[VrsDataProvider][INFO]: streamId 1201-4/slam-side-right activated[0m
[0m[38;2;000;000;255m[VrsDataProvider][INFO]: streamId 1202-1/imu-left activated[0m
[0m[38;2;000;000;255m[VrsDataProvider][INFO]: streamId 1202-2/imu-right activated[0m
[0m[38;2;000;000;255m[VrsDataProvider][INFO]: streamId 1203-1/mag0 activated[0m
[0m[38;2;000;000;255m[XprsDecoder][INFO]: Using H.265 SW decoder named 'hevc' (xprs::gray8 -> vrs::grey8)[0m
[0m[38;2;000;000;255m[TelemetryLogger][INFO]: make_xprs_decoder, video/200x200/pixel=grey8/codec=H.265: H.265/SW/hevc, gray8[0m
[0m[38;2;000;000;255m[XprsDecoder][INFO]: Using H.265 SW decoder named 'hevc' (xprs::gray8 -> vrs::grey8)[0m
[0m[38;2;000;000;255m[TelemetryLogger][INFO]: make_xprs_decoder, video/200x200/pixel=grey8/codec=H.265: H.265/SW/hevc, gray8[0m
[0m[38;2;000;000;255m[XprsDecoder][INFO]: Using H.265 SW decoder named 'hevc' (xprs::yuv420p -> vrs::yuv_i420_split)[0m
[0m[38;2;000;000;255m[TelemetryLogger][INFO]: make_xprs_decoder, video/2016x1512/pixel=yuv_i420_split/codec=H.265: H.265/SW/hevc, yuv420p[0m
[0m[38;2;000;000;255m[XprsDecoder][INFO]: Using H.265 SW decoder named 'hevc' (xprs::gray8 -> vrs::grey8)[0m
[0m[38;2;000;000;255m[TelemetryLogger][INFO]: make_xprs_decoder, video/512x512/pixel=grey8/codec=H.265: H.265/SW/hevc, gray8[0m
[0m[38;2;000;000;255m[XprsDecoder][INFO]: Using H.265 SW decoder named 'hevc' (xprs::gray8 -> vrs::grey8)[0m
[0m[38;2;000;000;255m[TelemetryLogger][INFO]: make_xprs_decoder, video/512x512/pixel=grey8/codec=H.265: H.265/SW/hevc, gray8[0m
[0m[38;2;000;000;255m[XprsDecoder][INFO]: Using H.265 SW decoder named 'hevc' (xprs::gray8 -> vrs::grey8)[0m
[0m[38;2;000;000;255m[TelemetryLogger][INFO]: make_xprs_decoder, video/512x512/pixel=grey8/codec=H.265: H.265/SW/hevc, gray8[0m
[0m[38;2;000;000;255m[XprsDecoder][INFO]: Using H.265 SW decoder named 'hevc' (xprs::gray8 -> vrs::grey8)[0m
[0m[38;2;000;000;255m[TelemetryLogger][INFO]: make_xprs_decoder, video/512x512/pixel=grey8/codec=H.265: H.265/SW/hevc, gray8[0m
[0m[38;2;000;000;255m[ProgressLogger][INFO]: 2026-07-01 18:20:15: Opening /home/eker/Master-Thesis---Multi-modal-User-Intention-Estimation-and-Hand-Position-Prediction/Data_collection/Data_vrs/Edu_4_20260604_170837.vrs...[0m
[0m[38;2;000;128;000m[MultiRecordFileReader][DEBUG]: Opened file '/home/eker/Master-Thesis---Multi-modal-User-Intention-Estimation-and-Hand-Position-Prediction/Data_collection/Data_vrs/Edu_4_20260604_170837.vrs' and assigned to reader #0[0m
[0m[38;2;000;000;255m[VrsDataProvider][INFO]: streamId 211-1/camera-et-left activated[0m
[0m[38;2;000;000;255m[VrsDataProvider][INFO]: streamId 211-2/camera-et-right activated[0m
[0m[38;2;000;000;255m[VrsDataProvider][INFO]: streamId 214-1/camera-rgb activated[0m
[0m[38;2;000;000;255m[VrsDataProvider][INFO]: streamId 231-1/mic activated[0m
[0m[38;2;000;000;255m[VrsDataProvider][INFO]: streamId 246-1/temperature activated[0m
[0m[38;2;000;000;255m[VrsDataProvider][INFO]: streamId 247-1/baro0 activated[0m
[0m[38;2;000;000;255m[VrsDataProvider][INFO]: streamId 248-1/ppg activated[0m
[0m[38;2;000;000;255m[VrsDataProvider][INFO]: streamId 281-1/gps-app activated[0m
[0m[38;2;000;000;255m[VrsDataProvider][INFO]: streamId 282-1/wps activated[0m
[0m[38;2;000;000;255m[VrsDataProvider][INFO]: streamId 283-1/bluetooth activated[0m
[0m[38;2;000;000;255m[VrsDataProvider][INFO]: Utc stream found: 285-1[0m
[0m[38;2;000;000;255m[VrsDataProvider][INFO]: streamId 371-1/handtracking activated[0m
[0m[38;2;000;000;255m[VrsDataProvider][INFO]: streamId 371-2/vio activated[0m
[0m[38;2;000;000;255m[VrsDataProvider][INFO]: streamId 371-3/vio_high_frequency activated[0m
[0m[38;2;000;000;255m[VrsDataProvider][INFO]: streamId 373-1/eyegaze activated[0m
[0m[38;2;000;000;255m[VrsDataProvider][INFO]: streamId 500-1/als activated[0m
[0m[38;2;000;000;255m[VrsDataProvider][INFO]: Fail to activate streamId 502-1[0m
[0m[38;2;000;000;255m[VrsDataProvider][INFO]: streamId 1201-1/slam-front-left activated[0m
[0m[38;2;000;000;255m[VrsDataProvider][INFO]: streamId 1201-2/slam-front-right activated[0m
[0m[38;2;000;000;255m[VrsDataProvider][INFO]: streamId 1201-3/slam-side-left activated[0m
[0m[38;2;000;000;255m[VrsDataProvider][INFO]: streamId 1201-4/slam-side-right activated[0m
[0m[38;2;000;000;255m[VrsDataProvider][INFO]: streamId 1202-1/imu-left activated[0m
[0m[38;2;000;000;255m[VrsDataProvider][INFO]: streamId 1202-2/imu-right activated[0m
[0m[38;2;000;000;255m[VrsDataProvider][INFO]: streamId 1203-1/mag0 activated[0m
[0m[38;2;000;000;255m[XprsDecoder][INFO]: Using H.265 SW decoder named 'hevc' (xprs::gray8 -> vrs::grey8)[0m
[0m[38;2;000;000;255m[TelemetryLogger][INFO]: make_xprs_decoder, video/200x200/pixel=grey8/codec=H.265: H.265/SW/hevc, gray8[0m
[0m[38;2;000;000;255m[XprsDecoder][INFO]: Using H.265 SW decoder named 'hevc' (xprs::gray8 -> vrs::grey8)[0m
[0m[38;2;000;000;255m[TelemetryLogger][INFO]: make_xprs_decoder, video/200x200/pixel=grey8/codec=H.265: H.265/SW/hevc, gray8[0m
[0m[38;2;000;000;255m[XprsDecoder][INFO]: Using H.265 SW decoder named 'hevc' (xprs::yuv420p -> vrs::yuv_i420_split)[0m
[0m[38;2;000;000;255m[TelemetryLogger][INFO]: make_xprs_decoder, video/2016x1512/pixel=yuv_i420_split/codec=H.265: H.265/SW/hevc, yuv420p[0m
[0m[38;2;000;000;255m[XprsDecoder][INFO]: Using H.265 SW decoder named 'hevc' (xprs::gray8 -> vrs::grey8)[0m
[0m[38;2;000;000;255m[TelemetryLogger][INFO]: make_xprs_decoder, video/512x512/pixel=grey8/codec=H.265: H.265/SW/hevc, gray8[0m
[0m[38;2;000;000;255m[XprsDecoder][INFO]: Using H.265 SW decoder named 'hevc' (xprs::gray8 -> vrs::grey8)[0m
[0m[38;2;000;000;255m[TelemetryLogger][INFO]: make_xprs_decoder, video/512x512/pixel=grey8/codec=H.265: H.265/SW/hevc, gray8[0m
[0m[38;2;000;000;255m[XprsDecoder][INFO]: Using H.265 SW decoder named 'hevc' (xprs::gray8 -> vrs::grey8)[0m
[0m[38;2;000;000;255m[TelemetryLogger][INFO]: make_xprs_decoder, video/512x512/pixel=grey8/codec=H.265: H.265/SW/hevc, gray8[0m
[0m[38;2;000;000;255m[XprsDecoder][INFO]: Using H.265 SW decoder named 'hevc' (xprs::gray8 -> vrs::grey8)[0m
[0m[38;2;000;000;255m[TelemetryLogger][INFO]: make_xprs_decoder, video/512x512/pixel=grey8/codec=H.265: H.265/SW/hevc, gray8[0m
[0m[38;2;000;000;255m[ProgressLogger][INFO]: 2026-07-01 18:26:01: Opening /home/eker/Master-Thesis---Multi-modal-User-Intention-Estimation-and-Hand-Position-Prediction/Data_collection/Data_vrs/Edu_5_20260604_170944.vrs...[0m
[0m[38;2;000;128;000m[MultiRecordFileReader][DEBUG]: Opened file '/home/eker/Master-Thesis---Multi-modal-User-Intention-Estimation-and-Hand-Position-Prediction/Data_collection/Data_vrs/Edu_5_20260604_170944.vrs' and assigned to reader #0[0m
[0m[38;2;000;000;255m[VrsDataProvider][INFO]: streamId 211-1/camera-et-left activated[0m
[0m[38;2;000;000;255m[VrsDataProvider][INFO]: streamId 211-2/camera-et-right activated[0m
[0m[38;2;000;000;255m[VrsDataProvider][INFO]: streamId 214-1/camera-rgb activated[0m
[0m[38;2;000;000;255m[VrsDataProvider][INFO]: streamId 231-1/mic activated[0m
[0m[38;2;000;000;255m[VrsDataProvider][INFO]: streamId 246-1/temperature activated[0m
[0m[38;2;000;000;255m[VrsDataProvider][INFO]: streamId 247-1/baro0 activated[0m
[0m[38;2;000;000;255m[VrsDataProvider][INFO]: streamId 248-1/ppg activated[0m
[0m[38;2;000;000;255m[VrsDataProvider][INFO]: streamId 281-1/gps-app activated[0m
[0m[38;2;000;000;255m[VrsDataProvider][INFO]: streamId 282-1/wps activated[0m
[0m[38;2;000;000;255m[VrsDataProvider][INFO]: streamId 283-1/bluetooth activated[0m
[0m[38;2;000;000;255m[VrsDataProvider][INFO]: Utc stream found: 285-1[0m
[0m[38;2;000;000;255m[VrsDataProvider][INFO]: streamId 371-1/handtracking activated[0m
[0m[38;2;000;000;255m[VrsDataProvider][INFO]: streamId 371-2/vio activated[0m
[0m[38;2;000;000;255m[VrsDataProvider][INFO]: streamId 371-3/vio_high_frequency activated[0m
[0m[38;2;000;000;255m[VrsDataProvider][INFO]: streamId 373-1/eyegaze activated[0m
[0m[38;2;000;000;255m[VrsDataProvider][INFO]: streamId 500-1/als activated[0m
[0m[38;2;000;000;255m[VrsDataProvider][INFO]: Fail to activate streamId 502-1[0m
[0m[38;2;000;000;255m[VrsDataProvider][INFO]: streamId 1201-1/slam-front-left activated[0m
[0m[38;2;000;000;255m[VrsDataProvider][INFO]: streamId 1201-2/slam-front-right activated[0m
[0m[38;2;000;000;255m[VrsDataProvider][INFO]: streamId 1201-3/slam-side-left activated[0m
[0m[38;2;000;000;255m[VrsDataProvider][INFO]: streamId 1201-4/slam-side-right activated[0m
[0m[38;2;000;000;255m[VrsDataProvider][INFO]: streamId 1202-1/imu-left activated[0m
[0m[38;2;000;000;255m[VrsDataProvider][INFO]: streamId 1202-2/imu-right activated[0m
[0m[38;2;000;000;255m[VrsDataProvider][INFO]: streamId 1203-1/mag0 activated[0m
[0m[38;2;000;000;255m[XprsDecoder][INFO]: Using H.265 SW decoder named 'hevc' (xprs::gray8 -> vrs::grey8)[0m
[0m[38;2;000;000;255m[TelemetryLogger][INFO]: make_xprs_decoder, video/200x200/pixel=grey8/codec=H.265: H.265/SW/hevc, gray8[0m
[0m[38;2;000;000;255m[XprsDecoder][INFO]: Using H.265 SW decoder named 'hevc' (xprs::gray8 -> vrs::grey8)[0m
[0m[38;2;000;000;255m[TelemetryLogger][INFO]: make_xprs_decoder, video/200x200/pixel=grey8/codec=H.265: H.265/SW/hevc, gray8[0m
[0m[38;2;000;000;255m[XprsDecoder][INFO]: Using H.265 SW decoder named 'hevc' (xprs::yuv420p -> vrs::yuv_i420_split)[0m
[0m[38;2;000;000;255m[TelemetryLogger][INFO]: make_xprs_decoder, video/2016x1512/pixel=yuv_i420_split/codec=H.265: H.265/SW/hevc, yuv420p[0m
[0m[38;2;000;000;255m[XprsDecoder][INFO]: Using H.265 SW decoder named 'hevc' (xprs::gray8 -> vrs::grey8)[0m
[0m[38;2;000;000;255m[TelemetryLogger][INFO]: make_xprs_decoder, video/512x512/pixel=grey8/codec=H.265: H.265/SW/hevc, gray8[0m
[0m[38;2;000;000;255m[XprsDecoder][INFO]: Using H.265 SW decoder named 'hevc' (xprs::gray8 -> vrs::grey8)[0m
[0m[38;2;000;000;255m[TelemetryLogger][INFO]: make_xprs_decoder, video/512x512/pixel=grey8/codec=H.265: H.265/SW/hevc, gray8[0m
[0m[38;2;000;000;255m[XprsDecoder][INFO]: Using H.265 SW decoder named 'hevc' (xprs::gray8 -> vrs::grey8)[0m
[0m[38;2;000;000;255m[TelemetryLogger][INFO]: make_xprs_decoder, video/512x512/pixel=grey8/codec=H.265: H.265/SW/hevc, gray8[0m
[0m[38;2;000;000;255m[XprsDecoder][INFO]: Using H.265 SW decoder named 'hevc' (xprs::gray8 -> vrs::grey8)[0m
[0m[38;2;000;000;255m[TelemetryLogger][INFO]: make_xprs_decoder, video/512x512/pixel=grey8/codec=H.265: H.265/SW/hevc, gray8[0m
[0m[38;2;000;000;255m[ProgressLogger][INFO]: 2026-07-01 18:31:42: Opening /home/eker/Master-Thesis---Multi-modal-User-Intention-Estimation-and-Hand-Position-Prediction/Data_collection/Data_vrs/Edu_6_20260616_145740.vrs...[0m
[0m[38;2;000;128;000m[MultiRecordFileReader][DEBUG]: Opened file '/home/eker/Master-Thesis---Multi-modal-User-Intention-Estimation-and-Hand-Position-Prediction/Data_collection/Data_vrs/Edu_6_20260616_145740.vrs' and assigned to reader #0[0m
[0m[38;2;000;000;255m[VrsDataProvider][INFO]: streamId 211-1/camera-et-left activated[0m
[0m[38;2;000;000;255m[VrsDataProvider][INFO]: streamId 211-2/camera-et-right activated[0m
[0m[38;2;000;000;255m[VrsDataProvider][INFO]: streamId 214-1/camera-rgb activated[0m
[0m[38;2;000;000;255m[VrsDataProvider][INFO]: streamId 231-1/mic activated[0m
[0m[38;2;000;000;255m[VrsDataProvider][INFO]: streamId 246-1/temperature activated[0m
[0m[38;2;000;000;255m[VrsDataProvider][INFO]: streamId 247-1/baro0 activated[0m
[0m[38;2;000;000;255m[VrsDataProvider][INFO]: streamId 248-1/ppg activated[0m
[0m[38;2;000;000;255m[VrsDataProvider][INFO]: streamId 281-1/gps-app activated[0m
[0m[38;2;000;000;255m[VrsDataProvider][INFO]: streamId 282-1/wps activated[0m
[0m[38;2;000;000;255m[VrsDataProvider][INFO]: streamId 283-1/bluetooth activated[0m
[0m[38;2;000;000;255m[VrsDataProvider][INFO]: Utc stream found: 285-1[0m
[0m[38;2;000;000;255m[VrsDataProvider][INFO]: streamId 371-1/handtracking activated[0m
[0m[38;2;000;000;255m[VrsDataProvider][INFO]: streamId 371-2/vio activated[0m
[0m[38;2;000;000;255m[VrsDataProvider][INFO]: streamId 371-3/vio_high_frequency activated[0m
[0m[38;2;000;000;255m[VrsDataProvider][INFO]: streamId 373-1/eyegaze activated[0m
[0m[38;2;000;000;255m[VrsDataProvider][INFO]: streamId 500-1/als activated[0m
[0m[38;2;000;000;255m[VrsDataProvider][INFO]: Fail to activate streamId 502-1[0m
[0m[38;2;000;000;255m[VrsDataProvider][INFO]: streamId 1201-1/slam-front-left activated[0m
[0m[38;2;000;000;255m[VrsDataProvider][INFO]: streamId 1201-2/slam-front-right activated[0m
[0m[38;2;000;000;255m[VrsDataProvider][INFO]: streamId 1201-3/slam-side-left activated[0m
[0m[38;2;000;000;255m[VrsDataProvider][INFO]: streamId 1201-4/slam-side-right activated[0m
[0m[38;2;000;000;255m[VrsDataProvider][INFO]: streamId 1202-1/imu-left activated[0m
[0m[38;2;000;000;255m[VrsDataProvider][INFO]: streamId 1202-2/imu-right activated[0m
[0m[38;2;000;000;255m[VrsDataProvider][INFO]: streamId 1203-1/mag0 activated[0m
[0m[38;2;000;000;255m[XprsDecoder][INFO]: Using H.265 SW decoder named 'hevc' (xprs::gray8 -> vrs::grey8)[0m
[0m[38;2;000;000;255m[TelemetryLogger][INFO]: make_xprs_decoder, video/200x200/pixel=grey8/codec=H.265: H.265/SW/hevc, gray8[0m
[0m[38;2;000;000;255m[XprsDecoder][INFO]: Using H.265 SW decoder named 'hevc' (xprs::gray8 -> vrs::grey8)[0m
[0m[38;2;000;000;255m[TelemetryLogger][INFO]: make_xprs_decoder, video/200x200/pixel=grey8/codec=H.265: H.265/SW/hevc, gray8[0m
[0m[38;2;000;000;255m[XprsDecoder][INFO]: Using H.265 SW decoder named 'hevc' (xprs::yuv420p -> vrs::yuv_i420_split)[0m
[0m[38;2;000;000;255m[TelemetryLogger][INFO]: make_xprs_decoder, video/2016x1512/pixel=yuv_i420_split/codec=H.265: H.265/SW/hevc, yuv420p[0m
[0m[38;2;000;000;255m[XprsDecoder][INFO]: Using H.265 SW decoder named 'hevc' (xprs::gray8 -> vrs::grey8)[0m
[0m[38;2;000;000;255m[TelemetryLogger][INFO]: make_xprs_decoder, video/512x512/pixel=grey8/codec=H.265: H.265/SW/hevc, gray8[0m
[0m[38;2;000;000;255m[XprsDecoder][INFO]: Using H.265 SW decoder named 'hevc' (xprs::gray8 -> vrs::grey8)[0m
[0m[38;2;000;000;255m[TelemetryLogger][INFO]: make_xprs_decoder, video/512x512/pixel=grey8/codec=H.265: H.265/SW/hevc, gray8[0m
[0m[38;2;000;000;255m[XprsDecoder][INFO]: Using H.265 SW decoder named 'hevc' (xprs::gray8 -> vrs::grey8)[0m
[0m[38;2;000;000;255m[TelemetryLogger][INFO]: make_xprs_decoder, video/512x512/pixel=grey8/codec=H.265: H.265/SW/hevc, gray8[0m
[0m[38;2;000;000;255m[XprsDecoder][INFO]: Using H.265 SW decoder named 'hevc' (xprs::gray8 -> vrs::grey8)[0m
[0m[38;2;000;000;255m[TelemetryLogger][INFO]: make_xprs_decoder, video/512x512/pixel=grey8/codec=H.265: H.265/SW/hevc, gray8[0m
[0m[38;2;000;000;255m[ProgressLogger][INFO]: 2026-07-01 18:37:35: Opening /home/eker/Master-Thesis---Multi-modal-User-Intention-Estimation-and-Hand-Position-Prediction/Data_collection/Data_vrs/Edu_7_20260616_145927.vrs...[0m
[0m[38;2;000;128;000m[MultiRecordFileReader][DEBUG]: Opened file '/home/eker/Master-Thesis---Multi-modal-User-Intention-Estimation-and-Hand-Position-Prediction/Data_collection/Data_vrs/Edu_7_20260616_145927.vrs' and assigned to reader #0[0m
[0m[38;2;000;000;255m[VrsDataProvider][INFO]: streamId 211-1/camera-et-left activated[0m
[0m[38;2;000;000;255m[VrsDataProvider][INFO]: streamId 211-2/camera-et-right activated[0m
[0m[38;2;000;000;255m[VrsDataProvider][INFO]: streamId 214-1/camera-rgb activated[0m
[0m[38;2;000;000;255m[VrsDataProvider][INFO]: streamId 231-1/mic activated[0m
[0m[38;2;000;000;255m[VrsDataProvider][INFO]: streamId 246-1/temperature activated[0m
[0m[38;2;000;000;255m[VrsDataProvider][INFO]: streamId 247-1/baro0 activated[0m
[0m[38;2;000;000;255m[VrsDataProvider][INFO]: streamId 248-1/ppg activated[0m
[0m[38;2;000;000;255m[VrsDataProvider][INFO]: streamId 281-1/gps-app activated[0m
[0m[38;2;000;000;255m[VrsDataProvider][INFO]: streamId 282-1/wps activated[0m
[0m[38;2;000;000;255m[VrsDataProvider][INFO]: streamId 283-1/bluetooth activated[0m
[0m[38;2;000;000;255m[VrsDataProvider][INFO]: Utc stream found: 285-1[0m
[0m[38;2;000;000;255m[VrsDataProvider][INFO]: streamId 371-1/handtracking activated[0m
[0m[38;2;000;000;255m[VrsDataProvider][INFO]: streamId 371-2/vio activated[0m
[0m[38;2;000;000;255m[VrsDataProvider][INFO]: streamId 371-3/vio_high_frequency activated[0m
[0m[38;2;000;000;255m[VrsDataProvider][INFO]: streamId 373-1/eyegaze activated[0m
[0m[38;2;000;000;255m[VrsDataProvider][INFO]: streamId 500-1/als activated[0m
[0m[38;2;000;000;255m[VrsDataProvider][INFO]: Fail to activate streamId 502-1[0m
[0m[38;2;000;000;255m[VrsDataProvider][INFO]: streamId 1201-1/slam-front-left activated[0m
[0m[38;2;000;000;255m[VrsDataProvider][INFO]: streamId 1201-2/slam-front-right activated[0m
[0m[38;2;000;000;255m[VrsDataProvider][INFO]: streamId 1201-3/slam-side-left activated[0m
[0m[38;2;000;000;255m[VrsDataProvider][INFO]: streamId 1201-4/slam-side-right activated[0m
[0m[38;2;000;000;255m[VrsDataProvider][INFO]: streamId 1202-1/imu-left activated[0m
[0m[38;2;000;000;255m[VrsDataProvider][INFO]: streamId 1202-2/imu-right activated[0m
[0m[38;2;000;000;255m[VrsDataProvider][INFO]: streamId 1203-1/mag0 activated[0m
[0m[38;2;000;000;255m[XprsDecoder][INFO]: Using H.265 SW decoder named 'hevc' (xprs::gray8 -> vrs::grey8)[0m
[0m[38;2;000;000;255m[TelemetryLogger][INFO]: make_xprs_decoder, video/200x200/pixel=grey8/codec=H.265: H.265/SW/hevc, gray8[0m
[0m[38;2;000;000;255m[XprsDecoder][INFO]: Using H.265 SW decoder named 'hevc' (xprs::gray8 -> vrs::grey8)[0m
[0m[38;2;000;000;255m[TelemetryLogger][INFO]: make_xprs_decoder, video/200x200/pixel=grey8/codec=H.265: H.265/SW/hevc, gray8[0m
[0m[38;2;000;000;255m[XprsDecoder][INFO]: Using H.265 SW decoder named 'hevc' (xprs::yuv420p -> vrs::yuv_i420_split)[0m
[0m[38;2;000;000;255m[TelemetryLogger][INFO]: make_xprs_decoder, video/2016x1512/pixel=yuv_i420_split/codec=H.265: H.265/SW/hevc, yuv420p[0m
[0m[38;2;000;000;255m[XprsDecoder][INFO]: Using H.265 SW decoder named 'hevc' (xprs::gray8 -> vrs::grey8)[0m
[0m[38;2;000;000;255m[TelemetryLogger][INFO]: make_xprs_decoder, video/512x512/pixel=grey8/codec=H.265: H.265/SW/hevc, gray8[0m
[0m[38;2;000;000;255m[XprsDecoder][INFO]: Using H.265 SW decoder named 'hevc' (xprs::gray8 -> vrs::grey8)[0m
[0m[38;2;000;000;255m[TelemetryLogger][INFO]: make_xprs_decoder, video/512x512/pixel=grey8/codec=H.265: H.265/SW/hevc, gray8[0m
[0m[38;2;000;000;255m[XprsDecoder][INFO]: Using H.265 SW decoder named 'hevc' (xprs::gray8 -> vrs::grey8)[0m
[0m[38;2;000;000;255m[TelemetryLogger][INFO]: make_xprs_decoder, video/512x512/pixel=grey8/codec=H.265: H.265/SW/hevc, gray8[0m
[0m[38;2;000;000;255m[XprsDecoder][INFO]: Using H.265 SW decoder named 'hevc' (xprs::gray8 -> vrs::grey8)[0m
[0m[38;2;000;000;255m[TelemetryLogger][INFO]: make_xprs_decoder, video/512x512/pixel=grey8/codec=H.265: H.265/SW/hevc, gray8[0m
[0m[38;2;000;000;255m[ProgressLogger][INFO]: 2026-07-01 18:42:15: Opening /home/eker/Master-Thesis---Multi-modal-User-Intention-Estimation-and-Hand-Position-Prediction/Data_collection/Data_vrs/Edu_8_20260616_150108.vrs...[0m
[0m[38;2;000;128;000m[MultiRecordFileReader][DEBUG]: Opened file '/home/eker/Master-Thesis---Multi-modal-User-Intention-Estimation-and-Hand-Position-Prediction/Data_collection/Data_vrs/Edu_8_20260616_150108.vrs' and assigned to reader #0[0m
[0m[38;2;000;000;255m[VrsDataProvider][INFO]: streamId 211-1/camera-et-left activated[0m
[0m[38;2;000;000;255m[VrsDataProvider][INFO]: streamId 211-2/camera-et-right activated[0m
[0m[38;2;000;000;255m[VrsDataProvider][INFO]: streamId 214-1/camera-rgb activated[0m
[0m[38;2;000;000;255m[VrsDataProvider][INFO]: streamId 231-1/mic activated[0m
[0m[38;2;000;000;255m[VrsDataProvider][INFO]: streamId 246-1/temperature activated[0m
[0m[38;2;000;000;255m[VrsDataProvider][INFO]: streamId 247-1/baro0 activated[0m
[0m[38;2;000;000;255m[VrsDataProvider][INFO]: streamId 248-1/ppg activated[0m
[0m[38;2;000;000;255m[VrsDataProvider][INFO]: streamId 281-1/gps-app activated[0m
[0m[38;2;000;000;255m[VrsDataProvider][INFO]: streamId 282-1/wps activated[0m
[0m[38;2;000;000;255m[VrsDataProvider][INFO]: streamId 283-1/bluetooth activated[0m
[0m[38;2;000;000;255m[VrsDataProvider][INFO]: Utc stream found: 285-1[0m
[0m[38;2;000;000;255m[VrsDataProvider][INFO]: streamId 371-1/handtracking activated[0m
[0m[38;2;000;000;255m[VrsDataProvider][INFO]: streamId 371-2/vio activated[0m
[0m[38;2;000;000;255m[VrsDataProvider][INFO]: streamId 371-3/vio_high_frequency activated[0m
[0m[38;2;000;000;255m[VrsDataProvider][INFO]: streamId 373-1/eyegaze activated[0m
[0m[38;2;000;000;255m[VrsDataProvider][INFO]: streamId 500-1/als activated[0m
[0m[38;2;000;000;255m[VrsDataProvider][INFO]: Fail to activate streamId 502-1[0m
[0m[38;2;000;000;255m[VrsDataProvider][INFO]: streamId 1201-1/slam-front-left activated[0m
[0m[38;2;000;000;255m[VrsDataProvider][INFO]: streamId 1201-2/slam-front-right activated[0m
[0m[38;2;000;000;255m[VrsDataProvider][INFO]: streamId 1201-3/slam-side-left activated[0m
[0m[38;2;000;000;255m[VrsDataProvider][INFO]: streamId 1201-4/slam-side-right activated[0m
[0m[38;2;000;000;255m[VrsDataProvider][INFO]: streamId 1202-1/imu-left activated[0m
[0m[38;2;000;000;255m[VrsDataProvider][INFO]: streamId 1202-2/imu-right activated[0m
[0m[38;2;000;000;255m[VrsDataProvider][INFO]: streamId 1203-1/mag0 activated[0m
[0m[38;2;000;000;255m[XprsDecoder][INFO]: Using H.265 SW decoder named 'hevc' (xprs::gray8 -> vrs::grey8)[0m
[0m[38;2;000;000;255m[TelemetryLogger][INFO]: make_xprs_decoder, video/200x200/pixel=grey8/codec=H.265: H.265/SW/hevc, gray8[0m
[0m[38;2;000;000;255m[XprsDecoder][INFO]: Using H.265 SW decoder named 'hevc' (xprs::gray8 -> vrs::grey8)[0m
[0m[38;2;000;000;255m[TelemetryLogger][INFO]: make_xprs_decoder, video/200x200/pixel=grey8/codec=H.265: H.265/SW/hevc, gray8[0m
[0m[38;2;000;000;255m[XprsDecoder][INFO]: Using H.265 SW decoder named 'hevc' (xprs::yuv420p -> vrs::yuv_i420_split)[0m
[0m[38;2;000;000;255m[TelemetryLogger][INFO]: make_xprs_decoder, video/2016x1512/pixel=yuv_i420_split/codec=H.265: H.265/SW/hevc, yuv420p[0m
[0m[38;2;000;000;255m[XprsDecoder][INFO]: Using H.265 SW decoder named 'hevc' (xprs::gray8 -> vrs::grey8)[0m
[0m[38;2;000;000;255m[TelemetryLogger][INFO]: make_xprs_decoder, video/512x512/pixel=grey8/codec=H.265: H.265/SW/hevc, gray8[0m
[0m[38;2;000;000;255m[XprsDecoder][INFO]: Using H.265 SW decoder named 'hevc' (xprs::gray8 -> vrs::grey8)[0m
[0m[38;2;000;000;255m[TelemetryLogger][INFO]: make_xprs_decoder, video/512x512/pixel=grey8/codec=H.265: H.265/SW/hevc, gray8[0m
[0m[38;2;000;000;255m[XprsDecoder][INFO]: Using H.265 SW decoder named 'hevc' (xprs::gray8 -> vrs::grey8)[0m
[0m[38;2;000;000;255m[TelemetryLogger][INFO]: make_xprs_decoder, video/512x512/pixel=grey8/codec=H.265: H.265/SW/hevc, gray8[0m
[0m[38;2;000;000;255m[XprsDecoder][INFO]: Using H.265 SW decoder named 'hevc' (xprs::gray8 -> vrs::grey8)[0m
[0m[38;2;000;000;255m[TelemetryLogger][INFO]: make_xprs_decoder, video/512x512/pixel=grey8/codec=H.265: H.265/SW/hevc, gray8[0m
[0m[38;2;000;000;255m[ProgressLogger][INFO]: 2026-07-01 18:46:24: Opening /home/eker/Master-Thesis---Multi-modal-User-Intention-Estimation-and-Hand-Position-Prediction/Data_collection/Data_vrs/Edu_9_20260616_150247.vrs...[0m
[0m[38;2;000;128;000m[MultiRecordFileReader][DEBUG]: Opened file '/home/eker/Master-Thesis---Multi-modal-User-Intention-Estimation-and-Hand-Position-Prediction/Data_collection/Data_vrs/Edu_9_20260616_150247.vrs' and assigned to reader #0[0m
[0m[38;2;000;000;255m[VrsDataProvider][INFO]: streamId 211-1/camera-et-left activated[0m
[0m[38;2;000;000;255m[VrsDataProvider][INFO]: streamId 211-2/camera-et-right activated[0m
[0m[38;2;000;000;255m[VrsDataProvider][INFO]: streamId 214-1/camera-rgb activated[0m
[0m[38;2;000;000;255m[VrsDataProvider][INFO]: streamId 231-1/mic activated[0m
[0m[38;2;000;000;255m[VrsDataProvider][INFO]: streamId 246-1/temperature activated[0m
[0m[38;2;000;000;255m[VrsDataProvider][INFO]: streamId 247-1/baro0 activated[0m
[0m[38;2;000;000;255m[VrsDataProvider][INFO]: streamId 248-1/ppg activated[0m
[0m[38;2;000;000;255m[VrsDataProvider][INFO]: streamId 281-1/gps-app activated[0m
[0m[38;2;000;000;255m[VrsDataProvider][INFO]: streamId 282-1/wps activated[0m
[0m[38;2;000;000;255m[VrsDataProvider][INFO]: streamId 283-1/bluetooth activated[0m
[0m[38;2;000;000;255m[VrsDataProvider][INFO]: Utc stream found: 285-1[0m
[0m[38;2;000;000;255m[VrsDataProvider][INFO]: streamId 371-1/handtracking activated[0m
[0m[38;2;000;000;255m[VrsDataProvider][INFO]: streamId 371-2/vio activated[0m
[0m[38;2;000;000;255m[VrsDataProvider][INFO]: streamId 371-3/vio_high_frequency activated[0m
[0m[38;2;000;000;255m[VrsDataProvider][INFO]: streamId 373-1/eyegaze activated[0m
[0m[38;2;000;000;255m[VrsDataProvider][INFO]: streamId 500-1/als activated[0m
[0m[38;2;000;000;255m[VrsDataProvider][INFO]: Fail to activate streamId 502-1[0m
[0m[38;2;000;000;255m[VrsDataProvider][INFO]: streamId 1201-1/slam-front-left activated[0m
[0m[38;2;000;000;255m[VrsDataProvider][INFO]: streamId 1201-2/slam-front-right activated[0m
[0m[38;2;000;000;255m[VrsDataProvider][INFO]: streamId 1201-3/slam-side-left activated[0m
[0m[38;2;000;000;255m[VrsDataProvider][INFO]: streamId 1201-4/slam-side-right activated[0m
[0m[38;2;000;000;255m[VrsDataProvider][INFO]: streamId 1202-1/imu-left activated[0m
[0m[38;2;000;000;255m[VrsDataProvider][INFO]: streamId 1202-2/imu-right activated[0m
[0m[38;2;000;000;255m[VrsDataProvider][INFO]: streamId 1203-1/mag0 activated[0m
[0m[38;2;000;000;255m[XprsDecoder][INFO]: Using H.265 SW decoder named 'hevc' (xprs::gray8 -> vrs::grey8)[0m
[0m[38;2;000;000;255m[TelemetryLogger][INFO]: make_xprs_decoder, video/200x200/pixel=grey8/codec=H.265: H.265/SW/hevc, gray8[0m
[0m[38;2;000;000;255m[XprsDecoder][INFO]: Using H.265 SW decoder named 'hevc' (xprs::gray8 -> vrs::grey8)[0m
[0m[38;2;000;000;255m[TelemetryLogger][INFO]: make_xprs_decoder, video/200x200/pixel=grey8/codec=H.265: H.265/SW/hevc, gray8[0m
[0m[38;2;000;000;255m[XprsDecoder][INFO]: Using H.265 SW decoder named 'hevc' (xprs::yuv420p -> vrs::yuv_i420_split)[0m
[0m[38;2;000;000;255m[TelemetryLogger][INFO]: make_xprs_decoder, video/2016x1512/pixel=yuv_i420_split/codec=H.265: H.265/SW/hevc, yuv420p[0m
[0m[38;2;000;000;255m[XprsDecoder][INFO]: Using H.265 SW decoder named 'hevc' (xprs::gray8 -> vrs::grey8)[0m
[0m[38;2;000;000;255m[TelemetryLogger][INFO]: make_xprs_decoder, video/512x512/pixel=grey8/codec=H.265: H.265/SW/hevc, gray8[0m
[0m[38;2;000;000;255m[XprsDecoder][INFO]: Using H.265 SW decoder named 'hevc' (xprs::gray8 -> vrs::grey8)[0m
[0m[38;2;000;000;255m[TelemetryLogger][INFO]: make_xprs_decoder, video/512x512/pixel=grey8/codec=H.265: H.265/SW/hevc, gray8[0m
[0m[38;2;000;000;255m[XprsDecoder][INFO]: Using H.265 SW decoder named 'hevc' (xprs::gray8 -> vrs::grey8)[0m
[0m[38;2;000;000;255m[TelemetryLogger][INFO]: make_xprs_decoder, video/512x512/pixel=grey8/codec=H.265: H.265/SW/hevc, gray8[0m
[0m[38;2;000;000;255m[XprsDecoder][INFO]: Using H.265 SW decoder named 'hevc' (xprs::gray8 -> vrs::grey8)[0m
[0m[38;2;000;000;255m[TelemetryLogger][INFO]: make_xprs_decoder, video/512x512/pixel=grey8/codec=H.265: H.265/SW/hevc, gray8[0m
[0m[38;2;000;000;255m[ProgressLogger][INFO]: 2026-07-01 18:50:54: Opening /home/eker/Master-Thesis---Multi-modal-User-Intention-Estimation-and-Hand-Position-Prediction/Data_collection/Data_vrs/Ermal_1_20260604_151723.vrs...[0m
[0m[38;2;000;128;000m[MultiRecordFileReader][DEBUG]: Opened file '/home/eker/Master-Thesis---Multi-modal-User-Intention-Estimation-and-Hand-Position-Prediction/Data_collection/Data_vrs/Ermal_1_20260604_151723.vrs' and assigned to reader #0[0m
[0m[38;2;000;000;255m[VrsDataProvider][INFO]: streamId 211-1/camera-et-left activated[0m
[0m[38;2;000;000;255m[VrsDataProvider][INFO]: streamId 211-2/camera-et-right activated[0m
[0m[38;2;000;000;255m[VrsDataProvider][INFO]: streamId 214-1/camera-rgb activated[0m
[0m[38;2;000;000;255m[VrsDataProvider][INFO]: streamId 231-1/mic activated[0m
[0m[38;2;000;000;255m[VrsDataProvider][INFO]: streamId 246-1/temperature activated[0m
[0m[38;2;000;000;255m[VrsDataProvider][INFO]: streamId 247-1/baro0 activated[0m
[0m[38;2;000;000;255m[VrsDataProvider][INFO]: streamId 248-1/ppg activated[0m
[0m[38;2;000;000;255m[VrsDataProvider][INFO]: streamId 281-1/gps-app activated[0m
[0m[38;2;000;000;255m[VrsDataProvider][INFO]: streamId 282-1/wps activated[0m
[0m[38;2;000;000;255m[VrsDataProvider][INFO]: streamId 283-1/bluetooth activated[0m
[0m[38;2;000;000;255m[VrsDataProvider][INFO]: Utc stream found: 285-1[0m
[0m[38;2;000;000;255m[VrsDataProvider][INFO]: streamId 371-1/handtracking activated[0m
[0m[38;2;000;000;255m[VrsDataProvider][INFO]: streamId 371-2/vio activated[0m
[0m[38;2;000;000;255m[VrsDataProvider][INFO]: streamId 371-3/vio_high_frequency activated[0m
[0m[38;2;000;000;255m[VrsDataProvider][INFO]: streamId 373-1/eyegaze activated[0m
[0m[38;2;000;000;255m[VrsDataProvider][INFO]: streamId 500-1/als activated[0m
[0m[38;2;000;000;255m[VrsDataProvider][INFO]: Fail to activate streamId 502-1[0m
[0m[38;2;000;000;255m[VrsDataProvider][INFO]: streamId 1201-1/slam-front-left activated[0m
[0m[38;2;000;000;255m[VrsDataProvider][INFO]: streamId 1201-2/slam-front-right activated[0m
[0m[38;2;000;000;255m[VrsDataProvider][INFO]: streamId 1201-3/slam-side-left activated[0m
[0m[38;2;000;000;255m[VrsDataProvider][INFO]: streamId 1201-4/slam-side-right activated[0m
[0m[38;2;000;000;255m[VrsDataProvider][INFO]: streamId 1202-1/imu-left activated[0m
[0m[38;2;000;000;255m[VrsDataProvider][INFO]: streamId 1202-2/imu-right activated[0m
[0m[38;2;000;000;255m[VrsDataProvider][INFO]: streamId 1203-1/mag0 activated[0m
[0m[38;2;000;000;255m[XprsDecoder][INFO]: Using H.265 SW decoder named 'hevc' (xprs::gray8 -> vrs::grey8)[0m
[0m[38;2;000;000;255m[TelemetryLogger][INFO]: make_xprs_decoder, video/200x200/pixel=grey8/codec=H.265: H.265/SW/hevc, gray8[0m
[0m[38;2;000;000;255m[XprsDecoder][INFO]: Using H.265 SW decoder named 'hevc' (xprs::gray8 -> vrs::grey8)[0m
[0m[38;2;000;000;255m[TelemetryLogger][INFO]: make_xprs_decoder, video/200x200/pixel=grey8/codec=H.265: H.265/SW/hevc, gray8[0m
[0m[38;2;000;000;255m[XprsDecoder][INFO]: Using H.265 SW decoder named 'hevc' (xprs::yuv420p -> vrs::yuv_i420_split)[0m
[0m[38;2;000;000;255m[TelemetryLogger][INFO]: make_xprs_decoder, video/2016x1512/pixel=yuv_i420_split/codec=H.265: H.265/SW/hevc, yuv420p[0m
[0m[38;2;000;000;255m[XprsDecoder][INFO]: Using H.265 SW decoder named 'hevc' (xprs::gray8 -> vrs::grey8)[0m
[0m[38;2;000;000;255m[TelemetryLogger][INFO]: make_xprs_decoder, video/512x512/pixel=grey8/codec=H.265: H.265/SW/hevc, gray8[0m
[0m[38;2;000;000;255m[XprsDecoder][INFO]: Using H.265 SW decoder named 'hevc' (xprs::gray8 -> vrs::grey8)[0m
[0m[38;2;000;000;255m[TelemetryLogger][INFO]: make_xprs_decoder, video/512x512/pixel=grey8/codec=H.265: H.265/SW/hevc, gray8[0m
[0m[38;2;000;000;255m[XprsDecoder][INFO]: Using H.265 SW decoder named 'hevc' (xprs::gray8 -> vrs::grey8)[0m
[0m[38;2;000;000;255m[TelemetryLogger][INFO]: make_xprs_decoder, video/512x512/pixel=grey8/codec=H.265: H.265/SW/hevc, gray8[0m
[0m[38;2;000;000;255m[XprsDecoder][INFO]: Using H.265 SW decoder named 'hevc' (xprs::gray8 -> vrs::grey8)[0m
[0m[38;2;000;000;255m[TelemetryLogger][INFO]: make_xprs_decoder, video/512x512/pixel=grey8/codec=H.265: H.265/SW/hevc, gray8[0m
[0m[38;2;000;000;255m[ProgressLogger][INFO]: 2026-07-01 18:56:18: Opening /home/eker/Master-Thesis---Multi-modal-User-Intention-Estimation-and-Hand-Position-Prediction/Data_collection/Data_vrs/Ermal_2_20260604_151912.vrs...[0m
[0m[38;2;000;128;000m[MultiRecordFileReader][DEBUG]: Opened file '/home/eker/Master-Thesis---Multi-modal-User-Intention-Estimation-and-Hand-Position-Prediction/Data_collection/Data_vrs/Ermal_2_20260604_151912.vrs' and assigned to reader #0[0m
[0m[38;2;000;000;255m[VrsDataProvider][INFO]: streamId 211-1/camera-et-left activated[0m
[0m[38;2;000;000;255m[VrsDataProvider][INFO]: streamId 211-2/camera-et-right activated[0m
[0m[38;2;000;000;255m[VrsDataProvider][INFO]: streamId 214-1/camera-rgb activated[0m
[0m[38;2;000;000;255m[VrsDataProvider][INFO]: streamId 231-1/mic activated[0m
[0m[38;2;000;000;255m[VrsDataProvider][INFO]: streamId 246-1/temperature activated[0m
[0m[38;2;000;000;255m[VrsDataProvider][INFO]: streamId 247-1/baro0 activated[0m
[0m[38;2;000;000;255m[VrsDataProvider][INFO]: streamId 248-1/ppg activated[0m
[0m[38;2;000;000;255m[VrsDataProvider][INFO]: streamId 281-1/gps-app activated[0m
[0m[38;2;000;000;255m[VrsDataProvider][INFO]: streamId 282-1/wps activated[0m
[0m[38;2;000;000;255m[VrsDataProvider][INFO]: streamId 283-1/bluetooth activated[0m
[0m[38;2;000;000;255m[VrsDataProvider][INFO]: Utc stream found: 285-1[0m
[0m[38;2;000;000;255m[VrsDataProvider][INFO]: streamId 371-1/handtracking activated[0m
[0m[38;2;000;000;255m[VrsDataProvider][INFO]: streamId 371-2/vio activated[0m
[0m[38;2;000;000;255m[VrsDataProvider][INFO]: streamId 371-3/vio_high_frequency activated[0m
[0m[38;2;000;000;255m[VrsDataProvider][INFO]: streamId 373-1/eyegaze activated[0m
[0m[38;2;000;000;255m[VrsDataProvider][INFO]: streamId 500-1/als activated[0m
[0m[38;2;000;000;255m[VrsDataProvider][INFO]: Fail to activate streamId 502-1[0m
[0m[38;2;000;000;255m[VrsDataProvider][INFO]: streamId 1201-1/slam-front-left activated[0m
[0m[38;2;000;000;255m[VrsDataProvider][INFO]: streamId 1201-2/slam-front-right activated[0m
[0m[38;2;000;000;255m[VrsDataProvider][INFO]: streamId 1201-3/slam-side-left activated[0m
[0m[38;2;000;000;255m[VrsDataProvider][INFO]: streamId 1201-4/slam-side-right activated[0m
[0m[38;2;000;000;255m[VrsDataProvider][INFO]: streamId 1202-1/imu-left activated[0m
[0m[38;2;000;000;255m[VrsDataProvider][INFO]: streamId 1202-2/imu-right activated[0m
[0m[38;2;000;000;255m[VrsDataProvider][INFO]: streamId 1203-1/mag0 activated[0m
[0m[38;2;000;000;255m[XprsDecoder][INFO]: Using H.265 SW decoder named 'hevc' (xprs::gray8 -> vrs::grey8)[0m
[0m[38;2;000;000;255m[TelemetryLogger][INFO]: make_xprs_decoder, video/200x200/pixel=grey8/codec=H.265: H.265/SW/hevc, gray8[0m
[0m[38;2;000;000;255m[XprsDecoder][INFO]: Using H.265 SW decoder named 'hevc' (xprs::gray8 -> vrs::grey8)[0m
[0m[38;2;000;000;255m[TelemetryLogger][INFO]: make_xprs_decoder, video/200x200/pixel=grey8/codec=H.265: H.265/SW/hevc, gray8[0m
[0m[38;2;000;000;255m[XprsDecoder][INFO]: Using H.265 SW decoder named 'hevc' (xprs::yuv420p -> vrs::yuv_i420_split)[0m
[0m[38;2;000;000;255m[TelemetryLogger][INFO]: make_xprs_decoder, video/2016x1512/pixel=yuv_i420_split/codec=H.265: H.265/SW/hevc, yuv420p[0m
[0m[38;2;000;000;255m[XprsDecoder][INFO]: Using H.265 SW decoder named 'hevc' (xprs::gray8 -> vrs::grey8)[0m
[0m[38;2;000;000;255m[TelemetryLogger][INFO]: make_xprs_decoder, video/512x512/pixel=grey8/codec=H.265: H.265/SW/hevc, gray8[0m
[0m[38;2;000;000;255m[XprsDecoder][INFO]: Using H.265 SW decoder named 'hevc' (xprs::gray8 -> vrs::grey8)[0m
[0m[38;2;000;000;255m[TelemetryLogger][INFO]: make_xprs_decoder, video/512x512/pixel=grey8/codec=H.265: H.265/SW/hevc, gray8[0m
[0m[38;2;000;000;255m[XprsDecoder][INFO]: Using H.265 SW decoder named 'hevc' (xprs::gray8 -> vrs::grey8)[0m
[0m[38;2;000;000;255m[TelemetryLogger][INFO]: make_xprs_decoder, video/512x512/pixel=grey8/codec=H.265: H.265/SW/hevc, gray8[0m
[0m[38;2;000;000;255m[XprsDecoder][INFO]: Using H.265 SW decoder named 'hevc' (xprs::gray8 -> vrs::grey8)[0m
[0m[38;2;000;000;255m[TelemetryLogger][INFO]: make_xprs_decoder, video/512x512/pixel=grey8/codec=H.265: H.265/SW/hevc, gray8[0m
[0m[38;2;000;000;255m[ProgressLogger][INFO]: 2026-07-01 19:02:41: Opening /home/eker/Master-Thesis---Multi-modal-User-Intention-Estimation-and-Hand-Position-Prediction/Data_collection/Data_vrs/Ermal_3_20260604_152032.vrs...[0m
[0m[38;2;000;128;000m[MultiRecordFileReader][DEBUG]: Opened file '/home/eker/Master-Thesis---Multi-modal-User-Intention-Estimation-and-Hand-Position-Prediction/Data_collection/Data_vrs/Ermal_3_20260604_152032.vrs' and assigned to reader #0[0m
[0m[38;2;000;000;255m[VrsDataProvider][INFO]: streamId 211-1/camera-et-left activated[0m
[0m[38;2;000;000;255m[VrsDataProvider][INFO]: streamId 211-2/camera-et-right activated[0m
[0m[38;2;000;000;255m[VrsDataProvider][INFO]: streamId 214-1/camera-rgb activated[0m
[0m[38;2;000;000;255m[VrsDataProvider][INFO]: streamId 231-1/mic activated[0m
[0m[38;2;000;000;255m[VrsDataProvider][INFO]: streamId 246-1/temperature activated[0m
[0m[38;2;000;000;255m[VrsDataProvider][INFO]: streamId 247-1/baro0 activated[0m
[0m[38;2;000;000;255m[VrsDataProvider][INFO]: streamId 248-1/ppg activated[0m
[0m[38;2;000;000;255m[VrsDataProvider][INFO]: streamId 281-1/gps-app activated[0m
[0m[38;2;000;000;255m[VrsDataProvider][INFO]: streamId 282-1/wps activated[0m
[0m[38;2;000;000;255m[VrsDataProvider][INFO]: streamId 283-1/bluetooth activated[0m
[0m[38;2;000;000;255m[VrsDataProvider][INFO]: Utc stream found: 285-1[0m
[0m[38;2;000;000;255m[VrsDataProvider][INFO]: streamId 371-1/handtracking activated[0m
[0m[38;2;000;000;255m[VrsDataProvider][INFO]: streamId 371-2/vio activated[0m
[0m[38;2;000;000;255m[VrsDataProvider][INFO]: streamId 371-3/vio_high_frequency activated[0m
[0m[38;2;000;000;255m[VrsDataProvider][INFO]: streamId 373-1/eyegaze activated[0m
[0m[38;2;000;000;255m[VrsDataProvider][INFO]: streamId 500-1/als activated[0m
[0m[38;2;000;000;255m[VrsDataProvider][INFO]: Fail to activate streamId 502-1[0m
[0m[38;2;000;000;255m[VrsDataProvider][INFO]: streamId 1201-1/slam-front-left activated[0m
[0m[38;2;000;000;255m[VrsDataProvider][INFO]: streamId 1201-2/slam-front-right activated[0m
[0m[38;2;000;000;255m[VrsDataProvider][INFO]: streamId 1201-3/slam-side-left activated[0m
[0m[38;2;000;000;255m[VrsDataProvider][INFO]: streamId 1201-4/slam-side-right activated[0m
[0m[38;2;000;000;255m[VrsDataProvider][INFO]: streamId 1202-1/imu-left activated[0m
[0m[38;2;000;000;255m[VrsDataProvider][INFO]: streamId 1202-2/imu-right activated[0m
[0m[38;2;000;000;255m[VrsDataProvider][INFO]: streamId 1203-1/mag0 activated[0m
[0m[38;2;000;000;255m[XprsDecoder][INFO]: Using H.265 SW decoder named 'hevc' (xprs::gray8 -> vrs::grey8)[0m
[0m[38;2;000;000;255m[TelemetryLogger][INFO]: make_xprs_decoder, video/200x200/pixel=grey8/codec=H.265: H.265/SW/hevc, gray8[0m
[0m[38;2;000;000;255m[XprsDecoder][INFO]: Using H.265 SW decoder named 'hevc' (xprs::gray8 -> vrs::grey8)[0m
[0m[38;2;000;000;255m[TelemetryLogger][INFO]: make_xprs_decoder, video/200x200/pixel=grey8/codec=H.265: H.265/SW/hevc, gray8[0m
[0m[38;2;000;000;255m[XprsDecoder][INFO]: Using H.265 SW decoder named 'hevc' (xprs::yuv420p -> vrs::yuv_i420_split)[0m
[0m[38;2;000;000;255m[TelemetryLogger][INFO]: make_xprs_decoder, video/2016x1512/pixel=yuv_i420_split/codec=H.265: H.265/SW/hevc, yuv420p[0m
[0m[38;2;000;000;255m[XprsDecoder][INFO]: Using H.265 SW decoder named 'hevc' (xprs::gray8 -> vrs::grey8)[0m
[0m[38;2;000;000;255m[TelemetryLogger][INFO]: make_xprs_decoder, video/512x512/pixel=grey8/codec=H.265: H.265/SW/hevc, gray8[0m
[0m[38;2;000;000;255m[XprsDecoder][INFO]: Using H.265 SW decoder named 'hevc' (xprs::gray8 -> vrs::grey8)[0m
[0m[38;2;000;000;255m[TelemetryLogger][INFO]: make_xprs_decoder, video/512x512/pixel=grey8/codec=H.265: H.265/SW/hevc, gray8[0m
[0m[38;2;000;000;255m[XprsDecoder][INFO]: Using H.265 SW decoder named 'hevc' (xprs::gray8 -> vrs::grey8)[0m
[0m[38;2;000;000;255m[TelemetryLogger][INFO]: make_xprs_decoder, video/512x512/pixel=grey8/codec=H.265: H.265/SW/hevc, gray8[0m
[0m[38;2;000;000;255m[XprsDecoder][INFO]: Using H.265 SW decoder named 'hevc' (xprs::gray8 -> vrs::grey8)[0m
[0m[38;2;000;000;255m[TelemetryLogger][INFO]: make_xprs_decoder, video/512x512/pixel=grey8/codec=H.265: H.265/SW/hevc, gray8[0m
[0m[38;2;000;000;255m[ProgressLogger][INFO]: 2026-07-01 19:07:22: Opening /home/eker/Master-Thesis---Multi-modal-User-Intention-Estimation-and-Hand-Position-Prediction/Data_collection/Data_vrs/Ermal_4_20260604_152214.vrs...[0m
[0m[38;2;000;128;000m[MultiRecordFileReader][DEBUG]: Opened file '/home/eker/Master-Thesis---Multi-modal-User-Intention-Estimation-and-Hand-Position-Prediction/Data_collection/Data_vrs/Ermal_4_20260604_152214.vrs' and assigned to reader #0[0m
[0m[38;2;000;000;255m[VrsDataProvider][INFO]: streamId 211-1/camera-et-left activated[0m
[0m[38;2;000;000;255m[VrsDataProvider][INFO]: streamId 211-2/camera-et-right activated[0m
[0m[38;2;000;000;255m[VrsDataProvider][INFO]: streamId 214-1/camera-rgb activated[0m
[0m[38;2;000;000;255m[VrsDataProvider][INFO]: streamId 231-1/mic activated[0m
[0m[38;2;000;000;255m[VrsDataProvider][INFO]: streamId 246-1/temperature activated[0m
[0m[38;2;000;000;255m[VrsDataProvider][INFO]: streamId 247-1/baro0 activated[0m
[0m[38;2;000;000;255m[VrsDataProvider][INFO]: streamId 248-1/ppg activated[0m
[0m[38;2;000;000;255m[VrsDataProvider][INFO]: streamId 281-1/gps-app activated[0m
[0m[38;2;000;000;255m[VrsDataProvider][INFO]: streamId 282-1/wps activated[0m
[0m[38;2;000;000;255m[VrsDataProvider][INFO]: streamId 283-1/bluetooth activated[0m
[0m[38;2;000;000;255m[VrsDataProvider][INFO]: Utc stream found: 285-1[0m
[0m[38;2;000;000;255m[VrsDataProvider][INFO]: streamId 371-1/handtracking activated[0m
[0m[38;2;000;000;255m[VrsDataProvider][INFO]: streamId 371-2/vio activated[0m
[0m[38;2;000;000;255m[VrsDataProvider][INFO]: streamId 371-3/vio_high_frequency activated[0m
[0m[38;2;000;000;255m[VrsDataProvider][INFO]: streamId 373-1/eyegaze activated[0m
[0m[38;2;000;000;255m[VrsDataProvider][INFO]: streamId 500-1/als activated[0m
[0m[38;2;000;000;255m[VrsDataProvider][INFO]: Fail to activate streamId 502-1[0m
[0m[38;2;000;000;255m[VrsDataProvider][INFO]: streamId 1201-1/slam-front-left activated[0m
[0m[38;2;000;000;255m[VrsDataProvider][INFO]: streamId 1201-2/slam-front-right activated[0m
[0m[38;2;000;000;255m[VrsDataProvider][INFO]: streamId 1201-3/slam-side-left activated[0m
[0m[38;2;000;000;255m[VrsDataProvider][INFO]: streamId 1201-4/slam-side-right activated[0m
[0m[38;2;000;000;255m[VrsDataProvider][INFO]: streamId 1202-1/imu-left activated[0m
[0m[38;2;000;000;255m[VrsDataProvider][INFO]: streamId 1202-2/imu-right activated[0m
[0m[38;2;000;000;255m[VrsDataProvider][INFO]: streamId 1203-1/mag0 activated[0m
[0m[38;2;000;000;255m[XprsDecoder][INFO]: Using H.265 SW decoder named 'hevc' (xprs::gray8 -> vrs::grey8)[0m
[0m[38;2;000;000;255m[TelemetryLogger][INFO]: make_xprs_decoder, video/200x200/pixel=grey8/codec=H.265: H.265/SW/hevc, gray8[0m
[0m[38;2;000;000;255m[XprsDecoder][INFO]: Using H.265 SW decoder named 'hevc' (xprs::gray8 -> vrs::grey8)[0m
[0m[38;2;000;000;255m[TelemetryLogger][INFO]: make_xprs_decoder, video/200x200/pixel=grey8/codec=H.265: H.265/SW/hevc, gray8[0m
[0m[38;2;000;000;255m[XprsDecoder][INFO]: Using H.265 SW decoder named 'hevc' (xprs::yuv420p -> vrs::yuv_i420_split)[0m
[0m[38;2;000;000;255m[TelemetryLogger][INFO]: make_xprs_decoder, video/2016x1512/pixel=yuv_i420_split/codec=H.265: H.265/SW/hevc, yuv420p[0m
[0m[38;2;000;000;255m[XprsDecoder][INFO]: Using H.265 SW decoder named 'hevc' (xprs::gray8 -> vrs::grey8)[0m
[0m[38;2;000;000;255m[TelemetryLogger][INFO]: make_xprs_decoder, video/512x512/pixel=grey8/codec=H.265: H.265/SW/hevc, gray8[0m
[0m[38;2;000;000;255m[XprsDecoder][INFO]: Using H.265 SW decoder named 'hevc' (xprs::gray8 -> vrs::grey8)[0m
[0m[38;2;000;000;255m[TelemetryLogger][INFO]: make_xprs_decoder, video/512x512/pixel=grey8/codec=H.265: H.265/SW/hevc, gray8[0m
[0m[38;2;000;000;255m[XprsDecoder][INFO]: Using H.265 SW decoder named 'hevc' (xprs::gray8 -> vrs::grey8)[0m
[0m[38;2;000;000;255m[TelemetryLogger][INFO]: make_xprs_decoder, video/512x512/pixel=grey8/codec=H.265: H.265/SW/hevc, gray8[0m
[0m[38;2;000;000;255m[XprsDecoder][INFO]: Using H.265 SW decoder named 'hevc' (xprs::gray8 -> vrs::grey8)[0m
[0m[38;2;000;000;255m[TelemetryLogger][INFO]: make_xprs_decoder, video/512x512/pixel=grey8/codec=H.265: H.265/SW/hevc, gray8[0m
[0m[38;2;000;000;255m[ProgressLogger][INFO]: 2026-07-01 19:12:46: Opening /home/eker/Master-Thesis---Multi-modal-User-Intention-Estimation-and-Hand-Position-Prediction/Data_collection/Data_vrs/Ermal_5_20260616_153530.vrs...[0m
[0m[38;2;000;128;000m[MultiRecordFileReader][DEBUG]: Opened file '/home/eker/Master-Thesis---Multi-modal-User-Intention-Estimation-and-Hand-Position-Prediction/Data_collection/Data_vrs/Ermal_5_20260616_153530.vrs' and assigned to reader #0[0m
[0m[38;2;000;000;255m[VrsDataProvider][INFO]: streamId 211-1/camera-et-left activated[0m
[0m[38;2;000;000;255m[VrsDataProvider][INFO]: streamId 211-2/camera-et-right activated[0m
[0m[38;2;000;000;255m[VrsDataProvider][INFO]: streamId 214-1/camera-rgb activated[0m
[0m[38;2;000;000;255m[VrsDataProvider][INFO]: streamId 231-1/mic activated[0m
[0m[38;2;000;000;255m[VrsDataProvider][INFO]: streamId 246-1/temperature activated[0m
[0m[38;2;000;000;255m[VrsDataProvider][INFO]: streamId 247-1/baro0 activated[0m
[0m[38;2;000;000;255m[VrsDataProvider][INFO]: streamId 248-1/ppg activated[0m
[0m[38;2;000;000;255m[VrsDataProvider][INFO]: streamId 281-1/gps-app activated[0m
[0m[38;2;000;000;255m[VrsDataProvider][INFO]: streamId 282-1/wps activated[0m
[0m[38;2;000;000;255m[VrsDataProvider][INFO]: streamId 283-1/bluetooth activated[0m
[0m[38;2;000;000;255m[VrsDataProvider][INFO]: Utc stream found: 285-1[0m
[0m[38;2;000;000;255m[VrsDataProvider][INFO]: streamId 371-1/handtracking activated[0m
[0m[38;2;000;000;255m[VrsDataProvider][INFO]: streamId 371-2/vio activated[0m
[0m[38;2;000;000;255m[VrsDataProvider][INFO]: streamId 371-3/vio_high_frequency activated[0m
[0m[38;2;000;000;255m[VrsDataProvider][INFO]: streamId 373-1/eyegaze activated[0m
[0m[38;2;000;000;255m[VrsDataProvider][INFO]: streamId 500-1/als activated[0m
[0m[38;2;000;000;255m[VrsDataProvider][INFO]: Fail to activate streamId 502-1[0m
[0m[38;2;000;000;255m[VrsDataProvider][INFO]: streamId 1201-1/slam-front-left activated[0m
[0m[38;2;000;000;255m[VrsDataProvider][INFO]: streamId 1201-2/slam-front-right activated[0m
[0m[38;2;000;000;255m[VrsDataProvider][INFO]: streamId 1201-3/slam-side-left activated[0m
[0m[38;2;000;000;255m[VrsDataProvider][INFO]: streamId 1201-4/slam-side-right activated[0m
[0m[38;2;000;000;255m[VrsDataProvider][INFO]: streamId 1202-1/imu-left activated[0m
[0m[38;2;000;000;255m[VrsDataProvider][INFO]: streamId 1202-2/imu-right activated[0m
[0m[38;2;000;000;255m[VrsDataProvider][INFO]: streamId 1203-1/mag0 activated[0m
[0m[38;2;000;000;255m[XprsDecoder][INFO]: Using H.265 SW decoder named 'hevc' (xprs::gray8 -> vrs::grey8)[0m
[0m[38;2;000;000;255m[TelemetryLogger][INFO]: make_xprs_decoder, video/200x200/pixel=grey8/codec=H.265: H.265/SW/hevc, gray8[0m
[0m[38;2;000;000;255m[XprsDecoder][INFO]: Using H.265 SW decoder named 'hevc' (xprs::gray8 -> vrs::grey8)[0m
[0m[38;2;000;000;255m[TelemetryLogger][INFO]: make_xprs_decoder, video/200x200/pixel=grey8/codec=H.265: H.265/SW/hevc, gray8[0m
[0m[38;2;000;000;255m[XprsDecoder][INFO]: Using H.265 SW decoder named 'hevc' (xprs::yuv420p -> vrs::yuv_i420_split)[0m
[0m[38;2;000;000;255m[TelemetryLogger][INFO]: make_xprs_decoder, video/2016x1512/pixel=yuv_i420_split/codec=H.265: H.265/SW/hevc, yuv420p[0m
[0m[38;2;000;000;255m[XprsDecoder][INFO]: Using H.265 SW decoder named 'hevc' (xprs::gray8 -> vrs::grey8)[0m
[0m[38;2;000;000;255m[TelemetryLogger][INFO]: make_xprs_decoder, video/512x512/pixel=grey8/codec=H.265: H.265/SW/hevc, gray8[0m
[0m[38;2;000;000;255m[XprsDecoder][INFO]: Using H.265 SW decoder named 'hevc' (xprs::gray8 -> vrs::grey8)[0m
[0m[38;2;000;000;255m[TelemetryLogger][INFO]: make_xprs_decoder, video/512x512/pixel=grey8/codec=H.265: H.265/SW/hevc, gray8[0m
[0m[38;2;000;000;255m[XprsDecoder][INFO]: Using H.265 SW decoder named 'hevc' (xprs::gray8 -> vrs::grey8)[0m
[0m[38;2;000;000;255m[TelemetryLogger][INFO]: make_xprs_decoder, video/512x512/pixel=grey8/codec=H.265: H.265/SW/hevc, gray8[0m
[0m[38;2;000;000;255m[XprsDecoder][INFO]: Using H.265 SW decoder named 'hevc' (xprs::gray8 -> vrs::grey8)[0m
[0m[38;2;000;000;255m[TelemetryLogger][INFO]: make_xprs_decoder, video/512x512/pixel=grey8/codec=H.265: H.265/SW/hevc, gray8[0m
[0m[38;2;000;000;255m[ProgressLogger][INFO]: 2026-07-01 19:18:15: Opening /home/eker/Master-Thesis---Multi-modal-User-Intention-Estimation-and-Hand-Position-Prediction/Data_collection/Data_vrs/Ermal_6_20260616_153648.vrs...[0m
[0m[38;2;000;128;000m[MultiRecordFileReader][DEBUG]: Opened file '/home/eker/Master-Thesis---Multi-modal-User-Intention-Estimation-and-Hand-Position-Prediction/Data_collection/Data_vrs/Ermal_6_20260616_153648.vrs' and assigned to reader #0[0m
[0m[38;2;000;000;255m[VrsDataProvider][INFO]: streamId 211-1/camera-et-left activated[0m
[0m[38;2;000;000;255m[VrsDataProvider][INFO]: streamId 211-2/camera-et-right activated[0m
[0m[38;2;000;000;255m[VrsDataProvider][INFO]: streamId 214-1/camera-rgb activated[0m
[0m[38;2;000;000;255m[VrsDataProvider][INFO]: streamId 231-1/mic activated[0m
[0m[38;2;000;000;255m[VrsDataProvider][INFO]: streamId 246-1/temperature activated[0m
[0m[38;2;000;000;255m[VrsDataProvider][INFO]: streamId 247-1/baro0 activated[0m
[0m[38;2;000;000;255m[VrsDataProvider][INFO]: streamId 248-1/ppg activated[0m
[0m[38;2;000;000;255m[VrsDataProvider][INFO]: streamId 281-1/gps-app activated[0m
[0m[38;2;000;000;255m[VrsDataProvider][INFO]: streamId 282-1/wps activated[0m
[0m[38;2;000;000;255m[VrsDataProvider][INFO]: streamId 283-1/bluetooth activated[0m
[0m[38;2;000;000;255m[VrsDataProvider][INFO]: Utc stream found: 285-1[0m
[0m[38;2;000;000;255m[VrsDataProvider][INFO]: streamId 371-1/handtracking activated[0m
[0m[38;2;000;000;255m[VrsDataProvider][INFO]: streamId 371-2/vio activated[0m
[0m[38;2;000;000;255m[VrsDataProvider][INFO]: streamId 371-3/vio_high_frequency activated[0m
[0m[38;2;000;000;255m[VrsDataProvider][INFO]: streamId 373-1/eyegaze activated[0m
[0m[38;2;000;000;255m[VrsDataProvider][INFO]: streamId 500-1/als activated[0m
[0m[38;2;000;000;255m[VrsDataProvider][INFO]: Fail to activate streamId 502-1[0m
[0m[38;2;000;000;255m[VrsDataProvider][INFO]: streamId 1201-1/slam-front-left activated[0m
[0m[38;2;000;000;255m[VrsDataProvider][INFO]: streamId 1201-2/slam-front-right activated[0m
[0m[38;2;000;000;255m[VrsDataProvider][INFO]: streamId 1201-3/slam-side-left activated[0m
[0m[38;2;000;000;255m[VrsDataProvider][INFO]: streamId 1201-4/slam-side-right activated[0m
[0m[38;2;000;000;255m[VrsDataProvider][INFO]: streamId 1202-1/imu-left activated[0m
[0m[38;2;000;000;255m[VrsDataProvider][INFO]: streamId 1202-2/imu-right activated[0m
[0m[38;2;000;000;255m[VrsDataProvider][INFO]: streamId 1203-1/mag0 activated[0m
[0m[38;2;000;000;255m[XprsDecoder][INFO]: Using H.265 SW decoder named 'hevc' (xprs::gray8 -> vrs::grey8)[0m
[0m[38;2;000;000;255m[TelemetryLogger][INFO]: make_xprs_decoder, video/200x200/pixel=grey8/codec=H.265: H.265/SW/hevc, gray8[0m
[0m[38;2;000;000;255m[XprsDecoder][INFO]: Using H.265 SW decoder named 'hevc' (xprs::gray8 -> vrs::grey8)[0m
[0m[38;2;000;000;255m[TelemetryLogger][INFO]: make_xprs_decoder, video/200x200/pixel=grey8/codec=H.265: H.265/SW/hevc, gray8[0m
[0m[38;2;000;000;255m[XprsDecoder][INFO]: Using H.265 SW decoder named 'hevc' (xprs::yuv420p -> vrs::yuv_i420_split)[0m
[0m[38;2;000;000;255m[TelemetryLogger][INFO]: make_xprs_decoder, video/2016x1512/pixel=yuv_i420_split/codec=H.265: H.265/SW/hevc, yuv420p[0m
[0m[38;2;000;000;255m[XprsDecoder][INFO]: Using H.265 SW decoder named 'hevc' (xprs::gray8 -> vrs::grey8)[0m
[0m[38;2;000;000;255m[TelemetryLogger][INFO]: make_xprs_decoder, video/512x512/pixel=grey8/codec=H.265: H.265/SW/hevc, gray8[0m
[0m[38;2;000;000;255m[XprsDecoder][INFO]: Using H.265 SW decoder named 'hevc' (xprs::gray8 -> vrs::grey8)[0m
[0m[38;2;000;000;255m[TelemetryLogger][INFO]: make_xprs_decoder, video/512x512/pixel=grey8/codec=H.265: H.265/SW/hevc, gray8[0m
[0m[38;2;000;000;255m[XprsDecoder][INFO]: Using H.265 SW decoder named 'hevc' (xprs::gray8 -> vrs::grey8)[0m
[0m[38;2;000;000;255m[TelemetryLogger][INFO]: make_xprs_decoder, video/512x512/pixel=grey8/codec=H.265: H.265/SW/hevc, gray8[0m
[0m[38;2;000;000;255m[XprsDecoder][INFO]: Using H.265 SW decoder named 'hevc' (xprs::gray8 -> vrs::grey8)[0m
[0m[38;2;000;000;255m[TelemetryLogger][INFO]: make_xprs_decoder, video/512x512/pixel=grey8/codec=H.265: H.265/SW/hevc, gray8[0m
[0m[38;2;000;000;255m[ProgressLogger][INFO]: 2026-07-01 19:25:04: Opening /home/eker/Master-Thesis---Multi-modal-User-Intention-Estimation-and-Hand-Position-Prediction/Data_collection/Data_vrs/Ermal_7_20260616_153921.vrs...[0m
[0m[38;2;000;128;000m[MultiRecordFileReader][DEBUG]: Opened file '/home/eker/Master-Thesis---Multi-modal-User-Intention-Estimation-and-Hand-Position-Prediction/Data_collection/Data_vrs/Ermal_7_20260616_153921.vrs' and assigned to reader #0[0m
[0m[38;2;000;000;255m[VrsDataProvider][INFO]: streamId 211-1/camera-et-left activated[0m
[0m[38;2;000;000;255m[VrsDataProvider][INFO]: streamId 211-2/camera-et-right activated[0m
[0m[38;2;000;000;255m[VrsDataProvider][INFO]: streamId 214-1/camera-rgb activated[0m
[0m[38;2;000;000;255m[VrsDataProvider][INFO]: streamId 231-1/mic activated[0m
[0m[38;2;000;000;255m[VrsDataProvider][INFO]: streamId 246-1/temperature activated[0m
[0m[38;2;000;000;255m[VrsDataProvider][INFO]: streamId 247-1/baro0 activated[0m
[0m[38;2;000;000;255m[VrsDataProvider][INFO]: streamId 248-1/ppg activated[0m
[0m[38;2;000;000;255m[VrsDataProvider][INFO]: streamId 281-1/gps-app activated[0m
[0m[38;2;000;000;255m[VrsDataProvider][INFO]: streamId 282-1/wps activated[0m
[0m[38;2;000;000;255m[VrsDataProvider][INFO]: streamId 283-1/bluetooth activated[0m
[0m[38;2;000;000;255m[VrsDataProvider][INFO]: Utc stream found: 285-1[0m
[0m[38;2;000;000;255m[VrsDataProvider][INFO]: streamId 371-1/handtracking activated[0m
[0m[38;2;000;000;255m[VrsDataProvider][INFO]: streamId 371-2/vio activated[0m
[0m[38;2;000;000;255m[VrsDataProvider][INFO]: streamId 371-3/vio_high_frequency activated[0m
[0m[38;2;000;000;255m[VrsDataProvider][INFO]: streamId 373-1/eyegaze activated[0m
[0m[38;2;000;000;255m[VrsDataProvider][INFO]: streamId 500-1/als activated[0m
[0m[38;2;000;000;255m[VrsDataProvider][INFO]: Fail to activate streamId 502-1[0m
[0m[38;2;000;000;255m[VrsDataProvider][INFO]: streamId 1201-1/slam-front-left activated[0m
[0m[38;2;000;000;255m[VrsDataProvider][INFO]: streamId 1201-2/slam-front-right activated[0m
[0m[38;2;000;000;255m[VrsDataProvider][INFO]: streamId 1201-3/slam-side-left activated[0m
[0m[38;2;000;000;255m[VrsDataProvider][INFO]: streamId 1201-4/slam-side-right activated[0m
[0m[38;2;000;000;255m[VrsDataProvider][INFO]: streamId 1202-1/imu-left activated[0m
[0m[38;2;000;000;255m[VrsDataProvider][INFO]: streamId 1202-2/imu-right activated[0m
[0m[38;2;000;000;255m[VrsDataProvider][INFO]: streamId 1203-1/mag0 activated[0m
[0m[38;2;000;000;255m[XprsDecoder][INFO]: Using H.265 SW decoder named 'hevc' (xprs::gray8 -> vrs::grey8)[0m
[0m[38;2;000;000;255m[TelemetryLogger][INFO]: make_xprs_decoder, video/200x200/pixel=grey8/codec=H.265: H.265/SW/hevc, gray8[0m
[0m[38;2;000;000;255m[XprsDecoder][INFO]: Using H.265 SW decoder named 'hevc' (xprs::gray8 -> vrs::grey8)[0m
[0m[38;2;000;000;255m[TelemetryLogger][INFO]: make_xprs_decoder, video/200x200/pixel=grey8/codec=H.265: H.265/SW/hevc, gray8[0m
[0m[38;2;000;000;255m[XprsDecoder][INFO]: Using H.265 SW decoder named 'hevc' (xprs::yuv420p -> vrs::yuv_i420_split)[0m
[0m[38;2;000;000;255m[TelemetryLogger][INFO]: make_xprs_decoder, video/2016x1512/pixel=yuv_i420_split/codec=H.265: H.265/SW/hevc, yuv420p[0m
[0m[38;2;000;000;255m[XprsDecoder][INFO]: Using H.265 SW decoder named 'hevc' (xprs::gray8 -> vrs::grey8)[0m
[0m[38;2;000;000;255m[TelemetryLogger][INFO]: make_xprs_decoder, video/512x512/pixel=grey8/codec=H.265: H.265/SW/hevc, gray8[0m
[0m[38;2;000;000;255m[XprsDecoder][INFO]: Using H.265 SW decoder named 'hevc' (xprs::gray8 -> vrs::grey8)[0m
[0m[38;2;000;000;255m[TelemetryLogger][INFO]: make_xprs_decoder, video/512x512/pixel=grey8/codec=H.265: H.265/SW/hevc, gray8[0m
[0m[38;2;000;000;255m[XprsDecoder][INFO]: Using H.265 SW decoder named 'hevc' (xprs::gray8 -> vrs::grey8)[0m
[0m[38;2;000;000;255m[TelemetryLogger][INFO]: make_xprs_decoder, video/512x512/pixel=grey8/codec=H.265: H.265/SW/hevc, gray8[0m
[0m[38;2;000;000;255m[XprsDecoder][INFO]: Using H.265 SW decoder named 'hevc' (xprs::gray8 -> vrs::grey8)[0m
[0m[38;2;000;000;255m[TelemetryLogger][INFO]: make_xprs_decoder, video/512x512/pixel=grey8/codec=H.265: H.265/SW/hevc, gray8[0m
[0m[38;2;000;000;255m[ProgressLogger][INFO]: 2026-07-01 19:33:32: Opening /home/eker/Master-Thesis---Multi-modal-User-Intention-Estimation-and-Hand-Position-Prediction/Data_collection/Data_vrs/Ermal_8_20260616_154054.vrs...[0m
[0m[38;2;000;128;000m[MultiRecordFileReader][DEBUG]: Opened file '/home/eker/Master-Thesis---Multi-modal-User-Intention-Estimation-and-Hand-Position-Prediction/Data_collection/Data_vrs/Ermal_8_20260616_154054.vrs' and assigned to reader #0[0m
[0m[38;2;000;000;255m[VrsDataProvider][INFO]: streamId 211-1/camera-et-left activated[0m
[0m[38;2;000;000;255m[VrsDataProvider][INFO]: streamId 211-2/camera-et-right activated[0m
[0m[38;2;000;000;255m[VrsDataProvider][INFO]: streamId 214-1/camera-rgb activated[0m
[0m[38;2;000;000;255m[VrsDataProvider][INFO]: streamId 231-1/mic activated[0m
[0m[38;2;000;000;255m[VrsDataProvider][INFO]: streamId 246-1/temperature activated[0m
[0m[38;2;000;000;255m[VrsDataProvider][INFO]: streamId 247-1/baro0 activated[0m
[0m[38;2;000;000;255m[VrsDataProvider][INFO]: streamId 248-1/ppg activated[0m
[0m[38;2;000;000;255m[VrsDataProvider][INFO]: streamId 281-1/gps-app activated[0m
[0m[38;2;000;000;255m[VrsDataProvider][INFO]: streamId 282-1/wps activated[0m
[0m[38;2;000;000;255m[VrsDataProvider][INFO]: streamId 283-1/bluetooth activated[0m
[0m[38;2;000;000;255m[VrsDataProvider][INFO]: Utc stream found: 285-1[0m
[0m[38;2;000;000;255m[VrsDataProvider][INFO]: streamId 371-1/handtracking activated[0m
[0m[38;2;000;000;255m[VrsDataProvider][INFO]: streamId 371-2/vio activated[0m
[0m[38;2;000;000;255m[VrsDataProvider][INFO]: streamId 371-3/vio_high_frequency activated[0m
[0m[38;2;000;000;255m[VrsDataProvider][INFO]: streamId 373-1/eyegaze activated[0m
[0m[38;2;000;000;255m[VrsDataProvider][INFO]: streamId 500-1/als activated[0m
[0m[38;2;000;000;255m[VrsDataProvider][INFO]: Fail to activate streamId 502-1[0m
[0m[38;2;000;000;255m[VrsDataProvider][INFO]: streamId 1201-1/slam-front-left activated[0m
[0m[38;2;000;000;255m[VrsDataProvider][INFO]: streamId 1201-2/slam-front-right activated[0m
[0m[38;2;000;000;255m[VrsDataProvider][INFO]: streamId 1201-3/slam-side-left activated[0m
[0m[38;2;000;000;255m[VrsDataProvider][INFO]: streamId 1201-4/slam-side-right activated[0m
[0m[38;2;000;000;255m[VrsDataProvider][INFO]: streamId 1202-1/imu-left activated[0m
[0m[38;2;000;000;255m[VrsDataProvider][INFO]: streamId 1202-2/imu-right activated[0m
[0m[38;2;000;000;255m[VrsDataProvider][INFO]: streamId 1203-1/mag0 activated[0m
[0m[38;2;000;000;255m[XprsDecoder][INFO]: Using H.265 SW decoder named 'hevc' (xprs::gray8 -> vrs::grey8)[0m
[0m[38;2;000;000;255m[TelemetryLogger][INFO]: make_xprs_decoder, video/200x200/pixel=grey8/codec=H.265: H.265/SW/hevc, gray8[0m
[0m[38;2;000;000;255m[XprsDecoder][INFO]: Using H.265 SW decoder named 'hevc' (xprs::gray8 -> vrs::grey8)[0m
[0m[38;2;000;000;255m[TelemetryLogger][INFO]: make_xprs_decoder, video/200x200/pixel=grey8/codec=H.265: H.265/SW/hevc, gray8[0m
[0m[38;2;000;000;255m[XprsDecoder][INFO]: Using H.265 SW decoder named 'hevc' (xprs::yuv420p -> vrs::yuv_i420_split)[0m
[0m[38;2;000;000;255m[TelemetryLogger][INFO]: make_xprs_decoder, video/2016x1512/pixel=yuv_i420_split/codec=H.265: H.265/SW/hevc, yuv420p[0m
[0m[38;2;000;000;255m[XprsDecoder][INFO]: Using H.265 SW decoder named 'hevc' (xprs::gray8 -> vrs::grey8)[0m
[0m[38;2;000;000;255m[TelemetryLogger][INFO]: make_xprs_decoder, video/512x512/pixel=grey8/codec=H.265: H.265/SW/hevc, gray8[0m
[0m[38;2;000;000;255m[XprsDecoder][INFO]: Using H.265 SW decoder named 'hevc' (xprs::gray8 -> vrs::grey8)[0m
[0m[38;2;000;000;255m[TelemetryLogger][INFO]: make_xprs_decoder, video/512x512/pixel=grey8/codec=H.265: H.265/SW/hevc, gray8[0m
[0m[38;2;000;000;255m[XprsDecoder][INFO]: Using H.265 SW decoder named 'hevc' (xprs::gray8 -> vrs::grey8)[0m
[0m[38;2;000;000;255m[TelemetryLogger][INFO]: make_xprs_decoder, video/512x512/pixel=grey8/codec=H.265: H.265/SW/hevc, gray8[0m
[0m[38;2;000;000;255m[XprsDecoder][INFO]: Using H.265 SW decoder named 'hevc' (xprs::gray8 -> vrs::grey8)[0m
[0m[38;2;000;000;255m[TelemetryLogger][INFO]: make_xprs_decoder, video/512x512/pixel=grey8/codec=H.265: H.265/SW/hevc, gray8[0m
[0m[38;2;000;000;255m[ProgressLogger][INFO]: 2026-07-01 19:40:16: Opening /home/eker/Master-Thesis---Multi-modal-User-Intention-Estimation-and-Hand-Position-Prediction/Data_collection/Data_vrs/Ermal_9_20260616_154205.vrs...[0m
[0m[38;2;000;128;000m[MultiRecordFileReader][DEBUG]: Opened file '/home/eker/Master-Thesis---Multi-modal-User-Intention-Estimation-and-Hand-Position-Prediction/Data_collection/Data_vrs/Ermal_9_20260616_154205.vrs' and assigned to reader #0[0m
[0m[38;2;000;000;255m[VrsDataProvider][INFO]: streamId 211-1/camera-et-left activated[0m
[0m[38;2;000;000;255m[VrsDataProvider][INFO]: streamId 211-2/camera-et-right activated[0m
[0m[38;2;000;000;255m[VrsDataProvider][INFO]: streamId 214-1/camera-rgb activated[0m
[0m[38;2;000;000;255m[VrsDataProvider][INFO]: streamId 231-1/mic activated[0m
[0m[38;2;000;000;255m[VrsDataProvider][INFO]: streamId 246-1/temperature activated[0m
[0m[38;2;000;000;255m[VrsDataProvider][INFO]: streamId 247-1/baro0 activated[0m
[0m[38;2;000;000;255m[VrsDataProvider][INFO]: streamId 248-1/ppg activated[0m
[0m[38;2;000;000;255m[VrsDataProvider][INFO]: streamId 281-1/gps-app activated[0m
[0m[38;2;000;000;255m[VrsDataProvider][INFO]: streamId 282-1/wps activated[0m
[0m[38;2;000;000;255m[VrsDataProvider][INFO]: streamId 283-1/bluetooth activated[0m
[0m[38;2;000;000;255m[VrsDataProvider][INFO]: Utc stream found: 285-1[0m
[0m[38;2;000;000;255m[VrsDataProvider][INFO]: streamId 371-1/handtracking activated[0m
[0m[38;2;000;000;255m[VrsDataProvider][INFO]: streamId 371-2/vio activated[0m
[0m[38;2;000;000;255m[VrsDataProvider][INFO]: streamId 371-3/vio_high_frequency activated[0m
[0m[38;2;000;000;255m[VrsDataProvider][INFO]: streamId 373-1/eyegaze activated[0m
[0m[38;2;000;000;255m[VrsDataProvider][INFO]: streamId 500-1/als activated[0m
[0m[38;2;000;000;255m[VrsDataProvider][INFO]: Fail to activate streamId 502-1[0m
[0m[38;2;000;000;255m[VrsDataProvider][INFO]: streamId 1201-1/slam-front-left activated[0m
[0m[38;2;000;000;255m[VrsDataProvider][INFO]: streamId 1201-2/slam-front-right activated[0m
[0m[38;2;000;000;255m[VrsDataProvider][INFO]: streamId 1201-3/slam-side-left activated[0m
[0m[38;2;000;000;255m[VrsDataProvider][INFO]: streamId 1201-4/slam-side-right activated[0m
[0m[38;2;000;000;255m[VrsDataProvider][INFO]: streamId 1202-1/imu-left activated[0m
[0m[38;2;000;000;255m[VrsDataProvider][INFO]: streamId 1202-2/imu-right activated[0m
[0m[38;2;000;000;255m[VrsDataProvider][INFO]: streamId 1203-1/mag0 activated[0m
[0m[38;2;000;000;255m[XprsDecoder][INFO]: Using H.265 SW decoder named 'hevc' (xprs::gray8 -> vrs::grey8)[0m
[0m[38;2;000;000;255m[TelemetryLogger][INFO]: make_xprs_decoder, video/200x200/pixel=grey8/codec=H.265: H.265/SW/hevc, gray8[0m
[0m[38;2;000;000;255m[XprsDecoder][INFO]: Using H.265 SW decoder named 'hevc' (xprs::gray8 -> vrs::grey8)[0m
[0m[38;2;000;000;255m[TelemetryLogger][INFO]: make_xprs_decoder, video/200x200/pixel=grey8/codec=H.265: H.265/SW/hevc, gray8[0m
[0m[38;2;000;000;255m[XprsDecoder][INFO]: Using H.265 SW decoder named 'hevc' (xprs::yuv420p -> vrs::yuv_i420_split)[0m
[0m[38;2;000;000;255m[TelemetryLogger][INFO]: make_xprs_decoder, video/2016x1512/pixel=yuv_i420_split/codec=H.265: H.265/SW/hevc, yuv420p[0m
[0m[38;2;000;000;255m[XprsDecoder][INFO]: Using H.265 SW decoder named 'hevc' (xprs::gray8 -> vrs::grey8)[0m
[0m[38;2;000;000;255m[TelemetryLogger][INFO]: make_xprs_decoder, video/512x512/pixel=grey8/codec=H.265: H.265/SW/hevc, gray8[0m
[0m[38;2;000;000;255m[XprsDecoder][INFO]: Using H.265 SW decoder named 'hevc' (xprs::gray8 -> vrs::grey8)[0m
[0m[38;2;000;000;255m[TelemetryLogger][INFO]: make_xprs_decoder, video/512x512/pixel=grey8/codec=H.265: H.265/SW/hevc, gray8[0m
[0m[38;2;000;000;255m[XprsDecoder][INFO]: Using H.265 SW decoder named 'hevc' (xprs::gray8 -> vrs::grey8)[0m
[0m[38;2;000;000;255m[TelemetryLogger][INFO]: make_xprs_decoder, video/512x512/pixel=grey8/codec=H.265: H.265/SW/hevc, gray8[0m
[0m[38;2;000;000;255m[XprsDecoder][INFO]: Using H.265 SW decoder named 'hevc' (xprs::gray8 -> vrs::grey8)[0m
[0m[38;2;000;000;255m[TelemetryLogger][INFO]: make_xprs_decoder, video/512x512/pixel=grey8/codec=H.265: H.265/SW/hevc, gray8[0m
[0m[38;2;000;000;255m[ProgressLogger][INFO]: 2026-07-01 19:46:36: Opening /home/eker/Master-Thesis---Multi-modal-User-Intention-Estimation-and-Hand-Position-Prediction/Data_collection/Data_vrs/Felix_1_20260604_171928.vrs...[0m
[0m[38;2;000;128;000m[MultiRecordFileReader][DEBUG]: Opened file '/home/eker/Master-Thesis---Multi-modal-User-Intention-Estimation-and-Hand-Position-Prediction/Data_collection/Data_vrs/Felix_1_20260604_171928.vrs' and assigned to reader #0[0m
[0m[38;2;000;000;255m[VrsDataProvider][INFO]: streamId 211-1/camera-et-left activated[0m
[0m[38;2;000;000;255m[VrsDataProvider][INFO]: streamId 211-2/camera-et-right activated[0m
[0m[38;2;000;000;255m[VrsDataProvider][INFO]: streamId 214-1/camera-rgb activated[0m
[0m[38;2;000;000;255m[VrsDataProvider][INFO]: streamId 231-1/mic activated[0m
[0m[38;2;000;000;255m[VrsDataProvider][INFO]: streamId 246-1/temperature activated[0m
[0m[38;2;000;000;255m[VrsDataProvider][INFO]: streamId 247-1/baro0 activated[0m
[0m[38;2;000;000;255m[VrsDataProvider][INFO]: streamId 248-1/ppg activated[0m
[0m[38;2;000;000;255m[VrsDataProvider][INFO]: streamId 281-1/gps-app activated[0m
[0m[38;2;000;000;255m[VrsDataProvider][INFO]: streamId 282-1/wps activated[0m
[0m[38;2;000;000;255m[VrsDataProvider][INFO]: streamId 283-1/bluetooth activated[0m
[0m[38;2;000;000;255m[VrsDataProvider][INFO]: Utc stream found: 285-1[0m
[0m[38;2;000;000;255m[VrsDataProvider][INFO]: streamId 371-1/handtracking activated[0m
[0m[38;2;000;000;255m[VrsDataProvider][INFO]: streamId 371-2/vio activated[0m
[0m[38;2;000;000;255m[VrsDataProvider][INFO]: streamId 371-3/vio_high_frequency activated[0m
[0m[38;2;000;000;255m[VrsDataProvider][INFO]: streamId 373-1/eyegaze activated[0m
[0m[38;2;000;000;255m[VrsDataProvider][INFO]: streamId 500-1/als activated[0m
[0m[38;2;000;000;255m[VrsDataProvider][INFO]: Fail to activate streamId 502-1[0m
[0m[38;2;000;000;255m[VrsDataProvider][INFO]: streamId 1201-1/slam-front-left activated[0m
[0m[38;2;000;000;255m[VrsDataProvider][INFO]: streamId 1201-2/slam-front-right activated[0m
[0m[38;2;000;000;255m[VrsDataProvider][INFO]: streamId 1201-3/slam-side-left activated[0m
[0m[38;2;000;000;255m[VrsDataProvider][INFO]: streamId 1201-4/slam-side-right activated[0m
[0m[38;2;000;000;255m[VrsDataProvider][INFO]: streamId 1202-1/imu-left activated[0m
[0m[38;2;000;000;255m[VrsDataProvider][INFO]: streamId 1202-2/imu-right activated[0m
[0m[38;2;000;000;255m[VrsDataProvider][INFO]: streamId 1203-1/mag0 activated[0m
[0m[38;2;000;000;255m[XprsDecoder][INFO]: Using H.265 SW decoder named 'hevc' (xprs::gray8 -> vrs::grey8)[0m
[0m[38;2;000;000;255m[TelemetryLogger][INFO]: make_xprs_decoder, video/200x200/pixel=grey8/codec=H.265: H.265/SW/hevc, gray8[0m
[0m[38;2;000;000;255m[XprsDecoder][INFO]: Using H.265 SW decoder named 'hevc' (xprs::gray8 -> vrs::grey8)[0m
[0m[38;2;000;000;255m[TelemetryLogger][INFO]: make_xprs_decoder, video/200x200/pixel=grey8/codec=H.265: H.265/SW/hevc, gray8[0m
[0m[38;2;000;000;255m[XprsDecoder][INFO]: Using H.265 SW decoder named 'hevc' (xprs::yuv420p -> vrs::yuv_i420_split)[0m
[0m[38;2;000;000;255m[TelemetryLogger][INFO]: make_xprs_decoder, video/2016x1512/pixel=yuv_i420_split/codec=H.265: H.265/SW/hevc, yuv420p[0m
[0m[38;2;000;000;255m[XprsDecoder][INFO]: Using H.265 SW decoder named 'hevc' (xprs::gray8 -> vrs::grey8)[0m
[0m[38;2;000;000;255m[TelemetryLogger][INFO]: make_xprs_decoder, video/512x512/pixel=grey8/codec=H.265: H.265/SW/hevc, gray8[0m
[0m[38;2;000;000;255m[XprsDecoder][INFO]: Using H.265 SW decoder named 'hevc' (xprs::gray8 -> vrs::grey8)[0m
[0m[38;2;000;000;255m[TelemetryLogger][INFO]: make_xprs_decoder, video/512x512/pixel=grey8/codec=H.265: H.265/SW/hevc, gray8[0m
[0m[38;2;000;000;255m[XprsDecoder][INFO]: Using H.265 SW decoder named 'hevc' (xprs::gray8 -> vrs::grey8)[0m
[0m[38;2;000;000;255m[TelemetryLogger][INFO]: make_xprs_decoder, video/512x512/pixel=grey8/codec=H.265: H.265/SW/hevc, gray8[0m
[0m[38;2;000;000;255m[XprsDecoder][INFO]: Using H.265 SW decoder named 'hevc' (xprs::gray8 -> vrs::grey8)[0m
[0m[38;2;000;000;255m[TelemetryLogger][INFO]: make_xprs_decoder, video/512x512/pixel=grey8/codec=H.265: H.265/SW/hevc, gray8[0m
[0m[38;2;000;000;255m[ProgressLogger][INFO]: 2026-07-01 19:47:22: Opening /home/eker/Master-Thesis---Multi-modal-User-Intention-Estimation-and-Hand-Position-Prediction/Data_collection/Data_vrs/Felix_1_20260604_171946.vrs...[0m
[0m[38;2;000;128;000m[MultiRecordFileReader][DEBUG]: Opened file '/home/eker/Master-Thesis---Multi-modal-User-Intention-Estimation-and-Hand-Position-Prediction/Data_collection/Data_vrs/Felix_1_20260604_171946.vrs' and assigned to reader #0[0m
[0m[38;2;000;000;255m[VrsDataProvider][INFO]: streamId 211-1/camera-et-left activated[0m
[0m[38;2;000;000;255m[VrsDataProvider][INFO]: streamId 211-2/camera-et-right activated[0m
[0m[38;2;000;000;255m[VrsDataProvider][INFO]: streamId 214-1/camera-rgb activated[0m
[0m[38;2;000;000;255m[VrsDataProvider][INFO]: streamId 231-1/mic activated[0m
[0m[38;2;000;000;255m[VrsDataProvider][INFO]: streamId 246-1/temperature activated[0m
[0m[38;2;000;000;255m[VrsDataProvider][INFO]: streamId 247-1/baro0 activated[0m
[0m[38;2;000;000;255m[VrsDataProvider][INFO]: streamId 248-1/ppg activated[0m
[0m[38;2;000;000;255m[VrsDataProvider][INFO]: streamId 281-1/gps-app activated[0m
[0m[38;2;000;000;255m[VrsDataProvider][INFO]: streamId 282-1/wps activated[0m
[0m[38;2;000;000;255m[VrsDataProvider][INFO]: streamId 283-1/bluetooth activated[0m
[0m[38;2;000;000;255m[VrsDataProvider][INFO]: Utc stream found: 285-1[0m
[0m[38;2;000;000;255m[VrsDataProvider][INFO]: streamId 371-1/handtracking activated[0m
[0m[38;2;000;000;255m[VrsDataProvider][INFO]: streamId 371-2/vio activated[0m
[0m[38;2;000;000;255m[VrsDataProvider][INFO]: streamId 371-3/vio_high_frequency activated[0m
[0m[38;2;000;000;255m[VrsDataProvider][INFO]: streamId 373-1/eyegaze activated[0m
[0m[38;2;000;000;255m[VrsDataProvider][INFO]: streamId 500-1/als activated[0m
[0m[38;2;000;000;255m[VrsDataProvider][INFO]: Fail to activate streamId 502-1[0m
[0m[38;2;000;000;255m[VrsDataProvider][INFO]: streamId 1201-1/slam-front-left activated[0m
[0m[38;2;000;000;255m[VrsDataProvider][INFO]: streamId 1201-2/slam-front-right activated[0m
[0m[38;2;000;000;255m[VrsDataProvider][INFO]: streamId 1201-3/slam-side-left activated[0m
[0m[38;2;000;000;255m[VrsDataProvider][INFO]: streamId 1201-4/slam-side-right activated[0m
[0m[38;2;000;000;255m[VrsDataProvider][INFO]: streamId 1202-1/imu-left activated[0m
[0m[38;2;000;000;255m[VrsDataProvider][INFO]: streamId 1202-2/imu-right activated[0m
[0m[38;2;000;000;255m[VrsDataProvider][INFO]: streamId 1203-1/mag0 activated[0m
[0m[38;2;000;000;255m[XprsDecoder][INFO]: Using H.265 SW decoder named 'hevc' (xprs::gray8 -> vrs::grey8)[0m
[0m[38;2;000;000;255m[TelemetryLogger][INFO]: make_xprs_decoder, video/200x200/pixel=grey8/codec=H.265: H.265/SW/hevc, gray8[0m
[0m[38;2;000;000;255m[XprsDecoder][INFO]: Using H.265 SW decoder named 'hevc' (xprs::gray8 -> vrs::grey8)[0m
[0m[38;2;000;000;255m[TelemetryLogger][INFO]: make_xprs_decoder, video/200x200/pixel=grey8/codec=H.265: H.265/SW/hevc, gray8[0m
[0m[38;2;000;000;255m[XprsDecoder][INFO]: Using H.265 SW decoder named 'hevc' (xprs::yuv420p -> vrs::yuv_i420_split)[0m
[0m[38;2;000;000;255m[TelemetryLogger][INFO]: make_xprs_decoder, video/2016x1512/pixel=yuv_i420_split/codec=H.265: H.265/SW/hevc, yuv420p[0m
[0m[38;2;000;000;255m[XprsDecoder][INFO]: Using H.265 SW decoder named 'hevc' (xprs::gray8 -> vrs::grey8)[0m
[0m[38;2;000;000;255m[TelemetryLogger][INFO]: make_xprs_decoder, video/512x512/pixel=grey8/codec=H.265: H.265/SW/hevc, gray8[0m
[0m[38;2;000;000;255m[XprsDecoder][INFO]: Using H.265 SW decoder named 'hevc' (xprs::gray8 -> vrs::grey8)[0m
[0m[38;2;000;000;255m[TelemetryLogger][INFO]: make_xprs_decoder, video/512x512/pixel=grey8/codec=H.265: H.265/SW/hevc, gray8[0m
[0m[38;2;000;000;255m[XprsDecoder][INFO]: Using H.265 SW decoder named 'hevc' (xprs::gray8 -> vrs::grey8)[0m
[0m[38;2;000;000;255m[TelemetryLogger][INFO]: make_xprs_decoder, video/512x512/pixel=grey8/codec=H.265: H.265/SW/hevc, gray8[0m
[0m[38;2;000;000;255m[XprsDecoder][INFO]: Using H.265 SW decoder named 'hevc' (xprs::gray8 -> vrs::grey8)[0m
[0m[38;2;000;000;255m[TelemetryLogger][INFO]: make_xprs_decoder, video/512x512/pixel=grey8/codec=H.265: H.265/SW/hevc, gray8[0m
[0m[38;2;000;000;255m[ProgressLogger][INFO]: 2026-07-01 19:53:07: Opening /home/eker/Master-Thesis---Multi-modal-User-Intention-Estimation-and-Hand-Position-Prediction/Data_collection/Data_vrs/Felix_2_20260604_172102.vrs...[0m
[0m[38;2;000;128;000m[MultiRecordFileReader][DEBUG]: Opened file '/home/eker/Master-Thesis---Multi-modal-User-Intention-Estimation-and-Hand-Position-Prediction/Data_collection/Data_vrs/Felix_2_20260604_172102.vrs' and assigned to reader #0[0m
[0m[38;2;000;000;255m[VrsDataProvider][INFO]: streamId 211-1/camera-et-left activated[0m
[0m[38;2;000;000;255m[VrsDataProvider][INFO]: streamId 211-2/camera-et-right activated[0m
[0m[38;2;000;000;255m[VrsDataProvider][INFO]: streamId 214-1/camera-rgb activated[0m
[0m[38;2;000;000;255m[VrsDataProvider][INFO]: streamId 231-1/mic activated[0m
[0m[38;2;000;000;255m[VrsDataProvider][INFO]: streamId 246-1/temperature activated[0m
[0m[38;2;000;000;255m[VrsDataProvider][INFO]: streamId 247-1/baro0 activated[0m
[0m[38;2;000;000;255m[VrsDataProvider][INFO]: streamId 248-1/ppg activated[0m
[0m[38;2;000;000;255m[VrsDataProvider][INFO]: streamId 281-1/gps-app activated[0m
[0m[38;2;000;000;255m[VrsDataProvider][INFO]: streamId 282-1/wps activated[0m
[0m[38;2;000;000;255m[VrsDataProvider][INFO]: streamId 283-1/bluetooth activated[0m
[0m[38;2;000;000;255m[VrsDataProvider][INFO]: Utc stream found: 285-1[0m
[0m[38;2;000;000;255m[VrsDataProvider][INFO]: streamId 371-1/handtracking activated[0m
[0m[38;2;000;000;255m[VrsDataProvider][INFO]: streamId 371-2/vio activated[0m
[0m[38;2;000;000;255m[VrsDataProvider][INFO]: streamId 371-3/vio_high_frequency activated[0m
[0m[38;2;000;000;255m[VrsDataProvider][INFO]: streamId 373-1/eyegaze activated[0m
[0m[38;2;000;000;255m[VrsDataProvider][INFO]: streamId 500-1/als activated[0m
[0m[38;2;000;000;255m[VrsDataProvider][INFO]: Fail to activate streamId 502-1[0m
[0m[38;2;000;000;255m[VrsDataProvider][INFO]: streamId 1201-1/slam-front-left activated[0m
[0m[38;2;000;000;255m[VrsDataProvider][INFO]: streamId 1201-2/slam-front-right activated[0m
[0m[38;2;000;000;255m[VrsDataProvider][INFO]: streamId 1201-3/slam-side-left activated[0m
[0m[38;2;000;000;255m[VrsDataProvider][INFO]: streamId 1201-4/slam-side-right activated[0m
[0m[38;2;000;000;255m[VrsDataProvider][INFO]: streamId 1202-1/imu-left activated[0m
[0m[38;2;000;000;255m[VrsDataProvider][INFO]: streamId 1202-2/imu-right activated[0m
[0m[38;2;000;000;255m[VrsDataProvider][INFO]: streamId 1203-1/mag0 activated[0m
[0m[38;2;000;000;255m[XprsDecoder][INFO]: Using H.265 SW decoder named 'hevc' (xprs::gray8 -> vrs::grey8)[0m
[0m[38;2;000;000;255m[TelemetryLogger][INFO]: make_xprs_decoder, video/200x200/pixel=grey8/codec=H.265: H.265/SW/hevc, gray8[0m
[0m[38;2;000;000;255m[XprsDecoder][INFO]: Using H.265 SW decoder named 'hevc' (xprs::gray8 -> vrs::grey8)[0m
[0m[38;2;000;000;255m[TelemetryLogger][INFO]: make_xprs_decoder, video/200x200/pixel=grey8/codec=H.265: H.265/SW/hevc, gray8[0m
[0m[38;2;000;000;255m[XprsDecoder][INFO]: Using H.265 SW decoder named 'hevc' (xprs::yuv420p -> vrs::yuv_i420_split)[0m
[0m[38;2;000;000;255m[TelemetryLogger][INFO]: make_xprs_decoder, video/2016x1512/pixel=yuv_i420_split/codec=H.265: H.265/SW/hevc, yuv420p[0m
[0m[38;2;000;000;255m[XprsDecoder][INFO]: Using H.265 SW decoder named 'hevc' (xprs::gray8 -> vrs::grey8)[0m
[0m[38;2;000;000;255m[TelemetryLogger][INFO]: make_xprs_decoder, video/512x512/pixel=grey8/codec=H.265: H.265/SW/hevc, gray8[0m
[0m[38;2;000;000;255m[XprsDecoder][INFO]: Using H.265 SW decoder named 'hevc' (xprs::gray8 -> vrs::grey8)[0m
[0m[38;2;000;000;255m[TelemetryLogger][INFO]: make_xprs_decoder, video/512x512/pixel=grey8/codec=H.265: H.265/SW/hevc, gray8[0m
[0m[38;2;000;000;255m[XprsDecoder][INFO]: Using H.265 SW decoder named 'hevc' (xprs::gray8 -> vrs::grey8)[0m
[0m[38;2;000;000;255m[TelemetryLogger][INFO]: make_xprs_decoder, video/512x512/pixel=grey8/codec=H.265: H.265/SW/hevc, gray8[0m
[0m[38;2;000;000;255m[XprsDecoder][INFO]: Using H.265 SW decoder named 'hevc' (xprs::gray8 -> vrs::grey8)[0m
[0m[38;2;000;000;255m[TelemetryLogger][INFO]: make_xprs_decoder, video/512x512/pixel=grey8/codec=H.265: H.265/SW/hevc, gray8[0m
[0m[38;2;000;000;255m[ProgressLogger][INFO]: 2026-07-01 19:58:54: Opening /home/eker/Master-Thesis---Multi-modal-User-Intention-Estimation-and-Hand-Position-Prediction/Data_collection/Data_vrs/Felix_3_20260604_172212.vrs...[0m
[0m[38;2;000;128;000m[MultiRecordFileReader][DEBUG]: Opened file '/home/eker/Master-Thesis---Multi-modal-User-Intention-Estimation-and-Hand-Position-Prediction/Data_collection/Data_vrs/Felix_3_20260604_172212.vrs' and assigned to reader #0[0m
[0m[38;2;000;000;255m[VrsDataProvider][INFO]: streamId 211-1/camera-et-left activated[0m
[0m[38;2;000;000;255m[VrsDataProvider][INFO]: streamId 211-2/camera-et-right activated[0m
[0m[38;2;000;000;255m[VrsDataProvider][INFO]: streamId 214-1/camera-rgb activated[0m
[0m[38;2;000;000;255m[VrsDataProvider][INFO]: streamId 231-1/mic activated[0m
[0m[38;2;000;000;255m[VrsDataProvider][INFO]: streamId 246-1/temperature activated[0m
[0m[38;2;000;000;255m[VrsDataProvider][INFO]: streamId 247-1/baro0 activated[0m
[0m[38;2;000;000;255m[VrsDataProvider][INFO]: streamId 248-1/ppg activated[0m
[0m[38;2;000;000;255m[VrsDataProvider][INFO]: streamId 281-1/gps-app activated[0m
[0m[38;2;000;000;255m[VrsDataProvider][INFO]: streamId 282-1/wps activated[0m
[0m[38;2;000;000;255m[VrsDataProvider][INFO]: streamId 283-1/bluetooth activated[0m
[0m[38;2;000;000;255m[VrsDataProvider][INFO]: Utc stream found: 285-1[0m
[0m[38;2;000;000;255m[VrsDataProvider][INFO]: streamId 371-1/handtracking activated[0m
[0m[38;2;000;000;255m[VrsDataProvider][INFO]: streamId 371-2/vio activated[0m
[0m[38;2;000;000;255m[VrsDataProvider][INFO]: streamId 371-3/vio_high_frequency activated[0m
[0m[38;2;000;000;255m[VrsDataProvider][INFO]: streamId 373-1/eyegaze activated[0m
[0m[38;2;000;000;255m[VrsDataProvider][INFO]: streamId 500-1/als activated[0m
[0m[38;2;000;000;255m[VrsDataProvider][INFO]: Fail to activate streamId 502-1[0m
[0m[38;2;000;000;255m[VrsDataProvider][INFO]: streamId 1201-1/slam-front-left activated[0m
[0m[38;2;000;000;255m[VrsDataProvider][INFO]: streamId 1201-2/slam-front-right activated[0m
[0m[38;2;000;000;255m[VrsDataProvider][INFO]: streamId 1201-3/slam-side-left activated[0m
[0m[38;2;000;000;255m[VrsDataProvider][INFO]: streamId 1201-4/slam-side-right activated[0m
[0m[38;2;000;000;255m[VrsDataProvider][INFO]: streamId 1202-1/imu-left activated[0m
[0m[38;2;000;000;255m[VrsDataProvider][INFO]: streamId 1202-2/imu-right activated[0m
[0m[38;2;000;000;255m[VrsDataProvider][INFO]: streamId 1203-1/mag0 activated[0m
[0m[38;2;000;000;255m[XprsDecoder][INFO]: Using H.265 SW decoder named 'hevc' (xprs::gray8 -> vrs::grey8)[0m
[0m[38;2;000;000;255m[TelemetryLogger][INFO]: make_xprs_decoder, video/200x200/pixel=grey8/codec=H.265: H.265/SW/hevc, gray8[0m
[0m[38;2;000;000;255m[XprsDecoder][INFO]: Using H.265 SW decoder named 'hevc' (xprs::gray8 -> vrs::grey8)[0m
[0m[38;2;000;000;255m[TelemetryLogger][INFO]: make_xprs_decoder, video/200x200/pixel=grey8/codec=H.265: H.265/SW/hevc, gray8[0m
[0m[38;2;000;000;255m[XprsDecoder][INFO]: Using H.265 SW decoder named 'hevc' (xprs::yuv420p -> vrs::yuv_i420_split)[0m
[0m[38;2;000;000;255m[TelemetryLogger][INFO]: make_xprs_decoder, video/2016x1512/pixel=yuv_i420_split/codec=H.265: H.265/SW/hevc, yuv420p[0m
[0m[38;2;000;000;255m[XprsDecoder][INFO]: Using H.265 SW decoder named 'hevc' (xprs::gray8 -> vrs::grey8)[0m
[0m[38;2;000;000;255m[TelemetryLogger][INFO]: make_xprs_decoder, video/512x512/pixel=grey8/codec=H.265: H.265/SW/hevc, gray8[0m
[0m[38;2;000;000;255m[XprsDecoder][INFO]: Using H.265 SW decoder named 'hevc' (xprs::gray8 -> vrs::grey8)[0m
[0m[38;2;000;000;255m[TelemetryLogger][INFO]: make_xprs_decoder, video/512x512/pixel=grey8/codec=H.265: H.265/SW/hevc, gray8[0m
[0m[38;2;000;000;255m[XprsDecoder][INFO]: Using H.265 SW decoder named 'hevc' (xprs::gray8 -> vrs::grey8)[0m
[0m[38;2;000;000;255m[TelemetryLogger][INFO]: make_xprs_decoder, video/512x512/pixel=grey8/codec=H.265: H.265/SW/hevc, gray8[0m
[0m[38;2;000;000;255m[XprsDecoder][INFO]: Using H.265 SW decoder named 'hevc' (xprs::gray8 -> vrs::grey8)[0m
[0m[38;2;000;000;255m[TelemetryLogger][INFO]: make_xprs_decoder, video/512x512/pixel=grey8/codec=H.265: H.265/SW/hevc, gray8[0m
[0m[38;2;000;000;255m[ProgressLogger][INFO]: 2026-07-01 20:04:41: Opening /home/eker/Master-Thesis---Multi-modal-User-Intention-Estimation-and-Hand-Position-Prediction/Data_collection/Data_vrs/Felix_4_20260604_172358.vrs...[0m
[0m[38;2;000;128;000m[MultiRecordFileReader][DEBUG]: Opened file '/home/eker/Master-Thesis---Multi-modal-User-Intention-Estimation-and-Hand-Position-Prediction/Data_collection/Data_vrs/Felix_4_20260604_172358.vrs' and assigned to reader #0[0m
[0m[38;2;000;000;255m[VrsDataProvider][INFO]: streamId 211-1/camera-et-left activated[0m
[0m[38;2;000;000;255m[VrsDataProvider][INFO]: streamId 211-2/camera-et-right activated[0m
[0m[38;2;000;000;255m[VrsDataProvider][INFO]: streamId 214-1/camera-rgb activated[0m
[0m[38;2;000;000;255m[VrsDataProvider][INFO]: streamId 231-1/mic activated[0m
[0m[38;2;000;000;255m[VrsDataProvider][INFO]: streamId 246-1/temperature activated[0m
[0m[38;2;000;000;255m[VrsDataProvider][INFO]: streamId 247-1/baro0 activated[0m
[0m[38;2;000;000;255m[VrsDataProvider][INFO]: streamId 248-1/ppg activated[0m
[0m[38;2;000;000;255m[VrsDataProvider][INFO]: streamId 281-1/gps-app activated[0m
[0m[38;2;000;000;255m[VrsDataProvider][INFO]: streamId 282-1/wps activated[0m
[0m[38;2;000;000;255m[VrsDataProvider][INFO]: streamId 283-1/bluetooth activated[0m
[0m[38;2;000;000;255m[VrsDataProvider][INFO]: Utc stream found: 285-1[0m
[0m[38;2;000;000;255m[VrsDataProvider][INFO]: streamId 371-1/handtracking activated[0m
[0m[38;2;000;000;255m[VrsDataProvider][INFO]: streamId 371-2/vio activated[0m
[0m[38;2;000;000;255m[VrsDataProvider][INFO]: streamId 371-3/vio_high_frequency activated[0m
[0m[38;2;000;000;255m[VrsDataProvider][INFO]: streamId 373-1/eyegaze activated[0m
[0m[38;2;000;000;255m[VrsDataProvider][INFO]: streamId 500-1/als activated[0m
[0m[38;2;000;000;255m[VrsDataProvider][INFO]: Fail to activate streamId 502-1[0m
[0m[38;2;000;000;255m[VrsDataProvider][INFO]: streamId 1201-1/slam-front-left activated[0m
[0m[38;2;000;000;255m[VrsDataProvider][INFO]: streamId 1201-2/slam-front-right activated[0m
[0m[38;2;000;000;255m[VrsDataProvider][INFO]: streamId 1201-3/slam-side-left activated[0m
[0m[38;2;000;000;255m[VrsDataProvider][INFO]: streamId 1201-4/slam-side-right activated[0m
[0m[38;2;000;000;255m[VrsDataProvider][INFO]: streamId 1202-1/imu-left activated[0m
[0m[38;2;000;000;255m[VrsDataProvider][INFO]: streamId 1202-2/imu-right activated[0m
[0m[38;2;000;000;255m[VrsDataProvider][INFO]: streamId 1203-1/mag0 activated[0m
[0m[38;2;000;000;255m[XprsDecoder][INFO]: Using H.265 SW decoder named 'hevc' (xprs::gray8 -> vrs::grey8)[0m
[0m[38;2;000;000;255m[TelemetryLogger][INFO]: make_xprs_decoder, video/200x200/pixel=grey8/codec=H.265: H.265/SW/hevc, gray8[0m
[0m[38;2;000;000;255m[XprsDecoder][INFO]: Using H.265 SW decoder named 'hevc' (xprs::gray8 -> vrs::grey8)[0m
[0m[38;2;000;000;255m[TelemetryLogger][INFO]: make_xprs_decoder, video/200x200/pixel=grey8/codec=H.265: H.265/SW/hevc, gray8[0m
[0m[38;2;000;000;255m[XprsDecoder][INFO]: Using H.265 SW decoder named 'hevc' (xprs::yuv420p -> vrs::yuv_i420_split)[0m
[0m[38;2;000;000;255m[TelemetryLogger][INFO]: make_xprs_decoder, video/2016x1512/pixel=yuv_i420_split/codec=H.265: H.265/SW/hevc, yuv420p[0m
[0m[38;2;000;000;255m[XprsDecoder][INFO]: Using H.265 SW decoder named 'hevc' (xprs::gray8 -> vrs::grey8)[0m
[0m[38;2;000;000;255m[TelemetryLogger][INFO]: make_xprs_decoder, video/512x512/pixel=grey8/codec=H.265: H.265/SW/hevc, gray8[0m
[0m[38;2;000;000;255m[XprsDecoder][INFO]: Using H.265 SW decoder named 'hevc' (xprs::gray8 -> vrs::grey8)[0m
[0m[38;2;000;000;255m[TelemetryLogger][INFO]: make_xprs_decoder, video/512x512/pixel=grey8/codec=H.265: H.265/SW/hevc, gray8[0m
[0m[38;2;000;000;255m[XprsDecoder][INFO]: Using H.265 SW decoder named 'hevc' (xprs::gray8 -> vrs::grey8)[0m
[0m[38;2;000;000;255m[TelemetryLogger][INFO]: make_xprs_decoder, video/512x512/pixel=grey8/codec=H.265: H.265/SW/hevc, gray8[0m
[0m[38;2;000;000;255m[XprsDecoder][INFO]: Using H.265 SW decoder named 'hevc' (xprs::gray8 -> vrs::grey8)[0m
[0m[38;2;000;000;255m[TelemetryLogger][INFO]: make_xprs_decoder, video/512x512/pixel=grey8/codec=H.265: H.265/SW/hevc, gray8[0m
[0m[38;2;000;000;255m[ProgressLogger][INFO]: 2026-07-01 20:10:32: Opening /home/eker/Master-Thesis---Multi-modal-User-Intention-Estimation-and-Hand-Position-Prediction/Data_collection/Data_vrs/Jan_1_20260604_161550.vrs...[0m
[0m[38;2;000;128;000m[MultiRecordFileReader][DEBUG]: Opened file '/home/eker/Master-Thesis---Multi-modal-User-Intention-Estimation-and-Hand-Position-Prediction/Data_collection/Data_vrs/Jan_1_20260604_161550.vrs' and assigned to reader #0[0m
[0m[38;2;000;000;255m[VrsDataProvider][INFO]: streamId 211-1/camera-et-left activated[0m
[0m[38;2;000;000;255m[VrsDataProvider][INFO]: streamId 211-2/camera-et-right activated[0m
[0m[38;2;000;000;255m[VrsDataProvider][INFO]: streamId 214-1/camera-rgb activated[0m
[0m[38;2;000;000;255m[VrsDataProvider][INFO]: streamId 231-1/mic activated[0m
[0m[38;2;000;000;255m[VrsDataProvider][INFO]: streamId 246-1/temperature activated[0m
[0m[38;2;000;000;255m[VrsDataProvider][INFO]: streamId 247-1/baro0 activated[0m
[0m[38;2;000;000;255m[VrsDataProvider][INFO]: streamId 248-1/ppg activated[0m
[0m[38;2;000;000;255m[VrsDataProvider][INFO]: streamId 281-1/gps-app activated[0m
[0m[38;2;000;000;255m[VrsDataProvider][INFO]: streamId 282-1/wps activated[0m
[0m[38;2;000;000;255m[VrsDataProvider][INFO]: streamId 283-1/bluetooth activated[0m
[0m[38;2;000;000;255m[VrsDataProvider][INFO]: Utc stream found: 285-1[0m
[0m[38;2;000;000;255m[VrsDataProvider][INFO]: streamId 371-1/handtracking activated[0m
[0m[38;2;000;000;255m[VrsDataProvider][INFO]: streamId 371-2/vio activated[0m
[0m[38;2;000;000;255m[VrsDataProvider][INFO]: streamId 371-3/vio_high_frequency activated[0m
[0m[38;2;000;000;255m[VrsDataProvider][INFO]: streamId 373-1/eyegaze activated[0m
[0m[38;2;000;000;255m[VrsDataProvider][INFO]: streamId 500-1/als activated[0m
[0m[38;2;000;000;255m[VrsDataProvider][INFO]: Fail to activate streamId 502-1[0m
[0m[38;2;000;000;255m[VrsDataProvider][INFO]: streamId 1201-1/slam-front-left activated[0m
[0m[38;2;000;000;255m[VrsDataProvider][INFO]: streamId 1201-2/slam-front-right activated[0m
[0m[38;2;000;000;255m[VrsDataProvider][INFO]: streamId 1201-3/slam-side-left activated[0m
[0m[38;2;000;000;255m[VrsDataProvider][INFO]: streamId 1201-4/slam-side-right activated[0m
[0m[38;2;000;000;255m[VrsDataProvider][INFO]: streamId 1202-1/imu-left activated[0m
[0m[38;2;000;000;255m[VrsDataProvider][INFO]: streamId 1202-2/imu-right activated[0m
[0m[38;2;000;000;255m[VrsDataProvider][INFO]: streamId 1203-1/mag0 activated[0m
[0m[38;2;000;000;255m[XprsDecoder][INFO]: Using H.265 SW decoder named 'hevc' (xprs::gray8 -> vrs::grey8)[0m
[0m[38;2;000;000;255m[TelemetryLogger][INFO]: make_xprs_decoder, video/200x200/pixel=grey8/codec=H.265: H.265/SW/hevc, gray8[0m
[0m[38;2;000;000;255m[XprsDecoder][INFO]: Using H.265 SW decoder named 'hevc' (xprs::gray8 -> vrs::grey8)[0m
[0m[38;2;000;000;255m[TelemetryLogger][INFO]: make_xprs_decoder, video/200x200/pixel=grey8/codec=H.265: H.265/SW/hevc, gray8[0m
[0m[38;2;000;000;255m[XprsDecoder][INFO]: Using H.265 SW decoder named 'hevc' (xprs::yuv420p -> vrs::yuv_i420_split)[0m
[0m[38;2;000;000;255m[TelemetryLogger][INFO]: make_xprs_decoder, video/2016x1512/pixel=yuv_i420_split/codec=H.265: H.265/SW/hevc, yuv420p[0m
[0m[38;2;000;000;255m[XprsDecoder][INFO]: Using H.265 SW decoder named 'hevc' (xprs::gray8 -> vrs::grey8)[0m
[0m[38;2;000;000;255m[TelemetryLogger][INFO]: make_xprs_decoder, video/512x512/pixel=grey8/codec=H.265: H.265/SW/hevc, gray8[0m
[0m[38;2;000;000;255m[XprsDecoder][INFO]: Using H.265 SW decoder named 'hevc' (xprs::gray8 -> vrs::grey8)[0m
[0m[38;2;000;000;255m[TelemetryLogger][INFO]: make_xprs_decoder, video/512x512/pixel=grey8/codec=H.265: H.265/SW/hevc, gray8[0m
[0m[38;2;000;000;255m[XprsDecoder][INFO]: Using H.265 SW decoder named 'hevc' (xprs::gray8 -> vrs::grey8)[0m
[0m[38;2;000;000;255m[TelemetryLogger][INFO]: make_xprs_decoder, video/512x512/pixel=grey8/codec=H.265: H.265/SW/hevc, gray8[0m
[0m[38;2;000;000;255m[XprsDecoder][INFO]: Using H.265 SW decoder named 'hevc' (xprs::gray8 -> vrs::grey8)[0m
[0m[38;2;000;000;255m[TelemetryLogger][INFO]: make_xprs_decoder, video/512x512/pixel=grey8/codec=H.265: H.265/SW/hevc, gray8[0m
[0m[38;2;000;000;255m[ProgressLogger][INFO]: 2026-07-01 20:16:11: Opening /home/eker/Master-Thesis---Multi-modal-User-Intention-Estimation-and-Hand-Position-Prediction/Data_collection/Data_vrs/Jan_2_20260604_161704.vrs...[0m
[0m[38;2;000;128;000m[MultiRecordFileReader][DEBUG]: Opened file '/home/eker/Master-Thesis---Multi-modal-User-Intention-Estimation-and-Hand-Position-Prediction/Data_collection/Data_vrs/Jan_2_20260604_161704.vrs' and assigned to reader #0[0m
[0m[38;2;000;000;255m[VrsDataProvider][INFO]: streamId 211-1/camera-et-left activated[0m
[0m[38;2;000;000;255m[VrsDataProvider][INFO]: streamId 211-2/camera-et-right activated[0m
[0m[38;2;000;000;255m[VrsDataProvider][INFO]: streamId 214-1/camera-rgb activated[0m
[0m[38;2;000;000;255m[VrsDataProvider][INFO]: streamId 231-1/mic activated[0m
[0m[38;2;000;000;255m[VrsDataProvider][INFO]: streamId 246-1/temperature activated[0m
[0m[38;2;000;000;255m[VrsDataProvider][INFO]: streamId 247-1/baro0 activated[0m
[0m[38;2;000;000;255m[VrsDataProvider][INFO]: streamId 248-1/ppg activated[0m
[0m[38;2;000;000;255m[VrsDataProvider][INFO]: streamId 281-1/gps-app activated[0m
[0m[38;2;000;000;255m[VrsDataProvider][INFO]: streamId 282-1/wps activated[0m
[0m[38;2;000;000;255m[VrsDataProvider][INFO]: streamId 283-1/bluetooth activated[0m
[0m[38;2;000;000;255m[VrsDataProvider][INFO]: Utc stream found: 285-1[0m
[0m[38;2;000;000;255m[VrsDataProvider][INFO]: streamId 371-1/handtracking activated[0m
[0m[38;2;000;000;255m[VrsDataProvider][INFO]: streamId 371-2/vio activated[0m
[0m[38;2;000;000;255m[VrsDataProvider][INFO]: streamId 371-3/vio_high_frequency activated[0m
[0m[38;2;000;000;255m[VrsDataProvider][INFO]: streamId 373-1/eyegaze activated[0m
[0m[38;2;000;000;255m[VrsDataProvider][INFO]: streamId 500-1/als activated[0m
[0m[38;2;000;000;255m[VrsDataProvider][INFO]: Fail to activate streamId 502-1[0m
[0m[38;2;000;000;255m[VrsDataProvider][INFO]: streamId 1201-1/slam-front-left activated[0m
[0m[38;2;000;000;255m[VrsDataProvider][INFO]: streamId 1201-2/slam-front-right activated[0m
[0m[38;2;000;000;255m[VrsDataProvider][INFO]: streamId 1201-3/slam-side-left activated[0m
[0m[38;2;000;000;255m[VrsDataProvider][INFO]: streamId 1201-4/slam-side-right activated[0m
[0m[38;2;000;000;255m[VrsDataProvider][INFO]: streamId 1202-1/imu-left activated[0m
[0m[38;2;000;000;255m[VrsDataProvider][INFO]: streamId 1202-2/imu-right activated[0m
[0m[38;2;000;000;255m[VrsDataProvider][INFO]: streamId 1203-1/mag0 activated[0m
[0m[38;2;000;000;255m[XprsDecoder][INFO]: Using H.265 SW decoder named 'hevc' (xprs::gray8 -> vrs::grey8)[0m
[0m[38;2;000;000;255m[TelemetryLogger][INFO]: make_xprs_decoder, video/200x200/pixel=grey8/codec=H.265: H.265/SW/hevc, gray8[0m
[0m[38;2;000;000;255m[XprsDecoder][INFO]: Using H.265 SW decoder named 'hevc' (xprs::gray8 -> vrs::grey8)[0m
[0m[38;2;000;000;255m[TelemetryLogger][INFO]: make_xprs_decoder, video/200x200/pixel=grey8/codec=H.265: H.265/SW/hevc, gray8[0m
[0m[38;2;000;000;255m[XprsDecoder][INFO]: Using H.265 SW decoder named 'hevc' (xprs::yuv420p -> vrs::yuv_i420_split)[0m
[0m[38;2;000;000;255m[TelemetryLogger][INFO]: make_xprs_decoder, video/2016x1512/pixel=yuv_i420_split/codec=H.265: H.265/SW/hevc, yuv420p[0m
[0m[38;2;000;000;255m[XprsDecoder][INFO]: Using H.265 SW decoder named 'hevc' (xprs::gray8 -> vrs::grey8)[0m
[0m[38;2;000;000;255m[TelemetryLogger][INFO]: make_xprs_decoder, video/512x512/pixel=grey8/codec=H.265: H.265/SW/hevc, gray8[0m
[0m[38;2;000;000;255m[XprsDecoder][INFO]: Using H.265 SW decoder named 'hevc' (xprs::gray8 -> vrs::grey8)[0m
[0m[38;2;000;000;255m[TelemetryLogger][INFO]: make_xprs_decoder, video/512x512/pixel=grey8/codec=H.265: H.265/SW/hevc, gray8[0m
[0m[38;2;000;000;255m[XprsDecoder][INFO]: Using H.265 SW decoder named 'hevc' (xprs::gray8 -> vrs::grey8)[0m
[0m[38;2;000;000;255m[TelemetryLogger][INFO]: make_xprs_decoder, video/512x512/pixel=grey8/codec=H.265: H.265/SW/hevc, gray8[0m
[0m[38;2;000;000;255m[XprsDecoder][INFO]: Using H.265 SW decoder named 'hevc' (xprs::gray8 -> vrs::grey8)[0m
[0m[38;2;000;000;255m[TelemetryLogger][INFO]: make_xprs_decoder, video/512x512/pixel=grey8/codec=H.265: H.265/SW/hevc, gray8[0m
[0m[38;2;000;000;255m[ProgressLogger][INFO]: 2026-07-01 20:21:58: Opening /home/eker/Master-Thesis---Multi-modal-User-Intention-Estimation-and-Hand-Position-Prediction/Data_collection/Data_vrs/Jan_3_20260604_161835.vrs...[0m
[0m[38;2;000;128;000m[MultiRecordFileReader][DEBUG]: Opened file '/home/eker/Master-Thesis---Multi-modal-User-Intention-Estimation-and-Hand-Position-Prediction/Data_collection/Data_vrs/Jan_3_20260604_161835.vrs' and assigned to reader #0[0m
[0m[38;2;000;000;255m[VrsDataProvider][INFO]: streamId 211-1/camera-et-left activated[0m
[0m[38;2;000;000;255m[VrsDataProvider][INFO]: streamId 211-2/camera-et-right activated[0m
[0m[38;2;000;000;255m[VrsDataProvider][INFO]: streamId 214-1/camera-rgb activated[0m
[0m[38;2;000;000;255m[VrsDataProvider][INFO]: streamId 231-1/mic activated[0m
[0m[38;2;000;000;255m[VrsDataProvider][INFO]: streamId 246-1/temperature activated[0m
[0m[38;2;000;000;255m[VrsDataProvider][INFO]: streamId 247-1/baro0 activated[0m
[0m[38;2;000;000;255m[VrsDataProvider][INFO]: streamId 248-1/ppg activated[0m
[0m[38;2;000;000;255m[VrsDataProvider][INFO]: streamId 281-1/gps-app activated[0m
[0m[38;2;000;000;255m[VrsDataProvider][INFO]: streamId 282-1/wps activated[0m
[0m[38;2;000;000;255m[VrsDataProvider][INFO]: streamId 283-1/bluetooth activated[0m
[0m[38;2;000;000;255m[VrsDataProvider][INFO]: Utc stream found: 285-1[0m
[0m[38;2;000;000;255m[VrsDataProvider][INFO]: streamId 371-1/handtracking activated[0m
[0m[38;2;000;000;255m[VrsDataProvider][INFO]: streamId 371-2/vio activated[0m
[0m[38;2;000;000;255m[VrsDataProvider][INFO]: streamId 371-3/vio_high_frequency activated[0m
[0m[38;2;000;000;255m[VrsDataProvider][INFO]: streamId 373-1/eyegaze activated[0m
[0m[38;2;000;000;255m[VrsDataProvider][INFO]: streamId 500-1/als activated[0m
[0m[38;2;000;000;255m[VrsDataProvider][INFO]: Fail to activate streamId 502-1[0m
[0m[38;2;000;000;255m[VrsDataProvider][INFO]: streamId 1201-1/slam-front-left activated[0m
[0m[38;2;000;000;255m[VrsDataProvider][INFO]: streamId 1201-2/slam-front-right activated[0m
[0m[38;2;000;000;255m[VrsDataProvider][INFO]: streamId 1201-3/slam-side-left activated[0m
[0m[38;2;000;000;255m[VrsDataProvider][INFO]: streamId 1201-4/slam-side-right activated[0m
[0m[38;2;000;000;255m[VrsDataProvider][INFO]: streamId 1202-1/imu-left activated[0m
[0m[38;2;000;000;255m[VrsDataProvider][INFO]: streamId 1202-2/imu-right activated[0m
[0m[38;2;000;000;255m[VrsDataProvider][INFO]: streamId 1203-1/mag0 activated[0m
[0m[38;2;000;000;255m[XprsDecoder][INFO]: Using H.265 SW decoder named 'hevc' (xprs::gray8 -> vrs::grey8)[0m
[0m[38;2;000;000;255m[TelemetryLogger][INFO]: make_xprs_decoder, video/200x200/pixel=grey8/codec=H.265: H.265/SW/hevc, gray8[0m
[0m[38;2;000;000;255m[XprsDecoder][INFO]: Using H.265 SW decoder named 'hevc' (xprs::gray8 -> vrs::grey8)[0m
[0m[38;2;000;000;255m[TelemetryLogger][INFO]: make_xprs_decoder, video/200x200/pixel=grey8/codec=H.265: H.265/SW/hevc, gray8[0m
[0m[38;2;000;000;255m[XprsDecoder][INFO]: Using H.265 SW decoder named 'hevc' (xprs::yuv420p -> vrs::yuv_i420_split)[0m
[0m[38;2;000;000;255m[TelemetryLogger][INFO]: make_xprs_decoder, video/2016x1512/pixel=yuv_i420_split/codec=H.265: H.265/SW/hevc, yuv420p[0m
[0m[38;2;000;000;255m[XprsDecoder][INFO]: Using H.265 SW decoder named 'hevc' (xprs::gray8 -> vrs::grey8)[0m
[0m[38;2;000;000;255m[TelemetryLogger][INFO]: make_xprs_decoder, video/512x512/pixel=grey8/codec=H.265: H.265/SW/hevc, gray8[0m
[0m[38;2;000;000;255m[XprsDecoder][INFO]: Using H.265 SW decoder named 'hevc' (xprs::gray8 -> vrs::grey8)[0m
[0m[38;2;000;000;255m[TelemetryLogger][INFO]: make_xprs_decoder, video/512x512/pixel=grey8/codec=H.265: H.265/SW/hevc, gray8[0m
[0m[38;2;000;000;255m[XprsDecoder][INFO]: Using H.265 SW decoder named 'hevc' (xprs::gray8 -> vrs::grey8)[0m
[0m[38;2;000;000;255m[TelemetryLogger][INFO]: make_xprs_decoder, video/512x512/pixel=grey8/codec=H.265: H.265/SW/hevc, gray8[0m
[0m[38;2;000;000;255m[XprsDecoder][INFO]: Using H.265 SW decoder named 'hevc' (xprs::gray8 -> vrs::grey8)[0m
[0m[38;2;000;000;255m[TelemetryLogger][INFO]: make_xprs_decoder, video/512x512/pixel=grey8/codec=H.265: H.265/SW/hevc, gray8[0m
[0m[38;2;000;000;255m[ProgressLogger][INFO]: 2026-07-01 20:27:41: Opening /home/eker/Master-Thesis---Multi-modal-User-Intention-Estimation-and-Hand-Position-Prediction/Data_collection/Data_vrs/Jan_4_20260604_162000.vrs...[0m
[0m[38;2;000;128;000m[MultiRecordFileReader][DEBUG]: Opened file '/home/eker/Master-Thesis---Multi-modal-User-Intention-Estimation-and-Hand-Position-Prediction/Data_collection/Data_vrs/Jan_4_20260604_162000.vrs' and assigned to reader #0[0m
[0m[38;2;000;000;255m[VrsDataProvider][INFO]: streamId 211-1/camera-et-left activated[0m
[0m[38;2;000;000;255m[VrsDataProvider][INFO]: streamId 211-2/camera-et-right activated[0m
[0m[38;2;000;000;255m[VrsDataProvider][INFO]: streamId 214-1/camera-rgb activated[0m
[0m[38;2;000;000;255m[VrsDataProvider][INFO]: streamId 231-1/mic activated[0m
[0m[38;2;000;000;255m[VrsDataProvider][INFO]: streamId 246-1/temperature activated[0m
[0m[38;2;000;000;255m[VrsDataProvider][INFO]: streamId 247-1/baro0 activated[0m
[0m[38;2;000;000;255m[VrsDataProvider][INFO]: streamId 248-1/ppg activated[0m
[0m[38;2;000;000;255m[VrsDataProvider][INFO]: streamId 281-1/gps-app activated[0m
[0m[38;2;000;000;255m[VrsDataProvider][INFO]: streamId 282-1/wps activated[0m
[0m[38;2;000;000;255m[VrsDataProvider][INFO]: streamId 283-1/bluetooth activated[0m
[0m[38;2;000;000;255m[VrsDataProvider][INFO]: Utc stream found: 285-1[0m
[0m[38;2;000;000;255m[VrsDataProvider][INFO]: streamId 371-1/handtracking activated[0m
[0m[38;2;000;000;255m[VrsDataProvider][INFO]: streamId 371-2/vio activated[0m
[0m[38;2;000;000;255m[VrsDataProvider][INFO]: streamId 371-3/vio_high_frequency activated[0m
[0m[38;2;000;000;255m[VrsDataProvider][INFO]: streamId 373-1/eyegaze activated[0m
[0m[38;2;000;000;255m[VrsDataProvider][INFO]: streamId 500-1/als activated[0m
[0m[38;2;000;000;255m[VrsDataProvider][INFO]: Fail to activate streamId 502-1[0m
[0m[38;2;000;000;255m[VrsDataProvider][INFO]: streamId 1201-1/slam-front-left activated[0m
[0m[38;2;000;000;255m[VrsDataProvider][INFO]: streamId 1201-2/slam-front-right activated[0m
[0m[38;2;000;000;255m[VrsDataProvider][INFO]: streamId 1201-3/slam-side-left activated[0m
[0m[38;2;000;000;255m[VrsDataProvider][INFO]: streamId 1201-4/slam-side-right activated[0m
[0m[38;2;000;000;255m[VrsDataProvider][INFO]: streamId 1202-1/imu-left activated[0m
[0m[38;2;000;000;255m[VrsDataProvider][INFO]: streamId 1202-2/imu-right activated[0m
[0m[38;2;000;000;255m[VrsDataProvider][INFO]: streamId 1203-1/mag0 activated[0m
[0m[38;2;000;000;255m[XprsDecoder][INFO]: Using H.265 SW decoder named 'hevc' (xprs::gray8 -> vrs::grey8)[0m
[0m[38;2;000;000;255m[TelemetryLogger][INFO]: make_xprs_decoder, video/200x200/pixel=grey8/codec=H.265: H.265/SW/hevc, gray8[0m
[0m[38;2;000;000;255m[XprsDecoder][INFO]: Using H.265 SW decoder named 'hevc' (xprs::gray8 -> vrs::grey8)[0m
[0m[38;2;000;000;255m[TelemetryLogger][INFO]: make_xprs_decoder, video/200x200/pixel=grey8/codec=H.265: H.265/SW/hevc, gray8[0m
[0m[38;2;000;000;255m[XprsDecoder][INFO]: Using H.265 SW decoder named 'hevc' (xprs::yuv420p -> vrs::yuv_i420_split)[0m
[0m[38;2;000;000;255m[TelemetryLogger][INFO]: make_xprs_decoder, video/2016x1512/pixel=yuv_i420_split/codec=H.265: H.265/SW/hevc, yuv420p[0m
[0m[38;2;000;000;255m[XprsDecoder][INFO]: Using H.265 SW decoder named 'hevc' (xprs::gray8 -> vrs::grey8)[0m
[0m[38;2;000;000;255m[TelemetryLogger][INFO]: make_xprs_decoder, video/512x512/pixel=grey8/codec=H.265: H.265/SW/hevc, gray8[0m
[0m[38;2;000;000;255m[XprsDecoder][INFO]: Using H.265 SW decoder named 'hevc' (xprs::gray8 -> vrs::grey8)[0m
[0m[38;2;000;000;255m[TelemetryLogger][INFO]: make_xprs_decoder, video/512x512/pixel=grey8/codec=H.265: H.265/SW/hevc, gray8[0m
[0m[38;2;000;000;255m[XprsDecoder][INFO]: Using H.265 SW decoder named 'hevc' (xprs::gray8 -> vrs::grey8)[0m
[0m[38;2;000;000;255m[TelemetryLogger][INFO]: make_xprs_decoder, video/512x512/pixel=grey8/codec=H.265: H.265/SW/hevc, gray8[0m
[0m[38;2;000;000;255m[XprsDecoder][INFO]: Using H.265 SW decoder named 'hevc' (xprs::gray8 -> vrs::grey8)[0m
[0m[38;2;000;000;255m[TelemetryLogger][INFO]: make_xprs_decoder, video/512x512/pixel=grey8/codec=H.265: H.265/SW/hevc, gray8[0m
[0m[38;2;000;000;255m[ProgressLogger][INFO]: 2026-07-01 20:33:23: Opening /home/eker/Master-Thesis---Multi-modal-User-Intention-Estimation-and-Hand-Position-Prediction/Data_collection/Data_vrs/Jan_5_20260604_162111.vrs...[0m
[0m[38;2;000;128;000m[MultiRecordFileReader][DEBUG]: Opened file '/home/eker/Master-Thesis---Multi-modal-User-Intention-Estimation-and-Hand-Position-Prediction/Data_collection/Data_vrs/Jan_5_20260604_162111.vrs' and assigned to reader #0[0m
[0m[38;2;000;000;255m[VrsDataProvider][INFO]: streamId 211-1/camera-et-left activated[0m
[0m[38;2;000;000;255m[VrsDataProvider][INFO]: streamId 211-2/camera-et-right activated[0m
[0m[38;2;000;000;255m[VrsDataProvider][INFO]: streamId 214-1/camera-rgb activated[0m
[0m[38;2;000;000;255m[VrsDataProvider][INFO]: streamId 231-1/mic activated[0m
[0m[38;2;000;000;255m[VrsDataProvider][INFO]: streamId 246-1/temperature activated[0m
[0m[38;2;000;000;255m[VrsDataProvider][INFO]: streamId 247-1/baro0 activated[0m
[0m[38;2;000;000;255m[VrsDataProvider][INFO]: streamId 248-1/ppg activated[0m
[0m[38;2;000;000;255m[VrsDataProvider][INFO]: streamId 281-1/gps-app activated[0m
[0m[38;2;000;000;255m[VrsDataProvider][INFO]: streamId 282-1/wps activated[0m
[0m[38;2;000;000;255m[VrsDataProvider][INFO]: streamId 283-1/bluetooth activated[0m
[0m[38;2;000;000;255m[VrsDataProvider][INFO]: Utc stream found: 285-1[0m
[0m[38;2;000;000;255m[VrsDataProvider][INFO]: streamId 371-1/handtracking activated[0m
[0m[38;2;000;000;255m[VrsDataProvider][INFO]: streamId 371-2/vio activated[0m
[0m[38;2;000;000;255m[VrsDataProvider][INFO]: streamId 371-3/vio_high_frequency activated[0m
[0m[38;2;000;000;255m[VrsDataProvider][INFO]: streamId 373-1/eyegaze activated[0m
[0m[38;2;000;000;255m[VrsDataProvider][INFO]: streamId 500-1/als activated[0m
[0m[38;2;000;000;255m[VrsDataProvider][INFO]: Fail to activate streamId 502-1[0m
[0m[38;2;000;000;255m[VrsDataProvider][INFO]: streamId 1201-1/slam-front-left activated[0m
[0m[38;2;000;000;255m[VrsDataProvider][INFO]: streamId 1201-2/slam-front-right activated[0m
[0m[38;2;000;000;255m[VrsDataProvider][INFO]: streamId 1201-3/slam-side-left activated[0m
[0m[38;2;000;000;255m[VrsDataProvider][INFO]: streamId 1201-4/slam-side-right activated[0m
[0m[38;2;000;000;255m[VrsDataProvider][INFO]: streamId 1202-1/imu-left activated[0m
[0m[38;2;000;000;255m[VrsDataProvider][INFO]: streamId 1202-2/imu-right activated[0m
[0m[38;2;000;000;255m[VrsDataProvider][INFO]: streamId 1203-1/mag0 activated[0m
[0m[38;2;000;000;255m[XprsDecoder][INFO]: Using H.265 SW decoder named 'hevc' (xprs::gray8 -> vrs::grey8)[0m
[0m[38;2;000;000;255m[TelemetryLogger][INFO]: make_xprs_decoder, video/200x200/pixel=grey8/codec=H.265: H.265/SW/hevc, gray8[0m
[0m[38;2;000;000;255m[XprsDecoder][INFO]: Using H.265 SW decoder named 'hevc' (xprs::gray8 -> vrs::grey8)[0m
[0m[38;2;000;000;255m[TelemetryLogger][INFO]: make_xprs_decoder, video/200x200/pixel=grey8/codec=H.265: H.265/SW/hevc, gray8[0m
[0m[38;2;000;000;255m[XprsDecoder][INFO]: Using H.265 SW decoder named 'hevc' (xprs::yuv420p -> vrs::yuv_i420_split)[0m
[0m[38;2;000;000;255m[TelemetryLogger][INFO]: make_xprs_decoder, video/2016x1512/pixel=yuv_i420_split/codec=H.265: H.265/SW/hevc, yuv420p[0m
[0m[38;2;000;000;255m[XprsDecoder][INFO]: Using H.265 SW decoder named 'hevc' (xprs::gray8 -> vrs::grey8)[0m
[0m[38;2;000;000;255m[TelemetryLogger][INFO]: make_xprs_decoder, video/512x512/pixel=grey8/codec=H.265: H.265/SW/hevc, gray8[0m
[0m[38;2;000;000;255m[XprsDecoder][INFO]: Using H.265 SW decoder named 'hevc' (xprs::gray8 -> vrs::grey8)[0m
[0m[38;2;000;000;255m[TelemetryLogger][INFO]: make_xprs_decoder, video/512x512/pixel=grey8/codec=H.265: H.265/SW/hevc, gray8[0m
[0m[38;2;000;000;255m[XprsDecoder][INFO]: Using H.265 SW decoder named 'hevc' (xprs::gray8 -> vrs::grey8)[0m
[0m[38;2;000;000;255m[TelemetryLogger][INFO]: make_xprs_decoder, video/512x512/pixel=grey8/codec=H.265: H.265/SW/hevc, gray8[0m
[0m[38;2;000;000;255m[XprsDecoder][INFO]: Using H.265 SW decoder named 'hevc' (xprs::gray8 -> vrs::grey8)[0m
[0m[38;2;000;000;255m[TelemetryLogger][INFO]: make_xprs_decoder, video/512x512/pixel=grey8/codec=H.265: H.265/SW/hevc, gray8[0m
[0m[38;2;000;000;255m[ProgressLogger][INFO]: 2026-07-01 20:39:48: Opening /home/eker/Master-Thesis---Multi-modal-User-Intention-Estimation-and-Hand-Position-Prediction/Data_collection/Data_vrs/Jola_1_20260624_131133.vrs...[0m
[0m[38;2;000;128;000m[MultiRecordFileReader][DEBUG]: Opened file '/home/eker/Master-Thesis---Multi-modal-User-Intention-Estimation-and-Hand-Position-Prediction/Data_collection/Data_vrs/Jola_1_20260624_131133.vrs' and assigned to reader #0[0m
[0m[38;2;000;000;255m[VrsDataProvider][INFO]: streamId 211-1/camera-et-left activated[0m
[0m[38;2;000;000;255m[VrsDataProvider][INFO]: streamId 211-2/camera-et-right activated[0m
[0m[38;2;000;000;255m[VrsDataProvider][INFO]: streamId 214-1/camera-rgb activated[0m
[0m[38;2;000;000;255m[VrsDataProvider][INFO]: streamId 231-1/mic activated[0m
[0m[38;2;000;000;255m[VrsDataProvider][INFO]: streamId 246-1/temperature activated[0m
[0m[38;2;000;000;255m[VrsDataProvider][INFO]: streamId 247-1/baro0 activated[0m
[0m[38;2;000;000;255m[VrsDataProvider][INFO]: streamId 248-1/ppg activated[0m
[0m[38;2;000;000;255m[VrsDataProvider][INFO]: streamId 281-1/gps-app activated[0m
[0m[38;2;000;000;255m[VrsDataProvider][INFO]: streamId 282-1/wps activated[0m
[0m[38;2;000;000;255m[VrsDataProvider][INFO]: streamId 283-1/bluetooth activated[0m
[0m[38;2;000;000;255m[VrsDataProvider][INFO]: Utc stream found: 285-1[0m
[0m[38;2;000;000;255m[VrsDataProvider][INFO]: streamId 371-1/handtracking activated[0m
[0m[38;2;000;000;255m[VrsDataProvider][INFO]: streamId 371-2/vio activated[0m
[0m[38;2;000;000;255m[VrsDataProvider][INFO]: streamId 371-3/vio_high_frequency activated[0m
[0m[38;2;000;000;255m[VrsDataProvider][INFO]: streamId 373-1/eyegaze activated[0m
[0m[38;2;000;000;255m[VrsDataProvider][INFO]: streamId 500-1/als activated[0m
[0m[38;2;000;000;255m[VrsDataProvider][INFO]: Fail to activate streamId 502-1[0m
[0m[38;2;000;000;255m[VrsDataProvider][INFO]: streamId 1201-1/slam-front-left activated[0m
[0m[38;2;000;000;255m[VrsDataProvider][INFO]: streamId 1201-2/slam-front-right activated[0m
[0m[38;2;000;000;255m[VrsDataProvider][INFO]: streamId 1201-3/slam-side-left activated[0m
[0m[38;2;000;000;255m[VrsDataProvider][INFO]: streamId 1201-4/slam-side-right activated[0m
[0m[38;2;000;000;255m[VrsDataProvider][INFO]: streamId 1202-1/imu-left activated[0m
[0m[38;2;000;000;255m[VrsDataProvider][INFO]: streamId 1202-2/imu-right activated[0m
[0m[38;2;000;000;255m[VrsDataProvider][INFO]: streamId 1203-1/mag0 activated[0m
[0m[38;2;000;000;255m[XprsDecoder][INFO]: Using H.265 SW decoder named 'hevc' (xprs::gray8 -> vrs::grey8)[0m
[0m[38;2;000;000;255m[TelemetryLogger][INFO]: make_xprs_decoder, video/200x200/pixel=grey8/codec=H.265: H.265/SW/hevc, gray8[0m
[0m[38;2;000;000;255m[XprsDecoder][INFO]: Using H.265 SW decoder named 'hevc' (xprs::gray8 -> vrs::grey8)[0m
[0m[38;2;000;000;255m[TelemetryLogger][INFO]: make_xprs_decoder, video/200x200/pixel=grey8/codec=H.265: H.265/SW/hevc, gray8[0m
[0m[38;2;000;000;255m[XprsDecoder][INFO]: Using H.265 SW decoder named 'hevc' (xprs::yuv420p -> vrs::yuv_i420_split)[0m
[0m[38;2;000;000;255m[TelemetryLogger][INFO]: make_xprs_decoder, video/2016x1512/pixel=yuv_i420_split/codec=H.265: H.265/SW/hevc, yuv420p[0m
[0m[38;2;000;000;255m[XprsDecoder][INFO]: Using H.265 SW decoder named 'hevc' (xprs::gray8 -> vrs::grey8)[0m
[0m[38;2;000;000;255m[TelemetryLogger][INFO]: make_xprs_decoder, video/512x512/pixel=grey8/codec=H.265: H.265/SW/hevc, gray8[0m
[0m[38;2;000;000;255m[XprsDecoder][INFO]: Using H.265 SW decoder named 'hevc' (xprs::gray8 -> vrs::grey8)[0m
[0m[38;2;000;000;255m[TelemetryLogger][INFO]: make_xprs_decoder, video/512x512/pixel=grey8/codec=H.265: H.265/SW/hevc, gray8[0m
[0m[38;2;000;000;255m[XprsDecoder][INFO]: Using H.265 SW decoder named 'hevc' (xprs::gray8 -> vrs::grey8)[0m
[0m[38;2;000;000;255m[TelemetryLogger][INFO]: make_xprs_decoder, video/512x512/pixel=grey8/codec=H.265: H.265/SW/hevc, gray8[0m
[0m[38;2;000;000;255m[XprsDecoder][INFO]: Using H.265 SW decoder named 'hevc' (xprs::gray8 -> vrs::grey8)[0m
[0m[38;2;000;000;255m[TelemetryLogger][INFO]: make_xprs_decoder, video/512x512/pixel=grey8/codec=H.265: H.265/SW/hevc, gray8[0m
[0m[38;2;000;000;255m[ProgressLogger][INFO]: 2026-07-01 20:46:52: Opening /home/eker/Master-Thesis---Multi-modal-User-Intention-Estimation-and-Hand-Position-Prediction/Data_collection/Data_vrs/Jola_2_20260624_131246.vrs...[0m
[0m[38;2;000;128;000m[MultiRecordFileReader][DEBUG]: Opened file '/home/eker/Master-Thesis---Multi-modal-User-Intention-Estimation-and-Hand-Position-Prediction/Data_collection/Data_vrs/Jola_2_20260624_131246.vrs' and assigned to reader #0[0m
[0m[38;2;000;000;255m[VrsDataProvider][INFO]: streamId 211-1/camera-et-left activated[0m
[0m[38;2;000;000;255m[VrsDataProvider][INFO]: streamId 211-2/camera-et-right activated[0m
[0m[38;2;000;000;255m[VrsDataProvider][INFO]: streamId 214-1/camera-rgb activated[0m
[0m[38;2;000;000;255m[VrsDataProvider][INFO]: streamId 231-1/mic activated[0m
[0m[38;2;000;000;255m[VrsDataProvider][INFO]: streamId 246-1/temperature activated[0m
[0m[38;2;000;000;255m[VrsDataProvider][INFO]: streamId 247-1/baro0 activated[0m
[0m[38;2;000;000;255m[VrsDataProvider][INFO]: streamId 248-1/ppg activated[0m
[0m[38;2;000;000;255m[VrsDataProvider][INFO]: streamId 281-1/gps-app activated[0m
[0m[38;2;000;000;255m[VrsDataProvider][INFO]: streamId 282-1/wps activated[0m
[0m[38;2;000;000;255m[VrsDataProvider][INFO]: streamId 283-1/bluetooth activated[0m
[0m[38;2;000;000;255m[VrsDataProvider][INFO]: Utc stream found: 285-1[0m
[0m[38;2;000;000;255m[VrsDataProvider][INFO]: streamId 371-1/handtracking activated[0m
[0m[38;2;000;000;255m[VrsDataProvider][INFO]: streamId 371-2/vio activated[0m
[0m[38;2;000;000;255m[VrsDataProvider][INFO]: streamId 371-3/vio_high_frequency activated[0m
[0m[38;2;000;000;255m[VrsDataProvider][INFO]: streamId 373-1/eyegaze activated[0m
[0m[38;2;000;000;255m[VrsDataProvider][INFO]: streamId 500-1/als activated[0m
[0m[38;2;000;000;255m[VrsDataProvider][INFO]: Fail to activate streamId 502-1[0m
[0m[38;2;000;000;255m[VrsDataProvider][INFO]: streamId 1201-1/slam-front-left activated[0m
[0m[38;2;000;000;255m[VrsDataProvider][INFO]: streamId 1201-2/slam-front-right activated[0m
[0m[38;2;000;000;255m[VrsDataProvider][INFO]: streamId 1201-3/slam-side-left activated[0m
[0m[38;2;000;000;255m[VrsDataProvider][INFO]: streamId 1201-4/slam-side-right activated[0m
[0m[38;2;000;000;255m[VrsDataProvider][INFO]: streamId 1202-1/imu-left activated[0m
[0m[38;2;000;000;255m[VrsDataProvider][INFO]: streamId 1202-2/imu-right activated[0m
[0m[38;2;000;000;255m[VrsDataProvider][INFO]: streamId 1203-1/mag0 activated[0m
[0m[38;2;000;000;255m[XprsDecoder][INFO]: Using H.265 SW decoder named 'hevc' (xprs::gray8 -> vrs::grey8)[0m
[0m[38;2;000;000;255m[TelemetryLogger][INFO]: make_xprs_decoder, video/200x200/pixel=grey8/codec=H.265: H.265/SW/hevc, gray8[0m
[0m[38;2;000;000;255m[XprsDecoder][INFO]: Using H.265 SW decoder named 'hevc' (xprs::gray8 -> vrs::grey8)[0m
[0m[38;2;000;000;255m[TelemetryLogger][INFO]: make_xprs_decoder, video/200x200/pixel=grey8/codec=H.265: H.265/SW/hevc, gray8[0m
[0m[38;2;000;000;255m[XprsDecoder][INFO]: Using H.265 SW decoder named 'hevc' (xprs::yuv420p -> vrs::yuv_i420_split)[0m
[0m[38;2;000;000;255m[TelemetryLogger][INFO]: make_xprs_decoder, video/2016x1512/pixel=yuv_i420_split/codec=H.265: H.265/SW/hevc, yuv420p[0m
[0m[38;2;000;000;255m[XprsDecoder][INFO]: Using H.265 SW decoder named 'hevc' (xprs::gray8 -> vrs::grey8)[0m
[0m[38;2;000;000;255m[TelemetryLogger][INFO]: make_xprs_decoder, video/512x512/pixel=grey8/codec=H.265: H.265/SW/hevc, gray8[0m
[0m[38;2;000;000;255m[XprsDecoder][INFO]: Using H.265 SW decoder named 'hevc' (xprs::gray8 -> vrs::grey8)[0m
[0m[38;2;000;000;255m[TelemetryLogger][INFO]: make_xprs_decoder, video/512x512/pixel=grey8/codec=H.265: H.265/SW/hevc, gray8[0m
[0m[38;2;000;000;255m[XprsDecoder][INFO]: Using H.265 SW decoder named 'hevc' (xprs::gray8 -> vrs::grey8)[0m
[0m[38;2;000;000;255m[TelemetryLogger][INFO]: make_xprs_decoder, video/512x512/pixel=grey8/codec=H.265: H.265/SW/hevc, gray8[0m
[0m[38;2;000;000;255m[XprsDecoder][INFO]: Using H.265 SW decoder named 'hevc' (xprs::gray8 -> vrs::grey8)[0m
[0m[38;2;000;000;255m[TelemetryLogger][INFO]: make_xprs_decoder, video/512x512/pixel=grey8/codec=H.265: H.265/SW/hevc, gray8[0m
[0m[38;2;000;000;255m[ProgressLogger][INFO]: 2026-07-01 20:54:15: Opening /home/eker/Master-Thesis---Multi-modal-User-Intention-Estimation-and-Hand-Position-Prediction/Data_collection/Data_vrs/Jola_3_20260624_131435.vrs...[0m
[0m[38;2;000;128;000m[MultiRecordFileReader][DEBUG]: Opened file '/home/eker/Master-Thesis---Multi-modal-User-Intention-Estimation-and-Hand-Position-Prediction/Data_collection/Data_vrs/Jola_3_20260624_131435.vrs' and assigned to reader #0[0m
[0m[38;2;000;000;255m[VrsDataProvider][INFO]: streamId 211-1/camera-et-left activated[0m
[0m[38;2;000;000;255m[VrsDataProvider][INFO]: streamId 211-2/camera-et-right activated[0m
[0m[38;2;000;000;255m[VrsDataProvider][INFO]: streamId 214-1/camera-rgb activated[0m
[0m[38;2;000;000;255m[VrsDataProvider][INFO]: streamId 231-1/mic activated[0m
[0m[38;2;000;000;255m[VrsDataProvider][INFO]: streamId 246-1/temperature activated[0m
[0m[38;2;000;000;255m[VrsDataProvider][INFO]: streamId 247-1/baro0 activated[0m
[0m[38;2;000;000;255m[VrsDataProvider][INFO]: streamId 248-1/ppg activated[0m
[0m[38;2;000;000;255m[VrsDataProvider][INFO]: streamId 281-1/gps-app activated[0m
[0m[38;2;000;000;255m[VrsDataProvider][INFO]: streamId 282-1/wps activated[0m
[0m[38;2;000;000;255m[VrsDataProvider][INFO]: streamId 283-1/bluetooth activated[0m
[0m[38;2;000;000;255m[VrsDataProvider][INFO]: Utc stream found: 285-1[0m
[0m[38;2;000;000;255m[VrsDataProvider][INFO]: streamId 371-1/handtracking activated[0m
[0m[38;2;000;000;255m[VrsDataProvider][INFO]: streamId 371-2/vio activated[0m
[0m[38;2;000;000;255m[VrsDataProvider][INFO]: streamId 371-3/vio_high_frequency activated[0m
[0m[38;2;000;000;255m[VrsDataProvider][INFO]: streamId 373-1/eyegaze activated[0m
[0m[38;2;000;000;255m[VrsDataProvider][INFO]: streamId 500-1/als activated[0m
[0m[38;2;000;000;255m[VrsDataProvider][INFO]: Fail to activate streamId 502-1[0m
[0m[38;2;000;000;255m[VrsDataProvider][INFO]: streamId 1201-1/slam-front-left activated[0m
[0m[38;2;000;000;255m[VrsDataProvider][INFO]: streamId 1201-2/slam-front-right activated[0m
[0m[38;2;000;000;255m[VrsDataProvider][INFO]: streamId 1201-3/slam-side-left activated[0m
[0m[38;2;000;000;255m[VrsDataProvider][INFO]: streamId 1201-4/slam-side-right activated[0m
[0m[38;2;000;000;255m[VrsDataProvider][INFO]: streamId 1202-1/imu-left activated[0m
[0m[38;2;000;000;255m[VrsDataProvider][INFO]: streamId 1202-2/imu-right activated[0m
[0m[38;2;000;000;255m[VrsDataProvider][INFO]: streamId 1203-1/mag0 activated[0m
[0m[38;2;000;000;255m[XprsDecoder][INFO]: Using H.265 SW decoder named 'hevc' (xprs::gray8 -> vrs::grey8)[0m
[0m[38;2;000;000;255m[TelemetryLogger][INFO]: make_xprs_decoder, video/200x200/pixel=grey8/codec=H.265: H.265/SW/hevc, gray8[0m
[0m[38;2;000;000;255m[XprsDecoder][INFO]: Using H.265 SW decoder named 'hevc' (xprs::gray8 -> vrs::grey8)[0m
[0m[38;2;000;000;255m[TelemetryLogger][INFO]: make_xprs_decoder, video/200x200/pixel=grey8/codec=H.265: H.265/SW/hevc, gray8[0m
[0m[38;2;000;000;255m[XprsDecoder][INFO]: Using H.265 SW decoder named 'hevc' (xprs::yuv420p -> vrs::yuv_i420_split)[0m
[0m[38;2;000;000;255m[TelemetryLogger][INFO]: make_xprs_decoder, video/2016x1512/pixel=yuv_i420_split/codec=H.265: H.265/SW/hevc, yuv420p[0m
[0m[38;2;000;000;255m[XprsDecoder][INFO]: Using H.265 SW decoder named 'hevc' (xprs::gray8 -> vrs::grey8)[0m
[0m[38;2;000;000;255m[TelemetryLogger][INFO]: make_xprs_decoder, video/512x512/pixel=grey8/codec=H.265: H.265/SW/hevc, gray8[0m
[0m[38;2;000;000;255m[XprsDecoder][INFO]: Using H.265 SW decoder named 'hevc' (xprs::gray8 -> vrs::grey8)[0m
[0m[38;2;000;000;255m[TelemetryLogger][INFO]: make_xprs_decoder, video/512x512/pixel=grey8/codec=H.265: H.265/SW/hevc, gray8[0m
[0m[38;2;000;000;255m[XprsDecoder][INFO]: Using H.265 SW decoder named 'hevc' (xprs::gray8 -> vrs::grey8)[0m
[0m[38;2;000;000;255m[TelemetryLogger][INFO]: make_xprs_decoder, video/512x512/pixel=grey8/codec=H.265: H.265/SW/hevc, gray8[0m
[0m[38;2;000;000;255m[XprsDecoder][INFO]: Using H.265 SW decoder named 'hevc' (xprs::gray8 -> vrs::grey8)[0m
[0m[38;2;000;000;255m[TelemetryLogger][INFO]: make_xprs_decoder, video/512x512/pixel=grey8/codec=H.265: H.265/SW/hevc, gray8[0m
[0m[38;2;000;000;255m[ProgressLogger][INFO]: 2026-07-01 21:01:13: Opening /home/eker/Master-Thesis---Multi-modal-User-Intention-Estimation-and-Hand-Position-Prediction/Data_collection/Data_vrs/Jola_4_20260624_131548.vrs...[0m
[0m[38;2;000;128;000m[MultiRecordFileReader][DEBUG]: Opened file '/home/eker/Master-Thesis---Multi-modal-User-Intention-Estimation-and-Hand-Position-Prediction/Data_collection/Data_vrs/Jola_4_20260624_131548.vrs' and assigned to reader #0[0m
[0m[38;2;000;000;255m[VrsDataProvider][INFO]: streamId 211-1/camera-et-left activated[0m
[0m[38;2;000;000;255m[VrsDataProvider][INFO]: streamId 211-2/camera-et-right activated[0m
[0m[38;2;000;000;255m[VrsDataProvider][INFO]: streamId 214-1/camera-rgb activated[0m
[0m[38;2;000;000;255m[VrsDataProvider][INFO]: streamId 231-1/mic activated[0m
[0m[38;2;000;000;255m[VrsDataProvider][INFO]: streamId 246-1/temperature activated[0m
[0m[38;2;000;000;255m[VrsDataProvider][INFO]: streamId 247-1/baro0 activated[0m
[0m[38;2;000;000;255m[VrsDataProvider][INFO]: streamId 248-1/ppg activated[0m
[0m[38;2;000;000;255m[VrsDataProvider][INFO]: streamId 281-1/gps-app activated[0m
[0m[38;2;000;000;255m[VrsDataProvider][INFO]: streamId 282-1/wps activated[0m
[0m[38;2;000;000;255m[VrsDataProvider][INFO]: streamId 283-1/bluetooth activated[0m
[0m[38;2;000;000;255m[VrsDataProvider][INFO]: Utc stream found: 285-1[0m
[0m[38;2;000;000;255m[VrsDataProvider][INFO]: streamId 371-1/handtracking activated[0m
[0m[38;2;000;000;255m[VrsDataProvider][INFO]: streamId 371-2/vio activated[0m
[0m[38;2;000;000;255m[VrsDataProvider][INFO]: streamId 371-3/vio_high_frequency activated[0m
[0m[38;2;000;000;255m[VrsDataProvider][INFO]: streamId 373-1/eyegaze activated[0m
[0m[38;2;000;000;255m[VrsDataProvider][INFO]: streamId 500-1/als activated[0m
[0m[38;2;000;000;255m[VrsDataProvider][INFO]: Fail to activate streamId 502-1[0m
[0m[38;2;000;000;255m[VrsDataProvider][INFO]: streamId 1201-1/slam-front-left activated[0m
[0m[38;2;000;000;255m[VrsDataProvider][INFO]: streamId 1201-2/slam-front-right activated[0m
[0m[38;2;000;000;255m[VrsDataProvider][INFO]: streamId 1201-3/slam-side-left activated[0m
[0m[38;2;000;000;255m[VrsDataProvider][INFO]: streamId 1201-4/slam-side-right activated[0m
[0m[38;2;000;000;255m[VrsDataProvider][INFO]: streamId 1202-1/imu-left activated[0m
[0m[38;2;000;000;255m[VrsDataProvider][INFO]: streamId 1202-2/imu-right activated[0m
[0m[38;2;000;000;255m[VrsDataProvider][INFO]: streamId 1203-1/mag0 activated[0m
[0m[38;2;000;000;255m[XprsDecoder][INFO]: Using H.265 SW decoder named 'hevc' (xprs::gray8 -> vrs::grey8)[0m
[0m[38;2;000;000;255m[TelemetryLogger][INFO]: make_xprs_decoder, video/200x200/pixel=grey8/codec=H.265: H.265/SW/hevc, gray8[0m
[0m[38;2;000;000;255m[XprsDecoder][INFO]: Using H.265 SW decoder named 'hevc' (xprs::gray8 -> vrs::grey8)[0m
[0m[38;2;000;000;255m[TelemetryLogger][INFO]: make_xprs_decoder, video/200x200/pixel=grey8/codec=H.265: H.265/SW/hevc, gray8[0m
[0m[38;2;000;000;255m[XprsDecoder][INFO]: Using H.265 SW decoder named 'hevc' (xprs::yuv420p -> vrs::yuv_i420_split)[0m
[0m[38;2;000;000;255m[TelemetryLogger][INFO]: make_xprs_decoder, video/2016x1512/pixel=yuv_i420_split/codec=H.265: H.265/SW/hevc, yuv420p[0m
[0m[38;2;000;000;255m[XprsDecoder][INFO]: Using H.265 SW decoder named 'hevc' (xprs::gray8 -> vrs::grey8)[0m
[0m[38;2;000;000;255m[TelemetryLogger][INFO]: make_xprs_decoder, video/512x512/pixel=grey8/codec=H.265: H.265/SW/hevc, gray8[0m
[0m[38;2;000;000;255m[XprsDecoder][INFO]: Using H.265 SW decoder named 'hevc' (xprs::gray8 -> vrs::grey8)[0m
[0m[38;2;000;000;255m[TelemetryLogger][INFO]: make_xprs_decoder, video/512x512/pixel=grey8/codec=H.265: H.265/SW/hevc, gray8[0m
[0m[38;2;000;000;255m[XprsDecoder][INFO]: Using H.265 SW decoder named 'hevc' (xprs::gray8 -> vrs::grey8)[0m
[0m[38;2;000;000;255m[TelemetryLogger][INFO]: make_xprs_decoder, video/512x512/pixel=grey8/codec=H.265: H.265/SW/hevc, gray8[0m
[0m[38;2;000;000;255m[XprsDecoder][INFO]: Using H.265 SW decoder named 'hevc' (xprs::gray8 -> vrs::grey8)[0m
[0m[38;2;000;000;255m[TelemetryLogger][INFO]: make_xprs_decoder, video/512x512/pixel=grey8/codec=H.265: H.265/SW/hevc, gray8[0m
[0m[38;2;000;000;255m[ProgressLogger][INFO]: 2026-07-01 21:08:39: Opening /home/eker/Master-Thesis---Multi-modal-User-Intention-Estimation-and-Hand-Position-Prediction/Data_collection/Data_vrs/Jola_5_20260624_131818.vrs...[0m
[0m[38;2;000;128;000m[MultiRecordFileReader][DEBUG]: Opened file '/home/eker/Master-Thesis---Multi-modal-User-Intention-Estimation-and-Hand-Position-Prediction/Data_collection/Data_vrs/Jola_5_20260624_131818.vrs' and assigned to reader #0[0m
[0m[38;2;000;000;255m[VrsDataProvider][INFO]: streamId 211-1/camera-et-left activated[0m
[0m[38;2;000;000;255m[VrsDataProvider][INFO]: streamId 211-2/camera-et-right activated[0m
[0m[38;2;000;000;255m[VrsDataProvider][INFO]: streamId 214-1/camera-rgb activated[0m
[0m[38;2;000;000;255m[VrsDataProvider][INFO]: streamId 231-1/mic activated[0m
[0m[38;2;000;000;255m[VrsDataProvider][INFO]: streamId 246-1/temperature activated[0m
[0m[38;2;000;000;255m[VrsDataProvider][INFO]: streamId 247-1/baro0 activated[0m
[0m[38;2;000;000;255m[VrsDataProvider][INFO]: streamId 248-1/ppg activated[0m
[0m[38;2;000;000;255m[VrsDataProvider][INFO]: streamId 281-1/gps-app activated[0m
[0m[38;2;000;000;255m[VrsDataProvider][INFO]: streamId 282-1/wps activated[0m
[0m[38;2;000;000;255m[VrsDataProvider][INFO]: streamId 283-1/bluetooth activated[0m
[0m[38;2;000;000;255m[VrsDataProvider][INFO]: Utc stream found: 285-1[0m
[0m[38;2;000;000;255m[VrsDataProvider][INFO]: streamId 371-1/handtracking activated[0m
[0m[38;2;000;000;255m[VrsDataProvider][INFO]: streamId 371-2/vio activated[0m
[0m[38;2;000;000;255m[VrsDataProvider][INFO]: streamId 371-3/vio_high_frequency activated[0m
[0m[38;2;000;000;255m[VrsDataProvider][INFO]: streamId 373-1/eyegaze activated[0m
[0m[38;2;000;000;255m[VrsDataProvider][INFO]: streamId 500-1/als activated[0m
[0m[38;2;000;000;255m[VrsDataProvider][INFO]: Fail to activate streamId 502-1[0m
[0m[38;2;000;000;255m[VrsDataProvider][INFO]: streamId 1201-1/slam-front-left activated[0m
[0m[38;2;000;000;255m[VrsDataProvider][INFO]: streamId 1201-2/slam-front-right activated[0m
[0m[38;2;000;000;255m[VrsDataProvider][INFO]: streamId 1201-3/slam-side-left activated[0m
[0m[38;2;000;000;255m[VrsDataProvider][INFO]: streamId 1201-4/slam-side-right activated[0m
[0m[38;2;000;000;255m[VrsDataProvider][INFO]: streamId 1202-1/imu-left activated[0m
[0m[38;2;000;000;255m[VrsDataProvider][INFO]: streamId 1202-2/imu-right activated[0m
[0m[38;2;000;000;255m[VrsDataProvider][INFO]: streamId 1203-1/mag0 activated[0m
[0m[38;2;000;000;255m[XprsDecoder][INFO]: Using H.265 SW decoder named 'hevc' (xprs::gray8 -> vrs::grey8)[0m
[0m[38;2;000;000;255m[TelemetryLogger][INFO]: make_xprs_decoder, video/200x200/pixel=grey8/codec=H.265: H.265/SW/hevc, gray8[0m
[0m[38;2;000;000;255m[XprsDecoder][INFO]: Using H.265 SW decoder named 'hevc' (xprs::gray8 -> vrs::grey8)[0m
[0m[38;2;000;000;255m[TelemetryLogger][INFO]: make_xprs_decoder, video/200x200/pixel=grey8/codec=H.265: H.265/SW/hevc, gray8[0m
[0m[38;2;000;000;255m[XprsDecoder][INFO]: Using H.265 SW decoder named 'hevc' (xprs::yuv420p -> vrs::yuv_i420_split)[0m
[0m[38;2;000;000;255m[TelemetryLogger][INFO]: make_xprs_decoder, video/2016x1512/pixel=yuv_i420_split/codec=H.265: H.265/SW/hevc, yuv420p[0m
[0m[38;2;000;000;255m[XprsDecoder][INFO]: Using H.265 SW decoder named 'hevc' (xprs::gray8 -> vrs::grey8)[0m
[0m[38;2;000;000;255m[TelemetryLogger][INFO]: make_xprs_decoder, video/512x512/pixel=grey8/codec=H.265: H.265/SW/hevc, gray8[0m
[0m[38;2;000;000;255m[XprsDecoder][INFO]: Using H.265 SW decoder named 'hevc' (xprs::gray8 -> vrs::grey8)[0m
[0m[38;2;000;000;255m[TelemetryLogger][INFO]: make_xprs_decoder, video/512x512/pixel=grey8/codec=H.265: H.265/SW/hevc, gray8[0m
[0m[38;2;000;000;255m[XprsDecoder][INFO]: Using H.265 SW decoder named 'hevc' (xprs::gray8 -> vrs::grey8)[0m
[0m[38;2;000;000;255m[TelemetryLogger][INFO]: make_xprs_decoder, video/512x512/pixel=grey8/codec=H.265: H.265/SW/hevc, gray8[0m
[0m[38;2;000;000;255m[XprsDecoder][INFO]: Using H.265 SW decoder named 'hevc' (xprs::gray8 -> vrs::grey8)[0m
[0m[38;2;000;000;255m[TelemetryLogger][INFO]: make_xprs_decoder, video/512x512/pixel=grey8/codec=H.265: H.265/SW/hevc, gray8[0m
[0m[38;2;000;000;255m[ProgressLogger][INFO]: 2026-07-01 21:16:17: Opening /home/eker/Master-Thesis---Multi-modal-User-Intention-Estimation-and-Hand-Position-Prediction/Data_collection/Data_vrs/Jola_6_20260624_132027.vrs...[0m
[0m[38;2;000;128;000m[MultiRecordFileReader][DEBUG]: Opened file '/home/eker/Master-Thesis---Multi-modal-User-Intention-Estimation-and-Hand-Position-Prediction/Data_collection/Data_vrs/Jola_6_20260624_132027.vrs' and assigned to reader #0[0m
[0m[38;2;000;000;255m[VrsDataProvider][INFO]: streamId 211-1/camera-et-left activated[0m
[0m[38;2;000;000;255m[VrsDataProvider][INFO]: streamId 211-2/camera-et-right activated[0m
[0m[38;2;000;000;255m[VrsDataProvider][INFO]: streamId 214-1/camera-rgb activated[0m
[0m[38;2;000;000;255m[VrsDataProvider][INFO]: streamId 231-1/mic activated[0m
[0m[38;2;000;000;255m[VrsDataProvider][INFO]: streamId 246-1/temperature activated[0m
[0m[38;2;000;000;255m[VrsDataProvider][INFO]: streamId 247-1/baro0 activated[0m
[0m[38;2;000;000;255m[VrsDataProvider][INFO]: streamId 248-1/ppg activated[0m
[0m[38;2;000;000;255m[VrsDataProvider][INFO]: streamId 281-1/gps-app activated[0m
[0m[38;2;000;000;255m[VrsDataProvider][INFO]: streamId 282-1/wps activated[0m
[0m[38;2;000;000;255m[VrsDataProvider][INFO]: streamId 283-1/bluetooth activated[0m
[0m[38;2;000;000;255m[VrsDataProvider][INFO]: Utc stream found: 285-1[0m
[0m[38;2;000;000;255m[VrsDataProvider][INFO]: streamId 371-1/handtracking activated[0m
[0m[38;2;000;000;255m[VrsDataProvider][INFO]: streamId 371-2/vio activated[0m
[0m[38;2;000;000;255m[VrsDataProvider][INFO]: streamId 371-3/vio_high_frequency activated[0m
[0m[38;2;000;000;255m[VrsDataProvider][INFO]: streamId 373-1/eyegaze activated[0m
[0m[38;2;000;000;255m[VrsDataProvider][INFO]: streamId 500-1/als activated[0m
[0m[38;2;000;000;255m[VrsDataProvider][INFO]: Fail to activate streamId 502-1[0m
[0m[38;2;000;000;255m[VrsDataProvider][INFO]: streamId 1201-1/slam-front-left activated[0m
[0m[38;2;000;000;255m[VrsDataProvider][INFO]: streamId 1201-2/slam-front-right activated[0m
[0m[38;2;000;000;255m[VrsDataProvider][INFO]: streamId 1201-3/slam-side-left activated[0m
[0m[38;2;000;000;255m[VrsDataProvider][INFO]: streamId 1201-4/slam-side-right activated[0m
[0m[38;2;000;000;255m[VrsDataProvider][INFO]: streamId 1202-1/imu-left activated[0m
[0m[38;2;000;000;255m[VrsDataProvider][INFO]: streamId 1202-2/imu-right activated[0m
[0m[38;2;000;000;255m[VrsDataProvider][INFO]: streamId 1203-1/mag0 activated[0m
[0m[38;2;000;000;255m[XprsDecoder][INFO]: Using H.265 SW decoder named 'hevc' (xprs::gray8 -> vrs::grey8)[0m
[0m[38;2;000;000;255m[TelemetryLogger][INFO]: make_xprs_decoder, video/200x200/pixel=grey8/codec=H.265: H.265/SW/hevc, gray8[0m
[0m[38;2;000;000;255m[XprsDecoder][INFO]: Using H.265 SW decoder named 'hevc' (xprs::gray8 -> vrs::grey8)[0m
[0m[38;2;000;000;255m[TelemetryLogger][INFO]: make_xprs_decoder, video/200x200/pixel=grey8/codec=H.265: H.265/SW/hevc, gray8[0m
[0m[38;2;000;000;255m[XprsDecoder][INFO]: Using H.265 SW decoder named 'hevc' (xprs::yuv420p -> vrs::yuv_i420_split)[0m
[0m[38;2;000;000;255m[TelemetryLogger][INFO]: make_xprs_decoder, video/2016x1512/pixel=yuv_i420_split/codec=H.265: H.265/SW/hevc, yuv420p[0m
[0m[38;2;000;000;255m[XprsDecoder][INFO]: Using H.265 SW decoder named 'hevc' (xprs::gray8 -> vrs::grey8)[0m
[0m[38;2;000;000;255m[TelemetryLogger][INFO]: make_xprs_decoder, video/512x512/pixel=grey8/codec=H.265: H.265/SW/hevc, gray8[0m
[0m[38;2;000;000;255m[XprsDecoder][INFO]: Using H.265 SW decoder named 'hevc' (xprs::gray8 -> vrs::grey8)[0m
[0m[38;2;000;000;255m[TelemetryLogger][INFO]: make_xprs_decoder, video/512x512/pixel=grey8/codec=H.265: H.265/SW/hevc, gray8[0m
[0m[38;2;000;000;255m[XprsDecoder][INFO]: Using H.265 SW decoder named 'hevc' (xprs::gray8 -> vrs::grey8)[0m
[0m[38;2;000;000;255m[TelemetryLogger][INFO]: make_xprs_decoder, video/512x512/pixel=grey8/codec=H.265: H.265/SW/hevc, gray8[0m
[0m[38;2;000;000;255m[XprsDecoder][INFO]: Using H.265 SW decoder named 'hevc' (xprs::gray8 -> vrs::grey8)[0m
[0m[38;2;000;000;255m[TelemetryLogger][INFO]: make_xprs_decoder, video/512x512/pixel=grey8/codec=H.265: H.265/SW/hevc, gray8[0m
[0m[38;2;000;000;255m[ProgressLogger][INFO]: 2026-07-01 21:24:39: Opening /home/eker/Master-Thesis---Multi-modal-User-Intention-Estimation-and-Hand-Position-Prediction/Data_collection/Data_vrs/Jona_1_20260616_181413.vrs...[0m
[0m[38;2;000;128;000m[MultiRecordFileReader][DEBUG]: Opened file '/home/eker/Master-Thesis---Multi-modal-User-Intention-Estimation-and-Hand-Position-Prediction/Data_collection/Data_vrs/Jona_1_20260616_181413.vrs' and assigned to reader #0[0m
[0m[38;2;000;000;255m[VrsDataProvider][INFO]: streamId 211-1/camera-et-left activated[0m
[0m[38;2;000;000;255m[VrsDataProvider][INFO]: streamId 211-2/camera-et-right activated[0m
[0m[38;2;000;000;255m[VrsDataProvider][INFO]: streamId 214-1/camera-rgb activated[0m
[0m[38;2;000;000;255m[VrsDataProvider][INFO]: streamId 231-1/mic activated[0m
[0m[38;2;000;000;255m[VrsDataProvider][INFO]: streamId 246-1/temperature activated[0m
[0m[38;2;000;000;255m[VrsDataProvider][INFO]: streamId 247-1/baro0 activated[0m
[0m[38;2;000;000;255m[VrsDataProvider][INFO]: streamId 248-1/ppg activated[0m
[0m[38;2;000;000;255m[VrsDataProvider][INFO]: streamId 281-1/gps-app activated[0m
[0m[38;2;000;000;255m[VrsDataProvider][INFO]: streamId 282-1/wps activated[0m
[0m[38;2;000;000;255m[VrsDataProvider][INFO]: streamId 283-1/bluetooth activated[0m
[0m[38;2;000;000;255m[VrsDataProvider][INFO]: Utc stream found: 285-1[0m
[0m[38;2;000;000;255m[VrsDataProvider][INFO]: streamId 371-1/handtracking activated[0m
[0m[38;2;000;000;255m[VrsDataProvider][INFO]: streamId 371-2/vio activated[0m
[0m[38;2;000;000;255m[VrsDataProvider][INFO]: streamId 371-3/vio_high_frequency activated[0m
[0m[38;2;000;000;255m[VrsDataProvider][INFO]: streamId 373-1/eyegaze activated[0m
[0m[38;2;000;000;255m[VrsDataProvider][INFO]: streamId 500-1/als activated[0m
[0m[38;2;000;000;255m[VrsDataProvider][INFO]: Fail to activate streamId 502-1[0m
[0m[38;2;000;000;255m[VrsDataProvider][INFO]: streamId 1201-1/slam-front-left activated[0m
[0m[38;2;000;000;255m[VrsDataProvider][INFO]: streamId 1201-2/slam-front-right activated[0m
[0m[38;2;000;000;255m[VrsDataProvider][INFO]: streamId 1201-3/slam-side-left activated[0m
[0m[38;2;000;000;255m[VrsDataProvider][INFO]: streamId 1201-4/slam-side-right activated[0m
[0m[38;2;000;000;255m[VrsDataProvider][INFO]: streamId 1202-1/imu-left activated[0m
[0m[38;2;000;000;255m[VrsDataProvider][INFO]: streamId 1202-2/imu-right activated[0m
[0m[38;2;000;000;255m[VrsDataProvider][INFO]: streamId 1203-1/mag0 activated[0m
[0m[38;2;000;000;255m[XprsDecoder][INFO]: Using H.265 SW decoder named 'hevc' (xprs::gray8 -> vrs::grey8)[0m
[0m[38;2;000;000;255m[TelemetryLogger][INFO]: make_xprs_decoder, video/200x200/pixel=grey8/codec=H.265: H.265/SW/hevc, gray8[0m
[0m[38;2;000;000;255m[XprsDecoder][INFO]: Using H.265 SW decoder named 'hevc' (xprs::gray8 -> vrs::grey8)[0m
[0m[38;2;000;000;255m[TelemetryLogger][INFO]: make_xprs_decoder, video/200x200/pixel=grey8/codec=H.265: H.265/SW/hevc, gray8[0m
[0m[38;2;000;000;255m[XprsDecoder][INFO]: Using H.265 SW decoder named 'hevc' (xprs::yuv420p -> vrs::yuv_i420_split)[0m
[0m[38;2;000;000;255m[TelemetryLogger][INFO]: make_xprs_decoder, video/2016x1512/pixel=yuv_i420_split/codec=H.265: H.265/SW/hevc, yuv420p[0m
[0m[38;2;000;000;255m[XprsDecoder][INFO]: Using H.265 SW decoder named 'hevc' (xprs::gray8 -> vrs::grey8)[0m
[0m[38;2;000;000;255m[TelemetryLogger][INFO]: make_xprs_decoder, video/512x512/pixel=grey8/codec=H.265: H.265/SW/hevc, gray8[0m
[0m[38;2;000;000;255m[XprsDecoder][INFO]: Using H.265 SW decoder named 'hevc' (xprs::gray8 -> vrs::grey8)[0m
[0m[38;2;000;000;255m[TelemetryLogger][INFO]: make_xprs_decoder, video/512x512/pixel=grey8/codec=H.265: H.265/SW/hevc, gray8[0m
[0m[38;2;000;000;255m[XprsDecoder][INFO]: Using H.265 SW decoder named 'hevc' (xprs::gray8 -> vrs::grey8)[0m
[0m[38;2;000;000;255m[TelemetryLogger][INFO]: make_xprs_decoder, video/512x512/pixel=grey8/codec=H.265: H.265/SW/hevc, gray8[0m
[0m[38;2;000;000;255m[XprsDecoder][INFO]: Using H.265 SW decoder named 'hevc' (xprs::gray8 -> vrs::grey8)[0m
[0m[38;2;000;000;255m[TelemetryLogger][INFO]: make_xprs_decoder, video/512x512/pixel=grey8/codec=H.265: H.265/SW/hevc, gray8[0m
[0m[38;2;000;000;255m[ProgressLogger][INFO]: 2026-07-01 21:28:22: Opening /home/eker/Master-Thesis---Multi-modal-User-Intention-Estimation-and-Hand-Position-Prediction/Data_collection/Data_vrs/Jona_2_20260616_181551.vrs...[0m
[0m[38;2;000;128;000m[MultiRecordFileReader][DEBUG]: Opened file '/home/eker/Master-Thesis---Multi-modal-User-Intention-Estimation-and-Hand-Position-Prediction/Data_collection/Data_vrs/Jona_2_20260616_181551.vrs' and assigned to reader #0[0m
[0m[38;2;000;000;255m[VrsDataProvider][INFO]: streamId 211-1/camera-et-left activated[0m
[0m[38;2;000;000;255m[VrsDataProvider][INFO]: streamId 211-2/camera-et-right activated[0m
[0m[38;2;000;000;255m[VrsDataProvider][INFO]: streamId 214-1/camera-rgb activated[0m
[0m[38;2;000;000;255m[VrsDataProvider][INFO]: streamId 231-1/mic activated[0m
[0m[38;2;000;000;255m[VrsDataProvider][INFO]: streamId 246-1/temperature activated[0m
[0m[38;2;000;000;255m[VrsDataProvider][INFO]: streamId 247-1/baro0 activated[0m
[0m[38;2;000;000;255m[VrsDataProvider][INFO]: streamId 248-1/ppg activated[0m
[0m[38;2;000;000;255m[VrsDataProvider][INFO]: streamId 281-1/gps-app activated[0m
[0m[38;2;000;000;255m[VrsDataProvider][INFO]: streamId 282-1/wps activated[0m
[0m[38;2;000;000;255m[VrsDataProvider][INFO]: streamId 283-1/bluetooth activated[0m
[0m[38;2;000;000;255m[VrsDataProvider][INFO]: Utc stream found: 285-1[0m
[0m[38;2;000;000;255m[VrsDataProvider][INFO]: streamId 371-1/handtracking activated[0m
[0m[38;2;000;000;255m[VrsDataProvider][INFO]: streamId 371-2/vio activated[0m
[0m[38;2;000;000;255m[VrsDataProvider][INFO]: streamId 371-3/vio_high_frequency activated[0m
[0m[38;2;000;000;255m[VrsDataProvider][INFO]: streamId 373-1/eyegaze activated[0m
[0m[38;2;000;000;255m[VrsDataProvider][INFO]: streamId 500-1/als activated[0m
[0m[38;2;000;000;255m[VrsDataProvider][INFO]: Fail to activate streamId 502-1[0m
[0m[38;2;000;000;255m[VrsDataProvider][INFO]: streamId 1201-1/slam-front-left activated[0m
[0m[38;2;000;000;255m[VrsDataProvider][INFO]: streamId 1201-2/slam-front-right activated[0m
[0m[38;2;000;000;255m[VrsDataProvider][INFO]: streamId 1201-3/slam-side-left activated[0m
[0m[38;2;000;000;255m[VrsDataProvider][INFO]: streamId 1201-4/slam-side-right activated[0m
[0m[38;2;000;000;255m[VrsDataProvider][INFO]: streamId 1202-1/imu-left activated[0m
[0m[38;2;000;000;255m[VrsDataProvider][INFO]: streamId 1202-2/imu-right activated[0m
[0m[38;2;000;000;255m[VrsDataProvider][INFO]: streamId 1203-1/mag0 activated[0m
[0m[38;2;000;000;255m[XprsDecoder][INFO]: Using H.265 SW decoder named 'hevc' (xprs::gray8 -> vrs::grey8)[0m
[0m[38;2;000;000;255m[TelemetryLogger][INFO]: make_xprs_decoder, video/200x200/pixel=grey8/codec=H.265: H.265/SW/hevc, gray8[0m
[0m[38;2;000;000;255m[XprsDecoder][INFO]: Using H.265 SW decoder named 'hevc' (xprs::gray8 -> vrs::grey8)[0m
[0m[38;2;000;000;255m[TelemetryLogger][INFO]: make_xprs_decoder, video/200x200/pixel=grey8/codec=H.265: H.265/SW/hevc, gray8[0m
[0m[38;2;000;000;255m[XprsDecoder][INFO]: Using H.265 SW decoder named 'hevc' (xprs::yuv420p -> vrs::yuv_i420_split)[0m
[0m[38;2;000;000;255m[TelemetryLogger][INFO]: make_xprs_decoder, video/2016x1512/pixel=yuv_i420_split/codec=H.265: H.265/SW/hevc, yuv420p[0m
[0m[38;2;000;000;255m[XprsDecoder][INFO]: Using H.265 SW decoder named 'hevc' (xprs::gray8 -> vrs::grey8)[0m
[0m[38;2;000;000;255m[TelemetryLogger][INFO]: make_xprs_decoder, video/512x512/pixel=grey8/codec=H.265: H.265/SW/hevc, gray8[0m
[0m[38;2;000;000;255m[XprsDecoder][INFO]: Using H.265 SW decoder named 'hevc' (xprs::gray8 -> vrs::grey8)[0m
[0m[38;2;000;000;255m[TelemetryLogger][INFO]: make_xprs_decoder, video/512x512/pixel=grey8/codec=H.265: H.265/SW/hevc, gray8[0m
[0m[38;2;000;000;255m[XprsDecoder][INFO]: Using H.265 SW decoder named 'hevc' (xprs::gray8 -> vrs::grey8)[0m
[0m[38;2;000;000;255m[TelemetryLogger][INFO]: make_xprs_decoder, video/512x512/pixel=grey8/codec=H.265: H.265/SW/hevc, gray8[0m
[0m[38;2;000;000;255m[XprsDecoder][INFO]: Using H.265 SW decoder named 'hevc' (xprs::gray8 -> vrs::grey8)[0m
[0m[38;2;000;000;255m[TelemetryLogger][INFO]: make_xprs_decoder, video/512x512/pixel=grey8/codec=H.265: H.265/SW/hevc, gray8[0m
[0m[38;2;000;000;255m[ProgressLogger][INFO]: 2026-07-01 21:35:04: Opening /home/eker/Master-Thesis---Multi-modal-User-Intention-Estimation-and-Hand-Position-Prediction/Data_collection/Data_vrs/Jona_3_20260616_181717.vrs...[0m
[0m[38;2;000;128;000m[MultiRecordFileReader][DEBUG]: Opened file '/home/eker/Master-Thesis---Multi-modal-User-Intention-Estimation-and-Hand-Position-Prediction/Data_collection/Data_vrs/Jona_3_20260616_181717.vrs' and assigned to reader #0[0m
[0m[38;2;000;000;255m[VrsDataProvider][INFO]: streamId 211-1/camera-et-left activated[0m
[0m[38;2;000;000;255m[VrsDataProvider][INFO]: streamId 211-2/camera-et-right activated[0m
[0m[38;2;000;000;255m[VrsDataProvider][INFO]: streamId 214-1/camera-rgb activated[0m
[0m[38;2;000;000;255m[VrsDataProvider][INFO]: streamId 231-1/mic activated[0m
[0m[38;2;000;000;255m[VrsDataProvider][INFO]: streamId 246-1/temperature activated[0m
[0m[38;2;000;000;255m[VrsDataProvider][INFO]: streamId 247-1/baro0 activated[0m
[0m[38;2;000;000;255m[VrsDataProvider][INFO]: streamId 248-1/ppg activated[0m
[0m[38;2;000;000;255m[VrsDataProvider][INFO]: streamId 281-1/gps-app activated[0m
[0m[38;2;000;000;255m[VrsDataProvider][INFO]: streamId 282-1/wps activated[0m
[0m[38;2;000;000;255m[VrsDataProvider][INFO]: streamId 283-1/bluetooth activated[0m
[0m[38;2;000;000;255m[VrsDataProvider][INFO]: Utc stream found: 285-1[0m
[0m[38;2;000;000;255m[VrsDataProvider][INFO]: streamId 371-1/handtracking activated[0m
[0m[38;2;000;000;255m[VrsDataProvider][INFO]: streamId 371-2/vio activated[0m
[0m[38;2;000;000;255m[VrsDataProvider][INFO]: streamId 371-3/vio_high_frequency activated[0m
[0m[38;2;000;000;255m[VrsDataProvider][INFO]: streamId 373-1/eyegaze activated[0m
[0m[38;2;000;000;255m[VrsDataProvider][INFO]: streamId 500-1/als activated[0m
[0m[38;2;000;000;255m[VrsDataProvider][INFO]: Fail to activate streamId 502-1[0m
[0m[38;2;000;000;255m[VrsDataProvider][INFO]: streamId 1201-1/slam-front-left activated[0m
[0m[38;2;000;000;255m[VrsDataProvider][INFO]: streamId 1201-2/slam-front-right activated[0m
[0m[38;2;000;000;255m[VrsDataProvider][INFO]: streamId 1201-3/slam-side-left activated[0m
[0m[38;2;000;000;255m[VrsDataProvider][INFO]: streamId 1201-4/slam-side-right activated[0m
[0m[38;2;000;000;255m[VrsDataProvider][INFO]: streamId 1202-1/imu-left activated[0m
[0m[38;2;000;000;255m[VrsDataProvider][INFO]: streamId 1202-2/imu-right activated[0m
[0m[38;2;000;000;255m[VrsDataProvider][INFO]: streamId 1203-1/mag0 activated[0m
[0m[38;2;000;000;255m[XprsDecoder][INFO]: Using H.265 SW decoder named 'hevc' (xprs::gray8 -> vrs::grey8)[0m
[0m[38;2;000;000;255m[TelemetryLogger][INFO]: make_xprs_decoder, video/200x200/pixel=grey8/codec=H.265: H.265/SW/hevc, gray8[0m
[0m[38;2;000;000;255m[XprsDecoder][INFO]: Using H.265 SW decoder named 'hevc' (xprs::gray8 -> vrs::grey8)[0m
[0m[38;2;000;000;255m[TelemetryLogger][INFO]: make_xprs_decoder, video/200x200/pixel=grey8/codec=H.265: H.265/SW/hevc, gray8[0m
[0m[38;2;000;000;255m[XprsDecoder][INFO]: Using H.265 SW decoder named 'hevc' (xprs::yuv420p -> vrs::yuv_i420_split)[0m
[0m[38;2;000;000;255m[TelemetryLogger][INFO]: make_xprs_decoder, video/2016x1512/pixel=yuv_i420_split/codec=H.265: H.265/SW/hevc, yuv420p[0m
[0m[38;2;000;000;255m[XprsDecoder][INFO]: Using H.265 SW decoder named 'hevc' (xprs::gray8 -> vrs::grey8)[0m
[0m[38;2;000;000;255m[TelemetryLogger][INFO]: make_xprs_decoder, video/512x512/pixel=grey8/codec=H.265: H.265/SW/hevc, gray8[0m
[0m[38;2;000;000;255m[XprsDecoder][INFO]: Using H.265 SW decoder named 'hevc' (xprs::gray8 -> vrs::grey8)[0m
[0m[38;2;000;000;255m[TelemetryLogger][INFO]: make_xprs_decoder, video/512x512/pixel=grey8/codec=H.265: H.265/SW/hevc, gray8[0m
[0m[38;2;000;000;255m[XprsDecoder][INFO]: Using H.265 SW decoder named 'hevc' (xprs::gray8 -> vrs::grey8)[0m
[0m[38;2;000;000;255m[TelemetryLogger][INFO]: make_xprs_decoder, video/512x512/pixel=grey8/codec=H.265: H.265/SW/hevc, gray8[0m
[0m[38;2;000;000;255m[XprsDecoder][INFO]: Using H.265 SW decoder named 'hevc' (xprs::gray8 -> vrs::grey8)[0m
[0m[38;2;000;000;255m[TelemetryLogger][INFO]: make_xprs_decoder, video/512x512/pixel=grey8/codec=H.265: H.265/SW/hevc, gray8[0m
[0m[38;2;000;000;255m[ProgressLogger][INFO]: 2026-07-01 21:42:26: Opening /home/eker/Master-Thesis---Multi-modal-User-Intention-Estimation-and-Hand-Position-Prediction/Data_collection/Data_vrs/Jona_4_20260616_181855.vrs...[0m
[0m[38;2;000;128;000m[MultiRecordFileReader][DEBUG]: Opened file '/home/eker/Master-Thesis---Multi-modal-User-Intention-Estimation-and-Hand-Position-Prediction/Data_collection/Data_vrs/Jona_4_20260616_181855.vrs' and assigned to reader #0[0m
[0m[38;2;000;000;255m[VrsDataProvider][INFO]: streamId 211-1/camera-et-left activated[0m
[0m[38;2;000;000;255m[VrsDataProvider][INFO]: streamId 211-2/camera-et-right activated[0m
[0m[38;2;000;000;255m[VrsDataProvider][INFO]: streamId 214-1/camera-rgb activated[0m
[0m[38;2;000;000;255m[VrsDataProvider][INFO]: streamId 231-1/mic activated[0m
[0m[38;2;000;000;255m[VrsDataProvider][INFO]: streamId 246-1/temperature activated[0m
[0m[38;2;000;000;255m[VrsDataProvider][INFO]: streamId 247-1/baro0 activated[0m
[0m[38;2;000;000;255m[VrsDataProvider][INFO]: streamId 248-1/ppg activated[0m
[0m[38;2;000;000;255m[VrsDataProvider][INFO]: streamId 281-1/gps-app activated[0m
[0m[38;2;000;000;255m[VrsDataProvider][INFO]: streamId 282-1/wps activated[0m
[0m[38;2;000;000;255m[VrsDataProvider][INFO]: streamId 283-1/bluetooth activated[0m
[0m[38;2;000;000;255m[VrsDataProvider][INFO]: Utc stream found: 285-1[0m
[0m[38;2;000;000;255m[VrsDataProvider][INFO]: streamId 371-1/handtracking activated[0m
[0m[38;2;000;000;255m[VrsDataProvider][INFO]: streamId 371-2/vio activated[0m
[0m[38;2;000;000;255m[VrsDataProvider][INFO]: streamId 371-3/vio_high_frequency activated[0m
[0m[38;2;000;000;255m[VrsDataProvider][INFO]: streamId 373-1/eyegaze activated[0m
[0m[38;2;000;000;255m[VrsDataProvider][INFO]: streamId 500-1/als activated[0m
[0m[38;2;000;000;255m[VrsDataProvider][INFO]: Fail to activate streamId 502-1[0m
[0m[38;2;000;000;255m[VrsDataProvider][INFO]: streamId 1201-1/slam-front-left activated[0m
[0m[38;2;000;000;255m[VrsDataProvider][INFO]: streamId 1201-2/slam-front-right activated[0m
[0m[38;2;000;000;255m[VrsDataProvider][INFO]: streamId 1201-3/slam-side-left activated[0m
[0m[38;2;000;000;255m[VrsDataProvider][INFO]: streamId 1201-4/slam-side-right activated[0m
[0m[38;2;000;000;255m[VrsDataProvider][INFO]: streamId 1202-1/imu-left activated[0m
[0m[38;2;000;000;255m[VrsDataProvider][INFO]: streamId 1202-2/imu-right activated[0m
[0m[38;2;000;000;255m[VrsDataProvider][INFO]: streamId 1203-1/mag0 activated[0m
[0m[38;2;000;000;255m[XprsDecoder][INFO]: Using H.265 SW decoder named 'hevc' (xprs::gray8 -> vrs::grey8)[0m
[0m[38;2;000;000;255m[TelemetryLogger][INFO]: make_xprs_decoder, video/200x200/pixel=grey8/codec=H.265: H.265/SW/hevc, gray8[0m
[0m[38;2;000;000;255m[XprsDecoder][INFO]: Using H.265 SW decoder named 'hevc' (xprs::gray8 -> vrs::grey8)[0m
[0m[38;2;000;000;255m[TelemetryLogger][INFO]: make_xprs_decoder, video/200x200/pixel=grey8/codec=H.265: H.265/SW/hevc, gray8[0m
[0m[38;2;000;000;255m[XprsDecoder][INFO]: Using H.265 SW decoder named 'hevc' (xprs::yuv420p -> vrs::yuv_i420_split)[0m
[0m[38;2;000;000;255m[TelemetryLogger][INFO]: make_xprs_decoder, video/2016x1512/pixel=yuv_i420_split/codec=H.265: H.265/SW/hevc, yuv420p[0m
[0m[38;2;000;000;255m[XprsDecoder][INFO]: Using H.265 SW decoder named 'hevc' (xprs::gray8 -> vrs::grey8)[0m
[0m[38;2;000;000;255m[TelemetryLogger][INFO]: make_xprs_decoder, video/512x512/pixel=grey8/codec=H.265: H.265/SW/hevc, gray8[0m
[0m[38;2;000;000;255m[XprsDecoder][INFO]: Using H.265 SW decoder named 'hevc' (xprs::gray8 -> vrs::grey8)[0m
[0m[38;2;000;000;255m[TelemetryLogger][INFO]: make_xprs_decoder, video/512x512/pixel=grey8/codec=H.265: H.265/SW/hevc, gray8[0m
[0m[38;2;000;000;255m[XprsDecoder][INFO]: Using H.265 SW decoder named 'hevc' (xprs::gray8 -> vrs::grey8)[0m
[0m[38;2;000;000;255m[TelemetryLogger][INFO]: make_xprs_decoder, video/512x512/pixel=grey8/codec=H.265: H.265/SW/hevc, gray8[0m
[0m[38;2;000;000;255m[XprsDecoder][INFO]: Using H.265 SW decoder named 'hevc' (xprs::gray8 -> vrs::grey8)[0m
[0m[38;2;000;000;255m[TelemetryLogger][INFO]: make_xprs_decoder, video/512x512/pixel=grey8/codec=H.265: H.265/SW/hevc, gray8[0m
[0m[38;2;000;000;255m[ProgressLogger][INFO]: 2026-07-01 21:48:44: Opening /home/eker/Master-Thesis---Multi-modal-User-Intention-Estimation-and-Hand-Position-Prediction/Data_collection/Data_vrs/Jona_5_20260616_182002.vrs...[0m
[0m[38;2;000;128;000m[MultiRecordFileReader][DEBUG]: Opened file '/home/eker/Master-Thesis---Multi-modal-User-Intention-Estimation-and-Hand-Position-Prediction/Data_collection/Data_vrs/Jona_5_20260616_182002.vrs' and assigned to reader #0[0m
[0m[38;2;000;000;255m[VrsDataProvider][INFO]: streamId 211-1/camera-et-left activated[0m
[0m[38;2;000;000;255m[VrsDataProvider][INFO]: streamId 211-2/camera-et-right activated[0m
[0m[38;2;000;000;255m[VrsDataProvider][INFO]: streamId 214-1/camera-rgb activated[0m
[0m[38;2;000;000;255m[VrsDataProvider][INFO]: streamId 231-1/mic activated[0m
[0m[38;2;000;000;255m[VrsDataProvider][INFO]: streamId 246-1/temperature activated[0m
[0m[38;2;000;000;255m[VrsDataProvider][INFO]: streamId 247-1/baro0 activated[0m
[0m[38;2;000;000;255m[VrsDataProvider][INFO]: streamId 248-1/ppg activated[0m
[0m[38;2;000;000;255m[VrsDataProvider][INFO]: streamId 281-1/gps-app activated[0m
[0m[38;2;000;000;255m[VrsDataProvider][INFO]: streamId 282-1/wps activated[0m
[0m[38;2;000;000;255m[VrsDataProvider][INFO]: streamId 283-1/bluetooth activated[0m
[0m[38;2;000;000;255m[VrsDataProvider][INFO]: Utc stream found: 285-1[0m
[0m[38;2;000;000;255m[VrsDataProvider][INFO]: streamId 371-1/handtracking activated[0m
[0m[38;2;000;000;255m[VrsDataProvider][INFO]: streamId 371-2/vio activated[0m
[0m[38;2;000;000;255m[VrsDataProvider][INFO]: streamId 371-3/vio_high_frequency activated[0m
[0m[38;2;000;000;255m[VrsDataProvider][INFO]: streamId 373-1/eyegaze activated[0m
[0m[38;2;000;000;255m[VrsDataProvider][INFO]: streamId 500-1/als activated[0m
[0m[38;2;000;000;255m[VrsDataProvider][INFO]: Fail to activate streamId 502-1[0m
[0m[38;2;000;000;255m[VrsDataProvider][INFO]: streamId 1201-1/slam-front-left activated[0m
[0m[38;2;000;000;255m[VrsDataProvider][INFO]: streamId 1201-2/slam-front-right activated[0m
[0m[38;2;000;000;255m[VrsDataProvider][INFO]: streamId 1201-3/slam-side-left activated[0m
[0m[38;2;000;000;255m[VrsDataProvider][INFO]: streamId 1201-4/slam-side-right activated[0m
[0m[38;2;000;000;255m[VrsDataProvider][INFO]: streamId 1202-1/imu-left activated[0m
[0m[38;2;000;000;255m[VrsDataProvider][INFO]: streamId 1202-2/imu-right activated[0m
[0m[38;2;000;000;255m[VrsDataProvider][INFO]: streamId 1203-1/mag0 activated[0m
[0m[38;2;000;000;255m[XprsDecoder][INFO]: Using H.265 SW decoder named 'hevc' (xprs::gray8 -> vrs::grey8)[0m
[0m[38;2;000;000;255m[TelemetryLogger][INFO]: make_xprs_decoder, video/200x200/pixel=grey8/codec=H.265: H.265/SW/hevc, gray8[0m
[0m[38;2;000;000;255m[XprsDecoder][INFO]: Using H.265 SW decoder named 'hevc' (xprs::gray8 -> vrs::grey8)[0m
[0m[38;2;000;000;255m[TelemetryLogger][INFO]: make_xprs_decoder, video/200x200/pixel=grey8/codec=H.265: H.265/SW/hevc, gray8[0m
[0m[38;2;000;000;255m[XprsDecoder][INFO]: Using H.265 SW decoder named 'hevc' (xprs::yuv420p -> vrs::yuv_i420_split)[0m
[0m[38;2;000;000;255m[TelemetryLogger][INFO]: make_xprs_decoder, video/2016x1512/pixel=yuv_i420_split/codec=H.265: H.265/SW/hevc, yuv420p[0m
[0m[38;2;000;000;255m[XprsDecoder][INFO]: Using H.265 SW decoder named 'hevc' (xprs::gray8 -> vrs::grey8)[0m
[0m[38;2;000;000;255m[TelemetryLogger][INFO]: make_xprs_decoder, video/512x512/pixel=grey8/codec=H.265: H.265/SW/hevc, gray8[0m
[0m[38;2;000;000;255m[XprsDecoder][INFO]: Using H.265 SW decoder named 'hevc' (xprs::gray8 -> vrs::grey8)[0m
[0m[38;2;000;000;255m[TelemetryLogger][INFO]: make_xprs_decoder, video/512x512/pixel=grey8/codec=H.265: H.265/SW/hevc, gray8[0m
[0m[38;2;000;000;255m[XprsDecoder][INFO]: Using H.265 SW decoder named 'hevc' (xprs::gray8 -> vrs::grey8)[0m
[0m[38;2;000;000;255m[TelemetryLogger][INFO]: make_xprs_decoder, video/512x512/pixel=grey8/codec=H.265: H.265/SW/hevc, gray8[0m
[0m[38;2;000;000;255m[XprsDecoder][INFO]: Using H.265 SW decoder named 'hevc' (xprs::gray8 -> vrs::grey8)[0m
[0m[38;2;000;000;255m[TelemetryLogger][INFO]: make_xprs_decoder, video/512x512/pixel=grey8/codec=H.265: H.265/SW/hevc, gray8[0m
[0m[38;2;000;000;255m[ProgressLogger][INFO]: 2026-07-01 21:55:25: Opening /home/eker/Master-Thesis---Multi-modal-User-Intention-Estimation-and-Hand-Position-Prediction/Data_collection/Data_vrs/Jona_6_20260616_182111.vrs...[0m
[0m[38;2;000;128;000m[MultiRecordFileReader][DEBUG]: Opened file '/home/eker/Master-Thesis---Multi-modal-User-Intention-Estimation-and-Hand-Position-Prediction/Data_collection/Data_vrs/Jona_6_20260616_182111.vrs' and assigned to reader #0[0m
[0m[38;2;000;000;255m[VrsDataProvider][INFO]: streamId 211-1/camera-et-left activated[0m
[0m[38;2;000;000;255m[VrsDataProvider][INFO]: streamId 211-2/camera-et-right activated[0m
[0m[38;2;000;000;255m[VrsDataProvider][INFO]: streamId 214-1/camera-rgb activated[0m
[0m[38;2;000;000;255m[VrsDataProvider][INFO]: streamId 231-1/mic activated[0m
[0m[38;2;000;000;255m[VrsDataProvider][INFO]: streamId 246-1/temperature activated[0m
[0m[38;2;000;000;255m[VrsDataProvider][INFO]: streamId 247-1/baro0 activated[0m
[0m[38;2;000;000;255m[VrsDataProvider][INFO]: streamId 248-1/ppg activated[0m
[0m[38;2;000;000;255m[VrsDataProvider][INFO]: streamId 281-1/gps-app activated[0m
[0m[38;2;000;000;255m[VrsDataProvider][INFO]: streamId 282-1/wps activated[0m
[0m[38;2;000;000;255m[VrsDataProvider][INFO]: streamId 283-1/bluetooth activated[0m
[0m[38;2;000;000;255m[VrsDataProvider][INFO]: Utc stream found: 285-1[0m
[0m[38;2;000;000;255m[VrsDataProvider][INFO]: streamId 371-1/handtracking activated[0m
[0m[38;2;000;000;255m[VrsDataProvider][INFO]: streamId 371-2/vio activated[0m
[0m[38;2;000;000;255m[VrsDataProvider][INFO]: streamId 371-3/vio_high_frequency activated[0m
[0m[38;2;000;000;255m[VrsDataProvider][INFO]: streamId 373-1/eyegaze activated[0m
[0m[38;2;000;000;255m[VrsDataProvider][INFO]: streamId 500-1/als activated[0m
[0m[38;2;000;000;255m[VrsDataProvider][INFO]: Fail to activate streamId 502-1[0m
[0m[38;2;000;000;255m[VrsDataProvider][INFO]: streamId 1201-1/slam-front-left activated[0m
[0m[38;2;000;000;255m[VrsDataProvider][INFO]: streamId 1201-2/slam-front-right activated[0m
[0m[38;2;000;000;255m[VrsDataProvider][INFO]: streamId 1201-3/slam-side-left activated[0m
[0m[38;2;000;000;255m[VrsDataProvider][INFO]: streamId 1201-4/slam-side-right activated[0m
[0m[38;2;000;000;255m[VrsDataProvider][INFO]: streamId 1202-1/imu-left activated[0m
[0m[38;2;000;000;255m[VrsDataProvider][INFO]: streamId 1202-2/imu-right activated[0m
[0m[38;2;000;000;255m[VrsDataProvider][INFO]: streamId 1203-1/mag0 activated[0m
[0m[38;2;000;000;255m[XprsDecoder][INFO]: Using H.265 SW decoder named 'hevc' (xprs::gray8 -> vrs::grey8)[0m
[0m[38;2;000;000;255m[TelemetryLogger][INFO]: make_xprs_decoder, video/200x200/pixel=grey8/codec=H.265: H.265/SW/hevc, gray8[0m
[0m[38;2;000;000;255m[XprsDecoder][INFO]: Using H.265 SW decoder named 'hevc' (xprs::gray8 -> vrs::grey8)[0m
[0m[38;2;000;000;255m[TelemetryLogger][INFO]: make_xprs_decoder, video/200x200/pixel=grey8/codec=H.265: H.265/SW/hevc, gray8[0m
[0m[38;2;000;000;255m[XprsDecoder][INFO]: Using H.265 SW decoder named 'hevc' (xprs::yuv420p -> vrs::yuv_i420_split)[0m
[0m[38;2;000;000;255m[TelemetryLogger][INFO]: make_xprs_decoder, video/2016x1512/pixel=yuv_i420_split/codec=H.265: H.265/SW/hevc, yuv420p[0m
[0m[38;2;000;000;255m[XprsDecoder][INFO]: Using H.265 SW decoder named 'hevc' (xprs::gray8 -> vrs::grey8)[0m
[0m[38;2;000;000;255m[TelemetryLogger][INFO]: make_xprs_decoder, video/512x512/pixel=grey8/codec=H.265: H.265/SW/hevc, gray8[0m
[0m[38;2;000;000;255m[XprsDecoder][INFO]: Using H.265 SW decoder named 'hevc' (xprs::gray8 -> vrs::grey8)[0m
[0m[38;2;000;000;255m[TelemetryLogger][INFO]: make_xprs_decoder, video/512x512/pixel=grey8/codec=H.265: H.265/SW/hevc, gray8[0m
[0m[38;2;000;000;255m[XprsDecoder][INFO]: Using H.265 SW decoder named 'hevc' (xprs::gray8 -> vrs::grey8)[0m
[0m[38;2;000;000;255m[TelemetryLogger][INFO]: make_xprs_decoder, video/512x512/pixel=grey8/codec=H.265: H.265/SW/hevc, gray8[0m
[0m[38;2;000;000;255m[XprsDecoder][INFO]: Using H.265 SW decoder named 'hevc' (xprs::gray8 -> vrs::grey8)[0m
[0m[38;2;000;000;255m[TelemetryLogger][INFO]: make_xprs_decoder, video/512x512/pixel=grey8/codec=H.265: H.265/SW/hevc, gray8[0m
[0m[38;2;000;000;255m[ProgressLogger][INFO]: 2026-07-01 22:01:11: Opening /home/eker/Master-Thesis---Multi-modal-User-Intention-Estimation-and-Hand-Position-Prediction/Data_collection/Data_vrs/Jona_7_20260616_182214.vrs...[0m
[0m[38;2;000;128;000m[MultiRecordFileReader][DEBUG]: Opened file '/home/eker/Master-Thesis---Multi-modal-User-Intention-Estimation-and-Hand-Position-Prediction/Data_collection/Data_vrs/Jona_7_20260616_182214.vrs' and assigned to reader #0[0m
[0m[38;2;000;000;255m[VrsDataProvider][INFO]: streamId 211-1/camera-et-left activated[0m
[0m[38;2;000;000;255m[VrsDataProvider][INFO]: streamId 211-2/camera-et-right activated[0m
[0m[38;2;000;000;255m[VrsDataProvider][INFO]: streamId 214-1/camera-rgb activated[0m
[0m[38;2;000;000;255m[VrsDataProvider][INFO]: streamId 231-1/mic activated[0m
[0m[38;2;000;000;255m[VrsDataProvider][INFO]: streamId 246-1/temperature activated[0m
[0m[38;2;000;000;255m[VrsDataProvider][INFO]: streamId 247-1/baro0 activated[0m
[0m[38;2;000;000;255m[VrsDataProvider][INFO]: streamId 248-1/ppg activated[0m
[0m[38;2;000;000;255m[VrsDataProvider][INFO]: streamId 281-1/gps-app activated[0m
[0m[38;2;000;000;255m[VrsDataProvider][INFO]: streamId 282-1/wps activated[0m
[0m[38;2;000;000;255m[VrsDataProvider][INFO]: streamId 283-1/bluetooth activated[0m
[0m[38;2;000;000;255m[VrsDataProvider][INFO]: Utc stream found: 285-1[0m
[0m[38;2;000;000;255m[VrsDataProvider][INFO]: streamId 371-1/handtracking activated[0m
[0m[38;2;000;000;255m[VrsDataProvider][INFO]: streamId 371-2/vio activated[0m
[0m[38;2;000;000;255m[VrsDataProvider][INFO]: streamId 371-3/vio_high_frequency activated[0m
[0m[38;2;000;000;255m[VrsDataProvider][INFO]: streamId 373-1/eyegaze activated[0m
[0m[38;2;000;000;255m[VrsDataProvider][INFO]: streamId 500-1/als activated[0m
[0m[38;2;000;000;255m[VrsDataProvider][INFO]: Fail to activate streamId 502-1[0m
[0m[38;2;000;000;255m[VrsDataProvider][INFO]: streamId 1201-1/slam-front-left activated[0m
[0m[38;2;000;000;255m[VrsDataProvider][INFO]: streamId 1201-2/slam-front-right activated[0m
[0m[38;2;000;000;255m[VrsDataProvider][INFO]: streamId 1201-3/slam-side-left activated[0m
[0m[38;2;000;000;255m[VrsDataProvider][INFO]: streamId 1201-4/slam-side-right activated[0m
[0m[38;2;000;000;255m[VrsDataProvider][INFO]: streamId 1202-1/imu-left activated[0m
[0m[38;2;000;000;255m[VrsDataProvider][INFO]: streamId 1202-2/imu-right activated[0m
[0m[38;2;000;000;255m[VrsDataProvider][INFO]: streamId 1203-1/mag0 activated[0m
[0m[38;2;000;000;255m[XprsDecoder][INFO]: Using H.265 SW decoder named 'hevc' (xprs::gray8 -> vrs::grey8)[0m
[0m[38;2;000;000;255m[TelemetryLogger][INFO]: make_xprs_decoder, video/200x200/pixel=grey8/codec=H.265: H.265/SW/hevc, gray8[0m
[0m[38;2;000;000;255m[XprsDecoder][INFO]: Using H.265 SW decoder named 'hevc' (xprs::gray8 -> vrs::grey8)[0m
[0m[38;2;000;000;255m[TelemetryLogger][INFO]: make_xprs_decoder, video/200x200/pixel=grey8/codec=H.265: H.265/SW/hevc, gray8[0m
[0m[38;2;000;000;255m[XprsDecoder][INFO]: Using H.265 SW decoder named 'hevc' (xprs::yuv420p -> vrs::yuv_i420_split)[0m
[0m[38;2;000;000;255m[TelemetryLogger][INFO]: make_xprs_decoder, video/2016x1512/pixel=yuv_i420_split/codec=H.265: H.265/SW/hevc, yuv420p[0m
[0m[38;2;000;000;255m[XprsDecoder][INFO]: Using H.265 SW decoder named 'hevc' (xprs::gray8 -> vrs::grey8)[0m
[0m[38;2;000;000;255m[TelemetryLogger][INFO]: make_xprs_decoder, video/512x512/pixel=grey8/codec=H.265: H.265/SW/hevc, gray8[0m
[0m[38;2;000;000;255m[XprsDecoder][INFO]: Using H.265 SW decoder named 'hevc' (xprs::gray8 -> vrs::grey8)[0m
[0m[38;2;000;000;255m[TelemetryLogger][INFO]: make_xprs_decoder, video/512x512/pixel=grey8/codec=H.265: H.265/SW/hevc, gray8[0m
[0m[38;2;000;000;255m[XprsDecoder][INFO]: Using H.265 SW decoder named 'hevc' (xprs::gray8 -> vrs::grey8)[0m
[0m[38;2;000;000;255m[TelemetryLogger][INFO]: make_xprs_decoder, video/512x512/pixel=grey8/codec=H.265: H.265/SW/hevc, gray8[0m
[0m[38;2;000;000;255m[XprsDecoder][INFO]: Using H.265 SW decoder named 'hevc' (xprs::gray8 -> vrs::grey8)[0m
[0m[38;2;000;000;255m[TelemetryLogger][INFO]: make_xprs_decoder, video/512x512/pixel=grey8/codec=H.265: H.265/SW/hevc, gray8[0m
[0m[38;2;000;000;255m[ProgressLogger][INFO]: 2026-07-01 22:07:23: Opening /home/eker/Master-Thesis---Multi-modal-User-Intention-Estimation-and-Hand-Position-Prediction/Data_collection/Data_vrs/Julienco_1_20260624_125251.vrs...[0m
[0m[38;2;000;128;000m[MultiRecordFileReader][DEBUG]: Opened file '/home/eker/Master-Thesis---Multi-modal-User-Intention-Estimation-and-Hand-Position-Prediction/Data_collection/Data_vrs/Julienco_1_20260624_125251.vrs' and assigned to reader #0[0m
[0m[38;2;000;000;255m[VrsDataProvider][INFO]: streamId 211-1/camera-et-left activated[0m
[0m[38;2;000;000;255m[VrsDataProvider][INFO]: streamId 211-2/camera-et-right activated[0m
[0m[38;2;000;000;255m[VrsDataProvider][INFO]: streamId 214-1/camera-rgb activated[0m
[0m[38;2;000;000;255m[VrsDataProvider][INFO]: streamId 231-1/mic activated[0m
[0m[38;2;000;000;255m[VrsDataProvider][INFO]: streamId 246-1/temperature activated[0m
[0m[38;2;000;000;255m[VrsDataProvider][INFO]: streamId 247-1/baro0 activated[0m
[0m[38;2;000;000;255m[VrsDataProvider][INFO]: streamId 248-1/ppg activated[0m
[0m[38;2;000;000;255m[VrsDataProvider][INFO]: streamId 281-1/gps-app activated[0m
[0m[38;2;000;000;255m[VrsDataProvider][INFO]: streamId 282-1/wps activated[0m
[0m[38;2;000;000;255m[VrsDataProvider][INFO]: streamId 283-1/bluetooth activated[0m
[0m[38;2;000;000;255m[VrsDataProvider][INFO]: Utc stream found: 285-1[0m
[0m[38;2;000;000;255m[VrsDataProvider][INFO]: streamId 371-1/handtracking activated[0m
[0m[38;2;000;000;255m[VrsDataProvider][INFO]: streamId 371-2/vio activated[0m
[0m[38;2;000;000;255m[VrsDataProvider][INFO]: streamId 371-3/vio_high_frequency activated[0m
[0m[38;2;000;000;255m[VrsDataProvider][INFO]: streamId 373-1/eyegaze activated[0m
[0m[38;2;000;000;255m[VrsDataProvider][INFO]: streamId 500-1/als activated[0m
[0m[38;2;000;000;255m[VrsDataProvider][INFO]: Fail to activate streamId 502-1[0m
[0m[38;2;000;000;255m[VrsDataProvider][INFO]: streamId 1201-1/slam-front-left activated[0m
[0m[38;2;000;000;255m[VrsDataProvider][INFO]: streamId 1201-2/slam-front-right activated[0m
[0m[38;2;000;000;255m[VrsDataProvider][INFO]: streamId 1201-3/slam-side-left activated[0m
[0m[38;2;000;000;255m[VrsDataProvider][INFO]: streamId 1201-4/slam-side-right activated[0m
[0m[38;2;000;000;255m[VrsDataProvider][INFO]: streamId 1202-1/imu-left activated[0m
[0m[38;2;000;000;255m[VrsDataProvider][INFO]: streamId 1202-2/imu-right activated[0m
[0m[38;2;000;000;255m[VrsDataProvider][INFO]: streamId 1203-1/mag0 activated[0m
[0m[38;2;000;000;255m[XprsDecoder][INFO]: Using H.265 SW decoder named 'hevc' (xprs::gray8 -> vrs::grey8)[0m
[0m[38;2;000;000;255m[TelemetryLogger][INFO]: make_xprs_decoder, video/200x200/pixel=grey8/codec=H.265: H.265/SW/hevc, gray8[0m
[0m[38;2;000;000;255m[XprsDecoder][INFO]: Using H.265 SW decoder named 'hevc' (xprs::gray8 -> vrs::grey8)[0m
[0m[38;2;000;000;255m[TelemetryLogger][INFO]: make_xprs_decoder, video/200x200/pixel=grey8/codec=H.265: H.265/SW/hevc, gray8[0m
[0m[38;2;000;000;255m[XprsDecoder][INFO]: Using H.265 SW decoder named 'hevc' (xprs::yuv420p -> vrs::yuv_i420_split)[0m
[0m[38;2;000;000;255m[TelemetryLogger][INFO]: make_xprs_decoder, video/2016x1512/pixel=yuv_i420_split/codec=H.265: H.265/SW/hevc, yuv420p[0m
[0m[38;2;000;000;255m[XprsDecoder][INFO]: Using H.265 SW decoder named 'hevc' (xprs::gray8 -> vrs::grey8)[0m
[0m[38;2;000;000;255m[TelemetryLogger][INFO]: make_xprs_decoder, video/512x512/pixel=grey8/codec=H.265: H.265/SW/hevc, gray8[0m
[0m[38;2;000;000;255m[XprsDecoder][INFO]: Using H.265 SW decoder named 'hevc' (xprs::gray8 -> vrs::grey8)[0m
[0m[38;2;000;000;255m[TelemetryLogger][INFO]: make_xprs_decoder, video/512x512/pixel=grey8/codec=H.265: H.265/SW/hevc, gray8[0m
[0m[38;2;000;000;255m[XprsDecoder][INFO]: Using H.265 SW decoder named 'hevc' (xprs::gray8 -> vrs::grey8)[0m
[0m[38;2;000;000;255m[TelemetryLogger][INFO]: make_xprs_decoder, video/512x512/pixel=grey8/codec=H.265: H.265/SW/hevc, gray8[0m
[0m[38;2;000;000;255m[XprsDecoder][INFO]: Using H.265 SW decoder named 'hevc' (xprs::gray8 -> vrs::grey8)[0m
[0m[38;2;000;000;255m[TelemetryLogger][INFO]: make_xprs_decoder, video/512x512/pixel=grey8/codec=H.265: H.265/SW/hevc, gray8[0m
[0m[38;2;000;000;255m[ProgressLogger][INFO]: 2026-07-01 22:13:36: Opening /home/eker/Master-Thesis---Multi-modal-User-Intention-Estimation-and-Hand-Position-Prediction/Data_collection/Data_vrs/Julienco_2_20260624_125435.vrs...[0m
[0m[38;2;000;128;000m[MultiRecordFileReader][DEBUG]: Opened file '/home/eker/Master-Thesis---Multi-modal-User-Intention-Estimation-and-Hand-Position-Prediction/Data_collection/Data_vrs/Julienco_2_20260624_125435.vrs' and assigned to reader #0[0m
[0m[38;2;000;000;255m[VrsDataProvider][INFO]: streamId 211-1/camera-et-left activated[0m
[0m[38;2;000;000;255m[VrsDataProvider][INFO]: streamId 211-2/camera-et-right activated[0m
[0m[38;2;000;000;255m[VrsDataProvider][INFO]: streamId 214-1/camera-rgb activated[0m
[0m[38;2;000;000;255m[VrsDataProvider][INFO]: streamId 231-1/mic activated[0m
[0m[38;2;000;000;255m[VrsDataProvider][INFO]: streamId 246-1/temperature activated[0m
[0m[38;2;000;000;255m[VrsDataProvider][INFO]: streamId 247-1/baro0 activated[0m
[0m[38;2;000;000;255m[VrsDataProvider][INFO]: streamId 248-1/ppg activated[0m
[0m[38;2;000;000;255m[VrsDataProvider][INFO]: streamId 281-1/gps-app activated[0m
[0m[38;2;000;000;255m[VrsDataProvider][INFO]: streamId 282-1/wps activated[0m
[0m[38;2;000;000;255m[VrsDataProvider][INFO]: streamId 283-1/bluetooth activated[0m
[0m[38;2;000;000;255m[VrsDataProvider][INFO]: Utc stream found: 285-1[0m
[0m[38;2;000;000;255m[VrsDataProvider][INFO]: streamId 371-1/handtracking activated[0m
[0m[38;2;000;000;255m[VrsDataProvider][INFO]: streamId 371-2/vio activated[0m
[0m[38;2;000;000;255m[VrsDataProvider][INFO]: streamId 371-3/vio_high_frequency activated[0m
[0m[38;2;000;000;255m[VrsDataProvider][INFO]: streamId 373-1/eyegaze activated[0m
[0m[38;2;000;000;255m[VrsDataProvider][INFO]: streamId 500-1/als activated[0m
[0m[38;2;000;000;255m[VrsDataProvider][INFO]: Fail to activate streamId 502-1[0m
[0m[38;2;000;000;255m[VrsDataProvider][INFO]: streamId 1201-1/slam-front-left activated[0m
[0m[38;2;000;000;255m[VrsDataProvider][INFO]: streamId 1201-2/slam-front-right activated[0m
[0m[38;2;000;000;255m[VrsDataProvider][INFO]: streamId 1201-3/slam-side-left activated[0m
[0m[38;2;000;000;255m[VrsDataProvider][INFO]: streamId 1201-4/slam-side-right activated[0m
[0m[38;2;000;000;255m[VrsDataProvider][INFO]: streamId 1202-1/imu-left activated[0m
[0m[38;2;000;000;255m[VrsDataProvider][INFO]: streamId 1202-2/imu-right activated[0m
[0m[38;2;000;000;255m[VrsDataProvider][INFO]: streamId 1203-1/mag0 activated[0m
[0m[38;2;000;000;255m[XprsDecoder][INFO]: Using H.265 SW decoder named 'hevc' (xprs::gray8 -> vrs::grey8)[0m
[0m[38;2;000;000;255m[TelemetryLogger][INFO]: make_xprs_decoder, video/200x200/pixel=grey8/codec=H.265: H.265/SW/hevc, gray8[0m
[0m[38;2;000;000;255m[XprsDecoder][INFO]: Using H.265 SW decoder named 'hevc' (xprs::gray8 -> vrs::grey8)[0m
[0m[38;2;000;000;255m[TelemetryLogger][INFO]: make_xprs_decoder, video/200x200/pixel=grey8/codec=H.265: H.265/SW/hevc, gray8[0m
[0m[38;2;000;000;255m[XprsDecoder][INFO]: Using H.265 SW decoder named 'hevc' (xprs::yuv420p -> vrs::yuv_i420_split)[0m
[0m[38;2;000;000;255m[TelemetryLogger][INFO]: make_xprs_decoder, video/2016x1512/pixel=yuv_i420_split/codec=H.265: H.265/SW/hevc, yuv420p[0m
[0m[38;2;000;000;255m[XprsDecoder][INFO]: Using H.265 SW decoder named 'hevc' (xprs::gray8 -> vrs::grey8)[0m
[0m[38;2;000;000;255m[TelemetryLogger][INFO]: make_xprs_decoder, video/512x512/pixel=grey8/codec=H.265: H.265/SW/hevc, gray8[0m
[0m[38;2;000;000;255m[XprsDecoder][INFO]: Using H.265 SW decoder named 'hevc' (xprs::gray8 -> vrs::grey8)[0m
[0m[38;2;000;000;255m[TelemetryLogger][INFO]: make_xprs_decoder, video/512x512/pixel=grey8/codec=H.265: H.265/SW/hevc, gray8[0m
[0m[38;2;000;000;255m[XprsDecoder][INFO]: Using H.265 SW decoder named 'hevc' (xprs::gray8 -> vrs::grey8)[0m
[0m[38;2;000;000;255m[TelemetryLogger][INFO]: make_xprs_decoder, video/512x512/pixel=grey8/codec=H.265: H.265/SW/hevc, gray8[0m
[0m[38;2;000;000;255m[XprsDecoder][INFO]: Using H.265 SW decoder named 'hevc' (xprs::gray8 -> vrs::grey8)[0m
[0m[38;2;000;000;255m[TelemetryLogger][INFO]: make_xprs_decoder, video/512x512/pixel=grey8/codec=H.265: H.265/SW/hevc, gray8[0m
[0m[38;2;000;000;255m[ProgressLogger][INFO]: 2026-07-01 22:18:08: Opening /home/eker/Master-Thesis---Multi-modal-User-Intention-Estimation-and-Hand-Position-Prediction/Data_collection/Data_vrs/Julienco_3_20260624_125549.vrs...[0m
[0m[38;2;000;128;000m[MultiRecordFileReader][DEBUG]: Opened file '/home/eker/Master-Thesis---Multi-modal-User-Intention-Estimation-and-Hand-Position-Prediction/Data_collection/Data_vrs/Julienco_3_20260624_125549.vrs' and assigned to reader #0[0m
[0m[38;2;000;000;255m[VrsDataProvider][INFO]: streamId 211-1/camera-et-left activated[0m
[0m[38;2;000;000;255m[VrsDataProvider][INFO]: streamId 211-2/camera-et-right activated[0m
[0m[38;2;000;000;255m[VrsDataProvider][INFO]: streamId 214-1/camera-rgb activated[0m
[0m[38;2;000;000;255m[VrsDataProvider][INFO]: streamId 231-1/mic activated[0m
[0m[38;2;000;000;255m[VrsDataProvider][INFO]: streamId 246-1/temperature activated[0m
[0m[38;2;000;000;255m[VrsDataProvider][INFO]: streamId 247-1/baro0 activated[0m
[0m[38;2;000;000;255m[VrsDataProvider][INFO]: streamId 248-1/ppg activated[0m
[0m[38;2;000;000;255m[VrsDataProvider][INFO]: streamId 281-1/gps-app activated[0m
[0m[38;2;000;000;255m[VrsDataProvider][INFO]: streamId 282-1/wps activated[0m
[0m[38;2;000;000;255m[VrsDataProvider][INFO]: streamId 283-1/bluetooth activated[0m
[0m[38;2;000;000;255m[VrsDataProvider][INFO]: Utc stream found: 285-1[0m
[0m[38;2;000;000;255m[VrsDataProvider][INFO]: streamId 371-1/handtracking activated[0m
[0m[38;2;000;000;255m[VrsDataProvider][INFO]: streamId 371-2/vio activated[0m
[0m[38;2;000;000;255m[VrsDataProvider][INFO]: streamId 371-3/vio_high_frequency activated[0m
[0m[38;2;000;000;255m[VrsDataProvider][INFO]: streamId 373-1/eyegaze activated[0m
[0m[38;2;000;000;255m[VrsDataProvider][INFO]: streamId 500-1/als activated[0m
[0m[38;2;000;000;255m[VrsDataProvider][INFO]: Fail to activate streamId 502-1[0m
[0m[38;2;000;000;255m[VrsDataProvider][INFO]: streamId 1201-1/slam-front-left activated[0m
[0m[38;2;000;000;255m[VrsDataProvider][INFO]: streamId 1201-2/slam-front-right activated[0m
[0m[38;2;000;000;255m[VrsDataProvider][INFO]: streamId 1201-3/slam-side-left activated[0m
[0m[38;2;000;000;255m[VrsDataProvider][INFO]: streamId 1201-4/slam-side-right activated[0m
[0m[38;2;000;000;255m[VrsDataProvider][INFO]: streamId 1202-1/imu-left activated[0m
[0m[38;2;000;000;255m[VrsDataProvider][INFO]: streamId 1202-2/imu-right activated[0m
[0m[38;2;000;000;255m[VrsDataProvider][INFO]: streamId 1203-1/mag0 activated[0m
[0m[38;2;000;000;255m[XprsDecoder][INFO]: Using H.265 SW decoder named 'hevc' (xprs::gray8 -> vrs::grey8)[0m
[0m[38;2;000;000;255m[TelemetryLogger][INFO]: make_xprs_decoder, video/200x200/pixel=grey8/codec=H.265: H.265/SW/hevc, gray8[0m
[0m[38;2;000;000;255m[XprsDecoder][INFO]: Using H.265 SW decoder named 'hevc' (xprs::gray8 -> vrs::grey8)[0m
[0m[38;2;000;000;255m[TelemetryLogger][INFO]: make_xprs_decoder, video/200x200/pixel=grey8/codec=H.265: H.265/SW/hevc, gray8[0m
[0m[38;2;000;000;255m[XprsDecoder][INFO]: Using H.265 SW decoder named 'hevc' (xprs::yuv420p -> vrs::yuv_i420_split)[0m
[0m[38;2;000;000;255m[TelemetryLogger][INFO]: make_xprs_decoder, video/2016x1512/pixel=yuv_i420_split/codec=H.265: H.265/SW/hevc, yuv420p[0m
[0m[38;2;000;000;255m[XprsDecoder][INFO]: Using H.265 SW decoder named 'hevc' (xprs::gray8 -> vrs::grey8)[0m
[0m[38;2;000;000;255m[TelemetryLogger][INFO]: make_xprs_decoder, video/512x512/pixel=grey8/codec=H.265: H.265/SW/hevc, gray8[0m
[0m[38;2;000;000;255m[XprsDecoder][INFO]: Using H.265 SW decoder named 'hevc' (xprs::gray8 -> vrs::grey8)[0m
[0m[38;2;000;000;255m[TelemetryLogger][INFO]: make_xprs_decoder, video/512x512/pixel=grey8/codec=H.265: H.265/SW/hevc, gray8[0m
[0m[38;2;000;000;255m[XprsDecoder][INFO]: Using H.265 SW decoder named 'hevc' (xprs::gray8 -> vrs::grey8)[0m
[0m[38;2;000;000;255m[TelemetryLogger][INFO]: make_xprs_decoder, video/512x512/pixel=grey8/codec=H.265: H.265/SW/hevc, gray8[0m
[0m[38;2;000;000;255m[XprsDecoder][INFO]: Using H.265 SW decoder named 'hevc' (xprs::gray8 -> vrs::grey8)[0m
[0m[38;2;000;000;255m[TelemetryLogger][INFO]: make_xprs_decoder, video/512x512/pixel=grey8/codec=H.265: H.265/SW/hevc, gray8[0m
[0m[38;2;000;000;255m[ProgressLogger][INFO]: 2026-07-01 22:24:34: Opening /home/eker/Master-Thesis---Multi-modal-User-Intention-Estimation-and-Hand-Position-Prediction/Data_collection/Data_vrs/Julienco_4_20260624_125717.vrs...[0m
[0m[38;2;000;128;000m[MultiRecordFileReader][DEBUG]: Opened file '/home/eker/Master-Thesis---Multi-modal-User-Intention-Estimation-and-Hand-Position-Prediction/Data_collection/Data_vrs/Julienco_4_20260624_125717.vrs' and assigned to reader #0[0m
[0m[38;2;000;000;255m[VrsDataProvider][INFO]: streamId 211-1/camera-et-left activated[0m
[0m[38;2;000;000;255m[VrsDataProvider][INFO]: streamId 211-2/camera-et-right activated[0m
[0m[38;2;000;000;255m[VrsDataProvider][INFO]: streamId 214-1/camera-rgb activated[0m
[0m[38;2;000;000;255m[VrsDataProvider][INFO]: streamId 231-1/mic activated[0m
[0m[38;2;000;000;255m[VrsDataProvider][INFO]: streamId 246-1/temperature activated[0m
[0m[38;2;000;000;255m[VrsDataProvider][INFO]: streamId 247-1/baro0 activated[0m
[0m[38;2;000;000;255m[VrsDataProvider][INFO]: streamId 248-1/ppg activated[0m
[0m[38;2;000;000;255m[VrsDataProvider][INFO]: streamId 281-1/gps-app activated[0m
[0m[38;2;000;000;255m[VrsDataProvider][INFO]: streamId 282-1/wps activated[0m
[0m[38;2;000;000;255m[VrsDataProvider][INFO]: streamId 283-1/bluetooth activated[0m
[0m[38;2;000;000;255m[VrsDataProvider][INFO]: Utc stream found: 285-1[0m
[0m[38;2;000;000;255m[VrsDataProvider][INFO]: streamId 371-1/handtracking activated[0m
[0m[38;2;000;000;255m[VrsDataProvider][INFO]: streamId 371-2/vio activated[0m
[0m[38;2;000;000;255m[VrsDataProvider][INFO]: streamId 371-3/vio_high_frequency activated[0m
[0m[38;2;000;000;255m[VrsDataProvider][INFO]: streamId 373-1/eyegaze activated[0m
[0m[38;2;000;000;255m[VrsDataProvider][INFO]: streamId 500-1/als activated[0m
[0m[38;2;000;000;255m[VrsDataProvider][INFO]: Fail to activate streamId 502-1[0m
[0m[38;2;000;000;255m[VrsDataProvider][INFO]: streamId 1201-1/slam-front-left activated[0m
[0m[38;2;000;000;255m[VrsDataProvider][INFO]: streamId 1201-2/slam-front-right activated[0m
[0m[38;2;000;000;255m[VrsDataProvider][INFO]: streamId 1201-3/slam-side-left activated[0m
[0m[38;2;000;000;255m[VrsDataProvider][INFO]: streamId 1201-4/slam-side-right activated[0m
[0m[38;2;000;000;255m[VrsDataProvider][INFO]: streamId 1202-1/imu-left activated[0m
[0m[38;2;000;000;255m[VrsDataProvider][INFO]: streamId 1202-2/imu-right activated[0m
[0m[38;2;000;000;255m[VrsDataProvider][INFO]: streamId 1203-1/mag0 activated[0m
[0m[38;2;000;000;255m[XprsDecoder][INFO]: Using H.265 SW decoder named 'hevc' (xprs::gray8 -> vrs::grey8)[0m
[0m[38;2;000;000;255m[TelemetryLogger][INFO]: make_xprs_decoder, video/200x200/pixel=grey8/codec=H.265: H.265/SW/hevc, gray8[0m
[0m[38;2;000;000;255m[XprsDecoder][INFO]: Using H.265 SW decoder named 'hevc' (xprs::gray8 -> vrs::grey8)[0m
[0m[38;2;000;000;255m[TelemetryLogger][INFO]: make_xprs_decoder, video/200x200/pixel=grey8/codec=H.265: H.265/SW/hevc, gray8[0m
[0m[38;2;000;000;255m[XprsDecoder][INFO]: Using H.265 SW decoder named 'hevc' (xprs::yuv420p -> vrs::yuv_i420_split)[0m
[0m[38;2;000;000;255m[TelemetryLogger][INFO]: make_xprs_decoder, video/2016x1512/pixel=yuv_i420_split/codec=H.265: H.265/SW/hevc, yuv420p[0m
[0m[38;2;000;000;255m[XprsDecoder][INFO]: Using H.265 SW decoder named 'hevc' (xprs::gray8 -> vrs::grey8)[0m
[0m[38;2;000;000;255m[TelemetryLogger][INFO]: make_xprs_decoder, video/512x512/pixel=grey8/codec=H.265: H.265/SW/hevc, gray8[0m
[0m[38;2;000;000;255m[XprsDecoder][INFO]: Using H.265 SW decoder named 'hevc' (xprs::gray8 -> vrs::grey8)[0m
[0m[38;2;000;000;255m[TelemetryLogger][INFO]: make_xprs_decoder, video/512x512/pixel=grey8/codec=H.265: H.265/SW/hevc, gray8[0m
[0m[38;2;000;000;255m[XprsDecoder][INFO]: Using H.265 SW decoder named 'hevc' (xprs::gray8 -> vrs::grey8)[0m
[0m[38;2;000;000;255m[TelemetryLogger][INFO]: make_xprs_decoder, video/512x512/pixel=grey8/codec=H.265: H.265/SW/hevc, gray8[0m
[0m[38;2;000;000;255m[XprsDecoder][INFO]: Using H.265 SW decoder named 'hevc' (xprs::gray8 -> vrs::grey8)[0m
[0m[38;2;000;000;255m[TelemetryLogger][INFO]: make_xprs_decoder, video/512x512/pixel=grey8/codec=H.265: H.265/SW/hevc, gray8[0m
[0m[38;2;000;000;255m[ProgressLogger][INFO]: 2026-07-01 22:30:42: Opening /home/eker/Master-Thesis---Multi-modal-User-Intention-Estimation-and-Hand-Position-Prediction/Data_collection/Data_vrs/Julienco_4_2_20260624_125830.vrs...[0m
[0m[38;2;000;128;000m[MultiRecordFileReader][DEBUG]: Opened file '/home/eker/Master-Thesis---Multi-modal-User-Intention-Estimation-and-Hand-Position-Prediction/Data_collection/Data_vrs/Julienco_4_2_20260624_125830.vrs' and assigned to reader #0[0m
[0m[38;2;000;000;255m[VrsDataProvider][INFO]: streamId 211-1/camera-et-left activated[0m
[0m[38;2;000;000;255m[VrsDataProvider][INFO]: streamId 211-2/camera-et-right activated[0m
[0m[38;2;000;000;255m[VrsDataProvider][INFO]: streamId 214-1/camera-rgb activated[0m
[0m[38;2;000;000;255m[VrsDataProvider][INFO]: streamId 231-1/mic activated[0m
[0m[38;2;000;000;255m[VrsDataProvider][INFO]: streamId 246-1/temperature activated[0m
[0m[38;2;000;000;255m[VrsDataProvider][INFO]: streamId 247-1/baro0 activated[0m
[0m[38;2;000;000;255m[VrsDataProvider][INFO]: streamId 248-1/ppg activated[0m
[0m[38;2;000;000;255m[VrsDataProvider][INFO]: streamId 281-1/gps-app activated[0m
[0m[38;2;000;000;255m[VrsDataProvider][INFO]: streamId 282-1/wps activated[0m
[0m[38;2;000;000;255m[VrsDataProvider][INFO]: streamId 283-1/bluetooth activated[0m
[0m[38;2;000;000;255m[VrsDataProvider][INFO]: Utc stream found: 285-1[0m
[0m[38;2;000;000;255m[VrsDataProvider][INFO]: streamId 371-1/handtracking activated[0m
[0m[38;2;000;000;255m[VrsDataProvider][INFO]: streamId 371-2/vio activated[0m
[0m[38;2;000;000;255m[VrsDataProvider][INFO]: streamId 371-3/vio_high_frequency activated[0m
[0m[38;2;000;000;255m[VrsDataProvider][INFO]: streamId 373-1/eyegaze activated[0m
[0m[38;2;000;000;255m[VrsDataProvider][INFO]: streamId 500-1/als activated[0m
[0m[38;2;000;000;255m[VrsDataProvider][INFO]: Fail to activate streamId 502-1[0m
[0m[38;2;000;000;255m[VrsDataProvider][INFO]: streamId 1201-1/slam-front-left activated[0m
[0m[38;2;000;000;255m[VrsDataProvider][INFO]: streamId 1201-2/slam-front-right activated[0m
[0m[38;2;000;000;255m[VrsDataProvider][INFO]: streamId 1201-3/slam-side-left activated[0m
[0m[38;2;000;000;255m[VrsDataProvider][INFO]: streamId 1201-4/slam-side-right activated[0m
[0m[38;2;000;000;255m[VrsDataProvider][INFO]: streamId 1202-1/imu-left activated[0m
[0m[38;2;000;000;255m[VrsDataProvider][INFO]: streamId 1202-2/imu-right activated[0m
[0m[38;2;000;000;255m[VrsDataProvider][INFO]: streamId 1203-1/mag0 activated[0m
[0m[38;2;000;000;255m[XprsDecoder][INFO]: Using H.265 SW decoder named 'hevc' (xprs::gray8 -> vrs::grey8)[0m
[0m[38;2;000;000;255m[TelemetryLogger][INFO]: make_xprs_decoder, video/200x200/pixel=grey8/codec=H.265: H.265/SW/hevc, gray8[0m
[0m[38;2;000;000;255m[XprsDecoder][INFO]: Using H.265 SW decoder named 'hevc' (xprs::gray8 -> vrs::grey8)[0m
[0m[38;2;000;000;255m[TelemetryLogger][INFO]: make_xprs_decoder, video/200x200/pixel=grey8/codec=H.265: H.265/SW/hevc, gray8[0m
[0m[38;2;000;000;255m[XprsDecoder][INFO]: Using H.265 SW decoder named 'hevc' (xprs::yuv420p -> vrs::yuv_i420_split)[0m
[0m[38;2;000;000;255m[TelemetryLogger][INFO]: make_xprs_decoder, video/2016x1512/pixel=yuv_i420_split/codec=H.265: H.265/SW/hevc, yuv420p[0m
[0m[38;2;000;000;255m[XprsDecoder][INFO]: Using H.265 SW decoder named 'hevc' (xprs::gray8 -> vrs::grey8)[0m
[0m[38;2;000;000;255m[TelemetryLogger][INFO]: make_xprs_decoder, video/512x512/pixel=grey8/codec=H.265: H.265/SW/hevc, gray8[0m
[0m[38;2;000;000;255m[XprsDecoder][INFO]: Using H.265 SW decoder named 'hevc' (xprs::gray8 -> vrs::grey8)[0m
[0m[38;2;000;000;255m[TelemetryLogger][INFO]: make_xprs_decoder, video/512x512/pixel=grey8/codec=H.265: H.265/SW/hevc, gray8[0m
[0m[38;2;000;000;255m[XprsDecoder][INFO]: Using H.265 SW decoder named 'hevc' (xprs::gray8 -> vrs::grey8)[0m
[0m[38;2;000;000;255m[TelemetryLogger][INFO]: make_xprs_decoder, video/512x512/pixel=grey8/codec=H.265: H.265/SW/hevc, gray8[0m
[0m[38;2;000;000;255m[XprsDecoder][INFO]: Using H.265 SW decoder named 'hevc' (xprs::gray8 -> vrs::grey8)[0m
[0m[38;2;000;000;255m[TelemetryLogger][INFO]: make_xprs_decoder, video/512x512/pixel=grey8/codec=H.265: H.265/SW/hevc, gray8[0m
[0m[38;2;000;000;255m[ProgressLogger][INFO]: 2026-07-01 22:36:41: Opening /home/eker/Master-Thesis---Multi-modal-User-Intention-Estimation-and-Hand-Position-Prediction/Data_collection/Data_vrs/Julienco_5_20260624_125942.vrs...[0m
[0m[38;2;000;128;000m[MultiRecordFileReader][DEBUG]: Opened file '/home/eker/Master-Thesis---Multi-modal-User-Intention-Estimation-and-Hand-Position-Prediction/Data_collection/Data_vrs/Julienco_5_20260624_125942.vrs' and assigned to reader #0[0m
[0m[38;2;000;000;255m[VrsDataProvider][INFO]: streamId 211-1/camera-et-left activated[0m
[0m[38;2;000;000;255m[VrsDataProvider][INFO]: streamId 211-2/camera-et-right activated[0m
[0m[38;2;000;000;255m[VrsDataProvider][INFO]: streamId 214-1/camera-rgb activated[0m
[0m[38;2;000;000;255m[VrsDataProvider][INFO]: streamId 231-1/mic activated[0m
[0m[38;2;000;000;255m[VrsDataProvider][INFO]: streamId 246-1/temperature activated[0m
[0m[38;2;000;000;255m[VrsDataProvider][INFO]: streamId 247-1/baro0 activated[0m
[0m[38;2;000;000;255m[VrsDataProvider][INFO]: streamId 248-1/ppg activated[0m
[0m[38;2;000;000;255m[VrsDataProvider][INFO]: streamId 281-1/gps-app activated[0m
[0m[38;2;000;000;255m[VrsDataProvider][INFO]: streamId 282-1/wps activated[0m
[0m[38;2;000;000;255m[VrsDataProvider][INFO]: streamId 283-1/bluetooth activated[0m
[0m[38;2;000;000;255m[VrsDataProvider][INFO]: Utc stream found: 285-1[0m
[0m[38;2;000;000;255m[VrsDataProvider][INFO]: streamId 371-1/handtracking activated[0m
[0m[38;2;000;000;255m[VrsDataProvider][INFO]: streamId 371-2/vio activated[0m
[0m[38;2;000;000;255m[VrsDataProvider][INFO]: streamId 371-3/vio_high_frequency activated[0m
[0m[38;2;000;000;255m[VrsDataProvider][INFO]: streamId 373-1/eyegaze activated[0m
[0m[38;2;000;000;255m[VrsDataProvider][INFO]: streamId 500-1/als activated[0m
[0m[38;2;000;000;255m[VrsDataProvider][INFO]: Fail to activate streamId 502-1[0m
[0m[38;2;000;000;255m[VrsDataProvider][INFO]: streamId 1201-1/slam-front-left activated[0m
[0m[38;2;000;000;255m[VrsDataProvider][INFO]: streamId 1201-2/slam-front-right activated[0m
[0m[38;2;000;000;255m[VrsDataProvider][INFO]: streamId 1201-3/slam-side-left activated[0m
[0m[38;2;000;000;255m[VrsDataProvider][INFO]: streamId 1201-4/slam-side-right activated[0m
[0m[38;2;000;000;255m[VrsDataProvider][INFO]: streamId 1202-1/imu-left activated[0m
[0m[38;2;000;000;255m[VrsDataProvider][INFO]: streamId 1202-2/imu-right activated[0m
[0m[38;2;000;000;255m[VrsDataProvider][INFO]: streamId 1203-1/mag0 activated[0m
[0m[38;2;000;000;255m[XprsDecoder][INFO]: Using H.265 SW decoder named 'hevc' (xprs::gray8 -> vrs::grey8)[0m
[0m[38;2;000;000;255m[TelemetryLogger][INFO]: make_xprs_decoder, video/200x200/pixel=grey8/codec=H.265: H.265/SW/hevc, gray8[0m
[0m[38;2;000;000;255m[XprsDecoder][INFO]: Using H.265 SW decoder named 'hevc' (xprs::gray8 -> vrs::grey8)[0m
[0m[38;2;000;000;255m[TelemetryLogger][INFO]: make_xprs_decoder, video/200x200/pixel=grey8/codec=H.265: H.265/SW/hevc, gray8[0m
[0m[38;2;000;000;255m[XprsDecoder][INFO]: Using H.265 SW decoder named 'hevc' (xprs::yuv420p -> vrs::yuv_i420_split)[0m
[0m[38;2;000;000;255m[TelemetryLogger][INFO]: make_xprs_decoder, video/2016x1512/pixel=yuv_i420_split/codec=H.265: H.265/SW/hevc, yuv420p[0m
[0m[38;2;000;000;255m[XprsDecoder][INFO]: Using H.265 SW decoder named 'hevc' (xprs::gray8 -> vrs::grey8)[0m
[0m[38;2;000;000;255m[TelemetryLogger][INFO]: make_xprs_decoder, video/512x512/pixel=grey8/codec=H.265: H.265/SW/hevc, gray8[0m
[0m[38;2;000;000;255m[XprsDecoder][INFO]: Using H.265 SW decoder named 'hevc' (xprs::gray8 -> vrs::grey8)[0m
[0m[38;2;000;000;255m[TelemetryLogger][INFO]: make_xprs_decoder, video/512x512/pixel=grey8/codec=H.265: H.265/SW/hevc, gray8[0m
[0m[38;2;000;000;255m[XprsDecoder][INFO]: Using H.265 SW decoder named 'hevc' (xprs::gray8 -> vrs::grey8)[0m
[0m[38;2;000;000;255m[TelemetryLogger][INFO]: make_xprs_decoder, video/512x512/pixel=grey8/codec=H.265: H.265/SW/hevc, gray8[0m
[0m[38;2;000;000;255m[XprsDecoder][INFO]: Using H.265 SW decoder named 'hevc' (xprs::gray8 -> vrs::grey8)[0m
[0m[38;2;000;000;255m[TelemetryLogger][INFO]: make_xprs_decoder, video/512x512/pixel=grey8/codec=H.265: H.265/SW/hevc, gray8[0m
[0m[38;2;000;000;255m[ProgressLogger][INFO]: 2026-07-01 22:42:43: Opening /home/eker/Master-Thesis---Multi-modal-User-Intention-Estimation-and-Hand-Position-Prediction/Data_collection/Data_vrs/Julienco_6_20260624_130048.vrs...[0m
[0m[38;2;000;128;000m[MultiRecordFileReader][DEBUG]: Opened file '/home/eker/Master-Thesis---Multi-modal-User-Intention-Estimation-and-Hand-Position-Prediction/Data_collection/Data_vrs/Julienco_6_20260624_130048.vrs' and assigned to reader #0[0m
[0m[38;2;000;000;255m[VrsDataProvider][INFO]: streamId 211-1/camera-et-left activated[0m
[0m[38;2;000;000;255m[VrsDataProvider][INFO]: streamId 211-2/camera-et-right activated[0m
[0m[38;2;000;000;255m[VrsDataProvider][INFO]: streamId 214-1/camera-rgb activated[0m
[0m[38;2;000;000;255m[VrsDataProvider][INFO]: streamId 231-1/mic activated[0m
[0m[38;2;000;000;255m[VrsDataProvider][INFO]: streamId 246-1/temperature activated[0m
[0m[38;2;000;000;255m[VrsDataProvider][INFO]: streamId 247-1/baro0 activated[0m
[0m[38;2;000;000;255m[VrsDataProvider][INFO]: streamId 248-1/ppg activated[0m
[0m[38;2;000;000;255m[VrsDataProvider][INFO]: streamId 281-1/gps-app activated[0m
[0m[38;2;000;000;255m[VrsDataProvider][INFO]: streamId 282-1/wps activated[0m
[0m[38;2;000;000;255m[VrsDataProvider][INFO]: streamId 283-1/bluetooth activated[0m
[0m[38;2;000;000;255m[VrsDataProvider][INFO]: Utc stream found: 285-1[0m
[0m[38;2;000;000;255m[VrsDataProvider][INFO]: streamId 371-1/handtracking activated[0m
[0m[38;2;000;000;255m[VrsDataProvider][INFO]: streamId 371-2/vio activated[0m
[0m[38;2;000;000;255m[VrsDataProvider][INFO]: streamId 371-3/vio_high_frequency activated[0m
[0m[38;2;000;000;255m[VrsDataProvider][INFO]: streamId 373-1/eyegaze activated[0m
[0m[38;2;000;000;255m[VrsDataProvider][INFO]: streamId 500-1/als activated[0m
[0m[38;2;000;000;255m[VrsDataProvider][INFO]: Fail to activate streamId 502-1[0m
[0m[38;2;000;000;255m[VrsDataProvider][INFO]: streamId 1201-1/slam-front-left activated[0m
[0m[38;2;000;000;255m[VrsDataProvider][INFO]: streamId 1201-2/slam-front-right activated[0m
[0m[38;2;000;000;255m[VrsDataProvider][INFO]: streamId 1201-3/slam-side-left activated[0m
[0m[38;2;000;000;255m[VrsDataProvider][INFO]: streamId 1201-4/slam-side-right activated[0m
[0m[38;2;000;000;255m[VrsDataProvider][INFO]: streamId 1202-1/imu-left activated[0m
[0m[38;2;000;000;255m[VrsDataProvider][INFO]: streamId 1202-2/imu-right activated[0m
[0m[38;2;000;000;255m[VrsDataProvider][INFO]: streamId 1203-1/mag0 activated[0m
[0m[38;2;000;000;255m[XprsDecoder][INFO]: Using H.265 SW decoder named 'hevc' (xprs::gray8 -> vrs::grey8)[0m
[0m[38;2;000;000;255m[TelemetryLogger][INFO]: make_xprs_decoder, video/200x200/pixel=grey8/codec=H.265: H.265/SW/hevc, gray8[0m
[0m[38;2;000;000;255m[XprsDecoder][INFO]: Using H.265 SW decoder named 'hevc' (xprs::gray8 -> vrs::grey8)[0m
[0m[38;2;000;000;255m[TelemetryLogger][INFO]: make_xprs_decoder, video/200x200/pixel=grey8/codec=H.265: H.265/SW/hevc, gray8[0m
[0m[38;2;000;000;255m[XprsDecoder][INFO]: Using H.265 SW decoder named 'hevc' (xprs::yuv420p -> vrs::yuv_i420_split)[0m
[0m[38;2;000;000;255m[TelemetryLogger][INFO]: make_xprs_decoder, video/2016x1512/pixel=yuv_i420_split/codec=H.265: H.265/SW/hevc, yuv420p[0m
[0m[38;2;000;000;255m[XprsDecoder][INFO]: Using H.265 SW decoder named 'hevc' (xprs::gray8 -> vrs::grey8)[0m
[0m[38;2;000;000;255m[TelemetryLogger][INFO]: make_xprs_decoder, video/512x512/pixel=grey8/codec=H.265: H.265/SW/hevc, gray8[0m
[0m[38;2;000;000;255m[XprsDecoder][INFO]: Using H.265 SW decoder named 'hevc' (xprs::gray8 -> vrs::grey8)[0m
[0m[38;2;000;000;255m[TelemetryLogger][INFO]: make_xprs_decoder, video/512x512/pixel=grey8/codec=H.265: H.265/SW/hevc, gray8[0m
[0m[38;2;000;000;255m[XprsDecoder][INFO]: Using H.265 SW decoder named 'hevc' (xprs::gray8 -> vrs::grey8)[0m
[0m[38;2;000;000;255m[TelemetryLogger][INFO]: make_xprs_decoder, video/512x512/pixel=grey8/codec=H.265: H.265/SW/hevc, gray8[0m
[0m[38;2;000;000;255m[XprsDecoder][INFO]: Using H.265 SW decoder named 'hevc' (xprs::gray8 -> vrs::grey8)[0m
[0m[38;2;000;000;255m[TelemetryLogger][INFO]: make_xprs_decoder, video/512x512/pixel=grey8/codec=H.265: H.265/SW/hevc, gray8[0m
[0m[38;2;000;000;255m[ProgressLogger][INFO]: 2026-07-01 22:48:44: Opening /home/eker/Master-Thesis---Multi-modal-User-Intention-Estimation-and-Hand-Position-Prediction/Data_collection/Data_vrs/Julienco_7_20260624_130215.vrs...[0m
[0m[38;2;000;128;000m[MultiRecordFileReader][DEBUG]: Opened file '/home/eker/Master-Thesis---Multi-modal-User-Intention-Estimation-and-Hand-Position-Prediction/Data_collection/Data_vrs/Julienco_7_20260624_130215.vrs' and assigned to reader #0[0m
[0m[38;2;000;000;255m[VrsDataProvider][INFO]: streamId 211-1/camera-et-left activated[0m
[0m[38;2;000;000;255m[VrsDataProvider][INFO]: streamId 211-2/camera-et-right activated[0m
[0m[38;2;000;000;255m[VrsDataProvider][INFO]: streamId 214-1/camera-rgb activated[0m
[0m[38;2;000;000;255m[VrsDataProvider][INFO]: streamId 231-1/mic activated[0m
[0m[38;2;000;000;255m[VrsDataProvider][INFO]: streamId 246-1/temperature activated[0m
[0m[38;2;000;000;255m[VrsDataProvider][INFO]: streamId 247-1/baro0 activated[0m
[0m[38;2;000;000;255m[VrsDataProvider][INFO]: streamId 248-1/ppg activated[0m
[0m[38;2;000;000;255m[VrsDataProvider][INFO]: streamId 281-1/gps-app activated[0m
[0m[38;2;000;000;255m[VrsDataProvider][INFO]: streamId 282-1/wps activated[0m
[0m[38;2;000;000;255m[VrsDataProvider][INFO]: streamId 283-1/bluetooth activated[0m
[0m[38;2;000;000;255m[VrsDataProvider][INFO]: Utc stream found: 285-1[0m
[0m[38;2;000;000;255m[VrsDataProvider][INFO]: streamId 371-1/handtracking activated[0m
[0m[38;2;000;000;255m[VrsDataProvider][INFO]: streamId 371-2/vio activated[0m
[0m[38;2;000;000;255m[VrsDataProvider][INFO]: streamId 371-3/vio_high_frequency activated[0m
[0m[38;2;000;000;255m[VrsDataProvider][INFO]: streamId 373-1/eyegaze activated[0m
[0m[38;2;000;000;255m[VrsDataProvider][INFO]: streamId 500-1/als activated[0m
[0m[38;2;000;000;255m[VrsDataProvider][INFO]: Fail to activate streamId 502-1[0m
[0m[38;2;000;000;255m[VrsDataProvider][INFO]: streamId 1201-1/slam-front-left activated[0m
[0m[38;2;000;000;255m[VrsDataProvider][INFO]: streamId 1201-2/slam-front-right activated[0m
[0m[38;2;000;000;255m[VrsDataProvider][INFO]: streamId 1201-3/slam-side-left activated[0m
[0m[38;2;000;000;255m[VrsDataProvider][INFO]: streamId 1201-4/slam-side-right activated[0m
[0m[38;2;000;000;255m[VrsDataProvider][INFO]: streamId 1202-1/imu-left activated[0m
[0m[38;2;000;000;255m[VrsDataProvider][INFO]: streamId 1202-2/imu-right activated[0m
[0m[38;2;000;000;255m[VrsDataProvider][INFO]: streamId 1203-1/mag0 activated[0m
[0m[38;2;000;000;255m[XprsDecoder][INFO]: Using H.265 SW decoder named 'hevc' (xprs::gray8 -> vrs::grey8)[0m
[0m[38;2;000;000;255m[TelemetryLogger][INFO]: make_xprs_decoder, video/200x200/pixel=grey8/codec=H.265: H.265/SW/hevc, gray8[0m
[0m[38;2;000;000;255m[XprsDecoder][INFO]: Using H.265 SW decoder named 'hevc' (xprs::gray8 -> vrs::grey8)[0m
[0m[38;2;000;000;255m[TelemetryLogger][INFO]: make_xprs_decoder, video/200x200/pixel=grey8/codec=H.265: H.265/SW/hevc, gray8[0m
[0m[38;2;000;000;255m[XprsDecoder][INFO]: Using H.265 SW decoder named 'hevc' (xprs::yuv420p -> vrs::yuv_i420_split)[0m
[0m[38;2;000;000;255m[TelemetryLogger][INFO]: make_xprs_decoder, video/2016x1512/pixel=yuv_i420_split/codec=H.265: H.265/SW/hevc, yuv420p[0m
[0m[38;2;000;000;255m[XprsDecoder][INFO]: Using H.265 SW decoder named 'hevc' (xprs::gray8 -> vrs::grey8)[0m
[0m[38;2;000;000;255m[TelemetryLogger][INFO]: make_xprs_decoder, video/512x512/pixel=grey8/codec=H.265: H.265/SW/hevc, gray8[0m
[0m[38;2;000;000;255m[XprsDecoder][INFO]: Using H.265 SW decoder named 'hevc' (xprs::gray8 -> vrs::grey8)[0m
[0m[38;2;000;000;255m[TelemetryLogger][INFO]: make_xprs_decoder, video/512x512/pixel=grey8/codec=H.265: H.265/SW/hevc, gray8[0m
[0m[38;2;000;000;255m[XprsDecoder][INFO]: Using H.265 SW decoder named 'hevc' (xprs::gray8 -> vrs::grey8)[0m
[0m[38;2;000;000;255m[TelemetryLogger][INFO]: make_xprs_decoder, video/512x512/pixel=grey8/codec=H.265: H.265/SW/hevc, gray8[0m
[0m[38;2;000;000;255m[XprsDecoder][INFO]: Using H.265 SW decoder named 'hevc' (xprs::gray8 -> vrs::grey8)[0m
[0m[38;2;000;000;255m[TelemetryLogger][INFO]: make_xprs_decoder, video/512x512/pixel=grey8/codec=H.265: H.265/SW/hevc, gray8[0m
[0m[38;2;000;000;255m[ProgressLogger][INFO]: 2026-07-01 22:53:32: Opening /home/eker/Master-Thesis---Multi-modal-User-Intention-Estimation-and-Hand-Position-Prediction/Data_collection/Data_vrs/Julienco_8_20260624_130311.vrs...[0m
[0m[38;2;000;128;000m[MultiRecordFileReader][DEBUG]: Opened file '/home/eker/Master-Thesis---Multi-modal-User-Intention-Estimation-and-Hand-Position-Prediction/Data_collection/Data_vrs/Julienco_8_20260624_130311.vrs' and assigned to reader #0[0m
[0m[38;2;000;000;255m[VrsDataProvider][INFO]: streamId 211-1/camera-et-left activated[0m
[0m[38;2;000;000;255m[VrsDataProvider][INFO]: streamId 211-2/camera-et-right activated[0m
[0m[38;2;000;000;255m[VrsDataProvider][INFO]: streamId 214-1/camera-rgb activated[0m
[0m[38;2;000;000;255m[VrsDataProvider][INFO]: streamId 231-1/mic activated[0m
[0m[38;2;000;000;255m[VrsDataProvider][INFO]: streamId 246-1/temperature activated[0m
[0m[38;2;000;000;255m[VrsDataProvider][INFO]: streamId 247-1/baro0 activated[0m
[0m[38;2;000;000;255m[VrsDataProvider][INFO]: streamId 248-1/ppg activated[0m
[0m[38;2;000;000;255m[VrsDataProvider][INFO]: streamId 281-1/gps-app activated[0m
[0m[38;2;000;000;255m[VrsDataProvider][INFO]: streamId 282-1/wps activated[0m
[0m[38;2;000;000;255m[VrsDataProvider][INFO]: streamId 283-1/bluetooth activated[0m
[0m[38;2;000;000;255m[VrsDataProvider][INFO]: Utc stream found: 285-1[0m
[0m[38;2;000;000;255m[VrsDataProvider][INFO]: streamId 371-1/handtracking activated[0m
[0m[38;2;000;000;255m[VrsDataProvider][INFO]: streamId 371-2/vio activated[0m
[0m[38;2;000;000;255m[VrsDataProvider][INFO]: streamId 371-3/vio_high_frequency activated[0m
[0m[38;2;000;000;255m[VrsDataProvider][INFO]: streamId 373-1/eyegaze activated[0m
[0m[38;2;000;000;255m[VrsDataProvider][INFO]: streamId 500-1/als activated[0m
[0m[38;2;000;000;255m[VrsDataProvider][INFO]: Fail to activate streamId 502-1[0m
[0m[38;2;000;000;255m[VrsDataProvider][INFO]: streamId 1201-1/slam-front-left activated[0m
[0m[38;2;000;000;255m[VrsDataProvider][INFO]: streamId 1201-2/slam-front-right activated[0m
[0m[38;2;000;000;255m[VrsDataProvider][INFO]: streamId 1201-3/slam-side-left activated[0m
[0m[38;2;000;000;255m[VrsDataProvider][INFO]: streamId 1201-4/slam-side-right activated[0m
[0m[38;2;000;000;255m[VrsDataProvider][INFO]: streamId 1202-1/imu-left activated[0m
[0m[38;2;000;000;255m[VrsDataProvider][INFO]: streamId 1202-2/imu-right activated[0m
[0m[38;2;000;000;255m[VrsDataProvider][INFO]: streamId 1203-1/mag0 activated[0m
[0m[38;2;000;000;255m[XprsDecoder][INFO]: Using H.265 SW decoder named 'hevc' (xprs::gray8 -> vrs::grey8)[0m
[0m[38;2;000;000;255m[TelemetryLogger][INFO]: make_xprs_decoder, video/200x200/pixel=grey8/codec=H.265: H.265/SW/hevc, gray8[0m
[0m[38;2;000;000;255m[XprsDecoder][INFO]: Using H.265 SW decoder named 'hevc' (xprs::gray8 -> vrs::grey8)[0m
[0m[38;2;000;000;255m[TelemetryLogger][INFO]: make_xprs_decoder, video/200x200/pixel=grey8/codec=H.265: H.265/SW/hevc, gray8[0m
[0m[38;2;000;000;255m[XprsDecoder][INFO]: Using H.265 SW decoder named 'hevc' (xprs::yuv420p -> vrs::yuv_i420_split)[0m
[0m[38;2;000;000;255m[TelemetryLogger][INFO]: make_xprs_decoder, video/2016x1512/pixel=yuv_i420_split/codec=H.265: H.265/SW/hevc, yuv420p[0m
[0m[38;2;000;000;255m[XprsDecoder][INFO]: Using H.265 SW decoder named 'hevc' (xprs::gray8 -> vrs::grey8)[0m
[0m[38;2;000;000;255m[TelemetryLogger][INFO]: make_xprs_decoder, video/512x512/pixel=grey8/codec=H.265: H.265/SW/hevc, gray8[0m
[0m[38;2;000;000;255m[XprsDecoder][INFO]: Using H.265 SW decoder named 'hevc' (xprs::gray8 -> vrs::grey8)[0m
[0m[38;2;000;000;255m[TelemetryLogger][INFO]: make_xprs_decoder, video/512x512/pixel=grey8/codec=H.265: H.265/SW/hevc, gray8[0m
[0m[38;2;000;000;255m[XprsDecoder][INFO]: Using H.265 SW decoder named 'hevc' (xprs::gray8 -> vrs::grey8)[0m
[0m[38;2;000;000;255m[TelemetryLogger][INFO]: make_xprs_decoder, video/512x512/pixel=grey8/codec=H.265: H.265/SW/hevc, gray8[0m
[0m[38;2;000;000;255m[XprsDecoder][INFO]: Using H.265 SW decoder named 'hevc' (xprs::gray8 -> vrs::grey8)[0m
[0m[38;2;000;000;255m[TelemetryLogger][INFO]: make_xprs_decoder, video/512x512/pixel=grey8/codec=H.265: H.265/SW/hevc, gray8[0m
[0m[38;2;000;000;255m[ProgressLogger][INFO]: 2026-07-01 22:58:24: Opening /home/eker/Master-Thesis---Multi-modal-User-Intention-Estimation-and-Hand-Position-Prediction/Data_collection/Data_vrs/Leys_1_20260604_163147.vrs...[0m
[0m[38;2;000;128;000m[MultiRecordFileReader][DEBUG]: Opened file '/home/eker/Master-Thesis---Multi-modal-User-Intention-Estimation-and-Hand-Position-Prediction/Data_collection/Data_vrs/Leys_1_20260604_163147.vrs' and assigned to reader #0[0m
[0m[38;2;000;000;255m[VrsDataProvider][INFO]: streamId 211-1/camera-et-left activated[0m
[0m[38;2;000;000;255m[VrsDataProvider][INFO]: streamId 211-2/camera-et-right activated[0m
[0m[38;2;000;000;255m[VrsDataProvider][INFO]: streamId 214-1/camera-rgb activated[0m
[0m[38;2;000;000;255m[VrsDataProvider][INFO]: streamId 231-1/mic activated[0m
[0m[38;2;000;000;255m[VrsDataProvider][INFO]: streamId 246-1/temperature activated[0m
[0m[38;2;000;000;255m[VrsDataProvider][INFO]: streamId 247-1/baro0 activated[0m
[0m[38;2;000;000;255m[VrsDataProvider][INFO]: streamId 248-1/ppg activated[0m
[0m[38;2;000;000;255m[VrsDataProvider][INFO]: streamId 281-1/gps-app activated[0m
[0m[38;2;000;000;255m[VrsDataProvider][INFO]: streamId 282-1/wps activated[0m
[0m[38;2;000;000;255m[VrsDataProvider][INFO]: streamId 283-1/bluetooth activated[0m
[0m[38;2;000;000;255m[VrsDataProvider][INFO]: Utc stream found: 285-1[0m
[0m[38;2;000;000;255m[VrsDataProvider][INFO]: streamId 371-1/handtracking activated[0m
[0m[38;2;000;000;255m[VrsDataProvider][INFO]: streamId 371-2/vio activated[0m
[0m[38;2;000;000;255m[VrsDataProvider][INFO]: streamId 371-3/vio_high_frequency activated[0m
[0m[38;2;000;000;255m[VrsDataProvider][INFO]: streamId 373-1/eyegaze activated[0m
[0m[38;2;000;000;255m[VrsDataProvider][INFO]: streamId 500-1/als activated[0m
[0m[38;2;000;000;255m[VrsDataProvider][INFO]: Fail to activate streamId 502-1[0m
[0m[38;2;000;000;255m[VrsDataProvider][INFO]: streamId 1201-1/slam-front-left activated[0m
[0m[38;2;000;000;255m[VrsDataProvider][INFO]: streamId 1201-2/slam-front-right activated[0m
[0m[38;2;000;000;255m[VrsDataProvider][INFO]: streamId 1201-3/slam-side-left activated[0m
[0m[38;2;000;000;255m[VrsDataProvider][INFO]: streamId 1201-4/slam-side-right activated[0m
[0m[38;2;000;000;255m[VrsDataProvider][INFO]: streamId 1202-1/imu-left activated[0m
[0m[38;2;000;000;255m[VrsDataProvider][INFO]: streamId 1202-2/imu-right activated[0m
[0m[38;2;000;000;255m[VrsDataProvider][INFO]: streamId 1203-1/mag0 activated[0m
[0m[38;2;000;000;255m[XprsDecoder][INFO]: Using H.265 SW decoder named 'hevc' (xprs::gray8 -> vrs::grey8)[0m
[0m[38;2;000;000;255m[TelemetryLogger][INFO]: make_xprs_decoder, video/200x200/pixel=grey8/codec=H.265: H.265/SW/hevc, gray8[0m
[0m[38;2;000;000;255m[XprsDecoder][INFO]: Using H.265 SW decoder named 'hevc' (xprs::gray8 -> vrs::grey8)[0m
[0m[38;2;000;000;255m[TelemetryLogger][INFO]: make_xprs_decoder, video/200x200/pixel=grey8/codec=H.265: H.265/SW/hevc, gray8[0m
[0m[38;2;000;000;255m[XprsDecoder][INFO]: Using H.265 SW decoder named 'hevc' (xprs::yuv420p -> vrs::yuv_i420_split)[0m
[0m[38;2;000;000;255m[TelemetryLogger][INFO]: make_xprs_decoder, video/2016x1512/pixel=yuv_i420_split/codec=H.265: H.265/SW/hevc, yuv420p[0m
[0m[38;2;000;000;255m[XprsDecoder][INFO]: Using H.265 SW decoder named 'hevc' (xprs::gray8 -> vrs::grey8)[0m
[0m[38;2;000;000;255m[TelemetryLogger][INFO]: make_xprs_decoder, video/512x512/pixel=grey8/codec=H.265: H.265/SW/hevc, gray8[0m
[0m[38;2;000;000;255m[XprsDecoder][INFO]: Using H.265 SW decoder named 'hevc' (xprs::gray8 -> vrs::grey8)[0m
[0m[38;2;000;000;255m[TelemetryLogger][INFO]: make_xprs_decoder, video/512x512/pixel=grey8/codec=H.265: H.265/SW/hevc, gray8[0m
[0m[38;2;000;000;255m[XprsDecoder][INFO]: Using H.265 SW decoder named 'hevc' (xprs::gray8 -> vrs::grey8)[0m
[0m[38;2;000;000;255m[TelemetryLogger][INFO]: make_xprs_decoder, video/512x512/pixel=grey8/codec=H.265: H.265/SW/hevc, gray8[0m
[0m[38;2;000;000;255m[XprsDecoder][INFO]: Using H.265 SW decoder named 'hevc' (xprs::gray8 -> vrs::grey8)[0m
[0m[38;2;000;000;255m[TelemetryLogger][INFO]: make_xprs_decoder, video/512x512/pixel=grey8/codec=H.265: H.265/SW/hevc, gray8[0m
[0m[38;2;000;000;255m[ProgressLogger][INFO]: 2026-07-01 23:02:57: Opening /home/eker/Master-Thesis---Multi-modal-User-Intention-Estimation-and-Hand-Position-Prediction/Data_collection/Data_vrs/Leys_2_20260604_163417.vrs...[0m
[0m[38;2;000;128;000m[MultiRecordFileReader][DEBUG]: Opened file '/home/eker/Master-Thesis---Multi-modal-User-Intention-Estimation-and-Hand-Position-Prediction/Data_collection/Data_vrs/Leys_2_20260604_163417.vrs' and assigned to reader #0[0m
[0m[38;2;000;000;255m[VrsDataProvider][INFO]: streamId 211-1/camera-et-left activated[0m
[0m[38;2;000;000;255m[VrsDataProvider][INFO]: streamId 211-2/camera-et-right activated[0m
[0m[38;2;000;000;255m[VrsDataProvider][INFO]: streamId 214-1/camera-rgb activated[0m
[0m[38;2;000;000;255m[VrsDataProvider][INFO]: streamId 231-1/mic activated[0m
[0m[38;2;000;000;255m[VrsDataProvider][INFO]: streamId 246-1/temperature activated[0m
[0m[38;2;000;000;255m[VrsDataProvider][INFO]: streamId 247-1/baro0 activated[0m
[0m[38;2;000;000;255m[VrsDataProvider][INFO]: streamId 248-1/ppg activated[0m
[0m[38;2;000;000;255m[VrsDataProvider][INFO]: streamId 281-1/gps-app activated[0m
[0m[38;2;000;000;255m[VrsDataProvider][INFO]: streamId 282-1/wps activated[0m
[0m[38;2;000;000;255m[VrsDataProvider][INFO]: streamId 283-1/bluetooth activated[0m
[0m[38;2;000;000;255m[VrsDataProvider][INFO]: Utc stream found: 285-1[0m
[0m[38;2;000;000;255m[VrsDataProvider][INFO]: streamId 371-1/handtracking activated[0m
[0m[38;2;000;000;255m[VrsDataProvider][INFO]: streamId 371-2/vio activated[0m
[0m[38;2;000;000;255m[VrsDataProvider][INFO]: streamId 371-3/vio_high_frequency activated[0m
[0m[38;2;000;000;255m[VrsDataProvider][INFO]: streamId 373-1/eyegaze activated[0m
[0m[38;2;000;000;255m[VrsDataProvider][INFO]: streamId 500-1/als activated[0m
[0m[38;2;000;000;255m[VrsDataProvider][INFO]: Fail to activate streamId 502-1[0m
[0m[38;2;000;000;255m[VrsDataProvider][INFO]: streamId 1201-1/slam-front-left activated[0m
[0m[38;2;000;000;255m[VrsDataProvider][INFO]: streamId 1201-2/slam-front-right activated[0m
[0m[38;2;000;000;255m[VrsDataProvider][INFO]: streamId 1201-3/slam-side-left activated[0m
[0m[38;2;000;000;255m[VrsDataProvider][INFO]: streamId 1201-4/slam-side-right activated[0m
[0m[38;2;000;000;255m[VrsDataProvider][INFO]: streamId 1202-1/imu-left activated[0m
[0m[38;2;000;000;255m[VrsDataProvider][INFO]: streamId 1202-2/imu-right activated[0m
[0m[38;2;000;000;255m[VrsDataProvider][INFO]: streamId 1203-1/mag0 activated[0m
[0m[38;2;000;000;255m[XprsDecoder][INFO]: Using H.265 SW decoder named 'hevc' (xprs::gray8 -> vrs::grey8)[0m
[0m[38;2;000;000;255m[TelemetryLogger][INFO]: make_xprs_decoder, video/200x200/pixel=grey8/codec=H.265: H.265/SW/hevc, gray8[0m
[0m[38;2;000;000;255m[XprsDecoder][INFO]: Using H.265 SW decoder named 'hevc' (xprs::gray8 -> vrs::grey8)[0m
[0m[38;2;000;000;255m[TelemetryLogger][INFO]: make_xprs_decoder, video/200x200/pixel=grey8/codec=H.265: H.265/SW/hevc, gray8[0m
[0m[38;2;000;000;255m[XprsDecoder][INFO]: Using H.265 SW decoder named 'hevc' (xprs::yuv420p -> vrs::yuv_i420_split)[0m
[0m[38;2;000;000;255m[TelemetryLogger][INFO]: make_xprs_decoder, video/2016x1512/pixel=yuv_i420_split/codec=H.265: H.265/SW/hevc, yuv420p[0m
[0m[38;2;000;000;255m[XprsDecoder][INFO]: Using H.265 SW decoder named 'hevc' (xprs::gray8 -> vrs::grey8)[0m
[0m[38;2;000;000;255m[TelemetryLogger][INFO]: make_xprs_decoder, video/512x512/pixel=grey8/codec=H.265: H.265/SW/hevc, gray8[0m
[0m[38;2;000;000;255m[XprsDecoder][INFO]: Using H.265 SW decoder named 'hevc' (xprs::gray8 -> vrs::grey8)[0m
[0m[38;2;000;000;255m[TelemetryLogger][INFO]: make_xprs_decoder, video/512x512/pixel=grey8/codec=H.265: H.265/SW/hevc, gray8[0m
[0m[38;2;000;000;255m[XprsDecoder][INFO]: Using H.265 SW decoder named 'hevc' (xprs::gray8 -> vrs::grey8)[0m
[0m[38;2;000;000;255m[TelemetryLogger][INFO]: make_xprs_decoder, video/512x512/pixel=grey8/codec=H.265: H.265/SW/hevc, gray8[0m
[0m[38;2;000;000;255m[XprsDecoder][INFO]: Using H.265 SW decoder named 'hevc' (xprs::gray8 -> vrs::grey8)[0m
[0m[38;2;000;000;255m[TelemetryLogger][INFO]: make_xprs_decoder, video/512x512/pixel=grey8/codec=H.265: H.265/SW/hevc, gray8[0m
[0m[38;2;000;000;255m[ProgressLogger][INFO]: 2026-07-01 23:07:08: Opening /home/eker/Master-Thesis---Multi-modal-User-Intention-Estimation-and-Hand-Position-Prediction/Data_collection/Data_vrs/Leys_3_20260604_163535.vrs...[0m
[0m[38;2;000;128;000m[MultiRecordFileReader][DEBUG]: Opened file '/home/eker/Master-Thesis---Multi-modal-User-Intention-Estimation-and-Hand-Position-Prediction/Data_collection/Data_vrs/Leys_3_20260604_163535.vrs' and assigned to reader #0[0m
[0m[38;2;000;000;255m[VrsDataProvider][INFO]: streamId 211-1/camera-et-left activated[0m
[0m[38;2;000;000;255m[VrsDataProvider][INFO]: streamId 211-2/camera-et-right activated[0m
[0m[38;2;000;000;255m[VrsDataProvider][INFO]: streamId 214-1/camera-rgb activated[0m
[0m[38;2;000;000;255m[VrsDataProvider][INFO]: streamId 231-1/mic activated[0m
[0m[38;2;000;000;255m[VrsDataProvider][INFO]: streamId 246-1/temperature activated[0m
[0m[38;2;000;000;255m[VrsDataProvider][INFO]: streamId 247-1/baro0 activated[0m
[0m[38;2;000;000;255m[VrsDataProvider][INFO]: streamId 248-1/ppg activated[0m
[0m[38;2;000;000;255m[VrsDataProvider][INFO]: streamId 281-1/gps-app activated[0m
[0m[38;2;000;000;255m[VrsDataProvider][INFO]: streamId 282-1/wps activated[0m
[0m[38;2;000;000;255m[VrsDataProvider][INFO]: streamId 283-1/bluetooth activated[0m
[0m[38;2;000;000;255m[VrsDataProvider][INFO]: Utc stream found: 285-1[0m
[0m[38;2;000;000;255m[VrsDataProvider][INFO]: streamId 371-1/handtracking activated[0m
[0m[38;2;000;000;255m[VrsDataProvider][INFO]: streamId 371-2/vio activated[0m
[0m[38;2;000;000;255m[VrsDataProvider][INFO]: streamId 371-3/vio_high_frequency activated[0m
[0m[38;2;000;000;255m[VrsDataProvider][INFO]: streamId 373-1/eyegaze activated[0m
[0m[38;2;000;000;255m[VrsDataProvider][INFO]: streamId 500-1/als activated[0m
[0m[38;2;000;000;255m[VrsDataProvider][INFO]: Fail to activate streamId 502-1[0m
[0m[38;2;000;000;255m[VrsDataProvider][INFO]: streamId 1201-1/slam-front-left activated[0m
[0m[38;2;000;000;255m[VrsDataProvider][INFO]: streamId 1201-2/slam-front-right activated[0m
[0m[38;2;000;000;255m[VrsDataProvider][INFO]: streamId 1201-3/slam-side-left activated[0m
[0m[38;2;000;000;255m[VrsDataProvider][INFO]: streamId 1201-4/slam-side-right activated[0m
[0m[38;2;000;000;255m[VrsDataProvider][INFO]: streamId 1202-1/imu-left activated[0m
[0m[38;2;000;000;255m[VrsDataProvider][INFO]: streamId 1202-2/imu-right activated[0m
[0m[38;2;000;000;255m[VrsDataProvider][INFO]: streamId 1203-1/mag0 activated[0m
[0m[38;2;000;000;255m[XprsDecoder][INFO]: Using H.265 SW decoder named 'hevc' (xprs::gray8 -> vrs::grey8)[0m
[0m[38;2;000;000;255m[TelemetryLogger][INFO]: make_xprs_decoder, video/200x200/pixel=grey8/codec=H.265: H.265/SW/hevc, gray8[0m
[0m[38;2;000;000;255m[XprsDecoder][INFO]: Using H.265 SW decoder named 'hevc' (xprs::gray8 -> vrs::grey8)[0m
[0m[38;2;000;000;255m[TelemetryLogger][INFO]: make_xprs_decoder, video/200x200/pixel=grey8/codec=H.265: H.265/SW/hevc, gray8[0m
[0m[38;2;000;000;255m[XprsDecoder][INFO]: Using H.265 SW decoder named 'hevc' (xprs::yuv420p -> vrs::yuv_i420_split)[0m
[0m[38;2;000;000;255m[TelemetryLogger][INFO]: make_xprs_decoder, video/2016x1512/pixel=yuv_i420_split/codec=H.265: H.265/SW/hevc, yuv420p[0m
[0m[38;2;000;000;255m[XprsDecoder][INFO]: Using H.265 SW decoder named 'hevc' (xprs::gray8 -> vrs::grey8)[0m
[0m[38;2;000;000;255m[TelemetryLogger][INFO]: make_xprs_decoder, video/512x512/pixel=grey8/codec=H.265: H.265/SW/hevc, gray8[0m
[0m[38;2;000;000;255m[XprsDecoder][INFO]: Using H.265 SW decoder named 'hevc' (xprs::gray8 -> vrs::grey8)[0m
[0m[38;2;000;000;255m[TelemetryLogger][INFO]: make_xprs_decoder, video/512x512/pixel=grey8/codec=H.265: H.265/SW/hevc, gray8[0m
[0m[38;2;000;000;255m[XprsDecoder][INFO]: Using H.265 SW decoder named 'hevc' (xprs::gray8 -> vrs::grey8)[0m
[0m[38;2;000;000;255m[TelemetryLogger][INFO]: make_xprs_decoder, video/512x512/pixel=grey8/codec=H.265: H.265/SW/hevc, gray8[0m
[0m[38;2;000;000;255m[XprsDecoder][INFO]: Using H.265 SW decoder named 'hevc' (xprs::gray8 -> vrs::grey8)[0m
[0m[38;2;000;000;255m[TelemetryLogger][INFO]: make_xprs_decoder, video/512x512/pixel=grey8/codec=H.265: H.265/SW/hevc, gray8[0m
[0m[38;2;000;000;255m[ProgressLogger][INFO]: 2026-07-01 23:12:53: Opening /home/eker/Master-Thesis---Multi-modal-User-Intention-Estimation-and-Hand-Position-Prediction/Data_collection/Data_vrs/Leys_4_20260604_163704.vrs...[0m
[0m[38;2;000;128;000m[MultiRecordFileReader][DEBUG]: Opened file '/home/eker/Master-Thesis---Multi-modal-User-Intention-Estimation-and-Hand-Position-Prediction/Data_collection/Data_vrs/Leys_4_20260604_163704.vrs' and assigned to reader #0[0m
[0m[38;2;000;000;255m[VrsDataProvider][INFO]: streamId 211-1/camera-et-left activated[0m
[0m[38;2;000;000;255m[VrsDataProvider][INFO]: streamId 211-2/camera-et-right activated[0m
[0m[38;2;000;000;255m[VrsDataProvider][INFO]: streamId 214-1/camera-rgb activated[0m
[0m[38;2;000;000;255m[VrsDataProvider][INFO]: streamId 231-1/mic activated[0m
[0m[38;2;000;000;255m[VrsDataProvider][INFO]: streamId 246-1/temperature activated[0m
[0m[38;2;000;000;255m[VrsDataProvider][INFO]: streamId 247-1/baro0 activated[0m
[0m[38;2;000;000;255m[VrsDataProvider][INFO]: streamId 248-1/ppg activated[0m
[0m[38;2;000;000;255m[VrsDataProvider][INFO]: streamId 281-1/gps-app activated[0m
[0m[38;2;000;000;255m[VrsDataProvider][INFO]: streamId 282-1/wps activated[0m
[0m[38;2;000;000;255m[VrsDataProvider][INFO]: streamId 283-1/bluetooth activated[0m
[0m[38;2;000;000;255m[VrsDataProvider][INFO]: Utc stream found: 285-1[0m
[0m[38;2;000;000;255m[VrsDataProvider][INFO]: streamId 371-1/handtracking activated[0m
[0m[38;2;000;000;255m[VrsDataProvider][INFO]: streamId 371-2/vio activated[0m
[0m[38;2;000;000;255m[VrsDataProvider][INFO]: streamId 371-3/vio_high_frequency activated[0m
[0m[38;2;000;000;255m[VrsDataProvider][INFO]: streamId 373-1/eyegaze activated[0m
[0m[38;2;000;000;255m[VrsDataProvider][INFO]: streamId 500-1/als activated[0m
[0m[38;2;000;000;255m[VrsDataProvider][INFO]: Fail to activate streamId 502-1[0m
[0m[38;2;000;000;255m[VrsDataProvider][INFO]: streamId 1201-1/slam-front-left activated[0m
[0m[38;2;000;000;255m[VrsDataProvider][INFO]: streamId 1201-2/slam-front-right activated[0m
[0m[38;2;000;000;255m[VrsDataProvider][INFO]: streamId 1201-3/slam-side-left activated[0m
[0m[38;2;000;000;255m[VrsDataProvider][INFO]: streamId 1201-4/slam-side-right activated[0m
[0m[38;2;000;000;255m[VrsDataProvider][INFO]: streamId 1202-1/imu-left activated[0m
[0m[38;2;000;000;255m[VrsDataProvider][INFO]: streamId 1202-2/imu-right activated[0m
[0m[38;2;000;000;255m[VrsDataProvider][INFO]: streamId 1203-1/mag0 activated[0m
[0m[38;2;000;000;255m[XprsDecoder][INFO]: Using H.265 SW decoder named 'hevc' (xprs::gray8 -> vrs::grey8)[0m
[0m[38;2;000;000;255m[TelemetryLogger][INFO]: make_xprs_decoder, video/200x200/pixel=grey8/codec=H.265: H.265/SW/hevc, gray8[0m
[0m[38;2;000;000;255m[XprsDecoder][INFO]: Using H.265 SW decoder named 'hevc' (xprs::gray8 -> vrs::grey8)[0m
[0m[38;2;000;000;255m[TelemetryLogger][INFO]: make_xprs_decoder, video/200x200/pixel=grey8/codec=H.265: H.265/SW/hevc, gray8[0m
[0m[38;2;000;000;255m[XprsDecoder][INFO]: Using H.265 SW decoder named 'hevc' (xprs::yuv420p -> vrs::yuv_i420_split)[0m
[0m[38;2;000;000;255m[TelemetryLogger][INFO]: make_xprs_decoder, video/2016x1512/pixel=yuv_i420_split/codec=H.265: H.265/SW/hevc, yuv420p[0m
[0m[38;2;000;000;255m[XprsDecoder][INFO]: Using H.265 SW decoder named 'hevc' (xprs::gray8 -> vrs::grey8)[0m
[0m[38;2;000;000;255m[TelemetryLogger][INFO]: make_xprs_decoder, video/512x512/pixel=grey8/codec=H.265: H.265/SW/hevc, gray8[0m
[0m[38;2;000;000;255m[XprsDecoder][INFO]: Using H.265 SW decoder named 'hevc' (xprs::gray8 -> vrs::grey8)[0m
[0m[38;2;000;000;255m[TelemetryLogger][INFO]: make_xprs_decoder, video/512x512/pixel=grey8/codec=H.265: H.265/SW/hevc, gray8[0m
[0m[38;2;000;000;255m[XprsDecoder][INFO]: Using H.265 SW decoder named 'hevc' (xprs::gray8 -> vrs::grey8)[0m
[0m[38;2;000;000;255m[TelemetryLogger][INFO]: make_xprs_decoder, video/512x512/pixel=grey8/codec=H.265: H.265/SW/hevc, gray8[0m
[0m[38;2;000;000;255m[XprsDecoder][INFO]: Using H.265 SW decoder named 'hevc' (xprs::gray8 -> vrs::grey8)[0m
[0m[38;2;000;000;255m[TelemetryLogger][INFO]: make_xprs_decoder, video/512x512/pixel=grey8/codec=H.265: H.265/SW/hevc, gray8[0m
[0m[38;2;000;000;255m[ProgressLogger][INFO]: 2026-07-01 23:18:40: Opening /home/eker/Master-Thesis---Multi-modal-User-Intention-Estimation-and-Hand-Position-Prediction/Data_collection/Data_vrs/Leys_5_20260604_163854.vrs...[0m
[0m[38;2;000;128;000m[MultiRecordFileReader][DEBUG]: Opened file '/home/eker/Master-Thesis---Multi-modal-User-Intention-Estimation-and-Hand-Position-Prediction/Data_collection/Data_vrs/Leys_5_20260604_163854.vrs' and assigned to reader #0[0m
[0m[38;2;000;000;255m[VrsDataProvider][INFO]: streamId 211-1/camera-et-left activated[0m
[0m[38;2;000;000;255m[VrsDataProvider][INFO]: streamId 211-2/camera-et-right activated[0m
[0m[38;2;000;000;255m[VrsDataProvider][INFO]: streamId 214-1/camera-rgb activated[0m
[0m[38;2;000;000;255m[VrsDataProvider][INFO]: streamId 231-1/mic activated[0m
[0m[38;2;000;000;255m[VrsDataProvider][INFO]: streamId 246-1/temperature activated[0m
[0m[38;2;000;000;255m[VrsDataProvider][INFO]: streamId 247-1/baro0 activated[0m
[0m[38;2;000;000;255m[VrsDataProvider][INFO]: streamId 248-1/ppg activated[0m
[0m[38;2;000;000;255m[VrsDataProvider][INFO]: streamId 281-1/gps-app activated[0m
[0m[38;2;000;000;255m[VrsDataProvider][INFO]: streamId 282-1/wps activated[0m
[0m[38;2;000;000;255m[VrsDataProvider][INFO]: streamId 283-1/bluetooth activated[0m
[0m[38;2;000;000;255m[VrsDataProvider][INFO]: Utc stream found: 285-1[0m
[0m[38;2;000;000;255m[VrsDataProvider][INFO]: streamId 371-1/handtracking activated[0m
[0m[38;2;000;000;255m[VrsDataProvider][INFO]: streamId 371-2/vio activated[0m
[0m[38;2;000;000;255m[VrsDataProvider][INFO]: streamId 371-3/vio_high_frequency activated[0m
[0m[38;2;000;000;255m[VrsDataProvider][INFO]: streamId 373-1/eyegaze activated[0m
[0m[38;2;000;000;255m[VrsDataProvider][INFO]: streamId 500-1/als activated[0m
[0m[38;2;000;000;255m[VrsDataProvider][INFO]: Fail to activate streamId 502-1[0m
[0m[38;2;000;000;255m[VrsDataProvider][INFO]: streamId 1201-1/slam-front-left activated[0m
[0m[38;2;000;000;255m[VrsDataProvider][INFO]: streamId 1201-2/slam-front-right activated[0m
[0m[38;2;000;000;255m[VrsDataProvider][INFO]: streamId 1201-3/slam-side-left activated[0m
[0m[38;2;000;000;255m[VrsDataProvider][INFO]: streamId 1201-4/slam-side-right activated[0m
[0m[38;2;000;000;255m[VrsDataProvider][INFO]: streamId 1202-1/imu-left activated[0m
[0m[38;2;000;000;255m[VrsDataProvider][INFO]: streamId 1202-2/imu-right activated[0m
[0m[38;2;000;000;255m[VrsDataProvider][INFO]: streamId 1203-1/mag0 activated[0m
[0m[38;2;000;000;255m[XprsDecoder][INFO]: Using H.265 SW decoder named 'hevc' (xprs::gray8 -> vrs::grey8)[0m
[0m[38;2;000;000;255m[TelemetryLogger][INFO]: make_xprs_decoder, video/200x200/pixel=grey8/codec=H.265: H.265/SW/hevc, gray8[0m
[0m[38;2;000;000;255m[XprsDecoder][INFO]: Using H.265 SW decoder named 'hevc' (xprs::gray8 -> vrs::grey8)[0m
[0m[38;2;000;000;255m[TelemetryLogger][INFO]: make_xprs_decoder, video/200x200/pixel=grey8/codec=H.265: H.265/SW/hevc, gray8[0m
[0m[38;2;000;000;255m[XprsDecoder][INFO]: Using H.265 SW decoder named 'hevc' (xprs::yuv420p -> vrs::yuv_i420_split)[0m
[0m[38;2;000;000;255m[TelemetryLogger][INFO]: make_xprs_decoder, video/2016x1512/pixel=yuv_i420_split/codec=H.265: H.265/SW/hevc, yuv420p[0m
[0m[38;2;000;000;255m[XprsDecoder][INFO]: Using H.265 SW decoder named 'hevc' (xprs::gray8 -> vrs::grey8)[0m
[0m[38;2;000;000;255m[TelemetryLogger][INFO]: make_xprs_decoder, video/512x512/pixel=grey8/codec=H.265: H.265/SW/hevc, gray8[0m
[0m[38;2;000;000;255m[XprsDecoder][INFO]: Using H.265 SW decoder named 'hevc' (xprs::gray8 -> vrs::grey8)[0m
[0m[38;2;000;000;255m[TelemetryLogger][INFO]: make_xprs_decoder, video/512x512/pixel=grey8/codec=H.265: H.265/SW/hevc, gray8[0m
[0m[38;2;000;000;255m[XprsDecoder][INFO]: Using H.265 SW decoder named 'hevc' (xprs::gray8 -> vrs::grey8)[0m
[0m[38;2;000;000;255m[TelemetryLogger][INFO]: make_xprs_decoder, video/512x512/pixel=grey8/codec=H.265: H.265/SW/hevc, gray8[0m
[0m[38;2;000;000;255m[XprsDecoder][INFO]: Using H.265 SW decoder named 'hevc' (xprs::gray8 -> vrs::grey8)[0m
[0m[38;2;000;000;255m[TelemetryLogger][INFO]: make_xprs_decoder, video/512x512/pixel=grey8/codec=H.265: H.265/SW/hevc, gray8[0m
[0m[38;2;000;000;255m[ProgressLogger][INFO]: 2026-07-01 23:23:42: Opening /home/eker/Master-Thesis---Multi-modal-User-Intention-Estimation-and-Hand-Position-Prediction/Data_collection/Data_vrs/Maria_1_20260624_133852.vrs...[0m
[0m[38;2;000;128;000m[MultiRecordFileReader][DEBUG]: Opened file '/home/eker/Master-Thesis---Multi-modal-User-Intention-Estimation-and-Hand-Position-Prediction/Data_collection/Data_vrs/Maria_1_20260624_133852.vrs' and assigned to reader #0[0m
[0m[38;2;000;000;255m[VrsDataProvider][INFO]: streamId 211-1/camera-et-left activated[0m
[0m[38;2;000;000;255m[VrsDataProvider][INFO]: streamId 211-2/camera-et-right activated[0m
[0m[38;2;000;000;255m[VrsDataProvider][INFO]: streamId 214-1/camera-rgb activated[0m
[0m[38;2;000;000;255m[VrsDataProvider][INFO]: streamId 231-1/mic activated[0m
[0m[38;2;000;000;255m[VrsDataProvider][INFO]: streamId 246-1/temperature activated[0m
[0m[38;2;000;000;255m[VrsDataProvider][INFO]: streamId 247-1/baro0 activated[0m
[0m[38;2;000;000;255m[VrsDataProvider][INFO]: streamId 248-1/ppg activated[0m
[0m[38;2;000;000;255m[VrsDataProvider][INFO]: streamId 281-1/gps-app activated[0m
[0m[38;2;000;000;255m[VrsDataProvider][INFO]: streamId 282-1/wps activated[0m
[0m[38;2;000;000;255m[VrsDataProvider][INFO]: streamId 283-1/bluetooth activated[0m
[0m[38;2;000;000;255m[VrsDataProvider][INFO]: Utc stream found: 285-1[0m
[0m[38;2;000;000;255m[VrsDataProvider][INFO]: streamId 371-1/handtracking activated[0m
[0m[38;2;000;000;255m[VrsDataProvider][INFO]: streamId 371-2/vio activated[0m
[0m[38;2;000;000;255m[VrsDataProvider][INFO]: streamId 371-3/vio_high_frequency activated[0m
[0m[38;2;000;000;255m[VrsDataProvider][INFO]: streamId 373-1/eyegaze activated[0m
[0m[38;2;000;000;255m[VrsDataProvider][INFO]: streamId 500-1/als activated[0m
[0m[38;2;000;000;255m[VrsDataProvider][INFO]: Fail to activate streamId 502-1[0m
[0m[38;2;000;000;255m[VrsDataProvider][INFO]: streamId 1201-1/slam-front-left activated[0m
[0m[38;2;000;000;255m[VrsDataProvider][INFO]: streamId 1201-2/slam-front-right activated[0m
[0m[38;2;000;000;255m[VrsDataProvider][INFO]: streamId 1201-3/slam-side-left activated[0m
[0m[38;2;000;000;255m[VrsDataProvider][INFO]: streamId 1201-4/slam-side-right activated[0m
[0m[38;2;000;000;255m[VrsDataProvider][INFO]: streamId 1202-1/imu-left activated[0m
[0m[38;2;000;000;255m[VrsDataProvider][INFO]: streamId 1202-2/imu-right activated[0m
[0m[38;2;000;000;255m[VrsDataProvider][INFO]: streamId 1203-1/mag0 activated[0m
[0m[38;2;000;000;255m[XprsDecoder][INFO]: Using H.265 SW decoder named 'hevc' (xprs::gray8 -> vrs::grey8)[0m
[0m[38;2;000;000;255m[TelemetryLogger][INFO]: make_xprs_decoder, video/200x200/pixel=grey8/codec=H.265: H.265/SW/hevc, gray8[0m
[0m[38;2;000;000;255m[XprsDecoder][INFO]: Using H.265 SW decoder named 'hevc' (xprs::gray8 -> vrs::grey8)[0m
[0m[38;2;000;000;255m[TelemetryLogger][INFO]: make_xprs_decoder, video/200x200/pixel=grey8/codec=H.265: H.265/SW/hevc, gray8[0m
[0m[38;2;000;000;255m[XprsDecoder][INFO]: Using H.265 SW decoder named 'hevc' (xprs::yuv420p -> vrs::yuv_i420_split)[0m
[0m[38;2;000;000;255m[TelemetryLogger][INFO]: make_xprs_decoder, video/2016x1512/pixel=yuv_i420_split/codec=H.265: H.265/SW/hevc, yuv420p[0m
[0m[38;2;000;000;255m[XprsDecoder][INFO]: Using H.265 SW decoder named 'hevc' (xprs::gray8 -> vrs::grey8)[0m
[0m[38;2;000;000;255m[TelemetryLogger][INFO]: make_xprs_decoder, video/512x512/pixel=grey8/codec=H.265: H.265/SW/hevc, gray8[0m
[0m[38;2;000;000;255m[XprsDecoder][INFO]: Using H.265 SW decoder named 'hevc' (xprs::gray8 -> vrs::grey8)[0m
[0m[38;2;000;000;255m[TelemetryLogger][INFO]: make_xprs_decoder, video/512x512/pixel=grey8/codec=H.265: H.265/SW/hevc, gray8[0m
[0m[38;2;000;000;255m[XprsDecoder][INFO]: Using H.265 SW decoder named 'hevc' (xprs::gray8 -> vrs::grey8)[0m
[0m[38;2;000;000;255m[TelemetryLogger][INFO]: make_xprs_decoder, video/512x512/pixel=grey8/codec=H.265: H.265/SW/hevc, gray8[0m
[0m[38;2;000;000;255m[XprsDecoder][INFO]: Using H.265 SW decoder named 'hevc' (xprs::gray8 -> vrs::grey8)[0m
[0m[38;2;000;000;255m[TelemetryLogger][INFO]: make_xprs_decoder, video/512x512/pixel=grey8/codec=H.265: H.265/SW/hevc, gray8[0m
[0m[38;2;000;000;255m[ProgressLogger][INFO]: 2026-07-01 23:30:11: Opening /home/eker/Master-Thesis---Multi-modal-User-Intention-Estimation-and-Hand-Position-Prediction/Data_collection/Data_vrs/Maria_2_20260624_134005.vrs...[0m
[0m[38;2;000;128;000m[MultiRecordFileReader][DEBUG]: Opened file '/home/eker/Master-Thesis---Multi-modal-User-Intention-Estimation-and-Hand-Position-Prediction/Data_collection/Data_vrs/Maria_2_20260624_134005.vrs' and assigned to reader #0[0m
[0m[38;2;000;000;255m[VrsDataProvider][INFO]: streamId 211-1/camera-et-left activated[0m
[0m[38;2;000;000;255m[VrsDataProvider][INFO]: streamId 211-2/camera-et-right activated[0m
[0m[38;2;000;000;255m[VrsDataProvider][INFO]: streamId 214-1/camera-rgb activated[0m
[0m[38;2;000;000;255m[VrsDataProvider][INFO]: streamId 231-1/mic activated[0m
[0m[38;2;000;000;255m[VrsDataProvider][INFO]: streamId 246-1/temperature activated[0m
[0m[38;2;000;000;255m[VrsDataProvider][INFO]: streamId 247-1/baro0 activated[0m
[0m[38;2;000;000;255m[VrsDataProvider][INFO]: streamId 248-1/ppg activated[0m
[0m[38;2;000;000;255m[VrsDataProvider][INFO]: streamId 281-1/gps-app activated[0m
[0m[38;2;000;000;255m[VrsDataProvider][INFO]: streamId 282-1/wps activated[0m
[0m[38;2;000;000;255m[VrsDataProvider][INFO]: streamId 283-1/bluetooth activated[0m
[0m[38;2;000;000;255m[VrsDataProvider][INFO]: Utc stream found: 285-1[0m
[0m[38;2;000;000;255m[VrsDataProvider][INFO]: streamId 371-1/handtracking activated[0m
[0m[38;2;000;000;255m[VrsDataProvider][INFO]: streamId 371-2/vio activated[0m
[0m[38;2;000;000;255m[VrsDataProvider][INFO]: streamId 371-3/vio_high_frequency activated[0m
[0m[38;2;000;000;255m[VrsDataProvider][INFO]: streamId 373-1/eyegaze activated[0m
[0m[38;2;000;000;255m[VrsDataProvider][INFO]: streamId 500-1/als activated[0m
[0m[38;2;000;000;255m[VrsDataProvider][INFO]: Fail to activate streamId 502-1[0m
[0m[38;2;000;000;255m[VrsDataProvider][INFO]: streamId 1201-1/slam-front-left activated[0m
[0m[38;2;000;000;255m[VrsDataProvider][INFO]: streamId 1201-2/slam-front-right activated[0m
[0m[38;2;000;000;255m[VrsDataProvider][INFO]: streamId 1201-3/slam-side-left activated[0m
[0m[38;2;000;000;255m[VrsDataProvider][INFO]: streamId 1201-4/slam-side-right activated[0m
[0m[38;2;000;000;255m[VrsDataProvider][INFO]: streamId 1202-1/imu-left activated[0m
[0m[38;2;000;000;255m[VrsDataProvider][INFO]: streamId 1202-2/imu-right activated[0m
[0m[38;2;000;000;255m[VrsDataProvider][INFO]: streamId 1203-1/mag0 activated[0m
[0m[38;2;000;000;255m[XprsDecoder][INFO]: Using H.265 SW decoder named 'hevc' (xprs::gray8 -> vrs::grey8)[0m
[0m[38;2;000;000;255m[TelemetryLogger][INFO]: make_xprs_decoder, video/200x200/pixel=grey8/codec=H.265: H.265/SW/hevc, gray8[0m
[0m[38;2;000;000;255m[XprsDecoder][INFO]: Using H.265 SW decoder named 'hevc' (xprs::gray8 -> vrs::grey8)[0m
[0m[38;2;000;000;255m[TelemetryLogger][INFO]: make_xprs_decoder, video/200x200/pixel=grey8/codec=H.265: H.265/SW/hevc, gray8[0m
[0m[38;2;000;000;255m[XprsDecoder][INFO]: Using H.265 SW decoder named 'hevc' (xprs::yuv420p -> vrs::yuv_i420_split)[0m
[0m[38;2;000;000;255m[TelemetryLogger][INFO]: make_xprs_decoder, video/2016x1512/pixel=yuv_i420_split/codec=H.265: H.265/SW/hevc, yuv420p[0m
[0m[38;2;000;000;255m[XprsDecoder][INFO]: Using H.265 SW decoder named 'hevc' (xprs::gray8 -> vrs::grey8)[0m
[0m[38;2;000;000;255m[TelemetryLogger][INFO]: make_xprs_decoder, video/512x512/pixel=grey8/codec=H.265: H.265/SW/hevc, gray8[0m
[0m[38;2;000;000;255m[XprsDecoder][INFO]: Using H.265 SW decoder named 'hevc' (xprs::gray8 -> vrs::grey8)[0m
[0m[38;2;000;000;255m[TelemetryLogger][INFO]: make_xprs_decoder, video/512x512/pixel=grey8/codec=H.265: H.265/SW/hevc, gray8[0m
[0m[38;2;000;000;255m[XprsDecoder][INFO]: Using H.265 SW decoder named 'hevc' (xprs::gray8 -> vrs::grey8)[0m
[0m[38;2;000;000;255m[TelemetryLogger][INFO]: make_xprs_decoder, video/512x512/pixel=grey8/codec=H.265: H.265/SW/hevc, gray8[0m
[0m[38;2;000;000;255m[XprsDecoder][INFO]: Using H.265 SW decoder named 'hevc' (xprs::gray8 -> vrs::grey8)[0m
[0m[38;2;000;000;255m[TelemetryLogger][INFO]: make_xprs_decoder, video/512x512/pixel=grey8/codec=H.265: H.265/SW/hevc, gray8[0m
[0m[38;2;000;000;255m[ProgressLogger][INFO]: 2026-07-01 23:35:16: Opening /home/eker/Master-Thesis---Multi-modal-User-Intention-Estimation-and-Hand-Position-Prediction/Data_collection/Data_vrs/Maria_3_20260624_134101.vrs...[0m
[0m[38;2;000;128;000m[MultiRecordFileReader][DEBUG]: Opened file '/home/eker/Master-Thesis---Multi-modal-User-Intention-Estimation-and-Hand-Position-Prediction/Data_collection/Data_vrs/Maria_3_20260624_134101.vrs' and assigned to reader #0[0m
[0m[38;2;000;000;255m[VrsDataProvider][INFO]: streamId 211-1/camera-et-left activated[0m
[0m[38;2;000;000;255m[VrsDataProvider][INFO]: streamId 211-2/camera-et-right activated[0m
[0m[38;2;000;000;255m[VrsDataProvider][INFO]: streamId 214-1/camera-rgb activated[0m
[0m[38;2;000;000;255m[VrsDataProvider][INFO]: streamId 231-1/mic activated[0m
[0m[38;2;000;000;255m[VrsDataProvider][INFO]: streamId 246-1/temperature activated[0m
[0m[38;2;000;000;255m[VrsDataProvider][INFO]: streamId 247-1/baro0 activated[0m
[0m[38;2;000;000;255m[VrsDataProvider][INFO]: streamId 248-1/ppg activated[0m
[0m[38;2;000;000;255m[VrsDataProvider][INFO]: streamId 281-1/gps-app activated[0m
[0m[38;2;000;000;255m[VrsDataProvider][INFO]: streamId 282-1/wps activated[0m
[0m[38;2;000;000;255m[VrsDataProvider][INFO]: streamId 283-1/bluetooth activated[0m
[0m[38;2;000;000;255m[VrsDataProvider][INFO]: Utc stream found: 285-1[0m
[0m[38;2;000;000;255m[VrsDataProvider][INFO]: streamId 371-1/handtracking activated[0m
[0m[38;2;000;000;255m[VrsDataProvider][INFO]: streamId 371-2/vio activated[0m
[0m[38;2;000;000;255m[VrsDataProvider][INFO]: streamId 371-3/vio_high_frequency activated[0m
[0m[38;2;000;000;255m[VrsDataProvider][INFO]: streamId 373-1/eyegaze activated[0m
[0m[38;2;000;000;255m[VrsDataProvider][INFO]: streamId 500-1/als activated[0m
[0m[38;2;000;000;255m[VrsDataProvider][INFO]: Fail to activate streamId 502-1[0m
[0m[38;2;000;000;255m[VrsDataProvider][INFO]: streamId 1201-1/slam-front-left activated[0m
[0m[38;2;000;000;255m[VrsDataProvider][INFO]: streamId 1201-2/slam-front-right activated[0m
[0m[38;2;000;000;255m[VrsDataProvider][INFO]: streamId 1201-3/slam-side-left activated[0m
[0m[38;2;000;000;255m[VrsDataProvider][INFO]: streamId 1201-4/slam-side-right activated[0m
[0m[38;2;000;000;255m[VrsDataProvider][INFO]: streamId 1202-1/imu-left activated[0m
[0m[38;2;000;000;255m[VrsDataProvider][INFO]: streamId 1202-2/imu-right activated[0m
[0m[38;2;000;000;255m[VrsDataProvider][INFO]: streamId 1203-1/mag0 activated[0m
[0m[38;2;000;000;255m[XprsDecoder][INFO]: Using H.265 SW decoder named 'hevc' (xprs::gray8 -> vrs::grey8)[0m
[0m[38;2;000;000;255m[TelemetryLogger][INFO]: make_xprs_decoder, video/200x200/pixel=grey8/codec=H.265: H.265/SW/hevc, gray8[0m
[0m[38;2;000;000;255m[XprsDecoder][INFO]: Using H.265 SW decoder named 'hevc' (xprs::gray8 -> vrs::grey8)[0m
[0m[38;2;000;000;255m[TelemetryLogger][INFO]: make_xprs_decoder, video/200x200/pixel=grey8/codec=H.265: H.265/SW/hevc, gray8[0m
[0m[38;2;000;000;255m[XprsDecoder][INFO]: Using H.265 SW decoder named 'hevc' (xprs::yuv420p -> vrs::yuv_i420_split)[0m
[0m[38;2;000;000;255m[TelemetryLogger][INFO]: make_xprs_decoder, video/2016x1512/pixel=yuv_i420_split/codec=H.265: H.265/SW/hevc, yuv420p[0m
[0m[38;2;000;000;255m[XprsDecoder][INFO]: Using H.265 SW decoder named 'hevc' (xprs::gray8 -> vrs::grey8)[0m
[0m[38;2;000;000;255m[TelemetryLogger][INFO]: make_xprs_decoder, video/512x512/pixel=grey8/codec=H.265: H.265/SW/hevc, gray8[0m
[0m[38;2;000;000;255m[XprsDecoder][INFO]: Using H.265 SW decoder named 'hevc' (xprs::gray8 -> vrs::grey8)[0m
[0m[38;2;000;000;255m[TelemetryLogger][INFO]: make_xprs_decoder, video/512x512/pixel=grey8/codec=H.265: H.265/SW/hevc, gray8[0m
[0m[38;2;000;000;255m[XprsDecoder][INFO]: Using H.265 SW decoder named 'hevc' (xprs::gray8 -> vrs::grey8)[0m
[0m[38;2;000;000;255m[TelemetryLogger][INFO]: make_xprs_decoder, video/512x512/pixel=grey8/codec=H.265: H.265/SW/hevc, gray8[0m
[0m[38;2;000;000;255m[XprsDecoder][INFO]: Using H.265 SW decoder named 'hevc' (xprs::gray8 -> vrs::grey8)[0m
[0m[38;2;000;000;255m[TelemetryLogger][INFO]: make_xprs_decoder, video/512x512/pixel=grey8/codec=H.265: H.265/SW/hevc, gray8[0m
[0m[38;2;000;000;255m[ProgressLogger][INFO]: 2026-07-01 23:41:49: Opening /home/eker/Master-Thesis---Multi-modal-User-Intention-Estimation-and-Hand-Position-Prediction/Data_collection/Data_vrs/Maria_4_20260624_134233.vrs...[0m
[0m[38;2;000;128;000m[MultiRecordFileReader][DEBUG]: Opened file '/home/eker/Master-Thesis---Multi-modal-User-Intention-Estimation-and-Hand-Position-Prediction/Data_collection/Data_vrs/Maria_4_20260624_134233.vrs' and assigned to reader #0[0m
[0m[38;2;000;000;255m[VrsDataProvider][INFO]: streamId 211-1/camera-et-left activated[0m
[0m[38;2;000;000;255m[VrsDataProvider][INFO]: streamId 211-2/camera-et-right activated[0m
[0m[38;2;000;000;255m[VrsDataProvider][INFO]: streamId 214-1/camera-rgb activated[0m
[0m[38;2;000;000;255m[VrsDataProvider][INFO]: streamId 231-1/mic activated[0m
[0m[38;2;000;000;255m[VrsDataProvider][INFO]: streamId 246-1/temperature activated[0m
[0m[38;2;000;000;255m[VrsDataProvider][INFO]: streamId 247-1/baro0 activated[0m
[0m[38;2;000;000;255m[VrsDataProvider][INFO]: streamId 248-1/ppg activated[0m
[0m[38;2;000;000;255m[VrsDataProvider][INFO]: streamId 281-1/gps-app activated[0m
[0m[38;2;000;000;255m[VrsDataProvider][INFO]: streamId 282-1/wps activated[0m
[0m[38;2;000;000;255m[VrsDataProvider][INFO]: streamId 283-1/bluetooth activated[0m
[0m[38;2;000;000;255m[VrsDataProvider][INFO]: Utc stream found: 285-1[0m
[0m[38;2;000;000;255m[VrsDataProvider][INFO]: streamId 371-1/handtracking activated[0m
[0m[38;2;000;000;255m[VrsDataProvider][INFO]: streamId 371-2/vio activated[0m
[0m[38;2;000;000;255m[VrsDataProvider][INFO]: streamId 371-3/vio_high_frequency activated[0m
[0m[38;2;000;000;255m[VrsDataProvider][INFO]: streamId 373-1/eyegaze activated[0m
[0m[38;2;000;000;255m[VrsDataProvider][INFO]: streamId 500-1/als activated[0m
[0m[38;2;000;000;255m[VrsDataProvider][INFO]: Fail to activate streamId 502-1[0m
[0m[38;2;000;000;255m[VrsDataProvider][INFO]: streamId 1201-1/slam-front-left activated[0m
[0m[38;2;000;000;255m[VrsDataProvider][INFO]: streamId 1201-2/slam-front-right activated[0m
[0m[38;2;000;000;255m[VrsDataProvider][INFO]: streamId 1201-3/slam-side-left activated[0m
[0m[38;2;000;000;255m[VrsDataProvider][INFO]: streamId 1201-4/slam-side-right activated[0m
[0m[38;2;000;000;255m[VrsDataProvider][INFO]: streamId 1202-1/imu-left activated[0m
[0m[38;2;000;000;255m[VrsDataProvider][INFO]: streamId 1202-2/imu-right activated[0m
[0m[38;2;000;000;255m[VrsDataProvider][INFO]: streamId 1203-1/mag0 activated[0m
[0m[38;2;000;000;255m[XprsDecoder][INFO]: Using H.265 SW decoder named 'hevc' (xprs::gray8 -> vrs::grey8)[0m
[0m[38;2;000;000;255m[TelemetryLogger][INFO]: make_xprs_decoder, video/200x200/pixel=grey8/codec=H.265: H.265/SW/hevc, gray8[0m
[0m[38;2;000;000;255m[XprsDecoder][INFO]: Using H.265 SW decoder named 'hevc' (xprs::gray8 -> vrs::grey8)[0m
[0m[38;2;000;000;255m[TelemetryLogger][INFO]: make_xprs_decoder, video/200x200/pixel=grey8/codec=H.265: H.265/SW/hevc, gray8[0m
[0m[38;2;000;000;255m[XprsDecoder][INFO]: Using H.265 SW decoder named 'hevc' (xprs::yuv420p -> vrs::yuv_i420_split)[0m
[0m[38;2;000;000;255m[TelemetryLogger][INFO]: make_xprs_decoder, video/2016x1512/pixel=yuv_i420_split/codec=H.265: H.265/SW/hevc, yuv420p[0m
[0m[38;2;000;000;255m[XprsDecoder][INFO]: Using H.265 SW decoder named 'hevc' (xprs::gray8 -> vrs::grey8)[0m
[0m[38;2;000;000;255m[TelemetryLogger][INFO]: make_xprs_decoder, video/512x512/pixel=grey8/codec=H.265: H.265/SW/hevc, gray8[0m
[0m[38;2;000;000;255m[XprsDecoder][INFO]: Using H.265 SW decoder named 'hevc' (xprs::gray8 -> vrs::grey8)[0m
[0m[38;2;000;000;255m[TelemetryLogger][INFO]: make_xprs_decoder, video/512x512/pixel=grey8/codec=H.265: H.265/SW/hevc, gray8[0m
[0m[38;2;000;000;255m[XprsDecoder][INFO]: Using H.265 SW decoder named 'hevc' (xprs::gray8 -> vrs::grey8)[0m
[0m[38;2;000;000;255m[TelemetryLogger][INFO]: make_xprs_decoder, video/512x512/pixel=grey8/codec=H.265: H.265/SW/hevc, gray8[0m
[0m[38;2;000;000;255m[XprsDecoder][INFO]: Using H.265 SW decoder named 'hevc' (xprs::gray8 -> vrs::grey8)[0m
[0m[38;2;000;000;255m[TelemetryLogger][INFO]: make_xprs_decoder, video/512x512/pixel=grey8/codec=H.265: H.265/SW/hevc, gray8[0m
[0m[38;2;000;000;255m[ProgressLogger][INFO]: 2026-07-01 23:46:49: Opening /home/eker/Master-Thesis---Multi-modal-User-Intention-Estimation-and-Hand-Position-Prediction/Data_collection/Data_vrs/Maria_5_20260624_134337.vrs...[0m
[0m[38;2;000;128;000m[MultiRecordFileReader][DEBUG]: Opened file '/home/eker/Master-Thesis---Multi-modal-User-Intention-Estimation-and-Hand-Position-Prediction/Data_collection/Data_vrs/Maria_5_20260624_134337.vrs' and assigned to reader #0[0m
[0m[38;2;000;000;255m[VrsDataProvider][INFO]: streamId 211-1/camera-et-left activated[0m
[0m[38;2;000;000;255m[VrsDataProvider][INFO]: streamId 211-2/camera-et-right activated[0m
[0m[38;2;000;000;255m[VrsDataProvider][INFO]: streamId 214-1/camera-rgb activated[0m
[0m[38;2;000;000;255m[VrsDataProvider][INFO]: streamId 231-1/mic activated[0m
[0m[38;2;000;000;255m[VrsDataProvider][INFO]: streamId 246-1/temperature activated[0m
[0m[38;2;000;000;255m[VrsDataProvider][INFO]: streamId 247-1/baro0 activated[0m
[0m[38;2;000;000;255m[VrsDataProvider][INFO]: streamId 248-1/ppg activated[0m
[0m[38;2;000;000;255m[VrsDataProvider][INFO]: streamId 281-1/gps-app activated[0m
[0m[38;2;000;000;255m[VrsDataProvider][INFO]: streamId 282-1/wps activated[0m
[0m[38;2;000;000;255m[VrsDataProvider][INFO]: streamId 283-1/bluetooth activated[0m
[0m[38;2;000;000;255m[VrsDataProvider][INFO]: Utc stream found: 285-1[0m
[0m[38;2;000;000;255m[VrsDataProvider][INFO]: streamId 371-1/handtracking activated[0m
[0m[38;2;000;000;255m[VrsDataProvider][INFO]: streamId 371-2/vio activated[0m
[0m[38;2;000;000;255m[VrsDataProvider][INFO]: streamId 371-3/vio_high_frequency activated[0m
[0m[38;2;000;000;255m[VrsDataProvider][INFO]: streamId 373-1/eyegaze activated[0m
[0m[38;2;000;000;255m[VrsDataProvider][INFO]: streamId 500-1/als activated[0m
[0m[38;2;000;000;255m[VrsDataProvider][INFO]: Fail to activate streamId 502-1[0m
[0m[38;2;000;000;255m[VrsDataProvider][INFO]: streamId 1201-1/slam-front-left activated[0m
[0m[38;2;000;000;255m[VrsDataProvider][INFO]: streamId 1201-2/slam-front-right activated[0m
[0m[38;2;000;000;255m[VrsDataProvider][INFO]: streamId 1201-3/slam-side-left activated[0m
[0m[38;2;000;000;255m[VrsDataProvider][INFO]: streamId 1201-4/slam-side-right activated[0m
[0m[38;2;000;000;255m[VrsDataProvider][INFO]: streamId 1202-1/imu-left activated[0m
[0m[38;2;000;000;255m[VrsDataProvider][INFO]: streamId 1202-2/imu-right activated[0m
[0m[38;2;000;000;255m[VrsDataProvider][INFO]: streamId 1203-1/mag0 activated[0m
[0m[38;2;000;000;255m[XprsDecoder][INFO]: Using H.265 SW decoder named 'hevc' (xprs::gray8 -> vrs::grey8)[0m
[0m[38;2;000;000;255m[TelemetryLogger][INFO]: make_xprs_decoder, video/200x200/pixel=grey8/codec=H.265: H.265/SW/hevc, gray8[0m
[0m[38;2;000;000;255m[XprsDecoder][INFO]: Using H.265 SW decoder named 'hevc' (xprs::gray8 -> vrs::grey8)[0m
[0m[38;2;000;000;255m[TelemetryLogger][INFO]: make_xprs_decoder, video/200x200/pixel=grey8/codec=H.265: H.265/SW/hevc, gray8[0m
[0m[38;2;000;000;255m[XprsDecoder][INFO]: Using H.265 SW decoder named 'hevc' (xprs::yuv420p -> vrs::yuv_i420_split)[0m
[0m[38;2;000;000;255m[TelemetryLogger][INFO]: make_xprs_decoder, video/2016x1512/pixel=yuv_i420_split/codec=H.265: H.265/SW/hevc, yuv420p[0m
[0m[38;2;000;000;255m[XprsDecoder][INFO]: Using H.265 SW decoder named 'hevc' (xprs::gray8 -> vrs::grey8)[0m
[0m[38;2;000;000;255m[TelemetryLogger][INFO]: make_xprs_decoder, video/512x512/pixel=grey8/codec=H.265: H.265/SW/hevc, gray8[0m
[0m[38;2;000;000;255m[XprsDecoder][INFO]: Using H.265 SW decoder named 'hevc' (xprs::gray8 -> vrs::grey8)[0m
[0m[38;2;000;000;255m[TelemetryLogger][INFO]: make_xprs_decoder, video/512x512/pixel=grey8/codec=H.265: H.265/SW/hevc, gray8[0m
[0m[38;2;000;000;255m[XprsDecoder][INFO]: Using H.265 SW decoder named 'hevc' (xprs::gray8 -> vrs::grey8)[0m
[0m[38;2;000;000;255m[TelemetryLogger][INFO]: make_xprs_decoder, video/512x512/pixel=grey8/codec=H.265: H.265/SW/hevc, gray8[0m
[0m[38;2;000;000;255m[XprsDecoder][INFO]: Using H.265 SW decoder named 'hevc' (xprs::gray8 -> vrs::grey8)[0m
[0m[38;2;000;000;255m[TelemetryLogger][INFO]: make_xprs_decoder, video/512x512/pixel=grey8/codec=H.265: H.265/SW/hevc, gray8[0m
[0m[38;2;000;000;255m[ProgressLogger][INFO]: 2026-07-01 23:53:07: Opening /home/eker/Master-Thesis---Multi-modal-User-Intention-Estimation-and-Hand-Position-Prediction/Data_collection/Data_vrs/Maria_6_20260624_134443.vrs...[0m
[0m[38;2;000;128;000m[MultiRecordFileReader][DEBUG]: Opened file '/home/eker/Master-Thesis---Multi-modal-User-Intention-Estimation-and-Hand-Position-Prediction/Data_collection/Data_vrs/Maria_6_20260624_134443.vrs' and assigned to reader #0[0m
[0m[38;2;000;000;255m[VrsDataProvider][INFO]: streamId 211-1/camera-et-left activated[0m
[0m[38;2;000;000;255m[VrsDataProvider][INFO]: streamId 211-2/camera-et-right activated[0m
[0m[38;2;000;000;255m[VrsDataProvider][INFO]: streamId 214-1/camera-rgb activated[0m
[0m[38;2;000;000;255m[VrsDataProvider][INFO]: streamId 231-1/mic activated[0m
[0m[38;2;000;000;255m[VrsDataProvider][INFO]: streamId 246-1/temperature activated[0m
[0m[38;2;000;000;255m[VrsDataProvider][INFO]: streamId 247-1/baro0 activated[0m
[0m[38;2;000;000;255m[VrsDataProvider][INFO]: streamId 248-1/ppg activated[0m
[0m[38;2;000;000;255m[VrsDataProvider][INFO]: streamId 281-1/gps-app activated[0m
[0m[38;2;000;000;255m[VrsDataProvider][INFO]: streamId 282-1/wps activated[0m
[0m[38;2;000;000;255m[VrsDataProvider][INFO]: streamId 283-1/bluetooth activated[0m
[0m[38;2;000;000;255m[VrsDataProvider][INFO]: Utc stream found: 285-1[0m
[0m[38;2;000;000;255m[VrsDataProvider][INFO]: streamId 371-1/handtracking activated[0m
[0m[38;2;000;000;255m[VrsDataProvider][INFO]: streamId 371-2/vio activated[0m
[0m[38;2;000;000;255m[VrsDataProvider][INFO]: streamId 371-3/vio_high_frequency activated[0m
[0m[38;2;000;000;255m[VrsDataProvider][INFO]: streamId 373-1/eyegaze activated[0m
[0m[38;2;000;000;255m[VrsDataProvider][INFO]: streamId 500-1/als activated[0m
[0m[38;2;000;000;255m[VrsDataProvider][INFO]: Fail to activate streamId 502-1[0m
[0m[38;2;000;000;255m[VrsDataProvider][INFO]: streamId 1201-1/slam-front-left activated[0m
[0m[38;2;000;000;255m[VrsDataProvider][INFO]: streamId 1201-2/slam-front-right activated[0m
[0m[38;2;000;000;255m[VrsDataProvider][INFO]: streamId 1201-3/slam-side-left activated[0m
[0m[38;2;000;000;255m[VrsDataProvider][INFO]: streamId 1201-4/slam-side-right activated[0m
[0m[38;2;000;000;255m[VrsDataProvider][INFO]: streamId 1202-1/imu-left activated[0m
[0m[38;2;000;000;255m[VrsDataProvider][INFO]: streamId 1202-2/imu-right activated[0m
[0m[38;2;000;000;255m[VrsDataProvider][INFO]: streamId 1203-1/mag0 activated[0m
[0m[38;2;000;000;255m[XprsDecoder][INFO]: Using H.265 SW decoder named 'hevc' (xprs::gray8 -> vrs::grey8)[0m
[0m[38;2;000;000;255m[TelemetryLogger][INFO]: make_xprs_decoder, video/200x200/pixel=grey8/codec=H.265: H.265/SW/hevc, gray8[0m
[0m[38;2;000;000;255m[XprsDecoder][INFO]: Using H.265 SW decoder named 'hevc' (xprs::gray8 -> vrs::grey8)[0m
[0m[38;2;000;000;255m[TelemetryLogger][INFO]: make_xprs_decoder, video/200x200/pixel=grey8/codec=H.265: H.265/SW/hevc, gray8[0m
[0m[38;2;000;000;255m[XprsDecoder][INFO]: Using H.265 SW decoder named 'hevc' (xprs::yuv420p -> vrs::yuv_i420_split)[0m
[0m[38;2;000;000;255m[TelemetryLogger][INFO]: make_xprs_decoder, video/2016x1512/pixel=yuv_i420_split/codec=H.265: H.265/SW/hevc, yuv420p[0m
[0m[38;2;000;000;255m[XprsDecoder][INFO]: Using H.265 SW decoder named 'hevc' (xprs::gray8 -> vrs::grey8)[0m
[0m[38;2;000;000;255m[TelemetryLogger][INFO]: make_xprs_decoder, video/512x512/pixel=grey8/codec=H.265: H.265/SW/hevc, gray8[0m
[0m[38;2;000;000;255m[XprsDecoder][INFO]: Using H.265 SW decoder named 'hevc' (xprs::gray8 -> vrs::grey8)[0m
[0m[38;2;000;000;255m[TelemetryLogger][INFO]: make_xprs_decoder, video/512x512/pixel=grey8/codec=H.265: H.265/SW/hevc, gray8[0m
[0m[38;2;000;000;255m[XprsDecoder][INFO]: Using H.265 SW decoder named 'hevc' (xprs::gray8 -> vrs::grey8)[0m
[0m[38;2;000;000;255m[TelemetryLogger][INFO]: make_xprs_decoder, video/512x512/pixel=grey8/codec=H.265: H.265/SW/hevc, gray8[0m
[0m[38;2;000;000;255m[XprsDecoder][INFO]: Using H.265 SW decoder named 'hevc' (xprs::gray8 -> vrs::grey8)[0m
[0m[38;2;000;000;255m[TelemetryLogger][INFO]: make_xprs_decoder, video/512x512/pixel=grey8/codec=H.265: H.265/SW/hevc, gray8[0m
[0m[38;2;000;000;255m[ProgressLogger][INFO]: 2026-07-01 23:59:52: Opening /home/eker/Master-Thesis---Multi-modal-User-Intention-Estimation-and-Hand-Position-Prediction/Data_collection/Data_vrs/Melih_10_20260616_180515.vrs...[0m
[0m[38;2;000;128;000m[MultiRecordFileReader][DEBUG]: Opened file '/home/eker/Master-Thesis---Multi-modal-User-Intention-Estimation-and-Hand-Position-Prediction/Data_collection/Data_vrs/Melih_10_20260616_180515.vrs' and assigned to reader #0[0m
[0m[38;2;000;000;255m[VrsDataProvider][INFO]: streamId 211-1/camera-et-left activated[0m
[0m[38;2;000;000;255m[VrsDataProvider][INFO]: streamId 211-2/camera-et-right activated[0m
[0m[38;2;000;000;255m[VrsDataProvider][INFO]: streamId 214-1/camera-rgb activated[0m
[0m[38;2;000;000;255m[VrsDataProvider][INFO]: streamId 231-1/mic activated[0m
[0m[38;2;000;000;255m[VrsDataProvider][INFO]: streamId 246-1/temperature activated[0m
[0m[38;2;000;000;255m[VrsDataProvider][INFO]: streamId 247-1/baro0 activated[0m
[0m[38;2;000;000;255m[VrsDataProvider][INFO]: streamId 248-1/ppg activated[0m
[0m[38;2;000;000;255m[VrsDataProvider][INFO]: streamId 281-1/gps-app activated[0m
[0m[38;2;000;000;255m[VrsDataProvider][INFO]: streamId 282-1/wps activated[0m
[0m[38;2;000;000;255m[VrsDataProvider][INFO]: streamId 283-1/bluetooth activated[0m
[0m[38;2;000;000;255m[VrsDataProvider][INFO]: Utc stream found: 285-1[0m
[0m[38;2;000;000;255m[VrsDataProvider][INFO]: streamId 371-1/handtracking activated[0m
[0m[38;2;000;000;255m[VrsDataProvider][INFO]: streamId 371-2/vio activated[0m
[0m[38;2;000;000;255m[VrsDataProvider][INFO]: streamId 371-3/vio_high_frequency activated[0m
[0m[38;2;000;000;255m[VrsDataProvider][INFO]: streamId 373-1/eyegaze activated[0m
[0m[38;2;000;000;255m[VrsDataProvider][INFO]: streamId 500-1/als activated[0m
[0m[38;2;000;000;255m[VrsDataProvider][INFO]: Fail to activate streamId 502-1[0m
[0m[38;2;000;000;255m[VrsDataProvider][INFO]: streamId 1201-1/slam-front-left activated[0m
[0m[38;2;000;000;255m[VrsDataProvider][INFO]: streamId 1201-2/slam-front-right activated[0m
[0m[38;2;000;000;255m[VrsDataProvider][INFO]: streamId 1201-3/slam-side-left activated[0m
[0m[38;2;000;000;255m[VrsDataProvider][INFO]: streamId 1201-4/slam-side-right activated[0m
[0m[38;2;000;000;255m[VrsDataProvider][INFO]: streamId 1202-1/imu-left activated[0m
[0m[38;2;000;000;255m[VrsDataProvider][INFO]: streamId 1202-2/imu-right activated[0m
[0m[38;2;000;000;255m[VrsDataProvider][INFO]: streamId 1203-1/mag0 activated[0m
[0m[38;2;000;000;255m[XprsDecoder][INFO]: Using H.265 SW decoder named 'hevc' (xprs::gray8 -> vrs::grey8)[0m
[0m[38;2;000;000;255m[TelemetryLogger][INFO]: make_xprs_decoder, video/200x200/pixel=grey8/codec=H.265: H.265/SW/hevc, gray8[0m
[0m[38;2;000;000;255m[XprsDecoder][INFO]: Using H.265 SW decoder named 'hevc' (xprs::gray8 -> vrs::grey8)[0m
[0m[38;2;000;000;255m[TelemetryLogger][INFO]: make_xprs_decoder, video/200x200/pixel=grey8/codec=H.265: H.265/SW/hevc, gray8[0m
[0m[38;2;000;000;255m[XprsDecoder][INFO]: Using H.265 SW decoder named 'hevc' (xprs::yuv420p -> vrs::yuv_i420_split)[0m
[0m[38;2;000;000;255m[TelemetryLogger][INFO]: make_xprs_decoder, video/2016x1512/pixel=yuv_i420_split/codec=H.265: H.265/SW/hevc, yuv420p[0m
[0m[38;2;000;000;255m[XprsDecoder][INFO]: Using H.265 SW decoder named 'hevc' (xprs::gray8 -> vrs::grey8)[0m
[0m[38;2;000;000;255m[TelemetryLogger][INFO]: make_xprs_decoder, video/512x512/pixel=grey8/codec=H.265: H.265/SW/hevc, gray8[0m
[0m[38;2;000;000;255m[XprsDecoder][INFO]: Using H.265 SW decoder named 'hevc' (xprs::gray8 -> vrs::grey8)[0m
[0m[38;2;000;000;255m[TelemetryLogger][INFO]: make_xprs_decoder, video/512x512/pixel=grey8/codec=H.265: H.265/SW/hevc, gray8[0m
[0m[38;2;000;000;255m[XprsDecoder][INFO]: Using H.265 SW decoder named 'hevc' (xprs::gray8 -> vrs::grey8)[0m
[0m[38;2;000;000;255m[TelemetryLogger][INFO]: make_xprs_decoder, video/512x512/pixel=grey8/codec=H.265: H.265/SW/hevc, gray8[0m
[0m[38;2;000;000;255m[XprsDecoder][INFO]: Using H.265 SW decoder named 'hevc' (xprs::gray8 -> vrs::grey8)[0m
[0m[38;2;000;000;255m[TelemetryLogger][INFO]: make_xprs_decoder, video/512x512/pixel=grey8/codec=H.265: H.265/SW/hevc, gray8[0m
[0m[38;2;000;000;255m[ProgressLogger][INFO]: 2026-07-02 00:06:22: Opening /home/eker/Master-Thesis---Multi-modal-User-Intention-Estimation-and-Hand-Position-Prediction/Data_collection/Data_vrs/Melih_1_20260616_175140.vrs...[0m
[0m[38;2;000;128;000m[MultiRecordFileReader][DEBUG]: Opened file '/home/eker/Master-Thesis---Multi-modal-User-Intention-Estimation-and-Hand-Position-Prediction/Data_collection/Data_vrs/Melih_1_20260616_175140.vrs' and assigned to reader #0[0m
[0m[38;2;000;000;255m[VrsDataProvider][INFO]: streamId 211-1/camera-et-left activated[0m
[0m[38;2;000;000;255m[VrsDataProvider][INFO]: streamId 211-2/camera-et-right activated[0m
[0m[38;2;000;000;255m[VrsDataProvider][INFO]: streamId 214-1/camera-rgb activated[0m
[0m[38;2;000;000;255m[VrsDataProvider][INFO]: streamId 231-1/mic activated[0m
[0m[38;2;000;000;255m[VrsDataProvider][INFO]: streamId 246-1/temperature activated[0m
[0m[38;2;000;000;255m[VrsDataProvider][INFO]: streamId 247-1/baro0 activated[0m
[0m[38;2;000;000;255m[VrsDataProvider][INFO]: streamId 248-1/ppg activated[0m
[0m[38;2;000;000;255m[VrsDataProvider][INFO]: streamId 281-1/gps-app activated[0m
[0m[38;2;000;000;255m[VrsDataProvider][INFO]: streamId 282-1/wps activated[0m
[0m[38;2;000;000;255m[VrsDataProvider][INFO]: streamId 283-1/bluetooth activated[0m
[0m[38;2;000;000;255m[VrsDataProvider][INFO]: Utc stream found: 285-1[0m
[0m[38;2;000;000;255m[VrsDataProvider][INFO]: streamId 371-1/handtracking activated[0m
[0m[38;2;000;000;255m[VrsDataProvider][INFO]: streamId 371-2/vio activated[0m
[0m[38;2;000;000;255m[VrsDataProvider][INFO]: streamId 371-3/vio_high_frequency activated[0m
[0m[38;2;000;000;255m[VrsDataProvider][INFO]: streamId 373-1/eyegaze activated[0m
[0m[38;2;000;000;255m[VrsDataProvider][INFO]: streamId 500-1/als activated[0m
[0m[38;2;000;000;255m[VrsDataProvider][INFO]: Fail to activate streamId 502-1[0m
[0m[38;2;000;000;255m[VrsDataProvider][INFO]: streamId 1201-1/slam-front-left activated[0m
[0m[38;2;000;000;255m[VrsDataProvider][INFO]: streamId 1201-2/slam-front-right activated[0m
[0m[38;2;000;000;255m[VrsDataProvider][INFO]: streamId 1201-3/slam-side-left activated[0m
[0m[38;2;000;000;255m[VrsDataProvider][INFO]: streamId 1201-4/slam-side-right activated[0m
[0m[38;2;000;000;255m[VrsDataProvider][INFO]: streamId 1202-1/imu-left activated[0m
[0m[38;2;000;000;255m[VrsDataProvider][INFO]: streamId 1202-2/imu-right activated[0m
[0m[38;2;000;000;255m[VrsDataProvider][INFO]: streamId 1203-1/mag0 activated[0m
[0m[38;2;000;000;255m[XprsDecoder][INFO]: Using H.265 SW decoder named 'hevc' (xprs::gray8 -> vrs::grey8)[0m
[0m[38;2;000;000;255m[TelemetryLogger][INFO]: make_xprs_decoder, video/200x200/pixel=grey8/codec=H.265: H.265/SW/hevc, gray8[0m
[0m[38;2;000;000;255m[XprsDecoder][INFO]: Using H.265 SW decoder named 'hevc' (xprs::gray8 -> vrs::grey8)[0m
[0m[38;2;000;000;255m[TelemetryLogger][INFO]: make_xprs_decoder, video/200x200/pixel=grey8/codec=H.265: H.265/SW/hevc, gray8[0m
[0m[38;2;000;000;255m[XprsDecoder][INFO]: Using H.265 SW decoder named 'hevc' (xprs::yuv420p -> vrs::yuv_i420_split)[0m
[0m[38;2;000;000;255m[TelemetryLogger][INFO]: make_xprs_decoder, video/2016x1512/pixel=yuv_i420_split/codec=H.265: H.265/SW/hevc, yuv420p[0m
[0m[38;2;000;000;255m[XprsDecoder][INFO]: Using H.265 SW decoder named 'hevc' (xprs::gray8 -> vrs::grey8)[0m
[0m[38;2;000;000;255m[TelemetryLogger][INFO]: make_xprs_decoder, video/512x512/pixel=grey8/codec=H.265: H.265/SW/hevc, gray8[0m
[0m[38;2;000;000;255m[XprsDecoder][INFO]: Using H.265 SW decoder named 'hevc' (xprs::gray8 -> vrs::grey8)[0m
[0m[38;2;000;000;255m[TelemetryLogger][INFO]: make_xprs_decoder, video/512x512/pixel=grey8/codec=H.265: H.265/SW/hevc, gray8[0m
[0m[38;2;000;000;255m[XprsDecoder][INFO]: Using H.265 SW decoder named 'hevc' (xprs::gray8 -> vrs::grey8)[0m
[0m[38;2;000;000;255m[TelemetryLogger][INFO]: make_xprs_decoder, video/512x512/pixel=grey8/codec=H.265: H.265/SW/hevc, gray8[0m
[0m[38;2;000;000;255m[XprsDecoder][INFO]: Using H.265 SW decoder named 'hevc' (xprs::gray8 -> vrs::grey8)[0m
[0m[38;2;000;000;255m[TelemetryLogger][INFO]: make_xprs_decoder, video/512x512/pixel=grey8/codec=H.265: H.265/SW/hevc, gray8[0m
[0m[38;2;000;000;255m[ProgressLogger][INFO]: 2026-07-02 00:10:41: Opening /home/eker/Master-Thesis---Multi-modal-User-Intention-Estimation-and-Hand-Position-Prediction/Data_collection/Data_vrs/Melih_2_20260616_175310.vrs...[0m
[0m[38;2;000;128;000m[MultiRecordFileReader][DEBUG]: Opened file '/home/eker/Master-Thesis---Multi-modal-User-Intention-Estimation-and-Hand-Position-Prediction/Data_collection/Data_vrs/Melih_2_20260616_175310.vrs' and assigned to reader #0[0m
[0m[38;2;000;000;255m[VrsDataProvider][INFO]: streamId 211-1/camera-et-left activated[0m
[0m[38;2;000;000;255m[VrsDataProvider][INFO]: streamId 211-2/camera-et-right activated[0m
[0m[38;2;000;000;255m[VrsDataProvider][INFO]: streamId 214-1/camera-rgb activated[0m
[0m[38;2;000;000;255m[VrsDataProvider][INFO]: streamId 231-1/mic activated[0m
[0m[38;2;000;000;255m[VrsDataProvider][INFO]: streamId 246-1/temperature activated[0m
[0m[38;2;000;000;255m[VrsDataProvider][INFO]: streamId 247-1/baro0 activated[0m
[0m[38;2;000;000;255m[VrsDataProvider][INFO]: streamId 248-1/ppg activated[0m
[0m[38;2;000;000;255m[VrsDataProvider][INFO]: streamId 281-1/gps-app activated[0m
[0m[38;2;000;000;255m[VrsDataProvider][INFO]: streamId 282-1/wps activated[0m
[0m[38;2;000;000;255m[VrsDataProvider][INFO]: streamId 283-1/bluetooth activated[0m
[0m[38;2;000;000;255m[VrsDataProvider][INFO]: Utc stream found: 285-1[0m
[0m[38;2;000;000;255m[VrsDataProvider][INFO]: streamId 371-1/handtracking activated[0m
[0m[38;2;000;000;255m[VrsDataProvider][INFO]: streamId 371-2/vio activated[0m
[0m[38;2;000;000;255m[VrsDataProvider][INFO]: streamId 371-3/vio_high_frequency activated[0m
[0m[38;2;000;000;255m[VrsDataProvider][INFO]: streamId 373-1/eyegaze activated[0m
[0m[38;2;000;000;255m[VrsDataProvider][INFO]: streamId 500-1/als activated[0m
[0m[38;2;000;000;255m[VrsDataProvider][INFO]: Fail to activate streamId 502-1[0m
[0m[38;2;000;000;255m[VrsDataProvider][INFO]: streamId 1201-1/slam-front-left activated[0m
[0m[38;2;000;000;255m[VrsDataProvider][INFO]: streamId 1201-2/slam-front-right activated[0m
[0m[38;2;000;000;255m[VrsDataProvider][INFO]: streamId 1201-3/slam-side-left activated[0m
[0m[38;2;000;000;255m[VrsDataProvider][INFO]: streamId 1201-4/slam-side-right activated[0m
[0m[38;2;000;000;255m[VrsDataProvider][INFO]: streamId 1202-1/imu-left activated[0m
[0m[38;2;000;000;255m[VrsDataProvider][INFO]: streamId 1202-2/imu-right activated[0m
[0m[38;2;000;000;255m[VrsDataProvider][INFO]: streamId 1203-1/mag0 activated[0m
[0m[38;2;000;000;255m[XprsDecoder][INFO]: Using H.265 SW decoder named 'hevc' (xprs::gray8 -> vrs::grey8)[0m
[0m[38;2;000;000;255m[TelemetryLogger][INFO]: make_xprs_decoder, video/200x200/pixel=grey8/codec=H.265: H.265/SW/hevc, gray8[0m
[0m[38;2;000;000;255m[XprsDecoder][INFO]: Using H.265 SW decoder named 'hevc' (xprs::gray8 -> vrs::grey8)[0m
[0m[38;2;000;000;255m[TelemetryLogger][INFO]: make_xprs_decoder, video/200x200/pixel=grey8/codec=H.265: H.265/SW/hevc, gray8[0m
[0m[38;2;000;000;255m[XprsDecoder][INFO]: Using H.265 SW decoder named 'hevc' (xprs::yuv420p -> vrs::yuv_i420_split)[0m
[0m[38;2;000;000;255m[TelemetryLogger][INFO]: make_xprs_decoder, video/2016x1512/pixel=yuv_i420_split/codec=H.265: H.265/SW/hevc, yuv420p[0m
[0m[38;2;000;000;255m[XprsDecoder][INFO]: Using H.265 SW decoder named 'hevc' (xprs::gray8 -> vrs::grey8)[0m
[0m[38;2;000;000;255m[TelemetryLogger][INFO]: make_xprs_decoder, video/512x512/pixel=grey8/codec=H.265: H.265/SW/hevc, gray8[0m
[0m[38;2;000;000;255m[XprsDecoder][INFO]: Using H.265 SW decoder named 'hevc' (xprs::gray8 -> vrs::grey8)[0m
[0m[38;2;000;000;255m[TelemetryLogger][INFO]: make_xprs_decoder, video/512x512/pixel=grey8/codec=H.265: H.265/SW/hevc, gray8[0m
[0m[38;2;000;000;255m[XprsDecoder][INFO]: Using H.265 SW decoder named 'hevc' (xprs::gray8 -> vrs::grey8)[0m
[0m[38;2;000;000;255m[TelemetryLogger][INFO]: make_xprs_decoder, video/512x512/pixel=grey8/codec=H.265: H.265/SW/hevc, gray8[0m
[0m[38;2;000;000;255m[XprsDecoder][INFO]: Using H.265 SW decoder named 'hevc' (xprs::gray8 -> vrs::grey8)[0m
[0m[38;2;000;000;255m[TelemetryLogger][INFO]: make_xprs_decoder, video/512x512/pixel=grey8/codec=H.265: H.265/SW/hevc, gray8[0m
[0m[38;2;000;000;255m[ProgressLogger][INFO]: 2026-07-02 00:16:05: Opening /home/eker/Master-Thesis---Multi-modal-User-Intention-Estimation-and-Hand-Position-Prediction/Data_collection/Data_vrs/Melih_3_20260616_175418.vrs...[0m
[0m[38;2;000;128;000m[MultiRecordFileReader][DEBUG]: Opened file '/home/eker/Master-Thesis---Multi-modal-User-Intention-Estimation-and-Hand-Position-Prediction/Data_collection/Data_vrs/Melih_3_20260616_175418.vrs' and assigned to reader #0[0m
[0m[38;2;000;000;255m[VrsDataProvider][INFO]: streamId 211-1/camera-et-left activated[0m
[0m[38;2;000;000;255m[VrsDataProvider][INFO]: streamId 211-2/camera-et-right activated[0m
[0m[38;2;000;000;255m[VrsDataProvider][INFO]: streamId 214-1/camera-rgb activated[0m
[0m[38;2;000;000;255m[VrsDataProvider][INFO]: streamId 231-1/mic activated[0m
[0m[38;2;000;000;255m[VrsDataProvider][INFO]: streamId 246-1/temperature activated[0m
[0m[38;2;000;000;255m[VrsDataProvider][INFO]: streamId 247-1/baro0 activated[0m
[0m[38;2;000;000;255m[VrsDataProvider][INFO]: streamId 248-1/ppg activated[0m
[0m[38;2;000;000;255m[VrsDataProvider][INFO]: streamId 281-1/gps-app activated[0m
[0m[38;2;000;000;255m[VrsDataProvider][INFO]: streamId 282-1/wps activated[0m
[0m[38;2;000;000;255m[VrsDataProvider][INFO]: streamId 283-1/bluetooth activated[0m
[0m[38;2;000;000;255m[VrsDataProvider][INFO]: Utc stream found: 285-1[0m
[0m[38;2;000;000;255m[VrsDataProvider][INFO]: streamId 371-1/handtracking activated[0m
[0m[38;2;000;000;255m[VrsDataProvider][INFO]: streamId 371-2/vio activated[0m
[0m[38;2;000;000;255m[VrsDataProvider][INFO]: streamId 371-3/vio_high_frequency activated[0m
[0m[38;2;000;000;255m[VrsDataProvider][INFO]: streamId 373-1/eyegaze activated[0m
[0m[38;2;000;000;255m[VrsDataProvider][INFO]: streamId 500-1/als activated[0m
[0m[38;2;000;000;255m[VrsDataProvider][INFO]: Fail to activate streamId 502-1[0m
[0m[38;2;000;000;255m[VrsDataProvider][INFO]: streamId 1201-1/slam-front-left activated[0m
[0m[38;2;000;000;255m[VrsDataProvider][INFO]: streamId 1201-2/slam-front-right activated[0m
[0m[38;2;000;000;255m[VrsDataProvider][INFO]: streamId 1201-3/slam-side-left activated[0m
[0m[38;2;000;000;255m[VrsDataProvider][INFO]: streamId 1201-4/slam-side-right activated[0m
[0m[38;2;000;000;255m[VrsDataProvider][INFO]: streamId 1202-1/imu-left activated[0m
[0m[38;2;000;000;255m[VrsDataProvider][INFO]: streamId 1202-2/imu-right activated[0m
[0m[38;2;000;000;255m[VrsDataProvider][INFO]: streamId 1203-1/mag0 activated[0m
[0m[38;2;000;000;255m[XprsDecoder][INFO]: Using H.265 SW decoder named 'hevc' (xprs::gray8 -> vrs::grey8)[0m
[0m[38;2;000;000;255m[TelemetryLogger][INFO]: make_xprs_decoder, video/200x200/pixel=grey8/codec=H.265: H.265/SW/hevc, gray8[0m
[0m[38;2;000;000;255m[XprsDecoder][INFO]: Using H.265 SW decoder named 'hevc' (xprs::gray8 -> vrs::grey8)[0m
[0m[38;2;000;000;255m[TelemetryLogger][INFO]: make_xprs_decoder, video/200x200/pixel=grey8/codec=H.265: H.265/SW/hevc, gray8[0m
[0m[38;2;000;000;255m[XprsDecoder][INFO]: Using H.265 SW decoder named 'hevc' (xprs::yuv420p -> vrs::yuv_i420_split)[0m
[0m[38;2;000;000;255m[TelemetryLogger][INFO]: make_xprs_decoder, video/2016x1512/pixel=yuv_i420_split/codec=H.265: H.265/SW/hevc, yuv420p[0m
[0m[38;2;000;000;255m[XprsDecoder][INFO]: Using H.265 SW decoder named 'hevc' (xprs::gray8 -> vrs::grey8)[0m
[0m[38;2;000;000;255m[TelemetryLogger][INFO]: make_xprs_decoder, video/512x512/pixel=grey8/codec=H.265: H.265/SW/hevc, gray8[0m
[0m[38;2;000;000;255m[XprsDecoder][INFO]: Using H.265 SW decoder named 'hevc' (xprs::gray8 -> vrs::grey8)[0m
[0m[38;2;000;000;255m[TelemetryLogger][INFO]: make_xprs_decoder, video/512x512/pixel=grey8/codec=H.265: H.265/SW/hevc, gray8[0m
[0m[38;2;000;000;255m[XprsDecoder][INFO]: Using H.265 SW decoder named 'hevc' (xprs::gray8 -> vrs::grey8)[0m
[0m[38;2;000;000;255m[TelemetryLogger][INFO]: make_xprs_decoder, video/512x512/pixel=grey8/codec=H.265: H.265/SW/hevc, gray8[0m
[0m[38;2;000;000;255m[XprsDecoder][INFO]: Using H.265 SW decoder named 'hevc' (xprs::gray8 -> vrs::grey8)[0m
[0m[38;2;000;000;255m[TelemetryLogger][INFO]: make_xprs_decoder, video/512x512/pixel=grey8/codec=H.265: H.265/SW/hevc, gray8[0m
[0m[38;2;000;000;255m[ProgressLogger][INFO]: 2026-07-02 00:21:45: Opening /home/eker/Master-Thesis---Multi-modal-User-Intention-Estimation-and-Hand-Position-Prediction/Data_collection/Data_vrs/Melih_4_20260616_175523.vrs...[0m
[0m[38;2;000;128;000m[MultiRecordFileReader][DEBUG]: Opened file '/home/eker/Master-Thesis---Multi-modal-User-Intention-Estimation-and-Hand-Position-Prediction/Data_collection/Data_vrs/Melih_4_20260616_175523.vrs' and assigned to reader #0[0m
[0m[38;2;000;000;255m[VrsDataProvider][INFO]: streamId 211-1/camera-et-left activated[0m
[0m[38;2;000;000;255m[VrsDataProvider][INFO]: streamId 211-2/camera-et-right activated[0m
[0m[38;2;000;000;255m[VrsDataProvider][INFO]: streamId 214-1/camera-rgb activated[0m
[0m[38;2;000;000;255m[VrsDataProvider][INFO]: streamId 231-1/mic activated[0m
[0m[38;2;000;000;255m[VrsDataProvider][INFO]: streamId 246-1/temperature activated[0m
[0m[38;2;000;000;255m[VrsDataProvider][INFO]: streamId 247-1/baro0 activated[0m
[0m[38;2;000;000;255m[VrsDataProvider][INFO]: streamId 248-1/ppg activated[0m
[0m[38;2;000;000;255m[VrsDataProvider][INFO]: streamId 281-1/gps-app activated[0m
[0m[38;2;000;000;255m[VrsDataProvider][INFO]: streamId 282-1/wps activated[0m
[0m[38;2;000;000;255m[VrsDataProvider][INFO]: streamId 283-1/bluetooth activated[0m
[0m[38;2;000;000;255m[VrsDataProvider][INFO]: Utc stream found: 285-1[0m
[0m[38;2;000;000;255m[VrsDataProvider][INFO]: streamId 371-1/handtracking activated[0m
[0m[38;2;000;000;255m[VrsDataProvider][INFO]: streamId 371-2/vio activated[0m
[0m[38;2;000;000;255m[VrsDataProvider][INFO]: streamId 371-3/vio_high_frequency activated[0m
[0m[38;2;000;000;255m[VrsDataProvider][INFO]: streamId 373-1/eyegaze activated[0m
[0m[38;2;000;000;255m[VrsDataProvider][INFO]: streamId 500-1/als activated[0m
[0m[38;2;000;000;255m[VrsDataProvider][INFO]: Fail to activate streamId 502-1[0m
[0m[38;2;000;000;255m[VrsDataProvider][INFO]: streamId 1201-1/slam-front-left activated[0m
[0m[38;2;000;000;255m[VrsDataProvider][INFO]: streamId 1201-2/slam-front-right activated[0m
[0m[38;2;000;000;255m[VrsDataProvider][INFO]: streamId 1201-3/slam-side-left activated[0m
[0m[38;2;000;000;255m[VrsDataProvider][INFO]: streamId 1201-4/slam-side-right activated[0m
[0m[38;2;000;000;255m[VrsDataProvider][INFO]: streamId 1202-1/imu-left activated[0m
[0m[38;2;000;000;255m[VrsDataProvider][INFO]: streamId 1202-2/imu-right activated[0m
[0m[38;2;000;000;255m[VrsDataProvider][INFO]: streamId 1203-1/mag0 activated[0m
[0m[38;2;000;000;255m[XprsDecoder][INFO]: Using H.265 SW decoder named 'hevc' (xprs::gray8 -> vrs::grey8)[0m
[0m[38;2;000;000;255m[TelemetryLogger][INFO]: make_xprs_decoder, video/200x200/pixel=grey8/codec=H.265: H.265/SW/hevc, gray8[0m
[0m[38;2;000;000;255m[XprsDecoder][INFO]: Using H.265 SW decoder named 'hevc' (xprs::gray8 -> vrs::grey8)[0m
[0m[38;2;000;000;255m[TelemetryLogger][INFO]: make_xprs_decoder, video/200x200/pixel=grey8/codec=H.265: H.265/SW/hevc, gray8[0m
[0m[38;2;000;000;255m[XprsDecoder][INFO]: Using H.265 SW decoder named 'hevc' (xprs::yuv420p -> vrs::yuv_i420_split)[0m
[0m[38;2;000;000;255m[TelemetryLogger][INFO]: make_xprs_decoder, video/2016x1512/pixel=yuv_i420_split/codec=H.265: H.265/SW/hevc, yuv420p[0m
[0m[38;2;000;000;255m[XprsDecoder][INFO]: Using H.265 SW decoder named 'hevc' (xprs::gray8 -> vrs::grey8)[0m
[0m[38;2;000;000;255m[TelemetryLogger][INFO]: make_xprs_decoder, video/512x512/pixel=grey8/codec=H.265: H.265/SW/hevc, gray8[0m
[0m[38;2;000;000;255m[XprsDecoder][INFO]: Using H.265 SW decoder named 'hevc' (xprs::gray8 -> vrs::grey8)[0m
[0m[38;2;000;000;255m[TelemetryLogger][INFO]: make_xprs_decoder, video/512x512/pixel=grey8/codec=H.265: H.265/SW/hevc, gray8[0m
[0m[38;2;000;000;255m[XprsDecoder][INFO]: Using H.265 SW decoder named 'hevc' (xprs::gray8 -> vrs::grey8)[0m
[0m[38;2;000;000;255m[TelemetryLogger][INFO]: make_xprs_decoder, video/512x512/pixel=grey8/codec=H.265: H.265/SW/hevc, gray8[0m
[0m[38;2;000;000;255m[XprsDecoder][INFO]: Using H.265 SW decoder named 'hevc' (xprs::gray8 -> vrs::grey8)[0m
[0m[38;2;000;000;255m[TelemetryLogger][INFO]: make_xprs_decoder, video/512x512/pixel=grey8/codec=H.265: H.265/SW/hevc, gray8[0m
[0m[38;2;000;000;255m[ProgressLogger][INFO]: 2026-07-02 00:27:35: Opening /home/eker/Master-Thesis---Multi-modal-User-Intention-Estimation-and-Hand-Position-Prediction/Data_collection/Data_vrs/Melih_5_20260616_175612.vrs...[0m
[0m[38;2;000;128;000m[MultiRecordFileReader][DEBUG]: Opened file '/home/eker/Master-Thesis---Multi-modal-User-Intention-Estimation-and-Hand-Position-Prediction/Data_collection/Data_vrs/Melih_5_20260616_175612.vrs' and assigned to reader #0[0m
[0m[38;2;000;000;255m[VrsDataProvider][INFO]: streamId 211-1/camera-et-left activated[0m
[0m[38;2;000;000;255m[VrsDataProvider][INFO]: streamId 211-2/camera-et-right activated[0m
[0m[38;2;000;000;255m[VrsDataProvider][INFO]: streamId 214-1/camera-rgb activated[0m
[0m[38;2;000;000;255m[VrsDataProvider][INFO]: streamId 231-1/mic activated[0m
[0m[38;2;000;000;255m[VrsDataProvider][INFO]: streamId 246-1/temperature activated[0m
[0m[38;2;000;000;255m[VrsDataProvider][INFO]: streamId 247-1/baro0 activated[0m
[0m[38;2;000;000;255m[VrsDataProvider][INFO]: streamId 248-1/ppg activated[0m
[0m[38;2;000;000;255m[VrsDataProvider][INFO]: streamId 281-1/gps-app activated[0m
[0m[38;2;000;000;255m[VrsDataProvider][INFO]: streamId 282-1/wps activated[0m
[0m[38;2;000;000;255m[VrsDataProvider][INFO]: streamId 283-1/bluetooth activated[0m
[0m[38;2;000;000;255m[VrsDataProvider][INFO]: Utc stream found: 285-1[0m
[0m[38;2;000;000;255m[VrsDataProvider][INFO]: streamId 371-1/handtracking activated[0m
[0m[38;2;000;000;255m[VrsDataProvider][INFO]: streamId 371-2/vio activated[0m
[0m[38;2;000;000;255m[VrsDataProvider][INFO]: streamId 371-3/vio_high_frequency activated[0m
[0m[38;2;000;000;255m[VrsDataProvider][INFO]: streamId 373-1/eyegaze activated[0m
[0m[38;2;000;000;255m[VrsDataProvider][INFO]: streamId 500-1/als activated[0m
[0m[38;2;000;000;255m[VrsDataProvider][INFO]: Fail to activate streamId 502-1[0m
[0m[38;2;000;000;255m[VrsDataProvider][INFO]: streamId 1201-1/slam-front-left activated[0m
[0m[38;2;000;000;255m[VrsDataProvider][INFO]: streamId 1201-2/slam-front-right activated[0m
[0m[38;2;000;000;255m[VrsDataProvider][INFO]: streamId 1201-3/slam-side-left activated[0m
[0m[38;2;000;000;255m[VrsDataProvider][INFO]: streamId 1201-4/slam-side-right activated[0m
[0m[38;2;000;000;255m[VrsDataProvider][INFO]: streamId 1202-1/imu-left activated[0m
[0m[38;2;000;000;255m[VrsDataProvider][INFO]: streamId 1202-2/imu-right activated[0m
[0m[38;2;000;000;255m[VrsDataProvider][INFO]: streamId 1203-1/mag0 activated[0m
[0m[38;2;000;000;255m[XprsDecoder][INFO]: Using H.265 SW decoder named 'hevc' (xprs::gray8 -> vrs::grey8)[0m
[0m[38;2;000;000;255m[TelemetryLogger][INFO]: make_xprs_decoder, video/200x200/pixel=grey8/codec=H.265: H.265/SW/hevc, gray8[0m
[0m[38;2;000;000;255m[XprsDecoder][INFO]: Using H.265 SW decoder named 'hevc' (xprs::gray8 -> vrs::grey8)[0m
[0m[38;2;000;000;255m[TelemetryLogger][INFO]: make_xprs_decoder, video/200x200/pixel=grey8/codec=H.265: H.265/SW/hevc, gray8[0m
[0m[38;2;000;000;255m[XprsDecoder][INFO]: Using H.265 SW decoder named 'hevc' (xprs::yuv420p -> vrs::yuv_i420_split)[0m
[0m[38;2;000;000;255m[TelemetryLogger][INFO]: make_xprs_decoder, video/2016x1512/pixel=yuv_i420_split/codec=H.265: H.265/SW/hevc, yuv420p[0m
[0m[38;2;000;000;255m[XprsDecoder][INFO]: Using H.265 SW decoder named 'hevc' (xprs::gray8 -> vrs::grey8)[0m
[0m[38;2;000;000;255m[TelemetryLogger][INFO]: make_xprs_decoder, video/512x512/pixel=grey8/codec=H.265: H.265/SW/hevc, gray8[0m
[0m[38;2;000;000;255m[XprsDecoder][INFO]: Using H.265 SW decoder named 'hevc' (xprs::gray8 -> vrs::grey8)[0m
[0m[38;2;000;000;255m[TelemetryLogger][INFO]: make_xprs_decoder, video/512x512/pixel=grey8/codec=H.265: H.265/SW/hevc, gray8[0m
[0m[38;2;000;000;255m[XprsDecoder][INFO]: Using H.265 SW decoder named 'hevc' (xprs::gray8 -> vrs::grey8)[0m
[0m[38;2;000;000;255m[TelemetryLogger][INFO]: make_xprs_decoder, video/512x512/pixel=grey8/codec=H.265: H.265/SW/hevc, gray8[0m
[0m[38;2;000;000;255m[XprsDecoder][INFO]: Using H.265 SW decoder named 'hevc' (xprs::gray8 -> vrs::grey8)[0m
[0m[38;2;000;000;255m[TelemetryLogger][INFO]: make_xprs_decoder, video/512x512/pixel=grey8/codec=H.265: H.265/SW/hevc, gray8[0m
[0m[38;2;000;000;255m[ProgressLogger][INFO]: 2026-07-02 00:33:18: Opening /home/eker/Master-Thesis---Multi-modal-User-Intention-Estimation-and-Hand-Position-Prediction/Data_collection/Data_vrs/Melih_6_20260616_180104.vrs...[0m
[0m[38;2;000;128;000m[MultiRecordFileReader][DEBUG]: Opened file '/home/eker/Master-Thesis---Multi-modal-User-Intention-Estimation-and-Hand-Position-Prediction/Data_collection/Data_vrs/Melih_6_20260616_180104.vrs' and assigned to reader #0[0m
[0m[38;2;000;000;255m[VrsDataProvider][INFO]: streamId 211-1/camera-et-left activated[0m
[0m[38;2;000;000;255m[VrsDataProvider][INFO]: streamId 211-2/camera-et-right activated[0m
[0m[38;2;000;000;255m[VrsDataProvider][INFO]: streamId 214-1/camera-rgb activated[0m
[0m[38;2;000;000;255m[VrsDataProvider][INFO]: streamId 231-1/mic activated[0m
[0m[38;2;000;000;255m[VrsDataProvider][INFO]: streamId 246-1/temperature activated[0m
[0m[38;2;000;000;255m[VrsDataProvider][INFO]: streamId 247-1/baro0 activated[0m
[0m[38;2;000;000;255m[VrsDataProvider][INFO]: streamId 248-1/ppg activated[0m
[0m[38;2;000;000;255m[VrsDataProvider][INFO]: streamId 281-1/gps-app activated[0m
[0m[38;2;000;000;255m[VrsDataProvider][INFO]: streamId 282-1/wps activated[0m
[0m[38;2;000;000;255m[VrsDataProvider][INFO]: streamId 283-1/bluetooth activated[0m
[0m[38;2;000;000;255m[VrsDataProvider][INFO]: Utc stream found: 285-1[0m
[0m[38;2;000;000;255m[VrsDataProvider][INFO]: streamId 371-1/handtracking activated[0m
[0m[38;2;000;000;255m[VrsDataProvider][INFO]: streamId 371-2/vio activated[0m
[0m[38;2;000;000;255m[VrsDataProvider][INFO]: streamId 371-3/vio_high_frequency activated[0m
[0m[38;2;000;000;255m[VrsDataProvider][INFO]: streamId 373-1/eyegaze activated[0m
[0m[38;2;000;000;255m[VrsDataProvider][INFO]: streamId 500-1/als activated[0m
[0m[38;2;000;000;255m[VrsDataProvider][INFO]: Fail to activate streamId 502-1[0m
[0m[38;2;000;000;255m[VrsDataProvider][INFO]: streamId 1201-1/slam-front-left activated[0m
[0m[38;2;000;000;255m[VrsDataProvider][INFO]: streamId 1201-2/slam-front-right activated[0m
[0m[38;2;000;000;255m[VrsDataProvider][INFO]: streamId 1201-3/slam-side-left activated[0m
[0m[38;2;000;000;255m[VrsDataProvider][INFO]: streamId 1201-4/slam-side-right activated[0m
[0m[38;2;000;000;255m[VrsDataProvider][INFO]: streamId 1202-1/imu-left activated[0m
[0m[38;2;000;000;255m[VrsDataProvider][INFO]: streamId 1202-2/imu-right activated[0m
[0m[38;2;000;000;255m[VrsDataProvider][INFO]: streamId 1203-1/mag0 activated[0m
[0m[38;2;000;000;255m[XprsDecoder][INFO]: Using H.265 SW decoder named 'hevc' (xprs::gray8 -> vrs::grey8)[0m
[0m[38;2;000;000;255m[TelemetryLogger][INFO]: make_xprs_decoder, video/200x200/pixel=grey8/codec=H.265: H.265/SW/hevc, gray8[0m
[0m[38;2;000;000;255m[XprsDecoder][INFO]: Using H.265 SW decoder named 'hevc' (xprs::gray8 -> vrs::grey8)[0m
[0m[38;2;000;000;255m[TelemetryLogger][INFO]: make_xprs_decoder, video/200x200/pixel=grey8/codec=H.265: H.265/SW/hevc, gray8[0m
[0m[38;2;000;000;255m[XprsDecoder][INFO]: Using H.265 SW decoder named 'hevc' (xprs::yuv420p -> vrs::yuv_i420_split)[0m
[0m[38;2;000;000;255m[TelemetryLogger][INFO]: make_xprs_decoder, video/2016x1512/pixel=yuv_i420_split/codec=H.265: H.265/SW/hevc, yuv420p[0m
[0m[38;2;000;000;255m[XprsDecoder][INFO]: Using H.265 SW decoder named 'hevc' (xprs::gray8 -> vrs::grey8)[0m
[0m[38;2;000;000;255m[TelemetryLogger][INFO]: make_xprs_decoder, video/512x512/pixel=grey8/codec=H.265: H.265/SW/hevc, gray8[0m
[0m[38;2;000;000;255m[XprsDecoder][INFO]: Using H.265 SW decoder named 'hevc' (xprs::gray8 -> vrs::grey8)[0m
[0m[38;2;000;000;255m[TelemetryLogger][INFO]: make_xprs_decoder, video/512x512/pixel=grey8/codec=H.265: H.265/SW/hevc, gray8[0m
[0m[38;2;000;000;255m[XprsDecoder][INFO]: Using H.265 SW decoder named 'hevc' (xprs::gray8 -> vrs::grey8)[0m
[0m[38;2;000;000;255m[TelemetryLogger][INFO]: make_xprs_decoder, video/512x512/pixel=grey8/codec=H.265: H.265/SW/hevc, gray8[0m
[0m[38;2;000;000;255m[XprsDecoder][INFO]: Using H.265 SW decoder named 'hevc' (xprs::gray8 -> vrs::grey8)[0m
[0m[38;2;000;000;255m[TelemetryLogger][INFO]: make_xprs_decoder, video/512x512/pixel=grey8/codec=H.265: H.265/SW/hevc, gray8[0m
[0m[38;2;000;000;255m[ProgressLogger][INFO]: 2026-07-02 00:38:43: Opening /home/eker/Master-Thesis---Multi-modal-User-Intention-Estimation-and-Hand-Position-Prediction/Data_collection/Data_vrs/Melih_7_20260616_180202.vrs...[0m
[0m[38;2;000;128;000m[MultiRecordFileReader][DEBUG]: Opened file '/home/eker/Master-Thesis---Multi-modal-User-Intention-Estimation-and-Hand-Position-Prediction/Data_collection/Data_vrs/Melih_7_20260616_180202.vrs' and assigned to reader #0[0m
[0m[38;2;000;000;255m[VrsDataProvider][INFO]: streamId 211-1/camera-et-left activated[0m
[0m[38;2;000;000;255m[VrsDataProvider][INFO]: streamId 211-2/camera-et-right activated[0m
[0m[38;2;000;000;255m[VrsDataProvider][INFO]: streamId 214-1/camera-rgb activated[0m
[0m[38;2;000;000;255m[VrsDataProvider][INFO]: streamId 231-1/mic activated[0m
[0m[38;2;000;000;255m[VrsDataProvider][INFO]: streamId 246-1/temperature activated[0m
[0m[38;2;000;000;255m[VrsDataProvider][INFO]: streamId 247-1/baro0 activated[0m
[0m[38;2;000;000;255m[VrsDataProvider][INFO]: streamId 248-1/ppg activated[0m
[0m[38;2;000;000;255m[VrsDataProvider][INFO]: streamId 281-1/gps-app activated[0m
[0m[38;2;000;000;255m[VrsDataProvider][INFO]: streamId 282-1/wps activated[0m
[0m[38;2;000;000;255m[VrsDataProvider][INFO]: streamId 283-1/bluetooth activated[0m
[0m[38;2;000;000;255m[VrsDataProvider][INFO]: Utc stream found: 285-1[0m
[0m[38;2;000;000;255m[VrsDataProvider][INFO]: streamId 371-1/handtracking activated[0m
[0m[38;2;000;000;255m[VrsDataProvider][INFO]: streamId 371-2/vio activated[0m
[0m[38;2;000;000;255m[VrsDataProvider][INFO]: streamId 371-3/vio_high_frequency activated[0m
[0m[38;2;000;000;255m[VrsDataProvider][INFO]: streamId 373-1/eyegaze activated[0m
[0m[38;2;000;000;255m[VrsDataProvider][INFO]: streamId 500-1/als activated[0m
[0m[38;2;000;000;255m[VrsDataProvider][INFO]: Fail to activate streamId 502-1[0m
[0m[38;2;000;000;255m[VrsDataProvider][INFO]: streamId 1201-1/slam-front-left activated[0m
[0m[38;2;000;000;255m[VrsDataProvider][INFO]: streamId 1201-2/slam-front-right activated[0m
[0m[38;2;000;000;255m[VrsDataProvider][INFO]: streamId 1201-3/slam-side-left activated[0m
[0m[38;2;000;000;255m[VrsDataProvider][INFO]: streamId 1201-4/slam-side-right activated[0m
[0m[38;2;000;000;255m[VrsDataProvider][INFO]: streamId 1202-1/imu-left activated[0m
[0m[38;2;000;000;255m[VrsDataProvider][INFO]: streamId 1202-2/imu-right activated[0m
[0m[38;2;000;000;255m[VrsDataProvider][INFO]: streamId 1203-1/mag0 activated[0m
[0m[38;2;000;000;255m[XprsDecoder][INFO]: Using H.265 SW decoder named 'hevc' (xprs::gray8 -> vrs::grey8)[0m
[0m[38;2;000;000;255m[TelemetryLogger][INFO]: make_xprs_decoder, video/200x200/pixel=grey8/codec=H.265: H.265/SW/hevc, gray8[0m
[0m[38;2;000;000;255m[XprsDecoder][INFO]: Using H.265 SW decoder named 'hevc' (xprs::gray8 -> vrs::grey8)[0m
[0m[38;2;000;000;255m[TelemetryLogger][INFO]: make_xprs_decoder, video/200x200/pixel=grey8/codec=H.265: H.265/SW/hevc, gray8[0m
[0m[38;2;000;000;255m[XprsDecoder][INFO]: Using H.265 SW decoder named 'hevc' (xprs::yuv420p -> vrs::yuv_i420_split)[0m
[0m[38;2;000;000;255m[TelemetryLogger][INFO]: make_xprs_decoder, video/2016x1512/pixel=yuv_i420_split/codec=H.265: H.265/SW/hevc, yuv420p[0m
[0m[38;2;000;000;255m[XprsDecoder][INFO]: Using H.265 SW decoder named 'hevc' (xprs::gray8 -> vrs::grey8)[0m
[0m[38;2;000;000;255m[TelemetryLogger][INFO]: make_xprs_decoder, video/512x512/pixel=grey8/codec=H.265: H.265/SW/hevc, gray8[0m
[0m[38;2;000;000;255m[XprsDecoder][INFO]: Using H.265 SW decoder named 'hevc' (xprs::gray8 -> vrs::grey8)[0m
[0m[38;2;000;000;255m[TelemetryLogger][INFO]: make_xprs_decoder, video/512x512/pixel=grey8/codec=H.265: H.265/SW/hevc, gray8[0m
[0m[38;2;000;000;255m[XprsDecoder][INFO]: Using H.265 SW decoder named 'hevc' (xprs::gray8 -> vrs::grey8)[0m
[0m[38;2;000;000;255m[TelemetryLogger][INFO]: make_xprs_decoder, video/512x512/pixel=grey8/codec=H.265: H.265/SW/hevc, gray8[0m
[0m[38;2;000;000;255m[XprsDecoder][INFO]: Using H.265 SW decoder named 'hevc' (xprs::gray8 -> vrs::grey8)[0m
[0m[38;2;000;000;255m[TelemetryLogger][INFO]: make_xprs_decoder, video/512x512/pixel=grey8/codec=H.265: H.265/SW/hevc, gray8[0m
[0m[38;2;000;000;255m[ProgressLogger][INFO]: 2026-07-02 00:44:32: Opening /home/eker/Master-Thesis---Multi-modal-User-Intention-Estimation-and-Hand-Position-Prediction/Data_collection/Data_vrs/Melih_8_20260616_180307.vrs...[0m
[0m[38;2;000;128;000m[MultiRecordFileReader][DEBUG]: Opened file '/home/eker/Master-Thesis---Multi-modal-User-Intention-Estimation-and-Hand-Position-Prediction/Data_collection/Data_vrs/Melih_8_20260616_180307.vrs' and assigned to reader #0[0m
[0m[38;2;000;000;255m[VrsDataProvider][INFO]: streamId 211-1/camera-et-left activated[0m
[0m[38;2;000;000;255m[VrsDataProvider][INFO]: streamId 211-2/camera-et-right activated[0m
[0m[38;2;000;000;255m[VrsDataProvider][INFO]: streamId 214-1/camera-rgb activated[0m
[0m[38;2;000;000;255m[VrsDataProvider][INFO]: streamId 231-1/mic activated[0m
[0m[38;2;000;000;255m[VrsDataProvider][INFO]: streamId 246-1/temperature activated[0m
[0m[38;2;000;000;255m[VrsDataProvider][INFO]: streamId 247-1/baro0 activated[0m
[0m[38;2;000;000;255m[VrsDataProvider][INFO]: streamId 248-1/ppg activated[0m
[0m[38;2;000;000;255m[VrsDataProvider][INFO]: streamId 281-1/gps-app activated[0m
[0m[38;2;000;000;255m[VrsDataProvider][INFO]: streamId 282-1/wps activated[0m
[0m[38;2;000;000;255m[VrsDataProvider][INFO]: streamId 283-1/bluetooth activated[0m
[0m[38;2;000;000;255m[VrsDataProvider][INFO]: Utc stream found: 285-1[0m
[0m[38;2;000;000;255m[VrsDataProvider][INFO]: streamId 371-1/handtracking activated[0m
[0m[38;2;000;000;255m[VrsDataProvider][INFO]: streamId 371-2/vio activated[0m
[0m[38;2;000;000;255m[VrsDataProvider][INFO]: streamId 371-3/vio_high_frequency activated[0m
[0m[38;2;000;000;255m[VrsDataProvider][INFO]: streamId 373-1/eyegaze activated[0m
[0m[38;2;000;000;255m[VrsDataProvider][INFO]: streamId 500-1/als activated[0m
[0m[38;2;000;000;255m[VrsDataProvider][INFO]: Fail to activate streamId 502-1[0m
[0m[38;2;000;000;255m[VrsDataProvider][INFO]: streamId 1201-1/slam-front-left activated[0m
[0m[38;2;000;000;255m[VrsDataProvider][INFO]: streamId 1201-2/slam-front-right activated[0m
[0m[38;2;000;000;255m[VrsDataProvider][INFO]: streamId 1201-3/slam-side-left activated[0m
[0m[38;2;000;000;255m[VrsDataProvider][INFO]: streamId 1201-4/slam-side-right activated[0m
[0m[38;2;000;000;255m[VrsDataProvider][INFO]: streamId 1202-1/imu-left activated[0m
[0m[38;2;000;000;255m[VrsDataProvider][INFO]: streamId 1202-2/imu-right activated[0m
[0m[38;2;000;000;255m[VrsDataProvider][INFO]: streamId 1203-1/mag0 activated[0m
[0m[38;2;000;000;255m[XprsDecoder][INFO]: Using H.265 SW decoder named 'hevc' (xprs::gray8 -> vrs::grey8)[0m
[0m[38;2;000;000;255m[TelemetryLogger][INFO]: make_xprs_decoder, video/200x200/pixel=grey8/codec=H.265: H.265/SW/hevc, gray8[0m
[0m[38;2;000;000;255m[XprsDecoder][INFO]: Using H.265 SW decoder named 'hevc' (xprs::gray8 -> vrs::grey8)[0m
[0m[38;2;000;000;255m[TelemetryLogger][INFO]: make_xprs_decoder, video/200x200/pixel=grey8/codec=H.265: H.265/SW/hevc, gray8[0m
[0m[38;2;000;000;255m[XprsDecoder][INFO]: Using H.265 SW decoder named 'hevc' (xprs::yuv420p -> vrs::yuv_i420_split)[0m
[0m[38;2;000;000;255m[TelemetryLogger][INFO]: make_xprs_decoder, video/2016x1512/pixel=yuv_i420_split/codec=H.265: H.265/SW/hevc, yuv420p[0m
[0m[38;2;000;000;255m[XprsDecoder][INFO]: Using H.265 SW decoder named 'hevc' (xprs::gray8 -> vrs::grey8)[0m
[0m[38;2;000;000;255m[TelemetryLogger][INFO]: make_xprs_decoder, video/512x512/pixel=grey8/codec=H.265: H.265/SW/hevc, gray8[0m
[0m[38;2;000;000;255m[XprsDecoder][INFO]: Using H.265 SW decoder named 'hevc' (xprs::gray8 -> vrs::grey8)[0m
[0m[38;2;000;000;255m[TelemetryLogger][INFO]: make_xprs_decoder, video/512x512/pixel=grey8/codec=H.265: H.265/SW/hevc, gray8[0m
[0m[38;2;000;000;255m[XprsDecoder][INFO]: Using H.265 SW decoder named 'hevc' (xprs::gray8 -> vrs::grey8)[0m
[0m[38;2;000;000;255m[TelemetryLogger][INFO]: make_xprs_decoder, video/512x512/pixel=grey8/codec=H.265: H.265/SW/hevc, gray8[0m
[0m[38;2;000;000;255m[XprsDecoder][INFO]: Using H.265 SW decoder named 'hevc' (xprs::gray8 -> vrs::grey8)[0m
[0m[38;2;000;000;255m[TelemetryLogger][INFO]: make_xprs_decoder, video/512x512/pixel=grey8/codec=H.265: H.265/SW/hevc, gray8[0m
[0m[38;2;000;000;255m[ProgressLogger][INFO]: 2026-07-02 00:50:03: Opening /home/eker/Master-Thesis---Multi-modal-User-Intention-Estimation-and-Hand-Position-Prediction/Data_collection/Data_vrs/Melih_9_20260616_180402.vrs...[0m
[0m[38;2;000;128;000m[MultiRecordFileReader][DEBUG]: Opened file '/home/eker/Master-Thesis---Multi-modal-User-Intention-Estimation-and-Hand-Position-Prediction/Data_collection/Data_vrs/Melih_9_20260616_180402.vrs' and assigned to reader #0[0m
[0m[38;2;000;000;255m[VrsDataProvider][INFO]: streamId 211-1/camera-et-left activated[0m
[0m[38;2;000;000;255m[VrsDataProvider][INFO]: streamId 211-2/camera-et-right activated[0m
[0m[38;2;000;000;255m[VrsDataProvider][INFO]: streamId 214-1/camera-rgb activated[0m
[0m[38;2;000;000;255m[VrsDataProvider][INFO]: streamId 231-1/mic activated[0m
[0m[38;2;000;000;255m[VrsDataProvider][INFO]: streamId 246-1/temperature activated[0m
[0m[38;2;000;000;255m[VrsDataProvider][INFO]: streamId 247-1/baro0 activated[0m
[0m[38;2;000;000;255m[VrsDataProvider][INFO]: streamId 248-1/ppg activated[0m
[0m[38;2;000;000;255m[VrsDataProvider][INFO]: streamId 281-1/gps-app activated[0m
[0m[38;2;000;000;255m[VrsDataProvider][INFO]: streamId 282-1/wps activated[0m
[0m[38;2;000;000;255m[VrsDataProvider][INFO]: streamId 283-1/bluetooth activated[0m
[0m[38;2;000;000;255m[VrsDataProvider][INFO]: Utc stream found: 285-1[0m
[0m[38;2;000;000;255m[VrsDataProvider][INFO]: streamId 371-1/handtracking activated[0m
[0m[38;2;000;000;255m[VrsDataProvider][INFO]: streamId 371-2/vio activated[0m
[0m[38;2;000;000;255m[VrsDataProvider][INFO]: streamId 371-3/vio_high_frequency activated[0m
[0m[38;2;000;000;255m[VrsDataProvider][INFO]: streamId 373-1/eyegaze activated[0m
[0m[38;2;000;000;255m[VrsDataProvider][INFO]: streamId 500-1/als activated[0m
[0m[38;2;000;000;255m[VrsDataProvider][INFO]: Fail to activate streamId 502-1[0m
[0m[38;2;000;000;255m[VrsDataProvider][INFO]: streamId 1201-1/slam-front-left activated[0m
[0m[38;2;000;000;255m[VrsDataProvider][INFO]: streamId 1201-2/slam-front-right activated[0m
[0m[38;2;000;000;255m[VrsDataProvider][INFO]: streamId 1201-3/slam-side-left activated[0m
[0m[38;2;000;000;255m[VrsDataProvider][INFO]: streamId 1201-4/slam-side-right activated[0m
[0m[38;2;000;000;255m[VrsDataProvider][INFO]: streamId 1202-1/imu-left activated[0m
[0m[38;2;000;000;255m[VrsDataProvider][INFO]: streamId 1202-2/imu-right activated[0m
[0m[38;2;000;000;255m[VrsDataProvider][INFO]: streamId 1203-1/mag0 activated[0m
[0m[38;2;000;000;255m[XprsDecoder][INFO]: Using H.265 SW decoder named 'hevc' (xprs::gray8 -> vrs::grey8)[0m
[0m[38;2;000;000;255m[TelemetryLogger][INFO]: make_xprs_decoder, video/200x200/pixel=grey8/codec=H.265: H.265/SW/hevc, gray8[0m
[0m[38;2;000;000;255m[XprsDecoder][INFO]: Using H.265 SW decoder named 'hevc' (xprs::gray8 -> vrs::grey8)[0m
[0m[38;2;000;000;255m[TelemetryLogger][INFO]: make_xprs_decoder, video/200x200/pixel=grey8/codec=H.265: H.265/SW/hevc, gray8[0m
[0m[38;2;000;000;255m[XprsDecoder][INFO]: Using H.265 SW decoder named 'hevc' (xprs::yuv420p -> vrs::yuv_i420_split)[0m
[0m[38;2;000;000;255m[TelemetryLogger][INFO]: make_xprs_decoder, video/2016x1512/pixel=yuv_i420_split/codec=H.265: H.265/SW/hevc, yuv420p[0m
[0m[38;2;000;000;255m[XprsDecoder][INFO]: Using H.265 SW decoder named 'hevc' (xprs::gray8 -> vrs::grey8)[0m
[0m[38;2;000;000;255m[TelemetryLogger][INFO]: make_xprs_decoder, video/512x512/pixel=grey8/codec=H.265: H.265/SW/hevc, gray8[0m
[0m[38;2;000;000;255m[XprsDecoder][INFO]: Using H.265 SW decoder named 'hevc' (xprs::gray8 -> vrs::grey8)[0m
[0m[38;2;000;000;255m[TelemetryLogger][INFO]: make_xprs_decoder, video/512x512/pixel=grey8/codec=H.265: H.265/SW/hevc, gray8[0m
[0m[38;2;000;000;255m[XprsDecoder][INFO]: Using H.265 SW decoder named 'hevc' (xprs::gray8 -> vrs::grey8)[0m
[0m[38;2;000;000;255m[TelemetryLogger][INFO]: make_xprs_decoder, video/512x512/pixel=grey8/codec=H.265: H.265/SW/hevc, gray8[0m
[0m[38;2;000;000;255m[XprsDecoder][INFO]: Using H.265 SW decoder named 'hevc' (xprs::gray8 -> vrs::grey8)[0m
[0m[38;2;000;000;255m[TelemetryLogger][INFO]: make_xprs_decoder, video/512x512/pixel=grey8/codec=H.265: H.265/SW/hevc, gray8[0m
[0m[38;2;000;000;255m[ProgressLogger][INFO]: 2026-07-02 00:55:38: Opening /home/eker/Master-Thesis---Multi-modal-User-Intention-Estimation-and-Hand-Position-Prediction/Data_collection/Data_vrs/Miro_1_20260604_153303.vrs...[0m
[0m[38;2;000;128;000m[MultiRecordFileReader][DEBUG]: Opened file '/home/eker/Master-Thesis---Multi-modal-User-Intention-Estimation-and-Hand-Position-Prediction/Data_collection/Data_vrs/Miro_1_20260604_153303.vrs' and assigned to reader #0[0m
[0m[38;2;000;000;255m[VrsDataProvider][INFO]: streamId 211-1/camera-et-left activated[0m
[0m[38;2;000;000;255m[VrsDataProvider][INFO]: streamId 211-2/camera-et-right activated[0m
[0m[38;2;000;000;255m[VrsDataProvider][INFO]: streamId 214-1/camera-rgb activated[0m
[0m[38;2;000;000;255m[VrsDataProvider][INFO]: streamId 231-1/mic activated[0m
[0m[38;2;000;000;255m[VrsDataProvider][INFO]: streamId 246-1/temperature activated[0m
[0m[38;2;000;000;255m[VrsDataProvider][INFO]: streamId 247-1/baro0 activated[0m
[0m[38;2;000;000;255m[VrsDataProvider][INFO]: streamId 248-1/ppg activated[0m
[0m[38;2;000;000;255m[VrsDataProvider][INFO]: streamId 281-1/gps-app activated[0m
[0m[38;2;000;000;255m[VrsDataProvider][INFO]: streamId 282-1/wps activated[0m
[0m[38;2;000;000;255m[VrsDataProvider][INFO]: streamId 283-1/bluetooth activated[0m
[0m[38;2;000;000;255m[VrsDataProvider][INFO]: Utc stream found: 285-1[0m
[0m[38;2;000;000;255m[VrsDataProvider][INFO]: streamId 371-1/handtracking activated[0m
[0m[38;2;000;000;255m[VrsDataProvider][INFO]: streamId 371-2/vio activated[0m
[0m[38;2;000;000;255m[VrsDataProvider][INFO]: streamId 371-3/vio_high_frequency activated[0m
[0m[38;2;000;000;255m[VrsDataProvider][INFO]: streamId 373-1/eyegaze activated[0m
[0m[38;2;000;000;255m[VrsDataProvider][INFO]: streamId 500-1/als activated[0m
[0m[38;2;000;000;255m[VrsDataProvider][INFO]: Fail to activate streamId 502-1[0m
[0m[38;2;000;000;255m[VrsDataProvider][INFO]: streamId 1201-1/slam-front-left activated[0m
[0m[38;2;000;000;255m[VrsDataProvider][INFO]: streamId 1201-2/slam-front-right activated[0m
[0m[38;2;000;000;255m[VrsDataProvider][INFO]: streamId 1201-3/slam-side-left activated[0m
[0m[38;2;000;000;255m[VrsDataProvider][INFO]: streamId 1201-4/slam-side-right activated[0m
[0m[38;2;000;000;255m[VrsDataProvider][INFO]: streamId 1202-1/imu-left activated[0m
[0m[38;2;000;000;255m[VrsDataProvider][INFO]: streamId 1202-2/imu-right activated[0m
[0m[38;2;000;000;255m[VrsDataProvider][INFO]: streamId 1203-1/mag0 activated[0m
[0m[38;2;000;000;255m[XprsDecoder][INFO]: Using H.265 SW decoder named 'hevc' (xprs::gray8 -> vrs::grey8)[0m
[0m[38;2;000;000;255m[TelemetryLogger][INFO]: make_xprs_decoder, video/200x200/pixel=grey8/codec=H.265: H.265/SW/hevc, gray8[0m
[0m[38;2;000;000;255m[XprsDecoder][INFO]: Using H.265 SW decoder named 'hevc' (xprs::gray8 -> vrs::grey8)[0m
[0m[38;2;000;000;255m[TelemetryLogger][INFO]: make_xprs_decoder, video/200x200/pixel=grey8/codec=H.265: H.265/SW/hevc, gray8[0m
[0m[38;2;000;000;255m[XprsDecoder][INFO]: Using H.265 SW decoder named 'hevc' (xprs::yuv420p -> vrs::yuv_i420_split)[0m
[0m[38;2;000;000;255m[TelemetryLogger][INFO]: make_xprs_decoder, video/2016x1512/pixel=yuv_i420_split/codec=H.265: H.265/SW/hevc, yuv420p[0m
[0m[38;2;000;000;255m[XprsDecoder][INFO]: Using H.265 SW decoder named 'hevc' (xprs::gray8 -> vrs::grey8)[0m
[0m[38;2;000;000;255m[TelemetryLogger][INFO]: make_xprs_decoder, video/512x512/pixel=grey8/codec=H.265: H.265/SW/hevc, gray8[0m
[0m[38;2;000;000;255m[XprsDecoder][INFO]: Using H.265 SW decoder named 'hevc' (xprs::gray8 -> vrs::grey8)[0m
[0m[38;2;000;000;255m[TelemetryLogger][INFO]: make_xprs_decoder, video/512x512/pixel=grey8/codec=H.265: H.265/SW/hevc, gray8[0m
[0m[38;2;000;000;255m[XprsDecoder][INFO]: Using H.265 SW decoder named 'hevc' (xprs::gray8 -> vrs::grey8)[0m
[0m[38;2;000;000;255m[TelemetryLogger][INFO]: make_xprs_decoder, video/512x512/pixel=grey8/codec=H.265: H.265/SW/hevc, gray8[0m
[0m[38;2;000;000;255m[XprsDecoder][INFO]: Using H.265 SW decoder named 'hevc' (xprs::gray8 -> vrs::grey8)[0m
[0m[38;2;000;000;255m[TelemetryLogger][INFO]: make_xprs_decoder, video/512x512/pixel=grey8/codec=H.265: H.265/SW/hevc, gray8[0m
[0m[38;2;000;000;255m[ProgressLogger][INFO]: 2026-07-02 01:01:13: Opening /home/eker/Master-Thesis---Multi-modal-User-Intention-Estimation-and-Hand-Position-Prediction/Data_collection/Data_vrs/Miro_2_20260604_153451.vrs...[0m
[0m[38;2;000;128;000m[MultiRecordFileReader][DEBUG]: Opened file '/home/eker/Master-Thesis---Multi-modal-User-Intention-Estimation-and-Hand-Position-Prediction/Data_collection/Data_vrs/Miro_2_20260604_153451.vrs' and assigned to reader #0[0m
[0m[38;2;000;000;255m[VrsDataProvider][INFO]: streamId 211-1/camera-et-left activated[0m
[0m[38;2;000;000;255m[VrsDataProvider][INFO]: streamId 211-2/camera-et-right activated[0m
[0m[38;2;000;000;255m[VrsDataProvider][INFO]: streamId 214-1/camera-rgb activated[0m
[0m[38;2;000;000;255m[VrsDataProvider][INFO]: streamId 231-1/mic activated[0m
[0m[38;2;000;000;255m[VrsDataProvider][INFO]: streamId 246-1/temperature activated[0m
[0m[38;2;000;000;255m[VrsDataProvider][INFO]: streamId 247-1/baro0 activated[0m
[0m[38;2;000;000;255m[VrsDataProvider][INFO]: streamId 248-1/ppg activated[0m
[0m[38;2;000;000;255m[VrsDataProvider][INFO]: streamId 281-1/gps-app activated[0m
[0m[38;2;000;000;255m[VrsDataProvider][INFO]: streamId 282-1/wps activated[0m
[0m[38;2;000;000;255m[VrsDataProvider][INFO]: streamId 283-1/bluetooth activated[0m
[0m[38;2;000;000;255m[VrsDataProvider][INFO]: Utc stream found: 285-1[0m
[0m[38;2;000;000;255m[VrsDataProvider][INFO]: streamId 371-1/handtracking activated[0m
[0m[38;2;000;000;255m[VrsDataProvider][INFO]: streamId 371-2/vio activated[0m
[0m[38;2;000;000;255m[VrsDataProvider][INFO]: streamId 371-3/vio_high_frequency activated[0m
[0m[38;2;000;000;255m[VrsDataProvider][INFO]: streamId 373-1/eyegaze activated[0m
[0m[38;2;000;000;255m[VrsDataProvider][INFO]: streamId 500-1/als activated[0m
[0m[38;2;000;000;255m[VrsDataProvider][INFO]: Fail to activate streamId 502-1[0m
[0m[38;2;000;000;255m[VrsDataProvider][INFO]: streamId 1201-1/slam-front-left activated[0m
[0m[38;2;000;000;255m[VrsDataProvider][INFO]: streamId 1201-2/slam-front-right activated[0m
[0m[38;2;000;000;255m[VrsDataProvider][INFO]: streamId 1201-3/slam-side-left activated[0m
[0m[38;2;000;000;255m[VrsDataProvider][INFO]: streamId 1201-4/slam-side-right activated[0m
[0m[38;2;000;000;255m[VrsDataProvider][INFO]: streamId 1202-1/imu-left activated[0m
[0m[38;2;000;000;255m[VrsDataProvider][INFO]: streamId 1202-2/imu-right activated[0m
[0m[38;2;000;000;255m[VrsDataProvider][INFO]: streamId 1203-1/mag0 activated[0m
[0m[38;2;000;000;255m[XprsDecoder][INFO]: Using H.265 SW decoder named 'hevc' (xprs::gray8 -> vrs::grey8)[0m
[0m[38;2;000;000;255m[TelemetryLogger][INFO]: make_xprs_decoder, video/200x200/pixel=grey8/codec=H.265: H.265/SW/hevc, gray8[0m
[0m[38;2;000;000;255m[XprsDecoder][INFO]: Using H.265 SW decoder named 'hevc' (xprs::gray8 -> vrs::grey8)[0m
[0m[38;2;000;000;255m[TelemetryLogger][INFO]: make_xprs_decoder, video/200x200/pixel=grey8/codec=H.265: H.265/SW/hevc, gray8[0m
[0m[38;2;000;000;255m[XprsDecoder][INFO]: Using H.265 SW decoder named 'hevc' (xprs::yuv420p -> vrs::yuv_i420_split)[0m
[0m[38;2;000;000;255m[TelemetryLogger][INFO]: make_xprs_decoder, video/2016x1512/pixel=yuv_i420_split/codec=H.265: H.265/SW/hevc, yuv420p[0m
[0m[38;2;000;000;255m[XprsDecoder][INFO]: Using H.265 SW decoder named 'hevc' (xprs::gray8 -> vrs::grey8)[0m
[0m[38;2;000;000;255m[TelemetryLogger][INFO]: make_xprs_decoder, video/512x512/pixel=grey8/codec=H.265: H.265/SW/hevc, gray8[0m
[0m[38;2;000;000;255m[XprsDecoder][INFO]: Using H.265 SW decoder named 'hevc' (xprs::gray8 -> vrs::grey8)[0m
[0m[38;2;000;000;255m[TelemetryLogger][INFO]: make_xprs_decoder, video/512x512/pixel=grey8/codec=H.265: H.265/SW/hevc, gray8[0m
[0m[38;2;000;000;255m[XprsDecoder][INFO]: Using H.265 SW decoder named 'hevc' (xprs::gray8 -> vrs::grey8)[0m
[0m[38;2;000;000;255m[TelemetryLogger][INFO]: make_xprs_decoder, video/512x512/pixel=grey8/codec=H.265: H.265/SW/hevc, gray8[0m
[0m[38;2;000;000;255m[XprsDecoder][INFO]: Using H.265 SW decoder named 'hevc' (xprs::gray8 -> vrs::grey8)[0m
[0m[38;2;000;000;255m[TelemetryLogger][INFO]: make_xprs_decoder, video/512x512/pixel=grey8/codec=H.265: H.265/SW/hevc, gray8[0m
[0m[38;2;000;000;255m[ProgressLogger][INFO]: 2026-07-02 01:05:50: Opening /home/eker/Master-Thesis---Multi-modal-User-Intention-Estimation-and-Hand-Position-Prediction/Data_collection/Data_vrs/Miro_3_20260604_153609.vrs...[0m
[0m[38;2;000;128;000m[MultiRecordFileReader][DEBUG]: Opened file '/home/eker/Master-Thesis---Multi-modal-User-Intention-Estimation-and-Hand-Position-Prediction/Data_collection/Data_vrs/Miro_3_20260604_153609.vrs' and assigned to reader #0[0m
[0m[38;2;000;000;255m[VrsDataProvider][INFO]: streamId 211-1/camera-et-left activated[0m
[0m[38;2;000;000;255m[VrsDataProvider][INFO]: streamId 211-2/camera-et-right activated[0m
[0m[38;2;000;000;255m[VrsDataProvider][INFO]: streamId 214-1/camera-rgb activated[0m
[0m[38;2;000;000;255m[VrsDataProvider][INFO]: streamId 231-1/mic activated[0m
[0m[38;2;000;000;255m[VrsDataProvider][INFO]: streamId 246-1/temperature activated[0m
[0m[38;2;000;000;255m[VrsDataProvider][INFO]: streamId 247-1/baro0 activated[0m
[0m[38;2;000;000;255m[VrsDataProvider][INFO]: streamId 248-1/ppg activated[0m
[0m[38;2;000;000;255m[VrsDataProvider][INFO]: streamId 281-1/gps-app activated[0m
[0m[38;2;000;000;255m[VrsDataProvider][INFO]: streamId 282-1/wps activated[0m
[0m[38;2;000;000;255m[VrsDataProvider][INFO]: streamId 283-1/bluetooth activated[0m
[0m[38;2;000;000;255m[VrsDataProvider][INFO]: Utc stream found: 285-1[0m
[0m[38;2;000;000;255m[VrsDataProvider][INFO]: streamId 371-1/handtracking activated[0m
[0m[38;2;000;000;255m[VrsDataProvider][INFO]: streamId 371-2/vio activated[0m
[0m[38;2;000;000;255m[VrsDataProvider][INFO]: streamId 371-3/vio_high_frequency activated[0m
[0m[38;2;000;000;255m[VrsDataProvider][INFO]: streamId 373-1/eyegaze activated[0m
[0m[38;2;000;000;255m[VrsDataProvider][INFO]: streamId 500-1/als activated[0m
[0m[38;2;000;000;255m[VrsDataProvider][INFO]: Fail to activate streamId 502-1[0m
[0m[38;2;000;000;255m[VrsDataProvider][INFO]: streamId 1201-1/slam-front-left activated[0m
[0m[38;2;000;000;255m[VrsDataProvider][INFO]: streamId 1201-2/slam-front-right activated[0m
[0m[38;2;000;000;255m[VrsDataProvider][INFO]: streamId 1201-3/slam-side-left activated[0m
[0m[38;2;000;000;255m[VrsDataProvider][INFO]: streamId 1201-4/slam-side-right activated[0m
[0m[38;2;000;000;255m[VrsDataProvider][INFO]: streamId 1202-1/imu-left activated[0m
[0m[38;2;000;000;255m[VrsDataProvider][INFO]: streamId 1202-2/imu-right activated[0m
[0m[38;2;000;000;255m[VrsDataProvider][INFO]: streamId 1203-1/mag0 activated[0m
[0m[38;2;000;000;255m[XprsDecoder][INFO]: Using H.265 SW decoder named 'hevc' (xprs::gray8 -> vrs::grey8)[0m
[0m[38;2;000;000;255m[TelemetryLogger][INFO]: make_xprs_decoder, video/200x200/pixel=grey8/codec=H.265: H.265/SW/hevc, gray8[0m
[0m[38;2;000;000;255m[XprsDecoder][INFO]: Using H.265 SW decoder named 'hevc' (xprs::gray8 -> vrs::grey8)[0m
[0m[38;2;000;000;255m[TelemetryLogger][INFO]: make_xprs_decoder, video/200x200/pixel=grey8/codec=H.265: H.265/SW/hevc, gray8[0m
[0m[38;2;000;000;255m[XprsDecoder][INFO]: Using H.265 SW decoder named 'hevc' (xprs::yuv420p -> vrs::yuv_i420_split)[0m
[0m[38;2;000;000;255m[TelemetryLogger][INFO]: make_xprs_decoder, video/2016x1512/pixel=yuv_i420_split/codec=H.265: H.265/SW/hevc, yuv420p[0m
[0m[38;2;000;000;255m[XprsDecoder][INFO]: Using H.265 SW decoder named 'hevc' (xprs::gray8 -> vrs::grey8)[0m
[0m[38;2;000;000;255m[TelemetryLogger][INFO]: make_xprs_decoder, video/512x512/pixel=grey8/codec=H.265: H.265/SW/hevc, gray8[0m
[0m[38;2;000;000;255m[XprsDecoder][INFO]: Using H.265 SW decoder named 'hevc' (xprs::gray8 -> vrs::grey8)[0m
[0m[38;2;000;000;255m[TelemetryLogger][INFO]: make_xprs_decoder, video/512x512/pixel=grey8/codec=H.265: H.265/SW/hevc, gray8[0m
[0m[38;2;000;000;255m[XprsDecoder][INFO]: Using H.265 SW decoder named 'hevc' (xprs::gray8 -> vrs::grey8)[0m
[0m[38;2;000;000;255m[TelemetryLogger][INFO]: make_xprs_decoder, video/512x512/pixel=grey8/codec=H.265: H.265/SW/hevc, gray8[0m
[0m[38;2;000;000;255m[XprsDecoder][INFO]: Using H.265 SW decoder named 'hevc' (xprs::gray8 -> vrs::grey8)[0m
[0m[38;2;000;000;255m[TelemetryLogger][INFO]: make_xprs_decoder, video/512x512/pixel=grey8/codec=H.265: H.265/SW/hevc, gray8[0m
[0m[38;2;000;000;255m[ProgressLogger][INFO]: 2026-07-02 01:10:02: Opening /home/eker/Master-Thesis---Multi-modal-User-Intention-Estimation-and-Hand-Position-Prediction/Data_collection/Data_vrs/Miro_4_20260604_153734.vrs...[0m
[0m[38;2;000;128;000m[MultiRecordFileReader][DEBUG]: Opened file '/home/eker/Master-Thesis---Multi-modal-User-Intention-Estimation-and-Hand-Position-Prediction/Data_collection/Data_vrs/Miro_4_20260604_153734.vrs' and assigned to reader #0[0m
[0m[38;2;000;000;255m[VrsDataProvider][INFO]: streamId 211-1/camera-et-left activated[0m
[0m[38;2;000;000;255m[VrsDataProvider][INFO]: streamId 211-2/camera-et-right activated[0m
[0m[38;2;000;000;255m[VrsDataProvider][INFO]: streamId 214-1/camera-rgb activated[0m
[0m[38;2;000;000;255m[VrsDataProvider][INFO]: streamId 231-1/mic activated[0m
[0m[38;2;000;000;255m[VrsDataProvider][INFO]: streamId 246-1/temperature activated[0m
[0m[38;2;000;000;255m[VrsDataProvider][INFO]: streamId 247-1/baro0 activated[0m
[0m[38;2;000;000;255m[VrsDataProvider][INFO]: streamId 248-1/ppg activated[0m
[0m[38;2;000;000;255m[VrsDataProvider][INFO]: streamId 281-1/gps-app activated[0m
[0m[38;2;000;000;255m[VrsDataProvider][INFO]: streamId 282-1/wps activated[0m
[0m[38;2;000;000;255m[VrsDataProvider][INFO]: streamId 283-1/bluetooth activated[0m
[0m[38;2;000;000;255m[VrsDataProvider][INFO]: Utc stream found: 285-1[0m
[0m[38;2;000;000;255m[VrsDataProvider][INFO]: streamId 371-1/handtracking activated[0m
[0m[38;2;000;000;255m[VrsDataProvider][INFO]: streamId 371-2/vio activated[0m
[0m[38;2;000;000;255m[VrsDataProvider][INFO]: streamId 371-3/vio_high_frequency activated[0m
[0m[38;2;000;000;255m[VrsDataProvider][INFO]: streamId 373-1/eyegaze activated[0m
[0m[38;2;000;000;255m[VrsDataProvider][INFO]: streamId 500-1/als activated[0m
[0m[38;2;000;000;255m[VrsDataProvider][INFO]: Fail to activate streamId 502-1[0m
[0m[38;2;000;000;255m[VrsDataProvider][INFO]: streamId 1201-1/slam-front-left activated[0m
[0m[38;2;000;000;255m[VrsDataProvider][INFO]: streamId 1201-2/slam-front-right activated[0m
[0m[38;2;000;000;255m[VrsDataProvider][INFO]: streamId 1201-3/slam-side-left activated[0m
[0m[38;2;000;000;255m[VrsDataProvider][INFO]: streamId 1201-4/slam-side-right activated[0m
[0m[38;2;000;000;255m[VrsDataProvider][INFO]: streamId 1202-1/imu-left activated[0m
[0m[38;2;000;000;255m[VrsDataProvider][INFO]: streamId 1202-2/imu-right activated[0m
[0m[38;2;000;000;255m[VrsDataProvider][INFO]: streamId 1203-1/mag0 activated[0m
[0m[38;2;000;000;255m[XprsDecoder][INFO]: Using H.265 SW decoder named 'hevc' (xprs::gray8 -> vrs::grey8)[0m
[0m[38;2;000;000;255m[TelemetryLogger][INFO]: make_xprs_decoder, video/200x200/pixel=grey8/codec=H.265: H.265/SW/hevc, gray8[0m
[0m[38;2;000;000;255m[XprsDecoder][INFO]: Using H.265 SW decoder named 'hevc' (xprs::gray8 -> vrs::grey8)[0m
[0m[38;2;000;000;255m[TelemetryLogger][INFO]: make_xprs_decoder, video/200x200/pixel=grey8/codec=H.265: H.265/SW/hevc, gray8[0m
[0m[38;2;000;000;255m[XprsDecoder][INFO]: Using H.265 SW decoder named 'hevc' (xprs::yuv420p -> vrs::yuv_i420_split)[0m
[0m[38;2;000;000;255m[TelemetryLogger][INFO]: make_xprs_decoder, video/2016x1512/pixel=yuv_i420_split/codec=H.265: H.265/SW/hevc, yuv420p[0m
[0m[38;2;000;000;255m[XprsDecoder][INFO]: Using H.265 SW decoder named 'hevc' (xprs::gray8 -> vrs::grey8)[0m
[0m[38;2;000;000;255m[TelemetryLogger][INFO]: make_xprs_decoder, video/512x512/pixel=grey8/codec=H.265: H.265/SW/hevc, gray8[0m
[0m[38;2;000;000;255m[XprsDecoder][INFO]: Using H.265 SW decoder named 'hevc' (xprs::gray8 -> vrs::grey8)[0m
[0m[38;2;000;000;255m[TelemetryLogger][INFO]: make_xprs_decoder, video/512x512/pixel=grey8/codec=H.265: H.265/SW/hevc, gray8[0m
[0m[38;2;000;000;255m[XprsDecoder][INFO]: Using H.265 SW decoder named 'hevc' (xprs::gray8 -> vrs::grey8)[0m
[0m[38;2;000;000;255m[TelemetryLogger][INFO]: make_xprs_decoder, video/512x512/pixel=grey8/codec=H.265: H.265/SW/hevc, gray8[0m
[0m[38;2;000;000;255m[XprsDecoder][INFO]: Using H.265 SW decoder named 'hevc' (xprs::gray8 -> vrs::grey8)[0m
[0m[38;2;000;000;255m[TelemetryLogger][INFO]: make_xprs_decoder, video/512x512/pixel=grey8/codec=H.265: H.265/SW/hevc, gray8[0m
[0m[38;2;000;000;255m[ProgressLogger][INFO]: 2026-07-02 01:16:35: Opening /home/eker/Master-Thesis---Multi-modal-User-Intention-Estimation-and-Hand-Position-Prediction/Data_collection/Data_vrs/Mona_1_20260624_123312.vrs...[0m
[0m[38;2;000;128;000m[MultiRecordFileReader][DEBUG]: Opened file '/home/eker/Master-Thesis---Multi-modal-User-Intention-Estimation-and-Hand-Position-Prediction/Data_collection/Data_vrs/Mona_1_20260624_123312.vrs' and assigned to reader #0[0m
[0m[38;2;000;000;255m[VrsDataProvider][INFO]: streamId 211-1/camera-et-left activated[0m
[0m[38;2;000;000;255m[VrsDataProvider][INFO]: streamId 211-2/camera-et-right activated[0m
[0m[38;2;000;000;255m[VrsDataProvider][INFO]: streamId 214-1/camera-rgb activated[0m
[0m[38;2;000;000;255m[VrsDataProvider][INFO]: streamId 231-1/mic activated[0m
[0m[38;2;000;000;255m[VrsDataProvider][INFO]: streamId 246-1/temperature activated[0m
[0m[38;2;000;000;255m[VrsDataProvider][INFO]: streamId 247-1/baro0 activated[0m
[0m[38;2;000;000;255m[VrsDataProvider][INFO]: streamId 248-1/ppg activated[0m
[0m[38;2;000;000;255m[VrsDataProvider][INFO]: streamId 281-1/gps-app activated[0m
[0m[38;2;000;000;255m[VrsDataProvider][INFO]: streamId 282-1/wps activated[0m
[0m[38;2;000;000;255m[VrsDataProvider][INFO]: streamId 283-1/bluetooth activated[0m
[0m[38;2;000;000;255m[VrsDataProvider][INFO]: Utc stream found: 285-1[0m
[0m[38;2;000;000;255m[VrsDataProvider][INFO]: streamId 371-1/handtracking activated[0m
[0m[38;2;000;000;255m[VrsDataProvider][INFO]: streamId 371-2/vio activated[0m
[0m[38;2;000;000;255m[VrsDataProvider][INFO]: streamId 371-3/vio_high_frequency activated[0m
[0m[38;2;000;000;255m[VrsDataProvider][INFO]: streamId 373-1/eyegaze activated[0m
[0m[38;2;000;000;255m[VrsDataProvider][INFO]: streamId 500-1/als activated[0m
[0m[38;2;000;000;255m[VrsDataProvider][INFO]: Fail to activate streamId 502-1[0m
[0m[38;2;000;000;255m[VrsDataProvider][INFO]: streamId 1201-1/slam-front-left activated[0m
[0m[38;2;000;000;255m[VrsDataProvider][INFO]: streamId 1201-2/slam-front-right activated[0m
[0m[38;2;000;000;255m[VrsDataProvider][INFO]: streamId 1201-3/slam-side-left activated[0m
[0m[38;2;000;000;255m[VrsDataProvider][INFO]: streamId 1201-4/slam-side-right activated[0m
[0m[38;2;000;000;255m[VrsDataProvider][INFO]: streamId 1202-1/imu-left activated[0m
[0m[38;2;000;000;255m[VrsDataProvider][INFO]: streamId 1202-2/imu-right activated[0m
[0m[38;2;000;000;255m[VrsDataProvider][INFO]: streamId 1203-1/mag0 activated[0m
[0m[38;2;000;000;255m[XprsDecoder][INFO]: Using H.265 SW decoder named 'hevc' (xprs::gray8 -> vrs::grey8)[0m
[0m[38;2;000;000;255m[TelemetryLogger][INFO]: make_xprs_decoder, video/200x200/pixel=grey8/codec=H.265: H.265/SW/hevc, gray8[0m
[0m[38;2;000;000;255m[XprsDecoder][INFO]: Using H.265 SW decoder named 'hevc' (xprs::gray8 -> vrs::grey8)[0m
[0m[38;2;000;000;255m[TelemetryLogger][INFO]: make_xprs_decoder, video/200x200/pixel=grey8/codec=H.265: H.265/SW/hevc, gray8[0m
[0m[38;2;000;000;255m[XprsDecoder][INFO]: Using H.265 SW decoder named 'hevc' (xprs::yuv420p -> vrs::yuv_i420_split)[0m
[0m[38;2;000;000;255m[TelemetryLogger][INFO]: make_xprs_decoder, video/2016x1512/pixel=yuv_i420_split/codec=H.265: H.265/SW/hevc, yuv420p[0m
[0m[38;2;000;000;255m[XprsDecoder][INFO]: Using H.265 SW decoder named 'hevc' (xprs::gray8 -> vrs::grey8)[0m
[0m[38;2;000;000;255m[TelemetryLogger][INFO]: make_xprs_decoder, video/512x512/pixel=grey8/codec=H.265: H.265/SW/hevc, gray8[0m
[0m[38;2;000;000;255m[XprsDecoder][INFO]: Using H.265 SW decoder named 'hevc' (xprs::gray8 -> vrs::grey8)[0m
[0m[38;2;000;000;255m[TelemetryLogger][INFO]: make_xprs_decoder, video/512x512/pixel=grey8/codec=H.265: H.265/SW/hevc, gray8[0m
[0m[38;2;000;000;255m[XprsDecoder][INFO]: Using H.265 SW decoder named 'hevc' (xprs::gray8 -> vrs::grey8)[0m
[0m[38;2;000;000;255m[TelemetryLogger][INFO]: make_xprs_decoder, video/512x512/pixel=grey8/codec=H.265: H.265/SW/hevc, gray8[0m
[0m[38;2;000;000;255m[XprsDecoder][INFO]: Using H.265 SW decoder named 'hevc' (xprs::gray8 -> vrs::grey8)[0m
[0m[38;2;000;000;255m[TelemetryLogger][INFO]: make_xprs_decoder, video/512x512/pixel=grey8/codec=H.265: H.265/SW/hevc, gray8[0m
[0m[38;2;000;000;255m[ProgressLogger][INFO]: 2026-07-02 01:22:39: Opening /home/eker/Master-Thesis---Multi-modal-User-Intention-Estimation-and-Hand-Position-Prediction/Data_collection/Data_vrs/Mona_2_20260624_123443.vrs...[0m
[0m[38;2;000;128;000m[MultiRecordFileReader][DEBUG]: Opened file '/home/eker/Master-Thesis---Multi-modal-User-Intention-Estimation-and-Hand-Position-Prediction/Data_collection/Data_vrs/Mona_2_20260624_123443.vrs' and assigned to reader #0[0m
[0m[38;2;000;000;255m[VrsDataProvider][INFO]: streamId 211-1/camera-et-left activated[0m
[0m[38;2;000;000;255m[VrsDataProvider][INFO]: streamId 211-2/camera-et-right activated[0m
[0m[38;2;000;000;255m[VrsDataProvider][INFO]: streamId 214-1/camera-rgb activated[0m
[0m[38;2;000;000;255m[VrsDataProvider][INFO]: streamId 231-1/mic activated[0m
[0m[38;2;000;000;255m[VrsDataProvider][INFO]: streamId 246-1/temperature activated[0m
[0m[38;2;000;000;255m[VrsDataProvider][INFO]: streamId 247-1/baro0 activated[0m
[0m[38;2;000;000;255m[VrsDataProvider][INFO]: streamId 248-1/ppg activated[0m
[0m[38;2;000;000;255m[VrsDataProvider][INFO]: streamId 281-1/gps-app activated[0m
[0m[38;2;000;000;255m[VrsDataProvider][INFO]: streamId 282-1/wps activated[0m
[0m[38;2;000;000;255m[VrsDataProvider][INFO]: streamId 283-1/bluetooth activated[0m
[0m[38;2;000;000;255m[VrsDataProvider][INFO]: Utc stream found: 285-1[0m
[0m[38;2;000;000;255m[VrsDataProvider][INFO]: streamId 371-1/handtracking activated[0m
[0m[38;2;000;000;255m[VrsDataProvider][INFO]: streamId 371-2/vio activated[0m
[0m[38;2;000;000;255m[VrsDataProvider][INFO]: streamId 371-3/vio_high_frequency activated[0m
[0m[38;2;000;000;255m[VrsDataProvider][INFO]: streamId 373-1/eyegaze activated[0m
[0m[38;2;000;000;255m[VrsDataProvider][INFO]: streamId 500-1/als activated[0m
[0m[38;2;000;000;255m[VrsDataProvider][INFO]: Fail to activate streamId 502-1[0m
[0m[38;2;000;000;255m[VrsDataProvider][INFO]: streamId 1201-1/slam-front-left activated[0m
[0m[38;2;000;000;255m[VrsDataProvider][INFO]: streamId 1201-2/slam-front-right activated[0m
[0m[38;2;000;000;255m[VrsDataProvider][INFO]: streamId 1201-3/slam-side-left activated[0m
[0m[38;2;000;000;255m[VrsDataProvider][INFO]: streamId 1201-4/slam-side-right activated[0m
[0m[38;2;000;000;255m[VrsDataProvider][INFO]: streamId 1202-1/imu-left activated[0m
[0m[38;2;000;000;255m[VrsDataProvider][INFO]: streamId 1202-2/imu-right activated[0m
[0m[38;2;000;000;255m[VrsDataProvider][INFO]: streamId 1203-1/mag0 activated[0m
[0m[38;2;000;000;255m[XprsDecoder][INFO]: Using H.265 SW decoder named 'hevc' (xprs::gray8 -> vrs::grey8)[0m
[0m[38;2;000;000;255m[TelemetryLogger][INFO]: make_xprs_decoder, video/200x200/pixel=grey8/codec=H.265: H.265/SW/hevc, gray8[0m
[0m[38;2;000;000;255m[XprsDecoder][INFO]: Using H.265 SW decoder named 'hevc' (xprs::gray8 -> vrs::grey8)[0m
[0m[38;2;000;000;255m[TelemetryLogger][INFO]: make_xprs_decoder, video/200x200/pixel=grey8/codec=H.265: H.265/SW/hevc, gray8[0m
[0m[38;2;000;000;255m[XprsDecoder][INFO]: Using H.265 SW decoder named 'hevc' (xprs::yuv420p -> vrs::yuv_i420_split)[0m
[0m[38;2;000;000;255m[TelemetryLogger][INFO]: make_xprs_decoder, video/2016x1512/pixel=yuv_i420_split/codec=H.265: H.265/SW/hevc, yuv420p[0m
[0m[38;2;000;000;255m[XprsDecoder][INFO]: Using H.265 SW decoder named 'hevc' (xprs::gray8 -> vrs::grey8)[0m
[0m[38;2;000;000;255m[TelemetryLogger][INFO]: make_xprs_decoder, video/512x512/pixel=grey8/codec=H.265: H.265/SW/hevc, gray8[0m
[0m[38;2;000;000;255m[XprsDecoder][INFO]: Using H.265 SW decoder named 'hevc' (xprs::gray8 -> vrs::grey8)[0m
[0m[38;2;000;000;255m[TelemetryLogger][INFO]: make_xprs_decoder, video/512x512/pixel=grey8/codec=H.265: H.265/SW/hevc, gray8[0m
[0m[38;2;000;000;255m[XprsDecoder][INFO]: Using H.265 SW decoder named 'hevc' (xprs::gray8 -> vrs::grey8)[0m
[0m[38;2;000;000;255m[TelemetryLogger][INFO]: make_xprs_decoder, video/512x512/pixel=grey8/codec=H.265: H.265/SW/hevc, gray8[0m
[0m[38;2;000;000;255m[XprsDecoder][INFO]: Using H.265 SW decoder named 'hevc' (xprs::gray8 -> vrs::grey8)[0m
[0m[38;2;000;000;255m[TelemetryLogger][INFO]: make_xprs_decoder, video/512x512/pixel=grey8/codec=H.265: H.265/SW/hevc, gray8[0m
[0m[38;2;000;000;255m[ProgressLogger][INFO]: 2026-07-02 01:29:08: Opening /home/eker/Master-Thesis---Multi-modal-User-Intention-Estimation-and-Hand-Position-Prediction/Data_collection/Data_vrs/Mona_3_20260624_123548.vrs...[0m
[0m[38;2;000;128;000m[MultiRecordFileReader][DEBUG]: Opened file '/home/eker/Master-Thesis---Multi-modal-User-Intention-Estimation-and-Hand-Position-Prediction/Data_collection/Data_vrs/Mona_3_20260624_123548.vrs' and assigned to reader #0[0m
[0m[38;2;000;000;255m[VrsDataProvider][INFO]: streamId 211-1/camera-et-left activated[0m
[0m[38;2;000;000;255m[VrsDataProvider][INFO]: streamId 211-2/camera-et-right activated[0m
[0m[38;2;000;000;255m[VrsDataProvider][INFO]: streamId 214-1/camera-rgb activated[0m
[0m[38;2;000;000;255m[VrsDataProvider][INFO]: streamId 231-1/mic activated[0m
[0m[38;2;000;000;255m[VrsDataProvider][INFO]: streamId 246-1/temperature activated[0m
[0m[38;2;000;000;255m[VrsDataProvider][INFO]: streamId 247-1/baro0 activated[0m
[0m[38;2;000;000;255m[VrsDataProvider][INFO]: streamId 248-1/ppg activated[0m
[0m[38;2;000;000;255m[VrsDataProvider][INFO]: streamId 281-1/gps-app activated[0m
[0m[38;2;000;000;255m[VrsDataProvider][INFO]: streamId 282-1/wps activated[0m
[0m[38;2;000;000;255m[VrsDataProvider][INFO]: streamId 283-1/bluetooth activated[0m
[0m[38;2;000;000;255m[VrsDataProvider][INFO]: Utc stream found: 285-1[0m
[0m[38;2;000;000;255m[VrsDataProvider][INFO]: streamId 371-1/handtracking activated[0m
[0m[38;2;000;000;255m[VrsDataProvider][INFO]: streamId 371-2/vio activated[0m
[0m[38;2;000;000;255m[VrsDataProvider][INFO]: streamId 371-3/vio_high_frequency activated[0m
[0m[38;2;000;000;255m[VrsDataProvider][INFO]: streamId 373-1/eyegaze activated[0m
[0m[38;2;000;000;255m[VrsDataProvider][INFO]: streamId 500-1/als activated[0m
[0m[38;2;000;000;255m[VrsDataProvider][INFO]: Fail to activate streamId 502-1[0m
[0m[38;2;000;000;255m[VrsDataProvider][INFO]: streamId 1201-1/slam-front-left activated[0m
[0m[38;2;000;000;255m[VrsDataProvider][INFO]: streamId 1201-2/slam-front-right activated[0m
[0m[38;2;000;000;255m[VrsDataProvider][INFO]: streamId 1201-3/slam-side-left activated[0m
[0m[38;2;000;000;255m[VrsDataProvider][INFO]: streamId 1201-4/slam-side-right activated[0m
[0m[38;2;000;000;255m[VrsDataProvider][INFO]: streamId 1202-1/imu-left activated[0m
[0m[38;2;000;000;255m[VrsDataProvider][INFO]: streamId 1202-2/imu-right activated[0m
[0m[38;2;000;000;255m[VrsDataProvider][INFO]: streamId 1203-1/mag0 activated[0m
[0m[38;2;000;000;255m[XprsDecoder][INFO]: Using H.265 SW decoder named 'hevc' (xprs::gray8 -> vrs::grey8)[0m
[0m[38;2;000;000;255m[TelemetryLogger][INFO]: make_xprs_decoder, video/200x200/pixel=grey8/codec=H.265: H.265/SW/hevc, gray8[0m
[0m[38;2;000;000;255m[XprsDecoder][INFO]: Using H.265 SW decoder named 'hevc' (xprs::gray8 -> vrs::grey8)[0m
[0m[38;2;000;000;255m[TelemetryLogger][INFO]: make_xprs_decoder, video/200x200/pixel=grey8/codec=H.265: H.265/SW/hevc, gray8[0m
[0m[38;2;000;000;255m[XprsDecoder][INFO]: Using H.265 SW decoder named 'hevc' (xprs::yuv420p -> vrs::yuv_i420_split)[0m
[0m[38;2;000;000;255m[TelemetryLogger][INFO]: make_xprs_decoder, video/2016x1512/pixel=yuv_i420_split/codec=H.265: H.265/SW/hevc, yuv420p[0m
[0m[38;2;000;000;255m[XprsDecoder][INFO]: Using H.265 SW decoder named 'hevc' (xprs::gray8 -> vrs::grey8)[0m
[0m[38;2;000;000;255m[TelemetryLogger][INFO]: make_xprs_decoder, video/512x512/pixel=grey8/codec=H.265: H.265/SW/hevc, gray8[0m
[0m[38;2;000;000;255m[XprsDecoder][INFO]: Using H.265 SW decoder named 'hevc' (xprs::gray8 -> vrs::grey8)[0m
[0m[38;2;000;000;255m[TelemetryLogger][INFO]: make_xprs_decoder, video/512x512/pixel=grey8/codec=H.265: H.265/SW/hevc, gray8[0m
[0m[38;2;000;000;255m[XprsDecoder][INFO]: Using H.265 SW decoder named 'hevc' (xprs::gray8 -> vrs::grey8)[0m
[0m[38;2;000;000;255m[TelemetryLogger][INFO]: make_xprs_decoder, video/512x512/pixel=grey8/codec=H.265: H.265/SW/hevc, gray8[0m
[0m[38;2;000;000;255m[XprsDecoder][INFO]: Using H.265 SW decoder named 'hevc' (xprs::gray8 -> vrs::grey8)[0m
[0m[38;2;000;000;255m[TelemetryLogger][INFO]: make_xprs_decoder, video/512x512/pixel=grey8/codec=H.265: H.265/SW/hevc, gray8[0m
[0m[38;2;000;000;255m[ProgressLogger][INFO]: 2026-07-02 01:35:45: Opening /home/eker/Master-Thesis---Multi-modal-User-Intention-Estimation-and-Hand-Position-Prediction/Data_collection/Data_vrs/Mona_4_20260624_123706.vrs...[0m
[0m[38;2;000;128;000m[MultiRecordFileReader][DEBUG]: Opened file '/home/eker/Master-Thesis---Multi-modal-User-Intention-Estimation-and-Hand-Position-Prediction/Data_collection/Data_vrs/Mona_4_20260624_123706.vrs' and assigned to reader #0[0m
[0m[38;2;000;000;255m[VrsDataProvider][INFO]: streamId 211-1/camera-et-left activated[0m
[0m[38;2;000;000;255m[VrsDataProvider][INFO]: streamId 211-2/camera-et-right activated[0m
[0m[38;2;000;000;255m[VrsDataProvider][INFO]: streamId 214-1/camera-rgb activated[0m
[0m[38;2;000;000;255m[VrsDataProvider][INFO]: streamId 231-1/mic activated[0m
[0m[38;2;000;000;255m[VrsDataProvider][INFO]: streamId 246-1/temperature activated[0m
[0m[38;2;000;000;255m[VrsDataProvider][INFO]: streamId 247-1/baro0 activated[0m
[0m[38;2;000;000;255m[VrsDataProvider][INFO]: streamId 248-1/ppg activated[0m
[0m[38;2;000;000;255m[VrsDataProvider][INFO]: streamId 281-1/gps-app activated[0m
[0m[38;2;000;000;255m[VrsDataProvider][INFO]: streamId 282-1/wps activated[0m
[0m[38;2;000;000;255m[VrsDataProvider][INFO]: streamId 283-1/bluetooth activated[0m
[0m[38;2;000;000;255m[VrsDataProvider][INFO]: Utc stream found: 285-1[0m
[0m[38;2;000;000;255m[VrsDataProvider][INFO]: streamId 371-1/handtracking activated[0m
[0m[38;2;000;000;255m[VrsDataProvider][INFO]: streamId 371-2/vio activated[0m
[0m[38;2;000;000;255m[VrsDataProvider][INFO]: streamId 371-3/vio_high_frequency activated[0m
[0m[38;2;000;000;255m[VrsDataProvider][INFO]: streamId 373-1/eyegaze activated[0m
[0m[38;2;000;000;255m[VrsDataProvider][INFO]: streamId 500-1/als activated[0m
[0m[38;2;000;000;255m[VrsDataProvider][INFO]: Fail to activate streamId 502-1[0m
[0m[38;2;000;000;255m[VrsDataProvider][INFO]: streamId 1201-1/slam-front-left activated[0m
[0m[38;2;000;000;255m[VrsDataProvider][INFO]: streamId 1201-2/slam-front-right activated[0m
[0m[38;2;000;000;255m[VrsDataProvider][INFO]: streamId 1201-3/slam-side-left activated[0m
[0m[38;2;000;000;255m[VrsDataProvider][INFO]: streamId 1201-4/slam-side-right activated[0m
[0m[38;2;000;000;255m[VrsDataProvider][INFO]: streamId 1202-1/imu-left activated[0m
[0m[38;2;000;000;255m[VrsDataProvider][INFO]: streamId 1202-2/imu-right activated[0m
[0m[38;2;000;000;255m[VrsDataProvider][INFO]: streamId 1203-1/mag0 activated[0m
[0m[38;2;000;000;255m[XprsDecoder][INFO]: Using H.265 SW decoder named 'hevc' (xprs::gray8 -> vrs::grey8)[0m
[0m[38;2;000;000;255m[TelemetryLogger][INFO]: make_xprs_decoder, video/200x200/pixel=grey8/codec=H.265: H.265/SW/hevc, gray8[0m
[0m[38;2;000;000;255m[XprsDecoder][INFO]: Using H.265 SW decoder named 'hevc' (xprs::gray8 -> vrs::grey8)[0m
[0m[38;2;000;000;255m[TelemetryLogger][INFO]: make_xprs_decoder, video/200x200/pixel=grey8/codec=H.265: H.265/SW/hevc, gray8[0m
[0m[38;2;000;000;255m[XprsDecoder][INFO]: Using H.265 SW decoder named 'hevc' (xprs::yuv420p -> vrs::yuv_i420_split)[0m
[0m[38;2;000;000;255m[TelemetryLogger][INFO]: make_xprs_decoder, video/2016x1512/pixel=yuv_i420_split/codec=H.265: H.265/SW/hevc, yuv420p[0m
[0m[38;2;000;000;255m[XprsDecoder][INFO]: Using H.265 SW decoder named 'hevc' (xprs::gray8 -> vrs::grey8)[0m
[0m[38;2;000;000;255m[TelemetryLogger][INFO]: make_xprs_decoder, video/512x512/pixel=grey8/codec=H.265: H.265/SW/hevc, gray8[0m
[0m[38;2;000;000;255m[XprsDecoder][INFO]: Using H.265 SW decoder named 'hevc' (xprs::gray8 -> vrs::grey8)[0m
[0m[38;2;000;000;255m[TelemetryLogger][INFO]: make_xprs_decoder, video/512x512/pixel=grey8/codec=H.265: H.265/SW/hevc, gray8[0m
[0m[38;2;000;000;255m[XprsDecoder][INFO]: Using H.265 SW decoder named 'hevc' (xprs::gray8 -> vrs::grey8)[0m
[0m[38;2;000;000;255m[TelemetryLogger][INFO]: make_xprs_decoder, video/512x512/pixel=grey8/codec=H.265: H.265/SW/hevc, gray8[0m
[0m[38;2;000;000;255m[XprsDecoder][INFO]: Using H.265 SW decoder named 'hevc' (xprs::gray8 -> vrs::grey8)[0m
[0m[38;2;000;000;255m[TelemetryLogger][INFO]: make_xprs_decoder, video/512x512/pixel=grey8/codec=H.265: H.265/SW/hevc, gray8[0m
[0m[38;2;000;000;255m[ProgressLogger][INFO]: 2026-07-02 01:42:40: Opening /home/eker/Master-Thesis---Multi-modal-User-Intention-Estimation-and-Hand-Position-Prediction/Data_collection/Data_vrs/Mona_5_20260624_123814.vrs...[0m
[0m[38;2;000;128;000m[MultiRecordFileReader][DEBUG]: Opened file '/home/eker/Master-Thesis---Multi-modal-User-Intention-Estimation-and-Hand-Position-Prediction/Data_collection/Data_vrs/Mona_5_20260624_123814.vrs' and assigned to reader #0[0m
[0m[38;2;000;000;255m[VrsDataProvider][INFO]: streamId 211-1/camera-et-left activated[0m
[0m[38;2;000;000;255m[VrsDataProvider][INFO]: streamId 211-2/camera-et-right activated[0m
[0m[38;2;000;000;255m[VrsDataProvider][INFO]: streamId 214-1/camera-rgb activated[0m
[0m[38;2;000;000;255m[VrsDataProvider][INFO]: streamId 231-1/mic activated[0m
[0m[38;2;000;000;255m[VrsDataProvider][INFO]: streamId 246-1/temperature activated[0m
[0m[38;2;000;000;255m[VrsDataProvider][INFO]: streamId 247-1/baro0 activated[0m
[0m[38;2;000;000;255m[VrsDataProvider][INFO]: streamId 248-1/ppg activated[0m
[0m[38;2;000;000;255m[VrsDataProvider][INFO]: streamId 281-1/gps-app activated[0m
[0m[38;2;000;000;255m[VrsDataProvider][INFO]: streamId 282-1/wps activated[0m
[0m[38;2;000;000;255m[VrsDataProvider][INFO]: streamId 283-1/bluetooth activated[0m
[0m[38;2;000;000;255m[VrsDataProvider][INFO]: Utc stream found: 285-1[0m
[0m[38;2;000;000;255m[VrsDataProvider][INFO]: streamId 371-1/handtracking activated[0m
[0m[38;2;000;000;255m[VrsDataProvider][INFO]: streamId 371-2/vio activated[0m
[0m[38;2;000;000;255m[VrsDataProvider][INFO]: streamId 371-3/vio_high_frequency activated[0m
[0m[38;2;000;000;255m[VrsDataProvider][INFO]: streamId 373-1/eyegaze activated[0m
[0m[38;2;000;000;255m[VrsDataProvider][INFO]: streamId 500-1/als activated[0m
[0m[38;2;000;000;255m[VrsDataProvider][INFO]: Fail to activate streamId 502-1[0m
[0m[38;2;000;000;255m[VrsDataProvider][INFO]: streamId 1201-1/slam-front-left activated[0m
[0m[38;2;000;000;255m[VrsDataProvider][INFO]: streamId 1201-2/slam-front-right activated[0m
[0m[38;2;000;000;255m[VrsDataProvider][INFO]: streamId 1201-3/slam-side-left activated[0m
[0m[38;2;000;000;255m[VrsDataProvider][INFO]: streamId 1201-4/slam-side-right activated[0m
[0m[38;2;000;000;255m[VrsDataProvider][INFO]: streamId 1202-1/imu-left activated[0m
[0m[38;2;000;000;255m[VrsDataProvider][INFO]: streamId 1202-2/imu-right activated[0m
[0m[38;2;000;000;255m[VrsDataProvider][INFO]: streamId 1203-1/mag0 activated[0m
[0m[38;2;000;000;255m[XprsDecoder][INFO]: Using H.265 SW decoder named 'hevc' (xprs::gray8 -> vrs::grey8)[0m
[0m[38;2;000;000;255m[TelemetryLogger][INFO]: make_xprs_decoder, video/200x200/pixel=grey8/codec=H.265: H.265/SW/hevc, gray8[0m
[0m[38;2;000;000;255m[XprsDecoder][INFO]: Using H.265 SW decoder named 'hevc' (xprs::gray8 -> vrs::grey8)[0m
[0m[38;2;000;000;255m[TelemetryLogger][INFO]: make_xprs_decoder, video/200x200/pixel=grey8/codec=H.265: H.265/SW/hevc, gray8[0m
[0m[38;2;000;000;255m[XprsDecoder][INFO]: Using H.265 SW decoder named 'hevc' (xprs::yuv420p -> vrs::yuv_i420_split)[0m
[0m[38;2;000;000;255m[TelemetryLogger][INFO]: make_xprs_decoder, video/2016x1512/pixel=yuv_i420_split/codec=H.265: H.265/SW/hevc, yuv420p[0m
[0m[38;2;000;000;255m[XprsDecoder][INFO]: Using H.265 SW decoder named 'hevc' (xprs::gray8 -> vrs::grey8)[0m
[0m[38;2;000;000;255m[TelemetryLogger][INFO]: make_xprs_decoder, video/512x512/pixel=grey8/codec=H.265: H.265/SW/hevc, gray8[0m
[0m[38;2;000;000;255m[XprsDecoder][INFO]: Using H.265 SW decoder named 'hevc' (xprs::gray8 -> vrs::grey8)[0m
[0m[38;2;000;000;255m[TelemetryLogger][INFO]: make_xprs_decoder, video/512x512/pixel=grey8/codec=H.265: H.265/SW/hevc, gray8[0m
[0m[38;2;000;000;255m[XprsDecoder][INFO]: Using H.265 SW decoder named 'hevc' (xprs::gray8 -> vrs::grey8)[0m
[0m[38;2;000;000;255m[TelemetryLogger][INFO]: make_xprs_decoder, video/512x512/pixel=grey8/codec=H.265: H.265/SW/hevc, gray8[0m
[0m[38;2;000;000;255m[XprsDecoder][INFO]: Using H.265 SW decoder named 'hevc' (xprs::gray8 -> vrs::grey8)[0m
[0m[38;2;000;000;255m[TelemetryLogger][INFO]: make_xprs_decoder, video/512x512/pixel=grey8/codec=H.265: H.265/SW/hevc, gray8[0m
[0m[38;2;000;000;255m[ProgressLogger][INFO]: 2026-07-02 01:50:27: Opening /home/eker/Master-Thesis---Multi-modal-User-Intention-Estimation-and-Hand-Position-Prediction/Data_collection/Data_vrs/Mona_6_20260624_123930.vrs...[0m
[0m[38;2;000;128;000m[MultiRecordFileReader][DEBUG]: Opened file '/home/eker/Master-Thesis---Multi-modal-User-Intention-Estimation-and-Hand-Position-Prediction/Data_collection/Data_vrs/Mona_6_20260624_123930.vrs' and assigned to reader #0[0m
[0m[38;2;000;000;255m[VrsDataProvider][INFO]: streamId 211-1/camera-et-left activated[0m
[0m[38;2;000;000;255m[VrsDataProvider][INFO]: streamId 211-2/camera-et-right activated[0m
[0m[38;2;000;000;255m[VrsDataProvider][INFO]: streamId 214-1/camera-rgb activated[0m
[0m[38;2;000;000;255m[VrsDataProvider][INFO]: streamId 231-1/mic activated[0m
[0m[38;2;000;000;255m[VrsDataProvider][INFO]: streamId 246-1/temperature activated[0m
[0m[38;2;000;000;255m[VrsDataProvider][INFO]: streamId 247-1/baro0 activated[0m
[0m[38;2;000;000;255m[VrsDataProvider][INFO]: streamId 248-1/ppg activated[0m
[0m[38;2;000;000;255m[VrsDataProvider][INFO]: streamId 281-1/gps-app activated[0m
[0m[38;2;000;000;255m[VrsDataProvider][INFO]: streamId 282-1/wps activated[0m
[0m[38;2;000;000;255m[VrsDataProvider][INFO]: streamId 283-1/bluetooth activated[0m
[0m[38;2;000;000;255m[VrsDataProvider][INFO]: Utc stream found: 285-1[0m
[0m[38;2;000;000;255m[VrsDataProvider][INFO]: streamId 371-1/handtracking activated[0m
[0m[38;2;000;000;255m[VrsDataProvider][INFO]: streamId 371-2/vio activated[0m
[0m[38;2;000;000;255m[VrsDataProvider][INFO]: streamId 371-3/vio_high_frequency activated[0m
[0m[38;2;000;000;255m[VrsDataProvider][INFO]: streamId 373-1/eyegaze activated[0m
[0m[38;2;000;000;255m[VrsDataProvider][INFO]: streamId 500-1/als activated[0m
[0m[38;2;000;000;255m[VrsDataProvider][INFO]: Fail to activate streamId 502-1[0m
[0m[38;2;000;000;255m[VrsDataProvider][INFO]: streamId 1201-1/slam-front-left activated[0m
[0m[38;2;000;000;255m[VrsDataProvider][INFO]: streamId 1201-2/slam-front-right activated[0m
[0m[38;2;000;000;255m[VrsDataProvider][INFO]: streamId 1201-3/slam-side-left activated[0m
[0m[38;2;000;000;255m[VrsDataProvider][INFO]: streamId 1201-4/slam-side-right activated[0m
[0m[38;2;000;000;255m[VrsDataProvider][INFO]: streamId 1202-1/imu-left activated[0m
[0m[38;2;000;000;255m[VrsDataProvider][INFO]: streamId 1202-2/imu-right activated[0m
[0m[38;2;000;000;255m[VrsDataProvider][INFO]: streamId 1203-1/mag0 activated[0m
[0m[38;2;000;000;255m[XprsDecoder][INFO]: Using H.265 SW decoder named 'hevc' (xprs::gray8 -> vrs::grey8)[0m
[0m[38;2;000;000;255m[TelemetryLogger][INFO]: make_xprs_decoder, video/200x200/pixel=grey8/codec=H.265: H.265/SW/hevc, gray8[0m
[0m[38;2;000;000;255m[XprsDecoder][INFO]: Using H.265 SW decoder named 'hevc' (xprs::gray8 -> vrs::grey8)[0m
[0m[38;2;000;000;255m[TelemetryLogger][INFO]: make_xprs_decoder, video/200x200/pixel=grey8/codec=H.265: H.265/SW/hevc, gray8[0m
[0m[38;2;000;000;255m[XprsDecoder][INFO]: Using H.265 SW decoder named 'hevc' (xprs::yuv420p -> vrs::yuv_i420_split)[0m
[0m[38;2;000;000;255m[TelemetryLogger][INFO]: make_xprs_decoder, video/2016x1512/pixel=yuv_i420_split/codec=H.265: H.265/SW/hevc, yuv420p[0m
[0m[38;2;000;000;255m[XprsDecoder][INFO]: Using H.265 SW decoder named 'hevc' (xprs::gray8 -> vrs::grey8)[0m
[0m[38;2;000;000;255m[TelemetryLogger][INFO]: make_xprs_decoder, video/512x512/pixel=grey8/codec=H.265: H.265/SW/hevc, gray8[0m
[0m[38;2;000;000;255m[XprsDecoder][INFO]: Using H.265 SW decoder named 'hevc' (xprs::gray8 -> vrs::grey8)[0m
[0m[38;2;000;000;255m[TelemetryLogger][INFO]: make_xprs_decoder, video/512x512/pixel=grey8/codec=H.265: H.265/SW/hevc, gray8[0m
[0m[38;2;000;000;255m[XprsDecoder][INFO]: Using H.265 SW decoder named 'hevc' (xprs::gray8 -> vrs::grey8)[0m
[0m[38;2;000;000;255m[TelemetryLogger][INFO]: make_xprs_decoder, video/512x512/pixel=grey8/codec=H.265: H.265/SW/hevc, gray8[0m
[0m[38;2;000;000;255m[XprsDecoder][INFO]: Using H.265 SW decoder named 'hevc' (xprs::gray8 -> vrs::grey8)[0m
[0m[38;2;000;000;255m[TelemetryLogger][INFO]: make_xprs_decoder, video/512x512/pixel=grey8/codec=H.265: H.265/SW/hevc, gray8[0m
[0m[38;2;000;000;255m[ProgressLogger][INFO]: 2026-07-02 01:58:14: Opening /home/eker/Master-Thesis---Multi-modal-User-Intention-Estimation-and-Hand-Position-Prediction/Data_collection/Data_vrs/Mona_7_20260624_124051.vrs...[0m
[0m[38;2;000;128;000m[MultiRecordFileReader][DEBUG]: Opened file '/home/eker/Master-Thesis---Multi-modal-User-Intention-Estimation-and-Hand-Position-Prediction/Data_collection/Data_vrs/Mona_7_20260624_124051.vrs' and assigned to reader #0[0m
[0m[38;2;000;000;255m[VrsDataProvider][INFO]: streamId 211-1/camera-et-left activated[0m
[0m[38;2;000;000;255m[VrsDataProvider][INFO]: streamId 211-2/camera-et-right activated[0m
[0m[38;2;000;000;255m[VrsDataProvider][INFO]: streamId 214-1/camera-rgb activated[0m
[0m[38;2;000;000;255m[VrsDataProvider][INFO]: streamId 231-1/mic activated[0m
[0m[38;2;000;000;255m[VrsDataProvider][INFO]: streamId 246-1/temperature activated[0m
[0m[38;2;000;000;255m[VrsDataProvider][INFO]: streamId 247-1/baro0 activated[0m
[0m[38;2;000;000;255m[VrsDataProvider][INFO]: streamId 248-1/ppg activated[0m
[0m[38;2;000;000;255m[VrsDataProvider][INFO]: streamId 281-1/gps-app activated[0m
[0m[38;2;000;000;255m[VrsDataProvider][INFO]: streamId 282-1/wps activated[0m
[0m[38;2;000;000;255m[VrsDataProvider][INFO]: streamId 283-1/bluetooth activated[0m
[0m[38;2;000;000;255m[VrsDataProvider][INFO]: Utc stream found: 285-1[0m
[0m[38;2;000;000;255m[VrsDataProvider][INFO]: streamId 371-1/handtracking activated[0m
[0m[38;2;000;000;255m[VrsDataProvider][INFO]: streamId 371-2/vio activated[0m
[0m[38;2;000;000;255m[VrsDataProvider][INFO]: streamId 371-3/vio_high_frequency activated[0m
[0m[38;2;000;000;255m[VrsDataProvider][INFO]: streamId 373-1/eyegaze activated[0m
[0m[38;2;000;000;255m[VrsDataProvider][INFO]: streamId 500-1/als activated[0m
[0m[38;2;000;000;255m[VrsDataProvider][INFO]: Fail to activate streamId 502-1[0m
[0m[38;2;000;000;255m[VrsDataProvider][INFO]: streamId 1201-1/slam-front-left activated[0m
[0m[38;2;000;000;255m[VrsDataProvider][INFO]: streamId 1201-2/slam-front-right activated[0m
[0m[38;2;000;000;255m[VrsDataProvider][INFO]: streamId 1201-3/slam-side-left activated[0m
[0m[38;2;000;000;255m[VrsDataProvider][INFO]: streamId 1201-4/slam-side-right activated[0m
[0m[38;2;000;000;255m[VrsDataProvider][INFO]: streamId 1202-1/imu-left activated[0m
[0m[38;2;000;000;255m[VrsDataProvider][INFO]: streamId 1202-2/imu-right activated[0m
[0m[38;2;000;000;255m[VrsDataProvider][INFO]: streamId 1203-1/mag0 activated[0m
[0m[38;2;000;000;255m[XprsDecoder][INFO]: Using H.265 SW decoder named 'hevc' (xprs::gray8 -> vrs::grey8)[0m
[0m[38;2;000;000;255m[TelemetryLogger][INFO]: make_xprs_decoder, video/200x200/pixel=grey8/codec=H.265: H.265/SW/hevc, gray8[0m
[0m[38;2;000;000;255m[XprsDecoder][INFO]: Using H.265 SW decoder named 'hevc' (xprs::gray8 -> vrs::grey8)[0m
[0m[38;2;000;000;255m[TelemetryLogger][INFO]: make_xprs_decoder, video/200x200/pixel=grey8/codec=H.265: H.265/SW/hevc, gray8[0m
[0m[38;2;000;000;255m[XprsDecoder][INFO]: Using H.265 SW decoder named 'hevc' (xprs::yuv420p -> vrs::yuv_i420_split)[0m
[0m[38;2;000;000;255m[TelemetryLogger][INFO]: make_xprs_decoder, video/2016x1512/pixel=yuv_i420_split/codec=H.265: H.265/SW/hevc, yuv420p[0m
[0m[38;2;000;000;255m[XprsDecoder][INFO]: Using H.265 SW decoder named 'hevc' (xprs::gray8 -> vrs::grey8)[0m
[0m[38;2;000;000;255m[TelemetryLogger][INFO]: make_xprs_decoder, video/512x512/pixel=grey8/codec=H.265: H.265/SW/hevc, gray8[0m
[0m[38;2;000;000;255m[XprsDecoder][INFO]: Using H.265 SW decoder named 'hevc' (xprs::gray8 -> vrs::grey8)[0m
[0m[38;2;000;000;255m[TelemetryLogger][INFO]: make_xprs_decoder, video/512x512/pixel=grey8/codec=H.265: H.265/SW/hevc, gray8[0m
[0m[38;2;000;000;255m[XprsDecoder][INFO]: Using H.265 SW decoder named 'hevc' (xprs::gray8 -> vrs::grey8)[0m
[0m[38;2;000;000;255m[TelemetryLogger][INFO]: make_xprs_decoder, video/512x512/pixel=grey8/codec=H.265: H.265/SW/hevc, gray8[0m
[0m[38;2;000;000;255m[XprsDecoder][INFO]: Using H.265 SW decoder named 'hevc' (xprs::gray8 -> vrs::grey8)[0m
[0m[38;2;000;000;255m[TelemetryLogger][INFO]: make_xprs_decoder, video/512x512/pixel=grey8/codec=H.265: H.265/SW/hevc, gray8[0m
[0m[38;2;000;000;255m[ProgressLogger][INFO]: 2026-07-02 02:05:49: Opening /home/eker/Master-Thesis---Multi-modal-User-Intention-Estimation-and-Hand-Position-Prediction/Data_collection/Data_vrs/Mona_8_20260624_124414.vrs...[0m
[0m[38;2;000;128;000m[MultiRecordFileReader][DEBUG]: Opened file '/home/eker/Master-Thesis---Multi-modal-User-Intention-Estimation-and-Hand-Position-Prediction/Data_collection/Data_vrs/Mona_8_20260624_124414.vrs' and assigned to reader #0[0m
[0m[38;2;000;000;255m[VrsDataProvider][INFO]: streamId 211-1/camera-et-left activated[0m
[0m[38;2;000;000;255m[VrsDataProvider][INFO]: streamId 211-2/camera-et-right activated[0m
[0m[38;2;000;000;255m[VrsDataProvider][INFO]: streamId 214-1/camera-rgb activated[0m
[0m[38;2;000;000;255m[VrsDataProvider][INFO]: streamId 231-1/mic activated[0m
[0m[38;2;000;000;255m[VrsDataProvider][INFO]: streamId 246-1/temperature activated[0m
[0m[38;2;000;000;255m[VrsDataProvider][INFO]: streamId 247-1/baro0 activated[0m
[0m[38;2;000;000;255m[VrsDataProvider][INFO]: streamId 248-1/ppg activated[0m
[0m[38;2;000;000;255m[VrsDataProvider][INFO]: streamId 281-1/gps-app activated[0m
[0m[38;2;000;000;255m[VrsDataProvider][INFO]: streamId 282-1/wps activated[0m
[0m[38;2;000;000;255m[VrsDataProvider][INFO]: streamId 283-1/bluetooth activated[0m
[0m[38;2;000;000;255m[VrsDataProvider][INFO]: Utc stream found: 285-1[0m
[0m[38;2;000;000;255m[VrsDataProvider][INFO]: streamId 371-1/handtracking activated[0m
[0m[38;2;000;000;255m[VrsDataProvider][INFO]: streamId 371-2/vio activated[0m
[0m[38;2;000;000;255m[VrsDataProvider][INFO]: streamId 371-3/vio_high_frequency activated[0m
[0m[38;2;000;000;255m[VrsDataProvider][INFO]: streamId 373-1/eyegaze activated[0m
[0m[38;2;000;000;255m[VrsDataProvider][INFO]: streamId 500-1/als activated[0m
[0m[38;2;000;000;255m[VrsDataProvider][INFO]: Fail to activate streamId 502-1[0m
[0m[38;2;000;000;255m[VrsDataProvider][INFO]: streamId 1201-1/slam-front-left activated[0m
[0m[38;2;000;000;255m[VrsDataProvider][INFO]: streamId 1201-2/slam-front-right activated[0m
[0m[38;2;000;000;255m[VrsDataProvider][INFO]: streamId 1201-3/slam-side-left activated[0m
[0m[38;2;000;000;255m[VrsDataProvider][INFO]: streamId 1201-4/slam-side-right activated[0m
[0m[38;2;000;000;255m[VrsDataProvider][INFO]: streamId 1202-1/imu-left activated[0m
[0m[38;2;000;000;255m[VrsDataProvider][INFO]: streamId 1202-2/imu-right activated[0m
[0m[38;2;000;000;255m[VrsDataProvider][INFO]: streamId 1203-1/mag0 activated[0m
[0m[38;2;000;000;255m[XprsDecoder][INFO]: Using H.265 SW decoder named 'hevc' (xprs::gray8 -> vrs::grey8)[0m
[0m[38;2;000;000;255m[TelemetryLogger][INFO]: make_xprs_decoder, video/200x200/pixel=grey8/codec=H.265: H.265/SW/hevc, gray8[0m
[0m[38;2;000;000;255m[XprsDecoder][INFO]: Using H.265 SW decoder named 'hevc' (xprs::gray8 -> vrs::grey8)[0m
[0m[38;2;000;000;255m[TelemetryLogger][INFO]: make_xprs_decoder, video/200x200/pixel=grey8/codec=H.265: H.265/SW/hevc, gray8[0m
[0m[38;2;000;000;255m[XprsDecoder][INFO]: Using H.265 SW decoder named 'hevc' (xprs::yuv420p -> vrs::yuv_i420_split)[0m
[0m[38;2;000;000;255m[TelemetryLogger][INFO]: make_xprs_decoder, video/2016x1512/pixel=yuv_i420_split/codec=H.265: H.265/SW/hevc, yuv420p[0m
[0m[38;2;000;000;255m[XprsDecoder][INFO]: Using H.265 SW decoder named 'hevc' (xprs::gray8 -> vrs::grey8)[0m
[0m[38;2;000;000;255m[TelemetryLogger][INFO]: make_xprs_decoder, video/512x512/pixel=grey8/codec=H.265: H.265/SW/hevc, gray8[0m
[0m[38;2;000;000;255m[XprsDecoder][INFO]: Using H.265 SW decoder named 'hevc' (xprs::gray8 -> vrs::grey8)[0m
[0m[38;2;000;000;255m[TelemetryLogger][INFO]: make_xprs_decoder, video/512x512/pixel=grey8/codec=H.265: H.265/SW/hevc, gray8[0m
[0m[38;2;000;000;255m[XprsDecoder][INFO]: Using H.265 SW decoder named 'hevc' (xprs::gray8 -> vrs::grey8)[0m
[0m[38;2;000;000;255m[TelemetryLogger][INFO]: make_xprs_decoder, video/512x512/pixel=grey8/codec=H.265: H.265/SW/hevc, gray8[0m
[0m[38;2;000;000;255m[XprsDecoder][INFO]: Using H.265 SW decoder named 'hevc' (xprs::gray8 -> vrs::grey8)[0m
[0m[38;2;000;000;255m[TelemetryLogger][INFO]: make_xprs_decoder, video/512x512/pixel=grey8/codec=H.265: H.265/SW/hevc, gray8[0m
[0m[38;2;000;000;255m[ProgressLogger][INFO]: 2026-07-02 02:14:49: Opening /home/eker/Master-Thesis---Multi-modal-User-Intention-Estimation-and-Hand-Position-Prediction/Data_collection/Data_vrs/Suthan_1_20260604_164834.vrs...[0m
[0m[38;2;000;128;000m[MultiRecordFileReader][DEBUG]: Opened file '/home/eker/Master-Thesis---Multi-modal-User-Intention-Estimation-and-Hand-Position-Prediction/Data_collection/Data_vrs/Suthan_1_20260604_164834.vrs' and assigned to reader #0[0m
[0m[38;2;000;000;255m[VrsDataProvider][INFO]: streamId 211-1/camera-et-left activated[0m
[0m[38;2;000;000;255m[VrsDataProvider][INFO]: streamId 211-2/camera-et-right activated[0m
[0m[38;2;000;000;255m[VrsDataProvider][INFO]: streamId 214-1/camera-rgb activated[0m
[0m[38;2;000;000;255m[VrsDataProvider][INFO]: streamId 231-1/mic activated[0m
[0m[38;2;000;000;255m[VrsDataProvider][INFO]: streamId 246-1/temperature activated[0m
[0m[38;2;000;000;255m[VrsDataProvider][INFO]: streamId 247-1/baro0 activated[0m
[0m[38;2;000;000;255m[VrsDataProvider][INFO]: streamId 248-1/ppg activated[0m
[0m[38;2;000;000;255m[VrsDataProvider][INFO]: streamId 281-1/gps-app activated[0m
[0m[38;2;000;000;255m[VrsDataProvider][INFO]: streamId 282-1/wps activated[0m
[0m[38;2;000;000;255m[VrsDataProvider][INFO]: streamId 283-1/bluetooth activated[0m
[0m[38;2;000;000;255m[VrsDataProvider][INFO]: Utc stream found: 285-1[0m
[0m[38;2;000;000;255m[VrsDataProvider][INFO]: streamId 371-1/handtracking activated[0m
[0m[38;2;000;000;255m[VrsDataProvider][INFO]: streamId 371-2/vio activated[0m
[0m[38;2;000;000;255m[VrsDataProvider][INFO]: streamId 371-3/vio_high_frequency activated[0m
[0m[38;2;000;000;255m[VrsDataProvider][INFO]: streamId 373-1/eyegaze activated[0m
[0m[38;2;000;000;255m[VrsDataProvider][INFO]: streamId 500-1/als activated[0m
[0m[38;2;000;000;255m[VrsDataProvider][INFO]: Fail to activate streamId 502-1[0m
[0m[38;2;000;000;255m[VrsDataProvider][INFO]: streamId 1201-1/slam-front-left activated[0m
[0m[38;2;000;000;255m[VrsDataProvider][INFO]: streamId 1201-2/slam-front-right activated[0m
[0m[38;2;000;000;255m[VrsDataProvider][INFO]: streamId 1201-3/slam-side-left activated[0m
[0m[38;2;000;000;255m[VrsDataProvider][INFO]: streamId 1201-4/slam-side-right activated[0m
[0m[38;2;000;000;255m[VrsDataProvider][INFO]: streamId 1202-1/imu-left activated[0m
[0m[38;2;000;000;255m[VrsDataProvider][INFO]: streamId 1202-2/imu-right activated[0m
[0m[38;2;000;000;255m[VrsDataProvider][INFO]: streamId 1203-1/mag0 activated[0m
[0m[38;2;000;000;255m[XprsDecoder][INFO]: Using H.265 SW decoder named 'hevc' (xprs::gray8 -> vrs::grey8)[0m
[0m[38;2;000;000;255m[TelemetryLogger][INFO]: make_xprs_decoder, video/200x200/pixel=grey8/codec=H.265: H.265/SW/hevc, gray8[0m
[0m[38;2;000;000;255m[XprsDecoder][INFO]: Using H.265 SW decoder named 'hevc' (xprs::gray8 -> vrs::grey8)[0m
[0m[38;2;000;000;255m[TelemetryLogger][INFO]: make_xprs_decoder, video/200x200/pixel=grey8/codec=H.265: H.265/SW/hevc, gray8[0m
[0m[38;2;000;000;255m[XprsDecoder][INFO]: Using H.265 SW decoder named 'hevc' (xprs::yuv420p -> vrs::yuv_i420_split)[0m
[0m[38;2;000;000;255m[TelemetryLogger][INFO]: make_xprs_decoder, video/2016x1512/pixel=yuv_i420_split/codec=H.265: H.265/SW/hevc, yuv420p[0m
[0m[38;2;000;000;255m[XprsDecoder][INFO]: Using H.265 SW decoder named 'hevc' (xprs::gray8 -> vrs::grey8)[0m
[0m[38;2;000;000;255m[TelemetryLogger][INFO]: make_xprs_decoder, video/512x512/pixel=grey8/codec=H.265: H.265/SW/hevc, gray8[0m
[0m[38;2;000;000;255m[XprsDecoder][INFO]: Using H.265 SW decoder named 'hevc' (xprs::gray8 -> vrs::grey8)[0m
[0m[38;2;000;000;255m[TelemetryLogger][INFO]: make_xprs_decoder, video/512x512/pixel=grey8/codec=H.265: H.265/SW/hevc, gray8[0m
[0m[38;2;000;000;255m[XprsDecoder][INFO]: Using H.265 SW decoder named 'hevc' (xprs::gray8 -> vrs::grey8)[0m
[0m[38;2;000;000;255m[TelemetryLogger][INFO]: make_xprs_decoder, video/512x512/pixel=grey8/codec=H.265: H.265/SW/hevc, gray8[0m
[0m[38;2;000;000;255m[XprsDecoder][INFO]: Using H.265 SW decoder named 'hevc' (xprs::gray8 -> vrs::grey8)[0m
[0m[38;2;000;000;255m[TelemetryLogger][INFO]: make_xprs_decoder, video/512x512/pixel=grey8/codec=H.265: H.265/SW/hevc, gray8[0m
[0m[38;2;000;000;255m[ProgressLogger][INFO]: 2026-07-02 02:21:25: Opening /home/eker/Master-Thesis---Multi-modal-User-Intention-Estimation-and-Hand-Position-Prediction/Data_collection/Data_vrs/Suthan_2_20260604_165031.vrs...[0m
[0m[38;2;000;128;000m[MultiRecordFileReader][DEBUG]: Opened file '/home/eker/Master-Thesis---Multi-modal-User-Intention-Estimation-and-Hand-Position-Prediction/Data_collection/Data_vrs/Suthan_2_20260604_165031.vrs' and assigned to reader #0[0m
[0m[38;2;000;000;255m[VrsDataProvider][INFO]: streamId 211-1/camera-et-left activated[0m
[0m[38;2;000;000;255m[VrsDataProvider][INFO]: streamId 211-2/camera-et-right activated[0m
[0m[38;2;000;000;255m[VrsDataProvider][INFO]: streamId 214-1/camera-rgb activated[0m
[0m[38;2;000;000;255m[VrsDataProvider][INFO]: streamId 231-1/mic activated[0m
[0m[38;2;000;000;255m[VrsDataProvider][INFO]: streamId 246-1/temperature activated[0m
[0m[38;2;000;000;255m[VrsDataProvider][INFO]: streamId 247-1/baro0 activated[0m
[0m[38;2;000;000;255m[VrsDataProvider][INFO]: streamId 248-1/ppg activated[0m
[0m[38;2;000;000;255m[VrsDataProvider][INFO]: streamId 281-1/gps-app activated[0m
[0m[38;2;000;000;255m[VrsDataProvider][INFO]: streamId 282-1/wps activated[0m
[0m[38;2;000;000;255m[VrsDataProvider][INFO]: streamId 283-1/bluetooth activated[0m
[0m[38;2;000;000;255m[VrsDataProvider][INFO]: Utc stream found: 285-1[0m
[0m[38;2;000;000;255m[VrsDataProvider][INFO]: streamId 371-1/handtracking activated[0m
[0m[38;2;000;000;255m[VrsDataProvider][INFO]: streamId 371-2/vio activated[0m
[0m[38;2;000;000;255m[VrsDataProvider][INFO]: streamId 371-3/vio_high_frequency activated[0m
[0m[38;2;000;000;255m[VrsDataProvider][INFO]: streamId 373-1/eyegaze activated[0m
[0m[38;2;000;000;255m[VrsDataProvider][INFO]: streamId 500-1/als activated[0m
[0m[38;2;000;000;255m[VrsDataProvider][INFO]: Fail to activate streamId 502-1[0m
[0m[38;2;000;000;255m[VrsDataProvider][INFO]: streamId 1201-1/slam-front-left activated[0m
[0m[38;2;000;000;255m[VrsDataProvider][INFO]: streamId 1201-2/slam-front-right activated[0m
[0m[38;2;000;000;255m[VrsDataProvider][INFO]: streamId 1201-3/slam-side-left activated[0m
[0m[38;2;000;000;255m[VrsDataProvider][INFO]: streamId 1201-4/slam-side-right activated[0m
[0m[38;2;000;000;255m[VrsDataProvider][INFO]: streamId 1202-1/imu-left activated[0m
[0m[38;2;000;000;255m[VrsDataProvider][INFO]: streamId 1202-2/imu-right activated[0m
[0m[38;2;000;000;255m[VrsDataProvider][INFO]: streamId 1203-1/mag0 activated[0m
[0m[38;2;000;000;255m[XprsDecoder][INFO]: Using H.265 SW decoder named 'hevc' (xprs::gray8 -> vrs::grey8)[0m
[0m[38;2;000;000;255m[TelemetryLogger][INFO]: make_xprs_decoder, video/200x200/pixel=grey8/codec=H.265: H.265/SW/hevc, gray8[0m
[0m[38;2;000;000;255m[XprsDecoder][INFO]: Using H.265 SW decoder named 'hevc' (xprs::gray8 -> vrs::grey8)[0m
[0m[38;2;000;000;255m[TelemetryLogger][INFO]: make_xprs_decoder, video/200x200/pixel=grey8/codec=H.265: H.265/SW/hevc, gray8[0m
[0m[38;2;000;000;255m[XprsDecoder][INFO]: Using H.265 SW decoder named 'hevc' (xprs::yuv420p -> vrs::yuv_i420_split)[0m
[0m[38;2;000;000;255m[TelemetryLogger][INFO]: make_xprs_decoder, video/2016x1512/pixel=yuv_i420_split/codec=H.265: H.265/SW/hevc, yuv420p[0m
[0m[38;2;000;000;255m[XprsDecoder][INFO]: Using H.265 SW decoder named 'hevc' (xprs::gray8 -> vrs::grey8)[0m
[0m[38;2;000;000;255m[TelemetryLogger][INFO]: make_xprs_decoder, video/512x512/pixel=grey8/codec=H.265: H.265/SW/hevc, gray8[0m
[0m[38;2;000;000;255m[XprsDecoder][INFO]: Using H.265 SW decoder named 'hevc' (xprs::gray8 -> vrs::grey8)[0m
[0m[38;2;000;000;255m[TelemetryLogger][INFO]: make_xprs_decoder, video/512x512/pixel=grey8/codec=H.265: H.265/SW/hevc, gray8[0m
[0m[38;2;000;000;255m[XprsDecoder][INFO]: Using H.265 SW decoder named 'hevc' (xprs::gray8 -> vrs::grey8)[0m
[0m[38;2;000;000;255m[TelemetryLogger][INFO]: make_xprs_decoder, video/512x512/pixel=grey8/codec=H.265: H.265/SW/hevc, gray8[0m
[0m[38;2;000;000;255m[XprsDecoder][INFO]: Using H.265 SW decoder named 'hevc' (xprs::gray8 -> vrs::grey8)[0m
[0m[38;2;000;000;255m[TelemetryLogger][INFO]: make_xprs_decoder, video/512x512/pixel=grey8/codec=H.265: H.265/SW/hevc, gray8[0m
[0m[38;2;000;000;255m[ProgressLogger][INFO]: 2026-07-02 02:27:08: Opening /home/eker/Master-Thesis---Multi-modal-User-Intention-Estimation-and-Hand-Position-Prediction/Data_collection/Data_vrs/Suthan_3_20260604_165324.vrs...[0m
[0m[38;2;000;128;000m[MultiRecordFileReader][DEBUG]: Opened file '/home/eker/Master-Thesis---Multi-modal-User-Intention-Estimation-and-Hand-Position-Prediction/Data_collection/Data_vrs/Suthan_3_20260604_165324.vrs' and assigned to reader #0[0m
[0m[38;2;000;000;255m[VrsDataProvider][INFO]: streamId 211-1/camera-et-left activated[0m
[0m[38;2;000;000;255m[VrsDataProvider][INFO]: streamId 211-2/camera-et-right activated[0m
[0m[38;2;000;000;255m[VrsDataProvider][INFO]: streamId 214-1/camera-rgb activated[0m
[0m[38;2;000;000;255m[VrsDataProvider][INFO]: streamId 231-1/mic activated[0m
[0m[38;2;000;000;255m[VrsDataProvider][INFO]: streamId 246-1/temperature activated[0m
[0m[38;2;000;000;255m[VrsDataProvider][INFO]: streamId 247-1/baro0 activated[0m
[0m[38;2;000;000;255m[VrsDataProvider][INFO]: streamId 248-1/ppg activated[0m
[0m[38;2;000;000;255m[VrsDataProvider][INFO]: streamId 281-1/gps-app activated[0m
[0m[38;2;000;000;255m[VrsDataProvider][INFO]: streamId 282-1/wps activated[0m
[0m[38;2;000;000;255m[VrsDataProvider][INFO]: streamId 283-1/bluetooth activated[0m
[0m[38;2;000;000;255m[VrsDataProvider][INFO]: Utc stream found: 285-1[0m
[0m[38;2;000;000;255m[VrsDataProvider][INFO]: streamId 371-1/handtracking activated[0m
[0m[38;2;000;000;255m[VrsDataProvider][INFO]: streamId 371-2/vio activated[0m
[0m[38;2;000;000;255m[VrsDataProvider][INFO]: streamId 371-3/vio_high_frequency activated[0m
[0m[38;2;000;000;255m[VrsDataProvider][INFO]: streamId 373-1/eyegaze activated[0m
[0m[38;2;000;000;255m[VrsDataProvider][INFO]: streamId 500-1/als activated[0m
[0m[38;2;000;000;255m[VrsDataProvider][INFO]: Fail to activate streamId 502-1[0m
[0m[38;2;000;000;255m[VrsDataProvider][INFO]: streamId 1201-1/slam-front-left activated[0m
[0m[38;2;000;000;255m[VrsDataProvider][INFO]: streamId 1201-2/slam-front-right activated[0m
[0m[38;2;000;000;255m[VrsDataProvider][INFO]: streamId 1201-3/slam-side-left activated[0m
[0m[38;2;000;000;255m[VrsDataProvider][INFO]: streamId 1201-4/slam-side-right activated[0m
[0m[38;2;000;000;255m[VrsDataProvider][INFO]: streamId 1202-1/imu-left activated[0m
[0m[38;2;000;000;255m[VrsDataProvider][INFO]: streamId 1202-2/imu-right activated[0m
[0m[38;2;000;000;255m[VrsDataProvider][INFO]: streamId 1203-1/mag0 activated[0m
[0m[38;2;000;000;255m[XprsDecoder][INFO]: Using H.265 SW decoder named 'hevc' (xprs::gray8 -> vrs::grey8)[0m
[0m[38;2;000;000;255m[TelemetryLogger][INFO]: make_xprs_decoder, video/200x200/pixel=grey8/codec=H.265: H.265/SW/hevc, gray8[0m
[0m[38;2;000;000;255m[XprsDecoder][INFO]: Using H.265 SW decoder named 'hevc' (xprs::gray8 -> vrs::grey8)[0m
[0m[38;2;000;000;255m[TelemetryLogger][INFO]: make_xprs_decoder, video/200x200/pixel=grey8/codec=H.265: H.265/SW/hevc, gray8[0m
[0m[38;2;000;000;255m[XprsDecoder][INFO]: Using H.265 SW decoder named 'hevc' (xprs::yuv420p -> vrs::yuv_i420_split)[0m
[0m[38;2;000;000;255m[TelemetryLogger][INFO]: make_xprs_decoder, video/2016x1512/pixel=yuv_i420_split/codec=H.265: H.265/SW/hevc, yuv420p[0m
[0m[38;2;000;000;255m[XprsDecoder][INFO]: Using H.265 SW decoder named 'hevc' (xprs::gray8 -> vrs::grey8)[0m
[0m[38;2;000;000;255m[TelemetryLogger][INFO]: make_xprs_decoder, video/512x512/pixel=grey8/codec=H.265: H.265/SW/hevc, gray8[0m
[0m[38;2;000;000;255m[XprsDecoder][INFO]: Using H.265 SW decoder named 'hevc' (xprs::gray8 -> vrs::grey8)[0m
[0m[38;2;000;000;255m[TelemetryLogger][INFO]: make_xprs_decoder, video/512x512/pixel=grey8/codec=H.265: H.265/SW/hevc, gray8[0m
[0m[38;2;000;000;255m[XprsDecoder][INFO]: Using H.265 SW decoder named 'hevc' (xprs::gray8 -> vrs::grey8)[0m
[0m[38;2;000;000;255m[TelemetryLogger][INFO]: make_xprs_decoder, video/512x512/pixel=grey8/codec=H.265: H.265/SW/hevc, gray8[0m
[0m[38;2;000;000;255m[XprsDecoder][INFO]: Using H.265 SW decoder named 'hevc' (xprs::gray8 -> vrs::grey8)[0m
[0m[38;2;000;000;255m[TelemetryLogger][INFO]: make_xprs_decoder, video/512x512/pixel=grey8/codec=H.265: H.265/SW/hevc, gray8[0m
[0m[38;2;000;000;255m[ProgressLogger][INFO]: 2026-07-02 02:33:01: Opening /home/eker/Master-Thesis---Multi-modal-User-Intention-Estimation-and-Hand-Position-Prediction/Data_collection/Data_vrs/Suthan_4_20260604_165434.vrs...[0m
[0m[38;2;000;128;000m[MultiRecordFileReader][DEBUG]: Opened file '/home/eker/Master-Thesis---Multi-modal-User-Intention-Estimation-and-Hand-Position-Prediction/Data_collection/Data_vrs/Suthan_4_20260604_165434.vrs' and assigned to reader #0[0m
[0m[38;2;000;000;255m[VrsDataProvider][INFO]: streamId 211-1/camera-et-left activated[0m
[0m[38;2;000;000;255m[VrsDataProvider][INFO]: streamId 211-2/camera-et-right activated[0m
[0m[38;2;000;000;255m[VrsDataProvider][INFO]: streamId 214-1/camera-rgb activated[0m
[0m[38;2;000;000;255m[VrsDataProvider][INFO]: streamId 231-1/mic activated[0m
[0m[38;2;000;000;255m[VrsDataProvider][INFO]: streamId 246-1/temperature activated[0m
[0m[38;2;000;000;255m[VrsDataProvider][INFO]: streamId 247-1/baro0 activated[0m
[0m[38;2;000;000;255m[VrsDataProvider][INFO]: streamId 248-1/ppg activated[0m
[0m[38;2;000;000;255m[VrsDataProvider][INFO]: streamId 281-1/gps-app activated[0m
[0m[38;2;000;000;255m[VrsDataProvider][INFO]: streamId 282-1/wps activated[0m
[0m[38;2;000;000;255m[VrsDataProvider][INFO]: streamId 283-1/bluetooth activated[0m
[0m[38;2;000;000;255m[VrsDataProvider][INFO]: Utc stream found: 285-1[0m
[0m[38;2;000;000;255m[VrsDataProvider][INFO]: streamId 371-1/handtracking activated[0m
[0m[38;2;000;000;255m[VrsDataProvider][INFO]: streamId 371-2/vio activated[0m
[0m[38;2;000;000;255m[VrsDataProvider][INFO]: streamId 371-3/vio_high_frequency activated[0m
[0m[38;2;000;000;255m[VrsDataProvider][INFO]: streamId 373-1/eyegaze activated[0m
[0m[38;2;000;000;255m[VrsDataProvider][INFO]: streamId 500-1/als activated[0m
[0m[38;2;000;000;255m[VrsDataProvider][INFO]: Fail to activate streamId 502-1[0m
[0m[38;2;000;000;255m[VrsDataProvider][INFO]: streamId 1201-1/slam-front-left activated[0m
[0m[38;2;000;000;255m[VrsDataProvider][INFO]: streamId 1201-2/slam-front-right activated[0m
[0m[38;2;000;000;255m[VrsDataProvider][INFO]: streamId 1201-3/slam-side-left activated[0m
[0m[38;2;000;000;255m[VrsDataProvider][INFO]: streamId 1201-4/slam-side-right activated[0m
[0m[38;2;000;000;255m[VrsDataProvider][INFO]: streamId 1202-1/imu-left activated[0m
[0m[38;2;000;000;255m[VrsDataProvider][INFO]: streamId 1202-2/imu-right activated[0m
[0m[38;2;000;000;255m[VrsDataProvider][INFO]: streamId 1203-1/mag0 activated[0m
[0m[38;2;000;000;255m[XprsDecoder][INFO]: Using H.265 SW decoder named 'hevc' (xprs::gray8 -> vrs::grey8)[0m
[0m[38;2;000;000;255m[TelemetryLogger][INFO]: make_xprs_decoder, video/200x200/pixel=grey8/codec=H.265: H.265/SW/hevc, gray8[0m
[0m[38;2;000;000;255m[XprsDecoder][INFO]: Using H.265 SW decoder named 'hevc' (xprs::gray8 -> vrs::grey8)[0m
[0m[38;2;000;000;255m[TelemetryLogger][INFO]: make_xprs_decoder, video/200x200/pixel=grey8/codec=H.265: H.265/SW/hevc, gray8[0m
[0m[38;2;000;000;255m[XprsDecoder][INFO]: Using H.265 SW decoder named 'hevc' (xprs::yuv420p -> vrs::yuv_i420_split)[0m
[0m[38;2;000;000;255m[TelemetryLogger][INFO]: make_xprs_decoder, video/2016x1512/pixel=yuv_i420_split/codec=H.265: H.265/SW/hevc, yuv420p[0m
[0m[38;2;000;000;255m[XprsDecoder][INFO]: Using H.265 SW decoder named 'hevc' (xprs::gray8 -> vrs::grey8)[0m
[0m[38;2;000;000;255m[TelemetryLogger][INFO]: make_xprs_decoder, video/512x512/pixel=grey8/codec=H.265: H.265/SW/hevc, gray8[0m
[0m[38;2;000;000;255m[XprsDecoder][INFO]: Using H.265 SW decoder named 'hevc' (xprs::gray8 -> vrs::grey8)[0m
[0m[38;2;000;000;255m[TelemetryLogger][INFO]: make_xprs_decoder, video/512x512/pixel=grey8/codec=H.265: H.265/SW/hevc, gray8[0m
[0m[38;2;000;000;255m[XprsDecoder][INFO]: Using H.265 SW decoder named 'hevc' (xprs::gray8 -> vrs::grey8)[0m
[0m[38;2;000;000;255m[TelemetryLogger][INFO]: make_xprs_decoder, video/512x512/pixel=grey8/codec=H.265: H.265/SW/hevc, gray8[0m
[0m[38;2;000;000;255m[XprsDecoder][INFO]: Using H.265 SW decoder named 'hevc' (xprs::gray8 -> vrs::grey8)[0m
[0m[38;2;000;000;255m[TelemetryLogger][INFO]: make_xprs_decoder, video/512x512/pixel=grey8/codec=H.265: H.265/SW/hevc, gray8[0m
[0m[38;2;000;000;255m[ProgressLogger][INFO]: 2026-07-02 02:38:46: Opening /home/eker/Master-Thesis---Multi-modal-User-Intention-Estimation-and-Hand-Position-Prediction/Data_collection/Data_vrs/Test_1_20260624_122109.vrs...[0m
[0m[38;2;000;128;000m[MultiRecordFileReader][DEBUG]: Opened file '/home/eker/Master-Thesis---Multi-modal-User-Intention-Estimation-and-Hand-Position-Prediction/Data_collection/Data_vrs/Test_1_20260624_122109.vrs' and assigned to reader #0[0m
[0m[38;2;000;000;255m[VrsDataProvider][INFO]: streamId 211-1/camera-et-left activated[0m
[0m[38;2;000;000;255m[VrsDataProvider][INFO]: streamId 211-2/camera-et-right activated[0m
[0m[38;2;000;000;255m[VrsDataProvider][INFO]: streamId 214-1/camera-rgb activated[0m
[0m[38;2;000;000;255m[VrsDataProvider][INFO]: streamId 231-1/mic activated[0m
[0m[38;2;000;000;255m[VrsDataProvider][INFO]: streamId 246-1/temperature activated[0m
[0m[38;2;000;000;255m[VrsDataProvider][INFO]: streamId 247-1/baro0 activated[0m
[0m[38;2;000;000;255m[VrsDataProvider][INFO]: streamId 248-1/ppg activated[0m
[0m[38;2;000;000;255m[VrsDataProvider][INFO]: streamId 281-1/gps-app activated[0m
[0m[38;2;000;000;255m[VrsDataProvider][INFO]: streamId 282-1/wps activated[0m
[0m[38;2;000;000;255m[VrsDataProvider][INFO]: streamId 283-1/bluetooth activated[0m
[0m[38;2;000;000;255m[VrsDataProvider][INFO]: Utc stream found: 285-1[0m
[0m[38;2;000;000;255m[VrsDataProvider][INFO]: streamId 371-1/handtracking activated[0m
[0m[38;2;000;000;255m[VrsDataProvider][INFO]: streamId 371-2/vio activated[0m
[0m[38;2;000;000;255m[VrsDataProvider][INFO]: streamId 371-3/vio_high_frequency activated[0m
[0m[38;2;000;000;255m[VrsDataProvider][INFO]: streamId 373-1/eyegaze activated[0m
[0m[38;2;000;000;255m[VrsDataProvider][INFO]: streamId 500-1/als activated[0m
[0m[38;2;000;000;255m[VrsDataProvider][INFO]: Fail to activate streamId 502-1[0m
[0m[38;2;000;000;255m[VrsDataProvider][INFO]: streamId 1201-1/slam-front-left activated[0m
[0m[38;2;000;000;255m[VrsDataProvider][INFO]: streamId 1201-2/slam-front-right activated[0m
[0m[38;2;000;000;255m[VrsDataProvider][INFO]: streamId 1201-3/slam-side-left activated[0m
[0m[38;2;000;000;255m[VrsDataProvider][INFO]: streamId 1201-4/slam-side-right activated[0m
[0m[38;2;000;000;255m[VrsDataProvider][INFO]: streamId 1202-1/imu-left activated[0m
[0m[38;2;000;000;255m[VrsDataProvider][INFO]: streamId 1202-2/imu-right activated[0m
[0m[38;2;000;000;255m[VrsDataProvider][INFO]: streamId 1203-1/mag0 activated[0m
[0m[38;2;000;000;255m[XprsDecoder][INFO]: Using H.265 SW decoder named 'hevc' (xprs::gray8 -> vrs::grey8)[0m
[0m[38;2;000;000;255m[TelemetryLogger][INFO]: make_xprs_decoder, video/200x200/pixel=grey8/codec=H.265: H.265/SW/hevc, gray8[0m
[0m[38;2;000;000;255m[XprsDecoder][INFO]: Using H.265 SW decoder named 'hevc' (xprs::gray8 -> vrs::grey8)[0m
[0m[38;2;000;000;255m[TelemetryLogger][INFO]: make_xprs_decoder, video/200x200/pixel=grey8/codec=H.265: H.265/SW/hevc, gray8[0m
[0m[38;2;000;000;255m[XprsDecoder][INFO]: Using H.265 SW decoder named 'hevc' (xprs::yuv420p -> vrs::yuv_i420_split)[0m
[0m[38;2;000;000;255m[TelemetryLogger][INFO]: make_xprs_decoder, video/2016x1512/pixel=yuv_i420_split/codec=H.265: H.265/SW/hevc, yuv420p[0m
[0m[38;2;000;000;255m[XprsDecoder][INFO]: Using H.265 SW decoder named 'hevc' (xprs::gray8 -> vrs::grey8)[0m
[0m[38;2;000;000;255m[TelemetryLogger][INFO]: make_xprs_decoder, video/512x512/pixel=grey8/codec=H.265: H.265/SW/hevc, gray8[0m
[0m[38;2;000;000;255m[XprsDecoder][INFO]: Using H.265 SW decoder named 'hevc' (xprs::gray8 -> vrs::grey8)[0m
[0m[38;2;000;000;255m[TelemetryLogger][INFO]: make_xprs_decoder, video/512x512/pixel=grey8/codec=H.265: H.265/SW/hevc, gray8[0m
[0m[38;2;000;000;255m[XprsDecoder][INFO]: Using H.265 SW decoder named 'hevc' (xprs::gray8 -> vrs::grey8)[0m
[0m[38;2;000;000;255m[TelemetryLogger][INFO]: make_xprs_decoder, video/512x512/pixel=grey8/codec=H.265: H.265/SW/hevc, gray8[0m
[0m[38;2;000;000;255m[XprsDecoder][INFO]: Using H.265 SW decoder named 'hevc' (xprs::gray8 -> vrs::grey8)[0m
[0m[38;2;000;000;255m[TelemetryLogger][INFO]: make_xprs_decoder, video/512x512/pixel=grey8/codec=H.265: H.265/SW/hevc, gray8[0m
[0m[38;2;000;000;255m[ProgressLogger][INFO]: 2026-07-02 02:43:35: Opening /home/eker/Master-Thesis---Multi-modal-User-Intention-Estimation-and-Hand-Position-Prediction/Data_collection/Data_vrs/Test_2_20260624_122206.vrs...[0m
[0m[38;2;000;128;000m[MultiRecordFileReader][DEBUG]: Opened file '/home/eker/Master-Thesis---Multi-modal-User-Intention-Estimation-and-Hand-Position-Prediction/Data_collection/Data_vrs/Test_2_20260624_122206.vrs' and assigned to reader #0[0m
[0m[38;2;000;000;255m[VrsDataProvider][INFO]: streamId 211-1/camera-et-left activated[0m
[0m[38;2;000;000;255m[VrsDataProvider][INFO]: streamId 211-2/camera-et-right activated[0m
[0m[38;2;000;000;255m[VrsDataProvider][INFO]: streamId 214-1/camera-rgb activated[0m
[0m[38;2;000;000;255m[VrsDataProvider][INFO]: streamId 231-1/mic activated[0m
[0m[38;2;000;000;255m[VrsDataProvider][INFO]: streamId 246-1/temperature activated[0m
[0m[38;2;000;000;255m[VrsDataProvider][INFO]: streamId 247-1/baro0 activated[0m
[0m[38;2;000;000;255m[VrsDataProvider][INFO]: streamId 248-1/ppg activated[0m
[0m[38;2;000;000;255m[VrsDataProvider][INFO]: streamId 281-1/gps-app activated[0m
[0m[38;2;000;000;255m[VrsDataProvider][INFO]: streamId 282-1/wps activated[0m
[0m[38;2;000;000;255m[VrsDataProvider][INFO]: streamId 283-1/bluetooth activated[0m
[0m[38;2;000;000;255m[VrsDataProvider][INFO]: Utc stream found: 285-1[0m
[0m[38;2;000;000;255m[VrsDataProvider][INFO]: streamId 371-1/handtracking activated[0m
[0m[38;2;000;000;255m[VrsDataProvider][INFO]: streamId 371-2/vio activated[0m
[0m[38;2;000;000;255m[VrsDataProvider][INFO]: streamId 371-3/vio_high_frequency activated[0m
[0m[38;2;000;000;255m[VrsDataProvider][INFO]: streamId 373-1/eyegaze activated[0m
[0m[38;2;000;000;255m[VrsDataProvider][INFO]: streamId 500-1/als activated[0m
[0m[38;2;000;000;255m[VrsDataProvider][INFO]: Fail to activate streamId 502-1[0m
[0m[38;2;000;000;255m[VrsDataProvider][INFO]: streamId 1201-1/slam-front-left activated[0m
[0m[38;2;000;000;255m[VrsDataProvider][INFO]: streamId 1201-2/slam-front-right activated[0m
[0m[38;2;000;000;255m[VrsDataProvider][INFO]: streamId 1201-3/slam-side-left activated[0m
[0m[38;2;000;000;255m[VrsDataProvider][INFO]: streamId 1201-4/slam-side-right activated[0m
[0m[38;2;000;000;255m[VrsDataProvider][INFO]: streamId 1202-1/imu-left activated[0m
[0m[38;2;000;000;255m[VrsDataProvider][INFO]: streamId 1202-2/imu-right activated[0m
[0m[38;2;000;000;255m[VrsDataProvider][INFO]: streamId 1203-1/mag0 activated[0m
[0m[38;2;000;000;255m[XprsDecoder][INFO]: Using H.265 SW decoder named 'hevc' (xprs::gray8 -> vrs::grey8)[0m
[0m[38;2;000;000;255m[TelemetryLogger][INFO]: make_xprs_decoder, video/200x200/pixel=grey8/codec=H.265: H.265/SW/hevc, gray8[0m
[0m[38;2;000;000;255m[XprsDecoder][INFO]: Using H.265 SW decoder named 'hevc' (xprs::gray8 -> vrs::grey8)[0m
[0m[38;2;000;000;255m[TelemetryLogger][INFO]: make_xprs_decoder, video/200x200/pixel=grey8/codec=H.265: H.265/SW/hevc, gray8[0m
[0m[38;2;000;000;255m[XprsDecoder][INFO]: Using H.265 SW decoder named 'hevc' (xprs::yuv420p -> vrs::yuv_i420_split)[0m
[0m[38;2;000;000;255m[TelemetryLogger][INFO]: make_xprs_decoder, video/2016x1512/pixel=yuv_i420_split/codec=H.265: H.265/SW/hevc, yuv420p[0m
[0m[38;2;000;000;255m[XprsDecoder][INFO]: Using H.265 SW decoder named 'hevc' (xprs::gray8 -> vrs::grey8)[0m
[0m[38;2;000;000;255m[TelemetryLogger][INFO]: make_xprs_decoder, video/512x512/pixel=grey8/codec=H.265: H.265/SW/hevc, gray8[0m
[0m[38;2;000;000;255m[XprsDecoder][INFO]: Using H.265 SW decoder named 'hevc' (xprs::gray8 -> vrs::grey8)[0m
[0m[38;2;000;000;255m[TelemetryLogger][INFO]: make_xprs_decoder, video/512x512/pixel=grey8/codec=H.265: H.265/SW/hevc, gray8[0m
[0m[38;2;000;000;255m[XprsDecoder][INFO]: Using H.265 SW decoder named 'hevc' (xprs::gray8 -> vrs::grey8)[0m
[0m[38;2;000;000;255m[TelemetryLogger][INFO]: make_xprs_decoder, video/512x512/pixel=grey8/codec=H.265: H.265/SW/hevc, gray8[0m
[0m[38;2;000;000;255m[XprsDecoder][INFO]: Using H.265 SW decoder named 'hevc' (xprs::gray8 -> vrs::grey8)[0m
[0m[38;2;000;000;255m[TelemetryLogger][INFO]: make_xprs_decoder, video/512x512/pixel=grey8/codec=H.265: H.265/SW/hevc, gray8[0m
[0m[38;2;000;000;255m[ProgressLogger][INFO]: 2026-07-02 02:48:10: Opening /home/eker/Master-Thesis---Multi-modal-User-Intention-Estimation-and-Hand-Position-Prediction/Data_collection/Data_vrs/Test_3_20260522_160036.vrs...[0m
[0m[38;2;000;128;000m[MultiRecordFileReader][DEBUG]: Opened file '/home/eker/Master-Thesis---Multi-modal-User-Intention-Estimation-and-Hand-Position-Prediction/Data_collection/Data_vrs/Test_3_20260522_160036.vrs' and assigned to reader #0[0m
[0m[38;2;000;000;255m[VrsDataProvider][INFO]: streamId 211-1/camera-et-left activated[0m
[0m[38;2;000;000;255m[VrsDataProvider][INFO]: streamId 211-2/camera-et-right activated[0m
[0m[38;2;000;000;255m[VrsDataProvider][INFO]: streamId 214-1/camera-rgb activated[0m
[0m[38;2;000;000;255m[VrsDataProvider][INFO]: streamId 231-1/mic activated[0m
[0m[38;2;000;000;255m[VrsDataProvider][INFO]: streamId 246-1/temperature activated[0m
[0m[38;2;000;000;255m[VrsDataProvider][INFO]: streamId 247-1/baro0 activated[0m
[0m[38;2;000;000;255m[VrsDataProvider][INFO]: streamId 248-1/ppg activated[0m
[0m[38;2;000;000;255m[VrsDataProvider][INFO]: streamId 281-1/gps-app activated[0m
[0m[38;2;000;000;255m[VrsDataProvider][INFO]: streamId 282-1/wps activated[0m
[0m[38;2;000;000;255m[VrsDataProvider][INFO]: streamId 283-1/bluetooth activated[0m
[0m[38;2;000;000;255m[VrsDataProvider][INFO]: Utc stream found: 285-1[0m
[0m[38;2;000;000;255m[VrsDataProvider][INFO]: streamId 371-1/handtracking activated[0m
[0m[38;2;000;000;255m[VrsDataProvider][INFO]: streamId 371-2/vio activated[0m
[0m[38;2;000;000;255m[VrsDataProvider][INFO]: streamId 371-3/vio_high_frequency activated[0m
[0m[38;2;000;000;255m[VrsDataProvider][INFO]: streamId 373-1/eyegaze activated[0m
[0m[38;2;000;000;255m[VrsDataProvider][INFO]: streamId 500-1/als activated[0m
[0m[38;2;000;000;255m[VrsDataProvider][INFO]: Fail to activate streamId 502-1[0m
[0m[38;2;000;000;255m[VrsDataProvider][INFO]: streamId 1201-1/slam-front-left activated[0m
[0m[38;2;000;000;255m[VrsDataProvider][INFO]: streamId 1201-2/slam-front-right activated[0m
[0m[38;2;000;000;255m[VrsDataProvider][INFO]: streamId 1201-3/slam-side-left activated[0m
[0m[38;2;000;000;255m[VrsDataProvider][INFO]: streamId 1201-4/slam-side-right activated[0m
[0m[38;2;000;000;255m[VrsDataProvider][INFO]: streamId 1202-1/imu-left activated[0m
[0m[38;2;000;000;255m[VrsDataProvider][INFO]: streamId 1202-2/imu-right activated[0m
[0m[38;2;000;000;255m[VrsDataProvider][INFO]: streamId 1203-1/mag0 activated[0m
[0m[38;2;000;000;255m[XprsDecoder][INFO]: Using H.265 SW decoder named 'hevc' (xprs::gray8 -> vrs::grey8)[0m
[0m[38;2;000;000;255m[TelemetryLogger][INFO]: make_xprs_decoder, video/200x200/pixel=grey8/codec=H.265: H.265/SW/hevc, gray8[0m
[0m[38;2;000;000;255m[XprsDecoder][INFO]: Using H.265 SW decoder named 'hevc' (xprs::gray8 -> vrs::grey8)[0m
[0m[38;2;000;000;255m[TelemetryLogger][INFO]: make_xprs_decoder, video/200x200/pixel=grey8/codec=H.265: H.265/SW/hevc, gray8[0m
[0m[38;2;000;000;255m[XprsDecoder][INFO]: Using H.265 SW decoder named 'hevc' (xprs::yuv420p -> vrs::yuv_i420_split)[0m
[0m[38;2;000;000;255m[TelemetryLogger][INFO]: make_xprs_decoder, video/2560x1920/pixel=yuv_i420_split/codec=H.265: H.265/SW/hevc, yuv420p[0m
[0m[38;2;000;000;255m[XprsDecoder][INFO]: Using H.265 SW decoder named 'hevc' (xprs::gray8 -> vrs::grey8)[0m
[0m[38;2;000;000;255m[TelemetryLogger][INFO]: make_xprs_decoder, video/512x512/pixel=grey8/codec=H.265: H.265/SW/hevc, gray8[0m
[0m[38;2;000;000;255m[XprsDecoder][INFO]: Using H.265 SW decoder named 'hevc' (xprs::gray8 -> vrs::grey8)[0m
[0m[38;2;000;000;255m[TelemetryLogger][INFO]: make_xprs_decoder, video/512x512/pixel=grey8/codec=H.265: H.265/SW/hevc, gray8[0m
[0m[38;2;000;000;255m[XprsDecoder][INFO]: Using H.265 SW decoder named 'hevc' (xprs::gray8 -> vrs::grey8)[0m
[0m[38;2;000;000;255m[TelemetryLogger][INFO]: make_xprs_decoder, video/512x512/pixel=grey8/codec=H.265: H.265/SW/hevc, gray8[0m
[0m[38;2;000;000;255m[XprsDecoder][INFO]: Using H.265 SW decoder named 'hevc' (xprs::gray8 -> vrs::grey8)[0m
[0m[38;2;000;000;255m[TelemetryLogger][INFO]: make_xprs_decoder, video/512x512/pixel=grey8/codec=H.265: H.265/SW/hevc, gray8[0m
[0m[38;2;000;000;255m[ProgressLogger][INFO]: 2026-07-02 02:57:37: Opening /home/eker/Master-Thesis---Multi-modal-User-Intention-Estimation-and-Hand-Position-Prediction/Data_collection/Data_vrs/Test_3_20260624_122314.vrs...[0m
[0m[38;2;000;128;000m[MultiRecordFileReader][DEBUG]: Opened file '/home/eker/Master-Thesis---Multi-modal-User-Intention-Estimation-and-Hand-Position-Prediction/Data_collection/Data_vrs/Test_3_20260624_122314.vrs' and assigned to reader #0[0m
[0m[38;2;000;000;255m[VrsDataProvider][INFO]: streamId 211-1/camera-et-left activated[0m
[0m[38;2;000;000;255m[VrsDataProvider][INFO]: streamId 211-2/camera-et-right activated[0m
[0m[38;2;000;000;255m[VrsDataProvider][INFO]: streamId 214-1/camera-rgb activated[0m
[0m[38;2;000;000;255m[VrsDataProvider][INFO]: streamId 231-1/mic activated[0m
[0m[38;2;000;000;255m[VrsDataProvider][INFO]: streamId 246-1/temperature activated[0m
[0m[38;2;000;000;255m[VrsDataProvider][INFO]: streamId 247-1/baro0 activated[0m
[0m[38;2;000;000;255m[VrsDataProvider][INFO]: streamId 248-1/ppg activated[0m
[0m[38;2;000;000;255m[VrsDataProvider][INFO]: streamId 281-1/gps-app activated[0m
[0m[38;2;000;000;255m[VrsDataProvider][INFO]: streamId 282-1/wps activated[0m
[0m[38;2;000;000;255m[VrsDataProvider][INFO]: streamId 283-1/bluetooth activated[0m
[0m[38;2;000;000;255m[VrsDataProvider][INFO]: Utc stream found: 285-1[0m
[0m[38;2;000;000;255m[VrsDataProvider][INFO]: streamId 371-1/handtracking activated[0m
[0m[38;2;000;000;255m[VrsDataProvider][INFO]: streamId 371-2/vio activated[0m
[0m[38;2;000;000;255m[VrsDataProvider][INFO]: streamId 371-3/vio_high_frequency activated[0m
[0m[38;2;000;000;255m[VrsDataProvider][INFO]: streamId 373-1/eyegaze activated[0m
[0m[38;2;000;000;255m[VrsDataProvider][INFO]: streamId 500-1/als activated[0m
[0m[38;2;000;000;255m[VrsDataProvider][INFO]: Fail to activate streamId 502-1[0m
[0m[38;2;000;000;255m[VrsDataProvider][INFO]: streamId 1201-1/slam-front-left activated[0m
[0m[38;2;000;000;255m[VrsDataProvider][INFO]: streamId 1201-2/slam-front-right activated[0m
[0m[38;2;000;000;255m[VrsDataProvider][INFO]: streamId 1201-3/slam-side-left activated[0m
[0m[38;2;000;000;255m[VrsDataProvider][INFO]: streamId 1201-4/slam-side-right activated[0m
[0m[38;2;000;000;255m[VrsDataProvider][INFO]: streamId 1202-1/imu-left activated[0m
[0m[38;2;000;000;255m[VrsDataProvider][INFO]: streamId 1202-2/imu-right activated[0m
[0m[38;2;000;000;255m[VrsDataProvider][INFO]: streamId 1203-1/mag0 activated[0m
[0m[38;2;000;000;255m[XprsDecoder][INFO]: Using H.265 SW decoder named 'hevc' (xprs::gray8 -> vrs::grey8)[0m
[0m[38;2;000;000;255m[TelemetryLogger][INFO]: make_xprs_decoder, video/200x200/pixel=grey8/codec=H.265: H.265/SW/hevc, gray8[0m
[0m[38;2;000;000;255m[XprsDecoder][INFO]: Using H.265 SW decoder named 'hevc' (xprs::gray8 -> vrs::grey8)[0m
[0m[38;2;000;000;255m[TelemetryLogger][INFO]: make_xprs_decoder, video/200x200/pixel=grey8/codec=H.265: H.265/SW/hevc, gray8[0m
[0m[38;2;000;000;255m[XprsDecoder][INFO]: Using H.265 SW decoder named 'hevc' (xprs::yuv420p -> vrs::yuv_i420_split)[0m
[0m[38;2;000;000;255m[TelemetryLogger][INFO]: make_xprs_decoder, video/2016x1512/pixel=yuv_i420_split/codec=H.265: H.265/SW/hevc, yuv420p[0m
[0m[38;2;000;000;255m[XprsDecoder][INFO]: Using H.265 SW decoder named 'hevc' (xprs::gray8 -> vrs::grey8)[0m
[0m[38;2;000;000;255m[TelemetryLogger][INFO]: make_xprs_decoder, video/512x512/pixel=grey8/codec=H.265: H.265/SW/hevc, gray8[0m
[0m[38;2;000;000;255m[XprsDecoder][INFO]: Using H.265 SW decoder named 'hevc' (xprs::gray8 -> vrs::grey8)[0m
[0m[38;2;000;000;255m[TelemetryLogger][INFO]: make_xprs_decoder, video/512x512/pixel=grey8/codec=H.265: H.265/SW/hevc, gray8[0m
[0m[38;2;000;000;255m[XprsDecoder][INFO]: Using H.265 SW decoder named 'hevc' (xprs::gray8 -> vrs::grey8)[0m
[0m[38;2;000;000;255m[TelemetryLogger][INFO]: make_xprs_decoder, video/512x512/pixel=grey8/codec=H.265: H.265/SW/hevc, gray8[0m
[0m[38;2;000;000;255m[XprsDecoder][INFO]: Using H.265 SW decoder named 'hevc' (xprs::gray8 -> vrs::grey8)[0m
[0m[38;2;000;000;255m[TelemetryLogger][INFO]: make_xprs_decoder, video/512x512/pixel=grey8/codec=H.265: H.265/SW/hevc, gray8[0m
[0m[38;2;000;000;255m[ProgressLogger][INFO]: 2026-07-02 03:02:20: Opening /home/eker/Master-Thesis---Multi-modal-User-Intention-Estimation-and-Hand-Position-Prediction/Data_collection/Data_vrs/Test_4_20260527_161832.vrs...[0m
[0m[38;2;000;128;000m[MultiRecordFileReader][DEBUG]: Opened file '/home/eker/Master-Thesis---Multi-modal-User-Intention-Estimation-and-Hand-Position-Prediction/Data_collection/Data_vrs/Test_4_20260527_161832.vrs' and assigned to reader #0[0m
[0m[38;2;000;000;255m[VrsDataProvider][INFO]: streamId 211-1/camera-et-left activated[0m
[0m[38;2;000;000;255m[VrsDataProvider][INFO]: streamId 211-2/camera-et-right activated[0m
[0m[38;2;000;000;255m[VrsDataProvider][INFO]: streamId 214-1/camera-rgb activated[0m
[0m[38;2;000;000;255m[VrsDataProvider][INFO]: streamId 231-1/mic activated[0m
[0m[38;2;000;000;255m[VrsDataProvider][INFO]: streamId 246-1/temperature activated[0m
[0m[38;2;000;000;255m[VrsDataProvider][INFO]: streamId 247-1/baro0 activated[0m
[0m[38;2;000;000;255m[VrsDataProvider][INFO]: streamId 248-1/ppg activated[0m
[0m[38;2;000;000;255m[VrsDataProvider][INFO]: streamId 281-1/gps-app activated[0m
[0m[38;2;000;000;255m[VrsDataProvider][INFO]: streamId 282-1/wps activated[0m
[0m[38;2;000;000;255m[VrsDataProvider][INFO]: streamId 283-1/bluetooth activated[0m
[0m[38;2;000;000;255m[VrsDataProvider][INFO]: Utc stream found: 285-1[0m
[0m[38;2;000;000;255m[VrsDataProvider][INFO]: streamId 371-1/handtracking activated[0m
[0m[38;2;000;000;255m[VrsDataProvider][INFO]: streamId 371-2/vio activated[0m
[0m[38;2;000;000;255m[VrsDataProvider][INFO]: streamId 371-3/vio_high_frequency activated[0m
[0m[38;2;000;000;255m[VrsDataProvider][INFO]: streamId 373-1/eyegaze activated[0m
[0m[38;2;000;000;255m[VrsDataProvider][INFO]: streamId 500-1/als activated[0m
[0m[38;2;000;000;255m[VrsDataProvider][INFO]: Fail to activate streamId 502-1[0m
[0m[38;2;000;000;255m[VrsDataProvider][INFO]: streamId 1201-1/slam-front-left activated[0m
[0m[38;2;000;000;255m[VrsDataProvider][INFO]: streamId 1201-2/slam-front-right activated[0m
[0m[38;2;000;000;255m[VrsDataProvider][INFO]: streamId 1201-3/slam-side-left activated[0m
[0m[38;2;000;000;255m[VrsDataProvider][INFO]: streamId 1201-4/slam-side-right activated[0m
[0m[38;2;000;000;255m[VrsDataProvider][INFO]: streamId 1202-1/imu-left activated[0m
[0m[38;2;000;000;255m[VrsDataProvider][INFO]: streamId 1202-2/imu-right activated[0m
[0m[38;2;000;000;255m[VrsDataProvider][INFO]: streamId 1203-1/mag0 activated[0m
[0m[38;2;000;000;255m[XprsDecoder][INFO]: Using H.265 SW decoder named 'hevc' (xprs::gray8 -> vrs::grey8)[0m
[0m[38;2;000;000;255m[TelemetryLogger][INFO]: make_xprs_decoder, video/200x200/pixel=grey8/codec=H.265: H.265/SW/hevc, gray8[0m
[0m[38;2;000;000;255m[XprsDecoder][INFO]: Using H.265 SW decoder named 'hevc' (xprs::gray8 -> vrs::grey8)[0m
[0m[38;2;000;000;255m[TelemetryLogger][INFO]: make_xprs_decoder, video/200x200/pixel=grey8/codec=H.265: H.265/SW/hevc, gray8[0m
[0m[38;2;000;000;255m[XprsDecoder][INFO]: Using H.265 SW decoder named 'hevc' (xprs::yuv420p -> vrs::yuv_i420_split)[0m
[0m[38;2;000;000;255m[TelemetryLogger][INFO]: make_xprs_decoder, video/2560x1920/pixel=yuv_i420_split/codec=H.265: H.265/SW/hevc, yuv420p[0m
[0m[38;2;000;000;255m[XprsDecoder][INFO]: Using H.265 SW decoder named 'hevc' (xprs::gray8 -> vrs::grey8)[0m
[0m[38;2;000;000;255m[TelemetryLogger][INFO]: make_xprs_decoder, video/512x512/pixel=grey8/codec=H.265: H.265/SW/hevc, gray8[0m
[0m[38;2;000;000;255m[XprsDecoder][INFO]: Using H.265 SW decoder named 'hevc' (xprs::gray8 -> vrs::grey8)[0m
[0m[38;2;000;000;255m[TelemetryLogger][INFO]: make_xprs_decoder, video/512x512/pixel=grey8/codec=H.265: H.265/SW/hevc, gray8[0m
[0m[38;2;000;000;255m[XprsDecoder][INFO]: Using H.265 SW decoder named 'hevc' (xprs::gray8 -> vrs::grey8)[0m
[0m[38;2;000;000;255m[TelemetryLogger][INFO]: make_xprs_decoder, video/512x512/pixel=grey8/codec=H.265: H.265/SW/hevc, gray8[0m
[0m[38;2;000;000;255m[XprsDecoder][INFO]: Using H.265 SW decoder named 'hevc' (xprs::gray8 -> vrs::grey8)[0m
[0m[38;2;000;000;255m[TelemetryLogger][INFO]: make_xprs_decoder, video/512x512/pixel=grey8/codec=H.265: H.265/SW/hevc, gray8[0m
[0m[38;2;000;000;255m[ProgressLogger][INFO]: 2026-07-02 03:05:42: Opening /home/eker/Master-Thesis---Multi-modal-User-Intention-Estimation-and-Hand-Position-Prediction/Data_collection/Data_vrs/Test_4_20260624_122416.vrs...[0m
[0m[38;2;000;128;000m[MultiRecordFileReader][DEBUG]: Opened file '/home/eker/Master-Thesis---Multi-modal-User-Intention-Estimation-and-Hand-Position-Prediction/Data_collection/Data_vrs/Test_4_20260624_122416.vrs' and assigned to reader #0[0m
[0m[38;2;000;000;255m[VrsDataProvider][INFO]: streamId 211-1/camera-et-left activated[0m
[0m[38;2;000;000;255m[VrsDataProvider][INFO]: streamId 211-2/camera-et-right activated[0m
[0m[38;2;000;000;255m[VrsDataProvider][INFO]: streamId 214-1/camera-rgb activated[0m
[0m[38;2;000;000;255m[VrsDataProvider][INFO]: streamId 231-1/mic activated[0m
[0m[38;2;000;000;255m[VrsDataProvider][INFO]: streamId 246-1/temperature activated[0m
[0m[38;2;000;000;255m[VrsDataProvider][INFO]: streamId 247-1/baro0 activated[0m
[0m[38;2;000;000;255m[VrsDataProvider][INFO]: streamId 248-1/ppg activated[0m
[0m[38;2;000;000;255m[VrsDataProvider][INFO]: streamId 281-1/gps-app activated[0m
[0m[38;2;000;000;255m[VrsDataProvider][INFO]: streamId 282-1/wps activated[0m
[0m[38;2;000;000;255m[VrsDataProvider][INFO]: streamId 283-1/bluetooth activated[0m
[0m[38;2;000;000;255m[VrsDataProvider][INFO]: Utc stream found: 285-1[0m
[0m[38;2;000;000;255m[VrsDataProvider][INFO]: streamId 371-1/handtracking activated[0m
[0m[38;2;000;000;255m[VrsDataProvider][INFO]: streamId 371-2/vio activated[0m
[0m[38;2;000;000;255m[VrsDataProvider][INFO]: streamId 371-3/vio_high_frequency activated[0m
[0m[38;2;000;000;255m[VrsDataProvider][INFO]: streamId 373-1/eyegaze activated[0m
[0m[38;2;000;000;255m[VrsDataProvider][INFO]: streamId 500-1/als activated[0m
[0m[38;2;000;000;255m[VrsDataProvider][INFO]: Fail to activate streamId 502-1[0m
[0m[38;2;000;000;255m[VrsDataProvider][INFO]: streamId 1201-1/slam-front-left activated[0m
[0m[38;2;000;000;255m[VrsDataProvider][INFO]: streamId 1201-2/slam-front-right activated[0m
[0m[38;2;000;000;255m[VrsDataProvider][INFO]: streamId 1201-3/slam-side-left activated[0m
[0m[38;2;000;000;255m[VrsDataProvider][INFO]: streamId 1201-4/slam-side-right activated[0m
[0m[38;2;000;000;255m[VrsDataProvider][INFO]: streamId 1202-1/imu-left activated[0m
[0m[38;2;000;000;255m[VrsDataProvider][INFO]: streamId 1202-2/imu-right activated[0m
[0m[38;2;000;000;255m[VrsDataProvider][INFO]: streamId 1203-1/mag0 activated[0m
[0m[38;2;000;000;255m[XprsDecoder][INFO]: Using H.265 SW decoder named 'hevc' (xprs::gray8 -> vrs::grey8)[0m
[0m[38;2;000;000;255m[TelemetryLogger][INFO]: make_xprs_decoder, video/200x200/pixel=grey8/codec=H.265: H.265/SW/hevc, gray8[0m
[0m[38;2;000;000;255m[XprsDecoder][INFO]: Using H.265 SW decoder named 'hevc' (xprs::gray8 -> vrs::grey8)[0m
[0m[38;2;000;000;255m[TelemetryLogger][INFO]: make_xprs_decoder, video/200x200/pixel=grey8/codec=H.265: H.265/SW/hevc, gray8[0m
[0m[38;2;000;000;255m[XprsDecoder][INFO]: Using H.265 SW decoder named 'hevc' (xprs::yuv420p -> vrs::yuv_i420_split)[0m
[0m[38;2;000;000;255m[TelemetryLogger][INFO]: make_xprs_decoder, video/2016x1512/pixel=yuv_i420_split/codec=H.265: H.265/SW/hevc, yuv420p[0m
[0m[38;2;000;000;255m[XprsDecoder][INFO]: Using H.265 SW decoder named 'hevc' (xprs::gray8 -> vrs::grey8)[0m
[0m[38;2;000;000;255m[TelemetryLogger][INFO]: make_xprs_decoder, video/512x512/pixel=grey8/codec=H.265: H.265/SW/hevc, gray8[0m
[0m[38;2;000;000;255m[XprsDecoder][INFO]: Using H.265 SW decoder named 'hevc' (xprs::gray8 -> vrs::grey8)[0m
[0m[38;2;000;000;255m[TelemetryLogger][INFO]: make_xprs_decoder, video/512x512/pixel=grey8/codec=H.265: H.265/SW/hevc, gray8[0m
[0m[38;2;000;000;255m[XprsDecoder][INFO]: Using H.265 SW decoder named 'hevc' (xprs::gray8 -> vrs::grey8)[0m
[0m[38;2;000;000;255m[TelemetryLogger][INFO]: make_xprs_decoder, video/512x512/pixel=grey8/codec=H.265: H.265/SW/hevc, gray8[0m
[0m[38;2;000;000;255m[XprsDecoder][INFO]: Using H.265 SW decoder named 'hevc' (xprs::gray8 -> vrs::grey8)[0m
[0m[38;2;000;000;255m[TelemetryLogger][INFO]: make_xprs_decoder, video/512x512/pixel=grey8/codec=H.265: H.265/SW/hevc, gray8[0m
[0m[38;2;000;000;255m[ProgressLogger][INFO]: 2026-07-02 03:10:39: Opening /home/eker/Master-Thesis---Multi-modal-User-Intention-Estimation-and-Hand-Position-Prediction/Data_collection/Data_vrs/Test_5_20260624_122509.vrs...[0m
[0m[38;2;000;128;000m[MultiRecordFileReader][DEBUG]: Opened file '/home/eker/Master-Thesis---Multi-modal-User-Intention-Estimation-and-Hand-Position-Prediction/Data_collection/Data_vrs/Test_5_20260624_122509.vrs' and assigned to reader #0[0m
[0m[38;2;000;000;255m[VrsDataProvider][INFO]: streamId 211-1/camera-et-left activated[0m
[0m[38;2;000;000;255m[VrsDataProvider][INFO]: streamId 211-2/camera-et-right activated[0m
[0m[38;2;000;000;255m[VrsDataProvider][INFO]: streamId 214-1/camera-rgb activated[0m
[0m[38;2;000;000;255m[VrsDataProvider][INFO]: streamId 231-1/mic activated[0m
[0m[38;2;000;000;255m[VrsDataProvider][INFO]: streamId 246-1/temperature activated[0m
[0m[38;2;000;000;255m[VrsDataProvider][INFO]: streamId 247-1/baro0 activated[0m
[0m[38;2;000;000;255m[VrsDataProvider][INFO]: streamId 248-1/ppg activated[0m
[0m[38;2;000;000;255m[VrsDataProvider][INFO]: streamId 281-1/gps-app activated[0m
[0m[38;2;000;000;255m[VrsDataProvider][INFO]: streamId 282-1/wps activated[0m
[0m[38;2;000;000;255m[VrsDataProvider][INFO]: streamId 283-1/bluetooth activated[0m
[0m[38;2;000;000;255m[VrsDataProvider][INFO]: Utc stream found: 285-1[0m
[0m[38;2;000;000;255m[VrsDataProvider][INFO]: streamId 371-1/handtracking activated[0m
[0m[38;2;000;000;255m[VrsDataProvider][INFO]: streamId 371-2/vio activated[0m
[0m[38;2;000;000;255m[VrsDataProvider][INFO]: streamId 371-3/vio_high_frequency activated[0m
[0m[38;2;000;000;255m[VrsDataProvider][INFO]: streamId 373-1/eyegaze activated[0m
[0m[38;2;000;000;255m[VrsDataProvider][INFO]: streamId 500-1/als activated[0m
[0m[38;2;000;000;255m[VrsDataProvider][INFO]: Fail to activate streamId 502-1[0m
[0m[38;2;000;000;255m[VrsDataProvider][INFO]: streamId 1201-1/slam-front-left activated[0m
[0m[38;2;000;000;255m[VrsDataProvider][INFO]: streamId 1201-2/slam-front-right activated[0m
[0m[38;2;000;000;255m[VrsDataProvider][INFO]: streamId 1201-3/slam-side-left activated[0m
[0m[38;2;000;000;255m[VrsDataProvider][INFO]: streamId 1201-4/slam-side-right activated[0m
[0m[38;2;000;000;255m[VrsDataProvider][INFO]: streamId 1202-1/imu-left activated[0m
[0m[38;2;000;000;255m[VrsDataProvider][INFO]: streamId 1202-2/imu-right activated[0m
[0m[38;2;000;000;255m[VrsDataProvider][INFO]: streamId 1203-1/mag0 activated[0m
[0m[38;2;000;000;255m[XprsDecoder][INFO]: Using H.265 SW decoder named 'hevc' (xprs::gray8 -> vrs::grey8)[0m
[0m[38;2;000;000;255m[TelemetryLogger][INFO]: make_xprs_decoder, video/200x200/pixel=grey8/codec=H.265: H.265/SW/hevc, gray8[0m
[0m[38;2;000;000;255m[XprsDecoder][INFO]: Using H.265 SW decoder named 'hevc' (xprs::gray8 -> vrs::grey8)[0m
[0m[38;2;000;000;255m[TelemetryLogger][INFO]: make_xprs_decoder, video/200x200/pixel=grey8/codec=H.265: H.265/SW/hevc, gray8[0m
[0m[38;2;000;000;255m[XprsDecoder][INFO]: Using H.265 SW decoder named 'hevc' (xprs::yuv420p -> vrs::yuv_i420_split)[0m
[0m[38;2;000;000;255m[TelemetryLogger][INFO]: make_xprs_decoder, video/2016x1512/pixel=yuv_i420_split/codec=H.265: H.265/SW/hevc, yuv420p[0m
[0m[38;2;000;000;255m[XprsDecoder][INFO]: Using H.265 SW decoder named 'hevc' (xprs::gray8 -> vrs::grey8)[0m
[0m[38;2;000;000;255m[TelemetryLogger][INFO]: make_xprs_decoder, video/512x512/pixel=grey8/codec=H.265: H.265/SW/hevc, gray8[0m
[0m[38;2;000;000;255m[XprsDecoder][INFO]: Using H.265 SW decoder named 'hevc' (xprs::gray8 -> vrs::grey8)[0m
[0m[38;2;000;000;255m[TelemetryLogger][INFO]: make_xprs_decoder, video/512x512/pixel=grey8/codec=H.265: H.265/SW/hevc, gray8[0m
[0m[38;2;000;000;255m[XprsDecoder][INFO]: Using H.265 SW decoder named 'hevc' (xprs::gray8 -> vrs::grey8)[0m
[0m[38;2;000;000;255m[TelemetryLogger][INFO]: make_xprs_decoder, video/512x512/pixel=grey8/codec=H.265: H.265/SW/hevc, gray8[0m
[0m[38;2;000;000;255m[XprsDecoder][INFO]: Using H.265 SW decoder named 'hevc' (xprs::gray8 -> vrs::grey8)[0m
[0m[38;2;000;000;255m[TelemetryLogger][INFO]: make_xprs_decoder, video/512x512/pixel=grey8/codec=H.265: H.265/SW/hevc, gray8[0m
[0m[38;2;000;000;255m[ProgressLogger][INFO]: 2026-07-02 03:14:49: Opening /home/eker/Master-Thesis---Multi-modal-User-Intention-Estimation-and-Hand-Position-Prediction/Data_collection/Data_vrs/Test_6_20260624_122607.vrs...[0m
[0m[38;2;000;128;000m[MultiRecordFileReader][DEBUG]: Opened file '/home/eker/Master-Thesis---Multi-modal-User-Intention-Estimation-and-Hand-Position-Prediction/Data_collection/Data_vrs/Test_6_20260624_122607.vrs' and assigned to reader #0[0m
[0m[38;2;000;000;255m[VrsDataProvider][INFO]: streamId 211-1/camera-et-left activated[0m
[0m[38;2;000;000;255m[VrsDataProvider][INFO]: streamId 211-2/camera-et-right activated[0m
[0m[38;2;000;000;255m[VrsDataProvider][INFO]: streamId 214-1/camera-rgb activated[0m
[0m[38;2;000;000;255m[VrsDataProvider][INFO]: streamId 231-1/mic activated[0m
[0m[38;2;000;000;255m[VrsDataProvider][INFO]: streamId 246-1/temperature activated[0m
[0m[38;2;000;000;255m[VrsDataProvider][INFO]: streamId 247-1/baro0 activated[0m
[0m[38;2;000;000;255m[VrsDataProvider][INFO]: streamId 248-1/ppg activated[0m
[0m[38;2;000;000;255m[VrsDataProvider][INFO]: streamId 281-1/gps-app activated[0m
[0m[38;2;000;000;255m[VrsDataProvider][INFO]: streamId 282-1/wps activated[0m
[0m[38;2;000;000;255m[VrsDataProvider][INFO]: streamId 283-1/bluetooth activated[0m
[0m[38;2;000;000;255m[VrsDataProvider][INFO]: Utc stream found: 285-1[0m
[0m[38;2;000;000;255m[VrsDataProvider][INFO]: streamId 371-1/handtracking activated[0m
[0m[38;2;000;000;255m[VrsDataProvider][INFO]: streamId 371-2/vio activated[0m
[0m[38;2;000;000;255m[VrsDataProvider][INFO]: streamId 371-3/vio_high_frequency activated[0m
[0m[38;2;000;000;255m[VrsDataProvider][INFO]: streamId 373-1/eyegaze activated[0m
[0m[38;2;000;000;255m[VrsDataProvider][INFO]: streamId 500-1/als activated[0m
[0m[38;2;000;000;255m[VrsDataProvider][INFO]: Fail to activate streamId 502-1[0m
[0m[38;2;000;000;255m[VrsDataProvider][INFO]: streamId 1201-1/slam-front-left activated[0m
[0m[38;2;000;000;255m[VrsDataProvider][INFO]: streamId 1201-2/slam-front-right activated[0m
[0m[38;2;000;000;255m[VrsDataProvider][INFO]: streamId 1201-3/slam-side-left activated[0m
[0m[38;2;000;000;255m[VrsDataProvider][INFO]: streamId 1201-4/slam-side-right activated[0m
[0m[38;2;000;000;255m[VrsDataProvider][INFO]: streamId 1202-1/imu-left activated[0m
[0m[38;2;000;000;255m[VrsDataProvider][INFO]: streamId 1202-2/imu-right activated[0m
[0m[38;2;000;000;255m[VrsDataProvider][INFO]: streamId 1203-1/mag0 activated[0m
[0m[38;2;000;000;255m[XprsDecoder][INFO]: Using H.265 SW decoder named 'hevc' (xprs::gray8 -> vrs::grey8)[0m
[0m[38;2;000;000;255m[TelemetryLogger][INFO]: make_xprs_decoder, video/200x200/pixel=grey8/codec=H.265: H.265/SW/hevc, gray8[0m
[0m[38;2;000;000;255m[XprsDecoder][INFO]: Using H.265 SW decoder named 'hevc' (xprs::gray8 -> vrs::grey8)[0m
[0m[38;2;000;000;255m[TelemetryLogger][INFO]: make_xprs_decoder, video/200x200/pixel=grey8/codec=H.265: H.265/SW/hevc, gray8[0m
[0m[38;2;000;000;255m[XprsDecoder][INFO]: Using H.265 SW decoder named 'hevc' (xprs::yuv420p -> vrs::yuv_i420_split)[0m
[0m[38;2;000;000;255m[TelemetryLogger][INFO]: make_xprs_decoder, video/2016x1512/pixel=yuv_i420_split/codec=H.265: H.265/SW/hevc, yuv420p[0m
[0m[38;2;000;000;255m[XprsDecoder][INFO]: Using H.265 SW decoder named 'hevc' (xprs::gray8 -> vrs::grey8)[0m
[0m[38;2;000;000;255m[TelemetryLogger][INFO]: make_xprs_decoder, video/512x512/pixel=grey8/codec=H.265: H.265/SW/hevc, gray8[0m
[0m[38;2;000;000;255m[XprsDecoder][INFO]: Using H.265 SW decoder named 'hevc' (xprs::gray8 -> vrs::grey8)[0m
[0m[38;2;000;000;255m[TelemetryLogger][INFO]: make_xprs_decoder, video/512x512/pixel=grey8/codec=H.265: H.265/SW/hevc, gray8[0m
[0m[38;2;000;000;255m[XprsDecoder][INFO]: Using H.265 SW decoder named 'hevc' (xprs::gray8 -> vrs::grey8)[0m
[0m[38;2;000;000;255m[TelemetryLogger][INFO]: make_xprs_decoder, video/512x512/pixel=grey8/codec=H.265: H.265/SW/hevc, gray8[0m
[0m[38;2;000;000;255m[XprsDecoder][INFO]: Using H.265 SW decoder named 'hevc' (xprs::gray8 -> vrs::grey8)[0m
[0m[38;2;000;000;255m[TelemetryLogger][INFO]: make_xprs_decoder, video/512x512/pixel=grey8/codec=H.265: H.265/SW/hevc, gray8[0m
[0m[38;2;000;000;255m[ProgressLogger][INFO]: 2026-07-02 03:19:34: Opening /home/eker/Master-Thesis---Multi-modal-User-Intention-Estimation-and-Hand-Position-Prediction/Data_collection/Data_vrs/Test_7_20260601_165002.vrs...[0m
[0m[38;2;000;128;000m[MultiRecordFileReader][DEBUG]: Opened file '/home/eker/Master-Thesis---Multi-modal-User-Intention-Estimation-and-Hand-Position-Prediction/Data_collection/Data_vrs/Test_7_20260601_165002.vrs' and assigned to reader #0[0m
[0m[38;2;000;000;255m[VrsDataProvider][INFO]: streamId 211-1/camera-et-left activated[0m
[0m[38;2;000;000;255m[VrsDataProvider][INFO]: streamId 211-2/camera-et-right activated[0m
[0m[38;2;000;000;255m[VrsDataProvider][INFO]: streamId 214-1/camera-rgb activated[0m
[0m[38;2;000;000;255m[VrsDataProvider][INFO]: streamId 231-1/mic activated[0m
[0m[38;2;000;000;255m[VrsDataProvider][INFO]: streamId 246-1/temperature activated[0m
[0m[38;2;000;000;255m[VrsDataProvider][INFO]: streamId 247-1/baro0 activated[0m
[0m[38;2;000;000;255m[VrsDataProvider][INFO]: streamId 248-1/ppg activated[0m
[0m[38;2;000;000;255m[VrsDataProvider][INFO]: streamId 281-1/gps-app activated[0m
[0m[38;2;000;000;255m[VrsDataProvider][INFO]: streamId 282-1/wps activated[0m
[0m[38;2;000;000;255m[VrsDataProvider][INFO]: streamId 283-1/bluetooth activated[0m
[0m[38;2;000;000;255m[VrsDataProvider][INFO]: Utc stream found: 285-1[0m
[0m[38;2;000;000;255m[VrsDataProvider][INFO]: streamId 371-1/handtracking activated[0m
[0m[38;2;000;000;255m[VrsDataProvider][INFO]: streamId 371-2/vio activated[0m
[0m[38;2;000;000;255m[VrsDataProvider][INFO]: streamId 371-3/vio_high_frequency activated[0m
[0m[38;2;000;000;255m[VrsDataProvider][INFO]: streamId 373-1/eyegaze activated[0m
[0m[38;2;000;000;255m[VrsDataProvider][INFO]: streamId 500-1/als activated[0m
[0m[38;2;000;000;255m[VrsDataProvider][INFO]: Fail to activate streamId 502-1[0m
[0m[38;2;000;000;255m[VrsDataProvider][INFO]: streamId 1201-1/slam-front-left activated[0m
[0m[38;2;000;000;255m[VrsDataProvider][INFO]: streamId 1201-2/slam-front-right activated[0m
[0m[38;2;000;000;255m[VrsDataProvider][INFO]: streamId 1201-3/slam-side-left activated[0m
[0m[38;2;000;000;255m[VrsDataProvider][INFO]: streamId 1201-4/slam-side-right activated[0m
[0m[38;2;000;000;255m[VrsDataProvider][INFO]: streamId 1202-1/imu-left activated[0m
[0m[38;2;000;000;255m[VrsDataProvider][INFO]: streamId 1202-2/imu-right activated[0m
[0m[38;2;000;000;255m[VrsDataProvider][INFO]: streamId 1203-1/mag0 activated[0m
[0m[38;2;000;000;255m[XprsDecoder][INFO]: Using H.265 SW decoder named 'hevc' (xprs::gray8 -> vrs::grey8)[0m
[0m[38;2;000;000;255m[TelemetryLogger][INFO]: make_xprs_decoder, video/200x200/pixel=grey8/codec=H.265: H.265/SW/hevc, gray8[0m
[0m[38;2;000;000;255m[XprsDecoder][INFO]: Using H.265 SW decoder named 'hevc' (xprs::gray8 -> vrs::grey8)[0m
[0m[38;2;000;000;255m[TelemetryLogger][INFO]: make_xprs_decoder, video/200x200/pixel=grey8/codec=H.265: H.265/SW/hevc, gray8[0m
[0m[38;2;000;000;255m[XprsDecoder][INFO]: Using H.265 SW decoder named 'hevc' (xprs::yuv420p -> vrs::yuv_i420_split)[0m
[0m[38;2;000;000;255m[TelemetryLogger][INFO]: make_xprs_decoder, video/2560x1920/pixel=yuv_i420_split/codec=H.265: H.265/SW/hevc, yuv420p[0m
[0m[38;2;000;000;255m[XprsDecoder][INFO]: Using H.265 SW decoder named 'hevc' (xprs::gray8 -> vrs::grey8)[0m
[0m[38;2;000;000;255m[TelemetryLogger][INFO]: make_xprs_decoder, video/512x512/pixel=grey8/codec=H.265: H.265/SW/hevc, gray8[0m
[0m[38;2;000;000;255m[XprsDecoder][INFO]: Using H.265 SW decoder named 'hevc' (xprs::gray8 -> vrs::grey8)[0m
[0m[38;2;000;000;255m[TelemetryLogger][INFO]: make_xprs_decoder, video/512x512/pixel=grey8/codec=H.265: H.265/SW/hevc, gray8[0m
[0m[38;2;000;000;255m[XprsDecoder][INFO]: Using H.265 SW decoder named 'hevc' (xprs::gray8 -> vrs::grey8)[0m
[0m[38;2;000;000;255m[TelemetryLogger][INFO]: make_xprs_decoder, video/512x512/pixel=grey8/codec=H.265: H.265/SW/hevc, gray8[0m
[0m[38;2;000;000;255m[XprsDecoder][INFO]: Using H.265 SW decoder named 'hevc' (xprs::gray8 -> vrs::grey8)[0m
[0m[38;2;000;000;255m[TelemetryLogger][INFO]: make_xprs_decoder, video/512x512/pixel=grey8/codec=H.265: H.265/SW/hevc, gray8[0m
[0m[38;2;000;000;255m[ProgressLogger][INFO]: 2026-07-02 03:23:29: Opening /home/eker/Master-Thesis---Multi-modal-User-Intention-Estimation-and-Hand-Position-Prediction/Data_collection/Data_vrs/Test_7_20260624_122709.vrs...[0m
[0m[38;2;000;128;000m[MultiRecordFileReader][DEBUG]: Opened file '/home/eker/Master-Thesis---Multi-modal-User-Intention-Estimation-and-Hand-Position-Prediction/Data_collection/Data_vrs/Test_7_20260624_122709.vrs' and assigned to reader #0[0m
[0m[38;2;000;000;255m[VrsDataProvider][INFO]: streamId 211-1/camera-et-left activated[0m
[0m[38;2;000;000;255m[VrsDataProvider][INFO]: streamId 211-2/camera-et-right activated[0m
[0m[38;2;000;000;255m[VrsDataProvider][INFO]: streamId 214-1/camera-rgb activated[0m
[0m[38;2;000;000;255m[VrsDataProvider][INFO]: streamId 231-1/mic activated[0m
[0m[38;2;000;000;255m[VrsDataProvider][INFO]: streamId 246-1/temperature activated[0m
[0m[38;2;000;000;255m[VrsDataProvider][INFO]: streamId 247-1/baro0 activated[0m
[0m[38;2;000;000;255m[VrsDataProvider][INFO]: streamId 248-1/ppg activated[0m
[0m[38;2;000;000;255m[VrsDataProvider][INFO]: streamId 281-1/gps-app activated[0m
[0m[38;2;000;000;255m[VrsDataProvider][INFO]: streamId 282-1/wps activated[0m
[0m[38;2;000;000;255m[VrsDataProvider][INFO]: streamId 283-1/bluetooth activated[0m
[0m[38;2;000;000;255m[VrsDataProvider][INFO]: Utc stream found: 285-1[0m
[0m[38;2;000;000;255m[VrsDataProvider][INFO]: streamId 371-1/handtracking activated[0m
[0m[38;2;000;000;255m[VrsDataProvider][INFO]: streamId 371-2/vio activated[0m
[0m[38;2;000;000;255m[VrsDataProvider][INFO]: streamId 371-3/vio_high_frequency activated[0m
[0m[38;2;000;000;255m[VrsDataProvider][INFO]: streamId 373-1/eyegaze activated[0m
[0m[38;2;000;000;255m[VrsDataProvider][INFO]: streamId 500-1/als activated[0m
[0m[38;2;000;000;255m[VrsDataProvider][INFO]: Fail to activate streamId 502-1[0m
[0m[38;2;000;000;255m[VrsDataProvider][INFO]: streamId 1201-1/slam-front-left activated[0m
[0m[38;2;000;000;255m[VrsDataProvider][INFO]: streamId 1201-2/slam-front-right activated[0m
[0m[38;2;000;000;255m[VrsDataProvider][INFO]: streamId 1201-3/slam-side-left activated[0m
[0m[38;2;000;000;255m[VrsDataProvider][INFO]: streamId 1201-4/slam-side-right activated[0m
[0m[38;2;000;000;255m[VrsDataProvider][INFO]: streamId 1202-1/imu-left activated[0m
[0m[38;2;000;000;255m[VrsDataProvider][INFO]: streamId 1202-2/imu-right activated[0m
[0m[38;2;000;000;255m[VrsDataProvider][INFO]: streamId 1203-1/mag0 activated[0m
[0m[38;2;000;000;255m[XprsDecoder][INFO]: Using H.265 SW decoder named 'hevc' (xprs::gray8 -> vrs::grey8)[0m
[0m[38;2;000;000;255m[TelemetryLogger][INFO]: make_xprs_decoder, video/200x200/pixel=grey8/codec=H.265: H.265/SW/hevc, gray8[0m
[0m[38;2;000;000;255m[XprsDecoder][INFO]: Using H.265 SW decoder named 'hevc' (xprs::gray8 -> vrs::grey8)[0m
[0m[38;2;000;000;255m[TelemetryLogger][INFO]: make_xprs_decoder, video/200x200/pixel=grey8/codec=H.265: H.265/SW/hevc, gray8[0m
[0m[38;2;000;000;255m[XprsDecoder][INFO]: Using H.265 SW decoder named 'hevc' (xprs::yuv420p -> vrs::yuv_i420_split)[0m
[0m[38;2;000;000;255m[TelemetryLogger][INFO]: make_xprs_decoder, video/2016x1512/pixel=yuv_i420_split/codec=H.265: H.265/SW/hevc, yuv420p[0m
[0m[38;2;000;000;255m[XprsDecoder][INFO]: Using H.265 SW decoder named 'hevc' (xprs::gray8 -> vrs::grey8)[0m
[0m[38;2;000;000;255m[TelemetryLogger][INFO]: make_xprs_decoder, video/512x512/pixel=grey8/codec=H.265: H.265/SW/hevc, gray8[0m
[0m[38;2;000;000;255m[XprsDecoder][INFO]: Using H.265 SW decoder named 'hevc' (xprs::gray8 -> vrs::grey8)[0m
[0m[38;2;000;000;255m[TelemetryLogger][INFO]: make_xprs_decoder, video/512x512/pixel=grey8/codec=H.265: H.265/SW/hevc, gray8[0m
[0m[38;2;000;000;255m[XprsDecoder][INFO]: Using H.265 SW decoder named 'hevc' (xprs::gray8 -> vrs::grey8)[0m
[0m[38;2;000;000;255m[TelemetryLogger][INFO]: make_xprs_decoder, video/512x512/pixel=grey8/codec=H.265: H.265/SW/hevc, gray8[0m
[0m[38;2;000;000;255m[XprsDecoder][INFO]: Using H.265 SW decoder named 'hevc' (xprs::gray8 -> vrs::grey8)[0m
[0m[38;2;000;000;255m[TelemetryLogger][INFO]: make_xprs_decoder, video/512x512/pixel=grey8/codec=H.265: H.265/SW/hevc, gray8[0m
[0m[38;2;000;000;255m[ProgressLogger][INFO]: 2026-07-02 03:28:03: Opening /home/eker/Master-Thesis---Multi-modal-User-Intention-Estimation-and-Hand-Position-Prediction/Data_collection/Data_vrs/unknown_20260604_150319.vrs...[0m
[0m[38;2;000;128;000m[MultiRecordFileReader][DEBUG]: Opened file '/home/eker/Master-Thesis---Multi-modal-User-Intention-Estimation-and-Hand-Position-Prediction/Data_collection/Data_vrs/unknown_20260604_150319.vrs' and assigned to reader #0[0m
[0m[38;2;000;000;255m[VrsDataProvider][INFO]: streamId 211-1/camera-et-left activated[0m
[0m[38;2;000;000;255m[VrsDataProvider][INFO]: streamId 211-2/camera-et-right activated[0m
[0m[38;2;000;000;255m[VrsDataProvider][INFO]: streamId 214-1/camera-rgb activated[0m
[0m[38;2;000;000;255m[VrsDataProvider][INFO]: streamId 231-1/mic activated[0m
[0m[38;2;000;000;255m[VrsDataProvider][INFO]: streamId 246-1/temperature activated[0m
[0m[38;2;000;000;255m[VrsDataProvider][INFO]: streamId 247-1/baro0 activated[0m
[0m[38;2;000;000;255m[VrsDataProvider][INFO]: streamId 248-1/ppg activated[0m
[0m[38;2;000;000;255m[VrsDataProvider][INFO]: streamId 281-1/gps-app activated[0m
[0m[38;2;000;000;255m[VrsDataProvider][INFO]: streamId 282-1/wps activated[0m
[0m[38;2;000;000;255m[VrsDataProvider][INFO]: streamId 283-1/bluetooth activated[0m
[0m[38;2;000;000;255m[VrsDataProvider][INFO]: Utc stream found: 285-1[0m
[0m[38;2;000;000;255m[VrsDataProvider][INFO]: streamId 371-1/handtracking activated[0m
[0m[38;2;000;000;255m[VrsDataProvider][INFO]: streamId 371-2/vio activated[0m
[0m[38;2;000;000;255m[VrsDataProvider][INFO]: streamId 371-3/vio_high_frequency activated[0m
[0m[38;2;000;000;255m[VrsDataProvider][INFO]: streamId 373-1/eyegaze activated[0m
[0m[38;2;000;000;255m[VrsDataProvider][INFO]: streamId 500-1/als activated[0m
[0m[38;2;000;000;255m[VrsDataProvider][INFO]: Fail to activate streamId 502-1[0m
[0m[38;2;000;000;255m[VrsDataProvider][INFO]: streamId 1201-1/slam-front-left activated[0m
[0m[38;2;000;000;255m[VrsDataProvider][INFO]: streamId 1201-2/slam-front-right activated[0m
[0m[38;2;000;000;255m[VrsDataProvider][INFO]: streamId 1201-3/slam-side-left activated[0m
[0m[38;2;000;000;255m[VrsDataProvider][INFO]: streamId 1201-4/slam-side-right activated[0m
[0m[38;2;000;000;255m[VrsDataProvider][INFO]: streamId 1202-1/imu-left activated[0m
[0m[38;2;000;000;255m[VrsDataProvider][INFO]: streamId 1202-2/imu-right activated[0m
[0m[38;2;000;000;255m[VrsDataProvider][INFO]: streamId 1203-1/mag0 activated[0m
[0m[38;2;000;000;255m[XprsDecoder][INFO]: Using H.265 SW decoder named 'hevc' (xprs::gray8 -> vrs::grey8)[0m
[0m[38;2;000;000;255m[TelemetryLogger][INFO]: make_xprs_decoder, video/200x200/pixel=grey8/codec=H.265: H.265/SW/hevc, gray8[0m
[0m[38;2;000;000;255m[XprsDecoder][INFO]: Using H.265 SW decoder named 'hevc' (xprs::gray8 -> vrs::grey8)[0m
[0m[38;2;000;000;255m[TelemetryLogger][INFO]: make_xprs_decoder, video/200x200/pixel=grey8/codec=H.265: H.265/SW/hevc, gray8[0m
[0m[38;2;000;000;255m[XprsDecoder][INFO]: Using H.265 SW decoder named 'hevc' (xprs::yuv420p -> vrs::yuv_i420_split)[0m
[0m[38;2;000;000;255m[TelemetryLogger][INFO]: make_xprs_decoder, video/2560x1920/pixel=yuv_i420_split/codec=H.265: H.265/SW/hevc, yuv420p[0m
[0m[38;2;000;000;255m[XprsDecoder][INFO]: Using H.265 SW decoder named 'hevc' (xprs::gray8 -> vrs::grey8)[0m
[0m[38;2;000;000;255m[TelemetryLogger][INFO]: make_xprs_decoder, video/512x512/pixel=grey8/codec=H.265: H.265/SW/hevc, gray8[0m
[0m[38;2;000;000;255m[XprsDecoder][INFO]: Using H.265 SW decoder named 'hevc' (xprs::gray8 -> vrs::grey8)[0m
[0m[38;2;000;000;255m[TelemetryLogger][INFO]: make_xprs_decoder, video/512x512/pixel=grey8/codec=H.265: H.265/SW/hevc, gray8[0m
[0m[38;2;000;000;255m[XprsDecoder][INFO]: Using H.265 SW decoder named 'hevc' (xprs::gray8 -> vrs::grey8)[0m
[0m[38;2;000;000;255m[TelemetryLogger][INFO]: make_xprs_decoder, video/512x512/pixel=grey8/codec=H.265: H.265/SW/hevc, gray8[0m
[0m[38;2;000;000;255m[XprsDecoder][INFO]: Using H.265 SW decoder named 'hevc' (xprs::gray8 -> vrs::grey8)[0m
[0m[38;2;000;000;255m[TelemetryLogger][INFO]: make_xprs_decoder, video/512x512/pixel=grey8/codec=H.265: H.265/SW/hevc, gray8[0m
[0m[38;2;000;000;255m[ProgressLogger][INFO]: 2026-07-02 03:28:51: Opening /home/eker/Master-Thesis---Multi-modal-User-Intention-Estimation-and-Hand-Position-Prediction/Data_collection/Data_vrs/Unknown_2_20260616_141751.vrs...[0m
[0m[38;2;000;128;000m[MultiRecordFileReader][DEBUG]: Opened file '/home/eker/Master-Thesis---Multi-modal-User-Intention-Estimation-and-Hand-Position-Prediction/Data_collection/Data_vrs/Unknown_2_20260616_141751.vrs' and assigned to reader #0[0m
[0m[38;2;000;000;255m[VrsDataProvider][INFO]: streamId 211-1/camera-et-left activated[0m
[0m[38;2;000;000;255m[VrsDataProvider][INFO]: streamId 211-2/camera-et-right activated[0m
[0m[38;2;000;000;255m[VrsDataProvider][INFO]: streamId 214-1/camera-rgb activated[0m
[0m[38;2;000;000;255m[VrsDataProvider][INFO]: streamId 231-1/mic activated[0m
[0m[38;2;000;000;255m[VrsDataProvider][INFO]: streamId 246-1/temperature activated[0m
[0m[38;2;000;000;255m[VrsDataProvider][INFO]: streamId 247-1/baro0 activated[0m
[0m[38;2;000;000;255m[VrsDataProvider][INFO]: streamId 248-1/ppg activated[0m
[0m[38;2;000;000;255m[VrsDataProvider][INFO]: streamId 281-1/gps-app activated[0m
[0m[38;2;000;000;255m[VrsDataProvider][INFO]: streamId 282-1/wps activated[0m
[0m[38;2;000;000;255m[VrsDataProvider][INFO]: streamId 283-1/bluetooth activated[0m
[0m[38;2;000;000;255m[VrsDataProvider][INFO]: Utc stream found: 285-1[0m
[0m[38;2;000;000;255m[VrsDataProvider][INFO]: streamId 371-1/handtracking activated[0m
[0m[38;2;000;000;255m[VrsDataProvider][INFO]: streamId 371-2/vio activated[0m
[0m[38;2;000;000;255m[VrsDataProvider][INFO]: streamId 371-3/vio_high_frequency activated[0m
[0m[38;2;000;000;255m[VrsDataProvider][INFO]: streamId 373-1/eyegaze activated[0m
[0m[38;2;000;000;255m[VrsDataProvider][INFO]: streamId 500-1/als activated[0m
[0m[38;2;000;000;255m[VrsDataProvider][INFO]: Fail to activate streamId 502-1[0m
[0m[38;2;000;000;255m[VrsDataProvider][INFO]: streamId 1201-1/slam-front-left activated[0m
[0m[38;2;000;000;255m[VrsDataProvider][INFO]: streamId 1201-2/slam-front-right activated[0m
[0m[38;2;000;000;255m[VrsDataProvider][INFO]: streamId 1201-3/slam-side-left activated[0m
[0m[38;2;000;000;255m[VrsDataProvider][INFO]: streamId 1201-4/slam-side-right activated[0m
[0m[38;2;000;000;255m[VrsDataProvider][INFO]: streamId 1202-1/imu-left activated[0m
[0m[38;2;000;000;255m[VrsDataProvider][INFO]: streamId 1202-2/imu-right activated[0m
[0m[38;2;000;000;255m[VrsDataProvider][INFO]: streamId 1203-1/mag0 activated[0m
[0m[38;2;000;000;255m[XprsDecoder][INFO]: Using H.265 SW decoder named 'hevc' (xprs::gray8 -> vrs::grey8)[0m
[0m[38;2;000;000;255m[TelemetryLogger][INFO]: make_xprs_decoder, video/200x200/pixel=grey8/codec=H.265: H.265/SW/hevc, gray8[0m
[0m[38;2;000;000;255m[XprsDecoder][INFO]: Using H.265 SW decoder named 'hevc' (xprs::gray8 -> vrs::grey8)[0m
[0m[38;2;000;000;255m[TelemetryLogger][INFO]: make_xprs_decoder, video/200x200/pixel=grey8/codec=H.265: H.265/SW/hevc, gray8[0m
[0m[38;2;000;000;255m[XprsDecoder][INFO]: Using H.265 SW decoder named 'hevc' (xprs::yuv420p -> vrs::yuv_i420_split)[0m
[0m[38;2;000;000;255m[TelemetryLogger][INFO]: make_xprs_decoder, video/2016x1512/pixel=yuv_i420_split/codec=H.265: H.265/SW/hevc, yuv420p[0m
[0m[38;2;000;000;255m[XprsDecoder][INFO]: Using H.265 SW decoder named 'hevc' (xprs::gray8 -> vrs::grey8)[0m
[0m[38;2;000;000;255m[TelemetryLogger][INFO]: make_xprs_decoder, video/512x512/pixel=grey8/codec=H.265: H.265/SW/hevc, gray8[0m
[0m[38;2;000;000;255m[XprsDecoder][INFO]: Using H.265 SW decoder named 'hevc' (xprs::gray8 -> vrs::grey8)[0m
[0m[38;2;000;000;255m[TelemetryLogger][INFO]: make_xprs_decoder, video/512x512/pixel=grey8/codec=H.265: H.265/SW/hevc, gray8[0m
[0m[38;2;000;000;255m[XprsDecoder][INFO]: Using H.265 SW decoder named 'hevc' (xprs::gray8 -> vrs::grey8)[0m
[0m[38;2;000;000;255m[TelemetryLogger][INFO]: make_xprs_decoder, video/512x512/pixel=grey8/codec=H.265: H.265/SW/hevc, gray8[0m
[0m[38;2;000;000;255m[XprsDecoder][INFO]: Using H.265 SW decoder named 'hevc' (xprs::gray8 -> vrs::grey8)[0m
[0m[38;2;000;000;255m[TelemetryLogger][INFO]: make_xprs_decoder, video/512x512/pixel=grey8/codec=H.265: H.265/SW/hevc, gray8[0m
[0m[38;2;000;000;255m[ProgressLogger][INFO]: 2026-07-02 03:30:09: Opening /home/eker/Master-Thesis---Multi-modal-User-Intention-Estimation-and-Hand-Position-Prediction/Data_collection/Data_vrs/Urim_10_20260616_145015.vrs...[0m
[0m[38;2;000;128;000m[MultiRecordFileReader][DEBUG]: Opened file '/home/eker/Master-Thesis---Multi-modal-User-Intention-Estimation-and-Hand-Position-Prediction/Data_collection/Data_vrs/Urim_10_20260616_145015.vrs' and assigned to reader #0[0m
[0m[38;2;000;000;255m[VrsDataProvider][INFO]: streamId 211-1/camera-et-left activated[0m
[0m[38;2;000;000;255m[VrsDataProvider][INFO]: streamId 211-2/camera-et-right activated[0m
[0m[38;2;000;000;255m[VrsDataProvider][INFO]: streamId 214-1/camera-rgb activated[0m
[0m[38;2;000;000;255m[VrsDataProvider][INFO]: streamId 231-1/mic activated[0m
[0m[38;2;000;000;255m[VrsDataProvider][INFO]: streamId 246-1/temperature activated[0m
[0m[38;2;000;000;255m[VrsDataProvider][INFO]: streamId 247-1/baro0 activated[0m
[0m[38;2;000;000;255m[VrsDataProvider][INFO]: streamId 248-1/ppg activated[0m
[0m[38;2;000;000;255m[VrsDataProvider][INFO]: streamId 281-1/gps-app activated[0m
[0m[38;2;000;000;255m[VrsDataProvider][INFO]: streamId 282-1/wps activated[0m
[0m[38;2;000;000;255m[VrsDataProvider][INFO]: streamId 283-1/bluetooth activated[0m
[0m[38;2;000;000;255m[VrsDataProvider][INFO]: Utc stream found: 285-1[0m
[0m[38;2;000;000;255m[VrsDataProvider][INFO]: streamId 371-1/handtracking activated[0m
[0m[38;2;000;000;255m[VrsDataProvider][INFO]: streamId 371-2/vio activated[0m
[0m[38;2;000;000;255m[VrsDataProvider][INFO]: streamId 371-3/vio_high_frequency activated[0m
[0m[38;2;000;000;255m[VrsDataProvider][INFO]: streamId 373-1/eyegaze activated[0m
[0m[38;2;000;000;255m[VrsDataProvider][INFO]: streamId 500-1/als activated[0m
[0m[38;2;000;000;255m[VrsDataProvider][INFO]: Fail to activate streamId 502-1[0m
[0m[38;2;000;000;255m[VrsDataProvider][INFO]: streamId 1201-1/slam-front-left activated[0m
[0m[38;2;000;000;255m[VrsDataProvider][INFO]: streamId 1201-2/slam-front-right activated[0m
[0m[38;2;000;000;255m[VrsDataProvider][INFO]: streamId 1201-3/slam-side-left activated[0m
[0m[38;2;000;000;255m[VrsDataProvider][INFO]: streamId 1201-4/slam-side-right activated[0m
[0m[38;2;000;000;255m[VrsDataProvider][INFO]: streamId 1202-1/imu-left activated[0m
[0m[38;2;000;000;255m[VrsDataProvider][INFO]: streamId 1202-2/imu-right activated[0m
[0m[38;2;000;000;255m[VrsDataProvider][INFO]: streamId 1203-1/mag0 activated[0m
[0m[38;2;000;000;255m[XprsDecoder][INFO]: Using H.265 SW decoder named 'hevc' (xprs::gray8 -> vrs::grey8)[0m
[0m[38;2;000;000;255m[TelemetryLogger][INFO]: make_xprs_decoder, video/200x200/pixel=grey8/codec=H.265: H.265/SW/hevc, gray8[0m
[0m[38;2;000;000;255m[XprsDecoder][INFO]: Using H.265 SW decoder named 'hevc' (xprs::gray8 -> vrs::grey8)[0m
[0m[38;2;000;000;255m[TelemetryLogger][INFO]: make_xprs_decoder, video/200x200/pixel=grey8/codec=H.265: H.265/SW/hevc, gray8[0m
[0m[38;2;000;000;255m[XprsDecoder][INFO]: Using H.265 SW decoder named 'hevc' (xprs::yuv420p -> vrs::yuv_i420_split)[0m
[0m[38;2;000;000;255m[TelemetryLogger][INFO]: make_xprs_decoder, video/2016x1512/pixel=yuv_i420_split/codec=H.265: H.265/SW/hevc, yuv420p[0m
[0m[38;2;000;000;255m[XprsDecoder][INFO]: Using H.265 SW decoder named 'hevc' (xprs::gray8 -> vrs::grey8)[0m
[0m[38;2;000;000;255m[TelemetryLogger][INFO]: make_xprs_decoder, video/512x512/pixel=grey8/codec=H.265: H.265/SW/hevc, gray8[0m
[0m[38;2;000;000;255m[XprsDecoder][INFO]: Using H.265 SW decoder named 'hevc' (xprs::gray8 -> vrs::grey8)[0m
[0m[38;2;000;000;255m[TelemetryLogger][INFO]: make_xprs_decoder, video/512x512/pixel=grey8/codec=H.265: H.265/SW/hevc, gray8[0m
[0m[38;2;000;000;255m[XprsDecoder][INFO]: Using H.265 SW decoder named 'hevc' (xprs::gray8 -> vrs::grey8)[0m
[0m[38;2;000;000;255m[TelemetryLogger][INFO]: make_xprs_decoder, video/512x512/pixel=grey8/codec=H.265: H.265/SW/hevc, gray8[0m
[0m[38;2;000;000;255m[XprsDecoder][INFO]: Using H.265 SW decoder named 'hevc' (xprs::gray8 -> vrs::grey8)[0m
[0m[38;2;000;000;255m[TelemetryLogger][INFO]: make_xprs_decoder, video/512x512/pixel=grey8/codec=H.265: H.265/SW/hevc, gray8[0m
[0m[38;2;000;000;255m[ProgressLogger][INFO]: 2026-07-02 03:36:48: Opening /home/eker/Master-Thesis---Multi-modal-User-Intention-Estimation-and-Hand-Position-Prediction/Data_collection/Data_vrs/Urim_1_20260604_160102.vrs...[0m
[0m[38;2;000;128;000m[MultiRecordFileReader][DEBUG]: Opened file '/home/eker/Master-Thesis---Multi-modal-User-Intention-Estimation-and-Hand-Position-Prediction/Data_collection/Data_vrs/Urim_1_20260604_160102.vrs' and assigned to reader #0[0m
[0m[38;2;000;000;255m[VrsDataProvider][INFO]: streamId 211-1/camera-et-left activated[0m
[0m[38;2;000;000;255m[VrsDataProvider][INFO]: streamId 211-2/camera-et-right activated[0m
[0m[38;2;000;000;255m[VrsDataProvider][INFO]: streamId 214-1/camera-rgb activated[0m
[0m[38;2;000;000;255m[VrsDataProvider][INFO]: streamId 231-1/mic activated[0m
[0m[38;2;000;000;255m[VrsDataProvider][INFO]: streamId 246-1/temperature activated[0m
[0m[38;2;000;000;255m[VrsDataProvider][INFO]: streamId 247-1/baro0 activated[0m
[0m[38;2;000;000;255m[VrsDataProvider][INFO]: streamId 248-1/ppg activated[0m
[0m[38;2;000;000;255m[VrsDataProvider][INFO]: streamId 281-1/gps-app activated[0m
[0m[38;2;000;000;255m[VrsDataProvider][INFO]: streamId 282-1/wps activated[0m
[0m[38;2;000;000;255m[VrsDataProvider][INFO]: streamId 283-1/bluetooth activated[0m
[0m[38;2;000;000;255m[VrsDataProvider][INFO]: Utc stream found: 285-1[0m
[0m[38;2;000;000;255m[VrsDataProvider][INFO]: streamId 371-1/handtracking activated[0m
[0m[38;2;000;000;255m[VrsDataProvider][INFO]: streamId 371-2/vio activated[0m
[0m[38;2;000;000;255m[VrsDataProvider][INFO]: streamId 371-3/vio_high_frequency activated[0m
[0m[38;2;000;000;255m[VrsDataProvider][INFO]: streamId 373-1/eyegaze activated[0m
[0m[38;2;000;000;255m[VrsDataProvider][INFO]: streamId 500-1/als activated[0m
[0m[38;2;000;000;255m[VrsDataProvider][INFO]: Fail to activate streamId 502-1[0m
[0m[38;2;000;000;255m[VrsDataProvider][INFO]: streamId 1201-1/slam-front-left activated[0m
[0m[38;2;000;000;255m[VrsDataProvider][INFO]: streamId 1201-2/slam-front-right activated[0m
[0m[38;2;000;000;255m[VrsDataProvider][INFO]: streamId 1201-3/slam-side-left activated[0m
[0m[38;2;000;000;255m[VrsDataProvider][INFO]: streamId 1201-4/slam-side-right activated[0m
[0m[38;2;000;000;255m[VrsDataProvider][INFO]: streamId 1202-1/imu-left activated[0m
[0m[38;2;000;000;255m[VrsDataProvider][INFO]: streamId 1202-2/imu-right activated[0m
[0m[38;2;000;000;255m[VrsDataProvider][INFO]: streamId 1203-1/mag0 activated[0m
[0m[38;2;000;000;255m[XprsDecoder][INFO]: Using H.265 SW decoder named 'hevc' (xprs::gray8 -> vrs::grey8)[0m
[0m[38;2;000;000;255m[TelemetryLogger][INFO]: make_xprs_decoder, video/200x200/pixel=grey8/codec=H.265: H.265/SW/hevc, gray8[0m
[0m[38;2;000;000;255m[XprsDecoder][INFO]: Using H.265 SW decoder named 'hevc' (xprs::gray8 -> vrs::grey8)[0m
[0m[38;2;000;000;255m[TelemetryLogger][INFO]: make_xprs_decoder, video/200x200/pixel=grey8/codec=H.265: H.265/SW/hevc, gray8[0m
[0m[38;2;000;000;255m[XprsDecoder][INFO]: Using H.265 SW decoder named 'hevc' (xprs::yuv420p -> vrs::yuv_i420_split)[0m
[0m[38;2;000;000;255m[TelemetryLogger][INFO]: make_xprs_decoder, video/2016x1512/pixel=yuv_i420_split/codec=H.265: H.265/SW/hevc, yuv420p[0m
[0m[38;2;000;000;255m[XprsDecoder][INFO]: Using H.265 SW decoder named 'hevc' (xprs::gray8 -> vrs::grey8)[0m
[0m[38;2;000;000;255m[TelemetryLogger][INFO]: make_xprs_decoder, video/512x512/pixel=grey8/codec=H.265: H.265/SW/hevc, gray8[0m
[0m[38;2;000;000;255m[XprsDecoder][INFO]: Using H.265 SW decoder named 'hevc' (xprs::gray8 -> vrs::grey8)[0m
[0m[38;2;000;000;255m[TelemetryLogger][INFO]: make_xprs_decoder, video/512x512/pixel=grey8/codec=H.265: H.265/SW/hevc, gray8[0m
[0m[38;2;000;000;255m[XprsDecoder][INFO]: Using H.265 SW decoder named 'hevc' (xprs::gray8 -> vrs::grey8)[0m
[0m[38;2;000;000;255m[TelemetryLogger][INFO]: make_xprs_decoder, video/512x512/pixel=grey8/codec=H.265: H.265/SW/hevc, gray8[0m
[0m[38;2;000;000;255m[XprsDecoder][INFO]: Using H.265 SW decoder named 'hevc' (xprs::gray8 -> vrs::grey8)[0m
[0m[38;2;000;000;255m[TelemetryLogger][INFO]: make_xprs_decoder, video/512x512/pixel=grey8/codec=H.265: H.265/SW/hevc, gray8[0m
[0m[38;2;000;000;255m[ProgressLogger][INFO]: 2026-07-02 03:44:01: Opening /home/eker/Master-Thesis---Multi-modal-User-Intention-Estimation-and-Hand-Position-Prediction/Data_collection/Data_vrs/Urim_2_20260604_160234.vrs...[0m
[0m[38;2;000;128;000m[MultiRecordFileReader][DEBUG]: Opened file '/home/eker/Master-Thesis---Multi-modal-User-Intention-Estimation-and-Hand-Position-Prediction/Data_collection/Data_vrs/Urim_2_20260604_160234.vrs' and assigned to reader #0[0m
[0m[38;2;000;000;255m[VrsDataProvider][INFO]: streamId 211-1/camera-et-left activated[0m
[0m[38;2;000;000;255m[VrsDataProvider][INFO]: streamId 211-2/camera-et-right activated[0m
[0m[38;2;000;000;255m[VrsDataProvider][INFO]: streamId 214-1/camera-rgb activated[0m
[0m[38;2;000;000;255m[VrsDataProvider][INFO]: streamId 231-1/mic activated[0m
[0m[38;2;000;000;255m[VrsDataProvider][INFO]: streamId 246-1/temperature activated[0m
[0m[38;2;000;000;255m[VrsDataProvider][INFO]: streamId 247-1/baro0 activated[0m
[0m[38;2;000;000;255m[VrsDataProvider][INFO]: streamId 248-1/ppg activated[0m
[0m[38;2;000;000;255m[VrsDataProvider][INFO]: streamId 281-1/gps-app activated[0m
[0m[38;2;000;000;255m[VrsDataProvider][INFO]: streamId 282-1/wps activated[0m
[0m[38;2;000;000;255m[VrsDataProvider][INFO]: streamId 283-1/bluetooth activated[0m
[0m[38;2;000;000;255m[VrsDataProvider][INFO]: Utc stream found: 285-1[0m
[0m[38;2;000;000;255m[VrsDataProvider][INFO]: streamId 371-1/handtracking activated[0m
[0m[38;2;000;000;255m[VrsDataProvider][INFO]: streamId 371-2/vio activated[0m
[0m[38;2;000;000;255m[VrsDataProvider][INFO]: streamId 371-3/vio_high_frequency activated[0m
[0m[38;2;000;000;255m[VrsDataProvider][INFO]: streamId 373-1/eyegaze activated[0m
[0m[38;2;000;000;255m[VrsDataProvider][INFO]: streamId 500-1/als activated[0m
[0m[38;2;000;000;255m[VrsDataProvider][INFO]: Fail to activate streamId 502-1[0m
[0m[38;2;000;000;255m[VrsDataProvider][INFO]: streamId 1201-1/slam-front-left activated[0m
[0m[38;2;000;000;255m[VrsDataProvider][INFO]: streamId 1201-2/slam-front-right activated[0m
[0m[38;2;000;000;255m[VrsDataProvider][INFO]: streamId 1201-3/slam-side-left activated[0m
[0m[38;2;000;000;255m[VrsDataProvider][INFO]: streamId 1201-4/slam-side-right activated[0m
[0m[38;2;000;000;255m[VrsDataProvider][INFO]: streamId 1202-1/imu-left activated[0m
[0m[38;2;000;000;255m[VrsDataProvider][INFO]: streamId 1202-2/imu-right activated[0m
[0m[38;2;000;000;255m[VrsDataProvider][INFO]: streamId 1203-1/mag0 activated[0m
[0m[38;2;000;000;255m[XprsDecoder][INFO]: Using H.265 SW decoder named 'hevc' (xprs::gray8 -> vrs::grey8)[0m
[0m[38;2;000;000;255m[TelemetryLogger][INFO]: make_xprs_decoder, video/200x200/pixel=grey8/codec=H.265: H.265/SW/hevc, gray8[0m
[0m[38;2;000;000;255m[XprsDecoder][INFO]: Using H.265 SW decoder named 'hevc' (xprs::gray8 -> vrs::grey8)[0m
[0m[38;2;000;000;255m[TelemetryLogger][INFO]: make_xprs_decoder, video/200x200/pixel=grey8/codec=H.265: H.265/SW/hevc, gray8[0m
[0m[38;2;000;000;255m[XprsDecoder][INFO]: Using H.265 SW decoder named 'hevc' (xprs::yuv420p -> vrs::yuv_i420_split)[0m
[0m[38;2;000;000;255m[TelemetryLogger][INFO]: make_xprs_decoder, video/2016x1512/pixel=yuv_i420_split/codec=H.265: H.265/SW/hevc, yuv420p[0m
[0m[38;2;000;000;255m[XprsDecoder][INFO]: Using H.265 SW decoder named 'hevc' (xprs::gray8 -> vrs::grey8)[0m
[0m[38;2;000;000;255m[TelemetryLogger][INFO]: make_xprs_decoder, video/512x512/pixel=grey8/codec=H.265: H.265/SW/hevc, gray8[0m
[0m[38;2;000;000;255m[XprsDecoder][INFO]: Using H.265 SW decoder named 'hevc' (xprs::gray8 -> vrs::grey8)[0m
[0m[38;2;000;000;255m[TelemetryLogger][INFO]: make_xprs_decoder, video/512x512/pixel=grey8/codec=H.265: H.265/SW/hevc, gray8[0m
[0m[38;2;000;000;255m[XprsDecoder][INFO]: Using H.265 SW decoder named 'hevc' (xprs::gray8 -> vrs::grey8)[0m
[0m[38;2;000;000;255m[TelemetryLogger][INFO]: make_xprs_decoder, video/512x512/pixel=grey8/codec=H.265: H.265/SW/hevc, gray8[0m
[0m[38;2;000;000;255m[XprsDecoder][INFO]: Using H.265 SW decoder named 'hevc' (xprs::gray8 -> vrs::grey8)[0m
[0m[38;2;000;000;255m[TelemetryLogger][INFO]: make_xprs_decoder, video/512x512/pixel=grey8/codec=H.265: H.265/SW/hevc, gray8[0m
[0m[38;2;000;000;255m[ProgressLogger][INFO]: 2026-07-02 03:48:17: Opening /home/eker/Master-Thesis---Multi-modal-User-Intention-Estimation-and-Hand-Position-Prediction/Data_collection/Data_vrs/Urim_3_20260604_160345.vrs...[0m
[0m[38;2;000;128;000m[MultiRecordFileReader][DEBUG]: Opened file '/home/eker/Master-Thesis---Multi-modal-User-Intention-Estimation-and-Hand-Position-Prediction/Data_collection/Data_vrs/Urim_3_20260604_160345.vrs' and assigned to reader #0[0m
[0m[38;2;000;000;255m[VrsDataProvider][INFO]: streamId 211-1/camera-et-left activated[0m
[0m[38;2;000;000;255m[VrsDataProvider][INFO]: streamId 211-2/camera-et-right activated[0m
[0m[38;2;000;000;255m[VrsDataProvider][INFO]: streamId 214-1/camera-rgb activated[0m
[0m[38;2;000;000;255m[VrsDataProvider][INFO]: streamId 231-1/mic activated[0m
[0m[38;2;000;000;255m[VrsDataProvider][INFO]: streamId 246-1/temperature activated[0m
[0m[38;2;000;000;255m[VrsDataProvider][INFO]: streamId 247-1/baro0 activated[0m
[0m[38;2;000;000;255m[VrsDataProvider][INFO]: streamId 248-1/ppg activated[0m
[0m[38;2;000;000;255m[VrsDataProvider][INFO]: streamId 281-1/gps-app activated[0m
[0m[38;2;000;000;255m[VrsDataProvider][INFO]: streamId 282-1/wps activated[0m
[0m[38;2;000;000;255m[VrsDataProvider][INFO]: streamId 283-1/bluetooth activated[0m
[0m[38;2;000;000;255m[VrsDataProvider][INFO]: Utc stream found: 285-1[0m
[0m[38;2;000;000;255m[VrsDataProvider][INFO]: streamId 371-1/handtracking activated[0m
[0m[38;2;000;000;255m[VrsDataProvider][INFO]: streamId 371-2/vio activated[0m
[0m[38;2;000;000;255m[VrsDataProvider][INFO]: streamId 371-3/vio_high_frequency activated[0m
[0m[38;2;000;000;255m[VrsDataProvider][INFO]: streamId 373-1/eyegaze activated[0m
[0m[38;2;000;000;255m[VrsDataProvider][INFO]: streamId 500-1/als activated[0m
[0m[38;2;000;000;255m[VrsDataProvider][INFO]: Fail to activate streamId 502-1[0m
[0m[38;2;000;000;255m[VrsDataProvider][INFO]: streamId 1201-1/slam-front-left activated[0m
[0m[38;2;000;000;255m[VrsDataProvider][INFO]: streamId 1201-2/slam-front-right activated[0m
[0m[38;2;000;000;255m[VrsDataProvider][INFO]: streamId 1201-3/slam-side-left activated[0m
[0m[38;2;000;000;255m[VrsDataProvider][INFO]: streamId 1201-4/slam-side-right activated[0m
[0m[38;2;000;000;255m[VrsDataProvider][INFO]: streamId 1202-1/imu-left activated[0m
[0m[38;2;000;000;255m[VrsDataProvider][INFO]: streamId 1202-2/imu-right activated[0m
[0m[38;2;000;000;255m[VrsDataProvider][INFO]: streamId 1203-1/mag0 activated[0m
[0m[38;2;000;000;255m[XprsDecoder][INFO]: Using H.265 SW decoder named 'hevc' (xprs::gray8 -> vrs::grey8)[0m
[0m[38;2;000;000;255m[TelemetryLogger][INFO]: make_xprs_decoder, video/200x200/pixel=grey8/codec=H.265: H.265/SW/hevc, gray8[0m
[0m[38;2;000;000;255m[XprsDecoder][INFO]: Using H.265 SW decoder named 'hevc' (xprs::gray8 -> vrs::grey8)[0m
[0m[38;2;000;000;255m[TelemetryLogger][INFO]: make_xprs_decoder, video/200x200/pixel=grey8/codec=H.265: H.265/SW/hevc, gray8[0m
[0m[38;2;000;000;255m[XprsDecoder][INFO]: Using H.265 SW decoder named 'hevc' (xprs::yuv420p -> vrs::yuv_i420_split)[0m
[0m[38;2;000;000;255m[TelemetryLogger][INFO]: make_xprs_decoder, video/2016x1512/pixel=yuv_i420_split/codec=H.265: H.265/SW/hevc, yuv420p[0m
[0m[38;2;000;000;255m[XprsDecoder][INFO]: Using H.265 SW decoder named 'hevc' (xprs::gray8 -> vrs::grey8)[0m
[0m[38;2;000;000;255m[TelemetryLogger][INFO]: make_xprs_decoder, video/512x512/pixel=grey8/codec=H.265: H.265/SW/hevc, gray8[0m
[0m[38;2;000;000;255m[XprsDecoder][INFO]: Using H.265 SW decoder named 'hevc' (xprs::gray8 -> vrs::grey8)[0m
[0m[38;2;000;000;255m[TelemetryLogger][INFO]: make_xprs_decoder, video/512x512/pixel=grey8/codec=H.265: H.265/SW/hevc, gray8[0m
[0m[38;2;000;000;255m[XprsDecoder][INFO]: Using H.265 SW decoder named 'hevc' (xprs::gray8 -> vrs::grey8)[0m
[0m[38;2;000;000;255m[TelemetryLogger][INFO]: make_xprs_decoder, video/512x512/pixel=grey8/codec=H.265: H.265/SW/hevc, gray8[0m
[0m[38;2;000;000;255m[XprsDecoder][INFO]: Using H.265 SW decoder named 'hevc' (xprs::gray8 -> vrs::grey8)[0m
[0m[38;2;000;000;255m[TelemetryLogger][INFO]: make_xprs_decoder, video/512x512/pixel=grey8/codec=H.265: H.265/SW/hevc, gray8[0m
[0m[38;2;000;000;255m[ProgressLogger][INFO]: 2026-07-02 03:53:57: Opening /home/eker/Master-Thesis---Multi-modal-User-Intention-Estimation-and-Hand-Position-Prediction/Data_collection/Data_vrs/Urim_4_20260604_160502.vrs...[0m
[0m[38;2;000;128;000m[MultiRecordFileReader][DEBUG]: Opened file '/home/eker/Master-Thesis---Multi-modal-User-Intention-Estimation-and-Hand-Position-Prediction/Data_collection/Data_vrs/Urim_4_20260604_160502.vrs' and assigned to reader #0[0m
[0m[38;2;000;000;255m[VrsDataProvider][INFO]: streamId 211-1/camera-et-left activated[0m
[0m[38;2;000;000;255m[VrsDataProvider][INFO]: streamId 211-2/camera-et-right activated[0m
[0m[38;2;000;000;255m[VrsDataProvider][INFO]: streamId 214-1/camera-rgb activated[0m
[0m[38;2;000;000;255m[VrsDataProvider][INFO]: streamId 231-1/mic activated[0m
[0m[38;2;000;000;255m[VrsDataProvider][INFO]: streamId 246-1/temperature activated[0m
[0m[38;2;000;000;255m[VrsDataProvider][INFO]: streamId 247-1/baro0 activated[0m
[0m[38;2;000;000;255m[VrsDataProvider][INFO]: streamId 248-1/ppg activated[0m
[0m[38;2;000;000;255m[VrsDataProvider][INFO]: streamId 281-1/gps-app activated[0m
[0m[38;2;000;000;255m[VrsDataProvider][INFO]: streamId 282-1/wps activated[0m
[0m[38;2;000;000;255m[VrsDataProvider][INFO]: streamId 283-1/bluetooth activated[0m
[0m[38;2;000;000;255m[VrsDataProvider][INFO]: Utc stream found: 285-1[0m
[0m[38;2;000;000;255m[VrsDataProvider][INFO]: streamId 371-1/handtracking activated[0m
[0m[38;2;000;000;255m[VrsDataProvider][INFO]: streamId 371-2/vio activated[0m
[0m[38;2;000;000;255m[VrsDataProvider][INFO]: streamId 371-3/vio_high_frequency activated[0m
[0m[38;2;000;000;255m[VrsDataProvider][INFO]: streamId 373-1/eyegaze activated[0m
[0m[38;2;000;000;255m[VrsDataProvider][INFO]: streamId 500-1/als activated[0m
[0m[38;2;000;000;255m[VrsDataProvider][INFO]: Fail to activate streamId 502-1[0m
[0m[38;2;000;000;255m[VrsDataProvider][INFO]: streamId 1201-1/slam-front-left activated[0m
[0m[38;2;000;000;255m[VrsDataProvider][INFO]: streamId 1201-2/slam-front-right activated[0m
[0m[38;2;000;000;255m[VrsDataProvider][INFO]: streamId 1201-3/slam-side-left activated[0m
[0m[38;2;000;000;255m[VrsDataProvider][INFO]: streamId 1201-4/slam-side-right activated[0m
[0m[38;2;000;000;255m[VrsDataProvider][INFO]: streamId 1202-1/imu-left activated[0m
[0m[38;2;000;000;255m[VrsDataProvider][INFO]: streamId 1202-2/imu-right activated[0m
[0m[38;2;000;000;255m[VrsDataProvider][INFO]: streamId 1203-1/mag0 activated[0m
[0m[38;2;000;000;255m[XprsDecoder][INFO]: Using H.265 SW decoder named 'hevc' (xprs::gray8 -> vrs::grey8)[0m
[0m[38;2;000;000;255m[TelemetryLogger][INFO]: make_xprs_decoder, video/200x200/pixel=grey8/codec=H.265: H.265/SW/hevc, gray8[0m
[0m[38;2;000;000;255m[XprsDecoder][INFO]: Using H.265 SW decoder named 'hevc' (xprs::gray8 -> vrs::grey8)[0m
[0m[38;2;000;000;255m[TelemetryLogger][INFO]: make_xprs_decoder, video/200x200/pixel=grey8/codec=H.265: H.265/SW/hevc, gray8[0m
[0m[38;2;000;000;255m[XprsDecoder][INFO]: Using H.265 SW decoder named 'hevc' (xprs::yuv420p -> vrs::yuv_i420_split)[0m
[0m[38;2;000;000;255m[TelemetryLogger][INFO]: make_xprs_decoder, video/2016x1512/pixel=yuv_i420_split/codec=H.265: H.265/SW/hevc, yuv420p[0m
[0m[38;2;000;000;255m[XprsDecoder][INFO]: Using H.265 SW decoder named 'hevc' (xprs::gray8 -> vrs::grey8)[0m
[0m[38;2;000;000;255m[TelemetryLogger][INFO]: make_xprs_decoder, video/512x512/pixel=grey8/codec=H.265: H.265/SW/hevc, gray8[0m
[0m[38;2;000;000;255m[XprsDecoder][INFO]: Using H.265 SW decoder named 'hevc' (xprs::gray8 -> vrs::grey8)[0m
[0m[38;2;000;000;255m[TelemetryLogger][INFO]: make_xprs_decoder, video/512x512/pixel=grey8/codec=H.265: H.265/SW/hevc, gray8[0m
[0m[38;2;000;000;255m[XprsDecoder][INFO]: Using H.265 SW decoder named 'hevc' (xprs::gray8 -> vrs::grey8)[0m
[0m[38;2;000;000;255m[TelemetryLogger][INFO]: make_xprs_decoder, video/512x512/pixel=grey8/codec=H.265: H.265/SW/hevc, gray8[0m
[0m[38;2;000;000;255m[XprsDecoder][INFO]: Using H.265 SW decoder named 'hevc' (xprs::gray8 -> vrs::grey8)[0m
[0m[38;2;000;000;255m[TelemetryLogger][INFO]: make_xprs_decoder, video/512x512/pixel=grey8/codec=H.265: H.265/SW/hevc, gray8[0m
[0m[38;2;000;000;255m[ProgressLogger][INFO]: 2026-07-02 03:59:53: Opening /home/eker/Master-Thesis---Multi-modal-User-Intention-Estimation-and-Hand-Position-Prediction/Data_collection/Data_vrs/Urim_5_20260604_160634.vrs...[0m
[0m[38;2;000;128;000m[MultiRecordFileReader][DEBUG]: Opened file '/home/eker/Master-Thesis---Multi-modal-User-Intention-Estimation-and-Hand-Position-Prediction/Data_collection/Data_vrs/Urim_5_20260604_160634.vrs' and assigned to reader #0[0m
[0m[38;2;000;000;255m[VrsDataProvider][INFO]: streamId 211-1/camera-et-left activated[0m
[0m[38;2;000;000;255m[VrsDataProvider][INFO]: streamId 211-2/camera-et-right activated[0m
[0m[38;2;000;000;255m[VrsDataProvider][INFO]: streamId 214-1/camera-rgb activated[0m
[0m[38;2;000;000;255m[VrsDataProvider][INFO]: streamId 231-1/mic activated[0m
[0m[38;2;000;000;255m[VrsDataProvider][INFO]: streamId 246-1/temperature activated[0m
[0m[38;2;000;000;255m[VrsDataProvider][INFO]: streamId 247-1/baro0 activated[0m
[0m[38;2;000;000;255m[VrsDataProvider][INFO]: streamId 248-1/ppg activated[0m
[0m[38;2;000;000;255m[VrsDataProvider][INFO]: streamId 281-1/gps-app activated[0m
[0m[38;2;000;000;255m[VrsDataProvider][INFO]: streamId 282-1/wps activated[0m
[0m[38;2;000;000;255m[VrsDataProvider][INFO]: streamId 283-1/bluetooth activated[0m
[0m[38;2;000;000;255m[VrsDataProvider][INFO]: Utc stream found: 285-1[0m
[0m[38;2;000;000;255m[VrsDataProvider][INFO]: streamId 371-1/handtracking activated[0m
[0m[38;2;000;000;255m[VrsDataProvider][INFO]: streamId 371-2/vio activated[0m
[0m[38;2;000;000;255m[VrsDataProvider][INFO]: streamId 371-3/vio_high_frequency activated[0m
[0m[38;2;000;000;255m[VrsDataProvider][INFO]: streamId 373-1/eyegaze activated[0m
[0m[38;2;000;000;255m[VrsDataProvider][INFO]: streamId 500-1/als activated[0m
[0m[38;2;000;000;255m[VrsDataProvider][INFO]: Fail to activate streamId 502-1[0m
[0m[38;2;000;000;255m[VrsDataProvider][INFO]: streamId 1201-1/slam-front-left activated[0m
[0m[38;2;000;000;255m[VrsDataProvider][INFO]: streamId 1201-2/slam-front-right activated[0m
[0m[38;2;000;000;255m[VrsDataProvider][INFO]: streamId 1201-3/slam-side-left activated[0m
[0m[38;2;000;000;255m[VrsDataProvider][INFO]: streamId 1201-4/slam-side-right activated[0m
[0m[38;2;000;000;255m[VrsDataProvider][INFO]: streamId 1202-1/imu-left activated[0m
[0m[38;2;000;000;255m[VrsDataProvider][INFO]: streamId 1202-2/imu-right activated[0m
[0m[38;2;000;000;255m[VrsDataProvider][INFO]: streamId 1203-1/mag0 activated[0m
[0m[38;2;000;000;255m[XprsDecoder][INFO]: Using H.265 SW decoder named 'hevc' (xprs::gray8 -> vrs::grey8)[0m
[0m[38;2;000;000;255m[TelemetryLogger][INFO]: make_xprs_decoder, video/200x200/pixel=grey8/codec=H.265: H.265/SW/hevc, gray8[0m
[0m[38;2;000;000;255m[XprsDecoder][INFO]: Using H.265 SW decoder named 'hevc' (xprs::gray8 -> vrs::grey8)[0m
[0m[38;2;000;000;255m[TelemetryLogger][INFO]: make_xprs_decoder, video/200x200/pixel=grey8/codec=H.265: H.265/SW/hevc, gray8[0m
[0m[38;2;000;000;255m[XprsDecoder][INFO]: Using H.265 SW decoder named 'hevc' (xprs::yuv420p -> vrs::yuv_i420_split)[0m
[0m[38;2;000;000;255m[TelemetryLogger][INFO]: make_xprs_decoder, video/2016x1512/pixel=yuv_i420_split/codec=H.265: H.265/SW/hevc, yuv420p[0m
[0m[38;2;000;000;255m[XprsDecoder][INFO]: Using H.265 SW decoder named 'hevc' (xprs::gray8 -> vrs::grey8)[0m
[0m[38;2;000;000;255m[TelemetryLogger][INFO]: make_xprs_decoder, video/512x512/pixel=grey8/codec=H.265: H.265/SW/hevc, gray8[0m
[0m[38;2;000;000;255m[XprsDecoder][INFO]: Using H.265 SW decoder named 'hevc' (xprs::gray8 -> vrs::grey8)[0m
[0m[38;2;000;000;255m[TelemetryLogger][INFO]: make_xprs_decoder, video/512x512/pixel=grey8/codec=H.265: H.265/SW/hevc, gray8[0m
[0m[38;2;000;000;255m[XprsDecoder][INFO]: Using H.265 SW decoder named 'hevc' (xprs::gray8 -> vrs::grey8)[0m
[0m[38;2;000;000;255m[TelemetryLogger][INFO]: make_xprs_decoder, video/512x512/pixel=grey8/codec=H.265: H.265/SW/hevc, gray8[0m
[0m[38;2;000;000;255m[XprsDecoder][INFO]: Using H.265 SW decoder named 'hevc' (xprs::gray8 -> vrs::grey8)[0m
[0m[38;2;000;000;255m[TelemetryLogger][INFO]: make_xprs_decoder, video/512x512/pixel=grey8/codec=H.265: H.265/SW/hevc, gray8[0m
[0m[38;2;000;000;255m[ProgressLogger][INFO]: 2026-07-02 04:06:14: Opening /home/eker/Master-Thesis---Multi-modal-User-Intention-Estimation-and-Hand-Position-Prediction/Data_collection/Data_vrs/Urim_6_20260616_144055.vrs...[0m
[0m[38;2;000;128;000m[MultiRecordFileReader][DEBUG]: Opened file '/home/eker/Master-Thesis---Multi-modal-User-Intention-Estimation-and-Hand-Position-Prediction/Data_collection/Data_vrs/Urim_6_20260616_144055.vrs' and assigned to reader #0[0m
[0m[38;2;000;000;255m[VrsDataProvider][INFO]: streamId 211-1/camera-et-left activated[0m
[0m[38;2;000;000;255m[VrsDataProvider][INFO]: streamId 211-2/camera-et-right activated[0m
[0m[38;2;000;000;255m[VrsDataProvider][INFO]: streamId 214-1/camera-rgb activated[0m
[0m[38;2;000;000;255m[VrsDataProvider][INFO]: streamId 231-1/mic activated[0m
[0m[38;2;000;000;255m[VrsDataProvider][INFO]: streamId 246-1/temperature activated[0m
[0m[38;2;000;000;255m[VrsDataProvider][INFO]: streamId 247-1/baro0 activated[0m
[0m[38;2;000;000;255m[VrsDataProvider][INFO]: streamId 248-1/ppg activated[0m
[0m[38;2;000;000;255m[VrsDataProvider][INFO]: streamId 281-1/gps-app activated[0m
[0m[38;2;000;000;255m[VrsDataProvider][INFO]: streamId 282-1/wps activated[0m
[0m[38;2;000;000;255m[VrsDataProvider][INFO]: streamId 283-1/bluetooth activated[0m
[0m[38;2;000;000;255m[VrsDataProvider][INFO]: Utc stream found: 285-1[0m
[0m[38;2;000;000;255m[VrsDataProvider][INFO]: streamId 371-1/handtracking activated[0m
[0m[38;2;000;000;255m[VrsDataProvider][INFO]: streamId 371-2/vio activated[0m
[0m[38;2;000;000;255m[VrsDataProvider][INFO]: streamId 371-3/vio_high_frequency activated[0m
[0m[38;2;000;000;255m[VrsDataProvider][INFO]: streamId 373-1/eyegaze activated[0m
[0m[38;2;000;000;255m[VrsDataProvider][INFO]: streamId 500-1/als activated[0m
[0m[38;2;000;000;255m[VrsDataProvider][INFO]: Fail to activate streamId 502-1[0m
[0m[38;2;000;000;255m[VrsDataProvider][INFO]: streamId 1201-1/slam-front-left activated[0m
[0m[38;2;000;000;255m[VrsDataProvider][INFO]: streamId 1201-2/slam-front-right activated[0m
[0m[38;2;000;000;255m[VrsDataProvider][INFO]: streamId 1201-3/slam-side-left activated[0m
[0m[38;2;000;000;255m[VrsDataProvider][INFO]: streamId 1201-4/slam-side-right activated[0m
[0m[38;2;000;000;255m[VrsDataProvider][INFO]: streamId 1202-1/imu-left activated[0m
[0m[38;2;000;000;255m[VrsDataProvider][INFO]: streamId 1202-2/imu-right activated[0m
[0m[38;2;000;000;255m[VrsDataProvider][INFO]: streamId 1203-1/mag0 activated[0m
[0m[38;2;000;000;255m[XprsDecoder][INFO]: Using H.265 SW decoder named 'hevc' (xprs::gray8 -> vrs::grey8)[0m
[0m[38;2;000;000;255m[TelemetryLogger][INFO]: make_xprs_decoder, video/200x200/pixel=grey8/codec=H.265: H.265/SW/hevc, gray8[0m
[0m[38;2;000;000;255m[XprsDecoder][INFO]: Using H.265 SW decoder named 'hevc' (xprs::gray8 -> vrs::grey8)[0m
[0m[38;2;000;000;255m[TelemetryLogger][INFO]: make_xprs_decoder, video/200x200/pixel=grey8/codec=H.265: H.265/SW/hevc, gray8[0m
[0m[38;2;000;000;255m[XprsDecoder][INFO]: Using H.265 SW decoder named 'hevc' (xprs::yuv420p -> vrs::yuv_i420_split)[0m
[0m[38;2;000;000;255m[TelemetryLogger][INFO]: make_xprs_decoder, video/2016x1512/pixel=yuv_i420_split/codec=H.265: H.265/SW/hevc, yuv420p[0m
[0m[38;2;000;000;255m[XprsDecoder][INFO]: Using H.265 SW decoder named 'hevc' (xprs::gray8 -> vrs::grey8)[0m
[0m[38;2;000;000;255m[TelemetryLogger][INFO]: make_xprs_decoder, video/512x512/pixel=grey8/codec=H.265: H.265/SW/hevc, gray8[0m
[0m[38;2;000;000;255m[XprsDecoder][INFO]: Using H.265 SW decoder named 'hevc' (xprs::gray8 -> vrs::grey8)[0m
[0m[38;2;000;000;255m[TelemetryLogger][INFO]: make_xprs_decoder, video/512x512/pixel=grey8/codec=H.265: H.265/SW/hevc, gray8[0m
[0m[38;2;000;000;255m[XprsDecoder][INFO]: Using H.265 SW decoder named 'hevc' (xprs::gray8 -> vrs::grey8)[0m
[0m[38;2;000;000;255m[TelemetryLogger][INFO]: make_xprs_decoder, video/512x512/pixel=grey8/codec=H.265: H.265/SW/hevc, gray8[0m
[0m[38;2;000;000;255m[XprsDecoder][INFO]: Using H.265 SW decoder named 'hevc' (xprs::gray8 -> vrs::grey8)[0m
[0m[38;2;000;000;255m[TelemetryLogger][INFO]: make_xprs_decoder, video/512x512/pixel=grey8/codec=H.265: H.265/SW/hevc, gray8[0m
[0m[2026-07-02T04:09:41.010] error: *** JOB 2154180 ON tcml-node5 CANCELLED AT 2026-07-02T04:09:41 DUE TO TIME LIMIT ***
