session,measurement,latency_ms
live_test_seed43_01,intention_inference,2.271582998218946
live_test_seed43_01,intention_inference,2.202042000135407
live_test_seed43_01,intention_inference,2.1798749985464383
live_test_seed43_01,intention_inference,2.476792000379646
live_test_seed43_01,intention_inference,2.6751660006993916
live_test_seed43_01,intention_inference,2.573499998106854
live_test_seed43_01,intention_inference,2.6302910009690095
live_test_seed43_01,intention_inference,2.822375001414912
live_test_seed43_01,intention_inference,3.1005840028228704
live_test_seed43_01,intention_inference,2.0053330008522607
live_test_seed43_01,intention_inference,2.1032500008004718
live_test_seed43_01,intention_inference,2.0315000001573935
live_test_seed43_01,intention_inference,2.700042001379188
live_test_seed43_01,intention_inference,2.6629170024534687
live_test_seed43_01,intention_inference,2.5116659999184776
live_test_seed43_01,intention_inference,2.113499998813495
live_test_seed43_01,intention_inference,2.40329200096312
live_test_seed43_01,intention_inference,2.6460829976713285
live_test_seed43_01,intention_inference,2.4686249998921994
live_test_seed43_01,intention_inference,1.8828329993993975
live_test_seed43_01,intention_inference,1.9596250022004824
live_test_seed43_01,intention_inference,1.9722919969353825
live_test_seed43_01,intention_inference,2.1307909992174245
live_test_seed43_01,intention_inference,2.181290998123586
live_test_seed43_01,intention_inference,2.0647079982154537
live_test_seed43_01,intention_inference,2.0450409974728245
live_test_seed43_01,intention_inference,2.0338750000519212
live_test_seed43_01,intention_inference,4.53041700166068
live_test_seed43_01,intention_inference,2.10045800122316
live_test_seed43_01,intention_inference,2.883875000406988
live_test_seed43_01,intention_inference,67.68091599951731
live_test_seed43_01,intention_inference,2.590500000223983
live_test_seed43_01,intention_inference,1.8108330004906747
live_test_seed43_01,intention_inference,2.504374999261927
live_test_seed43_01,intention_inference,2.776540997729171
live_test_seed43_01,intention_inference,10.187332998611964
live_test_seed43_01,intention_inference,2.6576249983918387
live_test_seed43_01,intention_inference,2.582499997515697
live_test_seed43_01,intention_inference,2.2652499974356033
live_test_seed43_01,intention_inference,2.402915997663513
live_test_seed43_01,intention_inference,2.077583001664607
live_test_seed43_01,intention_inference,2.27962500139256
live_test_seed43_01,intention_inference,1.8205000014859252
live_test_seed43_01,intention_inference,1.9419999989622738
live_test_seed43_01,intention_inference,2.1109160006744787
live_test_seed43_01,intention_inference,2.2309580017463304
live_test_seed43_01,intention_inference,10.932499997579725
live_test_seed43_01,intention_inference,1.9572920027712826
live_test_seed43_01,intention_inference,2.3975000003702007
live_test_seed43_01,intention_inference,2.196166999056004
live_test_seed43_01,intention_inference,2.3864579998189583
live_test_seed43_01,intention_inference,1.9927499997720588
live_test_seed43_01,intention_inference,2.4070839972409885
live_test_seed43_01,intention_inference,2.1950410009594634
live_test_seed43_01,intention_inference,2.131000001099892
live_test_seed43_01,intention_inference,2.1622909989673644
live_test_seed43_01,intention_inference,2.2645839999313466
live_test_seed43_01,intention_inference,2.172333999624243
live_test_seed43_01,intention_inference,2.2027080012776423
live_test_seed43_01,intention_inference,2.4969170008262154
live_test_seed43_01,intention_inference,1.8962499998451676
live_test_seed43_01,intention_inference,1.967917000001762
live_test_seed43_01,intention_inference,2.1870419986953493
live_test_seed43_01,intention_inference,2.2503330001200084
live_test_seed43_01,intention_inference,2.3936249999678694
live_test_seed43_01,intention_inference,2.5229590028175153
live_test_seed43_01,intention_inference,2.688417000172194
live_test_seed43_01,intention_inference,2.1546669995586853
live_test_seed43_01,intention_inference,2.5517499998386484
live_test_seed43_01,intention_inference,3.3021670024027117
live_test_seed43_01,intention_inference,2.231625003332738
live_test_seed43_01,intention_inference,3.10758300111047
live_test_seed43_01,intention_inference,2.7858329995069653
live_test_seed43_01,intention_inference,3.067500001634471
live_test_seed43_01,intention_inference,2.147208000678802
live_test_seed43_01,intention_inference,2.46612499904586
live_test_seed43_01,intention_inference,2.9805410013068467
live_test_seed43_01,intention_inference,2.118500000506174
live_test_seed43_01,intention_inference,2.1932080016995315
live_test_seed43_01,intention_inference,2.223625000624452
live_test_seed43_01,intention_inference,2.08737499997369
live_test_seed43_01,intention_inference,2.1518749999813735
live_test_seed43_01,intention_inference,2.148417002899805
live_test_seed43_01,intention_inference,3.2996669979183935
live_test_seed43_01,intention_inference,2.061834002233809
live_test_seed43_01,intention_inference,1.856999999290565
live_test_seed43_01,intention_inference,2.274333997775102
live_test_seed43_01,intention_inference,2.8692919986497145
live_test_seed43_01,intention_inference,2.073542000289308
live_test_seed43_01,intention_inference,2.1047910013294313
live_test_seed43_01,intention_inference,2.3460000011255033
live_test_seed43_01,intention_inference,2.022292002948234
live_test_seed43_01,intention_inference,2.212667001003865
live_test_seed43_01,intention_inference,2.3283330010599457
live_test_seed43_01,intention_inference,2.68487500215997
live_test_seed43_01,intention_inference,3.200167000613874
live_test_seed43_01,intention_inference,2.2927500031073578
live_test_seed43_01,intention_inference,2.2560829966096207
live_test_seed43_01,intention_inference,2.1009590018366
live_test_seed43_01,intention_inference,3.3584169977984857
live_test_seed43_01,intention_inference,2.484082997398218
live_test_seed43_01,intention_inference,2.5458749987592455
live_test_seed43_01,intention_inference,2.496666998922592
live_test_seed43_01,intention_inference,3.3417920021747705
live_test_seed43_01,intention_inference,1.828749998821877
live_test_seed43_01,intention_inference,3.0277920013759285
live_test_seed43_01,intention_inference,2.1830000005138572
live_test_seed43_01,intention_inference,2.330459003133001
live_test_seed43_01,intention_inference,2.1945000007690396
live_test_seed43_01,intention_inference,2.6266669992764946
live_test_seed43_01,intention_inference,2.1769999984826427
live_test_seed43_01,intention_inference,2.5574169994797558
live_test_seed43_01,intention_inference,2.281957997183781
live_test_seed43_01,intention_inference,2.3522920018876903
live_test_seed43_01,intention_inference,2.169917002902366
live_test_seed43_01,intention_inference,2.228541001386475
live_test_seed43_01,intention_inference,2.3992080023163
live_test_seed43_01,intention_inference,72.50741700045182
live_test_seed43_01,intention_inference,2.2389170007954817
live_test_seed43_01,intention_inference,2.298916002473561
live_test_seed43_01,intention_inference,2.2741249995306134
live_test_seed43_01,intention_inference,1.744249999319436
live_test_seed43_01,intention_inference,2.3396249998768326
live_test_seed43_01,intention_inference,2.521333000913728
live_test_seed43_01,intention_inference,2.274667000165209
live_test_seed43_01,intention_inference,3.085083000769373
live_test_seed43_01,intention_inference,3.6603329972422216
live_test_seed43_01,intention_inference,1.9062920000578742
live_test_seed43_01,intention_inference,2.3606670001754537
live_test_seed43_01,intention_inference,2.601292002509581
live_test_seed43_01,intention_inference,3.362249997735489
live_test_seed43_01,intention_inference,3.2604999978502747
live_test_seed43_01,intention_inference,2.2664169991912786
live_test_seed43_01,intention_inference,2.433667003060691
live_test_seed43_01,intention_inference,2.3119159995985683
live_test_seed43_01,intention_inference,2.6594580012897495
live_test_seed43_01,intention_inference,2.1941670020169113
live_test_seed43_01,intention_inference,3.2694159999664407
live_test_seed43_01,intention_inference,2.359666999836918
live_test_seed43_01,intention_inference,2.025999998295447
live_test_seed43_01,intention_inference,1.9779579997702967
live_test_seed43_01,intention_inference,2.2668750025331974
live_test_seed43_01,intention_inference,2.133125002728775
live_test_seed43_01,intention_inference,2.7027090000046883
live_test_seed43_01,intention_inference,75.44754199989256
live_test_seed43_01,intention_inference,2.2683329989376944
live_test_seed43_01,intention_inference,2.2178750004968606
live_test_seed43_01,intention_inference,1.903249998576939
live_test_seed43_01,intention_inference,2.120624998497078
live_test_seed43_01,intention_inference,2.1280830005707685
live_test_seed43_01,intention_inference,2.1599580031761434
live_test_seed43_01,intention_inference,2.0641670016630087
live_test_seed43_01,intention_inference,2.2957080000196584
live_test_seed43_01,intention_inference,2.297042003192473
live_test_seed43_01,intention_inference,2.102750000631204
live_test_seed43_01,intention_inference,2.762249998340849
live_test_seed43_01,intention_inference,2.4689999991096556
live_test_seed43_01,intention_inference,2.0962919988960493
live_test_seed43_01,intention_inference,2.237417000287678
live_test_seed43_01,intention_inference,2.379416997428052
live_test_seed43_01,intention_inference,2.445416997943539
live_test_seed43_01,intention_inference,2.2210830029507633
live_test_seed43_01,intention_inference,9.709584002848715
live_test_seed43_01,intention_inference,2.0503749983618036
live_test_seed43_01,intention_inference,2.57074999899487
live_test_seed43_01,intention_inference,9.056415998202283
live_test_seed43_01,intention_inference,3.372540999407647
live_test_seed43_01,intention_inference,2.2147089985082857
live_test_seed43_01,intention_inference,1.9841670000459999
live_test_seed43_01,intention_inference,2.465292000124464
live_test_seed43_01,intention_inference,2.5574999999662396
live_test_seed43_01,intention_inference,1.7862499989860225
live_test_seed43_01,intention_inference,2.4119589979818556
live_test_seed43_01,intention_inference,6.121915997937322
live_test_seed43_01,intention_inference,2.2165000009408686
live_test_seed43_01,intention_inference,2.5517080030112993
live_test_seed43_01,intention_inference,4.352832998847589
live_test_seed43_01,intention_inference,2.1609579998767003
live_test_seed43_01,intention_inference,2.214957999967737
live_test_seed43_01,intention_inference,2.514666997740278
live_test_seed43_01,intention_inference,2.607999998872401
live_test_seed43_01,intention_inference,2.2431669967772905
live_test_seed43_01,intention_inference,7.250583999848459
live_test_seed43_01,intention_inference,13.731458002439467
live_test_seed43_01,intention_inference,2.5362920023326296
live_test_seed43_01,intention_inference,2.050540999334771
live_test_seed43_01,intention_inference,2.986374998727115
live_test_seed43_01,intention_inference,2.5296249987150077
live_test_seed43_01,intention_inference,2.752791999228066
live_test_seed43_01,intention_inference,2.8504580004664604
live_test_seed43_01,intention_inference,2.1069579997856636
live_test_seed43_01,intention_inference,2.165291996789165
live_test_seed43_01,intention_inference,1.8949170007545035
live_test_seed43_01,intention_inference,2.2382909992302302
live_test_seed43_01,intention_inference,2.8022500009683426
live_test_seed43_01,intention_inference,2.3962500017660204
live_test_seed43_01,intention_inference,2.6233750031678937
live_test_seed43_01,intention_inference,2.0558750002237502
live_test_seed43_01,intention_inference,2.1073330026410986
live_test_seed43_01,intention_inference,2.2168330033309758
live_test_seed43_01,intention_inference,2.73058400125592
live_test_seed43_01,intention_inference,2.217707999079721
live_test_seed43_01,intention_inference,2.416791998257395
live_test_seed43_01,intention_inference,2.5499160001345444
live_test_seed43_01,intention_inference,2.349791000597179
live_test_seed43_01,intention_inference,2.212750001490349
live_test_seed43_01,intention_inference,2.1528750003199093
live_test_seed43_01,intention_inference,2.2184579975146335
live_test_seed43_01,intention_inference,2.590083000541199
live_test_seed43_01,intention_inference,2.270166001835605
live_test_seed43_01,intention_inference,2.749957999185426
live_test_seed43_01,intention_inference,2.517249999073101
live_test_seed43_01,intention_inference,2.4358750015380792
live_test_seed43_01,intention_inference,2.55408399971202
live_test_seed43_01,intention_inference,2.4574170020059682
live_test_seed43_01,intention_inference,3.07829200028209
live_test_seed43_01,intention_inference,2.784500000416301
live_test_seed43_01,intention_inference,2.5962500003515743
live_test_seed43_01,intention_inference,2.3321659973589703
live_test_seed43_01,intention_inference,1.8645419986569323
live_test_seed43_01,intention_inference,2.282375000504544
live_test_seed43_01,intention_inference,2.2591250017285347
live_test_seed43_01,intention_inference,2.2834160008642357
live_test_seed43_01,intention_inference,2.152542001567781
live_test_seed43_01,intention_inference,2.3649159993510693
live_test_seed43_01,intention_inference,6.5787080020527355
live_test_seed43_01,intention_inference,2.6585830019030254
live_test_seed43_01,intention_inference,2.3240839982463513
live_test_seed43_01,intention_inference,9.683667001809226
live_test_seed43_01,intention_inference,2.2066670026106294
live_test_seed43_01,intention_inference,2.4338750008610077
live_test_seed43_01,intention_inference,4.570624998450512
live_test_seed43_01,intention_inference,2.5242499978048727
live_test_seed43_01,intention_inference,2.282708002894651
live_test_seed43_01,intention_inference,2.25266699999338
live_test_seed43_01,intention_inference,2.261708999867551
live_test_seed43_01,intention_inference,2.186208999773953
live_test_seed43_01,intention_inference,1.9783749994530808
live_test_seed43_01,intention_inference,2.965083000162849
live_test_seed43_01,intention_inference,2.592749999166699
live_test_seed43_01,intention_inference,2.0709160016849637
live_test_seed43_01,intention_inference,3.2663339989085216
live_test_seed43_01,intention_inference,2.419915999780642
live_test_seed43_01,intention_inference,2.3123329992813524
live_test_seed43_01,intention_inference,2.253708000353072
live_test_seed43_01,intention_inference,2.8130829996371176
live_test_seed43_01,intention_inference,2.5651249998190906
live_test_seed43_01,intention_inference,3.1568749982398003
live_test_seed43_01,intention_inference,3.378375000465894
live_test_seed43_01,intention_inference,2.5522500000079162
live_test_seed43_01,intention_inference,2.5453750022279564
live_test_seed43_01,intention_inference,3.2987500017043203
live_test_seed43_01,intention_inference,1.9999169999209698
live_test_seed43_01,intention_inference,2.4622090022603516
live_test_seed43_01,intention_inference,2.8239160019438714
live_test_seed43_01,intention_inference,2.936834000138333
live_test_seed43_01,intention_inference,2.4277080010506324
live_test_seed43_01,intention_inference,2.85420799991698
live_test_seed43_01,intention_inference,2.6518750019022264
live_test_seed43_01,intention_inference,2.8831670024374034
live_test_seed43_01,intention_inference,2.437374998407904
live_test_seed43_01,intention_inference,4.091667000466259
live_test_seed43_01,intention_inference,2.6190000025962945
live_test_seed43_01,intention_inference,2.308833001734456
live_test_seed43_01,intention_inference,2.7157909971720073
live_test_seed43_01,intention_inference,2.6522080006543547
live_test_seed43_01,intention_inference,3.2255410005745944
live_test_seed43_01,intention_inference,2.76391599982162
live_test_seed43_01,intention_inference,2.7272919978713617
live_test_seed43_01,intention_inference,2.3751670014462434
live_test_seed43_01,intention_inference,2.0264580016373657
live_test_seed43_01,intention_inference,2.4630830012029037
live_test_seed43_01,intention_inference,2.211040999100078
live_test_seed43_01,intention_inference,2.032083000813145
live_test_seed43_01,intention_inference,2.538499997172039
live_test_seed43_01,intention_inference,3.7702090012317058
live_test_seed43_01,intention_inference,2.4204170003940817
live_test_seed43_01,intention_inference,2.9061660025035962
live_test_seed43_01,intention_inference,2.269832999445498
live_test_seed43_01,intention_inference,2.1447500002977904
live_test_seed43_01,intention_inference,2.953958999569295
live_test_seed43_01,intention_inference,2.816500000335509
live_test_seed43_01,intention_inference,2.741416999924695
live_test_seed43_01,intention_inference,1.9525829993654042
live_test_seed43_01,intention_inference,2.0428339994396083
live_test_seed43_01,intention_inference,2.3045000016281847
live_test_seed43_01,intention_inference,2.6190409989794716
live_test_seed43_01,intention_inference,2.2196249992703088
live_test_seed43_01,intention_inference,2.0684999981313013
live_test_seed43_01,intention_inference,2.4267910011985805
live_test_seed43_01,intention_inference,2.2040829971956555
live_test_seed43_01,intention_inference,71.18970800001989
live_test_seed43_01,intention_inference,2.153458000975661
live_test_seed43_01,intention_inference,2.614832999825012
live_test_seed43_01,intention_inference,2.392333000898361
live_test_seed43_01,intention_inference,2.3161250028351787
live_test_seed43_01,intention_inference,2.224375002697343
live_test_seed43_01,intention_inference,2.259000000776723
live_test_seed43_01,intention_inference,2.4255829994217493
live_test_seed43_01,intention_inference,2.2942499999771826
live_test_seed43_01,intention_inference,2.491750001354376
live_test_seed43_01,intention_inference,2.179584000259638
live_test_seed43_01,intention_inference,2.4718339991522953
live_test_seed43_01,intention_inference,2.5430419991607778
live_test_seed43_01,intention_inference,2.4034579982981086
live_test_seed43_01,intention_inference,2.2821669990662485
live_test_seed43_01,intention_inference,2.0632500018109567
live_test_seed43_01,intention_inference,2.2576249975827523
live_test_seed43_01,intention_inference,2.9618750013469253
live_test_seed43_01,intention_inference,1.9035839977732394
live_test_seed43_01,intention_inference,2.838165997673059
live_test_seed43_01,intention_inference,7.131625003239606
live_test_seed43_01,intention_inference,3.2107500010170043
live_test_seed43_01,intention_inference,2.1455419991980307
live_test_seed43_01,intention_inference,3.1917919986881316
live_test_seed43_01,intention_inference,2.837167001416674
live_test_seed43_01,intention_inference,2.4812919982650783
live_test_seed43_01,intention_inference,3.1436669996764977
live_test_seed43_01,intention_inference,69.03374999819789
live_test_seed43_01,intention_inference,2.2058329996070825
live_test_seed43_01,intention_inference,2.6697919965954497
live_test_seed43_01,intention_inference,2.834999999322463
live_test_seed43_01,intention_inference,2.264040998852579
live_test_seed43_01,intention_inference,2.0329999970272183
live_test_seed43_01,intention_inference,2.7619159991445486
live_test_seed43_01,intention_inference,2.3781250019965228
live_test_seed43_01,intention_inference,2.490833998308517
live_test_seed43_01,intention_inference,2.4778750012046658
live_test_seed43_01,intention_inference,3.9109999997890554
live_test_seed43_01,intention_inference,2.4444159971608315
live_test_seed43_01,intention_inference,3.265832998295082
live_test_seed43_01,intention_inference,2.6290419991710223
live_test_seed43_01,intention_inference,2.287209001224255
live_test_seed43_01,intention_inference,2.3063750013534445
live_test_seed43_01,intention_inference,2.696249997825362
live_test_seed43_01,intention_inference,2.1432499997899868
live_test_seed43_01,intention_inference,2.4681249997229315
live_test_seed43_01,intention_inference,2.292125001986278
live_test_seed43_01,intention_inference,2.0845409999310505
live_test_seed43_01,intention_inference,1.944542000273941
live_test_seed43_01,intention_inference,1.7910419992404059
live_test_seed43_01,intention_inference,2.563166999607347
live_test_seed43_01,intention_inference,2.35962499937159
live_test_seed43_01,intention_inference,1.9689999971888028
live_test_seed43_01,intention_inference,2.748291000898462
live_test_seed43_01,intention_inference,2.1249170022201724
live_test_seed43_01,intention_inference,2.431124998111045
live_test_seed43_01,intention_inference,2.410458000667859
live_test_seed43_01,intention_inference,2.286958999320632
live_test_seed43_01,intention_inference,2.028958999289898
live_test_seed43_01,intention_inference,2.2454579993791413
live_test_seed43_01,intention_inference,2.4941660012700595
live_test_seed43_01,intention_inference,2.771542000118643
live_test_seed43_01,intention_inference,2.3111250011425
live_test_seed43_01,intention_inference,1.9987499981652945
live_test_seed43_01,intention_inference,2.3589589982293546
live_test_seed43_01,intention_inference,1.909124999656342
live_test_seed43_01,intention_inference,2.1505000004253816
live_test_seed43_01,intention_inference,1.924416999827372
live_test_seed43_01,intention_inference,3.5399999978835694
live_test_seed43_01,intention_inference,2.6648339990060776
live_test_seed43_01,intention_inference,2.4195420010073576
live_test_seed43_01,intention_inference,75.44179199976497
live_test_seed43_01,intention_inference,2.4406250013271347
live_test_seed43_01,intention_inference,2.737958999205148
live_test_seed43_01,intention_inference,2.9541249969042838
live_test_seed43_01,intention_inference,2.0743329987453762
live_test_seed43_01,intention_inference,1.8958330001623835
live_test_seed43_01,intention_inference,2.242833998025162
live_test_seed43_01,intention_inference,2.574833000835497
live_test_seed43_01,intention_inference,2.2735419988748617
live_test_seed43_01,intention_inference,2.334583998162998
live_test_seed43_01,intention_inference,2.1247920012683608
live_test_seed43_01,intention_inference,1.84708300002967
live_test_seed43_01,intention_inference,2.1232500002952293
live_test_seed43_01,intention_inference,1.7632909984968137
live_test_seed43_01,intention_inference,2.0720419997815043
live_test_seed43_01,intention_inference,2.0608329978131223
live_test_seed43_01,intention_inference,2.1155829999770503
live_test_seed43_01,intention_inference,1.9714170011866372
live_test_seed43_01,intention_inference,2.480875002220273
live_test_seed43_01,intention_inference,2.2493749966088217
live_test_seed43_01,intention_inference,1.8741670028248336
live_test_seed43_01,intention_inference,1.880292002169881
live_test_seed43_01,intention_inference,2.179875002184417
live_test_seed43_01,intention_inference,2.7039579981646966
live_test_seed43_01,intention_inference,2.308957999048289
live_test_seed43_01,intention_inference,3.1795419999980368
live_test_seed43_01,intention_inference,2.0315830006438773
live_test_seed43_01,intention_inference,1.7749170001479797
live_test_seed43_01,intention_inference,1.8720410007517785
live_test_seed43_01,intention_inference,3.028458999324357
live_test_seed43_01,intention_inference,2.1102499995322432
live_test_seed43_01,intention_inference,1.9939589983550832
live_test_seed43_01,intention_inference,2.4196250014938414
live_test_seed43_01,intention_inference,1.9532500009518117
live_test_seed43_01,intention_inference,2.141832999768667
live_test_seed43_01,intention_inference,2.665625001100125
live_test_seed43_01,intention_inference,1.9611249990703072
live_test_seed43_01,intention_inference,1.924750002217479
live_test_seed43_01,intention_inference,2.144000001862878
live_test_seed43_01,intention_inference,2.0414999999047723
live_test_seed43_01,intention_inference,2.0233329996699467
live_test_seed43_01,intention_inference,2.0607080004992895
live_test_seed43_01,intention_inference,2.277499999763677
live_test_seed43_01,intention_inference,2.125999999407213
live_test_seed43_01,intention_inference,2.84654100323678
live_test_seed43_01,intention_inference,2.436416998534696
live_test_seed43_01,intention_inference,2.08283300162293
live_test_seed43_01,intention_inference,2.9874589999963064
live_test_seed43_01,intention_inference,2.255292001791531
live_test_seed43_01,intention_inference,1.8297079986950848
live_test_seed43_01,intention_inference,2.0579999982146546
live_test_seed43_01,intention_inference,1.8385000003036112
live_test_seed43_01,intention_inference,2.6095000030181836
live_test_seed43_01,intention_inference,2.5719170007505454
live_test_seed43_01,intention_inference,7.815500001015607
live_test_seed43_01,intention_inference,2.0778750003955793
live_test_seed43_01,intention_inference,2.237917000456946
live_test_seed43_01,intention_inference,2.11795900031575
live_test_seed43_01,intention_inference,1.999374999286374
live_test_seed43_01,intention_inference,2.670916001079604
live_test_seed43_01,intention_inference,2.159416999347741
live_test_seed43_01,intention_inference,1.9978329983132426
live_test_seed43_01,intention_inference,2.1362500010582153
live_test_seed43_01,intention_inference,2.2178340004757047
live_test_seed43_01,intention_inference,2.6078750015585683
live_test_seed43_01,intention_inference,1.9700829980138224
live_test_seed43_01,intention_inference,2.397915999608813
live_test_seed43_01,intention_inference,2.3953329982759897
live_test_seed43_01,intention_inference,2.7043330010201316
live_test_seed43_01,intention_inference,2.6913750007224735
live_test_seed43_01,intention_inference,2.2177080027177
live_test_seed43_01,intention_inference,2.2245840009418316
live_test_seed43_01,intention_inference,3.271042001870228
live_test_seed43_01,intention_inference,2.1223330004431773
live_test_seed43_01,intention_inference,1.9924579974031076
live_test_seed43_01,intention_inference,3.708042000653222
live_test_seed43_01,intention_inference,1.84162500227103
live_test_seed43_01,intention_inference,2.0854169997619465
live_test_seed43_01,intention_inference,1.9946249994973186
live_test_seed43_01,intention_inference,2.834333001374034
live_test_seed43_01,intention_inference,2.0230829977663234
live_test_seed43_01,intention_inference,2.422000001388369
live_test_seed43_01,intention_inference,1.9380829980946146
live_test_seed43_01,intention_inference,1.9132080014969688
live_test_seed43_01,intention_inference,2.5264169998990837
live_test_seed43_01,intention_inference,1.8463329979567789
live_test_seed43_01,intention_inference,2.304875000845641
live_test_seed43_01,intention_inference,1.9362500024726614
live_test_seed43_01,intention_inference,2.4415839980065357
live_test_seed43_01,intention_inference,2.3172910005087033
live_test_seed43_01,intention_inference,2.1675419993698597
live_test_seed43_01,intention_inference,2.1092919996590354
live_test_seed43_01,intention_inference,1.8775419994199183
live_test_seed43_01,intention_inference,2.0659590009017847
live_test_seed43_01,intention_inference,2.512333001504885
live_test_seed43_01,intention_inference,2.46020900158328
live_test_seed43_01,intention_inference,3.7071250008011702
live_test_seed43_01,intention_inference,1.965291998203611
live_test_seed43_01,intention_inference,2.0939169990015216
live_test_seed43_01,intention_inference,68.61270900117233
live_test_seed43_01,intention_inference,2.0432909986993764
live_test_seed43_01,intention_inference,2.372291000938276
live_test_seed43_01,intention_inference,2.6644999998097774
live_test_seed43_01,intention_inference,2.3181670003395993
live_test_seed43_01,intention_inference,1.875833000667626
live_test_seed43_01,intention_inference,2.236541000456782
live_test_seed43_01,intention_inference,3.630416998930741
live_test_seed43_01,intention_inference,3.113792001386173
live_test_seed43_01,intention_inference,2.4649170009070076
live_test_seed43_01,intention_inference,1.9242079979449045
live_test_seed43_01,intention_inference,1.9065000014961697
live_test_seed43_01,intention_inference,2.060582999547478
live_test_seed43_01,intention_inference,2.055500001006294
live_test_seed43_01,intention_inference,2.250124998681713
live_test_seed43_01,intention_inference,2.9744999992544763
live_test_seed43_01,intention_inference,2.170583000406623
live_test_seed43_01,intention_inference,2.2394999978132546
live_test_seed43_01,intention_inference,2.053749998594867
live_test_seed43_01,intention_inference,1.9681659978232346
live_test_seed43_01,intention_inference,2.2556250005436596
live_test_seed43_01,intention_inference,2.746041998761939
live_test_seed43_01,intention_inference,1.7971660017792601
live_test_seed43_01,intention_inference,2.1239170018816367
live_test_seed43_01,intention_inference,2.2296669994830154
live_test_seed43_01,intention_inference,2.25312499969732
live_test_seed43_01,intention_inference,2.2007500010658987
live_test_seed43_01,intention_inference,3.224833999411203
live_test_seed43_01,intention_inference,2.084749998175539
live_test_seed43_01,intention_inference,6.91745800213539
live_test_seed43_01,intention_inference,2.4608749990875367
live_test_seed43_01,intention_inference,2.446915998007171
live_test_seed43_01,intention_inference,1.8268329986312892
live_test_seed43_01,intention_inference,2.432040997518925
live_test_seed43_01,intention_inference,2.2171669988892972
live_test_seed43_01,intention_inference,2.455167003063252
live_test_seed43_01,intention_inference,3.0310419970192015
live_test_seed43_01,intention_inference,1.9757090012717526
live_test_seed43_01,intention_inference,2.30537499737693
live_test_seed43_01,intention_inference,2.1258339984342456
live_test_seed43_01,intention_inference,2.108624998072628
live_test_seed43_01,intention_inference,2.4192090022552293
live_test_seed43_01,intention_inference,2.45845800236566
live_test_seed43_01,intention_inference,2.723959001741605
live_test_seed43_01,intention_inference,2.0315000001573935
live_test_seed43_01,intention_inference,2.8044999999110587
live_test_seed43_01,intention_inference,2.1743340003013145
live_test_seed43_01,intention_inference,2.021833999606315
live_test_seed43_01,intention_inference,2.650625003298046
live_test_seed43_01,intention_inference,2.5131669972324744
live_test_seed43_01,intention_inference,2.4475409991282504
live_test_seed43_01,intention_inference,1.7454170010751113
live_test_seed43_01,intention_inference,2.1147080005903263
live_test_seed43_01,intention_inference,2.0373330007714685
live_test_seed43_01,intention_inference,2.0081250004295725
live_test_seed43_01,intention_inference,1.9552080011635553
live_test_seed43_01,intention_inference,2.6092090010934044
live_test_seed43_01,intention_inference,2.41716700111283
live_test_seed43_01,intention_inference,2.464749999489868
live_test_seed43_01,intention_inference,2.8370839972922113
live_test_seed43_01,intention_inference,2.3639159990125336
live_test_seed43_01,intention_inference,2.348333000554703
live_test_seed43_01,intention_inference,2.2556670010089874
live_test_seed43_01,intention_inference,2.0329580001998693
live_test_seed43_01,intention_inference,2.4820409998937976
live_test_seed43_01,intention_inference,2.4214170007326175
live_test_seed43_01,intention_inference,2.2085000018705614
live_test_seed43_01,intention_inference,2.357792000111658
live_test_seed43_01,intention_inference,2.0791249989997596
live_test_seed43_01,intention_inference,2.42574999720091
live_test_seed43_01,intention_inference,2.597333001176594
live_test_seed43_01,intention_inference,2.530750000005355
live_test_seed43_01,intention_inference,2.815124997141538
live_test_seed43_01,intention_inference,2.6236250014335383
live_test_seed43_01,intention_inference,2.0059999988006894
live_test_seed43_01,intention_inference,2.04200000007404
live_test_seed43_01,intention_inference,2.1770000021206215
live_test_seed43_01,intention_inference,2.1043339984316844
live_test_seed43_01,intention_inference,1.924874999531312
live_test_seed43_01,intention_inference,2.254958999401424
live_test_seed43_01,intention_inference,2.3220410002977587
live_test_seed43_01,intention_inference,3.2343340026272926
live_test_seed43_01,intention_inference,1.9142919991281815
live_test_seed43_01,intention_inference,2.03220899857115
live_test_seed43_01,intention_inference,1.7964999969990458
live_test_seed43_01,intention_inference,2.5704590007080697
live_test_seed43_01,intention_inference,2.4857079988578334
live_test_seed43_01,intention_inference,2.4969999976747204
live_test_seed43_01,intention_inference,2.291374999913387
live_test_seed43_01,intention_inference,2.170499999920139
live_test_seed43_01,intention_inference,2.1114590017532464
live_test_seed43_01,intention_inference,2.858249998098472
live_test_seed43_01,intention_inference,2.4244999985967297
live_test_seed43_01,intention_inference,2.4160829998436384
live_test_seed43_01,intention_inference,2.2116250002000015
live_test_seed43_01,intention_inference,1.8812920025084168
live_test_seed43_01,intention_inference,2.2300839991657995
live_test_seed43_01,intention_inference,2.234667001175694
live_test_seed43_01,intention_inference,2.0045000019308645
live_test_seed43_01,intention_inference,2.276916999107925
live_test_seed43_01,intention_inference,5.460125001263805
live_test_seed43_01,intention_inference,1.703334000922041
live_test_seed43_01,intention_inference,2.483542000845773
live_test_seed43_01,intention_inference,2.4478749983245507
live_test_seed43_01,intention_inference,2.627415997267235
live_test_seed43_01,intention_inference,2.729332998569589
live_test_seed43_01,intention_inference,2.921625000453787
live_test_seed43_01,intention_inference,2.2025830003258307
live_test_seed43_01,intention_inference,1.8877500006055925
live_test_seed43_01,intention_inference,2.3398329976771493
live_test_seed43_01,intention_inference,3.01904200023273
live_test_seed43_01,intention_inference,2.5659999992058147
live_test_seed43_01,intention_inference,2.100999998219777
live_test_seed43_01,intention_inference,2.1286669980327133
live_test_seed43_01,intention_inference,2.2681250011373777
live_test_seed43_01,intention_inference,2.353416999540059
live_test_seed43_01,intention_inference,2.797124998323852
live_test_seed43_01,intention_inference,1.9790000005741604
live_test_seed43_01,intention_inference,2.166834001400275
live_test_seed43_01,intention_inference,2.2102910006651655
live_test_seed43_01,intention_inference,3.088249999564141
live_test_seed43_01,intention_inference,2.5651670002844185
live_test_seed43_01,intention_inference,2.657582997926511
live_test_seed43_01,intention_inference,2.4334580011782236
live_test_seed43_01,intention_inference,2.2124170027382206
live_test_seed43_01,intention_inference,2.298666997376131
live_test_seed43_01,intention_inference,3.1670830030634534
live_test_seed43_01,intention_inference,2.5121250000665896
live_test_seed43_01,intention_inference,2.137333998689428
live_test_seed43_01,intention_inference,2.345375000004424
live_test_seed43_01,intention_inference,2.215417000115849
live_test_seed43_01,intention_inference,2.4591250003140885
live_test_seed43_01,intention_inference,2.612500000395812
live_test_seed43_01,intention_inference,2.0093750026717316
live_test_seed43_01,intention_inference,3.005125003255671
live_test_seed43_01,intention_inference,1.7898330006573815
live_test_seed43_01,intention_inference,2.6270839989592787
live_test_seed43_01,intention_inference,1.9192090003343765
live_test_seed43_01,intention_inference,66.26125000184402
live_test_seed43_01,intention_inference,1.9900839979527518
live_test_seed43_01,intention_inference,2.2072499996284023
live_test_seed43_01,intention_inference,1.9062499995925464
live_test_seed43_01,intention_inference,2.5152920024993364
live_test_seed43_01,intention_inference,1.886583002487896
live_test_seed43_01,intention_inference,2.093291997880442
live_test_seed43_01,intention_inference,1.921708000736544
live_test_seed43_01,intention_inference,2.0592500004568137
live_test_seed43_01,intention_inference,2.085666998027591
live_test_seed43_01,intention_inference,3.13816700145253
live_test_seed43_01,intention_inference,1.9147499988321215
live_test_seed43_01,intention_inference,10.871250000491273
live_test_seed43_01,intention_inference,1.9277499995951075
live_test_seed43_01,intention_inference,2.14445900201099
live_test_seed43_01,intention_inference,2.5225419994967524
live_test_seed43_01,intention_inference,2.122417001373833
live_test_seed43_01,intention_inference,2.564459002314834
live_test_seed43_01,intention_inference,2.019166000536643
live_test_seed43_01,intention_inference,6.690083999274066
live_test_seed43_01,intention_inference,2.2816250020696316
live_test_seed43_01,intention_inference,2.067666999209905
live_test_seed43_01,intention_inference,2.352540999709163
live_test_seed43_01,intention_inference,64.00662499800092
live_test_seed43_01,intention_inference,2.217833996837726
live_test_seed43_01,intention_inference,1.9792919993051328
live_test_seed43_01,intention_inference,2.272999998240266
live_test_seed43_01,intention_inference,1.9723749974218663
live_test_seed43_01,intention_inference,3.6710419990413357
live_test_seed43_01,intention_inference,2.3504999990109354
live_test_seed43_01,intention_inference,2.9977080012031365
live_test_seed43_01,intention_inference,2.699167001992464
live_test_seed43_01,intention_inference,2.328624999790918
live_test_seed43_01,intention_inference,9.138458997767884
live_test_seed43_01,intention_inference,3.156083999783732
live_test_seed43_01,intention_inference,2.480082999682054
live_test_seed43_01,intention_inference,3.803040999628138
live_test_seed43_01,intention_inference,2.2328330014715903
live_test_seed43_01,intention_inference,2.0853339992754627
live_test_seed43_01,intention_inference,2.305292000528425
live_test_seed43_01,intention_inference,2.376208998612128
live_test_seed43_01,intention_inference,2.142291999916779
live_test_seed43_01,intention_inference,2.165541998692788
live_test_seed43_01,intention_inference,2.2301249991869554
live_test_seed43_01,intention_inference,2.6315830000385176
live_test_seed43_01,intention_inference,2.4537500030419324
live_test_seed43_01,intention_inference,2.081999999063555
live_test_seed43_01,intention_inference,1.9062499995925464
live_test_seed43_01,intention_inference,2.405040999292396
live_test_seed43_01,intention_inference,2.286415998241864
live_test_seed43_01,intention_inference,2.1625830013363156
live_test_seed43_01,intention_inference,2.2574579998035915
live_test_seed43_01,intention_inference,2.4959589973150287
live_test_seed43_01,intention_inference,7.485499998438172
live_test_seed43_01,intention_inference,2.2972920014581177
live_test_seed43_01,intention_inference,2.238375000160886
live_test_seed43_01,intention_inference,2.111292000336107
live_test_seed43_01,intention_inference,1.9231250007578637
live_test_seed43_01,intention_inference,2.0221659979142714
live_test_seed43_01,intention_inference,2.1536250023928005
live_test_seed43_01,intention_inference,2.908208000008017
live_test_seed43_01,intention_inference,2.129291999153793
live_test_seed43_01,intention_inference,2.149750001990469
live_test_seed43_01,intention_inference,1.9342499981576111
live_test_seed43_01,intention_inference,1.905458000692306
live_test_seed43_01,intention_inference,3.125041999737732
live_test_seed43_01,intention_inference,1.922999999806052
live_test_seed43_01,intention_inference,2.984500002639834
live_test_seed43_01,intention_inference,2.0076670007256325
live_test_seed43_01,intention_inference,2.2521249993587844
live_test_seed43_01,intention_inference,2.1690829998988193
live_test_seed43_01,intention_inference,2.324625002074754
live_test_seed43_01,intention_inference,2.229832996818004
live_test_seed43_01,intention_inference,2.107291998981964
live_test_seed43_01,intention_inference,2.323249998880783
live_test_seed43_01,intention_inference,2.2202500003913883
live_test_seed43_01,intention_inference,1.8312920001335442
live_test_seed43_01,intention_inference,2.174583001760766
live_test_seed43_01,intention_inference,2.4749590011197142
live_test_seed43_01,intention_inference,1.8896250003308523
live_test_seed43_01,intention_inference,1.9952910006395541
live_test_seed43_01,intention_inference,1.876750000519678
live_test_seed43_01,intention_inference,2.7578749977692496
live_test_seed43_01,intention_inference,2.1061660008854233
live_test_seed43_01,intention_inference,2.1727079983975273
live_test_seed43_01,intention_inference,2.1488329985004384
live_test_seed43_01,intention_inference,2.172790998884011
live_test_seed43_01,intention_inference,2.52037500104052
live_test_seed43_01,intention_inference,2.8669589992205147
live_test_seed43_01,intention_inference,3.286709001258714
live_test_seed43_01,intention_inference,2.2481659980257973
live_test_seed43_01,intention_inference,2.138625000952743
live_test_seed43_01,intention_inference,1.9537500011210795
live_test_seed43_01,intention_inference,1.9974169990746304
live_test_seed43_01,intention_inference,2.5549579986545723
live_test_seed43_01,intention_inference,2.132375000655884
live_test_seed43_01,intention_inference,2.1737500028393697
live_test_seed43_01,intention_inference,2.0799580015591346
live_test_seed43_01,intention_inference,1.8928329991467763
live_test_seed43_01,intention_inference,2.249625002150424
live_test_seed43_01,intention_inference,2.2484170003735926
live_test_seed43_01,intention_inference,2.3980840014701243
live_test_seed43_01,intention_inference,2.5817089990596287
live_test_seed43_01,intention_inference,2.4604579994047526
live_test_seed43_01,intention_inference,2.2861670004203916
live_test_seed43_01,intention_inference,2.171959000406787
live_test_seed43_01,intention_inference,1.9677500022226013
live_test_seed43_01,intention_inference,2.0839589997194707
live_test_seed43_01,intention_inference,1.8799999998009298
live_test_seed43_01,intention_inference,2.158832998247817
live_test_seed43_01,intention_inference,5.830624999362044
live_test_seed43_01,intention_inference,2.334958000574261
live_test_seed43_01,intention_inference,2.7852920029545203
live_test_seed43_01,intention_inference,16.000540999812074
live_test_seed43_01,intention_inference,2.730167001573136
live_test_seed43_01,intention_inference,2.4725830007810146
live_test_seed43_01,intention_inference,3.373999999894295
live_test_seed43_01,intention_inference,2.473374999681255
live_test_seed43_01,intention_inference,2.850249999028165
live_test_seed43_01,intention_inference,2.7524170000106096
live_test_seed43_01,intention_inference,2.5789589999476448
live_test_seed43_01,intention_inference,2.682207999896491
live_test_seed43_01,intention_inference,1.795000000129221
live_test_seed43_01,intention_inference,1.9294170015200507
live_test_seed43_01,intention_inference,1.7952079979295377
live_test_seed43_01,pose_inference,2.018667000811547
live_test_seed43_01,pose_inference,1.9539160020940471
live_test_seed43_01,pose_inference,1.7261670000152662
live_test_seed43_01,pose_inference,1.8240829995193053
live_test_seed43_01,pose_inference,2.17999999949825
live_test_seed43_01,pose_inference,1.8163329987146426
live_test_seed43_01,pose_inference,1.9475000008242205
live_test_seed43_01,pose_inference,1.8684999995457474
live_test_seed43_01,pose_inference,2.580125001259148
live_test_seed43_01,pose_inference,1.7706670005281921
live_test_seed43_01,pose_inference,1.656208001804771
live_test_seed43_01,pose_inference,1.8217500000901055
live_test_seed43_01,pose_inference,1.704667000012705
live_test_seed43_01,pose_inference,1.8431250027788337
live_test_seed43_01,pose_inference,1.9357500023033936
live_test_seed43_01,pose_inference,2.394332997937454
live_test_seed43_01,pose_inference,1.6766660010034684
live_test_seed43_01,pose_inference,2.1937080018687993
live_test_seed43_01,pose_inference,1.7430420011805836
live_test_seed43_01,pose_inference,1.609499999176478
live_test_seed43_01,pose_inference,2.56904200068675
live_test_seed43_01,pose_inference,1.7501670008641668
live_test_seed43_01,pose_inference,2.5450419998378493
live_test_seed43_01,pose_inference,1.8766249995678663
live_test_seed43_01,pose_inference,1.79625000237138
live_test_seed43_01,pose_inference,1.7201250011567026
live_test_seed43_01,pose_inference,2.6612499968905468
live_test_seed43_01,pose_inference,2.0646670018322766
live_test_seed43_01,pose_inference,1.7924169987963978
live_test_seed43_01,pose_inference,2.2228340021683834
live_test_seed43_01,pose_inference,1.924041996971937
live_test_seed43_01,pose_inference,2.39112499912153
live_test_seed43_01,pose_inference,2.1079580001241993
live_test_seed43_01,pose_inference,2.781957999104634
live_test_seed43_01,pose_inference,1.8342920011491515
live_test_seed43_01,pose_inference,1.9669169996632263
live_test_seed43_01,pose_inference,1.8369579993304797
live_test_seed43_01,pose_inference,3.220874998078216
live_test_seed43_01,pose_inference,2.49450000046636
live_test_seed43_01,pose_inference,2.2803330030001234
live_test_seed43_01,pose_inference,1.7923340019478928
live_test_seed43_01,pose_inference,2.280583001265768
live_test_seed43_01,pose_inference,2.0899589981127065
live_test_seed43_01,pose_inference,2.151332999346778
live_test_seed43_01,pose_inference,1.5432499967573676
live_test_seed43_01,pose_inference,1.4699159983138088
live_test_seed43_01,pose_inference,1.5979999989212956
live_test_seed43_01,pose_inference,1.8065000003844034
live_test_seed43_01,pose_inference,1.5634579976904206
live_test_seed43_01,pose_inference,1.6562919990974478
live_test_seed43_01,pose_inference,2.0464170011109672
live_test_seed43_01,pose_inference,1.7161249998025596
live_test_seed43_01,pose_inference,1.7182500014314428
live_test_seed43_01,pose_inference,1.9610420022218022
live_test_seed43_01,pose_inference,1.9381660022190772
live_test_seed43_01,pose_inference,1.923582996823825
live_test_seed43_01,pose_inference,1.6659159991831984
live_test_seed43_01,pose_inference,2.5305829985882156
live_test_seed43_01,pose_inference,2.4551669994252734
live_test_seed43_01,pose_inference,1.6838749979797285
live_test_seed43_01,pose_inference,1.6744580025260802
live_test_seed43_01,pose_inference,1.7785000018193386
live_test_seed43_01,pose_inference,1.598250000824919
live_test_seed43_01,pose_inference,1.972375001059845
live_test_seed43_01,pose_inference,1.6610839993518312
live_test_seed43_01,pose_inference,1.8534590017225128
live_test_seed43_01,pose_inference,1.6805420018499717
live_test_seed43_01,pose_inference,1.6560830008529592
live_test_seed43_01,pose_inference,2.190208000683924
live_test_seed43_01,pose_inference,2.3900420019344892
live_test_seed43_01,pose_inference,1.5824580004846212
live_test_seed43_01,pose_inference,1.7395409995515365
live_test_seed43_01,pose_inference,1.5446670004166663
live_test_seed43_01,pose_inference,1.769792001141468
live_test_seed43_01,feature_to_output,3.237084
live_test_seed43_01,feature_to_output,2.711708
live_test_seed43_01,feature_to_output,2.812459
live_test_seed43_01,feature_to_output,3.120458
live_test_seed43_01,feature_to_output,3.444333
live_test_seed43_01,feature_to_output,5.319292
live_test_seed43_01,feature_to_output,5.225375
live_test_seed43_01,feature_to_output,3.412042
live_test_seed43_01,feature_to_output,4.44775
live_test_seed43_01,feature_to_output,2.5025
live_test_seed43_01,feature_to_output,2.633458
live_test_seed43_01,feature_to_output,2.819167
live_test_seed43_01,feature_to_output,3.2475
live_test_seed43_01,feature_to_output,4.444791
live_test_seed43_01,feature_to_output,3.188458
live_test_seed43_01,feature_to_output,2.815917
live_test_seed43_01,feature_to_output,3.016875
live_test_seed43_01,feature_to_output,3.286
live_test_seed43_01,feature_to_output,3.232166
live_test_seed43_01,feature_to_output,2.402875
live_test_seed43_01,feature_to_output,2.447459
live_test_seed43_01,feature_to_output,2.878167
live_test_seed43_01,feature_to_output,2.678125
live_test_seed43_01,feature_to_output,2.986083
live_test_seed43_01,feature_to_output,2.581875
live_test_seed43_01,feature_to_output,2.519292
live_test_seed43_01,feature_to_output,2.773042
live_test_seed43_01,feature_to_output,5.523833
live_test_seed43_01,feature_to_output,2.973042
live_test_seed43_01,feature_to_output,4.393958
live_test_seed43_01,feature_to_output,68.357291
live_test_seed43_01,feature_to_output,3.638708
live_test_seed43_01,feature_to_output,2.6375
live_test_seed43_01,feature_to_output,3.148042
live_test_seed43_01,feature_to_output,3.488416
live_test_seed43_01,feature_to_output,10.986666
live_test_seed43_01,feature_to_output,3.560666
live_test_seed43_01,feature_to_output,4.17675
live_test_seed43_01,feature_to_output,2.739875
live_test_seed43_01,feature_to_output,2.850166
live_test_seed43_01,feature_to_output,2.771875
live_test_seed43_01,feature_to_output,2.8435
live_test_seed43_01,feature_to_output,2.547333
live_test_seed43_01,feature_to_output,2.611292
live_test_seed43_01,feature_to_output,2.719916
live_test_seed43_01,feature_to_output,3.185875
live_test_seed43_01,feature_to_output,11.589459
live_test_seed43_01,feature_to_output,2.701375
live_test_seed43_01,feature_to_output,3.18525
live_test_seed43_01,feature_to_output,2.769333
live_test_seed43_01,feature_to_output,3.2055
live_test_seed43_01,feature_to_output,2.717792
live_test_seed43_01,feature_to_output,3.129333
live_test_seed43_01,feature_to_output,2.866042
live_test_seed43_01,feature_to_output,2.880625
live_test_seed43_01,feature_to_output,2.973958
live_test_seed43_01,feature_to_output,2.790459
live_test_seed43_01,feature_to_output,3.044167
live_test_seed43_01,feature_to_output,2.746708
live_test_seed43_01,feature_to_output,3.082416
live_test_seed43_01,feature_to_output,2.574708
live_test_seed43_01,feature_to_output,2.920167
live_test_seed43_01,feature_to_output,2.722959
live_test_seed43_01,feature_to_output,4.368584
live_test_seed43_01,feature_to_output,3.155875
live_test_seed43_01,feature_to_output,3.129417
live_test_seed43_01,feature_to_output,3.28425
live_test_seed43_01,feature_to_output,2.993583
live_test_seed43_01,feature_to_output,3.205
live_test_seed43_01,feature_to_output,3.854792
live_test_seed43_01,feature_to_output,2.963833
live_test_seed43_01,feature_to_output,3.759667
live_test_seed43_01,feature_to_output,3.540959
live_test_seed43_01,feature_to_output,3.725167
live_test_seed43_01,feature_to_output,2.880375
live_test_seed43_01,feature_to_output,4.393917
live_test_seed43_01,feature_to_output,68.623875
live_test_seed43_01,feature_to_output,2.909583
live_test_seed43_01,feature_to_output,2.930542
live_test_seed43_01,feature_to_output,2.993834
live_test_seed43_01,feature_to_output,2.796334
live_test_seed43_01,feature_to_output,4.43875
live_test_seed43_01,feature_to_output,4.727292
live_test_seed43_01,feature_to_output,73.899875
live_test_seed43_01,feature_to_output,4.814541
live_test_seed43_01,feature_to_output,4.456334
live_test_seed43_01,feature_to_output,4.957833
live_test_seed43_01,feature_to_output,7.072958
live_test_seed43_01,feature_to_output,4.484291
live_test_seed43_01,feature_to_output,4.507084
live_test_seed43_01,feature_to_output,4.895416
live_test_seed43_01,feature_to_output,4.479042
live_test_seed43_01,feature_to_output,4.909083
live_test_seed43_01,feature_to_output,5.023459
live_test_seed43_01,feature_to_output,5.991167
live_test_seed43_01,feature_to_output,5.718709
live_test_seed43_01,feature_to_output,5.091875
live_test_seed43_01,feature_to_output,4.523333
live_test_seed43_01,feature_to_output,4.532125
live_test_seed43_01,feature_to_output,4.199708
live_test_seed43_01,feature_to_output,3.526709
live_test_seed43_01,feature_to_output,3.1065
live_test_seed43_01,feature_to_output,3.552084
live_test_seed43_01,feature_to_output,7.118625
live_test_seed43_01,feature_to_output,4.288334
live_test_seed43_01,feature_to_output,6.265584
live_test_seed43_01,feature_to_output,4.664125
live_test_seed43_01,feature_to_output,5.018291
live_test_seed43_01,feature_to_output,4.466208
live_test_seed43_01,feature_to_output,7.561875
live_test_seed43_01,feature_to_output,4.879375
live_test_seed43_01,feature_to_output,3.219708
live_test_seed43_01,feature_to_output,3.087791
live_test_seed43_01,feature_to_output,3.454792
live_test_seed43_01,feature_to_output,2.990667
live_test_seed43_01,feature_to_output,3.086
live_test_seed43_01,feature_to_output,3.207708
live_test_seed43_01,feature_to_output,73.382833
live_test_seed43_01,feature_to_output,2.988291
live_test_seed43_01,feature_to_output,2.783292
live_test_seed43_01,feature_to_output,3.02925
live_test_seed43_01,feature_to_output,2.308708
live_test_seed43_01,feature_to_output,3.207625
live_test_seed43_01,feature_to_output,3.423334
live_test_seed43_01,feature_to_output,2.795917
live_test_seed43_01,feature_to_output,4.081708
live_test_seed43_01,feature_to_output,5.043834
live_test_seed43_01,feature_to_output,2.978458
live_test_seed43_01,feature_to_output,3.136291
live_test_seed43_01,feature_to_output,3.117125
live_test_seed43_01,feature_to_output,4.55425
live_test_seed43_01,feature_to_output,5.089834
live_test_seed43_01,feature_to_output,4.70775
live_test_seed43_01,feature_to_output,5.208417
live_test_seed43_01,feature_to_output,4.935458
live_test_seed43_01,feature_to_output,6.192666
live_test_seed43_01,feature_to_output,5.214875
live_test_seed43_01,feature_to_output,7.984167
live_test_seed43_01,feature_to_output,4.893959
live_test_seed43_01,feature_to_output,4.7285
live_test_seed43_01,feature_to_output,2.471333
live_test_seed43_01,feature_to_output,2.874166
live_test_seed43_01,feature_to_output,2.855458
live_test_seed43_01,feature_to_output,3.274958
live_test_seed43_01,feature_to_output,76.201958
live_test_seed43_01,feature_to_output,2.734292
live_test_seed43_01,feature_to_output,2.911292
live_test_seed43_01,feature_to_output,2.494833
live_test_seed43_01,feature_to_output,2.741
live_test_seed43_01,feature_to_output,2.761125
live_test_seed43_01,feature_to_output,2.839542
live_test_seed43_01,feature_to_output,2.537042
live_test_seed43_01,feature_to_output,2.821292
live_test_seed43_01,feature_to_output,2.806542
live_test_seed43_01,feature_to_output,2.684042
live_test_seed43_01,feature_to_output,3.250667
live_test_seed43_01,feature_to_output,3.153416
live_test_seed43_01,feature_to_output,2.746167
live_test_seed43_01,feature_to_output,2.731167
live_test_seed43_01,feature_to_output,3.119291
live_test_seed43_01,feature_to_output,3.016625
live_test_seed43_01,feature_to_output,2.73625
live_test_seed43_01,feature_to_output,10.943959
live_test_seed43_01,feature_to_output,2.753209
live_test_seed43_01,feature_to_output,3.427167
live_test_seed43_01,feature_to_output,10.323791
live_test_seed43_01,feature_to_output,4.297541
live_test_seed43_01,feature_to_output,3.106875
live_test_seed43_01,feature_to_output,2.479458
live_test_seed43_01,feature_to_output,3.760167
live_test_seed43_01,feature_to_output,3.450875
live_test_seed43_01,feature_to_output,2.239375
live_test_seed43_01,feature_to_output,3.071042
live_test_seed43_01,feature_to_output,7.578125
live_test_seed43_01,feature_to_output,2.850208
live_test_seed43_01,feature_to_output,3.431333
live_test_seed43_01,feature_to_output,5.346583
live_test_seed43_01,feature_to_output,3.012292
live_test_seed43_01,feature_to_output,2.881333
live_test_seed43_01,feature_to_output,3.442416
live_test_seed43_01,feature_to_output,3.752416
live_test_seed43_01,feature_to_output,2.698292
live_test_seed43_01,feature_to_output,8.695709
live_test_seed43_01,feature_to_output,14.723375
live_test_seed43_01,feature_to_output,3.961625
live_test_seed43_01,feature_to_output,2.527458
live_test_seed43_01,feature_to_output,4.433291
live_test_seed43_01,feature_to_output,3.551917
live_test_seed43_01,feature_to_output,3.615833
live_test_seed43_01,feature_to_output,3.937291
live_test_seed43_01,feature_to_output,2.8225
live_test_seed43_01,feature_to_output,2.747875
live_test_seed43_01,feature_to_output,2.651917
live_test_seed43_01,feature_to_output,3.031166
live_test_seed43_01,feature_to_output,3.558875
live_test_seed43_01,feature_to_output,3.158625
live_test_seed43_01,feature_to_output,4.925667
live_test_seed43_01,feature_to_output,2.786792
live_test_seed43_01,feature_to_output,2.87675
live_test_seed43_01,feature_to_output,2.956958
live_test_seed43_01,feature_to_output,3.648959
live_test_seed43_01,feature_to_output,2.910625
live_test_seed43_01,feature_to_output,3.216042
live_test_seed43_01,feature_to_output,3.126333
live_test_seed43_01,feature_to_output,3.016125
live_test_seed43_01,feature_to_output,2.712792
live_test_seed43_01,feature_to_output,2.676416
live_test_seed43_01,feature_to_output,2.894541
live_test_seed43_01,feature_to_output,3.092916
live_test_seed43_01,feature_to_output,2.965625
live_test_seed43_01,feature_to_output,5.183334
live_test_seed43_01,feature_to_output,3.031458
live_test_seed43_01,feature_to_output,3.1565
live_test_seed43_01,feature_to_output,3.036041
live_test_seed43_01,feature_to_output,2.9405
live_test_seed43_01,feature_to_output,3.652958
live_test_seed43_01,feature_to_output,3.644541
live_test_seed43_01,feature_to_output,3.403625
live_test_seed43_01,feature_to_output,3.03
live_test_seed43_01,feature_to_output,2.564583
live_test_seed43_01,feature_to_output,2.789083
live_test_seed43_01,feature_to_output,3.136958
live_test_seed43_01,feature_to_output,3.0345
live_test_seed43_01,feature_to_output,2.707417
live_test_seed43_01,feature_to_output,3.120333
live_test_seed43_01,feature_to_output,7.3235
live_test_seed43_01,feature_to_output,3.386125
live_test_seed43_01,feature_to_output,3.15725
live_test_seed43_01,feature_to_output,10.353083
live_test_seed43_01,feature_to_output,2.737667
live_test_seed43_01,feature_to_output,3.14675
live_test_seed43_01,feature_to_output,5.845875
live_test_seed43_01,feature_to_output,4.562375
live_test_seed43_01,feature_to_output,2.842584
live_test_seed43_01,feature_to_output,3.064916
live_test_seed43_01,feature_to_output,3.360459
live_test_seed43_01,feature_to_output,2.908583
live_test_seed43_01,feature_to_output,2.49175
live_test_seed43_01,feature_to_output,4.445666
live_test_seed43_01,feature_to_output,3.298625
live_test_seed43_01,feature_to_output,2.648333
live_test_seed43_01,feature_to_output,3.904125
live_test_seed43_01,feature_to_output,4.5785
live_test_seed43_01,feature_to_output,2.992125
live_test_seed43_01,feature_to_output,2.79975
live_test_seed43_01,feature_to_output,3.479125
live_test_seed43_01,feature_to_output,3.318042
live_test_seed43_01,feature_to_output,4.229833
live_test_seed43_01,feature_to_output,4.461875
live_test_seed43_01,feature_to_output,3.464916
live_test_seed43_01,feature_to_output,3.327042
live_test_seed43_01,feature_to_output,4.780042
live_test_seed43_01,feature_to_output,2.649458
live_test_seed43_01,feature_to_output,3.157625
live_test_seed43_01,feature_to_output,4.035084
live_test_seed43_01,feature_to_output,4.297917
live_test_seed43_01,feature_to_output,2.923416
live_test_seed43_01,feature_to_output,3.705958
live_test_seed43_01,feature_to_output,3.63475
live_test_seed43_01,feature_to_output,5.194458
live_test_seed43_01,feature_to_output,3.159541
live_test_seed43_01,feature_to_output,5.381167
live_test_seed43_01,feature_to_output,3.270916
live_test_seed43_01,feature_to_output,3.041792
live_test_seed43_01,feature_to_output,5.275542
live_test_seed43_01,feature_to_output,6.527959
live_test_seed43_01,feature_to_output,7.068583
live_test_seed43_01,feature_to_output,7.261667
live_test_seed43_01,feature_to_output,5.233625
live_test_seed43_01,feature_to_output,5.529625
live_test_seed43_01,feature_to_output,4.8845
live_test_seed43_01,feature_to_output,5.71725
live_test_seed43_01,feature_to_output,2.933
live_test_seed43_01,feature_to_output,2.878625
live_test_seed43_01,feature_to_output,3.527709
live_test_seed43_01,feature_to_output,5.112209
live_test_seed43_01,feature_to_output,3.310708
live_test_seed43_01,feature_to_output,3.477208
live_test_seed43_01,feature_to_output,2.847958
live_test_seed43_01,feature_to_output,2.877667
live_test_seed43_01,feature_to_output,3.864375
live_test_seed43_01,feature_to_output,3.367375
live_test_seed43_01,feature_to_output,3.594917
live_test_seed43_01,feature_to_output,2.682416
live_test_seed43_01,feature_to_output,2.616666
live_test_seed43_01,feature_to_output,3.334458
live_test_seed43_01,feature_to_output,3.761166
live_test_seed43_01,feature_to_output,2.935042
live_test_seed43_01,feature_to_output,3.091875
live_test_seed43_01,feature_to_output,3.179625
live_test_seed43_01,feature_to_output,3.025333
live_test_seed43_01,feature_to_output,71.996916
live_test_seed43_01,feature_to_output,2.621
live_test_seed43_01,feature_to_output,3.941542
live_test_seed43_01,feature_to_output,3.562542
live_test_seed43_01,feature_to_output,2.787083
live_test_seed43_01,feature_to_output,3.098709
live_test_seed43_01,feature_to_output,3.159417
live_test_seed43_01,feature_to_output,3.197042
live_test_seed43_01,feature_to_output,2.932042
live_test_seed43_01,feature_to_output,2.971916
live_test_seed43_01,feature_to_output,2.836125
live_test_seed43_01,feature_to_output,2.975083
live_test_seed43_01,feature_to_output,3.093916
live_test_seed43_01,feature_to_output,2.936375
live_test_seed43_01,feature_to_output,2.781625
live_test_seed43_01,feature_to_output,2.702583
live_test_seed43_01,feature_to_output,2.921375
live_test_seed43_01,feature_to_output,3.949709
live_test_seed43_01,feature_to_output,2.518625
live_test_seed43_01,feature_to_output,3.357667
live_test_seed43_01,feature_to_output,7.744292
live_test_seed43_01,feature_to_output,4.8695
live_test_seed43_01,feature_to_output,2.86575
live_test_seed43_01,feature_to_output,4.565833
live_test_seed43_01,feature_to_output,4.223166
live_test_seed43_01,feature_to_output,3.063166
live_test_seed43_01,feature_to_output,4.298417
live_test_seed43_01,feature_to_output,69.8785
live_test_seed43_01,feature_to_output,2.690167
live_test_seed43_01,feature_to_output,3.185292
live_test_seed43_01,feature_to_output,4.86675
live_test_seed43_01,feature_to_output,3.062041
live_test_seed43_01,feature_to_output,2.853833
live_test_seed43_01,feature_to_output,4.615958
live_test_seed43_01,feature_to_output,3.136916
live_test_seed43_01,feature_to_output,3.190792
live_test_seed43_01,feature_to_output,3.100083
live_test_seed43_01,feature_to_output,5.423458
live_test_seed43_01,feature_to_output,5.369541
live_test_seed43_01,feature_to_output,4.426083
live_test_seed43_01,feature_to_output,3.232542
live_test_seed43_01,feature_to_output,3.4075
live_test_seed43_01,feature_to_output,3.46625
live_test_seed43_01,feature_to_output,3.7385
live_test_seed43_01,feature_to_output,2.9255
live_test_seed43_01,feature_to_output,3.115958
live_test_seed43_01,feature_to_output,3.094875
live_test_seed43_01,feature_to_output,2.559042
live_test_seed43_01,feature_to_output,2.437958
live_test_seed43_01,feature_to_output,2.64425
live_test_seed43_01,feature_to_output,4.451875
live_test_seed43_01,feature_to_output,2.871583
live_test_seed43_01,feature_to_output,2.623
live_test_seed43_01,feature_to_output,3.32825
live_test_seed43_01,feature_to_output,2.6475
live_test_seed43_01,feature_to_output,3.015959
live_test_seed43_01,feature_to_output,2.979708
live_test_seed43_01,feature_to_output,3.17075
live_test_seed43_01,feature_to_output,2.543375
live_test_seed43_01,feature_to_output,2.953292
live_test_seed43_01,feature_to_output,3.263667
live_test_seed43_01,feature_to_output,3.398542
live_test_seed43_01,feature_to_output,2.944083
live_test_seed43_01,feature_to_output,2.516542
live_test_seed43_01,feature_to_output,2.935583
live_test_seed43_01,feature_to_output,2.616542
live_test_seed43_01,feature_to_output,2.725958
live_test_seed43_01,feature_to_output,2.519709
live_test_seed43_01,feature_to_output,4.310958
live_test_seed43_01,feature_to_output,3.207917
live_test_seed43_01,feature_to_output,2.964708
live_test_seed43_01,feature_to_output,76.360583
live_test_seed43_01,feature_to_output,2.935125
live_test_seed43_01,feature_to_output,3.479875
live_test_seed43_01,feature_to_output,4.06475
live_test_seed43_01,feature_to_output,2.6665
live_test_seed43_01,feature_to_output,2.576583
live_test_seed43_01,feature_to_output,2.835375
live_test_seed43_01,feature_to_output,4.45825
live_test_seed43_01,feature_to_output,4.874333
live_test_seed43_01,feature_to_output,2.844042
live_test_seed43_01,feature_to_output,2.993583
live_test_seed43_01,feature_to_output,2.384041
live_test_seed43_01,feature_to_output,2.739083
live_test_seed43_01,feature_to_output,2.231917
live_test_seed43_01,feature_to_output,2.746291
live_test_seed43_01,feature_to_output,2.622333
live_test_seed43_01,feature_to_output,3.029875
live_test_seed43_01,feature_to_output,2.654083
live_test_seed43_01,feature_to_output,3.21525
live_test_seed43_01,feature_to_output,2.807917
live_test_seed43_01,feature_to_output,2.684875
live_test_seed43_01,feature_to_output,2.666625
live_test_seed43_01,feature_to_output,2.896709
live_test_seed43_01,feature_to_output,3.200583
live_test_seed43_01,feature_to_output,3.383041
live_test_seed43_01,feature_to_output,3.894375
live_test_seed43_01,feature_to_output,2.8625
live_test_seed43_01,feature_to_output,2.67825
live_test_seed43_01,feature_to_output,2.363791
live_test_seed43_01,feature_to_output,4.198333
live_test_seed43_01,feature_to_output,2.601708
live_test_seed43_01,feature_to_output,2.454584
live_test_seed43_01,feature_to_output,4.197916
live_test_seed43_01,feature_to_output,2.463459
live_test_seed43_01,feature_to_output,2.789292
live_test_seed43_01,feature_to_output,4.302334
live_test_seed43_01,feature_to_output,2.674583
live_test_seed43_01,feature_to_output,2.768083
live_test_seed43_01,feature_to_output,2.630542
live_test_seed43_01,feature_to_output,2.731334
live_test_seed43_01,feature_to_output,2.66775
live_test_seed43_01,feature_to_output,2.92825
live_test_seed43_01,feature_to_output,2.729875
live_test_seed43_01,feature_to_output,2.651833
live_test_seed43_01,feature_to_output,3.958375
live_test_seed43_01,feature_to_output,2.951166
live_test_seed43_01,feature_to_output,2.861625
live_test_seed43_01,feature_to_output,4.132625
live_test_seed43_01,feature_to_output,2.97175
live_test_seed43_01,feature_to_output,2.476042
live_test_seed43_01,feature_to_output,2.74675
live_test_seed43_01,feature_to_output,2.654541
live_test_seed43_01,feature_to_output,3.193958
live_test_seed43_01,feature_to_output,3.358459
live_test_seed43_01,feature_to_output,8.598833
live_test_seed43_01,feature_to_output,2.906791
live_test_seed43_01,feature_to_output,2.968458
live_test_seed43_01,feature_to_output,2.696792
live_test_seed43_01,feature_to_output,2.857583
live_test_seed43_01,feature_to_output,3.335542
live_test_seed43_01,feature_to_output,2.834584
live_test_seed43_01,feature_to_output,2.643083
live_test_seed43_01,feature_to_output,2.732458
live_test_seed43_01,feature_to_output,2.952958
live_test_seed43_01,feature_to_output,4.001959
live_test_seed43_01,feature_to_output,2.610042
live_test_seed43_01,feature_to_output,3.225417
live_test_seed43_01,feature_to_output,3.196291
live_test_seed43_01,feature_to_output,3.219791
live_test_seed43_01,feature_to_output,4.833417
live_test_seed43_01,feature_to_output,2.872042
live_test_seed43_01,feature_to_output,2.724
live_test_seed43_01,feature_to_output,4.561542
live_test_seed43_01,feature_to_output,2.625542
live_test_seed43_01,feature_to_output,2.675584
live_test_seed43_01,feature_to_output,4.383292
live_test_seed43_01,feature_to_output,2.445666
live_test_seed43_01,feature_to_output,2.754959
live_test_seed43_01,feature_to_output,2.446417
live_test_seed43_01,feature_to_output,3.404583
live_test_seed43_01,feature_to_output,2.698542
live_test_seed43_01,feature_to_output,3.278167
live_test_seed43_01,feature_to_output,2.54025
live_test_seed43_01,feature_to_output,2.4625
live_test_seed43_01,feature_to_output,4.27775
live_test_seed43_01,feature_to_output,2.490333
live_test_seed43_01,feature_to_output,2.768791
live_test_seed43_01,feature_to_output,2.395167
live_test_seed43_01,feature_to_output,3.278625
live_test_seed43_01,feature_to_output,2.865667
live_test_seed43_01,feature_to_output,2.906084
live_test_seed43_01,feature_to_output,2.817083
live_test_seed43_01,feature_to_output,2.3685
live_test_seed43_01,feature_to_output,2.902875
live_test_seed43_01,feature_to_output,3.846958
live_test_seed43_01,feature_to_output,3.138917
live_test_seed43_01,feature_to_output,4.496959
live_test_seed43_01,feature_to_output,2.519417
live_test_seed43_01,feature_to_output,2.594042
live_test_seed43_01,feature_to_output,69.405916
live_test_seed43_01,feature_to_output,2.722625
live_test_seed43_01,feature_to_output,2.82275
live_test_seed43_01,feature_to_output,3.229333
live_test_seed43_01,feature_to_output,3.318209
live_test_seed43_01,feature_to_output,2.498667
live_test_seed43_01,feature_to_output,3.120917
live_test_seed43_01,feature_to_output,4.659542
live_test_seed43_01,feature_to_output,4.971
live_test_seed43_01,feature_to_output,4.993125
live_test_seed43_01,feature_to_output,2.860167
live_test_seed43_01,feature_to_output,2.417708
live_test_seed43_01,feature_to_output,4.440833
live_test_seed43_01,feature_to_output,4.207041
live_test_seed43_01,feature_to_output,3.090166
live_test_seed43_01,feature_to_output,4.856541
live_test_seed43_01,feature_to_output,2.971291
live_test_seed43_01,feature_to_output,3.065667
live_test_seed43_01,feature_to_output,2.730542
live_test_seed43_01,feature_to_output,2.658459
live_test_seed43_01,feature_to_output,3.188208
live_test_seed43_01,feature_to_output,4.836667
live_test_seed43_01,feature_to_output,2.3175
live_test_seed43_01,feature_to_output,2.947792
live_test_seed43_01,feature_to_output,2.72525
live_test_seed43_01,feature_to_output,2.8475
live_test_seed43_01,feature_to_output,3.023041
live_test_seed43_01,feature_to_output,4.013958
live_test_seed43_01,feature_to_output,3.013042
live_test_seed43_01,feature_to_output,7.538166
live_test_seed43_01,feature_to_output,2.926042
live_test_seed43_01,feature_to_output,3.131708
live_test_seed43_01,feature_to_output,2.640542
live_test_seed43_01,feature_to_output,2.997208
live_test_seed43_01,feature_to_output,2.872458
live_test_seed43_01,feature_to_output,4.483541
live_test_seed43_01,feature_to_output,3.671917
live_test_seed43_01,feature_to_output,2.447375
live_test_seed43_01,feature_to_output,2.924417
live_test_seed43_01,feature_to_output,2.814
live_test_seed43_01,feature_to_output,2.584417
live_test_seed43_01,feature_to_output,4.735042
live_test_seed43_01,feature_to_output,3.115584
live_test_seed43_01,feature_to_output,3.472833
live_test_seed43_01,feature_to_output,2.556166
live_test_seed43_01,feature_to_output,3.433375
live_test_seed43_01,feature_to_output,2.825333
live_test_seed43_01,feature_to_output,2.69
live_test_seed43_01,feature_to_output,4.643833
live_test_seed43_01,feature_to_output,3.207166
live_test_seed43_01,feature_to_output,3.714625
live_test_seed43_01,feature_to_output,2.587791
live_test_seed43_01,feature_to_output,2.7845
live_test_seed43_01,feature_to_output,2.548291
live_test_seed43_01,feature_to_output,2.89675
live_test_seed43_01,feature_to_output,2.6075
live_test_seed43_01,feature_to_output,3.198708
live_test_seed43_01,feature_to_output,4.820208
live_test_seed43_01,feature_to_output,2.957292
live_test_seed43_01,feature_to_output,3.703333
live_test_seed43_01,feature_to_output,2.811042
live_test_seed43_01,feature_to_output,2.8275
live_test_seed43_01,feature_to_output,2.754833
live_test_seed43_01,feature_to_output,2.84675
live_test_seed43_01,feature_to_output,2.938
live_test_seed43_01,feature_to_output,4.71625
live_test_seed43_01,feature_to_output,2.887916
live_test_seed43_01,feature_to_output,2.881959
live_test_seed43_01,feature_to_output,2.614333
live_test_seed43_01,feature_to_output,2.922458
live_test_seed43_01,feature_to_output,3.496125
live_test_seed43_01,feature_to_output,3.408375
live_test_seed43_01,feature_to_output,3.42275
live_test_seed43_01,feature_to_output,3.777541
live_test_seed43_01,feature_to_output,2.664042
live_test_seed43_01,feature_to_output,2.719459
live_test_seed43_01,feature_to_output,2.634291
live_test_seed43_01,feature_to_output,2.5795
live_test_seed43_01,feature_to_output,2.594458
live_test_seed43_01,feature_to_output,4.76475
live_test_seed43_01,feature_to_output,3.47975
live_test_seed43_01,feature_to_output,3.970792
live_test_seed43_01,feature_to_output,2.380875
live_test_seed43_01,feature_to_output,2.708125
live_test_seed43_01,feature_to_output,2.379167
live_test_seed43_01,feature_to_output,3.046084
live_test_seed43_01,feature_to_output,3.142
live_test_seed43_01,feature_to_output,2.962625
live_test_seed43_01,feature_to_output,2.997875
live_test_seed43_01,feature_to_output,3.045125
live_test_seed43_01,feature_to_output,2.633667
live_test_seed43_01,feature_to_output,4.962166
live_test_seed43_01,feature_to_output,3.115084
live_test_seed43_01,feature_to_output,3.265708
live_test_seed43_01,feature_to_output,2.661166
live_test_seed43_01,feature_to_output,2.801583
live_test_seed43_01,feature_to_output,2.985125
live_test_seed43_01,feature_to_output,2.797958
live_test_seed43_01,feature_to_output,2.709916
live_test_seed43_01,feature_to_output,2.987583
live_test_seed43_01,feature_to_output,6.100833
live_test_seed43_01,feature_to_output,3.0225
live_test_seed43_01,feature_to_output,3.166458
live_test_seed43_01,feature_to_output,3.0775
live_test_seed43_01,feature_to_output,3.322833
live_test_seed43_01,feature_to_output,3.794625
live_test_seed43_01,feature_to_output,3.852375
live_test_seed43_01,feature_to_output,2.913917
live_test_seed43_01,feature_to_output,4.036125
live_test_seed43_01,feature_to_output,2.870958
live_test_seed43_01,feature_to_output,4.706709
live_test_seed43_01,feature_to_output,3.686792
live_test_seed43_01,feature_to_output,2.892791
live_test_seed43_01,feature_to_output,2.672417
live_test_seed43_01,feature_to_output,2.829375
live_test_seed43_01,feature_to_output,3.258209
live_test_seed43_01,feature_to_output,3.775417
live_test_seed43_01,feature_to_output,3.044417
live_test_seed43_01,feature_to_output,2.948667
live_test_seed43_01,feature_to_output,2.857875
live_test_seed43_01,feature_to_output,3.697334
live_test_seed43_01,feature_to_output,3.609584
live_test_seed43_01,feature_to_output,4.683
live_test_seed43_01,feature_to_output,4.189041
live_test_seed43_01,feature_to_output,2.675709
live_test_seed43_01,feature_to_output,2.838417
live_test_seed43_01,feature_to_output,4.207375
live_test_seed43_01,feature_to_output,79.82475
live_test_seed43_01,feature_to_output,2.656709
live_test_seed43_01,feature_to_output,4.51025
live_test_seed43_01,feature_to_output,2.7245
live_test_seed43_01,feature_to_output,3.060542
live_test_seed43_01,feature_to_output,3.99675
live_test_seed43_01,feature_to_output,2.719208
live_test_seed43_01,feature_to_output,3.643583
live_test_seed43_01,feature_to_output,2.36525
live_test_seed43_01,feature_to_output,3.478208
live_test_seed43_01,feature_to_output,2.619667
live_test_seed43_01,feature_to_output,66.889834
live_test_seed43_01,feature_to_output,2.498625
live_test_seed43_01,feature_to_output,2.683042
live_test_seed43_01,feature_to_output,2.641583
live_test_seed43_01,feature_to_output,3.001625
live_test_seed43_01,feature_to_output,2.794958
live_test_seed43_01,feature_to_output,2.953459
live_test_seed43_01,feature_to_output,2.768583
live_test_seed43_01,feature_to_output,2.912125
live_test_seed43_01,feature_to_output,2.953917
live_test_seed43_01,feature_to_output,4.955375
live_test_seed43_01,feature_to_output,2.764167
live_test_seed43_01,feature_to_output,11.892959
live_test_seed43_01,feature_to_output,2.759708
live_test_seed43_01,feature_to_output,2.6605
live_test_seed43_01,feature_to_output,3.029417
live_test_seed43_01,feature_to_output,2.621625
live_test_seed43_01,feature_to_output,3.64475
live_test_seed43_01,feature_to_output,2.720209
live_test_seed43_01,feature_to_output,7.795875
live_test_seed43_01,feature_to_output,2.832583
live_test_seed43_01,feature_to_output,2.534208
live_test_seed43_01,feature_to_output,3.141583
live_test_seed43_01,feature_to_output,64.951916
live_test_seed43_01,feature_to_output,2.863833
live_test_seed43_01,feature_to_output,2.690709
live_test_seed43_01,feature_to_output,3.191208
live_test_seed43_01,feature_to_output,2.50525
live_test_seed43_01,feature_to_output,4.630375
live_test_seed43_01,feature_to_output,2.822125
live_test_seed43_01,feature_to_output,3.565208
live_test_seed43_01,feature_to_output,3.7795
live_test_seed43_01,feature_to_output,2.957792
live_test_seed43_01,feature_to_output,9.643375
live_test_seed43_01,feature_to_output,3.770834
live_test_seed43_01,feature_to_output,3.256167
live_test_seed43_01,feature_to_output,4.999875
live_test_seed43_01,feature_to_output,3.002459
live_test_seed43_01,feature_to_output,3.070417
live_test_seed43_01,feature_to_output,3.114541
live_test_seed43_01,feature_to_output,3.040917
live_test_seed43_01,feature_to_output,2.670875
live_test_seed43_01,feature_to_output,2.818
live_test_seed43_01,feature_to_output,2.894167
live_test_seed43_01,feature_to_output,3.526833
live_test_seed43_01,feature_to_output,2.998459
live_test_seed43_01,feature_to_output,2.728791
live_test_seed43_01,feature_to_output,2.627708
live_test_seed43_01,feature_to_output,2.907375
live_test_seed43_01,feature_to_output,3.023083
live_test_seed43_01,feature_to_output,2.82525
live_test_seed43_01,feature_to_output,3.110542
live_test_seed43_01,feature_to_output,3.0095
live_test_seed43_01,feature_to_output,8.531833
live_test_seed43_01,feature_to_output,3.006792
live_test_seed43_01,feature_to_output,2.662208
live_test_seed43_01,feature_to_output,2.85
live_test_seed43_01,feature_to_output,2.398042
live_test_seed43_01,feature_to_output,2.813083
live_test_seed43_01,feature_to_output,2.994792
live_test_seed43_01,feature_to_output,4.626333
live_test_seed43_01,feature_to_output,2.81425
live_test_seed43_01,feature_to_output,2.847041
live_test_seed43_01,feature_to_output,2.785625
live_test_seed43_01,feature_to_output,2.620834
live_test_seed43_01,feature_to_output,5.555958
live_test_seed43_01,feature_to_output,2.770375
live_test_seed43_01,feature_to_output,3.722
live_test_seed43_01,feature_to_output,4.751375
live_test_seed43_01,feature_to_output,4.680959
live_test_seed43_01,feature_to_output,4.367583
live_test_seed43_01,feature_to_output,5.107792
live_test_seed43_01,feature_to_output,4.531292
live_test_seed43_01,feature_to_output,4.6225
live_test_seed43_01,feature_to_output,4.999875
live_test_seed43_01,feature_to_output,4.975958
live_test_seed43_01,feature_to_output,4.2915
live_test_seed43_01,feature_to_output,2.895
live_test_seed43_01,feature_to_output,3.151208
live_test_seed43_01,feature_to_output,2.652
live_test_seed43_01,feature_to_output,2.647333
live_test_seed43_01,feature_to_output,2.613709
live_test_seed43_01,feature_to_output,3.368584
live_test_seed43_01,feature_to_output,3.075708
live_test_seed43_01,feature_to_output,2.669167
live_test_seed43_01,feature_to_output,2.868625
live_test_seed43_01,feature_to_output,3.216208
live_test_seed43_01,feature_to_output,4.922583
live_test_seed43_01,feature_to_output,6.3545
live_test_seed43_01,feature_to_output,6.490958
live_test_seed43_01,feature_to_output,4.673167
live_test_seed43_01,feature_to_output,4.482083
live_test_seed43_01,feature_to_output,4.456167
live_test_seed43_01,feature_to_output,4.122209
live_test_seed43_01,feature_to_output,5.369333
live_test_seed43_01,feature_to_output,4.370167
live_test_seed43_01,feature_to_output,4.612666
live_test_seed43_01,feature_to_output,4.359625
live_test_seed43_01,feature_to_output,4.2855
live_test_seed43_01,feature_to_output,3.111375
live_test_seed43_01,feature_to_output,2.862459
live_test_seed43_01,feature_to_output,2.907625
live_test_seed43_01,feature_to_output,6.639541
live_test_seed43_01,feature_to_output,5.9745
live_test_seed43_01,feature_to_output,4.651292
live_test_seed43_01,feature_to_output,4.66425
live_test_seed43_01,feature_to_output,4.031542
live_test_seed43_01,feature_to_output,4.619709
live_test_seed43_01,feature_to_output,2.572708
live_test_seed43_01,feature_to_output,2.651542
live_test_seed43_01,feature_to_output,7.238958
live_test_seed43_01,feature_to_output,2.900084
live_test_seed43_01,feature_to_output,3.359041
live_test_seed43_01,feature_to_output,17.038208
live_test_seed43_01,feature_to_output,3.68775
live_test_seed43_01,feature_to_output,3.35975
live_test_seed43_01,feature_to_output,5.13225
live_test_seed43_01,feature_to_output,3.249583
live_test_seed43_01,feature_to_output,4.136667
live_test_seed43_01,feature_to_output,3.544583
live_test_seed43_01,feature_to_output,3.64775
live_test_seed43_01,feature_to_output,4.548334
live_test_seed43_01,feature_to_output,2.491584
live_test_seed43_01,feature_to_output,2.838917
live_test_seed43_01,feature_to_output,2.483
live_test_seed43_01,gaze_callback_to_output,3.239375
live_test_seed43_01,gaze_callback_to_output,2.713416
live_test_seed43_01,gaze_callback_to_output,2.814625
live_test_seed43_01,gaze_callback_to_output,3.126083
live_test_seed43_01,gaze_callback_to_output,3.446125
live_test_seed43_01,gaze_callback_to_output,5.321417
live_test_seed43_01,gaze_callback_to_output,5.229292
live_test_seed43_01,gaze_callback_to_output,3.414584
live_test_seed43_01,gaze_callback_to_output,4.451125
live_test_seed43_01,gaze_callback_to_output,2.504958
live_test_seed43_01,gaze_callback_to_output,2.63575
live_test_seed43_01,gaze_callback_to_output,2.8215
live_test_seed43_01,gaze_callback_to_output,3.249458
live_test_seed43_01,gaze_callback_to_output,4.450375
live_test_seed43_01,gaze_callback_to_output,3.19025
live_test_seed43_01,gaze_callback_to_output,2.817584
live_test_seed43_01,gaze_callback_to_output,3.018875
live_test_seed43_01,gaze_callback_to_output,3.28825
live_test_seed43_01,gaze_callback_to_output,3.236208
live_test_seed43_01,gaze_callback_to_output,2.40475
live_test_seed43_01,gaze_callback_to_output,2.44925
live_test_seed43_01,gaze_callback_to_output,2.880542
live_test_seed43_01,gaze_callback_to_output,2.680083
live_test_seed43_01,gaze_callback_to_output,2.987833
live_test_seed43_01,gaze_callback_to_output,2.584125
live_test_seed43_01,gaze_callback_to_output,2.521084
live_test_seed43_01,gaze_callback_to_output,2.774708
live_test_seed43_01,gaze_callback_to_output,5.529
live_test_seed43_01,gaze_callback_to_output,2.977917
live_test_seed43_01,gaze_callback_to_output,4.397416
live_test_seed43_01,gaze_callback_to_output,68.360333
live_test_seed43_01,gaze_callback_to_output,3.641958
live_test_seed43_01,gaze_callback_to_output,2.639833
live_test_seed43_01,gaze_callback_to_output,3.152875
live_test_seed43_01,gaze_callback_to_output,3.492166
live_test_seed43_01,gaze_callback_to_output,10.988625
live_test_seed43_01,gaze_callback_to_output,3.562875
live_test_seed43_01,gaze_callback_to_output,4.180125
live_test_seed43_01,gaze_callback_to_output,2.741791
live_test_seed43_01,gaze_callback_to_output,2.852041
live_test_seed43_01,gaze_callback_to_output,2.773625
live_test_seed43_01,gaze_callback_to_output,2.845584
live_test_seed43_01,gaze_callback_to_output,2.549125
live_test_seed43_01,gaze_callback_to_output,2.614084
live_test_seed43_01,gaze_callback_to_output,2.721833
live_test_seed43_01,gaze_callback_to_output,3.190208
live_test_seed43_01,gaze_callback_to_output,11.594459
live_test_seed43_01,gaze_callback_to_output,2.704084
live_test_seed43_01,gaze_callback_to_output,3.190667
live_test_seed43_01,gaze_callback_to_output,2.771542
live_test_seed43_01,gaze_callback_to_output,3.20775
live_test_seed43_01,gaze_callback_to_output,2.719709
live_test_seed43_01,gaze_callback_to_output,3.131666
live_test_seed43_01,gaze_callback_to_output,2.86825
live_test_seed43_01,gaze_callback_to_output,2.88325
live_test_seed43_01,gaze_callback_to_output,2.975875
live_test_seed43_01,gaze_callback_to_output,2.792584
live_test_seed43_01,gaze_callback_to_output,3.047292
live_test_seed43_01,gaze_callback_to_output,2.748208
live_test_seed43_01,gaze_callback_to_output,3.084625
live_test_seed43_01,gaze_callback_to_output,2.576375
live_test_seed43_01,gaze_callback_to_output,2.922375
live_test_seed43_01,gaze_callback_to_output,2.725
live_test_seed43_01,gaze_callback_to_output,4.375542
live_test_seed43_01,gaze_callback_to_output,3.157541
live_test_seed43_01,gaze_callback_to_output,3.133333
live_test_seed43_01,gaze_callback_to_output,3.285833
live_test_seed43_01,gaze_callback_to_output,2.995542
live_test_seed43_01,gaze_callback_to_output,3.206792
live_test_seed43_01,gaze_callback_to_output,3.856583
live_test_seed43_01,gaze_callback_to_output,2.966
live_test_seed43_01,gaze_callback_to_output,3.761959
live_test_seed43_01,gaze_callback_to_output,3.542375
live_test_seed43_01,gaze_callback_to_output,3.728083
live_test_seed43_01,gaze_callback_to_output,2.882708
live_test_seed43_01,gaze_callback_to_output,4.397542
live_test_seed43_01,gaze_callback_to_output,68.626416
live_test_seed43_01,gaze_callback_to_output,2.912
live_test_seed43_01,gaze_callback_to_output,2.932458
live_test_seed43_01,gaze_callback_to_output,2.996417
live_test_seed43_01,gaze_callback_to_output,2.79875
live_test_seed43_01,gaze_callback_to_output,4.440208
live_test_seed43_01,gaze_callback_to_output,4.729667
live_test_seed43_01,gaze_callback_to_output,73.902708
live_test_seed43_01,gaze_callback_to_output,4.816666
live_test_seed43_01,gaze_callback_to_output,4.457834
live_test_seed43_01,gaze_callback_to_output,4.960291
live_test_seed43_01,gaze_callback_to_output,7.076041
live_test_seed43_01,gaze_callback_to_output,4.48575
live_test_seed43_01,gaze_callback_to_output,4.508834
live_test_seed43_01,gaze_callback_to_output,4.898083
live_test_seed43_01,gaze_callback_to_output,4.480792
live_test_seed43_01,gaze_callback_to_output,4.912083
live_test_seed43_01,gaze_callback_to_output,5.025167
live_test_seed43_01,gaze_callback_to_output,5.9935
live_test_seed43_01,gaze_callback_to_output,5.723709
live_test_seed43_01,gaze_callback_to_output,5.093959
live_test_seed43_01,gaze_callback_to_output,4.524875
live_test_seed43_01,gaze_callback_to_output,4.535292
live_test_seed43_01,gaze_callback_to_output,4.205708
live_test_seed43_01,gaze_callback_to_output,3.53175
live_test_seed43_01,gaze_callback_to_output,3.10825
live_test_seed43_01,gaze_callback_to_output,3.553792
live_test_seed43_01,gaze_callback_to_output,7.120667
live_test_seed43_01,gaze_callback_to_output,4.290125
live_test_seed43_01,gaze_callback_to_output,6.267709
live_test_seed43_01,gaze_callback_to_output,4.665833
live_test_seed43_01,gaze_callback_to_output,5.020708
live_test_seed43_01,gaze_callback_to_output,4.46825
live_test_seed43_01,gaze_callback_to_output,7.567709
live_test_seed43_01,gaze_callback_to_output,4.880958
live_test_seed43_01,gaze_callback_to_output,3.221375
live_test_seed43_01,gaze_callback_to_output,3.090125
live_test_seed43_01,gaze_callback_to_output,3.459042
live_test_seed43_01,gaze_callback_to_output,2.993125
live_test_seed43_01,gaze_callback_to_output,3.088208
live_test_seed43_01,gaze_callback_to_output,3.212042
live_test_seed43_01,gaze_callback_to_output,73.386333
live_test_seed43_01,gaze_callback_to_output,2.990583
live_test_seed43_01,gaze_callback_to_output,2.785542
live_test_seed43_01,gaze_callback_to_output,3.033917
live_test_seed43_01,gaze_callback_to_output,2.310917
live_test_seed43_01,gaze_callback_to_output,3.212625
live_test_seed43_01,gaze_callback_to_output,3.428209
live_test_seed43_01,gaze_callback_to_output,2.79775
live_test_seed43_01,gaze_callback_to_output,4.085208
live_test_seed43_01,gaze_callback_to_output,5.05875
live_test_seed43_01,gaze_callback_to_output,2.980458
live_test_seed43_01,gaze_callback_to_output,3.139791
live_test_seed43_01,gaze_callback_to_output,3.118875
live_test_seed43_01,gaze_callback_to_output,4.556459
live_test_seed43_01,gaze_callback_to_output,5.09275
live_test_seed43_01,gaze_callback_to_output,4.709542
live_test_seed43_01,gaze_callback_to_output,5.210167
live_test_seed43_01,gaze_callback_to_output,4.940917
live_test_seed43_01,gaze_callback_to_output,6.194583
live_test_seed43_01,gaze_callback_to_output,5.218916
live_test_seed43_01,gaze_callback_to_output,7.988917
live_test_seed43_01,gaze_callback_to_output,4.895959
live_test_seed43_01,gaze_callback_to_output,4.730583
live_test_seed43_01,gaze_callback_to_output,2.473583
live_test_seed43_01,gaze_callback_to_output,2.876083
live_test_seed43_01,gaze_callback_to_output,2.8575
live_test_seed43_01,gaze_callback_to_output,3.277166
live_test_seed43_01,gaze_callback_to_output,76.205791
live_test_seed43_01,gaze_callback_to_output,2.736167
live_test_seed43_01,gaze_callback_to_output,2.913375
live_test_seed43_01,gaze_callback_to_output,2.49625
live_test_seed43_01,gaze_callback_to_output,2.743125
live_test_seed43_01,gaze_callback_to_output,2.762792
live_test_seed43_01,gaze_callback_to_output,2.84125
live_test_seed43_01,gaze_callback_to_output,2.538459
live_test_seed43_01,gaze_callback_to_output,2.824042
live_test_seed43_01,gaze_callback_to_output,2.808333
live_test_seed43_01,gaze_callback_to_output,2.686542
live_test_seed43_01,gaze_callback_to_output,3.253292
live_test_seed43_01,gaze_callback_to_output,3.155416
live_test_seed43_01,gaze_callback_to_output,2.748167
live_test_seed43_01,gaze_callback_to_output,2.732875
live_test_seed43_01,gaze_callback_to_output,3.1215
live_test_seed43_01,gaze_callback_to_output,3.022209
live_test_seed43_01,gaze_callback_to_output,2.738041
live_test_seed43_01,gaze_callback_to_output,10.9485
live_test_seed43_01,gaze_callback_to_output,2.754875
live_test_seed43_01,gaze_callback_to_output,3.432584
live_test_seed43_01,gaze_callback_to_output,10.33675
live_test_seed43_01,gaze_callback_to_output,4.299958
live_test_seed43_01,gaze_callback_to_output,3.109208
live_test_seed43_01,gaze_callback_to_output,2.481833
live_test_seed43_01,gaze_callback_to_output,3.774042
live_test_seed43_01,gaze_callback_to_output,3.452417
live_test_seed43_01,gaze_callback_to_output,2.241583
live_test_seed43_01,gaze_callback_to_output,3.072833
live_test_seed43_01,gaze_callback_to_output,7.582959
live_test_seed43_01,gaze_callback_to_output,2.852458
live_test_seed43_01,gaze_callback_to_output,3.433417
live_test_seed43_01,gaze_callback_to_output,5.349958
live_test_seed43_01,gaze_callback_to_output,3.014542
live_test_seed43_01,gaze_callback_to_output,2.883542
live_test_seed43_01,gaze_callback_to_output,3.4445
live_test_seed43_01,gaze_callback_to_output,3.754416
live_test_seed43_01,gaze_callback_to_output,2.7005
live_test_seed43_01,gaze_callback_to_output,8.709709
live_test_seed43_01,gaze_callback_to_output,14.728958
live_test_seed43_01,gaze_callback_to_output,3.9655
live_test_seed43_01,gaze_callback_to_output,2.529416
live_test_seed43_01,gaze_callback_to_output,4.436458
live_test_seed43_01,gaze_callback_to_output,3.555792
live_test_seed43_01,gaze_callback_to_output,3.618292
live_test_seed43_01,gaze_callback_to_output,3.940458
live_test_seed43_01,gaze_callback_to_output,2.824541
live_test_seed43_01,gaze_callback_to_output,2.749375
live_test_seed43_01,gaze_callback_to_output,2.653959
live_test_seed43_01,gaze_callback_to_output,3.035375
live_test_seed43_01,gaze_callback_to_output,3.561209
live_test_seed43_01,gaze_callback_to_output,3.163084
live_test_seed43_01,gaze_callback_to_output,4.932667
live_test_seed43_01,gaze_callback_to_output,2.788334
live_test_seed43_01,gaze_callback_to_output,2.878625
live_test_seed43_01,gaze_callback_to_output,2.958708
live_test_seed43_01,gaze_callback_to_output,3.6625
live_test_seed43_01,gaze_callback_to_output,2.912833
live_test_seed43_01,gaze_callback_to_output,3.220583
live_test_seed43_01,gaze_callback_to_output,3.128
live_test_seed43_01,gaze_callback_to_output,3.018333
live_test_seed43_01,gaze_callback_to_output,2.714333
live_test_seed43_01,gaze_callback_to_output,2.6785
live_test_seed43_01,gaze_callback_to_output,2.896541
live_test_seed43_01,gaze_callback_to_output,3.094625
live_test_seed43_01,gaze_callback_to_output,2.967833
live_test_seed43_01,gaze_callback_to_output,5.18925
live_test_seed43_01,gaze_callback_to_output,3.033833
live_test_seed43_01,gaze_callback_to_output,3.158333
live_test_seed43_01,gaze_callback_to_output,3.039125
live_test_seed43_01,gaze_callback_to_output,2.942375
live_test_seed43_01,gaze_callback_to_output,3.656875
live_test_seed43_01,gaze_callback_to_output,3.648416
live_test_seed43_01,gaze_callback_to_output,3.406416
live_test_seed43_01,gaze_callback_to_output,3.031958
live_test_seed43_01,gaze_callback_to_output,2.566917
live_test_seed43_01,gaze_callback_to_output,2.790625
live_test_seed43_01,gaze_callback_to_output,3.138583
live_test_seed43_01,gaze_callback_to_output,3.036917
live_test_seed43_01,gaze_callback_to_output,2.709542
live_test_seed43_01,gaze_callback_to_output,3.125
live_test_seed43_01,gaze_callback_to_output,7.327333
live_test_seed43_01,gaze_callback_to_output,3.388584
live_test_seed43_01,gaze_callback_to_output,3.159417
live_test_seed43_01,gaze_callback_to_output,10.354958
live_test_seed43_01,gaze_callback_to_output,2.739708
live_test_seed43_01,gaze_callback_to_output,3.15
live_test_seed43_01,gaze_callback_to_output,5.854167
live_test_seed43_01,gaze_callback_to_output,4.567084
live_test_seed43_01,gaze_callback_to_output,2.844334
live_test_seed43_01,gaze_callback_to_output,3.066875
live_test_seed43_01,gaze_callback_to_output,3.367417
live_test_seed43_01,gaze_callback_to_output,2.91025
live_test_seed43_01,gaze_callback_to_output,2.493167
live_test_seed43_01,gaze_callback_to_output,4.448458
live_test_seed43_01,gaze_callback_to_output,3.300334
live_test_seed43_01,gaze_callback_to_output,2.6505
live_test_seed43_01,gaze_callback_to_output,3.906916
live_test_seed43_01,gaze_callback_to_output,4.583334
live_test_seed43_01,gaze_callback_to_output,2.994042
live_test_seed43_01,gaze_callback_to_output,2.802042
live_test_seed43_01,gaze_callback_to_output,3.481708
live_test_seed43_01,gaze_callback_to_output,3.320333
live_test_seed43_01,gaze_callback_to_output,4.23225
live_test_seed43_01,gaze_callback_to_output,4.463875
live_test_seed43_01,gaze_callback_to_output,3.476291
live_test_seed43_01,gaze_callback_to_output,3.333458
live_test_seed43_01,gaze_callback_to_output,4.783125
live_test_seed43_01,gaze_callback_to_output,2.651458
live_test_seed43_01,gaze_callback_to_output,3.159292
live_test_seed43_01,gaze_callback_to_output,4.037334
live_test_seed43_01,gaze_callback_to_output,4.302417
live_test_seed43_01,gaze_callback_to_output,2.925833
live_test_seed43_01,gaze_callback_to_output,3.710916
live_test_seed43_01,gaze_callback_to_output,3.637083
live_test_seed43_01,gaze_callback_to_output,5.201
live_test_seed43_01,gaze_callback_to_output,3.163958
live_test_seed43_01,gaze_callback_to_output,5.388375
live_test_seed43_01,gaze_callback_to_output,3.272916
live_test_seed43_01,gaze_callback_to_output,3.044375
live_test_seed43_01,gaze_callback_to_output,5.280667
live_test_seed43_01,gaze_callback_to_output,6.529709
live_test_seed43_01,gaze_callback_to_output,7.07175
live_test_seed43_01,gaze_callback_to_output,7.270167
live_test_seed43_01,gaze_callback_to_output,5.236458
live_test_seed43_01,gaze_callback_to_output,5.532375
live_test_seed43_01,gaze_callback_to_output,4.886459
live_test_seed43_01,gaze_callback_to_output,5.723917
live_test_seed43_01,gaze_callback_to_output,2.935208
live_test_seed43_01,gaze_callback_to_output,2.88075
live_test_seed43_01,gaze_callback_to_output,3.529875
live_test_seed43_01,gaze_callback_to_output,5.115084
live_test_seed43_01,gaze_callback_to_output,3.313583
live_test_seed43_01,gaze_callback_to_output,3.47925
live_test_seed43_01,gaze_callback_to_output,2.850083
live_test_seed43_01,gaze_callback_to_output,2.880292
live_test_seed43_01,gaze_callback_to_output,3.878625
live_test_seed43_01,gaze_callback_to_output,3.370666
live_test_seed43_01,gaze_callback_to_output,3.596625
live_test_seed43_01,gaze_callback_to_output,2.684583
live_test_seed43_01,gaze_callback_to_output,2.61825
live_test_seed43_01,gaze_callback_to_output,3.339166
live_test_seed43_01,gaze_callback_to_output,3.7655
live_test_seed43_01,gaze_callback_to_output,2.93675
live_test_seed43_01,gaze_callback_to_output,3.094542
live_test_seed43_01,gaze_callback_to_output,3.185125
live_test_seed43_01,gaze_callback_to_output,3.028291
live_test_seed43_01,gaze_callback_to_output,72.000625
live_test_seed43_01,gaze_callback_to_output,2.622875
live_test_seed43_01,gaze_callback_to_output,3.944417
live_test_seed43_01,gaze_callback_to_output,3.576584
live_test_seed43_01,gaze_callback_to_output,2.788958
live_test_seed43_01,gaze_callback_to_output,3.100375
live_test_seed43_01,gaze_callback_to_output,3.162042
live_test_seed43_01,gaze_callback_to_output,3.199167
live_test_seed43_01,gaze_callback_to_output,2.933375
live_test_seed43_01,gaze_callback_to_output,2.973541
live_test_seed43_01,gaze_callback_to_output,2.838042
live_test_seed43_01,gaze_callback_to_output,2.976958
live_test_seed43_01,gaze_callback_to_output,3.096083
live_test_seed43_01,gaze_callback_to_output,2.938209
live_test_seed43_01,gaze_callback_to_output,2.783084
live_test_seed43_01,gaze_callback_to_output,2.704291
live_test_seed43_01,gaze_callback_to_output,2.923333
live_test_seed43_01,gaze_callback_to_output,3.951167
live_test_seed43_01,gaze_callback_to_output,2.520291
live_test_seed43_01,gaze_callback_to_output,3.359917
live_test_seed43_01,gaze_callback_to_output,7.7465
live_test_seed43_01,gaze_callback_to_output,4.872708
live_test_seed43_01,gaze_callback_to_output,2.881166
live_test_seed43_01,gaze_callback_to_output,4.569875
live_test_seed43_01,gaze_callback_to_output,4.224958
live_test_seed43_01,gaze_callback_to_output,3.066666
live_test_seed43_01,gaze_callback_to_output,4.301625
live_test_seed43_01,gaze_callback_to_output,69.881167
live_test_seed43_01,gaze_callback_to_output,2.692125
live_test_seed43_01,gaze_callback_to_output,3.187333
live_test_seed43_01,gaze_callback_to_output,4.873
live_test_seed43_01,gaze_callback_to_output,3.063833
live_test_seed43_01,gaze_callback_to_output,2.85575
live_test_seed43_01,gaze_callback_to_output,4.620208
live_test_seed43_01,gaze_callback_to_output,3.138666
live_test_seed43_01,gaze_callback_to_output,3.193167
live_test_seed43_01,gaze_callback_to_output,3.103833
live_test_seed43_01,gaze_callback_to_output,5.426542
live_test_seed43_01,gaze_callback_to_output,5.374625
live_test_seed43_01,gaze_callback_to_output,4.4395
live_test_seed43_01,gaze_callback_to_output,3.23525
live_test_seed43_01,gaze_callback_to_output,3.409542
live_test_seed43_01,gaze_callback_to_output,3.474042
live_test_seed43_01,gaze_callback_to_output,3.74025
live_test_seed43_01,gaze_callback_to_output,2.9275
live_test_seed43_01,gaze_callback_to_output,3.117583
live_test_seed43_01,gaze_callback_to_output,3.096833
live_test_seed43_01,gaze_callback_to_output,2.561209
live_test_seed43_01,gaze_callback_to_output,2.439875
live_test_seed43_01,gaze_callback_to_output,2.647084
live_test_seed43_01,gaze_callback_to_output,4.455125
live_test_seed43_01,gaze_callback_to_output,2.873
live_test_seed43_01,gaze_callback_to_output,2.625167
live_test_seed43_01,gaze_callback_to_output,3.330042
live_test_seed43_01,gaze_callback_to_output,2.649708
live_test_seed43_01,gaze_callback_to_output,3.017667
live_test_seed43_01,gaze_callback_to_output,2.981875
live_test_seed43_01,gaze_callback_to_output,3.174
live_test_seed43_01,gaze_callback_to_output,2.545584
live_test_seed43_01,gaze_callback_to_output,2.955042
live_test_seed43_01,gaze_callback_to_output,3.265458
live_test_seed43_01,gaze_callback_to_output,3.40175
live_test_seed43_01,gaze_callback_to_output,2.945792
live_test_seed43_01,gaze_callback_to_output,2.518042
live_test_seed43_01,gaze_callback_to_output,2.937833
live_test_seed43_01,gaze_callback_to_output,2.618667
live_test_seed43_01,gaze_callback_to_output,2.729291
live_test_seed43_01,gaze_callback_to_output,2.522125
live_test_seed43_01,gaze_callback_to_output,4.312917
live_test_seed43_01,gaze_callback_to_output,3.209792
live_test_seed43_01,gaze_callback_to_output,2.966583
live_test_seed43_01,gaze_callback_to_output,76.364666
live_test_seed43_01,gaze_callback_to_output,2.936958
live_test_seed43_01,gaze_callback_to_output,3.482542
live_test_seed43_01,gaze_callback_to_output,4.078625
live_test_seed43_01,gaze_callback_to_output,2.669041
live_test_seed43_01,gaze_callback_to_output,2.579083
live_test_seed43_01,gaze_callback_to_output,2.837208
live_test_seed43_01,gaze_callback_to_output,4.462292
live_test_seed43_01,gaze_callback_to_output,4.881333
live_test_seed43_01,gaze_callback_to_output,2.846
live_test_seed43_01,gaze_callback_to_output,2.999083
live_test_seed43_01,gaze_callback_to_output,2.385958
live_test_seed43_01,gaze_callback_to_output,2.740875
live_test_seed43_01,gaze_callback_to_output,2.234
live_test_seed43_01,gaze_callback_to_output,2.748625
live_test_seed43_01,gaze_callback_to_output,2.624083
live_test_seed43_01,gaze_callback_to_output,3.043167
live_test_seed43_01,gaze_callback_to_output,2.655833
live_test_seed43_01,gaze_callback_to_output,3.2205
live_test_seed43_01,gaze_callback_to_output,2.810167
live_test_seed43_01,gaze_callback_to_output,2.687166
live_test_seed43_01,gaze_callback_to_output,2.668458
live_test_seed43_01,gaze_callback_to_output,2.8995
live_test_seed43_01,gaze_callback_to_output,3.202125
live_test_seed43_01,gaze_callback_to_output,3.385541
live_test_seed43_01,gaze_callback_to_output,3.896875
live_test_seed43_01,gaze_callback_to_output,2.86475
live_test_seed43_01,gaze_callback_to_output,2.68025
live_test_seed43_01,gaze_callback_to_output,2.365916
live_test_seed43_01,gaze_callback_to_output,4.202041
live_test_seed43_01,gaze_callback_to_output,2.603791
live_test_seed43_01,gaze_callback_to_output,2.456375
live_test_seed43_01,gaze_callback_to_output,4.202375
live_test_seed43_01,gaze_callback_to_output,2.465709
live_test_seed43_01,gaze_callback_to_output,2.790958
live_test_seed43_01,gaze_callback_to_output,4.30525
live_test_seed43_01,gaze_callback_to_output,2.6765
live_test_seed43_01,gaze_callback_to_output,2.770333
live_test_seed43_01,gaze_callback_to_output,2.632667
live_test_seed43_01,gaze_callback_to_output,2.733584
live_test_seed43_01,gaze_callback_to_output,2.669708
live_test_seed43_01,gaze_callback_to_output,2.930708
live_test_seed43_01,gaze_callback_to_output,2.731875
live_test_seed43_01,gaze_callback_to_output,2.653583
live_test_seed43_01,gaze_callback_to_output,3.960666
live_test_seed43_01,gaze_callback_to_output,2.952958
live_test_seed43_01,gaze_callback_to_output,2.863459
live_test_seed43_01,gaze_callback_to_output,4.134542
live_test_seed43_01,gaze_callback_to_output,2.973958
live_test_seed43_01,gaze_callback_to_output,2.477667
live_test_seed43_01,gaze_callback_to_output,2.749458
live_test_seed43_01,gaze_callback_to_output,2.656958
live_test_seed43_01,gaze_callback_to_output,3.196041
live_test_seed43_01,gaze_callback_to_output,3.360209
live_test_seed43_01,gaze_callback_to_output,8.6035
live_test_seed43_01,gaze_callback_to_output,2.908833
live_test_seed43_01,gaze_callback_to_output,2.970041
live_test_seed43_01,gaze_callback_to_output,2.698667
live_test_seed43_01,gaze_callback_to_output,2.859458
live_test_seed43_01,gaze_callback_to_output,3.33775
live_test_seed43_01,gaze_callback_to_output,2.836167
live_test_seed43_01,gaze_callback_to_output,2.645291
live_test_seed43_01,gaze_callback_to_output,2.734
live_test_seed43_01,gaze_callback_to_output,2.955041
live_test_seed43_01,gaze_callback_to_output,4.004209
live_test_seed43_01,gaze_callback_to_output,2.611834
live_test_seed43_01,gaze_callback_to_output,3.245083
live_test_seed43_01,gaze_callback_to_output,3.198791
live_test_seed43_01,gaze_callback_to_output,3.221375
live_test_seed43_01,gaze_callback_to_output,4.841625
live_test_seed43_01,gaze_callback_to_output,2.874209
live_test_seed43_01,gaze_callback_to_output,2.725375
live_test_seed43_01,gaze_callback_to_output,4.565542
live_test_seed43_01,gaze_callback_to_output,2.627208
live_test_seed43_01,gaze_callback_to_output,2.677834
live_test_seed43_01,gaze_callback_to_output,4.385333
live_test_seed43_01,gaze_callback_to_output,2.448291
live_test_seed43_01,gaze_callback_to_output,2.757334
live_test_seed43_01,gaze_callback_to_output,2.448417
live_test_seed43_01,gaze_callback_to_output,3.407875
live_test_seed43_01,gaze_callback_to_output,2.701334
live_test_seed43_01,gaze_callback_to_output,3.282292
live_test_seed43_01,gaze_callback_to_output,2.541958
live_test_seed43_01,gaze_callback_to_output,2.465125
live_test_seed43_01,gaze_callback_to_output,4.28175
live_test_seed43_01,gaze_callback_to_output,2.492625
live_test_seed43_01,gaze_callback_to_output,2.770416
live_test_seed43_01,gaze_callback_to_output,2.396917
live_test_seed43_01,gaze_callback_to_output,3.280542
live_test_seed43_01,gaze_callback_to_output,2.867167
live_test_seed43_01,gaze_callback_to_output,2.908875
live_test_seed43_01,gaze_callback_to_output,2.818917
live_test_seed43_01,gaze_callback_to_output,2.369917
live_test_seed43_01,gaze_callback_to_output,2.907417
live_test_seed43_01,gaze_callback_to_output,3.84925
live_test_seed43_01,gaze_callback_to_output,3.140583
live_test_seed43_01,gaze_callback_to_output,4.502167
live_test_seed43_01,gaze_callback_to_output,2.521167
live_test_seed43_01,gaze_callback_to_output,2.596
live_test_seed43_01,gaze_callback_to_output,69.409541
live_test_seed43_01,gaze_callback_to_output,2.724292
live_test_seed43_01,gaze_callback_to_output,2.825292
live_test_seed43_01,gaze_callback_to_output,3.231042
live_test_seed43_01,gaze_callback_to_output,3.320584
live_test_seed43_01,gaze_callback_to_output,2.501125
live_test_seed43_01,gaze_callback_to_output,3.122875
live_test_seed43_01,gaze_callback_to_output,4.666375
live_test_seed43_01,gaze_callback_to_output,4.974625
live_test_seed43_01,gaze_callback_to_output,4.999375
live_test_seed43_01,gaze_callback_to_output,2.862708
live_test_seed43_01,gaze_callback_to_output,2.41975
live_test_seed43_01,gaze_callback_to_output,4.443708
live_test_seed43_01,gaze_callback_to_output,4.209625
live_test_seed43_01,gaze_callback_to_output,3.092541
live_test_seed43_01,gaze_callback_to_output,4.860541
live_test_seed43_01,gaze_callback_to_output,2.989875
live_test_seed43_01,gaze_callback_to_output,3.068792
live_test_seed43_01,gaze_callback_to_output,2.732584
live_test_seed43_01,gaze_callback_to_output,2.660917
live_test_seed43_01,gaze_callback_to_output,3.189958
live_test_seed43_01,gaze_callback_to_output,4.84525
live_test_seed43_01,gaze_callback_to_output,2.319
live_test_seed43_01,gaze_callback_to_output,2.95
live_test_seed43_01,gaze_callback_to_output,2.727292
live_test_seed43_01,gaze_callback_to_output,2.849583
live_test_seed43_01,gaze_callback_to_output,3.025458
live_test_seed43_01,gaze_callback_to_output,4.016625
live_test_seed43_01,gaze_callback_to_output,3.016292
live_test_seed43_01,gaze_callback_to_output,7.540708
live_test_seed43_01,gaze_callback_to_output,2.927667
live_test_seed43_01,gaze_callback_to_output,3.133583
live_test_seed43_01,gaze_callback_to_output,2.642292
live_test_seed43_01,gaze_callback_to_output,2.99875
live_test_seed43_01,gaze_callback_to_output,2.874291
live_test_seed43_01,gaze_callback_to_output,4.489041
live_test_seed43_01,gaze_callback_to_output,3.674
live_test_seed43_01,gaze_callback_to_output,2.449625
live_test_seed43_01,gaze_callback_to_output,2.926
live_test_seed43_01,gaze_callback_to_output,2.815792
live_test_seed43_01,gaze_callback_to_output,2.586042
live_test_seed43_01,gaze_callback_to_output,4.743292
live_test_seed43_01,gaze_callback_to_output,3.117417
live_test_seed43_01,gaze_callback_to_output,3.477958
live_test_seed43_01,gaze_callback_to_output,2.557875
live_test_seed43_01,gaze_callback_to_output,3.4355
live_test_seed43_01,gaze_callback_to_output,2.8275
live_test_seed43_01,gaze_callback_to_output,2.691834
live_test_seed43_01,gaze_callback_to_output,4.65
live_test_seed43_01,gaze_callback_to_output,3.209125
live_test_seed43_01,gaze_callback_to_output,3.718625
live_test_seed43_01,gaze_callback_to_output,2.590166
live_test_seed43_01,gaze_callback_to_output,2.786583
live_test_seed43_01,gaze_callback_to_output,2.550666
live_test_seed43_01,gaze_callback_to_output,2.898666
live_test_seed43_01,gaze_callback_to_output,2.609417
live_test_seed43_01,gaze_callback_to_output,3.20075
live_test_seed43_01,gaze_callback_to_output,4.827583
live_test_seed43_01,gaze_callback_to_output,2.95925
live_test_seed43_01,gaze_callback_to_output,3.705416
live_test_seed43_01,gaze_callback_to_output,2.812958
live_test_seed43_01,gaze_callback_to_output,2.829292
live_test_seed43_01,gaze_callback_to_output,2.757042
live_test_seed43_01,gaze_callback_to_output,2.849125
live_test_seed43_01,gaze_callback_to_output,2.939458
live_test_seed43_01,gaze_callback_to_output,4.721916
live_test_seed43_01,gaze_callback_to_output,2.889791
live_test_seed43_01,gaze_callback_to_output,2.88375
live_test_seed43_01,gaze_callback_to_output,2.616667
live_test_seed43_01,gaze_callback_to_output,2.924083
live_test_seed43_01,gaze_callback_to_output,3.499834
live_test_seed43_01,gaze_callback_to_output,3.412042
live_test_seed43_01,gaze_callback_to_output,3.426166
live_test_seed43_01,gaze_callback_to_output,3.781375
live_test_seed43_01,gaze_callback_to_output,2.66625
live_test_seed43_01,gaze_callback_to_output,2.721209
live_test_seed43_01,gaze_callback_to_output,2.636041
live_test_seed43_01,gaze_callback_to_output,2.5815
live_test_seed43_01,gaze_callback_to_output,2.5965
live_test_seed43_01,gaze_callback_to_output,4.771333
live_test_seed43_01,gaze_callback_to_output,3.483375
live_test_seed43_01,gaze_callback_to_output,3.974208
live_test_seed43_01,gaze_callback_to_output,2.383166
live_test_seed43_01,gaze_callback_to_output,2.709708
live_test_seed43_01,gaze_callback_to_output,2.381625
live_test_seed43_01,gaze_callback_to_output,3.048292
live_test_seed43_01,gaze_callback_to_output,3.143708
live_test_seed43_01,gaze_callback_to_output,2.964792
live_test_seed43_01,gaze_callback_to_output,3.000042
live_test_seed43_01,gaze_callback_to_output,3.046833
live_test_seed43_01,gaze_callback_to_output,2.635625
live_test_seed43_01,gaze_callback_to_output,4.968208
live_test_seed43_01,gaze_callback_to_output,3.117125
live_test_seed43_01,gaze_callback_to_output,3.267958
live_test_seed43_01,gaze_callback_to_output,2.663125
live_test_seed43_01,gaze_callback_to_output,2.804625
live_test_seed43_01,gaze_callback_to_output,2.98725
live_test_seed43_01,gaze_callback_to_output,2.800166
live_test_seed43_01,gaze_callback_to_output,2.711916
live_test_seed43_01,gaze_callback_to_output,2.989666
live_test_seed43_01,gaze_callback_to_output,6.104791
live_test_seed43_01,gaze_callback_to_output,3.024833
live_test_seed43_01,gaze_callback_to_output,3.168125
live_test_seed43_01,gaze_callback_to_output,3.079583
live_test_seed43_01,gaze_callback_to_output,3.3255
live_test_seed43_01,gaze_callback_to_output,3.796208
live_test_seed43_01,gaze_callback_to_output,3.854041
live_test_seed43_01,gaze_callback_to_output,2.915709
live_test_seed43_01,gaze_callback_to_output,4.038625
live_test_seed43_01,gaze_callback_to_output,2.873041
live_test_seed43_01,gaze_callback_to_output,4.712792
live_test_seed43_01,gaze_callback_to_output,3.6915
live_test_seed43_01,gaze_callback_to_output,2.894541
live_test_seed43_01,gaze_callback_to_output,2.674917
live_test_seed43_01,gaze_callback_to_output,2.832125
live_test_seed43_01,gaze_callback_to_output,3.262875
live_test_seed43_01,gaze_callback_to_output,3.777083
live_test_seed43_01,gaze_callback_to_output,3.0495
live_test_seed43_01,gaze_callback_to_output,2.951625
live_test_seed43_01,gaze_callback_to_output,2.860042
live_test_seed43_01,gaze_callback_to_output,3.70025
live_test_seed43_01,gaze_callback_to_output,3.611625
live_test_seed43_01,gaze_callback_to_output,4.689959
live_test_seed43_01,gaze_callback_to_output,4.191625
live_test_seed43_01,gaze_callback_to_output,2.677834
live_test_seed43_01,gaze_callback_to_output,2.841125
live_test_seed43_01,gaze_callback_to_output,4.210917
live_test_seed43_01,gaze_callback_to_output,79.827209
live_test_seed43_01,gaze_callback_to_output,2.658959
live_test_seed43_01,gaze_callback_to_output,4.517333
live_test_seed43_01,gaze_callback_to_output,2.726208
live_test_seed43_01,gaze_callback_to_output,3.063292
live_test_seed43_01,gaze_callback_to_output,4.009917
live_test_seed43_01,gaze_callback_to_output,2.722041
live_test_seed43_01,gaze_callback_to_output,3.646041
live_test_seed43_01,gaze_callback_to_output,2.366917
live_test_seed43_01,gaze_callback_to_output,3.480167
live_test_seed43_01,gaze_callback_to_output,2.621875
live_test_seed43_01,gaze_callback_to_output,66.893959
live_test_seed43_01,gaze_callback_to_output,2.500458
live_test_seed43_01,gaze_callback_to_output,2.685042
live_test_seed43_01,gaze_callback_to_output,2.6435
live_test_seed43_01,gaze_callback_to_output,3.003417
live_test_seed43_01,gaze_callback_to_output,2.797083
live_test_seed43_01,gaze_callback_to_output,2.955292
live_test_seed43_01,gaze_callback_to_output,2.781541
live_test_seed43_01,gaze_callback_to_output,2.914708
live_test_seed43_01,gaze_callback_to_output,2.956125
live_test_seed43_01,gaze_callback_to_output,4.962792
live_test_seed43_01,gaze_callback_to_output,2.766875
live_test_seed43_01,gaze_callback_to_output,11.897459
live_test_seed43_01,gaze_callback_to_output,2.76375
live_test_seed43_01,gaze_callback_to_output,2.662417
live_test_seed43_01,gaze_callback_to_output,3.030792
live_test_seed43_01,gaze_callback_to_output,2.623375
live_test_seed43_01,gaze_callback_to_output,3.649625
live_test_seed43_01,gaze_callback_to_output,2.722042
live_test_seed43_01,gaze_callback_to_output,7.800417
live_test_seed43_01,gaze_callback_to_output,2.835041
live_test_seed43_01,gaze_callback_to_output,2.535791
live_test_seed43_01,gaze_callback_to_output,3.146
live_test_seed43_01,gaze_callback_to_output,64.95625
live_test_seed43_01,gaze_callback_to_output,2.865416
live_test_seed43_01,gaze_callback_to_output,2.693375
live_test_seed43_01,gaze_callback_to_output,3.19325
live_test_seed43_01,gaze_callback_to_output,2.506959
live_test_seed43_01,gaze_callback_to_output,4.634125
live_test_seed43_01,gaze_callback_to_output,2.82375
live_test_seed43_01,gaze_callback_to_output,3.566791
live_test_seed43_01,gaze_callback_to_output,3.785041
live_test_seed43_01,gaze_callback_to_output,2.960834
live_test_seed43_01,gaze_callback_to_output,9.645625
live_test_seed43_01,gaze_callback_to_output,3.789
live_test_seed43_01,gaze_callback_to_output,3.258458
live_test_seed43_01,gaze_callback_to_output,5.006875
live_test_seed43_01,gaze_callback_to_output,3.0075
live_test_seed43_01,gaze_callback_to_output,3.074875
live_test_seed43_01,gaze_callback_to_output,3.121666
live_test_seed43_01,gaze_callback_to_output,3.043458
live_test_seed43_01,gaze_callback_to_output,2.673
live_test_seed43_01,gaze_callback_to_output,2.820041
live_test_seed43_01,gaze_callback_to_output,2.896417
live_test_seed43_01,gaze_callback_to_output,3.529125
live_test_seed43_01,gaze_callback_to_output,3.000167
live_test_seed43_01,gaze_callback_to_output,2.730583
live_test_seed43_01,gaze_callback_to_output,2.629791
live_test_seed43_01,gaze_callback_to_output,2.909125
live_test_seed43_01,gaze_callback_to_output,3.025333
live_test_seed43_01,gaze_callback_to_output,2.828
live_test_seed43_01,gaze_callback_to_output,3.115917
live_test_seed43_01,gaze_callback_to_output,3.011167
live_test_seed43_01,gaze_callback_to_output,8.536542
live_test_seed43_01,gaze_callback_to_output,3.008625
live_test_seed43_01,gaze_callback_to_output,2.663666
live_test_seed43_01,gaze_callback_to_output,2.852
live_test_seed43_01,gaze_callback_to_output,2.399584
live_test_seed43_01,gaze_callback_to_output,2.815166
live_test_seed43_01,gaze_callback_to_output,3.002709
live_test_seed43_01,gaze_callback_to_output,4.630625
live_test_seed43_01,gaze_callback_to_output,2.816375
live_test_seed43_01,gaze_callback_to_output,2.849166
live_test_seed43_01,gaze_callback_to_output,2.788167
live_test_seed43_01,gaze_callback_to_output,2.623167
live_test_seed43_01,gaze_callback_to_output,5.563375
live_test_seed43_01,gaze_callback_to_output,2.772125
live_test_seed43_01,gaze_callback_to_output,3.724291
live_test_seed43_01,gaze_callback_to_output,4.7535
live_test_seed43_01,gaze_callback_to_output,4.682834
live_test_seed43_01,gaze_callback_to_output,4.369666
live_test_seed43_01,gaze_callback_to_output,5.110792
live_test_seed43_01,gaze_callback_to_output,4.534208
live_test_seed43_01,gaze_callback_to_output,4.624708
live_test_seed43_01,gaze_callback_to_output,5.001791
live_test_seed43_01,gaze_callback_to_output,4.97825
live_test_seed43_01,gaze_callback_to_output,4.293708
live_test_seed43_01,gaze_callback_to_output,2.899041
live_test_seed43_01,gaze_callback_to_output,3.152916
live_test_seed43_01,gaze_callback_to_output,2.654125
live_test_seed43_01,gaze_callback_to_output,2.6495
live_test_seed43_01,gaze_callback_to_output,2.615125
live_test_seed43_01,gaze_callback_to_output,3.371542
live_test_seed43_01,gaze_callback_to_output,3.077625
live_test_seed43_01,gaze_callback_to_output,2.670959
live_test_seed43_01,gaze_callback_to_output,2.870833
live_test_seed43_01,gaze_callback_to_output,3.218583
live_test_seed43_01,gaze_callback_to_output,4.92475
live_test_seed43_01,gaze_callback_to_output,6.356667
live_test_seed43_01,gaze_callback_to_output,6.49325
live_test_seed43_01,gaze_callback_to_output,4.675542
live_test_seed43_01,gaze_callback_to_output,4.48425
live_test_seed43_01,gaze_callback_to_output,4.458042
live_test_seed43_01,gaze_callback_to_output,4.124167
live_test_seed43_01,gaze_callback_to_output,5.373416
live_test_seed43_01,gaze_callback_to_output,4.37275
live_test_seed43_01,gaze_callback_to_output,4.615416
live_test_seed43_01,gaze_callback_to_output,4.362541
live_test_seed43_01,gaze_callback_to_output,4.287208
live_test_seed43_01,gaze_callback_to_output,3.117416
live_test_seed43_01,gaze_callback_to_output,2.864542
live_test_seed43_01,gaze_callback_to_output,2.910083
live_test_seed43_01,gaze_callback_to_output,6.644208
live_test_seed43_01,gaze_callback_to_output,5.976292
live_test_seed43_01,gaze_callback_to_output,4.653459
live_test_seed43_01,gaze_callback_to_output,4.669417
live_test_seed43_01,gaze_callback_to_output,4.033792
live_test_seed43_01,gaze_callback_to_output,4.621334
live_test_seed43_01,gaze_callback_to_output,2.575083
live_test_seed43_01,gaze_callback_to_output,2.653375
live_test_seed43_01,gaze_callback_to_output,7.252417
live_test_seed43_01,gaze_callback_to_output,2.902125
live_test_seed43_01,gaze_callback_to_output,3.3665
live_test_seed43_01,gaze_callback_to_output,17.040125
live_test_seed43_01,gaze_callback_to_output,3.689792
live_test_seed43_01,gaze_callback_to_output,3.36975
live_test_seed43_01,gaze_callback_to_output,5.140666
live_test_seed43_01,gaze_callback_to_output,3.253541
live_test_seed43_01,gaze_callback_to_output,4.138333
live_test_seed43_01,gaze_callback_to_output,3.548
live_test_seed43_01,gaze_callback_to_output,3.650875
live_test_seed43_01,gaze_callback_to_output,4.553375
live_test_seed43_01,gaze_callback_to_output,2.496792
live_test_seed43_01,gaze_callback_to_output,2.84125
live_test_seed43_01,gaze_callback_to_output,2.484667
old_script_test,intention_inference,2.1688340020773467
old_script_test,intention_inference,1.971917001355905
old_script_test,intention_inference,2.5580419969628565
old_script_test,intention_inference,2.696999999898253
old_script_test,intention_inference,2.304375000676373
old_script_test,intention_inference,2.438167000946123
old_script_test,intention_inference,2.3863749993324745
old_script_test,intention_inference,2.0526670014078263
old_script_test,intention_inference,2.5988330016843975
old_script_test,intention_inference,2.0732500015583355
old_script_test,intention_inference,2.375874999415828
old_script_test,intention_inference,2.3009169999568257
old_script_test,intention_inference,2.175541998440167
old_script_test,intention_inference,65.22324999968987
old_script_test,intention_inference,2.453917000821093
old_script_test,intention_inference,2.189374998124549
old_script_test,intention_inference,2.309291998244589
old_script_test,intention_inference,3.5669170028995723
old_script_test,intention_inference,2.3575000013806857
old_script_test,intention_inference,2.51725000271108
old_script_test,intention_inference,2.503833999071503
old_script_test,intention_inference,1.93970799955423
old_script_test,intention_inference,2.3867919990152586
old_script_test,intention_inference,1.9954170020355377
old_script_test,intention_inference,2.401957997790305
old_script_test,intention_inference,2.6506249996600673
old_script_test,intention_inference,2.746499998465879
old_script_test,intention_inference,2.1827500022482127
old_script_test,intention_inference,3.4653750008146744
old_script_test,intention_inference,2.1347080000850838
old_script_test,intention_inference,2.2110420031822287
old_script_test,intention_inference,2.2983749986451585
old_script_test,intention_inference,2.1452090004459023
old_script_test,intention_inference,2.5984579988289624
old_script_test,intention_inference,2.1415000010165386
old_script_test,intention_inference,2.157499999157153
old_script_test,intention_inference,2.3323749992414378
old_script_test,intention_inference,2.433334000670584
old_script_test,intention_inference,2.4478339983033948
old_script_test,intention_inference,2.3104590000002645
old_script_test,intention_inference,2.188999998907093
old_script_test,intention_inference,2.048750000540167
old_script_test,intention_inference,7.685333999688737
old_script_test,intention_inference,3.1396669983223546
old_script_test,intention_inference,2.054084001429146
old_script_test,intention_inference,2.193833002820611
old_script_test,intention_inference,2.2896660011610948
old_script_test,intention_inference,2.1950829977868125
old_script_test,intention_inference,2.1708339991164394
old_script_test,intention_inference,3.087874996708706
old_script_test,intention_inference,2.3684170009801164
old_script_test,intention_inference,2.1294590005709324
old_script_test,intention_inference,2.163375000236556
old_script_test,intention_inference,2.322416999959387
old_script_test,intention_inference,2.268541997182183
old_script_test,intention_inference,2.2732090001227334
old_script_test,intention_inference,2.9268329999467824
old_script_test,intention_inference,2.3395410025841556
old_script_test,intention_inference,3.0630419969384093
old_script_test,intention_inference,2.314749999641208
old_script_test,intention_inference,2.33499999740161
old_script_test,intention_inference,2.358249999815598
old_script_test,intention_inference,2.965167001093505
old_script_test,intention_inference,2.134999998816056
old_script_test,intention_inference,2.6891249981417786
old_script_test,intention_inference,64.4741249998333
old_script_test,intention_inference,1.9810829980997369
old_script_test,intention_inference,2.204583001002902
old_script_test,intention_inference,2.8714170002785977
old_script_test,intention_inference,3.527083001245046
old_script_test,intention_inference,2.6822910003829747
old_script_test,intention_inference,2.355542001168942
old_script_test,intention_inference,1.9147080020047724
old_script_test,intention_inference,3.2547080008953344
old_script_test,intention_inference,2.049750000878703
old_script_test,intention_inference,2.3410000030708034
old_script_test,intention_inference,2.1955829979560804
old_script_test,intention_inference,1.8275410002388526
old_script_test,intention_inference,2.1828749995620456
old_script_test,intention_inference,2.3966660010046326
old_script_test,intention_inference,1.97291599761229
old_script_test,intention_inference,2.0700000022770837
old_script_test,intention_inference,2.3562919996038545
old_script_test,intention_inference,2.1227920005912893
old_script_test,intention_inference,1.8321249990549404
old_script_test,intention_inference,3.3472499999334104
old_script_test,intention_inference,1.9874589997925796
old_script_test,intention_inference,3.0835420002404135
old_script_test,intention_inference,2.115667000907706
old_script_test,intention_inference,6.7395830010354985
old_script_test,intention_inference,3.1132919975789264
old_script_test,intention_inference,2.2484160035673995
old_script_test,intention_inference,2.2453749988926575
old_script_test,intention_inference,2.1440830023493618
old_script_test,intention_inference,3.5093749975203536
old_script_test,intention_inference,2.0032079992233776
old_script_test,intention_inference,2.08924999969895
old_script_test,intention_inference,2.0754170000145677
old_script_test,intention_inference,2.7600829998846166
old_script_test,intention_inference,3.2227500014414545
old_script_test,intention_inference,1.9007500013685785
old_script_test,intention_inference,2.1131670000613667
old_script_test,intention_inference,2.50837500061607
old_script_test,intention_inference,2.0584999983839225
old_script_test,intention_inference,2.093291997880442
old_script_test,intention_inference,2.9340420005610213
old_script_test,intention_inference,2.0055829991179053
old_script_test,intention_inference,2.890208001190331
old_script_test,intention_inference,14.360332999785896
old_script_test,intention_inference,2.002124998398358
old_script_test,intention_inference,2.6770419972308446
old_script_test,intention_inference,2.8464589995564893
old_script_test,intention_inference,2.4164590031432454
old_script_test,intention_inference,2.675874999113148
old_script_test,intention_inference,2.705165999941528
old_script_test,intention_inference,3.819583002041327
old_script_test,intention_inference,2.3505419994762633
old_script_test,intention_inference,2.2421659996325616
old_script_test,intention_inference,2.5301249988842756
old_script_test,intention_inference,65.16683299923898
old_script_test,intention_inference,2.571749999333406
old_script_test,intention_inference,2.0704999988083728
old_script_test,intention_inference,2.1141670003999025
old_script_test,intention_inference,2.06945900208666
old_script_test,intention_inference,2.3494580018450506
old_script_test,intention_inference,2.4990829988382757
old_script_test,intention_inference,3.228000001399778
old_script_test,intention_inference,3.558125001291046
old_script_test,intention_inference,3.3287080004811287
old_script_test,intention_inference,2.283791000081692
old_script_test,intention_inference,2.7442909995443188
old_script_test,intention_inference,2.282082998135593
old_script_test,intention_inference,2.330541999981506
old_script_test,intention_inference,2.7835000000777654
old_script_test,intention_inference,3.0870830014464445
old_script_test,intention_inference,2.2803329993621446
old_script_test,intention_inference,2.2597079987463076
old_script_test,intention_inference,2.026915997703327
old_script_test,intention_inference,2.137250001396751
old_script_test,intention_inference,3.743707999092294
old_script_test,intention_inference,2.277000003232388
old_script_test,intention_inference,2.1005839989811648
old_script_test,intention_inference,1.9964169987360947
old_script_test,intention_inference,2.4258749981527217
old_script_test,intention_inference,1.8879579984059092
old_script_test,intention_inference,1.891958003398031
old_script_test,intention_inference,2.7987079993181396
old_script_test,intention_inference,3.643500000180211
old_script_test,intention_inference,2.579833999334369
old_script_test,intention_inference,2.7583329974731896
old_script_test,intention_inference,2.0912079999106936
old_script_test,intention_inference,3.092874998401385
old_script_test,intention_inference,2.3810409984434955
old_script_test,intention_inference,2.137332998245256
old_script_test,intention_inference,2.173166998545639
old_script_test,intention_inference,3.7658750006812625
old_script_test,intention_inference,2.38520900165895
old_script_test,intention_inference,66.80425000013201
old_script_test,intention_inference,1.9168750004610047
old_script_test,intention_inference,2.1832909988006577
old_script_test,intention_inference,2.1339580016501714
old_script_test,intention_inference,2.060499999060994
old_script_test,intention_inference,2.546916002756916
old_script_test,intention_inference,2.1927500019955914
old_script_test,intention_inference,2.831334000802599
old_script_test,intention_inference,2.2695000006933697
old_script_test,intention_inference,2.6804590015672147
old_script_test,intention_inference,4.366708002635278
old_script_test,intention_inference,2.2443330017267726
old_script_test,intention_inference,2.1919589999015443
old_script_test,intention_inference,3.7290420004865155
old_script_test,intention_inference,2.126082999893697
old_script_test,intention_inference,3.896833000908373
old_script_test,intention_inference,3.0870000009599607
old_script_test,intention_inference,2.3633750024600886
old_script_test,intention_inference,3.3709999988786876
old_script_test,intention_inference,3.4968750005646143
old_script_test,intention_inference,2.328707996639423
old_script_test,intention_inference,2.2902499986230396
old_script_test,intention_inference,2.1767079997516703
old_script_test,intention_inference,2.775542001472786
old_script_test,intention_inference,3.37750000107917
old_script_test,intention_inference,3.2552080010646023
old_script_test,intention_inference,2.607124999485677
old_script_test,intention_inference,1.9950840032834094
old_script_test,intention_inference,2.011624997976469
old_script_test,intention_inference,2.5019169988809153
old_script_test,intention_inference,2.762500000244472
old_script_test,intention_inference,3.324542001791997
old_script_test,intention_inference,2.1428750005725306
old_script_test,intention_inference,2.8301660022407304
old_script_test,intention_inference,2.3885420014266856
old_script_test,intention_inference,4.082499999640277
old_script_test,intention_inference,1.933832998474827
old_script_test,intention_inference,2.14725000114413
old_script_test,intention_inference,2.1712500019930303
old_script_test,intention_inference,2.3374160009552725
old_script_test,intention_inference,2.320249997865176
old_script_test,intention_inference,2.488124999217689
old_script_test,pose_inference,2.0085409996681847
old_script_test,pose_inference,1.7619169993849937
old_script_test,pose_inference,2.03045799935353
old_script_test,pose_inference,1.9712920002348255
old_script_test,pose_inference,1.832208003179403
old_script_test,pose_inference,1.6064579976955429
old_script_test,pose_inference,2.2805419976066332
old_script_test,pose_inference,2.37133400150924
old_script_test,pose_inference,1.8957079992105719
old_script_test,pose_inference,1.699332999123726
old_script_test,pose_inference,1.5037079974717926
old_script_test,pose_inference,2.3706249994575046
old_script_test,pose_inference,2.017416001763195
old_script_test,pose_inference,2.0704999988083728
old_script_test,pose_inference,1.5903329986031167
old_script_test,pose_inference,1.7879590013762936
old_script_test,pose_inference,1.5809579999768175
old_script_test,pose_inference,1.857499999459833
old_script_test,pose_inference,2.5272500024584588
old_script_test,pose_inference,1.9429999993008096
old_script_test,pose_inference,1.878458002465777
old_script_test,pose_inference,2.018832998146536
old_script_test,pose_inference,1.7182500014314428
old_script_test,pose_inference,1.965666000614874
old_script_test,pose_inference,2.656583001225954
old_script_test,pose_inference,1.9021250009245705
old_script_test,pose_inference,1.5295830016839318
old_script_test,pose_inference,2.037584003119264
old_script_test,pose_inference,2.01424999977462
old_script_test,pose_inference,1.9974579990957864
old_script_test,pose_inference,2.559458000177983
old_script_test,pose_inference,2.1729170002799947
old_script_test,pose_inference,3.0129580009088386
old_script_test,pose_inference,1.824708997446578
old_script_test,pose_inference,2.6751669975055847
old_script_test,pose_inference,2.3149170010583475
old_script_test,pose_inference,1.9273340003564954
old_script_test,pose_inference,1.6051669990702067
old_script_test,pose_inference,2.24158299897681
old_script_test,pose_inference,2.9859999995096587
old_script_test,pose_inference,1.7645000007178169
old_script_test,pose_inference,1.7895000019052532
old_script_test,pose_inference,2.0407920019351877
old_script_test,pose_inference,2.378500001213979
old_script_test,pose_inference,2.0911669998895377
old_script_test,pose_inference,2.3728330015728716
old_script_test,pose_inference,2.1401659978437237
old_script_test,pose_inference,2.7965420013060793
old_script_test,pose_inference,1.7667909996816888
old_script_test,pose_inference,1.5907090019027237
old_script_test,pose_inference,1.9654580028145574
old_script_test,pose_inference,1.6500830024597235
old_script_test,pose_inference,2.434333997371141
old_script_test,pose_inference,2.437750001263339
old_script_test,pose_inference,1.5329160014516674
old_script_test,pose_inference,1.9600000014179386
old_script_test,pose_inference,2.155207999749109
old_script_test,pose_inference,1.8680000030144583
old_script_test,pose_inference,2.121082998201018
old_script_test,pose_inference,1.9594580007833429
old_script_test,pose_inference,1.7547499992360827
old_script_test,pose_inference,2.7097909987787716
old_script_test,pose_inference,2.143083998817019
old_script_test,pose_inference,1.6194999989238568
old_script_test,pose_inference,1.6987909984891303
old_script_test,pose_inference,2.7592500009632204
old_script_test,pose_inference,2.2704580005665775
old_script_test,pose_inference,2.0454590012377594
old_script_test,pose_inference,2.134207999915816
old_script_test,pose_inference,1.5801670015207492
old_script_test,pose_inference,2.3346250018221326
old_script_test,pose_inference,2.1073339994472917
old_script_test,pose_inference,1.656125001318287
old_script_test,pose_inference,1.7003329994622618
old_script_test,pose_inference,2.0017919996462297
old_script_test,pose_inference,1.708332998532569
old_script_test,pose_inference,2.322457999980543
old_script_test,pose_inference,2.924916996562388
old_script_test,pose_inference,1.697499999863794
old_script_test,pose_inference,1.722290999168763
old_script_test,pose_inference,2.3192920016299468
old_script_test,pose_inference,1.5843750006752089
old_script_test,pose_inference,1.644541000132449
old_script_test,pose_inference,2.38924999939627
old_script_test,pose_inference,2.1249999990686774
old_script_test,pose_inference,1.9866669972543605
old_script_test,pose_inference,1.7885420020320453
old_script_test,pose_inference,2.0121669986110646
old_script_test,pose_inference,2.254167000501184
old_script_test,pose_inference,3.4621670019987505
old_script_test,pose_inference,1.6707909999240655
old_script_test,pose_inference,1.5709580002294388
old_script_test,pose_inference,1.9309590024931822
old_script_test,pose_inference,2.258583001093939
old_script_test,feature_to_output,2.86225
old_script_test,feature_to_output,4.510583
old_script_test,feature_to_output,4.891083
old_script_test,feature_to_output,3.29225
old_script_test,feature_to_output,3.065667
old_script_test,feature_to_output,3.31575
old_script_test,feature_to_output,4.785875
old_script_test,feature_to_output,2.839292
old_script_test,feature_to_output,3.413375
old_script_test,feature_to_output,4.821125
old_script_test,feature_to_output,6.198875
old_script_test,feature_to_output,4.813084
old_script_test,feature_to_output,4.313583
old_script_test,feature_to_output,68.229208
old_script_test,feature_to_output,5.418917
old_script_test,feature_to_output,4.901125
old_script_test,feature_to_output,4.672792
old_script_test,feature_to_output,6.058542
old_script_test,feature_to_output,5.381208
old_script_test,feature_to_output,5.058833
old_script_test,feature_to_output,5.541084
old_script_test,feature_to_output,4.288542
old_script_test,feature_to_output,4.863291
old_script_test,feature_to_output,4.147125
old_script_test,feature_to_output,5.721959
old_script_test,feature_to_output,6.302125
old_script_test,feature_to_output,6.101084
old_script_test,feature_to_output,4.861375
old_script_test,feature_to_output,6.389292
old_script_test,feature_to_output,4.326083
old_script_test,feature_to_output,4.931875
old_script_test,feature_to_output,3.048541
old_script_test,feature_to_output,2.958583
old_script_test,feature_to_output,3.065083
old_script_test,feature_to_output,2.832917
old_script_test,feature_to_output,3.054084
old_script_test,feature_to_output,4.230625
old_script_test,feature_to_output,2.928209
old_script_test,feature_to_output,3.343625
old_script_test,feature_to_output,2.914666
old_script_test,feature_to_output,2.896458
old_script_test,feature_to_output,2.87525
old_script_test,feature_to_output,8.687875
old_script_test,feature_to_output,3.673792
old_script_test,feature_to_output,2.623583
old_script_test,feature_to_output,2.895458
old_script_test,feature_to_output,2.789833
old_script_test,feature_to_output,2.691584
old_script_test,feature_to_output,2.733292
old_script_test,feature_to_output,3.79925
old_script_test,feature_to_output,5.884667
old_script_test,feature_to_output,4.737833
old_script_test,feature_to_output,4.247
old_script_test,feature_to_output,4.907417
old_script_test,feature_to_output,5.064833
old_script_test,feature_to_output,4.802708
old_script_test,feature_to_output,6.578083
old_script_test,feature_to_output,5.325583
old_script_test,feature_to_output,8.078542
old_script_test,feature_to_output,3.148583
old_script_test,feature_to_output,2.8965
old_script_test,feature_to_output,2.959834
old_script_test,feature_to_output,4.106917
old_script_test,feature_to_output,4.774708
old_script_test,feature_to_output,7.123541
old_script_test,feature_to_output,67.625083
old_script_test,feature_to_output,4.676292
old_script_test,feature_to_output,4.45275
old_script_test,feature_to_output,5.957375
old_script_test,feature_to_output,7.3715
old_script_test,feature_to_output,5.090833
old_script_test,feature_to_output,4.81825
old_script_test,feature_to_output,2.755042
old_script_test,feature_to_output,3.788916
old_script_test,feature_to_output,2.577334
old_script_test,feature_to_output,2.820541
old_script_test,feature_to_output,2.918833
old_script_test,feature_to_output,2.407958
old_script_test,feature_to_output,2.645
old_script_test,feature_to_output,2.850209
old_script_test,feature_to_output,2.69
old_script_test,feature_to_output,2.792333
old_script_test,feature_to_output,2.990875
old_script_test,feature_to_output,3.020542
old_script_test,feature_to_output,2.676709
old_script_test,feature_to_output,4.143959
old_script_test,feature_to_output,2.654
old_script_test,feature_to_output,4.275334
old_script_test,feature_to_output,2.888459
old_script_test,feature_to_output,10.0325
old_script_test,feature_to_output,6.596541
old_script_test,feature_to_output,2.843541
old_script_test,feature_to_output,2.972083
old_script_test,feature_to_output,2.88575
old_script_test,feature_to_output,4.135792
old_script_test,feature_to_output,2.500083
old_script_test,feature_to_output,4.728666
old_script_test,feature_to_output,5.047625
old_script_test,feature_to_output,5.476708
old_script_test,feature_to_output,6.725042
old_script_test,feature_to_output,10.174708
old_script_test,feature_to_output,4.497583
old_script_test,feature_to_output,5.296958
old_script_test,feature_to_output,4.642666
old_script_test,feature_to_output,2.828375
old_script_test,feature_to_output,3.788459
old_script_test,feature_to_output,2.545041
old_script_test,feature_to_output,3.462333
old_script_test,feature_to_output,15.286
old_script_test,feature_to_output,2.852792
old_script_test,feature_to_output,5.846458
old_script_test,feature_to_output,6.160709
old_script_test,feature_to_output,4.516333
old_script_test,feature_to_output,5.288083
old_script_test,feature_to_output,5.650791
old_script_test,feature_to_output,6.234583
old_script_test,feature_to_output,5.111709
old_script_test,feature_to_output,5.147708
old_script_test,feature_to_output,4.869667
old_script_test,feature_to_output,68.733125
old_script_test,feature_to_output,5.672208
old_script_test,feature_to_output,4.442917
old_script_test,feature_to_output,4.534541
old_script_test,feature_to_output,2.812417
old_script_test,feature_to_output,3.035875
old_script_test,feature_to_output,3.182166
old_script_test,feature_to_output,4.330083
old_script_test,feature_to_output,4.639792
old_script_test,feature_to_output,4.407667
old_script_test,feature_to_output,3.215
old_script_test,feature_to_output,3.527291
old_script_test,feature_to_output,2.992125
old_script_test,feature_to_output,2.92925
old_script_test,feature_to_output,3.511208
old_script_test,feature_to_output,3.614375
old_script_test,feature_to_output,2.973333
old_script_test,feature_to_output,3.192916
old_script_test,feature_to_output,2.745
old_script_test,feature_to_output,3.296833
old_script_test,feature_to_output,4.320083
old_script_test,feature_to_output,3.031291
old_script_test,feature_to_output,2.852542
old_script_test,feature_to_output,2.789292
old_script_test,feature_to_output,3.372209
old_script_test,feature_to_output,2.397875
old_script_test,feature_to_output,2.817167
old_script_test,feature_to_output,3.526584
old_script_test,feature_to_output,4.287334
old_script_test,feature_to_output,5.919833
old_script_test,feature_to_output,5.851084
old_script_test,feature_to_output,4.85
old_script_test,feature_to_output,6.059167
old_script_test,feature_to_output,4.650208
old_script_test,feature_to_output,5.19725
old_script_test,feature_to_output,2.663917
old_script_test,feature_to_output,5.652292
old_script_test,feature_to_output,2.922875
old_script_test,feature_to_output,67.527541
old_script_test,feature_to_output,4.778041
old_script_test,feature_to_output,4.358584
old_script_test,feature_to_output,4.825042
old_script_test,feature_to_output,3.342625
old_script_test,feature_to_output,3.185958
old_script_test,feature_to_output,2.716291
old_script_test,feature_to_output,3.846542
old_script_test,feature_to_output,2.913167
old_script_test,feature_to_output,3.599959
old_script_test,feature_to_output,5.123167
old_script_test,feature_to_output,2.798791
old_script_test,feature_to_output,2.935542
old_script_test,feature_to_output,6.608583
old_script_test,feature_to_output,2.605625
old_script_test,feature_to_output,4.460959
old_script_test,feature_to_output,3.766083
old_script_test,feature_to_output,5.450708
old_script_test,feature_to_output,5.675125
old_script_test,feature_to_output,6.637708
old_script_test,feature_to_output,6.417458
old_script_test,feature_to_output,4.760042
old_script_test,feature_to_output,4.629541
old_script_test,feature_to_output,6.066083
old_script_test,feature_to_output,5.09275
old_script_test,feature_to_output,5.058
old_script_test,feature_to_output,4.525
old_script_test,feature_to_output,4.1385
old_script_test,feature_to_output,4.573792
old_script_test,feature_to_output,5.949958
old_script_test,feature_to_output,5.835291
old_script_test,feature_to_output,6.338292
old_script_test,feature_to_output,4.676791
old_script_test,feature_to_output,5.49425
old_script_test,feature_to_output,5.236833
old_script_test,feature_to_output,8.29075
old_script_test,feature_to_output,4.283667
old_script_test,feature_to_output,4.205959
old_script_test,feature_to_output,4.729167
old_script_test,feature_to_output,5.414125
old_script_test,feature_to_output,3.2335
old_script_test,feature_to_output,3.227666
old_script_test,gaze_callback_to_output,2.863958
old_script_test,gaze_callback_to_output,4.515541
old_script_test,gaze_callback_to_output,4.893333
old_script_test,gaze_callback_to_output,3.295333
old_script_test,gaze_callback_to_output,3.068583
old_script_test,gaze_callback_to_output,3.318
old_script_test,gaze_callback_to_output,4.79075
old_script_test,gaze_callback_to_output,2.841875
old_script_test,gaze_callback_to_output,3.416917
old_script_test,gaze_callback_to_output,4.823667
old_script_test,gaze_callback_to_output,6.20075
old_script_test,gaze_callback_to_output,4.815084
old_script_test,gaze_callback_to_output,4.315208
old_script_test,gaze_callback_to_output,68.245833
old_script_test,gaze_callback_to_output,5.420875
old_script_test,gaze_callback_to_output,4.903417
old_script_test,gaze_callback_to_output,4.675042
old_script_test,gaze_callback_to_output,6.064667
old_script_test,gaze_callback_to_output,5.383125
old_script_test,gaze_callback_to_output,5.061416
old_script_test,gaze_callback_to_output,5.544084
old_script_test,gaze_callback_to_output,4.290667
old_script_test,gaze_callback_to_output,4.865333
old_script_test,gaze_callback_to_output,4.149333
old_script_test,gaze_callback_to_output,5.736334
old_script_test,gaze_callback_to_output,6.30375
old_script_test,gaze_callback_to_output,6.108917
old_script_test,gaze_callback_to_output,4.864083
old_script_test,gaze_callback_to_output,6.399333
old_script_test,gaze_callback_to_output,4.327958
old_script_test,gaze_callback_to_output,4.938667
old_script_test,gaze_callback_to_output,3.050666
old_script_test,gaze_callback_to_output,2.962917
old_script_test,gaze_callback_to_output,3.067167
old_script_test,gaze_callback_to_output,2.834958
old_script_test,gaze_callback_to_output,3.056459
old_script_test,gaze_callback_to_output,4.236541
old_script_test,gaze_callback_to_output,2.930167
old_script_test,gaze_callback_to_output,3.346292
old_script_test,gaze_callback_to_output,2.918833
old_script_test,gaze_callback_to_output,2.899042
old_script_test,gaze_callback_to_output,2.877375
old_script_test,gaze_callback_to_output,8.69375
old_script_test,gaze_callback_to_output,3.67625
old_script_test,gaze_callback_to_output,2.625791
old_script_test,gaze_callback_to_output,2.897667
old_script_test,gaze_callback_to_output,2.79225
old_script_test,gaze_callback_to_output,2.693542
old_script_test,gaze_callback_to_output,2.735209
old_script_test,gaze_callback_to_output,3.802208
old_script_test,gaze_callback_to_output,5.886542
old_script_test,gaze_callback_to_output,4.740625
old_script_test,gaze_callback_to_output,4.249125
old_script_test,gaze_callback_to_output,4.909625
old_script_test,gaze_callback_to_output,5.067333
old_script_test,gaze_callback_to_output,4.804583
old_script_test,gaze_callback_to_output,6.581208
old_script_test,gaze_callback_to_output,5.329
old_script_test,gaze_callback_to_output,8.081417
old_script_test,gaze_callback_to_output,3.150792
old_script_test,gaze_callback_to_output,2.899583
old_script_test,gaze_callback_to_output,2.9615
old_script_test,gaze_callback_to_output,4.109
old_script_test,gaze_callback_to_output,4.777125
old_script_test,gaze_callback_to_output,7.126708
old_script_test,gaze_callback_to_output,67.628958
old_script_test,gaze_callback_to_output,4.678959
old_script_test,gaze_callback_to_output,4.454916
old_script_test,gaze_callback_to_output,5.959125
old_script_test,gaze_callback_to_output,7.375459
old_script_test,gaze_callback_to_output,5.094791
old_script_test,gaze_callback_to_output,4.820209
old_script_test,gaze_callback_to_output,2.757417
old_script_test,gaze_callback_to_output,3.794208
old_script_test,gaze_callback_to_output,2.591417
old_script_test,gaze_callback_to_output,2.821958
old_script_test,gaze_callback_to_output,2.921458
old_script_test,gaze_callback_to_output,2.411458
old_script_test,gaze_callback_to_output,2.646584
old_script_test,gaze_callback_to_output,2.851709
old_script_test,gaze_callback_to_output,2.692167
old_script_test,gaze_callback_to_output,2.794125
old_script_test,gaze_callback_to_output,2.99275
old_script_test,gaze_callback_to_output,3.022375
old_script_test,gaze_callback_to_output,2.679042
old_script_test,gaze_callback_to_output,4.146375
old_script_test,gaze_callback_to_output,2.656208
old_script_test,gaze_callback_to_output,4.279584
old_script_test,gaze_callback_to_output,2.890709
old_script_test,gaze_callback_to_output,10.037583
old_script_test,gaze_callback_to_output,6.600375
old_script_test,gaze_callback_to_output,2.845458
old_script_test,gaze_callback_to_output,2.974375
old_script_test,gaze_callback_to_output,2.888208
old_script_test,gaze_callback_to_output,4.138292
old_script_test,gaze_callback_to_output,2.502125
old_script_test,gaze_callback_to_output,4.730666
old_script_test,gaze_callback_to_output,5.05025
old_script_test,gaze_callback_to_output,5.478333
old_script_test,gaze_callback_to_output,6.728
old_script_test,gaze_callback_to_output,10.178875
old_script_test,gaze_callback_to_output,4.500083
old_script_test,gaze_callback_to_output,5.299833
old_script_test,gaze_callback_to_output,4.644541
old_script_test,gaze_callback_to_output,2.830542
old_script_test,gaze_callback_to_output,3.791417
old_script_test,gaze_callback_to_output,2.546333
old_script_test,gaze_callback_to_output,3.464292
old_script_test,gaze_callback_to_output,15.291417
old_script_test,gaze_callback_to_output,2.855125
old_script_test,gaze_callback_to_output,5.851333
old_script_test,gaze_callback_to_output,6.162625
old_script_test,gaze_callback_to_output,4.519375
old_script_test,gaze_callback_to_output,5.291208
old_script_test,gaze_callback_to_output,5.653458
old_script_test,gaze_callback_to_output,6.238041
old_script_test,gaze_callback_to_output,5.116875
old_script_test,gaze_callback_to_output,5.149375
old_script_test,gaze_callback_to_output,4.871125
old_script_test,gaze_callback_to_output,68.737375
old_script_test,gaze_callback_to_output,5.674416
old_script_test,gaze_callback_to_output,4.444542
old_script_test,gaze_callback_to_output,4.536
old_script_test,gaze_callback_to_output,2.814708
old_script_test,gaze_callback_to_output,3.040958
old_script_test,gaze_callback_to_output,3.185
old_script_test,gaze_callback_to_output,4.333208
old_script_test,gaze_callback_to_output,4.642042
old_script_test,gaze_callback_to_output,4.410834
old_script_test,gaze_callback_to_output,3.217167
old_script_test,gaze_callback_to_output,3.53225
old_script_test,gaze_callback_to_output,2.994292
old_script_test,gaze_callback_to_output,2.931625
old_script_test,gaze_callback_to_output,3.513041
old_script_test,gaze_callback_to_output,3.615958
old_script_test,gaze_callback_to_output,2.975458
old_script_test,gaze_callback_to_output,3.194708
old_script_test,gaze_callback_to_output,2.747125
old_script_test,gaze_callback_to_output,3.298458
old_script_test,gaze_callback_to_output,4.322792
old_script_test,gaze_callback_to_output,3.032958
old_script_test,gaze_callback_to_output,2.854625
old_script_test,gaze_callback_to_output,2.7915
old_script_test,gaze_callback_to_output,3.374417
old_script_test,gaze_callback_to_output,2.399875
old_script_test,gaze_callback_to_output,2.819167
old_script_test,gaze_callback_to_output,3.528667
old_script_test,gaze_callback_to_output,4.29025
old_script_test,gaze_callback_to_output,5.92175
old_script_test,gaze_callback_to_output,5.852792
old_script_test,gaze_callback_to_output,4.865708
old_script_test,gaze_callback_to_output,6.060959
old_script_test,gaze_callback_to_output,4.652708
old_script_test,gaze_callback_to_output,5.199167
old_script_test,gaze_callback_to_output,2.665875
old_script_test,gaze_callback_to_output,5.659917
old_script_test,gaze_callback_to_output,2.924375
old_script_test,gaze_callback_to_output,67.530916
old_script_test,gaze_callback_to_output,4.780041
old_script_test,gaze_callback_to_output,4.360334
old_script_test,gaze_callback_to_output,4.827792
old_script_test,gaze_callback_to_output,3.345125
old_script_test,gaze_callback_to_output,3.18825
old_script_test,gaze_callback_to_output,2.718041
old_script_test,gaze_callback_to_output,3.84975
old_script_test,gaze_callback_to_output,2.915375
old_script_test,gaze_callback_to_output,3.601667
old_script_test,gaze_callback_to_output,5.125542
old_script_test,gaze_callback_to_output,2.801916
old_script_test,gaze_callback_to_output,2.9375
old_script_test,gaze_callback_to_output,6.615166
old_script_test,gaze_callback_to_output,2.6075
old_script_test,gaze_callback_to_output,4.4635
old_script_test,gaze_callback_to_output,3.772875
old_script_test,gaze_callback_to_output,5.45375
old_script_test,gaze_callback_to_output,5.678083
old_script_test,gaze_callback_to_output,6.64225
old_script_test,gaze_callback_to_output,6.418958
old_script_test,gaze_callback_to_output,4.761792
old_script_test,gaze_callback_to_output,4.63175
old_script_test,gaze_callback_to_output,6.068667
old_script_test,gaze_callback_to_output,5.096667
old_script_test,gaze_callback_to_output,5.062292
old_script_test,gaze_callback_to_output,4.529167
old_script_test,gaze_callback_to_output,4.140583
old_script_test,gaze_callback_to_output,4.57575
old_script_test,gaze_callback_to_output,5.951667
old_script_test,gaze_callback_to_output,5.837916
old_script_test,gaze_callback_to_output,6.346667
old_script_test,gaze_callback_to_output,4.678666
old_script_test,gaze_callback_to_output,5.498084
old_script_test,gaze_callback_to_output,5.239
old_script_test,gaze_callback_to_output,8.292333
old_script_test,gaze_callback_to_output,4.286
old_script_test,gaze_callback_to_output,4.207709
old_script_test,gaze_callback_to_output,4.731917
old_script_test,gaze_callback_to_output,5.416
old_script_test,gaze_callback_to_output,3.236709
old_script_test,gaze_callback_to_output,3.229208
original_live_script,intention_inference,2.466165999067016
original_live_script,intention_inference,77.70945800075424
original_live_script,intention_inference,2.4541670027247164
original_live_script,intention_inference,2.1060420003777836
original_live_script,intention_inference,2.158875002351124
original_live_script,intention_inference,2.614666002045851
original_live_script,intention_inference,2.709166998101864
original_live_script,intention_inference,1.918917001603404
original_live_script,intention_inference,2.1025410023867153
original_live_script,intention_inference,1.8719999970926438
original_live_script,intention_inference,2.1607919989037327
original_live_script,intention_inference,2.151749999029562
original_live_script,intention_inference,2.5346670008730143
original_live_script,intention_inference,2.0351250022940803
original_live_script,intention_inference,3.0243340006563812
original_live_script,intention_inference,2.2411250029108487
original_live_script,intention_inference,1.977374999114545
original_live_script,intention_inference,1.9478329995763488
original_live_script,intention_inference,2.238916997157503
original_live_script,intention_inference,2.7529590006452054
original_live_script,intention_inference,2.2072499996284023
original_live_script,intention_inference,2.0300840005802456
original_live_script,intention_inference,2.5026250004884787
original_live_script,intention_inference,2.7537080022739246
original_live_script,intention_inference,2.123499998560874
original_live_script,intention_inference,2.8563330015458632
original_live_script,intention_inference,2.771041999949375
original_live_script,intention_inference,2.351082999666687
original_live_script,intention_inference,2.227541997854132
original_live_script,intention_inference,2.3553749997518025
original_live_script,intention_inference,2.6077500006067567
original_live_script,intention_inference,2.9002919982303865
original_live_script,intention_inference,2.7211669985263143
original_live_script,intention_inference,2.2066249985073227
original_live_script,intention_inference,1.9094579984084703
original_live_script,intention_inference,2.744500001426786
original_live_script,intention_inference,1.8243749982502777
original_live_script,intention_inference,2.6615420028974768
original_live_script,intention_inference,1.962124999408843
original_live_script,intention_inference,2.085707998048747
original_live_script,intention_inference,1.8625830016389955
original_live_script,intention_inference,1.8859169977076817
original_live_script,intention_inference,2.0590419990185183
original_live_script,intention_inference,2.0598330011125654
original_live_script,intention_inference,2.2121250003692694
original_live_script,intention_inference,2.0372500002849847
original_live_script,intention_inference,2.722958000958897
original_live_script,intention_inference,3.462000000581611
original_live_script,intention_inference,2.7978329999314155
original_live_script,intention_inference,2.4617910021333955
original_live_script,intention_inference,2.3984170002222527
original_live_script,intention_inference,67.81037499968079
original_live_script,intention_inference,1.9178339971404057
original_live_script,intention_inference,1.8823330028681085
original_live_script,intention_inference,2.3684169973421376
original_live_script,intention_inference,1.9719159972737543
original_live_script,intention_inference,2.452208998874994
original_live_script,intention_inference,2.23612500121817
original_live_script,intention_inference,2.238375000160886
original_live_script,intention_inference,2.010125001106644
original_live_script,intention_inference,5.537291999644367
original_live_script,intention_inference,62.15429099756875
original_live_script,intention_inference,2.3781250019965228
original_live_script,intention_inference,1.8737499995040707
original_live_script,intention_inference,1.9924579974031076
original_live_script,intention_inference,2.01158300114912
original_live_script,intention_inference,2.040374998614425
original_live_script,intention_inference,2.072290997602977
original_live_script,intention_inference,1.7802500005927868
original_live_script,intention_inference,2.2314999987429474
original_live_script,intention_inference,2.607624999654945
original_live_script,intention_inference,1.987708001252031
original_live_script,intention_inference,2.19483399996534
original_live_script,intention_inference,1.9696250019478612
original_live_script,intention_inference,1.991791999898851
original_live_script,intention_inference,2.7349590018275194
original_live_script,intention_inference,1.8950419980683364
original_live_script,intention_inference,1.8337500005145557
original_live_script,intention_inference,10.856666998734
original_live_script,intention_inference,2.477458998328075
original_live_script,intention_inference,1.983666999876732
original_live_script,intention_inference,2.9443339990393724
original_live_script,intention_inference,1.926625001942739
original_live_script,intention_inference,2.100916997733293
original_live_script,intention_inference,3.1724590007797815
original_live_script,intention_inference,2.4290830006066244
original_live_script,intention_inference,2.647583998623304
original_live_script,intention_inference,2.5886250004987232
original_live_script,intention_inference,2.4528750000172295
original_live_script,intention_inference,66.02429100166773
original_live_script,intention_inference,2.4358340015169233
original_live_script,intention_inference,1.9329580027260818
original_live_script,intention_inference,1.8250830034958199
original_live_script,intention_inference,1.8707500021264423
original_live_script,intention_inference,2.055541997833643
original_live_script,intention_inference,2.3765000005369075
original_live_script,intention_inference,2.114292001351714
original_live_script,intention_inference,2.402625003014691
original_live_script,intention_inference,2.13649999932386
original_live_script,intention_inference,2.477334001014242
original_live_script,intention_inference,2.1577080005954485
original_live_script,intention_inference,2.823749997332925
original_live_script,intention_inference,3.5485420012264512
original_live_script,intention_inference,2.0734169993374962
original_live_script,intention_inference,2.3308329982683063
original_live_script,intention_inference,2.036750000115717
original_live_script,intention_inference,2.2579169999517035
original_live_script,intention_inference,1.9790410005953163
original_live_script,intention_inference,2.2800000006100163
original_live_script,intention_inference,2.2225419997994322
original_live_script,intention_inference,1.8037920017377473
original_live_script,intention_inference,2.14770800084807
original_live_script,intention_inference,2.096917000017129
original_live_script,intention_inference,2.5283750001108274
original_live_script,intention_inference,1.894749999337364
original_live_script,intention_inference,2.147166000213474
original_live_script,intention_inference,2.6462920031917747
original_live_script,intention_inference,77.03862500056857
original_live_script,intention_inference,1.7973329995584209
original_live_script,intention_inference,2.6710829988587648
original_live_script,intention_inference,2.61612499889452
original_live_script,intention_inference,1.9003339984919876
original_live_script,intention_inference,2.071791997877881
original_live_script,intention_inference,2.0486670000536833
original_live_script,intention_inference,1.9734589986910578
original_live_script,intention_inference,2.1334170014597476
original_live_script,intention_inference,5.673499999829801
original_live_script,intention_inference,2.8387090023898054
original_live_script,intention_inference,1.9474580003588926
original_live_script,intention_inference,2.3409999994328246
original_live_script,intention_inference,2.2303750010905787
original_live_script,intention_inference,3.3027089993993286
original_live_script,intention_inference,2.5589159995433874
original_live_script,intention_inference,2.033958997344598
original_live_script,intention_inference,2.2282079989963677
original_live_script,intention_inference,2.3523749987361953
original_live_script,intention_inference,3.692917001899332
original_live_script,intention_inference,2.65604200103553
original_live_script,intention_inference,2.3032080025586765
original_live_script,intention_inference,2.3137499993026722
original_live_script,intention_inference,1.897041998745408
original_live_script,intention_inference,72.26579100097297
original_live_script,intention_inference,2.3280410023289733
original_live_script,intention_inference,3.227875000447966
original_live_script,intention_inference,2.4760830019658897
original_live_script,intention_inference,2.6261669991072267
original_live_script,intention_inference,2.3670409973419737
original_live_script,intention_inference,2.421625002170913
original_live_script,intention_inference,2.012083998124581
original_live_script,intention_inference,2.071292001346592
original_live_script,intention_inference,2.2915839981578756
original_live_script,intention_inference,1.8818749995261896
original_live_script,intention_inference,2.119875000062166
original_live_script,intention_inference,2.2577500021725427
original_live_script,intention_inference,1.8411659984849393
original_live_script,intention_inference,2.256291998492088
original_live_script,intention_inference,2.0046669997100253
original_live_script,intention_inference,2.296667000337038
original_live_script,intention_inference,2.1492919986485504
original_live_script,intention_inference,2.744666002399754
original_live_script,intention_inference,2.253667000331916
original_live_script,intention_inference,2.120707998983562
original_live_script,intention_inference,1.905582998006139
original_live_script,intention_inference,3.488458998617716
original_live_script,intention_inference,2.7159999990544748
original_live_script,intention_inference,2.1522919996641576
original_live_script,intention_inference,2.157541999622481
original_live_script,intention_inference,2.88116600131616
original_live_script,intention_inference,2.2426670002460014
original_live_script,intention_inference,3.3368749973305967
original_live_script,intention_inference,2.1461670003191102
original_live_script,intention_inference,2.9542919983214233
original_live_script,intention_inference,2.017708000494167
original_live_script,intention_inference,2.0925829994666856
original_live_script,intention_inference,2.921666000474943
original_live_script,intention_inference,2.015500002016779
original_live_script,intention_inference,3.2295829987560865
original_live_script,intention_inference,2.7620000000752043
original_live_script,intention_inference,1.6169170012290124
original_live_script,intention_inference,2.113124999596039
original_live_script,intention_inference,2.2870829998282716
original_live_script,intention_inference,1.954458002728643
original_live_script,intention_inference,2.761667001323076
original_live_script,intention_inference,2.6842910010600463
original_live_script,intention_inference,2.2542919978150167
original_live_script,intention_inference,2.3341250016528647
original_live_script,intention_inference,2.8839580008934718
original_live_script,intention_inference,3.4455419990990777
original_live_script,intention_inference,3.227166998840403
original_live_script,intention_inference,2.3589170014020056
original_live_script,intention_inference,3.218084002583055
original_live_script,intention_inference,2.38133399761864
original_live_script,intention_inference,2.18620800296776
original_live_script,pose_inference,68.67583400162403
original_live_script,pose_inference,2.0800829988729674
original_live_script,pose_inference,1.8392499987385236
original_live_script,pose_inference,1.5579579994664527
original_live_script,pose_inference,2.4237090001406614
original_live_script,pose_inference,1.5702500022598542
original_live_script,pose_inference,1.7764170006557833
original_live_script,pose_inference,2.237917000456946
original_live_script,pose_inference,2.1576250001089647
original_live_script,pose_inference,1.3816249993396923
original_live_script,pose_inference,2.034375000221189
original_live_script,pose_inference,1.6815000017231796
original_live_script,pose_inference,1.9702910030900966
original_live_script,pose_inference,2.720332999160746
original_live_script,pose_inference,2.0952500017301645
original_live_script,pose_inference,1.4664580012322403
original_live_script,pose_inference,2.113416001520818
original_live_script,pose_inference,2.2699170003761537
original_live_script,pose_inference,2.164749999792548
original_live_script,pose_inference,1.7179589995066635
original_live_script,pose_inference,1.7530420009279624
original_live_script,pose_inference,1.769457998307189
original_live_script,pose_inference,1.688166998064844
