level,group,domain,method,samples,denominator,coverage,accuracy,macro_f1,macro_f1_supported,position_mean_cm,position_median_cm,position_rmse_cm,orientation_mean_deg,orientation_median_deg,position_mean_difference_cm,position_median_difference_cm,orientation_mean_difference_deg,learned_win_fraction,estimate,ci_lower,ci_upper,status,metric_contributing_clusters,valid_replicate_fraction
window,all,classification,intention,2199,2199.0,1.0,0.888130968622101,0.8375835467990379,0.8375835467990379,,,,,,,,,,,,,,,
window,all,classification,assistance,2199,2199.0,1.0,0.9095043201455207,0.8951352802117418,0.8951352802117418,,,,,,,,,,,,,,,
window,all,classification,assistance_type_given_ground_truth_assistance,647,647.0,1.0,0.9149922720247295,0.9148938714499252,0.9148938714499252,,,,,,,,,,,,,,,
window,all,classification,receiving_hand_given_ground_truth_handover,304,304.0,1.0,0.9144736842105263,0.893073593073593,0.893073593073593,,,,,,,,,,,,,,,
window,all,pose,learned_end_to_end,212,217.0,0.9769585253456221,,,,15.306812001412302,10.178559447245082,19.689878000434163,44.346593899165775,21.302642794831876,,,,,,,,,,
window,all,pose,learned_oracle_hand,214,217.0,0.9861751152073732,,,,15.412739703273589,10.006991554108549,19.90182650101062,41.43934893497413,21.125577531485135,,,,,,,,,,
window,all,pose,persistence,214,217.0,0.9861751152073732,,,,14.965275549312453,6.707455036400161,22.50912885096108,42.4043839226949,15.658195619648684,,,,,,,,,,
window,all,pose,constant_velocity,213,217.0,0.9815668202764977,,,,33.49035494558316,28.088438737903104,47.923339307254395,42.04896856236211,15.505820107708042,,,,,,,,,,
window,all,pose_fair_common,learned_oracle_hand,213,217.0,0.9815668202764977,,,,15.389035051231751,9.911442874801244,19.89916020561676,41.08965879060072,21.10460288519213,,,,,,,,,,
window,all,pose_fair_common,persistence,213,217.0,0.9815668202764977,,,,14.80422205700099,6.342896434320831,22.30791016833363,42.04896856236211,15.505820107708042,,,,,,,,,,
window,all,pose_fair_common,constant_velocity,213,217.0,0.9815668202764977,,,,33.49035494558316,28.088438737903104,47.923339307254395,42.04896856236211,15.505820107708042,,,,,,,,,,
window,all,paired_pose_difference,learned_end_to_end_minus_persistence,209,217.0,0.9631336405529954,,,,,,,,,0.2132974490297988,1.8094106513664134,0.3117803548203079,0.3684210526315789,,,,,,
window,all,paired_pose_difference,learned_end_to_end_minus_constant_velocity,208,217.0,0.9585253456221198,,,,,,,,,-17.271541670608507,-4.912698512417251,0.07806774598740582,0.6298076923076923,,,,,,
window,all,paired_pose_difference,learned_oracle_hand_minus_persistence,214,217.0,0.9861751152073732,,,,,,,,,0.44746415396113715,1.7339771498368726,-0.9650349877207708,0.3691588785046729,,,,,,
window,all,paired_pose_difference,learned_oracle_hand_minus_constant_velocity,213,217.0,0.9815668202764977,,,,,,,,,-18.10131989435141,-5.310124984688388,-0.9593097717613892,0.6384976525821596,,,,,,
sequence,Edu_10_20260616_150412,classification,intention,87,87.0,1.0,0.8850574712643678,0.8820220841959973,0.8820220841959973,,,,,,,,,,,,,,,
sequence,Edu_10_20260616_150412,classification,assistance,87,87.0,1.0,0.8850574712643678,0.8846765641569461,0.8846765641569461,,,,,,,,,,,,,,,
sequence,Edu_10_20260616_150412,classification,assistance_type_given_ground_truth_assistance,36,36.0,1.0,1.0,1.0,1.0,,,,,,,,,,,,,,,
sequence,Edu_10_20260616_150412,classification,receiving_hand_given_ground_truth_handover,19,19.0,1.0,1.0,0.5,1.0,,,,,,,,,,,,,,,
sequence,Edu_10_20260616_150412,pose,learned_end_to_end,16,16.0,1.0,,,,24.31328827281294,21.517564991562878,29.38993944950546,51.57199843572502,35.76296593357685,,,,,,,,,,
sequence,Edu_10_20260616_150412,pose,learned_oracle_hand,16,16.0,1.0,,,,24.31328827281294,21.517564991562878,29.38993944950546,51.57199843572502,35.76296593357685,,,,,,,,,,
sequence,Edu_10_20260616_150412,pose,persistence,16,16.0,1.0,,,,25.566901574789515,25.04009698600112,32.05837128446061,63.98403523484791,47.030379780373465,,,,,,,,,,
sequence,Edu_10_20260616_150412,pose,constant_velocity,16,16.0,1.0,,,,53.98047030998142,53.48416582047891,62.949131207376006,63.98403523484791,47.030379780373465,,,,,,,,,,
sequence,Edu_10_20260616_150412,pose_fair_common,learned_oracle_hand,16,16.0,1.0,,,,24.31328827281294,21.517564991562878,29.38993944950546,51.57199843572502,35.76296593357685,,,,,,,,,,
sequence,Edu_10_20260616_150412,pose_fair_common,persistence,16,16.0,1.0,,,,25.566901574789515,25.04009698600112,32.05837128446061,63.98403523484791,47.030379780373465,,,,,,,,,,
sequence,Edu_10_20260616_150412,pose_fair_common,constant_velocity,16,16.0,1.0,,,,53.98047030998142,53.48416582047891,62.949131207376006,63.98403523484791,47.030379780373465,,,,,,,,,,
sequence,Edu_10_20260616_150412,paired_pose_difference,learned_end_to_end_minus_persistence,16,16.0,1.0,,,,,,,,,-1.2536133019765798,-0.6347562905964108,-12.412036799122887,0.5625,,,,,,
sequence,Edu_10_20260616_150412,paired_pose_difference,learned_end_to_end_minus_constant_velocity,16,16.0,1.0,,,,,,,,,-29.667182037168484,-11.429812747646096,-12.412036799122887,0.875,,,,,,
sequence,Edu_10_20260616_150412,paired_pose_difference,learned_oracle_hand_minus_persistence,16,16.0,1.0,,,,,,,,,-1.2536133019765798,-0.6347562905964108,-12.412036799122887,0.5625,,,,,,
sequence,Edu_10_20260616_150412,paired_pose_difference,learned_oracle_hand_minus_constant_velocity,16,16.0,1.0,,,,,,,,,-29.667182037168484,-11.429812747646096,-12.412036799122887,0.875,,,,,,
sequence,Edu_2_20260604_170420,classification,intention,62,62.0,1.0,0.9838709677419355,0.9741935483870968,0.9741935483870968,,,,,,,,,,,,,,,
sequence,Edu_2_20260604_170420,classification,assistance,62,62.0,1.0,0.9838709677419355,0.978494623655914,0.978494623655914,,,,,,,,,,,,,,,
sequence,Edu_2_20260604_170420,classification,assistance_type_given_ground_truth_assistance,16,16.0,1.0,1.0,1.0,1.0,,,,,,,,,,,,,,,
sequence,Edu_2_20260604_170420,classification,receiving_hand_given_ground_truth_handover,8,8.0,1.0,1.0,0.5,1.0,,,,,,,,,,,,,,,
sequence,Edu_2_20260604_170420,pose,learned_end_to_end,5,5.0,1.0,,,,17.83740570016666,8.628782252713533,21.712287468139845,65.01146377894436,33.60397223484567,,,,,,,,,,
sequence,Edu_2_20260604_170420,pose,learned_oracle_hand,5,5.0,1.0,,,,17.83740570016666,8.628782252713533,21.712287468139845,65.01146377894436,33.60397223484567,,,,,,,,,,
sequence,Edu_2_20260604_170420,pose,persistence,5,5.0,1.0,,,,21.486651169759398,20.14640446952149,24.954687985105938,74.19832838081501,85.58061361997649,,,,,,,,,,
sequence,Edu_2_20260604_170420,pose,constant_velocity,5,5.0,1.0,,,,41.63753319182213,36.57006626742291,43.64996561285346,74.19832838081501,85.58061361997649,,,,,,,,,,
sequence,Edu_2_20260604_170420,pose_fair_common,learned_oracle_hand,5,5.0,1.0,,,,17.83740570016666,8.628782252713533,21.712287468139845,65.01146377894436,33.60397223484567,,,,,,,,,,
sequence,Edu_2_20260604_170420,pose_fair_common,persistence,5,5.0,1.0,,,,21.486651169759398,20.14640446952149,24.954687985105938,74.19832838081501,85.58061361997649,,,,,,,,,,
sequence,Edu_2_20260604_170420,pose_fair_common,constant_velocity,5,5.0,1.0,,,,41.63753319182213,36.57006626742291,43.64996561285346,74.19832838081501,85.58061361997649,,,,,,,,,,
sequence,Edu_2_20260604_170420,paired_pose_difference,learned_end_to_end_minus_persistence,5,5.0,1.0,,,,,,,,,-3.6492454695927394,2.2730828660520146,-9.186864601870642,0.4,,,,,,
sequence,Edu_2_20260604_170420,paired_pose_difference,learned_end_to_end_minus_constant_velocity,5,5.0,1.0,,,,,,,,,-23.80012749165547,-22.876422770482385,-9.186864601870642,0.8,,,,,,
sequence,Edu_2_20260604_170420,paired_pose_difference,learned_oracle_hand_minus_persistence,5,5.0,1.0,,,,,,,,,-3.6492454695927394,2.2730828660520146,-9.186864601870642,0.4,,,,,,
sequence,Edu_2_20260604_170420,paired_pose_difference,learned_oracle_hand_minus_constant_velocity,5,5.0,1.0,,,,,,,,,-23.80012749165547,-22.876422770482385,-9.186864601870642,0.8,,,,,,
sequence,Edu_3_20260604_170622,classification,intention,73,73.0,1.0,0.9863013698630136,0.9822069163438082,0.9822069163438082,,,,,,,,,,,,,,,
sequence,Edu_3_20260604_170622,classification,assistance,73,73.0,1.0,0.9863013698630136,0.9839383938393839,0.9839383938393839,,,,,,,,,,,,,,,
sequence,Edu_3_20260604_170622,classification,assistance_type_given_ground_truth_assistance,22,22.0,1.0,1.0,1.0,1.0,,,,,,,,,,,,,,,
sequence,Edu_3_20260604_170622,classification,receiving_hand_given_ground_truth_handover,11,11.0,1.0,1.0,0.5,1.0,,,,,,,,,,,,,,,
sequence,Edu_3_20260604_170622,pose,learned_end_to_end,8,8.0,1.0,,,,13.076277281929187,8.63704873083762,15.982869030853028,43.81778969710321,26.011553192972972,,,,,,,,,,
sequence,Edu_3_20260604_170622,pose,learned_oracle_hand,8,8.0,1.0,,,,13.076277281929187,8.63704873083762,15.982869030853028,43.81778969710321,26.011553192972972,,,,,,,,,,
sequence,Edu_3_20260604_170622,pose,persistence,8,8.0,1.0,,,,15.743628521134667,14.989689485723664,20.927320771391695,61.71930545895522,59.719773286405925,,,,,,,,,,
sequence,Edu_3_20260604_170622,pose,constant_velocity,8,8.0,1.0,,,,28.60832945199239,31.06138185711279,34.1318762078674,61.71930545895522,59.719773286405925,,,,,,,,,,
sequence,Edu_3_20260604_170622,pose_fair_common,learned_oracle_hand,8,8.0,1.0,,,,13.076277281929187,8.63704873083762,15.982869030853028,43.81778969710321,26.011553192972972,,,,,,,,,,
sequence,Edu_3_20260604_170622,pose_fair_common,persistence,8,8.0,1.0,,,,15.743628521134667,14.989689485723664,20.927320771391695,61.71930545895522,59.719773286405925,,,,,,,,,,
sequence,Edu_3_20260604_170622,pose_fair_common,constant_velocity,8,8.0,1.0,,,,28.60832945199239,31.06138185711279,34.1318762078674,61.71930545895522,59.719773286405925,,,,,,,,,,
sequence,Edu_3_20260604_170622,paired_pose_difference,learned_end_to_end_minus_persistence,8,8.0,1.0,,,,,,,,,-2.667351239205482,-0.20649758776470417,-17.90151576185202,0.5,,,,,,
sequence,Edu_3_20260604_170622,paired_pose_difference,learned_end_to_end_minus_constant_velocity,8,8.0,1.0,,,,,,,,,-15.5320521700632,-10.56705178513927,-17.90151576185202,0.75,,,,,,
sequence,Edu_3_20260604_170622,paired_pose_difference,learned_oracle_hand_minus_persistence,8,8.0,1.0,,,,,,,,,-2.667351239205482,-0.20649758776470417,-17.90151576185202,0.5,,,,,,
sequence,Edu_3_20260604_170622,paired_pose_difference,learned_oracle_hand_minus_constant_velocity,8,8.0,1.0,,,,,,,,,-15.5320521700632,-10.56705178513927,-17.90151576185202,0.75,,,,,,
sequence,Edu_4_20260604_170837,classification,intention,94,94.0,1.0,0.9893617021276596,0.9859994814622763,0.9859994814622763,,,,,,,,,,,,,,,
sequence,Edu_4_20260604_170837,classification,assistance,94,94.0,1.0,0.9893617021276596,0.9871496924128502,0.9871496924128502,,,,,,,,,,,,,,,
sequence,Edu_4_20260604_170837,classification,assistance_type_given_ground_truth_assistance,27,27.0,1.0,1.0,1.0,1.0,,,,,,,,,,,,,,,
sequence,Edu_4_20260604_170837,classification,receiving_hand_given_ground_truth_handover,13,13.0,1.0,1.0,0.5,1.0,,,,,,,,,,,,,,,
sequence,Edu_4_20260604_170837,pose,learned_end_to_end,9,9.0,1.0,,,,12.688279158223915,7.443902105825595,16.894442939279784,33.248449990289735,23.08272675444652,,,,,,,,,,
sequence,Edu_4_20260604_170837,pose,learned_oracle_hand,9,9.0,1.0,,,,12.688279158223915,7.443902105825595,16.894442939279784,33.248449990289735,23.08272675444652,,,,,,,,,,
sequence,Edu_4_20260604_170837,pose,persistence,9,9.0,1.0,,,,17.403458076374132,13.01501137573787,22.848022892260833,50.62052117831091,37.57925224680601,,,,,,,,,,
sequence,Edu_4_20260604_170837,pose,constant_velocity,9,9.0,1.0,,,,30.116104721768888,32.774881628133826,37.85669539022096,50.62052117831091,37.57925224680601,,,,,,,,,,
sequence,Edu_4_20260604_170837,pose_fair_common,learned_oracle_hand,9,9.0,1.0,,,,12.688279158223915,7.443902105825595,16.894442939279784,33.248449990289735,23.08272675444652,,,,,,,,,,
sequence,Edu_4_20260604_170837,pose_fair_common,persistence,9,9.0,1.0,,,,17.403458076374132,13.01501137573787,22.848022892260833,50.62052117831091,37.57925224680601,,,,,,,,,,
sequence,Edu_4_20260604_170837,pose_fair_common,constant_velocity,9,9.0,1.0,,,,30.116104721768888,32.774881628133826,37.85669539022096,50.62052117831091,37.57925224680601,,,,,,,,,,
sequence,Edu_4_20260604_170837,paired_pose_difference,learned_end_to_end_minus_persistence,9,9.0,1.0,,,,,,,,,-4.715178918150216,-2.7694939239990397,-17.372071188021177,0.6666666666666666,,,,,,
sequence,Edu_4_20260604_170837,paired_pose_difference,learned_end_to_end_minus_constant_velocity,9,9.0,1.0,,,,,,,,,-17.427825563544967,-4.646120355523012,-17.372071188021177,1.0,,,,,,
sequence,Edu_4_20260604_170837,paired_pose_difference,learned_oracle_hand_minus_persistence,9,9.0,1.0,,,,,,,,,-4.715178918150216,-2.7694939239990397,-17.372071188021177,0.6666666666666666,,,,,,
sequence,Edu_4_20260604_170837,paired_pose_difference,learned_oracle_hand_minus_constant_velocity,9,9.0,1.0,,,,,,,,,-17.427825563544967,-4.646120355523012,-17.372071188021177,1.0,,,,,,
sequence,Edu_5_20260604_170944,classification,intention,93,93.0,1.0,0.956989247311828,0.9375244987185285,0.9375244987185285,,,,,,,,,,,,,,,
sequence,Edu_5_20260604_170944,classification,assistance,93,93.0,1.0,0.956989247311828,0.9466130884041332,0.9466130884041332,,,,,,,,,,,,,,,
sequence,Edu_5_20260604_170944,classification,assistance_type_given_ground_truth_assistance,28,28.0,1.0,1.0,1.0,1.0,,,,,,,,,,,,,,,
sequence,Edu_5_20260604_170944,classification,receiving_hand_given_ground_truth_handover,16,16.0,1.0,1.0,0.5,1.0,,,,,,,,,,,,,,,
sequence,Edu_5_20260604_170944,pose,learned_end_to_end,12,12.0,1.0,,,,14.8216996612409,9.976846673535693,18.514438458531014,43.917607493915106,35.74181655994896,,,,,,,,,,
sequence,Edu_5_20260604_170944,pose,learned_oracle_hand,12,12.0,1.0,,,,14.8216996612409,9.976846673535693,18.514438458531014,43.917607493915106,35.74181655994896,,,,,,,,,,
sequence,Edu_5_20260604_170944,pose,persistence,12,12.0,1.0,,,,16.932029604092115,12.536886573482576,22.403795538592654,54.0190830924866,43.005180542945425,,,,,,,,,,
sequence,Edu_5_20260604_170944,pose,constant_velocity,12,12.0,1.0,,,,36.55765683395775,35.94200184573948,42.108427032371196,54.0190830924866,43.005180542945425,,,,,,,,,,
sequence,Edu_5_20260604_170944,pose_fair_common,learned_oracle_hand,12,12.0,1.0,,,,14.8216996612409,9.976846673535693,18.514438458531014,43.917607493915106,35.74181655994896,,,,,,,,,,
sequence,Edu_5_20260604_170944,pose_fair_common,persistence,12,12.0,1.0,,,,16.932029604092115,12.536886573482576,22.403795538592654,54.0190830924866,43.005180542945425,,,,,,,,,,
sequence,Edu_5_20260604_170944,pose_fair_common,constant_velocity,12,12.0,1.0,,,,36.55765683395775,35.94200184573948,42.108427032371196,54.0190830924866,43.005180542945425,,,,,,,,,,
sequence,Edu_5_20260604_170944,paired_pose_difference,learned_end_to_end_minus_persistence,12,12.0,1.0,,,,,,,,,-2.110329942851216,-2.3714387677644266,-10.101475598571506,0.6666666666666666,,,,,,
sequence,Edu_5_20260604_170944,paired_pose_difference,learned_end_to_end_minus_constant_velocity,12,12.0,1.0,,,,,,,,,-21.735957172716848,-11.321539018892075,-10.101475598571506,0.8333333333333334,,,,,,
sequence,Edu_5_20260604_170944,paired_pose_difference,learned_oracle_hand_minus_persistence,12,12.0,1.0,,,,,,,,,-2.110329942851216,-2.3714387677644266,-10.101475598571506,0.6666666666666666,,,,,,
sequence,Edu_5_20260604_170944,paired_pose_difference,learned_oracle_hand_minus_constant_velocity,12,12.0,1.0,,,,,,,,,-21.735957172716848,-11.321539018892075,-10.101475598571506,0.8333333333333334,,,,,,
sequence,Edu_6_20260616_145740,classification,intention,91,91.0,1.0,0.9120879120879121,0.8746516349512604,0.8746516349512604,,,,,,,,,,,,,,,
sequence,Edu_6_20260616_145740,classification,assistance,91,91.0,1.0,0.945054945054945,0.945028391929443,0.945028391929443,,,,,,,,,,,,,,,
sequence,Edu_6_20260616_145740,classification,assistance_type_given_ground_truth_assistance,44,44.0,1.0,0.9318181818181818,0.9117056856187291,0.9117056856187291,,,,,,,,,,,,,,,
sequence,Edu_6_20260616_145740,classification,receiving_hand_given_ground_truth_handover,31,31.0,1.0,1.0,0.5,1.0,,,,,,,,,,,,,,,
sequence,Edu_6_20260616_145740,pose,learned_end_to_end,27,27.0,1.0,,,,14.425174273632235,10.254578661074312,17.843292544968495,50.771988095044975,46.70740073288251,,,,,,,,,,
sequence,Edu_6_20260616_145740,pose,learned_oracle_hand,27,27.0,1.0,,,,14.425174273632235,10.254578661074312,17.843292544968495,50.771988095044975,46.70740073288251,,,,,,,,,,
sequence,Edu_6_20260616_145740,pose,persistence,27,27.0,1.0,,,,11.013397541273791,7.993504282260109,16.199496588442507,39.773532495963416,24.778878809855247,,,,,,,,,,
sequence,Edu_6_20260616_145740,pose,constant_velocity,27,27.0,1.0,,,,20.981567607239615,13.30842927286588,29.161165034296854,39.773532495963416,24.778878809855247,,,,,,,,,,
sequence,Edu_6_20260616_145740,pose_fair_common,learned_oracle_hand,27,27.0,1.0,,,,14.425174273632235,10.254578661074312,17.843292544968495,50.771988095044975,46.70740073288251,,,,,,,,,,
sequence,Edu_6_20260616_145740,pose_fair_common,persistence,27,27.0,1.0,,,,11.013397541273791,7.993504282260109,16.199496588442507,39.773532495963416,24.778878809855247,,,,,,,,,,
sequence,Edu_6_20260616_145740,pose_fair_common,constant_velocity,27,27.0,1.0,,,,20.981567607239615,13.30842927286588,29.161165034296854,39.773532495963416,24.778878809855247,,,,,,,,,,
sequence,Edu_6_20260616_145740,paired_pose_difference,learned_end_to_end_minus_persistence,27,27.0,1.0,,,,,,,,,3.4117767323584465,2.3557366248779434,10.998455599081556,0.3333333333333333,,,,,,
sequence,Edu_6_20260616_145740,paired_pose_difference,learned_end_to_end_minus_constant_velocity,27,27.0,1.0,,,,,,,,,-6.556393333607381,0.6126295111595736,10.998455599081556,0.4074074074074074,,,,,,
sequence,Edu_6_20260616_145740,paired_pose_difference,learned_oracle_hand_minus_persistence,27,27.0,1.0,,,,,,,,,3.4117767323584465,2.3557366248779434,10.998455599081556,0.3333333333333333,,,,,,
sequence,Edu_6_20260616_145740,paired_pose_difference,learned_oracle_hand_minus_constant_velocity,27,27.0,1.0,,,,,,,,,-6.556393333607381,0.6126295111595736,10.998455599081556,0.4074074074074074,,,,,,
sequence,Edu_7_20260616_145927,classification,intention,72,72.0,1.0,0.9305555555555556,0.9251139879498455,0.9251139879498455,,,,,,,,,,,,,,,
sequence,Edu_7_20260616_145927,classification,assistance,72,72.0,1.0,0.9305555555555556,0.9264555669050051,0.9264555669050051,,,,,,,,,,,,,,,
sequence,Edu_7_20260616_145927,classification,assistance_type_given_ground_truth_assistance,25,25.0,1.0,1.0,1.0,1.0,,,,,,,,,,,,,,,
sequence,Edu_7_20260616_145927,classification,receiving_hand_given_ground_truth_handover,11,11.0,1.0,1.0,0.5,1.0,,,,,,,,,,,,,,,
sequence,Edu_7_20260616_145927,pose,learned_end_to_end,8,8.0,1.0,,,,25.49632055196239,26.223397761857782,27.61681939403571,83.11222494972728,65.28287948264868,,,,,,,,,,
sequence,Edu_7_20260616_145927,pose,learned_oracle_hand,8,8.0,1.0,,,,25.49632055196239,26.223397761857782,27.61681939403571,83.11222494972728,65.28287948264868,,,,,,,,,,
sequence,Edu_7_20260616_145927,pose,persistence,8,8.0,1.0,,,,28.393272366562265,29.672846724132516,30.659900934788933,107.26237965542245,112.44713283478453,,,,,,,,,,
sequence,Edu_7_20260616_145927,pose,constant_velocity,8,8.0,1.0,,,,50.49458672653097,43.94366523178907,56.94489302767832,107.26237965542245,112.44713283478453,,,,,,,,,,
sequence,Edu_7_20260616_145927,pose_fair_common,learned_oracle_hand,8,8.0,1.0,,,,25.49632055196239,26.223397761857782,27.61681939403571,83.11222494972728,65.28287948264868,,,,,,,,,,
sequence,Edu_7_20260616_145927,pose_fair_common,persistence,8,8.0,1.0,,,,28.393272366562265,29.672846724132516,30.659900934788933,107.26237965542245,112.44713283478453,,,,,,,,,,
sequence,Edu_7_20260616_145927,pose_fair_common,constant_velocity,8,8.0,1.0,,,,50.49458672653097,43.94366523178907,56.94489302767832,107.26237965542245,112.44713283478453,,,,,,,,,,
sequence,Edu_7_20260616_145927,paired_pose_difference,learned_end_to_end_minus_persistence,8,8.0,1.0,,,,,,,,,-2.8969518145998707,-1.669316702126208,-24.150154705695186,0.625,,,,,,
sequence,Edu_7_20260616_145927,paired_pose_difference,learned_end_to_end_minus_constant_velocity,8,8.0,1.0,,,,,,,,,-24.998266174568577,-17.78298729070853,-24.150154705695186,0.875,,,,,,
sequence,Edu_7_20260616_145927,paired_pose_difference,learned_oracle_hand_minus_persistence,8,8.0,1.0,,,,,,,,,-2.8969518145998707,-1.669316702126208,-24.150154705695186,0.625,,,,,,
sequence,Edu_7_20260616_145927,paired_pose_difference,learned_oracle_hand_minus_constant_velocity,8,8.0,1.0,,,,,,,,,-24.998266174568577,-17.78298729070853,-24.150154705695186,0.875,,,,,,
sequence,Edu_8_20260616_150108,classification,intention,62,62.0,1.0,0.967741935483871,0.9608582089552239,0.9608582089552239,,,,,,,,,,,,,,,
sequence,Edu_8_20260616_150108,classification,assistance,62,62.0,1.0,0.9838709677419355,0.9837653836082744,0.9837653836082744,,,,,,,,,,,,,,,
sequence,Edu_8_20260616_150108,classification,assistance_type_given_ground_truth_assistance,28,28.0,1.0,0.9642857142857143,0.9638709677419355,0.9638709677419355,,,,,,,,,,,,,,,
sequence,Edu_8_20260616_150108,classification,receiving_hand_given_ground_truth_handover,12,12.0,1.0,1.0,0.5,1.0,,,,,,,,,,,,,,,
sequence,Edu_8_20260616_150108,pose,learned_end_to_end,9,9.0,1.0,,,,24.825398677699063,23.872725703998174,26.815247998122743,62.985225493442805,41.69893924131556,,,,,,,,,,
sequence,Edu_8_20260616_150108,pose,learned_oracle_hand,9,9.0,1.0,,,,24.825398677699063,23.872725703998174,26.815247998122743,62.985225493442805,41.69893924131556,,,,,,,,,,
sequence,Edu_8_20260616_150108,pose,persistence,9,9.0,1.0,,,,27.06441521799234,28.261565210305484,29.66715366260655,83.08970138532331,89.05255484510171,,,,,,,,,,
sequence,Edu_8_20260616_150108,pose,constant_velocity,9,9.0,1.0,,,,53.42795307312696,49.134578109185234,60.25727381428846,83.08970138532331,89.05255484510171,,,,,,,,,,
sequence,Edu_8_20260616_150108,pose_fair_common,learned_oracle_hand,9,9.0,1.0,,,,24.825398677699063,23.872725703998174,26.815247998122743,62.985225493442805,41.69893924131556,,,,,,,,,,
sequence,Edu_8_20260616_150108,pose_fair_common,persistence,9,9.0,1.0,,,,27.06441521799234,28.261565210305484,29.66715366260655,83.08970138532331,89.05255484510171,,,,,,,,,,
sequence,Edu_8_20260616_150108,pose_fair_common,constant_velocity,9,9.0,1.0,,,,53.42795307312696,49.134578109185234,60.25727381428846,83.08970138532331,89.05255484510171,,,,,,,,,,
sequence,Edu_8_20260616_150108,paired_pose_difference,learned_end_to_end_minus_persistence,9,9.0,1.0,,,,,,,,,-2.2390165402932762,-1.1957588911814412,-20.104475891880515,0.5555555555555556,,,,,,
sequence,Edu_8_20260616_150108,paired_pose_difference,learned_end_to_end_minus_constant_velocity,9,9.0,1.0,,,,,,,,,-28.6025543954279,-22.010742352985126,-20.104475891880515,0.7777777777777778,,,,,,
sequence,Edu_8_20260616_150108,paired_pose_difference,learned_oracle_hand_minus_persistence,9,9.0,1.0,,,,,,,,,-2.2390165402932762,-1.1957588911814412,-20.104475891880515,0.5555555555555556,,,,,,
sequence,Edu_8_20260616_150108,paired_pose_difference,learned_oracle_hand_minus_constant_velocity,9,9.0,1.0,,,,,,,,,-28.6025543954279,-22.010742352985126,-20.104475891880515,0.7777777777777778,,,,,,
sequence,Edu_9_20260616_150247,classification,intention,69,69.0,1.0,0.17391304347826086,0.1295238095238095,0.1295238095238095,,,,,,,,,,,,,,,
sequence,Edu_9_20260616_150247,classification,assistance,69,69.0,1.0,0.391304347826087,0.28125,0.28125,,,,,,,,,,,,,,,
sequence,Edu_9_20260616_150247,classification,assistance_type_given_ground_truth_assistance,27,27.0,1.0,0.4444444444444444,0.356120826709062,0.356120826709062,,,,,,,,,,,,,,,
sequence,Edu_9_20260616_150247,classification,receiving_hand_given_ground_truth_handover,11,11.0,1.0,0.36363636363636365,0.26666666666666666,0.5333333333333333,,,,,,,,,,,,,,,
sequence,Edu_9_20260616_150247,pose,learned_end_to_end,0,0.0,,,,,,,,,,,,,,,,,,,
sequence,Edu_9_20260616_150247,pose,learned_oracle_hand,0,0.0,,,,,,,,,,,,,,,,,,,
sequence,Edu_9_20260616_150247,pose,persistence,0,0.0,,,,,,,,,,,,,,,,,,,
sequence,Edu_9_20260616_150247,pose,constant_velocity,0,0.0,,,,,,,,,,,,,,,,,,,
sequence,Edu_9_20260616_150247,pose_fair_common,learned_oracle_hand,0,0.0,,,,,,,,,,,,,,,,,,,
sequence,Edu_9_20260616_150247,pose_fair_common,persistence,0,0.0,,,,,,,,,,,,,,,,,,,
sequence,Edu_9_20260616_150247,pose_fair_common,constant_velocity,0,0.0,,,,,,,,,,,,,,,,,,,
sequence,Edu_9_20260616_150247,paired_pose_difference,learned_end_to_end_minus_persistence,0,0.0,,,,,,,,,,,,,,,,,,,
sequence,Edu_9_20260616_150247,paired_pose_difference,learned_end_to_end_minus_constant_velocity,0,0.0,,,,,,,,,,,,,,,,,,,
sequence,Edu_9_20260616_150247,paired_pose_difference,learned_oracle_hand_minus_persistence,0,0.0,,,,,,,,,,,,,,,,,,,
sequence,Edu_9_20260616_150247,paired_pose_difference,learned_oracle_hand_minus_constant_velocity,0,0.0,,,,,,,,,,,,,,,,,,,
sequence,Jona_1_20260616_181413,classification,intention,54,54.0,1.0,0.9444444444444444,0.9447811447811448,0.9447811447811448,,,,,,,,,,,,,,,
sequence,Jona_1_20260616_181413,classification,assistance,54,54.0,1.0,0.9444444444444444,0.94442538593482,0.94442538593482,,,,,,,,,,,,,,,
sequence,Jona_1_20260616_181413,classification,assistance_type_given_ground_truth_assistance,25,25.0,1.0,1.0,1.0,1.0,,,,,,,,,,,,,,,
sequence,Jona_1_20260616_181413,classification,receiving_hand_given_ground_truth_handover,13,13.0,1.0,1.0,0.5,1.0,,,,,,,,,,,,,,,
sequence,Jona_1_20260616_181413,pose,learned_end_to_end,10,10.0,1.0,,,,6.9379015354833715,5.032821325881596,9.043396763503452,17.85942469993069,15.191609703248888,,,,,,,,,,
sequence,Jona_1_20260616_181413,pose,learned_oracle_hand,10,10.0,1.0,,,,6.9379015354833715,5.032821325881596,9.043396763503452,17.85942469993069,15.191609703248888,,,,,,,,,,
sequence,Jona_1_20260616_181413,pose,persistence,10,10.0,1.0,,,,4.124655513847669,1.6544035799219017,7.4587210566901465,10.860913246330202,4.503957485630332,,,,,,,,,,
sequence,Jona_1_20260616_181413,pose,constant_velocity,10,10.0,1.0,,,,17.704897855448475,3.29729870187278,33.58341915607547,10.860913246330202,4.503957485630332,,,,,,,,,,
sequence,Jona_1_20260616_181413,pose_fair_common,learned_oracle_hand,10,10.0,1.0,,,,6.9379015354833715,5.032821325881596,9.043396763503452,17.85942469993069,15.191609703248888,,,,,,,,,,
sequence,Jona_1_20260616_181413,pose_fair_common,persistence,10,10.0,1.0,,,,4.124655513847669,1.6544035799219017,7.4587210566901465,10.860913246330202,4.503957485630332,,,,,,,,,,
sequence,Jona_1_20260616_181413,pose_fair_common,constant_velocity,10,10.0,1.0,,,,17.704897855448475,3.29729870187278,33.58341915607547,10.860913246330202,4.503957485630332,,,,,,,,,,
sequence,Jona_1_20260616_181413,paired_pose_difference,learned_end_to_end_minus_persistence,10,10.0,1.0,,,,,,,,,2.8132460216357016,3.0638849054753754,6.998511453600486,0.0,,,,,,
sequence,Jona_1_20260616_181413,paired_pose_difference,learned_end_to_end_minus_constant_velocity,10,10.0,1.0,,,,,,,,,-10.766996319965106,1.3194254385941218,6.998511453600486,0.3,,,,,,
sequence,Jona_1_20260616_181413,paired_pose_difference,learned_oracle_hand_minus_persistence,10,10.0,1.0,,,,,,,,,2.8132460216357016,3.0638849054753754,6.998511453600486,0.0,,,,,,
sequence,Jona_1_20260616_181413,paired_pose_difference,learned_oracle_hand_minus_constant_velocity,10,10.0,1.0,,,,,,,,,-10.766996319965106,1.3194254385941218,6.998511453600486,0.3,,,,,,
sequence,Jona_2_20260616_181551,classification,intention,108,108.0,1.0,0.9074074074074074,0.8570301570920765,0.8570301570920765,,,,,,,,,,,,,,,
sequence,Jona_2_20260616_181551,classification,assistance,108,108.0,1.0,0.9351851851851852,0.9215686274509804,0.9215686274509804,,,,,,,,,,,,,,,
sequence,Jona_2_20260616_181551,classification,assistance_type_given_ground_truth_assistance,28,28.0,1.0,0.8928571428571429,0.8916129032258064,0.8916129032258064,,,,,,,,,,,,,,,
sequence,Jona_2_20260616_181551,classification,receiving_hand_given_ground_truth_handover,11,11.0,1.0,1.0,0.5,1.0,,,,,,,,,,,,,,,
sequence,Jona_2_20260616_181551,pose,learned_end_to_end,8,8.0,1.0,,,,17.2860592195864,16.05691432960614,21.471487158076645,28.694330594804416,16.880390984844045,,,,,,,,,,
sequence,Jona_2_20260616_181551,pose,learned_oracle_hand,8,8.0,1.0,,,,17.2860592195864,16.05691432960614,21.471487158076645,28.694330594804416,16.880390984844045,,,,,,,,,,
sequence,Jona_2_20260616_181551,pose,persistence,8,8.0,1.0,,,,18.87520274100106,14.784796129398089,25.228289560836977,43.64846632502878,40.030909790661354,,,,,,,,,,
sequence,Jona_2_20260616_181551,pose,constant_velocity,8,8.0,1.0,,,,30.525635971687613,40.860769080839006,34.58970628780919,43.64846632502878,40.030909790661354,,,,,,,,,,
sequence,Jona_2_20260616_181551,pose_fair_common,learned_oracle_hand,8,8.0,1.0,,,,17.2860592195864,16.05691432960614,21.471487158076645,28.694330594804416,16.880390984844045,,,,,,,,,,
sequence,Jona_2_20260616_181551,pose_fair_common,persistence,8,8.0,1.0,,,,18.87520274100106,14.784796129398089,25.228289560836977,43.64846632502878,40.030909790661354,,,,,,,,,,
sequence,Jona_2_20260616_181551,pose_fair_common,constant_velocity,8,8.0,1.0,,,,30.525635971687613,40.860769080839006,34.58970628780919,43.64846632502878,40.030909790661354,,,,,,,,,,
sequence,Jona_2_20260616_181551,paired_pose_difference,learned_end_to_end_minus_persistence,8,8.0,1.0,,,,,,,,,-1.5891435214146603,0.8105817343610152,-14.954135730224364,0.5,,,,,,
sequence,Jona_2_20260616_181551,paired_pose_difference,learned_end_to_end_minus_constant_velocity,8,8.0,1.0,,,,,,,,,-13.239576752101218,-13.190940020999484,-14.954135730224364,0.875,,,,,,
sequence,Jona_2_20260616_181551,paired_pose_difference,learned_oracle_hand_minus_persistence,8,8.0,1.0,,,,,,,,,-1.5891435214146603,0.8105817343610152,-14.954135730224364,0.5,,,,,,
sequence,Jona_2_20260616_181551,paired_pose_difference,learned_oracle_hand_minus_constant_velocity,8,8.0,1.0,,,,,,,,,-13.239576752101218,-13.190940020999484,-14.954135730224364,0.875,,,,,,
sequence,Jona_3_20260616_181717,classification,intention,119,119.0,1.0,0.8571428571428571,0.7595959595959596,0.7595959595959596,,,,,,,,,,,,,,,
sequence,Jona_3_20260616_181717,classification,assistance,119,119.0,1.0,0.8823529411764706,0.8473240469208211,0.8473240469208211,,,,,,,,,,,,,,,
sequence,Jona_3_20260616_181717,classification,assistance_type_given_ground_truth_assistance,24,24.0,1.0,0.875,0.8747826086956523,0.8747826086956523,,,,,,,,,,,,,,,
sequence,Jona_3_20260616_181717,classification,receiving_hand_given_ground_truth_handover,11,11.0,1.0,1.0,0.5,1.0,,,,,,,,,,,,,,,
sequence,Jona_3_20260616_181717,pose,learned_end_to_end,8,8.0,1.0,,,,12.498345117922167,8.091406514485701,16.801849898797617,24.242660995318367,9.00276065295303,,,,,,,,,,
sequence,Jona_3_20260616_181717,pose,learned_oracle_hand,8,8.0,1.0,,,,12.498345117922167,8.091406514485701,16.801849898797617,24.242660995318367,9.00276065295303,,,,,,,,,,
sequence,Jona_3_20260616_181717,pose,persistence,8,8.0,1.0,,,,12.99845590257657,7.06745500409247,19.608799104044483,33.65008150679434,16.928533524046678,,,,,,,,,,
sequence,Jona_3_20260616_181717,pose,constant_velocity,8,8.0,1.0,,,,29.36480194300199,21.84106591744028,38.58783608392164,33.65008150679434,16.928533524046678,,,,,,,,,,
sequence,Jona_3_20260616_181717,pose_fair_common,learned_oracle_hand,8,8.0,1.0,,,,12.498345117922167,8.091406514485701,16.801849898797617,24.242660995318367,9.00276065295303,,,,,,,,,,
sequence,Jona_3_20260616_181717,pose_fair_common,persistence,8,8.0,1.0,,,,12.99845590257657,7.06745500409247,19.608799104044483,33.65008150679434,16.928533524046678,,,,,,,,,,
sequence,Jona_3_20260616_181717,pose_fair_common,constant_velocity,8,8.0,1.0,,,,29.36480194300199,21.84106591744028,38.58783608392164,33.65008150679434,16.928533524046678,,,,,,,,,,
sequence,Jona_3_20260616_181717,paired_pose_difference,learned_end_to_end_minus_persistence,8,8.0,1.0,,,,,,,,,-0.5001107846544022,0.5995596891460644,-9.407420511475975,0.375,,,,,,
sequence,Jona_3_20260616_181717,paired_pose_difference,learned_end_to_end_minus_constant_velocity,8,8.0,1.0,,,,,,,,,-16.86645682507982,-7.907423218507546,-9.407420511475975,0.875,,,,,,
sequence,Jona_3_20260616_181717,paired_pose_difference,learned_oracle_hand_minus_persistence,8,8.0,1.0,,,,,,,,,-0.5001107846544022,0.5995596891460644,-9.407420511475975,0.375,,,,,,
sequence,Jona_3_20260616_181717,paired_pose_difference,learned_oracle_hand_minus_constant_velocity,8,8.0,1.0,,,,,,,,,-16.86645682507982,-7.907423218507546,-9.407420511475975,0.875,,,,,,
sequence,Jona_4_20260616_181855,classification,intention,97,97.0,1.0,0.8350515463917526,0.8040437893810329,0.8040437893810329,,,,,,,,,,,,,,,
sequence,Jona_4_20260616_181855,classification,assistance,97,97.0,1.0,0.845360824742268,0.8352768028982226,0.8352768028982226,,,,,,,,,,,,,,,
sequence,Jona_4_20260616_181855,classification,assistance_type_given_ground_truth_assistance,29,29.0,1.0,0.9655172413793104,0.9648484848484848,0.9648484848484848,,,,,,,,,,,,,,,
sequence,Jona_4_20260616_181855,classification,receiving_hand_given_ground_truth_handover,12,12.0,1.0,1.0,0.5,1.0,,,,,,,,,,,,,,,
sequence,Jona_4_20260616_181855,pose,learned_end_to_end,9,9.0,1.0,,,,10.904773013578795,5.596677291824777,15.5918794893503,24.152587659059677,11.151870760277896,,,,,,,,,,
sequence,Jona_4_20260616_181855,pose,learned_oracle_hand,9,9.0,1.0,,,,10.904773013578795,5.596677291824777,15.5918794893503,24.152587659059677,11.151870760277896,,,,,,,,,,
sequence,Jona_4_20260616_181855,pose,persistence,9,9.0,1.0,,,,9.692767596187036,1.5380390957949843,16.998046473864665,27.56913323699333,5.7818070085796185,,,,,,,,,,
sequence,Jona_4_20260616_181855,pose,constant_velocity,9,9.0,1.0,,,,26.266337476236526,9.033114500046564,38.229900595692996,27.56913323699333,5.7818070085796185,,,,,,,,,,
sequence,Jona_4_20260616_181855,pose_fair_common,learned_oracle_hand,9,9.0,1.0,,,,10.904773013578795,5.596677291824777,15.5918794893503,24.152587659059677,11.151870760277896,,,,,,,,,,
sequence,Jona_4_20260616_181855,pose_fair_common,persistence,9,9.0,1.0,,,,9.692767596187036,1.5380390957949843,16.998046473864665,27.56913323699333,5.7818070085796185,,,,,,,,,,
sequence,Jona_4_20260616_181855,pose_fair_common,constant_velocity,9,9.0,1.0,,,,26.266337476236526,9.033114500046564,38.229900595692996,27.56913323699333,5.7818070085796185,,,,,,,,,,
sequence,Jona_4_20260616_181855,paired_pose_difference,learned_end_to_end_minus_persistence,9,9.0,1.0,,,,,,,,,1.2120054173917605,2.1763928441216835,-3.4165455779336593,0.2222222222222222,,,,,,
sequence,Jona_4_20260616_181855,paired_pose_difference,learned_end_to_end_minus_constant_velocity,9,9.0,1.0,,,,,,,,,-15.361564462657725,-6.097961343588121,-3.4165455779336593,0.6666666666666666,,,,,,
sequence,Jona_4_20260616_181855,paired_pose_difference,learned_oracle_hand_minus_persistence,9,9.0,1.0,,,,,,,,,1.2120054173917605,2.1763928441216835,-3.4165455779336593,0.2222222222222222,,,,,,
sequence,Jona_4_20260616_181855,paired_pose_difference,learned_oracle_hand_minus_constant_velocity,9,9.0,1.0,,,,,,,,,-15.361564462657725,-6.097961343588121,-3.4165455779336593,0.6666666666666666,,,,,,
sequence,Jona_5_20260616_182002,classification,intention,107,107.0,1.0,0.9065420560747663,0.9120879120879121,0.9120879120879121,,,,,,,,,,,,,,,
sequence,Jona_5_20260616_182002,classification,assistance,107,107.0,1.0,0.9065420560747663,0.8967181467181466,0.8967181467181466,,,,,,,,,,,,,,,
sequence,Jona_5_20260616_182002,classification,assistance_type_given_ground_truth_assistance,32,32.0,1.0,1.0,1.0,1.0,,,,,,,,,,,,,,,
sequence,Jona_5_20260616_182002,classification,receiving_hand_given_ground_truth_handover,11,11.0,1.0,1.0,0.5,1.0,,,,,,,,,,,,,,,
sequence,Jona_5_20260616_182002,pose,learned_end_to_end,8,8.0,1.0,,,,10.853520427150613,5.273987435202221,15.230127260019813,23.552047306475895,12.32332086236641,,,,,,,,,,
sequence,Jona_5_20260616_182002,pose,learned_oracle_hand,8,8.0,1.0,,,,10.853520427150613,5.273987435202221,15.230127260019813,23.552047306475895,12.32332086236641,,,,,,,,,,
sequence,Jona_5_20260616_182002,pose,persistence,8,8.0,1.0,,,,11.971237764370425,4.178991719603946,18.872374793387515,31.351283912293873,10.74414518258128,,,,,,,,,,
sequence,Jona_5_20260616_182002,pose,constant_velocity,8,8.0,1.0,,,,25.9308154040885,18.659302911643927,34.65368248882551,31.351283912293873,10.74414518258128,,,,,,,,,,
sequence,Jona_5_20260616_182002,pose_fair_common,learned_oracle_hand,8,8.0,1.0,,,,10.853520427150613,5.273987435202221,15.230127260019813,23.552047306475895,12.32332086236641,,,,,,,,,,
sequence,Jona_5_20260616_182002,pose_fair_common,persistence,8,8.0,1.0,,,,11.971237764370425,4.178991719603946,18.872374793387515,31.351283912293873,10.74414518258128,,,,,,,,,,
sequence,Jona_5_20260616_182002,pose_fair_common,constant_velocity,8,8.0,1.0,,,,25.9308154040885,18.659302911643927,34.65368248882551,31.351283912293873,10.74414518258128,,,,,,,,,,
sequence,Jona_5_20260616_182002,paired_pose_difference,learned_end_to_end_minus_persistence,8,8.0,1.0,,,,,,,,,-1.1177173372198128,0.4195242104605852,-7.7992366058179785,0.375,,,,,,
sequence,Jona_5_20260616_182002,paired_pose_difference,learned_end_to_end_minus_constant_velocity,8,8.0,1.0,,,,,,,,,-15.077294976937889,-12.861616024891092,-7.7992366058179785,0.875,,,,,,
sequence,Jona_5_20260616_182002,paired_pose_difference,learned_oracle_hand_minus_persistence,8,8.0,1.0,,,,,,,,,-1.1177173372198128,0.4195242104605852,-7.7992366058179785,0.375,,,,,,
sequence,Jona_5_20260616_182002,paired_pose_difference,learned_oracle_hand_minus_constant_velocity,8,8.0,1.0,,,,,,,,,-15.077294976937889,-12.861616024891092,-7.7992366058179785,0.875,,,,,,
sequence,Jona_6_20260616_182111,classification,intention,87,87.0,1.0,0.896551724137931,0.8993063325128663,0.8993063325128663,,,,,,,,,,,,,,,
sequence,Jona_6_20260616_182111,classification,assistance,87,87.0,1.0,0.896551724137931,0.8894848270995059,0.8894848270995059,,,,,,,,,,,,,,,
sequence,Jona_6_20260616_182111,classification,assistance_type_given_ground_truth_assistance,28,28.0,1.0,1.0,1.0,1.0,,,,,,,,,,,,,,,
sequence,Jona_6_20260616_182111,classification,receiving_hand_given_ground_truth_handover,12,12.0,1.0,1.0,0.5,1.0,,,,,,,,,,,,,,,
sequence,Jona_6_20260616_182111,pose,learned_end_to_end,9,9.0,1.0,,,,5.887495934710684,4.733465332279088,7.507118487488966,17.743380492161492,20.296246958422717,,,,,,,,,,
sequence,Jona_6_20260616_182111,pose,learned_oracle_hand,9,9.0,1.0,,,,5.887495934710684,4.733465332279088,7.507118487488966,17.743380492161492,20.296246958422717,,,,,,,,,,
sequence,Jona_6_20260616_182111,pose,persistence,9,9.0,1.0,,,,3.472219959008361,0.3857318400132908,7.164125666571887,11.183775484081636,5.439171375997811,,,,,,,,,,
sequence,Jona_6_20260616_182111,pose,constant_velocity,9,9.0,1.0,,,,13.706091032454555,1.9877648144011455,23.047006251281744,11.183775484081636,5.439171375997811,,,,,,,,,,
sequence,Jona_6_20260616_182111,pose_fair_common,learned_oracle_hand,9,9.0,1.0,,,,5.887495934710684,4.733465332279088,7.507118487488966,17.743380492161492,20.296246958422717,,,,,,,,,,
sequence,Jona_6_20260616_182111,pose_fair_common,persistence,9,9.0,1.0,,,,3.472219959008361,0.3857318400132908,7.164125666571887,11.183775484081636,5.439171375997811,,,,,,,,,,
sequence,Jona_6_20260616_182111,pose_fair_common,constant_velocity,9,9.0,1.0,,,,13.706091032454555,1.9877648144011455,23.047006251281744,11.183775484081636,5.439171375997811,,,,,,,,,,
sequence,Jona_6_20260616_182111,paired_pose_difference,learned_end_to_end_minus_persistence,9,9.0,1.0,,,,,,,,,2.415275975702324,2.034120587707447,6.559605008079858,0.1111111111111111,,,,,,
sequence,Jona_6_20260616_182111,paired_pose_difference,learned_end_to_end_minus_constant_velocity,9,9.0,1.0,,,,,,,,,-7.81859509774387,0.33678939447625966,6.559605008079858,0.4444444444444444,,,,,,
sequence,Jona_6_20260616_182111,paired_pose_difference,learned_oracle_hand_minus_persistence,9,9.0,1.0,,,,,,,,,2.415275975702324,2.034120587707447,6.559605008079858,0.1111111111111111,,,,,,
sequence,Jona_6_20260616_182111,paired_pose_difference,learned_oracle_hand_minus_constant_velocity,9,9.0,1.0,,,,,,,,,-7.81859509774387,0.33678939447625966,6.559605008079858,0.4444444444444444,,,,,,
sequence,Jona_7_20260616_182214,classification,intention,95,95.0,1.0,0.7789473684210526,0.7483923483923484,0.7483923483923484,,,,,,,,,,,,,,,
sequence,Jona_7_20260616_182214,classification,assistance,95,95.0,1.0,0.8210526315789474,0.8109120711860438,0.8109120711860438,,,,,,,,,,,,,,,
sequence,Jona_7_20260616_182214,classification,assistance_type_given_ground_truth_assistance,28,28.0,1.0,0.8571428571428571,0.8571428571428571,0.8571428571428571,,,,,,,,,,,,,,,
sequence,Jona_7_20260616_182214,classification,receiving_hand_given_ground_truth_handover,12,12.0,1.0,1.0,0.5,1.0,,,,,,,,,,,,,,,
sequence,Jona_7_20260616_182214,pose,learned_end_to_end,9,9.0,1.0,,,,8.08394543268813,3.863699939374316,10.956667009775803,17.94687448914101,13.181300187540296,,,,,,,,,,
sequence,Jona_7_20260616_182214,pose,learned_oracle_hand,9,9.0,1.0,,,,8.08394543268813,3.863699939374316,10.956667009775803,17.94687448914101,13.181300187540296,,,,,,,,,,
sequence,Jona_7_20260616_182214,pose,persistence,9,9.0,1.0,,,,7.697244973140474,0.792199023307759,13.500208436747474,21.287591853642407,4.970874370027683,,,,,,,,,,
sequence,Jona_7_20260616_182214,pose,constant_velocity,9,9.0,1.0,,,,22.465524816242535,9.46500781892369,33.74411130892436,21.287591853642407,4.970874370027683,,,,,,,,,,
sequence,Jona_7_20260616_182214,pose_fair_common,learned_oracle_hand,9,9.0,1.0,,,,8.08394543268813,3.863699939374316,10.956667009775803,17.94687448914101,13.181300187540296,,,,,,,,,,
sequence,Jona_7_20260616_182214,pose_fair_common,persistence,9,9.0,1.0,,,,7.697244973140474,0.792199023307759,13.500208436747474,21.287591853642407,4.970874370027683,,,,,,,,,,
sequence,Jona_7_20260616_182214,pose_fair_common,constant_velocity,9,9.0,1.0,,,,22.465524816242535,9.46500781892369,33.74411130892436,21.287591853642407,4.970874370027683,,,,,,,,,,
sequence,Jona_7_20260616_182214,paired_pose_difference,learned_end_to_end_minus_persistence,9,9.0,1.0,,,,,,,,,0.3867004595476577,2.1626936473853235,-3.340717364501396,0.3333333333333333,,,,,,
sequence,Jona_7_20260616_182214,paired_pose_difference,learned_end_to_end_minus_constant_velocity,9,9.0,1.0,,,,,,,,,-14.381579383554412,-5.98776294624477,-3.340717364501396,0.5555555555555556,,,,,,
sequence,Jona_7_20260616_182214,paired_pose_difference,learned_oracle_hand_minus_persistence,9,9.0,1.0,,,,,,,,,0.3867004595476577,2.1626936473853235,-3.340717364501396,0.3333333333333333,,,,,,
sequence,Jona_7_20260616_182214,paired_pose_difference,learned_oracle_hand_minus_constant_velocity,9,9.0,1.0,,,,,,,,,-14.381579383554412,-5.98776294624477,-3.340717364501396,0.5555555555555556,,,,,,
sequence,Mona_1_20260624_123312,classification,intention,94,94.0,1.0,0.9361702127659575,0.9140350877192982,0.9140350877192982,,,,,,,,,,,,,,,
sequence,Mona_1_20260624_123312,classification,assistance,94,94.0,1.0,0.9574468085106383,0.9539215686274509,0.9539215686274509,,,,,,,,,,,,,,,
sequence,Mona_1_20260624_123312,classification,assistance_type_given_ground_truth_assistance,36,36.0,1.0,0.8333333333333334,0.8328173374613004,0.8328173374613004,,,,,,,,,,,,,,,
sequence,Mona_1_20260624_123312,classification,receiving_hand_given_ground_truth_handover,22,22.0,1.0,0.8636363636363636,0.46341463414634143,0.9268292682926829,,,,,,,,,,,,,,,
sequence,Mona_1_20260624_123312,pose,learned_end_to_end,15,15.0,1.0,,,,19.064999318525008,13.393162112072613,23.020070947253362,57.09013178987495,26.329652648300996,,,,,,,,,,
sequence,Mona_1_20260624_123312,pose,learned_oracle_hand,14,15.0,0.9333333333333333,,,,19.556472432647904,12.542595055619291,23.978231709303348,50.69700282848554,22.38462738690047,,,,,,,,,,
sequence,Mona_1_20260624_123312,pose,persistence,14,15.0,0.9333333333333333,,,,15.773537531708227,0.8350242404254855,25.579436110435044,35.96069678191221,3.7142680236227994,,,,,,,,,,
sequence,Mona_1_20260624_123312,pose,constant_velocity,14,15.0,0.9333333333333333,,,,36.4147533766921,12.364914058885773,58.38214824907681,35.96069678191221,3.7142680236227994,,,,,,,,,,
sequence,Mona_1_20260624_123312,pose_fair_common,learned_oracle_hand,14,15.0,0.9333333333333333,,,,19.556472432647904,12.542595055619291,23.978231709303348,50.69700282848554,22.38462738690047,,,,,,,,,,
sequence,Mona_1_20260624_123312,pose_fair_common,persistence,14,15.0,0.9333333333333333,,,,15.773537531708227,0.8350242404254855,25.579436110435044,35.96069678191221,3.7142680236227994,,,,,,,,,,
sequence,Mona_1_20260624_123312,pose_fair_common,constant_velocity,14,15.0,0.9333333333333333,,,,36.4147533766921,12.364914058885773,58.38214824907681,35.96069678191221,3.7142680236227994,,,,,,,,,,
sequence,Mona_1_20260624_123312,paired_pose_difference,learned_end_to_end_minus_persistence,14,15.0,0.9333333333333333,,,,,,,,,2.734534096206617,6.785168671324177,14.116729991354122,0.35714285714285715,,,,,,
sequence,Mona_1_20260624_123312,paired_pose_difference,learned_end_to_end_minus_constant_velocity,14,15.0,0.9333333333333333,,,,,,,,,-17.906681748777252,0.3551984013794398,14.116729991354122,0.5,,,,,,
sequence,Mona_1_20260624_123312,paired_pose_difference,learned_oracle_hand_minus_persistence,14,15.0,0.9333333333333333,,,,,,,,,3.782934900939675,6.785168671324177,14.736306046573317,0.35714285714285715,,,,,,
sequence,Mona_1_20260624_123312,paired_pose_difference,learned_oracle_hand_minus_constant_velocity,14,15.0,0.9333333333333333,,,,,,,,,-16.858280944044193,0.3551984013794398,14.736306046573317,0.5,,,,,,
sequence,Mona_3_20260624_123548,classification,intention,105,105.0,1.0,0.8285714285714286,0.6576908323743766,0.6576908323743766,,,,,,,,,,,,,,,
sequence,Mona_3_20260624_123548,classification,assistance,105,105.0,1.0,0.9047619047619048,0.8722005842259006,0.8722005842259006,,,,,,,,,,,,,,,
sequence,Mona_3_20260624_123548,classification,assistance_type_given_ground_truth_assistance,29,29.0,1.0,0.7241379310344828,0.707070707070707,0.707070707070707,,,,,,,,,,,,,,,
sequence,Mona_3_20260624_123548,classification,receiving_hand_given_ground_truth_handover,13,13.0,1.0,0.7692307692307693,0.4347826086956522,0.8695652173913044,,,,,,,,,,,,,,,
sequence,Mona_3_20260624_123548,pose,learned_end_to_end,10,10.0,1.0,,,,18.106607533375914,15.343203412895642,20.694977498603,66.19799072234947,23.28023644476096,,,,,,,,,,
sequence,Mona_3_20260624_123548,pose,learned_oracle_hand,9,10.0,0.9,,,,16.07605570290612,15.080368338917172,18.185622704728452,45.24253533182181,19.71882749443236,,,,,,,,,,
sequence,Mona_3_20260624_123548,pose,persistence,9,10.0,0.9,,,,11.871643851070273,1.1300895702400164,20.829446783567967,27.561595634976033,3.915491685751821,,,,,,,,,,
sequence,Mona_3_20260624_123548,pose,constant_velocity,8,10.0,0.8,,,,36.058540924026865,3.5192937370364206,61.80528692027161,16.243313130150888,2.969169589718642,,,,,,,,,,
sequence,Mona_3_20260624_123548,pose_fair_common,learned_oracle_hand,8,10.0,0.8,,,,15.527833842246258,13.846299050713448,17.880734560585836,36.40743353748602,19.289935139627616,,,,,,,,,,
sequence,Mona_3_20260624_123548,pose_fair_common,persistence,8,10.0,0.8,,,,7.196890655997292,1.086995443061991,13.589022940648295,16.243313130150888,2.969169589718642,,,,,,,,,,
sequence,Mona_3_20260624_123548,pose_fair_common,constant_velocity,8,10.0,0.8,,,,36.058540924026865,3.5192937370364206,61.80528692027161,16.243313130150888,2.969169589718642,,,,,,,,,,
sequence,Mona_3_20260624_123548,paired_pose_difference,learned_end_to_end_minus_persistence,9,10.0,0.9,,,,,,,,,3.9641885355530624,5.897080597957498,28.69066457888763,0.2222222222222222,,,,,,
sequence,Mona_3_20260624_123548,paired_pose_difference,learned_end_to_end_minus_constant_velocity,8,10.0,0.8,,,,,,,,,-20.99893794002821,6.0600772757766315,26.161497277240592,0.375,,,,,,
sequence,Mona_3_20260624_123548,paired_pose_difference,learned_oracle_hand_minus_persistence,9,10.0,0.9,,,,,,,,,4.20441185183585,5.897080597957498,17.680939696845783,0.1111111111111111,,,,,,
sequence,Mona_3_20260624_123548,paired_pose_difference,learned_oracle_hand_minus_constant_velocity,8,10.0,0.8,,,,,,,,,-20.53070708178061,6.0600772757766315,20.164120407335133,0.375,,,,,,
sequence,Mona_4_20260624_123706,classification,intention,109,109.0,1.0,0.9724770642201835,0.9447985957132299,0.9447985957132299,,,,,,,,,,,,,,,
sequence,Mona_4_20260624_123706,classification,assistance,109,109.0,1.0,0.981651376146789,0.9753839205058716,0.9753839205058716,,,,,,,,,,,,,,,
sequence,Mona_4_20260624_123706,classification,assistance_type_given_ground_truth_assistance,27,27.0,1.0,0.9629629629629629,0.961038961038961,0.961038961038961,,,,,,,,,,,,,,,
sequence,Mona_4_20260624_123706,classification,receiving_hand_given_ground_truth_handover,10,10.0,1.0,1.0,0.5,1.0,,,,,,,,,,,,,,,
sequence,Mona_4_20260624_123706,pose,learned_end_to_end,7,7.0,1.0,,,,8.999672610900335,9.30112904610039,9.311525458215478,16.07263826332312,15.775550247983515,,,,,,,,,,
sequence,Mona_4_20260624_123706,pose,learned_oracle_hand,7,7.0,1.0,,,,8.999672610900335,9.30112904610039,9.311525458215478,16.07263826332312,15.775550247983515,,,,,,,,,,
sequence,Mona_4_20260624_123706,pose,persistence,7,7.0,1.0,,,,1.9079298078127949,0.4260492030836658,3.7788113003170056,4.153109229109856,1.113590950117431,,,,,,,,,,
sequence,Mona_4_20260624_123706,pose,constant_velocity,7,7.0,1.0,,,,3.295568391612505,2.0843222118886127,4.482385085990529,4.153109229109856,1.113590950117431,,,,,,,,,,
sequence,Mona_4_20260624_123706,pose_fair_common,learned_oracle_hand,7,7.0,1.0,,,,8.999672610900335,9.30112904610039,9.311525458215478,16.07263826332312,15.775550247983515,,,,,,,,,,
sequence,Mona_4_20260624_123706,pose_fair_common,persistence,7,7.0,1.0,,,,1.9079298078127949,0.4260492030836658,3.7788113003170056,4.153109229109856,1.113590950117431,,,,,,,,,,
sequence,Mona_4_20260624_123706,pose_fair_common,constant_velocity,7,7.0,1.0,,,,3.295568391612505,2.0843222118886127,4.482385085990529,4.153109229109856,1.113590950117431,,,,,,,,,,
sequence,Mona_4_20260624_123706,paired_pose_difference,learned_end_to_end_minus_persistence,7,7.0,1.0,,,,,,,,,7.0917428030875405,8.281076906524817,11.919529034213264,0.0,,,,,,
sequence,Mona_4_20260624_123706,paired_pose_difference,learned_end_to_end_minus_constant_velocity,7,7.0,1.0,,,,,,,,,5.70410421928783,7.216806834211778,11.919529034213264,0.0,,,,,,
sequence,Mona_4_20260624_123706,paired_pose_difference,learned_oracle_hand_minus_persistence,7,7.0,1.0,,,,,,,,,7.0917428030875405,8.281076906524817,11.919529034213264,0.0,,,,,,
sequence,Mona_4_20260624_123706,paired_pose_difference,learned_oracle_hand_minus_constant_velocity,7,7.0,1.0,,,,,,,,,5.70410421928783,7.216806834211778,11.919529034213264,0.0,,,,,,
sequence,Mona_5_20260624_123814,classification,intention,125,125.0,1.0,0.936,0.8730949022211157,0.8730949022211157,,,,,,,,,,,,,,,
sequence,Mona_5_20260624_123814,classification,assistance,125,125.0,1.0,0.936,0.8896734333627537,0.8896734333627537,,,,,,,,,,,,,,,
sequence,Mona_5_20260624_123814,classification,assistance_type_given_ground_truth_assistance,26,26.0,1.0,1.0,1.0,1.0,,,,,,,,,,,,,,,
sequence,Mona_5_20260624_123814,classification,receiving_hand_given_ground_truth_handover,10,10.0,1.0,0.4,0.28571428571428575,0.5714285714285715,,,,,,,,,,,,,,,
sequence,Mona_5_20260624_123814,pose,learned_end_to_end,3,7.0,0.42857142857142855,,,,30.15345527534497,38.56141711127741,35.67519487273668,111.32209950716778,160.1171557549126,,,,,,,,,,
sequence,Mona_5_20260624_123814,pose,learned_oracle_hand,7,7.0,1.0,,,,21.0947900844358,16.458137668835178,27.4179103231249,57.08737313700662,46.09002262736493,,,,,,,,,,
sequence,Mona_5_20260624_123814,pose,persistence,7,7.0,1.0,,,,24.40924971961533,19.049871039190688,34.06277195519665,48.6542042530473,26.22323234248475,,,,,,,,,,
sequence,Mona_5_20260624_123814,pose,constant_velocity,7,7.0,1.0,,,,60.612360396914774,61.19793241197216,76.38157758415518,48.6542042530473,26.22323234248475,,,,,,,,,,
sequence,Mona_5_20260624_123814,pose_fair_common,learned_oracle_hand,7,7.0,1.0,,,,21.0947900844358,16.458137668835178,27.4179103231249,57.08737313700662,46.09002262736493,,,,,,,,,,
sequence,Mona_5_20260624_123814,pose_fair_common,persistence,7,7.0,1.0,,,,24.40924971961533,19.049871039190688,34.06277195519665,48.6542042530473,26.22323234248475,,,,,,,,,,
sequence,Mona_5_20260624_123814,pose_fair_common,constant_velocity,7,7.0,1.0,,,,60.612360396914774,61.19793241197216,76.38157758415518,48.6542042530473,26.22323234248475,,,,,,,,,,
sequence,Mona_5_20260624_123814,paired_pose_difference,learned_end_to_end_minus_persistence,3,7.0,0.42857142857142855,,,,,,,,,-6.595835791597352,-8.607760505213271,37.71173619220662,0.6666666666666666,,,,,,
sequence,Mona_5_20260624_123814,paired_pose_difference,learned_end_to_end_minus_constant_velocity,3,7.0,0.42857142857142855,,,,,,,,,-11.651636968377444,-12.865305203320617,37.71173619220662,0.6666666666666666,,,,,,
sequence,Mona_5_20260624_123814,paired_pose_difference,learned_oracle_hand_minus_persistence,7,7.0,1.0,,,,,,,,,-3.3144596351795337,-2.5917333703555094,8.43316888395933,0.5714285714285714,,,,,,
sequence,Mona_5_20260624_123814,paired_pose_difference,learned_oracle_hand_minus_constant_velocity,7,7.0,1.0,,,,,,,,,-39.51757031247897,-26.506228309170623,8.43316888395933,0.8571428571428571,,,,,,
sequence,Mona_6_20260624_123930,classification,intention,124,124.0,1.0,0.8467741935483871,0.525192206424434,0.525192206424434,,,,,,,,,,,,,,,
sequence,Mona_6_20260624_123930,classification,assistance,124,124.0,1.0,0.8790322580645161,0.7617522736006148,0.7617522736006148,,,,,,,,,,,,,,,
sequence,Mona_6_20260624_123930,classification,assistance_type_given_ground_truth_assistance,26,26.0,1.0,0.7692307692307693,0.7291666666666666,0.7291666666666666,,,,,,,,,,,,,,,
sequence,Mona_6_20260624_123930,classification,receiving_hand_given_ground_truth_handover,11,11.0,1.0,0.6363636363636364,0.3888888888888889,0.7777777777777778,,,,,,,,,,,,,,,
sequence,Mona_6_20260624_123930,pose,learned_end_to_end,7,7.0,1.0,,,,18.774528409907536,13.27685521420943,22.308610096387795,96.22710843627071,97.82868351831084,,,,,,,,,,
sequence,Mona_6_20260624_123930,pose,learned_oracle_hand,6,7.0,0.8571428571428571,,,,25.00737904195346,26.3810019850279,29.227115045103325,76.30752654598236,75.40834309002699,,,,,,,,,,
sequence,Mona_6_20260624_123930,pose,persistence,6,7.0,0.8571428571428571,,,,21.926599912362317,14.026183505827971,30.91450692786228,50.236617339372465,27.938923591486525,,,,,,,,,,
sequence,Mona_6_20260624_123930,pose,constant_velocity,6,7.0,0.8571428571428571,,,,79.91396385423307,75.39387850967151,101.31153867579171,50.236617339372465,27.938923591486525,,,,,,,,,,
sequence,Mona_6_20260624_123930,pose_fair_common,learned_oracle_hand,6,7.0,0.8571428571428571,,,,25.00737904195346,26.3810019850279,29.227115045103325,76.30752654598236,75.40834309002699,,,,,,,,,,
sequence,Mona_6_20260624_123930,pose_fair_common,persistence,6,7.0,0.8571428571428571,,,,21.926599912362317,14.026183505827971,30.91450692786228,50.236617339372465,27.938923591486525,,,,,,,,,,
sequence,Mona_6_20260624_123930,pose_fair_common,constant_velocity,6,7.0,0.8571428571428571,,,,79.91396385423307,75.39387850967151,101.31153867579171,50.236617339372465,27.938923591486525,,,,,,,,,,
sequence,Mona_6_20260624_123930,paired_pose_difference,learned_end_to_end_minus_persistence,6,7.0,0.8571428571428571,,,,,,,,,-5.172946081792426,4.806428645114556,33.21146815675615,0.3333333333333333,,,,,,
sequence,Mona_6_20260624_123930,paired_pose_difference,learned_end_to_end_minus_constant_velocity,6,7.0,0.8571428571428571,,,,,,,,,-63.16031002366318,-44.07345574230507,33.21146815675615,0.8333333333333334,,,,,,
sequence,Mona_6_20260624_123930,paired_pose_difference,learned_oracle_hand_minus_persistence,6,7.0,0.8571428571428571,,,,,,,,,3.080779129591148,4.806428645114556,26.0709092066099,0.3333333333333333,,,,,,
sequence,Mona_6_20260624_123930,paired_pose_difference,learned_oracle_hand_minus_constant_velocity,6,7.0,0.8571428571428571,,,,,,,,,-54.90658481227961,-44.07345574230507,26.0709092066099,0.8333333333333334,,,,,,
sequence,Mona_7_20260624_124051,classification,intention,123,123.0,1.0,0.943089430894309,0.9067507696928739,0.9067507696928739,,,,,,,,,,,,,,,
sequence,Mona_7_20260624_124051,classification,assistance,123,123.0,1.0,0.943089430894309,0.9158275491250367,0.9158275491250367,,,,,,,,,,,,,,,
sequence,Mona_7_20260624_124051,classification,assistance_type_given_ground_truth_assistance,29,29.0,1.0,1.0,1.0,1.0,,,,,,,,,,,,,,,
sequence,Mona_7_20260624_124051,classification,receiving_hand_given_ground_truth_handover,11,11.0,1.0,1.0,0.5,1.0,,,,,,,,,,,,,,,
sequence,Mona_7_20260624_124051,pose,learned_end_to_end,7,7.0,1.0,,,,5.870382053830297,5.9134010100558685,5.954135017686635,11.638951753824282,10.049601270889584,,,,,,,,,,
sequence,Mona_7_20260624_124051,pose,learned_oracle_hand,7,7.0,1.0,,,,5.870382053830297,5.9134010100558685,5.954135017686635,11.638951753824282,10.049601270889584,,,,,,,,,,
sequence,Mona_7_20260624_124051,pose,persistence,7,7.0,1.0,,,,2.5328276848517737,2.01667806882346,3.3115392726974218,3.518601747702897,2.3819060291891967,,,,,,,,,,
sequence,Mona_7_20260624_124051,pose,constant_velocity,7,7.0,1.0,,,,13.453438506592022,3.444942549407235,25.738677397154557,3.518601747702897,2.3819060291891967,,,,,,,,,,
sequence,Mona_7_20260624_124051,pose_fair_common,learned_oracle_hand,7,7.0,1.0,,,,5.870382053830297,5.9134010100558685,5.954135017686635,11.638951753824282,10.049601270889584,,,,,,,,,,
sequence,Mona_7_20260624_124051,pose_fair_common,persistence,7,7.0,1.0,,,,2.5328276848517737,2.01667806882346,3.3115392726974218,3.518601747702897,2.3819060291891967,,,,,,,,,,
sequence,Mona_7_20260624_124051,pose_fair_common,constant_velocity,7,7.0,1.0,,,,13.453438506592022,3.444942549407235,25.738677397154557,3.518601747702897,2.3819060291891967,,,,,,,,,,
sequence,Mona_7_20260624_124051,paired_pose_difference,learned_end_to_end_minus_persistence,7,7.0,1.0,,,,,,,,,3.337554368978524,3.929666710998227,8.120350006121383,0.0,,,,,,
sequence,Mona_7_20260624_124051,paired_pose_difference,learned_end_to_end_minus_constant_velocity,7,7.0,1.0,,,,,,,,,-7.583056452761723,2.4684584606486335,8.120350006121383,0.2857142857142857,,,,,,
sequence,Mona_7_20260624_124051,paired_pose_difference,learned_oracle_hand_minus_persistence,7,7.0,1.0,,,,,,,,,3.337554368978524,3.929666710998227,8.120350006121383,0.0,,,,,,
sequence,Mona_7_20260624_124051,paired_pose_difference,learned_oracle_hand_minus_constant_velocity,7,7.0,1.0,,,,,,,,,-7.583056452761723,2.4684584606486335,8.120350006121383,0.2857142857142857,,,,,,
sequence,Mona_8_20260624_124414,classification,intention,149,149.0,1.0,0.9328859060402684,0.8094391534391535,0.8094391534391535,,,,,,,,,,,,,,,
sequence,Mona_8_20260624_124414,classification,assistance,149,149.0,1.0,0.9463087248322147,0.9006666666666667,0.9006666666666667,,,,,,,,,,,,,,,
sequence,Mona_8_20260624_124414,classification,assistance_type_given_ground_truth_assistance,27,27.0,1.0,0.8518518518518519,0.8516483516483516,0.8516483516483516,,,,,,,,,,,,,,,
sequence,Mona_8_20260624_124414,classification,receiving_hand_given_ground_truth_handover,13,13.0,1.0,0.7692307692307693,0.4347826086956522,0.8695652173913044,,,,,,,,,,,,,,,
sequence,Mona_8_20260624_124414,pose,learned_end_to_end,8,9.0,0.8888888888888888,,,,17.73983294439062,12.090564495885758,20.41318483072018,52.86365425412324,16.676573787464257,,,,,,,,,,
sequence,Mona_8_20260624_124414,pose,learned_oracle_hand,9,9.0,1.0,,,,18.660113926365614,12.299290220961083,21.147399018557916,48.99359025790964,17.100322050048682,,,,,,,,,,
sequence,Mona_8_20260624_124414,pose,persistence,9,9.0,1.0,,,,21.251482408033315,7.8497922878021935,31.166025954242254,48.562730823442266,11.230743770129202,,,,,,,,,,
sequence,Mona_8_20260624_124414,pose,constant_velocity,9,9.0,1.0,,,,47.423060179882,52.34968652837617,62.495698437202726,48.562730823442266,11.230743770129202,,,,,,,,,,
sequence,Mona_8_20260624_124414,pose_fair_common,learned_oracle_hand,9,9.0,1.0,,,,18.660113926365614,12.299290220961083,21.147399018557916,48.99359025790964,17.100322050048682,,,,,,,,,,
sequence,Mona_8_20260624_124414,pose_fair_common,persistence,9,9.0,1.0,,,,21.251482408033315,7.8497922878021935,31.166025954242254,48.562730823442266,11.230743770129202,,,,,,,,,,
sequence,Mona_8_20260624_124414,pose_fair_common,constant_velocity,9,9.0,1.0,,,,47.423060179882,52.34968652837617,62.495698437202726,48.562730823442266,11.230743770129202,,,,,,,,,,
sequence,Mona_8_20260624_124414,paired_pose_difference,learned_end_to_end_minus_persistence,8,9.0,0.8888888888888888,,,,,,,,,-1.4440270157275013,4.164742377983832,11.02468464810072,0.25,,,,,,
sequence,Mona_8_20260624_124414,paired_pose_difference,learned_end_to_end_minus_constant_velocity,8,9.0,0.8888888888888888,,,,,,,,,-21.186039769130357,-20.807201977010358,11.02468464810072,0.625,,,,,,
sequence,Mona_8_20260624_124414,paired_pose_difference,learned_oracle_hand_minus_persistence,9,9.0,1.0,,,,,,,,,-2.5913684816677005,0.7262471107129755,0.4308594344673769,0.3333333333333333,,,,,,
sequence,Mona_8_20260624_124414,paired_pose_difference,learned_oracle_hand_minus_constant_velocity,9,9.0,1.0,,,,,,,,,-28.762946253516386,-21.34328932983375,0.4308594344673769,0.6666666666666666,,,,,,
participant,Edu,classification,intention,703,703.0,1.0,0.8650976894349338,0.8502326856097607,0.8502326856097607,,,,,,,,,,,,,,,
participant,Edu,classification,assistance,703,703.0,1.0,0.8947073971652587,0.8797079672124389,0.8797079672124389,,,,,,,,,,,,,,,
participant,Edu,classification,assistance_type_given_ground_truth_assistance,253,253.0,1.0,0.92672759339426,0.9146330533410807,0.9146330533410807,,,,,,,,,,,,,,,
participant,Edu,classification,receiving_hand_given_ground_truth_handover,132,132.0,1.0,0.9292929292929293,0.4740740740740741,0.9481481481481482,,,,,,,,,,,,,,,
participant,Edu,pose,learned_end_to_end,94,94.0,1.0,,,,18.435480447208413,14.569355860175698,21.84616716042951,54.30459349177406,38.486531766579716,,,,,,,,,,
participant,Edu,pose,learned_oracle_hand,94,94.0,1.0,,,,18.435480447208413,14.569355860175698,21.84616716042951,54.30459349177406,38.486531766579716,,,,,,,,,,
participant,Edu,pose,persistence,94,94.0,1.0,,,,20.450469258997277,18.957000638395606,24.964843707206217,66.8333608602656,62.3992207457811,,,,,,,,,,
participant,Edu,pose,constant_velocity,94,94.0,1.0,,,,39.47552523955252,37.02739625409101,45.882428415869086,66.8333608602656,62.3992207457811,,,,,,,,,,
participant,Edu,pose_fair_common,learned_oracle_hand,94,94.0,1.0,,,,18.435480447208413,14.569355860175698,21.84616716042951,54.30459349177406,38.486531766579716,,,,,,,,,,
participant,Edu,pose_fair_common,persistence,94,94.0,1.0,,,,20.450469258997277,18.957000638395606,24.964843707206217,66.8333608602656,62.3992207457811,,,,,,,,,,
participant,Edu,pose_fair_common,constant_velocity,94,94.0,1.0,,,,39.47552523955252,37.02739625409101,45.882428415869086,66.8333608602656,62.3992207457811,,,,,,,,,,
participant,Edu,paired_pose_difference,learned_end_to_end_minus_constant_velocity,94,,1.0,,,,,,,,,-21.040044792344105,-12.502755851277115,-12.528767368491547,0.7898148148148147,,,,,,
participant,Edu,paired_pose_difference,learned_end_to_end_minus_persistence,94,,1.0,,,,,,,,,-2.0149888117888666,-0.527305334062784,-12.528767368491547,0.5387152777777777,,,,,,
participant,Edu,paired_pose_difference,learned_oracle_hand_minus_constant_velocity,94,,1.0,,,,,,,,,-21.040044792344105,-12.502755851277115,-12.528767368491547,0.7898148148148147,,,,,,
participant,Edu,paired_pose_difference,learned_oracle_hand_minus_persistence,94,,1.0,,,,,,,,,-2.0149888117888666,-0.527305334062784,-12.528767368491547,0.5387152777777777,,,,,,
participant,Jona,classification,intention,667,667.0,1.0,0.8751553434314587,0.8464625205490488,0.8464625205490488,,,,,,,,,,,,,,,
participant,Jona,classification,assistance,667,667.0,1.0,0.8902128296200019,0.8779585583155057,0.8779585583155057,,,,,,,,,,,,,,,
participant,Jona,classification,assistance_type_given_ground_truth_assistance,194,194.0,1.0,0.9415024630541872,0.9411981219875429,0.9411981219875429,,,,,,,,,,,,,,,
participant,Jona,classification,receiving_hand_given_ground_truth_handover,82,82.0,1.0,1.0,0.5,1.0,,,,,,,,,,,,,,,
participant,Jona,pose,learned_end_to_end,61,61.0,1.0,,,,10.350291525874308,6.9498531669505486,13.800360866716085,22.027329462413075,14.003928587093327,,,,,,,,,,
participant,Jona,pose,learned_oracle_hand,61,61.0,1.0,,,,10.350291525874308,6.9498531669505486,13.800360866716085,22.027329462413075,14.003928587093327,,,,,,,,,,
participant,Jona,pose,persistence,61,61.0,1.0,,,,9.833112064304515,4.34308805601892,15.547223584591876,25.650177937880652,12.628485533932109,,,,,,,,,,
participant,Jona,pose,constant_velocity,61,61.0,1.0,,,,23.709157785594318,15.020617677881058,33.776523167504415,25.650177937880652,12.628485533932109,,,,,,,,,,
participant,Jona,pose_fair_common,learned_oracle_hand,61,61.0,1.0,,,,10.350291525874308,6.9498531669505486,13.800360866716085,22.027329462413075,14.003928587093327,,,,,,,,,,
participant,Jona,pose_fair_common,persistence,61,61.0,1.0,,,,9.833112064304515,4.34308805601892,15.547223584591876,25.650177937880652,12.628485533932109,,,,,,,,,,
participant,Jona,pose_fair_common,constant_velocity,61,61.0,1.0,,,,23.709157785594318,15.020617677881058,33.776523167504415,25.650177937880652,12.628485533932109,,,,,,,,,,
participant,Jona,paired_pose_difference,learned_end_to_end_minus_constant_velocity,61,,1.0,,,,,,,,,-13.358866259720005,-6.341355531594375,-3.6228484754675745,0.6559523809523808,,,,,,
participant,Jona,paired_pose_difference,learned_end_to_end_minus_persistence,61,,1.0,,,,,,,,,0.5171794615697956,1.6095368026653563,-3.6228484754675745,0.27380952380952384,,,,,,
participant,Jona,paired_pose_difference,learned_oracle_hand_minus_constant_velocity,61,,1.0,,,,,,,,,-13.358866259720005,-6.341355531594375,-3.6228484754675745,0.6559523809523808,,,,,,
participant,Jona,paired_pose_difference,learned_oracle_hand_minus_persistence,61,,1.0,,,,,,,,,0.5171794615697956,1.6095368026653563,-3.6228484754675745,0.27380952380952384,,,,,,
participant,Mona,classification,intention,829,829.0,1.0,0.9137097480057906,0.8044287925120688,0.8044287925120688,,,,,,,,,,,,,,,
participant,Mona,classification,assistance,829,829.0,1.0,0.9354700718871961,0.8956322851591851,0.8956322851591851,,,,,,,,,,,,,,,
participant,Mona,classification,assistance_type_given_ground_truth_assistance,200,200.0,1.0,0.8773595497733429,0.8688202891265695,0.8688202891265695,,,,,,,,,,,,,,,
participant,Mona,classification,receiving_hand_given_ground_truth_handover,90,90.0,1.0,0.7769230769230768,0.4296547180201173,0.8593094360402346,,,,,,,,,,,,,,,
participant,Mona,pose,learned_end_to_end,57,62.0,0.9024943310657597,,,,16.958496878039238,15.411390343213872,19.625385531657592,58.773224960990504,50.00820766751753,,,,,,,,,,
participant,Mona,pose,learned_oracle_hand,59,62.0,0.9557823129251701,,,,16.466409407577075,13.996560475073839,19.31741989667429,43.71994544547906,29.503899166806644,,,,,,,,,,
participant,Mona,pose,persistence,59,62.0,0.9557823129251701,,,,14.239038702207719,6.4762411307704975,21.377505472045517,31.23536511565186,10.931165198968817,,,,,,,,,,
participant,Mona,pose,constant_velocity,58,62.0,0.9414965986394558,,,,39.59595508999333,30.050710001033984,55.79961604994902,29.61846761496255,10.795976328106933,,,,,,,,,,
participant,Mona,pose_fair_common,learned_oracle_hand,58,62.0,0.9414965986394558,,,,16.38809199891138,13.820264862473307,19.273864447511063,42.45778804628822,29.44262883040597,,,,,,,,,,
participant,Mona,pose_fair_common,persistence,58,62.0,0.9414965986394558,,,,13.571216817197293,6.470084826887922,20.34315920877128,29.61846761496255,10.795976328106933,,,,,,,,,,
participant,Mona,pose_fair_common,constant_velocity,58,62.0,0.9414965986394558,,,,39.59595508999333,30.050710001033984,55.79961604994902,29.61846761496255,10.795976328106933,,,,,,,,,,
participant,Mona,paired_pose_difference,learned_end_to_end_minus_constant_velocity,53,,0.8439909297052155,,,,,,,,,-19.54036552620719,-8.80648885008851,20.323713615141838,0.4693877551020408,,,,,,
participant,Mona,paired_pose_difference,learned_end_to_end_minus_persistence,54,,0.8582766439909297,,,,,,,,,0.5593158449583522,3.6080576292414053,20.685023229662843,0.2613378684807256,,,,,,
participant,Mona,paired_pose_difference,learned_oracle_hand_minus_constant_velocity,58,,0.9414965986394558,,,,,,,,,-23.207863091081954,-10.831776058470423,12.839320431325673,0.5025510204081632,,,,,,
participant,Mona,paired_pose_difference,learned_oracle_hand_minus_persistence,59,,0.9557823129251701,,,,,,,,,2.2273707053693577,3.976276467468106,12.484580329827194,0.24376417233560085,,,,,,
receiving_hand,left,classification,intention,829,829.0,1.0,0.9143546441495778,0.8241115625367187,0.8241115625367187,,,,,,,,,,,,,,,
receiving_hand,left,classification,assistance,829,829.0,1.0,0.9348612786489746,0.9034199761818464,0.9034199761818464,,,,,,,,,,,,,,,
receiving_hand,left,classification,assistance_type_given_ground_truth_assistance,200,200.0,1.0,0.875,0.8715016319292745,0.8715016319292745,,,,,,,,,,,,,,,
receiving_hand,left,classification,receiving_hand_given_ground_truth_handover,90,90.0,1.0,0.7888888888888889,0.4409937888198758,0.8819875776397516,,,,,,,,,,,,,,,
receiving_hand,left,pose,learned_end_to_end,57,62.0,0.9193548387096774,,,,16.402318877460726,11.83137043342082,20.400477996729414,55.136461505263775,18.85316370087835,,,,,,,,,,
receiving_hand,left,pose,learned_oracle_hand,59,62.0,0.9516129032258065,,,,16.74939539349834,11.69202799916597,21.110433739729732,44.225780868836495,18.43960212549994,,,,,,,,,,
receiving_hand,left,pose,persistence,59,62.0,0.9516129032258065,,,,14.448259520948824,1.656448147613295,24.646606113815626,31.93677633419984,3.620143296814719,,,,,,,,,,
receiving_hand,left,pose,constant_velocity,58,62.0,0.9354838709677419,,,,38.725789146139235,8.410033419744007,61.67635160192214,30.45106806972782,3.4149746979593925,,,,,,,,,,
receiving_hand,left,pose_fair_common,learned_oracle_hand,58,62.0,0.9354838709677419,,,,16.685387890141673,11.255465229076904,21.121441890546325,42.98961588922147,18.293598518774218,,,,,,,,,,
receiving_hand,left,pose_fair_common,persistence,58,62.0,0.9354838709677419,,,,13.847890384902183,1.6346472882057104,24.001564625331948,30.45106806972782,3.4149746979593925,,,,,,,,,,
receiving_hand,left,pose_fair_common,constant_velocity,58,62.0,0.9354838709677419,,,,38.725789146139235,8.410033419744007,61.67635160192214,30.45106806972782,3.4149746979593925,,,,,,,,,,
receiving_hand,left,paired_pose_difference,learned_end_to_end_minus_persistence,54,62.0,0.8709677419354839,,,,,,,,,1.5664602662956673,4.918731741370875,18.457978686541693,0.24074074074074073,,,,,,
receiving_hand,left,paired_pose_difference,learned_end_to_end_minus_constant_velocity,53,62.0,0.8548387096774194,,,,,,,,,-19.155524581841103,1.0811573641088978,17.88314803926769,0.4528301886792453,,,,,,
receiving_hand,left,paired_pose_difference,learned_oracle_hand_minus_persistence,59,62.0,0.9516129032258065,,,,,,,,,2.3011358725495152,4.683657301140476,12.289004534636645,0.2542372881355932,,,,,,
receiving_hand,left,paired_pose_difference,learned_oracle_hand_minus_constant_velocity,58,62.0,0.9354838709677419,,,,,,,,,-22.04040125599757,-0.004380860842930545,12.53854781949364,0.5,,,,,,
receiving_hand_sequence_balanced,left,classification,intention,829,829.0,1.0,0.9137097480057906,0.8044287925120688,0.8044287925120688,,,,,,,,,,,,,,,
receiving_hand_sequence_balanced,left,classification,assistance,829,829.0,1.0,0.9354700718871961,0.8956322851591851,0.8956322851591851,,,,,,,,,,,,,,,
receiving_hand_sequence_balanced,left,classification,assistance_type_given_ground_truth_assistance,200,200.0,1.0,0.8773595497733429,0.8688202891265695,0.8688202891265695,,,,,,,,,,,,,,,
receiving_hand_sequence_balanced,left,classification,receiving_hand_given_ground_truth_handover,90,90.0,1.0,0.7769230769230768,0.4296547180201173,0.8593094360402346,,,,,,,,,,,,,,,
receiving_hand_sequence_balanced,left,pose,learned_end_to_end,57,62.0,0.9024943310657597,,,,16.958496878039238,15.411390343213872,19.625385531657592,58.773224960990504,50.00820766751753,,,,,,,,,,
receiving_hand_sequence_balanced,left,pose,learned_oracle_hand,59,62.0,0.9557823129251701,,,,16.466409407577075,13.996560475073839,19.31741989667429,43.71994544547906,29.503899166806644,,,,,,,,,,
receiving_hand_sequence_balanced,left,pose,persistence,59,62.0,0.9557823129251701,,,,14.239038702207719,6.4762411307704975,21.377505472045517,31.23536511565186,10.931165198968817,,,,,,,,,,
receiving_hand_sequence_balanced,left,pose,constant_velocity,58,62.0,0.9414965986394558,,,,39.59595508999333,30.050710001033984,55.79961604994902,29.61846761496255,10.795976328106933,,,,,,,,,,
receiving_hand_sequence_balanced,left,pose_fair_common,learned_oracle_hand,58,62.0,0.9414965986394558,,,,16.38809199891138,13.820264862473307,19.273864447511063,42.45778804628822,29.44262883040597,,,,,,,,,,
receiving_hand_sequence_balanced,left,pose_fair_common,persistence,58,62.0,0.9414965986394558,,,,13.571216817197293,6.470084826887922,20.34315920877128,29.61846761496255,10.795976328106933,,,,,,,,,,
receiving_hand_sequence_balanced,left,pose_fair_common,constant_velocity,58,62.0,0.9414965986394558,,,,39.59595508999333,30.050710001033984,55.79961604994902,29.61846761496255,10.795976328106933,,,,,,,,,,
receiving_hand_sequence_balanced,left,paired_pose_difference,learned_end_to_end_minus_constant_velocity,53,,0.8439909297052155,,,,,,,,,-19.54036552620719,-8.80648885008851,20.323713615141838,0.4693877551020408,,,,,,
receiving_hand_sequence_balanced,left,paired_pose_difference,learned_end_to_end_minus_persistence,54,,0.8582766439909297,,,,,,,,,0.5593158449583522,3.6080576292414053,20.685023229662843,0.2613378684807256,,,,,,
receiving_hand_sequence_balanced,left,paired_pose_difference,learned_oracle_hand_minus_constant_velocity,58,,0.9414965986394558,,,,,,,,,-23.207863091081954,-10.831776058470423,12.839320431325673,0.5025510204081632,,,,,,
receiving_hand_sequence_balanced,left,paired_pose_difference,learned_oracle_hand_minus_persistence,59,,0.9557823129251701,,,,,,,,,2.2273707053693577,3.976276467468106,12.484580329827194,0.24376417233560085,,,,,,
receiving_hand_participant_balanced,left,classification,intention,829,829.0,1.0,0.9137097480057906,0.8044287925120688,0.8044287925120688,,,,,,,,,,,,,,,
receiving_hand_participant_balanced,left,classification,assistance,829,829.0,1.0,0.9354700718871961,0.8956322851591851,0.8956322851591851,,,,,,,,,,,,,,,
receiving_hand_participant_balanced,left,classification,assistance_type_given_ground_truth_assistance,200,200.0,1.0,0.8773595497733429,0.8688202891265695,0.8688202891265695,,,,,,,,,,,,,,,
receiving_hand_participant_balanced,left,classification,receiving_hand_given_ground_truth_handover,90,90.0,1.0,0.7769230769230768,0.4296547180201173,0.8593094360402346,,,,,,,,,,,,,,,
receiving_hand_participant_balanced,left,pose,learned_end_to_end,57,62.0,0.9024943310657597,,,,16.958496878039238,15.411390343213872,19.625385531657592,58.773224960990504,50.00820766751753,,,,,,,,,,
receiving_hand_participant_balanced,left,pose,learned_oracle_hand,59,62.0,0.9557823129251701,,,,16.466409407577075,13.996560475073839,19.31741989667429,43.71994544547906,29.503899166806644,,,,,,,,,,
receiving_hand_participant_balanced,left,pose,persistence,59,62.0,0.9557823129251701,,,,14.239038702207719,6.4762411307704975,21.377505472045517,31.23536511565186,10.931165198968817,,,,,,,,,,
receiving_hand_participant_balanced,left,pose,constant_velocity,58,62.0,0.9414965986394558,,,,39.59595508999333,30.050710001033984,55.79961604994902,29.61846761496255,10.795976328106933,,,,,,,,,,
receiving_hand_participant_balanced,left,pose_fair_common,learned_oracle_hand,58,62.0,0.9414965986394558,,,,16.38809199891138,13.820264862473307,19.273864447511063,42.45778804628822,29.44262883040597,,,,,,,,,,
receiving_hand_participant_balanced,left,pose_fair_common,persistence,58,62.0,0.9414965986394558,,,,13.571216817197293,6.470084826887922,20.34315920877128,29.61846761496255,10.795976328106933,,,,,,,,,,
receiving_hand_participant_balanced,left,pose_fair_common,constant_velocity,58,62.0,0.9414965986394558,,,,39.59595508999333,30.050710001033984,55.79961604994902,29.61846761496255,10.795976328106933,,,,,,,,,,
receiving_hand_participant_balanced,left,paired_pose_difference,learned_end_to_end_minus_constant_velocity,53,,0.8439909297052155,,,,,,,,,-19.54036552620719,-8.80648885008851,20.323713615141838,0.4693877551020408,,,,,,
receiving_hand_participant_balanced,left,paired_pose_difference,learned_end_to_end_minus_persistence,54,,0.8582766439909297,,,,,,,,,0.5593158449583522,3.6080576292414053,20.685023229662843,0.2613378684807256,,,,,,
receiving_hand_participant_balanced,left,paired_pose_difference,learned_oracle_hand_minus_constant_velocity,58,,0.9414965986394558,,,,,,,,,-23.207863091081954,-10.831776058470423,12.839320431325673,0.5025510204081632,,,,,,
receiving_hand_participant_balanced,left,paired_pose_difference,learned_oracle_hand_minus_persistence,59,,0.9557823129251701,,,,,,,,,2.2273707053693577,3.976276467468106,12.484580329827194,0.24376417233560085,,,,,,
receiving_hand,right,classification,intention,1370,1370.0,1.0,0.8722627737226277,0.8390668687859307,0.8390668687859307,,,,,,,,,,,,,,,
receiving_hand,right,classification,assistance,1370,1370.0,1.0,0.8941605839416058,0.8871703645138442,0.8871703645138442,,,,,,,,,,,,,,,
receiving_hand,right,classification,assistance_type_given_ground_truth_assistance,447,447.0,1.0,0.9328859060402684,0.9328452385721726,0.9328452385721726,,,,,,,,,,,,,,,
receiving_hand,right,classification,receiving_hand_given_ground_truth_handover,214,214.0,1.0,0.9672897196261683,0.491686460807601,0.983372921615202,,,,,,,,,,,,,,,
receiving_hand,right,pose,learned_end_to_end,155,155.0,1.0,,,,14.903948182478363,9.854002784134131,19.42202325599484,40.37870710208458,23.08272675444652,,,,,,,,,,
receiving_hand,right,pose,learned_oracle_hand,155,155.0,1.0,,,,14.903948182478363,9.854002784134131,19.42202325599484,40.37870710208458,23.08272675444652,,,,,,,,,,
receiving_hand,right,pose,persistence,155,155.0,1.0,,,,15.16207519881861,9.002809895157666,21.640102004082113,46.38882810154139,23.95773624269273,,,,,,,,,,
receiving_hand,right,pose,constant_velocity,155,155.0,1.0,,,,31.531289244729923,29.039629396831764,41.62469008348959,46.38882810154139,23.95773624269273,,,,,,,,,,
receiving_hand,right,pose_fair_common,learned_oracle_hand,155,155.0,1.0,,,,14.903948182478363,9.854002784134131,19.42202325599484,40.37870710208458,23.08272675444652,,,,,,,,,,
receiving_hand,right,pose_fair_common,persistence,155,155.0,1.0,,,,15.16207519881861,9.002809895157666,21.640102004082113,46.38882810154139,23.95773624269273,,,,,,,,,,
receiving_hand,right,pose_fair_common,constant_velocity,155,155.0,1.0,,,,31.531289244729923,29.039629396831764,41.62469008348959,46.38882810154139,23.95773624269273,,,,,,,,,,
receiving_hand,right,paired_pose_difference,learned_end_to_end_minus_persistence,155,155.0,1.0,,,,,,,,,-0.2581270163402458,1.0335339898466351,-6.010120999456818,0.4129032258064516,,,,,,
receiving_hand,right,paired_pose_difference,learned_end_to_end_minus_constant_velocity,155,155.0,1.0,,,,,,,,,-16.627341062251556,-5.9076758807615946,-6.010120999456818,0.6903225806451613,,,,,,
receiving_hand,right,paired_pose_difference,learned_oracle_hand_minus_persistence,155,155.0,1.0,,,,,,,,,-0.2581270163402458,1.0335339898466351,-6.010120999456818,0.4129032258064516,,,,,,
receiving_hand,right,paired_pose_difference,learned_oracle_hand_minus_constant_velocity,155,155.0,1.0,,,,,,,,,-16.627341062251556,-5.9076758807615946,-6.010120999456818,0.6903225806451613,,,,,,
receiving_hand_sequence_balanced,right,classification,intention,1370,1370.0,1.0,0.8694979130584135,0.8485832383956993,0.8485832383956993,,,,,,,,,,,,,,,
receiving_hand_sequence_balanced,right,classification,assistance,1370,1370.0,1.0,0.8927410238642088,0.8789426008200306,0.8789426008200306,,,,,,,,,,,,,,,
receiving_hand_sequence_balanced,right,classification,assistance_type_given_ground_truth_assistance,447,447.0,1.0,0.9331915988704782,0.9262552708739079,0.9262552708739079,,,,,,,,,,,,,,,
receiving_hand_sequence_balanced,right,classification,receiving_hand_given_ground_truth_handover,214,214.0,1.0,0.9602272727272727,0.48541666666666666,0.9708333333333333,,,,,,,,,,,,,,,
receiving_hand_sequence_balanced,right,pose,learned_end_to_end,155,155.0,1.0,,,,14.662392283919162,11.01358793667063,18.09145755669658,39.24187027807226,27.06131694948607,,,,,,,,,,
receiving_hand_sequence_balanced,right,pose,learned_oracle_hand,155,155.0,1.0,,,,14.662392283919162,11.01358793667063,18.09145755669658,39.24187027807226,27.06131694948607,,,,,,,,,,
receiving_hand_sequence_balanced,right,pose,persistence,155,155.0,1.0,,,,15.495702568140652,12.137174766619816,20.569954316652858,47.61454216315262,39.17287764691823,,,,,,,,,,
receiving_hand_sequence_balanced,right,pose,constant_velocity,155,155.0,1.0,,,,32.117887094372016,26.7575662518597,40.23300596663224,47.61454216315262,39.17287764691823,,,,,,,,,,
receiving_hand_sequence_balanced,right,pose_fair_common,learned_oracle_hand,155,155.0,1.0,,,,14.662392283919162,11.01358793667063,18.09145755669658,39.24187027807226,27.06131694948607,,,,,,,,,,
receiving_hand_sequence_balanced,right,pose_fair_common,persistence,155,155.0,1.0,,,,15.495702568140652,12.137174766619816,20.569954316652858,47.61454216315262,39.17287764691823,,,,,,,,,,
receiving_hand_sequence_balanced,right,pose_fair_common,constant_velocity,155,155.0,1.0,,,,32.117887094372016,26.7575662518597,40.23300596663224,47.61454216315262,39.17287764691823,,,,,,,,,,
receiving_hand_sequence_balanced,right,paired_pose_difference,learned_end_to_end_minus_constant_velocity,155,,1.0,,,,,,,,,-17.45549481045286,-9.627435702091837,-8.372671885080361,0.7273456790123455,,,,,,
receiving_hand_sequence_balanced,right,paired_pose_difference,learned_end_to_end_minus_persistence,155,,1.0,,,,,,,,,-0.833310284221491,0.46988766307701474,-8.372671885080361,0.4150925925925925,,,,,,
receiving_hand_sequence_balanced,right,paired_pose_difference,learned_oracle_hand_minus_constant_velocity,155,,1.0,,,,,,,,,-17.45549481045286,-9.627435702091837,-8.372671885080361,0.7273456790123455,,,,,,
receiving_hand_sequence_balanced,right,paired_pose_difference,learned_oracle_hand_minus_persistence,155,,1.0,,,,,,,,,-0.833310284221491,0.46988766307701474,-8.372671885080361,0.4150925925925925,,,,,,
receiving_hand_participant_balanced,right,classification,intention,1370,1370.0,1.0,0.8701265164331963,0.8483476030794048,0.8483476030794048,,,,,,,,,,,,,,,
receiving_hand_participant_balanced,right,classification,assistance,1370,1370.0,1.0,0.8924601133926303,0.8788332627639723,0.8788332627639723,,,,,,,,,,,,,,,
receiving_hand_participant_balanced,right,classification,assistance_type_given_ground_truth_assistance,447,447.0,1.0,0.9341150282242237,0.9279155876643118,0.9279155876643118,,,,,,,,,,,,,,,
receiving_hand_participant_balanced,right,classification,receiving_hand_given_ground_truth_handover,214,214.0,1.0,0.9646464646464646,0.48703703703703705,0.9740740740740741,,,,,,,,,,,,,,,
receiving_hand_participant_balanced,right,pose,learned_end_to_end,155,155.0,1.0,,,,14.39288598654136,10.759604513563122,17.823264013572796,38.16596147709357,26.24523017683652,,,,,,,,,,
receiving_hand_participant_balanced,right,pose,learned_oracle_hand,155,155.0,1.0,,,,14.39288598654136,10.759604513563122,17.823264013572796,38.16596147709357,26.24523017683652,,,,,,,,,,
receiving_hand_participant_balanced,right,pose,persistence,155,155.0,1.0,,,,15.141790661650896,11.650044347207263,20.256033645899045,46.24176939907313,37.51385313985661,,,,,,,,,,
receiving_hand_participant_balanced,right,pose,constant_velocity,155,155.0,1.0,,,,31.59234151257342,26.024006965986032,39.82947579168675,46.24176939907313,37.51385313985661,,,,,,,,,,
receiving_hand_participant_balanced,right,pose_fair_common,learned_oracle_hand,155,155.0,1.0,,,,14.39288598654136,10.759604513563122,17.823264013572796,38.16596147709357,26.24523017683652,,,,,,,,,,
receiving_hand_participant_balanced,right,pose_fair_common,persistence,155,155.0,1.0,,,,15.141790661650896,11.650044347207263,20.256033645899045,46.24176939907313,37.51385313985661,,,,,,,,,,
receiving_hand_participant_balanced,right,pose_fair_common,constant_velocity,155,155.0,1.0,,,,31.59234151257342,26.024006965986032,39.82947579168675,46.24176939907313,37.51385313985661,,,,,,,,,,
receiving_hand_participant_balanced,right,paired_pose_difference,learned_end_to_end_minus_constant_velocity,155,,1.0,,,,,,,,,-17.199455526032054,-9.422055691435745,-8.07580792197956,0.7228835978835978,,,,,,
receiving_hand_participant_balanced,right,paired_pose_difference,learned_end_to_end_minus_persistence,155,,1.0,,,,,,,,,-0.7489046751095355,0.5411157343012861,-8.07580792197956,0.4062624007936508,,,,,,
receiving_hand_participant_balanced,right,paired_pose_difference,learned_oracle_hand_minus_constant_velocity,155,,1.0,,,,,,,,,-17.199455526032054,-9.422055691435745,-8.07580792197956,0.7228835978835978,,,,,,
receiving_hand_participant_balanced,right,paired_pose_difference,learned_oracle_hand_minus_persistence,155,,1.0,,,,,,,,,-0.7489046751095355,0.5411157343012861,-8.07580792197956,0.4062624007936508,,,,,,
cluster_bootstrap,participant_cluster,confidence_interval,classification.intention.accuracy,10000,,,,,,,,,,,,,,,0.8846542602907278,0.8650976894349339,0.9137097480057906,estimable,3.0,1.0
cluster_bootstrap,participant_cluster,confidence_interval,classification.intention.macro_f1,10000,,,,,,,,,,,,,,,0.8337079995569594,0.8044287925120687,0.8502326856097607,estimable,3.0,1.0
cluster_bootstrap,participant_cluster,confidence_interval,classification.intention.macro_f1_supported,10000,,,,,,,,,,,,,,,0.8337079995569594,0.8044287925120687,0.8502326856097607,estimable,3.0,1.0
cluster_bootstrap,participant_cluster,confidence_interval,classification.intention.coverage,10000,,,,,,,,,,,,,,,1.0,1.0,1.0,estimable,3.0,1.0
cluster_bootstrap,participant_cluster,confidence_interval,classification.assistance.accuracy,10000,,,,,,,,,,,,,,,0.9067967662241522,0.8902128296200019,0.9354700718871961,estimable,3.0,1.0
cluster_bootstrap,participant_cluster,confidence_interval,classification.assistance.macro_f1,10000,,,,,,,,,,,,,,,0.8844329368957099,0.8779585583155057,0.8956322851591851,estimable,3.0,1.0
cluster_bootstrap,participant_cluster,confidence_interval,classification.assistance.macro_f1_supported,10000,,,,,,,,,,,,,,,0.8844329368957099,0.8779585583155057,0.8956322851591851,estimable,3.0,1.0
cluster_bootstrap,participant_cluster,confidence_interval,classification.assistance.coverage,10000,,,,,,,,,,,,,,,1.0,1.0,1.0,estimable,3.0,1.0
cluster_bootstrap,participant_cluster,confidence_interval,classification.assistance_type_given_ground_truth_assistance.accuracy,10000,,,,,,,,,,,,,,,0.9151965354072633,0.877359549773343,0.9415024630541872,estimable,3.0,1.0
cluster_bootstrap,participant_cluster,confidence_interval,classification.assistance_type_given_ground_truth_assistance.macro_f1,10000,,,,,,,,,,,,,,,0.9082171548183977,0.8688202891265696,0.941198121987543,estimable,3.0,1.0
cluster_bootstrap,participant_cluster,confidence_interval,classification.assistance_type_given_ground_truth_assistance.macro_f1_supported,10000,,,,,,,,,,,,,,,0.9082171548183977,0.8688202891265696,0.941198121987543,estimable,3.0,1.0
cluster_bootstrap,participant_cluster,confidence_interval,classification.assistance_type_given_ground_truth_assistance.coverage,10000,,,,,,,,,,,,,,,1.0,1.0,1.0,estimable,3.0,1.0
cluster_bootstrap,participant_cluster,confidence_interval,classification.receiving_hand_given_ground_truth_handover.accuracy,10000,,,,,,,,,,,,,,,0.902072002072002,0.7769230769230768,1.0,estimable,3.0,1.0
cluster_bootstrap,participant_cluster,confidence_interval,classification.receiving_hand_given_ground_truth_handover.macro_f1,10000,,,,,,,,,,,,,,,0.4679095973647305,0.4296547180201173,0.5,estimable,3.0,1.0
cluster_bootstrap,participant_cluster,confidence_interval,classification.receiving_hand_given_ground_truth_handover.macro_f1_supported,10000,,,,,,,,,,,,,,,0.935819194729461,0.8593094360402346,1.0,estimable,3.0,1.0
cluster_bootstrap,participant_cluster,confidence_interval,classification.receiving_hand_given_ground_truth_handover.coverage,10000,,,,,,,,,,,,,,,1.0,1.0,1.0,estimable,3.0,1.0
cluster_bootstrap,participant_cluster,confidence_interval,pose.learned_end_to_end.native.position_mean_cm,10000,,,,,,,,,,,,,,,15.248089617040653,10.350291525874308,18.435480447208413,estimable,3.0,1.0
cluster_bootstrap,participant_cluster,confidence_interval,pose.learned_end_to_end.native.position_median_cm,10000,,,,,,,,,,,,,,,12.310199790113373,6.949853166950549,15.411390343213872,estimable,3.0,1.0
cluster_bootstrap,participant_cluster,confidence_interval,pose.learned_end_to_end.native.position_rmse_cm,10000,,,,,,,,,,,,,,,18.42397118626773,13.800360866716085,21.846167160429513,estimable,3.0,1.0
cluster_bootstrap,participant_cluster,confidence_interval,pose.learned_end_to_end.native.orientation_mean_deg,10000,,,,,,,,,,,,,,,45.03504930505921,22.027329462413075,58.77322496099051,estimable,3.0,1.0
cluster_bootstrap,participant_cluster,confidence_interval,pose.learned_end_to_end.native.orientation_median_deg,10000,,,,,,,,,,,,,,,34.166222673730196,14.003928587093327,50.00820766751753,estimable,3.0,1.0
cluster_bootstrap,participant_cluster,confidence_interval,pose.learned_end_to_end.native.coverage,10000,,,,,,,,,,,,,,,0.9674981103552532,0.9024943310657597,1.0,estimable,3.0,1.0
cluster_bootstrap,participant_cluster,confidence_interval,pose.learned_oracle_hand.native.position_mean_cm,10000,,,,,,,,,,,,,,,15.08406046021993,10.350291525874308,18.435480447208413,estimable,3.0,1.0
cluster_bootstrap,participant_cluster,confidence_interval,pose.learned_oracle_hand.native.position_median_cm,10000,,,,,,,,,,,,,,,11.838589834066696,6.949853166950549,14.569355860175698,estimable,3.0,1.0
cluster_bootstrap,participant_cluster,confidence_interval,pose.learned_oracle_hand.native.position_rmse_cm,10000,,,,,,,,,,,,,,,18.32131597460663,13.800360866716085,21.846167160429513,estimable,3.0,1.0
cluster_bootstrap,participant_cluster,confidence_interval,pose.learned_oracle_hand.native.orientation_mean_deg,10000,,,,,,,,,,,,,,,40.017289466555404,22.027329462413075,54.30459349177406,estimable,3.0,1.0
cluster_bootstrap,participant_cluster,confidence_interval,pose.learned_oracle_hand.native.orientation_median_deg,10000,,,,,,,,,,,,,,,27.33145317349323,14.003928587093327,38.486531766579716,estimable,3.0,1.0
cluster_bootstrap,participant_cluster,confidence_interval,pose.learned_oracle_hand.native.coverage,10000,,,,,,,,,,,,,,,0.9852607709750568,0.95578231292517,1.0,estimable,3.0,1.0
cluster_bootstrap,participant_cluster,confidence_interval,pose.persistence.native.position_mean_cm,10000,,,,,,,,,,,,,,,14.840873341836504,9.833112064304515,20.450469258997277,estimable,3.0,1.0
cluster_bootstrap,participant_cluster,confidence_interval,pose.persistence.native.position_median_cm,10000,,,,,,,,,,,,,,,9.925443275061674,4.34308805601892,18.957000638395606,estimable,3.0,1.0
cluster_bootstrap,participant_cluster,confidence_interval,pose.persistence.native.position_rmse_cm,10000,,,,,,,,,,,,,,,20.629857587947868,15.547223584591876,24.964843707206217,estimable,3.0,1.0
cluster_bootstrap,participant_cluster,confidence_interval,pose.persistence.native.orientation_mean_deg,10000,,,,,,,,,,,,,,,41.2396346379327,25.650177937880652,66.8333608602656,estimable,3.0,1.0
cluster_bootstrap,participant_cluster,confidence_interval,pose.persistence.native.orientation_median_deg,10000,,,,,,,,,,,,,,,28.652957159560675,10.931165198968818,62.3992207457811,estimable,3.0,1.0
cluster_bootstrap,participant_cluster,confidence_interval,pose.persistence.native.coverage,10000,,,,,,,,,,,,,,,0.9852607709750568,0.95578231292517,1.0,estimable,3.0,1.0
cluster_bootstrap,participant_cluster,confidence_interval,pose.constant_velocity.native.position_mean_cm,10000,,,,,,,,,,,,,,,34.26021270504672,23.709157785594318,39.59595508999333,estimable,3.0,1.0
cluster_bootstrap,participant_cluster,confidence_interval,pose.constant_velocity.native.position_median_cm,10000,,,,,,,,,,,,,,,27.366241311002018,15.020617677881058,37.02739625409101,estimable,3.0,1.0
cluster_bootstrap,participant_cluster,confidence_interval,pose.constant_velocity.native.position_rmse_cm,10000,,,,,,,,,,,,,,,45.152855877774165,33.776523167504415,55.79961604994903,estimable,3.0,1.0
cluster_bootstrap,participant_cluster,confidence_interval,pose.constant_velocity.native.orientation_mean_deg,10000,,,,,,,,,,,,,,,40.700668804369606,25.650177937880652,66.8333608602656,estimable,3.0,1.0
cluster_bootstrap,participant_cluster,confidence_interval,pose.constant_velocity.native.orientation_median_deg,10000,,,,,,,,,,,,,,,28.607894202606715,10.795976328106933,62.3992207457811,estimable,3.0,1.0
cluster_bootstrap,participant_cluster,confidence_interval,pose.constant_velocity.native.coverage,10000,,,,,,,,,,,,,,,0.9804988662131519,0.9414965986394558,1.0,estimable,3.0,1.0
cluster_bootstrap,participant_cluster,confidence_interval,pose.learned_oracle_hand.fair_common.position_mean_cm,10000,,,,,,,,,,,,,,,15.057954657331367,10.350291525874308,18.435480447208413,estimable,3.0,1.0
cluster_bootstrap,participant_cluster,confidence_interval,pose.learned_oracle_hand.fair_common.position_median_cm,10000,,,,,,,,,,,,,,,11.779824629866518,6.949853166950549,14.569355860175698,estimable,3.0,1.0
cluster_bootstrap,participant_cluster,confidence_interval,pose.learned_oracle_hand.fair_common.position_rmse_cm,10000,,,,,,,,,,,,,,,18.306797491552217,13.800360866716085,21.846167160429513,estimable,3.0,1.0
cluster_bootstrap,participant_cluster,confidence_interval,pose.learned_oracle_hand.fair_common.orientation_mean_deg,10000,,,,,,,,,,,,,,,39.59657033349179,22.027329462413075,54.30459349177406,estimable,3.0,1.0
cluster_bootstrap,participant_cluster,confidence_interval,pose.learned_oracle_hand.fair_common.orientation_median_deg,10000,,,,,,,,,,,,,,,27.311029728026337,14.003928587093327,38.486531766579716,estimable,3.0,1.0
cluster_bootstrap,participant_cluster,confidence_interval,pose.learned_oracle_hand.fair_common.coverage,10000,,,,,,,,,,,,,,,0.9804988662131519,0.9414965986394558,1.0,estimable,3.0,1.0
cluster_bootstrap,participant_cluster,confidence_interval,pose.persistence.fair_common.position_mean_cm,10000,,,,,,,,,,,,,,,14.618266046833028,9.833112064304515,20.450469258997277,estimable,3.0,1.0
cluster_bootstrap,participant_cluster,confidence_interval,pose.persistence.fair_common.position_median_cm,10000,,,,,,,,,,,,,,,9.923391173767483,4.34308805601892,18.957000638395606,estimable,3.0,1.0
cluster_bootstrap,participant_cluster,confidence_interval,pose.persistence.fair_common.position_rmse_cm,10000,,,,,,,,,,,,,,,20.28507550018979,15.547223584591876,24.964843707206217,estimable,3.0,1.0
cluster_bootstrap,participant_cluster,confidence_interval,pose.persistence.fair_common.orientation_mean_deg,10000,,,,,,,,,,,,,,,40.700668804369606,25.650177937880652,66.8333608602656,estimable,3.0,1.0
cluster_bootstrap,participant_cluster,confidence_interval,pose.persistence.fair_common.orientation_median_deg,10000,,,,,,,,,,,,,,,28.607894202606715,10.795976328106933,62.3992207457811,estimable,3.0,1.0
cluster_bootstrap,participant_cluster,confidence_interval,pose.persistence.fair_common.coverage,10000,,,,,,,,,,,,,,,0.9804988662131519,0.9414965986394558,1.0,estimable,3.0,1.0
cluster_bootstrap,participant_cluster,confidence_interval,pose.constant_velocity.fair_common.position_mean_cm,10000,,,,,,,,,,,,,,,34.26021270504672,23.709157785594318,39.59595508999333,estimable,3.0,1.0
cluster_bootstrap,participant_cluster,confidence_interval,pose.constant_velocity.fair_common.position_median_cm,10000,,,,,,,,,,,,,,,27.366241311002018,15.020617677881058,37.02739625409101,estimable,3.0,1.0
cluster_bootstrap,participant_cluster,confidence_interval,pose.constant_velocity.fair_common.position_rmse_cm,10000,,,,,,,,,,,,,,,45.152855877774165,33.776523167504415,55.79961604994903,estimable,3.0,1.0
cluster_bootstrap,participant_cluster,confidence_interval,pose.constant_velocity.fair_common.orientation_mean_deg,10000,,,,,,,,,,,,,,,40.700668804369606,25.650177937880652,66.8333608602656,estimable,3.0,1.0
cluster_bootstrap,participant_cluster,confidence_interval,pose.constant_velocity.fair_common.orientation_median_deg,10000,,,,,,,,,,,,,,,28.607894202606715,10.795976328106933,62.3992207457811,estimable,3.0,1.0
cluster_bootstrap,participant_cluster,confidence_interval,pose.constant_velocity.fair_common.coverage,10000,,,,,,,,,,,,,,,0.9804988662131519,0.9414965986394558,1.0,estimable,3.0,1.0
cluster_bootstrap,participant_cluster,confidence_interval,paired_pose.learned_end_to_end_minus_constant_velocity.position_mean_difference_cm,10000,,,,,,,,,,,,,,,-17.979758859423765,-21.040044792344105,-13.358866259720005,estimable,3.0,1.0
cluster_bootstrap,participant_cluster,confidence_interval,paired_pose.learned_end_to_end_minus_constant_velocity.position_median_difference_cm,10000,,,,,,,,,,,,,,,-9.216866744319999,-12.502755851277115,-6.341355531594375,estimable,3.0,1.0
cluster_bootstrap,participant_cluster,confidence_interval,paired_pose.learned_end_to_end_minus_constant_velocity.orientation_mean_difference_deg,10000,,,,,,,,,,,,,,,1.3906992570609056,-12.528767368491549,20.323713615141838,estimable,3.0,1.0
cluster_bootstrap,participant_cluster,confidence_interval,paired_pose.learned_end_to_end_minus_constant_velocity.orientation_median_difference_deg,10000,,,,,,,,,,,,,,,4.158237691939311,-4.542318770161216,18.983886294037312,estimable,3.0,1.0
cluster_bootstrap,participant_cluster,confidence_interval,paired_pose.learned_end_to_end_minus_constant_velocity.learned_win_fraction,10000,,,,,,,,,,,,,,,0.6383849836230788,0.46938775510204084,0.7898148148148149,estimable,3.0,1.0
cluster_bootstrap,participant_cluster,confidence_interval,paired_pose.learned_end_to_end_minus_constant_velocity.coverage,10000,,,,,,,,,,,,,,,0.9479969765684052,0.8439909297052154,1.0,estimable,3.0,1.0
cluster_bootstrap,participant_cluster,confidence_interval,paired_pose.learned_end_to_end_minus_persistence.position_mean_difference_cm,10000,,,,,,,,,,,,,,,-0.3128311684202396,-2.0149888117888666,0.5593158449583522,estimable,3.0,1.0
cluster_bootstrap,participant_cluster,confidence_interval,paired_pose.learned_end_to_end_minus_persistence.position_median_difference_cm,10000,,,,,,,,,,,,,,,1.5634296992813257,-0.527305334062784,3.6080576292414057,estimable,3.0,1.0
cluster_bootstrap,participant_cluster,confidence_interval,paired_pose.learned_end_to_end_minus_persistence.orientation_mean_difference_deg,10000,,,,,,,,,,,,,,,1.5111357952345739,-12.528767368491549,20.685023229662843,estimable,3.0,1.0
cluster_bootstrap,participant_cluster,confidence_interval,paired_pose.learned_end_to_end_minus_persistence.orientation_median_difference_deg,10000,,,,,,,,,,,,,,,4.196351051702139,-4.542318770161216,19.098226373325797,estimable,3.0,1.0
cluster_bootstrap,participant_cluster,confidence_interval,paired_pose.learned_end_to_end_minus_persistence.learned_win_fraction,10000,,,,,,,,,,,,,,,0.35795422335600907,0.2613378684807256,0.5387152777777777,estimable,3.0,1.0
cluster_bootstrap,participant_cluster,confidence_interval,paired_pose.learned_end_to_end_minus_persistence.coverage,10000,,,,,,,,,,,,,,,0.95275888133031,0.8582766439909296,1.0,estimable,3.0,1.0
cluster_bootstrap,participant_cluster,confidence_interval,paired_pose.learned_oracle_hand_minus_constant_velocity.position_mean_difference_cm,10000,,,,,,,,,,,,,,,-19.202258047715354,-23.207863091081958,-13.358866259720005,estimable,3.0,1.0
cluster_bootstrap,participant_cluster,confidence_interval,paired_pose.learned_oracle_hand_minus_constant_velocity.position_median_difference_cm,10000,,,,,,,,,,,,,,,-9.891962480447305,-12.502755851277115,-6.341355531594375,estimable,3.0,1.0
cluster_bootstrap,participant_cluster,confidence_interval,paired_pose.learned_oracle_hand_minus_constant_velocity.orientation_mean_difference_deg,10000,,,,,,,,,,,,,,,-1.104098470877816,-12.528767368491549,12.839320431325673,estimable,3.0,1.0
cluster_bootstrap,participant_cluster,confidence_interval,paired_pose.learned_oracle_hand_minus_constant_velocity.orientation_median_difference_deg,10000,,,,,,,,,,,,,,,2.327756456517801,-4.542318770161216,13.49244258777278,estimable,3.0,1.0
cluster_bootstrap,participant_cluster,confidence_interval,paired_pose.learned_oracle_hand_minus_constant_velocity.learned_win_fraction,10000,,,,,,,,,,,,,,,0.6494394053917864,0.5025510204081632,0.7898148148148149,estimable,3.0,1.0
cluster_bootstrap,participant_cluster,confidence_interval,paired_pose.learned_oracle_hand_minus_constant_velocity.coverage,10000,,,,,,,,,,,,,,,0.9804988662131519,0.9414965986394558,1.0,estimable,3.0,1.0
cluster_bootstrap,participant_cluster,confidence_interval,paired_pose.learned_oracle_hand_minus_persistence.position_mean_difference_cm,10000,,,,,,,,,,,,,,,0.24318711838342888,-2.0149888117888666,2.2273707053693577,estimable,3.0,1.0
cluster_bootstrap,participant_cluster,confidence_interval,paired_pose.learned_oracle_hand_minus_persistence.position_median_difference_cm,10000,,,,,,,,,,,,,,,1.6861693120235595,-0.527305334062784,3.976276467468106,estimable,3.0,1.0
cluster_bootstrap,participant_cluster,confidence_interval,paired_pose.learned_oracle_hand_minus_persistence.orientation_mean_difference_deg,10000,,,,,,,,,,,,,,,-1.2223451713773088,-12.528767368491549,12.484580329827194,estimable,3.0,1.0
cluster_bootstrap,participant_cluster,confidence_interval,paired_pose.learned_oracle_hand_minus_persistence.orientation_median_difference_deg,10000,,,,,,,,,,,,,,,2.2896430967549715,-4.542318770161216,13.378102508484295,estimable,3.0,1.0
cluster_bootstrap,participant_cluster,confidence_interval,paired_pose.learned_oracle_hand_minus_persistence.learned_win_fraction,10000,,,,,,,,,,,,,,,0.35209632464096746,0.24376417233560085,0.5387152777777777,estimable,3.0,1.0
cluster_bootstrap,participant_cluster,confidence_interval,paired_pose.learned_oracle_hand_minus_persistence.coverage,10000,,,,,,,,,,,,,,,0.9852607709750568,0.95578231292517,1.0,estimable,3.0,1.0
cluster_bootstrap,sequence_cluster,confidence_interval,classification.intention.accuracy,10000,,,,,,,,,,,,,,,0.882953688911963,0.8060115563642953,0.932233999429449,estimable,23.0,1.0
cluster_bootstrap,sequence_cluster,confidence_interval,classification.intention.macro_f1,10000,,,,,,,,,,,,,,,0.8351449287789422,0.7477645618622554,0.9012321320939528,estimable,23.0,1.0
cluster_bootstrap,sequence_cluster,confidence_interval,classification.intention.macro_f1_supported,10000,,,,,,,,,,,,,,,0.8351449287789422,0.7477645618622554,0.9012321320939528,estimable,23.0,1.0
cluster_bootstrap,sequence_cluster,confidence_interval,classification.intention.coverage,10000,,,,,,,,,,,,,,,1.0,1.0,1.0,estimable,23.0,1.0
cluster_bootstrap,sequence_cluster,confidence_interval,classification.assistance.accuracy,10000,,,,,,,,,,,,,,,0.9057455167407701,0.8487884462318156,0.9430683207739817,estimable,23.0,1.0
cluster_bootstrap,sequence_cluster,confidence_interval,classification.assistance.macro_f1,10000,,,,,,,,,,,,,,,0.8840220699667296,0.8162109106933243,0.9294264530578475,estimable,23.0,1.0
cluster_bootstrap,sequence_cluster,confidence_interval,classification.assistance.macro_f1_supported,10000,,,,,,,,,,,,,,,0.8840220699667296,0.8162109106933243,0.9294264530578475,estimable,23.0,1.0
cluster_bootstrap,sequence_cluster,confidence_interval,classification.assistance.coverage,10000,,,,,,,,,,,,,,,1.0,1.0,1.0,estimable,23.0,1.0
cluster_bootstrap,sequence_cluster,confidence_interval,classification.assistance_type_given_ground_truth_assistance.accuracy,10000,,,,,,,,,,,,,,,0.9161992361017848,0.8565282455134403,0.9625519323186115,estimable,23.0,1.0
cluster_bootstrap,sequence_cluster,confidence_interval,classification.assistance_type_given_ground_truth_assistance.macro_f1,10000,,,,,,,,,,,,,,,0.9087750590377616,0.8406758110663541,0.9605351253829378,estimable,23.0,1.0
cluster_bootstrap,sequence_cluster,confidence_interval,classification.assistance_type_given_ground_truth_assistance.macro_f1_supported,10000,,,,,,,,,,,,,,,0.9087750590377616,0.8406758110663541,0.9605351253829378,estimable,23.0,1.0
cluster_bootstrap,sequence_cluster,confidence_interval,classification.assistance_type_given_ground_truth_assistance.coverage,10000,,,,,,,,,,,,,,,1.0,1.0,1.0,estimable,23.0,1.0
cluster_bootstrap,sequence_cluster,confidence_interval,classification.receiving_hand_given_ground_truth_handover.accuracy,10000,,,,,,,,,,,,,,,0.9044390392216479,0.8204902705989664,0.9740042566129523,estimable,23.0,1.0
cluster_bootstrap,sequence_cluster,confidence_interval,classification.receiving_hand_given_ground_truth_handover.macro_f1,10000,,,,,,,,,,,,,,,0.4684456388177169,0.4389105112898281,0.4927382544146802,estimable,23.0,1.0
cluster_bootstrap,sequence_cluster,confidence_interval,classification.receiving_hand_given_ground_truth_handover.macro_f1_supported,10000,,,,,,,,,,,,,,,0.9368912776354338,0.8778210225796562,0.9854765088293604,estimable,23.0,1.0
cluster_bootstrap,sequence_cluster,confidence_interval,classification.receiving_hand_given_ground_truth_handover.coverage,10000,,,,,,,,,,,,,,,1.0,1.0,1.0,estimable,23.0,1.0
cluster_bootstrap,sequence_cluster,confidence_interval,pose.learned_end_to_end.native.position_mean_cm,10000,,,,,,,,,,,,,,,15.392971018411913,12.652869072374596,18.242160360155978,estimable,22.0,1.0
cluster_bootstrap,sequence_cluster,confidence_interval,pose.learned_end_to_end.native.position_median_cm,10000,,,,,,,,,,,,,,,12.412888702388932,9.178300444207492,16.163555300655236,estimable,22.0,1.0
cluster_bootstrap,sequence_cluster,confidence_interval,pose.learned_end_to_end.native.position_rmse_cm,10000,,,,,,,,,,,,,,,18.57952554872963,15.487221358585531,21.699544118336703,estimable,22.0,1.0
cluster_bootstrap,sequence_cluster,confidence_interval,pose.learned_end_to_end.native.orientation_mean_deg,10000,,,,,,,,,,,,,,,45.456392222637156,34.73995435774862,57.10937215658347,estimable,22.0,1.0
cluster_bootstrap,sequence_cluster,confidence_interval,pose.learned_end_to_end.native.orientation_median_deg,10000,,,,,,,,,,,,,,,34.36260035976881,22.244416032722903,50.121835628341096,estimable,22.0,1.0
cluster_bootstrap,sequence_cluster,confidence_interval,pose.learned_end_to_end.native.coverage,10000,,,,,,,,,,,,,,,0.9689754689754689,0.911976911976912,1.0,estimable,22.0,1.0
cluster_bootstrap,sequence_cluster,confidence_interval,pose.learned_oracle_hand.native.position_mean_cm,10000,,,,,,,,,,,,,,,15.236397732355773,12.630460132825753,17.889739064454897,estimable,22.0,1.0
cluster_bootstrap,sequence_cluster,confidence_interval,pose.learned_oracle_hand.native.position_median_cm,10000,,,,,,,,,,,,,,,11.962715562526194,9.173543139916811,14.963754306592682,estimable,22.0,1.0
cluster_bootstrap,sequence_cluster,confidence_interval,pose.learned_oracle_hand.native.position_rmse_cm,10000,,,,,,,,,,,,,,,18.481536483053127,15.48431728616002,21.425249075549672,estimable,22.0,1.0
cluster_bootstrap,sequence_cluster,confidence_interval,pose.learned_oracle_hand.native.orientation_mean_deg,10000,,,,,,,,,,,,,,,40.66671237679261,32.345738076698055,49.34315813326262,estimable,22.0,1.0
cluster_bootstrap,sequence_cluster,confidence_interval,pose.learned_oracle_hand.native.orientation_median_deg,10000,,,,,,,,,,,,,,,27.838502200451707,20.96934620503917,35.612290932663775,estimable,22.0,1.0
cluster_bootstrap,sequence_cluster,confidence_interval,pose.learned_oracle_hand.native.coverage,10000,,,,,,,,,,,,,,,0.9859307359307359,0.9683229813664597,1.0,estimable,22.0,1.0
cluster_bootstrap,sequence_cluster,confidence_interval,pose.persistence.native.position_mean_cm,10000,,,,,,,,,,,,,,,15.095854974434722,11.748894029562699,18.444342111023825,estimable,22.0,1.0
cluster_bootstrap,sequence_cluster,confidence_interval,pose.persistence.native.position_median_cm,10000,,,,,,,,,,,,,,,10.33596860975867,6.547956088976874,14.391219448549647,estimable,22.0,1.0
cluster_bootstrap,sequence_cluster,confidence_interval,pose.persistence.native.position_rmse_cm,10000,,,,,,,,,,,,,,,20.82690241155052,16.886638067055138,24.540370891525367,estimable,22.0,1.0
cluster_bootstrap,sequence_cluster,confidence_interval,pose.persistence.native.orientation_mean_deg,10000,,,,,,,,,,,,,,,42.40298582985693,32.07937203333018,53.355660128765656,estimable,22.0,1.0
cluster_bootstrap,sequence_cluster,confidence_interval,pose.persistence.native.orientation_median_deg,10000,,,,,,,,,,,,,,,30.186878231661595,17.953301743751425,43.908970448290944,estimable,22.0,1.0
cluster_bootstrap,sequence_cluster,confidence_interval,pose.persistence.native.coverage,10000,,,,,,,,,,,,,,,0.9859307359307359,0.9683229813664597,1.0,estimable,22.0,1.0
cluster_bootstrap,sequence_cluster,confidence_interval,pose.constant_velocity.native.position_mean_cm,10000,,,,,,,,,,,,,,,34.497272365706074,27.330365966161363,41.904191301539335,estimable,22.0,1.0
cluster_bootstrap,sequence_cluster,confidence_interval,pose.constant_velocity.native.position_median_cm,10000,,,,,,,,,,,,,,,27.80538471750606,18.964323663202673,36.91492124779919,estimable,22.0,1.0
cluster_bootstrap,sequence_cluster,confidence_interval,pose.constant_velocity.native.position_rmse_cm,10000,,,,,,,,,,,,,,,45.186018265869386,36.76024915045074,53.942124318529764,estimable,22.0,1.0
cluster_bootstrap,sequence_cluster,confidence_interval,pose.constant_velocity.native.orientation_mean_deg,10000,,,,,,,,,,,,,,,41.888518443273966,31.362541705054028,52.98423626561732,estimable,22.0,1.0
cluster_bootstrap,sequence_cluster,confidence_interval,pose.constant_velocity.native.orientation_median_deg,10000,,,,,,,,,,,,,,,30.143863590932813,17.8942568364142,43.88297713979171,estimable,22.0,1.0
cluster_bootstrap,sequence_cluster,confidence_interval,pose.constant_velocity.native.coverage,10000,,,,,,,,,,,,,,,0.9813852813852815,0.9569160997732427,1.0,estimable,22.0,1.0
cluster_bootstrap,sequence_cluster,confidence_interval,pose.learned_oracle_hand.fair_common.position_mean_cm,10000,,,,,,,,,,,,,,,15.211478556871235,12.612590794162132,17.854293070031893,estimable,22.0,1.0
cluster_bootstrap,sequence_cluster,confidence_interval,pose.learned_oracle_hand.fair_common.position_median_cm,10000,,,,,,,,,,,,,,,11.90662150397148,9.118807353893457,14.92130469203922,estimable,22.0,1.0
cluster_bootstrap,sequence_cluster,confidence_interval,pose.learned_oracle_hand.fair_common.position_rmse_cm,10000,,,,,,,,,,,,,,,18.46767793104664,15.47201755717609,21.409747921417377,estimable,22.0,1.0
cluster_bootstrap,sequence_cluster,confidence_interval,pose.learned_oracle_hand.fair_common.orientation_mean_deg,10000,,,,,,,,,,,,,,,40.26511684068643,32.04137134717041,48.92788715950738,estimable,22.0,1.0
cluster_bootstrap,sequence_cluster,confidence_interval,pose.learned_oracle_hand.fair_common.orientation_median_deg,10000,,,,,,,,,,,,,,,27.81900709341513,20.950143268635713,35.581839766285455,estimable,22.0,1.0
cluster_bootstrap,sequence_cluster,confidence_interval,pose.learned_oracle_hand.fair_common.coverage,10000,,,,,,,,,,,,,,,0.9813852813852815,0.9569160997732427,1.0,estimable,22.0,1.0
cluster_bootstrap,sequence_cluster,confidence_interval,pose.persistence.fair_common.position_mean_cm,10000,,,,,,,,,,,,,,,14.883366192840496,11.465947270075784,18.281497923393946,estimable,22.0,1.0
cluster_bootstrap,sequence_cluster,confidence_interval,pose.persistence.fair_common.position_median_cm,10000,,,,,,,,,,,,,,,10.334009785796033,6.547391830678169,14.388159210962337,estimable,22.0,1.0
cluster_bootstrap,sequence_cluster,confidence_interval,pose.persistence.fair_common.position_rmse_cm,10000,,,,,,,,,,,,,,,20.497792236872353,16.554086217919284,24.256730431180376,estimable,22.0,1.0
cluster_bootstrap,sequence_cluster,confidence_interval,pose.persistence.fair_common.orientation_mean_deg,10000,,,,,,,,,,,,,,,41.888518443273966,31.362541705054028,52.98423626561732,estimable,22.0,1.0
cluster_bootstrap,sequence_cluster,confidence_interval,pose.persistence.fair_common.orientation_median_deg,10000,,,,,,,,,,,,,,,30.143863590932813,17.8942568364142,43.88297713979171,estimable,22.0,1.0
cluster_bootstrap,sequence_cluster,confidence_interval,pose.persistence.fair_common.coverage,10000,,,,,,,,,,,,,,,0.9813852813852815,0.9569160997732427,1.0,estimable,22.0,1.0
cluster_bootstrap,sequence_cluster,confidence_interval,pose.constant_velocity.fair_common.position_mean_cm,10000,,,,,,,,,,,,,,,34.497272365706074,27.330365966161363,41.904191301539335,estimable,22.0,1.0
cluster_bootstrap,sequence_cluster,confidence_interval,pose.constant_velocity.fair_common.position_median_cm,10000,,,,,,,,,,,,,,,27.80538471750606,18.964323663202673,36.91492124779919,estimable,22.0,1.0
cluster_bootstrap,sequence_cluster,confidence_interval,pose.constant_velocity.fair_common.position_rmse_cm,10000,,,,,,,,,,,,,,,45.186018265869386,36.76024915045074,53.942124318529764,estimable,22.0,1.0
cluster_bootstrap,sequence_cluster,confidence_interval,pose.constant_velocity.fair_common.orientation_mean_deg,10000,,,,,,,,,,,,,,,41.888518443273966,31.362541705054028,52.98423626561732,estimable,22.0,1.0
cluster_bootstrap,sequence_cluster,confidence_interval,pose.constant_velocity.fair_common.orientation_median_deg,10000,,,,,,,,,,,,,,,30.143863590932813,17.8942568364142,43.88297713979171,estimable,22.0,1.0
cluster_bootstrap,sequence_cluster,confidence_interval,pose.constant_velocity.fair_common.coverage,10000,,,,,,,,,,,,,,,0.9813852813852815,0.9569160997732427,1.0,estimable,22.0,1.0
cluster_bootstrap,sequence_cluster,confidence_interval,paired_pose.learned_end_to_end_minus_constant_velocity.position_mean_difference_cm,10000,,,,,,,,,,,,,,,-18.118862765465597,-23.887521018270007,-13.2155757171073,estimable,22.0,1.0
cluster_bootstrap,sequence_cluster,confidence_interval,paired_pose.learned_end_to_end_minus_constant_velocity.position_median_difference_cm,10000,,,,,,,,,,,,,,,-9.366225340090777,-14.364344225989845,-4.797207921020851,estimable,22.0,1.0
cluster_bootstrap,sequence_cluster,confidence_interval,paired_pose.learned_end_to_end_minus_constant_velocity.orientation_mean_difference_deg,10000,,,,,,,,,,,,,,,0.7579962286267019,-6.047272427774742,8.080146818579262,estimable,22.0,1.0
cluster_bootstrap,sequence_cluster,confidence_interval,paired_pose.learned_end_to_end_minus_constant_velocity.orientation_median_difference_deg,10000,,,,,,,,,,,,,,,3.7627578527529235,-1.6114018980490838,9.613168104881836,estimable,22.0,1.0
cluster_bootstrap,sequence_cluster,confidence_interval,paired_pose.learned_end_to_end_minus_constant_velocity.learned_win_fraction,10000,,,,,,,,,,,,,,,0.6452681577681578,0.5345583814333815,0.7449342532467532,estimable,22.0,1.0
cluster_bootstrap,sequence_cluster,confidence_interval,paired_pose.learned_end_to_end_minus_constant_velocity.coverage,10000,,,,,,,,,,,,,,,0.9503607503607504,0.890854119425548,0.9915343915343916,estimable,22.0,1.0
cluster_bootstrap,sequence_cluster,confidence_interval,paired_pose.learned_end_to_end_minus_persistence.position_mean_difference_cm,10000,,,,,,,,,,,,,,,-0.39020197039154086,-1.791020979397335,1.025437791784971,estimable,22.0,1.0
cluster_bootstrap,sequence_cluster,confidence_interval,paired_pose.learned_end_to_end_minus_persistence.position_median_difference_cm,10000,,,,,,,,,,,,,,,1.4683962886747752,-0.06308648428920083,2.95644511899318,estimable,22.0,1.0
cluster_bootstrap,sequence_cluster,confidence_interval,paired_pose.learned_end_to_end_minus_persistence.orientation_mean_difference_deg,10000,,,,,,,,,,,,,,,0.8729583787015678,-6.039265399273782,8.308864137544347,estimable,22.0,1.0
cluster_bootstrap,sequence_cluster,confidence_interval,paired_pose.learned_end_to_end_minus_persistence.orientation_median_difference_deg,10000,,,,,,,,,,,,,,,3.7991387870719886,-1.59540541035694,9.664720416673932,estimable,22.0,1.0
cluster_bootstrap,sequence_cluster,confidence_interval,paired_pose.learned_end_to_end_minus_persistence.learned_win_fraction,10000,,,,,,,,,,,,,,,0.36617063492063484,0.27533871882086164,0.4543847973972198,estimable,22.0,1.0
cluster_bootstrap,sequence_cluster,confidence_interval,paired_pose.learned_end_to_end_minus_persistence.coverage,10000,,,,,,,,,,,,,,,0.9549062049062048,0.8964628427128427,0.9927536231884058,estimable,22.0,1.0
cluster_bootstrap,sequence_cluster,confidence_interval,paired_pose.learned_oracle_hand_minus_constant_velocity.position_mean_difference_cm,10000,,,,,,,,,,,,,,,-19.285793808834843,-24.575227039122602,-14.281232751762733,estimable,22.0,1.0
cluster_bootstrap,sequence_cluster,confidence_interval,paired_pose.learned_oracle_hand_minus_constant_velocity.position_median_difference_cm,10000,,,,,,,,,,,,,,,-10.010634906394113,-15.204993091127687,-5.212471142012053,estimable,22.0,1.0
cluster_bootstrap,sequence_cluster,confidence_interval,paired_pose.learned_oracle_hand_minus_constant_velocity.orientation_mean_difference_deg,10000,,,,,,,,,,,,,,,-1.6234016025875315,-7.307002389874654,4.217697585602181,estimable,22.0,1.0
cluster_bootstrap,sequence_cluster,confidence_interval,paired_pose.learned_oracle_hand_minus_constant_velocity.orientation_median_difference_deg,10000,,,,,,,,,,,,,,,2.015480309850573,-2.2037255952437764,6.398846910196866,estimable,22.0,1.0
cluster_bootstrap,sequence_cluster,confidence_interval,paired_pose.learned_oracle_hand_minus_constant_velocity.learned_win_fraction,10000,,,,,,,,,,,,,,,0.6558201058201059,0.5429925810904073,0.7573889833711263,estimable,22.0,1.0
cluster_bootstrap,sequence_cluster,confidence_interval,paired_pose.learned_oracle_hand_minus_constant_velocity.coverage,10000,,,,,,,,,,,,,,,0.9813852813852815,0.9569160997732427,1.0,estimable,22.0,1.0
cluster_bootstrap,sequence_cluster,confidence_interval,paired_pose.learned_oracle_hand_minus_persistence.position_mean_difference_cm,10000,,,,,,,,,,,,,,,0.14054275792105175,-1.155518321816881,1.4669072687191893,estimable,22.0,1.0
cluster_bootstrap,sequence_cluster,confidence_interval,paired_pose.learned_oracle_hand_minus_persistence.position_median_difference_cm,10000,,,,,,,,,,,,,,,1.5855568281105434,0.3832313165768746,2.8685754749325456,estimable,22.0,1.0
cluster_bootstrap,sequence_cluster,confidence_interval,paired_pose.learned_oracle_hand_minus_persistence.orientation_mean_difference_deg,10000,,,,,,,,,,,,,,,-1.7362734530643202,-7.336929772972604,4.011166678888609,estimable,22.0,1.0
cluster_bootstrap,sequence_cluster,confidence_interval,paired_pose.learned_oracle_hand_minus_persistence.orientation_median_difference_deg,10000,,,,,,,,,,,,,,,1.979099375531508,-2.2103963809439593,6.328243004450699,estimable,22.0,1.0
cluster_bootstrap,sequence_cluster,confidence_interval,paired_pose.learned_oracle_hand_minus_persistence.learned_win_fraction,10000,,,,,,,,,,,,,,,0.36057900432900425,0.27102102435176967,0.44734335788004265,estimable,22.0,1.0
cluster_bootstrap,sequence_cluster,confidence_interval,paired_pose.learned_oracle_hand_minus_persistence.coverage,10000,,,,,,,,,,,,,,,0.9859307359307359,0.9683229813664597,1.0,estimable,22.0,1.0
