sample_key,participant,sequence_id,endpoint_timestamp_ns,target_intention,predicted_intention,modality_gaze_weight,modality_hands_weight,modality_objects_weight,modality_vio_weight,modality_clip_weight,modality_gaze_available,modality_hands_available,modality_objects_available,modality_vio_available,modality_clip_available
test|Edu_10_20260616_150412|3106145555000,Edu,Edu_10_20260616_150412,3106145555000,continue,handover,0.2524833977222442,0.1984976381063461,0.1560150980949401,0.1910488754510879,0.2019549757242202,True,True,True,True,True
test|Edu_10_20260616_150412|3106478889000,Edu,Edu_10_20260616_150412,3106478889000,continue,continue,0.2529999017715454,0.204225406050682,0.1541886031627655,0.185123786330223,0.2034623324871063,True,True,True,True,True
test|Edu_10_20260616_150412|3106812222000,Edu,Edu_10_20260616_150412,3106812222000,continue,continue,0.2492556422948837,0.2127071022987365,0.1527363508939743,0.1808553636074066,0.2044455260038375,True,True,True,True,True
test|Edu_10_20260616_150412|3107145555000,Edu,Edu_10_20260616_150412,3107145555000,continue,continue,0.2473994791507721,0.22061188519001,0.1528523415327072,0.1754074990749359,0.2037287950515747,True,True,True,True,True
test|Edu_10_20260616_150412|3107478889000,Edu,Edu_10_20260616_150412,3107478889000,continue,continue,0.248202234506607,0.2253472954034805,0.1578429937362671,0.1698723882436752,0.1987350881099701,True,True,True,True,True
test|Edu_10_20260616_150412|3107812222000,Edu,Edu_10_20260616_150412,3107812222000,continue,continue,0.2488994747400283,0.2270838171243667,0.1658281981945037,0.1634605228900909,0.1947280019521713,True,True,True,True,True
test|Edu_10_20260616_150412|3108145555000,Edu,Edu_10_20260616_150412,3108145555000,continue,continue,0.250192254781723,0.2306516319513321,0.1691629588603973,0.1603394597768783,0.189653679728508,True,True,True,True,True
test|Edu_10_20260616_150412|3108478889000,Edu,Edu_10_20260616_150412,3108478889000,continue,continue,0.2512759566307068,0.2317958027124405,0.1687083840370178,0.1630826741456985,0.1851371079683303,True,True,True,True,True
test|Edu_10_20260616_150412|3108812222000,Edu,Edu_10_20260616_150412,3108812222000,continue,continue,0.2552771270275116,0.2301315069198608,0.1688622385263443,0.1641315072774887,0.1815976500511169,True,True,True,True,True
test|Edu_10_20260616_150412|3109145555000,Edu,Edu_10_20260616_150412,3109145555000,continue,continue,0.2606020867824554,0.2277499139308929,0.1690571755170822,0.1635845005512237,0.1790063381195068,True,True,True,True,True
test|Edu_10_20260616_150412|3109478888000,Edu,Edu_10_20260616_150412,3109478888000,continue,continue,0.2633249163627624,0.2273129075765609,0.1648475080728531,0.1646329909563064,0.179881677031517,True,True,True,True,True
test|Edu_10_20260616_150412|3109812222000,Edu,Edu_10_20260616_150412,3109812222000,continue,continue,0.2648845911026001,0.2275179177522659,0.1611778736114502,0.1654570698738098,0.1809625327587127,True,True,True,True,True
test|Edu_10_20260616_150412|3110145555000,Edu,Edu_10_20260616_150412,3110145555000,continue,continue,0.2660177052021026,0.2256872206926345,0.158006876707077,0.1684274673461914,0.1818607151508331,True,True,True,True,True
test|Edu_10_20260616_150412|3110478888000,Edu,Edu_10_20260616_150412,3110478888000,continue,continue,0.2672275900840759,0.2206921279430389,0.1567004173994064,0.1703259944915771,0.1850538849830627,True,True,True,True,True
test|Edu_10_20260616_150412|3110812222000,Edu,Edu_10_20260616_150412,3110812222000,continue,continue,0.266910970211029,0.2139829993247985,0.15403713285923,0.1716103851795196,0.193458542227745,True,True,True,True,True
test|Edu_10_20260616_150412|3111145555000,Edu,Edu_10_20260616_150412,3111145555000,continue,continue,0.2615420520305633,0.2112353295087814,0.1509939432144165,0.1755963116884231,0.2006323933601379,True,True,True,True,True
test|Edu_10_20260616_150412|3111478888000,Edu,Edu_10_20260616_150412,3111478888000,continue,continue,0.2669448554515838,0.2057789862155914,0.149371936917305,0.1743651628494262,0.2035389989614486,True,True,True,True,True
test|Edu_10_20260616_150412|3111812222000,Edu,Edu_10_20260616_150412,3111812222000,continue,continue,0.2722692191600799,0.2014304995536804,0.1466894894838333,0.1735967546701431,0.2060140073299408,True,True,True,True,True
test|Edu_10_20260616_150412|3112145555000,Edu,Edu_10_20260616_150412,3112145555000,continue,continue,0.2725148797035217,0.1981648951768875,0.1464296281337738,0.1737639009952545,0.2091266959905624,True,True,True,True,True
test|Edu_10_20260616_150412|3112478888000,Edu,Edu_10_20260616_150412,3112478888000,continue,continue,0.271721214056015,0.2006187289953231,0.145750880241394,0.1746509075164795,0.2072583138942718,True,True,True,True,True
test|Edu_10_20260616_150412|3112812221000,Edu,Edu_10_20260616_150412,3112812221000,continue,continue,0.2707066237926483,0.2079580277204513,0.144951730966568,0.1751643419265747,0.2012192904949188,True,True,True,True,True
test|Edu_10_20260616_150412|3113145555000,Edu,Edu_10_20260616_150412,3113145555000,continue,continue,0.2737879753112793,0.2114186137914657,0.1444465965032577,0.1728812754154205,0.1974655538797378,True,True,True,True,True
test|Edu_10_20260616_150412|3113478888000,Edu,Edu_10_20260616_150412,3113478888000,continue,continue,0.2703961133956909,0.2168721258640289,0.1432845294475555,0.1742237955331802,0.1952234059572219,True,True,True,True,True
test|Edu_10_20260616_150412|3113812221000,Edu,Edu_10_20260616_150412,3113812221000,continue,continue,0.2668187320232391,0.2247025370597839,0.1413746625185012,0.1739083975553512,0.1931956857442855,True,True,True,True,True
test|Edu_10_20260616_150412|3114145555000,Edu,Edu_10_20260616_150412,3114145555000,continue,continue,0.2648287117481231,0.2309888303279876,0.1407921314239502,0.1720103174448013,0.1913800239562988,True,True,True,True,True
test|Edu_10_20260616_150412|3114478888000,Edu,Edu_10_20260616_150412,3114478888000,continue,continue,0.2658561468124389,0.2301483154296875,0.1425253301858902,0.1700062155723571,0.1914639621973037,True,True,True,True,True
test|Edu_10_20260616_150412|3114812221000,Edu,Edu_10_20260616_150412,3114812221000,continue,continue,0.2673747837543487,0.2289140075445175,0.1432323008775711,0.1698338985443115,0.1906450092792511,True,True,True,True,True
test|Edu_10_20260616_150412|3115145555000,Edu,Edu_10_20260616_150412,3115145555000,continue,continue,0.2674051225185394,0.232734814286232,0.1428752541542053,0.1694351434707641,0.1875496357679367,True,True,True,True,True
test|Edu_10_20260616_150412|3115478888000,Edu,Edu_10_20260616_150412,3115478888000,continue,continue,0.2670963406562805,0.2357137948274612,0.1430502980947494,0.1702903807163238,0.1838492155075073,True,True,True,True,True
test|Edu_10_20260616_150412|3115812221000,Edu,Edu_10_20260616_150412,3115812221000,continue,continue,0.2703309655189514,0.2323752343654632,0.1438553184270858,0.1705081760883331,0.1829303503036499,True,True,True,True,True
test|Edu_10_20260616_150412|3116145554000,Edu,Edu_10_20260616_150412,3116145554000,continue,continue,0.2721499800682068,0.2302421182394027,0.145389974117279,0.1698822826147079,0.1823356002569198,True,True,True,True,True
test|Edu_10_20260616_150412|3116478888000,Edu,Edu_10_20260616_150412,3116478888000,continue,continue,0.2703068852424621,0.2326788008213043,0.1451310813426971,0.1677029132843017,0.1841803193092346,True,True,True,True,True
test|Edu_10_20260616_150412|3116812221000,Edu,Edu_10_20260616_150412,3116812221000,continue,continue,0.2677852511405945,0.2322837561368942,0.1461995095014572,0.1664501428604126,0.1872813552618026,True,True,True,True,True
test|Edu_10_20260616_150412|3117145554000,Edu,Edu_10_20260616_150412,3117145554000,continue,continue,0.2636663615703583,0.2292190641164779,0.1479348093271255,0.1693881899118423,0.1897916197776794,True,True,True,True,True
test|Edu_10_20260616_150412|3117478888000,Edu,Edu_10_20260616_150412,3117478888000,continue,continue,0.2596284449100494,0.2251766920089721,0.1500249505043029,0.1707281768321991,0.1944417208433151,True,True,True,True,True
test|Edu_10_20260616_150412|3117812221000,Edu,Edu_10_20260616_150412,3117812221000,continue,continue,0.2521423697471618,0.2260428071022033,0.1512511074542999,0.1744596511125564,0.1961040496826172,True,True,True,True,True
test|Edu_10_20260616_150412|3118145554000,Edu,Edu_10_20260616_150412,3118145554000,continue,continue,0.2480251938104629,0.2233452796936035,0.151217520236969,0.1782241016626358,0.1991878747940063,True,True,True,True,True
test|Edu_10_20260616_150412|3118478888000,Edu,Edu_10_20260616_150412,3118478888000,continue,continue,0.2488649934530258,0.2177184522151947,0.1522396355867386,0.1808541268110275,0.2003227472305297,True,True,True,True,True
test|Edu_10_20260616_150412|3118812221000,Edu,Edu_10_20260616_150412,3118812221000,continue,handover,0.2501559555530548,0.2144190669059753,0.1518406271934509,0.1806190758943557,0.2029652744531631,True,True,True,True,True
test|Edu_10_20260616_150412|3119145554000,Edu,Edu_10_20260616_150412,3119145554000,continue,handover,0.2529649436473846,0.2129500955343246,0.1508231312036514,0.1796338111162185,0.2036279737949371,True,True,True,True,True
test|Edu_10_20260616_150412|3119478887000,Edu,Edu_10_20260616_150412,3119478887000,continue,handover,0.2562156319618225,0.2119559645652771,0.1491984874010086,0.179606556892395,0.2030234038829803,True,True,True,True,True
test|Edu_10_20260616_150412|3119812221000,Edu,Edu_10_20260616_150412,3119812221000,continue,handover,0.2586604058742523,0.2080343514680862,0.1476351171731948,0.1788299828767776,0.2068401575088501,True,True,True,True,True
test|Edu_10_20260616_150412|3120145554000,Edu,Edu_10_20260616_150412,3120145554000,continue,handover,0.2606412768363952,0.2071848213672638,0.1483620256185531,0.1791471689939499,0.2046646773815155,True,True,True,True,True
test|Edu_10_20260616_150412|3120478887000,Edu,Edu_10_20260616_150412,3120478887000,continue,handover,0.2624052762985229,0.2068709433078766,0.1490338593721389,0.1821407377719879,0.1995491981506347,True,True,True,True,True
test|Edu_10_20260616_150412|3120812221000,Edu,Edu_10_20260616_150412,3120812221000,continue,handover,0.2662855982780456,0.2057457864284515,0.1485940963029861,0.183943971991539,0.1954305917024612,True,True,True,True,True
test|Edu_10_20260616_150412|3121145554000,Edu,Edu_10_20260616_150412,3121145554000,continue,handover,0.2718773484230041,0.2059522718191146,0.1489436626434326,0.18320132791996,0.1900254487991333,True,True,True,True,True
test|Edu_10_20260616_150412|3121478887000,Edu,Edu_10_20260616_150412,3121478887000,continue,handover,0.2766594290733337,0.2063515931367874,0.1491865813732147,0.1824031919240951,0.185399129986763,True,True,True,True,True
test|Edu_10_20260616_150412|3121812220000,Edu,Edu_10_20260616_150412,3121812220000,continue,handover,0.2829031646251678,0.2057282626628875,0.1488416939973831,0.1834223717451095,0.1791045218706131,True,True,True,True,True
test|Edu_10_20260616_150412|3122145554000,Edu,Edu_10_20260616_150412,3122145554000,continue,fetch,0.2898783683776855,0.2049588412046432,0.1480816900730133,0.1786579042673111,0.1784231960773468,True,True,True,True,True
test|Edu_10_20260616_150412|3122478887000,Edu,Edu_10_20260616_150412,3122478887000,continue,fetch,0.2893099188804626,0.205494999885559,0.1495037674903869,0.1762110292911529,0.1794803589582443,True,True,True,True,True
test|Edu_10_20260616_150412|3122812220000,Edu,Edu_10_20260616_150412,3122812220000,continue,fetch,0.2938133776187897,0.2031693458557129,0.1516676694154739,0.1751999408006668,0.1761496812105178,True,True,True,True,True
test|Edu_10_20260616_150412|3123145554000,Edu,Edu_10_20260616_150412,3123145554000,fetch,fetch,0.2967001497745514,0.2001383751630783,0.1530658602714538,0.1751449555158615,0.1749506741762161,True,True,True,True,True
test|Edu_10_20260616_150412|3123478887000,Edu,Edu_10_20260616_150412,3123478887000,fetch,fetch,0.2996582090854645,0.1963395923376083,0.1547362059354782,0.1756907403469085,0.173575222492218,True,True,True,True,True
test|Edu_10_20260616_150412|3123812220000,Edu,Edu_10_20260616_150412,3123812220000,fetch,fetch,0.3040004670619964,0.1944097876548767,0.156370460987091,0.1733535081148147,0.1718657612800598,True,True,True,True,True
test|Edu_10_20260616_150412|3124145554000,Edu,Edu_10_20260616_150412,3124145554000,fetch,fetch,0.3020607233047485,0.1938094943761825,0.1563032865524292,0.1757352501153946,0.1720912456512451,True,True,True,True,True
test|Edu_10_20260616_150412|3124478887000,Edu,Edu_10_20260616_150412,3124478887000,fetch,fetch,0.3058708012104034,0.1901492178440094,0.154016837477684,0.1732335537672042,0.1767296344041824,True,True,True,True,True
test|Edu_10_20260616_150412|3124812220000,Edu,Edu_10_20260616_150412,3124812220000,fetch,fetch,0.3051557242870331,0.1887979954481125,0.1545594632625579,0.1731631010770797,0.1783237010240554,True,True,True,True,True
test|Edu_10_20260616_150412|3125145554000,Edu,Edu_10_20260616_150412,3125145554000,fetch,fetch,0.3058311641216278,0.1877831667661667,0.153651088476181,0.1719464510679245,0.1807881295680999,True,True,True,True,True
test|Edu_10_20260616_150412|3125478887000,Edu,Edu_10_20260616_150412,3125478887000,fetch,fetch,0.3057550489902496,0.1865757554769516,0.1530699580907821,0.170085534453392,0.1845137029886245,True,True,True,True,True
test|Edu_10_20260616_150412|3125812220000,Edu,Edu_10_20260616_150412,3125812220000,fetch,fetch,0.3067713379859924,0.1856462657451629,0.1538571268320083,0.1690353006124496,0.1846900135278701,True,True,True,True,True
test|Edu_10_20260616_150412|3126145553000,Edu,Edu_10_20260616_150412,3126145553000,fetch,fetch,0.3100480735301971,0.1841632723808288,0.1537407040596008,0.1682205349206924,0.1838274449110031,True,True,True,True,True
test|Edu_10_20260616_150412|3126478887000,Edu,Edu_10_20260616_150412,3126478887000,fetch,fetch,0.3135751485824585,0.1846291869878769,0.1538958549499511,0.1690711975097656,0.1788286417722702,True,True,True,True,True
test|Edu_10_20260616_150412|3126812220000,Edu,Edu_10_20260616_150412,3126812220000,fetch,fetch,0.3145986497402191,0.1875905245542526,0.1504897326231002,0.1698764562606811,0.1774446070194244,True,True,True,True,True
test|Edu_10_20260616_150412|3127145553000,Edu,Edu_10_20260616_150412,3127145553000,fetch,fetch,0.3137663602828979,0.193643033504486,0.1497155874967575,0.1677757203578949,0.1750993281602859,True,True,True,True,True
test|Edu_10_20260616_150412|3127478887000,Edu,Edu_10_20260616_150412,3127478887000,fetch,fetch,0.3150274753570556,0.1947597414255142,0.1503235697746276,0.1663563400506973,0.1735328882932663,True,True,True,True,True
test|Edu_10_20260616_150412|3127812220000,Edu,Edu_10_20260616_150412,3127812220000,fetch,fetch,0.3097333312034607,0.1951743066310882,0.1501816809177398,0.1699208468198776,0.1749898642301559,True,True,True,True,True
test|Edu_10_20260616_150412|3128145553000,Edu,Edu_10_20260616_150412,3128145553000,fetch,fetch,0.3006947040557861,0.1963202208280563,0.1523463726043701,0.1738558411598205,0.1767829209566116,True,True,True,True,True
test|Edu_10_20260616_150412|3128478886000,Edu,Edu_10_20260616_150412,3128478886000,fetch,fetch,0.2985320687294006,0.1954937875270843,0.1538270562887191,0.1740899980068206,0.1780570745468139,True,True,True,True,True
test|Edu_10_20260616_150412|3130812220000,Edu,Edu_10_20260616_150412,3130812220000,handover,handover,0.3031641840934753,0.1879804283380508,0.1597785800695419,0.1750213056802749,0.1740555018186569,True,True,True,True,True
test|Edu_10_20260616_150412|3131145553000,Edu,Edu_10_20260616_150412,3131145553000,handover,handover,0.2989670932292938,0.190266728401184,0.1604260504245758,0.1771715581417083,0.1731685400009155,True,True,True,True,True
test|Edu_10_20260616_150412|3131478886000,Edu,Edu_10_20260616_150412,3131478886000,handover,handover,0.2927156686782837,0.1950662732124328,0.1605577617883682,0.1766302287578582,0.1750300377607345,True,True,True,True,True
test|Edu_10_20260616_150412|3131812220000,Edu,Edu_10_20260616_150412,3131812220000,handover,handover,0.2830748856067657,0.2035648226737976,0.157996267080307,0.1757982820272445,0.1795657873153686,True,True,True,True,True
test|Edu_10_20260616_150412|3132145553000,Edu,Edu_10_20260616_150412,3132145553000,handover,handover,0.2754520773887634,0.210795596241951,0.155214712023735,0.1746595203876495,0.183878093957901,True,True,True,True,True
test|Edu_10_20260616_150412|3132478886000,Edu,Edu_10_20260616_150412,3132478886000,handover,handover,0.2729222178459167,0.2178990840911865,0.1543776243925094,0.1722859442234039,0.1825151890516281,True,True,True,True,True
test|Edu_10_20260616_150412|3132812219000,Edu,Edu_10_20260616_150412,3132812219000,handover,handover,0.2709119617938995,0.2229357212781906,0.1536235958337783,0.1720866411924362,0.1804420799016952,True,True,True,True,True
test|Edu_10_20260616_150412|3133145553000,Edu,Edu_10_20260616_150412,3133145553000,handover,handover,0.2696394026279449,0.2264660745859146,0.1526456773281097,0.1704635769128799,0.1807852685451507,True,True,True,True,True
test|Edu_10_20260616_150412|3133478886000,Edu,Edu_10_20260616_150412,3133478886000,handover,handover,0.2685523331165313,0.2282222509384155,0.1522622555494308,0.1703375726938247,0.180625632405281,True,True,True,True,True
test|Edu_10_20260616_150412|3133812219000,Edu,Edu_10_20260616_150412,3133812219000,handover,handover,0.2692188322544098,0.2301758974790573,0.1523748040199279,0.1707067489624023,0.1775237172842025,True,True,True,True,True
test|Edu_10_20260616_150412|3134145553000,Edu,Edu_10_20260616_150412,3134145553000,handover,handover,0.2676413059234619,0.228959709405899,0.1515992730855941,0.1743063181638717,0.1774933785200119,True,True,True,True,True
test|Edu_10_20260616_150412|3134478886000,Edu,Edu_10_20260616_150412,3134478886000,handover,handover,0.2677214443683624,0.2254680395126342,0.1490253955125808,0.1760205179452896,0.1817645877599716,True,True,True,True,True
test|Edu_10_20260616_150412|3134812219000,Edu,Edu_10_20260616_150412,3134812219000,handover,handover,0.2698762714862823,0.2201630175113678,0.1470737308263778,0.1772582232952118,0.1856287717819214,True,True,True,True,True
test|Edu_10_20260616_150412|3135145552000,Edu,Edu_10_20260616_150412,3135145552000,handover,handover,0.2691363096237182,0.2141069024801254,0.1447450220584869,0.1794197857379913,0.1925919651985168,True,True,True,True,True
test|Edu_10_20260616_150412|3135478886000,Edu,Edu_10_20260616_150412,3135478886000,handover,handover,0.270037978887558,0.2064660489559173,0.1427433937788009,0.1817197054624557,0.1990328580141067,True,True,True,True,True
test|Edu_10_20260616_150412|3135812219000,Edu,Edu_10_20260616_150412,3135812219000,handover,handover,0.2723471522331238,0.1987418234348297,0.1407161056995391,0.1820015013217926,0.2061934024095535,True,True,True,True,True
test|Edu_10_20260616_150412|3136145552000,Edu,Edu_10_20260616_150412,3136145552000,handover,handover,0.2866416871547699,0.189593955874443,0.1400628536939621,0.1765507310628891,0.2071507275104522,True,True,True,True,True
test|Edu_10_20260616_150412|3136478886000,Edu,Edu_10_20260616_150412,3136478886000,handover,handover,0.2993055284023285,0.18250472843647,0.1407162696123123,0.1723230183124542,0.2051505148410797,True,True,True,True,True
test|Edu_10_20260616_150412|3136812219000,Edu,Edu_10_20260616_150412,3136812219000,handover,handover,0.3082981705665588,0.1814503967761993,0.1412799507379531,0.167993739247322,0.2009777724742889,True,True,True,True,True
test|Edu_2_20260604_170420|7522078910000,Edu,Edu_2_20260604_170420,7522078910000,continue,continue,0.252883106470108,0.2327785044908523,0.1279514282941818,0.1929227709770202,0.1934642195701599,True,True,True,True,True
test|Edu_2_20260604_170420|7522412243000,Edu,Edu_2_20260604_170420,7522412243000,continue,continue,0.2593135237693786,0.232767567038536,0.1239086687564849,0.1877698749303817,0.1962403208017349,True,True,True,True,True
test|Edu_2_20260604_170420|7522745577000,Edu,Edu_2_20260604_170420,7522745577000,continue,continue,0.2661465108394623,0.2329883873462677,0.1208061352372169,0.1839434057474136,0.1961155831813812,True,True,True,True,True
test|Edu_2_20260604_170420|7523078910000,Edu,Edu_2_20260604_170420,7523078910000,continue,continue,0.2725791037082672,0.2351668179035186,0.1172821819782257,0.1785320937633514,0.1964397579431533,True,True,True,True,True
test|Edu_2_20260604_170420|7523412243000,Edu,Edu_2_20260604_170420,7523412243000,continue,continue,0.2746054530143738,0.2381069362163543,0.1134135499596595,0.1743863523006439,0.1994877904653549,True,True,True,True,True
test|Edu_2_20260604_170420|7523745576000,Edu,Edu_2_20260604_170420,7523745576000,continue,continue,0.2745772302150726,0.2403097003698349,0.1104480475187301,0.1738627105951309,0.2008022964000702,True,True,True,True,True
test|Edu_2_20260604_170420|7524078910000,Edu,Edu_2_20260604_170420,7524078910000,continue,continue,0.2691427767276764,0.237754225730896,0.11282429844141,0.1793495416641235,0.2009290903806686,True,True,True,True,True
test|Edu_2_20260604_170420|7524412243000,Edu,Edu_2_20260604_170420,7524412243000,continue,continue,0.2631371915340423,0.2389992922544479,0.1160233616828918,0.1816733032464981,0.2001668661832809,True,True,True,True,True
test|Edu_2_20260604_170420|7524745576000,Edu,Edu_2_20260604_170420,7524745576000,continue,continue,0.2606740891933441,0.2385556101799011,0.1180705353617668,0.1804335117340088,0.2022662013769149,True,True,True,True,True
test|Edu_2_20260604_170420|7525078910000,Edu,Edu_2_20260604_170420,7525078910000,continue,continue,0.2560521066188812,0.2371641397476196,0.1199649050831794,0.1794521808624267,0.2073666900396347,True,True,True,True,True
test|Edu_2_20260604_170420|7525412243000,Edu,Edu_2_20260604_170420,7525412243000,continue,continue,0.2520365118980407,0.2383249998092651,0.122678130865097,0.178908422589302,0.2080519199371338,True,True,True,True,True
test|Edu_2_20260604_170420|7525745576000,Edu,Edu_2_20260604_170420,7525745576000,continue,continue,0.2530068457126617,0.2409500926733017,0.1224253922700882,0.175828143954277,0.2077895402908325,True,True,True,True,True
test|Edu_2_20260604_170420|7526078909000,Edu,Edu_2_20260604_170420,7526078909000,continue,continue,0.254384309053421,0.2448548972606659,0.1189135536551475,0.1705278903245926,0.2113193571567535,True,True,True,True,True
test|Edu_2_20260604_170420|7526412243000,Edu,Edu_2_20260604_170420,7526412243000,continue,continue,0.2590124309062958,0.2446501553058624,0.1158588379621505,0.1673601567745208,0.2131184637546539,True,True,True,True,True
test|Edu_2_20260604_170420|7526745576000,Edu,Edu_2_20260604_170420,7526745576000,continue,continue,0.2598252296447754,0.2479669898748397,0.1147144883871078,0.1667162328958511,0.2107770591974258,True,True,True,True,True
test|Edu_2_20260604_170420|7527078909000,Edu,Edu_2_20260604_170420,7527078909000,continue,continue,0.2596794068813324,0.2530108690261841,0.1144044920802116,0.1673037856817245,0.2056014835834503,True,True,True,True,True
test|Edu_2_20260604_170420|7527412243000,Edu,Edu_2_20260604_170420,7527412243000,continue,continue,0.2604196071624756,0.2545304000377655,0.1149589270353317,0.1677473485469818,0.2023437321186065,True,True,True,True,True
test|Edu_2_20260604_170420|7527745576000,Edu,Edu_2_20260604_170420,7527745576000,continue,continue,0.261988490819931,0.2505569458007812,0.1171469911932945,0.1666439473628997,0.2036636173725128,True,True,True,True,True
test|Edu_2_20260604_170420|7528078909000,Edu,Edu_2_20260604_170420,7528078909000,continue,continue,0.2718686163425445,0.2445053607225418,0.1199506968259811,0.1623864471912384,0.2012888342142105,True,True,True,True,True
test|Edu_2_20260604_170420|7528412243000,Edu,Edu_2_20260604_170420,7528412243000,continue,continue,0.2784705460071563,0.2388262003660202,0.1220147088170051,0.1615430116653442,0.1991456001996994,True,True,True,True,True
test|Edu_2_20260604_170420|7528745576000,Edu,Edu_2_20260604_170420,7528745576000,continue,continue,0.2839800119400024,0.2309428006410598,0.1243612021207809,0.1635647267103195,0.1971512287855148,True,True,True,True,True
test|Edu_2_20260604_170420|7529078909000,Edu,Edu_2_20260604_170420,7529078909000,continue,continue,0.2898381352424621,0.2252168506383896,0.1258640140295028,0.166102796792984,0.1929782330989837,True,True,True,True,True
test|Edu_2_20260604_170420|7529412243000,Edu,Edu_2_20260604_170420,7529412243000,continue,continue,0.292002260684967,0.2263405174016952,0.1238595768809318,0.1668662428855896,0.1909314393997192,True,True,True,True,True
test|Edu_2_20260604_170420|7529745576000,Edu,Edu_2_20260604_170420,7529745576000,continue,continue,0.290056049823761,0.2324686348438263,0.12118661403656,0.1671605259180069,0.1891282051801681,True,True,True,True,True
test|Edu_2_20260604_170420|7530078909000,Edu,Edu_2_20260604_170420,7530078909000,continue,continue,0.2852997481822967,0.2389896512031555,0.1177369952201843,0.1694465577602386,0.1885270774364471,True,True,True,True,True
test|Edu_2_20260604_170420|7530412242000,Edu,Edu_2_20260604_170420,7530412242000,continue,continue,0.2804121077060699,0.2455484420061111,0.1152250468730926,0.1699950695037841,0.1888193041086197,True,True,True,True,True
test|Edu_2_20260604_170420|7530745576000,Edu,Edu_2_20260604_170420,7530745576000,continue,continue,0.2745600938796997,0.249513640999794,0.1110231503844261,0.1670550853013992,0.1978480070829391,True,True,True,True,True
test|Edu_2_20260604_170420|7531078909000,Edu,Edu_2_20260604_170420,7531078909000,continue,continue,0.2689829766750335,0.2512085735797882,0.1074633821845054,0.1637745946645736,0.2085704058408737,True,True,True,True,True
test|Edu_2_20260604_170420|7531412242000,Edu,Edu_2_20260604_170420,7531412242000,continue,continue,0.2642661929130554,0.2468966841697693,0.105737417936325,0.1612730026245117,0.2218266427516937,True,True,True,True,True
test|Edu_2_20260604_170420|7531745576000,Edu,Edu_2_20260604_170420,7531745576000,continue,continue,0.2599217295646667,0.2402319908142089,0.1038293465971946,0.159427985548973,0.2365889400243759,True,True,True,True,True
test|Edu_2_20260604_170420|7532078909000,Edu,Edu_2_20260604_170420,7532078909000,continue,continue,0.255931556224823,0.2392028570175171,0.1020420491695404,0.1582631766796112,0.2445603758096695,True,True,True,True,True
test|Edu_2_20260604_170420|7532412242000,Edu,Edu_2_20260604_170420,7532412242000,continue,continue,0.2553303837776184,0.2410242706537246,0.1015259176492691,0.1588852256536483,0.243234246969223,True,True,True,True,True
test|Edu_2_20260604_170420|7532745575000,Edu,Edu_2_20260604_170420,7532745575000,continue,continue,0.2598649263381958,0.2437809705734253,0.1046411171555519,0.1606378108263015,0.2310751676559448,True,True,True,True,True
test|Edu_2_20260604_170420|7533078909000,Edu,Edu_2_20260604_170420,7533078909000,continue,continue,0.2553125321865082,0.2480393946170807,0.1093146428465843,0.1681776642799377,0.2191557735204696,True,True,True,True,True
test|Edu_2_20260604_170420|7533412242000,Edu,Edu_2_20260604_170420,7533412242000,continue,continue,0.2484267354011535,0.2540471255779266,0.1143131628632545,0.1771310120820999,0.2060819715261459,True,True,True,True,True
test|Edu_2_20260604_170420|7533745575000,Edu,Edu_2_20260604_170420,7533745575000,continue,continue,0.2375418096780777,0.2565400302410126,0.1196888536214828,0.1854122430086136,0.2008169889450073,True,True,True,True,True
test|Edu_2_20260604_170420|7534078909000,Edu,Edu_2_20260604_170420,7534078909000,continue,continue,0.222679316997528,0.2585805356502533,0.1228206604719162,0.193771943449974,0.2021475434303283,True,True,True,True,True
test|Edu_2_20260604_170420|7534412242000,Edu,Edu_2_20260604_170420,7534412242000,continue,continue,0.2051653116941452,0.2588954865932464,0.1267337352037429,0.1979668140411377,0.2112386524677276,True,True,True,True,True
test|Edu_2_20260604_170420|7534745575000,Edu,Edu_2_20260604_170420,7534745575000,continue,continue,0.1909487545490265,0.2574110925197601,0.1330040693283081,0.199580043554306,0.2190560549497604,True,True,True,True,True
test|Edu_2_20260604_170420|7535078909000,Edu,Edu_2_20260604_170420,7535078909000,continue,continue,0.1990811675786972,0.2515264749526977,0.1347648650407791,0.1953222602605819,0.2193052470684051,True,True,True,True,True
test|Edu_2_20260604_170420|7535412242000,Edu,Edu_2_20260604_170420,7535412242000,continue,continue,0.2078764140605926,0.2488235980272293,0.1360440105199813,0.1877275705337524,0.219528391957283,True,True,True,True,True
test|Edu_2_20260604_170420|7535745575000,Edu,Edu_2_20260604_170420,7535745575000,continue,continue,0.2228865325450897,0.2459204941987991,0.1360977292060852,0.1827030330896377,0.2123921662569046,True,True,True,True,True
test|Edu_2_20260604_170420|7536078908000,Edu,Edu_2_20260604_170420,7536078908000,continue,continue,0.2471020966768264,0.2385473251342773,0.1364416182041168,0.1752550601959228,0.2026539593935012,True,True,True,True,True
test|Edu_2_20260604_170420|7536412242000,Edu,Edu_2_20260604_170420,7536412242000,continue,continue,0.2684691250324249,0.230055347084999,0.1339057981967926,0.1721785217523574,0.1953911930322647,True,True,True,True,True
test|Edu_2_20260604_170420|7536745575000,Edu,Edu_2_20260604_170420,7536745575000,continue,continue,0.280306875705719,0.2281023859977722,0.1285746097564697,0.1686668992042541,0.1943491995334625,True,True,True,True,True
test|Edu_2_20260604_170420|7537078908000,Edu,Edu_2_20260604_170420,7537078908000,continue,continue,0.2876685559749603,0.2237378805875778,0.1264608651399612,0.1681661307811737,0.1939665526151657,True,True,True,True,True
test|Edu_2_20260604_170420|7537412242000,Edu,Edu_2_20260604_170420,7537412242000,fetch,fetch,0.2989345788955688,0.2145514488220214,0.1260043233633041,0.1728930622339248,0.187616616487503,True,True,True,True,True
test|Edu_2_20260604_170420|7537745575000,Edu,Edu_2_20260604_170420,7537745575000,fetch,fetch,0.3058434426784515,0.207539364695549,0.1269096881151199,0.175586849451065,0.1841206401586532,True,True,True,True,True
test|Edu_2_20260604_170420|7538078908000,Edu,Edu_2_20260604_170420,7538078908000,fetch,fetch,0.305350512266159,0.2038769870996475,0.1273969262838363,0.180326446890831,0.1830490678548813,True,True,True,True,True
test|Edu_2_20260604_170420|7538412242000,Edu,Edu_2_20260604_170420,7538412242000,fetch,fetch,0.3053873479366302,0.2009210586547851,0.1279840320348739,0.1856694668531417,0.1800380498170852,True,True,True,True,True
test|Edu_2_20260604_170420|7538745575000,Edu,Edu_2_20260604_170420,7538745575000,fetch,fetch,0.3054807186126709,0.1966533362865448,0.1274085938930511,0.191801369190216,0.1786559820175171,True,True,True,True,True
test|Edu_2_20260604_170420|7539078908000,Edu,Edu_2_20260604_170420,7539078908000,fetch,fetch,0.3057644665241241,0.1951639056205749,0.1253623068332672,0.1916118264198303,0.1820975393056869,True,True,True,True,True
test|Edu_2_20260604_170420|7539412241000,Edu,Edu_2_20260604_170420,7539412241000,fetch,fetch,0.3057031333446502,0.1938402652740478,0.1228939443826675,0.1873763799667358,0.1901862323284149,True,True,True,True,True
test|Edu_2_20260604_170420|7539745575000,Edu,Edu_2_20260604_170420,7539745575000,fetch,fetch,0.3067008256912231,0.1935564279556274,0.1203825622797012,0.1849215924739837,0.1944385766983032,True,True,True,True,True
test|Edu_2_20260604_170420|7541412241000,Edu,Edu_2_20260604_170420,7541412241000,handover,fetch,0.3061363697052002,0.2009945958852768,0.1338089108467102,0.1744248270988464,0.1846352368593216,True,True,True,True,True
test|Edu_2_20260604_170420|7541745575000,Edu,Edu_2_20260604_170420,7541745575000,handover,handover,0.3064764142036438,0.206125408411026,0.1353435665369033,0.1715143322944641,0.1805403530597686,True,True,True,True,True
test|Edu_2_20260604_170420|7542078908000,Edu,Edu_2_20260604_170420,7542078908000,handover,handover,0.3027864694595337,0.2112455070018768,0.1329319775104522,0.1729593873023986,0.1800766140222549,True,True,True,True,True
test|Edu_2_20260604_170420|7542412241000,Edu,Edu_2_20260604_170420,7542412241000,handover,handover,0.2987911105155945,0.2128144800662994,0.1299992799758911,0.1763506531715393,0.1820444464683532,True,True,True,True,True
test|Edu_2_20260604_170420|7542745574000,Edu,Edu_2_20260604_170420,7542745574000,handover,handover,0.294795423746109,0.2162408083677292,0.1287463903427124,0.1772112399339676,0.1830061078071594,True,True,True,True,True
test|Edu_2_20260604_170420|7543078908000,Edu,Edu_2_20260604_170420,7543078908000,handover,handover,0.2925566136837005,0.2212392836809158,0.1280355900526046,0.17721489071846,0.1809536516666412,True,True,True,True,True
test|Edu_2_20260604_170420|7543412241000,Edu,Edu_2_20260604_170420,7543412241000,handover,handover,0.2900201082229614,0.2233142703771591,0.1270691901445388,0.18080435693264,0.178792119026184,True,True,True,True,True
test|Edu_2_20260604_170420|7543745574000,Edu,Edu_2_20260604_170420,7543745574000,handover,handover,0.2852029800415039,0.2230145186185836,0.1275493651628494,0.187772586941719,0.1764605492353439,True,True,True,True,True
test|Edu_3_20260604_170622|7645478909000,Edu,Edu_3_20260604_170622,7645478909000,continue,continue,0.2890133857727051,0.2595311999320984,0.0,0.2143923640251159,0.2370631247758865,True,True,False,True,True
test|Edu_3_20260604_170622|7645812242000,Edu,Edu_3_20260604_170622,7645812242000,continue,continue,0.3020237982273102,0.2548027634620666,0.0,0.2047326266765594,0.2384408712387085,True,True,False,True,True
test|Edu_3_20260604_170622|7646145575000,Edu,Edu_3_20260604_170622,7646145575000,continue,continue,0.3039179444313049,0.2513133883476257,0.0,0.1990103423595428,0.2457584142684936,True,True,False,True,True
test|Edu_3_20260604_170622|7646478909000,Edu,Edu_3_20260604_170622,7646478909000,continue,continue,0.3059493601322174,0.2514823973178863,0.0,0.1978808641433715,0.244687408208847,True,True,False,True,True
test|Edu_3_20260604_170622|7646812242000,Edu,Edu_3_20260604_170622,7646812242000,continue,continue,0.3029248714447021,0.252663642168045,0.0,0.1950387954711914,0.2493727058172226,True,True,False,True,True
test|Edu_3_20260604_170622|7647145575000,Edu,Edu_3_20260604_170622,7647145575000,continue,continue,0.3052424192428589,0.2568099498748779,0.0,0.194751888513565,0.2431957721710205,True,True,False,True,True
test|Edu_3_20260604_170622|7647478908000,Edu,Edu_3_20260604_170622,7647478908000,continue,continue,0.3040278255939483,0.2598692774772644,0.0,0.1983544826507568,0.2377484142780304,True,True,False,True,True
test|Edu_3_20260604_170622|7647812242000,Edu,Edu_3_20260604_170622,7647812242000,continue,continue,0.3030103147029876,0.2613696455955505,0.0,0.2011349946260452,0.2344850152730941,True,True,False,True,True
test|Edu_3_20260604_170622|7648145575000,Edu,Edu_3_20260604_170622,7648145575000,continue,continue,0.3051788508892059,0.2634993493556976,0.0,0.2018014192581176,0.2295203506946563,True,True,False,True,True
test|Edu_3_20260604_170622|7648478908000,Edu,Edu_3_20260604_170622,7648478908000,continue,continue,0.2979277968406677,0.265260100364685,0.0,0.2017272263765335,0.2350848168134689,True,True,False,True,True
test|Edu_3_20260604_170622|7648812242000,Edu,Edu_3_20260604_170622,7648812242000,continue,continue,0.3025895059108734,0.2648015320301056,0.0,0.2000711858272552,0.2325377613306045,True,True,False,True,True
test|Edu_3_20260604_170622|7649145575000,Edu,Edu_3_20260604_170622,7649145575000,continue,continue,0.3109758794307709,0.2589351534843445,0.0,0.1976241767406463,0.2324647903442382,True,True,False,True,True
test|Edu_3_20260604_170622|7649478908000,Edu,Edu_3_20260604_170622,7649478908000,continue,continue,0.3191574513912201,0.2531470060348511,0.0,0.1959358751773834,0.2317596673965454,True,True,False,True,True
test|Edu_3_20260604_170622|7649812242000,Edu,Edu_3_20260604_170622,7649812242000,continue,continue,0.3263148665428161,0.2487167716026306,0.0,0.194185733795166,0.2307826578617096,True,True,False,True,True
test|Edu_3_20260604_170622|7650145575000,Edu,Edu_3_20260604_170622,7650145575000,continue,continue,0.3269528746604919,0.2492406964302063,0.0,0.1870529055595398,0.2367535382509231,True,True,False,True,True
test|Edu_3_20260604_170622|7650478908000,Edu,Edu_3_20260604_170622,7650478908000,continue,continue,0.3278687298297882,0.2514308393001556,0.0,0.1835432350635528,0.2371572107076645,True,True,False,True,True
test|Edu_3_20260604_170622|7650812241000,Edu,Edu_3_20260604_170622,7650812241000,continue,continue,0.3231297135353088,0.2571323215961456,0.0,0.1822112053632736,0.2375266999006271,True,True,False,True,True
test|Edu_3_20260604_170622|7651145575000,Edu,Edu_3_20260604_170622,7651145575000,continue,continue,0.3155450224876404,0.2632453739643097,0.0,0.1822797656059265,0.238929808139801,True,True,False,True,True
test|Edu_3_20260604_170622|7651478908000,Edu,Edu_3_20260604_170622,7651478908000,continue,continue,0.3079562783241272,0.2677152752876282,0.0,0.1782141625881195,0.2461143136024475,True,True,False,True,True
test|Edu_3_20260604_170622|7651812241000,Edu,Edu_3_20260604_170622,7651812241000,continue,continue,0.3042328953742981,0.2727191746234894,0.0,0.1752523779869079,0.2477956116199493,True,True,False,True,True
test|Edu_3_20260604_170622|7652145575000,Edu,Edu_3_20260604_170622,7652145575000,continue,continue,0.3044902682304382,0.2681045830249786,0.0,0.1773769855499267,0.2500281631946563,True,True,False,True,True
test|Edu_3_20260604_170622|7652478908000,Edu,Edu_3_20260604_170622,7652478908000,continue,continue,0.3070782124996185,0.2646559774875641,0.0,0.1778670847415924,0.250398725271225,True,True,False,True,True
test|Edu_3_20260604_170622|7652812241000,Edu,Edu_3_20260604_170622,7652812241000,continue,continue,0.3104934692382812,0.2617042660713196,0.0,0.1788681000471115,0.2489341050386428,True,True,False,True,True
test|Edu_3_20260604_170622|7653145575000,Edu,Edu_3_20260604_170622,7653145575000,continue,continue,0.3164494931697845,0.2603935897350311,0.0,0.1779715269804,0.245185375213623,True,True,False,True,True
test|Edu_3_20260604_170622|7653478908000,Edu,Edu_3_20260604_170622,7653478908000,continue,continue,0.3204489350318908,0.2598683834075928,0.0,0.1791599243879318,0.2405227869749069,True,True,False,True,True
test|Edu_3_20260604_170622|7653812241000,Edu,Edu_3_20260604_170622,7653812241000,continue,continue,0.3220354318618774,0.2572804987430572,0.0,0.1789060086011886,0.2417780756950378,True,True,False,True,True
test|Edu_3_20260604_170622|7654145574000,Edu,Edu_3_20260604_170622,7654145574000,continue,continue,0.3244873583316803,0.2594752609729767,0.0,0.1780956536531448,0.2379416823387146,True,True,False,True,True
test|Edu_3_20260604_170622|7654478908000,Edu,Edu_3_20260604_170622,7654478908000,continue,continue,0.3276531100273132,0.2597440779209137,0.0,0.1779499500989914,0.2346528470516204,True,True,False,True,True
test|Edu_3_20260604_170622|7654812241000,Edu,Edu_3_20260604_170622,7654812241000,continue,continue,0.3268546164035797,0.2591821849346161,0.0,0.1770843118429184,0.2368788421154022,True,True,False,True,True
test|Edu_3_20260604_170622|7655145574000,Edu,Edu_3_20260604_170622,7655145574000,continue,continue,0.3213063776493072,0.2583090960979461,0.0,0.1763001531362533,0.244084358215332,True,True,False,True,True
test|Edu_3_20260604_170622|7655478908000,Edu,Edu_3_20260604_170622,7655478908000,continue,continue,0.3184967339038849,0.2579559087753296,0.0,0.1753926873207092,0.2481546550989151,True,True,False,True,True
test|Edu_3_20260604_170622|7655812241000,Edu,Edu_3_20260604_170622,7655812241000,continue,continue,0.3150295317173004,0.2606933414936065,0.0,0.1787011176347732,0.2455759793519973,True,True,False,True,True
test|Edu_3_20260604_170622|7656145574000,Edu,Edu_3_20260604_170622,7656145574000,continue,continue,0.308009535074234,0.2644411623477936,0.0,0.1856876611709594,0.2418615967035293,True,True,False,True,True
test|Edu_3_20260604_170622|7656478908000,Edu,Edu_3_20260604_170622,7656478908000,continue,continue,0.3017184138298034,0.2652301788330078,0.0,0.1937401890754699,0.2393112331628799,True,True,False,True,True
test|Edu_3_20260604_170622|7656812241000,Edu,Edu_3_20260604_170622,7656812241000,continue,continue,0.2904478013515472,0.2684592604637146,0.0,0.1992292404174804,0.2418636828660965,True,True,False,True,True
test|Edu_3_20260604_170622|7657145574000,Edu,Edu_3_20260604_170622,7657145574000,continue,continue,0.2750906646251678,0.2782637178897857,0.0,0.204403281211853,0.2422423511743545,True,True,False,True,True
test|Edu_3_20260604_170622|7657478907000,Edu,Edu_3_20260604_170622,7657478907000,continue,continue,0.2582166790962219,0.2911610901355743,0.0,0.2092967331409454,0.2413254827260971,True,True,False,True,True
test|Edu_3_20260604_170622|7657812241000,Edu,Edu_3_20260604_170622,7657812241000,continue,continue,0.2479963600635528,0.3039668202400207,0.0,0.2043693661689758,0.2436674684286117,True,True,False,True,True
test|Edu_3_20260604_170622|7658145574000,Edu,Edu_3_20260604_170622,7658145574000,continue,continue,0.2460388839244842,0.3071546256542206,0.0,0.1941915452480316,0.2526149153709411,True,True,False,True,True
test|Edu_3_20260604_170622|7658478907000,Edu,Edu_3_20260604_170622,7658478907000,continue,continue,0.2577492892742157,0.3056488931179046,0.0,0.1831768900156021,0.2534249126911163,True,True,False,True,True
test|Edu_3_20260604_170622|7658812241000,Edu,Edu_3_20260604_170622,7658812241000,continue,continue,0.2703865170478821,0.3007347285747528,0.0,0.1777360141277313,0.2511427402496338,True,True,False,True,True
test|Edu_3_20260604_170622|7659145574000,Edu,Edu_3_20260604_170622,7659145574000,continue,continue,0.2818396091461181,0.2917148470878601,0.0,0.1755070686340332,0.2509385347366333,True,True,False,True,True
test|Edu_3_20260604_170622|7659478907000,Edu,Edu_3_20260604_170622,7659478907000,continue,continue,0.2850430905818939,0.2810447514057159,0.0,0.179981917142868,0.2539302110671997,True,True,False,True,True
test|Edu_3_20260604_170622|7659812241000,Edu,Edu_3_20260604_170622,7659812241000,continue,continue,0.2844191491603851,0.2683388888835907,0.0,0.1930581927299499,0.2541837990283966,True,True,False,True,True
test|Edu_3_20260604_170622|7660145574000,Edu,Edu_3_20260604_170622,7660145574000,continue,continue,0.2937068343162536,0.259599506855011,0.0,0.2011207044124603,0.2455729693174362,True,True,False,True,True
test|Edu_3_20260604_170622|7660478907000,Edu,Edu_3_20260604_170622,7660478907000,continue,continue,0.3097593188285827,0.2510212361812591,0.0,0.2007785588502884,0.238440915942192,True,True,False,True,True
test|Edu_3_20260604_170622|7660812240000,Edu,Edu_3_20260604_170622,7660812240000,continue,continue,0.3243699669837951,0.2461591511964798,0.0,0.1979564428329467,0.2315144389867782,True,True,False,True,True
test|Edu_3_20260604_170622|7661145574000,Edu,Edu_3_20260604_170622,7661145574000,continue,continue,0.3390467464923858,0.2417973577976226,0.0,0.1928213536739349,0.2263345271348953,True,True,False,True,True
test|Edu_3_20260604_170622|7661478907000,Edu,Edu_3_20260604_170622,7661478907000,continue,fetch,0.3545967042446136,0.2369836717844009,0.0,0.1879724562168121,0.2204471677541732,True,True,False,True,True
test|Edu_3_20260604_170622|7661812240000,Edu,Edu_3_20260604_170622,7661812240000,continue,fetch,0.3652720153331756,0.2323863357305526,0.0,0.1836104840040207,0.218731090426445,True,True,False,True,True
test|Edu_3_20260604_170622|7662145574000,Edu,Edu_3_20260604_170622,7662145574000,continue,fetch,0.3646195828914642,0.2286097109317779,0.0,0.1824024021625518,0.2243683636188507,True,True,False,True,True
test|Edu_3_20260604_170622|7662478907000,Edu,Edu_3_20260604_170622,7662478907000,fetch,fetch,0.3580182194709778,0.2261606901884079,0.0,0.1856413334608078,0.2301797419786453,True,True,False,True,True
test|Edu_3_20260604_170622|7662812240000,Edu,Edu_3_20260604_170622,7662812240000,fetch,fetch,0.3533800840377807,0.222675085067749,0.0,0.1897984743118286,0.2341463714838028,True,True,False,True,True
test|Edu_3_20260604_170622|7663145573000,Edu,Edu_3_20260604_170622,7663145573000,fetch,fetch,0.3471392691135406,0.2193938046693802,0.0,0.197236031293869,0.2362308651208877,True,True,False,True,True
test|Edu_3_20260604_170622|7663478907000,Edu,Edu_3_20260604_170622,7663478907000,fetch,fetch,0.3426065146923065,0.2180639207363128,0.0,0.1990744471549987,0.2402551472187042,True,True,False,True,True
test|Edu_3_20260604_170622|7663812240000,Edu,Edu_3_20260604_170622,7663812240000,fetch,fetch,0.2887623608112335,0.1844327598810196,0.1551607698202133,0.16757632791996,0.2040678262710571,True,True,True,True,True
test|Edu_3_20260604_170622|7664145573000,Edu,Edu_3_20260604_170622,7664145573000,fetch,fetch,0.291111409664154,0.1864839494228363,0.1493879705667495,0.1688472777605056,0.2041694074869156,True,True,True,True,True
test|Edu_3_20260604_170622|7664478907000,Edu,Edu_3_20260604_170622,7664478907000,fetch,fetch,0.2931967377662658,0.187777578830719,0.1462544351816177,0.170198380947113,0.2025728672742843,True,True,True,True,True
test|Edu_3_20260604_170622|7664812240000,Edu,Edu_3_20260604_170622,7664812240000,fetch,fetch,0.292913943529129,0.1876984238624572,0.1458163410425186,0.1713634729385376,0.2022078782320022,True,True,True,True,True
test|Edu_3_20260604_170622|7665145573000,Edu,Edu_3_20260604_170622,7665145573000,fetch,fetch,0.2938980162143707,0.1882524788379669,0.1445409059524536,0.1717131733894348,0.2015954107046127,True,True,True,True,True
test|Edu_3_20260604_170622|7665478907000,Edu,Edu_3_20260604_170622,7665478907000,fetch,fetch,0.2940876185894012,0.1892504841089248,0.1442852914333343,0.1717479676008224,0.2006286233663559,True,True,True,True,True
test|Edu_3_20260604_170622|7665812240000,Edu,Edu_3_20260604_170622,7665812240000,fetch,fetch,0.2915112972259521,0.194941908121109,0.1419997811317443,0.1690305471420288,0.202516421675682,True,True,True,True,True
test|Edu_3_20260604_170622|7667145573000,Edu,Edu_3_20260604_170622,7667145573000,handover,fetch,0.2825907170772552,0.1945155560970306,0.1482349187135696,0.1693522185087204,0.2053066194057464,True,True,True,True,True
test|Edu_3_20260604_170622|7667478906000,Edu,Edu_3_20260604_170622,7667478906000,handover,handover,0.2826977372169494,0.1947410106658935,0.1498360186815261,0.1685649156570434,0.2041602879762649,True,True,True,True,True
test|Edu_3_20260604_170622|7667812240000,Edu,Edu_3_20260604_170622,7667812240000,handover,handover,0.2825182378292084,0.196875974535942,0.151434451341629,0.1698029190301895,0.1993683874607086,True,True,True,True,True
test|Edu_3_20260604_170622|7668145573000,Edu,Edu_3_20260604_170622,7668145573000,handover,handover,0.2819947004318237,0.2030848413705825,0.1521511524915695,0.170347660779953,0.1924217045307159,True,True,True,True,True
test|Edu_3_20260604_170622|7668478906000,Edu,Edu_3_20260604_170622,7668478906000,handover,handover,0.2859317660331726,0.2086041569709777,0.1507852226495742,0.1675881445407867,0.1870907545089721,True,True,True,True,True
test|Edu_3_20260604_170622|7668812240000,Edu,Edu_3_20260604_170622,7668812240000,handover,handover,0.2862783968448639,0.2148802578449249,0.1524437367916107,0.1673789024353027,0.1790187656879425,True,True,True,True,True
test|Edu_3_20260604_170622|7669145573000,Edu,Edu_3_20260604_170622,7669145573000,handover,handover,0.2864294648170471,0.2200397402048111,0.1525193154811859,0.1679360717535019,0.1730753928422927,True,True,True,True,True
test|Edu_3_20260604_170622|7669478906000,Edu,Edu_3_20260604_170622,7669478906000,handover,handover,0.287049800157547,0.2236637324094772,0.1526366174221038,0.1690147370100021,0.1676350533962249,True,True,True,True,True
test|Edu_3_20260604_170622|7669812239000,Edu,Edu_3_20260604_170622,7669812239000,handover,handover,0.2878687977790832,0.2245240062475204,0.153313860297203,0.1692632883787155,0.1650301069021225,True,True,True,True,True
test|Edu_3_20260604_170622|7670145573000,Edu,Edu_3_20260604_170622,7670145573000,handover,handover,0.2862518429756164,0.2229755967855453,0.1521007567644119,0.1697119772434234,0.168959841132164,True,True,True,True,True
test|Edu_3_20260604_170622|7670478906000,Edu,Edu_3_20260604_170622,7670478906000,handover,handover,0.2853841781616211,0.2196812331676483,0.1508188545703888,0.1709336787462234,0.1731820255517959,True,True,True,True,True
test|Edu_4_20260604_170837|7779945574000,Edu,Edu_4_20260604_170837,7779945574000,continue,continue,0.1981791406869888,0.338059663772583,0.0,0.2096541225910186,0.2541070580482483,True,True,False,True,True
test|Edu_4_20260604_170837|7780278907000,Edu,Edu_4_20260604_170837,7780278907000,continue,continue,0.2111029326915741,0.3388486504554748,0.0,0.1947094649076461,0.2553389966487884,True,True,False,True,True
test|Edu_4_20260604_170837|7780612241000,Edu,Edu_4_20260604_170837,7780612241000,continue,continue,0.222683385014534,0.3470862209796905,0.0,0.1838161498308181,0.2464142441749572,True,True,False,True,True
test|Edu_4_20260604_170837|7780945574000,Edu,Edu_4_20260604_170837,7780945574000,continue,continue,0.2319140583276748,0.3436245620250702,0.0,0.1847710609436035,0.2396903038024902,True,True,False,True,True
test|Edu_4_20260604_170837|7781278907000,Edu,Edu_4_20260604_170837,7781278907000,continue,continue,0.245300143957138,0.3290029764175415,0.0,0.1858487576246261,0.2398481667041778,True,True,False,True,True
test|Edu_4_20260604_170837|7781612240000,Edu,Edu_4_20260604_170837,7781612240000,continue,continue,0.2689663767814636,0.3103299736976623,0.0,0.1840499341487884,0.2366537004709243,True,True,False,True,True
test|Edu_4_20260604_170837|7781945574000,Edu,Edu_4_20260604_170837,7781945574000,continue,continue,0.295360118150711,0.2865462601184845,0.0,0.1856129318475723,0.2324806898832321,True,True,False,True,True
test|Edu_4_20260604_170837|7782278907000,Edu,Edu_4_20260604_170837,7782278907000,continue,continue,0.3159883916378021,0.2642417252063751,0.0,0.1940712630748748,0.2256986051797866,True,True,False,True,True
test|Edu_4_20260604_170837|7782612240000,Edu,Edu_4_20260604_170837,7782612240000,continue,continue,0.3266574740409851,0.2495160102844238,0.0,0.1946605890989303,0.2291659414768219,True,True,False,True,True
test|Edu_4_20260604_170837|7782945574000,Edu,Edu_4_20260604_170837,7782945574000,continue,continue,0.3332130312919616,0.2434711754322052,0.0,0.1898241341114044,0.2334916591644287,True,True,False,True,True
test|Edu_4_20260604_170837|7783278907000,Edu,Edu_4_20260604_170837,7783278907000,continue,continue,0.3415323197841644,0.2397776395082473,0.0,0.1865970939397812,0.2320929765701294,True,True,False,True,True
test|Edu_4_20260604_170837|7783612240000,Edu,Edu_4_20260604_170837,7783612240000,continue,continue,0.3453157544136047,0.2377846390008926,0.0,0.1865885555744171,0.2303110361099243,True,True,False,True,True
test|Edu_4_20260604_170837|7783945574000,Edu,Edu_4_20260604_170837,7783945574000,continue,handover,0.3435957431793213,0.2372536361217498,0.0,0.1913312822580337,0.2278193086385727,True,True,False,True,True
test|Edu_4_20260604_170837|7784278907000,Edu,Edu_4_20260604_170837,7784278907000,continue,continue,0.340888649225235,0.2349143475294113,0.0,0.1916125863790512,0.2325843572616577,True,True,False,True,True
test|Edu_4_20260604_170837|7784612240000,Edu,Edu_4_20260604_170837,7784612240000,continue,continue,0.3382540345191955,0.2344608008861541,0.0,0.192174419760704,0.235110729932785,True,True,False,True,True
test|Edu_4_20260604_170837|7784945573000,Edu,Edu_4_20260604_170837,7784945573000,continue,continue,0.3349162638187408,0.2368562668561935,0.0,0.192366674542427,0.2358607202768325,True,True,False,True,True
test|Edu_4_20260604_170837|7785278907000,Edu,Edu_4_20260604_170837,7785278907000,continue,continue,0.3327760398387909,0.2383379936218261,0.0,0.1935731023550033,0.2353129237890243,True,True,False,True,True
test|Edu_4_20260604_170837|7785612240000,Edu,Edu_4_20260604_170837,7785612240000,continue,continue,0.3310549259185791,0.2342966645956039,0.0,0.193025529384613,0.2416228801012039,True,True,False,True,True
test|Edu_4_20260604_170837|7785945573000,Edu,Edu_4_20260604_170837,7785945573000,continue,continue,0.3312903046607971,0.232492983341217,0.0,0.1890310049057006,0.2471857219934463,True,True,False,True,True
test|Edu_4_20260604_170837|7786278907000,Edu,Edu_4_20260604_170837,7786278907000,continue,continue,0.3323730528354645,0.2371198087930679,0.0,0.1867672950029373,0.2437398731708526,True,True,False,True,True
test|Edu_4_20260604_170837|7786612240000,Edu,Edu_4_20260604_170837,7786612240000,continue,continue,0.3338644802570343,0.2395090907812118,0.0,0.1867401897907257,0.2398862689733505,True,True,False,True,True
test|Edu_4_20260604_170837|7786945573000,Edu,Edu_4_20260604_170837,7786945573000,continue,continue,0.3366135060787201,0.2376755774021148,0.0,0.1902804374694824,0.2354304641485214,True,True,False,True,True
test|Edu_4_20260604_170837|7787278907000,Edu,Edu_4_20260604_170837,7787278907000,continue,continue,0.3319360017776489,0.2360229790210724,0.0,0.1982083767652511,0.2338325828313827,True,True,False,True,True
test|Edu_4_20260604_170837|7787612240000,Edu,Edu_4_20260604_170837,7787612240000,continue,continue,0.327083557844162,0.2388066798448562,0.0,0.2036632001399994,0.2304465174674987,True,True,False,True,True
test|Edu_4_20260604_170837|7787945573000,Edu,Edu_4_20260604_170837,7787945573000,continue,continue,0.3252740502357483,0.2382104396820068,0.0,0.205745592713356,0.2307698875665664,True,True,False,True,True
test|Edu_4_20260604_170837|7788278906000,Edu,Edu_4_20260604_170837,7788278906000,continue,continue,0.3262848258018493,0.2333368957042694,0.0,0.2052069753408432,0.2351712584495544,True,True,False,True,True
test|Edu_4_20260604_170837|7788612240000,Edu,Edu_4_20260604_170837,7788612240000,continue,continue,0.3262676000595093,0.2288189381361007,0.0,0.2086865454912185,0.2362269461154937,True,True,False,True,True
test|Edu_4_20260604_170837|7788945573000,Edu,Edu_4_20260604_170837,7788945573000,continue,continue,0.322860836982727,0.2271594554185867,0.0,0.2073258012533188,0.2426538467407226,True,True,False,True,True
test|Edu_4_20260604_170837|7789278906000,Edu,Edu_4_20260604_170837,7789278906000,continue,continue,0.3228903114795685,0.2288809865713119,0.0,0.1990325152873993,0.2491961568593979,True,True,False,True,True
test|Edu_4_20260604_170837|7789612240000,Edu,Edu_4_20260604_170837,7789612240000,continue,continue,0.3291667699813843,0.2287471741437912,0.0,0.1893780380487442,0.2527079880237579,True,True,False,True,True
test|Edu_4_20260604_170837|7789945573000,Edu,Edu_4_20260604_170837,7789945573000,continue,continue,0.3252971768379211,0.2391348034143448,0.0,0.1830140352249145,0.2525539994239807,True,True,False,True,True
test|Edu_4_20260604_170837|7790278906000,Edu,Edu_4_20260604_170837,7790278906000,continue,continue,0.3079844415187835,0.2591024041175842,0.0,0.1797146648168563,0.2531984448432922,True,True,False,True,True
test|Edu_4_20260604_170837|7790612240000,Edu,Edu_4_20260604_170837,7790612240000,continue,continue,0.2963813841342926,0.2850455641746521,0.0,0.1717767268419265,0.2467962652444839,True,True,False,True,True
test|Edu_4_20260604_170837|7790945573000,Edu,Edu_4_20260604_170837,7790945573000,continue,continue,0.2877601385116577,0.3027952909469604,0.0,0.169419378042221,0.2400252521038055,True,True,False,True,True
test|Edu_4_20260604_170837|7791278906000,Edu,Edu_4_20260604_170837,7791278906000,continue,continue,0.2894258797168731,0.3075052201747894,0.0,0.1698717176914215,0.2331971973180771,True,True,False,True,True
test|Edu_4_20260604_170837|7791612239000,Edu,Edu_4_20260604_170837,7791612239000,continue,continue,0.2875613570213318,0.3134821355342865,0.0,0.1762112081050872,0.2227452844381332,True,True,False,True,True
test|Edu_4_20260604_170837|7791945573000,Edu,Edu_4_20260604_170837,7791945573000,continue,continue,0.2867335975170135,0.3107845783233642,0.0,0.1812262386083603,0.2212556153535843,True,True,False,True,True
test|Edu_4_20260604_170837|7792278906000,Edu,Edu_4_20260604_170837,7792278906000,continue,continue,0.2942571640014648,0.3015438914299011,0.0,0.1831384003162384,0.221060574054718,True,True,False,True,True
test|Edu_4_20260604_170837|7792612239000,Edu,Edu_4_20260604_170837,7792612239000,continue,continue,0.2996414303779602,0.2866132259368896,0.0,0.1859681457281112,0.2277772426605224,True,True,False,True,True
test|Edu_4_20260604_170837|7792945573000,Edu,Edu_4_20260604_170837,7792945573000,continue,continue,0.3061148822307586,0.2744612991809845,0.0,0.1857600510120391,0.233663722872734,True,True,False,True,True
test|Edu_4_20260604_170837|7793278906000,Edu,Edu_4_20260604_170837,7793278906000,continue,continue,0.3083117008209228,0.2697997689247131,0.0,0.1858488321304321,0.2360397279262542,True,True,False,True,True
test|Edu_4_20260604_170837|7793612239000,Edu,Edu_4_20260604_170837,7793612239000,continue,continue,0.3094533085823059,0.2677781283855438,0.0,0.183444395661354,0.2393241971731186,True,True,False,True,True
test|Edu_4_20260604_170837|7793945573000,Edu,Edu_4_20260604_170837,7793945573000,continue,continue,0.3162894248962402,0.2657350599765777,0.0,0.1809655576944351,0.2370099425315857,True,True,False,True,True
test|Edu_4_20260604_170837|7794278906000,Edu,Edu_4_20260604_170837,7794278906000,continue,continue,0.3227725327014923,0.261505514383316,0.0,0.1794118583202362,0.2363100200891494,True,True,False,True,True
test|Edu_4_20260604_170837|7794612239000,Edu,Edu_4_20260604_170837,7794612239000,continue,continue,0.3261755108833313,0.259942352771759,0.0,0.1793982535600662,0.2344838976860046,True,True,False,True,True
test|Edu_4_20260604_170837|7794945572000,Edu,Edu_4_20260604_170837,7794945572000,continue,continue,0.3248140811920166,0.2631177604198456,0.0,0.180543839931488,0.2315243184566497,True,True,False,True,True
test|Edu_4_20260604_170837|7795278906000,Edu,Edu_4_20260604_170837,7795278906000,continue,continue,0.3242267370223999,0.2644340693950653,0.0,0.1828158348798751,0.2285233736038208,True,True,False,True,True
test|Edu_4_20260604_170837|7795612239000,Edu,Edu_4_20260604_170837,7795612239000,continue,continue,0.3225311636924743,0.2658778131008148,0.0,0.1848317831754684,0.2267592400312423,True,True,False,True,True
test|Edu_4_20260604_170837|7795945572000,Edu,Edu_4_20260604_170837,7795945572000,continue,continue,0.3188943564891815,0.2685142159461975,0.0,0.185802087187767,0.2267893105745315,True,True,False,True,True
test|Edu_4_20260604_170837|7796278906000,Edu,Edu_4_20260604_170837,7796278906000,continue,continue,0.3177123367786407,0.2699481248855591,0.0,0.1855166554450988,0.2268229722976684,True,True,False,True,True
test|Edu_4_20260604_170837|7796612239000,Edu,Edu_4_20260604_170837,7796612239000,continue,continue,0.3103201687335968,0.2702171504497528,0.0,0.1864862143993377,0.2329764813184738,True,True,False,True,True
test|Edu_4_20260604_170837|7796945572000,Edu,Edu_4_20260604_170837,7796945572000,continue,continue,0.3062211871147156,0.2707255780696869,0.0,0.1884993463754654,0.2345538139343261,True,True,False,True,True
test|Edu_4_20260604_170837|7797278906000,Edu,Edu_4_20260604_170837,7797278906000,continue,continue,0.3067642450332641,0.2706080079078674,0.0,0.1874060928821563,0.235221654176712,True,True,False,True,True
test|Edu_4_20260604_170837|7797612239000,Edu,Edu_4_20260604_170837,7797612239000,continue,continue,0.3103556334972381,0.269501268863678,0.0,0.1836621910333633,0.2364809215068817,True,True,False,True,True
test|Edu_4_20260604_170837|7797945572000,Edu,Edu_4_20260604_170837,7797945572000,continue,continue,0.3171870410442352,0.2680504024028778,0.0,0.183236762881279,0.2315257936716079,True,True,False,True,True
test|Edu_4_20260604_170837|7798278905000,Edu,Edu_4_20260604_170837,7798278905000,continue,continue,0.3224358856678009,0.2657724916934967,0.0,0.1843602657318115,0.2274313122034073,True,True,False,True,True
test|Edu_4_20260604_170837|7798612239000,Edu,Edu_4_20260604_170837,7798612239000,continue,continue,0.3269440829753876,0.2639819979667663,0.0,0.1848425567150116,0.2242314219474792,True,True,False,True,True
test|Edu_4_20260604_170837|7798945572000,Edu,Edu_4_20260604_170837,7798945572000,continue,continue,0.3353533148765564,0.2602920234203338,0.0,0.1824067384004593,0.221947893500328,True,True,False,True,True
test|Edu_4_20260604_170837|7799278905000,Edu,Edu_4_20260604_170837,7799278905000,continue,continue,0.336965799331665,0.262663185596466,0.0,0.1795261055231094,0.2208448648452758,True,True,False,True,True
test|Edu_4_20260604_170837|7799612239000,Edu,Edu_4_20260604_170837,7799612239000,continue,continue,0.3333825767040252,0.268751323223114,0.0,0.1789716035127639,0.2188945114612579,True,True,False,True,True
test|Edu_4_20260604_170837|7799945572000,Edu,Edu_4_20260604_170837,7799945572000,continue,continue,0.327335923910141,0.272573858499527,0.0,0.1787532120943069,0.2213370501995086,True,True,False,True,True
test|Edu_4_20260604_170837|7800278905000,Edu,Edu_4_20260604_170837,7800278905000,continue,continue,0.3199482858181,0.2804507911205292,0.0,0.1758844405412674,0.2237165421247482,True,True,False,True,True
test|Edu_4_20260604_170837|7800612239000,Edu,Edu_4_20260604_170837,7800612239000,continue,continue,0.316383421421051,0.2863030135631561,0.0,0.1726091355085373,0.2247045189142227,True,True,False,True,True
test|Edu_4_20260604_170837|7800945572000,Edu,Edu_4_20260604_170837,7800945572000,continue,continue,0.3097725212574005,0.2954646944999695,0.0,0.1712513864040374,0.2235113680362701,True,True,False,True,True
test|Edu_4_20260604_170837|7801278905000,Edu,Edu_4_20260604_170837,7801278905000,continue,continue,0.3108659386634826,0.2925462424755096,0.0,0.171687439084053,0.224900409579277,True,True,False,True,True
test|Edu_4_20260604_170837|7801612238000,Edu,Edu_4_20260604_170837,7801612238000,continue,continue,0.3176424503326416,0.2782997786998749,0.0,0.1768730729818344,0.2271847128868103,True,True,False,True,True
test|Edu_4_20260604_170837|7801945572000,Edu,Edu_4_20260604_170837,7801945572000,continue,continue,0.3244307339191437,0.2674166858196258,0.0,0.1830821186304092,0.2250704616308212,True,True,False,True,True
test|Edu_4_20260604_170837|7802278905000,Edu,Edu_4_20260604_170837,7802278905000,fetch,fetch,0.3331739902496338,0.2530727684497833,0.0,0.1894904822111129,0.2242627441883087,True,True,False,True,True
test|Edu_4_20260604_170837|7802612238000,Edu,Edu_4_20260604_170837,7802612238000,fetch,fetch,0.3401180803775787,0.2399756163358688,0.0,0.1968423426151275,0.2230639010667801,True,True,False,True,True
test|Edu_4_20260604_170837|7802945572000,Edu,Edu_4_20260604_170837,7802945572000,fetch,fetch,0.348708838224411,0.2262835949659347,0.0,0.2019703090190887,0.2230372428894043,True,True,False,True,True
test|Edu_4_20260604_170837|7803278905000,Edu,Edu_4_20260604_170837,7803278905000,fetch,fetch,0.3506056368350982,0.220910832285881,0.0,0.2063478678464889,0.2221356183290481,True,True,False,True,True
test|Edu_4_20260604_170837|7803612238000,Edu,Edu_4_20260604_170837,7803612238000,fetch,fetch,0.3516237437725067,0.2225553691387176,0.0,0.2063292562961578,0.2194916158914566,True,True,False,True,True
test|Edu_4_20260604_170837|7803945572000,Edu,Edu_4_20260604_170837,7803945572000,fetch,fetch,0.3517709374427795,0.2215061634778976,0.0,0.2051815837621688,0.2215413004159927,True,True,False,True,True
test|Edu_4_20260604_170837|7804278905000,Edu,Edu_4_20260604_170837,7804278905000,fetch,fetch,0.3511022329330444,0.219757542014122,0.0,0.2022063881158828,0.2269338369369506,True,True,False,True,True
test|Edu_4_20260604_170837|7804612238000,Edu,Edu_4_20260604_170837,7804612238000,fetch,fetch,0.3497760593891144,0.2173904180526733,0.0,0.1987600177526474,0.2340734750032425,True,True,False,True,True
test|Edu_4_20260604_170837|7804945571000,Edu,Edu_4_20260604_170837,7804945571000,fetch,fetch,0.3469213545322418,0.215846911072731,0.0,0.1970585435628891,0.2401731610298156,True,True,False,True,True
test|Edu_4_20260604_170837|7805278905000,Edu,Edu_4_20260604_170837,7805278905000,fetch,fetch,0.3447611331939697,0.2129525542259216,0.0,0.194944143295288,0.2473421841859817,True,True,False,True,True
test|Edu_4_20260604_170837|7805612238000,Edu,Edu_4_20260604_170837,7805612238000,fetch,fetch,0.3446948826313019,0.2120062857866287,0.0,0.1927995532751083,0.2504992187023163,True,True,False,True,True
test|Edu_4_20260604_170837|7805945571000,Edu,Edu_4_20260604_170837,7805945571000,fetch,fetch,0.3442379236221313,0.2121553421020507,0.0,0.1895660609006881,0.2540406584739685,True,True,False,True,True
test|Edu_4_20260604_170837|7806278905000,Edu,Edu_4_20260604_170837,7806278905000,fetch,fetch,0.343508780002594,0.214613139629364,0.0,0.1880925744771957,0.2537855803966522,True,True,False,True,True
test|Edu_4_20260604_170837|7806612238000,Edu,Edu_4_20260604_170837,7806612238000,fetch,fetch,0.3441260457038879,0.2201605439186096,0.0,0.1872407644987106,0.2484726160764694,True,True,False,True,True
test|Edu_4_20260604_170837|7807612238000,Edu,Edu_4_20260604_170837,7807612238000,handover,fetch,0.3476500809192657,0.2332884967327118,0.0,0.1905029118061065,0.2285585105419159,True,True,False,True,True
test|Edu_4_20260604_170837|7807945571000,Edu,Edu_4_20260604_170837,7807945571000,handover,handover,0.3484247326850891,0.2367390096187591,0.0,0.1909284889698028,0.2239077538251876,True,True,False,True,True
test|Edu_4_20260604_170837|7808278904000,Edu,Edu_4_20260604_170837,7808278904000,handover,handover,0.3447612822055816,0.2413122206926345,0.0,0.1914623826742172,0.2224640995264053,True,True,False,True,True
test|Edu_4_20260604_170837|7808612238000,Edu,Edu_4_20260604_170837,7808612238000,handover,handover,0.343053936958313,0.2460631430149078,0.0,0.1922050863504409,0.218677818775177,True,True,False,True,True
test|Edu_4_20260604_170837|7808945571000,Edu,Edu_4_20260604_170837,7808945571000,handover,handover,0.341093361377716,0.2502853274345398,0.0,0.1905800253152847,0.218041256070137,True,True,False,True,True
test|Edu_4_20260604_170837|7809278904000,Edu,Edu_4_20260604_170837,7809278904000,handover,handover,0.3377547562122345,0.2538925409317016,0.0,0.189762458205223,0.2185902744531631,True,True,False,True,True
test|Edu_4_20260604_170837|7809612238000,Edu,Edu_4_20260604_170837,7809612238000,handover,handover,0.3350531458854675,0.2567761838436126,0.0,0.1886354386806488,0.2195352166891098,True,True,False,True,True
test|Edu_4_20260604_170837|7809945571000,Edu,Edu_4_20260604_170837,7809945571000,handover,handover,0.3337931632995605,0.2585061192512512,0.0,0.1886850148439407,0.219015747308731,True,True,False,True,True
test|Edu_4_20260604_170837|7810278904000,Edu,Edu_4_20260604_170837,7810278904000,handover,handover,0.2847431302070617,0.2211964130401611,0.1500160992145538,0.1602216362953186,0.1838226914405822,True,True,True,True,True
test|Edu_4_20260604_170837|7810612238000,Edu,Edu_4_20260604_170837,7810612238000,handover,handover,0.2836162149906158,0.2223175764083862,0.1492800861597061,0.1602712273597717,0.184514969587326,True,True,True,True,True
test|Edu_4_20260604_170837|7810945571000,Edu,Edu_4_20260604_170837,7810945571000,handover,handover,0.2805558145046234,0.2218414545059204,0.150288313627243,0.162634938955307,0.1846794486045837,True,True,True,True,True
test|Edu_4_20260604_170837|7811278904000,Edu,Edu_4_20260604_170837,7811278904000,handover,handover,0.2783299088478088,0.2194876074790954,0.1499236822128296,0.1648480296134948,0.18741075694561,True,True,True,True,True
test|Edu_4_20260604_170837|7811612237000,Edu,Edu_4_20260604_170837,7811612237000,handover,handover,0.2786225974559784,0.2164731621742248,0.1500924378633499,0.1669711172580719,0.1878406405448913,True,True,True,True,True
test|Edu_5_20260604_170944|7846612240000,Edu,Edu_5_20260604_170944,7846612240000,continue,continue,0.3090732097625732,0.2045229077339172,0.1156648099422454,0.174642726778984,0.1960963457822799,True,True,True,True,True
test|Edu_5_20260604_170944|7846945573000,Edu,Edu_5_20260604_170944,7846945573000,continue,continue,0.3064846098423004,0.214852824807167,0.1166542768478393,0.1735096871852874,0.1884986460208892,True,True,True,True,True
test|Edu_5_20260604_170944|7847278906000,Edu,Edu_5_20260604_170944,7847278906000,continue,continue,0.3056845068931579,0.221632108092308,0.1178378090262413,0.170641541481018,0.184204027056694,True,True,True,True,True
test|Edu_5_20260604_170944|7847612239000,Edu,Edu_5_20260604_170944,7847612239000,continue,continue,0.307023674249649,0.2260479778051376,0.1188466548919677,0.1677471846342086,0.1803344786167144,True,True,True,True,True
test|Edu_5_20260604_170944|7847945573000,Edu,Edu_5_20260604_170944,7847945573000,continue,continue,0.3014586865901947,0.2324465662240982,0.1197974532842636,0.1674464046955108,0.1788508594036102,True,True,True,True,True
test|Edu_5_20260604_170944|7848278906000,Edu,Edu_5_20260604_170944,7848278906000,continue,continue,0.2964254915714264,0.2379868030548095,0.1213505640625953,0.1708070188760757,0.1734301149845123,True,True,True,True,True
test|Edu_5_20260604_170944|7848612239000,Edu,Edu_5_20260604_170944,7848612239000,continue,continue,0.2943331897258758,0.2399907112121582,0.1210161373019218,0.1722756326198578,0.1723842620849609,True,True,True,True,True
test|Edu_5_20260604_170944|7848945573000,Edu,Edu_5_20260604_170944,7848945573000,continue,continue,0.2961653172969818,0.2422326654195785,0.1194150075316429,0.1719518899917602,0.1702350825071334,True,True,True,True,True
test|Edu_5_20260604_170944|7849278906000,Edu,Edu_5_20260604_170944,7849278906000,continue,continue,0.29804527759552,0.2411855459213256,0.1186774671077728,0.1713950037956237,0.1706967502832412,True,True,True,True,True
test|Edu_5_20260604_170944|7849612239000,Edu,Edu_5_20260604_170944,7849612239000,continue,continue,0.2942726016044616,0.2399115115404129,0.1174872666597366,0.1710542887449264,0.1772744059562683,True,True,True,True,True
test|Edu_5_20260604_170944|7849945572000,Edu,Edu_5_20260604_170944,7849945572000,continue,continue,0.289865493774414,0.2384526431560516,0.115696370601654,0.1736594289541244,0.182326078414917,True,True,True,True,True
test|Edu_5_20260604_170944|7850278906000,Edu,Edu_5_20260604_170944,7850278906000,continue,continue,0.2851946353912353,0.2381581515073776,0.1132724732160568,0.1753618419170379,0.1880128979682922,True,True,True,True,True
test|Edu_5_20260604_170944|7850612239000,Edu,Edu_5_20260604_170944,7850612239000,continue,continue,0.2730212211608886,0.2415339797735214,0.1110869422554969,0.1764368861913681,0.1979209929704666,True,True,True,True,True
test|Edu_5_20260604_170944|7850945572000,Edu,Edu_5_20260604_170944,7850945572000,continue,continue,0.2633882164955139,0.2486385256052017,0.109903760254383,0.1740227341651916,0.2040467858314514,True,True,True,True,True
test|Edu_5_20260604_170944|7851278906000,Edu,Edu_5_20260604_170944,7851278906000,continue,continue,0.2578306198120117,0.257059633731842,0.1082349494099617,0.1727907955646515,0.2040840238332748,True,True,True,True,True
test|Edu_5_20260604_170944|7851612239000,Edu,Edu_5_20260604_170944,7851612239000,continue,continue,0.254860520362854,0.2663049697875976,0.1101211830973625,0.1683074086904525,0.2004059255123138,True,True,True,True,True
test|Edu_5_20260604_170944|7851945572000,Edu,Edu_5_20260604_170944,7851945572000,continue,continue,0.2567217051982879,0.2714917063713074,0.1121363565325737,0.1609529852867126,0.1986972242593765,True,True,True,True,True
test|Edu_5_20260604_170944|7852278906000,Edu,Edu_5_20260604_170944,7852278906000,continue,continue,0.2594321370124817,0.2761013805866241,0.1122667640447616,0.1566725820302963,0.1955271661281585,True,True,True,True,True
test|Edu_5_20260604_170944|7852612239000,Edu,Edu_5_20260604_170944,7852612239000,continue,continue,0.2629954516887665,0.2780202329158783,0.112305924296379,0.1553019434213638,0.1913764029741287,True,True,True,True,True
test|Edu_5_20260604_170944|7852945572000,Edu,Edu_5_20260604_170944,7852945572000,continue,continue,0.2667999565601349,0.2752530574798584,0.1111864075064659,0.1556478887796402,0.1911126971244812,True,True,True,True,True
test|Edu_5_20260604_170944|7853278905000,Edu,Edu_5_20260604_170944,7853278905000,continue,continue,0.2725885808467865,0.2667757570743561,0.1117121502757072,0.1523609161376953,0.1965626180171966,True,True,True,True,True
test|Edu_5_20260604_170944|7853612239000,Edu,Edu_5_20260604_170944,7853612239000,continue,continue,0.2767442762851715,0.2565499246120453,0.1102609932422638,0.1529081165790558,0.2035367041826248,True,True,True,True,True
test|Edu_5_20260604_170944|7853945572000,Edu,Edu_5_20260604_170944,7853945572000,continue,continue,0.280940979719162,0.2490890473127365,0.1097212508320808,0.1530681848526001,0.2071805894374847,True,True,True,True,True
test|Edu_5_20260604_170944|7854278905000,Edu,Edu_5_20260604_170944,7854278905000,continue,continue,0.2822692990303039,0.2432204931974411,0.1112146750092506,0.1540534943342209,0.2092420309782028,True,True,True,True,True
test|Edu_5_20260604_170944|7854612239000,Edu,Edu_5_20260604_170944,7854612239000,continue,continue,0.275509774684906,0.2450751960277557,0.1132431998848915,0.1612169742584228,0.2049548178911209,True,True,True,True,True
test|Edu_5_20260604_170944|7854945572000,Edu,Edu_5_20260604_170944,7854945572000,continue,continue,0.2762204706668854,0.2423214167356491,0.1174443215131759,0.164313867688179,0.1996999233961105,True,True,True,True,True
test|Edu_5_20260604_170944|7855278905000,Edu,Edu_5_20260604_170944,7855278905000,continue,continue,0.2731474041938782,0.2399308085441589,0.11721833050251,0.1663229465484619,0.2033804804086685,True,True,True,True,True
test|Edu_5_20260604_170944|7855612239000,Edu,Edu_5_20260604_170944,7855612239000,continue,continue,0.272241473197937,0.2420494854450225,0.118713654577732,0.162111297249794,0.2048841118812561,True,True,True,True,True
test|Edu_5_20260604_170944|7855945572000,Edu,Edu_5_20260604_170944,7855945572000,continue,continue,0.2716662287712097,0.2427991926670074,0.1193743869662284,0.1611281931400299,0.2050319612026214,True,True,True,True,True
test|Edu_5_20260604_170944|7856278905000,Edu,Edu_5_20260604_170944,7856278905000,continue,continue,0.2684410512447357,0.2456458359956741,0.1182711198925972,0.1628360003232956,0.2048059999942779,True,True,True,True,True
test|Edu_5_20260604_170944|7856612238000,Edu,Edu_5_20260604_170944,7856612238000,continue,continue,0.2798123359680176,0.2391729205846786,0.1180664151906967,0.1580929160118103,0.2048554867506027,True,True,True,True,True
test|Edu_5_20260604_170944|7856945572000,Edu,Edu_5_20260604_170944,7856945572000,continue,continue,0.2804561853408813,0.2361776977777481,0.1189085766673088,0.1611203551292419,0.2033372223377227,True,True,True,True,True
test|Edu_5_20260604_170944|7857278905000,Edu,Edu_5_20260604_170944,7857278905000,continue,continue,0.2803473770618438,0.2366674989461898,0.1195661053061485,0.1654429733753204,0.1979760527610778,True,True,True,True,True
test|Edu_5_20260604_170944|7857612238000,Edu,Edu_5_20260604_170944,7857612238000,continue,continue,0.2745032906532287,0.2437198609113693,0.1162833794951438,0.1705200225114822,0.194973424077034,True,True,True,True,True
test|Edu_5_20260604_170944|7857945572000,Edu,Edu_5_20260604_170944,7857945572000,continue,continue,0.2672358751296997,0.2522823512554168,0.112865000963211,0.1690375357866287,0.1985792368650436,True,True,True,True,True
test|Edu_5_20260604_170944|7858278905000,Edu,Edu_5_20260604_170944,7858278905000,continue,continue,0.261254072189331,0.2625304460525512,0.1108990237116813,0.1646143496036529,0.2007021009922027,True,True,True,True,True
test|Edu_5_20260604_170944|7858612238000,Edu,Edu_5_20260604_170944,7858612238000,continue,continue,0.2490014731884002,0.2764013409614563,0.1089477017521858,0.1625237315893173,0.2031257450580597,True,True,True,True,True
test|Edu_5_20260604_170944|7858945572000,Edu,Edu_5_20260604_170944,7858945572000,continue,continue,0.2459686994552612,0.2857926189899444,0.1053734347224235,0.1615318357944488,0.201333463191986,True,True,True,True,True
test|Edu_5_20260604_170944|7859278905000,Edu,Edu_5_20260604_170944,7859278905000,continue,continue,0.2377409934997558,0.2940556108951568,0.1049753054976463,0.1630557030439376,0.2001723647117614,True,True,True,True,True
test|Edu_5_20260604_170944|7859612238000,Edu,Edu_5_20260604_170944,7859612238000,continue,continue,0.2306318581104278,0.2917507290840149,0.1066598370671272,0.1650720387697219,0.2058855295181274,True,True,True,True,True
test|Edu_5_20260604_170944|7859945571000,Edu,Edu_5_20260604_170944,7859945571000,continue,continue,0.2308347225189209,0.2833102941513061,0.1093098223209381,0.1662882268428802,0.2102569043636322,True,True,True,True,True
test|Edu_5_20260604_170944|7860278905000,Edu,Edu_5_20260604_170944,7860278905000,continue,continue,0.2446226775646209,0.264847993850708,0.111317791044712,0.1646285206079483,0.2145830541849136,True,True,True,True,True
test|Edu_5_20260604_170944|7860612238000,Edu,Edu_5_20260604_170944,7860612238000,continue,continue,0.2602389454841614,0.2482435554265976,0.1134626120328903,0.1630307585000991,0.2150240838527679,True,True,True,True,True
test|Edu_5_20260604_170944|7860945571000,Edu,Edu_5_20260604_170944,7860945571000,continue,continue,0.2650669813156128,0.240344613790512,0.116797924041748,0.1620138436555862,0.215776652097702,True,True,True,True,True
test|Edu_5_20260604_170944|7861278905000,Edu,Edu_5_20260604_170944,7861278905000,continue,continue,0.2730740308761596,0.2336376011371612,0.119892731308937,0.1626214832067489,0.2107740938663482,True,True,True,True,True
test|Edu_5_20260604_170944|7861612238000,Edu,Edu_5_20260604_170944,7861612238000,continue,continue,0.280457854270935,0.2260310500860214,0.120603434741497,0.1695358455181121,0.2033718079328537,True,True,True,True,True
test|Edu_5_20260604_170944|7861945571000,Edu,Edu_5_20260604_170944,7861945571000,continue,continue,0.2753520607948303,0.2210341691970825,0.119026780128479,0.1805854588747024,0.2040015161037445,True,True,True,True,True
test|Edu_5_20260604_170944|7862278905000,Edu,Edu_5_20260604_170944,7862278905000,continue,continue,0.267312616109848,0.2166399955749511,0.1197345107793808,0.1923392564058303,0.2039736062288284,True,True,True,True,True
test|Edu_5_20260604_170944|7862612238000,Edu,Edu_5_20260604_170944,7862612238000,continue,continue,0.267801433801651,0.2122087627649307,0.1227827966213226,0.1901412159204483,0.2070657163858413,True,True,True,True,True
test|Edu_5_20260604_170944|7862945571000,Edu,Edu_5_20260604_170944,7862945571000,continue,continue,0.2714556157588959,0.2140128463506698,0.1209069266915321,0.1824230104684829,0.2112015783786773,True,True,True,True,True
test|Edu_5_20260604_170944|7863278904000,Edu,Edu_5_20260604_170944,7863278904000,continue,continue,0.272030234336853,0.2200520038604736,0.1203408241271972,0.1772983819246292,0.2102786004543304,True,True,True,True,True
test|Edu_5_20260604_170944|7863612238000,Edu,Edu_5_20260604_170944,7863612238000,continue,continue,0.2747423946857452,0.2268004119396209,0.1193765848875045,0.1717656254768371,0.207314908504486,True,True,True,True,True
test|Edu_5_20260604_170944|7863945571000,Edu,Edu_5_20260604_170944,7863945571000,continue,continue,0.2858074605464935,0.2328304946422577,0.1203664690256118,0.1624307930469513,0.1985648423433303,True,True,True,True,True
test|Edu_5_20260604_170944|7864278904000,Edu,Edu_5_20260604_170944,7864278904000,continue,continue,0.2893756926059723,0.2443596720695495,0.1198915019631385,0.1550593674182891,0.1913137882947921,True,True,True,True,True
test|Edu_5_20260604_170944|7864612238000,Edu,Edu_5_20260604_170944,7864612238000,continue,continue,0.2800817191600799,0.2548615932464599,0.117176167666912,0.1572046428918838,0.1906758546829223,True,True,True,True,True
test|Edu_5_20260604_170944|7864945571000,Edu,Edu_5_20260604_170944,7864945571000,continue,continue,0.2679348289966583,0.2609280943870544,0.1188986301422119,0.1619373261928558,0.1903011500835418,True,True,True,True,True
test|Edu_5_20260604_170944|7865278904000,Edu,Edu_5_20260604_170944,7865278904000,continue,continue,0.262690007686615,0.2606558799743652,0.1189752668142318,0.1674543619155883,0.1902244687080383,True,True,True,True,True
test|Edu_5_20260604_170944|7865612238000,Edu,Edu_5_20260604_170944,7865612238000,continue,continue,0.2691653668880462,0.2518440186977386,0.1169058308005333,0.1683969348669052,0.1936878412961959,True,True,True,True,True
test|Edu_5_20260604_170944|7865945571000,Edu,Edu_5_20260604_170944,7865945571000,continue,continue,0.275909274816513,0.2392548173666,0.114245057106018,0.1704668700695037,0.200123980641365,True,True,True,True,True
test|Edu_5_20260604_170944|7866278904000,Edu,Edu_5_20260604_170944,7866278904000,continue,continue,0.2808080911636352,0.2251483649015426,0.1135445907711982,0.1702036261558532,0.2102952897548675,True,True,True,True,True
test|Edu_5_20260604_170944|7866612237000,Edu,Edu_5_20260604_170944,7866612237000,continue,continue,0.2917646765708923,0.2118241637945175,0.1147161498665809,0.1707447618246078,0.2109502255916595,True,True,True,True,True
test|Edu_5_20260604_170944|7866945571000,Edu,Edu_5_20260604_170944,7866945571000,continue,continue,0.3042505979537964,0.2013998031616211,0.1164273843169212,0.1648692786693573,0.2130529731512069,True,True,True,True,True
test|Edu_5_20260604_170944|7867278904000,Edu,Edu_5_20260604_170944,7867278904000,continue,continue,0.3108065128326416,0.1970734447240829,0.1178729236125946,0.1587057560682296,0.2155413329601287,True,True,True,True,True
test|Edu_5_20260604_170944|7867612237000,Edu,Edu_5_20260604_170944,7867612237000,continue,continue,0.3047735095024109,0.1972459554672241,0.1201948076486587,0.16118985414505,0.2165958434343338,True,True,True,True,True
test|Edu_5_20260604_170944|7867945571000,Edu,Edu_5_20260604_170944,7867945571000,continue,fetch,0.3016550540924072,0.202167198061943,0.121760070323944,0.1613212972879409,0.213096410036087,True,True,True,True,True
test|Edu_5_20260604_170944|7868278904000,Edu,Edu_5_20260604_170944,7868278904000,fetch,fetch,0.3006621599197387,0.2088916003704071,0.1210421696305275,0.1607503443956375,0.2086537182331085,True,True,True,True,True
test|Edu_5_20260604_170944|7868612237000,Edu,Edu_5_20260604_170944,7868612237000,fetch,fetch,0.2946479320526123,0.2149016708135604,0.1200526729226112,0.1651414632797241,0.2052561640739441,True,True,True,True,True
test|Edu_5_20260604_170944|7868945571000,Edu,Edu_5_20260604_170944,7868945571000,fetch,fetch,0.2880438864231109,0.2188761234283447,0.1199691742658615,0.1758072227239608,0.1973035931587219,True,True,True,True,True
test|Edu_5_20260604_170944|7869278904000,Edu,Edu_5_20260604_170944,7869278904000,fetch,fetch,0.2876800000667572,0.2173565626144409,0.1197792887687683,0.183451309800148,0.1917328536510467,True,True,True,True,True
test|Edu_5_20260604_170944|7869612237000,Edu,Edu_5_20260604_170944,7869612237000,fetch,fetch,0.2938906550407409,0.2137668132781982,0.1205170452594757,0.1809825152158737,0.1908428966999054,True,True,True,True,True
test|Edu_5_20260604_170944|7869945570000,Edu,Edu_5_20260604_170944,7869945570000,fetch,fetch,0.2962598800659179,0.2110459953546524,0.1204622313380241,0.1803657114505767,0.1918661594390869,True,True,True,True,True
test|Edu_5_20260604_170944|7870278904000,Edu,Edu_5_20260604_170944,7870278904000,fetch,fetch,0.2960183918476105,0.207702562212944,0.1198928952217102,0.1797762066125869,0.1966099590063095,True,True,True,True,True
test|Edu_5_20260604_170944|7870612237000,Edu,Edu_5_20260604_170944,7870612237000,fetch,fetch,0.2970344126224518,0.2049043923616409,0.1197745576500892,0.1794283390045166,0.198858305811882,True,True,True,True,True
test|Edu_5_20260604_170944|7870945570000,Edu,Edu_5_20260604_170944,7870945570000,fetch,fetch,0.2966218292713165,0.2010708153247833,0.1192483082413673,0.1782091856002807,0.2048499137163162,True,True,True,True,True
test|Edu_5_20260604_170944|7871278904000,Edu,Edu_5_20260604_170944,7871278904000,fetch,fetch,0.2973406612873077,0.1977843046188354,0.1191154196858406,0.1780263036489486,0.2077332586050033,True,True,True,True,True
test|Edu_5_20260604_170944|7871612237000,Edu,Edu_5_20260604_170944,7871612237000,fetch,fetch,0.2963330447673797,0.19816754758358,0.1186450496315956,0.1781632006168365,0.2086911648511886,True,True,True,True,True
test|Edu_5_20260604_170944|7871945570000,Edu,Edu_5_20260604_170944,7871945570000,fetch,fetch,0.2902302145957947,0.2015650868415832,0.118281252682209,0.1771875917911529,0.2127358615398407,True,True,True,True,True
test|Edu_5_20260604_170944|7873278903000,Edu,Edu_5_20260604_170944,7873278903000,handover,fetch,0.288593053817749,0.2107742577791214,0.1177101284265518,0.1743993461132049,0.2085232138633728,True,True,True,True,True
test|Edu_5_20260604_170944|7873612237000,Edu,Edu_5_20260604_170944,7873612237000,handover,fetch,0.2897271811962127,0.2120053768157959,0.1177630648016929,0.1728924959897995,0.2076118886470794,True,True,True,True,True
test|Edu_5_20260604_170944|7873945570000,Edu,Edu_5_20260604_170944,7873945570000,handover,handover,0.2920506000518799,0.2157251238822937,0.1173557490110397,0.1716371029615402,0.2032314091920852,True,True,True,True,True
test|Edu_5_20260604_170944|7874278903000,Edu,Edu_5_20260604_170944,7874278903000,handover,handover,0.2925297915935516,0.2199625223875045,0.1162936091423034,0.1710180789232254,0.2001959979534149,True,True,True,True,True
test|Edu_5_20260604_170944|7874612237000,Edu,Edu_5_20260604_170944,7874612237000,handover,handover,0.2930636405944824,0.2234782874584198,0.116131953895092,0.1716301292181015,0.1956959217786789,True,True,True,True,True
test|Edu_5_20260604_170944|7874945570000,Edu,Edu_5_20260604_170944,7874945570000,handover,handover,0.2933034002780914,0.2262157052755355,0.1162601485848426,0.1706666350364685,0.1935541182756424,True,True,True,True,True
test|Edu_5_20260604_170944|7875278903000,Edu,Edu_5_20260604_170944,7875278903000,handover,handover,0.2932089567184448,0.2277186661958694,0.1158980652689933,0.1696416586637497,0.193532645702362,True,True,True,True,True
test|Edu_5_20260604_170944|7875612237000,Edu,Edu_5_20260604_170944,7875612237000,handover,handover,0.2932734489440918,0.2300575524568557,0.1164772063493728,0.1691989600658416,0.1909928917884826,True,True,True,True,True
test|Edu_5_20260604_170944|7875945570000,Edu,Edu_5_20260604_170944,7875945570000,handover,handover,0.2946152687072754,0.2313834726810455,0.1165232062339782,0.168922945857048,0.1885551065206527,True,True,True,True,True
test|Edu_5_20260604_170944|7876278903000,Edu,Edu_5_20260604_170944,7876278903000,handover,handover,0.2929659485816955,0.2325683981180191,0.1170959323644638,0.1692714244127273,0.1880982816219329,True,True,True,True,True
test|Edu_5_20260604_170944|7876612236000,Edu,Edu_5_20260604_170944,7876612236000,handover,handover,0.2849932312965393,0.2320756018161773,0.1172942742705345,0.1729875952005386,0.1926492601633072,True,True,True,True,True
test|Edu_5_20260604_170944|7876945570000,Edu,Edu_5_20260604_170944,7876945570000,handover,handover,0.282074362039566,0.2294245958328247,0.1164996698498725,0.1768203377723693,0.1951810121536255,True,True,True,True,True
test|Edu_5_20260604_170944|7877278903000,Edu,Edu_5_20260604_170944,7877278903000,handover,handover,0.279054582118988,0.2269545346498489,0.1156095415353775,0.1794576942920684,0.1989236325025558,True,True,True,True,True
test|Edu_5_20260604_170944|7877612236000,Edu,Edu_5_20260604_170944,7877612236000,handover,handover,0.274006575345993,0.2258260399103164,0.1141865476965904,0.1849305182695388,0.2010503411293029,True,True,True,True,True
test|Edu_5_20260604_170944|7877945570000,Edu,Edu_5_20260604_170944,7877945570000,handover,handover,0.2625869512557983,0.2245528250932693,0.1125153601169586,0.1911128610372543,0.2092319726943969,True,True,True,True,True
test|Edu_5_20260604_170944|7878278903000,Edu,Edu_5_20260604_170944,7878278903000,handover,fetch,0.2442859560251236,0.2248412668704986,0.1131122037768364,0.1977156847715377,0.2200448662042617,True,True,True,True,True
test|Edu_6_20260616_145740|2714312226000,Edu,Edu_6_20260616_145740,2714312226000,continue,fetch,0.2989846169948578,0.2099625766277313,0.1303441524505615,0.1736016720533371,0.1871069520711898,True,True,True,True,True
test|Edu_6_20260616_145740|2714645559000,Edu,Edu_6_20260616_145740,2714645559000,continue,fetch,0.3088922202587127,0.2044099420309066,0.1255699545145034,0.1673725694417953,0.1937553137540817,True,True,True,True,True
test|Edu_6_20260616_145740|2714978892000,Edu,Edu_6_20260616_145740,2714978892000,continue,fetch,0.3118680417537689,0.2019570618867874,0.1249046400189399,0.1606953293085098,0.2005749493837356,True,True,True,True,True
test|Edu_6_20260616_145740|2715312225000,Edu,Edu_6_20260616_145740,2715312225000,continue,fetch,0.3131957054138183,0.2071286141872406,0.1214019954204559,0.1598153412342071,0.1984582990407943,True,True,True,True,True
test|Edu_6_20260616_145740|2715645559000,Edu,Edu_6_20260616_145740,2715645559000,continue,continue,0.3123627007007599,0.2115533500909805,0.1188631504774093,0.1598181128501892,0.1974027156829834,True,True,True,True,True
test|Edu_6_20260616_145740|2715978892000,Edu,Edu_6_20260616_145740,2715978892000,continue,continue,0.3139848113059997,0.2137854248285293,0.1175724118947982,0.1576494574546814,0.1970079243183136,True,True,True,True,True
test|Edu_6_20260616_145740|2716312225000,Edu,Edu_6_20260616_145740,2716312225000,continue,continue,0.3108207881450653,0.2201267778873443,0.1181302517652511,0.155618667602539,0.1953034847974777,True,True,True,True,True
test|Edu_6_20260616_145740|2716645559000,Edu,Edu_6_20260616_145740,2716645559000,continue,continue,0.3086179792881012,0.2268084585666656,0.1206352338194847,0.1566163897514343,0.1873220354318618,True,True,True,True,True
test|Edu_6_20260616_145740|2716978892000,Edu,Edu_6_20260616_145740,2716978892000,continue,continue,0.3072709143161773,0.2342831194400787,0.1166267842054367,0.1618900001049041,0.1799291968345642,True,True,True,True,True
test|Edu_6_20260616_145740|2717312225000,Edu,Edu_6_20260616_145740,2717312225000,continue,continue,0.3024946451187134,0.2318857312202453,0.1166132986545562,0.1670503914356231,0.1819559633731842,True,True,True,True,True
test|Edu_6_20260616_145740|2717645559000,Edu,Edu_6_20260616_145740,2717645559000,continue,continue,0.3029384016990661,0.230913445353508,0.1178375035524368,0.1677681654691696,0.1805424988269806,True,True,True,True,True
test|Edu_6_20260616_145740|2717978892000,Edu,Edu_6_20260616_145740,2717978892000,continue,continue,0.3505094945430755,0.2566255629062652,0.0,0.1879659593105316,0.2048989832401275,True,True,False,True,True
test|Edu_6_20260616_145740|2718312225000,Edu,Edu_6_20260616_145740,2718312225000,continue,continue,0.3544758856296539,0.2480847090482711,0.0,0.1859632283449173,0.2114761769771576,True,True,False,True,True
test|Edu_6_20260616_145740|2718645558000,Edu,Edu_6_20260616_145740,2718645558000,continue,continue,0.3583818674087524,0.241831824183464,0.0,0.1840640157461166,0.2157222628593444,True,True,False,True,True
test|Edu_6_20260616_145740|2718978892000,Edu,Edu_6_20260616_145740,2718978892000,continue,continue,0.3602856993675232,0.2351876348257064,0.0,0.1842125803232193,0.2203141450881958,True,True,False,True,True
test|Edu_6_20260616_145740|2719312225000,Edu,Edu_6_20260616_145740,2719312225000,continue,continue,0.3616786003112793,0.237290471792221,0.0,0.1794312894344329,0.2215996086597442,True,True,False,True,True
test|Edu_6_20260616_145740|2719645558000,Edu,Edu_6_20260616_145740,2719645558000,continue,continue,0.3577995598316192,0.2391480654478073,0.0,0.1760364323854446,0.2270159423351287,True,True,False,True,True
test|Edu_6_20260616_145740|2719978892000,Edu,Edu_6_20260616_145740,2719978892000,continue,continue,0.3501554727554321,0.2452947199344635,0.0,0.1760265380144119,0.2285232841968536,True,True,False,True,True
test|Edu_6_20260616_145740|2720312225000,Edu,Edu_6_20260616_145740,2720312225000,continue,continue,0.3485592007637024,0.2501824200153351,0.0,0.1783920228481292,0.2228663563728332,True,True,False,True,True
test|Edu_6_20260616_145740|2720645558000,Edu,Edu_6_20260616_145740,2720645558000,continue,continue,0.34285369515419,0.2558812499046325,0.0,0.1803353726863861,0.2209297269582748,True,True,False,True,True
test|Edu_6_20260616_145740|2720978892000,Edu,Edu_6_20260616_145740,2720978892000,continue,continue,0.339781105518341,0.2610129714012146,0.0,0.1809527575969696,0.2182531654834747,True,True,False,True,True
test|Edu_6_20260616_145740|2721312225000,Edu,Edu_6_20260616_145740,2721312225000,continue,continue,0.3405385911464691,0.263994425535202,0.0,0.1822533160448074,0.213213637471199,True,True,False,True,True
test|Edu_6_20260616_145740|2721645558000,Edu,Edu_6_20260616_145740,2721645558000,continue,continue,0.3441440165042877,0.267025351524353,0.0,0.1824730783700943,0.2063575983047485,True,True,False,True,True
test|Edu_6_20260616_145740|2721978891000,Edu,Edu_6_20260616_145740,2721978891000,continue,continue,0.3460589349269867,0.2707307934761047,0.0,0.1808899044990539,0.2023203521966934,True,True,False,True,True
test|Edu_6_20260616_145740|2722312225000,Edu,Edu_6_20260616_145740,2722312225000,continue,continue,0.3450058102607727,0.2718404829502105,0.0,0.1806361973285675,0.2025174647569656,True,True,False,True,True
test|Edu_6_20260616_145740|2722645558000,Edu,Edu_6_20260616_145740,2722645558000,continue,continue,0.3469973504543304,0.2676283717155456,0.0,0.1809405833482742,0.2044336348772049,True,True,False,True,True
test|Edu_6_20260616_145740|2722978891000,Edu,Edu_6_20260616_145740,2722978891000,continue,continue,0.3487612009048462,0.2620829939842224,0.0,0.1799332648515701,0.209222599864006,True,True,False,True,True
test|Edu_6_20260616_145740|2723312225000,Edu,Edu_6_20260616_145740,2723312225000,continue,continue,0.3503695428371429,0.2553513050079345,0.0,0.180026963353157,0.2142521291971206,True,True,False,True,True
test|Edu_6_20260616_145740|2723645558000,Edu,Edu_6_20260616_145740,2723645558000,continue,continue,0.3506883382797241,0.2475197315216064,0.0,0.1829902976751327,0.218801662325859,True,True,False,True,True
test|Edu_6_20260616_145740|2723978891000,Edu,Edu_6_20260616_145740,2723978891000,continue,continue,0.3517954647541046,0.24106265604496,0.0,0.1859615296125412,0.2211803346872329,True,True,False,True,True
test|Edu_6_20260616_145740|2724312225000,Edu,Edu_6_20260616_145740,2724312225000,continue,continue,0.3547675907611847,0.2424872815608978,0.0,0.1828062236309051,0.2199389040470123,True,True,False,True,True
test|Edu_6_20260616_145740|2724645558000,Edu,Edu_6_20260616_145740,2724645558000,continue,continue,0.3542943000793457,0.2469899654388427,0.0,0.1816021651029586,0.2171135395765304,True,True,False,True,True
test|Edu_6_20260616_145740|2724978891000,Edu,Edu_6_20260616_145740,2724978891000,continue,continue,0.3552796244621277,0.2501339316368103,0.0,0.1804443597793579,0.2141419947147369,True,True,False,True,True
test|Edu_6_20260616_145740|2725312224000,Edu,Edu_6_20260616_145740,2725312224000,continue,continue,0.3562283217906952,0.2523242235183716,0.0,0.1801598966121673,0.2112874984741211,True,True,False,True,True
test|Edu_6_20260616_145740|2725645558000,Edu,Edu_6_20260616_145740,2725645558000,continue,continue,0.3554943799972534,0.2556823790073395,0.0,0.1771360486745834,0.2116871327161789,True,True,False,True,True
test|Edu_6_20260616_145740|2725978891000,Edu,Edu_6_20260616_145740,2725978891000,continue,continue,0.3546350002288818,0.2580956816673279,0.0,0.174858421087265,0.2124109119176864,True,True,False,True,True
test|Edu_6_20260616_145740|2726312224000,Edu,Edu_6_20260616_145740,2726312224000,continue,continue,0.3522059619426727,0.2560408115386963,0.0,0.1771361380815506,0.2146171331405639,True,True,False,True,True
test|Edu_6_20260616_145740|2726645558000,Edu,Edu_6_20260616_145740,2726645558000,continue,continue,0.3526643514633178,0.2548055946826935,0.0,0.1772080957889557,0.2153220027685165,True,True,False,True,True
test|Edu_6_20260616_145740|2726978891000,Edu,Edu_6_20260616_145740,2726978891000,continue,continue,0.3521164059638977,0.255070298910141,0.0,0.1790654957294464,0.2137477993965149,True,True,False,True,True
test|Edu_6_20260616_145740|2727312224000,Edu,Edu_6_20260616_145740,2727312224000,continue,continue,0.3541767299175262,0.252749502658844,0.0,0.1800108253955841,0.2130629122257232,True,True,False,True,True
test|Edu_6_20260616_145740|2727645557000,Edu,Edu_6_20260616_145740,2727645557000,continue,continue,0.3599869012832641,0.2477403730154037,0.0,0.1823499649763107,0.2099227309226989,True,True,False,True,True
test|Edu_6_20260616_145740|2727978891000,Edu,Edu_6_20260616_145740,2727978891000,continue,continue,0.3655217885971069,0.2408915907144546,0.0,0.1846706569194793,0.208915963768959,True,True,False,True,True
test|Edu_6_20260616_145740|2728312224000,Edu,Edu_6_20260616_145740,2728312224000,continue,continue,0.3681249320507049,0.2383037507534027,0.0,0.1847845315933227,0.2087867259979248,True,True,False,True,True
test|Edu_6_20260616_145740|2728645557000,Edu,Edu_6_20260616_145740,2728645557000,continue,continue,0.3713548481464386,0.2361471801996231,0.0,0.1851675361394882,0.2073304653167724,True,True,False,True,True
test|Edu_6_20260616_145740|2728978891000,Edu,Edu_6_20260616_145740,2728978891000,continue,continue,0.372166246175766,0.2317131757736206,0.0,0.186115562915802,0.2100049406290054,True,True,False,True,True
test|Edu_6_20260616_145740|2729312224000,Edu,Edu_6_20260616_145740,2729312224000,continue,fetch,0.3686740696430206,0.2286279201507568,0.0,0.1883217990398407,0.2143762409687042,True,True,False,True,True
test|Edu_6_20260616_145740|2729645557000,Edu,Edu_6_20260616_145740,2729645557000,continue,handover,0.3660043179988861,0.227691501379013,0.0,0.1859751641750335,0.2203290462493896,True,True,False,True,True
test|Edu_6_20260616_145740|2729978891000,Edu,Edu_6_20260616_145740,2729978891000,fetch,handover,0.3664986491203308,0.2277682572603225,0.0,0.19192536175251,0.2138076871633529,True,True,False,True,True
test|Edu_6_20260616_145740|2730312224000,Edu,Edu_6_20260616_145740,2730312224000,fetch,handover,0.3644515573978424,0.2247517257928848,0.0,0.1989396810531616,0.2118570953607559,True,True,False,True,True
test|Edu_6_20260616_145740|2730645557000,Edu,Edu_6_20260616_145740,2730645557000,fetch,handover,0.3628160655498504,0.222643494606018,0.0,0.200704425573349,0.2138359993696212,True,True,False,True,True
test|Edu_6_20260616_145740|2730978891000,Edu,Edu_6_20260616_145740,2730978891000,fetch,handover,0.3621890842914581,0.2234607487916946,0.0,0.1998483538627624,0.21450175344944,True,True,False,True,True
test|Edu_6_20260616_145740|2731312224000,Edu,Edu_6_20260616_145740,2731312224000,fetch,handover,0.3624414205551147,0.2246226072311401,0.0,0.2001392692327499,0.2127967327833175,True,True,False,True,True
test|Edu_6_20260616_145740|2731645557000,Edu,Edu_6_20260616_145740,2731645557000,fetch,fetch,0.3616484403610229,0.2252987772226333,0.0,0.2023492455482483,0.2107034772634506,True,True,False,True,True
test|Edu_6_20260616_145740|2731978890000,Edu,Edu_6_20260616_145740,2731978890000,fetch,fetch,0.3585406243801117,0.2243522554636001,0.0,0.196408987045288,0.2206981778144836,True,True,False,True,True
test|Edu_6_20260616_145740|2732312224000,Edu,Edu_6_20260616_145740,2732312224000,fetch,fetch,0.3582737445831299,0.2226861864328384,0.0,0.1919185370206833,0.2271214574575424,True,True,False,True,True
test|Edu_6_20260616_145740|2732645557000,Edu,Edu_6_20260616_145740,2732645557000,fetch,fetch,0.3466518223285675,0.2250067740678787,0.0,0.1931148916482925,0.2352264970541,True,True,False,True,True
test|Edu_6_20260616_145740|2732978890000,Edu,Edu_6_20260616_145740,2732978890000,fetch,fetch,0.3277749419212341,0.2300243079662323,0.0,0.1973751485347747,0.2448255866765976,True,True,False,True,True
test|Edu_6_20260616_145740|2733312224000,Edu,Edu_6_20260616_145740,2733312224000,fetch,fetch,0.3150718212127685,0.233569860458374,0.0,0.197060227394104,0.2542981207370758,True,True,False,True,True
test|Edu_6_20260616_145740|2733645557000,Edu,Edu_6_20260616_145740,2733645557000,fetch,fetch,0.3106024265289306,0.2348595112562179,0.0,0.1964125484228134,0.2581255137920379,True,True,False,True,True
test|Edu_6_20260616_145740|2733978890000,Edu,Edu_6_20260616_145740,2733978890000,fetch,fetch,0.3032451570034027,0.2374138534069061,0.0,0.1992776095867157,0.2600633502006531,True,True,False,True,True
test|Edu_6_20260616_145740|2735645557000,Edu,Edu_6_20260616_145740,2735645557000,handover,handover,0.3414287865161896,0.2231750786304474,0.0,0.1986815333366394,0.236714631319046,True,True,False,True,True
test|Edu_6_20260616_145740|2735978890000,Edu,Edu_6_20260616_145740,2735978890000,handover,handover,0.3459350764751434,0.2224922329187393,0.0,0.1982130855321884,0.2333595603704452,True,True,False,True,True
test|Edu_6_20260616_145740|2736312223000,Edu,Edu_6_20260616_145740,2736312223000,handover,handover,0.3484296500682831,0.2248002886772155,0.0,0.1979581713676452,0.228811964392662,True,True,False,True,True
test|Edu_6_20260616_145740|2736645557000,Edu,Edu_6_20260616_145740,2736645557000,handover,handover,0.3459061980247497,0.2317384183406829,0.0,0.1953000575304031,0.2270552963018417,True,True,False,True,True
test|Edu_6_20260616_145740|2736978890000,Edu,Edu_6_20260616_145740,2736978890000,handover,handover,0.3408004939556122,0.2400785237550735,0.0,0.1915683597326278,0.2275526076555252,True,True,False,True,True
test|Edu_6_20260616_145740|2737312223000,Edu,Edu_6_20260616_145740,2737312223000,handover,handover,0.3381885290145874,0.2483963668346405,0.0,0.1919163167476654,0.2214988321065902,True,True,False,True,True
test|Edu_6_20260616_145740|2737645557000,Edu,Edu_6_20260616_145740,2737645557000,handover,handover,0.3373796641826629,0.2554405331611633,0.0,0.1918248832225799,0.2153549045324325,True,True,False,True,True
test|Edu_6_20260616_145740|2737978890000,Edu,Edu_6_20260616_145740,2737978890000,handover,handover,0.3374443352222442,0.2610473036766052,0.0,0.1921867728233337,0.2093215882778167,True,True,False,True,True
test|Edu_6_20260616_145740|2738312223000,Edu,Edu_6_20260616_145740,2738312223000,handover,handover,0.3386340141296386,0.2634881138801574,0.0,0.1929535120725631,0.2049244344234466,True,True,False,True,True
test|Edu_6_20260616_145740|2738645556000,Edu,Edu_6_20260616_145740,2738645556000,handover,handover,0.3366461992263794,0.2669458985328674,0.0,0.1958924233913421,0.2005155086517334,True,True,False,True,True
test|Edu_6_20260616_145740|2738978890000,Edu,Edu_6_20260616_145740,2738978890000,handover,handover,0.3357580602169037,0.2679700255393982,0.0,0.201711505651474,0.1945603638887405,True,True,False,True,True
test|Edu_6_20260616_145740|2739312223000,Edu,Edu_6_20260616_145740,2739312223000,handover,handover,0.3340004384517669,0.2655122578144073,0.0,0.2052295506000518,0.195257693529129,True,True,False,True,True
test|Edu_6_20260616_145740|2739645556000,Edu,Edu_6_20260616_145740,2739645556000,handover,handover,0.3362855613231659,0.26191046833992,0.0,0.2061625123023986,0.1956414580345153,True,True,False,True,True
test|Edu_6_20260616_145740|2739978890000,Edu,Edu_6_20260616_145740,2739978890000,handover,handover,0.3327217102050781,0.2568843960762024,0.0,0.210452064871788,0.1999418437480926,True,True,False,True,True
test|Edu_6_20260616_145740|2740312223000,Edu,Edu_6_20260616_145740,2740312223000,handover,handover,0.3201230466365814,0.2536635398864746,0.0,0.2181269824504852,0.2080864608287811,True,True,False,True,True
test|Edu_6_20260616_145740|2740645556000,Edu,Edu_6_20260616_145740,2740645556000,handover,handover,0.3084244430065155,0.2486924529075622,0.0,0.2235127836465835,0.2193702608346939,True,True,False,True,True
test|Edu_6_20260616_145740|2740978889000,Edu,Edu_6_20260616_145740,2740978889000,handover,handover,0.2979715168476105,0.2420622855424881,0.0,0.2256124019622802,0.2343537807464599,True,True,False,True,True
test|Edu_6_20260616_145740|2741312223000,Edu,Edu_6_20260616_145740,2741312223000,handover,handover,0.2939280867576599,0.2376440912485122,0.0,0.2223969846963882,0.2460308074951172,True,True,False,True,True
test|Edu_6_20260616_145740|2741645556000,Edu,Edu_6_20260616_145740,2741645556000,handover,handover,0.2892218232154846,0.235387921333313,0.0,0.2208910435438156,0.254499226808548,True,True,False,True,True
test|Edu_6_20260616_145740|2741978889000,Edu,Edu_6_20260616_145740,2741978889000,handover,handover,0.2968281805515289,0.229345753788948,0.0,0.2193226814270019,0.2545033693313598,True,True,False,True,True
test|Edu_6_20260616_145740|2742312223000,Edu,Edu_6_20260616_145740,2742312223000,handover,handover,0.3010846376419067,0.2241491973400116,0.0,0.224089577794075,0.250676542520523,True,True,False,True,True
test|Edu_6_20260616_145740|2742645556000,Edu,Edu_6_20260616_145740,2742645556000,handover,handover,0.3087052702903747,0.2213072776794433,0.0,0.2222003787755966,0.2477870434522628,True,True,False,True,True
test|Edu_6_20260616_145740|2742978889000,Edu,Edu_6_20260616_145740,2742978889000,handover,handover,0.3203874826431274,0.2188159823417663,0.0,0.2154276669025421,0.2453688234090805,True,True,False,True,True
test|Edu_6_20260616_145740|2743312223000,Edu,Edu_6_20260616_145740,2743312223000,handover,handover,0.332679271697998,0.2171377837657928,0.0,0.2110788822174072,0.2391040027141571,True,True,False,True,True
test|Edu_6_20260616_145740|2743645556000,Edu,Edu_6_20260616_145740,2743645556000,handover,handover,0.3408240973949432,0.2168943881988525,0.0,0.2084411084651947,0.2338404357433319,True,True,False,True,True
test|Edu_6_20260616_145740|2743978889000,Edu,Edu_6_20260616_145740,2743978889000,handover,handover,0.3409081697463989,0.221991166472435,0.0,0.2034127563238144,0.2336879819631576,True,True,False,True,True
test|Edu_6_20260616_145740|2744312222000,Edu,Edu_6_20260616_145740,2744312222000,handover,handover,0.3544462025165558,0.2224424183368683,0.0,0.1911333799362182,0.2319780439138412,True,True,False,True,True
test|Edu_6_20260616_145740|2744645556000,Edu,Edu_6_20260616_145740,2744645556000,handover,handover,0.3560018241405487,0.2199914008378982,0.0,0.1978933662176132,0.2261133790016174,True,True,False,True,True
test|Edu_6_20260616_145740|2744978889000,Edu,Edu_6_20260616_145740,2744978889000,handover,handover,0.3481021523475647,0.2216047644615173,0.0,0.2091544717550277,0.2211386710405349,True,True,False,True,True
test|Edu_6_20260616_145740|2745312222000,Edu,Edu_6_20260616_145740,2745312222000,handover,handover,0.3202050328254699,0.2289568185806274,0.0,0.222723513841629,0.2281146496534347,True,True,False,True,True
test|Edu_6_20260616_145740|2745645556000,Edu,Edu_6_20260616_145740,2745645556000,handover,handover,0.2851063311100006,0.2353029251098632,0.0,0.2433526068925857,0.2362380921840667,True,True,False,True,True
test|Edu_7_20260616_145927|2820778892000,Edu,Edu_7_20260616_145927,2820778892000,continue,fetch,0.3147276639938354,0.2021237909793853,0.1524403691291809,0.1783158779144287,0.1523922532796859,True,True,True,True,True
test|Edu_7_20260616_145927|2821112225000,Edu,Edu_7_20260616_145927,2821112225000,continue,handover,0.3119567334651947,0.2005236446857452,0.1549431532621383,0.1752453297376632,0.1573310941457748,True,True,True,True,True
test|Edu_7_20260616_145927|2821445558000,Edu,Edu_7_20260616_145927,2821445558000,continue,fetch,0.3116127550601959,0.2035126388072967,0.1514697819948196,0.1720823347568512,0.1613224297761917,True,True,True,True,True
test|Edu_7_20260616_145927|2821778892000,Edu,Edu_7_20260616_145927,2821778892000,continue,fetch,0.3086172342300415,0.2086903303861618,0.1500711143016815,0.1683819144964218,0.1642393320798874,True,True,True,True,True
test|Edu_7_20260616_145927|2822112225000,Edu,Edu_7_20260616_145927,2822112225000,continue,continue,0.3033379018306732,0.2150051295757293,0.1481843441724777,0.1663212180137634,0.1671514362096786,True,True,True,True,True
test|Edu_7_20260616_145927|2822445558000,Edu,Edu_7_20260616_145927,2822445558000,continue,continue,0.2980767488479614,0.222182497382164,0.1429301798343658,0.1657369434833526,0.1710736155509948,True,True,True,True,True
test|Edu_7_20260616_145927|2822778891000,Edu,Edu_7_20260616_145927,2822778891000,continue,continue,0.2967159748077392,0.2260227352380752,0.1412740051746368,0.1608456522226333,0.1751416474580764,True,True,True,True,True
test|Edu_7_20260616_145927|2823112225000,Edu,Edu_7_20260616_145927,2823112225000,continue,continue,0.2931507527828216,0.2298056781291961,0.139967143535614,0.1610629558563232,0.1760134696960449,True,True,True,True,True
test|Edu_7_20260616_145927|2823445558000,Edu,Edu_7_20260616_145927,2823445558000,continue,continue,0.2882886528968811,0.2314008027315139,0.1422958374023437,0.1631348580121994,0.1748798340559005,True,True,True,True,True
test|Edu_7_20260616_145927|2823778891000,Edu,Edu_7_20260616_145927,2823778891000,continue,continue,0.2871669828891754,0.2281756997108459,0.1431384980678558,0.1654207557439804,0.1760981082916259,True,True,True,True,True
test|Edu_7_20260616_145927|2824112225000,Edu,Edu_7_20260616_145927,2824112225000,continue,continue,0.2878424823284149,0.2244581133127212,0.145389050245285,0.1655950844287872,0.1767152845859527,True,True,True,True,True
test|Edu_7_20260616_145927|2824445558000,Edu,Edu_7_20260616_145927,2824445558000,continue,continue,0.2910761833190918,0.2238140851259231,0.1486427783966064,0.1630337983369827,0.1734331846237182,True,True,True,True,True
test|Edu_7_20260616_145927|2824778891000,Edu,Edu_7_20260616_145927,2824778891000,continue,continue,0.2922606170177459,0.2250173538923263,0.1460175365209579,0.1637848019599914,0.1729197204113006,True,True,True,True,True
test|Edu_7_20260616_145927|2825112225000,Edu,Edu_7_20260616_145927,2825112225000,continue,continue,0.2905968725681305,0.2254885137081146,0.1430531591176986,0.1659741252660751,0.1748873144388198,True,True,True,True,True
test|Edu_7_20260616_145927|2825445558000,Edu,Edu_7_20260616_145927,2825445558000,continue,continue,0.288701057434082,0.2244984805583953,0.1414130181074142,0.1673227399587631,0.1780647337436676,True,True,True,True,True
test|Edu_7_20260616_145927|2825778891000,Edu,Edu_7_20260616_145927,2825778891000,continue,continue,0.2931320369243622,0.2238716185092926,0.1388931721448898,0.1672872453927993,0.1768158674240112,True,True,True,True,True
test|Edu_7_20260616_145927|2826112224000,Edu,Edu_7_20260616_145927,2826112224000,continue,continue,0.2968019247055053,0.2218914330005645,0.1381185203790664,0.1668391227722168,0.1763490140438079,True,True,True,True,True
test|Edu_7_20260616_145927|2826445558000,Edu,Edu_7_20260616_145927,2826445558000,continue,continue,0.2988328337669372,0.2140819132328033,0.1390483379364013,0.1665476560592651,0.1814892739057541,True,True,True,True,True
test|Edu_7_20260616_145927|2826778891000,Edu,Edu_7_20260616_145927,2826778891000,continue,continue,0.2989153861999511,0.2066451758146286,0.142199620604515,0.1654250472784042,0.1868147701025009,True,True,True,True,True
test|Edu_7_20260616_145927|2827112224000,Edu,Edu_7_20260616_145927,2827112224000,continue,continue,0.29889115691185,0.2014380693435669,0.1442831605672836,0.1653207391500473,0.1900668293237686,True,True,True,True,True
test|Edu_7_20260616_145927|2827445558000,Edu,Edu_7_20260616_145927,2827445558000,continue,continue,0.2985230386257171,0.1987426877021789,0.1421433985233307,0.1700097173452377,0.1905811429023742,True,True,True,True,True
test|Edu_7_20260616_145927|2827778891000,Edu,Edu_7_20260616_145927,2827778891000,continue,continue,0.2910915613174438,0.1994741708040237,0.1402924656867981,0.1746576577425003,0.194484144449234,True,True,True,True,True
test|Edu_7_20260616_145927|2828112224000,Edu,Edu_7_20260616_145927,2828112224000,continue,continue,0.2886199355125427,0.204501986503601,0.1372672021389007,0.1740804463624954,0.19553042948246,True,True,True,True,True
test|Edu_7_20260616_145927|2828445558000,Edu,Edu_7_20260616_145927,2828445558000,continue,continue,0.2885126173496246,0.2078997492790222,0.1347640305757522,0.1737159043550491,0.1951077580451965,True,True,True,True,True
test|Edu_7_20260616_145927|2828778891000,Edu,Edu_7_20260616_145927,2828778891000,continue,continue,0.2856913208961487,0.2117303013801574,0.1332475692033767,0.1749622523784637,0.1943686306476593,True,True,True,True,True
test|Edu_7_20260616_145927|2829112224000,Edu,Edu_7_20260616_145927,2829112224000,continue,continue,0.2920166850090027,0.2146363407373428,0.1325352042913437,0.1716759949922561,0.1891357749700546,True,True,True,True,True
test|Edu_7_20260616_145927|2829445557000,Edu,Edu_7_20260616_145927,2829445557000,continue,continue,0.2988640666007995,0.2158271670341491,0.1350782215595245,0.1640111953020095,0.1862192898988723,True,True,True,True,True
test|Edu_7_20260616_145927|2829778891000,Edu,Edu_7_20260616_145927,2829778891000,continue,continue,0.304240733385086,0.2163981199264526,0.1381631940603256,0.1592322140932083,0.1819657683372497,True,True,True,True,True
test|Edu_7_20260616_145927|2830112224000,Edu,Edu_7_20260616_145927,2830112224000,continue,continue,0.304908275604248,0.2144031524658203,0.1410027295351028,0.1594296097755432,0.1802562177181244,True,True,True,True,True
test|Edu_7_20260616_145927|2830445557000,Edu,Edu_7_20260616_145927,2830445557000,continue,continue,0.3051217198371887,0.2155503928661346,0.1430528908967971,0.1590771228075027,0.1771979033946991,True,True,True,True,True
test|Edu_7_20260616_145927|2830778891000,Edu,Edu_7_20260616_145927,2830778891000,continue,continue,0.3010700047016144,0.21917225420475,0.1448776125907898,0.1596137285232544,0.1752663850784301,True,True,True,True,True
test|Edu_7_20260616_145927|2831112224000,Edu,Edu_7_20260616_145927,2831112224000,continue,continue,0.2959626615047455,0.2179639488458633,0.1464077085256576,0.1617621779441833,0.1779035627841949,True,True,True,True,True
test|Edu_7_20260616_145927|2831445557000,Edu,Edu_7_20260616_145927,2831445557000,continue,continue,0.2938916981220245,0.2185927033424377,0.1468703001737594,0.1623672991991043,0.1782780587673187,True,True,True,True,True
test|Edu_7_20260616_145927|2831778891000,Edu,Edu_7_20260616_145927,2831778891000,continue,continue,0.2926026284694671,0.2144973874092102,0.1495953798294067,0.1613049358129501,0.1819996982812881,True,True,True,True,True
test|Edu_7_20260616_145927|2832112224000,Edu,Edu_7_20260616_145927,2832112224000,continue,continue,0.2896917164325714,0.214363157749176,0.1528412103652954,0.1605264693498611,0.18257737159729,True,True,True,True,True
test|Edu_7_20260616_145927|2832445557000,Edu,Edu_7_20260616_145927,2832445557000,continue,continue,0.2859341204166412,0.2129448503255844,0.1525069028139114,0.161603182554245,0.1870109289884567,True,True,True,True,True
test|Edu_7_20260616_145927|2832778890000,Edu,Edu_7_20260616_145927,2832778890000,continue,continue,0.2883211374282837,0.2073297649621963,0.1538512706756591,0.1605738550424575,0.1899239867925644,True,True,True,True,True
test|Edu_7_20260616_145927|2833112224000,Edu,Edu_7_20260616_145927,2833112224000,continue,continue,0.2904704511165619,0.2070739716291427,0.1549498885869979,0.1597092300653457,0.1877964735031128,True,True,True,True,True
test|Edu_7_20260616_145927|2833445557000,Edu,Edu_7_20260616_145927,2833445557000,continue,continue,0.2874283492565155,0.2087123394012451,0.1540031880140304,0.1633996069431305,0.186456561088562,True,True,True,True,True
test|Edu_7_20260616_145927|2833778890000,Edu,Edu_7_20260616_145927,2833778890000,continue,continue,0.2888418138027191,0.2136971950531005,0.14681376516819,0.1658057123422622,0.1848415285348892,True,True,True,True,True
test|Edu_7_20260616_145927|2834112224000,Edu,Edu_7_20260616_145927,2834112224000,continue,continue,0.2908000946044922,0.214950293302536,0.141241118311882,0.1672873497009277,0.1857211291790008,True,True,True,True,True
test|Edu_7_20260616_145927|2834445557000,Edu,Edu_7_20260616_145927,2834445557000,continue,continue,0.29766446352005,0.2171607911586761,0.1362949460744857,0.1667759120464325,0.1821038872003555,True,True,True,True,True
test|Edu_7_20260616_145927|2834778890000,Edu,Edu_7_20260616_145927,2834778890000,continue,continue,0.3064015507698059,0.2173647731542587,0.1323279291391372,0.1656122058629989,0.1782934665679931,True,True,True,True,True
test|Edu_7_20260616_145927|2835112224000,Edu,Edu_7_20260616_145927,2835112224000,continue,continue,0.3119569718837738,0.2144764512777328,0.128387451171875,0.1632094830274582,0.1819696724414825,True,True,True,True,True
test|Edu_7_20260616_145927|2835445557000,Edu,Edu_7_20260616_145927,2835445557000,continue,continue,0.3228385746479034,0.2091471701860427,0.1280014216899871,0.1556051075458526,0.1844077110290527,True,True,True,True,True
test|Edu_7_20260616_145927|2835778890000,Edu,Edu_7_20260616_145927,2835778890000,continue,fetch,0.3252256214618683,0.2040558159351349,0.1350033283233642,0.1520030051469802,0.1837122291326522,True,True,True,True,True
test|Edu_7_20260616_145927|2836112223000,Edu,Edu_7_20260616_145927,2836112223000,continue,fetch,0.325793981552124,0.2011036872863769,0.1397045850753784,0.1543430238962173,0.179054707288742,True,True,True,True,True
test|Edu_7_20260616_145927|2836445557000,Edu,Edu_7_20260616_145927,2836445557000,fetch,fetch,0.3258357644081116,0.1979064494371414,0.142818197607994,0.1581467986106872,0.1752927452325821,True,True,True,True,True
test|Edu_7_20260616_145927|2836778890000,Edu,Edu_7_20260616_145927,2836778890000,fetch,fetch,0.324062705039978,0.1954220682382583,0.1461253613233566,0.1621017307043075,0.1722880899906158,True,True,True,True,True
test|Edu_7_20260616_145927|2837112223000,Edu,Edu_7_20260616_145927,2837112223000,fetch,handover,0.3234941065311432,0.1952105909585952,0.1511510461568832,0.1670973300933838,0.1630468815565109,True,True,True,True,True
test|Edu_7_20260616_145927|2837445557000,Edu,Edu_7_20260616_145927,2837445557000,fetch,handover,0.314362108707428,0.1973725259304046,0.1539037227630615,0.1725334525108337,0.1618281900882721,True,True,True,True,True
test|Edu_7_20260616_145927|2837778890000,Edu,Edu_7_20260616_145927,2837778890000,fetch,handover,0.3118647634983063,0.1987500786781311,0.1535377353429794,0.1751766204833984,0.1606708616018295,True,True,True,True,True
test|Edu_7_20260616_145927|2838112223000,Edu,Edu_7_20260616_145927,2838112223000,fetch,handover,0.3105945289134979,0.1990671008825302,0.154179960489273,0.1738476753234863,0.1623107194900512,True,True,True,True,True
test|Edu_7_20260616_145927|2838445557000,Edu,Edu_7_20260616_145927,2838445557000,fetch,handover,0.3095923364162445,0.1990144550800323,0.1581742912530899,0.1719184666872024,0.1613004803657531,True,True,True,True,True
test|Edu_7_20260616_145927|2838778890000,Edu,Edu_7_20260616_145927,2838778890000,fetch,handover,0.309667706489563,0.1983828544616699,0.1598232686519622,0.1710571646690368,0.1610690206289291,True,True,True,True,True
test|Edu_7_20260616_145927|2839112223000,Edu,Edu_7_20260616_145927,2839112223000,fetch,fetch,0.3113639950752258,0.1965211927890777,0.1606979966163635,0.1705207228660583,0.1608960777521133,True,True,True,True,True
test|Edu_7_20260616_145927|2839445556000,Edu,Edu_7_20260616_145927,2839445556000,fetch,fetch,0.3152243196964264,0.193814218044281,0.1616525202989578,0.171066328883171,0.158242642879486,True,True,True,True,True
test|Edu_7_20260616_145927|2839778890000,Edu,Edu_7_20260616_145927,2839778890000,fetch,fetch,0.3169670701026916,0.1922833770513534,0.1635514050722122,0.1704172790050506,0.1567808240652084,True,True,True,True,True
test|Edu_7_20260616_145927|2840112223000,Edu,Edu_7_20260616_145927,2840112223000,fetch,fetch,0.317664235830307,0.1928482353687286,0.1632288098335266,0.1706200838088989,0.1556386202573776,True,True,True,True,True
test|Edu_7_20260616_145927|2840445556000,Edu,Edu_7_20260616_145927,2840445556000,fetch,fetch,0.3167638182640075,0.1932453513145446,0.1587068438529968,0.16818568110466,0.1630983203649521,True,True,True,True,True
test|Edu_7_20260616_145927|2840778890000,Edu,Edu_7_20260616_145927,2840778890000,fetch,fetch,0.3154135346412658,0.1947187632322311,0.1539474576711654,0.1696826368570327,0.1662375926971435,True,True,True,True,True
test|Edu_7_20260616_145927|2842778889000,Edu,Edu_7_20260616_145927,2842778889000,handover,handover,0.2904926240444183,0.2047431766986847,0.1529515832662582,0.1824729293584823,0.1693396717309951,True,True,True,True,True
test|Edu_7_20260616_145927|2843112223000,Edu,Edu_7_20260616_145927,2843112223000,handover,handover,0.3002018630504608,0.2020212113857269,0.1567104905843734,0.1775662004947662,0.1635002642869949,True,True,True,True,True
test|Edu_7_20260616_145927|2843445556000,Edu,Edu_7_20260616_145927,2843445556000,handover,handover,0.3011502623558044,0.2048388123512268,0.1586172431707382,0.1718822121620178,0.1635115146636963,True,True,True,True,True
test|Edu_7_20260616_145927|2843778889000,Edu,Edu_7_20260616_145927,2843778889000,handover,handover,0.2919324338436126,0.2133107036352157,0.1595019251108169,0.171551913022995,0.163703054189682,True,True,True,True,True
test|Edu_7_20260616_145927|2844112223000,Edu,Edu_7_20260616_145927,2844112223000,handover,handover,0.2825831472873688,0.221569538116455,0.1592360436916351,0.1710697561502456,0.1655415296554565,True,True,True,True,True
test|Edu_7_20260616_145927|2844445556000,Edu,Edu_7_20260616_145927,2844445556000,handover,handover,0.2740939855575561,0.2286205738782882,0.1597980558872223,0.1705112010240554,0.1669762134552002,True,True,True,True,True
test|Edu_7_20260616_145927|2844778889000,Edu,Edu_7_20260616_145927,2844778889000,handover,handover,0.2681948840618133,0.2328142672777176,0.1591831147670745,0.1714862138032913,0.1683215349912643,True,True,True,True,True
test|Edu_7_20260616_145927|2845112223000,Edu,Edu_7_20260616_145927,2845112223000,handover,handover,0.2630585432052612,0.2318296730518341,0.1567930430173874,0.1736434549093246,0.1746753305196762,True,True,True,True,True
test|Edu_7_20260616_145927|2845445556000,Edu,Edu_7_20260616_145927,2845445556000,handover,handover,0.2661163210868835,0.2300779074430465,0.1542676240205764,0.1782101541757583,0.1713280379772186,True,True,True,True,True
test|Edu_7_20260616_145927|2845778889000,Edu,Edu_7_20260616_145927,2845778889000,handover,handover,0.2710607349872589,0.2261305302381515,0.1490819007158279,0.1803289800882339,0.1733978986740112,True,True,True,True,True
test|Edu_7_20260616_145927|2846112222000,Edu,Edu_7_20260616_145927,2846112222000,handover,handover,0.278295487165451,0.2206067591905594,0.1440122723579406,0.1816112995147705,0.175474151968956,True,True,True,True,True
test|Edu_8_20260616_150108|2922078891000,Edu,Edu_8_20260616_150108,2922078891000,continue,continue,0.3531621992588043,0.2387487441301345,0.0,0.1982945799827575,0.2097945660352707,True,True,False,True,True
test|Edu_8_20260616_150108|2922412224000,Edu,Edu_8_20260616_150108,2922412224000,continue,continue,0.3544493019580841,0.2435016185045242,0.0,0.1929986774921417,0.2090503424406051,True,True,False,True,True
test|Edu_8_20260616_150108|2922745557000,Edu,Edu_8_20260616_150108,2922745557000,continue,continue,0.3480246663093567,0.2542735934257507,0.0,0.1899189949035644,0.2077826857566833,True,True,False,True,True
test|Edu_8_20260616_150108|2923078891000,Edu,Edu_8_20260616_150108,2923078891000,continue,continue,0.3432779014110565,0.2632628977298736,0.0,0.1876054555177688,0.2058537900447845,True,True,False,True,True
test|Edu_8_20260616_150108|2923412224000,Edu,Edu_8_20260616_150108,2923412224000,continue,continue,0.3385806381702423,0.2690378129482269,0.0,0.1896038204431533,0.202777698636055,True,True,False,True,True
test|Edu_8_20260616_150108|2923745557000,Edu,Edu_8_20260616_150108,2923745557000,continue,continue,0.3353854119777679,0.2763277292251587,0.0,0.1902316957712173,0.1980551481246948,True,True,False,True,True
test|Edu_8_20260616_150108|2924078890000,Edu,Edu_8_20260616_150108,2924078890000,continue,continue,0.3366713225841522,0.2790213227272033,0.0,0.1882550120353698,0.1960523277521133,True,True,False,True,True
test|Edu_8_20260616_150108|2924412224000,Edu,Edu_8_20260616_150108,2924412224000,continue,continue,0.3339053392410278,0.279933899641037,0.0,0.1895639300346374,0.1965967416763305,True,True,False,True,True
test|Edu_8_20260616_150108|2924745557000,Edu,Edu_8_20260616_150108,2924745557000,continue,continue,0.3317067325115204,0.2788390219211578,0.0,0.1916555911302566,0.1977986693382263,True,True,False,True,True
test|Edu_8_20260616_150108|2925078890000,Edu,Edu_8_20260616_150108,2925078890000,continue,continue,0.334344744682312,0.2795289754867553,0.0,0.1932677030563354,0.1928585171699524,True,True,False,True,True
test|Edu_8_20260616_150108|2925412224000,Edu,Edu_8_20260616_150108,2925412224000,continue,continue,0.3394896388053894,0.2800275683403015,0.0,0.1919923722743988,0.1884904354810714,True,True,False,True,True
test|Edu_8_20260616_150108|2925745557000,Edu,Edu_8_20260616_150108,2925745557000,continue,continue,0.3433414995670318,0.278735488653183,0.0,0.1892222315073013,0.188700795173645,True,True,False,True,True
test|Edu_8_20260616_150108|2926078890000,Edu,Edu_8_20260616_150108,2926078890000,continue,continue,0.340267926454544,0.2770026922225952,0.0,0.1924642473459243,0.1902651041746139,True,True,False,True,True
test|Edu_8_20260616_150108|2926412224000,Edu,Edu_8_20260616_150108,2926412224000,continue,continue,0.333385556936264,0.2776873111724853,0.0,0.1989462226629257,0.1899808347225189,True,True,False,True,True
test|Edu_8_20260616_150108|2926745557000,Edu,Edu_8_20260616_150108,2926745557000,continue,continue,0.3301478624343872,0.2765391170978546,0.0,0.202433094382286,0.1908799111843109,True,True,False,True,True
test|Edu_8_20260616_150108|2927078890000,Edu,Edu_8_20260616_150108,2927078890000,continue,continue,0.3177138566970825,0.2742164433002472,0.0,0.2055575549602508,0.2025121748447418,True,True,False,True,True
test|Edu_8_20260616_150108|2927412223000,Edu,Edu_8_20260616_150108,2927412223000,continue,continue,0.3098096847534179,0.2680031955242157,0.0,0.206671729683876,0.215515449643135,True,True,False,True,True
test|Edu_8_20260616_150108|2927745557000,Edu,Edu_8_20260616_150108,2927745557000,continue,continue,0.3045085072517395,0.2684884369373321,0.0,0.2072903960943222,0.2197126746177673,True,True,False,True,True
test|Edu_8_20260616_150108|2928078890000,Edu,Edu_8_20260616_150108,2928078890000,continue,continue,0.2995108067989349,0.2746736407279968,0.0,0.2044626623392105,0.2213529348373413,True,True,False,True,True
test|Edu_8_20260616_150108|2928412223000,Edu,Edu_8_20260616_150108,2928412223000,continue,continue,0.3105300664901733,0.2733436524868011,0.0,0.1937898099422454,0.22233647108078,True,True,False,True,True
test|Edu_8_20260616_150108|2928745557000,Edu,Edu_8_20260616_150108,2928745557000,continue,continue,0.315989077091217,0.2734041810035705,0.0,0.1875141561031341,0.2230925261974334,True,True,False,True,True
test|Edu_8_20260616_150108|2929078890000,Edu,Edu_8_20260616_150108,2929078890000,continue,continue,0.3265480399131775,0.2742584347724914,0.0,0.1832494437694549,0.2159440964460373,True,True,False,True,True
test|Edu_8_20260616_150108|2929412223000,Edu,Edu_8_20260616_150108,2929412223000,continue,continue,0.336951345205307,0.2728011310100555,0.0,0.1806786358356475,0.2095688879489898,True,True,False,True,True
test|Edu_8_20260616_150108|2929745557000,Edu,Edu_8_20260616_150108,2929745557000,continue,continue,0.3437040150165558,0.270124614238739,0.0,0.1801518052816391,0.2060195058584213,True,True,False,True,True
test|Edu_8_20260616_150108|2930078890000,Edu,Edu_8_20260616_150108,2930078890000,continue,continue,0.3480861485004425,0.2690999805927276,0.0,0.1799654215574264,0.2028484344482422,True,True,False,True,True
test|Edu_8_20260616_150108|2930412223000,Edu,Edu_8_20260616_150108,2930412223000,continue,continue,0.3499689698219299,0.2665630578994751,0.0,0.1802844852209091,0.2031834721565246,True,True,False,True,True
test|Edu_8_20260616_150108|2930745556000,Edu,Edu_8_20260616_150108,2930745556000,continue,continue,0.3504033386707306,0.262312650680542,0.0,0.1850217282772064,0.2022622674703598,True,True,False,True,True
test|Edu_8_20260616_150108|2931078890000,Edu,Edu_8_20260616_150108,2931078890000,continue,continue,0.3465805351734161,0.2582364380359649,0.0,0.1906857043504715,0.2044973373413086,True,True,False,True,True
test|Edu_8_20260616_150108|2931412223000,Edu,Edu_8_20260616_150108,2931412223000,continue,continue,0.3402509391307831,0.2534610331058502,0.0,0.1947468072175979,0.2115411311388015,True,True,False,True,True
test|Edu_8_20260616_150108|2931745556000,Edu,Edu_8_20260616_150108,2931745556000,continue,continue,0.3384105265140533,0.2478691935539245,0.0,0.1963695287704467,0.2173507809638977,True,True,False,True,True
test|Edu_8_20260616_150108|2932078890000,Edu,Edu_8_20260616_150108,2932078890000,continue,continue,0.3392752707004547,0.2413808107376098,0.0,0.196732610464096,0.2226113080978393,True,True,False,True,True
test|Edu_8_20260616_150108|2932412223000,Edu,Edu_8_20260616_150108,2932412223000,continue,continue,0.3474815785884857,0.2350047826766967,0.0,0.1939784288406372,0.2235352098941803,True,True,False,True,True
test|Edu_8_20260616_150108|2932745556000,Edu,Edu_8_20260616_150108,2932745556000,continue,fetch,0.3590244650840759,0.230610653758049,0.0,0.188815027475357,0.2215498238801956,True,True,False,True,True
test|Edu_8_20260616_150108|2933078890000,Edu,Edu_8_20260616_150108,2933078890000,continue,fetch,0.3693204522132873,0.2267854660749435,0.0,0.1860367804765701,0.2178573012351989,True,True,False,True,True
test|Edu_8_20260616_150108|2933412223000,Edu,Edu_8_20260616_150108,2933412223000,fetch,fetch,0.3775477707386017,0.226801335811615,0.0,0.1849364638328552,0.2107143849134445,True,True,False,True,True
test|Edu_8_20260616_150108|2933745556000,Edu,Edu_8_20260616_150108,2933745556000,fetch,handover,0.3838008642196655,0.2256525307893753,0.0,0.1864834576845169,0.204063132405281,True,True,False,True,True
test|Edu_8_20260616_150108|2934078889000,Edu,Edu_8_20260616_150108,2934078889000,fetch,handover,0.3871480822563171,0.2229038625955581,0.0,0.1926136016845703,0.1973344087600708,True,True,False,True,True
test|Edu_8_20260616_150108|2934412223000,Edu,Edu_8_20260616_150108,2934412223000,fetch,handover,0.3825836479663849,0.2246082872152328,0.0,0.2003023028373718,0.192505732178688,True,True,False,True,True
test|Edu_8_20260616_150108|2934745556000,Edu,Edu_8_20260616_150108,2934745556000,fetch,handover,0.375786542892456,0.2262853235006332,0.0,0.2022911608219146,0.1956369429826736,True,True,False,True,True
test|Edu_8_20260616_150108|2935078889000,Edu,Edu_8_20260616_150108,2935078889000,fetch,handover,0.3750081062316894,0.224664106965065,0.0,0.2012656182050705,0.1990622133016586,True,True,False,True,True
test|Edu_8_20260616_150108|2935412223000,Edu,Edu_8_20260616_150108,2935412223000,fetch,handover,0.320656955242157,0.1905040442943573,0.1472393870353698,0.1701811701059341,0.1714183837175369,True,True,True,True,True
test|Edu_8_20260616_150108|2935745556000,Edu,Edu_8_20260616_150108,2935745556000,fetch,fetch,0.3196108639240265,0.1906634122133255,0.147261381149292,0.1691527068614959,0.1733116507530212,True,True,True,True,True
test|Edu_8_20260616_150108|2936078889000,Edu,Edu_8_20260616_150108,2936078889000,fetch,fetch,0.3185360133647918,0.1903755962848663,0.1465847939252853,0.166712000966072,0.1777915507555008,True,True,True,True,True
test|Edu_8_20260616_150108|2936412223000,Edu,Edu_8_20260616_150108,2936412223000,fetch,fetch,0.3192660510540008,0.1881338059902191,0.1458209455013275,0.165484994649887,0.1812941879034042,True,True,True,True,True
test|Edu_8_20260616_150108|2936745556000,Edu,Edu_8_20260616_150108,2936745556000,fetch,fetch,0.3205666244029999,0.1864067018032074,0.1454955041408538,0.1662445068359375,0.1812867224216461,True,True,True,True,True
test|Edu_8_20260616_150108|2937078889000,Edu,Edu_8_20260616_150108,2937078889000,fetch,fetch,0.3197515606880188,0.1861196756362915,0.1451133042573928,0.1659632176160812,0.1830522716045379,True,True,True,True,True
test|Edu_8_20260616_150108|2937412222000,Edu,Edu_8_20260616_150108,2937412222000,fetch,fetch,0.3193228542804718,0.1852507889270782,0.1439144313335418,0.1662988811731338,0.1852130740880966,True,True,True,True,True
test|Edu_8_20260616_150108|2937745556000,Edu,Edu_8_20260616_150108,2937745556000,fetch,fetch,0.3193439841270447,0.1856486648321151,0.1417247951030731,0.1670783758163452,0.1862041354179382,True,True,True,True,True
test|Edu_8_20260616_150108|2938078889000,Edu,Edu_8_20260616_150108,2938078889000,fetch,fetch,0.3207613825798034,0.1875091940164566,0.1412766426801681,0.1662668585777282,0.1841858774423599,True,True,True,True,True
test|Edu_8_20260616_150108|2938412222000,Edu,Edu_8_20260616_150108,2938412222000,fetch,fetch,0.3234133720397949,0.1893098354339599,0.1416374593973159,0.1652695685625076,0.1803698092699051,True,True,True,True,True
test|Edu_8_20260616_150108|2940745555000,Edu,Edu_8_20260616_150108,2940745555000,handover,handover,0.3180575668811798,0.1986741423606872,0.1542484015226364,0.1755885481834411,0.1534312963485717,True,True,True,True,True
test|Edu_8_20260616_150108|2941078889000,Edu,Edu_8_20260616_150108,2941078889000,handover,handover,0.310198575258255,0.2045380771160125,0.1554138213396072,0.1728692948818206,0.1569802463054657,True,True,True,True,True
test|Edu_8_20260616_150108|2941412222000,Edu,Edu_8_20260616_150108,2941412222000,handover,handover,0.2986379563808441,0.2136910259723663,0.1516854166984558,0.1704255938529968,0.1655600070953369,True,True,True,True,True
test|Edu_8_20260616_150108|2941745555000,Edu,Edu_8_20260616_150108,2941745555000,handover,handover,0.2866702973842621,0.2211253345012664,0.1508016288280487,0.1690134406089782,0.1723892539739608,True,True,True,True,True
test|Edu_8_20260616_150108|2942078889000,Edu,Edu_8_20260616_150108,2942078889000,handover,handover,0.2767768800258636,0.2286368310451507,0.1485371142625808,0.1681341528892517,0.177915021777153,True,True,True,True,True
test|Edu_8_20260616_150108|2942412222000,Edu,Edu_8_20260616_150108,2942412222000,handover,handover,0.2675960958003998,0.2333337068557739,0.1467147320508957,0.1692664921283722,0.1830889731645584,True,True,True,True,True
test|Edu_8_20260616_150108|2942745555000,Edu,Edu_8_20260616_150108,2942745555000,handover,handover,0.2604511678218841,0.2355492264032364,0.1442611217498779,0.1700804382562637,0.189658060669899,True,True,True,True,True
test|Edu_8_20260616_150108|2943078889000,Edu,Edu_8_20260616_150108,2943078889000,handover,handover,0.2557478845119476,0.2369474917650222,0.1428970992565155,0.1736124455928802,0.1907951086759567,True,True,True,True,True
test|Edu_8_20260616_150108|2943412222000,Edu,Edu_8_20260616_150108,2943412222000,handover,handover,0.2534253299236297,0.2341901063919067,0.1446747928857803,0.181806281208992,0.1859034448862075,True,True,True,True,True
test|Edu_8_20260616_150108|2943745555000,Edu,Edu_8_20260616_150108,2943745555000,handover,handover,0.2568617165088653,0.2301537692546844,0.1459849327802658,0.1858670264482498,0.1811326146125793,True,True,True,True,True
test|Edu_8_20260616_150108|2944078888000,Edu,Edu_8_20260616_150108,2944078888000,handover,handover,0.2648848593235016,0.2223233133554458,0.1453187465667724,0.1861637532711029,0.1813093572854995,True,True,True,True,True
test|Edu_8_20260616_150108|2944412222000,Edu,Edu_8_20260616_150108,2944412222000,handover,handover,0.2751335501670837,0.2128148525953292,0.1427520811557769,0.1853047907352447,0.1839947402477264,True,True,True,True,True
test|Edu_9_20260616_150247|3022645556000,Edu,Edu_9_20260616_150247,3022645556000,continue,handover,0.3465000689029693,0.0,0.0,0.3030226826667785,0.3504772186279297,True,False,False,True,True
test|Edu_9_20260616_150247|3022978890000,Edu,Edu_9_20260616_150247,3022978890000,continue,handover,0.3395173549652099,0.0,0.0,0.3046435713768005,0.3558389842510223,True,False,False,True,True
test|Edu_9_20260616_150247|3023312223000,Edu,Edu_9_20260616_150247,3023312223000,continue,handover,0.3319953978061676,0.0,0.0,0.3017168343067169,0.3662877380847931,True,False,False,True,True
test|Edu_9_20260616_150247|3023645556000,Edu,Edu_9_20260616_150247,3023645556000,continue,handover,0.3258987665176391,0.0,0.0,0.2980034053325653,0.3760977685451507,True,False,False,True,True
test|Edu_9_20260616_150247|3023978889000,Edu,Edu_9_20260616_150247,3023978889000,continue,handover,0.3264142274856567,0.0,0.0,0.2949326336383819,0.3786531686782837,True,False,False,True,True
test|Edu_9_20260616_150247|3024312223000,Edu,Edu_9_20260616_150247,3024312223000,continue,handover,0.3283939659595489,0.0,0.0,0.2944816350936889,0.3771243989467621,True,False,False,True,True
test|Edu_9_20260616_150247|3024645556000,Edu,Edu_9_20260616_150247,3024645556000,continue,handover,0.3293580114841461,0.0,0.0,0.2914007306098938,0.3792412877082824,True,False,False,True,True
test|Edu_9_20260616_150247|3024978889000,Edu,Edu_9_20260616_150247,3024978889000,continue,handover,0.3300015032291412,0.0,0.0,0.2867465615272522,0.3832519054412842,True,False,False,True,True
test|Edu_9_20260616_150247|3025312223000,Edu,Edu_9_20260616_150247,3025312223000,continue,handover,0.3343458175659179,0.0,0.0,0.2909853160381317,0.3746688961982727,True,False,False,True,True
test|Edu_9_20260616_150247|3025645556000,Edu,Edu_9_20260616_150247,3025645556000,continue,handover,0.3346904218196869,0.0,0.0,0.2917141616344452,0.3735954463481903,True,False,False,True,True
test|Edu_9_20260616_150247|3025978889000,Edu,Edu_9_20260616_150247,3025978889000,continue,handover,0.3296846449375152,0.0,0.0,0.2905468940734863,0.3797685205936432,True,False,False,True,True
test|Edu_9_20260616_150247|3026312223000,Edu,Edu_9_20260616_150247,3026312223000,continue,handover,0.3242319524288177,0.0,0.0,0.2878813147544861,0.3878867030143738,True,False,False,True,True
test|Edu_9_20260616_150247|3026645556000,Edu,Edu_9_20260616_150247,3026645556000,continue,handover,0.3197644054889679,0.0,0.0,0.2873957753181457,0.3928398489952087,True,False,False,True,True
test|Edu_9_20260616_150247|3026978889000,Edu,Edu_9_20260616_150247,3026978889000,continue,handover,0.3201572000980377,0.0,0.0,0.2902355790138244,0.3896071314811706,True,False,False,True,True
test|Edu_9_20260616_150247|3027312222000,Edu,Edu_9_20260616_150247,3027312222000,continue,handover,0.3166243135929107,0.0,0.0,0.2847046256065368,0.3986710906028747,True,False,False,True,True
test|Edu_9_20260616_150247|3027645556000,Edu,Edu_9_20260616_150247,3027645556000,continue,handover,0.3168458044528961,0.0,0.0,0.2821749150753021,0.4009792506694793,True,False,False,True,True
test|Edu_9_20260616_150247|3027978889000,Edu,Edu_9_20260616_150247,3027978889000,continue,handover,0.320268303155899,0.0,0.0,0.2830478847026825,0.3966838121414184,True,False,False,True,True
test|Edu_9_20260616_150247|3028312222000,Edu,Edu_9_20260616_150247,3028312222000,continue,handover,0.3227777183055877,0.0,0.0,0.2826367616653442,0.3945854902267456,True,False,False,True,True
test|Edu_9_20260616_150247|3028645556000,Edu,Edu_9_20260616_150247,3028645556000,continue,handover,0.3231405615806579,0.0,0.0,0.2776953279972076,0.3991641104221344,True,False,False,True,True
test|Edu_9_20260616_150247|3028978889000,Edu,Edu_9_20260616_150247,3028978889000,continue,handover,0.321220189332962,0.0,0.0,0.2750737071037292,0.4037060737609863,True,False,False,True,True
test|Edu_9_20260616_150247|3029312222000,Edu,Edu_9_20260616_150247,3029312222000,continue,handover,0.3211554288864136,0.0,0.0,0.2755654752254486,0.4032791554927826,True,False,False,True,True
test|Edu_9_20260616_150247|3029645555000,Edu,Edu_9_20260616_150247,3029645555000,continue,handover,0.3223884403705597,0.0,0.0,0.2782386243343353,0.3993729650974273,True,False,False,True,True
test|Edu_9_20260616_150247|3029978889000,Edu,Edu_9_20260616_150247,3029978889000,continue,handover,0.3222877383232116,0.0,0.0,0.2768063545227051,0.4009059369564056,True,False,False,True,True
test|Edu_9_20260616_150247|3030312222000,Edu,Edu_9_20260616_150247,3030312222000,continue,handover,0.3184518814086914,0.0,0.0,0.2766375839710235,0.4049105048179626,True,False,False,True,True
test|Edu_9_20260616_150247|3030645555000,Edu,Edu_9_20260616_150247,3030645555000,continue,handover,0.3186760544776916,0.0,0.0,0.2829732298851013,0.398350715637207,True,False,False,True,True
test|Edu_9_20260616_150247|3030978889000,Edu,Edu_9_20260616_150247,3030978889000,continue,handover,0.3226038217544555,0.0,0.0,0.2827979028224945,0.3945982456207275,True,False,False,True,True
test|Edu_9_20260616_150247|3031312222000,Edu,Edu_9_20260616_150247,3031312222000,continue,handover,0.3284145891666412,0.0,0.0,0.2819350659847259,0.3896503150463104,True,False,False,True,True
test|Edu_9_20260616_150247|3031645555000,Edu,Edu_9_20260616_150247,3031645555000,continue,handover,0.3296780288219452,0.0,0.0,0.2782586216926574,0.3920632898807525,True,False,False,True,True
test|Edu_9_20260616_150247|3031978889000,Edu,Edu_9_20260616_150247,3031978889000,continue,handover,0.3300644159317016,0.0,0.0,0.2753304839134216,0.3946050703525543,True,False,False,True,True
test|Edu_9_20260616_150247|3032312222000,Edu,Edu_9_20260616_150247,3032312222000,continue,handover,0.3305777311325073,0.0,0.0,0.2744675278663635,0.3949547410011291,True,False,False,True,True
test|Edu_9_20260616_150247|3032645555000,Edu,Edu_9_20260616_150247,3032645555000,continue,handover,0.3344373703002929,0.0,0.0,0.2706403434276581,0.3949222266674042,True,False,False,True,True
test|Edu_9_20260616_150247|3032978889000,Edu,Edu_9_20260616_150247,3032978889000,continue,handover,0.3343628048896789,0.0,0.0,0.2734162807464599,0.3922208845615387,True,False,False,True,True
test|Edu_9_20260616_150247|3033312222000,Edu,Edu_9_20260616_150247,3033312222000,continue,handover,0.3311048448085785,0.0,0.0,0.275684118270874,0.3932110965251922,True,False,False,True,True
test|Edu_9_20260616_150247|3033645555000,Edu,Edu_9_20260616_150247,3033645555000,continue,handover,0.3290180265903473,0.0,0.0,0.2787492573261261,0.3922326862812042,True,False,False,True,True
test|Edu_9_20260616_150247|3033978888000,Edu,Edu_9_20260616_150247,3033978888000,continue,handover,0.3263640105724334,0.0,0.0,0.2821138501167297,0.3915222287178039,True,False,False,True,True
test|Edu_9_20260616_150247|3034312222000,Edu,Edu_9_20260616_150247,3034312222000,continue,handover,0.3337617814540863,0.0,0.0,0.2841720283031463,0.3820661604404449,True,False,False,True,True
test|Edu_9_20260616_150247|3034645555000,Edu,Edu_9_20260616_150247,3034645555000,continue,handover,0.3339365720748901,0.0,0.0,0.2862583994865417,0.3798050284385681,True,False,False,True,True
test|Edu_9_20260616_150247|3034978888000,Edu,Edu_9_20260616_150247,3034978888000,continue,handover,0.3306362628936767,0.0,0.0,0.2858445644378662,0.3835191130638122,True,False,False,True,True
test|Edu_9_20260616_150247|3035312222000,Edu,Edu_9_20260616_150247,3035312222000,continue,handover,0.3259936273097992,0.0,0.0,0.2884829640388489,0.3855233788490295,True,False,False,True,True
test|Edu_9_20260616_150247|3035645555000,Edu,Edu_9_20260616_150247,3035645555000,continue,handover,0.3242540657520294,0.0,0.0,0.2944326400756836,0.3813133239746094,True,False,False,True,True
test|Edu_9_20260616_150247|3035978888000,Edu,Edu_9_20260616_150247,3035978888000,continue,handover,0.3263989090919494,0.0,0.0,0.29657843708992,0.3770226240158081,True,False,False,True,True
test|Edu_9_20260616_150247|3036312221000,Edu,Edu_9_20260616_150247,3036312221000,continue,handover,0.3284058272838592,0.0,0.0,0.2967900931835174,0.3748041093349457,True,False,False,True,True
test|Edu_9_20260616_150247|3036645555000,Edu,Edu_9_20260616_150247,3036645555000,fetch,handover,0.3310570418834686,0.0,0.0,0.301360160112381,0.3675828278064728,True,False,False,True,True
test|Edu_9_20260616_150247|3036978888000,Edu,Edu_9_20260616_150247,3036978888000,fetch,handover,0.3366596400737762,0.0,0.0,0.3067958950996399,0.3565444350242615,True,False,False,True,True
test|Edu_9_20260616_150247|3037312221000,Edu,Edu_9_20260616_150247,3037312221000,fetch,handover,0.3419317603111267,0.0,0.0,0.3072067499160766,0.3508614897727966,True,False,False,True,True
test|Edu_9_20260616_150247|3037645555000,Edu,Edu_9_20260616_150247,3037645555000,fetch,handover,0.3432366847991943,0.0,0.0,0.3017207086086273,0.3550426363945007,True,False,False,True,True
test|Edu_9_20260616_150247|3037978888000,Edu,Edu_9_20260616_150247,3037978888000,fetch,handover,0.3420090675354004,0.0,0.0,0.2989205121994018,0.3590703904628753,True,False,False,True,True
test|Edu_9_20260616_150247|3038312221000,Edu,Edu_9_20260616_150247,3038312221000,fetch,handover,0.338066428899765,0.0,0.0,0.2953333854675293,0.3666002154350281,True,False,False,True,True
test|Edu_9_20260616_150247|3038645555000,Edu,Edu_9_20260616_150247,3038645555000,fetch,handover,0.3361883461475372,0.0,0.0,0.2908447980880737,0.372966855764389,True,False,False,True,True
test|Edu_9_20260616_150247|3038978888000,Edu,Edu_9_20260616_150247,3038978888000,fetch,handover,0.334110826253891,0.0,0.0,0.2853797674179077,0.3805093765258789,True,False,False,True,True
test|Edu_9_20260616_150247|3039312221000,Edu,Edu_9_20260616_150247,3039312221000,fetch,handover,0.3345107436180115,0.0,0.0,0.2822171151638031,0.3832722008228302,True,False,False,True,True
test|Edu_9_20260616_150247|3039645555000,Edu,Edu_9_20260616_150247,3039645555000,fetch,handover,0.3357305228710174,0.0,0.0,0.2795976102352142,0.3846718370914459,True,False,False,True,True
test|Edu_9_20260616_150247|3039978888000,Edu,Edu_9_20260616_150247,3039978888000,fetch,handover,0.3355500102043152,0.0,0.0,0.2805841863155365,0.3838658034801483,True,False,False,True,True
test|Edu_9_20260616_150247|3040312221000,Edu,Edu_9_20260616_150247,3040312221000,fetch,handover,0.3329915404319763,0.0,0.0,0.2805375754833221,0.3864708542823791,True,False,False,True,True
test|Edu_9_20260616_150247|3040645554000,Edu,Edu_9_20260616_150247,3040645554000,fetch,handover,0.3279965221881866,0.0,0.0,0.2776990532875061,0.3943044245243072,True,False,False,True,True
test|Edu_9_20260616_150247|3040978888000,Edu,Edu_9_20260616_150247,3040978888000,fetch,handover,0.3294017910957336,0.0,0.0,0.2789947986602783,0.3916034400463104,True,False,False,True,True
test|Edu_9_20260616_150247|3041312221000,Edu,Edu_9_20260616_150247,3041312221000,fetch,handover,0.3313752710819244,0.0,0.0,0.2827894389629364,0.3858352601528168,True,False,False,True,True
test|Edu_9_20260616_150247|3041645554000,Edu,Edu_9_20260616_150247,3041645554000,fetch,handover,0.3344161808490753,0.0,0.0,0.2885896563529968,0.3769941926002502,True,False,False,True,True
test|Edu_9_20260616_150247|3043312221000,Edu,Edu_9_20260616_150247,3043312221000,handover,handover,0.3565543889999389,0.0,0.0,0.298609584569931,0.3448360562324524,True,False,False,True,True
test|Edu_9_20260616_150247|3043645554000,Edu,Edu_9_20260616_150247,3043645554000,handover,handover,0.3548175096511841,0.0,0.0,0.2914904057979584,0.3536921143531799,True,False,False,True,True
test|Edu_9_20260616_150247|3043978887000,Edu,Edu_9_20260616_150247,3043978887000,handover,handover,0.3509422242641449,0.0,0.0,0.2873536348342895,0.3617040812969208,True,False,False,True,True
test|Edu_9_20260616_150247|3044312221000,Edu,Edu_9_20260616_150247,3044312221000,handover,handover,0.3396558165550232,0.0,0.0,0.2808513641357422,0.3794928789138794,True,False,False,True,True
test|Edu_9_20260616_150247|3044645554000,Edu,Edu_9_20260616_150247,3044645554000,handover,handover,0.3347043693065643,0.0,0.0,0.2771220505237579,0.3881735503673553,True,False,False,True,True
test|Edu_9_20260616_150247|3044978887000,Edu,Edu_9_20260616_150247,3044978887000,handover,handover,0.3324536979198456,0.0,0.0,0.2754684090614319,0.3920779228210449,True,False,False,True,True
test|Edu_9_20260616_150247|3045312221000,Edu,Edu_9_20260616_150247,3045312221000,handover,handover,0.3314723372459411,0.0,0.0,0.2769229710102081,0.3916047811508178,True,False,False,True,True
test|Edu_9_20260616_150247|3045645554000,Edu,Edu_9_20260616_150247,3045645554000,handover,handover,0.3328409492969513,0.0,0.0,0.281861662864685,0.3852973282337188,True,False,False,True,True
test|Edu_9_20260616_150247|3045978887000,Edu,Edu_9_20260616_150247,3045978887000,handover,handover,0.3284979164600372,0.0,0.0,0.2906059622764587,0.3808960616588592,True,False,False,True,True
test|Edu_9_20260616_150247|3046312220000,Edu,Edu_9_20260616_150247,3046312220000,handover,handover,0.3259899020195007,0.0,0.0,0.3090612292289734,0.3649488389492035,True,False,False,True,True
test|Edu_9_20260616_150247|3046645554000,Edu,Edu_9_20260616_150247,3046645554000,handover,handover,0.3177113533020019,0.0,0.0,0.3185226619243622,0.3637660443782806,True,False,False,True,True
test|Jona_1_20260616_181413|1769278906000,Jona,Jona_1_20260616_181413,1769278906000,continue,continue,0.2211651057004928,0.2290757149457931,0.1328238099813461,0.1899065673351287,0.2270287722349167,True,True,True,True,True
test|Jona_1_20260616_181413|1769612240000,Jona,Jona_1_20260616_181413,1769612240000,continue,continue,0.228301465511322,0.2263163477182388,0.1282787770032882,0.1866436004638672,0.2304598540067672,True,True,True,True,True
test|Jona_1_20260616_181413|1769945573000,Jona,Jona_1_20260616_181413,1769945573000,continue,continue,0.2345016747713089,0.2248488664627075,0.1270815134048462,0.1830278933048248,0.2305400967597961,True,True,True,True,True
test|Jona_1_20260616_181413|1770278906000,Jona,Jona_1_20260616_181413,1770278906000,continue,continue,0.2427950799465179,0.2254150211811065,0.1270943433046341,0.1784034073352813,0.2262920886278152,True,True,True,True,True
test|Jona_1_20260616_181413|1770612239000,Jona,Jona_1_20260616_181413,1770612239000,continue,continue,0.254186600446701,0.2258780002593994,0.1258956342935562,0.1745262742042541,0.2195135056972503,True,True,True,True,True
test|Jona_1_20260616_181413|1770945573000,Jona,Jona_1_20260616_181413,1770945573000,continue,continue,0.2559391260147095,0.2306692451238632,0.1265671104192733,0.1776503026485443,0.2091742008924484,True,True,True,True,True
test|Jona_1_20260616_181413|1771278906000,Jona,Jona_1_20260616_181413,1771278906000,continue,continue,0.2534379363059997,0.2351735085248947,0.1262866556644439,0.180062785744667,0.2050391286611557,True,True,True,True,True
test|Jona_1_20260616_181413|1771612239000,Jona,Jona_1_20260616_181413,1771612239000,continue,continue,0.2547280192375183,0.234618067741394,0.124641053378582,0.1815683245658874,0.2044445872306823,True,True,True,True,True
test|Jona_1_20260616_181413|1771945573000,Jona,Jona_1_20260616_181413,1771945573000,continue,continue,0.2480569630861282,0.2325379848480224,0.1273842900991439,0.1845412403345108,0.2074794918298721,True,True,True,True,True
test|Jona_1_20260616_181413|1772278906000,Jona,Jona_1_20260616_181413,1772278906000,continue,continue,0.2391909956932068,0.2320629209280014,0.1309764683246612,0.1899051219224929,0.2078645825386047,True,True,True,True,True
test|Jona_1_20260616_181413|1772612239000,Jona,Jona_1_20260616_181413,1772612239000,continue,continue,0.2282883375883102,0.2314271628856659,0.1357204765081405,0.1925721019506454,0.2119919657707214,True,True,True,True,True
test|Jona_1_20260616_181413|1772945572000,Jona,Jona_1_20260616_181413,1772945572000,continue,continue,0.2326763868331909,0.2261535227298736,0.1363661438226699,0.1879484206438064,0.2168555259704589,True,True,True,True,True
test|Jona_1_20260616_181413|1773278906000,Jona,Jona_1_20260616_181413,1773278906000,continue,continue,0.2393061220645904,0.2219821065664291,0.1349423974752426,0.1834114640951156,0.2203578948974609,True,True,True,True,True
test|Jona_1_20260616_181413|1773612239000,Jona,Jona_1_20260616_181413,1773612239000,continue,continue,0.240653246641159,0.2228230684995651,0.1350768804550171,0.1805147230625152,0.2209321111440658,True,True,True,True,True
test|Jona_1_20260616_181413|1773945572000,Jona,Jona_1_20260616_181413,1773945572000,continue,continue,0.2497375160455703,0.2228696793317794,0.132107600569725,0.1792932450771331,0.2159919142723083,True,True,True,True,True
test|Jona_1_20260616_181413|1774278906000,Jona,Jona_1_20260616_181413,1774278906000,continue,continue,0.2521365880966186,0.2225788384675979,0.1288283020257949,0.180318608880043,0.2161376178264618,True,True,True,True,True
test|Jona_1_20260616_181413|1774612239000,Jona,Jona_1_20260616_181413,1774612239000,continue,continue,0.2616223394870758,0.2209598422050476,0.1242105215787887,0.1793645322322845,0.2138427644968032,True,True,True,True,True
test|Jona_1_20260616_181413|1774945572000,Jona,Jona_1_20260616_181413,1774945572000,continue,continue,0.2744094431400299,0.2168663591146469,0.1220927909016609,0.1739037036895752,0.21272774040699,True,True,True,True,True
test|Jona_1_20260616_181413|1775278906000,Jona,Jona_1_20260616_181413,1775278906000,continue,continue,0.2840612530708313,0.2129929512739181,0.1220427379012107,0.1713832765817642,0.2095197439193725,True,True,True,True,True
test|Jona_1_20260616_181413|1775612239000,Jona,Jona_1_20260616_181413,1775612239000,continue,continue,0.2941079437732696,0.2091499119997024,0.123231366276741,0.170266792178154,0.2032439559698104,True,True,True,True,True
test|Jona_1_20260616_181413|1775945572000,Jona,Jona_1_20260616_181413,1775945572000,continue,continue,0.2994633615016937,0.2100225985050201,0.1222320273518562,0.1677735298871994,0.2005085051059723,True,True,True,True,True
test|Jona_1_20260616_181413|1776278906000,Jona,Jona_1_20260616_181413,1776278906000,continue,continue,0.3065991401672363,0.2075437158346176,0.1217405721545219,0.1632956266403198,0.2008209228515625,True,True,True,True,True
test|Jona_1_20260616_181413|1776612239000,Jona,Jona_1_20260616_181413,1776612239000,continue,continue,0.3084645569324493,0.2046364247798919,0.1225536689162254,0.1630630046129226,0.2012823671102523,True,True,True,True,True
test|Jona_1_20260616_181413|1776945572000,Jona,Jona_1_20260616_181413,1776945572000,continue,continue,0.3075998425483703,0.2028579711914062,0.1242978423833847,0.1676200479269027,0.197624385356903,True,True,True,True,True
test|Jona_1_20260616_181413|1777278905000,Jona,Jona_1_20260616_181413,1777278905000,continue,continue,0.3075407743453979,0.2004221528768539,0.1247799396514892,0.1716935187578201,0.1955636292695999,True,True,True,True,True
test|Jona_1_20260616_181413|1777612239000,Jona,Jona_1_20260616_181413,1777612239000,continue,continue,0.3070975840091705,0.196008950471878,0.1233575120568275,0.1761938482522964,0.1973420679569244,True,True,True,True,True
test|Jona_1_20260616_181413|1777945572000,Jona,Jona_1_20260616_181413,1777945572000,continue,continue,0.3121495246887207,0.1875795871019363,0.1247227936983108,0.178756758570671,0.1967913508415222,True,True,True,True,True
test|Jona_1_20260616_181413|1778278905000,Jona,Jona_1_20260616_181413,1778278905000,continue,fetch,0.3169779777526855,0.1835583001375198,0.1247347146272659,0.180208534002304,0.1945203989744186,True,True,True,True,True
test|Jona_1_20260616_181413|1778612239000,Jona,Jona_1_20260616_181413,1778612239000,continue,fetch,0.3192118108272552,0.1827088743448257,0.1244957149028778,0.1801209449768066,0.1934626251459121,True,True,True,True,True
test|Jona_1_20260616_181413|1778945572000,Jona,Jona_1_20260616_181413,1778945572000,fetch,fetch,0.3225568830966949,0.1827003508806228,0.1236292496323585,0.1785581409931183,0.1925553828477859,True,True,True,True,True
test|Jona_1_20260616_181413|1779278905000,Jona,Jona_1_20260616_181413,1779278905000,fetch,fetch,0.3249400854110718,0.1830624788999557,0.123193047940731,0.1768115609884262,0.191992849111557,True,True,True,True,True
test|Jona_1_20260616_181413|1779612238000,Jona,Jona_1_20260616_181413,1779612238000,fetch,fetch,0.3245377242565155,0.1826218515634536,0.1227416098117828,0.173830434679985,0.1962684541940689,True,True,True,True,True
test|Jona_1_20260616_181413|1779945572000,Jona,Jona_1_20260616_181413,1779945572000,fetch,fetch,0.3246220648288727,0.1822015941143036,0.1222213432192802,0.173930212855339,0.1970248520374298,True,True,True,True,True
test|Jona_1_20260616_181413|1780278905000,Jona,Jona_1_20260616_181413,1780278905000,fetch,fetch,0.3249437808990478,0.1809408366680145,0.1226953417062759,0.174464002251625,0.1969560384750366,True,True,True,True,True
test|Jona_1_20260616_181413|1780612238000,Jona,Jona_1_20260616_181413,1780612238000,fetch,fetch,0.3274726569652557,0.1811045408248901,0.1236476302146911,0.1729671061038971,0.1948079913854599,True,True,True,True,True
test|Jona_1_20260616_181413|1780945572000,Jona,Jona_1_20260616_181413,1780945572000,fetch,fetch,0.328910619020462,0.180478423833847,0.1232665628194809,0.1722939759492874,0.195050448179245,True,True,True,True,True
test|Jona_1_20260616_181413|1781278905000,Jona,Jona_1_20260616_181413,1781278905000,fetch,fetch,0.3297808766365051,0.1795241087675094,0.1229840591549873,0.1719085276126861,0.1958024054765701,True,True,True,True,True
test|Jona_1_20260616_181413|1781612238000,Jona,Jona_1_20260616_181413,1781612238000,fetch,fetch,0.3304046988487243,0.1796697080135345,0.1233223602175712,0.1734569519758224,0.1931463330984115,True,True,True,True,True
test|Jona_1_20260616_181413|1781945572000,Jona,Jona_1_20260616_181413,1781945572000,fetch,fetch,0.3298417031764984,0.1795345097780227,0.1231932789087295,0.173810988664627,0.1936195343732834,True,True,True,True,True
test|Jona_1_20260616_181413|1782278905000,Jona,Jona_1_20260616_181413,1782278905000,fetch,fetch,0.329582005739212,0.180007204413414,0.1228130236268043,0.1725327670574188,0.1950649470090866,True,True,True,True,True
test|Jona_1_20260616_181413|1782612238000,Jona,Jona_1_20260616_181413,1782612238000,fetch,fetch,0.3267012536525726,0.1801275312900543,0.122635394334793,0.1741078644990921,0.1964279413223266,True,True,True,True,True
test|Jona_1_20260616_181413|1786278904000,Jona,Jona_1_20260616_181413,1786278904000,handover,handover,0.2944496870040893,0.2011482715606689,0.1259567886590957,0.1753010749816894,0.2031441777944564,True,True,True,True,True
test|Jona_1_20260616_181413|1786612238000,Jona,Jona_1_20260616_181413,1786612238000,handover,handover,0.290869653224945,0.2076647281646728,0.1256734877824783,0.1742551177740097,0.2015370577573776,True,True,True,True,True
test|Jona_1_20260616_181413|1786945571000,Jona,Jona_1_20260616_181413,1786945571000,handover,handover,0.2878300249576568,0.2128094285726547,0.1269351691007614,0.1743203550577163,0.1981050223112106,True,True,True,True,True
test|Jona_1_20260616_181413|1787278904000,Jona,Jona_1_20260616_181413,1787278904000,handover,handover,0.2865408658981323,0.2160768210887909,0.1271524429321289,0.1739561855792999,0.1962736845016479,True,True,True,True,True
test|Jona_1_20260616_181413|1787612238000,Jona,Jona_1_20260616_181413,1787612238000,handover,handover,0.2880137264728546,0.2189665287733078,0.1281184405088424,0.1732538044452667,0.1916475594043731,True,True,True,True,True
test|Jona_1_20260616_181413|1787945571000,Jona,Jona_1_20260616_181413,1787945571000,handover,handover,0.2908667922019958,0.2204079627990722,0.1283252537250518,0.1744330376386642,0.1859668940305709,True,True,True,True,True
test|Jona_1_20260616_181413|1788278904000,Jona,Jona_1_20260616_181413,1788278904000,handover,handover,0.2941276729106903,0.2214727252721786,0.1277198493480682,0.1788729280233383,0.1778068840503692,True,True,True,True,True
test|Jona_1_20260616_181413|1788612238000,Jona,Jona_1_20260616_181413,1788612238000,handover,handover,0.2943729758262634,0.2216991633176803,0.125986710190773,0.1793065220117569,0.1786346435546875,True,True,True,True,True
test|Jona_1_20260616_181413|1788945571000,Jona,Jona_1_20260616_181413,1788945571000,handover,handover,0.2880861163139343,0.2227524071931839,0.1243413090705871,0.1815157681703567,0.1833044290542602,True,True,True,True,True
test|Jona_1_20260616_181413|1789278904000,Jona,Jona_1_20260616_181413,1789278904000,handover,handover,0.2731315493583679,0.2269258946180343,0.1235426664352417,0.1868313550949096,0.1895685046911239,True,True,True,True,True
test|Jona_1_20260616_181413|1789612237000,Jona,Jona_1_20260616_181413,1789612237000,handover,handover,0.2725593745708465,0.2248939871788025,0.1225961297750473,0.1854825466871261,0.1944679617881775,True,True,True,True,True
test|Jona_1_20260616_181413|1789945571000,Jona,Jona_1_20260616_181413,1789945571000,handover,handover,0.2721059918403625,0.2236314564943313,0.1217826977372169,0.183671623468399,0.1988082081079483,True,True,True,True,True
test|Jona_1_20260616_181413|1790278904000,Jona,Jona_1_20260616_181413,1790278904000,handover,handover,0.2728298604488373,0.221807986497879,0.120558425784111,0.181465283036232,0.2033384144306183,True,True,True,True,True
test|Jona_2_20260616_181551|1867578905000,Jona,Jona_2_20260616_181551,1867578905000,continue,continue,0.262012630701065,0.2060269117355346,0.1583905518054962,0.1730297952890396,0.200540155172348,True,True,True,True,True
test|Jona_2_20260616_181551|1867912238000,Jona,Jona_2_20260616_181551,1867912238000,continue,continue,0.2570083439350128,0.2140637189149856,0.1576264202594757,0.1709135323762893,0.2003879994153976,True,True,True,True,True
test|Jona_2_20260616_181551|1868245572000,Jona,Jona_2_20260616_181551,1868245572000,continue,continue,0.2515352666378021,0.223502829670906,0.1565790176391601,0.1704541742801666,0.197928711771965,True,True,True,True,True
test|Jona_2_20260616_181551|1868578905000,Jona,Jona_2_20260616_181551,1868578905000,continue,continue,0.2477525472640991,0.2332446575164795,0.1550705581903457,0.167546197772026,0.1963859498500824,True,True,True,True,True
test|Jona_2_20260616_181551|1868912238000,Jona,Jona_2_20260616_181551,1868912238000,continue,continue,0.2483535408973693,0.2385007590055465,0.1553045511245727,0.1643922179937362,0.1934489607810974,True,True,True,True,True
test|Jona_2_20260616_181551|1869245572000,Jona,Jona_2_20260616_181551,1869245572000,continue,continue,0.250954121351242,0.240969032049179,0.1557976156473159,0.1637063175439834,0.1885729432106018,True,True,True,True,True
test|Jona_2_20260616_181551|1869578905000,Jona,Jona_2_20260616_181551,1869578905000,continue,continue,0.25172159075737,0.2407510876655578,0.1598505675792694,0.1643571257591247,0.1833196282386779,True,True,True,True,True
test|Jona_2_20260616_181551|1869912238000,Jona,Jona_2_20260616_181551,1869912238000,continue,continue,0.2534370124340057,0.2360038757324218,0.164930060505867,0.1645240485668182,0.1811050176620483,True,True,True,True,True
test|Jona_2_20260616_181551|1870245572000,Jona,Jona_2_20260616_181551,1870245572000,continue,continue,0.2578159868717193,0.2265930473804474,0.167612686753273,0.1612740308046341,0.1867042630910873,True,True,True,True,True
test|Jona_2_20260616_181551|1870578905000,Jona,Jona_2_20260616_181551,1870578905000,continue,continue,0.2657139301300049,0.2139582931995391,0.1702610403299331,0.1592036634683609,0.1908631175756454,True,True,True,True,True
test|Jona_2_20260616_181551|1870912238000,Jona,Jona_2_20260616_181551,1870912238000,continue,continue,0.2723905444145202,0.2023544460535049,0.1744186133146286,0.1576451957225799,0.1931911408901214,True,True,True,True,True
test|Jona_2_20260616_181551|1871245571000,Jona,Jona_2_20260616_181551,1871245571000,continue,continue,0.2778124213218689,0.1943734437227249,0.1783639639616012,0.1561833322048187,0.1932667791843414,True,True,True,True,True
test|Jona_2_20260616_181551|1871578905000,Jona,Jona_2_20260616_181551,1871578905000,continue,continue,0.2869295477867126,0.1876950860023498,0.1786653995513916,0.1552658081054687,0.1914441585540771,True,True,True,True,True
test|Jona_2_20260616_181551|1871912238000,Jona,Jona_2_20260616_181551,1871912238000,continue,continue,0.2955267429351806,0.1831633448600769,0.1770357340574264,0.1544076353311538,0.1898664981126785,True,True,True,True,True
test|Jona_2_20260616_181551|1872245571000,Jona,Jona_2_20260616_181551,1872245571000,continue,continue,0.2995505630970001,0.1811892688274383,0.1778143495321273,0.1536512672901153,0.1877946108579635,True,True,True,True,True
test|Jona_2_20260616_181551|1872578905000,Jona,Jona_2_20260616_181551,1872578905000,continue,continue,0.2974467873573303,0.1835019141435623,0.1732140630483627,0.1543261408805847,0.1915110647678375,True,True,True,True,True
test|Jona_2_20260616_181551|1872912238000,Jona,Jona_2_20260616_181551,1872912238000,continue,continue,0.2938018143177032,0.1878475844860077,0.167739450931549,0.155161052942276,0.1954500675201416,True,True,True,True,True
test|Jona_2_20260616_181551|1873245571000,Jona,Jona_2_20260616_181551,1873245571000,continue,continue,0.2911432981491089,0.1943507492542266,0.1640199869871139,0.1576611548662185,0.1928247809410095,True,True,True,True,True
test|Jona_2_20260616_181551|1873578905000,Jona,Jona_2_20260616_181551,1873578905000,continue,continue,0.2831311225891113,0.2014733701944351,0.1627532988786697,0.1625594347715377,0.1900827884674072,True,True,True,True,True
test|Jona_2_20260616_181551|1873912238000,Jona,Jona_2_20260616_181551,1873912238000,continue,continue,0.2677662968635559,0.2078205943107605,0.1649063676595688,0.1707501262426376,0.1887566745281219,True,True,True,True,True
test|Jona_2_20260616_181551|1874245571000,Jona,Jona_2_20260616_181551,1874245571000,continue,continue,0.2538444995880127,0.2136726081371307,0.1672638356685638,0.1769066601991653,0.1883124262094497,True,True,True,True,True
test|Jona_2_20260616_181551|1874578904000,Jona,Jona_2_20260616_181551,1874578904000,continue,continue,0.2437177151441574,0.215169072151184,0.1707807630300521,0.1813310533761978,0.1890014261007309,True,True,True,True,True
test|Jona_2_20260616_181551|1874912238000,Jona,Jona_2_20260616_181551,1874912238000,continue,continue,0.2340811192989349,0.2158782631158828,0.170404851436615,0.1843434572219848,0.1952922940254211,True,True,True,True,True
test|Jona_2_20260616_181551|1875245571000,Jona,Jona_2_20260616_181551,1875245571000,continue,continue,0.2205210924148559,0.2148290574550628,0.169464498758316,0.1859485208988189,0.2092368304729461,True,True,True,True,True
test|Jona_2_20260616_181551|1875578904000,Jona,Jona_2_20260616_181551,1875578904000,continue,continue,0.216496393084526,0.2131708413362503,0.1697482317686081,0.1811028122901916,0.2194816470146179,True,True,True,True,True
test|Jona_2_20260616_181551|1875912238000,Jona,Jona_2_20260616_181551,1875912238000,continue,continue,0.2258491665124893,0.2136034220457077,0.1663171947002411,0.1737903654575348,0.2204398065805435,True,True,True,True,True
test|Jona_2_20260616_181551|1876245571000,Jona,Jona_2_20260616_181551,1876245571000,continue,continue,0.236009880900383,0.2150777876377105,0.1590800434350967,0.1708607226610183,0.2189715206623077,True,True,True,True,True
test|Jona_2_20260616_181551|1876578904000,Jona,Jona_2_20260616_181551,1876578904000,continue,continue,0.2414191365242004,0.2167594581842422,0.1549574136734008,0.1689160764217376,0.2179478704929351,True,True,True,True,True
test|Jona_2_20260616_181551|1876912238000,Jona,Jona_2_20260616_181551,1876912238000,continue,continue,0.2474890053272247,0.2168857008218765,0.1516529768705368,0.1680581420660019,0.2159142196178436,True,True,True,True,True
test|Jona_2_20260616_181551|1877245571000,Jona,Jona_2_20260616_181551,1877245571000,continue,continue,0.2551194131374359,0.2164698839187622,0.1485071927309036,0.1667107790708542,0.213192731142044,True,True,True,True,True
test|Jona_2_20260616_181551|1877578904000,Jona,Jona_2_20260616_181551,1877578904000,continue,continue,0.2615604698657989,0.2164562940597534,0.1423432379961013,0.1677411645650863,0.211898848414421,True,True,True,True,True
test|Jona_2_20260616_181551|1877912237000,Jona,Jona_2_20260616_181551,1877912237000,continue,continue,0.2622471749782562,0.2149448692798614,0.1391483098268509,0.166621446609497,0.2170381993055343,True,True,True,True,True
test|Jona_2_20260616_181551|1878245571000,Jona,Jona_2_20260616_181551,1878245571000,continue,continue,0.2616520524024963,0.2152166664600372,0.1374602019786834,0.1657607406377792,0.2199102938175201,True,True,True,True,True
test|Jona_2_20260616_181551|1878578904000,Jona,Jona_2_20260616_181551,1878578904000,continue,continue,0.2617400884628296,0.216310366988182,0.1347778290510177,0.1643565744161605,0.2228151559829712,True,True,True,True,True
test|Jona_2_20260616_181551|1878912237000,Jona,Jona_2_20260616_181551,1878912237000,continue,continue,0.2607996761798858,0.2183405309915542,0.1339587569236755,0.1639346331357956,0.2229663878679275,True,True,True,True,True
test|Jona_2_20260616_181551|1879245571000,Jona,Jona_2_20260616_181551,1879245571000,continue,continue,0.2591341137886047,0.2214032113552093,0.1340717226266861,0.1644203513860702,0.2209706157445907,True,True,True,True,True
test|Jona_2_20260616_181551|1879578904000,Jona,Jona_2_20260616_181551,1879578904000,continue,continue,0.2581391632556915,0.2220226526260376,0.1426489651203155,0.1634704619646072,0.2137187868356704,True,True,True,True,True
test|Jona_2_20260616_181551|1879912237000,Jona,Jona_2_20260616_181551,1879912237000,continue,continue,0.306104451417923,0.2583914697170257,0.0,0.1903738975524902,0.2451301217079162,True,True,False,True,True
test|Jona_2_20260616_181551|1880245571000,Jona,Jona_2_20260616_181551,1880245571000,continue,continue,0.3134162425994873,0.2550908029079437,0.0,0.1895028352737426,0.2419901192188263,True,True,False,True,True
test|Jona_2_20260616_181551|1880578904000,Jona,Jona_2_20260616_181551,1880578904000,continue,continue,0.3193880617618561,0.2525090277194977,0.0,0.1899058222770691,0.2381970733404159,True,True,False,True,True
test|Jona_2_20260616_181551|1880912237000,Jona,Jona_2_20260616_181551,1880912237000,continue,continue,0.3258276283740997,0.2473135888576507,0.0,0.1889350563287735,0.2379236966371536,True,True,False,True,True
test|Jona_2_20260616_181551|1881245570000,Jona,Jona_2_20260616_181551,1881245570000,continue,continue,0.3309693932533264,0.2413067668676376,0.0,0.189537838101387,0.2381860017776489,True,True,False,True,True
test|Jona_2_20260616_181551|1881578904000,Jona,Jona_2_20260616_181551,1881578904000,continue,continue,0.3269600570201874,0.238344207406044,0.0,0.1923964470624923,0.2422993183135986,True,True,False,True,True
test|Jona_2_20260616_181551|1881912237000,Jona,Jona_2_20260616_181551,1881912237000,continue,continue,0.3175670504570007,0.2379119247198104,0.0,0.197094053030014,0.2474269717931747,True,True,False,True,True
test|Jona_2_20260616_181551|1882245570000,Jona,Jona_2_20260616_181551,1882245570000,continue,continue,0.3046685755252838,0.2383707016706466,0.0,0.2016434967517852,0.2553172409534454,True,True,False,True,True
test|Jona_2_20260616_181551|1882578904000,Jona,Jona_2_20260616_181551,1882578904000,continue,continue,0.3052248358726501,0.2354182451963424,0.0,0.2012189030647277,0.2581380009651184,True,True,False,True,True
test|Jona_2_20260616_181551|1882912237000,Jona,Jona_2_20260616_181551,1882912237000,continue,continue,0.3103759586811065,0.2322664111852646,0.0,0.2009129822254181,0.2564446032047272,True,True,False,True,True
test|Jona_2_20260616_181551|1883245570000,Jona,Jona_2_20260616_181551,1883245570000,continue,continue,0.3133786916732788,0.2317899912595749,0.0,0.2007742673158645,0.2540570497512817,True,True,False,True,True
test|Jona_2_20260616_181551|1883578904000,Jona,Jona_2_20260616_181551,1883578904000,continue,continue,0.3162457048892975,0.2295419573783874,0.0,0.2039483487606048,0.2502639591693878,True,True,False,True,True
test|Jona_2_20260616_181551|1883912237000,Jona,Jona_2_20260616_181551,1883912237000,continue,continue,0.3182514905929565,0.2295950800180435,0.0,0.2043740004301071,0.2477794140577316,True,True,False,True,True
test|Jona_2_20260616_181551|1884245570000,Jona,Jona_2_20260616_181551,1884245570000,continue,continue,0.3183055222034454,0.2347825616598129,0.0,0.2047172635793686,0.2421946674585342,True,True,False,True,True
test|Jona_2_20260616_181551|1884578903000,Jona,Jona_2_20260616_181551,1884578903000,continue,continue,0.3042066097259521,0.2453995198011398,0.0,0.2069844305515289,0.2434093654155731,True,True,False,True,True
test|Jona_2_20260616_181551|1884912237000,Jona,Jona_2_20260616_181551,1884912237000,continue,continue,0.2847420871257782,0.2565161287784576,0.0,0.2098317146301269,0.2489100247621536,True,True,False,True,True
test|Jona_2_20260616_181551|1885245570000,Jona,Jona_2_20260616_181551,1885245570000,continue,continue,0.272228330373764,0.2652008235454559,0.0,0.2093348652124405,0.2532359361648559,True,True,False,True,True
test|Jona_2_20260616_181551|1885578903000,Jona,Jona_2_20260616_181551,1885578903000,continue,continue,0.2641364634037018,0.277584433555603,0.0,0.2060489803552627,0.252230167388916,True,True,False,True,True
test|Jona_2_20260616_181551|1885912237000,Jona,Jona_2_20260616_181551,1885912237000,continue,continue,0.2620590627193451,0.286738246679306,0.0,0.202788844704628,0.2484138906002044,True,True,False,True,True
test|Jona_2_20260616_181551|1886245570000,Jona,Jona_2_20260616_181551,1886245570000,continue,continue,0.2670282125473022,0.2815410792827606,0.0,0.2021612226963043,0.249269500374794,True,True,False,True,True
test|Jona_2_20260616_181551|1886578903000,Jona,Jona_2_20260616_181551,1886578903000,continue,continue,0.2742084562778473,0.2728250026702881,0.0,0.2029410749673843,0.2500254511833191,True,True,False,True,True
test|Jona_2_20260616_181551|1886912237000,Jona,Jona_2_20260616_181551,1886912237000,continue,continue,0.2835521399974823,0.2683486342430115,0.0,0.2018602788448333,0.2462389469146728,True,True,False,True,True
test|Jona_2_20260616_181551|1887245570000,Jona,Jona_2_20260616_181551,1887245570000,continue,continue,0.2910806238651275,0.2629396319389343,0.0,0.199725866317749,0.2462538182735443,True,True,False,True,True
test|Jona_2_20260616_181551|1887578903000,Jona,Jona_2_20260616_181551,1887578903000,continue,continue,0.3021854162216186,0.2539654076099396,0.0,0.1963373571634292,0.2475118488073349,True,True,False,True,True
test|Jona_2_20260616_181551|1887912236000,Jona,Jona_2_20260616_181551,1887912236000,continue,continue,0.3083877563476562,0.247487798333168,0.0,0.194848746061325,0.2492757141590118,True,True,False,True,True
test|Jona_2_20260616_181551|1888245570000,Jona,Jona_2_20260616_181551,1888245570000,continue,continue,0.3104744553565979,0.2485290169715881,0.0,0.1930879205465316,0.2479085922241211,True,True,False,True,True
test|Jona_2_20260616_181551|1888578903000,Jona,Jona_2_20260616_181551,1888578903000,continue,continue,0.3112426996231079,0.2523809671401977,0.0,0.1906726658344268,0.2457036972045898,True,True,False,True,True
test|Jona_2_20260616_181551|1888912236000,Jona,Jona_2_20260616_181551,1888912236000,continue,continue,0.304952323436737,0.2567018270492553,0.0,0.1898679286241531,0.2484779357910156,True,True,False,True,True
test|Jona_2_20260616_181551|1889245570000,Jona,Jona_2_20260616_181551,1889245570000,continue,continue,0.2971571981906891,0.2658858597278595,0.0,0.1904082000255584,0.2465487271547317,True,True,False,True,True
test|Jona_2_20260616_181551|1889578903000,Jona,Jona_2_20260616_181551,1889578903000,continue,continue,0.2899634838104248,0.2749235332012176,0.0,0.1908147931098938,0.2442982345819473,True,True,False,True,True
test|Jona_2_20260616_181551|1889912236000,Jona,Jona_2_20260616_181551,1889912236000,continue,continue,0.2879196405410766,0.2807259261608124,0.0,0.1888754367828369,0.2424789816141128,True,True,False,True,True
test|Jona_2_20260616_181551|1890245570000,Jona,Jona_2_20260616_181551,1890245570000,continue,continue,0.2950588464736938,0.283903956413269,0.0,0.1854791045188903,0.2355581074953079,True,True,False,True,True
test|Jona_2_20260616_181551|1890578903000,Jona,Jona_2_20260616_181551,1890578903000,continue,continue,0.2974712252616882,0.285361647605896,0.0,0.1814827471971511,0.2356843650341034,True,True,False,True,True
test|Jona_2_20260616_181551|1890912236000,Jona,Jona_2_20260616_181551,1890912236000,continue,continue,0.2915716767311096,0.286641776561737,0.0,0.1808086186647415,0.240977942943573,True,True,False,True,True
test|Jona_2_20260616_181551|1891245569000,Jona,Jona_2_20260616_181551,1891245569000,continue,continue,0.2880353629589081,0.2859199643135071,0.0,0.1816902607679367,0.2443544417619705,True,True,False,True,True
test|Jona_2_20260616_181551|1891578903000,Jona,Jona_2_20260616_181551,1891578903000,continue,continue,0.2951241731643677,0.2824354171752929,0.0,0.1791135668754577,0.243326798081398,True,True,False,True,True
test|Jona_2_20260616_181551|1891912236000,Jona,Jona_2_20260616_181551,1891912236000,continue,continue,0.3063794076442718,0.2755453288555145,0.0,0.1774912774562835,0.2405839711427688,True,True,False,True,True
test|Jona_2_20260616_181551|1892245569000,Jona,Jona_2_20260616_181551,1892245569000,continue,continue,0.3105771243572235,0.2716866433620453,0.0,0.1809378117322921,0.2367983907461166,True,True,False,True,True
test|Jona_2_20260616_181551|1892578903000,Jona,Jona_2_20260616_181551,1892578903000,continue,continue,0.3209869265556335,0.2627837657928467,0.0,0.1856604218482971,0.2305689305067062,True,True,False,True,True
test|Jona_2_20260616_181551|1892912236000,Jona,Jona_2_20260616_181551,1892912236000,continue,continue,0.3419163227081299,0.2473379224538803,0.0,0.1853087246417999,0.2254370599985122,True,True,False,True,True
test|Jona_2_20260616_181551|1893245569000,Jona,Jona_2_20260616_181551,1893245569000,continue,fetch,0.3623549342155456,0.2333494424819946,0.0,0.1855222582817077,0.2187733054161071,True,True,False,True,True
test|Jona_2_20260616_181551|1893578903000,Jona,Jona_2_20260616_181551,1893578903000,continue,fetch,0.3674374520778656,0.2237149775028228,0.0,0.1897964924573898,0.2190510481595993,True,True,False,True,True
test|Jona_2_20260616_181551|1893912236000,Jona,Jona_2_20260616_181551,1893912236000,continue,fetch,0.3658235073089599,0.2200416922569275,0.0,0.1932715475559234,0.2208632826805114,True,True,False,True,True
test|Jona_2_20260616_181551|1894245569000,Jona,Jona_2_20260616_181551,1894245569000,fetch,fetch,0.3642950356006622,0.2171618789434433,0.0,0.1921456009149551,0.2263974994421005,True,True,False,True,True
test|Jona_2_20260616_181551|1894578902000,Jona,Jona_2_20260616_181551,1894578902000,fetch,fetch,0.3635821044445038,0.2166838496923446,0.0,0.1920812427997589,0.227652832865715,True,True,False,True,True
test|Jona_2_20260616_181551|1894912236000,Jona,Jona_2_20260616_181551,1894912236000,fetch,fetch,0.363931268453598,0.2174641191959381,0.0,0.1936273276805877,0.2249772250652313,True,True,False,True,True
test|Jona_2_20260616_181551|1895245569000,Jona,Jona_2_20260616_181551,1895245569000,fetch,fetch,0.3619062006473541,0.2172193229198455,0.0,0.1951064318418502,0.22576804459095,True,True,False,True,True
test|Jona_2_20260616_181551|1895578902000,Jona,Jona_2_20260616_181551,1895578902000,fetch,fetch,0.3609889447689056,0.2186013311147689,0.0,0.1944277137517929,0.2259820103645324,True,True,False,True,True
test|Jona_2_20260616_181551|1895912236000,Jona,Jona_2_20260616_181551,1895912236000,fetch,fetch,0.3613954484462738,0.2189483493566513,0.0,0.1933846622705459,0.2262715548276901,True,True,False,True,True
test|Jona_2_20260616_181551|1896245569000,Jona,Jona_2_20260616_181551,1896245569000,fetch,fetch,0.3598216772079468,0.2155770063400268,0.0,0.1943180710077285,0.2302832156419754,True,True,False,True,True
test|Jona_2_20260616_181551|1896578902000,Jona,Jona_2_20260616_181551,1896578902000,fetch,fetch,0.3592040836811065,0.2119532227516174,0.0,0.1938650757074356,0.2349775284528732,True,True,False,True,True
test|Jona_2_20260616_181551|1896912236000,Jona,Jona_2_20260616_181551,1896912236000,fetch,fetch,0.3594468533992767,0.208862155675888,0.0,0.1941851675510406,0.2375058680772781,True,True,False,True,True
test|Jona_2_20260616_181551|1897245569000,Jona,Jona_2_20260616_181551,1897245569000,fetch,fetch,0.3595076203346252,0.2054686844348907,0.0,0.1926742196083068,0.2423494458198547,True,True,False,True,True
test|Jona_2_20260616_181551|1897578902000,Jona,Jona_2_20260616_181551,1897578902000,fetch,fetch,0.3615657091140747,0.2006891220808029,0.0,0.1916226148605346,0.2461225688457489,True,True,False,True,True
test|Jona_2_20260616_181551|1897912235000,Jona,Jona_2_20260616_181551,1897912235000,fetch,fetch,0.3631411790847778,0.1976094245910644,0.0,0.1919085085391998,0.2473408132791519,True,True,False,True,True
test|Jona_2_20260616_181551|1898245569000,Jona,Jona_2_20260616_181551,1898245569000,fetch,fetch,0.3655900359153747,0.1975839436054229,0.0,0.1902768462896347,0.2465491592884063,True,True,False,True,True
test|Jona_2_20260616_181551|1898578902000,Jona,Jona_2_20260616_181551,1898578902000,fetch,fetch,0.3662348687648773,0.1978722959756851,0.0,0.1897315084934234,0.2461612671613693,True,True,False,True,True
test|Jona_2_20260616_181551|1898912235000,Jona,Jona_2_20260616_181551,1898912235000,fetch,fetch,0.3664277791976928,0.19732066988945,0.0,0.1886590272188186,0.2475925385951995,True,True,False,True,True
test|Jona_2_20260616_181551|1899245569000,Jona,Jona_2_20260616_181551,1899245569000,fetch,fetch,0.3672766089439392,0.1978134363889694,0.0,0.18929985165596,0.2456101030111313,True,True,False,True,True
test|Jona_2_20260616_181551|1899578902000,Jona,Jona_2_20260616_181551,1899578902000,fetch,fetch,0.3658627569675445,0.1983627080917358,0.0,0.1900113672018051,0.2457631528377533,True,True,False,True,True
test|Jona_2_20260616_181551|1903912235000,Jona,Jona_2_20260616_181551,1903912235000,handover,handover,0.3522006571292877,0.2305050641298294,0.0,0.1923591196537017,0.2249351292848587,True,True,False,True,True
test|Jona_2_20260616_181551|1904245568000,Jona,Jona_2_20260616_181551,1904245568000,handover,handover,0.3511427044868469,0.2365631759166717,0.0,0.1923089623451233,0.2199851423501968,True,True,False,True,True
test|Jona_2_20260616_181551|1904578901000,Jona,Jona_2_20260616_181551,1904578901000,handover,handover,0.3496564626693725,0.2420055717229843,0.0,0.1895924508571624,0.218745544552803,True,True,False,True,True
test|Jona_2_20260616_181551|1904912235000,Jona,Jona_2_20260616_181551,1904912235000,handover,handover,0.3447637856006622,0.2471960633993148,0.0,0.1853332668542862,0.2227069288492202,True,True,False,True,True
test|Jona_2_20260616_181551|1905245568000,Jona,Jona_2_20260616_181551,1905245568000,handover,handover,0.3434598445892334,0.249055877327919,0.0,0.1845074146986007,0.2229768484830856,True,True,False,True,True
test|Jona_2_20260616_181551|1905578901000,Jona,Jona_2_20260616_181551,1905578901000,handover,handover,0.3413001000881195,0.245844230055809,0.0,0.186502993106842,0.2263526171445846,True,True,False,True,True
test|Jona_2_20260616_181551|1905912235000,Jona,Jona_2_20260616_181551,1905912235000,handover,handover,0.3404562175273895,0.2426032871007919,0.0,0.1862154155969619,0.2307251691818237,True,True,False,True,True
test|Jona_2_20260616_181551|1906245568000,Jona,Jona_2_20260616_181551,1906245568000,handover,handover,0.3422867953777313,0.2380504310131073,0.0,0.1867487430572509,0.2329140603542328,True,True,False,True,True
test|Jona_2_20260616_181551|1906578901000,Jona,Jona_2_20260616_181551,1906578901000,handover,handover,0.3455502688884735,0.233340710401535,0.0,0.1876304894685745,0.2334785014390945,True,True,False,True,True
test|Jona_2_20260616_181551|1906912235000,Jona,Jona_2_20260616_181551,1906912235000,handover,handover,0.3499035835266113,0.230835422873497,0.0,0.1882464736700058,0.2310145199298858,True,True,False,True,True
test|Jona_2_20260616_181551|1907245568000,Jona,Jona_2_20260616_181551,1907245568000,handover,handover,0.352188766002655,0.2305932790040969,0.0,0.1884245872497558,0.2287933081388473,True,True,False,True,True
test|Jona_3_20260616_181717|1954878904000,Jona,Jona_3_20260616_181717,1954878904000,continue,fetch,0.2408832758665084,0.2059132307767868,0.1409272402524948,0.1856589019298553,0.2266173660755157,True,True,True,True,True
test|Jona_3_20260616_181717|1955212238000,Jona,Jona_3_20260616_181717,1955212238000,continue,fetch,0.2396117001771927,0.2081721127033233,0.1399541199207306,0.1809549629688263,0.2313071936368942,True,True,True,True,True
test|Jona_3_20260616_181717|1955545571000,Jona,Jona_3_20260616_181717,1955545571000,continue,continue,0.2375705391168594,0.2110273689031601,0.1395592242479324,0.1772965043783188,0.2345464080572128,True,True,True,True,True
test|Jona_3_20260616_181717|1955878904000,Jona,Jona_3_20260616_181717,1955878904000,continue,continue,0.2280300110578537,0.2208807468414306,0.139683648943901,0.1773660033941269,0.2340395897626876,True,True,True,True,True
test|Jona_3_20260616_181717|1956212237000,Jona,Jona_3_20260616_181717,1956212237000,continue,continue,0.2271988987922668,0.2290080189704895,0.1371026486158371,0.1751162856817245,0.2315741330385208,True,True,True,True,True
test|Jona_3_20260616_181717|1956545571000,Jona,Jona_3_20260616_181717,1956545571000,continue,continue,0.2694493234157562,0.2626112699508667,0.0,0.1993812322616577,0.268558144569397,True,True,False,True,True
test|Jona_3_20260616_181717|1956878904000,Jona,Jona_3_20260616_181717,1956878904000,continue,continue,0.2817617654800415,0.2598797380924225,0.0,0.1943216770887375,0.2640368044376373,True,True,False,True,True
test|Jona_3_20260616_181717|1957212237000,Jona,Jona_3_20260616_181717,1957212237000,continue,continue,0.2918047606945038,0.2594026029109955,0.0,0.189188152551651,0.2596045136451721,True,True,False,True,True
test|Jona_3_20260616_181717|1957545571000,Jona,Jona_3_20260616_181717,1957545571000,continue,continue,0.3028819859027862,0.2573011815547943,0.0,0.1876149326562881,0.2522018849849701,True,True,False,True,True
test|Jona_3_20260616_181717|1957878904000,Jona,Jona_3_20260616_181717,1957878904000,continue,continue,0.316698282957077,0.2513996064662933,0.0,0.1872392445802688,0.2446628361940384,True,True,False,True,True
test|Jona_3_20260616_181717|1958212237000,Jona,Jona_3_20260616_181717,1958212237000,continue,continue,0.3258270919322967,0.2460443377494812,0.0,0.1879924237728119,0.2401361912488937,True,True,False,True,True
test|Jona_3_20260616_181717|1958545571000,Jona,Jona_3_20260616_181717,1958545571000,continue,continue,0.331678569316864,0.2467219531536102,0.0,0.1843124032020568,0.2372870743274688,True,True,False,True,True
test|Jona_3_20260616_181717|1958878904000,Jona,Jona_3_20260616_181717,1958878904000,continue,continue,0.3338466286659241,0.2448140680789947,0.0,0.183130607008934,0.2382087260484695,True,True,False,True,True
test|Jona_3_20260616_181717|1959212237000,Jona,Jona_3_20260616_181717,1959212237000,continue,continue,0.33670774102211,0.2430539429187774,0.0,0.1829835176467895,0.237254798412323,True,True,False,True,True
test|Jona_3_20260616_181717|1959545570000,Jona,Jona_3_20260616_181717,1959545570000,continue,continue,0.3360088765621185,0.2459618598222732,0.0,0.1832130253314972,0.2348162680864334,True,True,False,True,True
test|Jona_3_20260616_181717|1959878904000,Jona,Jona_3_20260616_181717,1959878904000,continue,continue,0.3291074931621551,0.2510977983474731,0.0,0.1852049529552459,0.2345897257328033,True,True,False,True,True
test|Jona_3_20260616_181717|1960212237000,Jona,Jona_3_20260616_181717,1960212237000,continue,continue,0.3216103613376617,0.2548478245735168,0.0,0.1889176368713379,0.2346242219209671,True,True,False,True,True
test|Jona_3_20260616_181717|1960545570000,Jona,Jona_3_20260616_181717,1960545570000,continue,continue,0.3138363063335418,0.260025680065155,0.0,0.1920276582241058,0.234110414981842,True,True,False,True,True
test|Jona_3_20260616_181717|1960878904000,Jona,Jona_3_20260616_181717,1960878904000,continue,continue,0.3040843904018402,0.2660719454288482,0.0,0.1952613592147827,0.2345822900533676,True,True,False,True,True
test|Jona_3_20260616_181717|1961212237000,Jona,Jona_3_20260616_181717,1961212237000,continue,continue,0.2892526388168335,0.2730604708194732,0.0,0.2019606679677963,0.2357262372970581,True,True,False,True,True
test|Jona_3_20260616_181717|1961545570000,Jona,Jona_3_20260616_181717,1961545570000,continue,continue,0.2786365449428558,0.2727429866790771,0.0,0.2060534060001373,0.2425670027732849,True,True,False,True,True
test|Jona_3_20260616_181717|1961878904000,Jona,Jona_3_20260616_181717,1961878904000,continue,continue,0.2748419046401977,0.2696434557437897,0.0,0.2072169631719589,0.2482976615428924,True,True,False,True,True
test|Jona_3_20260616_181717|1962212237000,Jona,Jona_3_20260616_181717,1962212237000,continue,continue,0.2722868323326111,0.2663307189941406,0.0,0.20513516664505,0.2562472820281982,True,True,False,True,True
test|Jona_3_20260616_181717|1962545570000,Jona,Jona_3_20260616_181717,1962545570000,continue,continue,0.2720037400722503,0.2648953795433044,0.0,0.2104893326759338,0.2526116073131561,True,True,False,True,True
test|Jona_3_20260616_181717|1962878903000,Jona,Jona_3_20260616_181717,1962878903000,continue,continue,0.2587209939956665,0.2624290287494659,0.0,0.2279908508062362,0.2508591115474701,True,True,False,True,True
test|Jona_3_20260616_181717|1963212237000,Jona,Jona_3_20260616_181717,1963212237000,continue,continue,0.2510053515434265,0.2583708763122558,0.0,0.23427514731884,0.2563486099243164,True,True,False,True,True
test|Jona_3_20260616_181717|1963545570000,Jona,Jona_3_20260616_181717,1963545570000,continue,continue,0.251181423664093,0.2540752291679382,0.0,0.2354001700878143,0.2593431770801544,True,True,False,True,True
test|Jona_3_20260616_181717|1963878903000,Jona,Jona_3_20260616_181717,1963878903000,continue,continue,0.2525697648525238,0.2486653476953506,0.0,0.237448051571846,0.2613168060779571,True,True,False,True,True
test|Jona_3_20260616_181717|1964212237000,Jona,Jona_3_20260616_181717,1964212237000,continue,continue,0.2541698813438415,0.2506769895553589,0.0,0.2395472824573516,0.2556058466434479,True,True,False,True,True
test|Jona_3_20260616_181717|1964545570000,Jona,Jona_3_20260616_181717,1964545570000,continue,continue,0.2527087032794952,0.2529698312282562,0.0,0.2319550812244415,0.2623662948608398,True,True,False,True,True
test|Jona_3_20260616_181717|1964878903000,Jona,Jona_3_20260616_181717,1964878903000,continue,continue,0.2708958685398102,0.253173291683197,0.0,0.211538165807724,0.2643926441669464,True,True,False,True,True
test|Jona_3_20260616_181717|1965212236000,Jona,Jona_3_20260616_181717,1965212236000,continue,continue,0.2872520983219147,0.2502519488334656,0.0,0.2015919387340545,0.2609039545059204,True,True,False,True,True
test|Jona_3_20260616_181717|1965545570000,Jona,Jona_3_20260616_181717,1965545570000,continue,continue,0.2951195836067199,0.2506206929683685,0.0,0.1966067850589752,0.2576529681682586,True,True,False,True,True
test|Jona_3_20260616_181717|1965878903000,Jona,Jona_3_20260616_181717,1965878903000,continue,continue,0.3012681603431701,0.2511407434940338,0.0,0.1909855306148529,0.2566055953502655,True,True,False,True,True
test|Jona_3_20260616_181717|1966212236000,Jona,Jona_3_20260616_181717,1966212236000,continue,continue,0.3091055452823639,0.2473931014537811,0.0,0.1869358569383621,0.256565511226654,True,True,False,True,True
test|Jona_3_20260616_181717|1966545570000,Jona,Jona_3_20260616_181717,1966545570000,continue,continue,0.317945659160614,0.240478903055191,0.0,0.1860288679599762,0.2555465996265411,True,True,False,True,True
test|Jona_3_20260616_181717|1966878903000,Jona,Jona_3_20260616_181717,1966878903000,continue,continue,0.3201763033866882,0.2384373843669891,0.0,0.1886544227600097,0.2527318298816681,True,True,False,True,True
test|Jona_3_20260616_181717|1967212236000,Jona,Jona_3_20260616_181717,1967212236000,continue,continue,0.319637656211853,0.2404381185770034,0.0,0.1906315684318542,0.2492926865816116,True,True,False,True,True
test|Jona_3_20260616_181717|1967545570000,Jona,Jona_3_20260616_181717,1967545570000,continue,continue,0.3149499595165252,0.2427077889442443,0.0,0.1936172842979431,0.2487249225378036,True,True,False,True,True
test|Jona_3_20260616_181717|1967878903000,Jona,Jona_3_20260616_181717,1967878903000,continue,continue,0.3102007806301117,0.245988056063652,0.0,0.1966975927352905,0.2471135854721069,True,True,False,True,True
test|Jona_3_20260616_181717|1968212236000,Jona,Jona_3_20260616_181717,1968212236000,continue,continue,0.3057735562324524,0.2455520033836364,0.0,0.2008542865514755,0.2478201389312744,True,True,False,True,True
test|Jona_3_20260616_181717|1968545570000,Jona,Jona_3_20260616_181717,1968545570000,continue,continue,0.298483669757843,0.2474500834941864,0.0,0.2062303274869918,0.2478358894586563,True,True,False,True,True
test|Jona_3_20260616_181717|1968878903000,Jona,Jona_3_20260616_181717,1968878903000,continue,continue,0.2881336212158203,0.2506182193756103,0.0,0.2083114832639694,0.2529366612434387,True,True,False,True,True
test|Jona_3_20260616_181717|1969212236000,Jona,Jona_3_20260616_181717,1969212236000,continue,continue,0.2917957305908203,0.2495678067207336,0.0,0.2039559781551361,0.2546804547309875,True,True,False,True,True
test|Jona_3_20260616_181717|1969545569000,Jona,Jona_3_20260616_181717,1969545569000,continue,continue,0.3067179024219513,0.2456210553646087,0.0,0.1991650611162185,0.2484959959983825,True,True,False,True,True
test|Jona_3_20260616_181717|1969878903000,Jona,Jona_3_20260616_181717,1969878903000,continue,continue,0.3175811171531677,0.2427319586277008,0.0,0.195067897439003,0.2446190267801284,True,True,False,True,True
test|Jona_3_20260616_181717|1970212236000,Jona,Jona_3_20260616_181717,1970212236000,continue,continue,0.3026998341083526,0.2469674944877624,0.0,0.2013033181428909,0.2490293234586715,True,True,False,True,True
test|Jona_3_20260616_181717|1970545569000,Jona,Jona_3_20260616_181717,1970545569000,continue,continue,0.2952230274677276,0.2473691403865814,0.0,0.1993493139743805,0.2580585479736328,True,True,False,True,True
test|Jona_3_20260616_181717|1970878903000,Jona,Jona_3_20260616_181717,1970878903000,continue,continue,0.2968580424785614,0.2433002144098281,0.0,0.1962223947048187,0.2636193633079529,True,True,False,True,True
test|Jona_3_20260616_181717|1971212236000,Jona,Jona_3_20260616_181717,1971212236000,continue,continue,0.2945042252540588,0.2412101179361343,0.0,0.1967241913080215,0.2675614953041076,True,True,False,True,True
test|Jona_3_20260616_181717|1971545569000,Jona,Jona_3_20260616_181717,1971545569000,continue,continue,0.284157782793045,0.2420281171798706,0.0,0.1981795579195022,0.2756345272064209,True,True,False,True,True
test|Jona_3_20260616_181717|1971878902000,Jona,Jona_3_20260616_181717,1971878902000,continue,continue,0.2871837019920349,0.2381372600793838,0.0,0.1948274374008178,0.2798516154289245,True,True,False,True,True
test|Jona_3_20260616_181717|1972212236000,Jona,Jona_3_20260616_181717,1972212236000,continue,continue,0.3159962296485901,0.2285631448030471,0.0,0.1788750886917114,0.2765654623508453,True,True,False,True,True
test|Jona_3_20260616_181717|1972545569000,Jona,Jona_3_20260616_181717,1972545569000,continue,continue,0.3350551426410675,0.2228593379259109,0.0,0.1730459481477737,0.269039511680603,True,True,False,True,True
test|Jona_3_20260616_181717|1972878902000,Jona,Jona_3_20260616_181717,1972878902000,continue,continue,0.347739040851593,0.2172111868858337,0.0,0.1694985181093216,0.2655512690544128,True,True,False,True,True
test|Jona_3_20260616_181717|1973212236000,Jona,Jona_3_20260616_181717,1973212236000,continue,continue,0.3545791804790497,0.2160295695066452,0.0,0.168309286236763,0.2610819637775421,True,True,False,True,True
test|Jona_3_20260616_181717|1973545569000,Jona,Jona_3_20260616_181717,1973545569000,continue,continue,0.3578808009624481,0.2122300416231155,0.0,0.1692669689655304,0.2606221735477447,True,True,False,True,True
test|Jona_3_20260616_181717|1973878902000,Jona,Jona_3_20260616_181717,1973878902000,continue,continue,0.3559347093105316,0.2097300142049789,0.0,0.173849731683731,0.2604855298995971,True,True,False,True,True
test|Jona_3_20260616_181717|1974212236000,Jona,Jona_3_20260616_181717,1974212236000,continue,continue,0.3548544049263,0.2051797360181808,0.0,0.1791943907737732,0.2607713937759399,True,True,False,True,True
test|Jona_3_20260616_181717|1974545569000,Jona,Jona_3_20260616_181717,1974545569000,continue,continue,0.3557915389537811,0.1982772499322891,0.0,0.1842865645885467,0.2616446614265442,True,True,False,True,True
test|Jona_3_20260616_181717|1974878902000,Jona,Jona_3_20260616_181717,1974878902000,continue,continue,0.3563484847545624,0.1978823095560073,0.0,0.1879912763833999,0.2577779591083526,True,True,False,True,True
test|Jona_3_20260616_181717|1975212236000,Jona,Jona_3_20260616_181717,1975212236000,continue,continue,0.355665773153305,0.2045023292303085,0.0,0.1927746683359146,0.2470572292804718,True,True,False,True,True
test|Jona_3_20260616_181717|1975545569000,Jona,Jona_3_20260616_181717,1975545569000,continue,continue,0.3558354079723358,0.214861512184143,0.0,0.1933936476707458,0.235909417271614,True,True,False,True,True
test|Jona_3_20260616_181717|1975878902000,Jona,Jona_3_20260616_181717,1975878902000,continue,continue,0.3529266715049743,0.2225713580846786,0.0,0.1902869045734405,0.2342151254415512,True,True,False,True,True
test|Jona_3_20260616_181717|1976212235000,Jona,Jona_3_20260616_181717,1976212235000,continue,continue,0.3520387709140777,0.2305220812559127,0.0,0.1891092807054519,0.2283298522233963,True,True,False,True,True
test|Jona_3_20260616_181717|1976545569000,Jona,Jona_3_20260616_181717,1976545569000,continue,continue,0.3487161993980407,0.241017460823059,0.0,0.1891774982213974,0.2210887968540191,True,True,False,True,True
test|Jona_3_20260616_181717|1976878902000,Jona,Jona_3_20260616_181717,1976878902000,continue,continue,0.3453671634197235,0.2491009086370468,0.0,0.1889742612838745,0.216557577252388,True,True,False,True,True
test|Jona_3_20260616_181717|1977212235000,Jona,Jona_3_20260616_181717,1977212235000,continue,continue,0.3398992121219635,0.2537421882152557,0.0,0.1873773336410522,0.2189812362194061,True,True,False,True,True
test|Jona_3_20260616_181717|1977545569000,Jona,Jona_3_20260616_181717,1977545569000,continue,continue,0.3382289111614227,0.2583625018596649,0.0,0.1889037042856216,0.2145049124956131,True,True,False,True,True
test|Jona_3_20260616_181717|1977878902000,Jona,Jona_3_20260616_181717,1977878902000,continue,continue,0.3377368450164795,0.2633514404296875,0.0,0.1919299811124801,0.2069817185401916,True,True,False,True,True
test|Jona_3_20260616_181717|1978212235000,Jona,Jona_3_20260616_181717,1978212235000,continue,continue,0.33303302526474,0.2657532393932342,0.0,0.1939105540513992,0.2073032259941101,True,True,False,True,True
test|Jona_3_20260616_181717|1978545568000,Jona,Jona_3_20260616_181717,1978545568000,continue,continue,0.3311117589473724,0.2614032626152038,0.0,0.1915195435285568,0.2159654945135116,True,True,False,True,True
test|Jona_3_20260616_181717|1978878902000,Jona,Jona_3_20260616_181717,1978878902000,continue,continue,0.3305659294128418,0.2577179074287414,0.0,0.1888074874877929,0.2229086607694625,True,True,False,True,True
test|Jona_3_20260616_181717|1979212235000,Jona,Jona_3_20260616_181717,1979212235000,continue,continue,0.3313509523868561,0.254536896944046,0.0,0.1891604661941528,0.2249516695737838,True,True,False,True,True
test|Jona_3_20260616_181717|1979545568000,Jona,Jona_3_20260616_181717,1979545568000,continue,continue,0.3335090577602386,0.2486128211021423,0.0,0.1888074278831482,0.2290706485509872,True,True,False,True,True
test|Jona_3_20260616_181717|1979878902000,Jona,Jona_3_20260616_181717,1979878902000,continue,continue,0.3394096493721008,0.2386363446712494,0.0,0.1877055317163467,0.2342485189437866,True,True,False,True,True
test|Jona_3_20260616_181717|1980212235000,Jona,Jona_3_20260616_181717,1980212235000,continue,continue,0.3457851707935333,0.2297728061676025,0.0,0.1879986673593521,0.2364433258771896,True,True,False,True,True
test|Jona_3_20260616_181717|1980545568000,Jona,Jona_3_20260616_181717,1980545568000,continue,continue,0.3517488837242126,0.2230308502912521,0.0,0.1893338412046432,0.2358864098787307,True,True,False,True,True
test|Jona_3_20260616_181717|1980878902000,Jona,Jona_3_20260616_181717,1980878902000,continue,continue,0.3520229458808899,0.216876596212387,0.0,0.195978507399559,0.2351219356060028,True,True,False,True,True
test|Jona_3_20260616_181717|1981212235000,Jona,Jona_3_20260616_181717,1981212235000,continue,continue,0.3473718464374542,0.215316891670227,0.0,0.2010178416967392,0.2362934350967407,True,True,False,True,True
test|Jona_3_20260616_181717|1981545568000,Jona,Jona_3_20260616_181717,1981545568000,continue,continue,0.3433862626552582,0.2145731598138809,0.0,0.2039822489023208,0.2380584329366684,True,True,False,True,True
test|Jona_3_20260616_181717|1981878901000,Jona,Jona_3_20260616_181717,1981878901000,continue,continue,0.3295468688011169,0.2201594561338424,0.0,0.2105896323919296,0.2397040724754333,True,True,False,True,True
test|Jona_3_20260616_181717|1982212235000,Jona,Jona_3_20260616_181717,1982212235000,continue,continue,0.3051325678825378,0.2295176088809967,0.0,0.2194627225399017,0.2458871006965637,True,True,False,True,True
test|Jona_3_20260616_181717|1982545568000,Jona,Jona_3_20260616_181717,1982545568000,continue,continue,0.3083272576332092,0.2296784073114395,0.0,0.2198325991630554,0.2421617805957794,True,True,False,True,True
test|Jona_3_20260616_181717|1982878901000,Jona,Jona_3_20260616_181717,1982878901000,continue,fetch,0.3294079601764679,0.2230691164731979,0.0,0.2114141881465912,0.2361087650060653,True,True,False,True,True
test|Jona_3_20260616_181717|1983212235000,Jona,Jona_3_20260616_181717,1983212235000,continue,fetch,0.3510004580020904,0.2140625566244125,0.0,0.2010320127010345,0.23390494287014,True,True,False,True,True
test|Jona_3_20260616_181717|1983545568000,Jona,Jona_3_20260616_181717,1983545568000,continue,fetch,0.3633846342563629,0.2054158151149749,0.0,0.1979785114526748,0.2332210540771484,True,True,False,True,True
test|Jona_3_20260616_181717|1983878901000,Jona,Jona_3_20260616_181717,1983878901000,continue,fetch,0.3729572892189026,0.1993042081594467,0.0,0.1934227794408798,0.2343157827854156,True,True,False,True,True
test|Jona_3_20260616_181717|1984212235000,Jona,Jona_3_20260616_181717,1984212235000,continue,fetch,0.3866503536701202,0.1911934614181518,0.0,0.1853314191102981,0.2368248403072357,True,True,False,True,True
test|Jona_3_20260616_181717|1984545568000,Jona,Jona_3_20260616_181717,1984545568000,continue,fetch,0.3793752193450928,0.1881062686443328,0.0,0.1862225234508514,0.2462959736585617,True,True,False,True,True
test|Jona_3_20260616_181717|1984878901000,Jona,Jona_3_20260616_181717,1984878901000,continue,fetch,0.3737379908561706,0.1870505809783935,0.0,0.1867323070764541,0.2524791061878204,True,True,False,True,True
test|Jona_3_20260616_181717|1985212234000,Jona,Jona_3_20260616_181717,1985212234000,continue,fetch,0.3694508671760559,0.1876823455095291,0.0,0.1885763257741928,0.2542904019355774,True,True,False,True,True
test|Jona_3_20260616_181717|1985545568000,Jona,Jona_3_20260616_181717,1985545568000,continue,fetch,0.3659413158893585,0.1880273073911667,0.0,0.1874928772449493,0.2585385143756866,True,True,False,True,True
test|Jona_3_20260616_181717|1985878901000,Jona,Jona_3_20260616_181717,1985878901000,continue,fetch,0.3660193085670471,0.1886051893234253,0.0,0.1884021610021591,0.2569733560085296,True,True,False,True,True
test|Jona_3_20260616_181717|1986212234000,Jona,Jona_3_20260616_181717,1986212234000,continue,fetch,0.3668143451213836,0.1897560358047485,0.0,0.1905207335948944,0.2529087960720062,True,True,False,True,True
test|Jona_3_20260616_181717|1986545568000,Jona,Jona_3_20260616_181717,1986545568000,fetch,handover,0.3688044548034668,0.1913569122552871,0.0,0.1901823431253433,0.2496562600135803,True,True,False,True,True
test|Jona_3_20260616_181717|1986878901000,Jona,Jona_3_20260616_181717,1986878901000,fetch,handover,0.3704474866390228,0.1917011886835098,0.0,0.1903571486473083,0.2474941909313202,True,True,False,True,True
test|Jona_3_20260616_181717|1987212234000,Jona,Jona_3_20260616_181717,1987212234000,fetch,fetch,0.3703967928886413,0.1933927237987518,0.0,0.1910797357559204,0.2451307922601699,True,True,False,True,True
test|Jona_3_20260616_181717|1987545568000,Jona,Jona_3_20260616_181717,1987545568000,fetch,fetch,0.3747482001781463,0.1937009990215301,0.0,0.1913805902004242,0.2401701807975769,True,True,False,True,True
test|Jona_3_20260616_181717|1987878901000,Jona,Jona_3_20260616_181717,1987878901000,fetch,fetch,0.3764412999153137,0.1922587454319,0.0,0.1905954629182815,0.2407045066356659,True,True,False,True,True
test|Jona_3_20260616_181717|1988212234000,Jona,Jona_3_20260616_181717,1988212234000,fetch,handover,0.3759716153144836,0.191780686378479,0.0,0.19015933573246,0.2420883774757385,True,True,False,True,True
test|Jona_3_20260616_181717|1988545567000,Jona,Jona_3_20260616_181717,1988545567000,fetch,fetch,0.3762017488479614,0.1906395554542541,0.0,0.1900300234556198,0.2431286722421646,True,True,False,True,True
test|Jona_3_20260616_181717|1988878901000,Jona,Jona_3_20260616_181717,1988878901000,fetch,fetch,0.3768125176429748,0.1905561089515686,0.0,0.1895390152931213,0.2430923134088516,True,True,False,True,True
test|Jona_3_20260616_181717|1989212234000,Jona,Jona_3_20260616_181717,1989212234000,fetch,fetch,0.3776984810829162,0.1870975941419601,0.0,0.1892193108797073,0.2459845691919326,True,True,False,True,True
test|Jona_3_20260616_181717|1989545567000,Jona,Jona_3_20260616_181717,1989545567000,fetch,fetch,0.3752476572990417,0.1871001422405243,0.0,0.1884540021419525,0.2491981536149978,True,True,False,True,True
test|Jona_3_20260616_181717|1989878901000,Jona,Jona_3_20260616_181717,1989878901000,fetch,fetch,0.3750873506069183,0.1879192739725113,0.0,0.1875908523797989,0.2494024634361267,True,True,False,True,True
test|Jona_3_20260616_181717|1990212234000,Jona,Jona_3_20260616_181717,1990212234000,fetch,fetch,0.3766381740570068,0.1882127970457077,0.0,0.188652753829956,0.2464962601661682,True,True,False,True,True
test|Jona_3_20260616_181717|1990545567000,Jona,Jona_3_20260616_181717,1990545567000,fetch,fetch,0.3770119547843933,0.1885207444429397,0.0,0.1884340345859527,0.2460332363843917,True,True,False,True,True
test|Jona_3_20260616_181717|1994545567000,Jona,Jona_3_20260616_181717,1994545567000,handover,handover,0.3546792566776275,0.2201982736587524,0.0,0.1901470720767974,0.2349753677845001,True,True,False,True,True
test|Jona_3_20260616_181717|1994878900000,Jona,Jona_3_20260616_181717,1994878900000,handover,handover,0.3477460145950317,0.2289938777685165,0.0,0.1924021244049072,0.2308579683303833,True,True,False,True,True
test|Jona_3_20260616_181717|1995212233000,Jona,Jona_3_20260616_181717,1995212233000,handover,handover,0.341324895620346,0.2330375015735626,0.0,0.1931228637695312,0.2325147092342376,True,True,False,True,True
test|Jona_3_20260616_181717|1995545567000,Jona,Jona_3_20260616_181717,1995545567000,handover,handover,0.3386042714118957,0.2354134619235992,0.0,0.1920877248048782,0.2338945120573043,True,True,False,True,True
test|Jona_3_20260616_181717|1995878900000,Jona,Jona_3_20260616_181717,1995878900000,handover,handover,0.3402770161628723,0.235273391008377,0.0,0.1916638910770416,0.2327856719493866,True,True,False,True,True
test|Jona_3_20260616_181717|1996212233000,Jona,Jona_3_20260616_181717,1996212233000,handover,handover,0.3423247039318084,0.2317146509885788,0.0,0.1914094239473343,0.234551191329956,True,True,False,True,True
test|Jona_3_20260616_181717|1996545567000,Jona,Jona_3_20260616_181717,1996545567000,handover,handover,0.347219705581665,0.2269202619791031,0.0,0.1919360607862472,0.2339239567518234,True,True,False,True,True
test|Jona_3_20260616_181717|1996878900000,Jona,Jona_3_20260616_181717,1996878900000,handover,handover,0.35373255610466,0.2239235639572143,0.0,0.1926854103803634,0.2296584099531173,True,True,False,True,True
test|Jona_3_20260616_181717|1997212233000,Jona,Jona_3_20260616_181717,1997212233000,handover,handover,0.3549137413501739,0.2237588316202163,0.0,0.1959534287452697,0.2253739684820175,True,True,False,True,True
test|Jona_3_20260616_181717|1997545567000,Jona,Jona_3_20260616_181717,1997545567000,handover,handover,0.3473607003688812,0.2216831445693969,0.0,0.1992727667093277,0.2316833585500717,True,True,False,True,True
test|Jona_3_20260616_181717|1997878900000,Jona,Jona_3_20260616_181717,1997878900000,handover,handover,0.3274904787540436,0.2256243079900741,0.0,0.2072225660085678,0.2396626025438308,True,True,False,True,True
test|Jona_4_20260616_181855|2052512237000,Jona,Jona_4_20260616_181855,2052512237000,continue,fetch,0.2087752074003219,0.2291198223829269,0.1325871348381042,0.2050493061542511,0.2244685292243957,True,True,True,True,True
test|Jona_4_20260616_181855|2052845570000,Jona,Jona_4_20260616_181855,2052845570000,continue,fetch,0.1996885240077972,0.2312641143798828,0.133476048707962,0.2091242969036102,0.2264470309019088,True,True,True,True,True
test|Jona_4_20260616_181855|2053178903000,Jona,Jona_4_20260616_181855,2053178903000,continue,continue,0.193031370639801,0.2320466786623001,0.134335771203041,0.209355890750885,0.2312302589416504,True,True,True,True,True
test|Jona_4_20260616_181855|2053512236000,Jona,Jona_4_20260616_181855,2053512236000,continue,continue,0.2025892287492752,0.2274974733591079,0.132738783955574,0.2026519924402237,0.2345225811004638,True,True,True,True,True
test|Jona_4_20260616_181855|2053845570000,Jona,Jona_4_20260616_181855,2053845570000,continue,continue,0.218733862042427,0.2261367291212082,0.1297571212053299,0.1912978589534759,0.2340744882822036,True,True,True,True,True
test|Jona_4_20260616_181855|2054178903000,Jona,Jona_4_20260616_181855,2054178903000,continue,continue,0.2350356429815292,0.2272698581218719,0.1269031167030334,0.1784770190715789,0.2323143184185028,True,True,True,True,True
test|Jona_4_20260616_181855|2054512236000,Jona,Jona_4_20260616_181855,2054512236000,continue,continue,0.2541908919811249,0.2276109158992767,0.1246386691927909,0.171927273273468,0.2216322422027588,True,True,True,True,True
test|Jona_4_20260616_181855|2054845570000,Jona,Jona_4_20260616_181855,2054845570000,continue,continue,0.2706817984580993,0.2253753840923309,0.1217476949095726,0.1671070009469986,0.2150881588459015,True,True,True,True,True
test|Jona_4_20260616_181855|2055178903000,Jona,Jona_4_20260616_181855,2055178903000,continue,continue,0.2736701965332031,0.2281851172447204,0.120279960334301,0.1688284426927566,0.2090363204479217,True,True,True,True,True
test|Jona_4_20260616_181855|2055512236000,Jona,Jona_4_20260616_181855,2055512236000,continue,continue,0.2738758027553558,0.2325222939252853,0.118997611105442,0.1712575703859329,0.2033466547727584,True,True,True,True,True
test|Jona_4_20260616_181855|2055845570000,Jona,Jona_4_20260616_181855,2055845570000,continue,continue,0.2711991667747497,0.2341651022434234,0.1197906509041786,0.1754799634218216,0.1993650794029235,True,True,True,True,True
test|Jona_4_20260616_181855|2056178903000,Jona,Jona_4_20260616_181855,2056178903000,continue,continue,0.2688628137111664,0.2320762723684311,0.1198128759860992,0.1791640520095825,0.2000840008258819,True,True,True,True,True
test|Jona_4_20260616_181855|2056512236000,Jona,Jona_4_20260616_181855,2056512236000,continue,continue,0.2624504566192627,0.2329260259866714,0.1197952926158905,0.181435540318489,0.2033927291631698,True,True,True,True,True
test|Jona_4_20260616_181855|2056845570000,Jona,Jona_4_20260616_181855,2056845570000,continue,continue,0.2568414807319641,0.2357360273599624,0.1198238804936409,0.181520789861679,0.2060778886079788,True,True,True,True,True
test|Jona_4_20260616_181855|2057178903000,Jona,Jona_4_20260616_181855,2057178903000,continue,continue,0.2570220828056335,0.2363159358501434,0.1192857697606086,0.1804996728897094,0.2068765014410019,True,True,True,True,True
test|Jona_4_20260616_181855|2057512236000,Jona,Jona_4_20260616_181855,2057512236000,continue,continue,0.2606531381607055,0.2368582487106323,0.1192760169506073,0.1788799911737442,0.2043325752019882,True,True,True,True,True
test|Jona_4_20260616_181855|2057845569000,Jona,Jona_4_20260616_181855,2057845569000,continue,continue,0.2688918709754944,0.2364867329597473,0.1184852719306945,0.1772082895040512,0.1989277899265289,True,True,True,True,True
test|Jona_4_20260616_181855|2058178903000,Jona,Jona_4_20260616_181855,2058178903000,continue,continue,0.2728404402732849,0.2358319759368896,0.1185191497206687,0.1801976859569549,0.1926106661558151,True,True,True,True,True
test|Jona_4_20260616_181855|2058512236000,Jona,Jona_4_20260616_181855,2058512236000,continue,continue,0.2709681987762451,0.2328954637050628,0.1196140199899673,0.1819366812705993,0.1945856064558029,True,True,True,True,True
test|Jona_4_20260616_181855|2058845569000,Jona,Jona_4_20260616_181855,2058845569000,continue,continue,0.2656822800636291,0.2299195826053619,0.12082090228796,0.1854055225849151,0.1981717497110366,True,True,True,True,True
test|Jona_4_20260616_181855|2059178903000,Jona,Jona_4_20260616_181855,2059178903000,continue,continue,0.2714537382125854,0.2246901392936706,0.1201337575912475,0.1848154067993164,0.1989070326089859,True,True,True,True,True
test|Jona_4_20260616_181855|2059512236000,Jona,Jona_4_20260616_181855,2059512236000,continue,continue,0.269335001707077,0.222481831908226,0.120119035243988,0.1868304014205932,0.2012336999177932,True,True,True,True,True
test|Jona_4_20260616_181855|2059845569000,Jona,Jona_4_20260616_181855,2059845569000,continue,continue,0.2633714973926544,0.2216724753379821,0.1201388537883758,0.1910810321569442,0.2037361562252044,True,True,True,True,True
test|Jona_4_20260616_181855|2060178902000,Jona,Jona_4_20260616_181855,2060178902000,continue,continue,0.2688261568546295,0.2187717109918594,0.1191881000995636,0.1872506737709045,0.2059633433818817,True,True,True,True,True
test|Jona_4_20260616_181855|2060512236000,Jona,Jona_4_20260616_181855,2060512236000,continue,continue,0.2794708907604217,0.2184184491634369,0.1165438219904899,0.1821398735046386,0.2034269273281097,True,True,True,True,True
test|Jona_4_20260616_181855|2060845569000,Jona,Jona_4_20260616_181855,2060845569000,continue,continue,0.2857195734977722,0.2233926951885223,0.1135066747665405,0.1765337735414505,0.2008472383022308,True,True,True,True,True
test|Jona_4_20260616_181855|2061178902000,Jona,Jona_4_20260616_181855,2061178902000,continue,continue,0.2779358029365539,0.23001129925251,0.1117821484804153,0.1734931766986847,0.2067775130271911,True,True,True,True,True
test|Jona_4_20260616_181855|2061512236000,Jona,Jona_4_20260616_181855,2061512236000,continue,continue,0.2748432457447052,0.2329641580581665,0.1115360334515571,0.1722809225320816,0.2083756327629089,True,True,True,True,True
test|Jona_4_20260616_181855|2061845569000,Jona,Jona_4_20260616_181855,2061845569000,continue,continue,0.271887719631195,0.2376998215913772,0.1136303097009658,0.1674696952104568,0.2093124240636825,True,True,True,True,True
test|Jona_4_20260616_181855|2062178902000,Jona,Jona_4_20260616_181855,2062178902000,continue,continue,0.2626815438270569,0.2429501116275787,0.1156577542424202,0.1666763722896576,0.2120342254638672,True,True,True,True,True
test|Jona_4_20260616_181855|2062512236000,Jona,Jona_4_20260616_181855,2062512236000,continue,continue,0.2505596876144409,0.2435323446989059,0.1189515069127082,0.1683884859085083,0.2185679376125335,True,True,True,True,True
test|Jona_4_20260616_181855|2062845569000,Jona,Jona_4_20260616_181855,2062845569000,continue,continue,0.2418134659528732,0.2403618544340133,0.1233780235052108,0.170069009065628,0.2243775129318237,True,True,True,True,True
test|Jona_4_20260616_181855|2063178902000,Jona,Jona_4_20260616_181855,2063178902000,continue,continue,0.2410420924425125,0.2355266213417053,0.1268159300088882,0.1732492744922638,0.2233661115169525,True,True,True,True,True
test|Jona_4_20260616_181855|2063512236000,Jona,Jona_4_20260616_181855,2063512236000,continue,continue,0.2380548119544983,0.233654111623764,0.1294091790914535,0.1741265803575515,0.2247552275657653,True,True,True,True,True
test|Jona_4_20260616_181855|2063845569000,Jona,Jona_4_20260616_181855,2063845569000,continue,continue,0.2393761575222015,0.2334248125553131,0.1299320012331009,0.1742511093616485,0.2230158746242523,True,True,True,True,True
test|Jona_4_20260616_181855|2064178902000,Jona,Jona_4_20260616_181855,2064178902000,continue,continue,0.2418416887521743,0.2345831096172332,0.1310509443283081,0.1747457236051559,0.2177785187959671,True,True,True,True,True
test|Jona_4_20260616_181855|2064512235000,Jona,Jona_4_20260616_181855,2064512235000,continue,continue,0.246418610215187,0.2367397397756576,0.1303724646568298,0.1745279133319854,0.211941197514534,True,True,True,True,True
test|Jona_4_20260616_181855|2064845569000,Jona,Jona_4_20260616_181855,2064845569000,continue,continue,0.2502061426639557,0.2378048747777938,0.1303194314241409,0.1739082783460617,0.2077612876892089,True,True,True,True,True
test|Jona_4_20260616_181855|2065178902000,Jona,Jona_4_20260616_181855,2065178902000,continue,continue,0.2522078156471252,0.2392760068178177,0.1304437071084976,0.1724497973918914,0.2056226581335067,True,True,True,True,True
test|Jona_4_20260616_181855|2065512235000,Jona,Jona_4_20260616_181855,2065512235000,continue,continue,0.258169025182724,0.2379453331232071,0.1295731961727142,0.1713577806949615,0.2029545754194259,True,True,True,True,True
test|Jona_4_20260616_181855|2065845569000,Jona,Jona_4_20260616_181855,2065845569000,continue,continue,0.2639280259609222,0.236510157585144,0.1267205029726028,0.1700413823127746,0.2027999460697174,True,True,True,True,True
test|Jona_4_20260616_181855|2066178902000,Jona,Jona_4_20260616_181855,2066178902000,continue,continue,0.268902450799942,0.2434060871601104,0.1229918673634529,0.165211334824562,0.1994883120059967,True,True,True,True,True
test|Jona_4_20260616_181855|2066512235000,Jona,Jona_4_20260616_181855,2066512235000,continue,continue,0.2648059427738189,0.2522991001605987,0.1196840405464172,0.1623134315013885,0.20089752972126,True,True,True,True,True
test|Jona_4_20260616_181855|2066845568000,Jona,Jona_4_20260616_181855,2066845568000,continue,continue,0.2595913112163543,0.2622324228286743,0.1162070930004119,0.1605818718671798,0.2013873010873794,True,True,True,True,True
test|Jona_4_20260616_181855|2067178902000,Jona,Jona_4_20260616_181855,2067178902000,continue,continue,0.2604265511035919,0.2683480381965637,0.111650563776493,0.1579832583665847,0.2015915811061859,True,True,True,True,True
test|Jona_4_20260616_181855|2067512235000,Jona,Jona_4_20260616_181855,2067512235000,continue,continue,0.2605257928371429,0.2748094499111175,0.1083399429917335,0.1553115546703338,0.2010132670402526,True,True,True,True,True
test|Jona_4_20260616_181855|2067845568000,Jona,Jona_4_20260616_181855,2067845568000,continue,continue,0.2592168152332306,0.276393860578537,0.1064916402101516,0.1566626131534576,0.2012350708246231,True,True,True,True,True
test|Jona_4_20260616_181855|2068178902000,Jona,Jona_4_20260616_181855,2068178902000,continue,continue,0.2633833289146423,0.2686296701431274,0.1055289581418037,0.159283310174942,0.2031747847795486,True,True,True,True,True
test|Jona_4_20260616_181855|2068512235000,Jona,Jona_4_20260616_181855,2068512235000,continue,continue,0.272201806306839,0.2606571614742279,0.1048808917403221,0.1591284126043319,0.2031317204236984,True,True,True,True,True
test|Jona_4_20260616_181855|2068845568000,Jona,Jona_4_20260616_181855,2068845568000,continue,continue,0.2828627526760101,0.2509022355079651,0.1054806336760521,0.1596684604883194,0.2010858952999115,True,True,True,True,True
test|Jona_4_20260616_181855|2069178902000,Jona,Jona_4_20260616_181855,2069178902000,continue,continue,0.2884717583656311,0.2407095581293106,0.1090299636125564,0.1644007116556167,0.1973879784345626,True,True,True,True,True
test|Jona_4_20260616_181855|2069512235000,Jona,Jona_4_20260616_181855,2069512235000,continue,continue,0.292431503534317,0.2282686233520507,0.1129717677831649,0.1686124056577682,0.1977156847715377,True,True,True,True,True
test|Jona_4_20260616_181855|2069845568000,Jona,Jona_4_20260616_181855,2069845568000,continue,continue,0.298915684223175,0.2154626846313476,0.1176238059997558,0.1728420555591583,0.1951557695865631,True,True,True,True,True
test|Jona_4_20260616_181855|2070178901000,Jona,Jona_4_20260616_181855,2070178901000,continue,continue,0.298748105764389,0.2034415751695633,0.1216853484511375,0.1822410225868225,0.1938840299844741,True,True,True,True,True
test|Jona_4_20260616_181855|2070512235000,Jona,Jona_4_20260616_181855,2070512235000,continue,continue,0.295642226934433,0.1918283402919769,0.125740647315979,0.1940558105707168,0.1927329450845718,True,True,True,True,True
test|Jona_4_20260616_181855|2070845568000,Jona,Jona_4_20260616_181855,2070845568000,continue,fetch,0.2891801297664642,0.187973216176033,0.1274818181991577,0.2061368823051452,0.1892279535531997,True,True,True,True,True
test|Jona_4_20260616_181855|2071178901000,Jona,Jona_4_20260616_181855,2071178901000,continue,fetch,0.2803483009338379,0.1915823072195053,0.1278169006109237,0.2096445113420486,0.1906079649925232,True,True,True,True,True
test|Jona_4_20260616_181855|2071512235000,Jona,Jona_4_20260616_181855,2071512235000,continue,fetch,0.275194376707077,0.1987003535032272,0.1269056946039199,0.2107921838760376,0.1884073317050933,True,True,True,True,True
test|Jona_4_20260616_181855|2071845568000,Jona,Jona_4_20260616_181855,2071845568000,continue,continue,0.2711791098117828,0.2050831317901611,0.1259937137365341,0.2066662460565567,0.191077783703804,True,True,True,True,True
test|Jona_4_20260616_181855|2072178901000,Jona,Jona_4_20260616_181855,2072178901000,continue,fetch,0.2898333072662353,0.2031851559877395,0.1242680549621582,0.1923018395900726,0.190411627292633,True,True,True,True,True
test|Jona_4_20260616_181855|2072512235000,Jona,Jona_4_20260616_181855,2072512235000,continue,fetch,0.3065457642078399,0.2017175853252411,0.1227605119347572,0.1781163811683654,0.1908597201108932,True,True,True,True,True
test|Jona_4_20260616_181855|2072845568000,Jona,Jona_4_20260616_181855,2072845568000,continue,fetch,0.313318133354187,0.2035633623600006,0.121516041457653,0.1698458641767501,0.1917566210031509,True,True,True,True,True
test|Jona_4_20260616_181855|2073178901000,Jona,Jona_4_20260616_181855,2073178901000,continue,fetch,0.3128682672977447,0.2060815244913101,0.1213734149932861,0.1690253764390945,0.190651386976242,True,True,True,True,True
test|Jona_4_20260616_181855|2073512234000,Jona,Jona_4_20260616_181855,2073512234000,continue,fetch,0.3213086426258087,0.2007645666599273,0.12197195738554,0.1672358810901641,0.1887189000844955,True,True,True,True,True
test|Jona_4_20260616_181855|2073845568000,Jona,Jona_4_20260616_181855,2073845568000,continue,fetch,0.3233417272567749,0.1981330811977386,0.1228738501667976,0.1677469909191131,0.1879042983055114,True,True,True,True,True
test|Jona_4_20260616_181855|2074178901000,Jona,Jona_4_20260616_181855,2074178901000,continue,fetch,0.3189474642276764,0.1986728012561798,0.123128741979599,0.1710882186889648,0.1881628185510635,True,True,True,True,True
test|Jona_4_20260616_181855|2074512234000,Jona,Jona_4_20260616_181855,2074512234000,continue,fetch,0.3170061409473419,0.1987685263156891,0.1222078204154968,0.1752256602048874,0.1867919117212295,True,True,True,True,True
test|Jona_4_20260616_181855|2074845568000,Jona,Jona_4_20260616_181855,2074845568000,continue,fetch,0.3196661174297333,0.1978116929531097,0.1216668859124183,0.175325259566307,0.1855300068855285,True,True,True,True,True
test|Jona_4_20260616_181855|2075178901000,Jona,Jona_4_20260616_181855,2075178901000,fetch,fetch,0.3233791291713714,0.1967779397964477,0.1208419874310493,0.1729776859283447,0.1860232800245285,True,True,True,True,True
test|Jona_4_20260616_181855|2075512234000,Jona,Jona_4_20260616_181855,2075512234000,fetch,fetch,0.3219161629676819,0.1994935125112533,0.1205521449446678,0.1734806895256042,0.1845574826002121,True,True,True,True,True
test|Jona_4_20260616_181855|2075845568000,Jona,Jona_4_20260616_181855,2075845568000,fetch,fetch,0.3193621337413788,0.2011277377605438,0.1199531778693199,0.1737645864486694,0.1857923418283462,True,True,True,True,True
test|Jona_4_20260616_181855|2076178901000,Jona,Jona_4_20260616_181855,2076178901000,fetch,fetch,0.3155308067798614,0.2040848433971405,0.118510790169239,0.1754379421472549,0.1864355951547622,True,True,True,True,True
test|Jona_4_20260616_181855|2076512234000,Jona,Jona_4_20260616_181855,2076512234000,fetch,fetch,0.3124996721744537,0.2045160979032516,0.1173928901553154,0.1734513193368911,0.192140057682991,True,True,True,True,True
test|Jona_4_20260616_181855|2076845567000,Jona,Jona_4_20260616_181855,2076845567000,fetch,fetch,0.3112318217754364,0.2016754299402237,0.1165633276104927,0.1721237599849701,0.1984056830406189,True,True,True,True,True
test|Jona_4_20260616_181855|2077178901000,Jona,Jona_4_20260616_181855,2077178901000,fetch,fetch,0.3131263256072998,0.1985302716493606,0.1163381859660148,0.1719567477703094,0.2000485062599182,True,True,True,True,True
test|Jona_4_20260616_181855|2077512234000,Jona,Jona_4_20260616_181855,2077512234000,fetch,fetch,0.3136172294616699,0.1937741041183471,0.1144774258136749,0.1717930138111114,0.2063382714986801,True,True,True,True,True
test|Jona_4_20260616_181855|2077845567000,Jona,Jona_4_20260616_181855,2077845567000,fetch,fetch,0.3576520383358001,0.2143394500017166,0.0,0.1934898048639297,0.2345186918973922,True,True,False,True,True
test|Jona_4_20260616_181855|2078178901000,Jona,Jona_4_20260616_181855,2078178901000,fetch,fetch,0.3650274574756622,0.2109673470258712,0.0,0.1911341398954391,0.2328709810972213,True,True,False,True,True
test|Jona_4_20260616_181855|2078512234000,Jona,Jona_4_20260616_181855,2078512234000,fetch,fetch,0.3751583397388458,0.2095897644758224,0.0,0.1929077059030532,0.2223441004753112,True,True,False,True,True
test|Jona_4_20260616_181855|2078845567000,Jona,Jona_4_20260616_181855,2078845567000,fetch,fetch,0.383224219083786,0.2108180224895477,0.0,0.1942260712385177,0.2117317020893097,True,True,False,True,True
test|Jona_4_20260616_181855|2079178901000,Jona,Jona_4_20260616_181855,2079178901000,fetch,fetch,0.38686004281044,0.2114957571029663,0.0,0.1953947246074676,0.2062495201826095,True,True,False,True,True
test|Jona_4_20260616_181855|2079512234000,Jona,Jona_4_20260616_181855,2079512234000,fetch,fetch,0.390652447938919,0.2117972820997238,0.0,0.1969320923089981,0.2006181627511978,True,True,False,True,True
test|Jona_4_20260616_181855|2079845567000,Jona,Jona_4_20260616_181855,2079845567000,fetch,fetch,0.3933540880680084,0.2115356773138046,0.0,0.1986944526433944,0.1964156925678253,True,True,False,True,True
test|Jona_4_20260616_181855|2080178900000,Jona,Jona_4_20260616_181855,2080178900000,fetch,fetch,0.3918409645557403,0.2095080316066742,0.0,0.1995758712291717,0.1990751326084137,True,True,False,True,True
test|Jona_4_20260616_181855|2080512234000,Jona,Jona_4_20260616_181855,2080512234000,fetch,fetch,0.3855098485946655,0.2080510407686233,0.0,0.1995483040809631,0.2068908512592315,True,True,False,True,True
test|Jona_4_20260616_181855|2084845567000,Jona,Jona_4_20260616_181855,2084845567000,handover,handover,0.3525518774986267,0.2368324846029281,0.0,0.1899926513433456,0.2206230163574218,True,True,False,True,True
test|Jona_4_20260616_181855|2085178900000,Jona,Jona_4_20260616_181855,2085178900000,handover,handover,0.3497052490711212,0.2455927282571792,0.0,0.1889334321022033,0.2157685607671737,True,True,False,True,True
test|Jona_4_20260616_181855|2085512233000,Jona,Jona_4_20260616_181855,2085512233000,handover,handover,0.3450444936752319,0.2489627450704574,0.0,0.1863541454076767,0.2196386307477951,True,True,False,True,True
test|Jona_4_20260616_181855|2085845567000,Jona,Jona_4_20260616_181855,2085845567000,handover,handover,0.3432564437389374,0.2516345381736755,0.0,0.1844954490661621,0.2206135392189026,True,True,False,True,True
test|Jona_4_20260616_181855|2086178900000,Jona,Jona_4_20260616_181855,2086178900000,handover,handover,0.341389000415802,0.2538382411003113,0.0,0.1833376586437225,0.2214350253343582,True,True,False,True,True
test|Jona_4_20260616_181855|2086512233000,Jona,Jona_4_20260616_181855,2086512233000,handover,handover,0.3378064036369324,0.2523939311504364,0.0,0.1831128597259521,0.2266868650913238,True,True,False,True,True
test|Jona_4_20260616_181855|2086845566000,Jona,Jona_4_20260616_181855,2086845566000,handover,handover,0.335805207490921,0.2482118159532547,0.0,0.1831723302602768,0.2328107059001922,True,True,False,True,True
test|Jona_4_20260616_181855|2087178900000,Jona,Jona_4_20260616_181855,2087178900000,handover,handover,0.3358296155929565,0.2434475868940353,0.0,0.1833793222904205,0.2373434752225875,True,True,False,True,True
test|Jona_4_20260616_181855|2087512233000,Jona,Jona_4_20260616_181855,2087512233000,handover,handover,0.3405688405036926,0.2412568628787994,0.0,0.1834329068660736,0.2347414195537567,True,True,False,True,True
test|Jona_4_20260616_181855|2087845566000,Jona,Jona_4_20260616_181855,2087845566000,handover,handover,0.3407745063304901,0.2386255413293838,0.0,0.1835985630750656,0.2370014041662216,True,True,False,True,True
test|Jona_4_20260616_181855|2088178900000,Jona,Jona_4_20260616_181855,2088178900000,handover,handover,0.3416280150413513,0.2354655563831329,0.0,0.1843179166316986,0.2385884821414947,True,True,False,True,True
test|Jona_4_20260616_181855|2088512233000,Jona,Jona_4_20260616_181855,2088512233000,handover,handover,0.3441277742385864,0.234272226691246,0.0,0.1858362108469009,0.235763743519783,True,True,False,True,True
test|Jona_5_20260616_182002|2119378903000,Jona,Jona_5_20260616_182002,2119378903000,continue,continue,0.2791456878185272,0.2690513730049133,0.0,0.2011091411113739,0.2506937682628631,True,True,False,True,True
test|Jona_5_20260616_182002|2119712236000,Jona,Jona_5_20260616_182002,2119712236000,continue,continue,0.2600976526737213,0.2872398793697357,0.0,0.1988405138254165,0.2538219690322876,True,True,False,True,True
test|Jona_5_20260616_182002|2120045569000,Jona,Jona_5_20260616_182002,2120045569000,continue,continue,0.2679614126682281,0.2962898015975952,0.0,0.1904731094837188,0.2452756613492965,True,True,False,True,True
test|Jona_5_20260616_182002|2120378903000,Jona,Jona_5_20260616_182002,2120378903000,continue,continue,0.2716265916824341,0.298854112625122,0.0,0.1870402842760086,0.2424790412187576,True,True,False,True,True
test|Jona_5_20260616_182002|2120712236000,Jona,Jona_5_20260616_182002,2120712236000,continue,continue,0.2745198011398315,0.3003277778625488,0.0,0.1857294291257858,0.2394229620695114,True,True,False,True,True
test|Jona_5_20260616_182002|2121045569000,Jona,Jona_5_20260616_182002,2121045569000,continue,continue,0.2840672731399536,0.2956072688102722,0.0,0.1842344850301742,0.2360909581184387,True,True,False,True,True
test|Jona_5_20260616_182002|2121378902000,Jona,Jona_5_20260616_182002,2121378902000,continue,continue,0.2968785166740417,0.2886615991592407,0.0,0.1852224469184875,0.2292374819517135,True,True,False,True,True
test|Jona_5_20260616_182002|2121712236000,Jona,Jona_5_20260616_182002,2121712236000,continue,continue,0.3042829930782318,0.2848099172115326,0.0,0.1859985589981079,0.22490856051445,True,True,False,True,True
test|Jona_5_20260616_182002|2122045569000,Jona,Jona_5_20260616_182002,2122045569000,continue,continue,0.2491058856248855,0.2398155778646469,0.1631839424371719,0.1594263762235641,0.1884682178497314,True,True,True,True,True
test|Jona_5_20260616_182002|2122378902000,Jona,Jona_5_20260616_182002,2122378902000,continue,continue,0.2437109500169754,0.2426764518022537,0.1624738872051239,0.1613101512193679,0.1898285895586013,True,True,True,True,True
test|Jona_5_20260616_182002|2122712236000,Jona,Jona_5_20260616_182002,2122712236000,continue,continue,0.2437647432088852,0.2425258606672287,0.160707339644432,0.1605983823537826,0.1924037188291549,True,True,True,True,True
test|Jona_5_20260616_182002|2123045569000,Jona,Jona_5_20260616_182002,2123045569000,continue,continue,0.2420655488967895,0.2430513203144073,0.1613049656152725,0.1607489883899688,0.1928291916847229,True,True,True,True,True
test|Jona_5_20260616_182002|2123378902000,Jona,Jona_5_20260616_182002,2123378902000,continue,continue,0.2379883974790573,0.2444275319576263,0.1621755212545395,0.1617650091648101,0.193643569946289,True,True,True,True,True
test|Jona_5_20260616_182002|2123712236000,Jona,Jona_5_20260616_182002,2123712236000,continue,continue,0.2399939596652984,0.2444031089544296,0.1614077538251876,0.1618740409612655,0.192321091890335,True,True,True,True,True
test|Jona_5_20260616_182002|2124045569000,Jona,Jona_5_20260616_182002,2124045569000,continue,continue,0.246288001537323,0.2424029558897018,0.1602451652288437,0.1605987846851349,0.1904650628566742,True,True,True,True,True
test|Jona_5_20260616_182002|2124378902000,Jona,Jona_5_20260616_182002,2124378902000,continue,continue,0.2539073526859283,0.2397702634334564,0.1582585573196411,0.1595711857080459,0.1884926855564117,True,True,True,True,True
test|Jona_5_20260616_182002|2124712235000,Jona,Jona_5_20260616_182002,2124712235000,continue,continue,0.2583051323890686,0.2383276224136352,0.156534656882286,0.1595310717821121,0.1873014867305755,True,True,True,True,True
test|Jona_5_20260616_182002|2125045569000,Jona,Jona_5_20260616_182002,2125045569000,continue,continue,0.2612443268299103,0.2374116331338882,0.1544793993234634,0.1595106422901153,0.1873539537191391,True,True,True,True,True
test|Jona_5_20260616_182002|2125378902000,Jona,Jona_5_20260616_182002,2125378902000,continue,continue,0.2635008990764618,0.2365201413631439,0.1521253287792205,0.1592957526445388,0.1885579228401184,True,True,True,True,True
test|Jona_5_20260616_182002|2125712235000,Jona,Jona_5_20260616_182002,2125712235000,continue,continue,0.2590597867965698,0.2369277477264404,0.1516394913196563,0.1599463671445846,0.1924265772104263,True,True,True,True,True
test|Jona_5_20260616_182002|2126045569000,Jona,Jona_5_20260616_182002,2126045569000,continue,continue,0.2549515068531036,0.2378045618534088,0.1502523422241211,0.1610448509454727,0.1959467083215713,True,True,True,True,True
test|Jona_5_20260616_182002|2126378902000,Jona,Jona_5_20260616_182002,2126378902000,continue,continue,0.2473046630620956,0.238854706287384,0.152562990784645,0.1611242294311523,0.2001534104347229,True,True,True,True,True
test|Jona_5_20260616_182002|2126712235000,Jona,Jona_5_20260616_182002,2126712235000,continue,continue,0.242028921842575,0.2405060529708862,0.1545494496822357,0.1610885262489318,0.2018270790576934,True,True,True,True,True
test|Jona_5_20260616_182002|2127045569000,Jona,Jona_5_20260616_182002,2127045569000,continue,continue,0.23907071352005,0.2425522655248642,0.1573199480772018,0.160569280385971,0.2004877477884292,True,True,True,True,True
test|Jona_5_20260616_182002|2127378902000,Jona,Jona_5_20260616_182002,2127378902000,continue,continue,0.2368062883615493,0.2449370473623275,0.1590262651443481,0.1600652337074279,0.1991651356220245,True,True,True,True,True
test|Jona_5_20260616_182002|2127712235000,Jona,Jona_5_20260616_182002,2127712235000,continue,continue,0.2342351078987121,0.2474276274442672,0.160000666975975,0.1605266630649566,0.1978099644184112,True,True,True,True,True
test|Jona_5_20260616_182002|2128045568000,Jona,Jona_5_20260616_182002,2128045568000,continue,continue,0.2331232279539108,0.2488287091255188,0.1617642194032669,0.1607614010572433,0.1955224275588989,True,True,True,True,True
test|Jona_5_20260616_182002|2128378902000,Jona,Jona_5_20260616_182002,2128378902000,continue,continue,0.2358692735433578,0.251554012298584,0.1607573181390762,0.1603913307189941,0.1914280503988266,True,True,True,True,True
test|Jona_5_20260616_182002|2128712235000,Jona,Jona_5_20260616_182002,2128712235000,continue,continue,0.2350114732980728,0.2560613453388214,0.1590874791145324,0.1599978506565094,0.1898417770862579,True,True,True,True,True
test|Jona_5_20260616_182002|2129045568000,Jona,Jona_5_20260616_182002,2129045568000,continue,continue,0.2364523261785507,0.2594667375087738,0.1553510576486587,0.1599995195865631,0.1887303739786148,True,True,True,True,True
test|Jona_5_20260616_182002|2129378902000,Jona,Jona_5_20260616_182002,2129378902000,continue,continue,0.2368334084749221,0.2571792304515838,0.1538446098566055,0.1619668304920196,0.1901759058237075,True,True,True,True,True
test|Jona_5_20260616_182002|2129712235000,Jona,Jona_5_20260616_182002,2129712235000,continue,continue,0.2359545975923538,0.2554546594619751,0.1548994481563568,0.1657929569482803,0.1878983825445175,True,True,True,True,True
test|Jona_5_20260616_182002|2130045568000,Jona,Jona_5_20260616_182002,2130045568000,continue,continue,0.2316326051950454,0.2542920112609863,0.1566452085971832,0.1685892045497894,0.1888409852981567,True,True,True,True,True
test|Jona_5_20260616_182002|2130378901000,Jona,Jona_5_20260616_182002,2130378901000,continue,continue,0.2263170629739761,0.2520942986011505,0.1593867093324661,0.1704895347356796,0.1917123794555664,True,True,True,True,True
test|Jona_5_20260616_182002|2130712235000,Jona,Jona_5_20260616_182002,2130712235000,continue,continue,0.2260175049304962,0.2452461123466491,0.1616672873497009,0.1729485392570495,0.1941205859184265,True,True,True,True,True
test|Jona_5_20260616_182002|2131045568000,Jona,Jona_5_20260616_182002,2131045568000,continue,continue,0.2208207994699478,0.2396020293235778,0.1665288805961609,0.1744320541620254,0.1986162364482879,True,True,True,True,True
test|Jona_5_20260616_182002|2131378901000,Jona,Jona_5_20260616_182002,2131378901000,continue,continue,0.2188288271427154,0.2411917597055435,0.1667191982269287,0.1735656559467315,0.1996945440769195,True,True,True,True,True
test|Jona_5_20260616_182002|2131712235000,Jona,Jona_5_20260616_182002,2131712235000,continue,continue,0.2178037911653518,0.2446543872356414,0.1656339913606643,0.1686941981315612,0.203213557600975,True,True,True,True,True
test|Jona_5_20260616_182002|2132045568000,Jona,Jona_5_20260616_182002,2132045568000,continue,continue,0.2164572775363922,0.2479994744062423,0.1633457839488983,0.1679174900054931,0.2042798995971679,True,True,True,True,True
test|Jona_5_20260616_182002|2132378901000,Jona,Jona_5_20260616_182002,2132378901000,continue,continue,0.2160966992378235,0.2483175545930862,0.160952478647232,0.1697611808776855,0.2048720568418502,True,True,True,True,True
test|Jona_5_20260616_182002|2132712235000,Jona,Jona_5_20260616_182002,2132712235000,continue,continue,0.2136641442775726,0.2494653612375259,0.1615902930498123,0.1683436781167984,0.2069365829229354,True,True,True,True,True
test|Jona_5_20260616_182002|2133045568000,Jona,Jona_5_20260616_182002,2133045568000,continue,continue,0.2141940146684646,0.2476949095726013,0.1616861969232559,0.1691792607307434,0.2072456032037735,True,True,True,True,True
test|Jona_5_20260616_182002|2133378901000,Jona,Jona_5_20260616_182002,2133378901000,continue,continue,0.2165524214506149,0.2447463274002075,0.1657397747039795,0.1696536540985107,0.2033078819513321,True,True,True,True,True
test|Jona_5_20260616_182002|2133712235000,Jona,Jona_5_20260616_182002,2133712235000,continue,continue,0.2233618050813675,0.2364665120840072,0.1678553223609924,0.172229915857315,0.2000864446163177,True,True,True,True,True
test|Jona_5_20260616_182002|2134045568000,Jona,Jona_5_20260616_182002,2134045568000,continue,continue,0.2318105995655059,0.2297775745391845,0.1697746664285659,0.1737773865461349,0.1948597729206085,True,True,True,True,True
test|Jona_5_20260616_182002|2134378901000,Jona,Jona_5_20260616_182002,2134378901000,continue,continue,0.2328330874443054,0.2308713644742965,0.1674759685993194,0.1739715933799743,0.1948479861021042,True,True,True,True,True
test|Jona_5_20260616_182002|2134712234000,Jona,Jona_5_20260616_182002,2134712234000,continue,continue,0.2306346297264099,0.2377999424934387,0.1630385369062423,0.1728485971689224,0.1956782341003418,True,True,True,True,True
test|Jona_5_20260616_182002|2135045568000,Jona,Jona_5_20260616_182002,2135045568000,continue,continue,0.2256554961204528,0.2505260407924652,0.1587937325239181,0.1690405905246734,0.1959841549396515,True,True,True,True,True
test|Jona_5_20260616_182002|2135378901000,Jona,Jona_5_20260616_182002,2135378901000,continue,continue,0.2147981822490692,0.2642894089221954,0.1553181558847427,0.1686344295740127,0.1969597786664962,True,True,True,True,True
test|Jona_5_20260616_182002|2135712234000,Jona,Jona_5_20260616_182002,2135712234000,continue,continue,0.2086435109376907,0.2773570418357849,0.152947261929512,0.1648150086402893,0.1962371319532394,True,True,True,True,True
test|Jona_5_20260616_182002|2136045568000,Jona,Jona_5_20260616_182002,2136045568000,continue,continue,0.2024893313646316,0.2887388467788696,0.1508909165859222,0.1608571857213974,0.1970237344503402,True,True,True,True,True
test|Jona_5_20260616_182002|2136378901000,Jona,Jona_5_20260616_182002,2136378901000,continue,continue,0.1991755217313766,0.2929088473320007,0.1515825390815735,0.1586005091667175,0.1977325826883316,True,True,True,True,True
test|Jona_5_20260616_182002|2136712234000,Jona,Jona_5_20260616_182002,2136712234000,continue,continue,0.1990679800510406,0.2892777919769287,0.1534313410520553,0.1581362932920456,0.2000865936279297,True,True,True,True,True
test|Jona_5_20260616_182002|2137045567000,Jona,Jona_5_20260616_182002,2137045567000,continue,continue,0.2005691230297088,0.2812618911266327,0.1532501727342605,0.1578613370656967,0.2070574760437011,True,True,True,True,True
test|Jona_5_20260616_182002|2137378901000,Jona,Jona_5_20260616_182002,2137378901000,continue,continue,0.2078791409730911,0.273040771484375,0.1528826653957367,0.156253844499588,0.2099435925483703,True,True,True,True,True
test|Jona_5_20260616_182002|2137712234000,Jona,Jona_5_20260616_182002,2137712234000,continue,continue,0.2145356684923172,0.2665292918682098,0.1525416672229766,0.157467633485794,0.2089257389307022,True,True,True,True,True
test|Jona_5_20260616_182002|2138045567000,Jona,Jona_5_20260616_182002,2138045567000,continue,continue,0.2144176363945007,0.2632068693637848,0.1526301503181457,0.1594984084367752,0.2102469056844711,True,True,True,True,True
test|Jona_5_20260616_182002|2138378901000,Jona,Jona_5_20260616_182002,2138378901000,continue,continue,0.2159112691879272,0.259550005197525,0.1531331688165664,0.1615345329046249,0.2098710238933563,True,True,True,True,True
test|Jona_5_20260616_182002|2138712234000,Jona,Jona_5_20260616_182002,2138712234000,continue,continue,0.2153781652450561,0.2585524022579193,0.154613584280014,0.1627514958381652,0.208704337477684,True,True,True,True,True
test|Jona_5_20260616_182002|2139045567000,Jona,Jona_5_20260616_182002,2139045567000,continue,continue,0.2133436501026153,0.2613292038440704,0.1577876210212707,0.1641194820404052,0.203420028090477,True,True,True,True,True
test|Jona_5_20260616_182002|2139378901000,Jona,Jona_5_20260616_182002,2139378901000,continue,continue,0.2093786001205444,0.265756219625473,0.1604048162698745,0.1666197180747985,0.1978406310081482,True,True,True,True,True
test|Jona_5_20260616_182002|2139712234000,Jona,Jona_5_20260616_182002,2139712234000,continue,continue,0.2072966247797012,0.2679159045219421,0.1615695059299469,0.1657896488904953,0.1974283456802368,True,True,True,True,True
test|Jona_5_20260616_182002|2140045567000,Jona,Jona_5_20260616_182002,2140045567000,continue,continue,0.2179563194513321,0.2630805373191833,0.1619442403316497,0.1606104671955108,0.1964084506034851,True,True,True,True,True
test|Jona_5_20260616_182002|2140378901000,Jona,Jona_5_20260616_182002,2140378901000,continue,continue,0.2349511682987213,0.2527592182159424,0.1605609506368637,0.1545446962118148,0.1971839666366577,True,True,True,True,True
test|Jona_5_20260616_182002|2140712234000,Jona,Jona_5_20260616_182002,2140712234000,continue,continue,0.2494011521339416,0.24219511449337,0.1581329405307769,0.1558375656604766,0.1944332271814346,True,True,True,True,True
test|Jona_5_20260616_182002|2141045567000,Jona,Jona_5_20260616_182002,2141045567000,continue,continue,0.2666463851928711,0.2286288142204284,0.156205415725708,0.1554509103298187,0.1930684298276901,True,True,True,True,True
test|Jona_5_20260616_182002|2141378900000,Jona,Jona_5_20260616_182002,2141378900000,continue,continue,0.2866803407669067,0.2131469249725341,0.1538521647453308,0.15446637570858,0.1918542087078094,True,True,True,True,True
test|Jona_5_20260616_182002|2141712234000,Jona,Jona_5_20260616_182002,2141712234000,continue,fetch,0.2985282838344574,0.2009871304035186,0.1535796374082565,0.1572653949260711,0.1896395236253738,True,True,True,True,True
test|Jona_5_20260616_182002|2142045567000,Jona,Jona_5_20260616_182002,2142045567000,continue,fetch,0.3087246119976043,0.1933125257492065,0.1528333872556686,0.1622159630060196,0.1829134821891784,True,True,True,True,True
test|Jona_5_20260616_182002|2142378900000,Jona,Jona_5_20260616_182002,2142378900000,continue,fetch,0.3125794231891632,0.191762775182724,0.1518309414386749,0.1662979423999786,0.1775289326906204,True,True,True,True,True
test|Jona_5_20260616_182002|2142712234000,Jona,Jona_5_20260616_182002,2142712234000,continue,fetch,0.3135168850421905,0.1911685466766357,0.1515812575817108,0.1664642840623855,0.1772690713405609,True,True,True,True,True
test|Jona_5_20260616_182002|2143045567000,Jona,Jona_5_20260616_182002,2143045567000,continue,fetch,0.3161373436450958,0.1910179406404495,0.1504973024129867,0.1680024415254593,0.1743449568748474,True,True,True,True,True
test|Jona_5_20260616_182002|2143378900000,Jona,Jona_5_20260616_182002,2143378900000,continue,fetch,0.3144150674343109,0.1911486238241195,0.1507132947444915,0.1695768684148788,0.1741461455821991,True,True,True,True,True
test|Jona_5_20260616_182002|2143712233000,Jona,Jona_5_20260616_182002,2143712233000,continue,fetch,0.3119297921657562,0.1910082250833511,0.1503562331199646,0.1708699017763137,0.1758357733488083,True,True,True,True,True
test|Jona_5_20260616_182002|2144045567000,Jona,Jona_5_20260616_182002,2144045567000,continue,fetch,0.3109590709209442,0.1913177371025085,0.1493340879678726,0.1715286076068878,0.1768604815006256,True,True,True,True,True
test|Jona_5_20260616_182002|2144378900000,Jona,Jona_5_20260616_182002,2144378900000,fetch,fetch,0.3076570332050323,0.1907569319009781,0.1502184122800827,0.1716040968894958,0.1797635406255722,True,True,True,True,True
test|Jona_5_20260616_182002|2144712233000,Jona,Jona_5_20260616_182002,2144712233000,fetch,fetch,0.3002327084541321,0.1911405771970749,0.1520856767892837,0.1697081923484802,0.1868328750133514,True,True,True,True,True
test|Jona_5_20260616_182002|2145045567000,Jona,Jona_5_20260616_182002,2145045567000,fetch,fetch,0.2963284850120544,0.1900521367788314,0.1516921520233154,0.1664512306451797,0.1954760253429412,True,True,True,True,True
test|Jona_5_20260616_182002|2145378900000,Jona,Jona_5_20260616_182002,2145378900000,fetch,fetch,0.2942262589931488,0.1894346624612808,0.150813490152359,0.1641836911439895,0.2013419717550277,True,True,True,True,True
test|Jona_5_20260616_182002|2145712233000,Jona,Jona_5_20260616_182002,2145712233000,fetch,fetch,0.2947716116905212,0.1871437728404998,0.1503120064735412,0.1624944061040878,0.2052781879901886,True,True,True,True,True
test|Jona_5_20260616_182002|2146045567000,Jona,Jona_5_20260616_182002,2146045567000,fetch,fetch,0.2956236004829407,0.1840336769819259,0.1496815532445907,0.1619228273630142,0.2087383270263672,True,True,True,True,True
test|Jona_5_20260616_182002|2146378900000,Jona,Jona_5_20260616_182002,2146378900000,fetch,fetch,0.2996014058589935,0.1822447627782821,0.149631530046463,0.1620968133211136,0.2064255475997924,True,True,True,True,True
test|Jona_5_20260616_182002|2146712233000,Jona,Jona_5_20260616_182002,2146712233000,fetch,fetch,0.3066416084766388,0.1781687289476394,0.1491322815418243,0.1612585037946701,0.2047988623380661,True,True,True,True,True
test|Jona_5_20260616_182002|2147045566000,Jona,Jona_5_20260616_182002,2147045566000,fetch,fetch,0.3092861771583557,0.1746965050697326,0.1509707123041153,0.1612694412469864,0.2037771940231323,True,True,True,True,True
test|Jona_5_20260616_182002|2147378900000,Jona,Jona_5_20260616_182002,2147378900000,fetch,fetch,0.3098042607307434,0.1712603420019149,0.1531035304069519,0.1620743721723556,0.2037575542926788,True,True,True,True,True
test|Jona_5_20260616_182002|2147712233000,Jona,Jona_5_20260616_182002,2147712233000,fetch,fetch,0.310677170753479,0.1699765771627426,0.1534598469734192,0.1625371426343917,0.2033492475748062,True,True,True,True,True
test|Jona_5_20260616_182002|2148045566000,Jona,Jona_5_20260616_182002,2148045566000,fetch,fetch,0.3107885420322418,0.1701651811599731,0.1543661803007125,0.1613606959581375,0.2033193856477737,True,True,True,True,True
test|Jona_5_20260616_182002|2148378900000,Jona,Jona_5_20260616_182002,2148378900000,fetch,fetch,0.3101590275764465,0.1699805408716201,0.154411643743515,0.1607506275177002,0.2046981006860733,True,True,True,True,True
test|Jona_5_20260616_182002|2148712233000,Jona,Jona_5_20260616_182002,2148712233000,fetch,fetch,0.3111577332019806,0.170331984758377,0.153546005487442,0.1614954471588134,0.2034687846899032,True,True,True,True,True
test|Jona_5_20260616_182002|2149045566000,Jona,Jona_5_20260616_182002,2149045566000,fetch,fetch,0.3131496608257293,0.170865461230278,0.1518205404281616,0.1624159961938858,0.2017484009265899,True,True,True,True,True
test|Jona_5_20260616_182002|2149378900000,Jona,Jona_5_20260616_182002,2149378900000,fetch,fetch,0.3160201013088226,0.1712235957384109,0.1490510255098343,0.1628692746162414,0.2008359283208847,True,True,True,True,True
test|Jona_5_20260616_182002|2149712233000,Jona,Jona_5_20260616_182002,2149712233000,fetch,fetch,0.3156111240386963,0.1716767251491546,0.148475632071495,0.163615733385086,0.2006208002567291,True,True,True,True,True
test|Jona_5_20260616_182002|2150045566000,Jona,Jona_5_20260616_182002,2150045566000,fetch,fetch,0.3168063759803772,0.1718952804803848,0.148455873131752,0.1640132069587707,0.1988293379545211,True,True,True,True,True
test|Jona_5_20260616_182002|2150378899000,Jona,Jona_5_20260616_182002,2150378899000,fetch,fetch,0.3176385462284088,0.1723341941833496,0.1488653570413589,0.1642448306083679,0.1969170868396759,True,True,True,True,True
test|Jona_5_20260616_182002|2150712233000,Jona,Jona_5_20260616_182002,2150712233000,fetch,fetch,0.3174079954624176,0.1726241111755371,0.1497221142053604,0.1644030958414077,0.1958426535129547,True,True,True,True,True
test|Jona_5_20260616_182002|2151045566000,Jona,Jona_5_20260616_182002,2151045566000,fetch,fetch,0.3174357116222381,0.1721210479736328,0.1520163714885711,0.1637197732925415,0.1947070360183715,True,True,True,True,True
test|Jona_5_20260616_182002|2154378899000,Jona,Jona_5_20260616_182002,2154378899000,handover,handover,0.2888906598091125,0.2017165571451187,0.17244553565979,0.159953087568283,0.1769942045211792,True,True,True,True,True
test|Jona_5_20260616_182002|2154712232000,Jona,Jona_5_20260616_182002,2154712232000,handover,handover,0.2827045619487762,0.2062700390815735,0.1722058057785034,0.1613942235708236,0.1774253398180008,True,True,True,True,True
test|Jona_5_20260616_182002|2155045566000,Jona,Jona_5_20260616_182002,2155045566000,handover,handover,0.2784505486488342,0.2060326635837555,0.1733938604593277,0.1611274033784866,0.1809955090284347,True,True,True,True,True
test|Jona_5_20260616_182002|2155378899000,Jona,Jona_5_20260616_182002,2155378899000,handover,handover,0.2754795551300049,0.2047760486602783,0.1718562543392181,0.1598544716835022,0.1880336552858352,True,True,True,True,True
test|Jona_5_20260616_182002|2155712232000,Jona,Jona_5_20260616_182002,2155712232000,handover,handover,0.2742802798748016,0.2042986005544662,0.1722461134195327,0.1583501547574997,0.1908248215913772,True,True,True,True,True
test|Jona_5_20260616_182002|2156045566000,Jona,Jona_5_20260616_182002,2156045566000,handover,handover,0.2752262055873871,0.2014567852020263,0.1726281642913818,0.1568909287452697,0.1937979310750961,True,True,True,True,True
test|Jona_5_20260616_182002|2156378899000,Jona,Jona_5_20260616_182002,2156378899000,handover,handover,0.2777910232543945,0.1977990865707397,0.1733498722314834,0.1562461405992508,0.1948139071464538,True,True,True,True,True
test|Jona_5_20260616_182002|2156712232000,Jona,Jona_5_20260616_182002,2156712232000,handover,handover,0.2814013361930847,0.1958591639995575,0.1758020967245102,0.1559873521327972,0.1909500807523727,True,True,True,True,True
test|Jona_5_20260616_182002|2157045565000,Jona,Jona_5_20260616_182002,2157045565000,handover,handover,0.2851410508155823,0.1952464282512664,0.1770043671131134,0.1568195223808288,0.1857886314392089,True,True,True,True,True
test|Jona_5_20260616_182002|2157378899000,Jona,Jona_5_20260616_182002,2157378899000,handover,handover,0.2880067229270935,0.1960072517395019,0.1778388023376464,0.1567828208208084,0.1813643872737884,True,True,True,True,True
test|Jona_5_20260616_182002|2157712232000,Jona,Jona_5_20260616_182002,2157712232000,handover,handover,0.290080189704895,0.1961709111928939,0.177553504705429,0.1575163751840591,0.1786790937185287,True,True,True,True,True
test|Jona_6_20260616_182111|2188112235000,Jona,Jona_6_20260616_182111,2188112235000,continue,continue,0.2814667224884033,0.2521821558475494,0.0,0.2151938676834106,0.251157283782959,True,True,False,True,True
test|Jona_6_20260616_182111|2188445569000,Jona,Jona_6_20260616_182111,2188445569000,continue,continue,0.2633489668369293,0.2620090246200561,0.0,0.2182212173938751,0.2564207911491394,True,True,False,True,True
test|Jona_6_20260616_182111|2188778902000,Jona,Jona_6_20260616_182111,2188778902000,continue,continue,0.2619953453540802,0.2660560309886932,0.0,0.2125332504510879,0.2594154179096222,True,True,False,True,True
test|Jona_6_20260616_182111|2189112235000,Jona,Jona_6_20260616_182111,2189112235000,continue,continue,0.2615272998809814,0.2715800404548645,0.0,0.2032632380723953,0.2636293768882751,True,True,False,True,True
test|Jona_6_20260616_182111|2189445568000,Jona,Jona_6_20260616_182111,2189445568000,continue,continue,0.2636734843254089,0.2783780992031097,0.0,0.1956641525030136,0.2622843086719513,True,True,False,True,True
test|Jona_6_20260616_182111|2189778902000,Jona,Jona_6_20260616_182111,2189778902000,continue,continue,0.273947149515152,0.278245210647583,0.0,0.1925920099020004,0.255215585231781,True,True,False,True,True
test|Jona_6_20260616_182111|2190112235000,Jona,Jona_6_20260616_182111,2190112235000,continue,continue,0.281649649143219,0.2787984907627105,0.0,0.1893404275178909,0.2502114474773407,True,True,False,True,True
test|Jona_6_20260616_182111|2190445568000,Jona,Jona_6_20260616_182111,2190445568000,continue,continue,0.2821895182132721,0.2812108993530273,0.0,0.1883173286914825,0.248282253742218,True,True,False,True,True
test|Jona_6_20260616_182111|2190778902000,Jona,Jona_6_20260616_182111,2190778902000,continue,continue,0.2804953455924988,0.2845735251903534,0.0,0.1872834414243698,0.2476476728916168,True,True,False,True,True
test|Jona_6_20260616_182111|2191112235000,Jona,Jona_6_20260616_182111,2191112235000,continue,continue,0.2819051146507263,0.2843347191810608,0.0,0.1880121380090713,0.2457480877637863,True,True,False,True,True
test|Jona_6_20260616_182111|2191445568000,Jona,Jona_6_20260616_182111,2191445568000,continue,continue,0.2798800766468048,0.281136155128479,0.0,0.1930078417062759,0.2459759414196014,True,True,False,True,True
test|Jona_6_20260616_182111|2191778902000,Jona,Jona_6_20260616_182111,2191778902000,continue,continue,0.2752380967140198,0.2779908776283264,0.0,0.1964414268732071,0.2503296136856079,True,True,False,True,True
test|Jona_6_20260616_182111|2192112235000,Jona,Jona_6_20260616_182111,2192112235000,continue,continue,0.2844891548156738,0.2700799405574798,0.0,0.1946037262678146,0.2508271634578705,True,True,False,True,True
test|Jona_6_20260616_182111|2192445568000,Jona,Jona_6_20260616_182111,2192445568000,continue,continue,0.291764497756958,0.2641927003860473,0.0,0.1948302090167999,0.2492125928401947,True,True,False,True,True
test|Jona_6_20260616_182111|2192778901000,Jona,Jona_6_20260616_182111,2192778901000,continue,continue,0.3001225888729095,0.2585993707180023,0.0,0.1975088268518448,0.2437692582607269,True,True,False,True,True
test|Jona_6_20260616_182111|2193112235000,Jona,Jona_6_20260616_182111,2193112235000,continue,continue,0.3116381466388702,0.2561998665332794,0.0,0.1976449787616729,0.2345169633626938,True,True,False,True,True
test|Jona_6_20260616_182111|2193445568000,Jona,Jona_6_20260616_182111,2193445568000,continue,continue,0.3211776316165924,0.2555301785469055,0.0,0.1941185146570205,0.2291736751794815,True,True,False,True,True
test|Jona_6_20260616_182111|2193778901000,Jona,Jona_6_20260616_182111,2193778901000,continue,continue,0.3266385495662689,0.2563874125480652,0.0,0.1928723007440567,0.2241016924381256,True,True,False,True,True
test|Jona_6_20260616_182111|2194112235000,Jona,Jona_6_20260616_182111,2194112235000,continue,continue,0.3202039003372192,0.2603387534618377,0.0,0.1978193670511245,0.2216379344463348,True,True,False,True,True
test|Jona_6_20260616_182111|2194445568000,Jona,Jona_6_20260616_182111,2194445568000,continue,continue,0.3192181289196014,0.2626758217811584,0.0,0.1981147229671478,0.2199912816286087,True,True,False,True,True
test|Jona_6_20260616_182111|2194778901000,Jona,Jona_6_20260616_182111,2194778901000,continue,continue,0.3198890686035156,0.2660059034824371,0.0,0.1946146637201309,0.2194903343915939,True,True,False,True,True
test|Jona_6_20260616_182111|2195112235000,Jona,Jona_6_20260616_182111,2195112235000,continue,continue,0.3186137080192566,0.2703533470630646,0.0,0.1934651285409927,0.2175677567720413,True,True,False,True,True
test|Jona_6_20260616_182111|2195445568000,Jona,Jona_6_20260616_182111,2195445568000,continue,continue,0.317775011062622,0.2749622166156769,0.0,0.1927446573972702,0.2145181000232696,True,True,False,True,True
test|Jona_6_20260616_182111|2195778901000,Jona,Jona_6_20260616_182111,2195778901000,continue,continue,0.3174743056297302,0.2839009463787079,0.0,0.1933743804693222,0.2052503824234008,True,True,False,True,True
test|Jona_6_20260616_182111|2196112234000,Jona,Jona_6_20260616_182111,2196112234000,continue,continue,0.3185639083385467,0.2871350347995758,0.0,0.1921056061983108,0.2021954804658889,True,True,False,True,True
test|Jona_6_20260616_182111|2196445568000,Jona,Jona_6_20260616_182111,2196445568000,continue,continue,0.3174145817756653,0.2829594910144806,0.0,0.1914134621620178,0.2082124799489975,True,True,False,True,True
test|Jona_6_20260616_182111|2196778901000,Jona,Jona_6_20260616_182111,2196778901000,continue,continue,0.3146409094333648,0.2771725654602051,0.0,0.1917997151613235,0.2163867801427841,True,True,False,True,True
test|Jona_6_20260616_182111|2197112234000,Jona,Jona_6_20260616_182111,2197112234000,continue,continue,0.3190439641475677,0.2680679857730865,0.0,0.1915677487850189,0.2213203161954879,True,True,False,True,True
test|Jona_6_20260616_182111|2197445568000,Jona,Jona_6_20260616_182111,2197445568000,continue,continue,0.3236813843250274,0.2601687312126159,0.0,0.1926782876253128,0.2234715819358825,True,True,False,True,True
test|Jona_6_20260616_182111|2197778901000,Jona,Jona_6_20260616_182111,2197778901000,continue,continue,0.3331269919872284,0.2499799579381942,0.0,0.1947952955961227,0.2220977991819381,True,True,False,True,True
test|Jona_6_20260616_182111|2198112234000,Jona,Jona_6_20260616_182111,2198112234000,continue,continue,0.3412908017635345,0.2416639775037765,0.0,0.1966331899166107,0.220412015914917,True,True,False,True,True
test|Jona_6_20260616_182111|2198445568000,Jona,Jona_6_20260616_182111,2198445568000,continue,continue,0.3472869098186493,0.235433891415596,0.0,0.1980980932712555,0.2191811203956604,True,True,False,True,True
test|Jona_6_20260616_182111|2198778901000,Jona,Jona_6_20260616_182111,2198778901000,continue,continue,0.3495495915412903,0.2308054864406585,0.0,0.1999783217906952,0.2196666449308395,True,True,False,True,True
test|Jona_6_20260616_182111|2199112234000,Jona,Jona_6_20260616_182111,2199112234000,continue,continue,0.3488683402538299,0.2291510105133056,0.0,0.2021760642528534,0.2198045253753662,True,True,False,True,True
test|Jona_6_20260616_182111|2199445567000,Jona,Jona_6_20260616_182111,2199445567000,continue,continue,0.3562555909156799,0.226354718208313,0.0,0.2006440460681915,0.2167456448078155,True,True,False,True,True
test|Jona_6_20260616_182111|2199778901000,Jona,Jona_6_20260616_182111,2199778901000,continue,continue,0.3605542778968811,0.2246214300394058,0.0,0.1986724734306335,0.2161518037319183,True,True,False,True,True
test|Jona_6_20260616_182111|2200112234000,Jona,Jona_6_20260616_182111,2200112234000,continue,continue,0.362919420003891,0.2219128608703613,0.0,0.1975821852684021,0.2175855934619903,True,True,False,True,True
test|Jona_6_20260616_182111|2200445567000,Jona,Jona_6_20260616_182111,2200445567000,continue,continue,0.3670693635940552,0.2189816534519195,0.0,0.1984501034021377,0.2154990136623382,True,True,False,True,True
test|Jona_6_20260616_182111|2200778901000,Jona,Jona_6_20260616_182111,2200778901000,continue,continue,0.370392769575119,0.2123564630746841,0.0,0.1990459412336349,0.2182047367095947,True,True,False,True,True
test|Jona_6_20260616_182111|2201112234000,Jona,Jona_6_20260616_182111,2201112234000,continue,continue,0.368795245885849,0.2109430432319641,0.0,0.1946236938238144,0.2256379723548889,True,True,False,True,True
test|Jona_6_20260616_182111|2201445567000,Jona,Jona_6_20260616_182111,2201445567000,continue,continue,0.3588114082813263,0.214995801448822,0.0,0.1912005543708801,0.2349922508001327,True,True,False,True,True
test|Jona_6_20260616_182111|2201778901000,Jona,Jona_6_20260616_182111,2201778901000,continue,continue,0.3508663177490234,0.2202783674001693,0.0,0.1896617859601974,0.2391935586929321,True,True,False,True,True
test|Jona_6_20260616_182111|2202112234000,Jona,Jona_6_20260616_182111,2202112234000,continue,continue,0.3457039892673492,0.2247791141271591,0.0,0.1897282600402832,0.2397885620594024,True,True,False,True,True
test|Jona_6_20260616_182111|2202445567000,Jona,Jona_6_20260616_182111,2202445567000,continue,continue,0.3318408727645874,0.2314963042736053,0.0,0.1938018649816513,0.2428609728813171,True,True,False,True,True
test|Jona_6_20260616_182111|2202778900000,Jona,Jona_6_20260616_182111,2202778900000,continue,continue,0.3228064775466919,0.2383515685796737,0.0,0.1951591670513153,0.2436828017234802,True,True,False,True,True
test|Jona_6_20260616_182111|2203112234000,Jona,Jona_6_20260616_182111,2203112234000,continue,continue,0.3303991854190826,0.2404277771711349,0.0,0.1955050826072693,0.2336679250001907,True,True,False,True,True
test|Jona_6_20260616_182111|2203445567000,Jona,Jona_6_20260616_182111,2203445567000,continue,continue,0.3389171063899994,0.2364551275968551,0.0,0.1974685490131378,0.2271592915058136,True,True,False,True,True
test|Jona_6_20260616_182111|2203778900000,Jona,Jona_6_20260616_182111,2203778900000,continue,continue,0.3490862548351288,0.2302719950675964,0.0,0.1993041485548019,0.221337616443634,True,True,False,True,True
test|Jona_6_20260616_182111|2204112234000,Jona,Jona_6_20260616_182111,2204112234000,continue,continue,0.3473112285137176,0.2262917011976242,0.0,0.2026382386684417,0.2237587720155716,True,True,False,True,True
test|Jona_6_20260616_182111|2204445567000,Jona,Jona_6_20260616_182111,2204445567000,continue,continue,0.3679467737674713,0.2178210765123367,0.0,0.195354089140892,0.2188780456781387,True,True,False,True,True
test|Jona_6_20260616_182111|2204778900000,Jona,Jona_6_20260616_182111,2204778900000,continue,continue,0.3340243697166443,0.1827753633260727,0.1317964941263198,0.1643943637609481,0.1870094537734985,True,True,True,True,True
test|Jona_6_20260616_182111|2205112234000,Jona,Jona_6_20260616_182111,2205112234000,continue,continue,0.3324656188488006,0.1834319531917572,0.1265128850936889,0.1667382568120956,0.1908513307571411,True,True,True,True,True
test|Jona_6_20260616_182111|2205445567000,Jona,Jona_6_20260616_182111,2205445567000,continue,continue,0.3225404322147369,0.1885496973991394,0.1281750053167343,0.1710593402385711,0.1896755248308181,True,True,True,True,True
test|Jona_6_20260616_182111|2205778900000,Jona,Jona_6_20260616_182111,2205778900000,continue,continue,0.3138729035854339,0.1933068335056305,0.1291421502828598,0.1712429672479629,0.192435160279274,True,True,True,True,True
test|Jona_6_20260616_182111|2206112233000,Jona,Jona_6_20260616_182111,2206112233000,continue,continue,0.3118509650230407,0.1926737874746322,0.1301236152648925,0.1690459251403808,0.1963056772947311,True,True,True,True,True
test|Jona_6_20260616_182111|2206445567000,Jona,Jona_6_20260616_182111,2206445567000,continue,continue,0.2870524227619171,0.1958837062120437,0.1325685232877731,0.1778445839881897,0.2066507190465927,True,True,True,True,True
test|Jona_6_20260616_182111|2206778900000,Jona,Jona_6_20260616_182111,2206778900000,continue,fetch,0.2842528820037842,0.1957775801420211,0.1356979608535766,0.1766579896211624,0.2076135873794555,True,True,True,True,True
test|Jona_6_20260616_182111|2207112233000,Jona,Jona_6_20260616_182111,2207112233000,continue,fetch,0.2850365936756134,0.1942274868488311,0.138045847415924,0.1767047643661499,0.2059853374958038,True,True,True,True,True
test|Jona_6_20260616_182111|2207445567000,Jona,Jona_6_20260616_182111,2207445567000,continue,fetch,0.2934064567089081,0.1887616366147995,0.136327713727951,0.174633115530014,0.2068711221218109,True,True,True,True,True
test|Jona_6_20260616_182111|2207778900000,Jona,Jona_6_20260616_182111,2207778900000,fetch,fetch,0.2980610430240631,0.1837983429431915,0.1362040489912033,0.1734624952077865,0.2084740698337555,True,True,True,True,True
test|Jona_6_20260616_182111|2208112233000,Jona,Jona_6_20260616_182111,2208112233000,fetch,fetch,0.3050398528575897,0.1832979917526245,0.1372155845165252,0.1732600778341293,0.2011865377426147,True,True,True,True,True
test|Jona_6_20260616_182111|2208445566000,Jona,Jona_6_20260616_182111,2208445566000,fetch,fetch,0.3186492025852203,0.1818831264972686,0.1374545693397522,0.1671797186136245,0.1948334127664566,True,True,True,True,True
test|Jona_6_20260616_182111|2208778900000,Jona,Jona_6_20260616_182111,2208778900000,fetch,fetch,0.3149410188198089,0.1838502138853073,0.1385128647089004,0.1713774055242538,0.1913184970617294,True,True,True,True,True
test|Jona_6_20260616_182111|2209112233000,Jona,Jona_6_20260616_182111,2209112233000,fetch,fetch,0.3117453455924988,0.181926280260086,0.1379607319831848,0.1722911745309829,0.1960764229297638,True,True,True,True,True
test|Jona_6_20260616_182111|2209445566000,Jona,Jona_6_20260616_182111,2209445566000,fetch,fetch,0.3113158941268921,0.1792625784873962,0.137656956911087,0.1725481301546096,0.1992164701223373,True,True,True,True,True
test|Jona_6_20260616_182111|2209778900000,Jona,Jona_6_20260616_182111,2209778900000,fetch,fetch,0.3122880160808563,0.1768223345279693,0.1368657648563385,0.1742883026599884,0.1997355818748474,True,True,True,True,True
test|Jona_6_20260616_182111|2210112233000,Jona,Jona_6_20260616_182111,2210112233000,fetch,fetch,0.3153577744960785,0.1745895147323608,0.1370436996221542,0.1728692948818206,0.2001397311687469,True,True,True,True,True
test|Jona_6_20260616_182111|2210445566000,Jona,Jona_6_20260616_182111,2210445566000,fetch,fetch,0.3165588080883026,0.1709923297166824,0.1367314755916595,0.1716497987508773,0.2040675580501556,True,True,True,True,True
test|Jona_6_20260616_182111|2210778900000,Jona,Jona_6_20260616_182111,2210778900000,fetch,fetch,0.3165967762470245,0.1670854091644287,0.1357280910015106,0.1712273359298706,0.2093623876571655,True,True,True,True,True
test|Jona_6_20260616_182111|2211112233000,Jona,Jona_6_20260616_182111,2211112233000,fetch,fetch,0.3174850642681122,0.1666446924209594,0.135563313961029,0.1708288639783859,0.2094780355691909,True,True,True,True,True
test|Jona_6_20260616_182111|2211445566000,Jona,Jona_6_20260616_182111,2211445566000,fetch,fetch,0.3163988590240478,0.1675453633069992,0.1357848197221756,0.1695679873228073,0.2107029855251312,True,True,True,True,True
test|Jona_6_20260616_182111|2211778900000,Jona,Jona_6_20260616_182111,2211778900000,fetch,fetch,0.3153594434261322,0.1690168529748916,0.1368235051631927,0.1688373833894729,0.209962859749794,True,True,True,True,True
test|Jona_6_20260616_182111|2212112233000,Jona,Jona_6_20260616_182111,2212112233000,fetch,fetch,0.313295841217041,0.1700503677129745,0.1372254490852356,0.1713139116764068,0.2081144452095031,True,True,True,True,True
test|Jona_6_20260616_182111|2212445566000,Jona,Jona_6_20260616_182111,2212445566000,fetch,fetch,0.3128037750720978,0.17181396484375,0.1384832859039306,0.1734785735607147,0.2034203708171844,True,True,True,True,True
test|Jona_6_20260616_182111|2212778899000,Jona,Jona_6_20260616_182111,2212778899000,fetch,fetch,0.3122163712978363,0.1735186576843261,0.1397049129009246,0.1750114858150482,0.1995485872030258,True,True,True,True,True
test|Jona_6_20260616_182111|2216778899000,Jona,Jona_6_20260616_182111,2216778899000,handover,handover,0.3032703697681427,0.1943250149488449,0.1414653658866882,0.1723801642656326,0.1885591447353363,True,True,True,True,True
test|Jona_6_20260616_182111|2217112232000,Jona,Jona_6_20260616_182111,2217112232000,handover,handover,0.3017268180847168,0.1961993426084518,0.1399953067302703,0.1715233325958252,0.1905551701784134,True,True,True,True,True
test|Jona_6_20260616_182111|2217445566000,Jona,Jona_6_20260616_182111,2217445566000,handover,handover,0.3017182648181915,0.1981470435857772,0.1390104293823242,0.1686298698186874,0.1924943029880523,True,True,True,True,True
test|Jona_6_20260616_182111|2217778899000,Jona,Jona_6_20260616_182111,2217778899000,handover,handover,0.2986084222793579,0.1998560279607772,0.1384127140045166,0.1655348390340805,0.1975879818201065,True,True,True,True,True
test|Jona_6_20260616_182111|2218112232000,Jona,Jona_6_20260616_182111,2218112232000,handover,handover,0.2962599396705627,0.2009085416793823,0.1374496221542358,0.1642845273017883,0.2010974138975143,True,True,True,True,True
test|Jona_6_20260616_182111|2218445566000,Jona,Jona_6_20260616_182111,2218445566000,handover,handover,0.297137051820755,0.2012353390455246,0.1376209706068039,0.1636470258235931,0.2003596574068069,True,True,True,True,True
test|Jona_6_20260616_182111|2218778899000,Jona,Jona_6_20260616_182111,2218778899000,handover,handover,0.2991515398025512,0.2000322788953781,0.1379867792129516,0.163992702960968,0.1988367438316345,True,True,True,True,True
test|Jona_6_20260616_182111|2219112232000,Jona,Jona_6_20260616_182111,2219112232000,handover,handover,0.301345020532608,0.1998319923877716,0.1384680718183517,0.1642595380544662,0.1960953772068023,True,True,True,True,True
test|Jona_6_20260616_182111|2219445565000,Jona,Jona_6_20260616_182111,2219445565000,handover,handover,0.2998690903186798,0.2009058445692062,0.1394131332635879,0.166068747639656,0.1937431842088699,True,True,True,True,True
test|Jona_6_20260616_182111|2219778899000,Jona,Jona_6_20260616_182111,2219778899000,handover,handover,0.2973362803459167,0.2016100138425827,0.1399328112602234,0.1684840470552444,0.1926368176937103,True,True,True,True,True
test|Jona_6_20260616_182111|2220112232000,Jona,Jona_6_20260616_182111,2220112232000,handover,handover,0.2940795719623565,0.2029168307781219,0.141142338514328,0.1698185503482818,0.1920427083969116,True,True,True,True,True
test|Jona_6_20260616_182111|2220445565000,Jona,Jona_6_20260616_182111,2220445565000,handover,handover,0.293684720993042,0.2036738395690918,0.1416611075401306,0.1702911406755447,0.1906891614198684,True,True,True,True,True
test|Jona_7_20260616_182214|2250878901000,Jona,Jona_7_20260616_182214,2250878901000,continue,continue,0.2339268326759338,0.2477440983057022,0.1372339576482772,0.1908694505691528,0.1902256608009338,True,True,True,True,True
test|Jona_7_20260616_182214|2251212235000,Jona,Jona_7_20260616_182214,2251212235000,continue,continue,0.2271531522274017,0.2437017261981964,0.1384331434965133,0.1955535560846328,0.1951584368944168,True,True,True,True,True
test|Jona_7_20260616_182214|2251545568000,Jona,Jona_7_20260616_182214,2251545568000,continue,continue,0.2269393503665924,0.2324943244457245,0.139131024479866,0.1986334770917892,0.202801838517189,True,True,True,True,True
test|Jona_7_20260616_182214|2251878901000,Jona,Jona_7_20260616_182214,2251878901000,continue,continue,0.2291951328516006,0.2201272249221801,0.14002026617527,0.1994749009609222,0.2111825048923492,True,True,True,True,True
test|Jona_7_20260616_182214|2252212235000,Jona,Jona_7_20260616_182214,2252212235000,continue,continue,0.2299315929412841,0.2135490626096725,0.1397062093019485,0.1979653388261795,0.2188477516174316,True,True,True,True,True
test|Jona_7_20260616_182214|2252545568000,Jona,Jona_7_20260616_182214,2252545568000,continue,continue,0.2362807989120483,0.2067622244358062,0.1388504952192306,0.1912377774715423,0.2268686592578888,True,True,True,True,True
test|Jona_7_20260616_182214|2252878901000,Jona,Jona_7_20260616_182214,2252878901000,continue,continue,0.2518600821495056,0.1999096870422363,0.1365965753793716,0.1822591125965118,0.2293746173381805,True,True,True,True,True
test|Jona_7_20260616_182214|2253212234000,Jona,Jona_7_20260616_182214,2253212234000,continue,continue,0.2597498595714569,0.1944378316402435,0.1352965235710144,0.178020566701889,0.2324951887130737,True,True,True,True,True
test|Jona_7_20260616_182214|2253545568000,Jona,Jona_7_20260616_182214,2253545568000,continue,continue,0.2648801505565643,0.1946439892053604,0.1343199163675308,0.1755591630935669,0.2305967509746551,True,True,True,True,True
test|Jona_7_20260616_182214|2253878901000,Jona,Jona_7_20260616_182214,2253878901000,continue,continue,0.2730602622032165,0.1953988075256347,0.1328855156898498,0.17485411465168,0.2238012254238128,True,True,True,True,True
test|Jona_7_20260616_182214|2254212234000,Jona,Jona_7_20260616_182214,2254212234000,continue,continue,0.2805110514163971,0.1966188251972198,0.132328912615776,0.1735443323850631,0.2169969081878662,True,True,True,True,True
test|Jona_7_20260616_182214|2254545568000,Jona,Jona_7_20260616_182214,2254545568000,continue,continue,0.2805975079536438,0.2010848522186279,0.13250233232975,0.1694916635751724,0.2163236886262893,True,True,True,True,True
test|Jona_7_20260616_182214|2254878901000,Jona,Jona_7_20260616_182214,2254878901000,continue,continue,0.2696613073348999,0.2097062021493911,0.1390289217233657,0.1653128266334533,0.2162907719612121,True,True,True,True,True
test|Jona_7_20260616_182214|2255212234000,Jona,Jona_7_20260616_182214,2255212234000,continue,continue,0.2603605985641479,0.2115371823310852,0.148643672466278,0.1642121225595474,0.2152464240789413,True,True,True,True,True
test|Jona_7_20260616_182214|2255545567000,Jona,Jona_7_20260616_182214,2255545567000,continue,continue,0.2531875073909759,0.2139239162206649,0.1584523916244506,0.1638750880956649,0.2105611115694046,True,True,True,True,True
test|Jona_7_20260616_182214|2255878901000,Jona,Jona_7_20260616_182214,2255878901000,continue,continue,0.2415838837623596,0.216666579246521,0.1677474528551101,0.1634032428264618,0.2105988413095474,True,True,True,True,True
test|Jona_7_20260616_182214|2256212234000,Jona,Jona_7_20260616_182214,2256212234000,continue,continue,0.2321463376283645,0.2186188101768493,0.1737146079540252,0.1640998125076294,0.2114205062389373,True,True,True,True,True
test|Jona_7_20260616_182214|2256545567000,Jona,Jona_7_20260616_182214,2256545567000,continue,continue,0.224350094795227,0.2188218981027603,0.1800644397735595,0.1685401648283004,0.2082234323024749,True,True,True,True,True
test|Jona_7_20260616_182214|2256878901000,Jona,Jona_7_20260616_182214,2256878901000,continue,continue,0.2232319861650467,0.2187936156988144,0.1809287220239639,0.1705518513917923,0.2064937800168991,True,True,True,True,True
test|Jona_7_20260616_182214|2257212234000,Jona,Jona_7_20260616_182214,2257212234000,continue,continue,0.2223511636257171,0.2237954288721084,0.1773092150688171,0.1704586893320083,0.20608551800251,True,True,True,True,True
test|Jona_7_20260616_182214|2257545567000,Jona,Jona_7_20260616_182214,2257545567000,continue,continue,0.2180554568767547,0.225407212972641,0.1732965856790542,0.1688784956932068,0.2143622785806656,True,True,True,True,True
test|Jona_7_20260616_182214|2257878901000,Jona,Jona_7_20260616_182214,2257878901000,continue,continue,0.2147965133190155,0.2283966243267059,0.1679350435733795,0.1689075678586959,0.2199642211198806,True,True,True,True,True
test|Jona_7_20260616_182214|2258212234000,Jona,Jona_7_20260616_182214,2258212234000,continue,continue,0.2133192718029022,0.2305097132921219,0.1632680296897888,0.1693190187215805,0.2235840260982513,True,True,True,True,True
test|Jona_7_20260616_182214|2258545567000,Jona,Jona_7_20260616_182214,2258545567000,continue,continue,0.2204519659280777,0.2289071381092071,0.1604797840118408,0.1660641729831695,0.2240969538688659,True,True,True,True,True
test|Jona_7_20260616_182214|2258878901000,Jona,Jona_7_20260616_182214,2258878901000,continue,continue,0.2324987202882766,0.2250359952449798,0.1574309319257736,0.1611206829547882,0.2239137142896652,True,True,True,True,True
test|Jona_7_20260616_182214|2259212234000,Jona,Jona_7_20260616_182214,2259212234000,continue,continue,0.2392186373472213,0.2245139181613922,0.1527863591909408,0.1583489626646042,0.2251321226358413,True,True,True,True,True
test|Jona_7_20260616_182214|2259545567000,Jona,Jona_7_20260616_182214,2259545567000,continue,continue,0.24562768638134,0.2238085716962814,0.1511178314685821,0.1587310135364532,0.2207149118185043,True,True,True,True,True
test|Jona_7_20260616_182214|2259878900000,Jona,Jona_7_20260616_182214,2259878900000,continue,continue,0.2507888376712799,0.2198494523763656,0.1507626175880432,0.1590541154146194,0.219544917345047,True,True,True,True,True
test|Jona_7_20260616_182214|2260212234000,Jona,Jona_7_20260616_182214,2260212234000,continue,continue,0.2544859647750854,0.2150337696075439,0.150879368185997,0.1593390852212906,0.220261812210083,True,True,True,True,True
test|Jona_7_20260616_182214|2260545567000,Jona,Jona_7_20260616_182214,2260545567000,continue,continue,0.260720282793045,0.2090702354907989,0.1498043090105056,0.1569563746452331,0.2234487980604171,True,True,True,True,True
test|Jona_7_20260616_182214|2260878900000,Jona,Jona_7_20260616_182214,2260878900000,continue,continue,0.2543873786926269,0.205175906419754,0.1513718664646148,0.1596799194812774,0.2293849438428878,True,True,True,True,True
test|Jona_7_20260616_182214|2261212234000,Jona,Jona_7_20260616_182214,2261212234000,continue,continue,0.2539078593254089,0.2014358788728714,0.1537252217531204,0.1607411652803421,0.2301898747682571,True,True,True,True,True
test|Jona_7_20260616_182214|2261545567000,Jona,Jona_7_20260616_182214,2261545567000,continue,continue,0.2567285597324371,0.1978325992822647,0.1518038809299469,0.1620757728815078,0.2315591871738433,True,True,True,True,True
test|Jona_7_20260616_182214|2261878900000,Jona,Jona_7_20260616_182214,2261878900000,continue,continue,0.2590799629688263,0.1959716081619262,0.1492471098899841,0.1632064580917358,0.2324948906898498,True,True,True,True,True
test|Jona_7_20260616_182214|2262212233000,Jona,Jona_7_20260616_182214,2262212233000,continue,continue,0.2618569433689117,0.1948711723089218,0.146077424287796,0.1640479862689972,0.2331465035676956,True,True,True,True,True
test|Jona_7_20260616_182214|2262545567000,Jona,Jona_7_20260616_182214,2262545567000,continue,continue,0.2624216973781585,0.1936456263065338,0.1438146531581878,0.1669646352529525,0.2331533730030059,True,True,True,True,True
test|Jona_7_20260616_182214|2262878900000,Jona,Jona_7_20260616_182214,2262878900000,continue,continue,0.2658962607383728,0.1935335993766784,0.1399860978126526,0.1675829440355301,0.2330011278390884,True,True,True,True,True
test|Jona_7_20260616_182214|2263212233000,Jona,Jona_7_20260616_182214,2263212233000,continue,continue,0.2689830064773559,0.1979583799839019,0.1388723999261856,0.1668529659509658,0.227333202958107,True,True,True,True,True
test|Jona_7_20260616_182214|2263545567000,Jona,Jona_7_20260616_182214,2263545567000,continue,continue,0.2723717987537384,0.2044511288404464,0.1396549791097641,0.1658674478530883,0.2176546156406402,True,True,True,True,True
test|Jona_7_20260616_182214|2263878900000,Jona,Jona_7_20260616_182214,2263878900000,continue,continue,0.273681491613388,0.2117690742015838,0.1376297175884246,0.1639591306447982,0.2129605561494827,True,True,True,True,True
test|Jona_7_20260616_182214|2264212233000,Jona,Jona_7_20260616_182214,2264212233000,continue,continue,0.2764400839805603,0.2145625799894333,0.1371052116155624,0.1637123823165893,0.2081797569990158,True,True,True,True,True
test|Jona_7_20260616_182214|2264545567000,Jona,Jona_7_20260616_182214,2264545567000,continue,continue,0.278306782245636,0.217200830578804,0.1356276720762252,0.1642083823680877,0.2046563774347305,True,True,True,True,True
test|Jona_7_20260616_182214|2264878900000,Jona,Jona_7_20260616_182214,2264878900000,continue,continue,0.2823867797851562,0.2181713283061981,0.1366440653800964,0.1658002436161041,0.1969975680112838,True,True,True,True,True
test|Jona_7_20260616_182214|2265212233000,Jona,Jona_7_20260616_182214,2265212233000,continue,continue,0.2828645408153534,0.2161163389682769,0.1366537064313888,0.1684494465589523,0.1959159821271896,True,True,True,True,True
test|Jona_7_20260616_182214|2265545566000,Jona,Jona_7_20260616_182214,2265545566000,continue,continue,0.2847969233989715,0.2146266400814056,0.1347927749156952,0.1701484024524688,0.1956352442502975,True,True,True,True,True
test|Jona_7_20260616_182214|2265878900000,Jona,Jona_7_20260616_182214,2265878900000,continue,continue,0.2884861528873443,0.2119439989328384,0.13460473716259,0.1715661883354187,0.1933988630771637,True,True,True,True,True
test|Jona_7_20260616_182214|2266212233000,Jona,Jona_7_20260616_182214,2266212233000,continue,continue,0.2895377576351166,0.2132685780525207,0.1346281766891479,0.1702112853527069,0.192354217171669,True,True,True,True,True
test|Jona_7_20260616_182214|2266545566000,Jona,Jona_7_20260616_182214,2266545566000,continue,continue,0.2811932563781738,0.2189908474683761,0.1324443519115448,0.1679051667451858,0.1994663923978805,True,True,True,True,True
test|Jona_7_20260616_182214|2266878900000,Jona,Jona_7_20260616_182214,2266878900000,continue,continue,0.272302895784378,0.2243601679801941,0.1304464638233184,0.1656514853239059,0.2072390019893646,True,True,True,True,True
test|Jona_7_20260616_182214|2267212233000,Jona,Jona_7_20260616_182214,2267212233000,continue,continue,0.2668704688549042,0.2294659316539764,0.1263778805732727,0.1639744341373443,0.2133112251758575,True,True,True,True,True
test|Jona_7_20260616_182214|2267545566000,Jona,Jona_7_20260616_182214,2267545566000,continue,continue,0.2609006762504577,0.2350361794233322,0.1234328672289848,0.161281555891037,0.219348669052124,True,True,True,True,True
test|Jona_7_20260616_182214|2267878900000,Jona,Jona_7_20260616_182214,2267878900000,continue,continue,0.2884026765823364,0.2764882445335388,0.0,0.1819480210542678,0.2531611025333404,True,True,False,True,True
test|Jona_7_20260616_182214|2268212233000,Jona,Jona_7_20260616_182214,2268212233000,continue,continue,0.2792746722698211,0.2839908003807068,0.0,0.1827693432569503,0.2539652585983276,True,True,False,True,True
test|Jona_7_20260616_182214|2268545566000,Jona,Jona_7_20260616_182214,2268545566000,continue,continue,0.2799179255962372,0.2865514457225799,0.0,0.1844558864831924,0.2490747570991516,True,True,False,True,True
test|Jona_7_20260616_182214|2268878899000,Jona,Jona_7_20260616_182214,2268878899000,continue,continue,0.2812104821205139,0.2878214418888092,0.0,0.186137706041336,0.2448304295539856,True,True,False,True,True
test|Jona_7_20260616_182214|2269212233000,Jona,Jona_7_20260616_182214,2269212233000,continue,continue,0.2807986736297607,0.2884586453437805,0.0,0.1872687935829162,0.2434739023447036,True,True,False,True,True
test|Jona_7_20260616_182214|2269545566000,Jona,Jona_7_20260616_182214,2269545566000,continue,continue,0.2819937169551849,0.2874887883663177,0.0,0.1882043629884719,0.2423131763935089,True,True,False,True,True
test|Jona_7_20260616_182214|2269878899000,Jona,Jona_7_20260616_182214,2269878899000,continue,continue,0.2855758965015411,0.2840301394462585,0.0,0.1899327784776687,0.2404611557722091,True,True,False,True,True
test|Jona_7_20260616_182214|2270212233000,Jona,Jona_7_20260616_182214,2270212233000,continue,continue,0.2911318838596344,0.2809083759784698,0.0,0.1902381330728531,0.237721636891365,True,True,False,True,True
test|Jona_7_20260616_182214|2270545566000,Jona,Jona_7_20260616_182214,2270545566000,continue,fetch,0.2989695966243744,0.2768570780754089,0.0,0.190383568406105,0.2337897568941116,True,True,False,True,True
test|Jona_7_20260616_182214|2270878899000,Jona,Jona_7_20260616_182214,2270878899000,continue,fetch,0.3066856563091278,0.2767598032951355,0.0,0.187045007944107,0.2295095473527908,True,True,False,True,True
test|Jona_7_20260616_182214|2271212233000,Jona,Jona_7_20260616_182214,2271212233000,continue,fetch,0.3179266452789306,0.2730061113834381,0.0,0.183887779712677,0.225179448723793,True,True,False,True,True
test|Jona_7_20260616_182214|2271545566000,Jona,Jona_7_20260616_182214,2271545566000,continue,fetch,0.3277874290943146,0.2639826834201813,0.0,0.1853151619434356,0.2229147404432296,True,True,False,True,True
test|Jona_7_20260616_182214|2271878899000,Jona,Jona_7_20260616_182214,2271878899000,continue,fetch,0.3367567658424377,0.251404196023941,0.0,0.1858796030282974,0.2259594500064849,True,True,False,True,True
test|Jona_7_20260616_182214|2272212232000,Jona,Jona_7_20260616_182214,2272212232000,continue,fetch,0.3471830487251282,0.2403636127710342,0.0,0.1874753981828689,0.2249779850244522,True,True,False,True,True
test|Jona_7_20260616_182214|2272545566000,Jona,Jona_7_20260616_182214,2272545566000,continue,fetch,0.3515833914279938,0.2326193153858184,0.0,0.1894572526216507,0.226340040564537,True,True,False,True,True
test|Jona_7_20260616_182214|2272878899000,Jona,Jona_7_20260616_182214,2272878899000,continue,fetch,0.3520942628383636,0.2251814603805542,0.0,0.1948091685771942,0.2279150336980819,True,True,False,True,True
test|Jona_7_20260616_182214|2273212232000,Jona,Jona_7_20260616_182214,2273212232000,fetch,fetch,0.348992258310318,0.222824364900589,0.0,0.1990934610366821,0.2290899157524109,True,True,False,True,True
test|Jona_7_20260616_182214|2273545566000,Jona,Jona_7_20260616_182214,2273545566000,fetch,fetch,0.347710907459259,0.2231616526842117,0.0,0.1988665163516998,0.2302608489990234,True,True,False,True,True
test|Jona_7_20260616_182214|2273878899000,Jona,Jona_7_20260616_182214,2273878899000,fetch,fetch,0.3482339084148407,0.2258800715208053,0.0,0.1999894380569458,0.2258965969085693,True,True,False,True,True
test|Jona_7_20260616_182214|2274212232000,Jona,Jona_7_20260616_182214,2274212232000,fetch,fetch,0.3443165719509125,0.227133423089981,0.0,0.2008299827575683,0.2277200520038604,True,True,False,True,True
test|Jona_7_20260616_182214|2274545566000,Jona,Jona_7_20260616_182214,2274545566000,fetch,fetch,0.3429730534553528,0.2276636511087417,0.0,0.2008996605873108,0.228463664650917,True,True,False,True,True
test|Jona_7_20260616_182214|2274878899000,Jona,Jona_7_20260616_182214,2274878899000,fetch,fetch,0.3459160327911377,0.2263900488615036,0.0,0.2020021229982376,0.2256917953491211,True,True,False,True,True
test|Jona_7_20260616_182214|2275212232000,Jona,Jona_7_20260616_182214,2275212232000,fetch,fetch,0.3521358966827392,0.2244609594345092,0.0,0.2024641931056976,0.2209389060735702,True,True,False,True,True
test|Jona_7_20260616_182214|2275545565000,Jona,Jona_7_20260616_182214,2275545565000,fetch,fetch,0.3572469651699066,0.2218640148639679,0.0,0.2049102336168289,0.2159787565469741,True,True,False,True,True
test|Jona_7_20260616_182214|2275878899000,Jona,Jona_7_20260616_182214,2275878899000,fetch,fetch,0.3595802783966064,0.218125507235527,0.0,0.2053098976612091,0.2169842571020126,True,True,False,True,True
test|Jona_7_20260616_182214|2276212232000,Jona,Jona_7_20260616_182214,2276212232000,fetch,fetch,0.3600853383541107,0.2143288105726242,0.0,0.2041181623935699,0.2214676886796951,True,True,False,True,True
test|Jona_7_20260616_182214|2276545565000,Jona,Jona_7_20260616_182214,2276545565000,fetch,fetch,0.3574694991111755,0.2113398164510727,0.0,0.2041006982326507,0.2270899713039398,True,True,False,True,True
test|Jona_7_20260616_182214|2276878899000,Jona,Jona_7_20260616_182214,2276878899000,fetch,fetch,0.3543685376644134,0.2104446142911911,0.0,0.2023527920246124,0.2328340709209442,True,True,False,True,True
test|Jona_7_20260616_182214|2277212232000,Jona,Jona_7_20260616_182214,2277212232000,fetch,fetch,0.3498716056346893,0.2098578065633773,0.0,0.2016614973545074,0.2386090457439422,True,True,False,True,True
test|Jona_7_20260616_182214|2277545565000,Jona,Jona_7_20260616_182214,2277545565000,fetch,fetch,0.348030149936676,0.2085236459970474,0.0,0.1988482177257537,0.2445980459451675,True,True,False,True,True
test|Jona_7_20260616_182214|2277878899000,Jona,Jona_7_20260616_182214,2277878899000,fetch,fetch,0.3480429053306579,0.2086814939975738,0.0,0.1974026560783386,0.2458728849887848,True,True,False,True,True
test|Jona_7_20260616_182214|2278212232000,Jona,Jona_7_20260616_182214,2278212232000,fetch,fetch,0.3472308814525604,0.2085274010896682,0.0,0.1975068897008896,0.2467347979545593,True,True,False,True,True
test|Jona_7_20260616_182214|2282212231000,Jona,Jona_7_20260616_182214,2282212231000,handover,handover,0.3613040745258331,0.2216981947422027,0.0,0.1992207318544387,0.2177769690752029,True,True,False,True,True
test|Jona_7_20260616_182214|2282545565000,Jona,Jona_7_20260616_182214,2282545565000,handover,handover,0.3510415256023407,0.229559063911438,0.0,0.1946043670177459,0.2247950285673141,True,True,False,True,True
test|Jona_7_20260616_182214|2282878898000,Jona,Jona_7_20260616_182214,2282878898000,handover,handover,0.3423244953155517,0.2367733120918274,0.0,0.1915771216154098,0.2293251305818557,True,True,False,True,True
test|Jona_7_20260616_182214|2283212231000,Jona,Jona_7_20260616_182214,2283212231000,handover,handover,0.3374411165714264,0.2426265925168991,0.0,0.1888323426246643,0.2310999780893325,True,True,False,True,True
test|Jona_7_20260616_182214|2283545565000,Jona,Jona_7_20260616_182214,2283545565000,handover,handover,0.3347927927970886,0.2462124973535537,0.0,0.1882219910621643,0.2307727336883545,True,True,False,True,True
test|Jona_7_20260616_182214|2283878898000,Jona,Jona_7_20260616_182214,2283878898000,handover,handover,0.3302680253982544,0.2481361627578735,0.0,0.1883485615253448,0.233247235417366,True,True,False,True,True
test|Jona_7_20260616_182214|2284212231000,Jona,Jona_7_20260616_182214,2284212231000,handover,handover,0.3298227190971374,0.2473117709159851,0.0,0.1887352764606475,0.2341302782297134,True,True,False,True,True
test|Jona_7_20260616_182214|2284545565000,Jona,Jona_7_20260616_182214,2284545565000,handover,handover,0.3365234136581421,0.2466676980257034,0.0,0.1912818253040313,0.2255270332098007,True,True,False,True,True
test|Jona_7_20260616_182214|2284878898000,Jona,Jona_7_20260616_182214,2284878898000,handover,handover,0.3420036137104034,0.2459624260663986,0.0,0.1927548348903656,0.2192791402339935,True,True,False,True,True
test|Jona_7_20260616_182214|2285212231000,Jona,Jona_7_20260616_182214,2285212231000,handover,handover,0.3446285426616668,0.2444697916507721,0.0,0.1941592842340469,0.2167423814535141,True,True,False,True,True
test|Jona_7_20260616_182214|2285545564000,Jona,Jona_7_20260616_182214,2285545564000,handover,handover,0.3477506041526794,0.2436036616563797,0.0,0.1933468580245971,0.2152988463640213,True,True,False,True,True
test|Jona_7_20260616_182214|2285878898000,Jona,Jona_7_20260616_182214,2285878898000,handover,handover,0.3506396114826202,0.2423954606056213,0.0,0.1925710886716842,0.2143939137458801,True,True,False,True,True
test|Mona_1_20260624_123312|1076136275000,Mona,Mona_1_20260624_123312,1076136275000,continue,fetch,0.2274022400379181,0.2475998550653457,0.1611853688955307,0.2029909044504165,0.1608216762542724,True,True,True,True,True
test|Mona_1_20260624_123312|1076469609000,Mona,Mona_1_20260624_123312,1076469609000,continue,continue,0.2323496490716934,0.242605835199356,0.1617413312196731,0.2036522924900055,0.159650906920433,True,True,True,True,True
test|Mona_1_20260624_123312|1076802942000,Mona,Mona_1_20260624_123312,1076802942000,continue,continue,0.2436876446008682,0.2384321093559265,0.1596114486455917,0.200356051325798,0.1579127758741378,True,True,True,True,True
test|Mona_1_20260624_123312|1077136275000,Mona,Mona_1_20260624_123312,1077136275000,continue,continue,0.2572793662548065,0.2311697602272033,0.1575794816017151,0.195235401391983,0.1587360650300979,True,True,True,True,True
test|Mona_1_20260624_123312|1077469609000,Mona,Mona_1_20260624_123312,1077469609000,continue,continue,0.2658074200153351,0.2309605181217193,0.1530517339706421,0.1929039061069488,0.1572764217853546,True,True,True,True,True
test|Mona_1_20260624_123312|1077802942000,Mona,Mona_1_20260624_123312,1077802942000,continue,continue,0.2603912353515625,0.236840158700943,0.151594340801239,0.1901895999908447,0.1609846800565719,True,True,True,True,True
test|Mona_1_20260624_123312|1078136275000,Mona,Mona_1_20260624_123312,1078136275000,continue,continue,0.2593469023704529,0.2433053702116012,0.1505193710327148,0.1863346993923187,0.1604937016963958,True,True,True,True,True
test|Mona_1_20260624_123312|1078469609000,Mona,Mona_1_20260624_123312,1078469609000,continue,continue,0.2625154852867126,0.245869442820549,0.1494183540344238,0.1800411194562912,0.1621556431055069,True,True,True,True,True
test|Mona_1_20260624_123312|1078802942000,Mona,Mona_1_20260624_123312,1078802942000,continue,continue,0.2670338153839111,0.2456141859292984,0.1485669463872909,0.1755791008472442,0.1632059067487716,True,True,True,True,True
test|Mona_1_20260624_123312|1079136275000,Mona,Mona_1_20260624_123312,1079136275000,continue,continue,0.2652932107448578,0.2491205334663391,0.1501177102327346,0.1752949357032776,0.1601736098527908,True,True,True,True,True
test|Mona_1_20260624_123312|1079469609000,Mona,Mona_1_20260624_123312,1079469609000,continue,continue,0.2637496292591095,0.2415247112512588,0.150710329413414,0.1813178807497024,0.1626974195241928,True,True,True,True,True
test|Mona_1_20260624_123312|1079802942000,Mona,Mona_1_20260624_123312,1079802942000,continue,continue,0.2657049894332886,0.2363507896661758,0.1519054770469665,0.1836896389722824,0.1623490899801254,True,True,True,True,True
test|Mona_1_20260624_123312|1080136275000,Mona,Mona_1_20260624_123312,1080136275000,continue,continue,0.2667946517467499,0.2318789213895797,0.1524817645549774,0.1871706396341323,0.1616739928722381,True,True,True,True,True
test|Mona_1_20260624_123312|1080469609000,Mona,Mona_1_20260624_123312,1080469609000,continue,continue,0.2649676203727722,0.2317238003015518,0.1520925462245941,0.1935269087553024,0.1576890647411346,True,True,True,True,True
test|Mona_1_20260624_123312|1080802942000,Mona,Mona_1_20260624_123312,1080802942000,continue,continue,0.2678535282611847,0.233424574136734,0.1510609835386276,0.1954345256090164,0.1522263884544372,True,True,True,True,True
test|Mona_1_20260624_123312|1081136275000,Mona,Mona_1_20260624_123312,1081136275000,continue,continue,0.2643239200115204,0.2325604557991027,0.1502194851636886,0.198508009314537,0.1543881595134735,True,True,True,True,True
test|Mona_1_20260624_123312|1081469609000,Mona,Mona_1_20260624_123312,1081469609000,continue,continue,0.2628657221794128,0.2364645153284073,0.1521543115377426,0.1910174489021301,0.1574980616569519,True,True,True,True,True
test|Mona_1_20260624_123312|1081802942000,Mona,Mona_1_20260624_123312,1081802942000,continue,continue,0.2598384618759155,0.236955851316452,0.1516996026039123,0.1890833228826522,0.1624227613210678,True,True,True,True,True
test|Mona_1_20260624_123312|1082136275000,Mona,Mona_1_20260624_123312,1082136275000,continue,continue,0.2601359784603119,0.2380205690860748,0.1514868140220642,0.1838523894548416,0.1665042340755462,True,True,True,True,True
test|Mona_1_20260624_123312|1082469609000,Mona,Mona_1_20260624_123312,1082469609000,continue,continue,0.2615557312965393,0.2406363636255264,0.1506661176681518,0.1760749071836471,0.1710668951272964,True,True,True,True,True
test|Mona_1_20260624_123312|1082802942000,Mona,Mona_1_20260624_123312,1082802942000,continue,continue,0.2512224912643432,0.2451076954603195,0.1499877423048019,0.1759921908378601,0.1776898950338363,True,True,True,True,True
test|Mona_1_20260624_123312|1083136275000,Mona,Mona_1_20260624_123312,1083136275000,continue,continue,0.2539454698562622,0.2463060170412063,0.1487329006195068,0.1738286167383194,0.1771869957447052,True,True,True,True,True
test|Mona_1_20260624_123312|1083469609000,Mona,Mona_1_20260624_123312,1083469609000,continue,continue,0.2558636963367462,0.2506241798400879,0.1459794342517852,0.1724651902914047,0.1750674694776535,True,True,True,True,True
test|Mona_1_20260624_123312|1083802942000,Mona,Mona_1_20260624_123312,1083802942000,continue,continue,0.258794367313385,0.2503908574581146,0.1454643011093139,0.1738073676824569,0.1715431213378906,True,True,True,True,True
test|Mona_1_20260624_123312|1084136275000,Mona,Mona_1_20260624_123312,1084136275000,continue,continue,0.2616047263145447,0.2470950931310653,0.1455645561218261,0.177048921585083,0.1686867326498031,True,True,True,True,True
test|Mona_1_20260624_123312|1084469609000,Mona,Mona_1_20260624_123312,1084469609000,continue,continue,0.2604973614215851,0.2424719482660293,0.1468855142593383,0.1824622899293899,0.1676828563213348,True,True,True,True,True
test|Mona_1_20260624_123312|1084802942000,Mona,Mona_1_20260624_123312,1084802942000,continue,continue,0.2580656707286834,0.241306647658348,0.1478615403175354,0.1854834258556366,0.167282685637474,True,True,True,True,True
test|Mona_1_20260624_123312|1085136275000,Mona,Mona_1_20260624_123312,1085136275000,continue,continue,0.2586645185947418,0.2425986379384994,0.146806001663208,0.1844105273485183,0.1675203144550323,True,True,True,True,True
test|Mona_1_20260624_123312|1085469609000,Mona,Mona_1_20260624_123312,1085469609000,continue,continue,0.2608121037483215,0.2403661757707595,0.1473989933729171,0.1834355741739273,0.167987123131752,True,True,True,True,True
test|Mona_1_20260624_123312|1085802942000,Mona,Mona_1_20260624_123312,1085802942000,continue,continue,0.2671545743942261,0.2381181418895721,0.1466215401887893,0.1812248975038528,0.1668809205293655,True,True,True,True,True
test|Mona_1_20260624_123312|1086136275000,Mona,Mona_1_20260624_123312,1086136275000,continue,continue,0.2702585756778717,0.2402188330888748,0.1437978595495224,0.1788102388381958,0.1669144630432129,True,True,True,True,True
test|Mona_1_20260624_123312|1086469609000,Mona,Mona_1_20260624_123312,1086469609000,continue,continue,0.2671426832675934,0.242633044719696,0.1415020227432251,0.1778931021690368,0.1708291321992874,True,True,True,True,True
test|Mona_1_20260624_123312|1086802942000,Mona,Mona_1_20260624_123312,1086802942000,continue,continue,0.2705354392528534,0.2401264756917953,0.1411762237548828,0.1754304766654968,0.1727313846349716,True,True,True,True,True
test|Mona_1_20260624_123312|1087136275000,Mona,Mona_1_20260624_123312,1087136275000,continue,continue,0.2745643854141235,0.2362698316574096,0.1404567956924438,0.1752784997224807,0.1734305024147033,True,True,True,True,True
test|Mona_1_20260624_123312|1087469609000,Mona,Mona_1_20260624_123312,1087469609000,continue,continue,0.2728608846664428,0.2322345376014709,0.1426068097352981,0.1790503114461898,0.1732473820447921,True,True,True,True,True
test|Mona_1_20260624_123312|1087802942000,Mona,Mona_1_20260624_123312,1087802942000,continue,continue,0.2676036655902862,0.2285592555999755,0.1461597084999084,0.1840098053216934,0.1736675798892974,True,True,True,True,True
test|Mona_1_20260624_123312|1088136275000,Mona,Mona_1_20260624_123312,1088136275000,continue,continue,0.2642876803874969,0.2270428240299224,0.150574192404747,0.1866831928491592,0.1714121550321579,True,True,True,True,True
test|Mona_1_20260624_123312|1088469609000,Mona,Mona_1_20260624_123312,1088469609000,continue,continue,0.2765659689903259,0.2237148582935333,0.1525258123874664,0.1836675256490707,0.1635258942842483,True,True,True,True,True
test|Mona_1_20260624_123312|1088802942000,Mona,Mona_1_20260624_123312,1088802942000,continue,continue,0.281327337026596,0.2232138365507125,0.152620792388916,0.1823118925094604,0.1605262011289596,True,True,True,True,True
test|Mona_1_20260624_123312|1089136275000,Mona,Mona_1_20260624_123312,1089136275000,continue,continue,0.2804211378097534,0.2247755825519561,0.1549807339906692,0.1805247217416763,0.1592978835105896,True,True,True,True,True
test|Mona_1_20260624_123312|1089469609000,Mona,Mona_1_20260624_123312,1089469609000,continue,continue,0.2852857708930969,0.2290250062942505,0.1538295447826385,0.1761912852525711,0.1556684374809265,True,True,True,True,True
test|Mona_1_20260624_123312|1089802942000,Mona,Mona_1_20260624_123312,1089802942000,continue,continue,0.2918656170368194,0.229713499546051,0.1520447731018066,0.1725939959287643,0.1537820845842361,True,True,True,True,True
test|Mona_1_20260624_123312|1090136275000,Mona,Mona_1_20260624_123312,1090136275000,continue,continue,0.2977847456932068,0.2247738242149353,0.1518290787935257,0.1714229732751846,0.154189333319664,True,True,True,True,True
test|Mona_1_20260624_123312|1090469609000,Mona,Mona_1_20260624_123312,1090469609000,continue,continue,0.2966645658016205,0.2201761305332183,0.1542021632194519,0.1723631024360656,0.1565939933061599,True,True,True,True,True
test|Mona_1_20260624_123312|1090802942000,Mona,Mona_1_20260624_123312,1090802942000,continue,continue,0.2971620559692383,0.2177569419145584,0.1553844213485717,0.1750591099262237,0.1546374261379242,True,True,True,True,True
test|Mona_1_20260624_123312|1091136275000,Mona,Mona_1_20260624_123312,1091136275000,continue,continue,0.2927360236644745,0.2161801308393478,0.1545658111572265,0.1807505190372467,0.155767485499382,True,True,True,True,True
test|Mona_1_20260624_123312|1091469609000,Mona,Mona_1_20260624_123312,1091469609000,continue,continue,0.29012331366539,0.2136179804801941,0.1548355370759964,0.1823479980230331,0.1590752005577087,True,True,True,True,True
test|Mona_1_20260624_123312|1091802942000,Mona,Mona_1_20260624_123312,1091802942000,continue,continue,0.2860590517520904,0.2134061902761459,0.1550654023885727,0.1826924681663513,0.1627768725156784,True,True,True,True,True
test|Mona_1_20260624_123312|1092136275000,Mona,Mona_1_20260624_123312,1092136275000,continue,continue,0.2806486189365387,0.211284726858139,0.1547231376171112,0.1848615556955337,0.1684819608926773,True,True,True,True,True
test|Mona_1_20260624_123312|1092469609000,Mona,Mona_1_20260624_123312,1092469609000,continue,continue,0.2752113044261932,0.2085144817829132,0.1538580656051635,0.1872287094593048,0.1751874536275863,True,True,True,True,True
test|Mona_1_20260624_123312|1092802942000,Mona,Mona_1_20260624_123312,1092802942000,continue,continue,0.271646648645401,0.2057524174451828,0.1548875421285629,0.188441976904869,0.1792714148759842,True,True,True,True,True
test|Mona_1_20260624_123312|1093136275000,Mona,Mona_1_20260624_123312,1093136275000,continue,continue,0.2734063863754272,0.2020881921052932,0.155531957745552,0.1896186918020248,0.1793548315763473,True,True,True,True,True
test|Mona_1_20260624_123312|1093469609000,Mona,Mona_1_20260624_123312,1093469609000,continue,continue,0.2752677202224731,0.1965563595294952,0.1542582958936691,0.1912656426429748,0.1826519817113876,True,True,True,True,True
test|Mona_1_20260624_123312|1093802942000,Mona,Mona_1_20260624_123312,1093802942000,continue,continue,0.2786997258663177,0.1940730214118957,0.1544510424137115,0.1886111050844192,0.1841650903224945,True,True,True,True,True
test|Mona_1_20260624_123312|1094136275000,Mona,Mona_1_20260624_123312,1094136275000,continue,continue,0.2834627032279968,0.1935472190380096,0.154475063085556,0.1893810629844665,0.1791339516639709,True,True,True,True,True
test|Mona_1_20260624_123312|1094469609000,Mona,Mona_1_20260624_123312,1094469609000,continue,continue,0.2885957956314087,0.1959767192602157,0.1546887159347534,0.1908414661884308,0.1698972582817077,True,True,True,True,True
test|Mona_1_20260624_123312|1094802942000,Mona,Mona_1_20260624_123312,1094802942000,continue,continue,0.2951444685459137,0.1967708468437194,0.1560037434101104,0.1884641796350479,0.1636168211698532,True,True,True,True,True
test|Mona_1_20260624_123312|1095136275000,Mona,Mona_1_20260624_123312,1095136275000,continue,continue,0.3036616444587707,0.195783793926239,0.1580380350351333,0.1827594637870788,0.1597570478916168,True,True,True,True,True
test|Mona_1_20260624_123312|1095469609000,Mona,Mona_1_20260624_123312,1095469609000,fetch,continue,0.3086453676223755,0.1962841153144836,0.159714788198471,0.182313784956932,0.1530419737100601,True,True,True,True,True
test|Mona_1_20260624_123312|1095802942000,Mona,Mona_1_20260624_123312,1095802942000,fetch,fetch,0.3137049674987793,0.1941622346639633,0.1583625376224517,0.184659793972969,0.1491104215383529,True,True,True,True,True
test|Mona_1_20260624_123312|1096136275000,Mona,Mona_1_20260624_123312,1096136275000,fetch,fetch,0.309430718421936,0.2111364901065826,0.1527924537658691,0.1776430010795593,0.1489973962306976,True,True,True,True,True
test|Mona_1_20260624_123312|1096469609000,Mona,Mona_1_20260624_123312,1096469609000,fetch,fetch,0.2985022962093353,0.2427044808864593,0.1474905461072921,0.1670431047677993,0.1442595273256302,True,True,True,True,True
test|Mona_1_20260624_123312|1096802942000,Mona,Mona_1_20260624_123312,1096802942000,fetch,fetch,0.2934319078922272,0.2523468434810638,0.1443206667900085,0.1649940460920334,0.1449065059423446,True,True,True,True,True
test|Mona_1_20260624_123312|1097136275000,Mona,Mona_1_20260624_123312,1097136275000,fetch,fetch,0.2907271385192871,0.2560614645481109,0.1428765505552292,0.1638619899749755,0.1464728862047195,True,True,True,True,True
test|Mona_1_20260624_123312|1097469609000,Mona,Mona_1_20260624_123312,1097469609000,fetch,fetch,0.2931483089923858,0.2520399987697601,0.1429885476827621,0.1615503877401352,0.1502726823091507,True,True,True,True,True
test|Mona_1_20260624_123312|1097802942000,Mona,Mona_1_20260624_123312,1097802942000,fetch,fetch,0.2914179861545563,0.2518018782138824,0.1430893838405609,0.1589265614748001,0.1547641307115554,True,True,True,True,True
test|Mona_1_20260624_123312|1098136275000,Mona,Mona_1_20260624_123312,1098136275000,fetch,fetch,0.2922209203243255,0.2460034340620041,0.1459904015064239,0.1593394726514816,0.1564458161592483,True,True,True,True,True
test|Mona_1_20260624_123312|1098469609000,Mona,Mona_1_20260624_123312,1098469609000,fetch,fetch,0.2949901521205902,0.2357407659292221,0.1451887041330337,0.161846786737442,0.1622335612773895,True,True,True,True,True
test|Mona_1_20260624_123312|1098802942000,Mona,Mona_1_20260624_123312,1098802942000,fetch,fetch,0.2946472465991974,0.2341393083333969,0.144644409418106,0.1623411923646927,0.1642278283834457,True,True,True,True,True
test|Mona_1_20260624_123312|1099136275000,Mona,Mona_1_20260624_123312,1099136275000,fetch,fetch,0.2975756824016571,0.2297514975070953,0.1442965567111969,0.1650538891553878,0.1633223742246627,True,True,True,True,True
test|Mona_1_20260624_123312|1099469609000,Mona,Mona_1_20260624_123312,1099469609000,fetch,fetch,0.3001993000507355,0.2261909246444702,0.1445544362068176,0.1675674319267273,0.161487877368927,True,True,True,True,True
test|Mona_1_20260624_123312|1099802942000,Mona,Mona_1_20260624_123312,1099802942000,fetch,fetch,0.3018707633018493,0.2264762669801712,0.1445952802896499,0.1694806665182113,0.1575770825147628,True,True,True,True,True
test|Mona_1_20260624_123312|1101469609000,Mona,Mona_1_20260624_123312,1101469609000,handover,handover,0.3084158599376678,0.2328403145074844,0.1491404473781585,0.1694893687963485,0.1401140093803405,True,True,True,True,True
test|Mona_1_20260624_123312|1101802942000,Mona,Mona_1_20260624_123312,1101802942000,handover,handover,0.3063578605651855,0.2336824089288711,0.1527830958366394,0.1686159074306488,0.1385607272386551,True,True,True,True,True
test|Mona_1_20260624_123312|1102136275000,Mona,Mona_1_20260624_123312,1102136275000,handover,handover,0.2949153780937195,0.2423604130744934,0.1520959287881851,0.1658320277929306,0.1447962522506714,True,True,True,True,True
test|Mona_1_20260624_123312|1102469609000,Mona,Mona_1_20260624_123312,1102469609000,handover,handover,0.290387898683548,0.240594208240509,0.1524179726839065,0.169307455420494,0.1472924500703811,True,True,True,True,True
test|Mona_1_20260624_123312|1102802942000,Mona,Mona_1_20260624_123312,1102802942000,handover,handover,0.2892362177371979,0.2387955635786056,0.152699589729309,0.1705940067768097,0.1486746072769165,True,True,True,True,True
test|Mona_1_20260624_123312|1103136275000,Mona,Mona_1_20260624_123312,1103136275000,handover,handover,0.2881274223327636,0.2376758009195327,0.1531352251768112,0.171396717429161,0.14966481924057,True,True,True,True,True
test|Mona_1_20260624_123312|1103469609000,Mona,Mona_1_20260624_123312,1103469609000,handover,handover,0.2856176495552063,0.238072320818901,0.1538154184818267,0.1710997372865677,0.1513948738574981,True,True,True,True,True
test|Mona_1_20260624_123312|1103802942000,Mona,Mona_1_20260624_123312,1103802942000,handover,handover,0.2827725410461426,0.2398129552602768,0.1523660123348236,0.1727375090122223,0.1523109376430511,True,True,True,True,True
test|Mona_1_20260624_123312|1104136275000,Mona,Mona_1_20260624_123312,1104136275000,handover,handover,0.2867162525653839,0.2351702600717544,0.1540390700101852,0.1761982142925262,0.1478761732578277,True,True,True,True,True
test|Mona_1_20260624_123312|1104469609000,Mona,Mona_1_20260624_123312,1104469609000,handover,handover,0.2877465784549713,0.2342048734426498,0.1544489860534668,0.1775574386119842,0.1460420936346054,True,True,True,True,True
test|Mona_1_20260624_123312|1104802942000,Mona,Mona_1_20260624_123312,1104802942000,handover,handover,0.2832773923873901,0.2342778146266937,0.1545233428478241,0.1816049218177795,0.146316573023796,True,True,True,True,True
test|Mona_1_20260624_123312|1105136275000,Mona,Mona_1_20260624_123312,1105136275000,handover,handover,0.2798627912998199,0.2350599467754364,0.1536760181188583,0.1835043132305145,0.1478969901800155,True,True,True,True,True
test|Mona_1_20260624_123312|1105469609000,Mona,Mona_1_20260624_123312,1105469609000,handover,handover,0.2776016891002655,0.2378074675798416,0.1538193821907043,0.1832619756460189,0.1475094854831695,True,True,True,True,True
test|Mona_1_20260624_123312|1105802942000,Mona,Mona_1_20260624_123312,1105802942000,handover,handover,0.2760224342346191,0.2397695481777191,0.1524159014225006,0.1836811304092407,0.148111030459404,True,True,True,True,True
test|Mona_1_20260624_123312|1106136275000,Mona,Mona_1_20260624_123312,1106136275000,handover,fetch,0.2721840143203735,0.2416962534189224,0.1512475609779358,0.1846956610679626,0.1501765251159668,True,True,True,True,True
test|Mona_1_20260624_123312|1106469609000,Mona,Mona_1_20260624_123312,1106469609000,handover,fetch,0.2650389969348907,0.2456792891025543,0.1498109698295593,0.1876194775104522,0.1518512666225433,True,True,True,True,True
test|Mona_1_20260624_123312|1106802942000,Mona,Mona_1_20260624_123312,1106802942000,handover,fetch,0.265153169631958,0.2459420710802078,0.1487427204847335,0.188628613948822,0.1515334695577621,True,True,True,True,True
test|Mona_1_20260624_123312|1107136275000,Mona,Mona_1_20260624_123312,1107136275000,handover,fetch,0.2662371397018432,0.2442730367183685,0.1487753093242645,0.1898204386234283,0.1508940905332565,True,True,True,True,True
test|Mona_1_20260624_123312|1107469609000,Mona,Mona_1_20260624_123312,1107469609000,handover,continue,0.2659841477870941,0.2416541576385498,0.147845521569252,0.1921071410179138,0.1524089723825454,True,True,True,True,True
test|Mona_1_20260624_123312|1107802942000,Mona,Mona_1_20260624_123312,1107802942000,handover,continue,0.264287382364273,0.2389473915100097,0.1483992636203766,0.1952449530363083,0.1531209945678711,True,True,True,True,True
test|Mona_1_20260624_123312|1108136275000,Mona,Mona_1_20260624_123312,1108136275000,handover,continue,0.2699097990989685,0.2345107644796371,0.1488762497901916,0.1973229497671127,0.1493802368640899,True,True,True,True,True
test|Mona_1_20260624_123312|1108469609000,Mona,Mona_1_20260624_123312,1108469609000,handover,continue,0.2807348072528839,0.2282735407352447,0.1492958515882492,0.1939888894557953,0.1477068662643432,True,True,True,True,True
test|Mona_3_20260624_123548|1231936275000,Mona,Mona_3_20260624_123548,1231936275000,continue,continue,0.2638223469257355,0.2314069420099258,0.1417864114046096,0.2078048437833786,0.1551794558763504,True,True,True,True,True
test|Mona_3_20260624_123548|1232269609000,Mona,Mona_3_20260624_123548,1232269609000,continue,continue,0.2679342031478882,0.2278829663991928,0.1392271816730499,0.2067457437515258,0.1582099497318267,True,True,True,True,True
test|Mona_3_20260624_123548|1232602942000,Mona,Mona_3_20260624_123548,1232602942000,continue,continue,0.2723654210567474,0.224711000919342,0.1413918733596801,0.2027759552001953,0.1587557196617126,True,True,True,True,True
test|Mona_3_20260624_123548|1232936275000,Mona,Mona_3_20260624_123548,1232936275000,continue,continue,0.2723076939582824,0.224569097161293,0.1451464295387268,0.1971587985754013,0.1608180105686187,True,True,True,True,True
test|Mona_3_20260624_123548|1233269609000,Mona,Mona_3_20260624_123548,1233269609000,continue,continue,0.2660436332225799,0.2253311872482299,0.1456011086702346,0.1966367363929748,0.1663873046636581,True,True,True,True,True
test|Mona_3_20260624_123548|1233602942000,Mona,Mona_3_20260624_123548,1233602942000,continue,continue,0.2727757692337036,0.2260574847459793,0.1487432867288589,0.1885821521282196,0.1638412922620773,True,True,True,True,True
test|Mona_3_20260624_123548|1233936275000,Mona,Mona_3_20260624_123548,1233936275000,continue,continue,0.276686429977417,0.2276210486888885,0.1477552205324173,0.1838020235300064,0.1641352474689483,True,True,True,True,True
test|Mona_3_20260624_123548|1234269609000,Mona,Mona_3_20260624_123548,1234269609000,continue,continue,0.2784399688243866,0.2283812463283538,0.1493279933929443,0.1793806999921798,0.1644701063632965,True,True,True,True,True
test|Mona_3_20260624_123548|1234602942000,Mona,Mona_3_20260624_123548,1234602942000,continue,continue,0.2771493196487427,0.2305207997560501,0.1478021144866943,0.1790774017572403,0.1654503941535949,True,True,True,True,True
test|Mona_3_20260624_123548|1234936275000,Mona,Mona_3_20260624_123548,1234936275000,continue,continue,0.2739747166633606,0.2295964956283569,0.1484325975179672,0.1820526123046875,0.1659435331821441,True,True,True,True,True
test|Mona_3_20260624_123548|1235269609000,Mona,Mona_3_20260624_123548,1235269609000,continue,continue,0.2727169990539551,0.2300745695829391,0.1502110809087753,0.1830754280090332,0.1639219224452972,True,True,True,True,True
test|Mona_3_20260624_123548|1235602942000,Mona,Mona_3_20260624_123548,1235602942000,continue,continue,0.2716379761695862,0.2295412272214889,0.1500583589076995,0.1835037171840667,0.1652587205171585,True,True,True,True,True
test|Mona_3_20260624_123548|1235936275000,Mona,Mona_3_20260624_123548,1235936275000,continue,continue,0.2729537487030029,0.2289725095033645,0.1508913338184356,0.1843915432691574,0.1627908945083618,True,True,True,True,True
test|Mona_3_20260624_123548|1236269609000,Mona,Mona_3_20260624_123548,1236269609000,continue,continue,0.2790673673152923,0.22927226126194,0.1491609960794448,0.1842391341924667,0.15826016664505,True,True,True,True,True
test|Mona_3_20260624_123548|1236602942000,Mona,Mona_3_20260624_123548,1236602942000,continue,continue,0.2814620435237884,0.2278456836938858,0.1496288329362869,0.1851681619882583,0.1558952927589416,True,True,True,True,True
test|Mona_3_20260624_123548|1236936275000,Mona,Mona_3_20260624_123548,1236936275000,continue,continue,0.2876418828964233,0.2248791307210922,0.1481882482767105,0.184409812092781,0.154880940914154,True,True,True,True,True
test|Mona_3_20260624_123548|1237269609000,Mona,Mona_3_20260624_123548,1237269609000,continue,continue,0.2941043376922607,0.2198893129825592,0.1479032635688781,0.1812769621610641,0.1568261384963989,True,True,True,True,True
test|Mona_3_20260624_123548|1237602942000,Mona,Mona_3_20260624_123548,1237602942000,continue,continue,0.3024439513683319,0.2181941121816635,0.1464063227176666,0.1787018179893493,0.1542537659406662,True,True,True,True,True
test|Mona_3_20260624_123548|1237936275000,Mona,Mona_3_20260624_123548,1237936275000,continue,continue,0.3053943812847137,0.2159957438707351,0.1497337371110916,0.1758248209953308,0.1530513614416122,True,True,True,True,True
test|Mona_3_20260624_123548|1238269609000,Mona,Mona_3_20260624_123548,1238269609000,continue,continue,0.303064227104187,0.2134552299976349,0.1512499451637268,0.1786022186279297,0.153628408908844,True,True,True,True,True
test|Mona_3_20260624_123548|1238602942000,Mona,Mona_3_20260624_123548,1238602942000,continue,continue,0.2977021038532257,0.2168219089508056,0.1517067551612854,0.1802347004413604,0.1535344868898391,True,True,True,True,True
test|Mona_3_20260624_123548|1238936275000,Mona,Mona_3_20260624_123548,1238936275000,continue,continue,0.2846099734306335,0.2259722501039505,0.1512644290924072,0.1812479197978973,0.1569055020809173,True,True,True,True,True
test|Mona_3_20260624_123548|1239269609000,Mona,Mona_3_20260624_123548,1239269609000,continue,continue,0.2713094055652618,0.238832414150238,0.1496600955724716,0.18464095890522,0.1555571407079696,True,True,True,True,True
test|Mona_3_20260624_123548|1239602942000,Mona,Mona_3_20260624_123548,1239602942000,continue,continue,0.268492579460144,0.2487088590860366,0.1483541429042816,0.1827830672264099,0.1516613960266113,True,True,True,True,True
test|Mona_3_20260624_123548|1239936275000,Mona,Mona_3_20260624_123548,1239936275000,continue,continue,0.2638627290725708,0.2585026621818542,0.1461093723773956,0.1795620024204254,0.1519632637500763,True,True,True,True,True
test|Mona_3_20260624_123548|1240269609000,Mona,Mona_3_20260624_123548,1240269609000,continue,continue,0.2592300176620483,0.2684685289859772,0.1437795609235763,0.1726415157318115,0.1558803468942642,True,True,True,True,True
test|Mona_3_20260624_123548|1240602942000,Mona,Mona_3_20260624_123548,1240602942000,continue,continue,0.2595746517181396,0.2687130272388458,0.1414042264223098,0.1655753701925277,0.1647327691316604,True,True,True,True,True
test|Mona_3_20260624_123548|1240936275000,Mona,Mona_3_20260624_123548,1240936275000,continue,continue,0.2656440734863281,0.2634064555168152,0.1401239931583404,0.165533497929573,0.1652919352054596,True,True,True,True,True
test|Mona_3_20260624_123548|1241269609000,Mona,Mona_3_20260624_123548,1241269609000,continue,continue,0.2658976018428802,0.2546462416648865,0.1420303881168365,0.1698358356952667,0.16758993268013,True,True,True,True,True
test|Mona_3_20260624_123548|1241602942000,Mona,Mona_3_20260624_123548,1241602942000,continue,continue,0.3040118813514709,0.2915346622467041,0.0,0.202103391289711,0.2023500800132751,True,True,False,True,True
test|Mona_3_20260624_123548|1241936275000,Mona,Mona_3_20260624_123548,1241936275000,continue,continue,0.3001028299331665,0.2827871441841125,0.0,0.209646463394165,0.2074635624885559,True,True,False,True,True
test|Mona_3_20260624_123548|1242269609000,Mona,Mona_3_20260624_123548,1242269609000,continue,continue,0.3055453896522522,0.2716960608959198,0.0,0.2169252038002014,0.2058333754539489,True,True,False,True,True
test|Mona_3_20260624_123548|1242602942000,Mona,Mona_3_20260624_123548,1242602942000,continue,continue,0.3096335530281067,0.2723955810070038,0.0,0.222627505660057,0.19534333050251,True,True,False,True,True
test|Mona_3_20260624_123548|1242936275000,Mona,Mona_3_20260624_123548,1242936275000,continue,continue,0.3051625788211822,0.2813763916492462,0.0,0.2204263359308242,0.193034753203392,True,True,False,True,True
test|Mona_3_20260624_123548|1243269609000,Mona,Mona_3_20260624_123548,1243269609000,continue,continue,0.3142822086811065,0.2909116446971893,0.0,0.2049150913953781,0.1898910254240036,True,True,False,True,True
test|Mona_3_20260624_123548|1243602942000,Mona,Mona_3_20260624_123548,1243602942000,continue,continue,0.3182159662246704,0.2929995059967041,0.0,0.2015591561794281,0.1872252970933914,True,True,False,True,True
test|Mona_3_20260624_123548|1243936275000,Mona,Mona_3_20260624_123548,1243936275000,continue,continue,0.307282030582428,0.2987735271453857,0.0,0.2061017453670501,0.187842771410942,True,True,False,True,True
test|Mona_3_20260624_123548|1244269609000,Mona,Mona_3_20260624_123548,1244269609000,continue,continue,0.296826958656311,0.3098081648349762,0.0,0.2047163695096969,0.1886485368013382,True,True,False,True,True
test|Mona_3_20260624_123548|1244602942000,Mona,Mona_3_20260624_123548,1244602942000,continue,continue,0.2945976853370666,0.3139805793762207,0.0,0.2003594636917114,0.1910622715950012,True,True,False,True,True
test|Mona_3_20260624_123548|1244936275000,Mona,Mona_3_20260624_123548,1244936275000,continue,continue,0.2986139953136444,0.3155395686626434,0.0,0.1968313008546829,0.1890150904655456,True,True,False,True,True
test|Mona_3_20260624_123548|1245269609000,Mona,Mona_3_20260624_123548,1245269609000,continue,continue,0.2913936674594879,0.3143247663974762,0.0,0.2010843753814697,0.1931971907615661,True,True,False,True,True
test|Mona_3_20260624_123548|1245602942000,Mona,Mona_3_20260624_123548,1245602942000,continue,continue,0.2887392938137054,0.3139417171478271,0.0,0.20033660531044,0.1969823837280273,True,True,False,True,True
test|Mona_3_20260624_123548|1245936275000,Mona,Mona_3_20260624_123548,1245936275000,continue,continue,0.2999680936336517,0.3102814853191376,0.0,0.190768763422966,0.1989816278219223,True,True,False,True,True
test|Mona_3_20260624_123548|1246269609000,Mona,Mona_3_20260624_123548,1246269609000,continue,continue,0.3059965968132019,0.299182265996933,0.0,0.1911282986402511,0.2036928087472915,True,True,False,True,True
test|Mona_3_20260624_123548|1246602942000,Mona,Mona_3_20260624_123548,1246602942000,continue,continue,0.3095491528511047,0.2894203662872314,0.0,0.1957121640443802,0.2053183168172836,True,True,False,True,True
test|Mona_3_20260624_123548|1246936275000,Mona,Mona_3_20260624_123548,1246936275000,continue,continue,0.3150786161422729,0.2756717205047607,0.0,0.2047330737113952,0.2045166045427322,True,True,False,True,True
test|Mona_3_20260624_123548|1247269609000,Mona,Mona_3_20260624_123548,1247269609000,continue,continue,0.3288240134716034,0.2643573582172394,0.0,0.2084315121173858,0.1983871310949325,True,True,False,True,True
test|Mona_3_20260624_123548|1247602942000,Mona,Mona_3_20260624_123548,1247602942000,continue,continue,0.334890604019165,0.2631641328334808,0.0,0.2091695070266723,0.192775696516037,True,True,False,True,True
test|Mona_3_20260624_123548|1247936275000,Mona,Mona_3_20260624_123548,1247936275000,continue,continue,0.3353573977947235,0.2678591310977936,0.0,0.2111769318580627,0.1856065690517425,True,True,False,True,True
test|Mona_3_20260624_123548|1248269609000,Mona,Mona_3_20260624_123548,1248269609000,continue,continue,0.327098399400711,0.2755255997180938,0.0,0.2134432345628738,0.183932825922966,True,True,False,True,True
test|Mona_3_20260624_123548|1248602942000,Mona,Mona_3_20260624_123548,1248602942000,continue,continue,0.3146464228630066,0.287359207868576,0.0,0.2146051377058029,0.1833892315626144,True,True,False,True,True
test|Mona_3_20260624_123548|1248936275000,Mona,Mona_3_20260624_123548,1248936275000,continue,continue,0.3101644217967987,0.3019733726978302,0.0,0.2056797444820404,0.1821824461221695,True,True,False,True,True
test|Mona_3_20260624_123548|1249269609000,Mona,Mona_3_20260624_123548,1249269609000,continue,continue,0.3034481108188629,0.3143939673900604,0.0,0.200849637389183,0.1813082844018936,True,True,False,True,True
test|Mona_3_20260624_123548|1249602942000,Mona,Mona_3_20260624_123548,1249602942000,continue,continue,0.3018776476383209,0.3150269091129303,0.0,0.1996681839227676,0.1834272593259811,True,True,False,True,True
test|Mona_3_20260624_123548|1249936275000,Mona,Mona_3_20260624_123548,1249936275000,continue,continue,0.3008883893489837,0.3141142725944519,0.0,0.1959764063358307,0.1890209317207336,True,True,False,True,True
test|Mona_3_20260624_123548|1250269609000,Mona,Mona_3_20260624_123548,1250269609000,continue,continue,0.3077627718448639,0.3125217258930206,0.0,0.1875528991222381,0.1921625584363937,True,True,False,True,True
test|Mona_3_20260624_123548|1250602942000,Mona,Mona_3_20260624_123548,1250602942000,continue,continue,0.318710446357727,0.3044421076774597,0.0,0.181821197271347,0.1950262784957885,True,True,False,True,True
test|Mona_3_20260624_123548|1250936275000,Mona,Mona_3_20260624_123548,1250936275000,continue,continue,0.3170875012874603,0.3005041182041168,0.0,0.1810314506292343,0.2013769745826721,True,True,False,True,True
test|Mona_3_20260624_123548|1251269609000,Mona,Mona_3_20260624_123548,1251269609000,continue,continue,0.3125075697898865,0.2981449961662292,0.0,0.1803552210330963,0.2089922279119491,True,True,False,True,True
test|Mona_3_20260624_123548|1251602942000,Mona,Mona_3_20260624_123548,1251602942000,continue,continue,0.3105657696723938,0.2956023216247558,0.0,0.1803901642560959,0.213441789150238,True,True,False,True,True
test|Mona_3_20260624_123548|1251936275000,Mona,Mona_3_20260624_123548,1251936275000,continue,continue,0.3104721009731293,0.2928261160850525,0.0,0.1850490570068359,0.2116527259349823,True,True,False,True,True
test|Mona_3_20260624_123548|1252269609000,Mona,Mona_3_20260624_123548,1252269609000,continue,continue,0.3077186644077301,0.2902006506919861,0.0,0.1925878077745437,0.20949287712574,True,True,False,True,True
test|Mona_3_20260624_123548|1252602942000,Mona,Mona_3_20260624_123548,1252602942000,continue,continue,0.3055362701416015,0.2880006432533264,0.0,0.1991961002349853,0.2072669714689254,True,True,False,True,True
test|Mona_3_20260624_123548|1252936275000,Mona,Mona_3_20260624_123548,1252936275000,continue,continue,0.3002932071685791,0.2773406207561493,0.0,0.2172076553106308,0.205158531665802,True,True,False,True,True
test|Mona_3_20260624_123548|1253269609000,Mona,Mona_3_20260624_123548,1253269609000,continue,continue,0.2999019920825958,0.2737126350402832,0.0,0.229471355676651,0.1969139873981475,True,True,False,True,True
test|Mona_3_20260624_123548|1253602942000,Mona,Mona_3_20260624_123548,1253602942000,continue,continue,0.3005309402942657,0.2731088995933532,0.0,0.2354231923818588,0.1909369826316833,True,True,False,True,True
test|Mona_3_20260624_123548|1253936275000,Mona,Mona_3_20260624_123548,1253936275000,continue,continue,0.2999597489833832,0.2721419632434845,0.0,0.237772986292839,0.1901252716779709,True,True,False,True,True
test|Mona_3_20260624_123548|1254269609000,Mona,Mona_3_20260624_123548,1254269609000,continue,continue,0.304234117269516,0.2682699263095855,0.0,0.2378098666667938,0.1896861046552658,True,True,False,True,True
test|Mona_3_20260624_123548|1254602942000,Mona,Mona_3_20260624_123548,1254602942000,continue,continue,0.3120194971561432,0.2608509361743927,0.0,0.2372613102197647,0.1898681968450546,True,True,False,True,True
test|Mona_3_20260624_123548|1254936275000,Mona,Mona_3_20260624_123548,1254936275000,continue,continue,0.3285286128520965,0.2578409910202026,0.0,0.2252082228660583,0.1884221583604812,True,True,False,True,True
test|Mona_3_20260624_123548|1255269609000,Mona,Mona_3_20260624_123548,1255269609000,continue,continue,0.33866947889328,0.2549093961715698,0.0,0.2190117835998535,0.187409371137619,True,True,False,True,True
test|Mona_3_20260624_123548|1255602942000,Mona,Mona_3_20260624_123548,1255602942000,continue,continue,0.3454664051532745,0.2509381771087646,0.0,0.2153849303722381,0.1882104724645614,True,True,False,True,True
test|Mona_3_20260624_123548|1255936275000,Mona,Mona_3_20260624_123548,1255936275000,continue,continue,0.3502640426158905,0.2498042583465576,0.0,0.215199127793312,0.184732586145401,True,True,False,True,True
test|Mona_3_20260624_123548|1256269609000,Mona,Mona_3_20260624_123548,1256269609000,continue,continue,0.3558798432350158,0.2483611106872558,0.0,0.2141985148191452,0.181560531258583,True,True,False,True,True
test|Mona_3_20260624_123548|1256602942000,Mona,Mona_3_20260624_123548,1256602942000,continue,fetch,0.3575853705406189,0.2441607564687729,0.0,0.2194182723760604,0.1788356453180313,True,True,False,True,True
test|Mona_3_20260624_123548|1256936275000,Mona,Mona_3_20260624_123548,1256936275000,continue,fetch,0.4744416177272796,0.0,0.0,0.2939794361591339,0.2315788716077804,True,False,False,True,True
test|Mona_3_20260624_123548|1257269609000,Mona,Mona_3_20260624_123548,1257269609000,fetch,fetch,0.4733083844184875,0.0,0.0,0.2999972999095917,0.2266943454742431,True,False,False,True,True
test|Mona_3_20260624_123548|1257602942000,Mona,Mona_3_20260624_123548,1257602942000,fetch,fetch,0.473340094089508,0.0,0.0,0.3054830431938171,0.2211769074201584,True,False,False,True,True
test|Mona_3_20260624_123548|1257936275000,Mona,Mona_3_20260624_123548,1257936275000,fetch,fetch,0.4795095920562744,0.0,0.0,0.2995066940784454,0.2209837734699249,True,False,False,True,True
test|Mona_3_20260624_123548|1258269609000,Mona,Mona_3_20260624_123548,1258269609000,fetch,fetch,0.3536044657230377,0.2480157315731048,0.0,0.226868137717247,0.1715117245912552,True,True,False,True,True
test|Mona_3_20260624_123548|1258602942000,Mona,Mona_3_20260624_123548,1258602942000,fetch,fetch,0.3458932936191559,0.2562297582626343,0.0,0.2202221006155014,0.1776547878980636,True,True,False,True,True
test|Mona_3_20260624_123548|1258936275000,Mona,Mona_3_20260624_123548,1258936275000,fetch,fetch,0.3419252336025238,0.255386471748352,0.0,0.2154822200536728,0.1872060447931289,True,True,False,True,True
test|Mona_3_20260624_123548|1259269609000,Mona,Mona_3_20260624_123548,1259269609000,fetch,fetch,0.3418880701065063,0.2541269361972809,0.0,0.2086405754089355,0.1953443884849548,True,True,False,True,True
test|Mona_3_20260624_123548|1259602942000,Mona,Mona_3_20260624_123548,1259602942000,fetch,fetch,0.3385488390922546,0.2539876401424408,0.0,0.2052536010742187,0.2022098898887634,True,True,False,True,True
test|Mona_3_20260624_123548|1259936275000,Mona,Mona_3_20260624_123548,1259936275000,fetch,fetch,0.3329727053642273,0.2534631192684173,0.0,0.2055888772010803,0.2079753577709198,True,True,False,True,True
test|Mona_3_20260624_123548|1260269609000,Mona,Mona_3_20260624_123548,1260269609000,fetch,fetch,0.33725106716156,0.2547513544559479,0.0,0.20274618268013,0.2052513808012008,True,True,False,True,True
test|Mona_3_20260624_123548|1260602942000,Mona,Mona_3_20260624_123548,1260602942000,fetch,fetch,0.3424106538295746,0.2552978098392486,0.0,0.2012182623147964,0.2010732740163803,True,True,False,True,True
test|Mona_3_20260624_123548|1260936275000,Mona,Mona_3_20260624_123548,1260936275000,fetch,fetch,0.3456378281116485,0.2555502951145172,0.0,0.2002975791692733,0.1985142230987548,True,True,False,True,True
test|Mona_3_20260624_123548|1261269609000,Mona,Mona_3_20260624_123548,1261269609000,fetch,fetch,0.3475683927536011,0.254942238330841,0.0,0.1997812092304229,0.197708174586296,True,True,False,True,True
test|Mona_3_20260624_123548|1261602942000,Mona,Mona_3_20260624_123548,1261602942000,fetch,fetch,0.3470494747161865,0.2548956274986267,0.0,0.2015293538570404,0.1965255290269851,True,True,False,True,True
test|Mona_3_20260624_123548|1261936275000,Mona,Mona_3_20260624_123548,1261936275000,fetch,fetch,0.3490173816680908,0.2529930472373962,0.0,0.2004135847091674,0.1975760757923126,True,True,False,True,True
test|Mona_3_20260624_123548|1262269609000,Mona,Mona_3_20260624_123548,1262269609000,fetch,fetch,0.3526210486888885,0.2518755197525024,0.0,0.202910766005516,0.1925926208496093,True,True,False,True,True
test|Mona_3_20260624_123548|1263936275000,Mona,Mona_3_20260624_123548,1263936275000,handover,handover,0.3587105870246887,0.2772996127605438,0.0,0.2017755806446075,0.1622142046689987,True,True,False,True,True
test|Mona_3_20260624_123548|1264269609000,Mona,Mona_3_20260624_123548,1264269609000,handover,handover,0.3546606600284576,0.2826873064041137,0.0,0.198881909251213,0.1637701243162155,True,True,False,True,True
test|Mona_3_20260624_123548|1264602942000,Mona,Mona_3_20260624_123548,1264602942000,handover,handover,0.3580163419246673,0.2777566015720367,0.0,0.1970549821853637,0.1671720892190933,True,True,False,True,True
test|Mona_3_20260624_123548|1264936275000,Mona,Mona_3_20260624_123548,1264936275000,handover,handover,0.346068263053894,0.2808845639228821,0.0,0.1966134309768676,0.1764337867498397,True,True,False,True,True
test|Mona_3_20260624_123548|1265269609000,Mona,Mona_3_20260624_123548,1265269609000,handover,handover,0.3379087448120117,0.2817578017711639,0.0,0.1989724934101104,0.1813610047101974,True,True,False,True,True
test|Mona_3_20260624_123548|1265602942000,Mona,Mona_3_20260624_123548,1265602942000,handover,handover,0.3339837193489074,0.2815170586109161,0.0,0.2001679837703704,0.1843312531709671,True,True,False,True,True
test|Mona_3_20260624_123548|1265936275000,Mona,Mona_3_20260624_123548,1265936275000,handover,handover,0.3329562246799469,0.2823258340358734,0.0,0.199298620223999,0.1854193806648254,True,True,False,True,True
test|Mona_3_20260624_123548|1266269609000,Mona,Mona_3_20260624_123548,1266269609000,handover,handover,0.3288334310054779,0.2812898457050323,0.0,0.2034522145986557,0.1864244788885116,True,True,False,True,True
test|Mona_3_20260624_123548|1266602942000,Mona,Mona_3_20260624_123548,1266602942000,handover,handover,0.3204824924468994,0.2812788486480713,0.0,0.2117295861244201,0.1865090876817703,True,True,False,True,True
test|Mona_3_20260624_123548|1266936275000,Mona,Mona_3_20260624_123548,1266936275000,handover,handover,0.3266034722328186,0.2748508751392364,0.0,0.2184972167015075,0.1800484955310821,True,True,False,True,True
test|Mona_3_20260624_123548|1267269609000,Mona,Mona_3_20260624_123548,1267269609000,handover,handover,0.3298004865646362,0.2711181938648224,0.0,0.2225064635276794,0.1765748262405395,True,True,False,True,True
test|Mona_3_20260624_123548|1267602942000,Mona,Mona_3_20260624_123548,1267602942000,handover,fetch,0.3321592509746551,0.2709741592407226,0.0,0.2220153361558914,0.1748512536287307,True,True,False,True,True
test|Mona_3_20260624_123548|1267936275000,Mona,Mona_3_20260624_123548,1267936275000,handover,fetch,0.3328791856765747,0.2703685760498047,0.0,0.2206328213214874,0.1761194467544555,True,True,False,True,True
test|Mona_4_20260624_123706|1310069609000,Mona,Mona_4_20260624_123706,1310069609000,continue,continue,0.2344561964273452,0.2256457209587097,0.1869349926710128,0.1879422217607498,0.1650208830833435,True,True,True,True,True
test|Mona_4_20260624_123706|1310402942000,Mona,Mona_4_20260624_123706,1310402942000,continue,continue,0.2443671971559524,0.228081613779068,0.1782614886760711,0.1827929615974426,0.1664966791868209,True,True,True,True,True
test|Mona_4_20260624_123706|1310736275000,Mona,Mona_4_20260624_123706,1310736275000,continue,continue,0.2594868838787079,0.2257820963859558,0.1702126264572143,0.1766252070665359,0.1678932160139084,True,True,True,True,True
test|Mona_4_20260624_123706|1311069609000,Mona,Mona_4_20260624_123706,1311069609000,continue,continue,0.2781944870948791,0.2205570638179779,0.1639849096536636,0.1715790331363678,0.1656845211982727,True,True,True,True,True
test|Mona_4_20260624_123706|1311402942000,Mona,Mona_4_20260624_123706,1311402942000,continue,continue,0.2787106931209564,0.2187694758176803,0.1609206646680832,0.1719148308038711,0.1696843951940536,True,True,True,True,True
test|Mona_4_20260624_123706|1311736275000,Mona,Mona_4_20260624_123706,1311736275000,continue,continue,0.2769724726676941,0.2154925316572189,0.159538060426712,0.1724844425916671,0.1755124628543853,True,True,True,True,True
test|Mona_4_20260624_123706|1312069609000,Mona,Mona_4_20260624_123706,1312069609000,continue,continue,0.2789865434169769,0.2129066586494445,0.1597254872322082,0.1712231785058975,0.1771581470966339,True,True,True,True,True
test|Mona_4_20260624_123706|1312402942000,Mona,Mona_4_20260624_123706,1312402942000,continue,continue,0.2839019000530243,0.2081256806850433,0.1615838557481765,0.1698974072933197,0.1764911115169525,True,True,True,True,True
test|Mona_4_20260624_123706|1312736275000,Mona,Mona_4_20260624_123706,1312736275000,continue,continue,0.2872286140918731,0.2063262611627578,0.1630726009607315,0.17050401866436,0.1728684902191162,True,True,True,True,True
test|Mona_4_20260624_123706|1313069609000,Mona,Mona_4_20260624_123706,1313069609000,continue,continue,0.2838204801082611,0.212261825799942,0.160261645913124,0.1704668998718261,0.1731892079114914,True,True,True,True,True
test|Mona_4_20260624_123706|1313402942000,Mona,Mona_4_20260624_123706,1313402942000,continue,continue,0.2795668542385101,0.2244048565626144,0.1556155979633331,0.1675912141799926,0.1728214621543884,True,True,True,True,True
test|Mona_4_20260624_123706|1313736275000,Mona,Mona_4_20260624_123706,1313736275000,continue,continue,0.2751471698284149,0.2364754527807235,0.1507182121276855,0.1688879281282425,0.168771207332611,True,True,True,True,True
test|Mona_4_20260624_123706|1314069609000,Mona,Mona_4_20260624_123706,1314069609000,continue,continue,0.2783874869346618,0.2357247471809387,0.1510341018438339,0.1673272997140884,0.1675263792276382,True,True,True,True,True
test|Mona_4_20260624_123706|1314402942000,Mona,Mona_4_20260624_123706,1314402942000,continue,continue,0.2830747663974762,0.2338703423738479,0.1501417160034179,0.164394199848175,0.1685189604759216,True,True,True,True,True
test|Mona_4_20260624_123706|1314736275000,Mona,Mona_4_20260624_123706,1314736275000,continue,continue,0.284579336643219,0.2364839911460876,0.147904559969902,0.1642132401466369,0.1668189018964767,True,True,True,True,True
test|Mona_4_20260624_123706|1315069609000,Mona,Mona_4_20260624_123706,1315069609000,continue,continue,0.2871850132942199,0.2344774454832077,0.1486240625381469,0.1645974218845367,0.1651159971952438,True,True,True,True,True
test|Mona_4_20260624_123706|1315402942000,Mona,Mona_4_20260624_123706,1315402942000,continue,handover,0.297871321439743,0.2241655886173248,0.1499268412590026,0.1653467118740081,0.162689596414566,True,True,True,True,True
test|Mona_4_20260624_123706|1315736275000,Mona,Mona_4_20260624_123706,1315736275000,continue,handover,0.3028792440891266,0.2150244116783142,0.1518972814083099,0.1655512452125549,0.1646477729082107,True,True,True,True,True
test|Mona_4_20260624_123706|1316069609000,Mona,Mona_4_20260624_123706,1316069609000,continue,handover,0.2928681075572967,0.2156813144683838,0.1519262492656707,0.1746037453413009,0.1649205833673477,True,True,True,True,True
test|Mona_4_20260624_123706|1316402942000,Mona,Mona_4_20260624_123706,1316402942000,continue,continue,0.2867013216018677,0.215595543384552,0.1520117372274398,0.1826049387454986,0.1630864739418029,True,True,True,True,True
test|Mona_4_20260624_123706|1316736275000,Mona,Mona_4_20260624_123706,1316736275000,continue,continue,0.2762233316898346,0.2146767526865005,0.1521307528018951,0.1857287585735321,0.17124043405056,True,True,True,True,True
test|Mona_4_20260624_123706|1317069609000,Mona,Mona_4_20260624_123706,1317069609000,continue,continue,0.2627038955688476,0.2171022444963455,0.1512522250413894,0.189284011721611,0.1796575933694839,True,True,True,True,True
test|Mona_4_20260624_123706|1317402942000,Mona,Mona_4_20260624_123706,1317402942000,continue,continue,0.2676409184932709,0.2134611457586288,0.1482450664043426,0.1893438398838043,0.1813090741634369,True,True,True,True,True
test|Mona_4_20260624_123706|1317736275000,Mona,Mona_4_20260624_123706,1317736275000,continue,continue,0.2681603729724884,0.2212787717580795,0.1472720056772232,0.1858224421739578,0.177466407418251,True,True,True,True,True
test|Mona_4_20260624_123706|1318069609000,Mona,Mona_4_20260624_123706,1318069609000,continue,continue,0.265679657459259,0.228561446070671,0.1483056098222732,0.1830830127000808,0.1743702590465545,True,True,True,True,True
test|Mona_4_20260624_123706|1318402942000,Mona,Mona_4_20260624_123706,1318402942000,continue,continue,0.258486807346344,0.228956401348114,0.1501797884702682,0.1863728761672973,0.176004096865654,True,True,True,True,True
test|Mona_4_20260624_123706|1318736275000,Mona,Mona_4_20260624_123706,1318736275000,continue,continue,0.2600627541542053,0.2276864051818847,0.1518983244895935,0.1875591278076172,0.172793373465538,True,True,True,True,True
test|Mona_4_20260624_123706|1319069609000,Mona,Mona_4_20260624_123706,1319069609000,continue,continue,0.2611015439033508,0.2256776541471481,0.1546924859285354,0.1838706284761428,0.1746576577425003,True,True,True,True,True
test|Mona_4_20260624_123706|1319402942000,Mona,Mona_4_20260624_123706,1319402942000,continue,continue,0.2619893848896026,0.2286195755004882,0.1557614654302597,0.1803909540176391,0.1732386201620102,True,True,True,True,True
test|Mona_4_20260624_123706|1319736275000,Mona,Mona_4_20260624_123706,1319736275000,continue,continue,0.2679314315319061,0.219721034169197,0.1564245969057083,0.1834300905466079,0.1724928319454193,True,True,True,True,True
test|Mona_4_20260624_123706|1320069609000,Mona,Mona_4_20260624_123706,1320069609000,continue,continue,0.2766140401363373,0.2123901396989822,0.1544154286384582,0.1825099438428878,0.1740704476833343,True,True,True,True,True
test|Mona_4_20260624_123706|1320402942000,Mona,Mona_4_20260624_123706,1320402942000,continue,continue,0.2858051359653473,0.2124359905719757,0.1508156061172485,0.1795053482055664,0.1714379638433456,True,True,True,True,True
test|Mona_4_20260624_123706|1320736275000,Mona,Mona_4_20260624_123706,1320736275000,continue,continue,0.2897367477416992,0.2113930583000183,0.1485913097858429,0.1790186911821365,0.171260192990303,True,True,True,True,True
test|Mona_4_20260624_123706|1321069609000,Mona,Mona_4_20260624_123706,1321069609000,continue,continue,0.290478378534317,0.2123727053403854,0.1481038779020309,0.1841390430927276,0.1649060100317001,True,True,True,True,True
test|Mona_4_20260624_123706|1321402942000,Mona,Mona_4_20260624_123706,1321402942000,continue,continue,0.2912241816520691,0.2149655520915985,0.1486441195011139,0.1855318248271942,0.1596342921257019,True,True,True,True,True
test|Mona_4_20260624_123706|1321736275000,Mona,Mona_4_20260624_123706,1321736275000,continue,continue,0.2921022772789001,0.2194200307130813,0.1489516198635101,0.1806036233901977,0.1589224487543106,True,True,True,True,True
test|Mona_4_20260624_123706|1322069609000,Mona,Mona_4_20260624_123706,1322069609000,continue,continue,0.2905851006507873,0.2265356183052063,0.1477731168270111,0.1730020493268966,0.1621041148900985,True,True,True,True,True
test|Mona_4_20260624_123706|1322402942000,Mona,Mona_4_20260624_123706,1322402942000,continue,continue,0.2820085287094116,0.2334595620632171,0.1462558507919311,0.1689434051513672,0.1693326383829116,True,True,True,True,True
test|Mona_4_20260624_123706|1322736275000,Mona,Mona_4_20260624_123706,1322736275000,continue,continue,0.2752412259578705,0.2428688257932663,0.1432022601366043,0.1683625429868698,0.1703251600265503,True,True,True,True,True
test|Mona_4_20260624_123706|1323069609000,Mona,Mona_4_20260624_123706,1323069609000,continue,continue,0.2727567553520202,0.2454937398433685,0.1404050290584564,0.1704472750425338,0.1708972156047821,True,True,True,True,True
test|Mona_4_20260624_123706|1323402942000,Mona,Mona_4_20260624_123706,1323402942000,continue,continue,0.2717838287353515,0.2474165558815002,0.1386163979768753,0.1715183705091476,0.1706648617982864,True,True,True,True,True
test|Mona_4_20260624_123706|1323736275000,Mona,Mona_4_20260624_123706,1323736275000,continue,continue,0.2716156840324402,0.2463091313838958,0.1369023919105529,0.1749683767557144,0.1702043861150741,True,True,True,True,True
test|Mona_4_20260624_123706|1324069609000,Mona,Mona_4_20260624_123706,1324069609000,continue,continue,0.2754980027675628,0.2401112169027328,0.1386470347642898,0.1800898909568786,0.1656538546085357,True,True,True,True,True
test|Mona_4_20260624_123706|1324402942000,Mona,Mona_4_20260624_123706,1324402942000,continue,continue,0.2758583724498749,0.2305078506469726,0.1405633985996246,0.1926483213901519,0.1604220867156982,True,True,True,True,True
test|Mona_4_20260624_123706|1324736275000,Mona,Mona_4_20260624_123706,1324736275000,continue,continue,0.2814176976680755,0.2198537588119506,0.1454696953296661,0.1938669681549072,0.1593918055295944,True,True,True,True,True
test|Mona_4_20260624_123706|1325069609000,Mona,Mona_4_20260624_123706,1325069609000,continue,continue,0.2828466594219208,0.2129570096731186,0.150186225771904,0.189895361661911,0.1641146838665008,True,True,True,True,True
test|Mona_4_20260624_123706|1325402942000,Mona,Mona_4_20260624_123706,1325402942000,continue,continue,0.2827989757061004,0.2027315944433212,0.1539217978715896,0.1890795230865478,0.1714681088924408,True,True,True,True,True
test|Mona_4_20260624_123706|1325736275000,Mona,Mona_4_20260624_123706,1325736275000,continue,continue,0.2797732055187225,0.1977428197860717,0.1584974825382232,0.1873531341552734,0.1766333431005478,True,True,True,True,True
test|Mona_4_20260624_123706|1326069609000,Mona,Mona_4_20260624_123706,1326069609000,continue,continue,0.2746652662754059,0.202792152762413,0.158280611038208,0.183254063129425,0.1810079365968704,True,True,True,True,True
test|Mona_4_20260624_123706|1326402942000,Mona,Mona_4_20260624_123706,1326402942000,continue,continue,0.2802766263484955,0.2082531899213791,0.1604776829481125,0.1691737323999405,0.1818187981843948,True,True,True,True,True
test|Mona_4_20260624_123706|1326736275000,Mona,Mona_4_20260624_123706,1326736275000,continue,continue,0.2752437591552734,0.2091869711875915,0.1623937040567398,0.1686211377382278,0.1845544725656509,True,True,True,True,True
test|Mona_4_20260624_123706|1327069609000,Mona,Mona_4_20260624_123706,1327069609000,continue,continue,0.2733055353164673,0.208897978067398,0.1629247665405273,0.1714674234390258,0.183404266834259,True,True,True,True,True
test|Mona_4_20260624_123706|1327402942000,Mona,Mona_4_20260624_123706,1327402942000,continue,continue,0.2709178328514099,0.210464596748352,0.1649120301008224,0.176012173295021,0.1776933223009109,True,True,True,True,True
test|Mona_4_20260624_123706|1327736275000,Mona,Mona_4_20260624_123706,1327736275000,continue,continue,0.2721153199672699,0.2106213420629501,0.1639185398817062,0.1793265342712402,0.1740182340145111,True,True,True,True,True
test|Mona_4_20260624_123706|1328069609000,Mona,Mona_4_20260624_123706,1328069609000,continue,continue,0.2770768404006958,0.2084286659955978,0.1606073379516601,0.1805336624383926,0.1733534932136535,True,True,True,True,True
test|Mona_4_20260624_123706|1328402942000,Mona,Mona_4_20260624_123706,1328402942000,continue,continue,0.2765898108482361,0.2071244120597839,0.155831754207611,0.1843872666358947,0.1760667264461517,True,True,True,True,True
test|Mona_4_20260624_123706|1328736275000,Mona,Mona_4_20260624_123706,1328736275000,continue,continue,0.2742514908313751,0.2083208858966827,0.1545215100049972,0.183605819940567,0.1793002635240554,True,True,True,True,True
test|Mona_4_20260624_123706|1329069609000,Mona,Mona_4_20260624_123706,1329069609000,continue,continue,0.2764533162117004,0.209819808602333,0.1554856300354004,0.1833899915218353,0.1748512089252472,True,True,True,True,True
test|Mona_4_20260624_123706|1329402942000,Mona,Mona_4_20260624_123706,1329402942000,continue,continue,0.2778125405311584,0.2118152976036071,0.1561437249183654,0.1814496368169784,0.1727788150310516,True,True,True,True,True
test|Mona_4_20260624_123706|1329736275000,Mona,Mona_4_20260624_123706,1329736275000,continue,continue,0.2730944454669952,0.2137231975793838,0.1591042429208755,0.1810295283794403,0.173048511147499,True,True,True,True,True
test|Mona_4_20260624_123706|1330069609000,Mona,Mona_4_20260624_123706,1330069609000,continue,continue,0.2688550353050232,0.2125456631183624,0.1632556021213531,0.1835054159164428,0.1718382686376571,True,True,True,True,True
test|Mona_4_20260624_123706|1330402942000,Mona,Mona_4_20260624_123706,1330402942000,continue,continue,0.2695217132568359,0.210304394364357,0.1685332208871841,0.1836381405591964,0.1680025458335876,True,True,True,True,True
test|Mona_4_20260624_123706|1330736275000,Mona,Mona_4_20260624_123706,1330736275000,continue,continue,0.2751307487487793,0.2113324701786041,0.1684731543064117,0.1822542548179626,0.1628093719482422,True,True,True,True,True
test|Mona_4_20260624_123706|1331069609000,Mona,Mona_4_20260624_123706,1331069609000,continue,continue,0.2773008048534393,0.2157001048326492,0.1667870581150055,0.1794688403606414,0.1607432216405868,True,True,True,True,True
test|Mona_4_20260624_123706|1331402942000,Mona,Mona_4_20260624_123706,1331402942000,continue,continue,0.2734937667846679,0.2259852737188339,0.164115771651268,0.1732720136642456,0.163133218884468,True,True,True,True,True
test|Mona_4_20260624_123706|1331736275000,Mona,Mona_4_20260624_123706,1331736275000,continue,continue,0.2695626616477966,0.2374907881021499,0.1611273437738418,0.1708703935146331,0.1609488576650619,True,True,True,True,True
test|Mona_4_20260624_123706|1332069609000,Mona,Mona_4_20260624_123706,1332069609000,continue,continue,0.2668424844741821,0.2431573867797851,0.1607148051261901,0.167964905500412,0.1613204032182693,True,True,True,True,True
test|Mona_4_20260624_123706|1332402942000,Mona,Mona_4_20260624_123706,1332402942000,continue,continue,0.26126828789711,0.2502131164073944,0.1582249701023101,0.164441630244255,0.1658520400524139,True,True,True,True,True
test|Mona_4_20260624_123706|1332736275000,Mona,Mona_4_20260624_123706,1332736275000,continue,continue,0.2561553120613098,0.2505429089069366,0.1573088467121124,0.1638015061616897,0.1721914112567901,True,True,True,True,True
test|Mona_4_20260624_123706|1333069609000,Mona,Mona_4_20260624_123706,1333069609000,continue,continue,0.2488404661417007,0.2460483163595199,0.1589203178882599,0.1649908572435379,0.1812000423669815,True,True,True,True,True
test|Mona_4_20260624_123706|1333402942000,Mona,Mona_4_20260624_123706,1333402942000,continue,continue,0.2489816546440124,0.2337561249732971,0.1609344631433487,0.1740859001874923,0.1822418868541717,True,True,True,True,True
test|Mona_4_20260624_123706|1333736275000,Mona,Mona_4_20260624_123706,1333736275000,continue,continue,0.2529319822788238,0.2187751531600952,0.1629767119884491,0.1801356077194214,0.1851805299520492,True,True,True,True,True
test|Mona_4_20260624_123706|1334069609000,Mona,Mona_4_20260624_123706,1334069609000,continue,continue,0.2554700672626495,0.2114822268486023,0.1635132580995559,0.1819363385438919,0.1875980645418167,True,True,True,True,True
test|Mona_4_20260624_123706|1334402942000,Mona,Mona_4_20260624_123706,1334402942000,continue,continue,0.2592640519142151,0.2042794674634933,0.1665718406438827,0.1817492544651031,0.188135415315628,True,True,True,True,True
test|Mona_4_20260624_123706|1334736275000,Mona,Mona_4_20260624_123706,1334736275000,continue,continue,0.2641841471195221,0.1984638124704361,0.169587031006813,0.1801135241985321,0.187651515007019,True,True,True,True,True
test|Mona_4_20260624_123706|1335069609000,Mona,Mona_4_20260624_123706,1335069609000,continue,continue,0.2691042721271515,0.1942452639341354,0.1713003516197204,0.1779722869396209,0.1873778104782104,True,True,True,True,True
test|Mona_4_20260624_123706|1335402942000,Mona,Mona_4_20260624_123706,1335402942000,continue,continue,0.2748233079910278,0.1932827234268188,0.1729883849620819,0.1722006350755691,0.1867049485445022,True,True,True,True,True
test|Mona_4_20260624_123706|1335736275000,Mona,Mona_4_20260624_123706,1335736275000,continue,continue,0.2776955366134643,0.1989136189222335,0.1727556735277176,0.1661861389875412,0.1844489723443985,True,True,True,True,True
test|Mona_4_20260624_123706|1336069609000,Mona,Mona_4_20260624_123706,1336069609000,continue,continue,0.2861655950546264,0.2002109587192535,0.1715651899576187,0.1634831428527832,0.1785750836133957,True,True,True,True,True
test|Mona_4_20260624_123706|1336402942000,Mona,Mona_4_20260624_123706,1336402942000,continue,continue,0.291328877210617,0.204252228140831,0.1690516471862793,0.1644834578037262,0.1708837747573852,True,True,True,True,True
test|Mona_4_20260624_123706|1336736275000,Mona,Mona_4_20260624_123706,1336736275000,continue,fetch,0.2959398329257965,0.2085128873586654,0.165847510099411,0.1665754467248916,0.1631243675947189,True,True,True,True,True
test|Mona_4_20260624_123706|1337069609000,Mona,Mona_4_20260624_123706,1337069609000,continue,fetch,0.3019662499427795,0.2124577462673187,0.1641999632120132,0.1673260331153869,0.1540499776601791,True,True,True,True,True
test|Mona_4_20260624_123706|1337402942000,Mona,Mona_4_20260624_123706,1337402942000,fetch,fetch,0.3052662909030914,0.2168308943510055,0.1606034636497497,0.1673092395067215,0.149990051984787,True,True,True,True,True
test|Mona_4_20260624_123706|1337736275000,Mona,Mona_4_20260624_123706,1337736275000,fetch,fetch,0.3076131343841553,0.2159928232431411,0.1586894392967224,0.1676235795021057,0.1500810384750366,True,True,True,True,True
test|Mona_4_20260624_123706|1338069609000,Mona,Mona_4_20260624_123706,1338069609000,fetch,fetch,0.3078225255012512,0.2167633324861526,0.1586537361145019,0.1678934693336486,0.1488669216632843,True,True,True,True,True
test|Mona_4_20260624_123706|1338402942000,Mona,Mona_4_20260624_123706,1338402942000,fetch,fetch,0.3110693395137787,0.2009336501359939,0.1640302389860153,0.1682698279619217,0.1556970328092575,True,True,True,True,True
test|Mona_4_20260624_123706|1338736275000,Mona,Mona_4_20260624_123706,1338736275000,fetch,fetch,0.3037364482879638,0.2075114101171493,0.1646102517843246,0.1670530289411544,0.1570888757705688,True,True,True,True,True
test|Mona_4_20260624_123706|1339069609000,Mona,Mona_4_20260624_123706,1339069609000,fetch,fetch,0.2898153662681579,0.2301580160856247,0.1589477062225341,0.1612803488969802,0.159798577427864,True,True,True,True,True
test|Mona_4_20260624_123706|1339402942000,Mona,Mona_4_20260624_123706,1339402942000,fetch,fetch,0.2839230000972748,0.232993483543396,0.1600626409053802,0.1608784794807434,0.1621423512697219,True,True,True,True,True
test|Mona_4_20260624_123706|1339736275000,Mona,Mona_4_20260624_123706,1339736275000,fetch,fetch,0.2818893790245056,0.2297748625278473,0.1617630571126938,0.1621667444705963,0.164405956864357,True,True,True,True,True
test|Mona_4_20260624_123706|1340069609000,Mona,Mona_4_20260624_123706,1340069609000,fetch,fetch,0.2753341794013977,0.2285028398036956,0.1627197265625,0.1642649620771408,0.1691782772541046,True,True,True,True,True
test|Mona_4_20260624_123706|1340402942000,Mona,Mona_4_20260624_123706,1340402942000,fetch,fetch,0.2726581692695617,0.231120079755783,0.1604914963245391,0.1667440682649612,0.1689862161874771,True,True,True,True,True
test|Mona_4_20260624_123706|1340736275000,Mona,Mona_4_20260624_123706,1340736275000,fetch,fetch,0.2739425897598266,0.2285577058792114,0.1593996286392212,0.1674428135156631,0.1706572622060775,True,True,True,True,True
test|Mona_4_20260624_123706|1341069609000,Mona,Mona_4_20260624_123706,1341069609000,fetch,fetch,0.2777356207370758,0.2194821387529373,0.1623352169990539,0.1710084378719329,0.1694385409355163,True,True,True,True,True
test|Mona_4_20260624_123706|1341402942000,Mona,Mona_4_20260624_123706,1341402942000,fetch,fetch,0.2775942981243133,0.2168022990226745,0.1628624051809311,0.1723595857620239,0.1703813672065735,True,True,True,True,True
test|Mona_4_20260624_123706|1341736275000,Mona,Mona_4_20260624_123706,1341736275000,fetch,fetch,0.2755669355392456,0.2207411527633667,0.1618672907352447,0.1728690862655639,0.1689554899930954,True,True,True,True,True
test|Mona_4_20260624_123706|1342069609000,Mona,Mona_4_20260624_123706,1342069609000,fetch,fetch,0.2729686796665191,0.2247393876314163,0.1623423993587494,0.1718439757823944,0.1681055128574371,True,True,True,True,True
test|Mona_4_20260624_123706|1342402942000,Mona,Mona_4_20260624_123706,1342402942000,fetch,fetch,0.2736791670322418,0.2239910215139389,0.1605450510978698,0.1716450899839401,0.1701396852731704,True,True,True,True,True
test|Mona_4_20260624_123706|1342736275000,Mona,Mona_4_20260624_123706,1342736275000,fetch,fetch,0.2757346928119659,0.2208686470985412,0.159562662243843,0.1751777082681656,0.1686563044786453,True,True,True,True,True
test|Mona_4_20260624_123706|1345069609000,Mona,Mona_4_20260624_123706,1345069609000,handover,handover,0.2795288562774658,0.2339071780443191,0.1671847850084304,0.1552414298057556,0.1641377806663513,True,True,True,True,True
test|Mona_4_20260624_123706|1345402942000,Mona,Mona_4_20260624_123706,1345402942000,handover,handover,0.2681452333927154,0.2382894307374954,0.1694918870925903,0.1569511443376541,0.1671222746372223,True,True,True,True,True
test|Mona_4_20260624_123706|1345736275000,Mona,Mona_4_20260624_123706,1345736275000,handover,handover,0.2592315971851349,0.2416785210371017,0.1694352626800537,0.1574910432100296,0.1721635162830352,True,True,True,True,True
test|Mona_4_20260624_123706|1346069609000,Mona,Mona_4_20260624_123706,1346069609000,handover,handover,0.2563834190368652,0.2433951199054718,0.1684654206037521,0.1597150564193725,0.1720409542322158,True,True,True,True,True
test|Mona_4_20260624_123706|1346402942000,Mona,Mona_4_20260624_123706,1346402942000,handover,handover,0.2585413157939911,0.2407279908657074,0.1696478277444839,0.1608119010925293,0.1702709943056106,True,True,True,True,True
test|Mona_4_20260624_123706|1346736275000,Mona,Mona_4_20260624_123706,1346736275000,handover,handover,0.2617608606815338,0.2376236319541931,0.1697583496570587,0.1611399203538894,0.1697172075510025,True,True,True,True,True
test|Mona_4_20260624_123706|1347069609000,Mona,Mona_4_20260624_123706,1347069609000,handover,handover,0.2639657855033874,0.2361282408237457,0.1696540862321853,0.161086305975914,0.1691655665636062,True,True,True,True,True
test|Mona_4_20260624_123706|1347402942000,Mona,Mona_4_20260624_123706,1347402942000,handover,handover,0.2666086554527282,0.2347806394100189,0.1700124442577362,0.1601224094629287,0.168475866317749,True,True,True,True,True
test|Mona_4_20260624_123706|1347736275000,Mona,Mona_4_20260624_123706,1347736275000,handover,handover,0.2689482569694519,0.2338998764753341,0.1710421442985534,0.161239892244339,0.1648698300123214,True,True,True,True,True
test|Mona_4_20260624_123706|1348069609000,Mona,Mona_4_20260624_123706,1348069609000,handover,handover,0.2691887021064758,0.2337349653244018,0.1724380701780319,0.1629073619842529,0.161730870604515,True,True,True,True,True
test|Mona_5_20260624_123814|1377869609000,Mona,Mona_5_20260624_123814,1377869609000,continue,continue,0.2875109612941742,0.2383711785078048,0.1384800225496292,0.1776108145713806,0.1580270379781723,True,True,True,True,True
test|Mona_5_20260624_123814|1378202943000,Mona,Mona_5_20260624_123814,1378202943000,continue,continue,0.28841632604599,0.23793925344944,0.1392489075660705,0.1747017800807953,0.1596937477588653,True,True,True,True,True
test|Mona_5_20260624_123814|1378536276000,Mona,Mona_5_20260624_123814,1378536276000,continue,continue,0.2881320416927337,0.2326561510562896,0.1424470990896225,0.1724112778902053,0.1643533855676651,True,True,True,True,True
test|Mona_5_20260624_123814|1378869609000,Mona,Mona_5_20260624_123814,1378869609000,continue,continue,0.2879691421985626,0.2277014255523681,0.1439313739538192,0.1716715693473816,0.1687264591455459,True,True,True,True,True
test|Mona_5_20260624_123814|1379202943000,Mona,Mona_5_20260624_123814,1379202943000,continue,continue,0.2927008271217346,0.2211490124464035,0.1443413197994232,0.1715721637010574,0.1702366918325424,True,True,True,True,True
test|Mona_5_20260624_123814|1379536276000,Mona,Mona_5_20260624_123814,1379536276000,continue,continue,0.2871213257312774,0.220993772149086,0.1464777886867523,0.1744043081998825,0.1710027307271957,True,True,True,True,True
test|Mona_5_20260624_123814|1379869609000,Mona,Mona_5_20260624_123814,1379869609000,continue,continue,0.2834444344043731,0.2260724455118179,0.144373819231987,0.1761776357889175,0.1699316948652267,True,True,True,True,True
test|Mona_5_20260624_123814|1380202943000,Mona,Mona_5_20260624_123814,1380202943000,continue,continue,0.2757004797458648,0.2284762263298034,0.1418459415435791,0.1824891865253448,0.1714881509542465,True,True,True,True,True
test|Mona_5_20260624_123814|1380536276000,Mona,Mona_5_20260624_123814,1380536276000,continue,continue,0.2690639495849609,0.2366560995578766,0.1378342658281326,0.190636396408081,0.1658093035221099,True,True,True,True,True
test|Mona_5_20260624_123814|1380869609000,Mona,Mona_5_20260624_123814,1380869609000,continue,continue,0.2645362615585327,0.2451388388872146,0.1349492818117141,0.1942900866270065,0.1610855609178543,True,True,True,True,True
test|Mona_5_20260624_123814|1381202943000,Mona,Mona_5_20260624_123814,1381202943000,continue,continue,0.2676377594470978,0.2507503032684326,0.1320488899946212,0.1936048418283462,0.1559581905603408,True,True,True,True,True
test|Mona_5_20260624_123814|1381536276000,Mona,Mona_5_20260624_123814,1381536276000,continue,continue,0.2781457006931305,0.2473734617233276,0.1290172785520553,0.1914473623037338,0.154016226530075,True,True,True,True,True
test|Mona_5_20260624_123814|1381869609000,Mona,Mona_5_20260624_123814,1381869609000,continue,continue,0.2824085652828216,0.2398564368486404,0.1298917084932327,0.1876973360776901,0.1601459980010986,True,True,True,True,True
test|Mona_5_20260624_123814|1382202943000,Mona,Mona_5_20260624_123814,1382202943000,continue,continue,0.2909303605556488,0.232834979891777,0.1297484785318374,0.1802927255630493,0.1661934405565261,True,True,True,True,True
test|Mona_5_20260624_123814|1382536276000,Mona,Mona_5_20260624_123814,1382536276000,continue,continue,0.2911663353443146,0.2279348373413086,0.1314680278301239,0.1754501014947891,0.1739806830883026,True,True,True,True,True
test|Mona_5_20260624_123814|1382869609000,Mona,Mona_5_20260624_123814,1382869609000,continue,continue,0.2904627919197082,0.2233605533838272,0.1327528059482574,0.1758112758398056,0.1776125729084015,True,True,True,True,True
test|Mona_5_20260624_123814|1383202943000,Mona,Mona_5_20260624_123814,1383202943000,continue,continue,0.2906058728694916,0.2191862165927887,0.1343545913696289,0.1740672588348388,0.1817860305309295,True,True,True,True,True
test|Mona_5_20260624_123814|1383536276000,Mona,Mona_5_20260624_123814,1383536276000,continue,continue,0.2909310758113861,0.2188973426818847,0.1351110339164734,0.1711624413728714,0.1838981509208679,True,True,True,True,True
test|Mona_5_20260624_123814|1383869609000,Mona,Mona_5_20260624_123814,1383869609000,continue,continue,0.2891923189163208,0.2234257459640503,0.1353592276573181,0.1717803925275802,0.1802422851324081,True,True,True,True,True
test|Mona_5_20260624_123814|1384202943000,Mona,Mona_5_20260624_123814,1384202943000,continue,continue,0.2873840928077698,0.2264418601989746,0.1361322253942489,0.1790244281291961,0.1710174679756164,True,True,True,True,True
test|Mona_5_20260624_123814|1384536276000,Mona,Mona_5_20260624_123814,1384536276000,continue,continue,0.2826781272888183,0.2262232154607772,0.1367601603269577,0.1862667053937912,0.1680718064308166,True,True,True,True,True
test|Mona_5_20260624_123814|1384869609000,Mona,Mona_5_20260624_123814,1384869609000,continue,continue,0.2876046001911163,0.2231273353099823,0.1363514512777328,0.1847591400146484,0.1681574285030365,True,True,True,True,True
test|Mona_5_20260624_123814|1385202943000,Mona,Mona_5_20260624_123814,1385202943000,continue,continue,0.2929758131504059,0.2194696813821792,0.1361797153949737,0.1865110099315643,0.1648637950420379,True,True,True,True,True
test|Mona_5_20260624_123814|1385536276000,Mona,Mona_5_20260624_123814,1385536276000,continue,continue,0.2858187556266784,0.2152399271726608,0.1353325545787811,0.1979717016220092,0.1656369864940643,True,True,True,True,True
test|Mona_5_20260624_123814|1385869609000,Mona,Mona_5_20260624_123814,1385869609000,continue,continue,0.2821992039680481,0.2106029838323593,0.138159766793251,0.2066133022308349,0.1624247431755066,True,True,True,True,True
test|Mona_5_20260624_123814|1386202943000,Mona,Mona_5_20260624_123814,1386202943000,continue,continue,0.2792470753192901,0.2110333889722824,0.1413420885801315,0.205402597784996,0.1629748344421386,True,True,True,True,True
test|Mona_5_20260624_123814|1386536276000,Mona,Mona_5_20260624_123814,1386536276000,continue,continue,0.2816621959209442,0.2152061462402343,0.1396497786045074,0.2000091969966888,0.1634726673364639,True,True,True,True,True
test|Mona_5_20260624_123814|1386869609000,Mona,Mona_5_20260624_123814,1386869609000,continue,continue,0.2810060679912567,0.2193684726953506,0.1391559690237045,0.195845827460289,0.1646236479282379,True,True,True,True,True
test|Mona_5_20260624_123814|1387202943000,Mona,Mona_5_20260624_123814,1387202943000,continue,continue,0.2764703035354614,0.2260322421789169,0.1380975842475891,0.19006909430027,0.1693308055400848,True,True,True,True,True
test|Mona_5_20260624_123814|1387536276000,Mona,Mona_5_20260624_123814,1387536276000,continue,continue,0.2813075482845306,0.2302044034004211,0.1398630142211914,0.1753530949354171,0.1732719242572784,True,True,True,True,True
test|Mona_5_20260624_123814|1387869609000,Mona,Mona_5_20260624_123814,1387869609000,continue,continue,0.2836399674415588,0.2348489612340927,0.1371640712022781,0.1669500470161438,0.1773969233036041,True,True,True,True,True
test|Mona_5_20260624_123814|1388202943000,Mona,Mona_5_20260624_123814,1388202943000,continue,continue,0.2814435064792633,0.2393582314252853,0.134450763463974,0.1648562997579574,0.1798911690711975,True,True,True,True,True
test|Mona_5_20260624_123814|1388536276000,Mona,Mona_5_20260624_123814,1388536276000,continue,continue,0.2826915085315704,0.2379667907953262,0.1326297968626022,0.1672432571649551,0.1794686615467071,True,True,True,True,True
test|Mona_5_20260624_123814|1388869609000,Mona,Mona_5_20260624_123814,1388869609000,continue,continue,0.28013476729393,0.2375657856464386,0.1326356083154678,0.1705690324306488,0.1790947914123535,True,True,True,True,True
test|Mona_5_20260624_123814|1389202943000,Mona,Mona_5_20260624_123814,1389202943000,continue,continue,0.2738360166549682,0.2416030466556549,0.1307257264852523,0.1737873256206512,0.1800478547811508,True,True,True,True,True
test|Mona_5_20260624_123814|1389536276000,Mona,Mona_5_20260624_123814,1389536276000,continue,continue,0.2676272690296173,0.2478713989257812,0.1283482909202575,0.178516075015068,0.1776369959115982,True,True,True,True,True
test|Mona_5_20260624_123814|1389869609000,Mona,Mona_5_20260624_123814,1389869609000,continue,continue,0.265155166387558,0.2510054111480713,0.1279406547546386,0.1801540106534958,0.175744742155075,True,True,True,True,True
test|Mona_5_20260624_123814|1390202943000,Mona,Mona_5_20260624_123814,1390202943000,continue,continue,0.2633611261844635,0.2461257725954055,0.1298206150531768,0.1844773590564727,0.1762151569128036,True,True,True,True,True
test|Mona_5_20260624_123814|1390536276000,Mona,Mona_5_20260624_123814,1390536276000,continue,continue,0.2613755166530609,0.2437838315963745,0.134197860956192,0.1851914525032043,0.1754512637853622,True,True,True,True,True
test|Mona_5_20260624_123814|1390869609000,Mona,Mona_5_20260624_123814,1390869609000,continue,continue,0.2627034485340118,0.2396372407674789,0.1384637206792831,0.181949570775032,0.1772460490465164,True,True,True,True,True
test|Mona_5_20260624_123814|1391202943000,Mona,Mona_5_20260624_123814,1391202943000,continue,continue,0.2703795135021209,0.229010060429573,0.1435399949550628,0.1773787885904312,0.179691657423973,True,True,True,True,True
test|Mona_5_20260624_123814|1391536276000,Mona,Mona_5_20260624_123814,1391536276000,continue,continue,0.2818677127361297,0.2161185592412948,0.1511430740356445,0.1700993180274963,0.1807713806629181,True,True,True,True,True
test|Mona_5_20260624_123814|1391869609000,Mona,Mona_5_20260624_123814,1391869609000,continue,continue,0.2853543162345886,0.2060626447200775,0.1577791422605514,0.1657395213842392,0.1850643008947372,True,True,True,True,True
test|Mona_5_20260624_123814|1392202943000,Mona,Mona_5_20260624_123814,1392202943000,continue,continue,0.287312388420105,0.2027834504842758,0.1619847416877746,0.1626383066177368,0.1852811127901077,True,True,True,True,True
test|Mona_5_20260624_123814|1392536276000,Mona,Mona_5_20260624_123814,1392536276000,continue,continue,0.2872069478034973,0.2032660394906997,0.1643499284982681,0.1606914699077606,0.1844856142997741,True,True,True,True,True
test|Mona_5_20260624_123814|1392869609000,Mona,Mona_5_20260624_123814,1392869609000,continue,continue,0.2908721566200256,0.2061478048563003,0.162620797753334,0.1592616438865661,0.1810975819826126,True,True,True,True,True
test|Mona_5_20260624_123814|1393202943000,Mona,Mona_5_20260624_123814,1393202943000,continue,continue,0.2932441830635071,0.2108404785394668,0.1568817198276519,0.1627556532621383,0.1762779355049133,True,True,True,True,True
test|Mona_5_20260624_123814|1393536276000,Mona,Mona_5_20260624_123814,1393536276000,continue,continue,0.2925842106342315,0.2149123251438141,0.1485526114702224,0.1671200692653656,0.1768308281898498,True,True,True,True,True
test|Mona_5_20260624_123814|1393869609000,Mona,Mona_5_20260624_123814,1393869609000,continue,continue,0.2861002683639526,0.2187590152025222,0.1478242874145507,0.1758609265089035,0.1714555323123932,True,True,True,True,True
test|Mona_5_20260624_123814|1394202943000,Mona,Mona_5_20260624_123814,1394202943000,continue,continue,0.2819669246673584,0.2185317724943161,0.1482076048851013,0.1813583225011825,0.169935330748558,True,True,True,True,True
test|Mona_5_20260624_123814|1394536276000,Mona,Mona_5_20260624_123814,1394536276000,continue,continue,0.2759170234203338,0.219200387597084,0.148567259311676,0.1850467324256897,0.1712686121463775,True,True,True,True,True
test|Mona_5_20260624_123814|1394869609000,Mona,Mona_5_20260624_123814,1394869609000,continue,continue,0.2728725373744964,0.2192805558443069,0.147303432226181,0.1894383430480957,0.1711051166057586,True,True,True,True,True
test|Mona_5_20260624_123814|1395202943000,Mona,Mona_5_20260624_123814,1395202943000,continue,continue,0.2722858190536499,0.218738168478012,0.1480278968811035,0.1910759955644607,0.1698720753192901,True,True,True,True,True
test|Mona_5_20260624_123814|1395536276000,Mona,Mona_5_20260624_123814,1395536276000,continue,continue,0.2642178833484649,0.2204359918832779,0.1521039307117462,0.1954039335250854,0.167838305234909,True,True,True,True,True
test|Mona_5_20260624_123814|1395869609000,Mona,Mona_5_20260624_123814,1395869609000,continue,continue,0.2677220106124878,0.2216240912675857,0.1525686681270599,0.1904001086950302,0.1676851063966751,True,True,True,True,True
test|Mona_5_20260624_123814|1396202943000,Mona,Mona_5_20260624_123814,1396202943000,continue,continue,0.2679764330387115,0.2291937172412872,0.1498346477746963,0.1885310113430023,0.1644642055034637,True,True,True,True,True
test|Mona_5_20260624_123814|1396536276000,Mona,Mona_5_20260624_123814,1396536276000,continue,continue,0.2678532302379608,0.2350068390369415,0.1491033732891082,0.1831080019474029,0.1649285107851028,True,True,True,True,True
test|Mona_5_20260624_123814|1396869609000,Mona,Mona_5_20260624_123814,1396869609000,continue,continue,0.2624821364879608,0.2446387410163879,0.1485730856657028,0.1814485639333725,0.1628575026988983,True,True,True,True,True
test|Mona_5_20260624_123814|1397202943000,Mona,Mona_5_20260624_123814,1397202943000,continue,continue,0.2578061521053314,0.2510397136211395,0.1460429579019546,0.1780155003070831,0.1670956909656524,True,True,True,True,True
test|Mona_5_20260624_123814|1397536276000,Mona,Mona_5_20260624_123814,1397536276000,continue,continue,0.2622893154621124,0.2552476823329925,0.142152339220047,0.1730201691389084,0.1672904938459396,True,True,True,True,True
test|Mona_5_20260624_123814|1397869609000,Mona,Mona_5_20260624_123814,1397869609000,continue,continue,0.2630624771118164,0.2585495114326477,0.1364670395851135,0.1709226369857788,0.1709983795881271,True,True,True,True,True
test|Mona_5_20260624_123814|1398202943000,Mona,Mona_5_20260624_123814,1398202943000,continue,continue,0.2606510818004608,0.263234943151474,0.1347343176603317,0.1675048172473907,0.1738748997449875,True,True,True,True,True
test|Mona_5_20260624_123814|1398536276000,Mona,Mona_5_20260624_123814,1398536276000,continue,continue,0.2557143867015838,0.2704112529754638,0.1319451481103897,0.167337104678154,0.1745921224355697,True,True,True,True,True
test|Mona_5_20260624_123814|1398869609000,Mona,Mona_5_20260624_123814,1398869609000,continue,continue,0.2545329630374908,0.2726238965988159,0.1299505829811096,0.164125770330429,0.1787667721509933,True,True,True,True,True
test|Mona_5_20260624_123814|1399202943000,Mona,Mona_5_20260624_123814,1399202943000,continue,continue,0.2546846568584442,0.2720696330070495,0.1296770721673965,0.1629495471715927,0.1806190907955169,True,True,True,True,True
test|Mona_5_20260624_123814|1399536276000,Mona,Mona_5_20260624_123814,1399536276000,continue,continue,0.2544292211532593,0.2717539966106415,0.1307724714279174,0.1609268933534622,0.1821174919605255,True,True,True,True,True
test|Mona_5_20260624_123814|1399869609000,Mona,Mona_5_20260624_123814,1399869609000,continue,continue,0.2546439170837402,0.2732844054698944,0.1327190697193145,0.1588348001241684,0.1805178374052047,True,True,True,True,True
test|Mona_5_20260624_123814|1400202943000,Mona,Mona_5_20260624_123814,1400202943000,continue,continue,0.2572675049304962,0.2682853937149048,0.1348695307970047,0.1553207635879516,0.184256836771965,True,True,True,True,True
test|Mona_5_20260624_123814|1400536276000,Mona,Mona_5_20260624_123814,1400536276000,continue,continue,0.2618009150028229,0.2585087716579437,0.1373251974582672,0.1592350006103515,0.1831300854682922,True,True,True,True,True
test|Mona_5_20260624_123814|1400869609000,Mona,Mona_5_20260624_123814,1400869609000,continue,continue,0.2647576928138733,0.2460059076547622,0.141667291522026,0.1668398231267929,0.1807292699813842,True,True,True,True,True
test|Mona_5_20260624_123814|1401202943000,Mona,Mona_5_20260624_123814,1401202943000,continue,continue,0.2665602564811706,0.2424826472997665,0.1455253511667251,0.1703864485025406,0.1750453561544418,True,True,True,True,True
test|Mona_5_20260624_123814|1401536276000,Mona,Mona_5_20260624_123814,1401536276000,continue,continue,0.2691417932510376,0.2381042242050171,0.1468479037284851,0.1747280061244964,0.1711781024932861,True,True,True,True,True
test|Mona_5_20260624_123814|1401869609000,Mona,Mona_5_20260624_123814,1401869609000,continue,continue,0.2666791677474975,0.2328099608421325,0.1490403860807418,0.1800761371850967,0.1713943034410476,True,True,True,True,True
test|Mona_5_20260624_123814|1402202943000,Mona,Mona_5_20260624_123814,1402202943000,continue,continue,0.264116108417511,0.2302302122116089,0.1492116153240203,0.1875189989805221,0.1689230650663375,True,True,True,True,True
test|Mona_5_20260624_123814|1402536276000,Mona,Mona_5_20260624_123814,1402536276000,continue,continue,0.2665287554264068,0.2322903871536255,0.1462180465459823,0.1873068362474441,0.1676560491323471,True,True,True,True,True
test|Mona_5_20260624_123814|1402869609000,Mona,Mona_5_20260624_123814,1402869609000,continue,continue,0.2689752876758575,0.2303876280784607,0.1438157856464386,0.1870801150798797,0.1697411686182022,True,True,True,True,True
test|Mona_5_20260624_123814|1403202943000,Mona,Mona_5_20260624_123814,1403202943000,continue,continue,0.2689286470413208,0.2311351746320724,0.1404990404844284,0.186030238866806,0.1734068989753723,True,True,True,True,True
test|Mona_5_20260624_123814|1403536276000,Mona,Mona_5_20260624_123814,1403536276000,continue,continue,0.2700697481632232,0.2380615621805191,0.137538731098175,0.1775843799114227,0.1767456084489822,True,True,True,True,True
test|Mona_5_20260624_123814|1403869609000,Mona,Mona_5_20260624_123814,1403869609000,continue,continue,0.2772479057312011,0.2431474179029464,0.1343509703874588,0.1686819344758987,0.1765717715024948,True,True,True,True,True
test|Mona_5_20260624_123814|1404202943000,Mona,Mona_5_20260624_123814,1404202943000,continue,continue,0.2814310789108276,0.2436625510454177,0.1321911066770553,0.1632573157548904,0.1794579327106475,True,True,True,True,True
test|Mona_5_20260624_123814|1404536276000,Mona,Mona_5_20260624_123814,1404536276000,continue,continue,0.2770176529884338,0.2465342581272125,0.1340332329273224,0.1590520441532135,0.1833627969026565,True,True,True,True,True
test|Mona_5_20260624_123814|1404869609000,Mona,Mona_5_20260624_123814,1404869609000,continue,continue,0.269605427980423,0.2596637010574341,0.1319034099578857,0.15611332654953,0.1827141195535659,True,True,True,True,True
test|Mona_5_20260624_123814|1405202943000,Mona,Mona_5_20260624_123814,1405202943000,continue,continue,0.2663986086845398,0.2665170431137085,0.1277616024017334,0.1541909277439117,0.1851317435503006,True,True,True,True,True
test|Mona_5_20260624_123814|1405536276000,Mona,Mona_5_20260624_123814,1405536276000,continue,continue,0.2666712403297424,0.2686541378498077,0.1273770779371261,0.1549169868230819,0.1823805868625641,True,True,True,True,True
test|Mona_5_20260624_123814|1405869609000,Mona,Mona_5_20260624_123814,1405869609000,continue,continue,0.2667960226535797,0.2711759507656097,0.12539142370224,0.1552615016698837,0.181375116109848,True,True,True,True,True
test|Mona_5_20260624_123814|1406202943000,Mona,Mona_5_20260624_123814,1406202943000,continue,continue,0.2696569561958313,0.2710109949111938,0.1245360746979713,0.1560450345277786,0.1787509173154831,True,True,True,True,True
test|Mona_5_20260624_123814|1406536276000,Mona,Mona_5_20260624_123814,1406536276000,continue,continue,0.2745192945003509,0.2692320644855499,0.1264238804578781,0.1558247059583664,0.1740000993013382,True,True,True,True,True
test|Mona_5_20260624_123814|1406869609000,Mona,Mona_5_20260624_123814,1406869609000,continue,continue,0.2791380882263183,0.2582956850528717,0.1327195316553115,0.1566088497638702,0.1732378154993057,True,True,True,True,True
test|Mona_5_20260624_123814|1407202943000,Mona,Mona_5_20260624_123814,1407202943000,continue,continue,0.2867681384086609,0.2431603968143463,0.1393982023000717,0.162300556898117,0.1683727353811264,True,True,True,True,True
test|Mona_5_20260624_123814|1407536276000,Mona,Mona_5_20260624_123814,1407536276000,continue,continue,0.2916347980499267,0.2333783209323883,0.1423908025026321,0.1654286235570907,0.1671674102544784,True,True,True,True,True
test|Mona_5_20260624_123814|1407869609000,Mona,Mona_5_20260624_123814,1407869609000,continue,continue,0.2923520803451538,0.2268170118331909,0.1439719349145889,0.1682100445032119,0.1686489284038543,True,True,True,True,True
test|Mona_5_20260624_123814|1408202943000,Mona,Mona_5_20260624_123814,1408202943000,continue,continue,0.2924439013004303,0.2231698483228683,0.1442693024873733,0.1695946753025055,0.1705222427845001,True,True,True,True,True
test|Mona_5_20260624_123814|1408536276000,Mona,Mona_5_20260624_123814,1408536276000,continue,continue,0.2913904190063476,0.2201957553625106,0.139522910118103,0.1724050343036651,0.1764858365058899,True,True,True,True,True
test|Mona_5_20260624_123814|1408869609000,Mona,Mona_5_20260624_123814,1408869609000,continue,continue,0.2884610593318939,0.2248002886772155,0.1354083269834518,0.1744530647993087,0.1768772304058075,True,True,True,True,True
test|Mona_5_20260624_123814|1409202943000,Mona,Mona_5_20260624_123814,1409202943000,continue,continue,0.2820673584938049,0.2329196780920028,0.1315340399742126,0.1737489700317382,0.1797298491001129,True,True,True,True,True
test|Mona_5_20260624_123814|1409536276000,Mona,Mona_5_20260624_123814,1409536276000,continue,continue,0.2764721810817718,0.2370990961790084,0.1309362798929214,0.1783306300640106,0.1771617829799652,True,True,True,True,True
test|Mona_5_20260624_123814|1409869609000,Mona,Mona_5_20260624_123814,1409869609000,continue,continue,0.2735401093959808,0.2392287999391555,0.1327567845582962,0.1835642158985138,0.1709101051092147,True,True,True,True,True
test|Mona_5_20260624_123814|1410202943000,Mona,Mona_5_20260624_123814,1410202943000,continue,continue,0.2750568985939026,0.2396115064620971,0.1341445297002792,0.1872814148664474,0.1639056354761123,True,True,True,True,True
test|Mona_5_20260624_123814|1410536276000,Mona,Mona_5_20260624_123814,1410536276000,continue,continue,0.2776673138141632,0.2416529953479766,0.1356400549411773,0.1877763569355011,0.1572632491588592,True,True,True,True,True
test|Mona_5_20260624_123814|1410869609000,Mona,Mona_5_20260624_123814,1410869609000,fetch,continue,0.2876821458339691,0.2374273985624313,0.1385096460580825,0.1848585158586502,0.1515222787857055,True,True,True,True,True
test|Mona_5_20260624_123814|1411202943000,Mona,Mona_5_20260624_123814,1411202943000,fetch,fetch,0.2954216599464416,0.237234964966774,0.1413008272647857,0.1811974644660949,0.1448450088500976,True,True,True,True,True
test|Mona_5_20260624_123814|1411536276000,Mona,Mona_5_20260624_123814,1411536276000,fetch,fetch,0.3004712164402008,0.2427318841218948,0.1414688378572464,0.1757163852453231,0.1396117359399795,True,True,True,True,True
test|Mona_5_20260624_123814|1411869609000,Mona,Mona_5_20260624_123814,1411869609000,fetch,fetch,0.2966744601726532,0.266470342874527,0.1352622509002685,0.1638240814208984,0.137768879532814,True,True,True,True,True
test|Mona_5_20260624_123814|1412202943000,Mona,Mona_5_20260624_123814,1412202943000,fetch,fetch,0.2916217148303985,0.2766802310943603,0.1306197196245193,0.1571863889694214,0.1438919156789779,True,True,True,True,True
test|Mona_5_20260624_123814|1412536276000,Mona,Mona_5_20260624_123814,1412536276000,fetch,fetch,0.2918970584869385,0.2737470269203186,0.1296146363019943,0.1570569276809692,0.1476843357086181,True,True,True,True,True
test|Mona_5_20260624_123814|1412869609000,Mona,Mona_5_20260624_123814,1412869609000,fetch,fetch,0.2886987924575805,0.2719064354896545,0.1285064220428466,0.1583174169063568,0.1525709182024002,True,True,True,True,True
test|Mona_5_20260624_123814|1413202943000,Mona,Mona_5_20260624_123814,1413202943000,fetch,fetch,0.2840622067451477,0.2689009606838226,0.1277246922254562,0.1584855020046234,0.1608265936374664,True,True,True,True,True
test|Mona_5_20260624_123814|1413536276000,Mona,Mona_5_20260624_123814,1413536276000,fetch,fetch,0.2764156460762024,0.265375018119812,0.1275446265935897,0.1586161851882934,0.1720485836267471,True,True,True,True,True
test|Mona_5_20260624_123814|1413869609000,Mona,Mona_5_20260624_123814,1413869609000,fetch,fetch,0.2699617445468902,0.2648130059242248,0.1280355900526046,0.1601144671440124,0.1770751923322677,True,True,True,True,True
test|Mona_5_20260624_123814|1414202943000,Mona,Mona_5_20260624_123814,1414202943000,fetch,fetch,0.2676891684532165,0.2640891969203949,0.1299390196800232,0.1627866923809051,0.1754959672689438,True,True,True,True,True
test|Mona_5_20260624_123814|1414536276000,Mona,Mona_5_20260624_123814,1414536276000,fetch,fetch,0.2654673457145691,0.2623942494392395,0.1308982819318771,0.1632452309131622,0.1779949069023132,True,True,True,True,True
test|Mona_5_20260624_123814|1414869609000,Mona,Mona_5_20260624_123814,1414869609000,fetch,fetch,0.263937383890152,0.2605765759944916,0.1314378827810287,0.1626490354537964,0.1813991665840149,True,True,True,True,True
test|Mona_5_20260624_123814|1415202943000,Mona,Mona_5_20260624_123814,1415202943000,fetch,fetch,0.2635314464569092,0.2628126144409179,0.1311391294002533,0.1632583141326904,0.1792584359645843,True,True,True,True,True
test|Mona_5_20260624_123814|1415536276000,Mona,Mona_5_20260624_123814,1415536276000,fetch,fetch,0.2657824754714966,0.2626799941062927,0.1280573010444641,0.1647139936685562,0.1787662208080291,True,True,True,True,True
test|Mona_5_20260624_123814|1415869609000,Mona,Mona_5_20260624_123814,1415869609000,fetch,fetch,0.274511843919754,0.2588565945625305,0.1275230795145034,0.1679789572954177,0.1711295396089553,True,True,True,True,True
test|Mona_5_20260624_123814|1417869609000,Mona,Mona_5_20260624_123814,1417869609000,handover,handover,0.3124164938926697,0.2418561279773712,0.1248557567596435,0.1797393560409546,0.1411322802305221,True,True,True,True,True
test|Mona_5_20260624_123814|1418202943000,Mona,Mona_5_20260624_123814,1418202943000,handover,handover,0.3107324242591858,0.2427161782979965,0.1265126168727874,0.176631286740303,0.1434074193239212,True,True,True,True,True
test|Mona_5_20260624_123814|1418536276000,Mona,Mona_5_20260624_123814,1418536276000,handover,handover,0.3076561093330383,0.237638920545578,0.1285101026296615,0.1748870462179184,0.1513078659772873,True,True,True,True,True
test|Mona_5_20260624_123814|1418869609000,Mona,Mona_5_20260624_123814,1418869609000,handover,handover,0.3016449809074402,0.2340036481618881,0.1292594522237777,0.1742306053638458,0.1608613431453704,True,True,True,True,True
test|Mona_5_20260624_123814|1419202943000,Mona,Mona_5_20260624_123814,1419202943000,handover,handover,0.2985208630561828,0.2326267659664154,0.1294962763786316,0.1755174100399017,0.1638386249542236,True,True,True,True,True
test|Mona_5_20260624_123814|1419536276000,Mona,Mona_5_20260624_123814,1419536276000,handover,handover,0.2956619262695312,0.233019545674324,0.1302027553319931,0.1761500090360641,0.1649657785892486,True,True,True,True,True
test|Mona_5_20260624_123814|1419869609000,Mona,Mona_5_20260624_123814,1419869609000,handover,handover,0.2928816974163055,0.2339974194765091,0.1319173872470855,0.1743836551904678,0.1668198704719543,True,True,True,True,True
test|Mona_5_20260624_123814|1420202943000,Mona,Mona_5_20260624_123814,1420202943000,handover,handover,0.2891998887062073,0.2351625263690948,0.1314693391323089,0.1773340553045272,0.1668341904878616,True,True,True,True,True
test|Mona_5_20260624_123814|1420536276000,Mona,Mona_5_20260624_123814,1420536276000,handover,handover,0.2877733707427978,0.2401659488677978,0.127131387591362,0.1778271198272705,0.1671021431684494,True,True,True,True,True
test|Mona_5_20260624_123814|1420869609000,Mona,Mona_5_20260624_123814,1420869609000,handover,handover,0.28980752825737,0.2386808842420578,0.1255659908056259,0.1857182085514068,0.1602274179458618,True,True,True,True,True
test|Mona_6_20260624_123930|1453936276000,Mona,Mona_6_20260624_123930,1453936276000,continue,continue,0.270521730184555,0.2404092401266098,0.1452791094779968,0.1796191781759262,0.1641707271337509,True,True,True,True,True
test|Mona_6_20260624_123930|1454269609000,Mona,Mona_6_20260624_123930,1454269609000,continue,continue,0.2779374122619629,0.231808066368103,0.1406006813049316,0.1791870445013046,0.1704668402671814,True,True,True,True,True
test|Mona_6_20260624_123930|1454602942000,Mona,Mona_6_20260624_123930,1454602942000,continue,continue,0.2787994742393493,0.2286911308765411,0.1367676556110382,0.1772745847702026,0.1784671694040298,True,True,True,True,True
test|Mona_6_20260624_123930|1454936276000,Mona,Mona_6_20260624_123930,1454936276000,continue,continue,0.2746354639530182,0.2300085872411728,0.1346393525600433,0.1774622946977615,0.1832543462514877,True,True,True,True,True
test|Mona_6_20260624_123930|1455269609000,Mona,Mona_6_20260624_123930,1455269609000,continue,continue,0.2705372273921966,0.2276241928339004,0.1345620602369308,0.1799672544002533,0.1873092204332351,True,True,True,True,True
test|Mona_6_20260624_123930|1455602942000,Mona,Mona_6_20260624_123930,1455602942000,continue,continue,0.2650845944881439,0.2289116233587265,0.132847175002098,0.1809803992509842,0.1921761929988861,True,True,True,True,True
test|Mona_6_20260624_123930|1455936276000,Mona,Mona_6_20260624_123930,1455936276000,continue,continue,0.2585704028606415,0.2362616658210754,0.1311870068311691,0.1797222048044204,0.1942587494850158,True,True,True,True,True
test|Mona_6_20260624_123930|1456269609000,Mona,Mona_6_20260624_123930,1456269609000,continue,continue,0.2544138431549072,0.2409544736146927,0.1304711401462555,0.1793718189001083,0.1947886794805526,True,True,True,True,True
test|Mona_6_20260624_123930|1456602942000,Mona,Mona_6_20260624_123930,1456602942000,continue,continue,0.2553935945034027,0.2395727932453155,0.1296582818031311,0.1808339953422546,0.1945412904024124,True,True,True,True,True
test|Mona_6_20260624_123930|1456936276000,Mona,Mona_6_20260624_123930,1456936276000,continue,continue,0.2573722004890442,0.2340294122695922,0.1288129538297653,0.1831355988979339,0.1966497898101806,True,True,True,True,True
test|Mona_6_20260624_123930|1457269609000,Mona,Mona_6_20260624_123930,1457269609000,continue,continue,0.2593096494674682,0.2291463911533355,0.1290433555841446,0.1832704395055771,0.1992301791906356,True,True,True,True,True
test|Mona_6_20260624_123930|1457602942000,Mona,Mona_6_20260624_123930,1457602942000,continue,continue,0.2594619989395141,0.2277212440967559,0.1308099180459976,0.1832934468984604,0.1987134516239166,True,True,True,True,True
test|Mona_6_20260624_123930|1457936276000,Mona,Mona_6_20260624_123930,1457936276000,continue,continue,0.260387659072876,0.2273801267147064,0.1316401809453964,0.1831320822238922,0.1974599957466125,True,True,True,True,True
test|Mona_6_20260624_123930|1458269609000,Mona,Mona_6_20260624_123930,1458269609000,continue,continue,0.261928915977478,0.2274629324674606,0.1316650360822677,0.1831969618797302,0.1957461088895797,True,True,True,True,True
test|Mona_6_20260624_123930|1458602942000,Mona,Mona_6_20260624_123930,1458602942000,continue,continue,0.2626796960830688,0.2292416840791702,0.1322907656431198,0.1827163845300674,0.193071499466896,True,True,True,True,True
test|Mona_6_20260624_123930|1458936276000,Mona,Mona_6_20260624_123930,1458936276000,continue,continue,0.2639293074607849,0.2265912890434265,0.1334883272647857,0.1825171709060669,0.1934738755226135,True,True,True,True,True
test|Mona_6_20260624_123930|1459269609000,Mona,Mona_6_20260624_123930,1459269609000,continue,continue,0.2662105858325958,0.2236847728490829,0.1343099325895309,0.1843526512384414,0.1914420425891876,True,True,True,True,True
test|Mona_6_20260624_123930|1459602942000,Mona,Mona_6_20260624_123930,1459602942000,continue,continue,0.2713201344013214,0.2186694294214248,0.1350989788770675,0.1867871284484863,0.1881243288516998,True,True,True,True,True
test|Mona_6_20260624_123930|1459936276000,Mona,Mona_6_20260624_123930,1459936276000,continue,continue,0.2773047983646393,0.2134145647287368,0.1357256025075912,0.1892287582159042,0.1843262165784835,True,True,True,True,True
test|Mona_6_20260624_123930|1460269609000,Mona,Mona_6_20260624_123930,1460269609000,continue,continue,0.2819873988628387,0.2085544317960739,0.1368148028850555,0.1925336569547653,0.1801097095012664,True,True,True,True,True
test|Mona_6_20260624_123930|1460602942000,Mona,Mona_6_20260624_123930,1460602942000,continue,continue,0.2765140533447265,0.2093866318464279,0.137866124510765,0.1995391398668289,0.1766940206289291,True,True,True,True,True
test|Mona_6_20260624_123930|1460936276000,Mona,Mona_6_20260624_123930,1460936276000,continue,continue,0.2753594517707824,0.211405947804451,0.1383498907089233,0.2018934786319732,0.1729912757873535,True,True,True,True,True
test|Mona_6_20260624_123930|1461269609000,Mona,Mona_6_20260624_123930,1461269609000,continue,continue,0.2726345658302307,0.2161095887422561,0.1383694410324096,0.201243057847023,0.1716433018445968,True,True,True,True,True
test|Mona_6_20260624_123930|1461602942000,Mona,Mona_6_20260624_123930,1461602942000,continue,continue,0.2713451981544494,0.2174549698829651,0.1393601149320602,0.2004316598176956,0.1714080572128296,True,True,True,True,True
test|Mona_6_20260624_123930|1461936276000,Mona,Mona_6_20260624_123930,1461936276000,continue,continue,0.267077773809433,0.2205615490674972,0.1416966468095779,0.1977736949920654,0.1728904098272323,True,True,True,True,True
test|Mona_6_20260624_123930|1462269609000,Mona,Mona_6_20260624_123930,1462269609000,continue,continue,0.2506279051303863,0.2258076667785644,0.144775703549385,0.1999294012784958,0.1788593083620071,True,True,True,True,True
test|Mona_6_20260624_123930|1462602942000,Mona,Mona_6_20260624_123930,1462602942000,continue,continue,0.2746182382106781,0.2160798460245132,0.1419728249311447,0.1883071511983871,0.1790219992399215,True,True,True,True,True
test|Mona_6_20260624_123930|1462936276000,Mona,Mona_6_20260624_123930,1462936276000,continue,continue,0.2804614007472992,0.2120115160942077,0.1441501826047897,0.1818597912788391,0.1815171092748642,True,True,True,True,True
test|Mona_6_20260624_123930|1463269609000,Mona,Mona_6_20260624_123930,1463269609000,continue,continue,0.2803073823451996,0.216329351067543,0.1445407122373581,0.1801985651254654,0.1786240339279174,True,True,True,True,True
test|Mona_6_20260624_123930|1463602942000,Mona,Mona_6_20260624_123930,1463602942000,continue,continue,0.2758355140686035,0.2225772887468338,0.1416043490171432,0.1785854697227478,0.1813974380493164,True,True,True,True,True
test|Mona_6_20260624_123930|1463936276000,Mona,Mona_6_20260624_123930,1463936276000,continue,continue,0.2819707691669464,0.2248715013265609,0.1397756487131118,0.1748273372650146,0.1785547882318496,True,True,True,True,True
test|Mona_6_20260624_123930|1464269609000,Mona,Mona_6_20260624_123930,1464269609000,continue,continue,0.2794208228588104,0.2287859171628952,0.1379005014896392,0.1710665673017501,0.1828261762857437,True,True,True,True,True
test|Mona_6_20260624_123930|1464602942000,Mona,Mona_6_20260624_123930,1464602942000,continue,continue,0.2732632458209991,0.2407783567905426,0.1337649226188659,0.1699987947940826,0.1821946948766708,True,True,True,True,True
test|Mona_6_20260624_123930|1464936276000,Mona,Mona_6_20260624_123930,1464936276000,continue,continue,0.2659533321857452,0.2463230341672897,0.1287864446640014,0.1755462437868118,0.1833909600973129,True,True,True,True,True
test|Mona_6_20260624_123930|1465269609000,Mona,Mona_6_20260624_123930,1465269609000,continue,continue,0.2625464498996734,0.2372897267341613,0.129643976688385,0.182299330830574,0.1882205456495285,True,True,True,True,True
test|Mona_6_20260624_123930|1465602942000,Mona,Mona_6_20260624_123930,1465602942000,continue,continue,0.2613083124160766,0.2300739735364914,0.1325642317533493,0.1866975128650665,0.1893560588359832,True,True,True,True,True
test|Mona_6_20260624_123930|1465936276000,Mona,Mona_6_20260624_123930,1465936276000,continue,continue,0.2523768842220306,0.2264493703842163,0.1351361870765686,0.1962085217237472,0.1898289918899536,True,True,True,True,True
test|Mona_6_20260624_123930|1466269609000,Mona,Mona_6_20260624_123930,1466269609000,continue,continue,0.2544815838336944,0.2244723290205001,0.1381804943084716,0.1952488869428634,0.1876166611909866,True,True,True,True,True
test|Mona_6_20260624_123930|1466602942000,Mona,Mona_6_20260624_123930,1466602942000,continue,continue,0.2581453621387481,0.2186209708452224,0.141420692205429,0.1954347938299179,0.1863781958818435,True,True,True,True,True
test|Mona_6_20260624_123930|1466936276000,Mona,Mona_6_20260624_123930,1466936276000,continue,continue,0.2622859179973602,0.2184495031833648,0.1439348459243774,0.1916668117046356,0.1836629211902618,True,True,True,True,True
test|Mona_6_20260624_123930|1467269609000,Mona,Mona_6_20260624_123930,1467269609000,continue,continue,0.2653171122074127,0.2225032299757003,0.1432681530714035,0.1876842379570007,0.1812272071838379,True,True,True,True,True
test|Mona_6_20260624_123930|1467602942000,Mona,Mona_6_20260624_123930,1467602942000,continue,continue,0.2665099203586578,0.2252375483512878,0.1432239413261413,0.1859204918146133,0.179108053445816,True,True,True,True,True
test|Mona_6_20260624_123930|1467936276000,Mona,Mona_6_20260624_123930,1467936276000,continue,continue,0.2695525884628296,0.2251048386096954,0.1416022628545761,0.1814954280853271,0.1822448968887329,True,True,True,True,True
test|Mona_6_20260624_123930|1468269609000,Mona,Mona_6_20260624_123930,1468269609000,continue,continue,0.2646548449993133,0.2243688404560089,0.1416816264390945,0.1838994026184082,0.1853952407836914,True,True,True,True,True
test|Mona_6_20260624_123930|1468602942000,Mona,Mona_6_20260624_123930,1468602942000,continue,continue,0.2621397376060486,0.226081296801567,0.1418037861585617,0.181928813457489,0.1880463659763336,True,True,True,True,True
test|Mona_6_20260624_123930|1468936276000,Mona,Mona_6_20260624_123930,1468936276000,continue,continue,0.2596461176872253,0.2278405278921127,0.1425673812627792,0.1800703555345535,0.1898756027221679,True,True,True,True,True
test|Mona_6_20260624_123930|1469269609000,Mona,Mona_6_20260624_123930,1469269609000,continue,continue,0.2583164572715759,0.2289938330650329,0.1439951509237289,0.1790761053562164,0.1896184235811233,True,True,True,True,True
test|Mona_6_20260624_123930|1469602942000,Mona,Mona_6_20260624_123930,1469602942000,continue,continue,0.2576645910739898,0.2307013422250747,0.1445320844650268,0.1798076778650283,0.1872943192720413,True,True,True,True,True
test|Mona_6_20260624_123930|1469936276000,Mona,Mona_6_20260624_123930,1469936276000,continue,continue,0.2595252990722656,0.2337292730808258,0.1437233686447143,0.1806637197732925,0.1823583841323852,True,True,True,True,True
test|Mona_6_20260624_123930|1470269609000,Mona,Mona_6_20260624_123930,1470269609000,continue,continue,0.2610442340373993,0.2349895983934402,0.1408407986164093,0.1811176985502243,0.1820077300071716,True,True,True,True,True
test|Mona_6_20260624_123930|1470602942000,Mona,Mona_6_20260624_123930,1470602942000,continue,continue,0.2606696486473083,0.2349006533622741,0.1387727707624435,0.1825391054153442,0.1831178367137909,True,True,True,True,True
test|Mona_6_20260624_123930|1470936276000,Mona,Mona_6_20260624_123930,1470936276000,continue,continue,0.2607957422733307,0.2341663092374801,0.1386755555868148,0.1867911517620086,0.1795712858438491,True,True,True,True,True
test|Mona_6_20260624_123930|1471269609000,Mona,Mona_6_20260624_123930,1471269609000,continue,continue,0.2610929906368255,0.2323073148727417,0.1377759873867035,0.1918160170316696,0.1770077347755432,True,True,True,True,True
test|Mona_6_20260624_123930|1471602942000,Mona,Mona_6_20260624_123930,1471602942000,continue,continue,0.2645586133003235,0.2304705530405044,0.1369038224220276,0.1887274980545044,0.1793395429849624,True,True,True,True,True
test|Mona_6_20260624_123930|1471936276000,Mona,Mona_6_20260624_123930,1471936276000,continue,continue,0.2659716010093689,0.2254240363836288,0.137530505657196,0.1874480992555618,0.1836257725954055,True,True,True,True,True
test|Mona_6_20260624_123930|1472269609000,Mona,Mona_6_20260624_123930,1472269609000,continue,continue,0.26878222823143,0.2208632826805114,0.1386355310678482,0.1863775700330734,0.1853413581848144,True,True,True,True,True
test|Mona_6_20260624_123930|1472602942000,Mona,Mona_6_20260624_123930,1472602942000,continue,continue,0.2735970318317413,0.2151093930006027,0.1416691690683365,0.1838854104280471,0.1857390403747558,True,True,True,True,True
test|Mona_6_20260624_123930|1472936276000,Mona,Mona_6_20260624_123930,1472936276000,continue,continue,0.2768842279911041,0.2091574668884277,0.1444632858037948,0.1809234619140625,0.1885715574026107,True,True,True,True,True
test|Mona_6_20260624_123930|1473269609000,Mona,Mona_6_20260624_123930,1473269609000,continue,continue,0.277936041355133,0.2062839865684509,0.1454905867576599,0.178346574306488,0.1919427961111068,True,True,True,True,True
test|Mona_6_20260624_123930|1473602942000,Mona,Mona_6_20260624_123930,1473602942000,continue,continue,0.2776015400886535,0.2033565044403076,0.143523097038269,0.1857051849365234,0.1898136138916015,True,True,True,True,True
test|Mona_6_20260624_123930|1473936276000,Mona,Mona_6_20260624_123930,1473936276000,continue,continue,0.2762828171253204,0.2014477998018264,0.1446578800678253,0.1928219497203827,0.1847895234823227,True,True,True,True,True
test|Mona_6_20260624_123930|1474269609000,Mona,Mona_6_20260624_123930,1474269609000,continue,continue,0.2788602709770202,0.2050931453704834,0.145005777478218,0.1914723068475723,0.1795684546232223,True,True,True,True,True
test|Mona_6_20260624_123930|1474602942000,Mona,Mona_6_20260624_123930,1474602942000,continue,continue,0.2797679007053375,0.2124052494764328,0.1397288590669632,0.1914882361888885,0.1766097545623779,True,True,True,True,True
test|Mona_6_20260624_123930|1474936276000,Mona,Mona_6_20260624_123930,1474936276000,continue,continue,0.2747045159339905,0.2209079712629318,0.1350216120481491,0.1931022852659225,0.1762635409832,True,True,True,True,True
test|Mona_6_20260624_123930|1475269609000,Mona,Mona_6_20260624_123930,1475269609000,continue,continue,0.2685557603836059,0.2268653213977813,0.1338203251361847,0.1953494697809219,0.1754091531038284,True,True,True,True,True
test|Mona_6_20260624_123930|1475602942000,Mona,Mona_6_20260624_123930,1475602942000,continue,continue,0.2605901956558227,0.2328375428915023,0.1362324059009552,0.1931545436382293,0.1771853268146515,True,True,True,True,True
test|Mona_6_20260624_123930|1475936276000,Mona,Mona_6_20260624_123930,1475936276000,continue,continue,0.2564171254634857,0.2367621064186096,0.136793777346611,0.1876522451639175,0.1823747307062149,True,True,True,True,True
test|Mona_6_20260624_123930|1476269609000,Mona,Mona_6_20260624_123930,1476269609000,continue,continue,0.2444337308406829,0.2406990975141525,0.1391180455684662,0.1888449192047119,0.1869042068719864,True,True,True,True,True
test|Mona_6_20260624_123930|1476602942000,Mona,Mona_6_20260624_123930,1476602942000,continue,continue,0.2366555035114288,0.2441061735153198,0.144679382443428,0.1871530413627624,0.1874058842658996,True,True,True,True,True
test|Mona_6_20260624_123930|1476936276000,Mona,Mona_6_20260624_123930,1476936276000,continue,continue,0.2378126680850982,0.2462904900312423,0.149892657995224,0.1825833767652511,0.1834207773208618,True,True,True,True,True
test|Mona_6_20260624_123930|1477269609000,Mona,Mona_6_20260624_123930,1477269609000,continue,continue,0.2474611103534698,0.2481372356414795,0.1502252370119094,0.1755851805210113,0.178591251373291,True,True,True,True,True
test|Mona_6_20260624_123930|1477602942000,Mona,Mona_6_20260624_123930,1477602942000,continue,continue,0.2573653757572174,0.2490717768669128,0.1497955918312072,0.1691740304231643,0.1745932102203369,True,True,True,True,True
test|Mona_6_20260624_123930|1477936276000,Mona,Mona_6_20260624_123930,1477936276000,continue,continue,0.2644539177417755,0.2522946000099182,0.1485922634601593,0.1646428406238556,0.1700164228677749,True,True,True,True,True
test|Mona_6_20260624_123930|1478269609000,Mona,Mona_6_20260624_123930,1478269609000,continue,continue,0.272980272769928,0.2541170418262481,0.1446886360645294,0.1632904708385467,0.16492360830307,True,True,True,True,True
test|Mona_6_20260624_123930|1478602942000,Mona,Mona_6_20260624_123930,1478602942000,continue,continue,0.2797985672950744,0.2515379190444946,0.140536829829216,0.1635202914476394,0.164606437087059,True,True,True,True,True
test|Mona_6_20260624_123930|1478936276000,Mona,Mona_6_20260624_123930,1478936276000,continue,continue,0.2810097336769104,0.2500330507755279,0.1371567547321319,0.1659970432519912,0.1658034175634384,True,True,True,True,True
test|Mona_6_20260624_123930|1479269609000,Mona,Mona_6_20260624_123930,1479269609000,continue,continue,0.2755793631076813,0.2513332068920135,0.1358648240566253,0.1690541356801986,0.1681684702634811,True,True,True,True,True
test|Mona_6_20260624_123930|1479602942000,Mona,Mona_6_20260624_123930,1479602942000,continue,continue,0.2714436650276184,0.251273900270462,0.1363190710544586,0.1725446283817291,0.1684187352657318,True,True,True,True,True
test|Mona_6_20260624_123930|1479936276000,Mona,Mona_6_20260624_123930,1479936276000,continue,continue,0.2708851099014282,0.2495952248573303,0.1343042701482772,0.1763284653425216,0.1688869446516037,True,True,True,True,True
test|Mona_6_20260624_123930|1480269609000,Mona,Mona_6_20260624_123930,1480269609000,continue,continue,0.2719599306583404,0.2422472387552261,0.133901298046112,0.1808429658412933,0.1710485368967056,True,True,True,True,True
test|Mona_6_20260624_123930|1480602942000,Mona,Mona_6_20260624_123930,1480602942000,continue,continue,0.2764419615268707,0.2340077459812164,0.1336930245161056,0.1862834393978119,0.1695738732814788,True,True,True,True,True
test|Mona_6_20260624_123930|1480936276000,Mona,Mona_6_20260624_123930,1480936276000,continue,continue,0.2847763001918793,0.2294364869594574,0.1336531341075897,0.1851223856210708,0.1670116484165191,True,True,True,True,True
test|Mona_6_20260624_123930|1481269609000,Mona,Mona_6_20260624_123930,1481269609000,continue,continue,0.2868943810462951,0.2312717288732528,0.1365887820720672,0.1793480962514877,0.1658970266580581,True,True,True,True,True
test|Mona_6_20260624_123930|1481602942000,Mona,Mona_6_20260624_123930,1481602942000,continue,continue,0.2894863486289978,0.2354308813810348,0.1332406401634216,0.1754251420497894,0.1664170622825622,True,True,True,True,True
test|Mona_6_20260624_123930|1481936276000,Mona,Mona_6_20260624_123930,1481936276000,continue,continue,0.2862614691257477,0.2444317787885666,0.1344003528356552,0.1707002967596054,0.1642061024904251,True,True,True,True,True
test|Mona_6_20260624_123930|1482269609000,Mona,Mona_6_20260624_123930,1482269609000,continue,continue,0.2810052931308746,0.2566074430942535,0.1355004608631134,0.1648923456668853,0.1619944870471954,True,True,True,True,True
test|Mona_6_20260624_123930|1482602942000,Mona,Mona_6_20260624_123930,1482602942000,continue,continue,0.2743595540523529,0.2678141593933105,0.1360403299331665,0.161741554737091,0.1600443422794342,True,True,True,True,True
test|Mona_6_20260624_123930|1482936276000,Mona,Mona_6_20260624_123930,1482936276000,continue,continue,0.2684027254581451,0.2725763320922851,0.1355221569538116,0.1604256182909011,0.1630731970071792,True,True,True,True,True
test|Mona_6_20260624_123930|1483269609000,Mona,Mona_6_20260624_123930,1483269609000,continue,continue,0.269291877746582,0.269058346748352,0.1313813030719757,0.1623481959104538,0.1679202616214752,True,True,True,True,True
test|Mona_6_20260624_123930|1483602942000,Mona,Mona_6_20260624_123930,1483602942000,continue,continue,0.2696684896945953,0.2610873878002167,0.1338769495487213,0.164556011557579,0.1708110868930816,True,True,True,True,True
test|Mona_6_20260624_123930|1483936276000,Mona,Mona_6_20260624_123930,1483936276000,continue,continue,0.2707471847534179,0.2554837763309479,0.1332532167434692,0.1684810519218444,0.1720347553491592,True,True,True,True,True
test|Mona_6_20260624_123930|1484269609000,Mona,Mona_6_20260624_123930,1484269609000,continue,continue,0.270511120557785,0.251889705657959,0.1372971683740615,0.167684331536293,0.1726176738739013,True,True,True,True,True
test|Mona_6_20260624_123930|1484602942000,Mona,Mona_6_20260624_123930,1484602942000,continue,continue,0.2722470164299011,0.2514124810695648,0.1358614861965179,0.1646173894405365,0.1758615970611572,True,True,True,True,True
test|Mona_6_20260624_123930|1484936276000,Mona,Mona_6_20260624_123930,1484936276000,continue,continue,0.2747122347354889,0.2502611875534057,0.1310803741216659,0.1644194275140762,0.1795267909765243,True,True,True,True,True
test|Mona_6_20260624_123930|1485269609000,Mona,Mona_6_20260624_123930,1485269609000,continue,continue,0.273323655128479,0.2501970529556274,0.1300873011350631,0.1644886583089828,0.1819034069776535,True,True,True,True,True
test|Mona_6_20260624_123930|1485602942000,Mona,Mona_6_20260624_123930,1485602942000,continue,continue,0.2725226879119873,0.2507037818431854,0.132837489247322,0.1639862954616546,0.1799497157335281,True,True,True,True,True
test|Mona_6_20260624_123930|1485936276000,Mona,Mona_6_20260624_123930,1485936276000,continue,continue,0.2743952572345733,0.2560150027275085,0.1340786069631576,0.1636932343244552,0.1718178838491439,True,True,True,True,True
test|Mona_6_20260624_123930|1486269609000,Mona,Mona_6_20260624_123930,1486269609000,continue,continue,0.2745933532714844,0.2602294683456421,0.1307476013898849,0.1693861335515976,0.1650433987379074,True,True,True,True,True
test|Mona_6_20260624_123930|1486602942000,Mona,Mona_6_20260624_123930,1486602942000,fetch,fetch,0.2693179249763489,0.260922908782959,0.1331221312284469,0.1778692603111267,0.1587677597999572,True,True,True,True,True
test|Mona_6_20260624_123930|1486936276000,Mona,Mona_6_20260624_123930,1486936276000,fetch,fetch,0.2603005766868591,0.2605983018875122,0.1394282132387161,0.1864145696163177,0.1532583534717559,True,True,True,True,True
test|Mona_6_20260624_123930|1487269609000,Mona,Mona_6_20260624_123930,1487269609000,fetch,fetch,0.2733201384544372,0.2459235042333603,0.143638864159584,0.1890019029378891,0.1481155902147293,True,True,True,True,True
test|Mona_6_20260624_123930|1487602942000,Mona,Mona_6_20260624_123930,1487602942000,fetch,fetch,0.2837266623973846,0.2338226586580276,0.1462092101573944,0.189813494682312,0.1464279294013977,True,True,True,True,True
test|Mona_6_20260624_123930|1487936276000,Mona,Mona_6_20260624_123930,1487936276000,fetch,fetch,0.2760001718997955,0.2319808155298233,0.1493731290102005,0.1874324679374694,0.1552134603261947,True,True,True,True,True
test|Mona_6_20260624_123930|1488269609000,Mona,Mona_6_20260624_123930,1488269609000,fetch,fetch,0.2825698852539062,0.2254174202680587,0.1470331102609634,0.1846663504838943,0.1603132486343383,True,True,True,True,True
test|Mona_6_20260624_123930|1488602942000,Mona,Mona_6_20260624_123930,1488602942000,fetch,fetch,0.2902581691741943,0.2252841889858245,0.1417163610458374,0.1770697087049484,0.1656716465950012,True,True,True,True,True
test|Mona_6_20260624_123930|1488936276000,Mona,Mona_6_20260624_123930,1488936276000,fetch,fetch,0.3001739084720611,0.227769672870636,0.1352619677782058,0.1688392609357834,0.1679551601409912,True,True,True,True,True
test|Mona_6_20260624_123930|1489269609000,Mona,Mona_6_20260624_123930,1489269609000,fetch,fetch,0.2846713364124298,0.2341542094945907,0.1331757456064224,0.17170050740242,0.1762982457876205,True,True,True,True,True
test|Mona_6_20260624_123930|1489602942000,Mona,Mona_6_20260624_123930,1489602942000,fetch,fetch,0.2765280306339264,0.2360922247171402,0.1282902508974075,0.1741518527269363,0.1849376261234283,True,True,True,True,True
test|Mona_6_20260624_123930|1489936276000,Mona,Mona_6_20260624_123930,1489936276000,fetch,fetch,0.2820478677749634,0.2321029603481292,0.1249215006828308,0.1744016408920288,0.1865260899066925,True,True,True,True,True
test|Mona_6_20260624_123930|1490269609000,Mona,Mona_6_20260624_123930,1490269609000,fetch,fetch,0.275378942489624,0.2340040206909179,0.1254106014966964,0.1742301881313324,0.1909763067960739,True,True,True,True,True
test|Mona_6_20260624_123930|1490602942000,Mona,Mona_6_20260624_123930,1490602942000,fetch,fetch,0.2752312421798706,0.2294315546751022,0.1270807534456253,0.1755595952272415,0.1926968842744827,True,True,True,True,True
test|Mona_6_20260624_123930|1490936276000,Mona,Mona_6_20260624_123930,1490936276000,fetch,fetch,0.2769864201545715,0.2221497148275375,0.1285295337438583,0.1772920489311218,0.1950423121452331,True,True,True,True,True
test|Mona_6_20260624_123930|1491269609000,Mona,Mona_6_20260624_123930,1491269609000,fetch,fetch,0.2860226035118103,0.2168759256601333,0.1281343847513198,0.1761263906955719,0.1928407102823257,True,True,True,True,True
test|Mona_6_20260624_123930|1493602942000,Mona,Mona_6_20260624_123930,1493602942000,handover,fetch,0.3052155673503876,0.239030659198761,0.1279688626527786,0.1780426651239395,0.1497422456741333,True,True,True,True,True
test|Mona_6_20260624_123930|1493936276000,Mona,Mona_6_20260624_123930,1493936276000,handover,fetch,0.296220988035202,0.2530049383640289,0.1287450790405273,0.1740739941596985,0.1479549705982208,True,True,True,True,True
test|Mona_6_20260624_123930|1494269609000,Mona,Mona_6_20260624_123930,1494269609000,handover,handover,0.2969268560409546,0.2509850263595581,0.1304511129856109,0.1693050414323806,0.1523319631814956,True,True,True,True,True
test|Mona_6_20260624_123930|1494602942000,Mona,Mona_6_20260624_123930,1494602942000,handover,fetch,0.2903125286102295,0.250405877828598,0.1350745409727096,0.1656174063682556,0.158589631319046,True,True,True,True,True
test|Mona_6_20260624_123930|1494936276000,Mona,Mona_6_20260624_123930,1494936276000,handover,handover,0.2818606495857239,0.2478538751602172,0.1378671824932098,0.1649652123451233,0.1674530804157257,True,True,True,True,True
test|Mona_6_20260624_123930|1495269609000,Mona,Mona_6_20260624_123930,1495269609000,handover,handover,0.277402251958847,0.2409553825855255,0.141974538564682,0.1653573215007782,0.1743104755878448,True,True,True,True,True
test|Mona_6_20260624_123930|1495602942000,Mona,Mona_6_20260624_123930,1495602942000,handover,handover,0.274322897195816,0.2356510758399963,0.1445257514715194,0.1647144705057144,0.1807858496904373,True,True,True,True,True
test|Mona_6_20260624_123930|1495936276000,Mona,Mona_6_20260624_123930,1495936276000,handover,handover,0.2731898725032806,0.2310732901096344,0.1463718116283416,0.1653241515159607,0.184040829539299,True,True,True,True,True
test|Mona_6_20260624_123930|1496269609000,Mona,Mona_6_20260624_123930,1496269609000,handover,handover,0.2667464911937713,0.2355596870183944,0.1475956588983535,0.1675056368112564,0.1825925558805465,True,True,True,True,True
test|Mona_6_20260624_123930|1496602942000,Mona,Mona_6_20260624_123930,1496602942000,handover,handover,0.2644634842872619,0.2392681241035461,0.1462325006723404,0.1694820672273636,0.1805537790060043,True,True,True,True,True
test|Mona_6_20260624_123930|1496936276000,Mona,Mona_6_20260624_123930,1496936276000,handover,handover,0.2639689147472381,0.2440288662910461,0.1474540829658508,0.1690963357686996,0.1754518151283264,True,True,True,True,True
test|Mona_7_20260624_124051|1534836276000,Mona,Mona_7_20260624_124051,1534836276000,continue,handover,0.2536468505859375,0.300724059343338,0.0,0.2336562871932983,0.2119728028774261,True,True,False,True,True
test|Mona_7_20260624_124051|1535169609000,Mona,Mona_7_20260624_124051,1535169609000,continue,continue,0.2600024044513702,0.2972050011157989,0.0,0.2307363748550415,0.2120561897754669,True,True,False,True,True
test|Mona_7_20260624_124051|1535502943000,Mona,Mona_7_20260624_124051,1535502943000,continue,continue,0.2655254304409027,0.2942502498626709,0.0,0.2278560250997543,0.2123682796955108,True,True,False,True,True
test|Mona_7_20260624_124051|1535836276000,Mona,Mona_7_20260624_124051,1535836276000,continue,continue,0.2682746052742004,0.2918361127376556,0.0,0.2254855930805206,0.2144037038087844,True,True,False,True,True
test|Mona_7_20260624_124051|1536169609000,Mona,Mona_7_20260624_124051,1536169609000,continue,continue,0.2654581069946289,0.2868999242782593,0.0,0.2304999381303787,0.2171420454978943,True,True,False,True,True
test|Mona_7_20260624_124051|1536502943000,Mona,Mona_7_20260624_124051,1536502943000,continue,continue,0.2597041726112366,0.2877880036830902,0.0,0.2353363186120987,0.2171715050935745,True,True,False,True,True
test|Mona_7_20260624_124051|1536836276000,Mona,Mona_7_20260624_124051,1536836276000,continue,continue,0.2547639310359955,0.2877640128135681,0.0,0.2411876320838928,0.2162844240665435,True,True,False,True,True
test|Mona_7_20260624_124051|1537169609000,Mona,Mona_7_20260624_124051,1537169609000,continue,continue,0.2493864595890045,0.2868454754352569,0.0,0.2435034960508346,0.2202646136283874,True,True,False,True,True
test|Mona_7_20260624_124051|1537502943000,Mona,Mona_7_20260624_124051,1537502943000,continue,continue,0.2483344376087188,0.2869639992713928,0.0,0.2425978928804397,0.2221036404371261,True,True,False,True,True
test|Mona_7_20260624_124051|1537836276000,Mona,Mona_7_20260624_124051,1537836276000,continue,handover,0.2504912614822387,0.2848600149154663,0.0,0.2395579814910888,0.2250907868146896,True,True,False,True,True
test|Mona_7_20260624_124051|1538169609000,Mona,Mona_7_20260624_124051,1538169609000,continue,handover,0.2549446821212768,0.2880575358867645,0.0,0.2356295138597488,0.2213682532310485,True,True,False,True,True
test|Mona_7_20260624_124051|1538502943000,Mona,Mona_7_20260624_124051,1538502943000,continue,handover,0.2551143765449524,0.2910721004009247,0.0,0.235725998878479,0.2180875241756439,True,True,False,True,True
test|Mona_7_20260624_124051|1538836276000,Mona,Mona_7_20260624_124051,1538836276000,continue,continue,0.2541235685348511,0.3011836409568786,0.0,0.2341791540384292,0.2105136960744857,True,True,False,True,True
test|Mona_7_20260624_124051|1539169609000,Mona,Mona_7_20260624_124051,1539169609000,continue,continue,0.2529714405536651,0.3020771741867065,0.0,0.2339738756418228,0.2109774798154831,True,True,False,True,True
test|Mona_7_20260624_124051|1539502943000,Mona,Mona_7_20260624_124051,1539502943000,continue,handover,0.2540698051452636,0.29562708735466,0.0,0.2380487769842147,0.2122543454170227,True,True,False,True,True
test|Mona_7_20260624_124051|1539836276000,Mona,Mona_7_20260624_124051,1539836276000,continue,handover,0.2539674341678619,0.2914060950279236,0.0,0.2413272261619568,0.2132993191480636,True,True,False,True,True
test|Mona_7_20260624_124051|1540169609000,Mona,Mona_7_20260624_124051,1540169609000,continue,continue,0.2478515207767486,0.2994199991226196,0.0,0.2389741092920303,0.2137543708086013,True,True,False,True,True
test|Mona_7_20260624_124051|1540502943000,Mona,Mona_7_20260624_124051,1540502943000,continue,continue,0.2460838109254837,0.3095080256462097,0.0,0.2316118031740188,0.2127963751554489,True,True,False,True,True
test|Mona_7_20260624_124051|1540836276000,Mona,Mona_7_20260624_124051,1540836276000,continue,continue,0.2467149496078491,0.3126906156539917,0.0,0.2248000055551529,0.2157944440841674,True,True,False,True,True
test|Mona_7_20260624_124051|1541169609000,Mona,Mona_7_20260624_124051,1541169609000,continue,continue,0.2490636706352234,0.3181774914264679,0.0,0.2217970937490463,0.2109616994857788,True,True,False,True,True
test|Mona_7_20260624_124051|1541502943000,Mona,Mona_7_20260624_124051,1541502943000,continue,continue,0.2481885105371475,0.3210449814796448,0.0,0.2199073880910873,0.2108591496944427,True,True,False,True,True
test|Mona_7_20260624_124051|1541836276000,Mona,Mona_7_20260624_124051,1541836276000,continue,continue,0.2520234286785126,0.3170867264270782,0.0,0.2215636521577835,0.2093261778354644,True,True,False,True,True
test|Mona_7_20260624_124051|1542169609000,Mona,Mona_7_20260624_124051,1542169609000,continue,continue,0.2708397507667541,0.2974851429462433,0.0,0.2227060496807098,0.2089690715074539,True,True,False,True,True
test|Mona_7_20260624_124051|1542502943000,Mona,Mona_7_20260624_124051,1542502943000,continue,continue,0.2878663837909698,0.2825871706008911,0.0,0.222140371799469,0.2074061334133148,True,True,False,True,True
test|Mona_7_20260624_124051|1542836276000,Mona,Mona_7_20260624_124051,1542836276000,continue,continue,0.302534818649292,0.2687425315380096,0.0,0.2261155247688293,0.202607125043869,True,True,False,True,True
test|Mona_7_20260624_124051|1543169609000,Mona,Mona_7_20260624_124051,1543169609000,continue,continue,0.3162918984889984,0.2580801248550415,0.0,0.2256632596254348,0.1999646723270416,True,True,False,True,True
test|Mona_7_20260624_124051|1543502943000,Mona,Mona_7_20260624_124051,1543502943000,continue,continue,0.3281587660312652,0.2558498680591583,0.0,0.2220008671283722,0.1939905136823654,True,True,False,True,True
test|Mona_7_20260624_124051|1543836276000,Mona,Mona_7_20260624_124051,1543836276000,continue,continue,0.3316620290279388,0.255615770816803,0.0,0.2190637588500976,0.1936584413051605,True,True,False,True,True
test|Mona_7_20260624_124051|1544169609000,Mona,Mona_7_20260624_124051,1544169609000,continue,continue,0.3296083509922027,0.2560665607452392,0.0,0.215799868106842,0.1985252350568771,True,True,False,True,True
test|Mona_7_20260624_124051|1544502943000,Mona,Mona_7_20260624_124051,1544502943000,continue,continue,0.3294809758663177,0.2590968906879425,0.0,0.2072365432977676,0.2041856497526168,True,True,False,True,True
test|Mona_7_20260624_124051|1544836276000,Mona,Mona_7_20260624_124051,1544836276000,continue,continue,0.3301573991775512,0.2635678946971893,0.0,0.1960743218660354,0.2102004140615463,True,True,False,True,True
test|Mona_7_20260624_124051|1545169609000,Mona,Mona_7_20260624_124051,1545169609000,continue,continue,0.334717333316803,0.2618198096752167,0.0,0.1926058828830719,0.210856944322586,True,True,False,True,True
test|Mona_7_20260624_124051|1545502943000,Mona,Mona_7_20260624_124051,1545502943000,continue,continue,0.3382370769977569,0.2552341818809509,0.0,0.1948435455560684,0.2116851657629013,True,True,False,True,True
test|Mona_7_20260624_124051|1545836276000,Mona,Mona_7_20260624_124051,1545836276000,continue,continue,0.3455452919006347,0.2502929270267486,0.0,0.1993020474910736,0.2048597633838653,True,True,False,True,True
test|Mona_7_20260624_124051|1546169609000,Mona,Mona_7_20260624_124051,1546169609000,continue,continue,0.3525983691215515,0.2486573606729507,0.0,0.200070634484291,0.1986736059188842,True,True,False,True,True
test|Mona_7_20260624_124051|1546502943000,Mona,Mona_7_20260624_124051,1546502943000,continue,continue,0.3576185405254364,0.2427909523248672,0.0,0.2077214866876602,0.1918689608573913,True,True,False,True,True
test|Mona_7_20260624_124051|1546836276000,Mona,Mona_7_20260624_124051,1546836276000,continue,continue,0.3517419993877411,0.2332843095064163,0.0,0.2273092269897461,0.1876644492149353,True,True,False,True,True
test|Mona_7_20260624_124051|1547169609000,Mona,Mona_7_20260624_124051,1547169609000,continue,continue,0.3436968624591827,0.236766517162323,0.0,0.2348833531141281,0.184653177857399,True,True,False,True,True
test|Mona_7_20260624_124051|1547502943000,Mona,Mona_7_20260624_124051,1547502943000,continue,continue,0.3385820090770721,0.2425293922424316,0.0,0.2356722503900528,0.1832163482904434,True,True,False,True,True
test|Mona_7_20260624_124051|1547836276000,Mona,Mona_7_20260624_124051,1547836276000,continue,continue,0.331899493932724,0.2470910996198654,0.0,0.2331196367740631,0.1878897994756698,True,True,False,True,True
test|Mona_7_20260624_124051|1548169609000,Mona,Mona_7_20260624_124051,1548169609000,continue,continue,0.324339896440506,0.255262941122055,0.0,0.2306808978319168,0.1897162795066833,True,True,False,True,True
test|Mona_7_20260624_124051|1548502943000,Mona,Mona_7_20260624_124051,1548502943000,continue,continue,0.3166009485721588,0.2606113851070404,0.0,0.2332445830106735,0.1895430386066436,True,True,False,True,True
test|Mona_7_20260624_124051|1548836276000,Mona,Mona_7_20260624_124051,1548836276000,continue,continue,0.3228008151054382,0.2656329572200775,0.0,0.2194767147302627,0.1920895129442215,True,True,False,True,True
test|Mona_7_20260624_124051|1549169609000,Mona,Mona_7_20260624_124051,1549169609000,continue,continue,0.3240247368812561,0.2659386396408081,0.0,0.2102398574352264,0.1997967213392257,True,True,False,True,True
test|Mona_7_20260624_124051|1549502943000,Mona,Mona_7_20260624_124051,1549502943000,continue,continue,0.3233070373535156,0.2628361582756042,0.0,0.2063054144382476,0.2075513750314712,True,True,False,True,True
test|Mona_7_20260624_124051|1549836276000,Mona,Mona_7_20260624_124051,1549836276000,continue,continue,0.3252027034759521,0.2623029351234436,0.0,0.2022740095853805,0.2102203369140625,True,True,False,True,True
test|Mona_7_20260624_124051|1550169609000,Mona,Mona_7_20260624_124051,1550169609000,continue,continue,0.3251157402992248,0.2646538913249969,0.0,0.2019305229187011,0.2082998007535934,True,True,False,True,True
test|Mona_7_20260624_124051|1550502943000,Mona,Mona_7_20260624_124051,1550502943000,continue,continue,0.3235163986682892,0.2675622701644897,0.0,0.2009657472372055,0.2079556137323379,True,True,False,True,True
test|Mona_7_20260624_124051|1550836276000,Mona,Mona_7_20260624_124051,1550836276000,continue,continue,0.3185203373432159,0.2681958079338074,0.0,0.2053475975990295,0.2079362422227859,True,True,False,True,True
test|Mona_7_20260624_124051|1551169609000,Mona,Mona_7_20260624_124051,1551169609000,continue,continue,0.3143492937088012,0.2697234153747558,0.0,0.2137573808431625,0.2021699249744415,True,True,False,True,True
test|Mona_7_20260624_124051|1551502943000,Mona,Mona_7_20260624_124051,1551502943000,continue,continue,0.3107916116714477,0.2745794653892517,0.0,0.2196408212184906,0.1949881315231323,True,True,False,True,True
test|Mona_7_20260624_124051|1551836276000,Mona,Mona_7_20260624_124051,1551836276000,continue,continue,0.3068969249725342,0.2782975733280182,0.0,0.2244933247566223,0.1903121471405029,True,True,False,True,True
test|Mona_7_20260624_124051|1552169609000,Mona,Mona_7_20260624_124051,1552169609000,continue,continue,0.3046217560768127,0.2760675549507141,0.0,0.2269313484430313,0.1923793852329254,True,True,False,True,True
test|Mona_7_20260624_124051|1552502943000,Mona,Mona_7_20260624_124051,1552502943000,continue,continue,0.3127399384975433,0.2699081599712372,0.0,0.2227608561515808,0.1945910155773162,True,True,False,True,True
test|Mona_7_20260624_124051|1552836276000,Mona,Mona_7_20260624_124051,1552836276000,continue,continue,0.3122191429138183,0.2666457593441009,0.0,0.2263384163379669,0.1947966963052749,True,True,False,True,True
test|Mona_7_20260624_124051|1553169609000,Mona,Mona_7_20260624_124051,1553169609000,continue,continue,0.3105741143226623,0.2705127000808716,0.0,0.2229472398757934,0.1959659457206726,True,True,False,True,True
test|Mona_7_20260624_124051|1553502943000,Mona,Mona_7_20260624_124051,1553502943000,continue,continue,0.3081091940402984,0.2755089700222015,0.0,0.2184112966060638,0.1979705989360809,True,True,False,True,True
test|Mona_7_20260624_124051|1553836276000,Mona,Mona_7_20260624_124051,1553836276000,continue,continue,0.3088253438472748,0.2812105119228363,0.0,0.2120241969823837,0.197939932346344,True,True,False,True,True
test|Mona_7_20260624_124051|1554169609000,Mona,Mona_7_20260624_124051,1554169609000,continue,continue,0.3093186616897583,0.2867568731307983,0.0,0.2075750678777694,0.196349412202835,True,True,False,True,True
test|Mona_7_20260624_124051|1554502943000,Mona,Mona_7_20260624_124051,1554502943000,continue,continue,0.3036520183086395,0.2901756465435028,0.0,0.2092950791120529,0.1968772411346435,True,True,False,True,True
test|Mona_7_20260624_124051|1554836276000,Mona,Mona_7_20260624_124051,1554836276000,continue,continue,0.308423638343811,0.2934464514255523,0.0,0.2001563161611557,0.1979735493659973,True,True,False,True,True
test|Mona_7_20260624_124051|1555169609000,Mona,Mona_7_20260624_124051,1555169609000,continue,continue,0.3098472654819488,0.2935647964477539,0.0,0.1948867291212082,0.2017012238502502,True,True,False,True,True
test|Mona_7_20260624_124051|1555502943000,Mona,Mona_7_20260624_124051,1555502943000,continue,continue,0.3085950314998626,0.2963180541992187,0.0,0.1930082142353058,0.2020786553621292,True,True,False,True,True
test|Mona_7_20260624_124051|1555836276000,Mona,Mona_7_20260624_124051,1555836276000,continue,continue,0.299696147441864,0.296851247549057,0.0,0.1997158527374267,0.2037367522716522,True,True,False,True,True
test|Mona_7_20260624_124051|1556169609000,Mona,Mona_7_20260624_124051,1556169609000,continue,continue,0.2968228757381439,0.2984341084957123,0.0,0.2054269015789032,0.1993161290884018,True,True,False,True,True
test|Mona_7_20260624_124051|1556502943000,Mona,Mona_7_20260624_124051,1556502943000,continue,continue,0.3031483888626098,0.2982523739337921,0.0,0.2033081203699112,0.1952911466360092,True,True,False,True,True
test|Mona_7_20260624_124051|1556836276000,Mona,Mona_7_20260624_124051,1556836276000,continue,continue,0.3009970784187317,0.2995875775814056,0.0,0.2064053118228912,0.1930100172758102,True,True,False,True,True
test|Mona_7_20260624_124051|1557169609000,Mona,Mona_7_20260624_124051,1557169609000,continue,continue,0.3022414743900299,0.2987240850925445,0.0,0.2066201418638229,0.192414328455925,True,True,False,True,True
test|Mona_7_20260624_124051|1557502943000,Mona,Mona_7_20260624_124051,1557502943000,continue,continue,0.3020152151584625,0.2929676473140716,0.0,0.2135638892650604,0.1914532333612442,True,True,False,True,True
test|Mona_7_20260624_124051|1557836276000,Mona,Mona_7_20260624_124051,1557836276000,continue,continue,0.3083686232566833,0.2779522240161896,0.0,0.2229107618331909,0.1907684057950973,True,True,False,True,True
test|Mona_7_20260624_124051|1558169609000,Mona,Mona_7_20260624_124051,1558169609000,continue,continue,0.3129366636276245,0.2705069780349731,0.0,0.2218776196241378,0.1946787238121032,True,True,False,True,True
test|Mona_7_20260624_124051|1558502943000,Mona,Mona_7_20260624_124051,1558502943000,continue,continue,0.3078612983226776,0.2697569727897644,0.0,0.2249501496553421,0.1974315494298935,True,True,False,True,True
test|Mona_7_20260624_124051|1558836276000,Mona,Mona_7_20260624_124051,1558836276000,continue,continue,0.3106986880302429,0.2629051804542541,0.0,0.2253156304359436,0.2010805010795593,True,True,False,True,True
test|Mona_7_20260624_124051|1559169609000,Mona,Mona_7_20260624_124051,1559169609000,continue,continue,0.3142273426055908,0.2559832036495209,0.0,0.2315908223390579,0.1981986761093139,True,True,False,True,True
test|Mona_7_20260624_124051|1559502943000,Mona,Mona_7_20260624_124051,1559502943000,continue,continue,0.3211361467838287,0.251844972372055,0.0,0.2289724797010421,0.1980463862419128,True,True,False,True,True
test|Mona_7_20260624_124051|1559836276000,Mona,Mona_7_20260624_124051,1559836276000,continue,continue,0.3311139047145843,0.2560298144817352,0.0,0.2162721306085586,0.1965841352939605,True,True,False,True,True
test|Mona_7_20260624_124051|1560169609000,Mona,Mona_7_20260624_124051,1560169609000,continue,continue,0.3320797979831695,0.2572952210903168,0.0,0.2133589833974838,0.1972659826278686,True,True,False,True,True
test|Mona_7_20260624_124051|1560502943000,Mona,Mona_7_20260624_124051,1560502943000,continue,continue,0.3324097692966461,0.2545762360095978,0.0,0.2148648202419281,0.1981491446495056,True,True,False,True,True
test|Mona_7_20260624_124051|1560836276000,Mona,Mona_7_20260624_124051,1560836276000,continue,continue,0.3312901854515075,0.2541065216064453,0.0,0.2214075773954391,0.1931956708431244,True,True,False,True,True
test|Mona_7_20260624_124051|1561169609000,Mona,Mona_7_20260624_124051,1561169609000,continue,continue,0.3360171914100647,0.2558286190032959,0.0,0.2164302766323089,0.1917238682508468,True,True,False,True,True
test|Mona_7_20260624_124051|1561502943000,Mona,Mona_7_20260624_124051,1561502943000,continue,continue,0.3430547416210174,0.2530171871185303,0.0,0.2124105244874954,0.1915175914764404,True,True,False,True,True
test|Mona_7_20260624_124051|1561836276000,Mona,Mona_7_20260624_124051,1561836276000,continue,continue,0.3482669293880462,0.245651438832283,0.0,0.2125228941440582,0.1935587078332901,True,True,False,True,True
test|Mona_7_20260624_124051|1562169609000,Mona,Mona_7_20260624_124051,1562169609000,continue,continue,0.3554376661777496,0.240114614367485,0.0,0.2120247036218643,0.1924229711294174,True,True,False,True,True
test|Mona_7_20260624_124051|1562502943000,Mona,Mona_7_20260624_124051,1562502943000,continue,continue,0.3600983321666717,0.2393836379051208,0.0,0.2100254744291305,0.1904925405979156,True,True,False,True,True
test|Mona_7_20260624_124051|1562836276000,Mona,Mona_7_20260624_124051,1562836276000,continue,continue,0.3598321676254272,0.2435065060853958,0.0,0.2025593817234039,0.194101944565773,True,True,False,True,True
test|Mona_7_20260624_124051|1563169609000,Mona,Mona_7_20260624_124051,1563169609000,continue,continue,0.3500577509403229,0.2494799196720123,0.0,0.2034345716238021,0.1970277726650238,True,True,False,True,True
test|Mona_7_20260624_124051|1563502943000,Mona,Mona_7_20260624_124051,1563502943000,continue,continue,0.3394628763198852,0.2559363543987274,0.0,0.2027426064014434,0.2018581181764602,True,True,False,True,True
test|Mona_7_20260624_124051|1563836276000,Mona,Mona_7_20260624_124051,1563836276000,continue,continue,0.3305833339691162,0.2606437504291534,0.0,0.2021493762731552,0.2066235393285751,True,True,False,True,True
test|Mona_7_20260624_124051|1564169609000,Mona,Mona_7_20260624_124051,1564169609000,continue,continue,0.3205958902835846,0.2671940326690674,0.0,0.198791965842247,0.2134181261062622,True,True,False,True,True
test|Mona_7_20260624_124051|1564502943000,Mona,Mona_7_20260624_124051,1564502943000,continue,continue,0.2733593583106994,0.2381697297096252,0.1242088079452514,0.1725509017705917,0.1917112618684768,True,True,True,True,True
test|Mona_7_20260624_124051|1564836276000,Mona,Mona_7_20260624_124051,1564836276000,continue,continue,0.2682609260082245,0.2314434498548507,0.1358163207769394,0.1715727597475052,0.1929065138101577,True,True,True,True,True
test|Mona_7_20260624_124051|1565169609000,Mona,Mona_7_20260624_124051,1565169609000,continue,continue,0.2697494924068451,0.2225499749183654,0.1334338784217834,0.1755717396736145,0.1986949443817138,True,True,True,True,True
test|Mona_7_20260624_124051|1565502943000,Mona,Mona_7_20260624_124051,1565502943000,continue,continue,0.2747755050659179,0.2177855372428894,0.1341211497783661,0.177936166524887,0.1953816413879394,True,True,True,True,True
test|Mona_7_20260624_124051|1565836276000,Mona,Mona_7_20260624_124051,1565836276000,continue,continue,0.2771641314029693,0.2242854237556457,0.1347618848085403,0.1782425940036773,0.1855459958314895,True,True,True,True,True
test|Mona_7_20260624_124051|1566169609000,Mona,Mona_7_20260624_124051,1566169609000,fetch,continue,0.281659722328186,0.2295430898666381,0.1356308907270431,0.1797637492418289,0.1734025776386261,True,True,True,True,True
test|Mona_7_20260624_124051|1566502943000,Mona,Mona_7_20260624_124051,1566502943000,fetch,continue,0.2898468673229217,0.2313606292009353,0.1388328820466995,0.1782503277063369,0.1617092937231063,True,True,True,True,True
test|Mona_7_20260624_124051|1566836276000,Mona,Mona_7_20260624_124051,1566836276000,fetch,continue,0.3037928640842438,0.2365711480379104,0.1276003271341323,0.181032046675682,0.1510036587715149,True,True,True,True,True
test|Mona_7_20260624_124051|1567169609000,Mona,Mona_7_20260624_124051,1567169609000,fetch,continue,0.3067594468593597,0.2420975118875503,0.130350112915039,0.1815149039030075,0.1392779946327209,True,True,True,True,True
test|Mona_7_20260624_124051|1567502943000,Mona,Mona_7_20260624_124051,1567502943000,fetch,continue,0.2893224060535431,0.2543464601039886,0.1343754529953003,0.1834353357553482,0.1385203450918197,True,True,True,True,True
test|Mona_7_20260624_124051|1567836276000,Mona,Mona_7_20260624_124051,1567836276000,fetch,fetch,0.2741986215114593,0.257053792476654,0.1354112476110458,0.1883582919836044,0.1449780017137527,True,True,True,True,True
test|Mona_7_20260624_124051|1568169609000,Mona,Mona_7_20260624_124051,1568169609000,fetch,fetch,0.2570059597492218,0.2620605230331421,0.1361311823129654,0.1914756298065185,0.1533267050981521,True,True,True,True,True
test|Mona_7_20260624_124051|1568502943000,Mona,Mona_7_20260624_124051,1568502943000,fetch,fetch,0.2370802015066146,0.2701339423656463,0.136426568031311,0.1939597576856613,0.1623994708061218,True,True,True,True,True
test|Mona_7_20260624_124051|1568836276000,Mona,Mona_7_20260624_124051,1568836276000,fetch,fetch,0.2210539430379867,0.2782468199729919,0.1359159797430038,0.1941759139299392,0.1706073433160781,True,True,True,True,True
test|Mona_7_20260624_124051|1569169609000,Mona,Mona_7_20260624_124051,1569169609000,fetch,fetch,0.2108127921819687,0.2817678153514862,0.1357745081186294,0.1931589990854263,0.1784859299659729,True,True,True,True,True
test|Mona_7_20260624_124051|1569502943000,Mona,Mona_7_20260624_124051,1569502943000,fetch,fetch,0.210436999797821,0.2768544852733612,0.1350658386945724,0.1934206932783126,0.1842219680547714,True,True,True,True,True
test|Mona_7_20260624_124051|1569836276000,Mona,Mona_7_20260624_124051,1569836276000,fetch,fetch,0.2118048220872879,0.2758241593837738,0.1339194625616073,0.1917672604322433,0.1866843104362487,True,True,True,True,True
test|Mona_7_20260624_124051|1570169609000,Mona,Mona_7_20260624_124051,1570169609000,fetch,fetch,0.2132113426923751,0.275532603263855,0.1328710615634918,0.1909811645746231,0.1874038130044937,True,True,True,True,True
test|Mona_7_20260624_124051|1570502943000,Mona,Mona_7_20260624_124051,1570502943000,fetch,fetch,0.2146528214216232,0.27455535531044,0.1318225115537643,0.1899508982896804,0.1890184134244918,True,True,True,True,True
test|Mona_7_20260624_124051|1570836276000,Mona,Mona_7_20260624_124051,1570836276000,fetch,fetch,0.222074955701828,0.2715625464916229,0.130599558353424,0.1876682639122009,0.1880947202444076,True,True,True,True,True
test|Mona_7_20260624_124051|1571169609000,Mona,Mona_7_20260624_124051,1571169609000,fetch,fetch,0.2306030839681625,0.2690974175930023,0.12947778403759,0.1856876611709594,0.1851340383291244,True,True,True,True,True
test|Mona_7_20260624_124051|1571502943000,Mona,Mona_7_20260624_124051,1571502943000,fetch,fetch,0.2449584901332855,0.2670989334583282,0.128956064581871,0.1828153282403946,0.1761711537837982,True,True,True,True,True
test|Mona_7_20260624_124051|1571836276000,Mona,Mona_7_20260624_124051,1571836276000,fetch,fetch,0.2623558640480041,0.2607278227806091,0.1300213038921356,0.1830064207315445,0.163888618350029,True,True,True,True,True
test|Mona_7_20260624_124051|1573836276000,Mona,Mona_7_20260624_124051,1573836276000,handover,handover,0.3017008602619171,0.2240269780158996,0.1479182094335556,0.1747883111238479,0.1515656411647796,True,True,True,True,True
test|Mona_7_20260624_124051|1574169609000,Mona,Mona_7_20260624_124051,1574169609000,handover,handover,0.2974420487880707,0.2230864614248275,0.1529148668050766,0.1735951006412506,0.1529614776372909,True,True,True,True,True
test|Mona_7_20260624_124051|1574502943000,Mona,Mona_7_20260624_124051,1574502943000,handover,handover,0.2932141721248626,0.2240408957004547,0.1577250957489013,0.1730816513299942,0.1519381999969482,True,True,True,True,True
test|Mona_7_20260624_124051|1574836276000,Mona,Mona_7_20260624_124051,1574836276000,handover,handover,0.2898720204830169,0.2239451706409454,0.1613747477531433,0.1743897795677185,0.1504182815551757,True,True,True,True,True
test|Mona_7_20260624_124051|1575169609000,Mona,Mona_7_20260624_124051,1575169609000,handover,handover,0.2883772552013397,0.2279900759458542,0.1597474515438079,0.1752318441867828,0.1486534178256988,True,True,True,True,True
test|Mona_7_20260624_124051|1575502943000,Mona,Mona_7_20260624_124051,1575502943000,handover,handover,0.2909208238124847,0.2323878854513168,0.1595340222120285,0.1765044778585434,0.1406527459621429,True,True,True,True,True
test|Mona_7_20260624_124051|1575836276000,Mona,Mona_7_20260624_124051,1575836276000,handover,handover,0.2935114204883575,0.2336644679307937,0.1582986563444137,0.1793904602527618,0.1351350247859954,True,True,True,True,True
test|Mona_7_20260624_124051|1576169609000,Mona,Mona_7_20260624_124051,1576169609000,handover,handover,0.294190764427185,0.2335660606622696,0.1565306484699249,0.1806973963975906,0.1350151002407074,True,True,True,True,True
test|Mona_7_20260624_124051|1576502943000,Mona,Mona_7_20260624_124051,1576502943000,handover,handover,0.2941816747188568,0.2329623401165008,0.1546397358179092,0.1813434064388275,0.1368728727102279,True,True,True,True,True
test|Mona_7_20260624_124051|1576836276000,Mona,Mona_7_20260624_124051,1576836276000,handover,handover,0.2945597767829895,0.2330919802188873,0.1528564393520355,0.1819219887256622,0.1375698298215866,True,True,True,True,True
test|Mona_7_20260624_124051|1577169609000,Mona,Mona_7_20260624_124051,1577169609000,handover,handover,0.2945908010005951,0.2333240211009979,0.1525072604417801,0.1826651692390442,0.1369127780199051,True,True,True,True,True
test|Mona_8_20260624_124414|1738302942000,Mona,Mona_8_20260624_124414,1738302942000,continue,continue,0.2732030749320984,0.2226449996232986,0.1569551080465316,0.19141386449337,0.1557829231023788,True,True,True,True,True
test|Mona_8_20260624_124414|1738636275000,Mona,Mona_8_20260624_124414,1738636275000,continue,continue,0.2794937193393707,0.2212752103805542,0.1549312770366668,0.1877654790878296,0.1565343141555786,True,True,True,True,True
test|Mona_8_20260624_124414|1738969609000,Mona,Mona_8_20260624_124414,1738969609000,continue,continue,0.2779579162597656,0.2211355865001678,0.153970718383789,0.1848063468933105,0.1621294319629669,True,True,True,True,True
test|Mona_8_20260624_124414|1739302942000,Mona,Mona_8_20260624_124414,1739302942000,continue,continue,0.2737937569618225,0.2173003852367401,0.1516113430261612,0.1901166290044784,0.1671779602766037,True,True,True,True,True
test|Mona_8_20260624_124414|1739636275000,Mona,Mona_8_20260624_124414,1739636275000,continue,continue,0.2680827379226684,0.2162269800901413,0.1537680327892303,0.1916685104370117,0.1702537387609481,True,True,True,True,True
test|Mona_8_20260624_124414|1739969609000,Mona,Mona_8_20260624_124414,1739969609000,continue,continue,0.2658935785293579,0.214726984500885,0.1561353802680969,0.1918672770261764,0.1713768392801284,True,True,True,True,True
test|Mona_8_20260624_124414|1740302942000,Mona,Mona_8_20260624_124414,1740302942000,continue,continue,0.2626149654388428,0.2116888910531997,0.1574224382638931,0.1944658458232879,0.1738078445196151,True,True,True,True,True
test|Mona_8_20260624_124414|1740636275000,Mona,Mona_8_20260624_124414,1740636275000,continue,continue,0.258902758359909,0.2088730633258819,0.1575605124235153,0.197652667760849,0.1770110130310058,True,True,True,True,True
test|Mona_8_20260624_124414|1740969609000,Mona,Mona_8_20260624_124414,1740969609000,continue,continue,0.2575473189353943,0.2079632729291916,0.1567978262901306,0.2012420892715454,0.1764495223760604,True,True,True,True,True
test|Mona_8_20260624_124414|1741302942000,Mona,Mona_8_20260624_124414,1741302942000,continue,continue,0.2664783298969269,0.2074684649705886,0.1565400809049606,0.1965221315622329,0.172991007566452,True,True,True,True,True
test|Mona_8_20260624_124414|1741636275000,Mona,Mona_8_20260624_124414,1741636275000,continue,continue,0.2758532166481018,0.2040883153676986,0.15594482421875,0.1962420791387558,0.1678715795278549,True,True,True,True,True
test|Mona_8_20260624_124414|1741969609000,Mona,Mona_8_20260624_124414,1741969609000,continue,continue,0.2782301902770996,0.202170193195343,0.1534573882818222,0.2005676925182342,0.1655745655298233,True,True,True,True,True
test|Mona_8_20260624_124414|1742302942000,Mona,Mona_8_20260624_124414,1742302942000,continue,continue,0.2799639105796814,0.2028884589672088,0.1512235552072525,0.2034217715263366,0.1625023037195205,True,True,True,True,True
test|Mona_8_20260624_124414|1742636275000,Mona,Mona_8_20260624_124414,1742636275000,continue,continue,0.2840921282768249,0.2049007713794708,0.1531358361244201,0.2000705301761627,0.1578007191419601,True,True,True,True,True
test|Mona_8_20260624_124414|1742969609000,Mona,Mona_8_20260624_124414,1742969609000,continue,continue,0.2825264632701874,0.2078527510166168,0.1557328701019287,0.1973297595977783,0.1565581411123275,True,True,True,True,True
test|Mona_8_20260624_124414|1743302942000,Mona,Mona_8_20260624_124414,1743302942000,continue,continue,0.2810469567775726,0.2112262398004531,0.1569992899894714,0.1947963535785675,0.1559311598539352,True,True,True,True,True
test|Mona_8_20260624_124414|1743636275000,Mona,Mona_8_20260624_124414,1743636275000,continue,continue,0.2734822332859039,0.2156560271978378,0.1564761847257614,0.1947683840990066,0.1596171557903289,True,True,True,True,True
test|Mona_8_20260624_124414|1743969609000,Mona,Mona_8_20260624_124414,1743969609000,continue,continue,0.2805241644382477,0.2227662056684494,0.1542134135961532,0.1860240995883941,0.1564721912145614,True,True,True,True,True
test|Mona_8_20260624_124414|1744302942000,Mona,Mona_8_20260624_124414,1744302942000,continue,continue,0.2826800346374511,0.2297043055295944,0.1521437764167785,0.1788409203290939,0.1566310077905655,True,True,True,True,True
test|Mona_8_20260624_124414|1744636275000,Mona,Mona_8_20260624_124414,1744636275000,continue,continue,0.2806138396263122,0.2360959649085998,0.1476101726293563,0.1774569302797317,0.1582230925559997,True,True,True,True,True
test|Mona_8_20260624_124414|1744969609000,Mona,Mona_8_20260624_124414,1744969609000,continue,continue,0.2815020084381103,0.2407936751842498,0.1435930728912353,0.1773518323898315,0.1567593961954116,True,True,True,True,True
test|Mona_8_20260624_124414|1745302942000,Mona,Mona_8_20260624_124414,1745302942000,continue,continue,0.2781252861022949,0.2479533851146698,0.1397548764944076,0.17709980905056,0.1570665836334228,True,True,True,True,True
test|Mona_8_20260624_124414|1745636275000,Mona,Mona_8_20260624_124414,1745636275000,continue,continue,0.2760539054870605,0.2498143166303634,0.1392236500978469,0.1790024489164352,0.1559056788682937,True,True,True,True,True
test|Mona_8_20260624_124414|1745969609000,Mona,Mona_8_20260624_124414,1745969609000,continue,continue,0.2654792964458465,0.244097888469696,0.1430603563785553,0.1882024854421615,0.1591599732637405,True,True,True,True,True
test|Mona_8_20260624_124414|1746302942000,Mona,Mona_8_20260624_124414,1746302942000,continue,continue,0.259643018245697,0.2376374453306198,0.1481860131025314,0.192881092429161,0.1616524308919906,True,True,True,True,True
test|Mona_8_20260624_124414|1746636275000,Mona,Mona_8_20260624_124414,1746636275000,continue,continue,0.2578874826431274,0.2333075106143951,0.1512337625026703,0.1920380145311355,0.1655332297086715,True,True,True,True,True
test|Mona_8_20260624_124414|1746969609000,Mona,Mona_8_20260624_124414,1746969609000,continue,continue,0.2557535171508789,0.2290845513343811,0.1543315649032592,0.1922909021377563,0.1685394644737243,True,True,True,True,True
test|Mona_8_20260624_124414|1747302942000,Mona,Mona_8_20260624_124414,1747302942000,continue,continue,0.2553226351737976,0.2229712754487991,0.1594316512346267,0.1945275515317917,0.1677468568086624,True,True,True,True,True
test|Mona_8_20260624_124414|1747636275000,Mona,Mona_8_20260624_124414,1747636275000,continue,continue,0.2576386034488678,0.2217195928096771,0.1622175276279449,0.1927726566791534,0.1656515747308731,True,True,True,True,True
test|Mona_8_20260624_124414|1747969609000,Mona,Mona_8_20260624_124414,1747969609000,continue,continue,0.2598260939121246,0.2245164513587951,0.1617910414934158,0.1847569048404693,0.1691094785928726,True,True,True,True,True
test|Mona_8_20260624_124414|1748302942000,Mona,Mona_8_20260624_124414,1748302942000,continue,continue,0.2645282447338104,0.2248787879943847,0.1593097150325775,0.1824252158403396,0.1688580214977264,True,True,True,True,True
test|Mona_8_20260624_124414|1748636275000,Mona,Mona_8_20260624_124414,1748636275000,continue,continue,0.2630941271781921,0.227139338850975,0.1610844284296035,0.1847239434719085,0.1639581769704818,True,True,True,True,True
test|Mona_8_20260624_124414|1748969609000,Mona,Mona_8_20260624_124414,1748969609000,continue,continue,0.2640362083911896,0.2305646240711212,0.1629845201969146,0.180324301123619,0.1620903611183166,True,True,True,True,True
test|Mona_8_20260624_124414|1749302942000,Mona,Mona_8_20260624_124414,1749302942000,continue,continue,0.2653983533382416,0.2366953194141388,0.1596090793609619,0.1687324792146682,0.1695647537708282,True,True,True,True,True
test|Mona_8_20260624_124414|1749636275000,Mona,Mona_8_20260624_124414,1749636275000,continue,continue,0.2687834799289703,0.2385246306657791,0.1550589352846145,0.1641246378421783,0.1735082417726516,True,True,True,True,True
test|Mona_8_20260624_124414|1749969609000,Mona,Mona_8_20260624_124414,1749969609000,continue,continue,0.2732457220554352,0.2396647334098816,0.1519355624914169,0.1658777594566345,0.1692761778831482,True,True,True,True,True
test|Mona_8_20260624_124414|1750302942000,Mona,Mona_8_20260624_124414,1750302942000,continue,continue,0.2720054090023041,0.243409588932991,0.1504212468862533,0.1684949994087219,0.165668785572052,True,True,True,True,True
test|Mona_8_20260624_124414|1750636275000,Mona,Mona_8_20260624_124414,1750636275000,continue,continue,0.2719132304191589,0.2442819029092788,0.1487658470869064,0.1678605526685714,0.1671784371137619,True,True,True,True,True
test|Mona_8_20260624_124414|1750969609000,Mona,Mona_8_20260624_124414,1750969609000,continue,continue,0.2738356590270996,0.2417569458484649,0.1468487679958343,0.1736807525157928,0.1638778746128082,True,True,True,True,True
test|Mona_8_20260624_124414|1751302942000,Mona,Mona_8_20260624_124414,1751302942000,continue,continue,0.2721529603004455,0.2340622097253799,0.1480937451124191,0.1870491802692413,0.1586418747901916,True,True,True,True,True
test|Mona_8_20260624_124414|1751636275000,Mona,Mona_8_20260624_124414,1751636275000,continue,continue,0.2702103853225708,0.2340904325246811,0.1484245657920837,0.1913750916719436,0.1558994948863983,True,True,True,True,True
test|Mona_8_20260624_124414|1751969609000,Mona,Mona_8_20260624_124414,1751969609000,continue,continue,0.2693418264389038,0.2366514950990677,0.1500634849071502,0.1871701925992965,0.1567730456590652,True,True,True,True,True
test|Mona_8_20260624_124414|1752302942000,Mona,Mona_8_20260624_124414,1752302942000,continue,continue,0.2657280564308166,0.2357333898544311,0.1502839773893356,0.1852082908153534,0.1630463004112243,True,True,True,True,True
test|Mona_8_20260624_124414|1752636275000,Mona,Mona_8_20260624_124414,1752636275000,continue,continue,0.2642585635185241,0.2354345619678497,0.1520691215991974,0.1854865998029709,0.1627511829137802,True,True,True,True,True
test|Mona_8_20260624_124414|1752969609000,Mona,Mona_8_20260624_124414,1752969609000,continue,continue,0.2633311748504638,0.2307950109243393,0.1543071866035461,0.185030460357666,0.1665361523628235,True,True,True,True,True
test|Mona_8_20260624_124414|1753302942000,Mona,Mona_8_20260624_124414,1753302942000,continue,continue,0.266910970211029,0.2289560288190841,0.1568782925605774,0.1806084066629409,0.1666462868452072,True,True,True,True,True
test|Mona_8_20260624_124414|1753636275000,Mona,Mona_8_20260624_124414,1753636275000,continue,continue,0.2678181529045105,0.2253399342298507,0.1568619608879089,0.1821226477622985,0.1678573489189148,True,True,True,True,True
test|Mona_8_20260624_124414|1753969609000,Mona,Mona_8_20260624_124414,1753969609000,continue,continue,0.2650637030601501,0.2249433249235153,0.1537121087312698,0.1835795491933822,0.1727012991905212,True,True,True,True,True
test|Mona_8_20260624_124414|1754302942000,Mona,Mona_8_20260624_124414,1754302942000,continue,continue,0.2625685334205627,0.2317337393760681,0.1520939916372299,0.1815126538276672,0.1720911115407943,True,True,True,True,True
test|Mona_8_20260624_124414|1754636275000,Mona,Mona_8_20260624_124414,1754636275000,continue,continue,0.2607740759849548,0.2308927476406097,0.1484082043170929,0.1827771663665771,0.1771477609872818,True,True,True,True,True
test|Mona_8_20260624_124414|1754969609000,Mona,Mona_8_20260624_124414,1754969609000,continue,continue,0.2596904635429382,0.2297286987304687,0.1467712968587875,0.1835249662399292,0.1802845448255539,True,True,True,True,True
test|Mona_8_20260624_124414|1755302942000,Mona,Mona_8_20260624_124414,1755302942000,continue,continue,0.258511483669281,0.2280213236808776,0.1450954526662826,0.1841804832220077,0.1841913014650344,True,True,True,True,True
test|Mona_8_20260624_124414|1755636275000,Mona,Mona_8_20260624_124414,1755636275000,continue,continue,0.2561537623405456,0.2263870239257812,0.1463814377784729,0.1844760328531265,0.1866017282009124,True,True,True,True,True
test|Mona_8_20260624_124414|1755969609000,Mona,Mona_8_20260624_124414,1755969609000,continue,continue,0.2577282786369324,0.2223277390003204,0.1479039043188095,0.1861253678798675,0.1859147101640701,True,True,True,True,True
test|Mona_8_20260624_124414|1756302942000,Mona,Mona_8_20260624_124414,1756302942000,continue,continue,0.2637441158294678,0.2110448330640792,0.1495778411626815,0.1909929662942886,0.1846402287483215,True,True,True,True,True
test|Mona_8_20260624_124414|1756636275000,Mona,Mona_8_20260624_124414,1756636275000,continue,continue,0.2733599543571472,0.2050872296094894,0.1494388729333877,0.1919547766447067,0.1801591664552688,True,True,True,True,True
test|Mona_8_20260624_124414|1756969609000,Mona,Mona_8_20260624_124414,1756969609000,continue,continue,0.2812585234642029,0.2043704539537429,0.149525448679924,0.1880633234977722,0.1767822355031967,True,True,True,True,True
test|Mona_8_20260624_124414|1757302942000,Mona,Mona_8_20260624_124414,1757302942000,continue,continue,0.2850300371646881,0.2063470482826233,0.1497530490159988,0.1860677748918533,0.1728021502494812,True,True,True,True,True
test|Mona_8_20260624_124414|1757636275000,Mona,Mona_8_20260624_124414,1757636275000,continue,continue,0.286106139421463,0.2121842056512832,0.1487145274877548,0.184674859046936,0.1683203130960464,True,True,True,True,True
test|Mona_8_20260624_124414|1757969609000,Mona,Mona_8_20260624_124414,1757969609000,continue,continue,0.2883417904376983,0.2200848013162613,0.1479544937610626,0.1795499324798584,0.1640689820051193,True,True,True,True,True
test|Mona_8_20260624_124414|1758302942000,Mona,Mona_8_20260624_124414,1758302942000,continue,continue,0.2898130416870117,0.2318711131811142,0.1439975351095199,0.1726380139589309,0.1616802811622619,True,True,True,True,True
test|Mona_8_20260624_124414|1758636275000,Mona,Mona_8_20260624_124414,1758636275000,continue,continue,0.2900547683238983,0.245283618569374,0.1402201950550079,0.1671880334615707,0.1572533696889877,True,True,True,True,True
test|Mona_8_20260624_124414|1758969609000,Mona,Mona_8_20260624_124414,1758969609000,continue,continue,0.2864239513874054,0.2510810196399688,0.1373064965009689,0.1697763502597808,0.1554122120141983,True,True,True,True,True
test|Mona_8_20260624_124414|1759302942000,Mona,Mona_8_20260624_124414,1759302942000,continue,continue,0.285686731338501,0.2549091577529907,0.1349463164806366,0.1712043136358261,0.1532534807920456,True,True,True,True,True
test|Mona_8_20260624_124414|1759636275000,Mona,Mona_8_20260624_124414,1759636275000,continue,continue,0.2881355881690979,0.2548152804374695,0.1329729557037353,0.17046420276165,0.1536119878292083,True,True,True,True,True
test|Mona_8_20260624_124414|1759969609000,Mona,Mona_8_20260624_124414,1759969609000,continue,continue,0.2810823619365692,0.2533174157142639,0.1309414207935333,0.1779662072658538,0.1566925644874572,True,True,True,True,True
test|Mona_8_20260624_124414|1760302942000,Mona,Mona_8_20260624_124414,1760302942000,continue,continue,0.2763539850711822,0.2476233541965484,0.1312779933214187,0.1872299909591674,0.1575147211551666,True,True,True,True,True
test|Mona_8_20260624_124414|1760636275000,Mona,Mona_8_20260624_124414,1760636275000,continue,continue,0.2735393047332763,0.2375812977552414,0.1342247724533081,0.1930701285600662,0.1615845561027526,True,True,True,True,True
test|Mona_8_20260624_124414|1760969609000,Mona,Mona_8_20260624_124414,1760969609000,continue,continue,0.2728781402111053,0.2372423112392425,0.1360164582729339,0.1917470544576645,0.162116065621376,True,True,True,True,True
test|Mona_8_20260624_124414|1761302942000,Mona,Mona_8_20260624_124414,1761302942000,continue,continue,0.2705729305744171,0.2371526956558227,0.1360675394535064,0.1914182156324386,0.1647885888814926,True,True,True,True,True
test|Mona_8_20260624_124414|1761636275000,Mona,Mona_8_20260624_124414,1761636275000,continue,continue,0.2667945623397827,0.2424047440290451,0.1361429840326309,0.1905487328767776,0.1641090214252472,True,True,True,True,True
test|Mona_8_20260624_124414|1761969609000,Mona,Mona_8_20260624_124414,1761969609000,continue,continue,0.2729518413543701,0.2405013889074325,0.1356171369552612,0.1860882490873336,0.1648413836956024,True,True,True,True,True
test|Mona_8_20260624_124414|1762302942000,Mona,Mona_8_20260624_124414,1762302942000,continue,continue,0.2827641069889068,0.235194593667984,0.1359096765518188,0.1806379407644271,0.1654936671257019,True,True,True,True,True
test|Mona_8_20260624_124414|1762636275000,Mona,Mona_8_20260624_124414,1762636275000,continue,continue,0.2886206805706024,0.2316822558641433,0.1355189234018325,0.1786617934703827,0.1655163317918777,True,True,True,True,True
test|Mona_8_20260624_124414|1762969609000,Mona,Mona_8_20260624_124414,1762969609000,continue,continue,0.2899316549301147,0.2267452776432037,0.136254608631134,0.1803744733333587,0.1666940003633499,True,True,True,True,True
test|Mona_8_20260624_124414|1763302942000,Mona,Mona_8_20260624_124414,1763302942000,continue,continue,0.2930821478366852,0.2221191972494125,0.136696383357048,0.1825996041297912,0.1655026525259018,True,True,True,True,True
test|Mona_8_20260624_124414|1763636275000,Mona,Mona_8_20260624_124414,1763636275000,continue,continue,0.2996150553226471,0.2141117453575134,0.1373836696147918,0.1836104542016983,0.1652791053056717,True,True,True,True,True
test|Mona_8_20260624_124414|1763969609000,Mona,Mona_8_20260624_124414,1763969609000,continue,continue,0.3050227165222168,0.2094222158193588,0.1377288550138473,0.1856587678194046,0.1621674746274948,True,True,True,True,True
test|Mona_8_20260624_124414|1764302942000,Mona,Mona_8_20260624_124414,1764302942000,continue,continue,0.2970878481864929,0.2120095491409301,0.1379859149456024,0.1922034919261932,0.1607131958007812,True,True,True,True,True
test|Mona_8_20260624_124414|1764636275000,Mona,Mona_8_20260624_124414,1764636275000,continue,continue,0.2878739535808563,0.2168213874101638,0.1394164115190506,0.1981043368577957,0.1577839404344558,True,True,True,True,True
test|Mona_8_20260624_124414|1764969609000,Mona,Mona_8_20260624_124414,1764969609000,continue,continue,0.2841847240924835,0.2166154384613037,0.1404847949743271,0.1989664286375045,0.1597485840320587,True,True,True,True,True
test|Mona_8_20260624_124414|1765302942000,Mona,Mona_8_20260624_124414,1765302942000,continue,continue,0.2838878929615021,0.2156656086444854,0.1425238698720932,0.1997420191764831,0.1581805944442749,True,True,True,True,True
test|Mona_8_20260624_124414|1765636275000,Mona,Mona_8_20260624_124414,1765636275000,continue,continue,0.2766558527946472,0.21265809237957,0.145663633942604,0.2070314288139343,0.1579909771680832,True,True,True,True,True
test|Mona_8_20260624_124414|1765969609000,Mona,Mona_8_20260624_124414,1765969609000,continue,continue,0.2771555185317993,0.2118659764528274,0.1465397179126739,0.203997790813446,0.1604410111904144,True,True,True,True,True
test|Mona_8_20260624_124414|1766302942000,Mona,Mona_8_20260624_124414,1766302942000,continue,continue,0.2856975495815277,0.2085628360509872,0.1469444930553436,0.196759432554245,0.1620357185602188,True,True,True,True,True
test|Mona_8_20260624_124414|1766636275000,Mona,Mona_8_20260624_124414,1766636275000,continue,continue,0.2955736517906189,0.2035978287458419,0.1465832889080047,0.190945878624916,0.1632993519306183,True,True,True,True,True
test|Mona_8_20260624_124414|1766969609000,Mona,Mona_8_20260624_124414,1766969609000,continue,continue,0.3004491329193115,0.2042354345321655,0.1471244692802429,0.1894130706787109,0.1587779521942138,True,True,True,True,True
test|Mona_8_20260624_124414|1767302942000,Mona,Mona_8_20260624_124414,1767302942000,continue,continue,0.2888609766960144,0.2085586190223693,0.1509808450937271,0.1874037384986877,0.1641957908868789,True,True,True,True,True
test|Mona_8_20260624_124414|1767636275000,Mona,Mona_8_20260624_124414,1767636275000,continue,continue,0.2899770438671112,0.2148619443178177,0.1513530015945434,0.1785287111997604,0.1652792096138,True,True,True,True,True
test|Mona_8_20260624_124414|1767969609000,Mona,Mona_8_20260624_124414,1767969609000,continue,continue,0.2783544659614563,0.2216471880674362,0.1554919183254242,0.1798640787601471,0.1646423935890197,True,True,True,True,True
test|Mona_8_20260624_124414|1768302942000,Mona,Mona_8_20260624_124414,1768302942000,continue,fetch,0.2622565031051636,0.2262653261423111,0.1595028638839721,0.1891845017671585,0.1627907752990722,True,True,True,True,True
test|Mona_8_20260624_124414|1768636275000,Mona,Mona_8_20260624_124414,1768636275000,continue,fetch,0.2410887479782104,0.2311370968818664,0.1630774736404419,0.1985730975866317,0.1661235243082046,True,True,True,True,True
test|Mona_8_20260624_124414|1768969609000,Mona,Mona_8_20260624_124414,1768969609000,continue,handover,0.2132850140333175,0.2376403659582138,0.1685734242200851,0.2057704031467437,0.1747308522462844,True,True,True,True,True
test|Mona_8_20260624_124414|1769302942000,Mona,Mona_8_20260624_124414,1769302942000,continue,fetch,0.2053174972534179,0.2405405938625335,0.1683177947998047,0.2074642777442932,0.1783598214387893,True,True,True,True,True
test|Mona_8_20260624_124414|1769636275000,Mona,Mona_8_20260624_124414,1769636275000,continue,fetch,0.2034148275852203,0.2426534742116928,0.1648138463497162,0.2088048458099365,0.1803130507469177,True,True,True,True,True
test|Mona_8_20260624_124414|1769969609000,Mona,Mona_8_20260624_124414,1769969609000,continue,continue,0.2022742480039596,0.2455765753984451,0.1619587242603302,0.2068481743335724,0.1833423376083374,True,True,True,True,True
test|Mona_8_20260624_124414|1770302942000,Mona,Mona_8_20260624_124414,1770302942000,continue,continue,0.0,0.3129149973392486,0.1984245181083679,0.2513207495212555,0.2373397350311279,False,True,True,True,True
test|Mona_8_20260624_124414|1770636275000,Mona,Mona_8_20260624_124414,1770636275000,continue,continue,0.0,0.3179410398006439,0.1962043046951294,0.2451843023300171,0.2406703680753708,False,True,True,True,True
test|Mona_8_20260624_124414|1770969609000,Mona,Mona_8_20260624_124414,1770969609000,continue,continue,0.2553987801074981,0.236080139875412,0.1437025517225265,0.1873668432235717,0.1774516850709915,True,True,True,True,True
test|Mona_8_20260624_124414|1771302942000,Mona,Mona_8_20260624_124414,1771302942000,continue,continue,0.2387751340866089,0.2376108169555664,0.1469854712486267,0.1945818811655044,0.1820466369390487,True,True,True,True,True
test|Mona_8_20260624_124414|1771636275000,Mona,Mona_8_20260624_124414,1771636275000,continue,continue,0.2458232939243316,0.2297980040311813,0.1477837711572647,0.194753810763359,0.1818411499261856,True,True,True,True,True
test|Mona_8_20260624_124414|1771969609000,Mona,Mona_8_20260624_124414,1771969609000,continue,continue,0.2480651885271072,0.2286045998334884,0.1506052762269973,0.1956067532300949,0.177118182182312,True,True,True,True,True
test|Mona_8_20260624_124414|1772302942000,Mona,Mona_8_20260624_124414,1772302942000,continue,continue,0.2503462731838226,0.2307632863521576,0.1515639871358871,0.1932038962841034,0.174122542142868,True,True,True,True,True
test|Mona_8_20260624_124414|1772636275000,Mona,Mona_8_20260624_124414,1772636275000,continue,continue,0.2519968450069427,0.2325023114681244,0.1527833789587021,0.1900379210710525,0.1726795136928558,True,True,True,True,True
test|Mona_8_20260624_124414|1772969609000,Mona,Mona_8_20260624_124414,1772969609000,continue,continue,0.2524934709072113,0.242476537823677,0.1523420959711074,0.1819861084222793,0.1707017421722412,True,True,True,True,True
test|Mona_8_20260624_124414|1773302942000,Mona,Mona_8_20260624_124414,1773302942000,continue,continue,0.253720074892044,0.2495761662721634,0.1520590186119079,0.1785337179899215,0.1661110371351242,True,True,True,True,True
test|Mona_8_20260624_124414|1773636275000,Mona,Mona_8_20260624_124414,1773636275000,continue,continue,0.2502400279045105,0.2505240142345428,0.1536796689033508,0.1783749908208847,0.1671813130378723,True,True,True,True,True
test|Mona_8_20260624_124414|1773969609000,Mona,Mona_8_20260624_124414,1773969609000,continue,continue,0.2595569491386413,0.2482813894748687,0.1536486893892288,0.1717656403779983,0.1667473465204239,True,True,True,True,True
test|Mona_8_20260624_124414|1774302942000,Mona,Mona_8_20260624_124414,1774302942000,continue,continue,0.2692918479442596,0.2480796873569488,0.1534520536661148,0.1679678410291671,0.1612085998058319,True,True,True,True,True
test|Mona_8_20260624_124414|1774636275000,Mona,Mona_8_20260624_124414,1774636275000,continue,continue,0.274844616651535,0.2506854832172394,0.1504427343606948,0.1652760654687881,0.1587511152029037,True,True,True,True,True
test|Mona_8_20260624_124414|1774969609000,Mona,Mona_8_20260624_124414,1774969609000,continue,continue,0.2780907750129699,0.2503783404827118,0.1460190266370773,0.1626991182565689,0.1628127247095108,True,True,True,True,True
test|Mona_8_20260624_124414|1775302942000,Mona,Mona_8_20260624_124414,1775302942000,continue,continue,0.278533786535263,0.2543297410011291,0.1386706680059433,0.1616946458816528,0.1667711585760116,True,True,True,True,True
test|Mona_8_20260624_124414|1775636275000,Mona,Mona_8_20260624_124414,1775636275000,continue,continue,0.2803009152412414,0.2645592093467712,0.1295868754386901,0.1589397639036178,0.166613221168518,True,True,True,True,True
test|Mona_8_20260624_124414|1775969609000,Mona,Mona_8_20260624_124414,1775969609000,continue,continue,0.2733839452266693,0.2674694657325744,0.1228527352213859,0.1637293100357055,0.1725645959377288,True,True,True,True,True
test|Mona_8_20260624_124414|1776302942000,Mona,Mona_8_20260624_124414,1776302942000,continue,continue,0.2676277458667755,0.2640549540519714,0.1199591383337974,0.1679445505142212,0.1804135590791702,True,True,True,True,True
test|Mona_8_20260624_124414|1776636275000,Mona,Mona_8_20260624_124414,1776636275000,continue,continue,0.2692933082580566,0.2587035894393921,0.1213069409132003,0.1719978600740432,0.178698256611824,True,True,True,True,True
test|Mona_8_20260624_124414|1776969609000,Mona,Mona_8_20260624_124414,1776969609000,continue,continue,0.2786160111427307,0.2474335432052612,0.1248160377144813,0.1764079183340072,0.1727264076471328,True,True,True,True,True
test|Mona_8_20260624_124414|1777302942000,Mona,Mona_8_20260624_124414,1777302942000,continue,continue,0.2843394577503204,0.2319792211055755,0.1287816166877746,0.1901610791683197,0.164738580584526,True,True,True,True,True
test|Mona_8_20260624_124414|1777636275000,Mona,Mona_8_20260624_124414,1777636275000,continue,handover,0.2901281416416168,0.2161379754543304,0.136697769165039,0.196682333946228,0.160353809595108,True,True,True,True,True
test|Mona_8_20260624_124414|1777969609000,Mona,Mona_8_20260624_124414,1777969609000,continue,handover,0.2995073199272156,0.2032255679368972,0.1436543464660644,0.1965052932500839,0.1571074724197387,True,True,True,True,True
test|Mona_8_20260624_124414|1778302942000,Mona,Mona_8_20260624_124414,1778302942000,continue,handover,0.3145737946033478,0.1930156648159027,0.1484605222940445,0.194363385438919,0.1495866477489471,True,True,True,True,True
test|Mona_8_20260624_124414|1778636275000,Mona,Mona_8_20260624_124414,1778636275000,continue,handover,0.3150372207164764,0.1903448849916458,0.1496753990650177,0.196816086769104,0.148126408457756,True,True,True,True,True
test|Mona_8_20260624_124414|1778969609000,Mona,Mona_8_20260624_124414,1778969609000,fetch,handover,0.2367130517959594,0.2116158753633499,0.1656500101089477,0.2229015231132507,0.1631195098161697,True,True,True,True,True
test|Mona_8_20260624_124414|1779302942000,Mona,Mona_8_20260624_124414,1779302942000,fetch,handover,0.2174446433782577,0.2203470915555954,0.1704658418893814,0.2225880026817321,0.1691544353961944,True,True,True,True,True
test|Mona_8_20260624_124414|1779636275000,Mona,Mona_8_20260624_124414,1779636275000,fetch,handover,0.2424892485141754,0.2226740568876266,0.1612364053726196,0.2107175439596176,0.1628827303647995,True,True,True,True,True
test|Mona_8_20260624_124414|1779969609000,Mona,Mona_8_20260624_124414,1779969609000,fetch,fetch,0.2831928133964538,0.2356261909008026,0.1435713618993759,0.1871545165777206,0.1504551023244857,True,True,True,True,True
test|Mona_8_20260624_124414|1780302942000,Mona,Mona_8_20260624_124414,1780302942000,fetch,fetch,0.2896408140659332,0.2424130588769912,0.1398435235023498,0.1791638731956482,0.148938775062561,True,True,True,True,True
test|Mona_8_20260624_124414|1780636275000,Mona,Mona_8_20260624_124414,1780636275000,fetch,fetch,0.2933389544486999,0.2310176789760589,0.1405127346515655,0.1768129467964172,0.1583176255226135,True,True,True,True,True
test|Mona_8_20260624_124414|1780969609000,Mona,Mona_8_20260624_124414,1780969609000,fetch,fetch,0.2943060398101806,0.2238869369029998,0.1418277621269226,0.1710641831159591,0.1689150929450988,True,True,True,True,True
test|Mona_8_20260624_124414|1781302942000,Mona,Mona_8_20260624_124414,1781302942000,fetch,continue,0.2961898744106293,0.2180794030427932,0.1439865678548813,0.1653122007846832,0.1764319539070129,True,True,True,True,True
test|Mona_8_20260624_124414|1781636275000,Mona,Mona_8_20260624_124414,1781636275000,fetch,continue,0.3026955127716064,0.2146143615245819,0.1476229429244995,0.1581644266843795,0.1769027411937713,True,True,True,True,True
test|Mona_8_20260624_124414|1781969609000,Mona,Mona_8_20260624_124414,1781969609000,fetch,continue,0.3040734827518463,0.2074494361877441,0.1572219282388687,0.1556019037961959,0.175653263926506,True,True,True,True,True
test|Mona_8_20260624_124414|1782302942000,Mona,Mona_8_20260624_124414,1782302942000,fetch,continue,0.3589918911457062,0.2430996149778366,0.0,0.1856640726327896,0.21224445104599,True,True,False,True,True
test|Mona_8_20260624_124414|1782636275000,Mona,Mona_8_20260624_124414,1782636275000,fetch,continue,0.3581336140632629,0.2434688061475753,0.0,0.1865700930356979,0.2118274867534637,True,True,False,True,True
test|Mona_8_20260624_124414|1782969609000,Mona,Mona_8_20260624_124414,1782969609000,fetch,continue,0.358339250087738,0.2451430708169937,0.0,0.1867696493864059,0.2097479999065399,True,True,False,True,True
test|Mona_8_20260624_124414|1783302942000,Mona,Mona_8_20260624_124414,1783302942000,fetch,continue,0.356372058391571,0.2451949715614318,0.0,0.1878033727407455,0.2106295675039291,True,True,False,True,True
test|Mona_8_20260624_124414|1784636275000,Mona,Mona_8_20260624_124414,1784636275000,handover,fetch,0.3564177453517914,0.2647624313831329,0.0,0.1894714087247848,0.1893484145402908,True,True,False,True,True
test|Mona_8_20260624_124414|1784969609000,Mona,Mona_8_20260624_124414,1784969609000,handover,handover,0.3617396354675293,0.2710194885730743,0.0,0.1887167692184448,0.1785241663455963,True,True,False,True,True
test|Mona_8_20260624_124414|1785302942000,Mona,Mona_8_20260624_124414,1785302942000,handover,handover,0.3145122230052948,0.2329730987548828,0.1402583420276641,0.1631122082471847,0.1491441875696182,True,True,True,True,True
test|Mona_8_20260624_124414|1785636275000,Mona,Mona_8_20260624_124414,1785636275000,handover,handover,0.309755265712738,0.2324911206960678,0.1358871161937713,0.1636903434991836,0.1581761837005615,True,True,True,True,True
test|Mona_8_20260624_124414|1785969609000,Mona,Mona_8_20260624_124414,1785969609000,handover,handover,0.3007093369960785,0.2347039580345153,0.1379449665546417,0.1620627343654632,0.1645789593458175,True,True,True,True,True
test|Mona_8_20260624_124414|1786302942000,Mona,Mona_8_20260624_124414,1786302942000,handover,handover,0.2935418486595154,0.2331433743238449,0.138255774974823,0.1640492081642151,0.1710097938776016,True,True,True,True,True
test|Mona_8_20260624_124414|1786636275000,Mona,Mona_8_20260624_124414,1786636275000,handover,handover,0.2883684337139129,0.2314300537109375,0.1387951672077179,0.166649505496025,0.1747568845748901,True,True,True,True,True
test|Mona_8_20260624_124414|1786969609000,Mona,Mona_8_20260624_124414,1786969609000,handover,handover,0.2835770845413208,0.2298339903354644,0.1391773819923401,0.1685554385185241,0.178856149315834,True,True,True,True,True
test|Mona_8_20260624_124414|1787302942000,Mona,Mona_8_20260624_124414,1787302942000,handover,handover,0.2808094322681427,0.2334717959165573,0.134770393371582,0.1709960848093032,0.1799523085355758,True,True,True,True,True
test|Mona_8_20260624_124414|1787636275000,Mona,Mona_8_20260624_124414,1787636275000,handover,handover,0.2830512225627899,0.2316385060548782,0.1392538696527481,0.1705609411001205,0.175495445728302,True,True,True,True,True
test|Mona_8_20260624_124414|1787969609000,Mona,Mona_8_20260624_124414,1787969609000,handover,handover,0.288675993680954,0.2300073653459549,0.1347020119428634,0.1746125072240829,0.1720020771026611,True,True,True,True,True
test|Mona_8_20260624_124414|1788302942000,Mona,Mona_8_20260624_124414,1788302942000,handover,handover,0.337353378534317,0.2670828998088836,0.0,0.2032365649938583,0.1923272162675857,True,True,False,True,True
test|Mona_8_20260624_124414|1788636275000,Mona,Mona_8_20260624_124414,1788636275000,handover,handover,0.3351918160915375,0.2686139941215515,0.0,0.2043432146310806,0.1918509751558303,True,True,False,True,True
