level,group,domain,method,samples,denominator,coverage,accuracy,macro_f1,macro_f1_supported,position_mean_cm,position_median_cm,position_rmse_cm,orientation_mean_deg,orientation_median_deg,position_mean_difference_cm,position_median_difference_cm,orientation_mean_difference_deg,learned_win_fraction,estimate,ci_lower,ci_upper,status,metric_contributing_clusters,valid_replicate_fraction
window,all,classification,intention,2199,2199.0,1.0,0.8790359254206458,0.8309733709023904,0.8309733709023904,,,,,,,,,,,,,,,
window,all,classification,assistance,2199,2199.0,1.0,0.8999545247839927,0.885932150638033,0.885932150638033,,,,,,,,,,,,,,,
window,all,classification,assistance_type_given_ground_truth_assistance,647,647.0,1.0,0.9227202472952086,0.9221577346577345,0.9221577346577345,,,,,,,,,,,,,,,
window,all,classification,receiving_hand_given_ground_truth_handover,304,304.0,1.0,0.9605263157894737,0.9506493506493507,0.9506493506493507,,,,,,,,,,,,,,,
window,all,pose,learned_end_to_end,217,217.0,1.0,,,,15.579662291970648,8.850831038633983,20.82515574875873,44.62282301558878,20.7807556205536,,,,,,,,,,
window,all,pose,learned_oracle_hand,214,217.0,0.9861751152073732,,,,15.265243462739354,8.533207782598856,20.47995749954976,41.412966726651696,19.747531891555425,,,,,,,,,,
window,all,pose,persistence,214,217.0,0.9861751152073732,,,,14.965275549312453,6.707455036400161,22.50912885096108,42.4043839226949,15.658195619648684,,,,,,,,,,
window,all,pose,constant_velocity,213,217.0,0.9815668202764977,,,,33.49035494558316,28.088438737903104,47.923339307254395,42.04896856236211,15.505820107708042,,,,,,,,,,
window,all,pose_fair_common,learned_oracle_hand,213,217.0,0.9815668202764977,,,,15.176632279308102,8.409381579435436,20.394263288188725,41.16027500453339,19.73458576245321,,,,,,,,,,
window,all,pose_fair_common,persistence,213,217.0,0.9815668202764977,,,,14.80422205700099,6.342896434320831,22.30791016833363,42.04896856236211,15.505820107708042,,,,,,,,,,
window,all,pose_fair_common,constant_velocity,213,217.0,0.9815668202764977,,,,33.49035494558316,28.088438737903104,47.923339307254395,42.04896856236211,15.505820107708042,,,,,,,,,,
window,all,paired_pose_difference,learned_end_to_end_minus_persistence,214,217.0,0.9861751152073732,,,,,,,,,0.24045888826084943,0.8316883515111796,0.6830284305960571,0.43457943925233644,,,,,,
window,all,paired_pose_difference,learned_end_to_end_minus_constant_velocity,213,217.0,0.9815668202764977,,,,,,,,,-18.37017061395698,-5.894914911154899,0.48599036849480465,0.676056338028169,,,,,,
window,all,paired_pose_difference,learned_oracle_hand_minus_persistence,214,217.0,0.9861751152073732,,,,,,,,,0.29996791342689894,0.8316883515111796,-0.9914171960432016,0.43457943925233644,,,,,,
window,all,paired_pose_difference,learned_oracle_hand_minus_constant_velocity,213,217.0,0.9815668202764977,,,,,,,,,-18.313722666275062,-5.713340537627982,-0.8886935578287227,0.676056338028169,,,,,,
sequence,Edu_10_20260616_150412,classification,intention,87,87.0,1.0,0.6091954022988506,0.6152258597115806,0.6152258597115806,,,,,,,,,,,,,,,
sequence,Edu_10_20260616_150412,classification,assistance,87,87.0,1.0,0.6666666666666666,0.657805506578055,0.657805506578055,,,,,,,,,,,,,,,
sequence,Edu_10_20260616_150412,classification,assistance_type_given_ground_truth_assistance,36,36.0,1.0,0.8611111111111112,0.8601398601398601,0.8601398601398601,,,,,,,,,,,,,,,
sequence,Edu_10_20260616_150412,classification,receiving_hand_given_ground_truth_handover,19,19.0,1.0,1.0,0.5,1.0,,,,,,,,,,,,,,,
sequence,Edu_10_20260616_150412,pose,learned_end_to_end,16,16.0,1.0,,,,23.4109121006601,22.832349355243327,28.27185350679192,45.36782036225078,24.348433910352327,,,,,,,,,,
sequence,Edu_10_20260616_150412,pose,learned_oracle_hand,16,16.0,1.0,,,,23.4109121006601,22.832349355243327,28.27185350679192,45.36782036225078,24.348433910352327,,,,,,,,,,
sequence,Edu_10_20260616_150412,pose,persistence,16,16.0,1.0,,,,25.566901574789515,25.04009698600112,32.05837128446061,63.98403523484791,47.030379780373465,,,,,,,,,,
sequence,Edu_10_20260616_150412,pose,constant_velocity,16,16.0,1.0,,,,53.98047030998142,53.48416582047891,62.949131207376006,63.98403523484791,47.030379780373465,,,,,,,,,,
sequence,Edu_10_20260616_150412,pose_fair_common,learned_oracle_hand,16,16.0,1.0,,,,23.4109121006601,22.832349355243327,28.27185350679192,45.36782036225078,24.348433910352327,,,,,,,,,,
sequence,Edu_10_20260616_150412,pose_fair_common,persistence,16,16.0,1.0,,,,25.566901574789515,25.04009698600112,32.05837128446061,63.98403523484791,47.030379780373465,,,,,,,,,,
sequence,Edu_10_20260616_150412,pose_fair_common,constant_velocity,16,16.0,1.0,,,,53.98047030998142,53.48416582047891,62.949131207376006,63.98403523484791,47.030379780373465,,,,,,,,,,
sequence,Edu_10_20260616_150412,paired_pose_difference,learned_end_to_end_minus_persistence,16,16.0,1.0,,,,,,,,,-2.1559894741294197,-0.4566776107252113,-18.61621487259713,0.625,,,,,,
sequence,Edu_10_20260616_150412,paired_pose_difference,learned_end_to_end_minus_constant_velocity,16,16.0,1.0,,,,,,,,,-30.56955820932133,-16.40202314422752,-18.61621487259713,0.9375,,,,,,
sequence,Edu_10_20260616_150412,paired_pose_difference,learned_oracle_hand_minus_persistence,16,16.0,1.0,,,,,,,,,-2.1559894741294197,-0.4566776107252113,-18.61621487259713,0.625,,,,,,
sequence,Edu_10_20260616_150412,paired_pose_difference,learned_oracle_hand_minus_constant_velocity,16,16.0,1.0,,,,,,,,,-30.56955820932133,-16.40202314422752,-18.61621487259713,0.9375,,,,,,
sequence,Edu_2_20260604_170420,classification,intention,62,62.0,1.0,0.967741935483871,0.945288753799392,0.945288753799392,,,,,,,,,,,,,,,
sequence,Edu_2_20260604_170420,classification,assistance,62,62.0,1.0,0.967741935483871,0.9560283687943263,0.9560283687943263,,,,,,,,,,,,,,,
sequence,Edu_2_20260604_170420,classification,assistance_type_given_ground_truth_assistance,16,16.0,1.0,1.0,1.0,1.0,,,,,,,,,,,,,,,
sequence,Edu_2_20260604_170420,classification,receiving_hand_given_ground_truth_handover,8,8.0,1.0,1.0,0.5,1.0,,,,,,,,,,,,,,,
sequence,Edu_2_20260604_170420,pose,learned_end_to_end,5,5.0,1.0,,,,17.86237391474637,18.693813681867475,20.57432736958061,60.228465684033054,67.06559686004202,,,,,,,,,,
sequence,Edu_2_20260604_170420,pose,learned_oracle_hand,5,5.0,1.0,,,,17.86237391474637,18.693813681867475,20.57432736958061,60.228465684033054,67.06559686004202,,,,,,,,,,
sequence,Edu_2_20260604_170420,pose,persistence,5,5.0,1.0,,,,21.486651169759398,20.14640446952149,24.954687985105938,74.19832838081501,85.58061361997649,,,,,,,,,,
sequence,Edu_2_20260604_170420,pose,constant_velocity,5,5.0,1.0,,,,41.63753319182213,36.57006626742291,43.64996561285346,74.19832838081501,85.58061361997649,,,,,,,,,,
sequence,Edu_2_20260604_170420,pose_fair_common,learned_oracle_hand,5,5.0,1.0,,,,17.86237391474637,18.693813681867475,20.57432736958061,60.228465684033054,67.06559686004202,,,,,,,,,,
sequence,Edu_2_20260604_170420,pose_fair_common,persistence,5,5.0,1.0,,,,21.486651169759398,20.14640446952149,24.954687985105938,74.19832838081501,85.58061361997649,,,,,,,,,,
sequence,Edu_2_20260604_170420,pose_fair_common,constant_velocity,5,5.0,1.0,,,,41.63753319182213,36.57006626742291,43.64996561285346,74.19832838081501,85.58061361997649,,,,,,,,,,
sequence,Edu_2_20260604_170420,paired_pose_difference,learned_end_to_end_minus_persistence,5,5.0,1.0,,,,,,,,,-3.6242772550130256,-1.4525907876540138,-13.969862696781956,1.0,,,,,,
sequence,Edu_2_20260604_170420,paired_pose_difference,learned_end_to_end_minus_constant_velocity,5,5.0,1.0,,,,,,,,,-23.775159277075755,-9.679760512877966,-13.969862696781956,1.0,,,,,,
sequence,Edu_2_20260604_170420,paired_pose_difference,learned_oracle_hand_minus_persistence,5,5.0,1.0,,,,,,,,,-3.6242772550130256,-1.4525907876540138,-13.969862696781956,1.0,,,,,,
sequence,Edu_2_20260604_170420,paired_pose_difference,learned_oracle_hand_minus_constant_velocity,5,5.0,1.0,,,,,,,,,-23.775159277075755,-9.679760512877966,-13.969862696781956,1.0,,,,,,
sequence,Edu_3_20260604_170622,classification,intention,73,73.0,1.0,0.9863013698630136,0.9808907381722914,0.9808907381722914,,,,,,,,,,,,,,,
sequence,Edu_3_20260604_170622,classification,assistance,73,73.0,1.0,0.9863013698630136,0.983517724091217,0.983517724091217,,,,,,,,,,,,,,,
sequence,Edu_3_20260604_170622,classification,assistance_type_given_ground_truth_assistance,22,22.0,1.0,1.0,1.0,1.0,,,,,,,,,,,,,,,
sequence,Edu_3_20260604_170622,classification,receiving_hand_given_ground_truth_handover,11,11.0,1.0,1.0,0.5,1.0,,,,,,,,,,,,,,,
sequence,Edu_3_20260604_170622,pose,learned_end_to_end,8,8.0,1.0,,,,15.96811929933013,12.455496578220291,19.88476289007768,63.290282156107125,56.6823334780012,,,,,,,,,,
sequence,Edu_3_20260604_170622,pose,learned_oracle_hand,8,8.0,1.0,,,,15.96811929933013,12.455496578220291,19.88476289007768,63.290282156107125,56.6823334780012,,,,,,,,,,
sequence,Edu_3_20260604_170622,pose,persistence,8,8.0,1.0,,,,15.743628521134667,14.989689485723664,20.927320771391695,61.71930545895522,59.719773286405925,,,,,,,,,,
sequence,Edu_3_20260604_170622,pose,constant_velocity,8,8.0,1.0,,,,28.60832945199239,31.06138185711279,34.1318762078674,61.71930545895522,59.719773286405925,,,,,,,,,,
sequence,Edu_3_20260604_170622,pose_fair_common,learned_oracle_hand,8,8.0,1.0,,,,15.96811929933013,12.455496578220291,19.88476289007768,63.290282156107125,56.6823334780012,,,,,,,,,,
sequence,Edu_3_20260604_170622,pose_fair_common,persistence,8,8.0,1.0,,,,15.743628521134667,14.989689485723664,20.927320771391695,61.71930545895522,59.719773286405925,,,,,,,,,,
sequence,Edu_3_20260604_170622,pose_fair_common,constant_velocity,8,8.0,1.0,,,,28.60832945199239,31.06138185711279,34.1318762078674,61.71930545895522,59.719773286405925,,,,,,,,,,
sequence,Edu_3_20260604_170622,paired_pose_difference,learned_end_to_end_minus_persistence,8,8.0,1.0,,,,,,,,,0.2244907781954617,1.3878280293884306,1.5709766971519006,0.25,,,,,,
sequence,Edu_3_20260604_170622,paired_pose_difference,learned_end_to_end_minus_constant_velocity,8,8.0,1.0,,,,,,,,,-12.640210152662256,-5.528169983465489,1.5709766971519006,0.75,,,,,,
sequence,Edu_3_20260604_170622,paired_pose_difference,learned_oracle_hand_minus_persistence,8,8.0,1.0,,,,,,,,,0.2244907781954617,1.3878280293884306,1.5709766971519006,0.25,,,,,,
sequence,Edu_3_20260604_170622,paired_pose_difference,learned_oracle_hand_minus_constant_velocity,8,8.0,1.0,,,,,,,,,-12.640210152662256,-5.528169983465489,1.5709766971519006,0.75,,,,,,
sequence,Edu_4_20260604_170837,classification,intention,94,94.0,1.0,0.9574468085106383,0.9280853453116227,0.9280853453116227,,,,,,,,,,,,,,,
sequence,Edu_4_20260604_170837,classification,assistance,94,94.0,1.0,0.9680851063829787,0.9596393301846285,0.9596393301846285,,,,,,,,,,,,,,,
sequence,Edu_4_20260604_170837,classification,assistance_type_given_ground_truth_assistance,27,27.0,1.0,0.9629629629629629,0.9627586206896552,0.9627586206896552,,,,,,,,,,,,,,,
sequence,Edu_4_20260604_170837,classification,receiving_hand_given_ground_truth_handover,13,13.0,1.0,1.0,0.5,1.0,,,,,,,,,,,,,,,
sequence,Edu_4_20260604_170837,pose,learned_end_to_end,9,9.0,1.0,,,,14.022961639187569,12.042244819908086,16.98883711490029,37.368032616046705,24.27889423018805,,,,,,,,,,
sequence,Edu_4_20260604_170837,pose,learned_oracle_hand,9,9.0,1.0,,,,14.022961639187569,12.042244819908086,16.98883711490029,37.368032616046705,24.27889423018805,,,,,,,,,,
sequence,Edu_4_20260604_170837,pose,persistence,9,9.0,1.0,,,,17.403458076374132,13.01501137573787,22.848022892260833,50.62052117831091,37.57925224680601,,,,,,,,,,
sequence,Edu_4_20260604_170837,pose,constant_velocity,9,9.0,1.0,,,,30.116104721768888,32.774881628133826,37.85669539022096,50.62052117831091,37.57925224680601,,,,,,,,,,
sequence,Edu_4_20260604_170837,pose_fair_common,learned_oracle_hand,9,9.0,1.0,,,,14.022961639187569,12.042244819908086,16.98883711490029,37.368032616046705,24.27889423018805,,,,,,,,,,
sequence,Edu_4_20260604_170837,pose_fair_common,persistence,9,9.0,1.0,,,,17.403458076374132,13.01501137573787,22.848022892260833,50.62052117831091,37.57925224680601,,,,,,,,,,
sequence,Edu_4_20260604_170837,pose_fair_common,constant_velocity,9,9.0,1.0,,,,30.116104721768888,32.774881628133826,37.85669539022096,50.62052117831091,37.57925224680601,,,,,,,,,,
sequence,Edu_4_20260604_170837,paired_pose_difference,learned_end_to_end_minus_persistence,9,9.0,1.0,,,,,,,,,-3.380496437186564,-0.972766555829784,-13.252488562264197,0.5555555555555556,,,,,,
sequence,Edu_4_20260604_170837,paired_pose_difference,learned_end_to_end_minus_constant_velocity,9,9.0,1.0,,,,,,,,,-16.093143082581314,-5.996753410875577,-13.252488562264197,0.8888888888888888,,,,,,
sequence,Edu_4_20260604_170837,paired_pose_difference,learned_oracle_hand_minus_persistence,9,9.0,1.0,,,,,,,,,-3.380496437186564,-0.972766555829784,-13.252488562264197,0.5555555555555556,,,,,,
sequence,Edu_4_20260604_170837,paired_pose_difference,learned_oracle_hand_minus_constant_velocity,9,9.0,1.0,,,,,,,,,-16.093143082581314,-5.996753410875577,-13.252488562264197,0.8888888888888888,,,,,,
sequence,Edu_5_20260604_170944,classification,intention,93,93.0,1.0,0.978494623655914,0.9646464646464646,0.9646464646464646,,,,,,,,,,,,,,,
sequence,Edu_5_20260604_170944,classification,assistance,93,93.0,1.0,0.978494623655914,0.9739057239057239,0.9739057239057239,,,,,,,,,,,,,,,
sequence,Edu_5_20260604_170944,classification,assistance_type_given_ground_truth_assistance,28,28.0,1.0,1.0,1.0,1.0,,,,,,,,,,,,,,,
sequence,Edu_5_20260604_170944,classification,receiving_hand_given_ground_truth_handover,16,16.0,1.0,1.0,0.5,1.0,,,,,,,,,,,,,,,
sequence,Edu_5_20260604_170944,pose,learned_end_to_end,12,12.0,1.0,,,,14.89470889246328,11.716935930623773,18.384402925962554,46.999044288800945,47.42387217883396,,,,,,,,,,
sequence,Edu_5_20260604_170944,pose,learned_oracle_hand,12,12.0,1.0,,,,14.89470889246328,11.716935930623773,18.384402925962554,46.999044288800945,47.42387217883396,,,,,,,,,,
sequence,Edu_5_20260604_170944,pose,persistence,12,12.0,1.0,,,,16.932029604092115,12.536886573482576,22.403795538592654,54.0190830924866,43.005180542945425,,,,,,,,,,
sequence,Edu_5_20260604_170944,pose,constant_velocity,12,12.0,1.0,,,,36.55765683395775,35.94200184573948,42.108427032371196,54.0190830924866,43.005180542945425,,,,,,,,,,
sequence,Edu_5_20260604_170944,pose_fair_common,learned_oracle_hand,12,12.0,1.0,,,,14.89470889246328,11.716935930623773,18.384402925962554,46.999044288800945,47.42387217883396,,,,,,,,,,
sequence,Edu_5_20260604_170944,pose_fair_common,persistence,12,12.0,1.0,,,,16.932029604092115,12.536886573482576,22.403795538592654,54.0190830924866,43.005180542945425,,,,,,,,,,
sequence,Edu_5_20260604_170944,pose_fair_common,constant_velocity,12,12.0,1.0,,,,36.55765683395775,35.94200184573948,42.108427032371196,54.0190830924866,43.005180542945425,,,,,,,,,,
sequence,Edu_5_20260604_170944,paired_pose_difference,learned_end_to_end_minus_persistence,12,12.0,1.0,,,,,,,,,-2.0373207116288383,-1.0282357200927237,-7.020038803685671,0.6666666666666666,,,,,,
sequence,Edu_5_20260604_170944,paired_pose_difference,learned_end_to_end_minus_constant_velocity,12,12.0,1.0,,,,,,,,,-21.66294794149447,-12.380049999489241,-7.020038803685671,0.9166666666666666,,,,,,
sequence,Edu_5_20260604_170944,paired_pose_difference,learned_oracle_hand_minus_persistence,12,12.0,1.0,,,,,,,,,-2.0373207116288383,-1.0282357200927237,-7.020038803685671,0.6666666666666666,,,,,,
sequence,Edu_5_20260604_170944,paired_pose_difference,learned_oracle_hand_minus_constant_velocity,12,12.0,1.0,,,,,,,,,-21.66294794149447,-12.380049999489241,-7.020038803685671,0.9166666666666666,,,,,,
sequence,Edu_6_20260616_145740,classification,intention,91,91.0,1.0,0.8791208791208791,0.8292173252279635,0.8292173252279635,,,,,,,,,,,,,,,
sequence,Edu_6_20260616_145740,classification,assistance,91,91.0,1.0,0.978021978021978,0.9779980657640233,0.9779980657640233,,,,,,,,,,,,,,,
sequence,Edu_6_20260616_145740,classification,assistance_type_given_ground_truth_assistance,44,44.0,1.0,0.7954545454545454,0.781818181818182,0.781818181818182,,,,,,,,,,,,,,,
sequence,Edu_6_20260616_145740,classification,receiving_hand_given_ground_truth_handover,31,31.0,1.0,1.0,0.5,1.0,,,,,,,,,,,,,,,
sequence,Edu_6_20260616_145740,pose,learned_end_to_end,27,27.0,1.0,,,,15.60398549816772,18.233767461018537,18.56163996819103,56.195041632417414,59.44632599483853,,,,,,,,,,
sequence,Edu_6_20260616_145740,pose,learned_oracle_hand,27,27.0,1.0,,,,15.60398549816772,18.233767461018537,18.56163996819103,56.195041632417414,59.44632599483853,,,,,,,,,,
sequence,Edu_6_20260616_145740,pose,persistence,27,27.0,1.0,,,,11.013397541273791,7.993504282260109,16.199496588442507,39.773532495963416,24.778878809855247,,,,,,,,,,
sequence,Edu_6_20260616_145740,pose,constant_velocity,27,27.0,1.0,,,,20.981567607239615,13.30842927286588,29.161165034296854,39.773532495963416,24.778878809855247,,,,,,,,,,
sequence,Edu_6_20260616_145740,pose_fair_common,learned_oracle_hand,27,27.0,1.0,,,,15.60398549816772,18.233767461018537,18.56163996819103,56.195041632417414,59.44632599483853,,,,,,,,,,
sequence,Edu_6_20260616_145740,pose_fair_common,persistence,27,27.0,1.0,,,,11.013397541273791,7.993504282260109,16.199496588442507,39.773532495963416,24.778878809855247,,,,,,,,,,
sequence,Edu_6_20260616_145740,pose_fair_common,constant_velocity,27,27.0,1.0,,,,20.981567607239615,13.30842927286588,29.161165034296854,39.773532495963416,24.778878809855247,,,,,,,,,,
sequence,Edu_6_20260616_145740,paired_pose_difference,learned_end_to_end_minus_persistence,27,27.0,1.0,,,,,,,,,4.590587956893933,1.9235424334935698,16.421509136454013,0.2962962962962963,,,,,,
sequence,Edu_6_20260616_145740,paired_pose_difference,learned_end_to_end_minus_constant_velocity,27,27.0,1.0,,,,,,,,,-5.377582109071894,0.3021110356360097,16.421509136454013,0.4444444444444444,,,,,,
sequence,Edu_6_20260616_145740,paired_pose_difference,learned_oracle_hand_minus_persistence,27,27.0,1.0,,,,,,,,,4.590587956893933,1.9235424334935698,16.421509136454013,0.2962962962962963,,,,,,
sequence,Edu_6_20260616_145740,paired_pose_difference,learned_oracle_hand_minus_constant_velocity,27,27.0,1.0,,,,,,,,,-5.377582109071894,0.3021110356360097,16.421509136454013,0.4444444444444444,,,,,,
sequence,Edu_7_20260616_145927,classification,intention,72,72.0,1.0,0.9027777777777778,0.8701622971285893,0.8701622971285893,,,,,,,,,,,,,,,
sequence,Edu_7_20260616_145927,classification,assistance,72,72.0,1.0,0.9305555555555556,0.9264555669050051,0.9264555669050051,,,,,,,,,,,,,,,
sequence,Edu_7_20260616_145927,classification,assistance_type_given_ground_truth_assistance,25,25.0,1.0,0.92,0.9166666666666667,0.9166666666666667,,,,,,,,,,,,,,,
sequence,Edu_7_20260616_145927,classification,receiving_hand_given_ground_truth_handover,11,11.0,1.0,1.0,0.5,1.0,,,,,,,,,,,,,,,
sequence,Edu_7_20260616_145927,pose,learned_end_to_end,8,8.0,1.0,,,,24.34428796531078,24.683406845081866,26.49673325028348,80.35814289971026,61.492358142322075,,,,,,,,,,
sequence,Edu_7_20260616_145927,pose,learned_oracle_hand,8,8.0,1.0,,,,24.34428796531078,24.683406845081866,26.49673325028348,80.35814289971026,61.492358142322075,,,,,,,,,,
sequence,Edu_7_20260616_145927,pose,persistence,8,8.0,1.0,,,,28.393272366562265,29.672846724132516,30.659900934788933,107.26237965542245,112.44713283478453,,,,,,,,,,
sequence,Edu_7_20260616_145927,pose,constant_velocity,8,8.0,1.0,,,,50.49458672653097,43.94366523178907,56.94489302767832,107.26237965542245,112.44713283478453,,,,,,,,,,
sequence,Edu_7_20260616_145927,pose_fair_common,learned_oracle_hand,8,8.0,1.0,,,,24.34428796531078,24.683406845081866,26.49673325028348,80.35814289971026,61.492358142322075,,,,,,,,,,
sequence,Edu_7_20260616_145927,pose_fair_common,persistence,8,8.0,1.0,,,,28.393272366562265,29.672846724132516,30.659900934788933,107.26237965542245,112.44713283478453,,,,,,,,,,
sequence,Edu_7_20260616_145927,pose_fair_common,constant_velocity,8,8.0,1.0,,,,50.49458672653097,43.94366523178907,56.94489302767832,107.26237965542245,112.44713283478453,,,,,,,,,,
sequence,Edu_7_20260616_145927,paired_pose_difference,learned_end_to_end_minus_persistence,8,8.0,1.0,,,,,,,,,-4.0489844012514835,-1.901161590715832,-26.904236755712194,0.75,,,,,,
sequence,Edu_7_20260616_145927,paired_pose_difference,learned_end_to_end_minus_constant_velocity,8,8.0,1.0,,,,,,,,,-26.150298761220192,-20.602342363079607,-26.904236755712194,1.0,,,,,,
sequence,Edu_7_20260616_145927,paired_pose_difference,learned_oracle_hand_minus_persistence,8,8.0,1.0,,,,,,,,,-4.0489844012514835,-1.901161590715832,-26.904236755712194,0.75,,,,,,
sequence,Edu_7_20260616_145927,paired_pose_difference,learned_oracle_hand_minus_constant_velocity,8,8.0,1.0,,,,,,,,,-26.150298761220192,-20.602342363079607,-26.904236755712194,1.0,,,,,,
sequence,Edu_8_20260616_150108,classification,intention,62,62.0,1.0,0.967741935483871,0.959842995169082,0.959842995169082,,,,,,,,,,,,,,,
sequence,Edu_8_20260616_150108,classification,assistance,62,62.0,1.0,0.9838709677419355,0.9836627140974967,0.9836627140974967,,,,,,,,,,,,,,,
sequence,Edu_8_20260616_150108,classification,assistance_type_given_ground_truth_assistance,28,28.0,1.0,0.9642857142857143,0.9631093544137023,0.9631093544137023,,,,,,,,,,,,,,,
sequence,Edu_8_20260616_150108,classification,receiving_hand_given_ground_truth_handover,12,12.0,1.0,1.0,0.5,1.0,,,,,,,,,,,,,,,
sequence,Edu_8_20260616_150108,pose,learned_end_to_end,9,9.0,1.0,,,,24.35792424585027,22.41466068296108,26.71278815559808,58.67544071344542,47.60566033834,,,,,,,,,,
sequence,Edu_8_20260616_150108,pose,learned_oracle_hand,9,9.0,1.0,,,,24.35792424585027,22.41466068296108,26.71278815559808,58.67544071344542,47.60566033834,,,,,,,,,,
sequence,Edu_8_20260616_150108,pose,persistence,9,9.0,1.0,,,,27.06441521799234,28.261565210305484,29.66715366260655,83.08970138532331,89.05255484510171,,,,,,,,,,
sequence,Edu_8_20260616_150108,pose,constant_velocity,9,9.0,1.0,,,,53.42795307312696,49.134578109185234,60.25727381428846,83.08970138532331,89.05255484510171,,,,,,,,,,
sequence,Edu_8_20260616_150108,pose_fair_common,learned_oracle_hand,9,9.0,1.0,,,,24.35792424585027,22.41466068296108,26.71278815559808,58.67544071344542,47.60566033834,,,,,,,,,,
sequence,Edu_8_20260616_150108,pose_fair_common,persistence,9,9.0,1.0,,,,27.06441521799234,28.261565210305484,29.66715366260655,83.08970138532331,89.05255484510171,,,,,,,,,,
sequence,Edu_8_20260616_150108,pose_fair_common,constant_velocity,9,9.0,1.0,,,,53.42795307312696,49.134578109185234,60.25727381428846,83.08970138532331,89.05255484510171,,,,,,,,,,
sequence,Edu_8_20260616_150108,paired_pose_difference,learned_end_to_end_minus_persistence,9,9.0,1.0,,,,,,,,,-2.7064909721420722,-1.1968680649784957,-24.414260671877894,0.8888888888888888,,,,,,
sequence,Edu_8_20260616_150108,paired_pose_difference,learned_end_to_end_minus_constant_velocity,9,9.0,1.0,,,,,,,,,-29.070028827276687,-22.446848949491837,-24.414260671877894,0.7777777777777778,,,,,,
sequence,Edu_8_20260616_150108,paired_pose_difference,learned_oracle_hand_minus_persistence,9,9.0,1.0,,,,,,,,,-2.7064909721420722,-1.1968680649784957,-24.414260671877894,0.8888888888888888,,,,,,
sequence,Edu_8_20260616_150108,paired_pose_difference,learned_oracle_hand_minus_constant_velocity,9,9.0,1.0,,,,,,,,,-29.070028827276687,-22.446848949491837,-24.414260671877894,0.7777777777777778,,,,,,
sequence,Edu_9_20260616_150247,classification,intention,69,69.0,1.0,0.21739130434782608,0.19640905542544887,0.19640905542544887,,,,,,,,,,,,,,,
sequence,Edu_9_20260616_150247,classification,assistance,69,69.0,1.0,0.391304347826087,0.28125,0.28125,,,,,,,,,,,,,,,
sequence,Edu_9_20260616_150247,classification,assistance_type_given_ground_truth_assistance,27,27.0,1.0,0.5555555555555556,0.5235294117647059,0.5235294117647059,,,,,,,,,,,,,,,
sequence,Edu_9_20260616_150247,classification,receiving_hand_given_ground_truth_handover,11,11.0,1.0,1.0,0.5,1.0,,,,,,,,,,,,,,,
sequence,Edu_9_20260616_150247,pose,learned_end_to_end,0,0.0,,,,,,,,,,,,,,,,,,,
sequence,Edu_9_20260616_150247,pose,learned_oracle_hand,0,0.0,,,,,,,,,,,,,,,,,,,
sequence,Edu_9_20260616_150247,pose,persistence,0,0.0,,,,,,,,,,,,,,,,,,,
sequence,Edu_9_20260616_150247,pose,constant_velocity,0,0.0,,,,,,,,,,,,,,,,,,,
sequence,Edu_9_20260616_150247,pose_fair_common,learned_oracle_hand,0,0.0,,,,,,,,,,,,,,,,,,,
sequence,Edu_9_20260616_150247,pose_fair_common,persistence,0,0.0,,,,,,,,,,,,,,,,,,,
sequence,Edu_9_20260616_150247,pose_fair_common,constant_velocity,0,0.0,,,,,,,,,,,,,,,,,,,
sequence,Edu_9_20260616_150247,paired_pose_difference,learned_end_to_end_minus_persistence,0,0.0,,,,,,,,,,,,,,,,,,,
sequence,Edu_9_20260616_150247,paired_pose_difference,learned_end_to_end_minus_constant_velocity,0,0.0,,,,,,,,,,,,,,,,,,,
sequence,Edu_9_20260616_150247,paired_pose_difference,learned_oracle_hand_minus_persistence,0,0.0,,,,,,,,,,,,,,,,,,,
sequence,Edu_9_20260616_150247,paired_pose_difference,learned_oracle_hand_minus_constant_velocity,0,0.0,,,,,,,,,,,,,,,,,,,
sequence,Jona_1_20260616_181413,classification,intention,54,54.0,1.0,0.9444444444444444,0.9447811447811448,0.9447811447811448,,,,,,,,,,,,,,,
sequence,Jona_1_20260616_181413,classification,assistance,54,54.0,1.0,0.9444444444444444,0.94442538593482,0.94442538593482,,,,,,,,,,,,,,,
sequence,Jona_1_20260616_181413,classification,assistance_type_given_ground_truth_assistance,25,25.0,1.0,1.0,1.0,1.0,,,,,,,,,,,,,,,
sequence,Jona_1_20260616_181413,classification,receiving_hand_given_ground_truth_handover,13,13.0,1.0,1.0,0.5,1.0,,,,,,,,,,,,,,,
sequence,Jona_1_20260616_181413,pose,learned_end_to_end,10,10.0,1.0,,,,5.485906925245908,3.730905354547146,7.542443428042328,11.28121860405778,8.189605985180656,,,,,,,,,,
sequence,Jona_1_20260616_181413,pose,learned_oracle_hand,10,10.0,1.0,,,,5.485906925245908,3.730905354547146,7.542443428042328,11.28121860405778,8.189605985180656,,,,,,,,,,
sequence,Jona_1_20260616_181413,pose,persistence,10,10.0,1.0,,,,4.124655513847669,1.6544035799219017,7.4587210566901465,10.860913246330202,4.503957485630332,,,,,,,,,,
sequence,Jona_1_20260616_181413,pose,constant_velocity,10,10.0,1.0,,,,17.704897855448475,3.29729870187278,33.58341915607547,10.860913246330202,4.503957485630332,,,,,,,,,,
sequence,Jona_1_20260616_181413,pose_fair_common,learned_oracle_hand,10,10.0,1.0,,,,5.485906925245908,3.730905354547146,7.542443428042328,11.28121860405778,8.189605985180656,,,,,,,,,,
sequence,Jona_1_20260616_181413,pose_fair_common,persistence,10,10.0,1.0,,,,4.124655513847669,1.6544035799219017,7.4587210566901465,10.860913246330202,4.503957485630332,,,,,,,,,,
sequence,Jona_1_20260616_181413,pose_fair_common,constant_velocity,10,10.0,1.0,,,,17.704897855448475,3.29729870187278,33.58341915607547,10.860913246330202,4.503957485630332,,,,,,,,,,
sequence,Jona_1_20260616_181413,paired_pose_difference,learned_end_to_end_minus_persistence,10,10.0,1.0,,,,,,,,,1.3612514113982388,1.7707343804289928,0.42030535772758115,0.2,,,,,,
sequence,Jona_1_20260616_181413,paired_pose_difference,learned_end_to_end_minus_constant_velocity,10,10.0,1.0,,,,,,,,,-12.218990930202567,1.703974022290824,0.42030535772758115,0.3,,,,,,
sequence,Jona_1_20260616_181413,paired_pose_difference,learned_oracle_hand_minus_persistence,10,10.0,1.0,,,,,,,,,1.3612514113982388,1.7707343804289928,0.42030535772758115,0.2,,,,,,
sequence,Jona_1_20260616_181413,paired_pose_difference,learned_oracle_hand_minus_constant_velocity,10,10.0,1.0,,,,,,,,,-12.218990930202567,1.703974022290824,0.42030535772758115,0.3,,,,,,
sequence,Jona_2_20260616_181551,classification,intention,108,108.0,1.0,0.9537037037037037,0.9465122690929143,0.9465122690929143,,,,,,,,,,,,,,,
sequence,Jona_2_20260616_181551,classification,assistance,108,108.0,1.0,0.9537037037037037,0.9428873611845584,0.9428873611845584,,,,,,,,,,,,,,,
sequence,Jona_2_20260616_181551,classification,assistance_type_given_ground_truth_assistance,28,28.0,1.0,1.0,1.0,1.0,,,,,,,,,,,,,,,
sequence,Jona_2_20260616_181551,classification,receiving_hand_given_ground_truth_handover,11,11.0,1.0,1.0,0.5,1.0,,,,,,,,,,,,,,,
sequence,Jona_2_20260616_181551,pose,learned_end_to_end,8,8.0,1.0,,,,19.882018508656614,14.454046178938794,26.107883048784515,50.22683524848378,47.038806510884314,,,,,,,,,,
sequence,Jona_2_20260616_181551,pose,learned_oracle_hand,8,8.0,1.0,,,,19.882018508656614,14.454046178938794,26.107883048784515,50.22683524848378,47.038806510884314,,,,,,,,,,
sequence,Jona_2_20260616_181551,pose,persistence,8,8.0,1.0,,,,18.87520274100106,14.784796129398089,25.228289560836977,43.64846632502878,40.030909790661354,,,,,,,,,,
sequence,Jona_2_20260616_181551,pose,constant_velocity,8,8.0,1.0,,,,30.525635971687613,40.860769080839006,34.58970628780919,43.64846632502878,40.030909790661354,,,,,,,,,,
sequence,Jona_2_20260616_181551,pose_fair_common,learned_oracle_hand,8,8.0,1.0,,,,19.882018508656614,14.454046178938794,26.107883048784515,50.22683524848378,47.038806510884314,,,,,,,,,,
sequence,Jona_2_20260616_181551,pose_fair_common,persistence,8,8.0,1.0,,,,18.87520274100106,14.784796129398089,25.228289560836977,43.64846632502878,40.030909790661354,,,,,,,,,,
sequence,Jona_2_20260616_181551,pose_fair_common,constant_velocity,8,8.0,1.0,,,,30.525635971687613,40.860769080839006,34.58970628780919,43.64846632502878,40.030909790661354,,,,,,,,,,
sequence,Jona_2_20260616_181551,paired_pose_difference,learned_end_to_end_minus_persistence,8,8.0,1.0,,,,,,,,,1.006815767655557,1.2991776845289564,6.578368923454997,0.25,,,,,,
sequence,Jona_2_20260616_181551,paired_pose_difference,learned_end_to_end_minus_constant_velocity,8,8.0,1.0,,,,,,,,,-10.643617463031,-5.39070813576649,6.578368923454997,0.75,,,,,,
sequence,Jona_2_20260616_181551,paired_pose_difference,learned_oracle_hand_minus_persistence,8,8.0,1.0,,,,,,,,,1.006815767655557,1.2991776845289564,6.578368923454997,0.25,,,,,,
sequence,Jona_2_20260616_181551,paired_pose_difference,learned_oracle_hand_minus_constant_velocity,8,8.0,1.0,,,,,,,,,-10.643617463031,-5.39070813576649,6.578368923454997,0.75,,,,,,
sequence,Jona_3_20260616_181717,classification,intention,119,119.0,1.0,0.8571428571428571,0.8354617556123135,0.8354617556123135,,,,,,,,,,,,,,,
sequence,Jona_3_20260616_181717,classification,assistance,119,119.0,1.0,0.8571428571428571,0.8200978212538906,0.8200978212538906,,,,,,,,,,,,,,,
sequence,Jona_3_20260616_181717,classification,assistance_type_given_ground_truth_assistance,24,24.0,1.0,1.0,1.0,1.0,,,,,,,,,,,,,,,
sequence,Jona_3_20260616_181717,classification,receiving_hand_given_ground_truth_handover,11,11.0,1.0,1.0,0.5,1.0,,,,,,,,,,,,,,,
sequence,Jona_3_20260616_181717,pose,learned_end_to_end,8,8.0,1.0,,,,12.927865012161025,6.783899987198992,19.18585093931916,34.50171657012256,12.34336144430327,,,,,,,,,,
sequence,Jona_3_20260616_181717,pose,learned_oracle_hand,8,8.0,1.0,,,,12.927865012161025,6.783899987198992,19.18585093931916,34.50171657012256,12.34336144430327,,,,,,,,,,
sequence,Jona_3_20260616_181717,pose,persistence,8,8.0,1.0,,,,12.99845590257657,7.06745500409247,19.608799104044483,33.65008150679434,16.928533524046678,,,,,,,,,,
sequence,Jona_3_20260616_181717,pose,constant_velocity,8,8.0,1.0,,,,29.36480194300199,21.84106591744028,38.58783608392164,33.65008150679434,16.928533524046678,,,,,,,,,,
sequence,Jona_3_20260616_181717,pose_fair_common,learned_oracle_hand,8,8.0,1.0,,,,12.927865012161025,6.783899987198992,19.18585093931916,34.50171657012256,12.34336144430327,,,,,,,,,,
sequence,Jona_3_20260616_181717,pose_fair_common,persistence,8,8.0,1.0,,,,12.99845590257657,7.06745500409247,19.608799104044483,33.65008150679434,16.928533524046678,,,,,,,,,,
sequence,Jona_3_20260616_181717,pose_fair_common,constant_velocity,8,8.0,1.0,,,,29.36480194300199,21.84106591744028,38.58783608392164,33.65008150679434,16.928533524046678,,,,,,,,,,
sequence,Jona_3_20260616_181717,paired_pose_difference,learned_end_to_end_minus_persistence,8,8.0,1.0,,,,,,,,,-0.07059089041554639,-0.5715313171287182,0.8516350633282199,0.625,,,,,,
sequence,Jona_3_20260616_181717,paired_pose_difference,learned_end_to_end_minus_constant_velocity,8,8.0,1.0,,,,,,,,,-16.43693693084096,-4.184414296761518,0.8516350633282199,1.0,,,,,,
sequence,Jona_3_20260616_181717,paired_pose_difference,learned_oracle_hand_minus_persistence,8,8.0,1.0,,,,,,,,,-0.07059089041554639,-0.5715313171287182,0.8516350633282199,0.625,,,,,,
sequence,Jona_3_20260616_181717,paired_pose_difference,learned_oracle_hand_minus_constant_velocity,8,8.0,1.0,,,,,,,,,-16.43693693084096,-4.184414296761518,0.8516350633282199,1.0,,,,,,
sequence,Jona_4_20260616_181855,classification,intention,97,97.0,1.0,0.8247422680412371,0.7974311675889867,0.7974311675889867,,,,,,,,,,,,,,,
sequence,Jona_4_20260616_181855,classification,assistance,97,97.0,1.0,0.8247422680412371,0.8152380952380952,0.8152380952380952,,,,,,,,,,,,,,,
sequence,Jona_4_20260616_181855,classification,assistance_type_given_ground_truth_assistance,29,29.0,1.0,1.0,1.0,1.0,,,,,,,,,,,,,,,
sequence,Jona_4_20260616_181855,classification,receiving_hand_given_ground_truth_handover,12,12.0,1.0,1.0,0.5,1.0,,,,,,,,,,,,,,,
sequence,Jona_4_20260616_181855,pose,learned_end_to_end,9,9.0,1.0,,,,11.260537682074172,5.4090856544762005,16.620067753735448,31.0820421705143,12.945990293959271,,,,,,,,,,
sequence,Jona_4_20260616_181855,pose,learned_oracle_hand,9,9.0,1.0,,,,11.260537682074172,5.4090856544762005,16.620067753735448,31.0820421705143,12.945990293959271,,,,,,,,,,
sequence,Jona_4_20260616_181855,pose,persistence,9,9.0,1.0,,,,9.692767596187036,1.5380390957949843,16.998046473864665,27.56913323699333,5.7818070085796185,,,,,,,,,,
sequence,Jona_4_20260616_181855,pose,constant_velocity,9,9.0,1.0,,,,26.266337476236526,9.033114500046564,38.229900595692996,27.56913323699333,5.7818070085796185,,,,,,,,,,
sequence,Jona_4_20260616_181855,pose_fair_common,learned_oracle_hand,9,9.0,1.0,,,,11.260537682074172,5.4090856544762005,16.620067753735448,31.0820421705143,12.945990293959271,,,,,,,,,,
sequence,Jona_4_20260616_181855,pose_fair_common,persistence,9,9.0,1.0,,,,9.692767596187036,1.5380390957949843,16.998046473864665,27.56913323699333,5.7818070085796185,,,,,,,,,,
sequence,Jona_4_20260616_181855,pose_fair_common,constant_velocity,9,9.0,1.0,,,,26.266337476236526,9.033114500046564,38.229900595692996,27.56913323699333,5.7818070085796185,,,,,,,,,,
sequence,Jona_4_20260616_181855,paired_pose_difference,learned_end_to_end_minus_persistence,9,9.0,1.0,,,,,,,,,1.5677700858871375,1.4610772525906732,3.5129089335209622,0.4444444444444444,,,,,,
sequence,Jona_4_20260616_181855,paired_pose_difference,learned_end_to_end_minus_constant_velocity,9,9.0,1.0,,,,,,,,,-15.005799794162348,-6.565283895215682,3.5129089335209622,0.6666666666666666,,,,,,
sequence,Jona_4_20260616_181855,paired_pose_difference,learned_oracle_hand_minus_persistence,9,9.0,1.0,,,,,,,,,1.5677700858871375,1.4610772525906732,3.5129089335209622,0.4444444444444444,,,,,,
sequence,Jona_4_20260616_181855,paired_pose_difference,learned_oracle_hand_minus_constant_velocity,9,9.0,1.0,,,,,,,,,-15.005799794162348,-6.565283895215682,3.5129089335209622,0.6666666666666666,,,,,,
sequence,Jona_5_20260616_182002,classification,intention,107,107.0,1.0,0.9158878504672897,0.8970567375886525,0.8970567375886525,,,,,,,,,,,,,,,
sequence,Jona_5_20260616_182002,classification,assistance,107,107.0,1.0,0.9158878504672897,0.9064412707665404,0.9064412707665404,,,,,,,,,,,,,,,
sequence,Jona_5_20260616_182002,classification,assistance_type_given_ground_truth_assistance,32,32.0,1.0,1.0,1.0,1.0,,,,,,,,,,,,,,,
sequence,Jona_5_20260616_182002,classification,receiving_hand_given_ground_truth_handover,11,11.0,1.0,1.0,0.5,1.0,,,,,,,,,,,,,,,
sequence,Jona_5_20260616_182002,pose,learned_end_to_end,8,8.0,1.0,,,,12.450876895515854,4.78313609826575,18.2350892664868,33.29493902224969,14.824032831658513,,,,,,,,,,
sequence,Jona_5_20260616_182002,pose,learned_oracle_hand,8,8.0,1.0,,,,12.450876895515854,4.78313609826575,18.2350892664868,33.29493902224969,14.824032831658513,,,,,,,,,,
sequence,Jona_5_20260616_182002,pose,persistence,8,8.0,1.0,,,,11.971237764370425,4.178991719603946,18.872374793387515,31.351283912293873,10.74414518258128,,,,,,,,,,
sequence,Jona_5_20260616_182002,pose,constant_velocity,8,8.0,1.0,,,,25.9308154040885,18.659302911643927,34.65368248882551,31.351283912293873,10.74414518258128,,,,,,,,,,
sequence,Jona_5_20260616_182002,pose_fair_common,learned_oracle_hand,8,8.0,1.0,,,,12.450876895515854,4.78313609826575,18.2350892664868,33.29493902224969,14.824032831658513,,,,,,,,,,
sequence,Jona_5_20260616_182002,pose_fair_common,persistence,8,8.0,1.0,,,,11.971237764370425,4.178991719603946,18.872374793387515,31.351283912293873,10.74414518258128,,,,,,,,,,
sequence,Jona_5_20260616_182002,pose_fair_common,constant_velocity,8,8.0,1.0,,,,25.9308154040885,18.659302911643927,34.65368248882551,31.351283912293873,10.74414518258128,,,,,,,,,,
sequence,Jona_5_20260616_182002,paired_pose_difference,learned_end_to_end_minus_persistence,8,8.0,1.0,,,,,,,,,0.4796391311454288,-0.44785264456894325,1.9436551099558188,0.5,,,,,,
sequence,Jona_5_20260616_182002,paired_pose_difference,learned_end_to_end_minus_constant_velocity,8,8.0,1.0,,,,,,,,,-13.479938508572648,-11.23255327909721,1.9436551099558188,0.875,,,,,,
sequence,Jona_5_20260616_182002,paired_pose_difference,learned_oracle_hand_minus_persistence,8,8.0,1.0,,,,,,,,,0.4796391311454288,-0.44785264456894325,1.9436551099558188,0.5,,,,,,
sequence,Jona_5_20260616_182002,paired_pose_difference,learned_oracle_hand_minus_constant_velocity,8,8.0,1.0,,,,,,,,,-13.479938508572648,-11.23255327909721,1.9436551099558188,0.875,,,,,,
sequence,Jona_6_20260616_182111,classification,intention,87,87.0,1.0,0.9080459770114943,0.9090909090909092,0.9090909090909092,,,,,,,,,,,,,,,
sequence,Jona_6_20260616_182111,classification,assistance,87,87.0,1.0,0.9080459770114943,0.9011363636363637,0.9011363636363637,,,,,,,,,,,,,,,
sequence,Jona_6_20260616_182111,classification,assistance_type_given_ground_truth_assistance,28,28.0,1.0,1.0,1.0,1.0,,,,,,,,,,,,,,,
sequence,Jona_6_20260616_182111,classification,receiving_hand_given_ground_truth_handover,12,12.0,1.0,1.0,0.5,1.0,,,,,,,,,,,,,,,
sequence,Jona_6_20260616_182111,pose,learned_end_to_end,9,9.0,1.0,,,,6.601857386905737,5.189044219528456,8.135749450742473,19.67019693458299,15.7422432847135,,,,,,,,,,
sequence,Jona_6_20260616_182111,pose,learned_oracle_hand,9,9.0,1.0,,,,6.601857386905737,5.189044219528456,8.135749450742473,19.67019693458299,15.7422432847135,,,,,,,,,,
sequence,Jona_6_20260616_182111,pose,persistence,9,9.0,1.0,,,,3.472219959008361,0.3857318400132908,7.164125666571887,11.183775484081636,5.439171375997811,,,,,,,,,,
sequence,Jona_6_20260616_182111,pose,constant_velocity,9,9.0,1.0,,,,13.706091032454555,1.9877648144011455,23.047006251281744,11.183775484081636,5.439171375997811,,,,,,,,,,
sequence,Jona_6_20260616_182111,pose_fair_common,learned_oracle_hand,9,9.0,1.0,,,,6.601857386905737,5.189044219528456,8.135749450742473,19.67019693458299,15.7422432847135,,,,,,,,,,
sequence,Jona_6_20260616_182111,pose_fair_common,persistence,9,9.0,1.0,,,,3.472219959008361,0.3857318400132908,7.164125666571887,11.183775484081636,5.439171375997811,,,,,,,,,,
sequence,Jona_6_20260616_182111,pose_fair_common,constant_velocity,9,9.0,1.0,,,,13.706091032454555,1.9877648144011455,23.047006251281744,11.183775484081636,5.439171375997811,,,,,,,,,,
sequence,Jona_6_20260616_182111,paired_pose_difference,learned_end_to_end_minus_persistence,9,9.0,1.0,,,,,,,,,3.1296374278973764,3.5581411793593167,8.48642145050136,0.2222222222222222,,,,,,
sequence,Jona_6_20260616_182111,paired_pose_difference,learned_end_to_end_minus_constant_velocity,9,9.0,1.0,,,,,,,,,-7.104233645548817,1.3570522373873097,8.48642145050136,0.4444444444444444,,,,,,
sequence,Jona_6_20260616_182111,paired_pose_difference,learned_oracle_hand_minus_persistence,9,9.0,1.0,,,,,,,,,3.1296374278973764,3.5581411793593167,8.48642145050136,0.2222222222222222,,,,,,
sequence,Jona_6_20260616_182111,paired_pose_difference,learned_oracle_hand_minus_constant_velocity,9,9.0,1.0,,,,,,,,,-7.104233645548817,1.3570522373873097,8.48642145050136,0.4444444444444444,,,,,,
sequence,Jona_7_20260616_182214,classification,intention,95,95.0,1.0,0.8526315789473684,0.8388027562446166,0.8388027562446166,,,,,,,,,,,,,,,
sequence,Jona_7_20260616_182214,classification,assistance,95,95.0,1.0,0.8526315789473684,0.8416666666666667,0.8416666666666667,,,,,,,,,,,,,,,
sequence,Jona_7_20260616_182214,classification,assistance_type_given_ground_truth_assistance,28,28.0,1.0,1.0,1.0,1.0,,,,,,,,,,,,,,,
sequence,Jona_7_20260616_182214,classification,receiving_hand_given_ground_truth_handover,12,12.0,1.0,1.0,0.5,1.0,,,,,,,,,,,,,,,
sequence,Jona_7_20260616_182214,pose,learned_end_to_end,9,9.0,1.0,,,,10.135390993160383,5.863349574992746,13.867722598710674,30.650228293036403,20.7807556205536,,,,,,,,,,
sequence,Jona_7_20260616_182214,pose,learned_oracle_hand,9,9.0,1.0,,,,10.135390993160383,5.863349574992746,13.867722598710674,30.650228293036403,20.7807556205536,,,,,,,,,,
sequence,Jona_7_20260616_182214,pose,persistence,9,9.0,1.0,,,,7.697244973140474,0.792199023307759,13.500208436747474,21.287591853642407,4.970874370027683,,,,,,,,,,
sequence,Jona_7_20260616_182214,pose,constant_velocity,9,9.0,1.0,,,,22.465524816242535,9.46500781892369,33.74411130892436,21.287591853642407,4.970874370027683,,,,,,,,,,
sequence,Jona_7_20260616_182214,pose_fair_common,learned_oracle_hand,9,9.0,1.0,,,,10.135390993160383,5.863349574992746,13.867722598710674,30.650228293036403,20.7807556205536,,,,,,,,,,
sequence,Jona_7_20260616_182214,pose_fair_common,persistence,9,9.0,1.0,,,,7.697244973140474,0.792199023307759,13.500208436747474,21.287591853642407,4.970874370027683,,,,,,,,,,
sequence,Jona_7_20260616_182214,pose_fair_common,constant_velocity,9,9.0,1.0,,,,22.465524816242535,9.46500781892369,33.74411130892436,21.287591853642407,4.970874370027683,,,,,,,,,,
sequence,Jona_7_20260616_182214,paired_pose_difference,learned_end_to_end_minus_persistence,9,9.0,1.0,,,,,,,,,2.438146020019912,3.149578159008641,9.362636439393997,0.3333333333333333,,,,,,
sequence,Jona_7_20260616_182214,paired_pose_difference,learned_end_to_end_minus_constant_velocity,9,9.0,1.0,,,,,,,,,-12.330133823082155,-5.982796217910705,9.362636439393997,0.5555555555555556,,,,,,
sequence,Jona_7_20260616_182214,paired_pose_difference,learned_oracle_hand_minus_persistence,9,9.0,1.0,,,,,,,,,2.438146020019912,3.149578159008641,9.362636439393997,0.3333333333333333,,,,,,
sequence,Jona_7_20260616_182214,paired_pose_difference,learned_oracle_hand_minus_constant_velocity,9,9.0,1.0,,,,,,,,,-12.330133823082155,-5.982796217910705,9.362636439393997,0.5555555555555556,,,,,,
sequence,Mona_1_20260624_123312,classification,intention,94,94.0,1.0,0.8617021276595744,0.8110267763019187,0.8110267763019187,,,,,,,,,,,,,,,
sequence,Mona_1_20260624_123312,classification,assistance,94,94.0,1.0,0.8936170212765957,0.8815524193548387,0.8815524193548387,,,,,,,,,,,,,,,
sequence,Mona_1_20260624_123312,classification,assistance_type_given_ground_truth_assistance,36,36.0,1.0,0.8055555555555556,0.8054054054054054,0.8054054054054054,,,,,,,,,,,,,,,
sequence,Mona_1_20260624_123312,classification,receiving_hand_given_ground_truth_handover,22,22.0,1.0,0.8636363636363636,0.46341463414634143,0.9268292682926829,,,,,,,,,,,,,,,
sequence,Mona_1_20260624_123312,pose,learned_end_to_end,15,15.0,1.0,,,,18.436506633340876,10.734769104776024,25.001560183005058,54.02001052524801,17.419410632101524,,,,,,,,,,
sequence,Mona_1_20260624_123312,pose,learned_oracle_hand,14,15.0,0.9333333333333333,,,,17.28889655457895,8.422396266591996,24.213274311072098,42.76790350588793,16.322331719237003,,,,,,,,,,
sequence,Mona_1_20260624_123312,pose,persistence,14,15.0,0.9333333333333333,,,,15.773537531708227,0.8350242404254855,25.579436110435044,35.96069678191221,3.7142680236227994,,,,,,,,,,
sequence,Mona_1_20260624_123312,pose,constant_velocity,14,15.0,0.9333333333333333,,,,36.4147533766921,12.364914058885773,58.38214824907681,35.96069678191221,3.7142680236227994,,,,,,,,,,
sequence,Mona_1_20260624_123312,pose_fair_common,learned_oracle_hand,14,15.0,0.9333333333333333,,,,17.28889655457895,8.422396266591996,24.213274311072098,42.76790350588793,16.322331719237003,,,,,,,,,,
sequence,Mona_1_20260624_123312,pose_fair_common,persistence,14,15.0,0.9333333333333333,,,,15.773537531708227,0.8350242404254855,25.579436110435044,35.96069678191221,3.7142680236227994,,,,,,,,,,
sequence,Mona_1_20260624_123312,pose_fair_common,constant_velocity,14,15.0,0.9333333333333333,,,,36.4147533766921,12.364914058885773,58.38214824907681,35.96069678191221,3.7142680236227994,,,,,,,,,,
sequence,Mona_1_20260624_123312,paired_pose_difference,learned_end_to_end_minus_persistence,14,15.0,0.9333333333333333,,,,,,,,,1.80124708966609,2.4281087954495284,9.200060992660314,0.42857142857142855,,,,,,
sequence,Mona_1_20260624_123312,paired_pose_difference,learned_end_to_end_minus_constant_velocity,14,15.0,0.9333333333333333,,,,,,,,,-18.839968755317773,-0.4168950761116712,9.200060992660314,0.5714285714285714,,,,,,
sequence,Mona_1_20260624_123312,paired_pose_difference,learned_oracle_hand_minus_persistence,14,15.0,0.9333333333333333,,,,,,,,,1.5153590228707237,2.4281087954495284,6.807206723975716,0.42857142857142855,,,,,,
sequence,Mona_1_20260624_123312,paired_pose_difference,learned_oracle_hand_minus_constant_velocity,14,15.0,0.9333333333333333,,,,,,,,,-19.12585682211314,-0.4168950761116712,6.807206723975716,0.5714285714285714,,,,,,
sequence,Mona_3_20260624_123548,classification,intention,105,105.0,1.0,0.8571428571428571,0.7462096332785988,0.7462096332785988,,,,,,,,,,,,,,,
sequence,Mona_3_20260624_123548,classification,assistance,105,105.0,1.0,0.8857142857142857,0.8425,0.8425,,,,,,,,,,,,,,,
sequence,Mona_3_20260624_123548,classification,assistance_type_given_ground_truth_assistance,29,29.0,1.0,0.896551724137931,0.8919254658385094,0.8919254658385094,,,,,,,,,,,,,,,
sequence,Mona_3_20260624_123548,classification,receiving_hand_given_ground_truth_handover,13,13.0,1.0,0.8461538461538461,0.4583333333333333,0.9166666666666666,,,,,,,,,,,,,,,
sequence,Mona_3_20260624_123548,pose,learned_end_to_end,10,10.0,1.0,,,,17.338087062509537,8.668999610874929,23.104586340472984,45.714936433798535,12.796175740140084,,,,,,,,,,
sequence,Mona_3_20260624_123548,pose,learned_oracle_hand,9,10.0,0.9,,,,13.848516451077836,7.539788999194309,18.07522608278692,28.53295047654294,11.948144574756704,,,,,,,,,,
sequence,Mona_3_20260624_123548,pose,persistence,9,10.0,0.9,,,,11.871643851070273,1.1300895702400164,20.829446783567967,27.561595634976033,3.915491685751821,,,,,,,,,,
sequence,Mona_3_20260624_123548,pose,constant_velocity,8,10.0,0.8,,,,36.058540924026865,3.5192937370364206,61.80528692027161,16.243313130150888,2.969169589718642,,,,,,,,,,
sequence,Mona_3_20260624_123548,pose_fair_common,learned_oracle_hand,8,10.0,0.8,,,,11.312152815763014,6.960988382803354,14.895149402283486,20.195031343879563,11.871021298452682,,,,,,,,,,
sequence,Mona_3_20260624_123548,pose_fair_common,persistence,8,10.0,0.8,,,,7.196890655997292,1.086995443061991,13.589022940648295,16.243313130150888,2.969169589718642,,,,,,,,,,
sequence,Mona_3_20260624_123548,pose_fair_common,constant_velocity,8,10.0,0.8,,,,36.058540924026865,3.5192937370364206,61.80528692027161,16.243313130150888,2.969169589718642,,,,,,,,,,
sequence,Mona_3_20260624_123548,paired_pose_difference,learned_end_to_end_minus_persistence,9,10.0,0.9,,,,,,,,,1.8978149856424207,3.3326561848206135,8.251764596443588,0.2222222222222222,,,,,,
sequence,Mona_3_20260624_123548,paired_pose_difference,learned_end_to_end_minus_constant_velocity,8,10.0,0.8,,,,,,,,,-24.746388108263847,2.048597242915168,3.951718213728673,0.375,,,,,,
sequence,Mona_3_20260624_123548,paired_pose_difference,learned_oracle_hand_minus_persistence,9,10.0,0.9,,,,,,,,,1.9768726000075663,3.3326561848206135,0.9713548415669094,0.2222222222222222,,,,,,
sequence,Mona_3_20260624_123548,paired_pose_difference,learned_oracle_hand_minus_constant_velocity,8,10.0,0.8,,,,,,,,,-24.746388108263847,2.048597242915168,3.951718213728673,0.375,,,,,,
sequence,Mona_4_20260624_123706,classification,intention,109,109.0,1.0,0.926605504587156,0.8869624202957537,0.8869624202957537,,,,,,,,,,,,,,,
sequence,Mona_4_20260624_123706,classification,assistance,109,109.0,1.0,0.926605504587156,0.9098428453267164,0.9098428453267164,,,,,,,,,,,,,,,
sequence,Mona_4_20260624_123706,classification,assistance_type_given_ground_truth_assistance,27,27.0,1.0,1.0,1.0,1.0,,,,,,,,,,,,,,,
sequence,Mona_4_20260624_123706,classification,receiving_hand_given_ground_truth_handover,10,10.0,1.0,1.0,0.5,1.0,,,,,,,,,,,,,,,
sequence,Mona_4_20260624_123706,pose,learned_end_to_end,7,7.0,1.0,,,,4.910559219110572,3.83234798532842,5.718357197983738,9.683897381922419,7.247431727971817,,,,,,,,,,
sequence,Mona_4_20260624_123706,pose,learned_oracle_hand,7,7.0,1.0,,,,4.910559219110572,3.83234798532842,5.718357197983738,9.683897381922419,7.247431727971817,,,,,,,,,,
sequence,Mona_4_20260624_123706,pose,persistence,7,7.0,1.0,,,,1.9079298078127949,0.4260492030836658,3.7788113003170056,4.153109229109856,1.113590950117431,,,,,,,,,,
sequence,Mona_4_20260624_123706,pose,constant_velocity,7,7.0,1.0,,,,3.295568391612505,2.0843222118886127,4.482385085990529,4.153109229109856,1.113590950117431,,,,,,,,,,
sequence,Mona_4_20260624_123706,pose_fair_common,learned_oracle_hand,7,7.0,1.0,,,,4.910559219110572,3.83234798532842,5.718357197983738,9.683897381922419,7.247431727971817,,,,,,,,,,
sequence,Mona_4_20260624_123706,pose_fair_common,persistence,7,7.0,1.0,,,,1.9079298078127949,0.4260492030836658,3.7788113003170056,4.153109229109856,1.113590950117431,,,,,,,,,,
sequence,Mona_4_20260624_123706,pose_fair_common,constant_velocity,7,7.0,1.0,,,,3.295568391612505,2.0843222118886127,4.482385085990529,4.153109229109856,1.113590950117431,,,,,,,,,,
sequence,Mona_4_20260624_123706,paired_pose_difference,learned_end_to_end_minus_persistence,7,7.0,1.0,,,,,,,,,3.0026294112977756,3.179778391416493,5.530788152812564,0.0,,,,,,
sequence,Mona_4_20260624_123706,paired_pose_difference,learned_end_to_end_minus_constant_velocity,7,7.0,1.0,,,,,,,,,1.6149908274980653,2.4326514747269314,5.530788152812564,0.2857142857142857,,,,,,
sequence,Mona_4_20260624_123706,paired_pose_difference,learned_oracle_hand_minus_persistence,7,7.0,1.0,,,,,,,,,3.0026294112977756,3.179778391416493,5.530788152812564,0.0,,,,,,
sequence,Mona_4_20260624_123706,paired_pose_difference,learned_oracle_hand_minus_constant_velocity,7,7.0,1.0,,,,,,,,,1.6149908274980653,2.4326514747269314,5.530788152812564,0.2857142857142857,,,,,,
sequence,Mona_5_20260624_123814,classification,intention,125,125.0,1.0,0.968,0.9539815926370547,0.9539815926370547,,,,,,,,,,,,,,,
sequence,Mona_5_20260624_123814,classification,assistance,125,125.0,1.0,0.968,0.9527588813303098,0.9527588813303098,,,,,,,,,,,,,,,
sequence,Mona_5_20260624_123814,classification,assistance_type_given_ground_truth_assistance,26,26.0,1.0,1.0,1.0,1.0,,,,,,,,,,,,,,,
sequence,Mona_5_20260624_123814,classification,receiving_hand_given_ground_truth_handover,10,10.0,1.0,0.8,0.4444444444444445,0.888888888888889,,,,,,,,,,,,,,,
sequence,Mona_5_20260624_123814,pose,learned_end_to_end,7,7.0,1.0,,,,20.6718370987521,17.44164917462598,26.76627533122685,66.76596975802669,19.04011965432847,,,,,,,,,,
sequence,Mona_5_20260624_123814,pose,learned_oracle_hand,7,7.0,1.0,,,,21.13653148070714,17.44164917462598,27.665023691106416,44.03604006547494,19.04011965432847,,,,,,,,,,
sequence,Mona_5_20260624_123814,pose,persistence,7,7.0,1.0,,,,24.40924971961533,19.049871039190688,34.06277195519665,48.6542042530473,26.22323234248475,,,,,,,,,,
sequence,Mona_5_20260624_123814,pose,constant_velocity,7,7.0,1.0,,,,60.612360396914774,61.19793241197216,76.38157758415518,48.6542042530473,26.22323234248475,,,,,,,,,,
sequence,Mona_5_20260624_123814,pose_fair_common,learned_oracle_hand,7,7.0,1.0,,,,21.13653148070714,17.44164917462598,27.665023691106416,44.03604006547494,19.04011965432847,,,,,,,,,,
sequence,Mona_5_20260624_123814,pose_fair_common,persistence,7,7.0,1.0,,,,24.40924971961533,19.049871039190688,34.06277195519665,48.6542042530473,26.22323234248475,,,,,,,,,,
sequence,Mona_5_20260624_123814,pose_fair_common,constant_velocity,7,7.0,1.0,,,,60.612360396914774,61.19793241197216,76.38157758415518,48.6542042530473,26.22323234248475,,,,,,,,,,
sequence,Mona_5_20260624_123814,paired_pose_difference,learned_end_to_end_minus_persistence,7,7.0,1.0,,,,,,,,,-3.737412620863235,0.25248832834957824,18.11176550497939,0.42857142857142855,,,,,,
sequence,Mona_5_20260624_123814,paired_pose_difference,learned_end_to_end_minus_constant_velocity,7,7.0,1.0,,,,,,,,,-39.94052329816268,-32.276882871578955,18.11176550497939,0.8571428571428571,,,,,,
sequence,Mona_5_20260624_123814,paired_pose_difference,learned_oracle_hand_minus_persistence,7,7.0,1.0,,,,,,,,,-3.2727182389081944,0.25248832834957824,-4.618164187572343,0.42857142857142855,,,,,,
sequence,Mona_5_20260624_123814,paired_pose_difference,learned_oracle_hand_minus_constant_velocity,7,7.0,1.0,,,,,,,,,-39.47582891620764,-33.04315403132925,-4.618164187572343,0.8571428571428571,,,,,,
sequence,Mona_6_20260624_123930,classification,intention,124,124.0,1.0,0.9032258064516129,0.7786169284467714,0.7786169284467714,,,,,,,,,,,,,,,
sequence,Mona_6_20260624_123930,classification,assistance,124,124.0,1.0,0.9435483870967742,0.9202718838982272,0.9202718838982272,,,,,,,,,,,,,,,
sequence,Mona_6_20260624_123930,classification,assistance_type_given_ground_truth_assistance,26,26.0,1.0,0.8076923076923077,0.7926634768740032,0.7926634768740032,,,,,,,,,,,,,,,
sequence,Mona_6_20260624_123930,classification,receiving_hand_given_ground_truth_handover,11,11.0,1.0,0.7272727272727273,0.4210526315789474,0.8421052631578948,,,,,,,,,,,,,,,
sequence,Mona_6_20260624_123930,pose,learned_end_to_end,7,7.0,1.0,,,,21.119147684418532,23.604940153457303,27.6379617049053,66.18963161998185,41.09859106565276,,,,,,,,,,
sequence,Mona_6_20260624_123930,pose,learned_oracle_hand,6,7.0,0.8571428571428571,,,,17.040227238357954,13.413843715718,23.149373848256023,52.10943735362441,23.952529268447005,,,,,,,,,,
sequence,Mona_6_20260624_123930,pose,persistence,6,7.0,0.8571428571428571,,,,21.926599912362317,14.026183505827971,30.91450692786228,50.236617339372465,27.938923591486525,,,,,,,,,,
sequence,Mona_6_20260624_123930,pose,constant_velocity,6,7.0,0.8571428571428571,,,,79.91396385423307,75.39387850967151,101.31153867579171,50.236617339372465,27.938923591486525,,,,,,,,,,
sequence,Mona_6_20260624_123930,pose_fair_common,learned_oracle_hand,6,7.0,0.8571428571428571,,,,17.040227238357954,13.413843715718,23.149373848256023,52.10943735362441,23.952529268447005,,,,,,,,,,
sequence,Mona_6_20260624_123930,pose_fair_common,persistence,6,7.0,0.8571428571428571,,,,21.926599912362317,14.026183505827971,30.91450692786228,50.236617339372465,27.938923591486525,,,,,,,,,,
sequence,Mona_6_20260624_123930,pose_fair_common,constant_velocity,6,7.0,0.8571428571428571,,,,79.91396385423307,75.39387850967151,101.31153867579171,50.236617339372465,27.938923591486525,,,,,,,,,,
sequence,Mona_6_20260624_123930,paired_pose_difference,learned_end_to_end_minus_persistence,6,7.0,0.8571428571428571,,,,,,,,,-5.088126250772263,-0.7498847673197597,2.0566729691751235,0.5,,,,,,
sequence,Mona_6_20260624_123930,paired_pose_difference,learned_end_to_end_minus_constant_velocity,6,7.0,0.8571428571428571,,,,,,,,,-63.075490192643,-62.11757977116329,2.0566729691751235,0.8333333333333334,,,,,,
sequence,Mona_6_20260624_123930,paired_pose_difference,learned_oracle_hand_minus_persistence,6,7.0,0.8571428571428571,,,,,,,,,-4.886372674004359,-0.7498847673197597,1.8728200142519558,0.5,,,,,,
sequence,Mona_6_20260624_123930,paired_pose_difference,learned_oracle_hand_minus_constant_velocity,6,7.0,0.8571428571428571,,,,,,,,,-62.873736615875096,-62.11757977116329,1.8728200142519558,0.8333333333333334,,,,,,
sequence,Mona_7_20260624_124051,classification,intention,123,123.0,1.0,0.926829268292683,0.8736604624929498,0.8736604624929498,,,,,,,,,,,,,,,
sequence,Mona_7_20260624_124051,classification,assistance,123,123.0,1.0,0.926829268292683,0.8853206257122138,0.8853206257122138,,,,,,,,,,,,,,,
sequence,Mona_7_20260624_124051,classification,assistance_type_given_ground_truth_assistance,29,29.0,1.0,1.0,1.0,1.0,,,,,,,,,,,,,,,
sequence,Mona_7_20260624_124051,classification,receiving_hand_given_ground_truth_handover,11,11.0,1.0,1.0,0.5,1.0,,,,,,,,,,,,,,,
sequence,Mona_7_20260624_124051,pose,learned_end_to_end,7,7.0,1.0,,,,4.174833203199563,3.840522927406671,4.372125806679404,10.108878015397734,10.532027565202638,,,,,,,,,,
sequence,Mona_7_20260624_124051,pose,learned_oracle_hand,7,7.0,1.0,,,,4.174833203199563,3.840522927406671,4.372125806679404,10.108878015397734,10.532027565202638,,,,,,,,,,
sequence,Mona_7_20260624_124051,pose,persistence,7,7.0,1.0,,,,2.5328276848517737,2.01667806882346,3.3115392726974218,3.518601747702897,2.3819060291891967,,,,,,,,,,
sequence,Mona_7_20260624_124051,pose,constant_velocity,7,7.0,1.0,,,,13.453438506592022,3.444942549407235,25.738677397154557,3.518601747702897,2.3819060291891967,,,,,,,,,,
sequence,Mona_7_20260624_124051,pose_fair_common,learned_oracle_hand,7,7.0,1.0,,,,4.174833203199563,3.840522927406671,4.372125806679404,10.108878015397734,10.532027565202638,,,,,,,,,,
sequence,Mona_7_20260624_124051,pose_fair_common,persistence,7,7.0,1.0,,,,2.5328276848517737,2.01667806882346,3.3115392726974218,3.518601747702897,2.3819060291891967,,,,,,,,,,
sequence,Mona_7_20260624_124051,pose_fair_common,constant_velocity,7,7.0,1.0,,,,13.453438506592022,3.444942549407235,25.738677397154557,3.518601747702897,2.3819060291891967,,,,,,,,,,
sequence,Mona_7_20260624_124051,paired_pose_difference,learned_end_to_end_minus_persistence,7,7.0,1.0,,,,,,,,,1.6420055183477902,2.457039809478576,6.590276267694838,0.14285714285714285,,,,,,
sequence,Mona_7_20260624_124051,paired_pose_difference,learned_end_to_end_minus_constant_velocity,7,7.0,1.0,,,,,,,,,-9.278605303392457,0.1660573849672633,6.590276267694838,0.42857142857142855,,,,,,
sequence,Mona_7_20260624_124051,paired_pose_difference,learned_oracle_hand_minus_persistence,7,7.0,1.0,,,,,,,,,1.6420055183477902,2.457039809478576,6.590276267694838,0.14285714285714285,,,,,,
sequence,Mona_7_20260624_124051,paired_pose_difference,learned_oracle_hand_minus_constant_velocity,7,7.0,1.0,,,,,,,,,-9.278605303392457,0.1660573849672633,6.590276267694838,0.42857142857142855,,,,,,
sequence,Mona_8_20260624_124414,classification,intention,149,149.0,1.0,0.8993288590604027,0.7591269841269841,0.7591269841269841,,,,,,,,,,,,,,,
sequence,Mona_8_20260624_124414,classification,assistance,149,149.0,1.0,0.9328859060402684,0.8929597701149425,0.8929597701149425,,,,,,,,,,,,,,,
sequence,Mona_8_20260624_124414,classification,assistance_type_given_ground_truth_assistance,27,27.0,1.0,0.8148148148148148,0.8148148148148148,0.8148148148148148,,,,,,,,,,,,,,,
sequence,Mona_8_20260624_124414,classification,receiving_hand_given_ground_truth_handover,13,13.0,1.0,0.8461538461538461,0.4583333333333333,0.9166666666666666,,,,,,,,,,,,,,,
sequence,Mona_8_20260624_124414,pose,learned_end_to_end,9,9.0,1.0,,,,19.326730024979746,6.371616954791867,26.17990358757199,48.331260579900146,10.415266827607368,,,,,,,,,,
sequence,Mona_8_20260624_124414,pose,learned_oracle_hand,9,9.0,1.0,,,,20.611448209100935,6.371616954791867,28.227884236820778,37.3206949167973,10.415266827607368,,,,,,,,,,
sequence,Mona_8_20260624_124414,pose,persistence,9,9.0,1.0,,,,21.251482408033315,7.8497922878021935,31.166025954242254,48.562730823442266,11.230743770129202,,,,,,,,,,
sequence,Mona_8_20260624_124414,pose,constant_velocity,9,9.0,1.0,,,,47.423060179882,52.34968652837617,62.495698437202726,48.562730823442266,11.230743770129202,,,,,,,,,,
sequence,Mona_8_20260624_124414,pose_fair_common,learned_oracle_hand,9,9.0,1.0,,,,20.611448209100935,6.371616954791867,28.227884236820778,37.3206949167973,10.415266827607368,,,,,,,,,,
sequence,Mona_8_20260624_124414,pose_fair_common,persistence,9,9.0,1.0,,,,21.251482408033315,7.8497922878021935,31.166025954242254,48.562730823442266,11.230743770129202,,,,,,,,,,
sequence,Mona_8_20260624_124414,pose_fair_common,constant_velocity,9,9.0,1.0,,,,47.423060179882,52.34968652837617,62.495698437202726,48.562730823442266,11.230743770129202,,,,,,,,,,
sequence,Mona_8_20260624_124414,paired_pose_difference,learned_end_to_end_minus_persistence,9,9.0,1.0,,,,,,,,,-1.924752383053568,1.5297024954800844,-0.2314702435421151,0.4444444444444444,,,,,,
sequence,Mona_8_20260624_124414,paired_pose_difference,learned_end_to_end_minus_constant_velocity,9,9.0,1.0,,,,,,,,,-28.09633015490225,-21.691571701685213,-0.2314702435421151,0.6666666666666666,,,,,,
sequence,Mona_8_20260624_124414,paired_pose_difference,learned_oracle_hand_minus_persistence,9,9.0,1.0,,,,,,,,,-0.6400341989323787,1.5297024954800844,-11.242035906644961,0.4444444444444444,,,,,,
sequence,Mona_8_20260624_124414,paired_pose_difference,learned_oracle_hand_minus_constant_velocity,9,9.0,1.0,,,,,,,,,-26.811611970781062,-13.877667168999253,-11.242035906644961,0.6666666666666666,,,,,,
participant,Edu,classification,intention,703,703.0,1.0,0.8295791151714046,0.8099743149547151,0.8099743149547151,,,,,,,,,,,,,,,
participant,Edu,classification,assistance,703,703.0,1.0,0.8723380612442222,0.8555847778133862,0.8555847778133862,,,,,,,,,,,,,,,
participant,Edu,classification,assistance_type_given_ground_truth_assistance,253,253.0,1.0,0.8954855432633211,0.8897802328325304,0.8897802328325304,,,,,,,,,,,,,,,
participant,Edu,classification,receiving_hand_given_ground_truth_handover,132,132.0,1.0,1.0,0.5,1.0,,,,,,,,,,,,,,,
participant,Edu,pose,learned_end_to_end,94,94.0,1.0,,,,18.80815919446453,17.884084419365557,21.984418147673203,56.060283794101466,48.54293439161477,,,,,,,,,,
participant,Edu,pose,learned_oracle_hand,94,94.0,1.0,,,,18.80815919446453,17.884084419365557,21.984418147673203,56.060283794101466,48.54293439161477,,,,,,,,,,
participant,Edu,pose,persistence,94,94.0,1.0,,,,20.450469258997277,18.957000638395606,24.964843707206217,66.8333608602656,62.3992207457811,,,,,,,,,,
participant,Edu,pose,constant_velocity,94,94.0,1.0,,,,39.47552523955252,37.02739625409101,45.882428415869086,66.8333608602656,62.3992207457811,,,,,,,,,,
participant,Edu,pose_fair_common,learned_oracle_hand,94,94.0,1.0,,,,18.80815919446453,17.884084419365557,21.984418147673203,56.060283794101466,48.54293439161477,,,,,,,,,,
participant,Edu,pose_fair_common,persistence,94,94.0,1.0,,,,20.450469258997277,18.957000638395606,24.964843707206217,66.8333608602656,62.3992207457811,,,,,,,,,,
participant,Edu,pose_fair_common,constant_velocity,94,94.0,1.0,,,,39.47552523955252,37.02739625409101,45.882428415869086,66.8333608602656,62.3992207457811,,,,,,,,,,
participant,Edu,paired_pose_difference,learned_end_to_end_minus_constant_velocity,94,,1.0,,,,,,,,,-20.667366045087988,-11.591729665983904,-10.773077066164142,0.8394097222222222,,,,,,
participant,Edu,paired_pose_difference,learned_end_to_end_minus_persistence,94,,1.0,,,,,,,,,-1.642310064532751,-0.4621162333892575,-10.773077066164142,0.6290509259259258,,,,,,
participant,Edu,paired_pose_difference,learned_oracle_hand_minus_constant_velocity,94,,1.0,,,,,,,,,-20.667366045087988,-11.591729665983904,-10.773077066164142,0.8394097222222222,,,,,,
participant,Edu,paired_pose_difference,learned_oracle_hand_minus_persistence,94,,1.0,,,,,,,,,-1.642310064532751,-0.4621162333892575,-10.773077066164142,0.6290509259259258,,,,,,
participant,Jona,classification,intention,667,667.0,1.0,0.8937998113940565,0.8813052485713626,0.8813052485713626,,,,,,,,,,,,,,,
participant,Jona,classification,assistance,667,667.0,1.0,0.8937998113940565,0.8816989949544193,0.8816989949544193,,,,,,,,,,,,,,,
participant,Jona,classification,assistance_type_given_ground_truth_assistance,194,194.0,1.0,1.0,1.0,1.0,,,,,,,,,,,,,,,
participant,Jona,classification,receiving_hand_given_ground_truth_handover,82,82.0,1.0,1.0,0.5,1.0,,,,,,,,,,,,,,,
participant,Jona,pose,learned_end_to_end,61,61.0,1.0,,,,11.249207629102814,6.6019238668497255,15.670686640831628,30.101025263292502,18.837827995893303,,,,,,,,,,
participant,Jona,pose,learned_oracle_hand,61,61.0,1.0,,,,11.249207629102814,6.6019238668497255,15.670686640831628,30.101025263292502,18.837827995893303,,,,,,,,,,
participant,Jona,pose,persistence,61,61.0,1.0,,,,9.833112064304515,4.34308805601892,15.547223584591876,25.650177937880652,12.628485533932109,,,,,,,,,,
participant,Jona,pose,constant_velocity,61,61.0,1.0,,,,23.709157785594318,15.020617677881058,33.776523167504415,25.650177937880652,12.628485533932109,,,,,,,,,,
participant,Jona,pose_fair_common,learned_oracle_hand,61,61.0,1.0,,,,11.249207629102814,6.6019238668497255,15.670686640831628,30.101025263292502,18.837827995893303,,,,,,,,,,
participant,Jona,pose_fair_common,persistence,61,61.0,1.0,,,,9.833112064304515,4.34308805601892,15.547223584591876,25.650177937880652,12.628485533932109,,,,,,,,,,
participant,Jona,pose_fair_common,constant_velocity,61,61.0,1.0,,,,23.709157785594318,15.020617677881058,33.776523167504415,25.650177937880652,12.628485533932109,,,,,,,,,,
participant,Jona,paired_pose_difference,learned_end_to_end_minus_constant_velocity,61,,1.0,,,,,,,,,-12.4599501564915,-4.327818509296209,4.450847325411848,0.6559523809523808,,,,,,
participant,Jona,paired_pose_difference,learned_end_to_end_minus_persistence,61,,1.0,,,,,,,,,1.4160955647983007,1.4599035277455599,4.450847325411848,0.3678571428571429,,,,,,
participant,Jona,paired_pose_difference,learned_oracle_hand_minus_constant_velocity,61,,1.0,,,,,,,,,-12.4599501564915,-4.327818509296209,4.450847325411848,0.6559523809523808,,,,,,
participant,Jona,paired_pose_difference,learned_oracle_hand_minus_persistence,61,,1.0,,,,,,,,,1.4160955647983007,1.4599035277455599,4.450847325411848,0.3678571428571429,,,,,,
participant,Mona,classification,intention,829,829.0,1.0,0.9061192033134694,0.8299406853685759,0.8299406853685759,,,,,,,,,,,,,,,
participant,Mona,classification,assistance,829,829.0,1.0,0.9253143390011089,0.8978866322481783,0.8978866322481783,,,,,,,,,,,,,,,
participant,Mona,classification,assistance_type_given_ground_truth_assistance,200,200.0,1.0,0.9035163431715156,0.9006870232761047,0.9006870232761047,,,,,,,,,,,,,,,
participant,Mona,classification,receiving_hand_given_ground_truth_handover,90,90.0,1.0,0.869030969030969,0.4636540538337714,0.9273081076675428,,,,,,,,,,,,,,,
participant,Mona,pose,learned_end_to_end,62,62.0,1.0,,,,15.139671560901563,10.642120844465882,19.825824307406474,42.97351204489648,16.935574744714952,,,,,,,,,,
participant,Mona,pose,learned_oracle_hand,59,62.0,0.9557823129251701,,,,14.144430336590423,8.69459514623675,18.77446645352934,32.07997167366395,14.208264476793001,,,,,,,,,,
participant,Mona,pose,persistence,59,62.0,0.9557823129251701,,,,14.239038702207719,6.4762411307704975,21.377505472045517,31.23536511565186,10.931165198968817,,,,,,,,,,
participant,Mona,pose,constant_velocity,58,62.0,0.9414965986394558,,,,39.59595508999333,30.050710001033984,55.79961604994902,29.61846761496255,10.795976328106933,,,,,,,,,,
participant,Mona,pose_fair_common,learned_oracle_hand,58,62.0,0.9414965986394558,,,,13.78209267440259,8.611909343895185,18.32016978488599,30.888840368997755,14.197246865892426,,,,,,,,,,
participant,Mona,pose_fair_common,persistence,58,62.0,0.9414965986394558,,,,13.571216817197293,6.470084826887922,20.34315920877128,29.61846761496255,10.795976328106933,,,,,,,,,,
participant,Mona,pose_fair_common,constant_velocity,58,62.0,0.9414965986394558,,,,39.59595508999333,30.050710001033984,55.79961604994902,29.61846761496255,10.795976328106933,,,,,,,,,,
participant,Mona,paired_pose_difference,learned_end_to_end_minus_constant_velocity,58,,0.9414965986394558,,,,,,,,,-26.051759283597708,-15.979374759704253,6.458544551072685,0.5739795918367347,,,,,,
participant,Mona,paired_pose_difference,learned_end_to_end_minus_persistence,59,,0.9557823129251701,,,,,,,,,-0.34379917853357,1.7756984625250163,7.07283689146053,0.3095238095238095,,,,,,
participant,Mona,paired_pose_difference,learned_oracle_hand_minus_constant_velocity,58,,0.9414965986394558,,,,,,,,,-25.813862415590737,-14.972569992142015,1.270372754035206,0.5739795918367347,,,,,,
participant,Mona,paired_pose_difference,learned_oracle_hand_minus_persistence,59,,0.9557823129251701,,,,,,,,,-0.09460836561729667,1.7756984625250163,0.8446065580120968,0.3095238095238095,,,,,,
receiving_hand,left,classification,intention,829,829.0,1.0,0.9083232810615199,0.8286233953386234,0.8286233953386234,,,,,,,,,,,,,,,
receiving_hand,left,classification,assistance,829,829.0,1.0,0.9276236429433052,0.9001236908051147,0.9001236908051147,,,,,,,,,,,,,,,
receiving_hand,left,classification,assistance_type_given_ground_truth_assistance,200,200.0,1.0,0.9,0.8973727422003284,0.8973727422003284,,,,,,,,,,,,,,,
receiving_hand,left,classification,receiving_hand_given_ground_truth_handover,90,90.0,1.0,0.8666666666666667,0.4642857142857143,0.9285714285714286,,,,,,,,,,,,,,,
receiving_hand,left,pose,learned_end_to_end,62,62.0,1.0,,,,15.806510980457931,6.089347331008473,22.578756090217567,44.70434685263077,11.894916870151729,,,,,,,,,,
receiving_hand,left,pose,learned_oracle_hand,59,62.0,0.9516129032258065,,,,14.677611261982763,5.956028518327585,21.493098544654096,33.0659625420984,11.793898022148662,,,,,,,,,,
receiving_hand,left,pose,persistence,59,62.0,0.9516129032258065,,,,14.448259520948824,1.656448147613295,24.646606113815626,31.93677633419984,3.620143296814719,,,,,,,,,,
receiving_hand,left,pose,constant_velocity,58,62.0,0.9354838709677419,,,,38.725789146139235,8.410033419744007,61.67635160192214,30.45106806972782,3.4149746979593925,,,,,,,,,,
receiving_hand,left,pose_fair_common,learned_oracle_hand,58,62.0,0.9354838709677419,,,,14.34206274005839,5.933518822564807,21.20903493317238,31.994060111137163,11.673821630815382,,,,,,,,,,
receiving_hand,left,pose_fair_common,persistence,58,62.0,0.9354838709677419,,,,13.847890384902183,1.6346472882057104,24.001564625331948,30.45106806972782,3.4149746979593925,,,,,,,,,,
receiving_hand,left,pose_fair_common,constant_velocity,58,62.0,0.9354838709677419,,,,38.725789146139235,8.410033419744007,61.67635160192214,30.45106806972782,3.4149746979593925,,,,,,,,,,
receiving_hand,left,paired_pose_difference,learned_end_to_end_minus_persistence,59,62.0,0.9516129032258065,,,,,,,,,0.01350544636385907,2.0460956390386196,7.202599158759591,0.3220338983050847,,,,,,
receiving_hand,left,paired_pose_difference,learned_end_to_end_minus_constant_velocity,58,62.0,0.9354838709677419,,,,,,,,,-24.591026627740305,-0.8366654718996298,6.591400253597464,0.5689655172413793,,,,,,
receiving_hand,left,paired_pose_difference,learned_oracle_hand_minus_persistence,59,62.0,0.9516129032258065,,,,,,,,,0.22935174103393657,2.0460956390386196,1.129186207898554,0.3220338983050847,,,,,,
receiving_hand,left,paired_pose_difference,learned_oracle_hand_minus_constant_velocity,58,62.0,0.9354838709677419,,,,,,,,,-24.38372640608085,-0.8366654718996298,1.5429920414093432,0.5689655172413793,,,,,,
receiving_hand_sequence_balanced,left,classification,intention,829,829.0,1.0,0.9061192033134694,0.8299406853685759,0.8299406853685759,,,,,,,,,,,,,,,
receiving_hand_sequence_balanced,left,classification,assistance,829,829.0,1.0,0.9253143390011089,0.8978866322481783,0.8978866322481783,,,,,,,,,,,,,,,
receiving_hand_sequence_balanced,left,classification,assistance_type_given_ground_truth_assistance,200,200.0,1.0,0.9035163431715156,0.9006870232761047,0.9006870232761047,,,,,,,,,,,,,,,
receiving_hand_sequence_balanced,left,classification,receiving_hand_given_ground_truth_handover,90,90.0,1.0,0.869030969030969,0.4636540538337714,0.9273081076675428,,,,,,,,,,,,,,,
receiving_hand_sequence_balanced,left,pose,learned_end_to_end,62,62.0,1.0,,,,15.139671560901563,10.642120844465882,19.825824307406474,42.97351204489648,16.935574744714952,,,,,,,,,,
receiving_hand_sequence_balanced,left,pose,learned_oracle_hand,59,62.0,0.9557823129251701,,,,14.144430336590423,8.69459514623675,18.77446645352934,32.07997167366395,14.208264476793001,,,,,,,,,,
receiving_hand_sequence_balanced,left,pose,persistence,59,62.0,0.9557823129251701,,,,14.239038702207719,6.4762411307704975,21.377505472045517,31.23536511565186,10.931165198968817,,,,,,,,,,
receiving_hand_sequence_balanced,left,pose,constant_velocity,58,62.0,0.9414965986394558,,,,39.59595508999333,30.050710001033984,55.79961604994902,29.61846761496255,10.795976328106933,,,,,,,,,,
receiving_hand_sequence_balanced,left,pose_fair_common,learned_oracle_hand,58,62.0,0.9414965986394558,,,,13.78209267440259,8.611909343895185,18.32016978488599,30.888840368997755,14.197246865892426,,,,,,,,,,
receiving_hand_sequence_balanced,left,pose_fair_common,persistence,58,62.0,0.9414965986394558,,,,13.571216817197293,6.470084826887922,20.34315920877128,29.61846761496255,10.795976328106933,,,,,,,,,,
receiving_hand_sequence_balanced,left,pose_fair_common,constant_velocity,58,62.0,0.9414965986394558,,,,39.59595508999333,30.050710001033984,55.79961604994902,29.61846761496255,10.795976328106933,,,,,,,,,,
receiving_hand_sequence_balanced,left,paired_pose_difference,learned_end_to_end_minus_constant_velocity,58,,0.9414965986394558,,,,,,,,,-26.051759283597708,-15.979374759704253,6.458544551072685,0.5739795918367347,,,,,,
receiving_hand_sequence_balanced,left,paired_pose_difference,learned_end_to_end_minus_persistence,59,,0.9557823129251701,,,,,,,,,-0.34379917853357,1.7756984625250163,7.07283689146053,0.3095238095238095,,,,,,
receiving_hand_sequence_balanced,left,paired_pose_difference,learned_oracle_hand_minus_constant_velocity,58,,0.9414965986394558,,,,,,,,,-25.813862415590737,-14.972569992142015,1.270372754035206,0.5739795918367347,,,,,,
receiving_hand_sequence_balanced,left,paired_pose_difference,learned_oracle_hand_minus_persistence,59,,0.9557823129251701,,,,,,,,,-0.09460836561729667,1.7756984625250163,0.8446065580120968,0.3095238095238095,,,,,,
receiving_hand_participant_balanced,left,classification,intention,829,829.0,1.0,0.9061192033134694,0.8299406853685759,0.8299406853685759,,,,,,,,,,,,,,,
receiving_hand_participant_balanced,left,classification,assistance,829,829.0,1.0,0.9253143390011089,0.8978866322481783,0.8978866322481783,,,,,,,,,,,,,,,
receiving_hand_participant_balanced,left,classification,assistance_type_given_ground_truth_assistance,200,200.0,1.0,0.9035163431715156,0.9006870232761047,0.9006870232761047,,,,,,,,,,,,,,,
receiving_hand_participant_balanced,left,classification,receiving_hand_given_ground_truth_handover,90,90.0,1.0,0.869030969030969,0.4636540538337714,0.9273081076675428,,,,,,,,,,,,,,,
receiving_hand_participant_balanced,left,pose,learned_end_to_end,62,62.0,1.0,,,,15.139671560901563,10.642120844465882,19.825824307406474,42.97351204489648,16.935574744714952,,,,,,,,,,
receiving_hand_participant_balanced,left,pose,learned_oracle_hand,59,62.0,0.9557823129251701,,,,14.144430336590423,8.69459514623675,18.77446645352934,32.07997167366395,14.208264476793001,,,,,,,,,,
receiving_hand_participant_balanced,left,pose,persistence,59,62.0,0.9557823129251701,,,,14.239038702207719,6.4762411307704975,21.377505472045517,31.23536511565186,10.931165198968817,,,,,,,,,,
receiving_hand_participant_balanced,left,pose,constant_velocity,58,62.0,0.9414965986394558,,,,39.59595508999333,30.050710001033984,55.79961604994902,29.61846761496255,10.795976328106933,,,,,,,,,,
receiving_hand_participant_balanced,left,pose_fair_common,learned_oracle_hand,58,62.0,0.9414965986394558,,,,13.78209267440259,8.611909343895185,18.32016978488599,30.888840368997755,14.197246865892426,,,,,,,,,,
receiving_hand_participant_balanced,left,pose_fair_common,persistence,58,62.0,0.9414965986394558,,,,13.571216817197293,6.470084826887922,20.34315920877128,29.61846761496255,10.795976328106933,,,,,,,,,,
receiving_hand_participant_balanced,left,pose_fair_common,constant_velocity,58,62.0,0.9414965986394558,,,,39.59595508999333,30.050710001033984,55.79961604994902,29.61846761496255,10.795976328106933,,,,,,,,,,
receiving_hand_participant_balanced,left,paired_pose_difference,learned_end_to_end_minus_constant_velocity,58,,0.9414965986394558,,,,,,,,,-26.051759283597708,-15.979374759704253,6.458544551072685,0.5739795918367347,,,,,,
receiving_hand_participant_balanced,left,paired_pose_difference,learned_end_to_end_minus_persistence,59,,0.9557823129251701,,,,,,,,,-0.34379917853357,1.7756984625250163,7.07283689146053,0.3095238095238095,,,,,,
receiving_hand_participant_balanced,left,paired_pose_difference,learned_oracle_hand_minus_constant_velocity,58,,0.9414965986394558,,,,,,,,,-25.813862415590737,-14.972569992142015,1.270372754035206,0.5739795918367347,,,,,,
receiving_hand_participant_balanced,left,paired_pose_difference,learned_oracle_hand_minus_persistence,59,,0.9557823129251701,,,,,,,,,-0.09460836561729667,1.7756984625250163,0.8446065580120968,0.3095238095238095,,,,,,
receiving_hand,right,classification,intention,1370,1370.0,1.0,0.8613138686131386,0.8285056980708091,0.8285056980708091,,,,,,,,,,,,,,,
receiving_hand,right,classification,assistance,1370,1370.0,1.0,0.8832116788321168,0.8757372432262058,0.8757372432262058,,,,,,,,,,,,,,,
receiving_hand,right,classification,assistance_type_given_ground_truth_assistance,447,447.0,1.0,0.9328859060402684,0.9327077478924126,0.9327077478924126,,,,,,,,,,,,,,,
receiving_hand,right,classification,receiving_hand_given_ground_truth_handover,214,214.0,1.0,1.0,0.5,1.0,,,,,,,,,,,,,,,
receiving_hand,right,pose,learned_end_to_end,155,155.0,1.0,,,,15.488922816575732,11.23897650359925,20.080883100886464,44.590213480771986,24.61950567831688,,,,,,,,,,
receiving_hand,right,pose,learned_oracle_hand,155,155.0,1.0,,,,15.488922816575732,11.23897650359925,20.080883100886464,44.590213480771986,24.61950567831688,,,,,,,,,,
receiving_hand,right,pose,persistence,155,155.0,1.0,,,,15.16207519881861,9.002809895157666,21.640102004082113,46.38882810154139,23.95773624269273,,,,,,,,,,
receiving_hand,right,pose,constant_velocity,155,155.0,1.0,,,,31.531289244729923,29.039629396831764,41.62469008348959,46.38882810154139,23.95773624269273,,,,,,,,,,
receiving_hand,right,pose_fair_common,learned_oracle_hand,155,155.0,1.0,,,,15.488922816575732,11.23897650359925,20.080883100886464,44.590213480771986,24.61950567831688,,,,,,,,,,
receiving_hand,right,pose_fair_common,persistence,155,155.0,1.0,,,,15.16207519881861,9.002809895157666,21.640102004082113,46.38882810154139,23.95773624269273,,,,,,,,,,
receiving_hand,right,pose_fair_common,constant_velocity,155,155.0,1.0,,,,31.531289244729923,29.039629396831764,41.62469008348959,46.38882810154139,23.95773624269273,,,,,,,,,,
receiving_hand,right,paired_pose_difference,learned_end_to_end_minus_persistence,155,155.0,1.0,,,,,,,,,0.32684761775712323,0.2533493621546512,-1.7986146207694182,0.4774193548387097,,,,,,
receiving_hand,right,paired_pose_difference,learned_end_to_end_minus_constant_velocity,155,155.0,1.0,,,,,,,,,-16.042366428154185,-6.262583093238227,-1.7986146207694182,0.7161290322580646,,,,,,
receiving_hand,right,paired_pose_difference,learned_oracle_hand_minus_persistence,155,155.0,1.0,,,,,,,,,0.32684761775712323,0.2533493621546512,-1.7986146207694182,0.4774193548387097,,,,,,
receiving_hand,right,paired_pose_difference,learned_oracle_hand_minus_constant_velocity,155,155.0,1.0,,,,,,,,,-16.042366428154185,-6.262583093238227,-1.7986146207694182,0.7161290322580646,,,,,,
receiving_hand_sequence_balanced,right,classification,intention,1370,1370.0,1.0,0.8576756697688148,0.8411815984119984,0.8411815984119984,,,,,,,,,,,,,,,
receiving_hand_sequence_balanced,right,classification,assistance,1370,1370.0,1.0,0.8817275769347747,0.8670097478125881,0.8670097478125881,,,,,,,,,,,,,,,
receiving_hand_sequence_balanced,right,classification,assistance_type_given_ground_truth_assistance,447,447.0,1.0,0.9412106180856181,0.9380013809682983,0.9380013809682983,,,,,,,,,,,,,,,
receiving_hand_sequence_balanced,right,classification,receiving_hand_given_ground_truth_handover,214,214.0,1.0,1.0,0.5,1.0,,,,,,,,,,,,,,,
receiving_hand_sequence_balanced,right,pose,learned_end_to_end,155,155.0,1.0,,,,15.280648463962393,12.619076161524836,19.038010111147134,43.94596314639062,34.68055140694475,,,,,,,,,,
receiving_hand_sequence_balanced,right,pose,learned_oracle_hand,155,155.0,1.0,,,,15.280648463962393,12.619076161524836,19.038010111147134,43.94596314639062,34.68055140694475,,,,,,,,,,
receiving_hand_sequence_balanced,right,pose,persistence,155,155.0,1.0,,,,15.495702568140652,12.137174766619816,20.569954316652858,47.61454216315262,39.17287764691823,,,,,,,,,,
receiving_hand_sequence_balanced,right,pose,constant_velocity,155,155.0,1.0,,,,32.117887094372016,26.7575662518597,40.23300596663224,47.61454216315262,39.17287764691823,,,,,,,,,,
receiving_hand_sequence_balanced,right,pose_fair_common,learned_oracle_hand,155,155.0,1.0,,,,15.280648463962393,12.619076161524836,19.038010111147134,43.94596314639062,34.68055140694475,,,,,,,,,,
receiving_hand_sequence_balanced,right,pose_fair_common,persistence,155,155.0,1.0,,,,15.495702568140652,12.137174766619816,20.569954316652858,47.61454216315262,39.17287764691823,,,,,,,,,,
receiving_hand_sequence_balanced,right,pose_fair_common,constant_velocity,155,155.0,1.0,,,,32.117887094372016,26.7575662518597,40.23300596663224,47.61454216315262,39.17287764691823,,,,,,,,,,
receiving_hand_sequence_balanced,right,paired_pose_difference,learned_end_to_end_minus_constant_velocity,155,,1.0,,,,,,,,,-16.83723863040963,-8.201904459529647,-3.6685790167620125,0.7537962962962962,,,,,,
receiving_hand_sequence_balanced,right,paired_pose_difference,learned_end_to_end_minus_persistence,155,,1.0,,,,,,,,,-0.2150541041782603,0.4348263218069906,-3.6685790167620125,0.5071604938271604,,,,,,
receiving_hand_sequence_balanced,right,paired_pose_difference,learned_oracle_hand_minus_constant_velocity,155,,1.0,,,,,,,,,-16.83723863040963,-8.201904459529647,-3.6685790167620125,0.7537962962962962,,,,,,
receiving_hand_sequence_balanced,right,paired_pose_difference,learned_oracle_hand_minus_persistence,155,,1.0,,,,,,,,,-0.2150541041782603,0.4348263218069906,-3.6685790167620125,0.5071604938271604,,,,,,
receiving_hand_participant_balanced,right,classification,intention,1370,1370.0,1.0,0.8616894632827306,0.8456397817630388,0.8456397817630388,,,,,,,,,,,,,,,
receiving_hand_participant_balanced,right,classification,assistance,1370,1370.0,1.0,0.8830689363191393,0.8686418863839027,0.8686418863839027,,,,,,,,,,,,,,,
receiving_hand_participant_balanced,right,classification,assistance_type_given_ground_truth_assistance,447,447.0,1.0,0.9477427716316605,0.9448901164162652,0.9448901164162652,,,,,,,,,,,,,,,
receiving_hand_participant_balanced,right,classification,receiving_hand_given_ground_truth_handover,214,214.0,1.0,1.0,0.5,1.0,,,,,,,,,,,,,,,
receiving_hand_participant_balanced,right,pose,learned_end_to_end,155,155.0,1.0,,,,15.028683411783671,12.24300414310764,18.827552394252415,43.08065452869698,33.690381193754035,,,,,,,,,,
receiving_hand_participant_balanced,right,pose,learned_oracle_hand,155,155.0,1.0,,,,15.028683411783671,12.24300414310764,18.827552394252415,43.08065452869698,33.690381193754035,,,,,,,,,,
receiving_hand_participant_balanced,right,pose,persistence,155,155.0,1.0,,,,15.141790661650896,11.650044347207263,20.256033645899045,46.24176939907313,37.51385313985661,,,,,,,,,,
receiving_hand_participant_balanced,right,pose,constant_velocity,155,155.0,1.0,,,,31.59234151257342,26.024006965986032,39.82947579168675,46.24176939907313,37.51385313985661,,,,,,,,,,
receiving_hand_participant_balanced,right,pose_fair_common,learned_oracle_hand,155,155.0,1.0,,,,15.028683411783671,12.24300414310764,18.827552394252415,43.08065452869698,33.690381193754035,,,,,,,,,,
receiving_hand_participant_balanced,right,pose_fair_common,persistence,155,155.0,1.0,,,,15.141790661650896,11.650044347207263,20.256033645899045,46.24176939907313,37.51385313985661,,,,,,,,,,
receiving_hand_participant_balanced,right,pose_fair_common,constant_velocity,155,155.0,1.0,,,,31.59234151257342,26.024006965986032,39.82947579168675,46.24176939907313,37.51385313985661,,,,,,,,,,
receiving_hand_participant_balanced,right,paired_pose_difference,learned_end_to_end_minus_constant_velocity,155,,1.0,,,,,,,,,-16.563658100789745,-7.9597740876400565,-3.1611148703761467,0.7476810515873016,,,,,,
receiving_hand_participant_balanced,right,paired_pose_difference,learned_end_to_end_minus_persistence,155,,1.0,,,,,,,,,-0.1131072498672252,0.4988936471781512,-3.1611148703761467,0.49845403439153435,,,,,,
receiving_hand_participant_balanced,right,paired_pose_difference,learned_oracle_hand_minus_constant_velocity,155,,1.0,,,,,,,,,-16.563658100789745,-7.9597740876400565,-3.1611148703761467,0.7476810515873016,,,,,,
receiving_hand_participant_balanced,right,paired_pose_difference,learned_oracle_hand_minus_persistence,155,,1.0,,,,,,,,,-0.1131072498672252,0.4988936471781512,-3.1611148703761467,0.49845403439153435,,,,,,
cluster_bootstrap,participant_cluster,confidence_interval,classification.intention.accuracy,10000,,,,,,,,,,,,,,,0.8764993766263102,0.8295791151714046,0.9061192033134694,estimable,3.0,1.0
cluster_bootstrap,participant_cluster,confidence_interval,classification.intention.macro_f1,10000,,,,,,,,,,,,,,,0.8404067496315512,0.8099743149547151,0.8813052485713625,estimable,3.0,1.0
cluster_bootstrap,participant_cluster,confidence_interval,classification.intention.macro_f1_supported,10000,,,,,,,,,,,,,,,0.8404067496315512,0.8099743149547151,0.8813052485713625,estimable,3.0,1.0
cluster_bootstrap,participant_cluster,confidence_interval,classification.intention.coverage,10000,,,,,,,,,,,,,,,1.0,1.0,1.0,estimable,3.0,1.0
cluster_bootstrap,participant_cluster,confidence_interval,classification.assistance.accuracy,10000,,,,,,,,,,,,,,,0.8971507372131292,0.8723380612442222,0.9253143390011088,estimable,3.0,1.0
cluster_bootstrap,participant_cluster,confidence_interval,classification.assistance.macro_f1,10000,,,,,,,,,,,,,,,0.8783901350053279,0.8555847778133862,0.8978866322481783,estimable,3.0,1.0
cluster_bootstrap,participant_cluster,confidence_interval,classification.assistance.macro_f1_supported,10000,,,,,,,,,,,,,,,0.8783901350053279,0.8555847778133862,0.8978866322481783,estimable,3.0,1.0
cluster_bootstrap,participant_cluster,confidence_interval,classification.assistance.coverage,10000,,,,,,,,,,,,,,,1.0,1.0,1.0,estimable,3.0,1.0
cluster_bootstrap,participant_cluster,confidence_interval,classification.assistance_type_given_ground_truth_assistance.accuracy,10000,,,,,,,,,,,,,,,0.9330006288116123,0.895485543263321,1.0,estimable,3.0,1.0
cluster_bootstrap,participant_cluster,confidence_interval,classification.assistance_type_given_ground_truth_assistance.macro_f1,10000,,,,,,,,,,,,,,,0.9301557520362117,0.8897802328325305,1.0,estimable,3.0,1.0
cluster_bootstrap,participant_cluster,confidence_interval,classification.assistance_type_given_ground_truth_assistance.macro_f1_supported,10000,,,,,,,,,,,,,,,0.9301557520362117,0.8897802328325305,1.0,estimable,3.0,1.0
cluster_bootstrap,participant_cluster,confidence_interval,classification.assistance_type_given_ground_truth_assistance.coverage,10000,,,,,,,,,,,,,,,1.0,1.0,1.0,estimable,3.0,1.0
cluster_bootstrap,participant_cluster,confidence_interval,classification.receiving_hand_given_ground_truth_handover.accuracy,10000,,,,,,,,,,,,,,,0.9563436563436563,0.8690309690309691,1.0,estimable,3.0,1.0
cluster_bootstrap,participant_cluster,confidence_interval,classification.receiving_hand_given_ground_truth_handover.macro_f1,10000,,,,,,,,,,,,,,,0.48788468461125717,0.4636540538337714,0.5,estimable,3.0,1.0
cluster_bootstrap,participant_cluster,confidence_interval,classification.receiving_hand_given_ground_truth_handover.macro_f1_supported,10000,,,,,,,,,,,,,,,0.9757693692225143,0.9273081076675428,1.0,estimable,3.0,1.0
cluster_bootstrap,participant_cluster,confidence_interval,classification.receiving_hand_given_ground_truth_handover.coverage,10000,,,,,,,,,,,,,,,1.0,1.0,1.0,estimable,3.0,1.0
cluster_bootstrap,participant_cluster,confidence_interval,pose.learned_end_to_end.native.position_mean_cm,10000,,,,,,,,,,,,,,,15.065679461489635,11.249207629102814,18.80815919446453,estimable,3.0,1.0
cluster_bootstrap,participant_cluster,confidence_interval,pose.learned_end_to_end.native.position_median_cm,10000,,,,,,,,,,,,,,,11.70937637689372,6.601923866849726,17.884084419365557,estimable,3.0,1.0
cluster_bootstrap,participant_cluster,confidence_interval,pose.learned_end_to_end.native.position_rmse_cm,10000,,,,,,,,,,,,,,,19.160309698637104,15.670686640831628,21.9844181476732,estimable,3.0,1.0
cluster_bootstrap,participant_cluster,confidence_interval,pose.learned_end_to_end.native.orientation_mean_deg,10000,,,,,,,,,,,,,,,43.04494036743015,30.101025263292502,56.06028379410147,estimable,3.0,1.0
cluster_bootstrap,participant_cluster,confidence_interval,pose.learned_end_to_end.native.orientation_median_deg,10000,,,,,,,,,,,,,,,28.10544571074101,16.935574744714952,48.54293439161477,estimable,3.0,1.0
cluster_bootstrap,participant_cluster,confidence_interval,pose.learned_end_to_end.native.coverage,10000,,,,,,,,,,,,,,,1.0,1.0,1.0,estimable,3.0,1.0
cluster_bootstrap,participant_cluster,confidence_interval,pose.learned_oracle_hand.native.position_mean_cm,10000,,,,,,,,,,,,,,,14.733932386719255,11.249207629102814,18.80815919446453,estimable,3.0,1.0
cluster_bootstrap,participant_cluster,confidence_interval,pose.learned_oracle_hand.native.position_median_cm,10000,,,,,,,,,,,,,,,11.060201144150676,6.601923866849726,17.884084419365557,estimable,3.0,1.0
cluster_bootstrap,participant_cluster,confidence_interval,pose.learned_oracle_hand.native.position_rmse_cm,10000,,,,,,,,,,,,,,,18.809857080678057,15.670686640831628,21.9844181476732,estimable,3.0,1.0
cluster_bootstrap,participant_cluster,confidence_interval,pose.learned_oracle_hand.native.orientation_mean_deg,10000,,,,,,,,,,,,,,,39.41376024368597,30.101025263292502,56.06028379410147,estimable,3.0,1.0
cluster_bootstrap,participant_cluster,confidence_interval,pose.learned_oracle_hand.native.orientation_median_deg,10000,,,,,,,,,,,,,,,27.196342288100357,14.208264476793,48.54293439161477,estimable,3.0,1.0
cluster_bootstrap,participant_cluster,confidence_interval,pose.learned_oracle_hand.native.coverage,10000,,,,,,,,,,,,,,,0.9852607709750568,0.95578231292517,1.0,estimable,3.0,1.0
cluster_bootstrap,participant_cluster,confidence_interval,pose.persistence.native.position_mean_cm,10000,,,,,,,,,,,,,,,14.840873341836504,9.833112064304515,20.450469258997277,estimable,3.0,1.0
cluster_bootstrap,participant_cluster,confidence_interval,pose.persistence.native.position_median_cm,10000,,,,,,,,,,,,,,,9.925443275061674,4.34308805601892,18.957000638395606,estimable,3.0,1.0
cluster_bootstrap,participant_cluster,confidence_interval,pose.persistence.native.position_rmse_cm,10000,,,,,,,,,,,,,,,20.629857587947868,15.547223584591876,24.964843707206217,estimable,3.0,1.0
cluster_bootstrap,participant_cluster,confidence_interval,pose.persistence.native.orientation_mean_deg,10000,,,,,,,,,,,,,,,41.2396346379327,25.650177937880652,66.8333608602656,estimable,3.0,1.0
cluster_bootstrap,participant_cluster,confidence_interval,pose.persistence.native.orientation_median_deg,10000,,,,,,,,,,,,,,,28.652957159560675,10.931165198968818,62.3992207457811,estimable,3.0,1.0
cluster_bootstrap,participant_cluster,confidence_interval,pose.persistence.native.coverage,10000,,,,,,,,,,,,,,,0.9852607709750568,0.95578231292517,1.0,estimable,3.0,1.0
cluster_bootstrap,participant_cluster,confidence_interval,pose.constant_velocity.native.position_mean_cm,10000,,,,,,,,,,,,,,,34.26021270504672,23.709157785594318,39.59595508999333,estimable,3.0,1.0
cluster_bootstrap,participant_cluster,confidence_interval,pose.constant_velocity.native.position_median_cm,10000,,,,,,,,,,,,,,,27.366241311002018,15.020617677881058,37.02739625409101,estimable,3.0,1.0
cluster_bootstrap,participant_cluster,confidence_interval,pose.constant_velocity.native.position_rmse_cm,10000,,,,,,,,,,,,,,,45.152855877774165,33.776523167504415,55.79961604994903,estimable,3.0,1.0
cluster_bootstrap,participant_cluster,confidence_interval,pose.constant_velocity.native.orientation_mean_deg,10000,,,,,,,,,,,,,,,40.700668804369606,25.650177937880652,66.8333608602656,estimable,3.0,1.0
cluster_bootstrap,participant_cluster,confidence_interval,pose.constant_velocity.native.orientation_median_deg,10000,,,,,,,,,,,,,,,28.607894202606715,10.795976328106933,62.3992207457811,estimable,3.0,1.0
cluster_bootstrap,participant_cluster,confidence_interval,pose.constant_velocity.native.coverage,10000,,,,,,,,,,,,,,,0.9804988662131519,0.9414965986394558,1.0,estimable,3.0,1.0
cluster_bootstrap,participant_cluster,confidence_interval,pose.learned_oracle_hand.fair_common.position_mean_cm,10000,,,,,,,,,,,,,,,14.613153165989978,11.249207629102814,18.80815919446453,estimable,3.0,1.0
cluster_bootstrap,participant_cluster,confidence_interval,pose.learned_oracle_hand.fair_common.position_median_cm,10000,,,,,,,,,,,,,,,11.032639210036821,6.601923866849726,17.884084419365557,estimable,3.0,1.0
cluster_bootstrap,participant_cluster,confidence_interval,pose.learned_oracle_hand.fair_common.position_rmse_cm,10000,,,,,,,,,,,,,,,18.65842485779694,15.670686640831628,21.9844181476732,estimable,3.0,1.0
cluster_bootstrap,participant_cluster,confidence_interval,pose.learned_oracle_hand.fair_common.orientation_mean_deg,10000,,,,,,,,,,,,,,,39.01671647546391,30.101025263292502,56.06028379410147,estimable,3.0,1.0
cluster_bootstrap,participant_cluster,confidence_interval,pose.learned_oracle_hand.fair_common.orientation_median_deg,10000,,,,,,,,,,,,,,,27.192669751133497,14.197246865892426,48.54293439161477,estimable,3.0,1.0
cluster_bootstrap,participant_cluster,confidence_interval,pose.learned_oracle_hand.fair_common.coverage,10000,,,,,,,,,,,,,,,0.9804988662131519,0.9414965986394558,1.0,estimable,3.0,1.0
cluster_bootstrap,participant_cluster,confidence_interval,pose.persistence.fair_common.position_mean_cm,10000,,,,,,,,,,,,,,,14.618266046833028,9.833112064304515,20.450469258997277,estimable,3.0,1.0
cluster_bootstrap,participant_cluster,confidence_interval,pose.persistence.fair_common.position_median_cm,10000,,,,,,,,,,,,,,,9.923391173767483,4.34308805601892,18.957000638395606,estimable,3.0,1.0
cluster_bootstrap,participant_cluster,confidence_interval,pose.persistence.fair_common.position_rmse_cm,10000,,,,,,,,,,,,,,,20.28507550018979,15.547223584591876,24.964843707206217,estimable,3.0,1.0
cluster_bootstrap,participant_cluster,confidence_interval,pose.persistence.fair_common.orientation_mean_deg,10000,,,,,,,,,,,,,,,40.700668804369606,25.650177937880652,66.8333608602656,estimable,3.0,1.0
cluster_bootstrap,participant_cluster,confidence_interval,pose.persistence.fair_common.orientation_median_deg,10000,,,,,,,,,,,,,,,28.607894202606715,10.795976328106933,62.3992207457811,estimable,3.0,1.0
cluster_bootstrap,participant_cluster,confidence_interval,pose.persistence.fair_common.coverage,10000,,,,,,,,,,,,,,,0.9804988662131519,0.9414965986394558,1.0,estimable,3.0,1.0
cluster_bootstrap,participant_cluster,confidence_interval,pose.constant_velocity.fair_common.position_mean_cm,10000,,,,,,,,,,,,,,,34.26021270504672,23.709157785594318,39.59595508999333,estimable,3.0,1.0
cluster_bootstrap,participant_cluster,confidence_interval,pose.constant_velocity.fair_common.position_median_cm,10000,,,,,,,,,,,,,,,27.366241311002018,15.020617677881058,37.02739625409101,estimable,3.0,1.0
cluster_bootstrap,participant_cluster,confidence_interval,pose.constant_velocity.fair_common.position_rmse_cm,10000,,,,,,,,,,,,,,,45.152855877774165,33.776523167504415,55.79961604994903,estimable,3.0,1.0
cluster_bootstrap,participant_cluster,confidence_interval,pose.constant_velocity.fair_common.orientation_mean_deg,10000,,,,,,,,,,,,,,,40.700668804369606,25.650177937880652,66.8333608602656,estimable,3.0,1.0
cluster_bootstrap,participant_cluster,confidence_interval,pose.constant_velocity.fair_common.orientation_median_deg,10000,,,,,,,,,,,,,,,28.607894202606715,10.795976328106933,62.3992207457811,estimable,3.0,1.0
cluster_bootstrap,participant_cluster,confidence_interval,pose.constant_velocity.fair_common.coverage,10000,,,,,,,,,,,,,,,0.9804988662131519,0.9414965986394558,1.0,estimable,3.0,1.0
cluster_bootstrap,participant_cluster,confidence_interval,paired_pose.learned_end_to_end_minus_constant_velocity.position_mean_difference_cm,10000,,,,,,,,,,,,,,,-19.726358495059063,-26.051759283597708,-12.4599501564915,estimable,3.0,1.0
cluster_bootstrap,participant_cluster,confidence_interval,paired_pose.learned_end_to_end_minus_constant_velocity.position_median_difference_cm,10000,,,,,,,,,,,,,,,-10.632974311661455,-15.979374759704251,-4.327818509296209,estimable,3.0,1.0
cluster_bootstrap,participant_cluster,confidence_interval,paired_pose.learned_end_to_end_minus_constant_velocity.orientation_mean_difference_deg,10000,,,,,,,,,,,,,,,0.04543827010679724,-10.773077066164142,6.458544551072685,estimable,3.0,1.0
cluster_bootstrap,participant_cluster,confidence_interval,paired_pose.learned_end_to_end_minus_constant_velocity.orientation_median_difference_deg,10000,,,,,,,,,,,,,,,2.411633130607721,-2.7023770119235078,6.150260436589467,estimable,3.0,1.0
cluster_bootstrap,participant_cluster,confidence_interval,paired_pose.learned_end_to_end_minus_constant_velocity.learned_win_fraction,10000,,,,,,,,,,,,,,,0.6897805650037793,0.5739795918367347,0.8394097222222222,estimable,3.0,1.0
cluster_bootstrap,participant_cluster,confidence_interval,paired_pose.learned_end_to_end_minus_constant_velocity.coverage,10000,,,,,,,,,,,,,,,0.9804988662131519,0.9414965986394558,1.0,estimable,3.0,1.0
cluster_bootstrap,participant_cluster,confidence_interval,paired_pose.learned_end_to_end_minus_persistence.position_mean_difference_cm,10000,,,,,,,,,,,,,,,-0.19000455942267347,-1.642310064532751,1.4160955647983007,estimable,3.0,1.0
cluster_bootstrap,participant_cluster,confidence_interval,paired_pose.learned_end_to_end_minus_persistence.position_median_difference_cm,10000,,,,,,,,,,,,,,,0.9244952522937728,-0.4621162333892575,1.7756984625250165,estimable,3.0,1.0
cluster_bootstrap,participant_cluster,confidence_interval,paired_pose.learned_end_to_end_minus_persistence.orientation_mean_difference_deg,10000,,,,,,,,,,,,,,,0.2502023835694122,-10.773077066164142,7.07283689146053,estimable,3.0,1.0
cluster_bootstrap,participant_cluster,confidence_interval,paired_pose.learned_end_to_end_minus_persistence.orientation_median_difference_deg,10000,,,,,,,,,,,,,,,2.427720686159018,-2.7023770119235078,6.198523103243358,estimable,3.0,1.0
cluster_bootstrap,participant_cluster,confidence_interval,paired_pose.learned_end_to_end_minus_persistence.learned_win_fraction,10000,,,,,,,,,,,,,,,0.4354772927689594,0.3095238095238095,0.6290509259259258,estimable,3.0,1.0
cluster_bootstrap,participant_cluster,confidence_interval,paired_pose.learned_end_to_end_minus_persistence.coverage,10000,,,,,,,,,,,,,,,0.9852607709750568,0.95578231292517,1.0,estimable,3.0,1.0
cluster_bootstrap,participant_cluster,confidence_interval,paired_pose.learned_oracle_hand_minus_constant_velocity.position_mean_difference_cm,10000,,,,,,,,,,,,,,,-19.64705953905674,-25.813862415590737,-12.4599501564915,estimable,3.0,1.0
cluster_bootstrap,participant_cluster,confidence_interval,paired_pose.learned_oracle_hand_minus_constant_velocity.position_median_difference_cm,10000,,,,,,,,,,,,,,,-10.297372722474043,-14.972569992142015,-4.327818509296209,estimable,3.0,1.0
cluster_bootstrap,participant_cluster,confidence_interval,paired_pose.learned_oracle_hand_minus_constant_velocity.orientation_mean_difference_deg,10000,,,,,,,,,,,,,,,-1.683952328905696,-10.773077066164142,4.450847325411848,estimable,3.0,1.0
cluster_bootstrap,participant_cluster,confidence_interval,paired_pose.learned_oracle_hand_minus_constant_velocity.orientation_median_difference_deg,10000,,,,,,,,,,,,,,,1.9292656850351904,-2.7023770119235078,4.703158099871875,estimable,3.0,1.0
cluster_bootstrap,participant_cluster,confidence_interval,paired_pose.learned_oracle_hand_minus_constant_velocity.learned_win_fraction,10000,,,,,,,,,,,,,,,0.6897805650037793,0.5739795918367347,0.8394097222222222,estimable,3.0,1.0
cluster_bootstrap,participant_cluster,confidence_interval,paired_pose.learned_oracle_hand_minus_constant_velocity.coverage,10000,,,,,,,,,,,,,,,0.9804988662131519,0.9414965986394558,1.0,estimable,3.0,1.0
cluster_bootstrap,participant_cluster,confidence_interval,paired_pose.learned_oracle_hand_minus_persistence.position_mean_difference_cm,10000,,,,,,,,,,,,,,,-0.10694095511724903,-1.642310064532751,1.4160955647983007,estimable,3.0,1.0
cluster_bootstrap,participant_cluster,confidence_interval,paired_pose.learned_oracle_hand_minus_persistence.position_median_difference_cm,10000,,,,,,,,,,,,,,,0.9244952522937728,-0.4621162333892575,1.7756984625250165,estimable,3.0,1.0
cluster_bootstrap,participant_cluster,confidence_interval,paired_pose.learned_oracle_hand_minus_persistence.orientation_mean_difference_deg,10000,,,,,,,,,,,,,,,-1.8258743942467321,-10.773077066164142,4.450847325411848,estimable,3.0,1.0
cluster_bootstrap,participant_cluster,confidence_interval,paired_pose.learned_oracle_hand_minus_persistence.orientation_median_difference_deg,10000,,,,,,,,,,,,,,,1.913178129483893,-2.7023770119235078,4.654895433217983,estimable,3.0,1.0
cluster_bootstrap,participant_cluster,confidence_interval,paired_pose.learned_oracle_hand_minus_persistence.learned_win_fraction,10000,,,,,,,,,,,,,,,0.4354772927689594,0.3095238095238095,0.6290509259259258,estimable,3.0,1.0
cluster_bootstrap,participant_cluster,confidence_interval,paired_pose.learned_oracle_hand_minus_persistence.coverage,10000,,,,,,,,,,,,,,,0.9852607709750568,0.95578231292517,1.0,estimable,3.0,1.0
cluster_bootstrap,sequence_cluster,confidence_interval,classification.intention.accuracy,10000,,,,,,,,,,,,,,,0.872419353891101,0.7969684909534239,0.9251988176308596,estimable,23.0,1.0
cluster_bootstrap,sequence_cluster,confidence_interval,classification.intention.macro_f1,10000,,,,,,,,,,,,,,,0.8377604509640003,0.7629935127954376,0.8937905199923958,estimable,23.0,1.0
cluster_bootstrap,sequence_cluster,confidence_interval,classification.intention.macro_f1_supported,10000,,,,,,,,,,,,,,,0.8377604509640003,0.7629935127954376,0.8937905199923958,estimable,23.0,1.0
cluster_bootstrap,sequence_cluster,confidence_interval,classification.intention.coverage,10000,,,,,,,,,,,,,,,1.0,1.0,1.0,estimable,23.0,1.0
cluster_bootstrap,sequence_cluster,confidence_interval,classification.assistance.accuracy,10000,,,,,,,,,,,,,,,0.894993113215833,0.8347172924976876,0.9385082994991594,estimable,23.0,1.0
cluster_bootstrap,sequence_cluster,confidence_interval,classification.assistance.macro_f1,10000,,,,,,,,,,,,,,,0.8764070604668982,0.80756291833105,0.9256185550088125,estimable,23.0,1.0
cluster_bootstrap,sequence_cluster,confidence_interval,classification.assistance.macro_f1_supported,10000,,,,,,,,,,,,,,,0.8764070604668982,0.80756291833105,0.9256185550088125,estimable,23.0,1.0
cluster_bootstrap,sequence_cluster,confidence_interval,classification.assistance.coverage,10000,,,,,,,,,,,,,,,1.0,1.0,1.0,estimable,23.0,1.0
cluster_bootstrap,sequence_cluster,confidence_interval,classification.assistance_type_given_ground_truth_assistance.accuracy,10000,,,,,,,,,,,,,,,0.9297384474595868,0.8814039377663817,0.9695192661605705,estimable,23.0,1.0
cluster_bootstrap,sequence_cluster,confidence_interval,classification.assistance_type_given_ground_truth_assistance.macro_f1,10000,,,,,,,,,,,,,,,0.926644837322848,0.8751632900414564,0.968438706225992,estimable,23.0,1.0
cluster_bootstrap,sequence_cluster,confidence_interval,classification.assistance_type_given_ground_truth_assistance.macro_f1_supported,10000,,,,,,,,,,,,,,,0.926644837322848,0.8751632900414564,0.968438706225992,estimable,23.0,1.0
cluster_bootstrap,sequence_cluster,confidence_interval,classification.assistance_type_given_ground_truth_assistance.coverage,10000,,,,,,,,,,,,,,,1.0,1.0,1.0,estimable,23.0,1.0
cluster_bootstrap,sequence_cluster,confidence_interval,classification.receiving_hand_given_ground_truth_handover.accuracy,10000,,,,,,,,,,,,,,,0.9601398601398602,0.9257221039829736,0.9881422924901185,estimable,23.0,1.0
cluster_bootstrap,sequence_cluster,confidence_interval,classification.receiving_hand_given_ground_truth_handover.macro_f1,10000,,,,,,,,,,,,,,,0.4889381902972348,0.47924203348154754,0.4965977377165076,estimable,23.0,1.0
cluster_bootstrap,sequence_cluster,confidence_interval,classification.receiving_hand_given_ground_truth_handover.macro_f1_supported,10000,,,,,,,,,,,,,,,0.9778763805944696,0.9584840669630951,0.9931954754330152,estimable,23.0,1.0
cluster_bootstrap,sequence_cluster,confidence_interval,classification.receiving_hand_given_ground_truth_handover.coverage,10000,,,,,,,,,,,,,,,1.0,1.0,1.0,estimable,23.0,1.0
cluster_bootstrap,sequence_cluster,confidence_interval,pose.learned_end_to_end.native.position_mean_cm,10000,,,,,,,,,,,,,,,15.235792176624853,12.592814864358568,17.823847351743137,estimable,22.0,1.0
cluster_bootstrap,sequence_cluster,confidence_interval,pose.learned_end_to_end.native.position_median_cm,10000,,,,,,,,,,,,,,,11.990044924278806,9.057956736923682,15.006411933659017,estimable,22.0,1.0
cluster_bootstrap,sequence_cluster,confidence_interval,pose.learned_end_to_end.native.position_rmse_cm,10000,,,,,,,,,,,,,,,19.288678264502376,16.090163841199658,22.259160713208097,estimable,22.0,1.0
cluster_bootstrap,sequence_cluster,confidence_interval,pose.learned_end_to_end.native.orientation_mean_deg,10000,,,,,,,,,,,,,,,43.6365468868243,35.429580390284244,51.69880058437786,estimable,22.0,1.0
cluster_bootstrap,sequence_cluster,confidence_interval,pose.learned_end_to_end.native.orientation_median_deg,10000,,,,,,,,,,,,,,,29.034422468962536,21.03204504430885,37.46937478458374,estimable,22.0,1.0
cluster_bootstrap,sequence_cluster,confidence_interval,pose.learned_end_to_end.native.coverage,10000,,,,,,,,,,,,,,,1.0,1.0,1.0,estimable,22.0,1.0
cluster_bootstrap,sequence_cluster,confidence_interval,pose.learned_oracle_hand.native.position_mean_cm,10000,,,,,,,,,,,,,,,14.919124514344041,12.339305673501286,17.42651582599286,estimable,22.0,1.0
cluster_bootstrap,sequence_cluster,confidence_interval,pose.learned_oracle_hand.native.position_median_cm,10000,,,,,,,,,,,,,,,11.370377656660445,8.628724724057642,14.270171197734188,estimable,22.0,1.0
cluster_bootstrap,sequence_cluster,confidence_interval,pose.learned_oracle_hand.native.position_rmse_cm,10000,,,,,,,,,,,,,,,18.95415531099602,15.84305474026685,21.90546749158574,estimable,22.0,1.0
cluster_bootstrap,sequence_cluster,confidence_interval,pose.learned_oracle_hand.native.orientation_mean_deg,10000,,,,,,,,,,,,,,,40.1704204050685,32.62186216231725,47.845757459295946,estimable,22.0,1.0
cluster_bootstrap,sequence_cluster,confidence_interval,pose.learned_oracle_hand.native.orientation_median_deg,10000,,,,,,,,,,,,,,,28.166641929169202,20.19423623702841,36.649311957544576,estimable,22.0,1.0
cluster_bootstrap,sequence_cluster,confidence_interval,pose.learned_oracle_hand.native.coverage,10000,,,,,,,,,,,,,,,0.9859307359307359,0.9683229813664597,1.0,estimable,22.0,1.0
cluster_bootstrap,sequence_cluster,confidence_interval,pose.persistence.native.position_mean_cm,10000,,,,,,,,,,,,,,,15.095854974434722,11.748894029562699,18.444342111023825,estimable,22.0,1.0
cluster_bootstrap,sequence_cluster,confidence_interval,pose.persistence.native.position_median_cm,10000,,,,,,,,,,,,,,,10.33596860975867,6.547956088976874,14.391219448549647,estimable,22.0,1.0
cluster_bootstrap,sequence_cluster,confidence_interval,pose.persistence.native.position_rmse_cm,10000,,,,,,,,,,,,,,,20.82690241155052,16.886638067055138,24.540370891525367,estimable,22.0,1.0
cluster_bootstrap,sequence_cluster,confidence_interval,pose.persistence.native.orientation_mean_deg,10000,,,,,,,,,,,,,,,42.40298582985693,32.07937203333018,53.355660128765656,estimable,22.0,1.0
cluster_bootstrap,sequence_cluster,confidence_interval,pose.persistence.native.orientation_median_deg,10000,,,,,,,,,,,,,,,30.186878231661595,17.953301743751425,43.908970448290944,estimable,22.0,1.0
cluster_bootstrap,sequence_cluster,confidence_interval,pose.persistence.native.coverage,10000,,,,,,,,,,,,,,,0.9859307359307359,0.9683229813664597,1.0,estimable,22.0,1.0
cluster_bootstrap,sequence_cluster,confidence_interval,pose.constant_velocity.native.position_mean_cm,10000,,,,,,,,,,,,,,,34.497272365706074,27.330365966161363,41.904191301539335,estimable,22.0,1.0
cluster_bootstrap,sequence_cluster,confidence_interval,pose.constant_velocity.native.position_median_cm,10000,,,,,,,,,,,,,,,27.80538471750606,18.964323663202673,36.91492124779919,estimable,22.0,1.0
cluster_bootstrap,sequence_cluster,confidence_interval,pose.constant_velocity.native.position_rmse_cm,10000,,,,,,,,,,,,,,,45.186018265869386,36.76024915045074,53.942124318529764,estimable,22.0,1.0
cluster_bootstrap,sequence_cluster,confidence_interval,pose.constant_velocity.native.orientation_mean_deg,10000,,,,,,,,,,,,,,,41.888518443273966,31.362541705054028,52.98423626561732,estimable,22.0,1.0
cluster_bootstrap,sequence_cluster,confidence_interval,pose.constant_velocity.native.orientation_median_deg,10000,,,,,,,,,,,,,,,30.143863590932813,17.8942568364142,43.88297713979171,estimable,22.0,1.0
cluster_bootstrap,sequence_cluster,confidence_interval,pose.constant_velocity.native.coverage,10000,,,,,,,,,,,,,,,0.9813852813852815,0.9569160997732427,1.0,estimable,22.0,1.0
cluster_bootstrap,sequence_cluster,confidence_interval,pose.learned_oracle_hand.fair_common.position_mean_cm,10000,,,,,,,,,,,,,,,14.803835258193367,12.223072366072314,17.32458134306702,estimable,22.0,1.0
cluster_bootstrap,sequence_cluster,confidence_interval,pose.learned_oracle_hand.fair_common.position_median_cm,10000,,,,,,,,,,,,,,,11.344068537733584,8.591239025917886,14.246752013766624,estimable,22.0,1.0
cluster_bootstrap,sequence_cluster,confidence_interval,pose.learned_oracle_hand.fair_common.position_rmse_cm,10000,,,,,,,,,,,,,,,18.809606370973135,15.6958632950442,21.759044443905797,estimable,22.0,1.0
cluster_bootstrap,sequence_cluster,confidence_interval,pose.learned_oracle_hand.fair_common.orientation_mean_deg,10000,,,,,,,,,,,,,,,39.79142408085652,32.11328779988913,47.58250757245152,estimable,22.0,1.0
cluster_bootstrap,sequence_cluster,confidence_interval,pose.learned_oracle_hand.fair_common.orientation_median_deg,10000,,,,,,,,,,,,,,,28.163136325700837,20.194106607752108,36.64480123184737,estimable,22.0,1.0
cluster_bootstrap,sequence_cluster,confidence_interval,pose.learned_oracle_hand.fair_common.coverage,10000,,,,,,,,,,,,,,,0.9813852813852815,0.9569160997732427,1.0,estimable,22.0,1.0
cluster_bootstrap,sequence_cluster,confidence_interval,pose.persistence.fair_common.position_mean_cm,10000,,,,,,,,,,,,,,,14.883366192840496,11.465947270075784,18.281497923393946,estimable,22.0,1.0
cluster_bootstrap,sequence_cluster,confidence_interval,pose.persistence.fair_common.position_median_cm,10000,,,,,,,,,,,,,,,10.334009785796033,6.547391830678169,14.388159210962337,estimable,22.0,1.0
cluster_bootstrap,sequence_cluster,confidence_interval,pose.persistence.fair_common.position_rmse_cm,10000,,,,,,,,,,,,,,,20.497792236872353,16.554086217919284,24.256730431180376,estimable,22.0,1.0
cluster_bootstrap,sequence_cluster,confidence_interval,pose.persistence.fair_common.orientation_mean_deg,10000,,,,,,,,,,,,,,,41.888518443273966,31.362541705054028,52.98423626561732,estimable,22.0,1.0
cluster_bootstrap,sequence_cluster,confidence_interval,pose.persistence.fair_common.orientation_median_deg,10000,,,,,,,,,,,,,,,30.143863590932813,17.8942568364142,43.88297713979171,estimable,22.0,1.0
cluster_bootstrap,sequence_cluster,confidence_interval,pose.persistence.fair_common.coverage,10000,,,,,,,,,,,,,,,0.9813852813852815,0.9569160997732427,1.0,estimable,22.0,1.0
cluster_bootstrap,sequence_cluster,confidence_interval,pose.constant_velocity.fair_common.position_mean_cm,10000,,,,,,,,,,,,,,,34.497272365706074,27.330365966161363,41.904191301539335,estimable,22.0,1.0
cluster_bootstrap,sequence_cluster,confidence_interval,pose.constant_velocity.fair_common.position_median_cm,10000,,,,,,,,,,,,,,,27.80538471750606,18.964323663202673,36.91492124779919,estimable,22.0,1.0
cluster_bootstrap,sequence_cluster,confidence_interval,pose.constant_velocity.fair_common.position_rmse_cm,10000,,,,,,,,,,,,,,,45.186018265869386,36.76024915045074,53.942124318529764,estimable,22.0,1.0
cluster_bootstrap,sequence_cluster,confidence_interval,pose.constant_velocity.fair_common.orientation_mean_deg,10000,,,,,,,,,,,,,,,41.888518443273966,31.362541705054028,52.98423626561732,estimable,22.0,1.0
cluster_bootstrap,sequence_cluster,confidence_interval,pose.constant_velocity.fair_common.orientation_median_deg,10000,,,,,,,,,,,,,,,30.143863590932813,17.8942568364142,43.88297713979171,estimable,22.0,1.0
cluster_bootstrap,sequence_cluster,confidence_interval,pose.constant_velocity.fair_common.coverage,10000,,,,,,,,,,,,,,,0.9813852813852815,0.9569160997732427,1.0,estimable,22.0,1.0
cluster_bootstrap,sequence_cluster,confidence_interval,paired_pose.learned_end_to_end_minus_constant_velocity.position_mean_difference_cm,10000,,,,,,,,,,,,,,,-19.769131565514925,-25.6727472025361,-14.547619201084864,estimable,22.0,1.0
cluster_bootstrap,sequence_cluster,confidence_interval,paired_pose.learned_end_to_end_minus_constant_velocity.position_median_difference_cm,10000,,,,,,,,,,,,,,,-10.676554100494293,-17.272578436090267,-5.293813099810003,estimable,22.0,1.0
cluster_bootstrap,sequence_cluster,confidence_interval,paired_pose.learned_end_to_end_minus_constant_velocity.orientation_mean_difference_deg,10000,,,,,,,,,,,,,,,-0.446312426996427,-5.522330855976609,4.272031031148912,estimable,22.0,1.0
cluster_bootstrap,sequence_cluster,confidence_interval,paired_pose.learned_end_to_end_minus_constant_velocity.orientation_median_difference_deg,10000,,,,,,,,,,,,,,,2.179178124129029,-0.3243405119388494,4.489413263468105,estimable,22.0,1.0
cluster_bootstrap,sequence_cluster,confidence_interval,paired_pose.learned_end_to_end_minus_constant_velocity.learned_win_fraction,10000,,,,,,,,,,,,,,,0.6965818903318904,0.5966888802622499,0.7925250270562771,estimable,22.0,1.0
cluster_bootstrap,sequence_cluster,confidence_interval,paired_pose.learned_end_to_end_minus_constant_velocity.coverage,10000,,,,,,,,,,,,,,,0.9813852813852815,0.9569160997732427,1.0,estimable,22.0,1.0
cluster_bootstrap,sequence_cluster,confidence_interval,paired_pose.learned_end_to_end_minus_persistence.position_mean_difference_cm,10000,,,,,,,,,,,,,,,-0.2560184460185861,-1.384074491770329,0.8513336885410928,estimable,22.0,1.0
cluster_bootstrap,sequence_cluster,confidence_interval,paired_pose.learned_end_to_end_minus_persistence.position_median_difference_cm,10000,,,,,,,,,,,,,,,0.8614674574899989,0.14068879486290728,1.5857977082935293,estimable,22.0,1.0
cluster_bootstrap,sequence_cluster,confidence_interval,paired_pose.learned_end_to_end_minus_persistence.orientation_mean_difference_deg,10000,,,,,,,,,,,,,,,-0.2508557732366584,-5.393140917595832,4.4752402639025615,estimable,22.0,1.0
cluster_bootstrap,sequence_cluster,confidence_interval,paired_pose.learned_end_to_end_minus_persistence.orientation_median_difference_deg,10000,,,,,,,,,,,,,,,2.1945344271552667,-0.31635335220574007,4.5121947863096565,estimable,22.0,1.0
cluster_bootstrap,sequence_cluster,confidence_interval,paired_pose.learned_end_to_end_minus_persistence.learned_win_fraction,10000,,,,,,,,,,,,,,,0.44427609427609416,0.3434006603300082,0.5485617784992783,estimable,22.0,1.0
cluster_bootstrap,sequence_cluster,confidence_interval,paired_pose.learned_end_to_end_minus_persistence.coverage,10000,,,,,,,,,,,,,,,0.9859307359307359,0.9683229813664597,1.0,estimable,22.0,1.0
cluster_bootstrap,sequence_cluster,confidence_interval,paired_pose.learned_oracle_hand_minus_constant_velocity.position_mean_difference_cm,10000,,,,,,,,,,,,,,,-19.693437107512707,-25.554892468478265,-14.491703818997044,estimable,22.0,1.0
cluster_bootstrap,sequence_cluster,confidence_interval,paired_pose.learned_oracle_hand_minus_constant_velocity.position_median_difference_cm,10000,,,,,,,,,,,,,,,-10.35620712899722,-16.88004862025859,-5.0772938581371925,estimable,22.0,1.0
cluster_bootstrap,sequence_cluster,confidence_interval,paired_pose.learned_oracle_hand_minus_constant_velocity.orientation_mean_difference_deg,10000,,,,,,,,,,,,,,,-2.0970943624174425,-6.940279121988039,2.3111254266766217,estimable,22.0,1.0
cluster_bootstrap,sequence_cluster,confidence_interval,paired_pose.learned_oracle_hand_minus_constant_velocity.orientation_median_difference_deg,10000,,,,,,,,,,,,,,,1.7187364715370672,-0.8089798338687796,4.061178112427029,estimable,22.0,1.0
cluster_bootstrap,sequence_cluster,confidence_interval,paired_pose.learned_oracle_hand_minus_constant_velocity.learned_win_fraction,10000,,,,,,,,,,,,,,,0.6965818903318904,0.5966888802622499,0.7925250270562771,estimable,22.0,1.0
cluster_bootstrap,sequence_cluster,confidence_interval,paired_pose.learned_oracle_hand_minus_constant_velocity.coverage,10000,,,,,,,,,,,,,,,0.9813852813852815,0.9569160997732427,1.0,estimable,22.0,1.0
cluster_bootstrap,sequence_cluster,confidence_interval,paired_pose.learned_oracle_hand_minus_persistence.position_mean_difference_cm,10000,,,,,,,,,,,,,,,-0.17673046009068097,-1.2736899514007174,0.8975880504453057,estimable,22.0,1.0
cluster_bootstrap,sequence_cluster,confidence_interval,paired_pose.learned_oracle_hand_minus_persistence.position_median_difference_cm,10000,,,,,,,,,,,,,,,0.8614674574899989,0.14068879486290728,1.5857977082935293,estimable,22.0,1.0
cluster_bootstrap,sequence_cluster,confidence_interval,paired_pose.learned_oracle_hand_minus_persistence.orientation_mean_difference_deg,10000,,,,,,,,,,,,,,,-2.2325654247884326,-7.0597480129749375,2.1568011709097683,estimable,22.0,1.0
cluster_bootstrap,sequence_cluster,confidence_interval,paired_pose.learned_oracle_hand_minus_persistence.orientation_median_difference_deg,10000,,,,,,,,,,,,,,,1.7033801685108296,-0.819313657449036,4.052130791038802,estimable,22.0,1.0
cluster_bootstrap,sequence_cluster,confidence_interval,paired_pose.learned_oracle_hand_minus_persistence.learned_win_fraction,10000,,,,,,,,,,,,,,,0.44427609427609416,0.3434006603300082,0.5485617784992783,estimable,22.0,1.0
cluster_bootstrap,sequence_cluster,confidence_interval,paired_pose.learned_oracle_hand_minus_persistence.coverage,10000,,,,,,,,,,,,,,,0.9859307359307359,0.9683229813664597,1.0,estimable,22.0,1.0
