level,group,domain,method,samples,denominator,coverage,accuracy,macro_f1,macro_f1_supported,position_mean_cm,position_median_cm,position_rmse_cm,orientation_mean_deg,orientation_median_deg,position_mean_difference_cm,position_median_difference_cm,orientation_mean_difference_deg,learned_win_fraction,estimate,ci_lower,ci_upper,status,metric_contributing_clusters,valid_replicate_fraction
window,all,classification,intention,2199,2199.0,1.0,0.869031377899045,0.823118552093067,0.823118552093067,,,,,,,,,,,,,,,
window,all,classification,assistance,2199,2199.0,1.0,0.8885857207821737,0.8748715921550849,0.8748715921550849,,,,,,,,,,,,,,,
window,all,classification,assistance_type_given_ground_truth_assistance,647,647.0,1.0,0.9319938176197836,0.9317942230655702,0.9317942230655702,,,,,,,,,,,,,,,
window,all,classification,receiving_hand_given_ground_truth_handover,304,304.0,1.0,0.9572368421052632,0.9463386152864339,0.9463386152864339,,,,,,,,,,,,,,,
window,all,pose,learned_end_to_end,216,217.0,0.9953917050691244,,,,15.260574917635909,10.344373689369235,19.19082499217146,41.98119980677219,21.21937243843893,,,,,,,,,,
window,all,pose,learned_oracle_hand,214,217.0,0.9861751152073732,,,,15.395036346007979,10.162010846980051,19.521272805477132,38.0727225477075,20.590982901967926,,,,,,,,,,
window,all,pose,persistence,214,217.0,0.9861751152073732,,,,14.965275549312453,6.707455036400161,22.50912885096108,42.4043839226949,15.658195619648684,,,,,,,,,,
window,all,pose,constant_velocity,213,217.0,0.9815668202764977,,,,33.49035494558316,28.088438737903104,47.923339307254395,42.04896856236211,15.505820107708042,,,,,,,,,,
window,all,pose_fair_common,learned_oracle_hand,213,217.0,0.9815668202764977,,,,15.303106379588847,10.039980556645794,19.419728940560496,37.86299117725116,20.01006250789648,,,,,,,,,,
window,all,pose_fair_common,persistence,213,217.0,0.9815668202764977,,,,14.80422205700099,6.342896434320831,22.30791016833363,42.04896856236211,15.505820107708042,,,,,,,,,,
window,all,pose_fair_common,constant_velocity,213,217.0,0.9815668202764977,,,,33.49035494558316,28.088438737903104,47.923339307254395,42.04896856236211,15.505820107708042,,,,,,,,,,
window,all,paired_pose_difference,learned_end_to_end_minus_persistence,213,217.0,0.9815668202764977,,,,,,,,,0.16740130907092127,1.1881169952483417,-1.8717854593448748,0.41784037558685444,,,,,,
window,all,paired_pose_difference,learned_end_to_end_minus_constant_velocity,212,217.0,0.9769585253456221,,,,,,,,,-18.151500523322177,-6.211865454300215,-2.0795433607887865,0.6415094339622641,,,,,,
window,all,paired_pose_difference,learned_oracle_hand_minus_persistence,214,217.0,0.9861751152073732,,,,,,,,,0.4297607966955238,1.1796447550099738,-4.331661374987401,0.4158878504672897,,,,,,
window,all,paired_pose_difference,learned_oracle_hand_minus_constant_velocity,213,217.0,0.9815668202764977,,,,,,,,,-18.187248565994317,-6.516823359004121,-4.185977385110961,0.6431924882629108,,,,,,
sequence,Edu_10_20260616_150412,classification,intention,87,87.0,1.0,0.632183908045977,0.6443093549476527,0.6443093549476527,,,,,,,,,,,,,,,
sequence,Edu_10_20260616_150412,classification,assistance,87,87.0,1.0,0.632183908045977,0.6175824175824176,0.6175824175824176,,,,,,,,,,,,,,,
sequence,Edu_10_20260616_150412,classification,assistance_type_given_ground_truth_assistance,36,36.0,1.0,1.0,1.0,1.0,,,,,,,,,,,,,,,
sequence,Edu_10_20260616_150412,classification,receiving_hand_given_ground_truth_handover,19,19.0,1.0,1.0,0.5,1.0,,,,,,,,,,,,,,,
sequence,Edu_10_20260616_150412,pose,learned_end_to_end,16,16.0,1.0,,,,23.30532692019901,25.009781472710518,27.531145769624793,46.36973549707711,31.631907612011233,,,,,,,,,,
sequence,Edu_10_20260616_150412,pose,learned_oracle_hand,16,16.0,1.0,,,,23.30532692019901,25.009781472710518,27.531145769624793,46.36973549707711,31.631907612011233,,,,,,,,,,
sequence,Edu_10_20260616_150412,pose,persistence,16,16.0,1.0,,,,25.566901574789515,25.04009698600112,32.05837128446061,63.98403523484791,47.030379780373465,,,,,,,,,,
sequence,Edu_10_20260616_150412,pose,constant_velocity,16,16.0,1.0,,,,53.98047030998142,53.48416582047891,62.949131207376006,63.98403523484791,47.030379780373465,,,,,,,,,,
sequence,Edu_10_20260616_150412,pose_fair_common,learned_oracle_hand,16,16.0,1.0,,,,23.30532692019901,25.009781472710518,27.531145769624793,46.36973549707711,31.631907612011233,,,,,,,,,,
sequence,Edu_10_20260616_150412,pose_fair_common,persistence,16,16.0,1.0,,,,25.566901574789515,25.04009698600112,32.05837128446061,63.98403523484791,47.030379780373465,,,,,,,,,,
sequence,Edu_10_20260616_150412,pose_fair_common,constant_velocity,16,16.0,1.0,,,,53.98047030998142,53.48416582047891,62.949131207376006,63.98403523484791,47.030379780373465,,,,,,,,,,
sequence,Edu_10_20260616_150412,paired_pose_difference,learned_end_to_end_minus_persistence,16,16.0,1.0,,,,,,,,,-2.2615746545905036,-0.7772665196889559,-17.614299737770807,0.5,,,,,,
sequence,Edu_10_20260616_150412,paired_pose_difference,learned_end_to_end_minus_constant_velocity,16,16.0,1.0,,,,,,,,,-30.67514338978241,-16.07387120249833,-17.614299737770807,0.9375,,,,,,
sequence,Edu_10_20260616_150412,paired_pose_difference,learned_oracle_hand_minus_persistence,16,16.0,1.0,,,,,,,,,-2.2615746545905036,-0.7772665196889559,-17.614299737770807,0.5,,,,,,
sequence,Edu_10_20260616_150412,paired_pose_difference,learned_oracle_hand_minus_constant_velocity,16,16.0,1.0,,,,,,,,,-30.67514338978241,-16.07387120249833,-17.614299737770807,0.9375,,,,,,
sequence,Edu_2_20260604_170420,classification,intention,62,62.0,1.0,0.9838709677419355,0.9741935483870968,0.9741935483870968,,,,,,,,,,,,,,,
sequence,Edu_2_20260604_170420,classification,assistance,62,62.0,1.0,0.9838709677419355,0.978494623655914,0.978494623655914,,,,,,,,,,,,,,,
sequence,Edu_2_20260604_170420,classification,assistance_type_given_ground_truth_assistance,16,16.0,1.0,1.0,1.0,1.0,,,,,,,,,,,,,,,
sequence,Edu_2_20260604_170420,classification,receiving_hand_given_ground_truth_handover,8,8.0,1.0,1.0,0.5,1.0,,,,,,,,,,,,,,,
sequence,Edu_2_20260604_170420,pose,learned_end_to_end,5,5.0,1.0,,,,15.460376125633076,9.354503634809925,19.236013834326698,48.68077400621106,18.722720221812057,,,,,,,,,,
sequence,Edu_2_20260604_170420,pose,learned_oracle_hand,5,5.0,1.0,,,,15.460376125633076,9.354503634809925,19.236013834326698,48.68077400621106,18.722720221812057,,,,,,,,,,
sequence,Edu_2_20260604_170420,pose,persistence,5,5.0,1.0,,,,21.486651169759398,20.14640446952149,24.954687985105938,74.19832838081501,85.58061361997649,,,,,,,,,,
sequence,Edu_2_20260604_170420,pose,constant_velocity,5,5.0,1.0,,,,41.63753319182213,36.57006626742291,43.64996561285346,74.19832838081501,85.58061361997649,,,,,,,,,,
sequence,Edu_2_20260604_170420,pose_fair_common,learned_oracle_hand,5,5.0,1.0,,,,15.460376125633076,9.354503634809925,19.236013834326698,48.68077400621106,18.722720221812057,,,,,,,,,,
sequence,Edu_2_20260604_170420,pose_fair_common,persistence,5,5.0,1.0,,,,21.486651169759398,20.14640446952149,24.954687985105938,74.19832838081501,85.58061361997649,,,,,,,,,,
sequence,Edu_2_20260604_170420,pose_fair_common,constant_velocity,5,5.0,1.0,,,,41.63753319182213,36.57006626742291,43.64996561285346,74.19832838081501,85.58061361997649,,,,,,,,,,
sequence,Edu_2_20260604_170420,paired_pose_difference,learned_end_to_end_minus_persistence,5,5.0,1.0,,,,,,,,,-6.026275044126321,-1.5191544899455565,-25.51755437460394,0.8,,,,,,
sequence,Edu_2_20260604_170420,paired_pose_difference,learned_end_to_end_minus_constant_velocity,5,5.0,1.0,,,,,,,,,-26.177157066189057,-22.150701388385997,-25.51755437460394,1.0,,,,,,
sequence,Edu_2_20260604_170420,paired_pose_difference,learned_oracle_hand_minus_persistence,5,5.0,1.0,,,,,,,,,-6.026275044126321,-1.5191544899455565,-25.51755437460394,0.8,,,,,,
sequence,Edu_2_20260604_170420,paired_pose_difference,learned_oracle_hand_minus_constant_velocity,5,5.0,1.0,,,,,,,,,-26.177157066189057,-22.150701388385997,-25.51755437460394,1.0,,,,,,
sequence,Edu_3_20260604_170622,classification,intention,73,73.0,1.0,1.0,1.0,1.0,,,,,,,,,,,,,,,
sequence,Edu_3_20260604_170622,classification,assistance,73,73.0,1.0,1.0,1.0,1.0,,,,,,,,,,,,,,,
sequence,Edu_3_20260604_170622,classification,assistance_type_given_ground_truth_assistance,22,22.0,1.0,1.0,1.0,1.0,,,,,,,,,,,,,,,
sequence,Edu_3_20260604_170622,classification,receiving_hand_given_ground_truth_handover,11,11.0,1.0,1.0,0.5,1.0,,,,,,,,,,,,,,,
sequence,Edu_3_20260604_170622,pose,learned_end_to_end,8,8.0,1.0,,,,10.774445512932147,8.437791425006331,13.862050857710313,37.539934391743,29.540614630792795,,,,,,,,,,
sequence,Edu_3_20260604_170622,pose,learned_oracle_hand,8,8.0,1.0,,,,10.774445512932147,8.437791425006331,13.862050857710313,37.539934391743,29.540614630792795,,,,,,,,,,
sequence,Edu_3_20260604_170622,pose,persistence,8,8.0,1.0,,,,15.743628521134667,14.989689485723664,20.927320771391695,61.71930545895522,59.719773286405925,,,,,,,,,,
sequence,Edu_3_20260604_170622,pose,constant_velocity,8,8.0,1.0,,,,28.60832945199239,31.06138185711279,34.1318762078674,61.71930545895522,59.719773286405925,,,,,,,,,,
sequence,Edu_3_20260604_170622,pose_fair_common,learned_oracle_hand,8,8.0,1.0,,,,10.774445512932147,8.437791425006331,13.862050857710313,37.539934391743,29.540614630792795,,,,,,,,,,
sequence,Edu_3_20260604_170622,pose_fair_common,persistence,8,8.0,1.0,,,,15.743628521134667,14.989689485723664,20.927320771391695,61.71930545895522,59.719773286405925,,,,,,,,,,
sequence,Edu_3_20260604_170622,pose_fair_common,constant_velocity,8,8.0,1.0,,,,28.60832945199239,31.06138185711279,34.1318762078674,61.71930545895522,59.719773286405925,,,,,,,,,,
sequence,Edu_3_20260604_170622,paired_pose_difference,learned_end_to_end_minus_persistence,8,8.0,1.0,,,,,,,,,-4.969183008202522,-2.104818131793216,-24.179371067212223,0.625,,,,,,
sequence,Edu_3_20260604_170622,paired_pose_difference,learned_end_to_end_minus_constant_velocity,8,8.0,1.0,,,,,,,,,-17.83388393906024,-14.36241401350873,-24.179371067212223,0.875,,,,,,
sequence,Edu_3_20260604_170622,paired_pose_difference,learned_oracle_hand_minus_persistence,8,8.0,1.0,,,,,,,,,-4.969183008202522,-2.104818131793216,-24.179371067212223,0.625,,,,,,
sequence,Edu_3_20260604_170622,paired_pose_difference,learned_oracle_hand_minus_constant_velocity,8,8.0,1.0,,,,,,,,,-17.83388393906024,-14.36241401350873,-24.179371067212223,0.875,,,,,,
sequence,Edu_4_20260604_170837,classification,intention,94,94.0,1.0,0.9680851063829787,0.9578836535930507,0.9578836535930507,,,,,,,,,,,,,,,
sequence,Edu_4_20260604_170837,classification,assistance,94,94.0,1.0,0.9680851063829787,0.9622338288469265,0.9622338288469265,,,,,,,,,,,,,,,
sequence,Edu_4_20260604_170837,classification,assistance_type_given_ground_truth_assistance,27,27.0,1.0,1.0,1.0,1.0,,,,,,,,,,,,,,,
sequence,Edu_4_20260604_170837,classification,receiving_hand_given_ground_truth_handover,13,13.0,1.0,1.0,0.5,1.0,,,,,,,,,,,,,,,
sequence,Edu_4_20260604_170837,pose,learned_end_to_end,9,9.0,1.0,,,,11.561921377227394,7.306616617154699,14.658589109273384,30.203185143584626,20.01006250789648,,,,,,,,,,
sequence,Edu_4_20260604_170837,pose,learned_oracle_hand,9,9.0,1.0,,,,11.561921377227394,7.306616617154699,14.658589109273384,30.203185143584626,20.01006250789648,,,,,,,,,,
sequence,Edu_4_20260604_170837,pose,persistence,9,9.0,1.0,,,,17.403458076374132,13.01501137573787,22.848022892260833,50.62052117831091,37.57925224680601,,,,,,,,,,
sequence,Edu_4_20260604_170837,pose,constant_velocity,9,9.0,1.0,,,,30.116104721768888,32.774881628133826,37.85669539022096,50.62052117831091,37.57925224680601,,,,,,,,,,
sequence,Edu_4_20260604_170837,pose_fair_common,learned_oracle_hand,9,9.0,1.0,,,,11.561921377227394,7.306616617154699,14.658589109273384,30.203185143584626,20.01006250789648,,,,,,,,,,
sequence,Edu_4_20260604_170837,pose_fair_common,persistence,9,9.0,1.0,,,,17.403458076374132,13.01501137573787,22.848022892260833,50.62052117831091,37.57925224680601,,,,,,,,,,
sequence,Edu_4_20260604_170837,pose_fair_common,constant_velocity,9,9.0,1.0,,,,30.116104721768888,32.774881628133826,37.85669539022096,50.62052117831091,37.57925224680601,,,,,,,,,,
sequence,Edu_4_20260604_170837,paired_pose_difference,learned_end_to_end_minus_persistence,9,9.0,1.0,,,,,,,,,-5.84153669914674,-3.703371319736455,-20.41733603472628,0.6666666666666666,,,,,,
sequence,Edu_4_20260604_170837,paired_pose_difference,learned_end_to_end_minus_constant_velocity,9,9.0,1.0,,,,,,,,,-18.55418334454149,-6.598823760295186,-20.41733603472628,0.8888888888888888,,,,,,
sequence,Edu_4_20260604_170837,paired_pose_difference,learned_oracle_hand_minus_persistence,9,9.0,1.0,,,,,,,,,-5.84153669914674,-3.703371319736455,-20.41733603472628,0.6666666666666666,,,,,,
sequence,Edu_4_20260604_170837,paired_pose_difference,learned_oracle_hand_minus_constant_velocity,9,9.0,1.0,,,,,,,,,-18.55418334454149,-6.598823760295186,-20.41733603472628,0.8888888888888888,,,,,,
sequence,Edu_5_20260604_170944,classification,intention,93,93.0,1.0,0.978494623655914,0.9697040531542637,0.9697040531542637,,,,,,,,,,,,,,,
sequence,Edu_5_20260604_170944,classification,assistance,93,93.0,1.0,0.978494623655914,0.9739057239057239,0.9739057239057239,,,,,,,,,,,,,,,
sequence,Edu_5_20260604_170944,classification,assistance_type_given_ground_truth_assistance,28,28.0,1.0,1.0,1.0,1.0,,,,,,,,,,,,,,,
sequence,Edu_5_20260604_170944,classification,receiving_hand_given_ground_truth_handover,16,16.0,1.0,1.0,0.5,1.0,,,,,,,,,,,,,,,
sequence,Edu_5_20260604_170944,pose,learned_end_to_end,12,12.0,1.0,,,,12.7907595389117,9.727631686614949,15.71244870594921,38.769629166271834,28.79140133890771,,,,,,,,,,
sequence,Edu_5_20260604_170944,pose,learned_oracle_hand,12,12.0,1.0,,,,12.7907595389117,9.727631686614949,15.71244870594921,38.769629166271834,28.79140133890771,,,,,,,,,,
sequence,Edu_5_20260604_170944,pose,persistence,12,12.0,1.0,,,,16.932029604092115,12.536886573482576,22.403795538592654,54.0190830924866,43.005180542945425,,,,,,,,,,
sequence,Edu_5_20260604_170944,pose,constant_velocity,12,12.0,1.0,,,,36.55765683395775,35.94200184573948,42.108427032371196,54.0190830924866,43.005180542945425,,,,,,,,,,
sequence,Edu_5_20260604_170944,pose_fair_common,learned_oracle_hand,12,12.0,1.0,,,,12.7907595389117,9.727631686614949,15.71244870594921,38.769629166271834,28.79140133890771,,,,,,,,,,
sequence,Edu_5_20260604_170944,pose_fair_common,persistence,12,12.0,1.0,,,,16.932029604092115,12.536886573482576,22.403795538592654,54.0190830924866,43.005180542945425,,,,,,,,,,
sequence,Edu_5_20260604_170944,pose_fair_common,constant_velocity,12,12.0,1.0,,,,36.55765683395775,35.94200184573948,42.108427032371196,54.0190830924866,43.005180542945425,,,,,,,,,,
sequence,Edu_5_20260604_170944,paired_pose_difference,learned_end_to_end_minus_persistence,12,12.0,1.0,,,,,,,,,-4.141270065180417,-2.992597129249898,-15.249453926214777,0.6666666666666666,,,,,,
sequence,Edu_5_20260604_170944,paired_pose_difference,learned_end_to_end_minus_constant_velocity,12,12.0,1.0,,,,,,,,,-23.76689729504605,-19.649612221772028,-15.249453926214777,0.8333333333333334,,,,,,
sequence,Edu_5_20260604_170944,paired_pose_difference,learned_oracle_hand_minus_persistence,12,12.0,1.0,,,,,,,,,-4.141270065180417,-2.992597129249898,-15.249453926214777,0.6666666666666666,,,,,,
sequence,Edu_5_20260604_170944,paired_pose_difference,learned_oracle_hand_minus_constant_velocity,12,12.0,1.0,,,,,,,,,-23.76689729504605,-19.649612221772028,-15.249453926214777,0.8333333333333334,,,,,,
sequence,Edu_6_20260616_145740,classification,intention,91,91.0,1.0,0.9120879120879121,0.8669762299613045,0.8669762299613045,,,,,,,,,,,,,,,
sequence,Edu_6_20260616_145740,classification,assistance,91,91.0,1.0,0.9560439560439561,0.9560386473429952,0.9560386473429952,,,,,,,,,,,,,,,
sequence,Edu_6_20260616_145740,classification,assistance_type_given_ground_truth_assistance,44,44.0,1.0,0.9090909090909091,0.8787878787878787,0.8787878787878787,,,,,,,,,,,,,,,
sequence,Edu_6_20260616_145740,classification,receiving_hand_given_ground_truth_handover,31,31.0,1.0,1.0,0.5,1.0,,,,,,,,,,,,,,,
sequence,Edu_6_20260616_145740,pose,learned_end_to_end,27,27.0,1.0,,,,16.789960725458794,18.88280638680954,19.54526422271358,55.186723521383904,51.790658194974775,,,,,,,,,,
sequence,Edu_6_20260616_145740,pose,learned_oracle_hand,27,27.0,1.0,,,,16.789960725458794,18.88280638680954,19.54526422271358,55.186723521383904,51.790658194974775,,,,,,,,,,
sequence,Edu_6_20260616_145740,pose,persistence,27,27.0,1.0,,,,11.013397541273791,7.993504282260109,16.199496588442507,39.773532495963416,24.778878809855247,,,,,,,,,,
sequence,Edu_6_20260616_145740,pose,constant_velocity,27,27.0,1.0,,,,20.981567607239615,13.30842927286588,29.161165034296854,39.773532495963416,24.778878809855247,,,,,,,,,,
sequence,Edu_6_20260616_145740,pose_fair_common,learned_oracle_hand,27,27.0,1.0,,,,16.789960725458794,18.88280638680954,19.54526422271358,55.186723521383904,51.790658194974775,,,,,,,,,,
sequence,Edu_6_20260616_145740,pose_fair_common,persistence,27,27.0,1.0,,,,11.013397541273791,7.993504282260109,16.199496588442507,39.773532495963416,24.778878809855247,,,,,,,,,,
sequence,Edu_6_20260616_145740,pose_fair_common,constant_velocity,27,27.0,1.0,,,,20.981567607239615,13.30842927286588,29.161165034296854,39.773532495963416,24.778878809855247,,,,,,,,,,
sequence,Edu_6_20260616_145740,paired_pose_difference,learned_end_to_end_minus_persistence,27,27.0,1.0,,,,,,,,,5.7765631841850045,3.1502980669547775,15.413191025420488,0.25925925925925924,,,,,,
sequence,Edu_6_20260616_145740,paired_pose_difference,learned_end_to_end_minus_constant_velocity,27,27.0,1.0,,,,,,,,,-4.191606881780822,0.9092745788483967,15.413191025420488,0.4444444444444444,,,,,,
sequence,Edu_6_20260616_145740,paired_pose_difference,learned_oracle_hand_minus_persistence,27,27.0,1.0,,,,,,,,,5.7765631841850045,3.1502980669547775,15.413191025420488,0.25925925925925924,,,,,,
sequence,Edu_6_20260616_145740,paired_pose_difference,learned_oracle_hand_minus_constant_velocity,27,27.0,1.0,,,,,,,,,-4.191606881780822,0.9092745788483967,15.413191025420488,0.4444444444444444,,,,,,
sequence,Edu_7_20260616_145927,classification,intention,72,72.0,1.0,0.9027777777777778,0.8782268132576214,0.8782268132576214,,,,,,,,,,,,,,,
sequence,Edu_7_20260616_145927,classification,assistance,72,72.0,1.0,0.9305555555555556,0.9264555669050051,0.9264555669050051,,,,,,,,,,,,,,,
sequence,Edu_7_20260616_145927,classification,assistance_type_given_ground_truth_assistance,25,25.0,1.0,0.92,0.9198717948717948,0.9198717948717948,,,,,,,,,,,,,,,
sequence,Edu_7_20260616_145927,classification,receiving_hand_given_ground_truth_handover,11,11.0,1.0,1.0,0.5,1.0,,,,,,,,,,,,,,,
sequence,Edu_7_20260616_145927,pose,learned_end_to_end,8,8.0,1.0,,,,23.604381767020435,23.87326997713796,25.295178142102923,73.36527042483127,53.426697997851484,,,,,,,,,,
sequence,Edu_7_20260616_145927,pose,learned_oracle_hand,8,8.0,1.0,,,,23.604381767020435,23.87326997713796,25.295178142102923,73.36527042483127,53.426697997851484,,,,,,,,,,
sequence,Edu_7_20260616_145927,pose,persistence,8,8.0,1.0,,,,28.393272366562265,29.672846724132516,30.659900934788933,107.26237965542245,112.44713283478453,,,,,,,,,,
sequence,Edu_7_20260616_145927,pose,constant_velocity,8,8.0,1.0,,,,50.49458672653097,43.94366523178907,56.94489302767832,107.26237965542245,112.44713283478453,,,,,,,,,,
sequence,Edu_7_20260616_145927,pose_fair_common,learned_oracle_hand,8,8.0,1.0,,,,23.604381767020435,23.87326997713796,25.295178142102923,73.36527042483127,53.426697997851484,,,,,,,,,,
sequence,Edu_7_20260616_145927,pose_fair_common,persistence,8,8.0,1.0,,,,28.393272366562265,29.672846724132516,30.659900934788933,107.26237965542245,112.44713283478453,,,,,,,,,,
sequence,Edu_7_20260616_145927,pose_fair_common,constant_velocity,8,8.0,1.0,,,,50.49458672653097,43.94366523178907,56.94489302767832,107.26237965542245,112.44713283478453,,,,,,,,,,
sequence,Edu_7_20260616_145927,paired_pose_difference,learned_end_to_end_minus_persistence,8,8.0,1.0,,,,,,,,,-4.788890599541829,-2.5420212619825513,-33.8971092305912,0.75,,,,,,
sequence,Edu_7_20260616_145927,paired_pose_difference,learned_end_to_end_minus_constant_velocity,8,8.0,1.0,,,,,,,,,-26.890204959510534,-23.17738313389973,-33.8971092305912,1.0,,,,,,
sequence,Edu_7_20260616_145927,paired_pose_difference,learned_oracle_hand_minus_persistence,8,8.0,1.0,,,,,,,,,-4.788890599541829,-2.5420212619825513,-33.8971092305912,0.75,,,,,,
sequence,Edu_7_20260616_145927,paired_pose_difference,learned_oracle_hand_minus_constant_velocity,8,8.0,1.0,,,,,,,,,-26.890204959510534,-23.17738313389973,-33.8971092305912,1.0,,,,,,
sequence,Edu_8_20260616_150108,classification,intention,62,62.0,1.0,1.0,1.0,1.0,,,,,,,,,,,,,,,
sequence,Edu_8_20260616_150108,classification,assistance,62,62.0,1.0,1.0,1.0,1.0,,,,,,,,,,,,,,,
sequence,Edu_8_20260616_150108,classification,assistance_type_given_ground_truth_assistance,28,28.0,1.0,1.0,1.0,1.0,,,,,,,,,,,,,,,
sequence,Edu_8_20260616_150108,classification,receiving_hand_given_ground_truth_handover,12,12.0,1.0,1.0,0.5,1.0,,,,,,,,,,,,,,,
sequence,Edu_8_20260616_150108,pose,learned_end_to_end,9,9.0,1.0,,,,23.87786244186677,24.37182483180121,25.970765670277682,57.57089661564904,47.62856620797949,,,,,,,,,,
sequence,Edu_8_20260616_150108,pose,learned_oracle_hand,9,9.0,1.0,,,,23.87786244186677,24.37182483180121,25.970765670277682,57.57089661564904,47.62856620797949,,,,,,,,,,
sequence,Edu_8_20260616_150108,pose,persistence,9,9.0,1.0,,,,27.06441521799234,28.261565210305484,29.66715366260655,83.08970138532331,89.05255484510171,,,,,,,,,,
sequence,Edu_8_20260616_150108,pose,constant_velocity,9,9.0,1.0,,,,53.42795307312696,49.134578109185234,60.25727381428846,83.08970138532331,89.05255484510171,,,,,,,,,,
sequence,Edu_8_20260616_150108,pose_fair_common,learned_oracle_hand,9,9.0,1.0,,,,23.87786244186677,24.37182483180121,25.970765670277682,57.57089661564904,47.62856620797949,,,,,,,,,,
sequence,Edu_8_20260616_150108,pose_fair_common,persistence,9,9.0,1.0,,,,27.06441521799234,28.261565210305484,29.66715366260655,83.08970138532331,89.05255484510171,,,,,,,,,,
sequence,Edu_8_20260616_150108,pose_fair_common,constant_velocity,9,9.0,1.0,,,,53.42795307312696,49.134578109185234,60.25727381428846,83.08970138532331,89.05255484510171,,,,,,,,,,
sequence,Edu_8_20260616_150108,paired_pose_difference,learned_end_to_end_minus_persistence,9,9.0,1.0,,,,,,,,,-3.186552776125571,-2.078358510065083,-25.518804769674283,0.7777777777777778,,,,,,
sequence,Edu_8_20260616_150108,paired_pose_difference,learned_end_to_end_minus_constant_velocity,9,9.0,1.0,,,,,,,,,-29.550090631260193,-22.059659982719502,-25.518804769674283,0.8888888888888888,,,,,,
sequence,Edu_8_20260616_150108,paired_pose_difference,learned_oracle_hand_minus_persistence,9,9.0,1.0,,,,,,,,,-3.186552776125571,-2.078358510065083,-25.518804769674283,0.7777777777777778,,,,,,
sequence,Edu_8_20260616_150108,paired_pose_difference,learned_oracle_hand_minus_constant_velocity,9,9.0,1.0,,,,,,,,,-29.550090631260193,-22.059659982719502,-25.518804769674283,0.8888888888888888,,,,,,
sequence,Edu_9_20260616_150247,classification,intention,69,69.0,1.0,0.17391304347826086,0.16849495392716105,0.16849495392716105,,,,,,,,,,,,,,,
sequence,Edu_9_20260616_150247,classification,assistance,69,69.0,1.0,0.391304347826087,0.28125,0.28125,,,,,,,,,,,,,,,
sequence,Edu_9_20260616_150247,classification,assistance_type_given_ground_truth_assistance,27,27.0,1.0,0.4444444444444444,0.4444444444444444,0.4444444444444444,,,,,,,,,,,,,,,
sequence,Edu_9_20260616_150247,classification,receiving_hand_given_ground_truth_handover,11,11.0,1.0,1.0,0.5,1.0,,,,,,,,,,,,,,,
sequence,Edu_9_20260616_150247,pose,learned_end_to_end,0,0.0,,,,,,,,,,,,,,,,,,,
sequence,Edu_9_20260616_150247,pose,learned_oracle_hand,0,0.0,,,,,,,,,,,,,,,,,,,
sequence,Edu_9_20260616_150247,pose,persistence,0,0.0,,,,,,,,,,,,,,,,,,,
sequence,Edu_9_20260616_150247,pose,constant_velocity,0,0.0,,,,,,,,,,,,,,,,,,,
sequence,Edu_9_20260616_150247,pose_fair_common,learned_oracle_hand,0,0.0,,,,,,,,,,,,,,,,,,,
sequence,Edu_9_20260616_150247,pose_fair_common,persistence,0,0.0,,,,,,,,,,,,,,,,,,,
sequence,Edu_9_20260616_150247,pose_fair_common,constant_velocity,0,0.0,,,,,,,,,,,,,,,,,,,
sequence,Edu_9_20260616_150247,paired_pose_difference,learned_end_to_end_minus_persistence,0,0.0,,,,,,,,,,,,,,,,,,,
sequence,Edu_9_20260616_150247,paired_pose_difference,learned_end_to_end_minus_constant_velocity,0,0.0,,,,,,,,,,,,,,,,,,,
sequence,Edu_9_20260616_150247,paired_pose_difference,learned_oracle_hand_minus_persistence,0,0.0,,,,,,,,,,,,,,,,,,,
sequence,Edu_9_20260616_150247,paired_pose_difference,learned_oracle_hand_minus_constant_velocity,0,0.0,,,,,,,,,,,,,,,,,,,
sequence,Jona_1_20260616_181413,classification,intention,54,54.0,1.0,0.9259259259259259,0.9276895943562611,0.9276895943562611,,,,,,,,,,,,,,,
sequence,Jona_1_20260616_181413,classification,assistance,54,54.0,1.0,0.9259259259259259,0.9259259259259259,0.9259259259259259,,,,,,,,,,,,,,,
sequence,Jona_1_20260616_181413,classification,assistance_type_given_ground_truth_assistance,25,25.0,1.0,1.0,1.0,1.0,,,,,,,,,,,,,,,
sequence,Jona_1_20260616_181413,classification,receiving_hand_given_ground_truth_handover,13,13.0,1.0,1.0,0.5,1.0,,,,,,,,,,,,,,,
sequence,Jona_1_20260616_181413,pose,learned_end_to_end,10,10.0,1.0,,,,8.23751767985279,7.3199577238767715,9.602450505954973,18.995982052640194,18.734696952745075,,,,,,,,,,
sequence,Jona_1_20260616_181413,pose,learned_oracle_hand,10,10.0,1.0,,,,8.23751767985279,7.3199577238767715,9.602450505954973,18.995982052640194,18.734696952745075,,,,,,,,,,
sequence,Jona_1_20260616_181413,pose,persistence,10,10.0,1.0,,,,4.124655513847669,1.6544035799219017,7.4587210566901465,10.860913246330202,4.503957485630332,,,,,,,,,,
sequence,Jona_1_20260616_181413,pose,constant_velocity,10,10.0,1.0,,,,17.704897855448475,3.29729870187278,33.58341915607547,10.860913246330202,4.503957485630332,,,,,,,,,,
sequence,Jona_1_20260616_181413,pose_fair_common,learned_oracle_hand,10,10.0,1.0,,,,8.23751767985279,7.3199577238767715,9.602450505954973,18.995982052640194,18.734696952745075,,,,,,,,,,
sequence,Jona_1_20260616_181413,pose_fair_common,persistence,10,10.0,1.0,,,,4.124655513847669,1.6544035799219017,7.4587210566901465,10.860913246330202,4.503957485630332,,,,,,,,,,
sequence,Jona_1_20260616_181413,pose_fair_common,constant_velocity,10,10.0,1.0,,,,17.704897855448475,3.29729870187278,33.58341915607547,10.860913246330202,4.503957485630332,,,,,,,,,,
sequence,Jona_1_20260616_181413,paired_pose_difference,learned_end_to_end_minus_persistence,10,10.0,1.0,,,,,,,,,4.112862166005121,5.243728663466463,8.135068806309995,0.1,,,,,,
sequence,Jona_1_20260616_181413,paired_pose_difference,learned_end_to_end_minus_constant_velocity,10,10.0,1.0,,,,,,,,,-9.467380175595686,4.517003252439169,8.135068806309995,0.3,,,,,,
sequence,Jona_1_20260616_181413,paired_pose_difference,learned_oracle_hand_minus_persistence,10,10.0,1.0,,,,,,,,,4.112862166005121,5.243728663466463,8.135068806309995,0.1,,,,,,
sequence,Jona_1_20260616_181413,paired_pose_difference,learned_oracle_hand_minus_constant_velocity,10,10.0,1.0,,,,,,,,,-9.467380175595686,4.517003252439169,8.135068806309995,0.3,,,,,,
sequence,Jona_2_20260616_181551,classification,intention,108,108.0,1.0,0.9444444444444444,0.908119658119658,0.908119658119658,,,,,,,,,,,,,,,
sequence,Jona_2_20260616_181551,classification,assistance,108,108.0,1.0,0.9629629629629629,0.9538461538461538,0.9538461538461538,,,,,,,,,,,,,,,
sequence,Jona_2_20260616_181551,classification,assistance_type_given_ground_truth_assistance,28,28.0,1.0,0.9285714285714286,0.9270833333333333,0.9270833333333333,,,,,,,,,,,,,,,
sequence,Jona_2_20260616_181551,classification,receiving_hand_given_ground_truth_handover,11,11.0,1.0,1.0,0.5,1.0,,,,,,,,,,,,,,,
sequence,Jona_2_20260616_181551,pose,learned_end_to_end,8,8.0,1.0,,,,16.94465892428314,12.026964905775674,21.79147858900735,37.28910285824874,25.0644799719693,,,,,,,,,,
sequence,Jona_2_20260616_181551,pose,learned_oracle_hand,8,8.0,1.0,,,,16.94465892428314,12.026964905775674,21.79147858900735,37.28910285824874,25.0644799719693,,,,,,,,,,
sequence,Jona_2_20260616_181551,pose,persistence,8,8.0,1.0,,,,18.87520274100106,14.784796129398089,25.228289560836977,43.64846632502878,40.030909790661354,,,,,,,,,,
sequence,Jona_2_20260616_181551,pose,constant_velocity,8,8.0,1.0,,,,30.525635971687613,40.860769080839006,34.58970628780919,43.64846632502878,40.030909790661354,,,,,,,,,,
sequence,Jona_2_20260616_181551,pose_fair_common,learned_oracle_hand,8,8.0,1.0,,,,16.94465892428314,12.026964905775674,21.79147858900735,37.28910285824874,25.0644799719693,,,,,,,,,,
sequence,Jona_2_20260616_181551,pose_fair_common,persistence,8,8.0,1.0,,,,18.87520274100106,14.784796129398089,25.228289560836977,43.64846632502878,40.030909790661354,,,,,,,,,,
sequence,Jona_2_20260616_181551,pose_fair_common,constant_velocity,8,8.0,1.0,,,,30.525635971687613,40.860769080839006,34.58970628780919,43.64846632502878,40.030909790661354,,,,,,,,,,
sequence,Jona_2_20260616_181551,paired_pose_difference,learned_end_to_end_minus_persistence,8,8.0,1.0,,,,,,,,,-1.9305438167179183,-2.7578312236224134,-6.3593634667800405,0.75,,,,,,
sequence,Jona_2_20260616_181551,paired_pose_difference,learned_end_to_end_minus_constant_velocity,8,8.0,1.0,,,,,,,,,-13.580977047404476,-11.865522444188784,-6.3593634667800405,0.875,,,,,,
sequence,Jona_2_20260616_181551,paired_pose_difference,learned_oracle_hand_minus_persistence,8,8.0,1.0,,,,,,,,,-1.9305438167179183,-2.7578312236224134,-6.3593634667800405,0.75,,,,,,
sequence,Jona_2_20260616_181551,paired_pose_difference,learned_oracle_hand_minus_constant_velocity,8,8.0,1.0,,,,,,,,,-13.580977047404476,-11.865522444188784,-6.3593634667800405,0.875,,,,,,
sequence,Jona_3_20260616_181717,classification,intention,119,119.0,1.0,0.8571428571428571,0.8354617556123135,0.8354617556123135,,,,,,,,,,,,,,,
sequence,Jona_3_20260616_181717,classification,assistance,119,119.0,1.0,0.8571428571428571,0.8200978212538906,0.8200978212538906,,,,,,,,,,,,,,,
sequence,Jona_3_20260616_181717,classification,assistance_type_given_ground_truth_assistance,24,24.0,1.0,1.0,1.0,1.0,,,,,,,,,,,,,,,
sequence,Jona_3_20260616_181717,classification,receiving_hand_given_ground_truth_handover,11,11.0,1.0,1.0,0.5,1.0,,,,,,,,,,,,,,,
sequence,Jona_3_20260616_181717,pose,learned_end_to_end,8,8.0,1.0,,,,11.862707766967432,6.3768397591360415,17.024578142448256,29.85428096834611,14.44551072533114,,,,,,,,,,
sequence,Jona_3_20260616_181717,pose,learned_oracle_hand,8,8.0,1.0,,,,11.862707766967432,6.3768397591360415,17.024578142448256,29.85428096834611,14.44551072533114,,,,,,,,,,
sequence,Jona_3_20260616_181717,pose,persistence,8,8.0,1.0,,,,12.99845590257657,7.06745500409247,19.608799104044483,33.65008150679434,16.928533524046678,,,,,,,,,,
sequence,Jona_3_20260616_181717,pose,constant_velocity,8,8.0,1.0,,,,29.36480194300199,21.84106591744028,38.58783608392164,33.65008150679434,16.928533524046678,,,,,,,,,,
sequence,Jona_3_20260616_181717,pose_fair_common,learned_oracle_hand,8,8.0,1.0,,,,11.862707766967432,6.3768397591360415,17.024578142448256,29.85428096834611,14.44551072533114,,,,,,,,,,
sequence,Jona_3_20260616_181717,pose_fair_common,persistence,8,8.0,1.0,,,,12.99845590257657,7.06745500409247,19.608799104044483,33.65008150679434,16.928533524046678,,,,,,,,,,
sequence,Jona_3_20260616_181717,pose_fair_common,constant_velocity,8,8.0,1.0,,,,29.36480194300199,21.84106591744028,38.58783608392164,33.65008150679434,16.928533524046678,,,,,,,,,,
sequence,Jona_3_20260616_181717,paired_pose_difference,learned_end_to_end_minus_persistence,8,8.0,1.0,,,,,,,,,-1.135748135609139,-1.4109738155042066,-3.7958005384482343,0.625,,,,,,
sequence,Jona_3_20260616_181717,paired_pose_difference,learned_end_to_end_minus_constant_velocity,8,8.0,1.0,,,,,,,,,-17.502094176034557,-6.646626886615606,-3.7958005384482343,0.875,,,,,,
sequence,Jona_3_20260616_181717,paired_pose_difference,learned_oracle_hand_minus_persistence,8,8.0,1.0,,,,,,,,,-1.135748135609139,-1.4109738155042066,-3.7958005384482343,0.625,,,,,,
sequence,Jona_3_20260616_181717,paired_pose_difference,learned_oracle_hand_minus_constant_velocity,8,8.0,1.0,,,,,,,,,-17.502094176034557,-6.646626886615606,-3.7958005384482343,0.875,,,,,,
sequence,Jona_4_20260616_181855,classification,intention,97,97.0,1.0,0.7422680412371134,0.7148553201184781,0.7148553201184781,,,,,,,,,,,,,,,
sequence,Jona_4_20260616_181855,classification,assistance,97,97.0,1.0,0.7525773195876289,0.7465156794425087,0.7465156794425087,,,,,,,,,,,,,,,
sequence,Jona_4_20260616_181855,classification,assistance_type_given_ground_truth_assistance,29,29.0,1.0,0.9655172413793104,0.9648484848484848,0.9648484848484848,,,,,,,,,,,,,,,
sequence,Jona_4_20260616_181855,classification,receiving_hand_given_ground_truth_handover,12,12.0,1.0,1.0,0.5,1.0,,,,,,,,,,,,,,,
sequence,Jona_4_20260616_181855,pose,learned_end_to_end,9,9.0,1.0,,,,9.663850426445022,5.012267991259535,14.204896543192199,23.163818338500256,11.71467592179333,,,,,,,,,,
sequence,Jona_4_20260616_181855,pose,learned_oracle_hand,9,9.0,1.0,,,,9.663850426445022,5.012267991259535,14.204896543192199,23.163818338500256,11.71467592179333,,,,,,,,,,
sequence,Jona_4_20260616_181855,pose,persistence,9,9.0,1.0,,,,9.692767596187036,1.5380390957949843,16.998046473864665,27.56913323699333,5.7818070085796185,,,,,,,,,,
sequence,Jona_4_20260616_181855,pose,constant_velocity,9,9.0,1.0,,,,26.266337476236526,9.033114500046564,38.229900595692996,27.56913323699333,5.7818070085796185,,,,,,,,,,
sequence,Jona_4_20260616_181855,pose_fair_common,learned_oracle_hand,9,9.0,1.0,,,,9.663850426445022,5.012267991259535,14.204896543192199,23.163818338500256,11.71467592179333,,,,,,,,,,
sequence,Jona_4_20260616_181855,pose_fair_common,persistence,9,9.0,1.0,,,,9.692767596187036,1.5380390957949843,16.998046473864665,27.56913323699333,5.7818070085796185,,,,,,,,,,
sequence,Jona_4_20260616_181855,pose_fair_common,constant_velocity,9,9.0,1.0,,,,26.266337476236526,9.033114500046564,38.229900595692996,27.56913323699333,5.7818070085796185,,,,,,,,,,
sequence,Jona_4_20260616_181855,paired_pose_difference,learned_end_to_end_minus_persistence,9,9.0,1.0,,,,,,,,,-0.028917169742013686,0.6466106842715011,-4.405314898493074,0.4444444444444444,,,,,,
sequence,Jona_4_20260616_181855,paired_pose_difference,learned_end_to_end_minus_constant_velocity,9,9.0,1.0,,,,,,,,,-16.6024870497915,-7.3797504635348545,-4.405314898493074,0.6666666666666666,,,,,,
sequence,Jona_4_20260616_181855,paired_pose_difference,learned_oracle_hand_minus_persistence,9,9.0,1.0,,,,,,,,,-0.028917169742013686,0.6466106842715011,-4.405314898493074,0.4444444444444444,,,,,,
sequence,Jona_4_20260616_181855,paired_pose_difference,learned_oracle_hand_minus_constant_velocity,9,9.0,1.0,,,,,,,,,-16.6024870497915,-7.3797504635348545,-4.405314898493074,0.6666666666666666,,,,,,
sequence,Jona_5_20260616_182002,classification,intention,107,107.0,1.0,0.9158878504672897,0.9198998748435544,0.9198998748435544,,,,,,,,,,,,,,,
sequence,Jona_5_20260616_182002,classification,assistance,107,107.0,1.0,0.9158878504672897,0.9064412707665404,0.9064412707665404,,,,,,,,,,,,,,,
sequence,Jona_5_20260616_182002,classification,assistance_type_given_ground_truth_assistance,32,32.0,1.0,1.0,1.0,1.0,,,,,,,,,,,,,,,
sequence,Jona_5_20260616_182002,classification,receiving_hand_given_ground_truth_handover,11,11.0,1.0,1.0,0.5,1.0,,,,,,,,,,,,,,,
sequence,Jona_5_20260616_182002,pose,learned_end_to_end,8,8.0,1.0,,,,12.590458121056809,6.6055960814770405,16.80797398240199,33.03553211511654,20.14543278012595,,,,,,,,,,
sequence,Jona_5_20260616_182002,pose,learned_oracle_hand,8,8.0,1.0,,,,12.590458121056809,6.6055960814770405,16.80797398240199,33.03553211511654,20.14543278012595,,,,,,,,,,
sequence,Jona_5_20260616_182002,pose,persistence,8,8.0,1.0,,,,11.971237764370425,4.178991719603946,18.872374793387515,31.351283912293873,10.74414518258128,,,,,,,,,,
sequence,Jona_5_20260616_182002,pose,constant_velocity,8,8.0,1.0,,,,25.9308154040885,18.659302911643927,34.65368248882551,31.351283912293873,10.74414518258128,,,,,,,,,,
sequence,Jona_5_20260616_182002,pose_fair_common,learned_oracle_hand,8,8.0,1.0,,,,12.590458121056809,6.6055960814770405,16.80797398240199,33.03553211511654,20.14543278012595,,,,,,,,,,
sequence,Jona_5_20260616_182002,pose_fair_common,persistence,8,8.0,1.0,,,,11.971237764370425,4.178991719603946,18.872374793387515,31.351283912293873,10.74414518258128,,,,,,,,,,
sequence,Jona_5_20260616_182002,pose_fair_common,constant_velocity,8,8.0,1.0,,,,25.9308154040885,18.659302911643927,34.65368248882551,31.351283912293873,10.74414518258128,,,,,,,,,,
sequence,Jona_5_20260616_182002,paired_pose_difference,learned_end_to_end_minus_persistence,8,8.0,1.0,,,,,,,,,0.6192203566863839,0.3262382592581554,1.6842482028226655,0.5,,,,,,
sequence,Jona_5_20260616_182002,paired_pose_difference,learned_end_to_end_minus_constant_velocity,8,8.0,1.0,,,,,,,,,-13.340357283031693,-11.38534898281523,1.6842482028226655,0.625,,,,,,
sequence,Jona_5_20260616_182002,paired_pose_difference,learned_oracle_hand_minus_persistence,8,8.0,1.0,,,,,,,,,0.6192203566863839,0.3262382592581554,1.6842482028226655,0.5,,,,,,
sequence,Jona_5_20260616_182002,paired_pose_difference,learned_oracle_hand_minus_constant_velocity,8,8.0,1.0,,,,,,,,,-13.340357283031693,-11.38534898281523,1.6842482028226655,0.625,,,,,,
sequence,Jona_6_20260616_182111,classification,intention,87,87.0,1.0,0.8850574712643678,0.8897707231040565,0.8897707231040565,,,,,,,,,,,,,,,
sequence,Jona_6_20260616_182111,classification,assistance,87,87.0,1.0,0.8850574712643678,0.8779461279461279,0.8779461279461279,,,,,,,,,,,,,,,
sequence,Jona_6_20260616_182111,classification,assistance_type_given_ground_truth_assistance,28,28.0,1.0,1.0,1.0,1.0,,,,,,,,,,,,,,,
sequence,Jona_6_20260616_182111,classification,receiving_hand_given_ground_truth_handover,12,12.0,1.0,1.0,0.5,1.0,,,,,,,,,,,,,,,
sequence,Jona_6_20260616_182111,pose,learned_end_to_end,9,9.0,1.0,,,,6.68923649341701,6.2519976669113815,7.861956333085405,20.03803836074748,19.773074566947937,,,,,,,,,,
sequence,Jona_6_20260616_182111,pose,learned_oracle_hand,9,9.0,1.0,,,,6.68923649341701,6.2519976669113815,7.861956333085405,20.03803836074748,19.773074566947937,,,,,,,,,,
sequence,Jona_6_20260616_182111,pose,persistence,9,9.0,1.0,,,,3.472219959008361,0.3857318400132908,7.164125666571887,11.183775484081636,5.439171375997811,,,,,,,,,,
sequence,Jona_6_20260616_182111,pose,constant_velocity,9,9.0,1.0,,,,13.706091032454555,1.9877648144011455,23.047006251281744,11.183775484081636,5.439171375997811,,,,,,,,,,
sequence,Jona_6_20260616_182111,pose_fair_common,learned_oracle_hand,9,9.0,1.0,,,,6.68923649341701,6.2519976669113815,7.861956333085405,20.03803836074748,19.773074566947937,,,,,,,,,,
sequence,Jona_6_20260616_182111,pose_fair_common,persistence,9,9.0,1.0,,,,3.472219959008361,0.3857318400132908,7.164125666571887,11.183775484081636,5.439171375997811,,,,,,,,,,
sequence,Jona_6_20260616_182111,pose_fair_common,constant_velocity,9,9.0,1.0,,,,13.706091032454555,1.9877648144011455,23.047006251281744,11.183775484081636,5.439171375997811,,,,,,,,,,
sequence,Jona_6_20260616_182111,paired_pose_difference,learned_end_to_end_minus_persistence,9,9.0,1.0,,,,,,,,,3.217016534408649,4.788417263194787,8.854262876665842,0.3333333333333333,,,,,,
sequence,Jona_6_20260616_182111,paired_pose_difference,learned_end_to_end_minus_constant_velocity,9,9.0,1.0,,,,,,,,,-7.016854539037543,3.0910860699635996,8.854262876665842,0.4444444444444444,,,,,,
sequence,Jona_6_20260616_182111,paired_pose_difference,learned_oracle_hand_minus_persistence,9,9.0,1.0,,,,,,,,,3.217016534408649,4.788417263194787,8.854262876665842,0.3333333333333333,,,,,,
sequence,Jona_6_20260616_182111,paired_pose_difference,learned_oracle_hand_minus_constant_velocity,9,9.0,1.0,,,,,,,,,-7.016854539037543,3.0910860699635996,8.854262876665842,0.4444444444444444,,,,,,
sequence,Jona_7_20260616_182214,classification,intention,95,95.0,1.0,0.7684210526315789,0.7403257247060303,0.7403257247060303,,,,,,,,,,,,,,,
sequence,Jona_7_20260616_182214,classification,assistance,95,95.0,1.0,0.7894736842105263,0.7807017543859649,0.7807017543859649,,,,,,,,,,,,,,,
sequence,Jona_7_20260616_182214,classification,assistance_type_given_ground_truth_assistance,28,28.0,1.0,0.9285714285714286,0.9282051282051282,0.9282051282051282,,,,,,,,,,,,,,,
sequence,Jona_7_20260616_182214,classification,receiving_hand_given_ground_truth_handover,12,12.0,1.0,1.0,0.5,1.0,,,,,,,,,,,,,,,
sequence,Jona_7_20260616_182214,pose,learned_end_to_end,9,9.0,1.0,,,,8.789026787892055,5.747064497107592,11.464565282209387,25.251007508145097,22.244505408396023,,,,,,,,,,
sequence,Jona_7_20260616_182214,pose,learned_oracle_hand,9,9.0,1.0,,,,8.789026787892055,5.747064497107592,11.464565282209387,25.251007508145097,22.244505408396023,,,,,,,,,,
sequence,Jona_7_20260616_182214,pose,persistence,9,9.0,1.0,,,,7.697244973140474,0.792199023307759,13.500208436747474,21.287591853642407,4.970874370027683,,,,,,,,,,
sequence,Jona_7_20260616_182214,pose,constant_velocity,9,9.0,1.0,,,,22.465524816242535,9.46500781892369,33.74411130892436,21.287591853642407,4.970874370027683,,,,,,,,,,
sequence,Jona_7_20260616_182214,pose_fair_common,learned_oracle_hand,9,9.0,1.0,,,,8.789026787892055,5.747064497107592,11.464565282209387,25.251007508145097,22.244505408396023,,,,,,,,,,
sequence,Jona_7_20260616_182214,pose_fair_common,persistence,9,9.0,1.0,,,,7.697244973140474,0.792199023307759,13.500208436747474,21.287591853642407,4.970874370027683,,,,,,,,,,
sequence,Jona_7_20260616_182214,pose_fair_common,constant_velocity,9,9.0,1.0,,,,22.465524816242535,9.46500781892369,33.74411130892436,21.287591853642407,4.970874370027683,,,,,,,,,,
sequence,Jona_7_20260616_182214,paired_pose_difference,learned_end_to_end_minus_persistence,9,9.0,1.0,,,,,,,,,1.0917818147515828,3.26579124223764,3.963415654502695,0.4444444444444444,,,,,,
sequence,Jona_7_20260616_182214,paired_pose_difference,learned_end_to_end_minus_constant_velocity,9,9.0,1.0,,,,,,,,,-13.676498028350485,-5.866583134681706,3.963415654502695,0.5555555555555556,,,,,,
sequence,Jona_7_20260616_182214,paired_pose_difference,learned_oracle_hand_minus_persistence,9,9.0,1.0,,,,,,,,,1.0917818147515828,3.26579124223764,3.963415654502695,0.4444444444444444,,,,,,
sequence,Jona_7_20260616_182214,paired_pose_difference,learned_oracle_hand_minus_constant_velocity,9,9.0,1.0,,,,,,,,,-13.676498028350485,-5.866583134681706,3.963415654502695,0.5555555555555556,,,,,,
sequence,Mona_1_20260624_123312,classification,intention,94,94.0,1.0,0.8723404255319149,0.8214800166019679,0.8214800166019679,,,,,,,,,,,,,,,
sequence,Mona_1_20260624_123312,classification,assistance,94,94.0,1.0,0.9468085106382979,0.9450099450099452,0.9450099450099452,,,,,,,,,,,,,,,
sequence,Mona_1_20260624_123312,classification,assistance_type_given_ground_truth_assistance,36,36.0,1.0,0.8055555555555556,0.8054054054054054,0.8054054054054054,,,,,,,,,,,,,,,
sequence,Mona_1_20260624_123312,classification,receiving_hand_given_ground_truth_handover,22,22.0,1.0,0.9090909090909091,0.47619047619047616,0.9523809523809523,,,,,,,,,,,,,,,
sequence,Mona_1_20260624_123312,pose,learned_end_to_end,15,15.0,1.0,,,,19.297995366042937,11.732246964878083,23.87092505668127,47.86983238935049,15.736503190061525,,,,,,,,,,
sequence,Mona_1_20260624_123312,pose,learned_oracle_hand,14,15.0,0.9333333333333333,,,,18.56915417263719,11.008144051096195,23.416967887220274,40.094755316470795,15.495446416695202,,,,,,,,,,
sequence,Mona_1_20260624_123312,pose,persistence,14,15.0,0.9333333333333333,,,,15.773537531708227,0.8350242404254855,25.579436110435044,35.96069678191221,3.7142680236227994,,,,,,,,,,
sequence,Mona_1_20260624_123312,pose,constant_velocity,14,15.0,0.9333333333333333,,,,36.4147533766921,12.364914058885773,58.38214824907681,35.96069678191221,3.7142680236227994,,,,,,,,,,
sequence,Mona_1_20260624_123312,pose_fair_common,learned_oracle_hand,14,15.0,0.9333333333333333,,,,18.56915417263719,11.008144051096195,23.416967887220274,40.094755316470795,15.495446416695202,,,,,,,,,,
sequence,Mona_1_20260624_123312,pose_fair_common,persistence,14,15.0,0.9333333333333333,,,,15.773537531708227,0.8350242404254855,25.579436110435044,35.96069678191221,3.7142680236227994,,,,,,,,,,
sequence,Mona_1_20260624_123312,pose_fair_common,constant_velocity,14,15.0,0.9333333333333333,,,,36.4147533766921,12.364914058885773,58.38214824907681,35.96069678191221,3.7142680236227994,,,,,,,,,,
sequence,Mona_1_20260624_123312,paired_pose_difference,learned_end_to_end_minus_persistence,14,15.0,0.9333333333333333,,,,,,,,,2.795616640928963,4.770927303004273,4.134058534558585,0.2857142857142857,,,,,,
sequence,Mona_1_20260624_123312,paired_pose_difference,learned_end_to_end_minus_constant_velocity,14,15.0,0.9333333333333333,,,,,,,,,-17.845599204054903,1.3470607103022598,4.134058534558585,0.42857142857142855,,,,,,
sequence,Mona_1_20260624_123312,paired_pose_difference,learned_oracle_hand_minus_persistence,14,15.0,0.9333333333333333,,,,,,,,,2.795616640928963,4.770927303004273,4.134058534558585,0.2857142857142857,,,,,,
sequence,Mona_1_20260624_123312,paired_pose_difference,learned_oracle_hand_minus_constant_velocity,14,15.0,0.9333333333333333,,,,,,,,,-17.845599204054903,1.3470607103022598,4.134058534558585,0.42857142857142855,,,,,,
sequence,Mona_3_20260624_123548,classification,intention,105,105.0,1.0,0.8095238095238095,0.6476006441223832,0.6476006441223832,,,,,,,,,,,,,,,
sequence,Mona_3_20260624_123548,classification,assistance,105,105.0,1.0,0.8285714285714286,0.7569444444444444,0.7569444444444444,,,,,,,,,,,,,,,
sequence,Mona_3_20260624_123548,classification,assistance_type_given_ground_truth_assistance,29,29.0,1.0,0.9310344827586207,0.928921568627451,0.928921568627451,,,,,,,,,,,,,,,
sequence,Mona_3_20260624_123548,classification,receiving_hand_given_ground_truth_handover,13,13.0,1.0,0.8461538461538461,0.4583333333333333,0.9166666666666666,,,,,,,,,,,,,,,
sequence,Mona_3_20260624_123548,pose,learned_end_to_end,10,10.0,1.0,,,,19.40706847515146,13.619690050235622,22.283278863345714,49.65874892985964,17.681152064886245,,,,,,,,,,
sequence,Mona_3_20260624_123548,pose,learned_oracle_hand,9,10.0,0.9,,,,18.045138032544557,13.59611245976733,20.956176720380387,28.87823205670839,17.317223765757138,,,,,,,,,,
sequence,Mona_3_20260624_123548,pose,persistence,9,10.0,0.9,,,,11.871643851070273,1.1300895702400164,20.829446783567967,27.561595634976033,3.915491685751821,,,,,,,,,,
sequence,Mona_3_20260624_123548,pose,constant_velocity,8,10.0,0.8,,,,36.058540924026865,3.5192937370364206,61.80528692027161,16.243313130150888,2.969169589718642,,,,,,,,,,
sequence,Mona_3_20260624_123548,pose_fair_common,learned_oracle_hand,8,10.0,0.8,,,,15.928765387452259,13.252623481932417,18.469986365721752,22.14482300693342,17.27090893448794,,,,,,,,,,
sequence,Mona_3_20260624_123548,pose_fair_common,persistence,8,10.0,0.8,,,,7.196890655997292,1.086995443061991,13.589022940648295,16.243313130150888,2.969169589718642,,,,,,,,,,
sequence,Mona_3_20260624_123548,pose_fair_common,constant_velocity,8,10.0,0.8,,,,36.058540924026865,3.5192937370364206,61.80528692027161,16.243313130150888,2.969169589718642,,,,,,,,,,
sequence,Mona_3_20260624_123548,paired_pose_difference,learned_end_to_end_minus_persistence,9,10.0,0.9,,,,,,,,,5.676820031051194,8.521105588409666,9.931663184558287,0.1111111111111111,,,,,,
sequence,Mona_3_20260624_123548,paired_pose_difference,learned_end_to_end_minus_constant_velocity,8,10.0,0.8,,,,,,,,,-20.129775536574606,6.9980862202226835,5.901509876782534,0.375,,,,,,
sequence,Mona_3_20260624_123548,paired_pose_difference,learned_oracle_hand_minus_persistence,9,10.0,0.9,,,,,,,,,6.173494181474288,8.521105588409666,1.3166364217323587,0.1111111111111111,,,,,,
sequence,Mona_3_20260624_123548,paired_pose_difference,learned_oracle_hand_minus_constant_velocity,8,10.0,0.8,,,,,,,,,-20.129775536574606,6.9980862202226835,5.901509876782534,0.375,,,,,,
sequence,Mona_4_20260624_123706,classification,intention,109,109.0,1.0,0.926605504587156,0.8892122892122893,0.8892122892122893,,,,,,,,,,,,,,,
sequence,Mona_4_20260624_123706,classification,assistance,109,109.0,1.0,0.926605504587156,0.9098428453267164,0.9098428453267164,,,,,,,,,,,,,,,
sequence,Mona_4_20260624_123706,classification,assistance_type_given_ground_truth_assistance,27,27.0,1.0,1.0,1.0,1.0,,,,,,,,,,,,,,,
sequence,Mona_4_20260624_123706,classification,receiving_hand_given_ground_truth_handover,10,10.0,1.0,1.0,0.5,1.0,,,,,,,,,,,,,,,
sequence,Mona_4_20260624_123706,pose,learned_end_to_end,7,7.0,1.0,,,,8.406707246965691,7.854236158293916,8.680801408583521,13.842144582226277,11.826044195544164,,,,,,,,,,
sequence,Mona_4_20260624_123706,pose,learned_oracle_hand,7,7.0,1.0,,,,8.406707246965691,7.854236158293916,8.680801408583521,13.842144582226277,11.826044195544164,,,,,,,,,,
sequence,Mona_4_20260624_123706,pose,persistence,7,7.0,1.0,,,,1.9079298078127949,0.4260492030836658,3.7788113003170056,4.153109229109856,1.113590950117431,,,,,,,,,,
sequence,Mona_4_20260624_123706,pose,constant_velocity,7,7.0,1.0,,,,3.295568391612505,2.0843222118886127,4.482385085990529,4.153109229109856,1.113590950117431,,,,,,,,,,
sequence,Mona_4_20260624_123706,pose_fair_common,learned_oracle_hand,7,7.0,1.0,,,,8.406707246965691,7.854236158293916,8.680801408583521,13.842144582226277,11.826044195544164,,,,,,,,,,
sequence,Mona_4_20260624_123706,pose_fair_common,persistence,7,7.0,1.0,,,,1.9079298078127949,0.4260492030836658,3.7788113003170056,4.153109229109856,1.113590950117431,,,,,,,,,,
sequence,Mona_4_20260624_123706,pose_fair_common,constant_velocity,7,7.0,1.0,,,,3.295568391612505,2.0843222118886127,4.482385085990529,4.153109229109856,1.113590950117431,,,,,,,,,,
sequence,Mona_4_20260624_123706,paired_pose_difference,learned_end_to_end_minus_persistence,7,7.0,1.0,,,,,,,,,6.498777439152896,6.794735050762892,9.68903535311642,0.0,,,,,,
sequence,Mona_4_20260624_123706,paired_pose_difference,learned_end_to_end_minus_constant_velocity,7,7.0,1.0,,,,,,,,,5.111138855353185,5.264576824172014,9.68903535311642,0.0,,,,,,
sequence,Mona_4_20260624_123706,paired_pose_difference,learned_oracle_hand_minus_persistence,7,7.0,1.0,,,,,,,,,6.498777439152896,6.794735050762892,9.68903535311642,0.0,,,,,,
sequence,Mona_4_20260624_123706,paired_pose_difference,learned_oracle_hand_minus_constant_velocity,7,7.0,1.0,,,,,,,,,5.111138855353185,5.264576824172014,9.68903535311642,0.0,,,,,,
sequence,Mona_5_20260624_123814,classification,intention,125,125.0,1.0,0.968,0.956090110729286,0.956090110729286,,,,,,,,,,,,,,,
sequence,Mona_5_20260624_123814,classification,assistance,125,125.0,1.0,0.968,0.9539764359351988,0.9539764359351988,,,,,,,,,,,,,,,
sequence,Mona_5_20260624_123814,classification,assistance_type_given_ground_truth_assistance,26,26.0,1.0,1.0,1.0,1.0,,,,,,,,,,,,,,,
sequence,Mona_5_20260624_123814,classification,receiving_hand_given_ground_truth_handover,10,10.0,1.0,0.8,0.4444444444444445,0.888888888888889,,,,,,,,,,,,,,,
sequence,Mona_5_20260624_123814,pose,learned_end_to_end,7,7.0,1.0,,,,19.872657704032083,16.637999053850912,23.633452120091807,67.77985715689104,14.056684388111083,,,,,,,,,,
sequence,Mona_5_20260624_123814,pose,learned_oracle_hand,7,7.0,1.0,,,,21.815669637526774,19.711221566521505,25.573922108216944,42.14862436476444,14.056684388111083,,,,,,,,,,
sequence,Mona_5_20260624_123814,pose,persistence,7,7.0,1.0,,,,24.40924971961533,19.049871039190688,34.06277195519665,48.6542042530473,26.22323234248475,,,,,,,,,,
sequence,Mona_5_20260624_123814,pose,constant_velocity,7,7.0,1.0,,,,60.612360396914774,61.19793241197216,76.38157758415518,48.6542042530473,26.22323234248475,,,,,,,,,,
sequence,Mona_5_20260624_123814,pose_fair_common,learned_oracle_hand,7,7.0,1.0,,,,21.815669637526774,19.711221566521505,25.573922108216944,42.14862436476444,14.056684388111083,,,,,,,,,,
sequence,Mona_5_20260624_123814,pose_fair_common,persistence,7,7.0,1.0,,,,24.40924971961533,19.049871039190688,34.06277195519665,48.6542042530473,26.22323234248475,,,,,,,,,,
sequence,Mona_5_20260624_123814,pose_fair_common,constant_velocity,7,7.0,1.0,,,,60.612360396914774,61.19793241197216,76.38157758415518,48.6542042530473,26.22323234248475,,,,,,,,,,
sequence,Mona_5_20260624_123814,paired_pose_difference,learned_end_to_end_minus_persistence,7,7.0,1.0,,,,,,,,,-4.5365920155832535,1.902751940850166,19.12565290384374,0.2857142857142857,,,,,,
sequence,Mona_5_20260624_123814,paired_pose_difference,learned_end_to_end_minus_constant_velocity,7,7.0,1.0,,,,,,,,,-40.73970269288271,-46.07473504708979,19.12565290384374,0.7142857142857143,,,,,,
sequence,Mona_5_20260624_123814,paired_pose_difference,learned_oracle_hand_minus_persistence,7,7.0,1.0,,,,,,,,,-2.5935800820885633,1.902751940850166,-6.505579888282858,0.2857142857142857,,,,,,
sequence,Mona_5_20260624_123814,paired_pose_difference,learned_oracle_hand_minus_constant_velocity,7,7.0,1.0,,,,,,,,,-38.796690759388014,-34.50242857414382,-6.505579888282858,0.7142857142857143,,,,,,
sequence,Mona_6_20260624_123930,classification,intention,124,124.0,1.0,0.9354838709677419,0.8449789996181748,0.8449789996181748,,,,,,,,,,,,,,,
sequence,Mona_6_20260624_123930,classification,assistance,124,124.0,1.0,0.967741935483871,0.9526536846124476,0.9526536846124476,,,,,,,,,,,,,,,
sequence,Mona_6_20260624_123930,classification,assistance_type_given_ground_truth_assistance,26,26.0,1.0,0.8461538461538461,0.8300653594771241,0.8300653594771241,,,,,,,,,,,,,,,
sequence,Mona_6_20260624_123930,classification,receiving_hand_given_ground_truth_handover,11,11.0,1.0,0.6363636363636364,0.3888888888888889,0.7777777777777778,,,,,,,,,,,,,,,
sequence,Mona_6_20260624_123930,pose,learned_end_to_end,7,7.0,1.0,,,,17.974649713727654,23.6132034748384,21.068885733670673,79.97563821132907,40.743510365515135,,,,,,,,,,
sequence,Mona_6_20260624_123930,pose,learned_oracle_hand,6,7.0,0.8571428571428571,,,,22.31558720009465,17.222924646392464,28.736314809771574,46.54818904297317,25.69676789052206,,,,,,,,,,
sequence,Mona_6_20260624_123930,pose,persistence,6,7.0,0.8571428571428571,,,,21.926599912362317,14.026183505827971,30.91450692786228,50.236617339372465,27.938923591486525,,,,,,,,,,
sequence,Mona_6_20260624_123930,pose,constant_velocity,6,7.0,0.8571428571428571,,,,79.91396385423307,75.39387850967151,101.31153867579171,50.236617339372465,27.938923591486525,,,,,,,,,,
sequence,Mona_6_20260624_123930,pose_fair_common,learned_oracle_hand,6,7.0,0.8571428571428571,,,,22.31558720009465,17.222924646392464,28.736314809771574,46.54818904297317,25.69676789052206,,,,,,,,,,
sequence,Mona_6_20260624_123930,pose_fair_common,persistence,6,7.0,0.8571428571428571,,,,21.926599912362317,14.026183505827971,30.91450692786228,50.236617339372465,27.938923591486525,,,,,,,,,,
sequence,Mona_6_20260624_123930,pose_fair_common,constant_velocity,6,7.0,0.8571428571428571,,,,79.91396385423307,75.39387850967151,101.31153867579171,50.236617339372465,27.938923591486525,,,,,,,,,,
sequence,Mona_6_20260624_123930,paired_pose_difference,learned_end_to_end_minus_persistence,6,7.0,0.8571428571428571,,,,,,,,,-5.9919945679458815,1.6184202603217102,13.30578542769659,0.3333333333333333,,,,,,
sequence,Mona_6_20260624_123930,paired_pose_difference,learned_end_to_end_minus_constant_velocity,6,7.0,0.8571428571428571,,,,,,,,,-63.97935850981663,-59.74927474352182,13.30578542769659,0.8333333333333334,,,,,,
sequence,Mona_6_20260624_123930,paired_pose_difference,learned_oracle_hand_minus_persistence,6,7.0,0.8571428571428571,,,,,,,,,0.3889872877323361,1.6184202603217102,-3.6884282963992923,0.16666666666666666,,,,,,
sequence,Mona_6_20260624_123930,paired_pose_difference,learned_oracle_hand_minus_constant_velocity,6,7.0,0.8571428571428571,,,,,,,,,-57.59837665413841,-59.74927474352182,-3.6884282963992923,0.8333333333333334,,,,,,
sequence,Mona_7_20260624_124051,classification,intention,123,123.0,1.0,0.9186991869918699,0.8689836149513569,0.8689836149513569,,,,,,,,,,,,,,,
sequence,Mona_7_20260624_124051,classification,assistance,123,123.0,1.0,0.9186991869918699,0.8897849462365591,0.8897849462365591,,,,,,,,,,,,,,,
sequence,Mona_7_20260624_124051,classification,assistance_type_given_ground_truth_assistance,29,29.0,1.0,1.0,1.0,1.0,,,,,,,,,,,,,,,
sequence,Mona_7_20260624_124051,classification,receiving_hand_given_ground_truth_handover,11,11.0,1.0,1.0,0.5,1.0,,,,,,,,,,,,,,,
sequence,Mona_7_20260624_124051,pose,learned_end_to_end,7,7.0,1.0,,,,9.348819338995586,9.602373754547516,9.412537709267744,11.52696253841962,12.072601739134374,,,,,,,,,,
sequence,Mona_7_20260624_124051,pose,learned_oracle_hand,7,7.0,1.0,,,,9.348819338995586,9.602373754547516,9.412537709267744,11.52696253841962,12.072601739134374,,,,,,,,,,
sequence,Mona_7_20260624_124051,pose,persistence,7,7.0,1.0,,,,2.5328276848517737,2.01667806882346,3.3115392726974218,3.518601747702897,2.3819060291891967,,,,,,,,,,
sequence,Mona_7_20260624_124051,pose,constant_velocity,7,7.0,1.0,,,,13.453438506592022,3.444942549407235,25.738677397154557,3.518601747702897,2.3819060291891967,,,,,,,,,,
sequence,Mona_7_20260624_124051,pose_fair_common,learned_oracle_hand,7,7.0,1.0,,,,9.348819338995586,9.602373754547516,9.412537709267744,11.52696253841962,12.072601739134374,,,,,,,,,,
sequence,Mona_7_20260624_124051,pose_fair_common,persistence,7,7.0,1.0,,,,2.5328276848517737,2.01667806882346,3.3115392726974218,3.518601747702897,2.3819060291891967,,,,,,,,,,
sequence,Mona_7_20260624_124051,pose_fair_common,constant_velocity,7,7.0,1.0,,,,13.453438506592022,3.444942549407235,25.738677397154557,3.518601747702897,2.3819060291891967,,,,,,,,,,
sequence,Mona_7_20260624_124051,paired_pose_difference,learned_end_to_end_minus_persistence,7,7.0,1.0,,,,,,,,,6.815991654143813,7.5856956857240565,8.00836079071672,0.0,,,,,,
sequence,Mona_7_20260624_124051,paired_pose_difference,learned_end_to_end_minus_constant_velocity,7,7.0,1.0,,,,,,,,,-4.104619167596434,6.799774165804401,8.00836079071672,0.2857142857142857,,,,,,
sequence,Mona_7_20260624_124051,paired_pose_difference,learned_oracle_hand_minus_persistence,7,7.0,1.0,,,,,,,,,6.815991654143813,7.5856956857240565,8.00836079071672,0.0,,,,,,
sequence,Mona_7_20260624_124051,paired_pose_difference,learned_oracle_hand_minus_constant_velocity,7,7.0,1.0,,,,,,,,,-4.104619167596434,6.799774165804401,8.00836079071672,0.2857142857142857,,,,,,
sequence,Mona_8_20260624_124414,classification,intention,149,149.0,1.0,0.8456375838926175,0.5301204819277109,0.5301204819277109,,,,,,,,,,,,,,,
sequence,Mona_8_20260624_124414,classification,assistance,149,149.0,1.0,0.87248322147651,0.7679698385378247,0.7679698385378247,,,,,,,,,,,,,,,
sequence,Mona_8_20260624_124414,classification,assistance_type_given_ground_truth_assistance,27,27.0,1.0,0.8148148148148148,0.8148148148148148,0.8148148148148148,,,,,,,,,,,,,,,
sequence,Mona_8_20260624_124414,classification,receiving_hand_given_ground_truth_handover,13,13.0,1.0,0.7692307692307693,0.4347826086956522,0.8695652173913044,,,,,,,,,,,,,,,
sequence,Mona_8_20260624_124414,pose,learned_end_to_end,8,9.0,0.8888888888888888,,,,16.586636532153932,10.391646223450657,19.69409915738642,52.01999279407929,14.187529531239186,,,,,,,,,,
sequence,Mona_8_20260624_124414,pose,learned_oracle_hand,9,9.0,1.0,,,,18.937871542998025,10.812978882118305,22.289567839619803,38.794076029276006,15.7471229036823,,,,,,,,,,
sequence,Mona_8_20260624_124414,pose,persistence,9,9.0,1.0,,,,21.251482408033315,7.8497922878021935,31.166025954242254,48.562730823442266,11.230743770129202,,,,,,,,,,
sequence,Mona_8_20260624_124414,pose,constant_velocity,9,9.0,1.0,,,,47.423060179882,52.34968652837617,62.495698437202726,48.562730823442266,11.230743770129202,,,,,,,,,,
sequence,Mona_8_20260624_124414,pose_fair_common,learned_oracle_hand,9,9.0,1.0,,,,18.937871542998025,10.812978882118305,22.289567839619803,38.794076029276006,15.7471229036823,,,,,,,,,,
sequence,Mona_8_20260624_124414,pose_fair_common,persistence,9,9.0,1.0,,,,21.251482408033315,7.8497922878021935,31.166025954242254,48.562730823442266,11.230743770129202,,,,,,,,,,
sequence,Mona_8_20260624_124414,pose_fair_common,constant_velocity,9,9.0,1.0,,,,47.423060179882,52.34968652837617,62.495698437202726,48.562730823442266,11.230743770129202,,,,,,,,,,
sequence,Mona_8_20260624_124414,paired_pose_difference,learned_end_to_end_minus_persistence,8,9.0,0.8888888888888888,,,,,,,,,-2.597223427964191,3.7712353002263397,10.181023188056766,0.25,,,,,,
sequence,Mona_8_20260624_124414,paired_pose_difference,learned_end_to_end_minus_constant_velocity,8,9.0,0.8888888888888888,,,,,,,,,-22.339236181367045,-25.365353915141583,10.181023188056766,0.625,,,,,,
sequence,Mona_8_20260624_124414,paired_pose_difference,learned_oracle_hand_minus_persistence,9,9.0,1.0,,,,,,,,,-2.3136108650352925,3.6344484210213484,-9.768654794166258,0.3333333333333333,,,,,,
sequence,Mona_8_20260624_124414,paired_pose_difference,learned_oracle_hand_minus_constant_velocity,9,9.0,1.0,,,,,,,,,-28.485188636883972,-26.670583014139012,-9.768654794166258,0.6666666666666666,,,,,,
participant,Edu,classification,intention,703,703.0,1.0,0.8390459265745284,0.8288654008031279,0.8288654008031279,,,,,,,,,,,,,,,
participant,Edu,classification,assistance,703,703.0,1.0,0.8711709405836003,0.8551067564709981,0.8551067564709981,,,,,,,,,,,,,,,
participant,Edu,classification,assistance_type_given_ground_truth_assistance,253,253.0,1.0,0.9192817059483726,0.9159004575671241,0.9159004575671241,,,,,,,,,,,,,,,
participant,Edu,classification,receiving_hand_given_ground_truth_handover,132,132.0,1.0,1.0,0.5,1.0,,,,,,,,,,,,,,,
participant,Edu,pose,learned_end_to_end,94,94.0,1.0,,,,17.270629301156166,15.870528254005642,20.226432038997324,48.46076859584398,35.19282858902825,,,,,,,,,,
participant,Edu,pose,learned_oracle_hand,94,94.0,1.0,,,,17.270629301156166,15.870528254005642,20.226432038997324,48.46076859584398,35.19282858902825,,,,,,,,,,
participant,Edu,pose,persistence,94,94.0,1.0,,,,20.450469258997277,18.957000638395606,24.964843707206217,66.8333608602656,62.3992207457811,,,,,,,,,,
participant,Edu,pose,constant_velocity,94,94.0,1.0,,,,39.47552523955252,37.02739625409101,45.882428415869086,66.8333608602656,62.3992207457811,,,,,,,,,,
participant,Edu,pose_fair_common,learned_oracle_hand,94,94.0,1.0,,,,17.270629301156166,15.870528254005642,20.226432038997324,48.46076859584398,35.19282858902825,,,,,,,,,,
participant,Edu,pose_fair_common,persistence,94,94.0,1.0,,,,20.450469258997277,18.957000638395606,24.964843707206217,66.8333608602656,62.3992207457811,,,,,,,,,,
participant,Edu,pose_fair_common,constant_velocity,94,94.0,1.0,,,,39.47552523955252,37.02739625409101,45.882428415869086,66.8333608602656,62.3992207457811,,,,,,,,,,
participant,Edu,paired_pose_difference,learned_end_to_end_minus_constant_velocity,94,,1.0,,,,,,,,,-22.20489593839635,-15.395398890528888,-18.372592264421627,0.8585069444444444,,,,,,
participant,Edu,paired_pose_difference,learned_end_to_end_minus_persistence,94,,1.0,,,,,,,,,-3.1798399578411125,-1.5709111619383673,-18.372592264421627,0.6306712962962963,,,,,,
participant,Edu,paired_pose_difference,learned_oracle_hand_minus_constant_velocity,94,,1.0,,,,,,,,,-22.20489593839635,-15.395398890528888,-18.372592264421627,0.8585069444444444,,,,,,
participant,Edu,paired_pose_difference,learned_oracle_hand_minus_persistence,94,,1.0,,,,,,,,,-3.1798399578411125,-1.5709111619383673,-18.372592264421627,0.6306712962962963,,,,,,
participant,Jona,classification,intention,667,667.0,1.0,0.862735377587654,0.8480175215514788,0.8480175215514788,,,,,,,,,,,,,,,
participant,Jona,classification,assistance,667,667.0,1.0,0.8698611530802227,0.8587821047953017,0.8587821047953017,,,,,,,,,,,,,,,
participant,Jona,classification,assistance_type_given_ground_truth_assistance,194,194.0,1.0,0.9746657283603097,0.974305278055278,0.974305278055278,,,,,,,,,,,,,,,
participant,Jona,classification,receiving_hand_given_ground_truth_handover,82,82.0,1.0,1.0,0.5,1.0,,,,,,,,,,,,,,,
participant,Jona,pose,learned_end_to_end,61,61.0,1.0,,,,10.682493742844896,7.0486698036491475,14.108271339757081,26.803966028820632,18.874625189615536,,,,,,,,,,
participant,Jona,pose,learned_oracle_hand,61,61.0,1.0,,,,10.682493742844896,7.0486698036491475,14.108271339757081,26.803966028820632,18.874625189615536,,,,,,,,,,
participant,Jona,pose,persistence,61,61.0,1.0,,,,9.833112064304515,4.34308805601892,15.547223584591876,25.650177937880652,12.628485533932109,,,,,,,,,,
participant,Jona,pose,constant_velocity,61,61.0,1.0,,,,23.709157785594318,15.020617677881058,33.776523167504415,25.650177937880652,12.628485533932109,,,,,,,,,,
participant,Jona,pose_fair_common,learned_oracle_hand,61,61.0,1.0,,,,10.682493742844896,7.0486698036491475,14.108271339757081,26.803966028820632,18.874625189615536,,,,,,,,,,
participant,Jona,pose_fair_common,persistence,61,61.0,1.0,,,,9.833112064304515,4.34308805601892,15.547223584591876,25.650177937880652,12.628485533932109,,,,,,,,,,
participant,Jona,pose_fair_common,constant_velocity,61,61.0,1.0,,,,23.709157785594318,15.020617677881058,33.776523167504415,25.650177937880652,12.628485533932109,,,,,,,,,,
participant,Jona,paired_pose_difference,learned_end_to_end_minus_constant_velocity,61,,1.0,,,,,,,,,-13.026664042749417,-5.076534655633345,1.1537880909399785,0.6202380952380951,,,,,,
participant,Jona,paired_pose_difference,learned_end_to_end_minus_persistence,61,,1.0,,,,,,,,,0.8493816785403807,1.4431401533288466,1.1537880909399785,0.45674603174603173,,,,,,
participant,Jona,paired_pose_difference,learned_oracle_hand_minus_constant_velocity,61,,1.0,,,,,,,,,-13.026664042749417,-5.076534655633345,1.1537880909399785,0.6202380952380951,,,,,,
participant,Jona,paired_pose_difference,learned_oracle_hand_minus_persistence,61,,1.0,,,,,,,,,0.8493816785403807,1.4431401533288466,1.1537880909399785,0.45674603174603173,,,,,,
participant,Mona,classification,intention,829,829.0,1.0,0.8966129116421586,0.7940665938804526,0.7940665938804526,,,,,,,,,,,,,,,
participant,Mona,classification,assistance,829,829.0,1.0,0.918415683964162,0.882311734300448,0.882311734300448,,,,,,,,,,,,,,,
participant,Mona,classification,assistance_type_given_ground_truth_assistance,200,200.0,1.0,0.9139369570404053,0.9113153069035421,0.9113153069035421,,,,,,,,,,,,,,,
participant,Mona,classification,receiving_hand_given_ground_truth_handover,90,90.0,1.0,0.8515484515484515,0.4575199645075422,0.9150399290150844,,,,,,,,,,,,,,,
participant,Mona,pose,learned_end_to_end,61,62.0,0.9841269841269842,,,,15.842076339581334,13.350199382870727,18.377711435575304,46.09616808602221,18.043432210641672,,,,,,,,,,
participant,Mona,pose,learned_oracle_hand,59,62.0,0.9557823129251701,,,,16.776992453108925,12.82971307410532,19.86661264043718,31.690426275834103,16.03027018563519,,,,,,,,,,
participant,Mona,pose,persistence,59,62.0,0.9557823129251701,,,,14.239038702207719,6.4762411307704975,21.377505472045517,31.23536511565186,10.931165198968817,,,,,,,,,,
participant,Mona,pose,constant_velocity,58,62.0,0.9414965986394558,,,,39.59595508999333,30.050710001033984,55.79961604994902,29.61846761496255,10.795976328106933,,,,,,,,,,
participant,Mona,pose_fair_common,learned_oracle_hand,58,62.0,0.9414965986394558,,,,16.474653503810025,12.7806432201289,19.511442589771658,30.728510697294816,16.02365378116816,,,,,,,,,,
participant,Mona,pose_fair_common,persistence,58,62.0,0.9414965986394558,,,,13.571216817197293,6.470084826887922,20.34315920877128,29.61846761496255,10.795976328106933,,,,,,,,,,
participant,Mona,pose_fair_common,constant_velocity,58,62.0,0.9414965986394558,,,,39.59595508999333,30.050710001033984,55.79961604994902,29.61846761496255,10.795976328106933,,,,,,,,,,
participant,Mona,paired_pose_difference,learned_end_to_end_minus_constant_velocity,57,,0.92562358276644,,,,,,,,,-23.432450348134164,-15.825695112178835,10.049346582110195,0.46598639455782315,,,,,,
participant,Mona,paired_pose_difference,learned_end_to_end_minus_persistence,58,,0.9399092970521542,,,,,,,,,1.2373422505405054,4.994981589899871,10.625082768935302,0.18083900226757368,,,,,,
participant,Mona,paired_pose_difference,learned_oracle_hand_minus_constant_velocity,58,,0.9414965986394558,,,,,,,,,-23.121301586183307,-14.358969773043329,1.1100430823322645,0.4719387755102041,,,,,,
participant,Mona,paired_pose_difference,learned_oracle_hand_minus_persistence,59,,0.9557823129251701,,,,,,,,,2.5379537509012056,4.975440607156301,0.45506116018223935,0.1689342403628118,,,,,,
receiving_hand,left,classification,intention,829,829.0,1.0,0.8974668275030157,0.8160411827106518,0.8160411827106518,,,,,,,,,,,,,,,
receiving_hand,left,classification,assistance,829,829.0,1.0,0.9179734620024126,0.8890996081147011,0.8890996081147011,,,,,,,,,,,,,,,
receiving_hand,left,classification,assistance_type_given_ground_truth_assistance,200,200.0,1.0,0.91,0.9076354679802956,0.9076354679802956,,,,,,,,,,,,,,,
receiving_hand,left,classification,receiving_hand_given_ground_truth_handover,90,90.0,1.0,0.8555555555555555,0.4610778443113772,0.9221556886227544,,,,,,,,,,,,,,,
receiving_hand,left,pose,learned_end_to_end,61,62.0,0.9838709677419355,,,,16.482845008613722,10.549443484613182,20.15527947704815,46.60110057235328,14.056684388111083,,,,,,,,,,
receiving_hand,left,pose,learned_oracle_hand,59,62.0,0.9516129032258065,,,,17.01198544680997,10.40470624142416,21.305420419948323,32.581196641697666,13.577468786423006,,,,,,,,,,
receiving_hand,left,pose,persistence,59,62.0,0.9516129032258065,,,,14.448259520948824,1.656448147613295,24.646606113815626,31.93677633419984,3.620143296814719,,,,,,,,,,
receiving_hand,left,pose,constant_velocity,58,62.0,0.9354838709677419,,,,38.725789146139235,8.410033419744007,61.67635160192214,30.45106806972782,3.4149746979593925,,,,,,,,,,
receiving_hand,left,pose_fair_common,learned_oracle_hand,58,62.0,0.9354838709677419,,,,16.70225900290526,10.344373689369235,20.991790884464717,31.716294782849207,13.567133216775147,,,,,,,,,,
receiving_hand,left,pose_fair_common,persistence,58,62.0,0.9354838709677419,,,,13.847890384902183,1.6346472882057104,24.001564625331948,30.45106806972782,3.4149746979593925,,,,,,,,,,
receiving_hand,left,pose_fair_common,constant_velocity,58,62.0,0.9354838709677419,,,,38.725789146139235,8.410033419744007,61.67635160192214,30.45106806972782,3.4149746979593925,,,,,,,,,,
receiving_hand,left,paired_pose_difference,learned_end_to_end_minus_persistence,58,62.0,0.9354838709677419,,,,,,,,,1.6370258269839932,4.993538494366069,9.763897061193392,0.1896551724137931,,,,,,
receiving_hand,left,paired_pose_difference,learned_end_to_end_minus_constant_velocity,57,62.0,0.9193548387096774,,,,,,,,,-21.95787569640497,1.837199709167244,9.195318243902674,0.45614035087719296,,,,,,
receiving_hand,left,paired_pose_difference,learned_oracle_hand_minus_persistence,59,62.0,0.9516129032258065,,,,,,,,,2.563725925861144,4.914901055983199,0.6444203074978191,0.1864406779661017,,,,,,
receiving_hand,left,paired_pose_difference,learned_oracle_hand_minus_constant_velocity,58,62.0,0.9354838709677419,,,,,,,,,-22.023530143233977,1.6475901879132793,1.265226713121386,0.46551724137931033,,,,,,
receiving_hand_sequence_balanced,left,classification,intention,829,829.0,1.0,0.8966129116421586,0.7940665938804526,0.7940665938804526,,,,,,,,,,,,,,,
receiving_hand_sequence_balanced,left,classification,assistance,829,829.0,1.0,0.918415683964162,0.882311734300448,0.882311734300448,,,,,,,,,,,,,,,
receiving_hand_sequence_balanced,left,classification,assistance_type_given_ground_truth_assistance,200,200.0,1.0,0.9139369570404053,0.9113153069035421,0.9113153069035421,,,,,,,,,,,,,,,
receiving_hand_sequence_balanced,left,classification,receiving_hand_given_ground_truth_handover,90,90.0,1.0,0.8515484515484515,0.4575199645075422,0.9150399290150844,,,,,,,,,,,,,,,
receiving_hand_sequence_balanced,left,pose,learned_end_to_end,61,62.0,0.9841269841269842,,,,15.842076339581334,13.350199382870727,18.377711435575304,46.09616808602221,18.043432210641672,,,,,,,,,,
receiving_hand_sequence_balanced,left,pose,learned_oracle_hand,59,62.0,0.9557823129251701,,,,16.776992453108925,12.82971307410532,19.86661264043718,31.690426275834103,16.03027018563519,,,,,,,,,,
receiving_hand_sequence_balanced,left,pose,persistence,59,62.0,0.9557823129251701,,,,14.239038702207719,6.4762411307704975,21.377505472045517,31.23536511565186,10.931165198968817,,,,,,,,,,
receiving_hand_sequence_balanced,left,pose,constant_velocity,58,62.0,0.9414965986394558,,,,39.59595508999333,30.050710001033984,55.79961604994902,29.61846761496255,10.795976328106933,,,,,,,,,,
receiving_hand_sequence_balanced,left,pose_fair_common,learned_oracle_hand,58,62.0,0.9414965986394558,,,,16.474653503810025,12.7806432201289,19.511442589771658,30.728510697294816,16.02365378116816,,,,,,,,,,
receiving_hand_sequence_balanced,left,pose_fair_common,persistence,58,62.0,0.9414965986394558,,,,13.571216817197293,6.470084826887922,20.34315920877128,29.61846761496255,10.795976328106933,,,,,,,,,,
receiving_hand_sequence_balanced,left,pose_fair_common,constant_velocity,58,62.0,0.9414965986394558,,,,39.59595508999333,30.050710001033984,55.79961604994902,29.61846761496255,10.795976328106933,,,,,,,,,,
receiving_hand_sequence_balanced,left,paired_pose_difference,learned_end_to_end_minus_constant_velocity,57,,0.92562358276644,,,,,,,,,-23.432450348134164,-15.825695112178835,10.049346582110195,0.46598639455782315,,,,,,
receiving_hand_sequence_balanced,left,paired_pose_difference,learned_end_to_end_minus_persistence,58,,0.9399092970521542,,,,,,,,,1.2373422505405054,4.994981589899871,10.625082768935302,0.18083900226757368,,,,,,
receiving_hand_sequence_balanced,left,paired_pose_difference,learned_oracle_hand_minus_constant_velocity,58,,0.9414965986394558,,,,,,,,,-23.121301586183307,-14.358969773043329,1.1100430823322645,0.4719387755102041,,,,,,
receiving_hand_sequence_balanced,left,paired_pose_difference,learned_oracle_hand_minus_persistence,59,,0.9557823129251701,,,,,,,,,2.5379537509012056,4.975440607156301,0.45506116018223935,0.1689342403628118,,,,,,
receiving_hand_participant_balanced,left,classification,intention,829,829.0,1.0,0.8966129116421586,0.7940665938804526,0.7940665938804526,,,,,,,,,,,,,,,
receiving_hand_participant_balanced,left,classification,assistance,829,829.0,1.0,0.918415683964162,0.882311734300448,0.882311734300448,,,,,,,,,,,,,,,
receiving_hand_participant_balanced,left,classification,assistance_type_given_ground_truth_assistance,200,200.0,1.0,0.9139369570404053,0.9113153069035421,0.9113153069035421,,,,,,,,,,,,,,,
receiving_hand_participant_balanced,left,classification,receiving_hand_given_ground_truth_handover,90,90.0,1.0,0.8515484515484515,0.4575199645075422,0.9150399290150844,,,,,,,,,,,,,,,
receiving_hand_participant_balanced,left,pose,learned_end_to_end,61,62.0,0.9841269841269842,,,,15.842076339581334,13.350199382870727,18.377711435575304,46.09616808602221,18.043432210641672,,,,,,,,,,
receiving_hand_participant_balanced,left,pose,learned_oracle_hand,59,62.0,0.9557823129251701,,,,16.776992453108925,12.82971307410532,19.86661264043718,31.690426275834103,16.03027018563519,,,,,,,,,,
receiving_hand_participant_balanced,left,pose,persistence,59,62.0,0.9557823129251701,,,,14.239038702207719,6.4762411307704975,21.377505472045517,31.23536511565186,10.931165198968817,,,,,,,,,,
receiving_hand_participant_balanced,left,pose,constant_velocity,58,62.0,0.9414965986394558,,,,39.59595508999333,30.050710001033984,55.79961604994902,29.61846761496255,10.795976328106933,,,,,,,,,,
receiving_hand_participant_balanced,left,pose_fair_common,learned_oracle_hand,58,62.0,0.9414965986394558,,,,16.474653503810025,12.7806432201289,19.511442589771658,30.728510697294816,16.02365378116816,,,,,,,,,,
receiving_hand_participant_balanced,left,pose_fair_common,persistence,58,62.0,0.9414965986394558,,,,13.571216817197293,6.470084826887922,20.34315920877128,29.61846761496255,10.795976328106933,,,,,,,,,,
receiving_hand_participant_balanced,left,pose_fair_common,constant_velocity,58,62.0,0.9414965986394558,,,,39.59595508999333,30.050710001033984,55.79961604994902,29.61846761496255,10.795976328106933,,,,,,,,,,
receiving_hand_participant_balanced,left,paired_pose_difference,learned_end_to_end_minus_constant_velocity,57,,0.92562358276644,,,,,,,,,-23.432450348134164,-15.825695112178835,10.049346582110195,0.46598639455782315,,,,,,
receiving_hand_participant_balanced,left,paired_pose_difference,learned_end_to_end_minus_persistence,58,,0.9399092970521542,,,,,,,,,1.2373422505405054,4.994981589899871,10.625082768935302,0.18083900226757368,,,,,,
receiving_hand_participant_balanced,left,paired_pose_difference,learned_oracle_hand_minus_constant_velocity,58,,0.9414965986394558,,,,,,,,,-23.121301586183307,-14.358969773043329,1.1100430823322645,0.4719387755102041,,,,,,
receiving_hand_participant_balanced,left,paired_pose_difference,learned_oracle_hand_minus_persistence,59,,0.9557823129251701,,,,,,,,,2.5379537509012056,4.975440607156301,0.45506116018223935,0.1689342403628118,,,,,,
receiving_hand,right,classification,intention,1370,1370.0,1.0,0.8518248175182481,0.822257129825172,0.822257129825172,,,,,,,,,,,,,,,
receiving_hand,right,classification,assistance,1370,1370.0,1.0,0.8708029197080291,0.8640655875551818,0.8640655875551818,,,,,,,,,,,,,,,
receiving_hand,right,classification,assistance_type_given_ground_truth_assistance,447,447.0,1.0,0.941834451901566,0.941831831831832,0.941831831831832,,,,,,,,,,,,,,,
receiving_hand,right,classification,receiving_hand_given_ground_truth_handover,214,214.0,1.0,1.0,0.5,1.0,,,,,,,,,,,,,,,
receiving_hand,right,pose,learned_end_to_end,155,155.0,1.0,,,,14.779552494734967,9.311640056001416,18.797701345306944,40.163045311930595,23.251384893136663,,,,,,,,,,
receiving_hand,right,pose,learned_oracle_hand,155,155.0,1.0,,,,14.779552494734967,9.311640056001416,18.797701345306944,40.163045311930595,23.251384893136663,,,,,,,,,,
receiving_hand,right,pose,persistence,155,155.0,1.0,,,,15.16207519881861,9.002809895157666,21.640102004082113,46.38882810154139,23.95773624269273,,,,,,,,,,
receiving_hand,right,pose,constant_velocity,155,155.0,1.0,,,,31.531289244729923,29.039629396831764,41.62469008348959,46.38882810154139,23.95773624269273,,,,,,,,,,
receiving_hand,right,pose_fair_common,learned_oracle_hand,155,155.0,1.0,,,,14.779552494734967,9.311640056001416,18.797701345306944,40.163045311930595,23.251384893136663,,,,,,,,,,
receiving_hand,right,pose_fair_common,persistence,155,155.0,1.0,,,,15.16207519881861,9.002809895157666,21.640102004082113,46.38882810154139,23.95773624269273,,,,,,,,,,
receiving_hand,right,pose_fair_common,constant_velocity,155,155.0,1.0,,,,31.531289244729923,29.039629396831764,41.62469008348959,46.38882810154139,23.95773624269273,,,,,,,,,,
receiving_hand,right,paired_pose_difference,learned_end_to_end_minus_persistence,155,155.0,1.0,,,,,,,,,-0.3825227040836476,-0.016831383551706658,-6.225782789610807,0.5032258064516129,,,,,,
receiving_hand,right,paired_pose_difference,learned_end_to_end_minus_constant_velocity,155,155.0,1.0,,,,,,,,,-16.751736749994958,-7.3797504635348545,-6.225782789610807,0.7096774193548387,,,,,,
receiving_hand,right,paired_pose_difference,learned_oracle_hand_minus_persistence,155,155.0,1.0,,,,,,,,,-0.3825227040836476,-0.016831383551706658,-6.225782789610807,0.5032258064516129,,,,,,
receiving_hand,right,paired_pose_difference,learned_oracle_hand_minus_constant_velocity,155,155.0,1.0,,,,,,,,,-16.751736749994958,-7.3797504635348545,-6.225782789610807,0.7096774193548387,,,,,,
receiving_hand_sequence_balanced,right,classification,intention,1370,1370.0,1.0,0.8494100613927709,0.8372444536305315,0.8372444536305315,,,,,,,,,,,,,,,
receiving_hand_sequence_balanced,right,classification,assistance,1370,1370.0,1.0,0.8705979085508726,0.856714721362881,0.856714721362881,,,,,,,,,,,,,,,
receiving_hand_sequence_balanced,right,classification,assistance_type_given_ground_truth_assistance,447,447.0,1.0,0.9435122157535951,0.9414525665306915,0.9414525665306915,,,,,,,,,,,,,,,
receiving_hand_sequence_balanced,right,classification,receiving_hand_given_ground_truth_handover,214,214.0,1.0,1.0,0.5,1.0,,,,,,,,,,,,,,,
receiving_hand_sequence_balanced,right,pose,learned_end_to_end,155,155.0,1.0,,,,14.196166040610906,11.753660977172613,17.371290379351876,38.35426073123309,27.577667002635653,,,,,,,,,,
receiving_hand_sequence_balanced,right,pose,learned_oracle_hand,155,155.0,1.0,,,,14.196166040610906,11.753660977172613,17.371290379351876,38.35426073123309,27.577667002635653,,,,,,,,,,
receiving_hand_sequence_balanced,right,pose,persistence,155,155.0,1.0,,,,15.495702568140652,12.137174766619816,20.569954316652858,47.61454216315262,39.17287764691823,,,,,,,,,,
receiving_hand_sequence_balanced,right,pose,constant_velocity,155,155.0,1.0,,,,32.117887094372016,26.7575662518597,40.23300596663224,47.61454216315262,39.17287764691823,,,,,,,,,,
receiving_hand_sequence_balanced,right,pose_fair_common,learned_oracle_hand,155,155.0,1.0,,,,14.196166040610906,11.753660977172613,17.371290379351876,38.35426073123309,27.577667002635653,,,,,,,,,,
receiving_hand_sequence_balanced,right,pose_fair_common,persistence,155,155.0,1.0,,,,15.495702568140652,12.137174766619816,20.569954316652858,47.61454216315262,39.17287764691823,,,,,,,,,,
receiving_hand_sequence_balanced,right,pose_fair_common,constant_velocity,155,155.0,1.0,,,,32.117887094372016,26.7575662518597,40.23300596663224,47.61454216315262,39.17287764691823,,,,,,,,,,
receiving_hand_sequence_balanced,right,paired_pose_difference,learned_end_to_end_minus_constant_velocity,155,,1.0,,,,,,,,,-17.921721053761118,-10.579928914244302,-9.260281431919546,0.7473148148148147,,,,,,
receiving_hand_sequence_balanced,right,paired_pose_difference,learned_end_to_end_minus_persistence,155,,1.0,,,,,,,,,-1.2995365275297488,-0.1643538814803343,-9.260281431919546,0.5495061728395061,,,,,,
receiving_hand_sequence_balanced,right,paired_pose_difference,learned_oracle_hand_minus_constant_velocity,155,,1.0,,,,,,,,,-17.921721053761118,-10.579928914244302,-9.260281431919546,0.7473148148148147,,,,,,
receiving_hand_sequence_balanced,right,paired_pose_difference,learned_oracle_hand_minus_persistence,155,,1.0,,,,,,,,,-1.2995365275297488,-0.1643538814803343,-9.260281431919546,0.5495061728395061,,,,,,
receiving_hand_participant_balanced,right,classification,intention,1370,1370.0,1.0,0.8508906520810912,0.8384414611773033,0.8384414611773033,,,,,,,,,,,,,,,
receiving_hand_participant_balanced,right,classification,assistance,1370,1370.0,1.0,0.8705160468319115,0.85694443063315,0.85694443063315,,,,,,,,,,,,,,,
receiving_hand_participant_balanced,right,classification,assistance_type_given_ground_truth_assistance,447,447.0,1.0,0.9469737171543411,0.945102867811201,0.945102867811201,,,,,,,,,,,,,,,
receiving_hand_participant_balanced,right,classification,receiving_hand_given_ground_truth_handover,214,214.0,1.0,1.0,0.5,1.0,,,,,,,,,,,,,,,
receiving_hand_participant_balanced,right,pose,learned_end_to_end,155,155.0,1.0,,,,13.97656152200053,11.459599028827395,17.167351689377202,37.632367312332306,27.033726889321894,,,,,,,,,,
receiving_hand_participant_balanced,right,pose,learned_oracle_hand,155,155.0,1.0,,,,13.97656152200053,11.459599028827395,17.167351689377202,37.632367312332306,27.033726889321894,,,,,,,,,,
receiving_hand_participant_balanced,right,pose,persistence,155,155.0,1.0,,,,15.141790661650896,11.650044347207263,20.256033645899045,46.24176939907313,37.51385313985661,,,,,,,,,,
receiving_hand_participant_balanced,right,pose,constant_velocity,155,155.0,1.0,,,,31.59234151257342,26.024006965986032,39.82947579168675,46.24176939907313,37.51385313985661,,,,,,,,,,
receiving_hand_participant_balanced,right,pose_fair_common,learned_oracle_hand,155,155.0,1.0,,,,13.97656152200053,11.459599028827395,17.167351689377202,37.632367312332306,27.033726889321894,,,,,,,,,,
receiving_hand_participant_balanced,right,pose_fair_common,persistence,155,155.0,1.0,,,,15.141790661650896,11.650044347207263,20.256033645899045,46.24176939907313,37.51385313985661,,,,,,,,,,
receiving_hand_participant_balanced,right,pose_fair_common,constant_velocity,155,155.0,1.0,,,,31.59234151257342,26.024006965986032,39.82947579168675,46.24176939907313,37.51385313985661,,,,,,,,,,
receiving_hand_participant_balanced,right,paired_pose_difference,learned_end_to_end_minus_constant_velocity,155,,1.0,,,,,,,,,-17.615779990572882,-10.235966773081117,-8.609402086740824,0.7393725198412697,,,,,,
receiving_hand_participant_balanced,right,paired_pose_difference,learned_end_to_end_minus_persistence,155,,1.0,,,,,,,,,-1.165229139650366,-0.06388550430476037,-8.609402086740824,0.543708664021164,,,,,,
receiving_hand_participant_balanced,right,paired_pose_difference,learned_oracle_hand_minus_constant_velocity,155,,1.0,,,,,,,,,-17.615779990572882,-10.235966773081117,-8.609402086740824,0.7393725198412697,,,,,,
receiving_hand_participant_balanced,right,paired_pose_difference,learned_oracle_hand_minus_persistence,155,,1.0,,,,,,,,,-1.165229139650366,-0.06388550430476037,-8.609402086740824,0.543708664021164,,,,,,
cluster_bootstrap,participant_cluster,confidence_interval,classification.intention.accuracy,10000,,,,,,,,,,,,,,,0.8661314052681136,0.8390459265745284,0.8966129116421587,estimable,3.0,1.0
cluster_bootstrap,participant_cluster,confidence_interval,classification.intention.macro_f1,10000,,,,,,,,,,,,,,,0.8236498387450197,0.7940665938804526,0.8480175215514788,estimable,3.0,1.0
cluster_bootstrap,participant_cluster,confidence_interval,classification.intention.macro_f1_supported,10000,,,,,,,,,,,,,,,0.8236498387450197,0.7940665938804526,0.8480175215514788,estimable,3.0,1.0
cluster_bootstrap,participant_cluster,confidence_interval,classification.intention.coverage,10000,,,,,,,,,,,,,,,1.0,1.0,1.0,estimable,3.0,1.0
cluster_bootstrap,participant_cluster,confidence_interval,classification.assistance.accuracy,10000,,,,,,,,,,,,,,,0.8864825925426617,0.8698611530802228,0.9184156839641618,estimable,3.0,1.0
cluster_bootstrap,participant_cluster,confidence_interval,classification.assistance.macro_f1,10000,,,,,,,,,,,,,,,0.8654001985222494,0.8551067564709981,0.882311734300448,estimable,3.0,1.0
cluster_bootstrap,participant_cluster,confidence_interval,classification.assistance.macro_f1_supported,10000,,,,,,,,,,,,,,,0.8654001985222494,0.8551067564709981,0.882311734300448,estimable,3.0,1.0
cluster_bootstrap,participant_cluster,confidence_interval,classification.assistance.coverage,10000,,,,,,,,,,,,,,,1.0,1.0,1.0,estimable,3.0,1.0
cluster_bootstrap,participant_cluster,confidence_interval,classification.assistance_type_given_ground_truth_assistance.accuracy,10000,,,,,,,,,,,,,,,0.9359614637830291,0.9139369570404053,0.9746657283603097,estimable,3.0,1.0
cluster_bootstrap,participant_cluster,confidence_interval,classification.assistance_type_given_ground_truth_assistance.macro_f1,10000,,,,,,,,,,,,,,,0.9338403475086481,0.9113153069035421,0.974305278055278,estimable,3.0,1.0
cluster_bootstrap,participant_cluster,confidence_interval,classification.assistance_type_given_ground_truth_assistance.macro_f1_supported,10000,,,,,,,,,,,,,,,0.9338403475086481,0.9113153069035421,0.974305278055278,estimable,3.0,1.0
cluster_bootstrap,participant_cluster,confidence_interval,classification.assistance_type_given_ground_truth_assistance.coverage,10000,,,,,,,,,,,,,,,1.0,1.0,1.0,estimable,3.0,1.0
cluster_bootstrap,participant_cluster,confidence_interval,classification.receiving_hand_given_ground_truth_handover.accuracy,10000,,,,,,,,,,,,,,,0.9505161505161505,0.8515484515484516,1.0,estimable,3.0,1.0
cluster_bootstrap,participant_cluster,confidence_interval,classification.receiving_hand_given_ground_truth_handover.macro_f1,10000,,,,,,,,,,,,,,,0.4858399881691808,0.4575199645075421,0.5,estimable,3.0,1.0
cluster_bootstrap,participant_cluster,confidence_interval,classification.receiving_hand_given_ground_truth_handover.macro_f1_supported,10000,,,,,,,,,,,,,,,0.9716799763383616,0.9150399290150842,1.0,estimable,3.0,1.0
cluster_bootstrap,participant_cluster,confidence_interval,classification.receiving_hand_given_ground_truth_handover.coverage,10000,,,,,,,,,,,,,,,1.0,1.0,1.0,estimable,3.0,1.0
cluster_bootstrap,participant_cluster,confidence_interval,pose.learned_end_to_end.native.position_mean_cm,10000,,,,,,,,,,,,,,,14.598399794527465,10.682493742844896,17.270629301156166,estimable,3.0,1.0
cluster_bootstrap,participant_cluster,confidence_interval,pose.learned_end_to_end.native.position_median_cm,10000,,,,,,,,,,,,,,,12.08979914684184,7.0486698036491475,15.870528254005642,estimable,3.0,1.0
cluster_bootstrap,participant_cluster,confidence_interval,pose.learned_end_to_end.native.position_rmse_cm,10000,,,,,,,,,,,,,,,17.5708049381099,14.108271339757081,20.226432038997324,estimable,3.0,1.0
cluster_bootstrap,participant_cluster,confidence_interval,pose.learned_end_to_end.native.orientation_mean_deg,10000,,,,,,,,,,,,,,,40.4536342368956,26.80396602882063,48.46076859584398,estimable,3.0,1.0
cluster_bootstrap,participant_cluster,confidence_interval,pose.learned_end_to_end.native.orientation_median_deg,10000,,,,,,,,,,,,,,,24.036961996428488,18.043432210641672,35.19282858902825,estimable,3.0,1.0
cluster_bootstrap,participant_cluster,confidence_interval,pose.learned_end_to_end.native.coverage,10000,,,,,,,,,,,,,,,0.9947089947089948,0.9841269841269842,1.0,estimable,3.0,1.0
cluster_bootstrap,participant_cluster,confidence_interval,pose.learned_oracle_hand.native.position_mean_cm,10000,,,,,,,,,,,,,,,14.910038499036661,10.682493742844896,17.270629301156166,estimable,3.0,1.0
cluster_bootstrap,participant_cluster,confidence_interval,pose.learned_oracle_hand.native.position_median_cm,10000,,,,,,,,,,,,,,,11.916303710586703,7.0486698036491475,15.870528254005642,estimable,3.0,1.0
cluster_bootstrap,participant_cluster,confidence_interval,pose.learned_oracle_hand.native.position_rmse_cm,10000,,,,,,,,,,,,,,,18.067105339730528,14.108271339757081,20.226432038997324,estimable,3.0,1.0
cluster_bootstrap,participant_cluster,confidence_interval,pose.learned_oracle_hand.native.orientation_mean_deg,10000,,,,,,,,,,,,,,,35.65172030016624,26.80396602882063,48.46076859584398,estimable,3.0,1.0
cluster_bootstrap,participant_cluster,confidence_interval,pose.learned_oracle_hand.native.orientation_median_deg,10000,,,,,,,,,,,,,,,23.36590798809299,16.03027018563519,35.19282858902825,estimable,3.0,1.0
cluster_bootstrap,participant_cluster,confidence_interval,pose.learned_oracle_hand.native.coverage,10000,,,,,,,,,,,,,,,0.9852607709750568,0.95578231292517,1.0,estimable,3.0,1.0
cluster_bootstrap,participant_cluster,confidence_interval,pose.persistence.native.position_mean_cm,10000,,,,,,,,,,,,,,,14.840873341836504,9.833112064304515,20.450469258997277,estimable,3.0,1.0
cluster_bootstrap,participant_cluster,confidence_interval,pose.persistence.native.position_median_cm,10000,,,,,,,,,,,,,,,9.925443275061674,4.34308805601892,18.957000638395606,estimable,3.0,1.0
cluster_bootstrap,participant_cluster,confidence_interval,pose.persistence.native.position_rmse_cm,10000,,,,,,,,,,,,,,,20.629857587947868,15.547223584591876,24.964843707206217,estimable,3.0,1.0
cluster_bootstrap,participant_cluster,confidence_interval,pose.persistence.native.orientation_mean_deg,10000,,,,,,,,,,,,,,,41.2396346379327,25.650177937880652,66.8333608602656,estimable,3.0,1.0
cluster_bootstrap,participant_cluster,confidence_interval,pose.persistence.native.orientation_median_deg,10000,,,,,,,,,,,,,,,28.652957159560675,10.931165198968818,62.3992207457811,estimable,3.0,1.0
cluster_bootstrap,participant_cluster,confidence_interval,pose.persistence.native.coverage,10000,,,,,,,,,,,,,,,0.9852607709750568,0.95578231292517,1.0,estimable,3.0,1.0
cluster_bootstrap,participant_cluster,confidence_interval,pose.constant_velocity.native.position_mean_cm,10000,,,,,,,,,,,,,,,34.26021270504672,23.709157785594318,39.59595508999333,estimable,3.0,1.0
cluster_bootstrap,participant_cluster,confidence_interval,pose.constant_velocity.native.position_median_cm,10000,,,,,,,,,,,,,,,27.366241311002018,15.020617677881058,37.02739625409101,estimable,3.0,1.0
cluster_bootstrap,participant_cluster,confidence_interval,pose.constant_velocity.native.position_rmse_cm,10000,,,,,,,,,,,,,,,45.152855877774165,33.776523167504415,55.79961604994903,estimable,3.0,1.0
cluster_bootstrap,participant_cluster,confidence_interval,pose.constant_velocity.native.orientation_mean_deg,10000,,,,,,,,,,,,,,,40.700668804369606,25.650177937880652,66.8333608602656,estimable,3.0,1.0
cluster_bootstrap,participant_cluster,confidence_interval,pose.constant_velocity.native.orientation_median_deg,10000,,,,,,,,,,,,,,,28.607894202606715,10.795976328106933,62.3992207457811,estimable,3.0,1.0
cluster_bootstrap,participant_cluster,confidence_interval,pose.constant_velocity.native.coverage,10000,,,,,,,,,,,,,,,0.9804988662131519,0.9414965986394558,1.0,estimable,3.0,1.0
cluster_bootstrap,participant_cluster,confidence_interval,pose.learned_oracle_hand.fair_common.position_mean_cm,10000,,,,,,,,,,,,,,,14.809258849270362,10.682493742844896,17.270629301156166,estimable,3.0,1.0
cluster_bootstrap,participant_cluster,confidence_interval,pose.learned_oracle_hand.fair_common.position_median_cm,10000,,,,,,,,,,,,,,,11.899947092594564,7.0486698036491475,15.870528254005642,estimable,3.0,1.0
cluster_bootstrap,participant_cluster,confidence_interval,pose.learned_oracle_hand.fair_common.position_rmse_cm,10000,,,,,,,,,,,,,,,17.94871532284202,14.108271339757081,20.226432038997324,estimable,3.0,1.0
cluster_bootstrap,participant_cluster,confidence_interval,pose.learned_oracle_hand.fair_common.orientation_mean_deg,10000,,,,,,,,,,,,,,,35.331081773986476,26.80396602882063,48.46076859584398,estimable,3.0,1.0
cluster_bootstrap,participant_cluster,confidence_interval,pose.learned_oracle_hand.fair_common.orientation_median_deg,10000,,,,,,,,,,,,,,,23.363702519937316,16.02365378116816,35.19282858902825,estimable,3.0,1.0
cluster_bootstrap,participant_cluster,confidence_interval,pose.learned_oracle_hand.fair_common.coverage,10000,,,,,,,,,,,,,,,0.9804988662131519,0.9414965986394558,1.0,estimable,3.0,1.0
cluster_bootstrap,participant_cluster,confidence_interval,pose.persistence.fair_common.position_mean_cm,10000,,,,,,,,,,,,,,,14.618266046833028,9.833112064304515,20.450469258997277,estimable,3.0,1.0
cluster_bootstrap,participant_cluster,confidence_interval,pose.persistence.fair_common.position_median_cm,10000,,,,,,,,,,,,,,,9.923391173767483,4.34308805601892,18.957000638395606,estimable,3.0,1.0
cluster_bootstrap,participant_cluster,confidence_interval,pose.persistence.fair_common.position_rmse_cm,10000,,,,,,,,,,,,,,,20.28507550018979,15.547223584591876,24.964843707206217,estimable,3.0,1.0
cluster_bootstrap,participant_cluster,confidence_interval,pose.persistence.fair_common.orientation_mean_deg,10000,,,,,,,,,,,,,,,40.700668804369606,25.650177937880652,66.8333608602656,estimable,3.0,1.0
cluster_bootstrap,participant_cluster,confidence_interval,pose.persistence.fair_common.orientation_median_deg,10000,,,,,,,,,,,,,,,28.607894202606715,10.795976328106933,62.3992207457811,estimable,3.0,1.0
cluster_bootstrap,participant_cluster,confidence_interval,pose.persistence.fair_common.coverage,10000,,,,,,,,,,,,,,,0.9804988662131519,0.9414965986394558,1.0,estimable,3.0,1.0
cluster_bootstrap,participant_cluster,confidence_interval,pose.constant_velocity.fair_common.position_mean_cm,10000,,,,,,,,,,,,,,,34.26021270504672,23.709157785594318,39.59595508999333,estimable,3.0,1.0
cluster_bootstrap,participant_cluster,confidence_interval,pose.constant_velocity.fair_common.position_median_cm,10000,,,,,,,,,,,,,,,27.366241311002018,15.020617677881058,37.02739625409101,estimable,3.0,1.0
cluster_bootstrap,participant_cluster,confidence_interval,pose.constant_velocity.fair_common.position_rmse_cm,10000,,,,,,,,,,,,,,,45.152855877774165,33.776523167504415,55.79961604994903,estimable,3.0,1.0
cluster_bootstrap,participant_cluster,confidence_interval,pose.constant_velocity.fair_common.orientation_mean_deg,10000,,,,,,,,,,,,,,,40.700668804369606,25.650177937880652,66.8333608602656,estimable,3.0,1.0
cluster_bootstrap,participant_cluster,confidence_interval,pose.constant_velocity.fair_common.orientation_median_deg,10000,,,,,,,,,,,,,,,28.607894202606715,10.795976328106933,62.3992207457811,estimable,3.0,1.0
cluster_bootstrap,participant_cluster,confidence_interval,pose.constant_velocity.fair_common.coverage,10000,,,,,,,,,,,,,,,0.9804988662131519,0.9414965986394558,1.0,estimable,3.0,1.0
cluster_bootstrap,participant_cluster,confidence_interval,paired_pose.learned_end_to_end_minus_constant_velocity.position_mean_difference_cm,10000,,,,,,,,,,,,,,,-19.55467010975998,-23.432450348134164,-13.026664042749417,estimable,3.0,1.0
cluster_bootstrap,participant_cluster,confidence_interval,paired_pose.learned_end_to_end_minus_constant_velocity.position_median_difference_cm,10000,,,,,,,,,,,,,,,-12.099209552780357,-15.825695112178835,-5.076534655633345,estimable,3.0,1.0
cluster_bootstrap,participant_cluster,confidence_interval,paired_pose.learned_end_to_end_minus_constant_velocity.orientation_mean_difference_deg,10000,,,,,,,,,,,,,,,-2.3898191971238174,-18.372592264421627,10.049346582110195,estimable,3.0,1.0
cluster_bootstrap,participant_cluster,confidence_interval,paired_pose.learned_end_to_end_minus_constant_velocity.orientation_median_difference_deg,10000,,,,,,,,,,,,,,,0.11896172252267452,-11.80066475076877,8.73122287601309,estimable,3.0,1.0
cluster_bootstrap,participant_cluster,confidence_interval,paired_pose.learned_end_to_end_minus_constant_velocity.learned_win_fraction,10000,,,,,,,,,,,,,,,0.6482438114134542,0.46598639455782315,0.8585069444444443,estimable,3.0,1.0
cluster_bootstrap,participant_cluster,confidence_interval,paired_pose.learned_end_to_end_minus_constant_velocity.coverage,10000,,,,,,,,,,,,,,,0.9752078609221466,0.92562358276644,1.0,estimable,3.0,1.0
cluster_bootstrap,participant_cluster,confidence_interval,paired_pose.learned_end_to_end_minus_persistence.position_mean_difference_cm,10000,,,,,,,,,,,,,,,-0.3643720095867422,-3.1798399578411125,1.2373422505405054,estimable,3.0,1.0
cluster_bootstrap,participant_cluster,confidence_interval,paired_pose.learned_end_to_end_minus_persistence.position_median_difference_cm,10000,,,,,,,,,,,,,,,1.6224035270967836,-1.5709111619383673,4.994981589899871,estimable,3.0,1.0
cluster_bootstrap,participant_cluster,confidence_interval,paired_pose.learned_end_to_end_minus_persistence.orientation_mean_difference_deg,10000,,,,,,,,,,,,,,,-2.1979071348487818,-18.372592264421627,10.625082768935302,estimable,3.0,1.0
cluster_bootstrap,participant_cluster,confidence_interval,paired_pose.learned_end_to_end_minus_persistence.orientation_median_difference_deg,10000,,,,,,,,,,,,,,,0.1937688915602346,-11.80066475076877,8.95564438312577,estimable,3.0,1.0
cluster_bootstrap,participant_cluster,confidence_interval,paired_pose.learned_end_to_end_minus_persistence.learned_win_fraction,10000,,,,,,,,,,,,,,,0.42275211010330055,0.18083900226757368,0.6306712962962963,estimable,3.0,1.0
cluster_bootstrap,participant_cluster,confidence_interval,paired_pose.learned_end_to_end_minus_persistence.coverage,10000,,,,,,,,,,,,,,,0.9799697656840514,0.9399092970521542,1.0,estimable,3.0,1.0
cluster_bootstrap,participant_cluster,confidence_interval,paired_pose.learned_oracle_hand_minus_constant_velocity.position_mean_difference_cm,10000,,,,,,,,,,,,,,,-19.45095385577636,-23.121301586183307,-13.026664042749417,estimable,3.0,1.0
cluster_bootstrap,participant_cluster,confidence_interval,paired_pose.learned_oracle_hand_minus_constant_velocity.position_median_difference_cm,10000,,,,,,,,,,,,,,,-11.610301106401854,-15.395398890528888,-5.076534655633345,estimable,3.0,1.0
cluster_bootstrap,participant_cluster,confidence_interval,paired_pose.learned_oracle_hand_minus_constant_velocity.orientation_mean_difference_deg,10000,,,,,,,,,,,,,,,-5.369587030383127,-18.372592264421627,1.1537880909399785,estimable,3.0,1.0
cluster_bootstrap,participant_cluster,confidence_interval,paired_pose.learned_oracle_hand_minus_constant_velocity.orientation_median_difference_deg,10000,,,,,,,,,,,,,,,-1.069139128044173,-11.80066475076877,5.166920324312548,estimable,3.0,1.0
cluster_bootstrap,participant_cluster,confidence_interval,paired_pose.learned_oracle_hand_minus_constant_velocity.learned_win_fraction,10000,,,,,,,,,,,,,,,0.6502279383975812,0.4719387755102041,0.8585069444444443,estimable,3.0,1.0
cluster_bootstrap,participant_cluster,confidence_interval,paired_pose.learned_oracle_hand_minus_constant_velocity.coverage,10000,,,,,,,,,,,,,,,0.9804988662131519,0.9414965986394558,1.0,estimable,3.0,1.0
cluster_bootstrap,participant_cluster,confidence_interval,paired_pose.learned_oracle_hand_minus_persistence.position_mean_difference_cm,10000,,,,,,,,,,,,,,,0.06916515720015785,-3.1798399578411125,2.5379537509012056,estimable,3.0,1.0
cluster_bootstrap,participant_cluster,confidence_interval,paired_pose.learned_oracle_hand_minus_persistence.position_median_difference_cm,10000,,,,,,,,,,,,,,,1.61588986618226,-1.5709111619383673,4.975440607156301,estimable,3.0,1.0
cluster_bootstrap,participant_cluster,confidence_interval,paired_pose.learned_oracle_hand_minus_persistence.orientation_mean_difference_deg,10000,,,,,,,,,,,,,,,-5.5879143377664695,-18.372592264421627,1.1537880909399785,estimable,3.0,1.0
cluster_bootstrap,participant_cluster,confidence_interval,paired_pose.learned_oracle_hand_minus_persistence.orientation_median_difference_deg,10000,,,,,,,,,,,,,,,-1.1439462970817331,-11.80066475076877,4.942498817199867,estimable,3.0,1.0
cluster_bootstrap,participant_cluster,confidence_interval,paired_pose.learned_oracle_hand_minus_persistence.learned_win_fraction,10000,,,,,,,,,,,,,,,0.4187838561350466,0.1689342403628118,0.6306712962962963,estimable,3.0,1.0
cluster_bootstrap,participant_cluster,confidence_interval,paired_pose.learned_oracle_hand_minus_persistence.coverage,10000,,,,,,,,,,,,,,,0.9852607709750568,0.95578231292517,1.0,estimable,3.0,1.0
cluster_bootstrap,sequence_cluster,confidence_interval,classification.intention.accuracy,10000,,,,,,,,,,,,,,,0.8637761462512801,0.7828282159765816,0.9219262308044144,estimable,23.0,1.0
cluster_bootstrap,sequence_cluster,confidence_interval,classification.intention.macro_f1,10000,,,,,,,,,,,,,,,0.8241033658805074,0.7407827479494028,0.8907304699696224,estimable,23.0,1.0
cluster_bootstrap,sequence_cluster,confidence_interval,classification.intention.macro_f1_supported,10000,,,,,,,,,,,,,,,0.8241033658805074,0.7407827479494028,0.8907304699696224,estimable,23.0,1.0
cluster_bootstrap,sequence_cluster,confidence_interval,classification.intention.coverage,10000,,,,,,,,,,,,,,,1.0,1.0,1.0,estimable,23.0,1.0
cluster_bootstrap,sequence_cluster,confidence_interval,classification.assistance.accuracy,10000,,,,,,,,,,,,,,,0.8851511445462216,0.8229607225448335,0.9338507196375561,estimable,23.0,1.0
cluster_bootstrap,sequence_cluster,confidence_interval,classification.assistance.macro_f1,10000,,,,,,,,,,,,,,,0.864505116604749,0.7922662975146518,0.9202539929384013,estimable,23.0,1.0
cluster_bootstrap,sequence_cluster,confidence_interval,classification.assistance.macro_f1_supported,10000,,,,,,,,,,,,,,,0.864505116604749,0.7922662975146518,0.9202539929384013,estimable,23.0,1.0
cluster_bootstrap,sequence_cluster,confidence_interval,classification.assistance.coverage,10000,,,,,,,,,,,,,,,1.0,1.0,1.0,estimable,23.0,1.0
cluster_bootstrap,sequence_cluster,confidence_interval,classification.assistance_type_given_ground_truth_assistance.accuracy,10000,,,,,,,,,,,,,,,0.9345110500582764,0.8782913726148358,0.9754885409027089,estimable,23.0,1.0
cluster_bootstrap,sequence_cluster,confidence_interval,classification.assistance_type_given_ground_truth_assistance.macro_f1,10000,,,,,,,,,,,,,,,0.9322803570789503,0.8758328654137477,0.9741748768356825,estimable,23.0,1.0
cluster_bootstrap,sequence_cluster,confidence_interval,classification.assistance_type_given_ground_truth_assistance.macro_f1_supported,10000,,,,,,,,,,,,,,,0.9322803570789503,0.8758328654137477,0.9741748768356825,estimable,23.0,1.0
cluster_bootstrap,sequence_cluster,confidence_interval,classification.assistance_type_given_ground_truth_assistance.coverage,10000,,,,,,,,,,,,,,,1.0,1.0,1.0,estimable,23.0,1.0
cluster_bootstrap,sequence_cluster,confidence_interval,classification.receiving_hand_given_ground_truth_handover.accuracy,10000,,,,,,,,,,,,,,,0.9548190939495289,0.9117664943751901,0.9893584676193372,estimable,23.0,1.0
cluster_bootstrap,sequence_cluster,confidence_interval,classification.receiving_hand_given_ground_truth_handover.macro_f1,10000,,,,,,,,,,,,,,,0.4870712935457738,0.47421760134425545,0.4971532091097309,estimable,23.0,1.0
cluster_bootstrap,sequence_cluster,confidence_interval,classification.receiving_hand_given_ground_truth_handover.macro_f1_supported,10000,,,,,,,,,,,,,,,0.9741425870915476,0.9484352026885109,0.9943064182194618,estimable,23.0,1.0
cluster_bootstrap,sequence_cluster,confidence_interval,classification.receiving_hand_given_ground_truth_handover.coverage,10000,,,,,,,,,,,,,,,1.0,1.0,1.0,estimable,23.0,1.0
cluster_bootstrap,sequence_cluster,confidence_interval,pose.learned_end_to_end.native.position_mean_cm,10000,,,,,,,,,,,,,,,14.719864772101499,12.498539159869836,16.997568412319914,estimable,22.0,1.0
cluster_bootstrap,sequence_cluster,confidence_interval,pose.learned_end_to_end.native.position_median_cm,10000,,,,,,,,,,,,,,,12.26165046989474,9.638937753125996,15.124552368110262,estimable,22.0,1.0
cluster_bootstrap,sequence_cluster,confidence_interval,pose.learned_end_to_end.native.position_rmse_cm,10000,,,,,,,,,,,,,,,17.691515260877512,15.17681006521582,20.18969746034898,estimable,22.0,1.0
cluster_bootstrap,sequence_cluster,confidence_interval,pose.learned_end_to_end.native.orientation_mean_deg,10000,,,,,,,,,,,,,,,40.81759488957507,33.25672307921693,48.84335802302332,estimable,22.0,1.0
cluster_bootstrap,sequence_cluster,confidence_interval,pose.learned_end_to_end.native.orientation_median_deg,10000,,,,,,,,,,,,,,,24.54404684154666,19.55380192250108,30.204841906662335,estimable,22.0,1.0
cluster_bootstrap,sequence_cluster,confidence_interval,pose.learned_end_to_end.native.coverage,10000,,,,,,,,,,,,,,,0.9949494949494949,0.9841269841269842,1.0,estimable,22.0,1.0
cluster_bootstrap,sequence_cluster,confidence_interval,pose.learned_oracle_hand.native.position_mean_cm,10000,,,,,,,,,,,,,,,15.017338080951186,12.681219608183799,17.4055774916608,estimable,22.0,1.0
cluster_bootstrap,sequence_cluster,confidence_interval,pose.learned_oracle_hand.native.position_median_cm,10000,,,,,,,,,,,,,,,12.096041189833022,9.554855223735258,14.828987412359883,estimable,22.0,1.0
cluster_bootstrap,sequence_cluster,confidence_interval,pose.learned_oracle_hand.native.position_rmse_cm,10000,,,,,,,,,,,,,,,18.16525655333356,15.475419769894707,20.8325199012135,estimable,22.0,1.0
cluster_bootstrap,sequence_cluster,confidence_interval,pose.learned_oracle_hand.native.orientation_mean_deg,10000,,,,,,,,,,,,,,,36.23394976815159,30.128882587365545,42.5522933911086,estimable,22.0,1.0
cluster_bootstrap,sequence_cluster,confidence_interval,pose.learned_oracle_hand.native.orientation_median_deg,10000,,,,,,,,,,,,,,,23.903495288135503,19.203542736669615,29.37665545542396,estimable,22.0,1.0
cluster_bootstrap,sequence_cluster,confidence_interval,pose.learned_oracle_hand.native.coverage,10000,,,,,,,,,,,,,,,0.9859307359307359,0.9683229813664597,1.0,estimable,22.0,1.0
cluster_bootstrap,sequence_cluster,confidence_interval,pose.persistence.native.position_mean_cm,10000,,,,,,,,,,,,,,,15.095854974434722,11.748894029562699,18.444342111023825,estimable,22.0,1.0
cluster_bootstrap,sequence_cluster,confidence_interval,pose.persistence.native.position_median_cm,10000,,,,,,,,,,,,,,,10.33596860975867,6.547956088976874,14.391219448549647,estimable,22.0,1.0
cluster_bootstrap,sequence_cluster,confidence_interval,pose.persistence.native.position_rmse_cm,10000,,,,,,,,,,,,,,,20.82690241155052,16.886638067055138,24.540370891525367,estimable,22.0,1.0
cluster_bootstrap,sequence_cluster,confidence_interval,pose.persistence.native.orientation_mean_deg,10000,,,,,,,,,,,,,,,42.40298582985693,32.07937203333018,53.355660128765656,estimable,22.0,1.0
cluster_bootstrap,sequence_cluster,confidence_interval,pose.persistence.native.orientation_median_deg,10000,,,,,,,,,,,,,,,30.186878231661595,17.953301743751425,43.908970448290944,estimable,22.0,1.0
cluster_bootstrap,sequence_cluster,confidence_interval,pose.persistence.native.coverage,10000,,,,,,,,,,,,,,,0.9859307359307359,0.9683229813664597,1.0,estimable,22.0,1.0
cluster_bootstrap,sequence_cluster,confidence_interval,pose.constant_velocity.native.position_mean_cm,10000,,,,,,,,,,,,,,,34.497272365706074,27.330365966161363,41.904191301539335,estimable,22.0,1.0
cluster_bootstrap,sequence_cluster,confidence_interval,pose.constant_velocity.native.position_median_cm,10000,,,,,,,,,,,,,,,27.80538471750606,18.964323663202673,36.91492124779919,estimable,22.0,1.0
cluster_bootstrap,sequence_cluster,confidence_interval,pose.constant_velocity.native.position_rmse_cm,10000,,,,,,,,,,,,,,,45.186018265869386,36.76024915045074,53.942124318529764,estimable,22.0,1.0
cluster_bootstrap,sequence_cluster,confidence_interval,pose.constant_velocity.native.orientation_mean_deg,10000,,,,,,,,,,,,,,,41.888518443273966,31.362541705054028,52.98423626561732,estimable,22.0,1.0
cluster_bootstrap,sequence_cluster,confidence_interval,pose.constant_velocity.native.orientation_median_deg,10000,,,,,,,,,,,,,,,30.143863590932813,17.8942568364142,43.88297713979171,estimable,22.0,1.0
cluster_bootstrap,sequence_cluster,confidence_interval,pose.constant_velocity.native.coverage,10000,,,,,,,,,,,,,,,0.9813852813852815,0.9569160997732427,1.0,estimable,22.0,1.0
cluster_bootstrap,sequence_cluster,confidence_interval,pose.learned_oracle_hand.fair_common.position_mean_cm,10000,,,,,,,,,,,,,,,14.92113932435608,12.61418563137011,17.27573195210684,estimable,22.0,1.0
cluster_bootstrap,sequence_cluster,confidence_interval,pose.learned_oracle_hand.fair_common.position_median_cm,10000,,,,,,,,,,,,,,,12.08042805447689,9.546820634921653,14.809888463673536,estimable,22.0,1.0
cluster_bootstrap,sequence_cluster,confidence_interval,pose.learned_oracle_hand.fair_common.position_rmse_cm,10000,,,,,,,,,,,,,,,18.05224790084908,15.378651337127726,20.713040592702868,estimable,22.0,1.0
cluster_bootstrap,sequence_cluster,confidence_interval,pose.learned_oracle_hand.fair_common.orientation_mean_deg,10000,,,,,,,,,,,,,,,35.927885720434546,29.763699970076924,42.332051793072566,estimable,22.0,1.0
cluster_bootstrap,sequence_cluster,confidence_interval,pose.learned_oracle_hand.fair_common.orientation_median_deg,10000,,,,,,,,,,,,,,,23.901390068532354,19.201579390561466,29.37665545542396,estimable,22.0,1.0
cluster_bootstrap,sequence_cluster,confidence_interval,pose.learned_oracle_hand.fair_common.coverage,10000,,,,,,,,,,,,,,,0.9813852813852815,0.9569160997732427,1.0,estimable,22.0,1.0
cluster_bootstrap,sequence_cluster,confidence_interval,pose.persistence.fair_common.position_mean_cm,10000,,,,,,,,,,,,,,,14.883366192840496,11.465947270075784,18.281497923393946,estimable,22.0,1.0
cluster_bootstrap,sequence_cluster,confidence_interval,pose.persistence.fair_common.position_median_cm,10000,,,,,,,,,,,,,,,10.334009785796033,6.547391830678169,14.388159210962337,estimable,22.0,1.0
cluster_bootstrap,sequence_cluster,confidence_interval,pose.persistence.fair_common.position_rmse_cm,10000,,,,,,,,,,,,,,,20.497792236872353,16.554086217919284,24.256730431180376,estimable,22.0,1.0
cluster_bootstrap,sequence_cluster,confidence_interval,pose.persistence.fair_common.orientation_mean_deg,10000,,,,,,,,,,,,,,,41.888518443273966,31.362541705054028,52.98423626561732,estimable,22.0,1.0
cluster_bootstrap,sequence_cluster,confidence_interval,pose.persistence.fair_common.orientation_median_deg,10000,,,,,,,,,,,,,,,30.143863590932813,17.8942568364142,43.88297713979171,estimable,22.0,1.0
cluster_bootstrap,sequence_cluster,confidence_interval,pose.persistence.fair_common.coverage,10000,,,,,,,,,,,,,,,0.9813852813852815,0.9569160997732427,1.0,estimable,22.0,1.0
cluster_bootstrap,sequence_cluster,confidence_interval,pose.constant_velocity.fair_common.position_mean_cm,10000,,,,,,,,,,,,,,,34.497272365706074,27.330365966161363,41.904191301539335,estimable,22.0,1.0
cluster_bootstrap,sequence_cluster,confidence_interval,pose.constant_velocity.fair_common.position_median_cm,10000,,,,,,,,,,,,,,,27.80538471750606,18.964323663202673,36.91492124779919,estimable,22.0,1.0
cluster_bootstrap,sequence_cluster,confidence_interval,pose.constant_velocity.fair_common.position_rmse_cm,10000,,,,,,,,,,,,,,,45.186018265869386,36.76024915045074,53.942124318529764,estimable,22.0,1.0
cluster_bootstrap,sequence_cluster,confidence_interval,pose.constant_velocity.fair_common.orientation_mean_deg,10000,,,,,,,,,,,,,,,41.888518443273966,31.362541705054028,52.98423626561732,estimable,22.0,1.0
cluster_bootstrap,sequence_cluster,confidence_interval,pose.constant_velocity.fair_common.orientation_median_deg,10000,,,,,,,,,,,,,,,30.143863590932813,17.8942568364142,43.88297713979171,estimable,22.0,1.0
cluster_bootstrap,sequence_cluster,confidence_interval,pose.constant_velocity.fair_common.coverage,10000,,,,,,,,,,,,,,,0.9813852813852815,0.9569160997732427,1.0,estimable,22.0,1.0
cluster_bootstrap,sequence_cluster,confidence_interval,paired_pose.learned_end_to_end_minus_constant_velocity.position_mean_difference_cm,10000,,,,,,,,,,,,,,,-19.675134920152537,-25.730123144758036,-14.203683651695217,estimable,22.0,1.0
cluster_bootstrap,sequence_cluster,confidence_interval,paired_pose.learned_end_to_end_minus_constant_velocity.position_median_difference_cm,10000,,,,,,,,,,,,,,,-12.249036340859833,-19.45895405871957,-5.835410249157058,estimable,22.0,1.0
cluster_bootstrap,sequence_cluster,confidence_interval,paired_pose.learned_end_to_end_minus_constant_velocity.orientation_mean_difference_deg,10000,,,,,,,,,,,,,,,-3.1163088820009905,-9.566986267011833,3.1267275307459252,estimable,22.0,1.0
cluster_bootstrap,sequence_cluster,confidence_interval,paired_pose.learned_end_to_end_minus_constant_velocity.orientation_median_difference_deg,10000,,,,,,,,,,,,,,,-0.4228394808087549,-5.180645550815945,4.083720919471057,estimable,22.0,1.0
cluster_bootstrap,sequence_cluster,confidence_interval,paired_pose.learned_end_to_end_minus_constant_velocity.learned_win_fraction,10000,,,,,,,,,,,,,,,0.6578012265512265,0.5419017117716651,0.7645710403726705,estimable,22.0,1.0
cluster_bootstrap,sequence_cluster,confidence_interval,paired_pose.learned_end_to_end_minus_constant_velocity.coverage,10000,,,,,,,,,,,,,,,0.9763347763347764,0.9504143475572047,0.9968253968253968,estimable,22.0,1.0
cluster_bootstrap,sequence_cluster,confidence_interval,paired_pose.learned_end_to_end_minus_persistence.position_mean_difference_cm,10000,,,,,,,,,,,,,,,-0.4923478254164861,-2.2484604880452257,1.3320766543806688,estimable,22.0,1.0
cluster_bootstrap,sequence_cluster,confidence_interval,paired_pose.learned_end_to_end_minus_persistence.position_median_difference_cm,10000,,,,,,,,,,,,,,,1.4772528594133676,-0.044396005483524174,3.066655363396144,estimable,22.0,1.0
cluster_bootstrap,sequence_cluster,confidence_interval,paired_pose.learned_end_to_end_minus_persistence.orientation_mean_difference_deg,10000,,,,,,,,,,,,,,,-2.933120095283911,-9.451748842034664,3.322473829682279,estimable,22.0,1.0
cluster_bootstrap,sequence_cluster,confidence_interval,paired_pose.learned_end_to_end_minus_persistence.orientation_median_difference_deg,10000,,,,,,,,,,,,,,,-0.3514326376365391,-5.11777873190356,4.187505577154612,estimable,22.0,1.0
cluster_bootstrap,sequence_cluster,confidence_interval,paired_pose.learned_end_to_end_minus_persistence.learned_win_fraction,10000,,,,,,,,,,,,,,,0.43220298220298226,0.3252228548424201,0.5357897688060732,estimable,22.0,1.0
cluster_bootstrap,sequence_cluster,confidence_interval,paired_pose.learned_end_to_end_minus_persistence.coverage,10000,,,,,,,,,,,,,,,0.9808802308802309,0.9610765223963982,0.9968253968253968,estimable,22.0,1.0
cluster_bootstrap,sequence_cluster,confidence_interval,paired_pose.learned_oracle_hand_minus_constant_velocity.position_mean_difference_cm,10000,,,,,,,,,,,,,,,-19.57613304134999,-25.174005781211925,-14.305889973169329,estimable,22.0,1.0
cluster_bootstrap,sequence_cluster,confidence_interval,paired_pose.learned_oracle_hand_minus_constant_velocity.position_median_difference_cm,10000,,,,,,,,,,,,,,,-11.782351005680352,-18.57652355541059,-5.642465183387202,estimable,22.0,1.0
cluster_bootstrap,sequence_cluster,confidence_interval,paired_pose.learned_oracle_hand_minus_constant_velocity.orientation_mean_difference_deg,10000,,,,,,,,,,,,,,,-5.960632722839422,-11.730234944015264,-0.35894202268937275,estimable,22.0,1.0
cluster_bootstrap,sequence_cluster,confidence_interval,paired_pose.learned_oracle_hand_minus_constant_velocity.orientation_median_difference_deg,10000,,,,,,,,,,,,,,,-1.5569357472589287,-6.153023849669082,2.832181388406067,estimable,22.0,1.0
cluster_bootstrap,sequence_cluster,confidence_interval,paired_pose.learned_oracle_hand_minus_constant_velocity.learned_win_fraction,10000,,,,,,,,,,,,,,,0.6596951659451659,0.5434294056637808,0.7669589174053459,estimable,22.0,1.0
cluster_bootstrap,sequence_cluster,confidence_interval,paired_pose.learned_oracle_hand_minus_constant_velocity.coverage,10000,,,,,,,,,,,,,,,0.9813852813852815,0.9569160997732427,1.0,estimable,22.0,1.0
cluster_bootstrap,sequence_cluster,confidence_interval,paired_pose.learned_oracle_hand_minus_persistence.position_mean_difference_cm,10000,,,,,,,,,,,,,,,-0.07851689348353613,-1.7901049859396752,1.6603684067739901,estimable,22.0,1.0
cluster_bootstrap,sequence_cluster,confidence_interval,paired_pose.learned_oracle_hand_minus_persistence.position_median_difference_cm,10000,,,,,,,,,,,,,,,1.471035273994959,-0.048627390782690724,3.05364797526169,estimable,22.0,1.0
cluster_bootstrap,sequence_cluster,confidence_interval,paired_pose.learned_oracle_hand_minus_persistence.orientation_mean_difference_deg,10000,,,,,,,,,,,,,,,-6.169036061705339,-11.88440396405437,-0.6698995361004958,estimable,22.0,1.0
cluster_bootstrap,sequence_cluster,confidence_interval,paired_pose.learned_oracle_hand_minus_persistence.orientation_median_difference_deg,10000,,,,,,,,,,,,,,,-1.628342590431145,-6.195652208159594,2.7278583281764326,estimable,22.0,1.0
cluster_bootstrap,sequence_cluster,confidence_interval,paired_pose.learned_oracle_hand_minus_persistence.learned_win_fraction,10000,,,,,,,,,,,,,,,0.4284151034151034,0.320582729468599,0.5338243851559069,estimable,22.0,1.0
cluster_bootstrap,sequence_cluster,confidence_interval,paired_pose.learned_oracle_hand_minus_persistence.coverage,10000,,,,,,,,,,,,,,,0.9859307359307359,0.9683229813664597,1.0,estimable,22.0,1.0
